#VRML V2.0 utf8
# 3D model generated by easyeda2kicad.py (https://github.com/uPesy/easyeda2kicad.py)

Shape{
    appearance Appearance {
        material  Material 	{
            diffuseColor 0.8509803921568627 0.8509803921568627 0.8509803921568627
            specularColor 0.4235294117647059 0.4235294117647059 0.4235294117647059
            ambientIntensity 0.851
            transparency 0.0
            shininess 0.5
        }
    }
    geometry IndexedFaceSet {
        ccw TRUE
        solid FALSE
        coord DEF co Coordinate {
            point [
                -0.0055 1.1752 0.5279, -0.0061 1.1752 0.6079, 0.027 1.1752 0.6303, -0.2779 1.1752 0.5123, -0.353 1.1752 0.5123, -0.353 1.1752 0.5256, -0.2537 1.1752 0.315, -0.2779 1.1752 0.315, -0.1756 1.1752 0.5107, -0.1771 1.1752 0.5123, -0.1656 1.1752 0.5089, -0.0569 1.1752 0.6717, -0.0552 1.1752 0.676, -0.0552 1.1752 0.6532, -0.0819 1.1752 0.7344, -0.0832 1.1752 0.7345, -0.0552 1.1752 0.7345, -0.0173 1.1752 0.7349, -0.0173 1.1752 0.7345, -0.0504 1.1752 0.7345, -0.1422 1.1752 0.5266, -0.1335 1.1752 0.5256, -0.1592 1.1752 0.5256, 0.0754 1.1752 0.6532, 0.027 1.1752 0.6532, 0.0803 1.1752 0.6601, 0.027 1.1752 0.7345, 0.0956 1.1752 0.6732, 0.1682 1.1752 0.7437, 0.1552 1.1752 0.7345, 0.1457 1.1752 0.7279, 0.1264 1.1752 0.705, 0.1153 1.1752 0.6827, 0.1125 1.1752 0.6818, 0.9725 1.1752 0.9429, 0.9819 1.1752 0.9307, 0.027 1.1752 1.0039, 1.0807 1.1752 0.9572, 1.0827 1.1752 0.9724, 1.2968 1.1752 0.7622, 0.2491 1.1752 0.7553, 0.223 1.1752 0.7581, 0.1964 1.1752 0.7547, 0.2755 1.1752 0.7459, 1.2815 1.1752 0.7358, 0.2914 1.1752 0.7363, 0.9646 1.1752 1.0039, 0.9646 1.1752 0.9724, 0.9666 1.1752 0.9572, 0.9941 1.1752 0.9213, 1.0083 1.1752 0.9154, 1.0236 1.1752 0.9134, 1.0389 1.1752 0.9154, 1.0531 1.1752 0.9213, 1.0654 1.1752 0.9307, 1.2874 1.1752 0.75, 1.0827 1.1752 1.0335, 1.2894 1.1752 1.0335, 1.2894 1.1752 1.0138, 1.0748 1.1752 0.9429, 1.291 1.1752 1.001, 1.296 1.1752 0.9892, 1.3038 1.1752 0.979, 1.314 1.1752 0.9712, 1.3386 1.1752 0.9646, 1.3386 1.1752 0.7795, 1.3258 1.1752 0.9662, 1.3233 1.1752 0.7775, 1.3091 1.1752 0.7716, 1.2815 1.1752 0.7052, 1.2874 1.1752 0.6909, 0.4161 1.1752 0.6532, 1.2968 1.1752 0.6787, 1.3091 1.1752 0.6693, 1.3233 1.1752 0.6634, 1.3386 1.1752 0.6614, 1.4843 1.1752 0.6532, 1.4843 1.1752 0.6614, 0.2936 1.1752 0.7345, 1.2814 1.1752 0.7345, 0.3049 1.1752 0.725, 1.2795 1.1752 0.7205, 0.3522 1.1752 0.7101, 0.3297 1.1752 0.7127, 0.3232 1.1752 0.7123, 0.3166 1.1752 0.7115, 0.4092 1.1752 0.6684, 0.3954 1.1752 0.6858, 0.3915 1.1752 0.6895, 0.3733 1.1752 0.7021, 0.3815 1.1752 0.5436, 0.3991 1.1752 0.5589, 1.4843 1.1752 0.5256, 0.361 1.1752 0.5335, 0.412 1.1752 0.5776, 0.42 1.1752 0.5988, 1.4843 1.1752 0.6303, 0.4226 1.1752 0.6211, 0.4224 1.1752 0.6266, 0.4217 1.1752 0.6303, 0.4184 1.1752 0.648, 0.3538 1.1752 0.5313, 0.3512 1.1752 0.5256, 0.3482 1.1752 0.519, 1.4843 1.1752 0.5123, 0.3428 1.1752 0.5123, 1.1909 1.1752 0.315, 0.3398 1.1752 0.5085, 0.3287 1.1752 0.5, 0.2567 1.1752 0.5123, 0.2621 1.1752 0.5064, 0.027 1.1752 0.315, 0.2735 1.1752 0.4986, 0.2862 1.1752 0.4938, 0.3 1.1752 0.4922, 0.3022 1.1752 0.4922, 0.3156 1.1752 0.4944, 0.2481 1.1752 0.5256, 0.2533 1.1752 0.5161, 0.027 1.1752 0.5123, 0.0688 1.1752 0.6438, 0.0635 1.1752 0.6303, 0.062 1.1752 0.6263, 0.1735 1.1752 0.562, 0.1695 1.1752 0.5636, 0.1626 1.1752 0.5959, 0.2566 1.1752 0.5869, 0.1801 1.1752 0.6262, 0.2665 1.1752 0.5961, 0.2785 1.1752 0.6026, 0.177 1.1752 0.5596, 0.0595 1.1752 0.6077, 0.0622 1.1752 0.5874, 0.027 1.1752 0.5256, 0.095 1.1752 0.6124, 0.0976 1.1752 0.6234, 0.1013 1.1752 0.6303, 0.3857 1.1752 0.6303, 0.0965 1.1752 0.5408, 0.114 1.1752 0.5324, 0.1651 1.1752 0.5641, 0.1646 1.1752 0.564, 0.1629 1.1752 0.5637, 0.0695 1.1752 0.5695, 0.0809 1.1752 0.5538, 0.3821 1.1752 0.5993, 0.3754 1.1752 0.5877, 0.3466 1.1752 0.5816, 0.3653 1.1752 0.5771, 0.353 1.1752 0.5694, 0.3254 1.1752 0.6003, 0.3371 1.1752 0.5923, 0.3867 1.1752 0.622, 0.3861 1.1752 0.6132, 0.3128 1.1752 0.605, 0.2992 1.1752 0.6066, 0.2923 1.1752 0.6061, 0.1066 1.1752 0.5774, 0.1002 1.1752 0.5862, 0.0962 1.1752 0.5963, 0.0948 1.1752 0.6074, 0.1829 1.1752 0.5466, 0.1827 1.1752 0.5488, 0.2426 1.1752 0.5544, 0.1816 1.1752 0.5531, 0.1793 1.1752 0.557, 0.1735 1.1752 0.5308, 0.1771 1.1752 0.5335, 0.2464 1.1752 0.5287, 0.1785 1.1752 0.5349, 0.1809 1.1752 0.5384, 0.1824 1.1752 0.5423, 0.243 1.1752 0.5428, 0.2427 1.1752 0.5487, 0.1617 1.1752 0.5635, 0.1361 1.1752 0.5633, 0.1259 1.1752 0.5652, 0.1329 1.1752 0.5286, 0.1665 1.1752 0.5288, 0.1697 1.1752 0.5293, 0.1158 1.1752 0.5698, 0.1073 1.1752 0.5766, 0.1434 1.1752 0.6522, 0.38 1.1752 0.6485, 0.3849 1.1752 0.6358, 0.1389 1.1752 0.6521, 0.1029 1.1752 0.6332, 0.1094 1.1752 0.6406, 0.1182 1.1752 0.6468, 0.1281 1.1752 0.6507, 0.1555 1.1752 0.6865, 0.1682 1.1752 0.7019, 0.2993 1.1752 0.6698, 0.1696 1.1752 0.7032, 0.1855 1.1752 0.7144, 0.2905 1.1752 0.6877, 0.3767 1.1752 0.6532, 0.3033 1.1752 0.672, 0.1436 1.1752 0.6532, 0.1468 1.1752 0.6681, 0.3161 1.1752 0.6768, 0.3294 1.1752 0.6785, 0.3353 1.1752 0.6783, 0.2776 1.1752 0.7029, 0.2033 1.1752 0.7214, 0.2622 1.1752 0.7139, 0.2226 1.1752 0.7239, 0.2436 1.1752 0.7213, 0.3494 1.1752 0.675, 0.3621 1.1752 0.6684, 0.372 1.1752 0.6597, -0.353 1.1752 0.6303, -0.3861 1.1752 0.6052, -0.3972 1.1752 0.6052, -0.3552 1.1752 0.5256, -0.3551 1.1752 0.5254, -0.3665 1.1752 0.5253, -0.4157 1.1752 0.5249, -0.4155 1.1752 0.5256, -0.3666 1.1752 0.5256, -0.4077 1.1752 0.5469, -0.3744 1.1752 0.5471, -0.2666 1.1752 0.5712, -0.2665 1.1752 0.5621, -0.2779 1.1752 0.5256, -0.2537 1.1752 0.6062, -0.2691 1.1752 0.6061, -0.2779 1.1752 0.6303, -0.269 1.1752 0.5968, -0.2537 1.1752 0.5622, -0.2379 1.1752 0.5623, -0.2537 1.1752 0.5352, -0.2377 1.1752 0.5353, -0.2537 1.1752 0.597, -0.2537 1.1752 0.5713, -0.2381 1.1752 0.5971, -0.2379 1.1752 0.5714, -0.2704 1.1752 0.5351, -0.2703 1.1752 0.526, -0.2537 1.1752 0.5256, -0.2537 1.1752 0.5261, -0.2273 1.1752 0.5263, -0.1878 1.1752 0.5408, -0.189 1.1752 0.5361, -0.1893 1.1752 0.5361, -0.2169 1.1752 0.5835, -0.1786 1.1752 0.6303, -0.2065 1.1752 0.5836, -0.1786 1.1752 0.5681, -0.1905 1.1752 0.5407, -0.1898 1.1752 0.538, -0.1181 1.1752 0.5688, -0.1185 1.1752 0.5724, -0.1084 1.1752 0.6303, -0.1196 1.1752 0.5618, -0.1185 1.1752 0.5649, -0.1178 1.1752 0.5394, -0.1217 1.1752 0.537, -0.1228 1.1752 0.5365, -0.1228 1.1752 0.5578, -0.1209 1.1752 0.5597, -0.1225 1.1752 0.558, -0.133 1.1752 0.5256, -0.1239 1.1752 0.5267, -0.1228 1.1752 0.5256, -0.1228 1.1752 0.5272, -0.1084 1.1752 0.5256, -0.1177 1.1752 0.5291, -0.1592 1.1752 0.5123, -0.1228 1.1752 0.5123, -0.1332 1.1752 0.5256, -0.154 1.1752 0.5828, -0.1539 1.1752 0.573, -0.1246 1.1752 0.581, -0.1278 1.1752 0.5828, -0.1228 1.1752 0.6303, -0.1197 1.1752 0.5756, -0.1216 1.1752 0.5783, -0.1228 1.1752 0.5794, -0.1559 1.1752 0.5383, -0.1547 1.1752 0.5351, -0.1528 1.1752 0.5325, -0.1334 1.1752 0.5847, -0.1405 1.1752 0.5854, -0.1592 1.1752 0.6303, -0.1474 1.1752 0.5847, -0.1532 1.1752 0.5518, -0.155 1.1752 0.549, -0.1561 1.1752 0.5461, -0.1565 1.1752 0.5423, -0.1499 1.1752 0.53, -0.1475 1.1752 0.5286, -0.1394 1.1752 0.5773, -0.1365 1.1752 0.5771, -0.1284 1.1752 0.5696, -0.1338 1.1752 0.5764, -0.1315 1.1752 0.5752, -0.1285 1.1752 0.5683, -0.1289 1.1752 0.5667, -0.1296 1.1752 0.5654, -0.1306 1.1752 0.5643, -0.1341 1.1752 0.5621, -0.1459 1.1752 0.5765, -0.1403 1.1752 0.5593, -0.1516 1.1752 0.5744, -0.1442 1.1752 0.5577, -0.1508 1.1752 0.554, -0.13 1.1752 0.5739, -0.1291 1.1752 0.5726, -0.1286 1.1752 0.5712, -0.128 1.1752 0.5346, -0.1331 1.1752 0.5521, -0.1272 1.1752 0.5549, -0.1343 1.1752 0.5338, -0.1347 1.1752 0.5338, -0.1397 1.1752 0.5493, -0.1399 1.1752 0.5343, -0.1462 1.1752 0.5414, -0.1461 1.1752 0.5427, -0.1424 1.1752 0.5352, -0.1434 1.1752 0.5358, -0.1445 1.1752 0.5368, -0.1454 1.1752 0.5381, -0.1459 1.1752 0.5395, -0.1456 1.1752 0.5443, -0.1449 1.1752 0.5456, -0.1436 1.1752 0.5469, -0.2779 1.1752 0.7345, -0.2868 1.1752 0.733, -0.2978 1.1752 0.7329, -0.2557 1.1752 0.6531, -0.2557 1.1752 0.6532, -0.2537 1.1752 0.6532, -0.2779 1.1752 0.7102, -0.2672 1.1752 0.6532, -0.2671 1.1752 0.653, -0.2537 1.1752 0.6303, -0.2278 1.1752 0.6064, -0.2779 1.1752 0.6532, -0.2779 1.1752 0.6749, -0.275 1.1752 0.6749, -0.1671 1.1752 0.6898, -0.1786 1.1752 0.6532, -0.1672 1.1752 0.699, -0.1786 1.1752 0.7345, -0.1592 1.1752 0.699, -0.1696 1.1752 0.7246, -0.1697 1.1752 0.7338, -0.1592 1.1752 0.7345, -0.1592 1.1752 0.7339, -0.1592 1.1752 0.6899, -0.1385 1.1752 0.69, -0.1592 1.1752 0.6629, -0.1383 1.1752 0.6631, -0.1592 1.1752 0.7247, -0.1387 1.1752 0.7248, -0.1385 1.1752 0.6992, -0.1279 1.1752 0.654, -0.1228 1.1752 0.6532, -0.1592 1.1752 0.6532, -0.171 1.1752 0.6628, -0.171 1.1752 0.6537, -0.1592 1.1752 0.6538, -0.1285 1.1752 0.7341, -0.1228 1.1752 0.7345, -0.0064 1.1752 0.6549, -0.0504 1.1752 0.6532, -0.0168 1.1752 0.6639, -0.0487 1.1752 0.6637, -0.0486 1.1752 0.6546, -0.007 1.1752 0.7345, -0.007 1.1752 0.7349, -0.0504 1.1752 1.0039, -0.0552 1.1752 1.0039, -0.1084 1.1752 1.0039, -0.1084 1.1752 0.7345, -0.1228 1.1752 1.0039, -0.1592 1.1752 1.0039, -0.1786 1.1752 1.0039, -0.2537 1.1752 1.0039, -0.2779 1.1752 1.0039, -0.2537 1.1752 0.7345, -0.3083 1.1752 0.6746, -0.3162 1.1752 0.6532, -0.3163 1.1752 0.6527, -0.3278 1.1752 0.6526, -0.3275 1.1752 0.6532, -0.353 1.1752 0.6532, -0.353 1.1752 0.7345, -0.353 1.1752 1.0039, -1.2874 1.1752 0.75, -1.2968 1.1752 0.7622, -1.3386 1.1752 0.9646, -1.3091 1.1752 0.7716, -1.3233 1.1752 0.7775, -1.3386 1.1752 0.7795, -1.291 1.1752 1.001, -1.0748 1.1752 0.9429, -1.296 1.1752 0.9892, -1.0654 1.1752 0.9307, -1.3038 1.1752 0.979, -1.0083 1.1752 0.9154, -0.9941 1.1752 0.9213, -0.9557 1.1752 0.7345, -0.9819 1.1752 0.9307, -0.9725 1.1752 0.9429, -0.9666 1.1752 0.9572, -0.9646 1.1752 0.9724, -0.9557 1.1752 1.0039, -0.9646 1.1752 1.0039, -1.2815 1.1752 0.7358, -1.3258 1.1752 0.9662, -1.314 1.1752 0.9712, -1.2814 1.1752 0.7345, -1.0389 1.1752 0.9154, -1.0236 1.1752 0.9134, -1.0531 1.1752 0.9213, -1.2894 1.1752 1.0335, -1.0827 1.1752 1.0335, -1.2894 1.1752 1.0138, -1.0827 1.1752 0.9724, -1.0807 1.1752 0.9572, -1.2968 1.1752 0.6787, -0.9557 1.1752 0.6532, -1.3091 1.1752 0.6693, -1.3233 1.1752 0.6634, -1.4843 1.1752 0.6532, -1.4843 1.1752 0.6614, -1.3386 1.1752 0.6614, -1.2874 1.1752 0.6909, -1.2815 1.1752 0.7052, -1.2795 1.1752 0.7205, 1.4843 1.1752 0.315, 1.4843 1.1752 0.1378, 1.2697 1.1752 0.1378, 1.2697 1.1752 0.2362, -0.0935 1.1752 0.7357, -0.104 1.1752 0.7348, -0.1049 1.1752 0.7345, -0.1084 1.1752 0.7335, -0.1124 1.1752 0.7323, -0.1123 1.1752 0.7215, -0.0935 1.1752 0.7263, -0.0898 1.1752 0.7262, -0.1084 1.1752 0.6658, -0.1034 1.1752 0.7251, -0.112 1.1752 0.6674, -0.1115 1.1752 0.722, -0.1084 1.1752 0.7231, -0.0829 1.1752 0.7248, -0.0767 1.1752 0.7218, -0.0716 1.1752 0.7176, -0.0711 1.1752 0.717, -0.0672 1.1752 0.7115, -0.0644 1.1752 0.7046, -0.063 1.1752 0.6936, -0.0631 1.1752 0.6901, -0.104 1.1752 0.6639, -0.095 1.1752 0.6622, -0.0913 1.1752 0.6621, -0.0645 1.1752 0.6822, -0.0671 1.1752 0.6758, -0.0707 1.1752 0.6707, -0.0729 1.1752 0.6686, -0.0842 1.1752 0.6629, -0.0783 1.1752 0.665, -0.0543 1.1752 0.7077, -0.0552 1.1752 0.7099, -0.0581 1.1752 0.7166, -0.064 1.1752 0.7241, -0.066 1.1752 0.726, -0.0735 1.1752 0.7312, -0.0537 1.1752 0.6801, -0.0522 1.1752 0.6931, -0.0524 1.1752 0.6973, -0.0865 1.1752 0.6532, -0.0834 1.1752 0.6534, -0.075 1.1752 0.6555, -0.0676 1.1752 0.6594, -0.0623 1.1752 0.6641, -0.0616 1.1752 0.6648, -0.1119 1.1752 0.6574, -0.1105 1.1752 0.6568, -0.1084 1.1752 0.6532, -0.1084 1.1752 0.6561, -0.1019 1.1752 0.654, -0.1786 1.1752 0.5256, -0.1786 1.1752 0.5409, -0.162 1.1752 0.5839, -0.1732 1.1752 0.5839, -0.184 1.1752 0.5267, -0.1835 1.1752 0.5256, -0.1795 1.1752 0.5163, -0.1635 1.1752 0.5095, -0.1634 1.1752 0.5006, -0.1775 1.1752 0.5127, -0.1786 1.1752 0.5146, -0.1786 1.1752 0.315, -0.1786 1.1752 0.5021, -0.1779 1.1752 0.5017, -0.1739 1.1752 0.5095, -0.1692 1.1752 0.5084, -0.1717 1.1752 0.5086, -0.174 1.1752 0.5002, -0.1699 1.1752 0.4998, -0.1592 1.1752 0.315, -0.1677 1.1752 0.4999, -0.1821 1.1752 0.5047, -0.1814 1.1752 0.5041, -0.1935 1.1752 0.5256, -0.1904 1.1752 0.5179, -0.2537 1.1752 0.5123, -0.1875 1.1752 0.5123, -0.1858 1.1752 0.5091, -0.0504 1.1752 0.315, -0.0504 1.1752 0.5123, -0.1228 1.1752 0.315, -0.1084 1.1752 0.315, -0.1084 1.1752 0.5123, -0.0552 1.1752 0.315, -0.0552 1.1752 0.5123, -0.353 1.1752 0.315, -0.9557 1.1752 0.5123, -0.9557 1.1752 0.315, -1.1909 1.1752 0.315, -0.0504 1.1752 0.5256, -0.0552 1.1752 0.5256, -0.0504 1.1752 0.6303, -0.0161 1.1752 0.5638, -0.0159 1.1752 0.5369, -0.0447 1.1752 0.5636, -0.0486 1.1752 0.5367, -0.0448 1.1752 0.5728, -0.0473 1.1752 0.5984, -0.0162 1.1752 0.573, -0.0164 1.1752 0.5986, -0.0473 1.1752 0.6076, -0.0486 1.1752 0.5276, -0.0552 1.1752 0.6303, -0.0625 1.1752 0.5548, -0.0641 1.1752 0.5709, -0.0605 1.1752 0.552, -0.059 1.1752 0.5485, -0.09 1.1752 0.5852, -0.0942 1.1752 0.5839, -0.0975 1.1752 0.5819, -0.1002 1.1752 0.5793, -0.0891 1.1752 0.5303, -0.0856 1.1752 0.528, -0.0941 1.1752 0.5272, -0.0815 1.1752 0.5265, -0.0763 1.1752 0.526, -0.0599 1.1752 0.5348, -0.0588 1.1752 0.5382, -0.0641 1.1752 0.5806, -0.0662 1.1752 0.5818, -0.0737 1.1752 0.5846, -0.0839 1.1752 0.5858, -0.0657 1.1752 0.5575, -0.0701 1.1752 0.5596, -0.0701 1.1752 0.5747, -0.0774 1.1752 0.5613, -0.0863 1.1752 0.5773, -0.0829 1.1752 0.5777, -0.0764 1.1752 0.577, -0.1022 1.1752 0.576, -0.1037 1.1752 0.5714, -0.1044 1.1752 0.564, -0.1041 1.1752 0.5272, -0.0665 1.1752 0.5282, -0.0631 1.1752 0.5306, -0.062 1.1752 0.5317, -0.0942 1.1752 0.5361, -0.0939 1.1752 0.5361, -0.0923 1.1752 0.5336, -0.0944 1.1752 0.5636, -0.094 1.1752 0.568, -0.093 1.1752 0.5716, -0.0919 1.1752 0.5737, -0.0703 1.1752 0.5267, -0.0583 1.1752 0.5428, -0.0583 1.1752 0.5442, -0.0904 1.1752 0.5753, -0.0886 1.1752 0.5765, -0.3075 1.1752 0.5257, -0.2854 1.1752 0.5259, -0.3486 1.1752 0.552, -0.3446 1.1752 0.5437, -0.3386 1.1752 0.5367, -0.3302 1.1752 0.5308, -0.321 1.1752 0.5273, -0.286 1.1752 0.6059, -0.3089 1.1752 0.6058, -0.3211 1.1752 0.6043, -0.3307 1.1752 0.6007, -0.3391 1.1752 0.595, -0.3419 1.1752 0.5922, -0.3468 1.1752 0.5851, -0.3497 1.1752 0.5775, -0.3509 1.1752 0.5665, -0.3507 1.1752 0.5614, -0.0922 1.1752 0.6532, -0.0897 1.1752 0.6529, -1.2697 1.1752 0.1378, -1.4843 1.1752 0.1378, -1.2697 1.1752 0.2362, -1.4843 1.1752 0.315, -1.4843 1.1752 0.5123, -1.4843 1.1752 0.5256, -0.9557 1.1752 0.5256, -1.4843 1.1752 0.6303, -0.9557 1.1752 0.6303, -0.2217 1.1752 0.7321, -0.2313 1.1752 0.7285, -0.2513 1.1752 0.6891, -0.2493 1.1752 0.6797, -0.2474 1.1752 0.7129, -0.2503 1.1752 0.7052, -0.2516 1.1752 0.6942, -0.2453 1.1752 0.6715, -0.2393 1.1752 0.6644, -0.2308 1.1752 0.6585, -0.2095 1.1752 0.7335, -0.2217 1.1752 0.655, -0.2081 1.1752 0.6534, -0.1861 1.1752 0.6536, -0.1866 1.1752 0.7337, -0.2397 1.1752 0.7227, -0.2425 1.1752 0.7199, -0.4271 1.1752 0.5249, -0.4268 1.1752 0.5256
            ]
        }
        coordIndex [
            0,1,2,-1,3,4,5,-1,6,7,3,-1,8,9,10,-1,11,12,13,-1,14,15,16,-1,17,18,19,-1,20,21,22,-1,23,24,25,-1,25,24,26,-1,25,26,27,-1,28,29,26,-1,26,29,30,-1,26,30,31,-1,31,32,26,-1,26,32,33,-1,26,33,27,-1,34,35,36,-1,37,38,39,-1,40,41,36,-1,36,41,42,-1,36,42,28,-1,40,36,43,-1,43,36,44,-1,43,44,45,-1,46,47,36,-1,36,47,48,-1,36,48,34,-1,35,49,36,-1,36,49,50,-1,36,50,44,-1,44,50,51,-1,44,51,52,-1,52,53,44,-1,44,53,54,-1,44,54,55,-1,56,57,38,-1,38,57,58,-1,55,54,39,-1,39,54,59,-1,39,59,37,-1,58,60,38,-1,38,60,61,-1,38,61,39,-1,39,61,62,-1,39,62,63,-1,64,65,66,-1,66,65,67,-1,66,67,63,-1,63,67,68,-1,63,68,39,-1,69,70,71,-1,71,70,72,-1,71,72,73,-1,73,74,71,-1,71,74,75,-1,71,75,76,-1,76,75,77,-1,45,44,78,-1,78,44,79,-1,78,79,80,-1,80,79,81,-1,80,81,82,-1,82,83,80,-1,80,83,84,-1,80,84,85,-1,69,71,81,-1,81,71,86,-1,81,86,87,-1,87,88,81,-1,81,88,89,-1,81,89,82,-1,90,91,92,-1,90,92,93,-1,91,94,92,-1,92,94,95,-1,92,95,96,-1,96,95,97,-1,97,98,96,-1,96,98,99,-1,96,99,76,-1,76,99,100,-1,76,100,71,-1,101,93,102,-1,102,93,92,-1,102,92,103,-1,103,92,104,-1,105,106,107,-1,107,106,108,-1,109,110,111,-1,111,110,112,-1,111,112,113,-1,113,114,111,-1,111,114,115,-1,111,115,106,-1,106,115,116,-1,106,116,108,-1,117,118,119,-1,120,121,2,-1,2,121,122,-1,123,124,125,-1,126,127,128,-1,128,127,129,-1,123,125,130,-1,131,132,133,-1,134,135,127,-1,127,135,136,-1,127,136,137,-1,133,138,139,-1,124,140,125,-1,125,140,141,-1,125,141,142,-1,132,143,133,-1,133,143,144,-1,133,144,138,-1,145,146,147,-1,147,146,148,-1,147,148,149,-1,150,137,151,-1,151,137,152,-1,151,152,147,-1,147,152,153,-1,147,153,145,-1,150,154,137,-1,137,154,155,-1,137,155,127,-1,127,155,156,-1,127,156,129,-1,157,158,125,-1,125,158,159,-1,125,159,127,-1,127,159,160,-1,127,160,134,-1,161,162,163,-1,163,162,164,-1,163,164,125,-1,125,164,165,-1,125,165,130,-1,166,167,168,-1,168,167,169,-1,169,170,168,-1,168,170,171,-1,168,171,172,-1,172,171,161,-1,172,161,173,-1,173,161,163,-1,142,174,125,-1,125,174,175,-1,125,175,176,-1,139,177,133,-1,133,177,178,-1,133,178,168,-1,168,178,179,-1,168,179,166,-1,176,180,125,-1,125,180,181,-1,125,181,157,-1,182,183,184,-1,184,137,182,-1,182,137,136,-1,182,136,185,-1,185,136,186,-1,186,187,185,-1,185,187,188,-1,185,188,189,-1,190,191,192,-1,191,193,192,-1,192,193,194,-1,192,194,195,-1,196,192,197,-1,183,182,196,-1,196,182,198,-1,196,198,192,-1,192,198,199,-1,192,199,190,-1,197,200,196,-1,196,200,201,-1,196,201,202,-1,195,194,203,-1,203,194,204,-1,203,204,205,-1,205,204,206,-1,205,206,207,-1,208,209,202,-1,202,209,210,-1,202,210,196,-1,211,212,213,-1,212,211,214,-1,214,211,5,-1,214,5,215,-1,215,5,4,-1,215,4,216,-1,217,218,219,-1,219,218,220,-1,219,220,221,-1,222,223,224,-1,225,226,227,-1,227,226,228,-1,229,230,231,-1,231,230,232,-1,228,233,234,-1,234,233,235,-1,234,235,236,-1,229,231,223,-1,223,231,237,-1,223,237,224,-1,224,237,238,-1,224,238,239,-1,239,238,240,-1,239,240,241,-1,242,243,244,-1,245,246,247,-1,247,246,248,-1,247,248,249,-1,249,248,242,-1,249,242,250,-1,250,242,244,-1,251,252,253,-1,254,255,256,-1,257,258,259,-1,254,256,260,-1,257,259,256,-1,256,259,261,-1,256,261,260,-1,262,263,264,-1,264,263,265,-1,264,265,266,-1,266,265,267,-1,266,267,256,-1,268,22,269,-1,269,22,21,-1,269,21,270,-1,271,272,22,-1,273,274,275,-1,252,276,253,-1,253,276,277,-1,253,277,275,-1,275,277,278,-1,275,278,273,-1,279,280,22,-1,22,280,281,-1,274,282,275,-1,275,282,283,-1,275,283,284,-1,284,283,285,-1,284,285,271,-1,286,287,272,-1,272,287,288,-1,272,288,22,-1,22,288,289,-1,22,289,279,-1,281,290,22,-1,22,290,291,-1,22,291,20,-1,292,293,294,-1,294,293,295,-1,294,295,296,-1,294,297,292,-1,292,297,298,-1,292,298,299,-1,299,300,292,-1,292,300,301,-1,292,301,302,-1,302,301,303,-1,302,303,304,-1,304,303,305,-1,304,305,272,-1,272,305,306,-1,272,306,286,-1,307,308,296,-1,296,308,309,-1,296,309,294,-1,310,311,258,-1,258,311,312,-1,258,312,259,-1,310,313,311,-1,311,313,314,-1,311,314,315,-1,315,314,316,-1,315,317,318,-1,316,319,315,-1,315,319,320,-1,315,320,321,-1,321,322,315,-1,315,322,323,-1,315,323,317,-1,318,324,315,-1,315,324,325,-1,315,325,326,-1,327,328,329,-1,330,331,332,-1,332,331,333,-1,334,335,227,-1,227,335,336,-1,227,336,225,-1,225,336,337,-1,227,338,334,-1,334,338,339,-1,334,339,340,-1,341,342,343,-1,343,342,344,-1,345,343,346,-1,346,343,344,-1,346,344,347,-1,347,344,348,-1,347,348,349,-1,350,351,352,-1,352,351,353,-1,346,354,345,-1,345,354,355,-1,345,355,356,-1,357,358,359,-1,350,352,341,-1,341,352,360,-1,341,360,342,-1,342,360,361,-1,342,361,359,-1,359,361,362,-1,359,362,357,-1,349,348,363,-1,363,348,364,-1,363,364,357,-1,365,24,366,-1,18,367,19,-1,19,367,368,-1,19,368,366,-1,366,368,369,-1,366,369,365,-1,24,365,26,-1,26,365,370,-1,26,370,371,-1,28,26,36,-1,36,26,371,-1,36,371,372,-1,371,17,372,-1,372,17,19,-1,372,19,373,-1,374,375,376,-1,376,375,364,-1,376,364,377,-1,377,364,348,-1,377,348,378,-1,378,348,344,-1,378,344,379,-1,327,380,381,-1,381,380,379,-1,382,339,383,-1,383,339,338,-1,383,338,384,-1,384,338,227,-1,384,227,385,-1,385,227,211,-1,385,211,386,-1,386,211,387,-1,386,387,329,-1,329,387,388,-1,329,388,327,-1,327,388,389,-1,327,389,380,-1,390,391,392,-1,391,393,392,-1,392,393,394,-1,392,394,395,-1,396,397,398,-1,398,397,399,-1,398,399,400,-1,401,402,403,-1,403,402,404,-1,403,404,405,-1,405,406,403,-1,403,406,407,-1,403,407,408,-1,408,407,409,-1,390,392,410,-1,410,392,411,-1,410,411,412,-1,413,414,403,-1,403,414,415,-1,403,415,401,-1,412,400,410,-1,410,400,399,-1,410,399,413,-1,413,399,416,-1,413,416,414,-1,417,418,419,-1,419,418,420,-1,419,420,396,-1,396,420,421,-1,396,421,397,-1,422,423,424,-1,424,423,425,-1,426,427,428,-1,422,429,423,-1,423,429,430,-1,423,430,403,-1,403,430,431,-1,403,431,413,-1,432,433,434,-1,434,435,432,-1,432,435,106,-1,432,106,104,-1,104,106,105,-1,104,105,103,-1,436,437,374,-1,374,437,438,-1,374,438,375,-1,375,438,439,-1,375,439,364,-1,364,439,440,-1,364,440,441,-1,442,443,444,-1,442,444,445,-1,357,364,358,-1,358,364,441,-1,358,441,446,-1,446,441,447,-1,446,447,444,-1,444,447,448,-1,444,448,445,-1,443,449,444,-1,444,449,450,-1,444,450,451,-1,451,452,444,-1,444,452,453,-1,444,453,454,-1,454,455,444,-1,444,455,456,-1,444,456,457,-1,457,456,458,-1,458,456,459,-1,459,456,460,-1,459,460,461,-1,461,462,459,-1,459,462,463,-1,459,463,464,-1,464,463,465,-1,466,467,16,-1,16,467,468,-1,16,468,469,-1,469,470,16,-1,16,470,471,-1,16,471,14,-1,13,12,366,-1,436,374,15,-1,15,374,373,-1,15,373,16,-1,16,373,19,-1,16,19,466,-1,12,472,366,-1,366,472,473,-1,366,473,19,-1,19,473,474,-1,19,474,466,-1,475,476,13,-1,13,476,477,-1,13,477,478,-1,478,479,13,-1,13,479,480,-1,13,480,11,-1,446,481,358,-1,358,481,482,-1,358,482,483,-1,483,482,484,-1,483,484,485,-1,486,487,22,-1,22,487,488,-1,271,22,284,-1,284,22,488,-1,284,488,246,-1,246,488,489,-1,246,489,248,-1,490,487,491,-1,491,487,486,-1,491,486,492,-1,10,9,493,-1,494,493,268,-1,268,493,9,-1,268,9,22,-1,22,9,495,-1,22,495,486,-1,486,495,496,-1,486,496,492,-1,497,498,499,-1,8,10,500,-1,500,10,501,-1,500,501,502,-1,499,503,497,-1,497,503,504,-1,497,504,505,-1,505,504,506,-1,6,507,497,-1,497,507,508,-1,497,508,498,-1,509,510,511,-1,511,510,512,-1,511,512,513,-1,514,515,111,-1,111,515,119,-1,111,119,109,-1,109,119,118,-1,506,494,505,-1,505,494,268,-1,505,268,516,-1,516,268,269,-1,516,269,517,-1,517,269,518,-1,517,518,519,-1,519,518,520,-1,519,520,514,-1,3,7,4,-1,4,7,521,-1,4,521,522,-1,522,521,523,-1,522,523,524,-1,515,525,119,-1,119,525,133,-1,119,133,117,-1,117,133,168,-1,270,262,269,-1,269,262,264,-1,269,264,518,-1,518,264,266,-1,518,266,520,-1,520,266,526,-1,336,246,337,-1,337,246,245,-1,337,245,241,-1,241,245,509,-1,241,509,239,-1,239,509,511,-1,239,511,224,-1,2,1,527,-1,528,529,530,-1,530,529,531,-1,530,531,532,-1,532,531,533,-1,532,533,534,-1,534,533,535,-1,1,536,527,-1,527,536,533,-1,527,533,525,-1,525,533,531,-1,531,537,525,-1,525,537,0,-1,525,0,133,-1,133,0,2,-1,133,2,131,-1,131,2,122,-1,514,520,515,-1,515,520,526,-1,515,526,525,-1,525,526,538,-1,525,538,527,-1,539,540,541,-1,541,540,542,-1,543,544,253,-1,253,544,545,-1,253,545,546,-1,547,548,549,-1,549,548,550,-1,549,550,551,-1,526,552,553,-1,554,555,538,-1,538,555,556,-1,538,556,253,-1,253,556,557,-1,253,557,543,-1,539,558,540,-1,540,558,559,-1,540,559,560,-1,560,559,561,-1,562,563,561,-1,561,563,564,-1,561,564,560,-1,546,565,253,-1,253,565,566,-1,253,566,567,-1,255,251,256,-1,256,251,253,-1,256,253,266,-1,266,253,567,-1,266,567,568,-1,569,570,526,-1,526,570,571,-1,526,571,552,-1,572,573,549,-1,549,573,574,-1,549,574,547,-1,575,576,561,-1,561,576,577,-1,561,577,578,-1,568,549,266,-1,266,549,551,-1,266,551,526,-1,526,551,579,-1,526,579,569,-1,553,580,526,-1,526,580,581,-1,526,581,538,-1,538,581,542,-1,538,542,554,-1,554,542,540,-1,578,582,561,-1,561,582,583,-1,561,583,562,-1,584,585,224,-1,586,587,5,-1,234,222,228,-1,228,222,224,-1,228,224,227,-1,227,224,585,-1,587,588,5,-1,5,588,589,-1,5,589,590,-1,590,584,5,-1,5,584,224,-1,5,224,3,-1,3,224,511,-1,3,511,6,-1,6,511,513,-1,6,513,507,-1,585,591,227,-1,227,591,592,-1,227,592,211,-1,211,592,593,-1,211,593,594,-1,594,595,211,-1,211,595,596,-1,211,596,597,-1,597,598,211,-1,211,598,599,-1,211,599,5,-1,5,599,600,-1,5,600,586,-1,601,602,253,-1,253,602,475,-1,253,475,538,-1,538,475,13,-1,538,13,527,-1,527,13,366,-1,527,366,2,-1,2,366,24,-1,2,24,120,-1,120,24,23,-1,335,330,336,-1,336,330,332,-1,336,332,246,-1,246,332,342,-1,246,342,284,-1,284,342,359,-1,284,359,275,-1,275,359,358,-1,275,358,253,-1,253,358,483,-1,253,483,601,-1,601,483,485,-1,603,604,605,-1,605,604,606,-1,605,606,524,-1,524,606,607,-1,524,607,522,-1,522,607,608,-1,522,608,609,-1,609,608,610,-1,609,610,611,-1,611,610,426,-1,611,426,423,-1,423,426,428,-1,423,428,425,-1,612,613,381,-1,614,615,332,-1,616,617,381,-1,381,617,618,-1,615,619,332,-1,332,619,620,-1,332,620,621,-1,379,344,381,-1,381,344,622,-1,381,622,612,-1,621,623,332,-1,332,623,624,-1,332,624,342,-1,342,624,625,-1,342,625,344,-1,344,625,626,-1,344,626,622,-1,613,627,381,-1,381,627,628,-1,381,628,616,-1,328,327,333,-1,333,327,381,-1,333,381,332,-1,332,381,618,-1,332,618,614,-1,219,216,217,-1,217,216,4,-1,217,4,629,-1,629,4,522,-1,629,522,630,-1,630,522,609,-1,630,609,213,-1,213,609,611,-1,213,611,211,-1,211,611,423,-1,211,423,387,-1,387,423,403,-1,387,403,388,-1,388,403,408,-1,388,408,389,-1,
        ]
    }
}
Shape{
    appearance Appearance {
        material  Material 	{
            diffuseColor 0.2235294117647059 0.2235294117647059 0.2235294117647059
            specularColor 0.11372549019607843 0.11372549019607843 0.11372549019607843
            ambientIntensity 0.2235
            transparency 0.0
            shininess 0.5
        }
    }
    geometry IndexedFaceSet {
        ccw TRUE
        solid FALSE
        coord DEF co Coordinate {
            point [
                1.2697 1.0965 0.2362, 1.2697 1.0965 0.1378, 1.1909 1.0965 0.315, 0.9843 1.0965 0.1378, 0.8858 1.0965 0.1378, -1.2697 1.0965 0.1378, -1.2697 1.0965 0.2362, -1.0827 1.0965 0.1378, -1.1909 1.0965 0.315, -0.9843 1.0965 0.1378, 0.7874 1.0965 0.1378, 0.689 1.0965 0.1378, 0.5906 1.0965 0.1378, 0.3937 1.0965 0.1378, 0.2953 1.0965 0.1378, 0.1969 1.0965 0.1378, 0.0984 1.0965 0.1378, 0.0 1.0965 0.1378, -0.1969 1.0965 0.1378, -0.2953 1.0965 0.1378, -0.3937 1.0965 0.1378, -0.4921 1.0965 0.1378, -0.5906 1.0965 0.1378, -0.7874 1.0965 0.1378, -0.8858 1.0965 0.1378, -1.1319 -0.1713 0.866, -1.1319 -0.6951 0.866, -1.1319 -0.1713 0.8661, -1.1319 -0.6949 0.8661, 1.1319 -0.6949 0.8661, 1.1319 -0.6951 0.866, 1.1319 -0.1713 0.8661, 1.1319 -0.1713 0.866, 0.315 -0.5059 0.8661, 0.6398 -0.6949 0.8661, 0.6398 -0.5453 0.8661, 0.6004 -0.5059 0.8661, -0.6398 -0.6949 0.8661, -0.6398 -0.5453 0.8661, -0.2756 -0.5453 0.8661, -0.2756 -0.6949 0.8661, 0.2756 -0.6949 0.8661, -0.6004 -0.5059 0.8661, -0.315 -0.5059 0.8661, 0.2756 -0.5453 0.8661, -0.6398 -0.6951 0.866, 0.2756 -0.6951 0.866, -0.2756 -0.6951 0.866, 0.6398 -0.6951 0.866, 0.6398 -0.5453 0.866, 0.6004 -0.5059 0.866, 0.315 -0.5059 0.866, 0.2756 -0.5453 0.866, -0.2756 -0.5453 0.866, -0.315 -0.5059 0.866, -0.6004 -0.5059 0.866, -0.6398 -0.5453 0.866
            ]
        }
        coordIndex [
            0,1,2,-1,2,1,3,-1,2,3,4,-1,5,6,7,-1,7,6,8,-1,7,8,9,-1,4,10,2,-1,2,10,11,-1,2,11,12,-1,12,13,2,-1,2,13,14,-1,2,14,15,-1,15,16,2,-1,2,16,17,-1,2,17,8,-1,8,17,18,-1,8,18,19,-1,19,20,8,-1,8,20,21,-1,8,21,22,-1,22,23,8,-1,8,23,24,-1,8,24,9,-1,25,26,27,-1,27,26,28,-1,29,30,31,-1,31,30,32,-1,31,27,33,-1,34,29,35,-1,35,29,31,-1,35,31,36,-1,36,31,33,-1,28,37,27,-1,27,37,38,-1,39,40,41,-1,38,42,27,-1,27,42,43,-1,27,43,33,-1,33,43,39,-1,33,39,44,-1,44,39,41,-1,45,37,26,-1,26,37,28,-1,46,41,47,-1,47,41,40,-1,30,29,48,-1,48,29,34,-1,35,36,49,-1,49,36,50,-1,36,33,50,-1,50,33,51,-1,33,44,51,-1,51,44,52,-1,44,41,52,-1,52,41,46,-1,34,35,48,-1,48,35,49,-1,40,39,47,-1,47,39,53,-1,39,43,53,-1,53,43,54,-1,43,42,54,-1,54,42,55,-1,42,38,55,-1,55,38,56,-1,38,37,56,-1,56,37,45,-1,
        ]
    }
}
Shape{
    appearance Appearance {
        material  Material 	{
            diffuseColor 0.9686274509803922 0.8784313725490196 0.6
            specularColor 0.6784313725490196 0.615686274509804 0.4196078431372549
            ambientIntensity 0.8737
            transparency 0.0
            shininess 0.5
        }
    }
    geometry IndexedFaceSet {
        ccw TRUE
        solid FALSE
        coord DEF co Coordinate {
            point [
                -0.3839 0.4272 0.0709, -0.3051 0.4272 0.0709, -0.3839 0.428 0.0648, -0.3051 0.428 0.0648, -0.3839 0.4303 0.0591, -0.3051 0.4303 0.0591, -0.3839 0.4341 0.0542, -0.3051 0.4341 0.0542, -0.3839 0.439 0.0504, -0.3051 0.439 0.0504, -0.3839 0.4447 0.048, -0.3051 0.4447 0.048, -0.3839 0.4508 0.0472, -0.3051 0.4508 0.0472, -0.3051 0.4272 0.1378, -0.3839 0.4272 0.1378, -0.3839 0.3799 0.0709, -0.3051 0.3799 0.0709, -0.3839 0.3799 0.1378, -0.3051 0.3799 0.1378, -0.3839 0.4508 0.0, -0.3051 0.4508 0.0, -0.3051 0.4324 0.0024, -0.3839 0.4324 0.0024, -0.3051 0.4154 0.0095, -0.3839 0.4154 0.0095, -0.3051 0.4007 0.0208, -0.3839 0.4007 0.0208, -0.3051 0.3894 0.0354, -0.3839 0.3894 0.0354, -0.3051 0.3823 0.0525, -0.3839 0.3823 0.0525, -0.3839 0.5768 0.0, -0.3051 0.5768 0.0, -0.3839 0.5768 0.0472, -0.3051 0.5768 0.0472, 0.6004 0.4272 0.0709, 0.6791 0.4272 0.0709, 0.6004 0.428 0.0648, 0.6791 0.428 0.0648, 0.6004 0.4303 0.0591, 0.6791 0.4303 0.0591, 0.6004 0.4341 0.0542, 0.6791 0.4341 0.0542, 0.6004 0.439 0.0504, 0.6791 0.439 0.0504, 0.6004 0.4447 0.048, 0.6791 0.4447 0.048, 0.6004 0.4508 0.0472, 0.6791 0.4508 0.0472, 0.6791 0.4272 0.1378, 0.6004 0.4272 0.1378, 0.6004 0.3799 0.0709, 0.6791 0.3799 0.0709, 0.6004 0.3799 0.1378, 0.6791 0.3799 0.1378, 0.6004 0.4508 0.0, 0.6791 0.4508 0.0, 0.6791 0.4324 0.0024, 0.6004 0.4324 0.0024, 0.6791 0.4154 0.0095, 0.6004 0.4154 0.0095, 0.6791 0.4007 0.0208, 0.6004 0.4007 0.0208, 0.6791 0.3894 0.0354, 0.6004 0.3894 0.0354, 0.6791 0.3823 0.0525, 0.6004 0.3823 0.0525, 0.6004 0.5768 0.0, 0.6791 0.5768 0.0, 0.6004 0.5768 0.0472, 0.6791 0.5768 0.0472, 0.9941 0.4272 0.0709, 1.0728 0.4272 0.0709, 0.9941 0.428 0.0648, 1.0728 0.428 0.0648, 0.9941 0.4303 0.0591, 1.0728 0.4303 0.0591, 0.9941 0.4341 0.0542, 1.0728 0.4341 0.0542, 0.9941 0.439 0.0504, 1.0728 0.439 0.0504, 0.9941 0.4447 0.048, 1.0728 0.4447 0.048, 0.9941 0.4508 0.0472, 1.0728 0.4508 0.0472, 1.0728 0.4272 0.1378, 0.9941 0.4272 0.1378, 0.9941 0.3799 0.0709, 1.0728 0.3799 0.0709, 0.9941 0.3799 0.1378, 1.0728 0.3799 0.1378, 0.9941 0.4508 0.0, 1.0728 0.4508 0.0, 1.0728 0.4324 0.0024, 0.9941 0.4324 0.0024, 1.0728 0.4154 0.0095, 0.9941 0.4154 0.0095, 1.0728 0.4007 0.0208, 0.9941 0.4007 0.0208, 1.0728 0.3894 0.0354, 0.9941 0.3894 0.0354, 1.0728 0.3823 0.0525, 0.9941 0.3823 0.0525, 0.9941 0.5768 0.0, 1.0728 0.5768 0.0, 0.9941 0.5768 0.0472, 1.0728 0.5768 0.0472, -0.187 0.4272 0.0709, -0.1083 0.4272 0.0709, -0.187 0.428 0.0648, -0.1083 0.428 0.0648, -0.187 0.4303 0.0591, -0.1083 0.4303 0.0591, -0.187 0.4341 0.0542, -0.1083 0.4341 0.0542, -0.187 0.439 0.0504, -0.1083 0.439 0.0504, -0.187 0.4447 0.048, -0.1083 0.4447 0.048, -0.187 0.4508 0.0472, -0.1083 0.4508 0.0472, -0.1083 0.4272 0.1378, -0.187 0.4272 0.1378, -0.187 0.3799 0.0709, -0.1083 0.3799 0.0709, -0.187 0.3799 0.1378, -0.1083 0.3799 0.1378, -0.187 0.4508 0.0, -0.1083 0.4508 0.0, -0.1083 0.4324 0.0024, -0.187 0.4324 0.0024, -0.1083 0.4154 0.0095, -0.187 0.4154 0.0095, -0.1083 0.4007 0.0208, -0.187 0.4007 0.0208, -0.1083 0.3894 0.0354, -0.187 0.3894 0.0354, -0.1083 0.3823 0.0525, -0.187 0.3823 0.0525, -0.187 0.5768 0.0, -0.1083 0.5768 0.0, -0.187 0.5768 0.0472, -0.1083 0.5768 0.0472, -1.1713 0.4272 0.0709, -1.0925 0.4272 0.0709, -1.1713 0.428 0.0648, -1.0925 0.428 0.0648, -1.1713 0.4303 0.0591, -1.0925 0.4303 0.0591, -1.1713 0.4341 0.0542, -1.0925 0.4341 0.0542, -1.1713 0.439 0.0504, -1.0925 0.439 0.0504, -1.1713 0.4447 0.048, -1.0925 0.4447 0.048, -1.1713 0.4508 0.0472, -1.0925 0.4508 0.0472, -1.0925 0.4272 0.1378, -1.1713 0.4272 0.1378, -1.1713 0.3799 0.0709, -1.0925 0.3799 0.0709, -1.1713 0.3799 0.1378, -1.0925 0.3799 0.1378, -1.1713 0.4508 0.0, -1.0925 0.4508 0.0, -1.0925 0.4324 0.0024, -1.1713 0.4324 0.0024, -1.0925 0.4154 0.0095, -1.1713 0.4154 0.0095, -1.0925 0.4007 0.0208, -1.1713 0.4007 0.0208, -1.0925 0.3894 0.0354, -1.1713 0.3894 0.0354, -1.0925 0.3823 0.0525, -1.1713 0.3823 0.0525, -1.1713 0.5768 0.0, -1.0925 0.5768 0.0, -1.1713 0.5768 0.0472, -1.0925 0.5768 0.0472, 0.7972 0.4272 0.0709, 0.876 0.4272 0.0709, 0.7972 0.428 0.0648, 0.876 0.428 0.0648, 0.7972 0.4303 0.0591, 0.876 0.4303 0.0591, 0.7972 0.4341 0.0542, 0.876 0.4341 0.0542, 0.7972 0.439 0.0504, 0.876 0.439 0.0504, 0.7972 0.4447 0.048, 0.876 0.4447 0.048, 0.7972 0.4508 0.0472, 0.876 0.4508 0.0472, 0.876 0.4272 0.1378, 0.7972 0.4272 0.1378, 0.7972 0.3799 0.0709, 0.876 0.3799 0.0709, 0.7972 0.3799 0.1378, 0.876 0.3799 0.1378, 0.7972 0.4508 0.0, 0.876 0.4508 0.0, 0.876 0.4324 0.0024, 0.7972 0.4324 0.0024, 0.876 0.4154 0.0095, 0.7972 0.4154 0.0095, 0.876 0.4007 0.0208, 0.7972 0.4007 0.0208, 0.876 0.3894 0.0354, 0.7972 0.3894 0.0354, 0.876 0.3823 0.0525, 0.7972 0.3823 0.0525, 0.7972 0.5768 0.0, 0.876 0.5768 0.0, 0.7972 0.5768 0.0472, 0.876 0.5768 0.0472, 0.0098 0.4272 0.0709, 0.0886 0.4272 0.0709, 0.0098 0.428 0.0648, 0.0886 0.428 0.0648, 0.0098 0.4303 0.0591, 0.0886 0.4303 0.0591, 0.0098 0.4341 0.0542, 0.0886 0.4341 0.0542, 0.0098 0.439 0.0504, 0.0886 0.439 0.0504, 0.0098 0.4447 0.048, 0.0886 0.4447 0.048, 0.0098 0.4508 0.0472, 0.0886 0.4508 0.0472, 0.0886 0.4272 0.1378, 0.0098 0.4272 0.1378, 0.0098 0.3799 0.0709, 0.0886 0.3799 0.0709, 0.0098 0.3799 0.1378, 0.0886 0.3799 0.1378, 0.0098 0.4508 0.0, 0.0886 0.4508 0.0, 0.0886 0.4324 0.0024, 0.0098 0.4324 0.0024, 0.0886 0.4154 0.0095, 0.0098 0.4154 0.0095, 0.0886 0.4007 0.0208, 0.0098 0.4007 0.0208, 0.0886 0.3894 0.0354, 0.0098 0.3894 0.0354, 0.0886 0.3823 0.0525, 0.0098 0.3823 0.0525, 0.0098 0.5768 0.0, 0.0886 0.5768 0.0, 0.0098 0.5768 0.0472, 0.0886 0.5768 0.0472, 0.2067 0.4272 0.0709, 0.2854 0.4272 0.0709, 0.2067 0.428 0.0648, 0.2854 0.428 0.0648, 0.2067 0.4303 0.0591, 0.2854 0.4303 0.0591, 0.2067 0.4341 0.0542, 0.2854 0.4341 0.0542, 0.2067 0.439 0.0504, 0.2854 0.439 0.0504, 0.2067 0.4447 0.048, 0.2854 0.4447 0.048, 0.2067 0.4508 0.0472, 0.2854 0.4508 0.0472, 0.2854 0.4272 0.1378, 0.2067 0.4272 0.1378, 0.2067 0.3799 0.0709, 0.2854 0.3799 0.0709, 0.2067 0.3799 0.1378, 0.2854 0.3799 0.1378, 0.2067 0.4508 0.0, 0.2854 0.4508 0.0, 0.2854 0.4324 0.0024, 0.2067 0.4324 0.0024, 0.2854 0.4154 0.0095, 0.2067 0.4154 0.0095, 0.2854 0.4007 0.0208, 0.2067 0.4007 0.0208, 0.2854 0.3894 0.0354, 0.2067 0.3894 0.0354, 0.2854 0.3823 0.0525, 0.2067 0.3823 0.0525, 0.2067 0.5768 0.0, 0.2854 0.5768 0.0, 0.2067 0.5768 0.0472, 0.2854 0.5768 0.0472, -0.7776 0.4272 0.0709, -0.6988 0.4272 0.0709, -0.7776 0.428 0.0648, -0.6988 0.428 0.0648, -0.7776 0.4303 0.0591, -0.6988 0.4303 0.0591, -0.7776 0.4341 0.0542, -0.6988 0.4341 0.0542, -0.7776 0.439 0.0504, -0.6988 0.439 0.0504, -0.7776 0.4447 0.048, -0.6988 0.4447 0.048, -0.7776 0.4508 0.0472, -0.6988 0.4508 0.0472, -0.6988 0.4272 0.1378, -0.7776 0.4272 0.1378, -0.7776 0.3799 0.0709, -0.6988 0.3799 0.0709, -0.7776 0.3799 0.1378, -0.6988 0.3799 0.1378, -0.7776 0.4508 0.0, -0.6988 0.4508 0.0, -0.6988 0.4324 0.0024, -0.7776 0.4324 0.0024, -0.6988 0.4154 0.0095, -0.7776 0.4154 0.0095, -0.6988 0.4007 0.0208, -0.7776 0.4007 0.0208, -0.6988 0.3894 0.0354, -0.7776 0.3894 0.0354, -0.6988 0.3823 0.0525, -0.7776 0.3823 0.0525, -0.7776 0.5768 0.0, -0.6988 0.5768 0.0, -0.7776 0.5768 0.0472, -0.6988 0.5768 0.0472, 0.4035 0.4272 0.0709, 0.4823 0.4272 0.0709, 0.4035 0.428 0.0648, 0.4823 0.428 0.0648, 0.4035 0.4303 0.0591, 0.4823 0.4303 0.0591, 0.4035 0.4341 0.0542, 0.4823 0.4341 0.0542, 0.4035 0.439 0.0504, 0.4823 0.439 0.0504, 0.4035 0.4447 0.048, 0.4823 0.4447 0.048, 0.4035 0.4508 0.0472, 0.4823 0.4508 0.0472, 0.4823 0.4272 0.1378, 0.4035 0.4272 0.1378, 0.4035 0.3799 0.0709, 0.4823 0.3799 0.0709, 0.4035 0.3799 0.1378, 0.4823 0.3799 0.1378, 0.4035 0.4508 0.0, 0.4823 0.4508 0.0, 0.4823 0.4324 0.0024, 0.4035 0.4324 0.0024, 0.4823 0.4154 0.0095, 0.4035 0.4154 0.0095, 0.4823 0.4007 0.0208, 0.4035 0.4007 0.0208, 0.4823 0.3894 0.0354, 0.4035 0.3894 0.0354, 0.4823 0.3823 0.0525, 0.4035 0.3823 0.0525, 0.4035 0.5768 0.0, 0.4823 0.5768 0.0, 0.4035 0.5768 0.0472, 0.4823 0.5768 0.0472, -0.5807 0.4272 0.0709, -0.502 0.4272 0.0709, -0.5807 0.428 0.0648, -0.502 0.428 0.0648, -0.5807 0.4303 0.0591, -0.502 0.4303 0.0591, -0.5807 0.4341 0.0542, -0.502 0.4341 0.0542, -0.5807 0.439 0.0504, -0.502 0.439 0.0504, -0.5807 0.4447 0.048, -0.502 0.4447 0.048, -0.5807 0.4508 0.0472, -0.502 0.4508 0.0472, -0.502 0.4272 0.1378, -0.5807 0.4272 0.1378, -0.5807 0.3799 0.0709, -0.502 0.3799 0.0709, -0.5807 0.3799 0.1378, -0.502 0.3799 0.1378, -0.5807 0.4508 0.0, -0.502 0.4508 0.0, -0.502 0.4324 0.0024, -0.5807 0.4324 0.0024, -0.502 0.4154 0.0095, -0.5807 0.4154 0.0095, -0.502 0.4007 0.0208, -0.5807 0.4007 0.0208, -0.502 0.3894 0.0354, -0.5807 0.3894 0.0354, -0.502 0.3823 0.0525, -0.5807 0.3823 0.0525, -0.5807 0.5768 0.0, -0.502 0.5768 0.0, -0.5807 0.5768 0.0472, -0.502 0.5768 0.0472, -0.9744 0.4272 0.0709, -0.8957 0.4272 0.0709, -0.9744 0.428 0.0648, -0.8957 0.428 0.0648, -0.9744 0.4303 0.0591, -0.8957 0.4303 0.0591, -0.9744 0.4341 0.0542, -0.8957 0.4341 0.0542, -0.9744 0.439 0.0504, -0.8957 0.439 0.0504, -0.9744 0.4447 0.048, -0.8957 0.4447 0.048, -0.9744 0.4508 0.0472, -0.8957 0.4508 0.0472, -0.8957 0.4272 0.1378, -0.9744 0.4272 0.1378, -0.9744 0.3799 0.0709, -0.8957 0.3799 0.0709, -0.9744 0.3799 0.1378, -0.8957 0.3799 0.1378, -0.9744 0.4508 0.0, -0.8957 0.4508 0.0, -0.8957 0.4324 0.0024, -0.9744 0.4324 0.0024, -0.8957 0.4154 0.0095, -0.9744 0.4154 0.0095, -0.8957 0.4007 0.0208, -0.9744 0.4007 0.0208, -0.8957 0.3894 0.0354, -0.9744 0.3894 0.0354, -0.8957 0.3823 0.0525, -0.9744 0.3823 0.0525, -0.9744 0.5768 0.0, -0.8957 0.5768 0.0, -0.9744 0.5768 0.0472, -0.8957 0.5768 0.0472
            ]
        }
        coordIndex [
            0,1,2,-1,2,1,3,-1,2,3,4,-1,4,3,5,-1,4,5,6,-1,6,5,7,-1,6,7,8,-1,8,7,9,-1,8,9,10,-1,10,9,11,-1,10,11,12,-1,12,11,13,-1,14,1,15,-1,15,1,0,-1,16,17,18,-1,18,17,19,-1,20,21,22,-1,20,22,23,-1,23,22,24,-1,23,24,25,-1,25,24,26,-1,25,26,27,-1,27,26,28,-1,27,28,29,-1,29,28,30,-1,29,30,31,-1,31,30,17,-1,31,17,16,-1,20,32,21,-1,21,32,33,-1,32,34,33,-1,33,34,35,-1,34,12,35,-1,35,12,13,-1,34,32,12,-1,12,32,20,-1,12,20,10,-1,10,20,23,-1,10,23,8,-1,8,23,25,-1,8,25,6,-1,6,25,27,-1,6,27,4,-1,4,27,29,-1,4,29,2,-1,2,29,31,-1,2,31,0,-1,0,31,16,-1,0,16,15,-1,15,16,18,-1,14,19,1,-1,1,19,17,-1,1,17,3,-1,3,17,30,-1,3,30,5,-1,5,30,28,-1,5,28,7,-1,7,28,26,-1,7,26,9,-1,9,26,24,-1,9,24,11,-1,11,24,22,-1,11,22,13,-1,13,22,21,-1,13,21,35,-1,35,21,33,-1,36,37,38,-1,38,37,39,-1,38,39,40,-1,40,39,41,-1,40,41,42,-1,42,41,43,-1,42,43,44,-1,44,43,45,-1,44,45,46,-1,46,45,47,-1,46,47,48,-1,48,47,49,-1,50,37,51,-1,51,37,36,-1,52,53,54,-1,54,53,55,-1,56,57,58,-1,56,58,59,-1,59,58,60,-1,59,60,61,-1,61,60,62,-1,61,62,63,-1,63,62,64,-1,63,64,65,-1,65,64,66,-1,65,66,67,-1,67,66,53,-1,67,53,52,-1,56,68,57,-1,57,68,69,-1,68,70,69,-1,69,70,71,-1,70,48,71,-1,71,48,49,-1,70,68,48,-1,48,68,56,-1,48,56,46,-1,46,56,59,-1,46,59,44,-1,44,59,61,-1,44,61,42,-1,42,61,63,-1,42,63,40,-1,40,63,65,-1,40,65,38,-1,38,65,67,-1,38,67,36,-1,36,67,52,-1,36,52,51,-1,51,52,54,-1,50,55,37,-1,37,55,53,-1,37,53,39,-1,39,53,66,-1,39,66,41,-1,41,66,64,-1,41,64,43,-1,43,64,62,-1,43,62,45,-1,45,62,60,-1,45,60,47,-1,47,60,58,-1,47,58,49,-1,49,58,57,-1,49,57,71,-1,71,57,69,-1,72,73,74,-1,74,73,75,-1,74,75,76,-1,76,75,77,-1,76,77,78,-1,78,77,79,-1,78,79,80,-1,80,79,81,-1,80,81,82,-1,82,81,83,-1,82,83,84,-1,84,83,85,-1,86,73,87,-1,87,73,72,-1,88,89,90,-1,90,89,91,-1,92,93,94,-1,92,94,95,-1,95,94,96,-1,95,96,97,-1,97,96,98,-1,97,98,99,-1,99,98,100,-1,99,100,101,-1,101,100,102,-1,101,102,103,-1,103,102,89,-1,103,89,88,-1,92,104,93,-1,93,104,105,-1,104,106,105,-1,105,106,107,-1,106,84,107,-1,107,84,85,-1,106,104,84,-1,84,104,92,-1,84,92,82,-1,82,92,95,-1,82,95,80,-1,80,95,97,-1,80,97,78,-1,78,97,99,-1,78,99,76,-1,76,99,101,-1,76,101,74,-1,74,101,103,-1,74,103,72,-1,72,103,88,-1,72,88,87,-1,87,88,90,-1,86,91,73,-1,73,91,89,-1,73,89,75,-1,75,89,102,-1,75,102,77,-1,77,102,100,-1,77,100,79,-1,79,100,98,-1,79,98,81,-1,81,98,96,-1,81,96,83,-1,83,96,94,-1,83,94,85,-1,85,94,93,-1,85,93,107,-1,107,93,105,-1,108,109,110,-1,110,109,111,-1,110,111,112,-1,112,111,113,-1,112,113,114,-1,114,113,115,-1,114,115,116,-1,116,115,117,-1,116,117,118,-1,118,117,119,-1,118,119,120,-1,120,119,121,-1,122,109,123,-1,123,109,108,-1,124,125,126,-1,126,125,127,-1,128,129,130,-1,128,130,131,-1,131,130,132,-1,131,132,133,-1,133,132,134,-1,133,134,135,-1,135,134,136,-1,135,136,137,-1,137,136,138,-1,137,138,139,-1,139,138,125,-1,139,125,124,-1,128,140,129,-1,129,140,141,-1,140,142,141,-1,141,142,143,-1,142,120,143,-1,143,120,121,-1,142,140,120,-1,120,140,128,-1,120,128,118,-1,118,128,131,-1,118,131,116,-1,116,131,133,-1,116,133,114,-1,114,133,135,-1,114,135,112,-1,112,135,137,-1,112,137,110,-1,110,137,139,-1,110,139,108,-1,108,139,124,-1,108,124,123,-1,123,124,126,-1,122,127,109,-1,109,127,125,-1,109,125,111,-1,111,125,138,-1,111,138,113,-1,113,138,136,-1,113,136,115,-1,115,136,134,-1,115,134,117,-1,117,134,132,-1,117,132,119,-1,119,132,130,-1,119,130,121,-1,121,130,129,-1,121,129,143,-1,143,129,141,-1,144,145,146,-1,146,145,147,-1,146,147,148,-1,148,147,149,-1,148,149,150,-1,150,149,151,-1,150,151,152,-1,152,151,153,-1,152,153,154,-1,154,153,155,-1,154,155,156,-1,156,155,157,-1,158,145,159,-1,159,145,144,-1,160,161,162,-1,162,161,163,-1,164,165,166,-1,164,166,167,-1,167,166,168,-1,167,168,169,-1,169,168,170,-1,169,170,171,-1,171,170,172,-1,171,172,173,-1,173,172,174,-1,173,174,175,-1,175,174,161,-1,175,161,160,-1,164,176,165,-1,165,176,177,-1,176,178,177,-1,177,178,179,-1,178,156,179,-1,179,156,157,-1,178,176,156,-1,156,176,164,-1,156,164,154,-1,154,164,167,-1,154,167,152,-1,152,167,169,-1,152,169,150,-1,150,169,171,-1,150,171,148,-1,148,171,173,-1,148,173,146,-1,146,173,175,-1,146,175,144,-1,144,175,160,-1,144,160,159,-1,159,160,162,-1,158,163,145,-1,145,163,161,-1,145,161,147,-1,147,161,174,-1,147,174,149,-1,149,174,172,-1,149,172,151,-1,151,172,170,-1,151,170,153,-1,153,170,168,-1,153,168,155,-1,155,168,166,-1,155,166,157,-1,157,166,165,-1,157,165,179,-1,179,165,177,-1,180,181,182,-1,182,181,183,-1,182,183,184,-1,184,183,185,-1,184,185,186,-1,186,185,187,-1,186,187,188,-1,188,187,189,-1,188,189,190,-1,190,189,191,-1,190,191,192,-1,192,191,193,-1,194,181,195,-1,195,181,180,-1,196,197,198,-1,198,197,199,-1,200,201,202,-1,200,202,203,-1,203,202,204,-1,203,204,205,-1,205,204,206,-1,205,206,207,-1,207,206,208,-1,207,208,209,-1,209,208,210,-1,209,210,211,-1,211,210,197,-1,211,197,196,-1,200,212,201,-1,201,212,213,-1,212,214,213,-1,213,214,215,-1,214,192,215,-1,215,192,193,-1,214,212,192,-1,192,212,200,-1,192,200,190,-1,190,200,203,-1,190,203,188,-1,188,203,205,-1,188,205,186,-1,186,205,207,-1,186,207,184,-1,184,207,209,-1,184,209,182,-1,182,209,211,-1,182,211,180,-1,180,211,196,-1,180,196,195,-1,195,196,198,-1,194,199,181,-1,181,199,197,-1,181,197,183,-1,183,197,210,-1,183,210,185,-1,185,210,208,-1,185,208,187,-1,187,208,206,-1,187,206,189,-1,189,206,204,-1,189,204,191,-1,191,204,202,-1,191,202,193,-1,193,202,201,-1,193,201,215,-1,215,201,213,-1,216,217,218,-1,218,217,219,-1,218,219,220,-1,220,219,221,-1,220,221,222,-1,222,221,223,-1,222,223,224,-1,224,223,225,-1,224,225,226,-1,226,225,227,-1,226,227,228,-1,228,227,229,-1,230,217,231,-1,231,217,216,-1,232,233,234,-1,234,233,235,-1,236,237,238,-1,236,238,239,-1,239,238,240,-1,239,240,241,-1,241,240,242,-1,241,242,243,-1,243,242,244,-1,243,244,245,-1,245,244,246,-1,245,246,247,-1,247,246,233,-1,247,233,232,-1,236,248,237,-1,237,248,249,-1,248,250,249,-1,249,250,251,-1,250,228,251,-1,251,228,229,-1,250,248,228,-1,228,248,236,-1,228,236,226,-1,226,236,239,-1,226,239,224,-1,224,239,241,-1,224,241,222,-1,222,241,243,-1,222,243,220,-1,220,243,245,-1,220,245,218,-1,218,245,247,-1,218,247,216,-1,216,247,232,-1,216,232,231,-1,231,232,234,-1,230,235,217,-1,217,235,233,-1,217,233,219,-1,219,233,246,-1,219,246,221,-1,221,246,244,-1,221,244,223,-1,223,244,242,-1,223,242,225,-1,225,242,240,-1,225,240,227,-1,227,240,238,-1,227,238,229,-1,229,238,237,-1,229,237,251,-1,251,237,249,-1,252,253,254,-1,254,253,255,-1,254,255,256,-1,256,255,257,-1,256,257,258,-1,258,257,259,-1,258,259,260,-1,260,259,261,-1,260,261,262,-1,262,261,263,-1,262,263,264,-1,264,263,265,-1,266,253,267,-1,267,253,252,-1,268,269,270,-1,270,269,271,-1,272,273,274,-1,272,274,275,-1,275,274,276,-1,275,276,277,-1,277,276,278,-1,277,278,279,-1,279,278,280,-1,279,280,281,-1,281,280,282,-1,281,282,283,-1,283,282,269,-1,283,269,268,-1,272,284,273,-1,273,284,285,-1,284,286,285,-1,285,286,287,-1,286,264,287,-1,287,264,265,-1,286,284,264,-1,264,284,272,-1,264,272,262,-1,262,272,275,-1,262,275,260,-1,260,275,277,-1,260,277,258,-1,258,277,279,-1,258,279,256,-1,256,279,281,-1,256,281,254,-1,254,281,283,-1,254,283,252,-1,252,283,268,-1,252,268,267,-1,267,268,270,-1,266,271,253,-1,253,271,269,-1,253,269,255,-1,255,269,282,-1,255,282,257,-1,257,282,280,-1,257,280,259,-1,259,280,278,-1,259,278,261,-1,261,278,276,-1,261,276,263,-1,263,276,274,-1,263,274,265,-1,265,274,273,-1,265,273,287,-1,287,273,285,-1,288,289,290,-1,290,289,291,-1,290,291,292,-1,292,291,293,-1,292,293,294,-1,294,293,295,-1,294,295,296,-1,296,295,297,-1,296,297,298,-1,298,297,299,-1,298,299,300,-1,300,299,301,-1,302,289,303,-1,303,289,288,-1,304,305,306,-1,306,305,307,-1,308,309,310,-1,308,310,311,-1,311,310,312,-1,311,312,313,-1,313,312,314,-1,313,314,315,-1,315,314,316,-1,315,316,317,-1,317,316,318,-1,317,318,319,-1,319,318,305,-1,319,305,304,-1,308,320,309,-1,309,320,321,-1,320,322,321,-1,321,322,323,-1,322,300,323,-1,323,300,301,-1,322,320,300,-1,300,320,308,-1,300,308,298,-1,298,308,311,-1,298,311,296,-1,296,311,313,-1,296,313,294,-1,294,313,315,-1,294,315,292,-1,292,315,317,-1,292,317,290,-1,290,317,319,-1,290,319,288,-1,288,319,304,-1,288,304,303,-1,303,304,306,-1,302,307,289,-1,289,307,305,-1,289,305,291,-1,291,305,318,-1,291,318,293,-1,293,318,316,-1,293,316,295,-1,295,316,314,-1,295,314,297,-1,297,314,312,-1,297,312,299,-1,299,312,310,-1,299,310,301,-1,301,310,309,-1,301,309,323,-1,323,309,321,-1,324,325,326,-1,326,325,327,-1,326,327,328,-1,328,327,329,-1,328,329,330,-1,330,329,331,-1,330,331,332,-1,332,331,333,-1,332,333,334,-1,334,333,335,-1,334,335,336,-1,336,335,337,-1,338,325,339,-1,339,325,324,-1,340,341,342,-1,342,341,343,-1,344,345,346,-1,344,346,347,-1,347,346,348,-1,347,348,349,-1,349,348,350,-1,349,350,351,-1,351,350,352,-1,351,352,353,-1,353,352,354,-1,353,354,355,-1,355,354,341,-1,355,341,340,-1,344,356,345,-1,345,356,357,-1,356,358,357,-1,357,358,359,-1,358,336,359,-1,359,336,337,-1,358,356,336,-1,336,356,344,-1,336,344,334,-1,334,344,347,-1,334,347,332,-1,332,347,349,-1,332,349,330,-1,330,349,351,-1,330,351,328,-1,328,351,353,-1,328,353,326,-1,326,353,355,-1,326,355,324,-1,324,355,340,-1,324,340,339,-1,339,340,342,-1,338,343,325,-1,325,343,341,-1,325,341,327,-1,327,341,354,-1,327,354,329,-1,329,354,352,-1,329,352,331,-1,331,352,350,-1,331,350,333,-1,333,350,348,-1,333,348,335,-1,335,348,346,-1,335,346,337,-1,337,346,345,-1,337,345,359,-1,359,345,357,-1,360,361,362,-1,362,361,363,-1,362,363,364,-1,364,363,365,-1,364,365,366,-1,366,365,367,-1,366,367,368,-1,368,367,369,-1,368,369,370,-1,370,369,371,-1,370,371,372,-1,372,371,373,-1,374,361,375,-1,375,361,360,-1,376,377,378,-1,378,377,379,-1,380,381,382,-1,380,382,383,-1,383,382,384,-1,383,384,385,-1,385,384,386,-1,385,386,387,-1,387,386,388,-1,387,388,389,-1,389,388,390,-1,389,390,391,-1,391,390,377,-1,391,377,376,-1,380,392,381,-1,381,392,393,-1,392,394,393,-1,393,394,395,-1,394,372,395,-1,395,372,373,-1,394,392,372,-1,372,392,380,-1,372,380,370,-1,370,380,383,-1,370,383,368,-1,368,383,385,-1,368,385,366,-1,366,385,387,-1,366,387,364,-1,364,387,389,-1,364,389,362,-1,362,389,391,-1,362,391,360,-1,360,391,376,-1,360,376,375,-1,375,376,378,-1,374,379,361,-1,361,379,377,-1,361,377,363,-1,363,377,390,-1,363,390,365,-1,365,390,388,-1,365,388,367,-1,367,388,386,-1,367,386,369,-1,369,386,384,-1,369,384,371,-1,371,384,382,-1,371,382,373,-1,373,382,381,-1,373,381,395,-1,395,381,393,-1,396,397,398,-1,398,397,399,-1,398,399,400,-1,400,399,401,-1,400,401,402,-1,402,401,403,-1,402,403,404,-1,404,403,405,-1,404,405,406,-1,406,405,407,-1,406,407,408,-1,408,407,409,-1,410,397,411,-1,411,397,396,-1,412,413,414,-1,414,413,415,-1,416,417,418,-1,416,418,419,-1,419,418,420,-1,419,420,421,-1,421,420,422,-1,421,422,423,-1,423,422,424,-1,423,424,425,-1,425,424,426,-1,425,426,427,-1,427,426,413,-1,427,413,412,-1,416,428,417,-1,417,428,429,-1,428,430,429,-1,429,430,431,-1,430,408,431,-1,431,408,409,-1,430,428,408,-1,408,428,416,-1,408,416,406,-1,406,416,419,-1,406,419,404,-1,404,419,421,-1,404,421,402,-1,402,421,423,-1,402,423,400,-1,400,423,425,-1,400,425,398,-1,398,425,427,-1,398,427,396,-1,396,427,412,-1,396,412,411,-1,411,412,414,-1,410,415,397,-1,397,415,413,-1,397,413,399,-1,399,413,426,-1,399,426,401,-1,401,426,424,-1,401,424,403,-1,403,424,422,-1,403,422,405,-1,405,422,420,-1,405,420,407,-1,407,420,418,-1,407,418,409,-1,409,418,417,-1,409,417,431,-1,431,417,429,-1,
        ]
    }
}
Shape{
    appearance Appearance {
        material  Material 	{
            diffuseColor 0.8509803921568627 0.8509803921568627 0.8509803921568627
            specularColor 0.4235294117647059 0.4235294117647059 0.4235294117647059
            ambientIntensity 0.851
            transparency 0.0
            shininess 0.5
        }
    }
    geometry IndexedFaceSet {
        ccw TRUE
        solid FALSE
        coord DEF co Coordinate {
            point [
                -1.4173 0.565 -0.1181, -1.4173 0.6673 -0.1181, -1.4173 0.565 0.0984, -1.4173 0.6673 0.0984, -1.4272 0.6673 -0.1575, -1.5453 0.6673 -0.1575, -1.5551 0.6673 -0.1181, -1.5551 0.6673 0.0984, -1.5551 0.565 0.0984, -1.5551 0.565 -0.1181, -1.4272 0.565 -0.1575, -1.5453 0.565 -0.1575, -1.5256 0.6358 -0.2362, -1.5256 0.5965 -0.2362, -1.4469 0.5965 -0.2362, -1.4469 0.6358 -0.2362, 1.4173 0.6673 -0.1181, 1.4173 0.565 -0.1181, 1.4173 0.6673 0.0984, 1.4173 0.565 0.0984, 1.5551 0.6673 0.0984, 1.5551 0.6673 -0.1181, 1.4272 0.6673 -0.1575, 1.5453 0.6673 -0.1575, 1.4272 0.565 -0.1575, 1.5453 0.565 -0.1575, 1.5551 0.565 -0.1181, 1.5551 0.565 0.0984, 1.5256 0.6358 -0.2362, 1.5256 0.5965 -0.2362, 1.4469 0.6358 -0.2362, 1.4469 0.5965 -0.2362
            ]
        }
        coordIndex [
            0,1,2,-1,2,1,3,-1,4,5,1,-1,1,5,6,-1,1,6,3,-1,3,6,7,-1,2,8,0,-1,0,8,9,-1,0,9,10,-1,10,9,11,-1,7,6,8,-1,8,6,9,-1,12,13,5,-1,5,13,11,-1,5,11,6,-1,6,11,9,-1,10,11,14,-1,14,11,13,-1,1,0,4,-1,4,0,10,-1,4,10,15,-1,15,10,14,-1,15,12,4,-1,4,12,5,-1,13,12,14,-1,14,12,15,-1,16,17,18,-1,18,17,19,-1,18,20,16,-1,16,20,21,-1,16,21,22,-1,22,21,23,-1,24,25,17,-1,17,25,26,-1,17,26,19,-1,19,26,27,-1,27,26,20,-1,20,26,21,-1,21,26,23,-1,23,26,25,-1,23,25,28,-1,28,25,29,-1,30,31,22,-1,22,31,24,-1,22,24,16,-1,16,24,17,-1,25,24,29,-1,29,24,31,-1,28,30,23,-1,23,30,22,-1,29,31,28,-1,28,31,30,-1,
        ]
    }
}
Shape{
    appearance Appearance {
        material  Material 	{
            diffuseColor 0.2235294117647059 0.2235294117647059 0.2235294117647059
            specularColor 0.11372549019607843 0.11372549019607843 0.11372549019607843
            ambientIntensity 0.2235
            transparency 0.0
            shininess 0.5
        }
    }
    geometry IndexedFaceSet {
        ccw TRUE
        solid FALSE
        coord DEF co Coordinate {
            point [
                1.1597 -1.9422 0.5787, 1.1597 -1.9429 0.5787, 1.1594 -1.9429 0.5787, 1.1594 -1.9429 0.6811, 1.1597 -1.9429 0.6811, 1.1597 -1.9422 0.6811
            ]
        }
        coordIndex [
            0,1,2,-1,3,4,5,-1,
        ]
    }
}
Shape{
    appearance Appearance {
        material  Material 	{
            diffuseColor 0.8509803921568627 0.8509803921568627 0.8509803921568627
            specularColor 0.4235294117647059 0.4235294117647059 0.4235294117647059
            ambientIntensity 0.851
            transparency 0.0
            shininess 0.5
        }
    }
    geometry IndexedFaceSet {
        ccw TRUE
        solid FALSE
        coord DEF co Coordinate {
            point [
                1.2224 -1.3524 0.6811, 1.2224 -1.3524 0.5787, 1.2224 -0.8799 0.6811, 1.2224 -0.8799 0.5787, 1.1761 -1.9429 0.5787, 1.1597 -1.9429 0.5787, 1.1597 -1.9422 0.5787, 1.2927 -1.4467 0.5787, 1.3019 -1.4508 0.5787, 1.2815 -1.4843 0.5787, 1.3098 -1.457 0.5787, 1.3158 -1.4651 0.5787, 1.3196 -1.4744 0.5787, 1.3209 -1.4844 0.5787, 1.2815 -1.6359 0.5787, 1.3209 -1.6401 0.5787, 1.2811 -1.6397 0.5787, 1.3202 -1.6475 0.5787, 1.2801 -1.6433 0.5787, 1.3181 -1.6547 0.5787, 1.2127 -1.9182 0.5787, 1.2082 -1.9264 0.5787, 1.2019 -1.9333 0.5787, 1.2698 -1.4365 0.5787, 1.2493 -1.47 0.5787, 1.2501 -1.4208 0.5787, 1.2218 -1.448 0.5787, 1.2351 -1.4006 0.5787, 1.2008 -1.4198 0.5787, 1.2257 -1.3773 0.5787, 1.1876 -1.3871 0.5787, 1.1831 -1.3522 0.5787, 1.1831 -0.9587 0.5787, 1.2119 -0.8891 0.5787, 1.1864 -0.9332 0.5787, 1.1963 -0.9094 0.5787, 1.1941 -1.9385 0.5787, 1.1854 -1.9418 0.5787, 1.3209 -1.4844 0.6811, 1.3196 -1.4744 0.6811, 1.2815 -1.4843 0.6811, 1.3158 -1.4651 0.6811, 1.3098 -1.457 0.6811, 1.3209 -1.6401 0.6811, 1.2815 -1.6359 0.6811, 1.3202 -1.6475 0.6811, 1.2811 -1.6397 0.6811, 1.3181 -1.6547 0.6811, 1.2801 -1.6433 0.6811, 1.2127 -1.9182 0.6811, 1.1597 -1.9422 0.6811, 1.1597 -1.9429 0.6811, 1.3019 -1.4508 0.6811, 1.2927 -1.4467 0.6811, 1.2493 -1.47 0.6811, 1.2698 -1.4365 0.6811, 1.2218 -1.448 0.6811, 1.2501 -1.4208 0.6811, 1.2008 -1.4198 0.6811, 1.2351 -1.4006 0.6811, 1.1876 -1.3871 0.6811, 1.2257 -1.3773 0.6811, 1.1831 -1.3522 0.6811, 1.1831 -0.9587 0.6811, 1.2119 -0.8891 0.6811, 1.1864 -0.9332 0.6811, 1.1963 -0.9094 0.6811, 1.1854 -1.9418 0.6811, 1.1941 -1.9385 0.6811, 1.2019 -1.9333 0.6811, 1.1761 -1.9429 0.6811, 1.2082 -1.9264 0.6811, -1.2224 -1.3524 0.5787, -1.2224 -1.3524 0.6811, -1.2224 -0.8799 0.5787, -1.2224 -0.8799 0.6811, -1.3196 -1.4744 0.5787, -1.3158 -1.4651 0.5787, -1.2815 -1.4843 0.5787, -1.3098 -1.457 0.5787, -1.1597 -1.9422 0.5787, -1.2127 -1.9182 0.5787, -1.2801 -1.6433 0.5787, -1.3181 -1.6547 0.5787, -1.2811 -1.6397 0.5787, -1.3202 -1.6475 0.5787, -1.2815 -1.6359 0.5787, -1.3209 -1.6401 0.5787, -1.3209 -1.4844 0.5787, -1.3019 -1.4508 0.5787, -1.2927 -1.4467 0.5787, -1.2493 -1.47 0.5787, -1.2698 -1.4365 0.5787, -1.2218 -1.448 0.5787, -1.2501 -1.4208 0.5787, -1.2008 -1.4198 0.5787, -1.2351 -1.4006 0.5787, -1.1876 -1.3871 0.5787, -1.2257 -1.3773 0.5787, -1.1831 -1.3522 0.5787, -1.1831 -0.9587 0.5787, -1.1597 -1.9429 0.5787, -1.1761 -1.9429 0.5787, -1.1854 -1.9418 0.5787, -1.2119 -0.8891 0.5787, -1.1864 -0.9332 0.5787, -1.1963 -0.9094 0.5787, -1.1941 -1.9385 0.5787, -1.2019 -1.9333 0.5787, -1.2082 -1.9264 0.5787, -1.2815 -1.4843 0.6811, -1.2927 -1.4467 0.6811, -1.3019 -1.4508 0.6811, -1.2127 -1.9182 0.6811, -1.1597 -1.9422 0.6811, -1.3181 -1.6547 0.6811, -1.2801 -1.6433 0.6811, -1.3202 -1.6475 0.6811, -1.2811 -1.6397 0.6811, -1.3209 -1.6401 0.6811, -1.2815 -1.6359 0.6811, -1.3209 -1.4844 0.6811, -1.3196 -1.4744 0.6811, -1.3098 -1.457 0.6811, -1.3158 -1.4651 0.6811, -1.2019 -1.9333 0.6811, -1.1941 -1.9385 0.6811, -1.1854 -1.9418 0.6811, -1.2698 -1.4365 0.6811, -1.2493 -1.47 0.6811, -1.2501 -1.4208 0.6811, -1.2218 -1.448 0.6811, -1.2351 -1.4006 0.6811, -1.2008 -1.4198 0.6811, -1.2257 -1.3773 0.6811, -1.1876 -1.3871 0.6811, -1.1831 -1.3522 0.6811, -1.1831 -0.9587 0.6811, -1.2119 -0.8891 0.6811, -1.1864 -0.9332 0.6811, -1.1963 -0.9094 0.6811, -1.1597 -1.9429 0.6811, -1.1761 -1.9429 0.6811, -1.2082 -1.9264 0.6811
            ]
        }
        coordIndex [
            0,1,2,-1,2,1,3,-1,4,5,6,-1,7,8,9,-1,9,8,10,-1,9,10,11,-1,11,12,9,-1,9,12,13,-1,9,13,14,-1,14,13,15,-1,14,15,16,-1,16,15,17,-1,16,17,18,-1,18,17,19,-1,18,19,6,-1,6,19,20,-1,6,20,4,-1,20,21,22,-1,7,9,23,-1,23,9,24,-1,23,24,25,-1,25,24,26,-1,25,26,27,-1,27,26,28,-1,27,28,29,-1,29,28,30,-1,29,30,1,-1,1,30,31,-1,1,31,3,-1,3,31,32,-1,3,32,33,-1,33,32,34,-1,33,34,35,-1,22,36,20,-1,20,36,37,-1,20,37,4,-1,38,39,40,-1,40,39,41,-1,40,41,42,-1,38,40,43,-1,43,40,44,-1,43,44,45,-1,45,44,46,-1,45,46,47,-1,47,46,48,-1,47,48,49,-1,49,48,50,-1,49,50,51,-1,42,52,40,-1,40,52,53,-1,40,53,54,-1,54,53,55,-1,54,55,56,-1,56,55,57,-1,56,57,58,-1,58,57,59,-1,58,59,60,-1,60,59,61,-1,60,61,62,-1,62,61,0,-1,62,0,63,-1,0,2,63,-1,63,2,64,-1,63,64,65,-1,65,64,66,-1,67,68,69,-1,51,70,49,-1,49,70,67,-1,49,67,71,-1,71,67,69,-1,70,4,37,-1,70,37,67,-1,67,37,36,-1,67,36,68,-1,68,36,22,-1,68,22,69,-1,69,22,21,-1,69,21,71,-1,71,21,20,-1,71,20,49,-1,19,47,20,-1,20,47,49,-1,47,19,17,-1,47,17,45,-1,45,17,15,-1,45,15,43,-1,13,38,15,-1,15,38,43,-1,38,13,12,-1,38,12,39,-1,39,12,11,-1,39,11,41,-1,41,11,10,-1,41,10,42,-1,42,10,8,-1,42,8,52,-1,52,8,7,-1,52,7,53,-1,53,7,55,-1,55,7,23,-1,55,23,57,-1,57,23,25,-1,57,25,59,-1,59,25,27,-1,59,27,61,-1,61,27,29,-1,61,29,0,-1,0,29,1,-1,72,73,74,-1,74,73,75,-1,76,77,78,-1,78,77,79,-1,80,81,82,-1,82,81,83,-1,82,83,84,-1,84,83,85,-1,84,85,86,-1,86,85,87,-1,86,87,78,-1,78,87,88,-1,78,88,76,-1,79,89,78,-1,78,89,90,-1,78,90,91,-1,91,90,92,-1,91,92,93,-1,93,92,94,-1,93,94,95,-1,95,94,96,-1,95,96,97,-1,97,96,98,-1,97,98,99,-1,99,98,72,-1,99,72,100,-1,80,101,81,-1,81,101,102,-1,81,102,103,-1,72,74,100,-1,100,74,104,-1,100,104,105,-1,105,104,106,-1,103,107,81,-1,81,107,108,-1,81,108,109,-1,110,111,112,-1,113,114,115,-1,115,114,116,-1,115,116,117,-1,117,116,118,-1,117,118,119,-1,119,118,120,-1,119,120,121,-1,121,120,110,-1,121,110,122,-1,112,123,110,-1,110,123,124,-1,110,124,122,-1,125,126,127,-1,111,110,128,-1,128,110,129,-1,128,129,130,-1,130,129,131,-1,130,131,132,-1,132,131,133,-1,132,133,134,-1,134,133,135,-1,134,135,73,-1,73,135,136,-1,73,136,75,-1,75,136,137,-1,75,137,138,-1,138,137,139,-1,138,139,140,-1,141,114,142,-1,142,114,113,-1,142,113,127,-1,127,113,143,-1,127,143,125,-1,
        ]
    }
}
Shape{
    appearance Appearance {
        material  Material 	{
            diffuseColor 0.2235294117647059 0.2235294117647059 0.2235294117647059
            specularColor 0.11372549019607843 0.11372549019607843 0.11372549019607843
            ambientIntensity 0.2235
            transparency 0.0
            shininess 0.5
        }
    }
    geometry IndexedFaceSet {
        ccw TRUE
        solid FALSE
        coord DEF co Coordinate {
            point [
                -1.1594 -1.9429 0.5787, -1.1597 -1.9429 0.5787, -1.1597 -1.9422 0.5787, -1.1597 -1.9422 0.6811, -1.1597 -1.9429 0.6811, -1.1594 -1.9429 0.6811, 1.1594 -1.9429 0.5787, -1.1594 -1.9429 0.6988, 1.1594 -1.9429 0.561, 1.1761 -1.9429 0.5787, 1.1761 -1.9429 0.6811, 1.1597 -1.9429 0.5787, 1.1597 -1.9429 0.6811, 1.1594 -1.9429 0.6811, 1.1594 -1.9429 0.6988, -1.1761 -1.9429 0.6811, -1.1761 -1.9429 0.5787, -1.1594 -1.9429 0.561
            ]
        }
        coordIndex [
            0,1,2,-1,3,4,5,-1,6,7,8,-1,8,7,5,-1,9,10,11,-1,11,10,12,-1,11,12,6,-1,6,12,13,-1,6,13,7,-1,7,13,14,-1,15,16,4,-1,4,16,1,-1,4,1,5,-1,5,1,0,-1,5,0,8,-1,8,0,17,-1,
        ]
    }
}
Shape{
    appearance Appearance {
        material  Material 	{
            diffuseColor 0.8509803921568627 0.8509803921568627 0.8509803921568627
            specularColor 0.4235294117647059 0.4235294117647059 0.4235294117647059
            ambientIntensity 0.851
            transparency 0.0
            shininess 0.5
        }
    }
    geometry IndexedFaceSet {
        ccw TRUE
        solid FALSE
        coord DEF co Coordinate {
            point [
                -1.2127 -1.9182 0.6811, -1.2127 -1.9182 0.5787, -1.2082 -1.9264 0.5787, -1.2082 -1.9264 0.6811, -1.2019 -1.9333 0.5787, -1.2019 -1.9333 0.6811, -1.1941 -1.9385 0.5787, -1.1941 -1.9385 0.6811, -1.1854 -1.9418 0.5787, -1.1854 -1.9418 0.6811, -1.1761 -1.9429 0.5787, -1.1761 -1.9429 0.6811, -1.2224 -1.3524 0.6811, -1.2224 -1.3524 0.5787, -1.2257 -1.3773 0.6811, -1.2257 -1.3773 0.5787, -1.2351 -1.4006 0.6811, -1.2351 -1.4006 0.5787, -1.2501 -1.4208 0.6811, -1.2501 -1.4208 0.5787, -1.2698 -1.4365 0.6811, -1.2698 -1.4365 0.5787, -1.2927 -1.4467 0.6811, -1.2927 -1.4467 0.5787, -1.3019 -1.4508 0.5787, -1.3019 -1.4508 0.6811, -1.3098 -1.457 0.5787, -1.3098 -1.457 0.6811, -1.3158 -1.4651 0.5787, -1.3158 -1.4651 0.6811, -1.3196 -1.4744 0.5787, -1.3196 -1.4744 0.6811, -1.3209 -1.4844 0.5787, -1.3209 -1.4844 0.6811, -1.3209 -1.6401 0.5787, -1.3209 -1.6401 0.6811, -1.3202 -1.6475 0.5787, -1.3202 -1.6475 0.6811, -1.3181 -1.6547 0.5787, -1.3181 -1.6547 0.6811
            ]
        }
        coordIndex [
            0,1,2,-1,0,2,3,-1,3,2,4,-1,3,4,5,-1,5,4,6,-1,5,6,7,-1,7,6,8,-1,7,8,9,-1,9,8,10,-1,9,10,11,-1,12,13,14,-1,14,13,15,-1,14,15,16,-1,16,15,17,-1,16,17,18,-1,18,17,19,-1,18,19,20,-1,20,19,21,-1,20,21,22,-1,22,21,23,-1,22,23,24,-1,22,24,25,-1,25,24,26,-1,25,26,27,-1,27,26,28,-1,27,28,29,-1,29,28,30,-1,29,30,31,-1,31,30,32,-1,31,32,33,-1,34,35,32,-1,32,35,33,-1,35,34,36,-1,35,36,37,-1,37,36,38,-1,37,38,39,-1,1,0,38,-1,38,0,39,-1,
        ]
    }
}
Shape{
    appearance Appearance {
        material  Material 	{
            diffuseColor 0.9686274509803922 0.8784313725490196 0.6
            specularColor 0.6784313725490196 0.615686274509804 0.4196078431372549
            ambientIntensity 0.8737
            transparency 0.0
            shininess 0.5
        }
    }
    geometry IndexedFaceSet {
        ccw TRUE
        solid FALSE
        coord DEF co Coordinate {
            point [
                1.0925 0.9705 0.0709, 1.1713 0.9705 0.0709, 1.0925 0.9705 0.1378, 1.1713 0.9705 0.1378, 0.8957 0.9705 0.0709, 0.9744 0.9705 0.0709, 0.8957 0.9705 0.1378, 0.9744 0.9705 0.1378, 0.6988 0.9705 0.0709, 0.7776 0.9705 0.0709, 0.6988 0.9705 0.1378, 0.7776 0.9705 0.1378, 0.3051 0.9705 0.0709, 0.3839 0.9705 0.0709, 0.3051 0.9705 0.1378, 0.3839 0.9705 0.1378, 0.502 0.9705 0.0709, 0.5807 0.9705 0.0709, 0.502 0.9705 0.1378, 0.5807 0.9705 0.1378, 0.1083 0.9705 0.0709, 0.187 0.9705 0.0709, 0.1083 0.9705 0.1378, 0.187 0.9705 0.1378, -0.0886 0.9705 0.0709, -0.0098 0.9705 0.0709, -0.0886 0.9705 0.1378, -0.0098 0.9705 0.1378, -0.2854 0.9705 0.0709, -0.2067 0.9705 0.0709, -0.2854 0.9705 0.1378, -0.2067 0.9705 0.1378, -0.4823 0.9705 0.0709, -0.4035 0.9705 0.0709, -0.4823 0.9705 0.1378, -0.4035 0.9705 0.1378, -0.6791 0.9705 0.0709, -0.6004 0.9705 0.0709, -0.6791 0.9705 0.1378, -0.6004 0.9705 0.1378, -0.876 0.9705 0.0709, -0.7972 0.9705 0.0709, -0.876 0.9705 0.1378, -0.7972 0.9705 0.1378, -1.0728 0.9705 0.0709, -0.9941 0.9705 0.0709, -1.0728 0.9705 0.1378, -0.9941 0.9705 0.1378, 1.0925 1.1673 0.0472, 1.0925 1.1673 0.0, 1.0925 1.0413 0.0472, 1.0925 1.0413 0.0, 1.0925 1.0352 0.048, 1.0925 1.023 0.0024, 1.0925 1.0295 0.0504, 1.0925 1.0059 0.0095, 1.0925 1.0246 0.0542, 1.0925 0.9912 0.0208, 1.0925 1.0209 0.0591, 1.0925 0.98 0.0354, 1.0925 1.0185 0.0648, 1.0925 0.9729 0.0525, 1.0925 1.0177 0.0709, 1.0925 1.0177 0.1378, 1.1713 1.0177 0.1378, 1.1713 1.0177 0.0709, 1.1713 1.0185 0.0648, 1.1713 0.9729 0.0525, 1.1713 1.0209 0.0591, 1.1713 0.98 0.0354, 1.1713 1.0246 0.0542, 1.1713 0.9912 0.0208, 1.1713 1.0295 0.0504, 1.1713 1.0059 0.0095, 1.1713 1.0352 0.048, 1.1713 1.023 0.0024, 1.1713 1.0413 0.0472, 1.1713 1.0413 0.0, 1.1713 1.1673 0.0472, 1.1713 1.1673 0.0, 0.8957 1.1673 0.0472, 0.8957 1.1673 0.0, 0.8957 1.0413 0.0472, 0.8957 1.0413 0.0, 0.8957 1.0352 0.048, 0.8957 1.023 0.0024, 0.8957 1.0295 0.0504, 0.8957 1.0059 0.0095, 0.8957 1.0246 0.0542, 0.8957 0.9912 0.0208, 0.8957 1.0209 0.0591, 0.8957 0.98 0.0354, 0.8957 1.0185 0.0648, 0.8957 0.9729 0.0525, 0.8957 1.0177 0.0709, 0.8957 1.0177 0.1378, 0.9744 1.0177 0.1378, 0.9744 1.0177 0.0709, 0.9744 1.0185 0.0648, 0.9744 0.9729 0.0525, 0.9744 1.0209 0.0591, 0.9744 0.98 0.0354, 0.9744 1.0246 0.0542, 0.9744 0.9912 0.0208, 0.9744 1.0295 0.0504, 0.9744 1.0059 0.0095, 0.9744 1.0352 0.048, 0.9744 1.023 0.0024, 0.9744 1.0413 0.0472, 0.9744 1.0413 0.0, 0.9744 1.1673 0.0472, 0.9744 1.1673 0.0, 0.6988 1.1673 0.0472, 0.6988 1.1673 0.0, 0.6988 1.0413 0.0472, 0.6988 1.0413 0.0, 0.6988 1.0352 0.048, 0.6988 1.023 0.0024, 0.6988 1.0295 0.0504, 0.6988 1.0059 0.0095, 0.6988 1.0246 0.0542, 0.6988 0.9912 0.0208, 0.6988 1.0209 0.0591, 0.6988 0.98 0.0354, 0.6988 1.0185 0.0648, 0.6988 0.9729 0.0525, 0.6988 1.0177 0.0709, 0.6988 1.0177 0.1378, 0.7776 1.0177 0.1378, 0.7776 1.0177 0.0709, 0.7776 1.0185 0.0648, 0.7776 0.9729 0.0525, 0.7776 1.0209 0.0591, 0.7776 0.98 0.0354, 0.7776 1.0246 0.0542, 0.7776 0.9912 0.0208, 0.7776 1.0295 0.0504, 0.7776 1.0059 0.0095, 0.7776 1.0352 0.048, 0.7776 1.023 0.0024, 0.7776 1.0413 0.0472, 0.7776 1.0413 0.0, 0.7776 1.1673 0.0472, 0.7776 1.1673 0.0, 0.502 1.1673 0.0472, 0.502 1.1673 0.0, 0.502 1.0413 0.0472, 0.502 1.0413 0.0, 0.502 1.0352 0.048, 0.502 1.023 0.0024, 0.502 1.0295 0.0504, 0.502 1.0059 0.0095, 0.502 1.0246 0.0542, 0.502 0.9912 0.0208, 0.502 1.0209 0.0591, 0.502 0.98 0.0354, 0.502 1.0185 0.0648, 0.502 0.9729 0.0525, 0.502 1.0177 0.0709, 0.502 1.0177 0.1378, 0.5807 1.0177 0.1378, 0.5807 1.0177 0.0709, 0.5807 1.0185 0.0648, 0.5807 0.9729 0.0525, 0.5807 1.0209 0.0591, 0.5807 0.98 0.0354, 0.5807 1.0246 0.0542, 0.5807 0.9912 0.0208, 0.5807 1.0295 0.0504, 0.5807 1.0059 0.0095, 0.5807 1.0352 0.048, 0.5807 1.023 0.0024, 0.5807 1.0413 0.0472, 0.5807 1.0413 0.0, 0.5807 1.1673 0.0472, 0.5807 1.1673 0.0, 0.3051 1.1673 0.0472, 0.3051 1.1673 0.0, 0.3051 1.0413 0.0472, 0.3051 1.0413 0.0, 0.3051 1.0352 0.048, 0.3051 1.023 0.0024, 0.3051 1.0295 0.0504, 0.3051 1.0059 0.0095, 0.3051 1.0246 0.0542, 0.3051 0.9912 0.0208, 0.3051 1.0209 0.0591, 0.3051 0.98 0.0354, 0.3051 1.0185 0.0648, 0.3051 0.9729 0.0525, 0.3051 1.0177 0.0709, 0.3051 1.0177 0.1378, 0.3839 1.0177 0.1378, 0.3839 1.0177 0.0709, 0.3839 1.0185 0.0648, 0.3839 0.9729 0.0525, 0.3839 1.0209 0.0591, 0.3839 0.98 0.0354, 0.3839 1.0246 0.0542, 0.3839 0.9912 0.0208, 0.3839 1.0295 0.0504, 0.3839 1.0059 0.0095, 0.3839 1.0352 0.048, 0.3839 1.023 0.0024, 0.3839 1.0413 0.0472, 0.3839 1.0413 0.0, 0.3839 1.1673 0.0472, 0.3839 1.1673 0.0, 0.1083 1.1673 0.0472, 0.1083 1.1673 0.0, 0.1083 1.0413 0.0472, 0.1083 1.0413 0.0, 0.1083 1.0352 0.048, 0.1083 1.023 0.0024, 0.1083 1.0295 0.0504, 0.1083 1.0059 0.0095, 0.1083 1.0246 0.0542, 0.1083 0.9912 0.0208, 0.1083 1.0209 0.0591, 0.1083 0.98 0.0354, 0.1083 1.0185 0.0648, 0.1083 0.9729 0.0525, 0.1083 1.0177 0.0709, 0.1083 1.0177 0.1378, 0.187 1.0177 0.1378, 0.187 1.0177 0.0709, 0.187 1.0185 0.0648, 0.187 0.9729 0.0525, 0.187 1.0209 0.0591, 0.187 0.98 0.0354, 0.187 1.0246 0.0542, 0.187 0.9912 0.0208, 0.187 1.0295 0.0504, 0.187 1.0059 0.0095, 0.187 1.0352 0.048, 0.187 1.023 0.0024, 0.187 1.0413 0.0472, 0.187 1.0413 0.0, 0.187 1.1673 0.0472, 0.187 1.1673 0.0, -0.0886 1.1673 0.0472, -0.0886 1.1673 0.0, -0.0886 1.0413 0.0472, -0.0886 1.0413 0.0, -0.0886 1.0352 0.048, -0.0886 1.023 0.0024, -0.0886 1.0295 0.0504, -0.0886 1.0059 0.0095, -0.0886 1.0246 0.0542, -0.0886 0.9912 0.0208, -0.0886 1.0209 0.0591, -0.0886 0.98 0.0354, -0.0886 1.0185 0.0648, -0.0886 0.9729 0.0525, -0.0886 1.0177 0.0709, -0.0886 1.0177 0.1378, -0.0098 1.0177 0.1378, -0.0098 1.0177 0.0709, -0.0098 1.0185 0.0648, -0.0098 0.9729 0.0525, -0.0098 1.0209 0.0591, -0.0098 0.98 0.0354, -0.0098 1.0246 0.0542, -0.0098 0.9912 0.0208, -0.0098 1.0295 0.0504, -0.0098 1.0059 0.0095, -0.0098 1.0352 0.048, -0.0098 1.023 0.0024, -0.0098 1.0413 0.0472, -0.0098 1.0413 0.0, -0.0098 1.1673 0.0472, -0.0098 1.1673 0.0, -0.2854 1.1673 0.0472, -0.2854 1.1673 0.0, -0.2854 1.0413 0.0472, -0.2854 1.0413 0.0, -0.2854 1.0352 0.048, -0.2854 1.023 0.0024, -0.2854 1.0295 0.0504, -0.2854 1.0059 0.0095, -0.2854 1.0246 0.0542, -0.2854 0.9912 0.0208, -0.2854 1.0209 0.0591, -0.2854 0.98 0.0354, -0.2854 1.0185 0.0648, -0.2854 0.9729 0.0525, -0.2854 1.0177 0.0709, -0.2854 1.0177 0.1378, -0.2067 1.0177 0.1378, -0.2067 1.0177 0.0709, -0.2067 1.0185 0.0648, -0.2067 0.9729 0.0525, -0.2067 1.0209 0.0591, -0.2067 0.98 0.0354, -0.2067 1.0246 0.0542, -0.2067 0.9912 0.0208, -0.2067 1.0295 0.0504, -0.2067 1.0059 0.0095, -0.2067 1.0352 0.048, -0.2067 1.023 0.0024, -0.2067 1.0413 0.0472, -0.2067 1.0413 0.0, -0.2067 1.1673 0.0472, -0.2067 1.1673 0.0, -0.4823 1.1673 0.0472, -0.4823 1.1673 0.0, -0.4823 1.0413 0.0472, -0.4823 1.0413 0.0, -0.4823 1.0352 0.048, -0.4823 1.023 0.0024, -0.4823 1.0295 0.0504, -0.4823 1.0059 0.0095, -0.4823 1.0246 0.0542, -0.4823 0.9912 0.0208, -0.4823 1.0209 0.0591, -0.4823 0.98 0.0354, -0.4823 1.0185 0.0648, -0.4823 0.9729 0.0525, -0.4823 1.0177 0.0709, -0.4823 1.0177 0.1378, -0.4035 1.0177 0.1378, -0.4035 1.0177 0.0709, -0.4035 1.0185 0.0648, -0.4035 0.9729 0.0525, -0.4035 1.0209 0.0591, -0.4035 0.98 0.0354, -0.4035 1.0246 0.0542, -0.4035 0.9912 0.0208, -0.4035 1.0295 0.0504, -0.4035 1.0059 0.0095, -0.4035 1.0352 0.048, -0.4035 1.023 0.0024, -0.4035 1.0413 0.0472, -0.4035 1.0413 0.0, -0.4035 1.1673 0.0472, -0.4035 1.1673 0.0, -0.6791 1.1673 0.0472, -0.6791 1.1673 0.0, -0.6791 1.0413 0.0472, -0.6791 1.0413 0.0, -0.6791 1.0352 0.048, -0.6791 1.023 0.0024, -0.6791 1.0295 0.0504, -0.6791 1.0059 0.0095, -0.6791 1.0246 0.0542, -0.6791 0.9912 0.0208, -0.6791 1.0209 0.0591, -0.6791 0.98 0.0354, -0.6791 1.0185 0.0648, -0.6791 0.9729 0.0525, -0.6791 1.0177 0.0709, -0.6791 1.0177 0.1378, -0.6004 1.0177 0.1378, -0.6004 1.0177 0.0709, -0.6004 1.0185 0.0648, -0.6004 0.9729 0.0525, -0.6004 1.0209 0.0591, -0.6004 0.98 0.0354, -0.6004 1.0246 0.0542, -0.6004 0.9912 0.0208, -0.6004 1.0295 0.0504, -0.6004 1.0059 0.0095, -0.6004 1.0352 0.048, -0.6004 1.023 0.0024, -0.6004 1.0413 0.0472, -0.6004 1.0413 0.0, -0.6004 1.1673 0.0472, -0.6004 1.1673 0.0, -0.876 1.1673 0.0472, -0.876 1.1673 0.0, -0.876 1.0413 0.0472, -0.876 1.0413 0.0, -0.876 1.0352 0.048, -0.876 1.023 0.0024, -0.876 1.0295 0.0504, -0.876 1.0059 0.0095, -0.876 1.0246 0.0542, -0.876 0.9912 0.0208, -0.876 1.0209 0.0591, -0.876 0.98 0.0354, -0.876 1.0185 0.0648, -0.876 0.9729 0.0525, -0.876 1.0177 0.0709, -0.876 1.0177 0.1378, -0.7972 1.0177 0.1378, -0.7972 1.0177 0.0709, -0.7972 1.0185 0.0648, -0.7972 0.9729 0.0525, -0.7972 1.0209 0.0591, -0.7972 0.98 0.0354, -0.7972 1.0246 0.0542, -0.7972 0.9912 0.0208, -0.7972 1.0295 0.0504, -0.7972 1.0059 0.0095, -0.7972 1.0352 0.048, -0.7972 1.023 0.0024, -0.7972 1.0413 0.0472, -0.7972 1.0413 0.0, -0.7972 1.1673 0.0472, -0.7972 1.1673 0.0, -1.0728 1.1673 0.0472, -1.0728 1.1673 0.0, -1.0728 1.0413 0.0472, -1.0728 1.0413 0.0, -1.0728 1.0352 0.048, -1.0728 1.023 0.0024, -1.0728 1.0295 0.0504, -1.0728 1.0059 0.0095, -1.0728 1.0246 0.0542, -1.0728 0.9912 0.0208, -1.0728 1.0209 0.0591, -1.0728 0.98 0.0354, -1.0728 1.0185 0.0648, -1.0728 0.9729 0.0525, -1.0728 1.0177 0.0709, -1.0728 1.0177 0.1378, -0.9941 1.0177 0.1378, -0.9941 1.0177 0.0709, -0.9941 1.0185 0.0648, -0.9941 0.9729 0.0525, -0.9941 1.0209 0.0591, -0.9941 0.98 0.0354, -0.9941 1.0246 0.0542, -0.9941 0.9912 0.0208, -0.9941 1.0295 0.0504, -0.9941 1.0059 0.0095, -0.9941 1.0352 0.048, -0.9941 1.023 0.0024, -0.9941 1.0413 0.0472, -0.9941 1.0413 0.0, -0.9941 1.1673 0.0472, -0.9941 1.1673 0.0
            ]
        }
        coordIndex [
            0,1,2,-1,2,1,3,-1,4,5,6,-1,6,5,7,-1,8,9,10,-1,10,9,11,-1,12,13,14,-1,14,13,15,-1,16,17,18,-1,18,17,19,-1,20,21,22,-1,22,21,23,-1,24,25,26,-1,26,25,27,-1,28,29,30,-1,30,29,31,-1,32,33,34,-1,34,33,35,-1,36,37,38,-1,38,37,39,-1,40,41,42,-1,42,41,43,-1,44,45,46,-1,46,45,47,-1,48,49,50,-1,50,49,51,-1,50,51,52,-1,52,51,53,-1,52,53,54,-1,54,53,55,-1,54,55,56,-1,56,55,57,-1,56,57,58,-1,58,57,59,-1,58,59,60,-1,60,59,61,-1,60,61,62,-1,62,61,0,-1,62,0,63,-1,63,0,2,-1,64,3,65,-1,65,3,1,-1,65,1,66,-1,66,1,67,-1,66,67,68,-1,68,67,69,-1,68,69,70,-1,70,69,71,-1,70,71,72,-1,72,71,73,-1,72,73,74,-1,74,73,75,-1,74,75,76,-1,76,75,77,-1,76,77,78,-1,78,77,79,-1,80,81,82,-1,82,81,83,-1,82,83,84,-1,84,83,85,-1,84,85,86,-1,86,85,87,-1,86,87,88,-1,88,87,89,-1,88,89,90,-1,90,89,91,-1,90,91,92,-1,92,91,93,-1,92,93,94,-1,94,93,4,-1,94,4,95,-1,95,4,6,-1,96,7,97,-1,97,7,5,-1,97,5,98,-1,98,5,99,-1,98,99,100,-1,100,99,101,-1,100,101,102,-1,102,101,103,-1,102,103,104,-1,104,103,105,-1,104,105,106,-1,106,105,107,-1,106,107,108,-1,108,107,109,-1,108,109,110,-1,110,109,111,-1,112,113,114,-1,114,113,115,-1,114,115,116,-1,116,115,117,-1,116,117,118,-1,118,117,119,-1,118,119,120,-1,120,119,121,-1,120,121,122,-1,122,121,123,-1,122,123,124,-1,124,123,125,-1,124,125,126,-1,126,125,8,-1,126,8,127,-1,127,8,10,-1,128,11,129,-1,129,11,9,-1,129,9,130,-1,130,9,131,-1,130,131,132,-1,132,131,133,-1,132,133,134,-1,134,133,135,-1,134,135,136,-1,136,135,137,-1,136,137,138,-1,138,137,139,-1,138,139,140,-1,140,139,141,-1,140,141,142,-1,142,141,143,-1,144,145,146,-1,146,145,147,-1,146,147,148,-1,148,147,149,-1,148,149,150,-1,150,149,151,-1,150,151,152,-1,152,151,153,-1,152,153,154,-1,154,153,155,-1,154,155,156,-1,156,155,157,-1,156,157,158,-1,158,157,16,-1,158,16,159,-1,159,16,18,-1,160,19,161,-1,161,19,17,-1,161,17,162,-1,162,17,163,-1,162,163,164,-1,164,163,165,-1,164,165,166,-1,166,165,167,-1,166,167,168,-1,168,167,169,-1,168,169,170,-1,170,169,171,-1,170,171,172,-1,172,171,173,-1,172,173,174,-1,174,173,175,-1,176,177,178,-1,178,177,179,-1,178,179,180,-1,180,179,181,-1,180,181,182,-1,182,181,183,-1,182,183,184,-1,184,183,185,-1,184,185,186,-1,186,185,187,-1,186,187,188,-1,188,187,189,-1,188,189,190,-1,190,189,12,-1,190,12,191,-1,191,12,14,-1,192,15,193,-1,193,15,13,-1,193,13,194,-1,194,13,195,-1,194,195,196,-1,196,195,197,-1,196,197,198,-1,198,197,199,-1,198,199,200,-1,200,199,201,-1,200,201,202,-1,202,201,203,-1,202,203,204,-1,204,203,205,-1,204,205,206,-1,206,205,207,-1,208,209,210,-1,210,209,211,-1,210,211,212,-1,212,211,213,-1,212,213,214,-1,214,213,215,-1,214,215,216,-1,216,215,217,-1,216,217,218,-1,218,217,219,-1,218,219,220,-1,220,219,221,-1,220,221,222,-1,222,221,20,-1,222,20,223,-1,223,20,22,-1,224,23,225,-1,225,23,21,-1,225,21,226,-1,226,21,227,-1,226,227,228,-1,228,227,229,-1,228,229,230,-1,230,229,231,-1,230,231,232,-1,232,231,233,-1,232,233,234,-1,234,233,235,-1,234,235,236,-1,236,235,237,-1,236,237,238,-1,238,237,239,-1,240,241,242,-1,242,241,243,-1,242,243,244,-1,244,243,245,-1,244,245,246,-1,246,245,247,-1,246,247,248,-1,248,247,249,-1,248,249,250,-1,250,249,251,-1,250,251,252,-1,252,251,253,-1,252,253,254,-1,254,253,24,-1,254,24,255,-1,255,24,26,-1,256,27,257,-1,257,27,25,-1,257,25,258,-1,258,25,259,-1,258,259,260,-1,260,259,261,-1,260,261,262,-1,262,261,263,-1,262,263,264,-1,264,263,265,-1,264,265,266,-1,266,265,267,-1,266,267,268,-1,268,267,269,-1,268,269,270,-1,270,269,271,-1,272,273,274,-1,274,273,275,-1,274,275,276,-1,276,275,277,-1,276,277,278,-1,278,277,279,-1,278,279,280,-1,280,279,281,-1,280,281,282,-1,282,281,283,-1,282,283,284,-1,284,283,285,-1,284,285,286,-1,286,285,28,-1,286,28,287,-1,287,28,30,-1,288,31,289,-1,289,31,29,-1,289,29,290,-1,290,29,291,-1,290,291,292,-1,292,291,293,-1,292,293,294,-1,294,293,295,-1,294,295,296,-1,296,295,297,-1,296,297,298,-1,298,297,299,-1,298,299,300,-1,300,299,301,-1,300,301,302,-1,302,301,303,-1,304,305,306,-1,306,305,307,-1,306,307,308,-1,308,307,309,-1,308,309,310,-1,310,309,311,-1,310,311,312,-1,312,311,313,-1,312,313,314,-1,314,313,315,-1,314,315,316,-1,316,315,317,-1,316,317,318,-1,318,317,32,-1,318,32,319,-1,319,32,34,-1,320,35,321,-1,321,35,33,-1,321,33,322,-1,322,33,323,-1,322,323,324,-1,324,323,325,-1,324,325,326,-1,326,325,327,-1,326,327,328,-1,328,327,329,-1,328,329,330,-1,330,329,331,-1,330,331,332,-1,332,331,333,-1,332,333,334,-1,334,333,335,-1,336,337,338,-1,338,337,339,-1,338,339,340,-1,340,339,341,-1,340,341,342,-1,342,341,343,-1,342,343,344,-1,344,343,345,-1,344,345,346,-1,346,345,347,-1,346,347,348,-1,348,347,349,-1,348,349,350,-1,350,349,36,-1,350,36,351,-1,351,36,38,-1,352,39,353,-1,353,39,37,-1,353,37,354,-1,354,37,355,-1,354,355,356,-1,356,355,357,-1,356,357,358,-1,358,357,359,-1,358,359,360,-1,360,359,361,-1,360,361,362,-1,362,361,363,-1,362,363,364,-1,364,363,365,-1,364,365,366,-1,366,365,367,-1,368,369,370,-1,370,369,371,-1,370,371,372,-1,372,371,373,-1,372,373,374,-1,374,373,375,-1,374,375,376,-1,376,375,377,-1,376,377,378,-1,378,377,379,-1,378,379,380,-1,380,379,381,-1,380,381,382,-1,382,381,40,-1,382,40,383,-1,383,40,42,-1,384,43,385,-1,385,43,41,-1,385,41,386,-1,386,41,387,-1,386,387,388,-1,388,387,389,-1,388,389,390,-1,390,389,391,-1,390,391,392,-1,392,391,393,-1,392,393,394,-1,394,393,395,-1,394,395,396,-1,396,395,397,-1,396,397,398,-1,398,397,399,-1,400,401,402,-1,402,401,403,-1,402,403,404,-1,404,403,405,-1,404,405,406,-1,406,405,407,-1,406,407,408,-1,408,407,409,-1,408,409,410,-1,410,409,411,-1,410,411,412,-1,412,411,413,-1,412,413,414,-1,414,413,44,-1,414,44,415,-1,415,44,46,-1,416,47,417,-1,417,47,45,-1,417,45,418,-1,418,45,419,-1,418,419,420,-1,420,419,421,-1,420,421,422,-1,422,421,423,-1,422,423,424,-1,424,423,425,-1,424,425,426,-1,426,425,427,-1,426,427,428,-1,428,427,429,-1,428,429,430,-1,430,429,431,-1,1,0,61,-1,1,61,67,-1,67,61,59,-1,67,59,69,-1,69,59,57,-1,69,57,71,-1,71,57,55,-1,71,55,73,-1,73,55,53,-1,73,53,75,-1,75,53,51,-1,75,51,77,-1,5,4,93,-1,5,93,99,-1,99,93,91,-1,99,91,101,-1,101,91,89,-1,101,89,103,-1,103,89,87,-1,103,87,105,-1,105,87,85,-1,105,85,107,-1,107,85,83,-1,107,83,109,-1,9,8,125,-1,9,125,131,-1,131,125,123,-1,131,123,133,-1,133,123,121,-1,133,121,135,-1,135,121,119,-1,135,119,137,-1,137,119,117,-1,137,117,139,-1,139,117,115,-1,139,115,141,-1,13,12,189,-1,13,189,195,-1,195,189,187,-1,195,187,197,-1,197,187,185,-1,197,185,199,-1,199,185,183,-1,199,183,201,-1,201,183,181,-1,201,181,203,-1,203,181,179,-1,203,179,205,-1,17,16,157,-1,17,157,163,-1,163,157,155,-1,163,155,165,-1,165,155,153,-1,165,153,167,-1,167,153,151,-1,167,151,169,-1,169,151,149,-1,169,149,171,-1,171,149,147,-1,171,147,173,-1,21,20,221,-1,21,221,227,-1,227,221,219,-1,227,219,229,-1,229,219,217,-1,229,217,231,-1,231,217,215,-1,231,215,233,-1,233,215,213,-1,233,213,235,-1,235,213,211,-1,235,211,237,-1,25,24,253,-1,25,253,259,-1,259,253,251,-1,259,251,261,-1,261,251,249,-1,261,249,263,-1,263,249,247,-1,263,247,265,-1,265,247,245,-1,265,245,267,-1,267,245,243,-1,267,243,269,-1,29,28,285,-1,29,285,291,-1,291,285,283,-1,291,283,293,-1,293,283,281,-1,293,281,295,-1,295,281,279,-1,295,279,297,-1,297,279,277,-1,297,277,299,-1,299,277,275,-1,299,275,301,-1,33,32,317,-1,33,317,323,-1,323,317,315,-1,323,315,325,-1,325,315,313,-1,325,313,327,-1,327,313,311,-1,327,311,329,-1,329,311,309,-1,329,309,331,-1,331,309,307,-1,331,307,333,-1,37,36,349,-1,37,349,355,-1,355,349,347,-1,355,347,357,-1,357,347,345,-1,357,345,359,-1,359,345,343,-1,359,343,361,-1,361,343,341,-1,361,341,363,-1,363,341,339,-1,363,339,365,-1,41,40,381,-1,41,381,387,-1,387,381,379,-1,387,379,389,-1,389,379,377,-1,389,377,391,-1,391,377,375,-1,391,375,393,-1,393,375,373,-1,393,373,395,-1,395,373,371,-1,395,371,397,-1,45,44,413,-1,45,413,419,-1,419,413,411,-1,419,411,421,-1,421,411,409,-1,421,409,423,-1,423,409,407,-1,423,407,425,-1,425,407,405,-1,425,405,427,-1,427,405,403,-1,427,403,429,-1,76,50,74,-1,74,50,52,-1,74,52,72,-1,72,52,54,-1,72,54,70,-1,70,54,56,-1,70,56,68,-1,68,56,58,-1,68,58,66,-1,66,58,60,-1,66,60,65,-1,65,60,62,-1,108,82,106,-1,106,82,84,-1,106,84,104,-1,104,84,86,-1,104,86,102,-1,102,86,88,-1,102,88,100,-1,100,88,90,-1,100,90,98,-1,98,90,92,-1,98,92,97,-1,97,92,94,-1,140,114,138,-1,138,114,116,-1,138,116,136,-1,136,116,118,-1,136,118,134,-1,134,118,120,-1,134,120,132,-1,132,120,122,-1,132,122,130,-1,130,122,124,-1,130,124,129,-1,129,124,126,-1,172,146,170,-1,170,146,148,-1,170,148,168,-1,168,148,150,-1,168,150,166,-1,166,150,152,-1,166,152,164,-1,164,152,154,-1,164,154,162,-1,162,154,156,-1,162,156,161,-1,161,156,158,-1,204,178,202,-1,202,178,180,-1,202,180,200,-1,200,180,182,-1,200,182,198,-1,198,182,184,-1,198,184,196,-1,196,184,186,-1,196,186,194,-1,194,186,188,-1,194,188,193,-1,193,188,190,-1,236,210,234,-1,234,210,212,-1,234,212,232,-1,232,212,214,-1,232,214,230,-1,230,214,216,-1,230,216,228,-1,228,216,218,-1,228,218,226,-1,226,218,220,-1,226,220,225,-1,225,220,222,-1,268,242,266,-1,266,242,244,-1,266,244,264,-1,264,244,246,-1,264,246,262,-1,262,246,248,-1,262,248,260,-1,260,248,250,-1,260,250,258,-1,258,250,252,-1,258,252,257,-1,257,252,254,-1,300,274,298,-1,298,274,276,-1,298,276,296,-1,296,276,278,-1,296,278,294,-1,294,278,280,-1,294,280,292,-1,292,280,282,-1,292,282,290,-1,290,282,284,-1,290,284,289,-1,289,284,286,-1,332,306,330,-1,330,306,308,-1,330,308,328,-1,328,308,310,-1,328,310,326,-1,326,310,312,-1,326,312,324,-1,324,312,314,-1,324,314,322,-1,322,314,316,-1,322,316,321,-1,321,316,318,-1,364,338,362,-1,362,338,340,-1,362,340,360,-1,360,340,342,-1,360,342,358,-1,358,342,344,-1,358,344,356,-1,356,344,346,-1,356,346,354,-1,354,346,348,-1,354,348,353,-1,353,348,350,-1,396,370,394,-1,394,370,372,-1,394,372,392,-1,392,372,374,-1,392,374,390,-1,390,374,376,-1,390,376,388,-1,388,376,378,-1,388,378,386,-1,386,378,380,-1,386,380,385,-1,385,380,382,-1,428,402,426,-1,426,402,404,-1,426,404,424,-1,424,404,406,-1,424,406,422,-1,422,406,408,-1,422,408,420,-1,420,408,410,-1,420,410,418,-1,418,410,412,-1,418,412,417,-1,417,412,414,-1,76,78,50,-1,50,78,48,-1,78,79,48,-1,48,79,49,-1,79,77,49,-1,49,77,51,-1,108,110,82,-1,82,110,80,-1,110,111,80,-1,80,111,81,-1,111,109,81,-1,81,109,83,-1,140,142,114,-1,114,142,112,-1,142,143,112,-1,112,143,113,-1,143,141,113,-1,113,141,115,-1,172,174,146,-1,146,174,144,-1,174,175,144,-1,144,175,145,-1,175,173,145,-1,145,173,147,-1,204,206,178,-1,178,206,176,-1,206,207,176,-1,176,207,177,-1,207,205,177,-1,177,205,179,-1,236,238,210,-1,210,238,208,-1,238,239,208,-1,208,239,209,-1,239,237,209,-1,209,237,211,-1,268,270,242,-1,242,270,240,-1,270,271,240,-1,240,271,241,-1,271,269,241,-1,241,269,243,-1,300,302,274,-1,274,302,272,-1,302,303,272,-1,272,303,273,-1,303,301,273,-1,273,301,275,-1,332,334,306,-1,306,334,304,-1,334,335,304,-1,304,335,305,-1,335,333,305,-1,305,333,307,-1,364,366,338,-1,338,366,336,-1,366,367,336,-1,336,367,337,-1,367,365,337,-1,337,365,339,-1,396,398,370,-1,370,398,368,-1,398,399,368,-1,368,399,369,-1,399,397,369,-1,369,397,371,-1,428,430,402,-1,402,430,400,-1,430,431,400,-1,400,431,401,-1,431,429,401,-1,401,429,403,-1,
        ]
    }
}
Shape{
    appearance Appearance {
        material  Material 	{
            diffuseColor 0.2235294117647059 0.2235294117647059 0.2235294117647059
            specularColor 0.11372549019607843 0.11372549019607843 0.11372549019607843
            ambientIntensity 0.2235
            transparency 0.0
            shininess 0.5
        }
    }
    geometry IndexedFaceSet {
        ccw TRUE
        solid FALSE
        coord DEF co Coordinate {
            point [
                1.1319 -0.6951 0.3939, 1.1319 -0.6949 0.3937, 1.1319 -0.1713 0.3939, 1.1319 -0.1713 0.3937, -1.1319 -0.1713 0.3937, -1.1319 -0.6949 0.3937, -1.1319 -0.1713 0.3939, -1.1319 -0.6951 0.3939, -0.315 -0.5059 0.3937, -0.6398 -0.6949 0.3937, -0.6398 -0.5453 0.3937, -0.6004 -0.5059 0.3937, 0.6398 -0.6949 0.3937, 0.6398 -0.5453 0.3937, 0.2756 -0.5453 0.3937, 0.2756 -0.6949 0.3937, -0.2756 -0.6949 0.3937, 0.6004 -0.5059 0.3937, 0.315 -0.5059 0.3937, -0.2756 -0.5453 0.3937, 0.6398 -0.6951 0.3939, -0.2756 -0.6951 0.3939, 0.2756 -0.6951 0.3939, -0.6398 -0.6951 0.3939, -0.6398 -0.5453 0.3939, -0.6004 -0.5059 0.3939, -0.315 -0.5059 0.3939, -0.2756 -0.5453 0.3939, 0.2756 -0.5453 0.3939, 0.315 -0.5059 0.3939, 0.6004 -0.5059 0.3939, 0.6398 -0.5453 0.3939, 0.2963 -0.7364 0.4006, -0.2963 -0.7364 0.4006, 0.2964 -0.7362 0.4004, -0.2964 -0.7362 0.4004, -0.2972 -0.7348 0.399, 0.298 -0.7336 0.3981, 0.2976 -0.7342 0.3986, -0.298 -0.7336 0.398, -0.2976 -0.7342 0.3986, 0.2982 -0.7332 0.3977, -0.2982 -0.7332 0.3977, -0.2994 -0.7315 0.3966, -0.2996 -0.7312 0.3964, -0.3006 -0.7296 0.3958, 0.2997 -0.7311 0.3966, -0.3021 -0.7275 0.3949, 0.3014 -0.7285 0.3951, 0.3007 -0.7296 0.3958, 0.3035 -0.7252 0.3944, 0.3021 -0.7275 0.3949, -0.3035 -0.7253 0.3943, -0.3024 -0.7271 0.3947, 0.3051 -0.7215 0.3939, 0.305 -0.7221 0.3939, 0.3049 -0.722 0.3939, 0.3048 -0.7226 0.3939, 0.3044 -0.7238 0.394, -0.3045 -0.7235 0.394, -0.3048 -0.7226 0.3939, -0.305 -0.7221 0.3939, -0.3051 -0.7215 0.3939, -1.1516 -0.1713 0.3939, -1.1516 -0.7215 0.3939, -0.6103 -0.7215 0.3939, -0.6103 -0.5887 0.3939, -0.5767 -0.5551 0.3939, -0.3387 -0.5551 0.3939, -0.3051 -0.5887 0.3939, 0.3051 -0.5887 0.3939, 0.3387 -0.5551 0.3939, 0.5767 -0.5551 0.3939, 0.6103 -0.5887 0.3939, 0.6103 -0.7215 0.3939, 1.1516 -0.7215 0.3939, 1.1516 -0.1713 0.3939, 0.6158 -0.7312 0.3964, 0.6147 -0.7297 0.3958, 1.1516 -0.7297 0.3957, 1.1516 -0.7297 0.3956, 1.1516 -0.7364 0.4006, 0.619 -0.7364 0.4006, 1.1516 -0.7337 0.3981, 0.6189 -0.7362 0.4004, 0.6181 -0.7348 0.399, 1.1516 -0.7253 0.3942, 0.6119 -0.7253 0.3943, 0.6108 -0.7235 0.394, 0.6105 -0.7226 0.3939, 0.6104 -0.7221 0.3939, 1.1516 -0.7256 0.3944, 0.6133 -0.7275 0.3949, 0.613 -0.7271 0.3947, 0.6178 -0.7342 0.3986, 0.6174 -0.7337 0.3981, 1.1516 -0.7334 0.3979, 0.6172 -0.7332 0.3977, 0.616 -0.7315 0.3966, -0.619 -0.7364 0.4006, -1.1516 -0.7364 0.4006, -0.6189 -0.7362 0.4004, -1.1516 -0.7337 0.3981, -0.6177 -0.7342 0.3986, -0.6174 -0.7337 0.3981, -0.6157 -0.7311 0.3966, -0.6172 -0.7332 0.3977, -1.1516 -0.7297 0.3957, -1.1516 -0.7333 0.3979, -1.1516 -0.7297 0.3956, -0.6139 -0.7285 0.3951, -0.6147 -0.7296 0.3958, -0.6119 -0.7253 0.3944, -0.6133 -0.7275 0.3949, -1.1516 -0.7253 0.3942, -1.1516 -0.7256 0.3943, -0.6104 -0.7221 0.3939, -0.6105 -0.7226 0.3939, -0.6104 -0.722 0.3939, -0.611 -0.7238 0.394, 1.1516 -0.1713 0.866, 1.1319 -0.1713 0.866, 1.1516 -0.7215 0.866, 1.1319 -0.6951 0.866, 0.6103 -0.7215 0.866, 0.6398 -0.6951 0.866, 0.6103 -0.5887 0.866, 0.6398 -0.5453 0.866, 0.5767 -0.5551 0.866, 0.6004 -0.5059 0.866, 0.3387 -0.5551 0.866, 0.315 -0.5059 0.866, 0.3051 -0.5887 0.866, 0.2756 -0.5453 0.866, 0.3051 -0.7215 0.866, 0.2756 -0.6951 0.866, -0.3051 -0.7215 0.866, -0.2756 -0.6951 0.866, -0.3051 -0.5887 0.866, -0.2756 -0.5453 0.866, -0.3387 -0.5551 0.866, -0.315 -0.5059 0.866, -0.5767 -0.5551 0.866, -0.6004 -0.5059 0.866, -0.6103 -0.5887 0.866, -0.6398 -0.5453 0.866, -0.6103 -0.7215 0.866, -0.6398 -0.6951 0.866, -1.1516 -0.7215 0.866, -1.1319 -0.6951 0.866, -1.1516 -0.1713 0.866, -1.1319 -0.1713 0.866, 0.619 -0.7364 0.8592, 1.1516 -0.7364 0.8592, 0.6189 -0.7362 0.8594, 1.1516 -0.7336 0.8618, 0.6177 -0.7342 0.8612, 1.1516 -0.7333 0.862, 0.6172 -0.7332 0.8621, 0.6174 -0.7336 0.8618, 0.6147 -0.7296 0.8641, 0.6157 -0.7311 0.8633, 1.1516 -0.7297 0.8642, 1.1516 -0.7297 0.8642, 0.6139 -0.7285 0.8647, 1.1516 -0.7253 0.8656, 0.6133 -0.7275 0.8649, 0.6119 -0.7252 0.8655, 1.1516 -0.7256 0.8655, 0.6104 -0.7221 0.866, 0.6105 -0.7226 0.8659, 0.6104 -0.722 0.866, 0.611 -0.7238 0.8658, -1.1516 -0.7364 0.8592, -0.619 -0.7364 0.8592, -1.1516 -0.7336 0.8618, -0.6189 -0.7362 0.8594, -0.6181 -0.7348 0.8608, -1.1516 -0.7253 0.8656, -0.6119 -0.7253 0.8655, -0.6108 -0.7235 0.8659, -0.6105 -0.7226 0.8659, -0.6104 -0.7221 0.866, -0.6172 -0.7332 0.8621, -0.616 -0.7315 0.8633, -1.1516 -0.7297 0.8642, -0.6178 -0.7342 0.8613, -0.6174 -0.7336 0.8618, -1.1516 -0.7334 0.862, -1.1516 -0.7297 0.8642, -0.6158 -0.7312 0.8634, -0.6147 -0.7296 0.8641, -1.1516 -0.7256 0.8655, -0.6133 -0.7275 0.865, -0.613 -0.7271 0.8652, -0.2963 -0.7364 0.8592, 0.2963 -0.7364 0.8592, -0.2964 -0.7362 0.8594, 0.2964 -0.7362 0.8594, 0.2972 -0.7348 0.8608, -0.298 -0.7336 0.8618, -0.2976 -0.7342 0.8612, 0.298 -0.7336 0.8618, 0.2976 -0.7342 0.8613, -0.2982 -0.7332 0.8621, 0.2982 -0.7332 0.8621, 0.2994 -0.7315 0.8633, 0.2996 -0.7312 0.8634, 0.3006 -0.7296 0.8641, -0.2997 -0.7311 0.8633, 0.3021 -0.7275 0.865, -0.3014 -0.7285 0.8647, -0.3007 -0.7296 0.8641, -0.3035 -0.7252 0.8655, -0.3021 -0.7275 0.8649, 0.3035 -0.7253 0.8655, 0.3024 -0.7271 0.8652, -0.305 -0.7221 0.866, -0.3049 -0.722 0.866, -0.3048 -0.7226 0.8659, -0.3044 -0.7238 0.8658, 0.3045 -0.7235 0.8659, 0.3048 -0.7226 0.8659, 0.305 -0.7221 0.866, -1.5236 0.8406 0.6811, -1.5236 0.7618 0.6024, -1.6339 0.8406 0.6811, -1.6339 0.7618 0.6024, 1.6339 0.8406 0.6811, 1.6339 0.7618 0.6024, 1.5236 0.8406 0.6811, 1.5236 0.7618 0.6024, -0.6105 -0.7243 0.3939, -0.6083 -0.7214 0.3937, -0.3071 -0.7214 0.3937, -0.3029 -0.7267 0.3944, -0.3021 -0.7279 0.395, -0.6133 -0.7279 0.395, -0.301 -0.7294 0.3956, -0.6145 -0.7295 0.3955, -0.6106 -0.7243 0.3939, -0.3049 -0.7243 0.3941, -0.6114 -0.7255 0.3943, -0.3039 -0.7255 0.3943, -0.303 -0.7267 0.3944, -0.2983 -0.7331 0.3976, -0.617 -0.7331 0.3976, -0.6157 -0.7313 0.3965, -0.6146 -0.7296 0.3955, -0.2996 -0.7313 0.3965, -0.2992 -0.7319 0.3967, -0.2968 -0.7355 0.3997, -0.6177 -0.7342 0.3986, -0.6172 -0.7334 0.3978, -0.2979 -0.7337 0.3981, -0.2976 -0.7343 0.3986, -0.6083 -0.5895 0.3937, -0.5758 -0.5571 0.3937, -0.3395 -0.5571 0.3937, -0.3071 -0.5895 0.3937, 0.6083 -0.5895 0.3937, 0.6083 -0.7214 0.3937, 0.3071 -0.7214 0.3937, 0.5758 -0.5571 0.3937, 0.3395 -0.5571 0.3937, 0.3071 -0.5895 0.3937, 0.3048 -0.7243 0.3939, 0.6124 -0.7267 0.3944, 0.6132 -0.7279 0.395, 0.3021 -0.7279 0.395, 0.6144 -0.7294 0.3956, 0.3009 -0.7295 0.3955, 0.3048 -0.7243 0.3939, 0.6105 -0.7243 0.3941, 0.3039 -0.7255 0.3943, 0.6115 -0.7255 0.3943, 0.6124 -0.7267 0.3944, 0.617 -0.7331 0.3976, 0.2983 -0.7331 0.3976, 0.2996 -0.7313 0.3965, 0.3008 -0.7296 0.3955, 0.6158 -0.7313 0.3965, 0.6162 -0.7319 0.3967, 0.6185 -0.7355 0.3997, 0.2976 -0.7342 0.3986, 0.2981 -0.7334 0.3978, 0.6174 -0.7337 0.3981, 0.6178 -0.7343 0.3986, 0.2968 -0.7355 0.8602, 0.6177 -0.7342 0.8612, 0.2983 -0.7331 0.8622, 0.2979 -0.7337 0.8618, 0.6172 -0.7334 0.862, 0.2976 -0.7343 0.8613, 0.2996 -0.7313 0.8634, 0.6157 -0.7313 0.8633, 0.6146 -0.7296 0.8643, 0.301 -0.7294 0.8642, 0.617 -0.7331 0.8622, 0.2992 -0.7319 0.8631, 0.6145 -0.7295 0.8644, 0.6133 -0.7279 0.8648, 0.3021 -0.7279 0.8649, 0.3029 -0.7267 0.8654, 0.6105 -0.7243 0.8659, 0.6083 -0.7214 0.8661, 0.3071 -0.7214 0.8661, 0.6106 -0.7243 0.8659, 0.3049 -0.7243 0.8657, 0.6114 -0.7255 0.8656, 0.3039 -0.7255 0.8656, 0.303 -0.7267 0.8654, 0.6083 -0.5895 0.8661, 0.5758 -0.5571 0.8661, 0.3395 -0.5571 0.8661, 0.3071 -0.5895 0.8661, -0.6083 -0.5895 0.8661, -0.6083 -0.7214 0.8661, -0.3071 -0.7214 0.8661, -0.5758 -0.5571 0.8661, -0.3395 -0.5571 0.8661, -0.3071 -0.5895 0.8661, -0.6185 -0.7355 0.8602, -0.2976 -0.7342 0.8612, -0.617 -0.7331 0.8622, -0.6174 -0.7337 0.8618, -0.2981 -0.7334 0.862, -0.6178 -0.7343 0.8613, -0.6158 -0.7313 0.8634, -0.2996 -0.7313 0.8633, -0.3008 -0.7296 0.8643, -0.6144 -0.7294 0.8642, -0.2983 -0.7331 0.8622, -0.6162 -0.7319 0.8631, -0.3009 -0.7295 0.8644, -0.3021 -0.7279 0.8648, -0.6132 -0.7279 0.8649, -0.6124 -0.7267 0.8654, -0.3048 -0.7243 0.8659, -0.3048 -0.7243 0.8659, -0.6105 -0.7243 0.8657, -0.3039 -0.7255 0.8656, -0.6115 -0.7255 0.8656, -0.6124 -0.7267 0.8654, -1.4646 1.0965 0.1378, -1.5236 1.0374 0.1378, -1.4646 1.0965 0.6614, -1.5236 1.0374 0.6811, -1.4646 1.0965 0.6811, 1.4646 1.0965 0.6811, 1.5236 1.0374 0.6811, 1.4646 1.0965 0.6614, 1.5236 1.0374 0.1378, 1.4646 1.0965 0.1378, 1.5236 0.7618 0.1378, -1.5236 0.7618 0.1378, 1.5314 0.0138 0.0584, 1.5204 0.0138 0.0484, 1.5288 0.0374 0.0481, 1.5125 0.0138 0.0372, 1.5119 0.0138 0.0356, 1.5216 0.0392 0.0356, 1.5107 0.0138 0.0324, 1.5078 0.0153 0.0217, 1.5175 0.0402 0.0217, 1.3285 0.0138 0.0165, 1.3274 0.0138 0.0217, 1.3268 0.0153 0.0217, 1.324 0.0138 0.0324, 1.3225 0.0138 0.0355, 1.3131 0.0392 0.0356, 1.3199 0.0138 0.0409, 1.3142 0.0138 0.0479, 1.3058 0.0374 0.0481, 1.3106 0.0138 0.0522, 1.3028 0.0138 0.058, 1.2959 0.0349 0.0584, 1.2965 0.0138 0.0626, 1.2895 0.0138 0.0654, 1.2838 0.0319 0.0659, 1.5615 0.0138 0.0703, 1.56 0.0138 0.0699, 1.5644 0.0286 0.07, 1.5704 0.0138 0.0709, 1.574 0.0262 0.0709, 1.5787 0.0676 0.0709, 1.5688 0.0675 0.07, 1.5727 0.1089 0.0709, 1.5631 0.1062 0.07, 1.5562 0.1472 0.0709, 1.5477 0.1422 0.07, 1.5305 0.18 0.0709, 1.5236 0.173 0.07, 1.4973 0.2052 0.0709, 1.4924 0.1966 0.07, 1.4587 0.221 0.0709, 1.4561 0.2114 0.07, 1.4173 0.2264 0.0709, 1.4173 0.2165 0.07, 1.376 0.221 0.0709, 1.3785 0.2114 0.07, 1.3374 0.2052 0.0709, 1.3423 0.1966 0.07, 1.3041 0.18 0.0709, 1.3111 0.173 0.07, 1.2784 0.1472 0.0709, 1.2869 0.1422 0.07, 1.262 0.1089 0.0709, 1.2715 0.1062 0.07, 1.2559 0.0676 0.0709, 1.2658 0.0675 0.07, 1.2606 0.0262 0.0709, 1.2702 0.0286 0.07, 1.2642 0.0138 0.0709, 1.2747 0.0138 0.0696, 1.2811 0.0138 0.0688, 1.3276 0.0157 0.0118, 1.3287 0.0138 0.0118, 1.3286 0.0138 0.0142, 1.3187 0.0386 0.0118, 1.3171 0.0402 0.0217, 1.318 0.0404 0.0118, 1.3152 0.065 0.0118, 1.3141 0.0667 0.0217, 1.315 0.0666 0.0118, 1.3186 0.0914 0.0118, 1.318 0.093 0.0217, 1.3188 0.0928 0.0118, 1.3288 0.1161 0.0118, 1.3285 0.1175 0.0217, 1.3292 0.1171 0.0118, 1.345 0.1373 0.0118, 1.345 0.1385 0.0217, 1.3455 0.1379 0.0118, 1.3662 0.1536 0.0118, 1.3662 0.1546 0.0217, 1.3666 0.1539 0.0118, 1.3908 0.1638 0.0118, 1.3909 0.1647 0.0217, 1.3911 0.1639 0.0118, 1.4173 0.1673 0.0118, 1.4173 0.1682 0.0217, 1.4435 0.1639 0.0118, 1.4438 0.1647 0.0217, 1.4438 0.1638 0.0118, 1.4684 0.1546 0.0217, 1.468 0.1539 0.0118, 1.4685 0.1536 0.0118, 1.4897 0.1385 0.0217, 1.4891 0.1379 0.0118, 1.4896 0.1373 0.0118, 1.5061 0.1175 0.0217, 1.5054 0.1171 0.0118, 1.5058 0.1161 0.0118, 1.5166 0.093 0.0217, 1.5158 0.0928 0.0118, 1.516 0.0914 0.0118, 1.5205 0.0667 0.0217, 1.5197 0.0666 0.0118, 1.5195 0.065 0.0118, 1.5167 0.0404 0.0118, 1.516 0.0386 0.0118, 1.5071 0.0157 0.0118, 1.506 0.0138 0.0118, 1.5072 0.0138 0.0217, 1.5075 0.0138 0.0244, 1.5457 0.0138 0.0661, 1.5509 0.0319 0.0659, 1.5549 0.0672 0.0659, 1.5497 0.1024 0.0659, 1.5357 0.1351 0.0659, 1.5138 0.1631 0.0659, 1.4855 0.1845 0.0659, 1.4526 0.198 0.0659, 1.4173 0.2026 0.0659, 1.3821 0.198 0.0659, 1.3492 0.1845 0.0659, 1.3208 0.1631 0.0659, 1.2989 0.1351 0.0659, 1.2849 0.1024 0.0659, 1.2797 0.0672 0.0659, 1.5315 0.0138 0.0584, 1.5388 0.0349 0.0584, 1.5424 0.067 0.0584, 1.5377 0.099 0.0584, 1.525 0.1287 0.0584, 1.5051 0.1542 0.0584, 1.4793 0.1737 0.0584, 1.4494 0.1859 0.0584, 1.4173 0.1901 0.0584, 1.3853 0.1859 0.0584, 1.3554 0.1737 0.0584, 1.3296 0.1542 0.0584, 1.3097 0.1287 0.0584, 1.2969 0.099 0.0584, 1.2922 0.067 0.0584, 1.5321 0.0669 0.0481, 1.5278 0.0962 0.0481, 1.5161 0.1235 0.0481, 1.4979 0.1468 0.0481, 1.4742 0.1647 0.0481, 1.4467 0.176 0.0481, 1.4173 0.1798 0.0481, 1.3879 0.176 0.0481, 1.3605 0.1647 0.0481, 1.3368 0.1468 0.0481, 1.3185 0.1235 0.0481, 1.3068 0.0962 0.0481, 1.3025 0.0669 0.0481, 1.5247 0.0667 0.0356, 1.5207 0.0942 0.0356, 1.5097 0.1197 0.0356, 1.4926 0.1415 0.0356, 1.4705 0.1582 0.0356, 1.4448 0.1688 0.0356, 1.4173 0.1723 0.0356, 1.3898 0.1688 0.0356, 1.3641 0.1582 0.0356, 1.342 0.1415 0.0356, 1.3249 0.1197 0.0356, 1.314 0.0942 0.0356, 1.31 0.0667 0.0356, 1.3261 0.0138 0.0279, -1.5107 0.0138 0.0326, -1.5121 0.0138 0.0355, -1.5216 0.0392 0.0356, -1.5149 0.0138 0.0411, -1.5204 0.0138 0.0479, -1.5288 0.0374 0.0481, -1.5239 0.0138 0.0521, -1.5318 0.0138 0.058, -1.5388 0.0349 0.0584, -1.538 0.0138 0.0626, -1.5452 0.0138 0.0655, -1.5509 0.0319 0.0659, -1.2672 0.0138 0.0708, -1.2747 0.0138 0.0696, -1.2702 0.0286 0.07, -1.2825 0.0138 0.0683, -1.2894 0.0138 0.0654, -1.2838 0.0319 0.0659, -1.2984 0.0138 0.0615, -1.3029 0.0138 0.0581, -1.2959 0.0349 0.0584, -1.3106 0.0138 0.0522, -1.3143 0.0138 0.0479, -1.3058 0.0374 0.0481, -1.3197 0.0138 0.0416, -1.3227 0.0138 0.0355, -1.3131 0.0392 0.0356, -1.3286 0.0138 0.0142, -1.3287 0.0138 0.0118, -1.3276 0.0157 0.0118, -1.3285 0.0138 0.0165, -1.3171 0.0402 0.0217, -1.3241 0.0138 0.0328, -1.3268 0.0153 0.0217, -1.3255 0.0138 0.0299, -1.3273 0.0138 0.0216, -1.2642 0.0138 0.0709, -1.2606 0.0262 0.0709, -1.2559 0.0676 0.0709, -1.2658 0.0675 0.07, -1.262 0.1089 0.0709, -1.2715 0.1062 0.07, -1.2784 0.1472 0.0709, -1.2869 0.1422 0.07, -1.3041 0.18 0.0709, -1.3111 0.173 0.07, -1.3374 0.2052 0.0709, -1.3423 0.1966 0.07, -1.376 0.221 0.0709, -1.3785 0.2114 0.07, -1.4173 0.2264 0.0709, -1.4173 0.2165 0.07, -1.4587 0.221 0.0709, -1.4561 0.2114 0.07, -1.4973 0.2052 0.0709, -1.4924 0.1966 0.07, -1.5305 0.18 0.0709, -1.5236 0.173 0.07, -1.5562 0.1472 0.0709, -1.5477 0.1422 0.07, -1.5727 0.1089 0.0709, -1.5631 0.1062 0.07, -1.5787 0.0676 0.0709, -1.5688 0.0675 0.07, -1.574 0.0262 0.0709, -1.5644 0.0286 0.07, -1.5704 0.0138 0.0709, -1.56 0.0138 0.0696, -1.5533 0.0138 0.0688, -1.5071 0.0157 0.0118, -1.506 0.0138 0.0118, -1.5078 0.0153 0.0217, -1.5063 0.0138 0.0178, -1.5072 0.0138 0.0217, -1.516 0.0386 0.0118, -1.5175 0.0402 0.0217, -1.5167 0.0404 0.0118, -1.5195 0.065 0.0118, -1.5205 0.0667 0.0217, -1.5197 0.0666 0.0118, -1.516 0.0914 0.0118, -1.5166 0.093 0.0217, -1.5158 0.0928 0.0118, -1.5058 0.1161 0.0118, -1.5061 0.1175 0.0217, -1.5054 0.1171 0.0118, -1.4896 0.1373 0.0118, -1.4897 0.1385 0.0217, -1.4891 0.1379 0.0118, -1.4685 0.1536 0.0118, -1.4684 0.1546 0.0217, -1.468 0.1539 0.0118, -1.4438 0.1638 0.0118, -1.4438 0.1647 0.0217, -1.4435 0.1639 0.0118, -1.4173 0.1673 0.0118, -1.4173 0.1682 0.0217, -1.3911 0.1639 0.0118, -1.3909 0.1647 0.0217, -1.3908 0.1638 0.0118, -1.3662 0.1546 0.0217, -1.3666 0.1539 0.0118, -1.3662 0.1536 0.0118, -1.345 0.1385 0.0217, -1.3455 0.1379 0.0118, -1.345 0.1373 0.0118, -1.3285 0.1175 0.0217, -1.3292 0.1171 0.0118, -1.3288 0.1161 0.0118, -1.318 0.093 0.0217, -1.3188 0.0928 0.0118, -1.3186 0.0914 0.0118, -1.3141 0.0667 0.0217, -1.315 0.0666 0.0118, -1.3152 0.065 0.0118, -1.318 0.0404 0.0118, -1.3187 0.0386 0.0118, -1.2797 0.0672 0.0659, -1.2849 0.1024 0.0659, -1.2989 0.1351 0.0659, -1.3208 0.1631 0.0659, -1.3492 0.1845 0.0659, -1.3821 0.198 0.0659, -1.4173 0.2026 0.0659, -1.4526 0.198 0.0659, -1.4855 0.1845 0.0659, -1.5138 0.1631 0.0659, -1.5357 0.1351 0.0659, -1.5497 0.1024 0.0659, -1.5549 0.0672 0.0659, -1.2922 0.067 0.0584, -1.2969 0.099 0.0584, -1.3097 0.1287 0.0584, -1.3296 0.1542 0.0584, -1.3554 0.1737 0.0584, -1.3853 0.1859 0.0584, -1.4173 0.1901 0.0584, -1.4494 0.1859 0.0584, -1.4793 0.1737 0.0584, -1.5051 0.1542 0.0584, -1.525 0.1287 0.0584, -1.5377 0.099 0.0584, -1.5424 0.067 0.0584, -1.3025 0.0669 0.0481, -1.3068 0.0962 0.0481, -1.3185 0.1235 0.0481, -1.3368 0.1468 0.0481, -1.3605 0.1647 0.0481, -1.3879 0.176 0.0481, -1.4173 0.1798 0.0481, -1.4467 0.176 0.0481, -1.4742 0.1647 0.0481, -1.4979 0.1468 0.0481, -1.5161 0.1235 0.0481, -1.5278 0.0962 0.0481, -1.5321 0.0669 0.0481, -1.31 0.0667 0.0356, -1.314 0.0942 0.0356, -1.3249 0.1197 0.0356, -1.342 0.1415 0.0356, -1.3641 0.1582 0.0356, -1.3898 0.1688 0.0356, -1.4173 0.1723 0.0356, -1.4448 0.1688 0.0356, -1.4705 0.1582 0.0356, -1.4926 0.1415 0.0356, -1.5097 0.1197 0.0356, -1.5207 0.0942 0.0356, -1.5247 0.0667 0.0356, -1.5091 0.0138 0.0295, 1.36 0.0138 -0.1432, 1.3287 0.0138 -0.1181, 1.3272 0.0165 -0.1181, 1.3792 0.0444 -0.1772, 1.3854 0.0357 -0.1772, 1.3935 0.0288 -0.1772, 1.3829 0.0138 -0.1583, 1.366 0.0138 -0.148, 1.4127 0.0138 -0.1688, 1.4051 0.0138 -0.1679, 1.403 0.0241 -0.1772, 1.3992 0.0138 -0.1658, 1.3893 0.0138 -0.1622, 1.4134 0.0218 -0.1772, 1.4173 0.0217 -0.1772, 1.4173 0.0138 -0.1693, 1.4173 0.1673 -0.1181, 1.4173 0.1083 -0.1772, 1.4134 0.1081 -0.1772, 1.3186 0.0385 -0.1181, 1.3753 0.0544 -0.1772, 1.3181 0.04 -0.1181, 1.315 0.065 -0.1181, 1.374 0.065 -0.1772, 1.3181 0.09 -0.1181, 1.3753 0.0755 -0.1772, 1.3186 0.0914 -0.1181, 1.3792 0.0855 -0.1772, 1.3272 0.1135 -0.1181, 1.3289 0.116 -0.1181, 1.3854 0.0942 -0.1772, 1.3418 0.134 -0.1181, 1.3452 0.137 -0.1181, 1.3935 0.1011 -0.1772, 1.3609 0.1504 -0.1181, 1.3664 0.1531 -0.1181, 1.403 0.1058 -0.1772, 1.3835 0.1616 -0.1181, 1.391 0.1632 -0.1181, 1.4081 0.1669 -0.1181, -1.4747 0.0138 -0.1432, -1.506 0.0138 -0.1181, -1.5075 0.0165 -0.1181, -1.4555 0.0444 -0.1772, -1.4493 0.0357 -0.1772, -1.4412 0.0288 -0.1772, -1.4517 0.0138 -0.1583, -1.4686 0.0138 -0.148, -1.422 0.0138 -0.1688, -1.4295 0.0138 -0.1679, -1.4316 0.0241 -0.1772, -1.4354 0.0138 -0.1658, -1.4454 0.0138 -0.1622, -1.4212 0.0218 -0.1772, -1.4173 0.0217 -0.1772, -1.4173 0.0138 -0.1693, -1.4173 0.1673 -0.1181, -1.4173 0.1083 -0.1772, -1.4212 0.1081 -0.1772, -1.516 0.0385 -0.1181, -1.4593 0.0544 -0.1772, -1.5166 0.04 -0.1181, -1.5197 0.065 -0.1181, -1.4606 0.065 -0.1772, -1.5166 0.09 -0.1181, -1.4593 0.0755 -0.1772, -1.516 0.0914 -0.1181, -1.4555 0.0855 -0.1772, -1.5075 0.1135 -0.1181, -1.5057 0.116 -0.1181, -1.4493 0.0942 -0.1772, -1.4929 0.134 -0.1181, -1.4894 0.137 -0.1181, -1.4412 0.1011 -0.1772, -1.4737 0.1504 -0.1181, -1.4683 0.1531 -0.1181, -1.4316 0.1058 -0.1772, -1.4511 0.1616 -0.1181, -1.4437 0.1632 -0.1181, -1.4265 0.1669 -0.1181, -1.4134 0.0218 -0.1772, -1.4134 0.1081 -0.1772, -1.403 0.1058 -0.1772, -1.3935 0.1011 -0.1772, -1.403 0.0241 -0.1772, -1.3935 0.0288 -0.1772, -1.3854 0.0942 -0.1772, -1.3792 0.0855 -0.1772, -1.374 0.065 -0.1772, -1.3753 0.0544 -0.1772, -1.3753 0.0755 -0.1772, -1.3792 0.0444 -0.1772, -1.3854 0.0357 -0.1772, -1.3287 0.0138 -0.1181, -1.3272 0.0165 -0.1181, -1.3186 0.0385 -0.1181, -1.3181 0.04 -0.1181, -1.315 0.065 -0.1181, -1.3181 0.09 -0.1181, -1.3186 0.0914 -0.1181, -1.3272 0.1135 -0.1181, -1.3289 0.116 -0.1181, -1.3418 0.134 -0.1181, -1.3452 0.137 -0.1181, -1.3609 0.1504 -0.1181, -1.3664 0.1531 -0.1181, -1.3835 0.1616 -0.1181, -1.391 0.1632 -0.1181, -1.4081 0.1669 -0.1181, 1.4212 0.0218 -0.1772, 1.4212 0.1081 -0.1772, 1.4316 0.1058 -0.1772, 1.4412 0.1011 -0.1772, 1.4316 0.0241 -0.1772, 1.4412 0.0288 -0.1772, 1.4493 0.0942 -0.1772, 1.4555 0.0855 -0.1772, 1.4606 0.065 -0.1772, 1.4593 0.0544 -0.1772, 1.4593 0.0755 -0.1772, 1.4555 0.0444 -0.1772, 1.4493 0.0357 -0.1772, 1.506 0.0138 -0.1181, 1.5075 0.0165 -0.1181, 1.516 0.0385 -0.1181, 1.5166 0.04 -0.1181, 1.5197 0.065 -0.1181, 1.5166 0.09 -0.1181, 1.516 0.0914 -0.1181, 1.5075 0.1135 -0.1181, 1.5057 0.116 -0.1181, 1.4929 0.134 -0.1181, 1.4894 0.137 -0.1181, 1.4737 0.1504 -0.1181, 1.4683 0.1531 -0.1181, 1.4511 0.1616 -0.1181, 1.4437 0.1632 -0.1181, 1.4265 0.1669 -0.1181, 1.6314 0.4166 0.1634, 1.6322 0.4151 0.167, 1.6325 0.3481 0.1001, 1.6339 0.3439 0.1102, 1.6336 0.4127 0.1728, 1.6339 0.4109 0.1772, 1.6287 0.352 0.0907, 1.6286 0.3521 0.0906, 1.6284 0.419 0.1576, 1.6324 0.3483 0.0997, 1.5945 0.3602 0.0709, 1.5945 0.4272 0.1378, 1.5973 0.3602 0.071, 1.6035 0.4267 0.1388, 1.6047 0.3596 0.0723, 1.6046 0.4266 0.1393, 1.6059 0.3595 0.0726, 1.6126 0.4253 0.1422, 1.6142 0.358 0.0762, 1.6141 0.4249 0.1432, 1.6144 0.358 0.0763, 1.6205 0.4231 0.1476, 1.6223 0.3555 0.0824, 1.6222 0.4223 0.1495, 1.6269 0.4201 0.1548, 1.6339 0.2028 0.1102, 1.6325 0.2028 0.1, 1.6286 0.2028 0.0906, 1.6223 0.2028 0.0824, 1.6142 0.2028 0.0761, 1.6047 0.2028 0.0722, 1.5945 0.2028 0.0709, -1.6339 0.3439 0.1102, -1.6339 0.4109 0.1772, -1.6336 0.3457 0.1059, -1.6325 0.4151 0.167, -1.6322 0.3481 0.1001, -1.6324 0.4152 0.1667, -1.6287 0.4189 0.1577, -1.6314 0.3496 0.0965, -1.6286 0.419 0.1575, -1.6047 0.4266 0.1393, -1.6126 0.3584 0.0753, -1.6059 0.4265 0.1395, -1.6141 0.358 0.0763, -1.6142 0.425 0.1431, -1.6205 0.3562 0.0807, -1.6144 0.4249 0.1432, -1.6222 0.3554 0.0826, -1.6223 0.4224 0.1493, -1.6269 0.3532 0.0879, -1.6284 0.352 0.0907, -1.5945 0.4272 0.1378, -1.5945 0.3602 0.0709, -1.5973 0.4271 0.1379, -1.6035 0.3598 0.0719, -1.6046 0.3596 0.0723, -1.5945 0.2028 0.0709, -1.6047 0.2028 0.0722, -1.6142 0.2028 0.0761, -1.6223 0.2028 0.0824, -1.6286 0.2028 0.0906, -1.6325 0.2028 0.1, -1.6339 0.2028 0.1102, -1.6142 0.7618 0.1431, -1.6339 0.7618 0.1772, -1.6325 0.7618 0.167, -1.6286 0.7618 0.1575, -1.6223 0.7618 0.1493, -1.5945 0.7618 0.1378, -1.5945 0.7067 0.1378, -1.6047 0.7618 0.1391, -1.5945 0.5256 0.1378, 1.2402 0.0138 0.0709, 1.2283 0.0138 0.0906, 1.2402 0.3602 0.0709, 1.2283 0.3799 0.0906, -1.2402 0.3602 0.0709, -1.2283 0.3799 0.0906, -1.2402 0.0138 0.0709, -1.2283 0.0138 0.0906, 1.2283 0.4272 0.1378, -1.2283 0.4272 0.1378, -1.3967 0.4272 0.1378, -1.5945 0.0138 0.0709, -1.2598 0.0138 0.0709, 1.5945 0.0138 0.0709, 1.2598 0.0138 0.0709, 1.5945 0.0138 0.2559, 1.5945 0.0138 0.3599, 1.548 0.0138 0.286, 1.4056 0.0138 0.1166, 1.3647 0.0138 0.1414, 1.3176 0.0138 0.0945, 1.2779 0.0138 0.1238, 1.2598 0.0138 0.0906, 1.2611 0.0138 0.1384, 1.2402 0.0138 0.1378, 1.2283 0.0138 0.1378, 1.3745 0.0138 0.1614, 1.411 0.0138 0.1768, 1.4856 0.0138 0.2237, 1.487 0.0138 0.157, 1.5577 0.0138 0.2139, -1.2779 0.0138 0.1238, -1.3647 0.0138 0.1414, -1.4056 0.0138 0.1166, -1.2283 0.0138 0.1378, -1.2402 0.0138 0.1378, -1.2611 0.0138 0.1384, -1.2598 0.0138 0.0906, -1.3176 0.0138 0.0945, -1.3745 0.0138 0.1614, -1.411 0.0138 0.1768, -1.487 0.0138 0.157, -1.4856 0.0138 0.2237, -1.5577 0.0138 0.2139, -1.548 0.0138 0.286, -1.5945 0.0138 0.2559, -1.5945 0.0138 0.3599, 1.5945 0.5256 0.1378, 1.5551 0.565 0.0984, 1.5945 0.7067 0.1378, 1.5551 0.6673 0.0984, 1.4173 0.565 0.0984, 1.378 0.5256 0.1378, 1.378 0.7067 0.1378, 1.4173 0.6673 0.0984, 1.378 0.6988 0.1378, -1.5551 0.6673 0.0984, -1.4173 0.6673 0.0984, -1.3967 0.7067 0.1378, -1.378 0.7067 0.1378, -1.378 0.5256 0.1378, -1.4173 0.565 0.0984, -1.378 0.6988 0.1378, -1.5551 0.565 0.0984, -1.3967 0.5256 0.1378, 1.248 1.1358 1.063, 1.2283 1.1161 1.063, 1.2283 1.1161 1.2283, 1.2874 1.1752 1.2459, 1.2874 1.1752 1.1024, 1.2679 1.1557 1.2473, 1.2483 1.1361 1.248, -1.248 1.1358 1.063, -1.2874 1.1752 1.1024, -1.2874 1.1752 1.2459, -1.2283 1.1161 1.2283, -1.2283 1.1161 1.063, -1.2483 1.1361 1.248, -1.2679 1.1557 1.2473, 1.4843 1.1358 0.6811, 1.5236 1.1752 0.7205, 1.6339 1.1358 0.6811, 1.6339 1.1752 0.7205, 1.5236 1.1752 0.9843, 1.4843 1.1358 0.9843, 1.4055 1.1358 1.063, 1.4055 1.1752 1.1024, 1.4259 1.1358 1.0603, 1.4361 1.1752 1.0983, 1.4449 1.1358 1.0524, 1.4646 1.1752 1.0865, 1.4612 1.1358 1.0399, 1.489 1.1752 1.0678, 1.4737 1.1358 1.0236, 1.5078 1.1752 1.0433, 1.4816 1.1358 1.0046, 1.5196 1.1752 1.0148, -1.6339 1.1358 0.6811, -1.6339 1.1752 0.7205, -1.4843 1.1358 0.6811, -1.5236 1.1752 0.7205, -1.4843 1.1358 0.9843, -1.5236 1.1752 0.9843, -1.4816 1.1358 1.0046, -1.5196 1.1752 1.0148, -1.4737 1.1358 1.0236, -1.5078 1.1752 1.0433, -1.4612 1.1358 1.0399, -1.489 1.1752 1.0678, -1.4449 1.1358 1.0524, -1.4646 1.1752 1.0865, -1.4259 1.1358 1.0603, -1.4361 1.1752 1.0983, -1.4055 1.1358 1.063, -1.4055 1.1752 1.1024, 0.9744 0.1831 1.1299, 0.4331 0.1831 1.1299, 0.9823 0.1752 1.122, 0.4252 0.1752 1.122, 0.4252 0.2736 1.122, 0.4331 0.2815 1.1299, -0.4331 0.2815 1.1299, -0.4252 0.2736 1.122, -0.4331 0.1831 1.1299, -0.4252 0.1752 1.122, -0.9744 0.1831 1.1299, -0.9823 0.1752 1.122, -1.2483 0.872 1.248, -1.2283 0.872 1.2283, 1.2283 0.872 1.2283, 1.2483 0.872 1.248, 1.4055 1.0965 1.063, 1.4259 1.0965 1.0603, 1.4449 1.0965 1.0524, 1.4612 1.0965 1.0399, 1.4737 1.0965 1.0236, 1.4816 1.0965 1.0046, 1.4843 1.0965 0.9843, -1.4843 1.0965 0.9843, -1.4816 1.0965 1.0046, -1.4737 1.0965 1.0236, -1.4612 1.0965 1.0399, -1.4449 1.0965 1.0524, -1.4259 1.0965 1.0603, -1.4055 1.0965 1.063, 1.6339 1.1752 0.7283, 1.5331 1.1752 1.1576, 1.4447 1.1752 1.2061, 1.3486 1.1752 1.2366, 1.6105 1.1752 1.0929, 1.674 1.1752 1.0145, 1.7211 1.1752 0.9253, 1.7501 1.1752 0.8287, 1.7598 1.1752 0.7283, 1.2283 1.0965 1.063, 1.4843 1.0965 0.6811, -1.6339 1.1752 0.7283, -1.5331 1.1752 1.1576, -1.6105 1.1752 1.0929, -1.3486 1.1752 1.2366, -1.4447 1.1752 1.2061, -1.7598 1.1752 0.7283, -1.7501 1.1752 0.8287, -1.7211 1.1752 0.9253, -1.674 1.1752 1.0145, -1.4843 1.0965 0.6811, -1.2283 1.0965 1.063, 0.4512 0.6043 1.122, 0.4331 0.6043 1.1299, 0.9823 0.6043 1.122, 0.9744 0.6043 1.1299, 0.4331 0.6206 1.1299, 0.4331 0.8878 1.1299, 0.4512 0.9429 1.122, 0.4331 0.9429 1.1299, -0.9823 0.6043 1.122, -0.9744 0.6043 1.1299, -0.4512 0.6043 1.122, -0.4331 0.6043 1.1299, -0.4331 0.6206 1.1299, -0.4512 0.9429 1.122, -0.4331 0.8878 1.1299, -0.4331 0.9429 1.1299, 0.3373 0.8878 1.1299, -0.3373 0.8878 1.1299, -0.3322 0.8761 1.1299, -0.2756 0.8878 1.1299, -0.3285 0.8698 1.1299, 0.2756 0.8878 1.1299, 0.3028 0.8584 1.1299, 0.3101 0.8587 1.1299, 0.2765 0.8805 1.1299, -0.3233 0.8646 1.1299, -0.3171 0.8608 1.1299, -0.3101 0.8587 1.1299, 0.2834 0.8678 1.1299, 0.289 0.863 1.1299, 0.2956 0.8598 1.1299, 0.3171 0.8608 1.1299, 0.3233 0.8646 1.1299, 0.3285 0.8698 1.1299, 0.3322 0.8761 1.1299, 0.2792 0.8737 1.1299, -0.3028 0.8584 1.1299, -0.2956 0.8598 1.1299, -0.2765 0.8805 1.1299, -0.289 0.863 1.1299, -0.2792 0.8737 1.1299, -0.2834 0.8678 1.1299, -1.6043 -0.1713 0.5315, -1.6339 -0.1417 0.5315, -1.624 -0.1417 0.4439, -1.5952 -0.1713 0.4505, -1.5949 -0.1417 0.3607, -1.5683 -0.1713 0.3735, -1.548 -0.1417 0.286, -1.5249 -0.1713 0.3044, -1.4856 -0.1417 0.2237, -1.4672 -0.1713 0.2468, -1.411 -0.1417 0.1768, -1.3982 -0.1713 0.2034, -1.3278 -0.1417 0.1477, -1.3212 -0.1713 0.1765, -1.2402 -0.1417 0.1378, -1.2402 -0.1713 0.1673, -1.6339 -0.1417 0.7283, -1.6043 -0.1713 0.7283, -1.2402 -0.1713 1.0925, -1.2402 -0.1417 1.122, -1.3278 -0.1417 1.1122, -1.3212 -0.1713 1.0834, -1.411 -0.1417 1.0831, -1.3982 -0.1713 1.0565, -1.4856 -0.1417 1.0362, -1.4672 -0.1713 1.0131, -1.548 -0.1417 0.9738, -1.5249 -0.1713 0.9554, -1.5949 -0.1417 0.8992, -1.5683 -0.1713 0.8864, -1.624 -0.1417 0.816, -1.5952 -0.1713 0.8094, 1.2402 -0.1713 0.1673, 1.2402 -0.1417 0.1378, 1.3278 -0.1417 0.1477, 1.3212 -0.1713 0.1765, 1.411 -0.1417 0.1768, 1.3982 -0.1713 0.2034, 1.4856 -0.1417 0.2237, 1.4672 -0.1713 0.2468, 1.548 -0.1417 0.286, 1.5249 -0.1713 0.3044, 1.5949 -0.1417 0.3607, 1.5683 -0.1713 0.3735, 1.624 -0.1417 0.4439, 1.5952 -0.1713 0.4505, 1.6339 -0.1417 0.5315, 1.6043 -0.1713 0.5315, 1.6043 -0.1713 0.7283, 1.6339 -0.1417 0.7283, 1.624 -0.1417 0.816, 1.5952 -0.1713 0.8094, 1.5949 -0.1417 0.8992, 1.5683 -0.1713 0.8864, 1.548 -0.1417 0.9738, 1.5249 -0.1713 0.9554, 1.4856 -0.1417 1.0362, 1.4672 -0.1713 1.0131, 1.411 -0.1417 1.0831, 1.3982 -0.1713 1.0565, 1.3278 -0.1417 1.1122, 1.3212 -0.1713 1.0834, 1.2402 -0.1417 1.122, 1.2402 -0.1713 1.0925, 1.6339 0.9508 0.7283, 1.7598 0.9508 0.7283, 1.6319 0.9112 0.7679, 1.7583 0.9113 0.7678, 1.7538 0.872 0.8071, 1.6769 0.872 0.8071, 1.6259 0.872 0.8071, -1.6769 0.872 0.8071, -1.7538 0.872 0.8071, -1.7583 0.9113 0.7678, -1.6259 0.872 0.8071, -1.6319 0.9112 0.7679, -1.6339 0.9508 0.7283, -1.7598 0.9508 0.7283, -1.7501 0.872 0.8287, -1.2598 0.872 1.2477, -1.3486 0.872 1.2366, -1.7211 0.872 0.9253, -1.674 0.872 1.0145, -1.6105 0.872 1.0929, -1.5331 0.872 1.1576, -1.4447 0.872 1.2061, 1.2598 0.872 1.2477, 1.3486 0.872 1.2366, 1.4447 0.872 1.2061, 1.5331 0.872 1.1576, 1.6105 0.872 1.0929, 1.674 0.872 1.0145, 1.7211 0.872 0.9253, 1.7501 0.872 0.8287, 1.2659 -1.6376 0.5025, 1.1665 -1.8844 0.5025, 1.2618 -1.6359 0.502, 1.1654 -1.8841 0.5022, 1.162 -1.8839 0.502, 1.2665 -1.6379 0.5026, 1.1704 -1.8858 0.504, 1.1683 -1.8849 0.503, 1.1735 -1.8882 0.5063, 1.1733 -1.8879 0.506, 1.2731 -1.6405 0.5064, 1.171 -1.8861 0.5043, 1.2709 -1.6396 0.5046, 1.2697 -1.6391 0.504, 1.2781 -1.6425 0.5132, 1.1765 -1.8951 0.5132, 1.1764 -1.8935 0.5117, 1.1752 -1.8905 0.5086, 1.2747 -1.6411 0.5077, 1.1755 -1.8913 0.5094, 1.276 -1.6416 0.5095, 1.2776 -1.6423 0.5118, 1.1766 -1.8984 0.5165, 1.2794 -1.6431 0.5166, 1.1764 -1.8992 0.5173, 1.2795 -1.6431 0.5173, 1.2801 -1.6433 0.5217, 1.1753 -1.9035 0.5217, 1.2668 -1.6369 0.5026, 1.2811 -1.6397 0.5217, 1.2805 -1.6396 0.5166, 1.2785 -1.6392 0.5118, 1.2755 -1.6386 0.5077, 1.2715 -1.6378 0.5046, 1.2815 -1.6359 0.5217, 1.2808 -1.6359 0.5166, 1.2789 -1.6359 0.5118, 1.2757 -1.6359 0.5077, 1.2717 -1.6359 0.5046, 1.2669 -1.6359 0.5026, 1.2809 -1.4841 0.5169, 1.2815 -1.4843 0.5217, 1.2808 -1.484 0.5166, 1.2793 -1.4836 0.5126, 1.2788 -1.4834 0.5119, 1.2767 -1.4827 0.5087, 1.2756 -1.4824 0.5078, 1.2731 -1.4815 0.5055, 1.2716 -1.4809 0.5047, 1.2689 -1.4798 0.5033, 1.2669 -1.4789 0.5028, 1.2643 -1.4778 0.5021, 1.2618 -1.4767 0.502, 1.2815 -1.6359 0.5787, 1.2811 -1.6397 0.5787, 1.2801 -1.6433 0.5787, 1.2618 -1.6359 0.7579, 1.2659 -1.6376 0.7573, 1.2668 -1.6369 0.7572, 1.2665 -1.6379 0.7572, 1.2715 -1.6378 0.7552, 1.2697 -1.6391 0.7558, 1.2709 -1.6396 0.7552, 1.2755 -1.6386 0.7521, 1.2731 -1.6405 0.7534, 1.2747 -1.6411 0.7521, 1.2785 -1.6392 0.748, 1.276 -1.6416 0.7504, 1.2776 -1.6423 0.748, 1.2781 -1.6425 0.7467, 1.2805 -1.6396 0.7433, 1.2811 -1.6397 0.7382, 1.2815 -1.6359 0.7382, 1.2808 -1.6359 0.7433, 1.2789 -1.6359 0.748, 1.2757 -1.6359 0.7521, 1.2717 -1.6359 0.7552, 1.2669 -1.6359 0.7572, 1.2801 -1.6433 0.7382, 1.2795 -1.6431 0.7426, 1.2794 -1.6431 0.7433, 1.267 -1.4791 0.7572, 1.2669 -1.479 0.7572, 1.2618 -1.4767 0.7579, 1.2716 -1.4809 0.7552, 1.2714 -1.4808 0.7554, 1.2788 -1.4834 0.748, 1.2785 -1.4833 0.7486, 1.2757 -1.4824 0.7521, 1.2754 -1.4823 0.7524, 1.2815 -1.4843 0.7382, 1.2815 -1.4842 0.7395, 1.2807 -1.484 0.7433, 1.2806 -1.484 0.7442, 1.1753 -1.9035 0.7382, 1.1765 -1.8951 0.7467, 1.1767 -1.898 0.7437, 1.1764 -1.8992 0.7425, 1.1711 -1.8862 0.7555, 1.1704 -1.8859 0.7559, 1.1764 -1.8936 0.7482, 1.1755 -1.8913 0.7504, 1.1751 -1.8902 0.7515, 1.1735 -1.8882 0.7536, 1.1733 -1.888 0.7537, 1.1685 -1.8849 0.7568, 1.1665 -1.8844 0.7573, 1.1656 -1.8842 0.7576, 1.162 -1.8839 0.7579, -1.1753 -1.9035 0.5217, -1.2801 -1.6433 0.5217, -1.2795 -1.6431 0.5173, -1.1765 -1.8951 0.5132, -1.1767 -1.898 0.5161, -1.1764 -1.8992 0.5173, -1.1711 -1.8862 0.5043, -1.2731 -1.6405 0.5064, -1.2709 -1.6396 0.5046, -1.1704 -1.8859 0.504, -1.2794 -1.6431 0.5166, -1.2781 -1.6425 0.5132, -1.1764 -1.8936 0.5117, -1.2776 -1.6423 0.5118, -1.1755 -1.8913 0.5094, -1.276 -1.6416 0.5095, -1.1751 -1.8902 0.5083, -1.2747 -1.6411 0.5077, -1.1735 -1.8882 0.5063, -1.1733 -1.888 0.5061, -1.2697 -1.6391 0.504, -1.2665 -1.6379 0.5026, -1.1685 -1.8849 0.503, -1.2659 -1.6376 0.5025, -1.1665 -1.8844 0.5025, -1.1656 -1.8842 0.5023, -1.2618 -1.6359 0.502, -1.162 -1.8839 0.502, -1.2811 -1.6397 0.5217, -1.2805 -1.6396 0.5166, -1.2785 -1.6392 0.5118, -1.2755 -1.6386 0.5077, -1.2715 -1.6378 0.5046, -1.2815 -1.6359 0.5217, -1.2808 -1.6359 0.5166, -1.2789 -1.6359 0.5118, -1.2757 -1.6359 0.5077, -1.2717 -1.6359 0.5046, -1.2668 -1.6369 0.5026, -1.2669 -1.6359 0.5026, -1.2801 -1.6433 0.6811, -1.2801 -1.6433 0.7382, -1.2811 -1.6397 0.7382, -1.2811 -1.6397 0.6811, -1.2815 -1.6359 0.7382, -1.2815 -1.6359 0.6811, -1.267 -1.4791 0.5027, -1.2669 -1.479 0.5027, -1.2618 -1.4767 0.502, -1.2716 -1.4809 0.5046, -1.2714 -1.4808 0.5045, -1.2788 -1.4834 0.5118, -1.2785 -1.4833 0.5113, -1.2757 -1.4824 0.5078, -1.2754 -1.4823 0.5074, -1.2815 -1.4843 0.5217, -1.2815 -1.4842 0.5203, -1.2807 -1.484 0.5166, -1.2806 -1.484 0.5157, -1.2668 -1.6369 0.7572, -1.2665 -1.6379 0.7572, -1.2659 -1.6376 0.7573, -1.2697 -1.6391 0.7558, -1.2715 -1.6378 0.7552, -1.2709 -1.6396 0.7552, -1.2731 -1.6405 0.7534, -1.2755 -1.6386 0.7521, -1.2747 -1.6411 0.7521, -1.276 -1.6416 0.7504, -1.2785 -1.6392 0.748, -1.2776 -1.6423 0.748, -1.2781 -1.6425 0.7467, -1.2805 -1.6396 0.7433, -1.2794 -1.6431 0.7433, -1.2795 -1.6431 0.7426, -1.2808 -1.6359 0.7433, -1.2789 -1.6359 0.748, -1.2757 -1.6359 0.7521, -1.2717 -1.6359 0.7552, -1.2669 -1.6359 0.7572, -1.2618 -1.6359 0.7579, -1.1665 -1.8844 0.7573, -1.1654 -1.8841 0.7576, -1.162 -1.8839 0.7579, -1.1704 -1.8858 0.7559, -1.1683 -1.8849 0.7569, -1.1735 -1.8882 0.7536, -1.1733 -1.8879 0.7538, -1.171 -1.8861 0.7556, -1.1765 -1.8951 0.7467, -1.1764 -1.8935 0.7482, -1.1752 -1.8905 0.7513, -1.1755 -1.8913 0.7504, -1.1766 -1.8984 0.7433, -1.1764 -1.8992 0.7426, -1.1753 -1.9035 0.7382, -1.2809 -1.4841 0.7429, -1.2815 -1.4843 0.7382, -1.2808 -1.484 0.7433, -1.2793 -1.4836 0.7473, -1.2788 -1.4834 0.748, -1.2767 -1.4827 0.7511, -1.2756 -1.4824 0.752, -1.2731 -1.4815 0.7543, -1.2716 -1.4809 0.7551, -1.2689 -1.4798 0.7565, -1.2669 -1.4789 0.7571, -1.2643 -1.4778 0.7577, -1.2618 -1.4767 0.7579, 1.3066 -0.8494 0.7524, 1.3058 -0.8503 0.7531, 1.3137 -0.8504 0.7284, 1.3027 -0.8533 0.7553, 1.3013 -0.8544 0.756, 1.3107 -0.8545 0.7277, 1.2911 -0.8595 0.7579, 1.291 -0.8595 0.7579, 1.3021 -0.8596 0.7257, 1.2853 -0.8602 0.7579, 1.2971 -0.8602 0.7245, 1.2981 -0.8565 0.7572, 1.2963 -0.8576 0.7576, 1.3067 -0.8576 0.7268, 1.2959 -0.8578 0.7577, 1.2933 -0.8589 0.7579, 1.3 -0.8554 0.7567, 1.3044 -0.852 0.7544, 1.312 -0.8406 0.7443, 1.3097 -0.8451 0.7487, 1.3156 -0.8456 0.7288, 1.3094 -0.8456 0.7491, 1.3089 -0.8467 0.7502, 1.3209 -0.8406 0.689, 1.3176 -0.8406 0.7177, 1.3163 -0.8406 0.729, 1.3012 -0.8602 0.689, 1.3063 -0.8596 0.689, 1.311 -0.8576 0.689, 1.3151 -0.8545 0.689, 1.3182 -0.8504 0.689, 1.3202 -0.8456 0.689, 1.3098 -0.8181 0.7488, 1.3106 -0.8174 0.7473, 1.3113 -0.8166 0.7458, 1.312 -0.8159 0.7443, 1.3097 -0.8183 0.7491, 1.3088 -0.8189 0.7501, 1.3067 -0.8202 0.7525, 1.3089 -0.8467 0.7502, 1.3027 -0.8221 0.7554, 1.3036 -0.8217 0.7548, 1.3061 -0.8206 0.7532, 1.2982 -0.8236 0.7572, 1.3019 -0.8224 0.7559, 1.3044 -0.852 0.7544, 1.2976 -0.8237 0.7574, 1.2973 -0.8238 0.7574, 1.2941 -0.8245 0.7578, 1.2933 -0.8246 0.7579, 1.2959 -0.8578 0.7577, 1.3209 -0.8406 0.5709, 1.3204 -0.8449 0.5709, 1.3201 -0.8456 0.5709, 1.3189 -0.8491 0.5709, 1.3181 -0.8503 0.5709, 1.3166 -0.8528 0.5709, 1.315 -0.8544 0.5709, 1.3135 -0.8559 0.5709, 1.311 -0.8575 0.5709, 1.3097 -0.8583 0.5709, 1.3063 -0.8595 0.5709, 1.3056 -0.8597 0.5709, 1.3012 -0.8602 0.5709, 1.2981 -0.8565 0.5027, 1.2992 -0.8558 0.503, 1.3091 -0.8559 0.5325, 1.2971 -0.8602 0.5353, 1.2853 -0.8602 0.502, 1.2878 -0.8601 0.502, 1.3014 -0.8597 0.5343, 1.3144 -0.8491 0.5313, 1.3064 -0.8499 0.507, 1.3067 -0.8495 0.5073, 1.31 -0.8449 0.5113, 1.3158 -0.8449 0.531, 1.3099 -0.8451 0.5111, 1.3099 -0.8452 0.5111, 1.3033 -0.8527 0.5049, 1.3121 -0.8528 0.5318, 1.3027 -0.8533 0.5045, 1.3018 -0.8541 0.5039, 1.2901 -0.8596 0.502, 1.2933 -0.8589 0.502, 1.3054 -0.8583 0.5334, 1.2948 -0.8582 0.5021, 1.2973 -0.8571 0.5024, 1.312 -0.8406 0.5155, 1.3163 -0.8406 0.5309, 1.3176 -0.8406 0.5421, 1.2933 -0.8246 0.502, 1.2973 -0.8571 0.5024, 1.2939 -0.8245 0.502, 1.2978 -0.8237 0.5025, 1.2982 -0.8236 0.5026, 1.3004 -0.8229 0.5035, 1.3018 -0.8541 0.5039, 1.3021 -0.8223 0.504, 1.3027 -0.8221 0.5045, 1.3035 -0.8217 0.505, 1.3062 -0.8205 0.5068, 1.3064 -0.8204 0.507, 1.3067 -0.8202 0.5073, 1.3088 -0.8189 0.5096, 1.3098 -0.8181 0.5111, 1.3105 -0.8174 0.5125, 1.312 -0.8159 0.5155, 1.3095 -0.8184 0.5105, -1.3105 -0.8174 0.7473, -1.312 -0.8159 0.7443, -1.312 -0.8406 0.7443, -1.3097 -0.8183 0.7491, -1.3098 -0.8181 0.7488, -1.3097 -0.8451 0.7487, -1.3019 -0.8224 0.7559, -1.3027 -0.8221 0.7554, -1.3027 -0.8533 0.7553, -1.2933 -0.8589 0.7579, -1.2933 -0.8246 0.7579, -1.2959 -0.8578 0.7577, -1.2939 -0.8245 0.7578, -1.2981 -0.8565 0.7572, -1.2976 -0.8237 0.7574, -1.2982 -0.8236 0.7572, -1.2992 -0.8559 0.7569, -1.3005 -0.8229 0.7564, -1.3 -0.8554 0.7567, -1.3035 -0.8217 0.7548, -1.3061 -0.8206 0.7532, -1.3066 -0.8494 0.7524, -1.3044 -0.852 0.7544, -1.3087 -0.8189 0.7502, -1.3064 -0.8204 0.7528, -1.3067 -0.8202 0.7525, -1.3069 -0.849 0.752, -1.3089 -0.8467 0.7502, -1.3098 -0.8449 0.7485, -1.3091 -0.8559 0.7273, -1.3144 -0.8491 0.7285, -1.3158 -0.8449 0.7289, -1.3089 -0.8467 0.7502, -1.3044 -0.852 0.7544, -1.3121 -0.8528 0.728, -1.2959 -0.8578 0.7577, -1.3054 -0.8583 0.7265, -1.3014 -0.8597 0.7255, -1.2901 -0.8596 0.7579, -1.2878 -0.8601 0.7579, -1.2971 -0.8602 0.7245, -1.2853 -0.8602 0.7579, -1.3163 -0.8406 0.729, -1.3176 -0.8406 0.7177, -1.3189 -0.8491 0.689, -1.3201 -0.8456 0.689, -1.3204 -0.8449 0.689, -1.3209 -0.8406 0.689, -1.3181 -0.8503 0.689, -1.3135 -0.8559 0.689, -1.315 -0.8544 0.689, -1.3166 -0.8528 0.689, -1.311 -0.8575 0.689, -1.3097 -0.8583 0.689, -1.3063 -0.8595 0.689, -1.3056 -0.8597 0.689, -1.3012 -0.8602 0.689, -1.3012 -0.8602 0.5709, -1.3063 -0.8596 0.5709, -1.311 -0.8576 0.5709, -1.3151 -0.8545 0.5709, -1.3182 -0.8504 0.5709, -1.3202 -0.8456 0.5709, -1.3209 -0.8406 0.5709, -1.2981 -0.8565 0.5027, -1.2941 -0.8245 0.5021, -1.2973 -0.8571 0.5024, -1.2933 -0.8246 0.502, -1.2963 -0.8575 0.5023, -1.2933 -0.8589 0.502, -1.3027 -0.8221 0.5045, -1.3021 -0.8223 0.504, -1.3027 -0.8533 0.5045, -1.3006 -0.8228 0.5035, -1.3018 -0.8541 0.5039, -1.2982 -0.8236 0.5026, -1.2978 -0.8237 0.5025, -1.3067 -0.8495 0.5073, -1.3036 -0.8217 0.5051, -1.3064 -0.8499 0.507, -1.3059 -0.8504 0.5067, -1.3099 -0.8452 0.5111, -1.3088 -0.8189 0.5097, -1.3095 -0.8456 0.5107, -1.3067 -0.8202 0.5073, -1.3062 -0.8205 0.5068, -1.312 -0.8159 0.5155, -1.3113 -0.8166 0.514, -1.312 -0.8406 0.5155, -1.3105 -0.8174 0.5126, -1.3099 -0.8451 0.5111, -1.3098 -0.8181 0.5111, -1.3095 -0.8184 0.5105, -1.2971 -0.8602 0.5353, -1.3021 -0.8596 0.5342, -1.2853 -0.8602 0.502, -1.291 -0.8595 0.502, -1.3067 -0.8576 0.5331, -1.2911 -0.8595 0.502, -1.3107 -0.8545 0.5322, -1.3018 -0.8541 0.5039, -1.2973 -0.8571 0.5024, -1.3156 -0.8456 0.531, -1.3137 -0.8504 0.5315, -1.3176 -0.8406 0.5421, -1.3163 -0.8406 0.5309, -1.1594 -1.9429 0.6988, 1.1594 -1.9429 0.6988, 1.1594 -1.9429 0.561, -1.1594 -1.9429 0.561, 1.2815 -0.8602 0.7579, 1.2815 -0.8602 0.502, 1.1594 -1.9429 0.6811, 1.1597 -1.9422 0.6811, 1.2801 -1.6433 0.6811, 1.2815 -1.4843 0.5787, 1.2493 -1.47 0.5787, 1.2809 -1.4841 0.5169, 1.2793 -1.4836 0.5126, 1.2767 -1.4827 0.5087, 1.2689 -1.4798 0.5033, 1.2643 -1.4778 0.5021, 1.1831 -1.3522 0.502, 1.1831 -1.3522 0.5787, 1.1876 -1.3871 0.502, 1.1876 -1.3871 0.5787, 1.2008 -1.4198 0.502, 1.2008 -1.4198 0.5787, 1.2218 -1.448 0.502, 1.2218 -1.448 0.5787, 1.2493 -1.47 0.502, 1.1831 -0.9587 0.5787, 1.1831 -0.9587 0.502, 1.1864 -0.9332 0.5787, 1.1864 -0.9332 0.502, 1.1963 -0.9094 0.5787, 1.1963 -0.9094 0.502, 1.2119 -0.8891 0.5787, 1.2119 -0.8891 0.502, 1.2224 -0.8799 0.5787, 1.2323 -0.8734 0.502, 1.2224 -0.8799 0.6811, 1.1831 -0.9587 0.7579, 1.1831 -0.9587 0.6811, 1.1864 -0.9332 0.7579, 1.1864 -0.9332 0.6811, 1.1963 -0.9094 0.7579, 1.1963 -0.9094 0.6811, 1.2119 -0.8891 0.7579, 1.2119 -0.8891 0.6811, 1.2323 -0.8734 0.7579, 1.256 -0.8636 0.502, 1.256 -0.8636 0.7579, -1.2815 -0.8602 0.502, -1.2815 -0.8602 0.7579, -1.1597 -1.9422 0.6811, -1.1594 -1.9429 0.6811, -1.2815 -1.4843 0.6811, -1.2493 -1.47 0.6811, -1.2809 -1.4841 0.7429, -1.2793 -1.4836 0.7473, -1.2767 -1.4827 0.7511, -1.2689 -1.4798 0.7565, -1.2643 -1.4778 0.7577, -1.2493 -1.47 0.7579, -1.2218 -1.448 0.6811, -1.2218 -1.448 0.7579, -1.2008 -1.4198 0.6811, -1.2008 -1.4198 0.7579, -1.1876 -1.3871 0.6811, -1.1876 -1.3871 0.7579, -1.1831 -1.3522 0.6811, -1.1831 -1.3522 0.7579, -1.6339 -0.0728 0.5315, -1.6339 -0.0728 0.7283, -1.6339 0.2028 0.5315, -1.3209 -0.1713 0.5709, -1.3209 -0.1713 0.689, 1.3209 -0.1713 0.689, 1.3209 -0.1713 0.5709, 1.2655 -0.7591 0.4422, 1.2706 -0.7634 0.4478, 1.2699 -0.7654 0.4468, 1.1923 -0.7267 0.4005, 1.203 -0.7298 0.4045, 1.2026 -0.7315 0.404, 1.3 -0.7942 0.4875, 1.3018 -0.7975 0.4917, 1.3011 -0.7997 0.4901, 1.2854 -0.7765 0.4647, 1.2879 -0.7796 0.4686, 1.2871 -0.7817 0.4673, 1.2362 -0.7624 0.4305, 1.2181 -0.7532 0.42, 1.2212 -0.75 0.417, 1.2082 -0.7482 0.4143, 1.1963 -0.7448 0.4103, 1.1985 -0.7414 0.4071, 1.3095 -0.8184 0.5105, 1.3053 -0.8118 0.5007, 1.3062 -0.8205 0.5068, 1.2954 -0.8066 0.4869, 1.2921 -0.8248 0.502, 1.2909 -0.8248 0.502, 1.2848 -0.8125 0.4879, 1.29 -0.8102 0.4865, 1.2872 -0.8114 0.4869, 1.2928 -0.8086 0.4866, 1.2978 -0.8237 0.5025, 1.3021 -0.8223 0.5041, 1.2977 -0.8045 0.4877, 1.3068 -0.8093 0.5023, 1.3071 -0.8071 0.5041, 1.1764 -0.728 0.3973, 1.1768 -0.726 0.397, 1.1516 -0.7253 0.3942, 1.1516 -0.7337 0.3981, 1.1745 -0.7358 0.4006, 1.1755 -0.7321 0.3985, 1.1734 -0.739 0.4037, 1.1788 -0.7397 0.4044, 1.2367 -0.7627 0.4308, 1.2422 -0.7615 0.4303, 1.2405 -0.7629 0.4313, 1.2635 -0.7845 0.4558, 1.2561 -0.7784 0.4488, 1.2588 -0.777 0.4474, 1.2386 -0.7643 0.4326, 1.2845 -0.8122 0.4875, 1.2711 -0.7945 0.4673, 1.306 -0.8051 0.5016, 1.2845 -0.7755 0.4633, 1.2456 -0.7578 0.429, 1.2472 -0.7558 0.4288, 1.2669 -0.7699 0.4458, 1.2685 -0.7677 0.4461, 1.2856 -0.784 0.4663, 1.2011 -0.7357 0.4045, 1.2262 -0.7422 0.4147, 1.2271 -0.7401 0.4148, 1.2497 -0.7514 0.4291, 1.1648 -0.7224 0.395, 1.177 -0.7243 0.3974, 1.1802 -0.7248 0.3981, 1.2019 -0.7336 0.4041, 1.2188 -0.7344 0.4104, 1.2204 -0.735 0.4113, 1.244 -0.7597 0.4295, 1.2226 -0.7483 0.4161, 1.2238 -0.7464 0.4154, 1.2003 -0.7377 0.4052, 1.2251 -0.7443 0.4149, 1.2485 -0.7536 0.4288, 1.2745 -0.7932 0.4661, 1.2609 -0.7756 0.4466, 1.277 -0.7919 0.4655, 1.263 -0.7739 0.446, 1.2794 -0.7903 0.4652, 1.265 -0.772 0.4457, 1.2817 -0.7883 0.4652, 1.2838 -0.7862 0.4656, 1.2996 -0.8021 0.4888, 1.2277 -0.7382 0.4154, 1.2426 -0.7448 0.4239, 1.2503 -0.7496 0.43, 1.2558 -0.753 0.4344, -1.2753 -0.7669 0.4523, -1.2706 -0.7634 0.4478, -1.2699 -0.7654 0.4468, -1.1627 -0.7372 0.4016, -1.1732 -0.7393 0.404, -1.1745 -0.7357 0.4006, -1.2873 -0.8113 0.4869, -1.3062 -0.8205 0.5068, -1.2977 -0.8044 0.4877, -1.2955 -0.8066 0.4869, -1.3017 -0.7985 0.4909, -1.3066 -0.8049 0.5013, -1.3064 -0.8044 0.5006, -1.3011 -0.7997 0.4901, -1.3004 -0.8009 0.4894, -1.3095 -0.8184 0.5105, -1.2996 -0.8021 0.4888, -1.3021 -0.8223 0.5041, -1.2901 -0.8101 0.4865, -1.2978 -0.8237 0.5025, -1.2929 -0.8085 0.4866, -1.2921 -0.8248 0.502, -1.2746 -0.7932 0.466, -1.2713 -0.7945 0.4672, -1.283 -0.8126 0.488, -1.2589 -0.7769 0.4474, -1.2558 -0.7785 0.449, -1.2676 -0.7888 0.4607, -1.2213 -0.7499 0.417, -1.2228 -0.7548 0.4217, -1.2387 -0.7642 0.4325, -1.1941 -0.7434 0.4087, -1.1965 -0.7444 0.4098, -1.1985 -0.7413 0.407, -1.2184 -0.753 0.4197, -1.1516 -0.7337 0.3981, -1.1755 -0.7321 0.3985, -1.1764 -0.728 0.3973, -1.1516 -0.7253 0.3942, -1.1768 -0.7259 0.397, -1.2067 -0.7304 0.4053, -1.2026 -0.7315 0.404, -1.2202 -0.7354 0.4117, -1.2271 -0.7401 0.4148, -1.2032 -0.7296 0.4043, -1.1803 -0.7244 0.3976, -1.1793 -0.7242 0.3973, -1.1772 -0.724 0.397, -1.2497 -0.7514 0.4291, -1.2561 -0.7526 0.434, -1.2558 -0.7524 0.4337, -1.2871 -0.7816 0.4673, -1.2856 -0.7839 0.4663, -1.2839 -0.7862 0.4656, -1.2818 -0.7883 0.4652, -1.3016 -0.7975 0.4918, -1.2927 -0.7846 0.475, -1.2878 -0.7796 0.4686, -1.285 -0.7767 0.465, -1.2423 -0.7614 0.4302, -1.2406 -0.7629 0.4312, -1.2406 -0.7653 0.4338, -1.244 -0.7597 0.4295, -1.261 -0.7755 0.4465, -1.2909 -0.8248 0.502, -1.2771 -0.7919 0.4655, -1.2631 -0.7738 0.446, -1.2457 -0.7578 0.429, -1.2795 -0.7902 0.4652, -1.2651 -0.7719 0.4457, -1.2669 -0.7698 0.4458, -1.2685 -0.7676 0.4461, -1.2472 -0.7557 0.4288, -1.2486 -0.7536 0.4288, -1.2262 -0.7422 0.4147, -1.2019 -0.7336 0.4041, -1.2251 -0.7443 0.4149, -1.2012 -0.7357 0.4045, -1.2239 -0.7463 0.4154, -1.2003 -0.7377 0.4051, -1.2226 -0.7482 0.4161, -1.2504 -0.7495 0.43, -1.2327 -0.74 0.4177, -1.2278 -0.7382 0.4153, 1.1803 -0.1713 0.3975, 1.2204 -0.1713 0.4112, 1.2562 -0.1713 0.434, 1.2855 -0.1713 0.4646, 1.3066 -0.1713 0.5013, 1.3185 -0.1713 0.542, -1.3185 -0.1713 0.542, -1.3066 -0.1713 0.5013, -1.2855 -0.1713 0.4646, -1.2562 -0.1713 0.434, -1.2204 -0.1713 0.4112, -1.1803 -0.1713 0.3975, -1.1941 -0.7434 0.4087, 1.1788 -0.7397 0.4044, 1.2635 -0.7845 0.4558, 1.2753 -0.7669 0.8076, 1.2706 -0.7634 0.812, 1.2699 -0.7654 0.8131, 1.1627 -0.7372 0.8582, 1.1732 -0.7393 0.8559, 1.1745 -0.7357 0.8593, 1.2873 -0.8113 0.773, 1.3061 -0.8206 0.7532, 1.2977 -0.8044 0.7721, 1.2955 -0.8066 0.7729, 1.3017 -0.7985 0.769, 1.3066 -0.8049 0.7585, 1.3064 -0.8044 0.7592, 1.3011 -0.7997 0.7697, 1.3004 -0.8009 0.7704, 1.3097 -0.8183 0.7491, 1.2996 -0.8021 0.7711, 1.3019 -0.8224 0.7559, 1.2901 -0.8101 0.7733, 1.2929 -0.8085 0.7733, 1.2976 -0.8237 0.7574, 1.2921 -0.8248 0.7579, 1.2746 -0.7932 0.7938, 1.2713 -0.7945 0.7926, 1.283 -0.8126 0.7718, 1.2589 -0.7769 0.8125, 1.2558 -0.7785 0.8109, 1.2676 -0.7888 0.7992, 1.2213 -0.7499 0.8428, 1.2228 -0.7548 0.8381, 1.2387 -0.7642 0.8273, 1.1941 -0.7434 0.8511, 1.1965 -0.7444 0.85, 1.1985 -0.7413 0.8528, 1.2184 -0.753 0.8401, 1.1516 -0.7336 0.8618, 1.1755 -0.7321 0.8614, 1.1764 -0.728 0.8626, 1.1516 -0.7253 0.8656, 1.1768 -0.7259 0.8629, 1.2067 -0.7304 0.8546, 1.2026 -0.7315 0.8558, 1.2202 -0.7354 0.8481, 1.2271 -0.7401 0.8451, 1.2032 -0.7296 0.8556, 1.1803 -0.7244 0.8622, 1.1793 -0.7242 0.8625, 1.1772 -0.724 0.8628, 1.2497 -0.7514 0.8307, 1.2561 -0.7526 0.8258, 1.2558 -0.7524 0.8262, 1.2871 -0.7816 0.7926, 1.2856 -0.7839 0.7936, 1.2839 -0.7862 0.7943, 1.2818 -0.7883 0.7946, 1.3016 -0.7975 0.768, 1.2927 -0.7846 0.7848, 1.2878 -0.7796 0.7912, 1.285 -0.7767 0.7949, 1.2423 -0.7614 0.8296, 1.2406 -0.7629 0.8286, 1.2406 -0.7653 0.826, 1.244 -0.7597 0.8304, 1.261 -0.7755 0.8133, 1.2909 -0.8248 0.7579, 1.2771 -0.7919 0.7944, 1.2631 -0.7738 0.8139, 1.2457 -0.7578 0.8309, 1.2795 -0.7902 0.7947, 1.2651 -0.7719 0.8141, 1.2669 -0.7698 0.8141, 1.2685 -0.7676 0.8137, 1.2472 -0.7557 0.8311, 1.2486 -0.7536 0.831, 1.2262 -0.7422 0.8451, 1.2019 -0.7336 0.8557, 1.2251 -0.7443 0.8449, 1.2012 -0.7357 0.8553, 1.2239 -0.7463 0.8445, 1.2003 -0.7377 0.8547, 1.2226 -0.7482 0.8438, 1.2504 -0.7495 0.8299, 1.2327 -0.74 0.8421, 1.2278 -0.7382 0.8445, -1.2655 -0.7591 0.8176, -1.2706 -0.7634 0.812, -1.2699 -0.7654 0.8131, -1.1923 -0.7267 0.8594, -1.203 -0.7298 0.8553, -1.2026 -0.7315 0.8558, -1.3 -0.7942 0.7723, -1.3018 -0.7975 0.7681, -1.3011 -0.7997 0.7697, -1.2854 -0.7765 0.7952, -1.2879 -0.7796 0.7913, -1.2871 -0.7817 0.7926, -1.2362 -0.7624 0.8294, -1.2181 -0.7532 0.8399, -1.2212 -0.75 0.8428, -1.2082 -0.7482 0.8456, -1.1963 -0.7448 0.8496, -1.1985 -0.7414 0.8528, -1.3097 -0.8183 0.7491, -1.3053 -0.8118 0.7591, -1.3061 -0.8206 0.7532, -1.2954 -0.8066 0.7729, -1.2921 -0.8248 0.7579, -1.2909 -0.8248 0.7579, -1.2848 -0.8125 0.7719, -1.29 -0.8102 0.7733, -1.2872 -0.8114 0.7729, -1.2928 -0.8086 0.7733, -1.2976 -0.8237 0.7574, -1.3019 -0.8224 0.7559, -1.2977 -0.8045 0.7722, -1.3068 -0.8093 0.7576, -1.3071 -0.8071 0.7557, -1.1516 -0.7253 0.8656, -1.1768 -0.726 0.8629, -1.1764 -0.728 0.8626, -1.1516 -0.7336 0.8618, -1.1734 -0.739 0.8562, -1.1745 -0.7358 0.8592, -1.1788 -0.7397 0.8554, -1.2367 -0.7627 0.829, -1.2422 -0.7615 0.8296, -1.2405 -0.7629 0.8286, -1.2635 -0.7845 0.8041, -1.2561 -0.7784 0.811, -1.2588 -0.777 0.8124, -1.2386 -0.7643 0.8273, -1.2845 -0.8122 0.7723, -1.2711 -0.7945 0.7926, -1.306 -0.8051 0.7583, -1.2845 -0.7755 0.7966, -1.2456 -0.7578 0.8309, -1.2472 -0.7558 0.8311, -1.2669 -0.7699 0.8141, -1.2685 -0.7677 0.8137, -1.2856 -0.784 0.7936, -1.1755 -0.7321 0.8613, -1.2011 -0.7357 0.8553, -1.2262 -0.7422 0.8451, -1.2271 -0.7401 0.8451, -1.2497 -0.7514 0.8307, -1.1648 -0.7224 0.8649, -1.177 -0.7243 0.8624, -1.1802 -0.7248 0.8618, -1.2019 -0.7336 0.8557, -1.2188 -0.7344 0.8494, -1.2204 -0.735 0.8486, -1.244 -0.7597 0.8303, -1.2226 -0.7483 0.8437, -1.2238 -0.7464 0.8445, -1.2003 -0.7377 0.8547, -1.2251 -0.7443 0.8449, -1.2485 -0.7536 0.831, -1.2745 -0.7932 0.7938, -1.2609 -0.7756 0.8133, -1.277 -0.7919 0.7944, -1.263 -0.7739 0.8138, -1.2794 -0.7903 0.7947, -1.265 -0.772 0.8141, -1.2817 -0.7883 0.7946, -1.2838 -0.7862 0.7943, -1.2996 -0.8021 0.7711, -1.2277 -0.7382 0.8444, -1.2426 -0.7448 0.8359, -1.2503 -0.7496 0.8298, -1.2558 -0.753 0.8254, 1.3185 -0.1713 0.7178, 1.3066 -0.1713 0.7585, 1.2855 -0.1713 0.7952, 1.2562 -0.1713 0.8259, 1.2204 -0.1713 0.8487, 1.1803 -0.1713 0.8623, -1.1803 -0.1713 0.8623, -1.2204 -0.1713 0.8487, -1.2562 -0.1713 0.8259, -1.2855 -0.1713 0.7952, -1.3066 -0.1713 0.7585, -1.3185 -0.1713 0.7178, 1.1941 -0.7434 0.8511, -1.1788 -0.7397 0.8554, -1.2635 -0.7845 0.8041, 1.2283 0.1191 0.1378, -1.2283 0.1191 0.1378, -1.1831 -0.9587 0.7579, -1.1831 -0.9587 0.6811, 1.6339 -0.0728 0.7283, 1.624 0.872 0.816, 1.5949 0.872 0.8992, 1.548 0.872 0.9738, 1.4856 0.872 1.0362, 1.411 0.872 1.0831, 1.3278 0.872 1.1122, 1.2402 0.872 1.122, -1.624 0.872 0.816, -1.5949 0.872 0.8992, -1.548 0.872 0.9738, -1.4856 0.872 1.0362, -1.411 0.872 1.0831, -1.3278 0.872 1.1122, -1.2402 0.872 1.122, -1.3647 -0.0226 0.1414, -1.3182 -0.0208 0.1296, -1.3128 -0.0206 0.1288, -1.2779 -0.019 0.1238, -1.2611 -0.1319 0.1384, -1.3186 -0.1319 0.1457, -1.3276 -0.1319 0.1482, -1.3745 -0.1319 0.1614, -1.5949 0.2028 0.3607, -1.5945 0.2028 0.3599, -1.624 0.2028 0.4439, 1.3647 -0.0226 0.1414, 1.3185 -0.0207 0.1296, 1.3128 -0.0204 0.1288, 1.2779 -0.019 0.1238, 1.6339 -0.0728 0.5315, 1.5945 0.2028 0.3599, 1.5949 0.2028 0.3607, 1.3745 -0.1319 0.1614, 1.3276 -0.1319 0.1482, 1.2611 -0.1319 0.1384, 1.3186 -0.1319 0.1457, 1.624 0.2028 0.4439, 1.6339 0.2028 0.5315, 1.2815 -1.6359 0.6811, 1.2811 -1.6397 0.6811, -1.2801 -1.6433 0.5787, -1.2811 -1.6397 0.5787, -1.2815 -1.6359 0.5787, 1.1597 -1.9422 0.5787, 1.1594 -1.9429 0.5787, 1.2815 -1.4843 0.6811, -1.1594 -1.9429 0.5787, -1.1597 -1.9422 0.5787, -1.2815 -1.4843 0.5787, 1.5945 0.7618 0.1378, 1.6047 0.7618 0.1391, 1.6142 0.7618 0.1431, 1.6223 0.7618 0.1493, 1.6286 0.7618 0.1575, 1.6325 0.7618 0.167, 1.6339 0.7618 0.1772, -1.5945 0.0138 0.1403, 1.5945 0.0138 0.1403, -0.3391 -0.5561 0.8661, -0.3061 -0.5891 0.8661, -0.5762 -0.5561 0.8661, -0.3008 -0.7296 0.8643, -0.2981 -0.7334 0.862, -0.6093 -0.5891 0.8661, -0.6124 -0.7267 0.8654, -0.6174 -0.7337 0.8618, -0.6185 -0.7355 0.8602, 0.5762 -0.5561 0.8661, 0.6093 -0.5891 0.8661, 0.3391 -0.5561 0.8661, 0.6146 -0.7296 0.8643, 0.6172 -0.7334 0.862, 0.3061 -0.5891 0.8661, 0.3029 -0.7267 0.8654, 0.2979 -0.7337 0.8618, 0.2968 -0.7355 0.8602, 0.3391 -0.5561 0.3937, 0.3061 -0.5891 0.3937, 0.5762 -0.5561 0.3937, 0.2981 -0.7334 0.3978, 0.3008 -0.7296 0.3955, 0.6093 -0.5891 0.3937, 0.6124 -0.7267 0.3945, 0.6174 -0.7337 0.3981, 0.6185 -0.7355 0.3997, -0.3061 -0.5891 0.3937, -0.3391 -0.5561 0.3937, -0.3029 -0.7267 0.3945, -0.2979 -0.7337 0.3981, -0.2968 -0.7355 0.3997, -0.5762 -0.5561 0.3937, -0.6093 -0.5891 0.3937, -0.6172 -0.7334 0.3978, -0.6146 -0.7296 0.3955, 0.9744 0.5059 1.1299, 1.2598 0.872 1.1693, 1.2283 0.872 1.1693, 1.2283 0.872 1.122, 1.6699 0.872 0.8443, 1.6361 0.872 0.9375, 1.5814 0.872 1.0202, 1.5089 0.872 1.0878, 1.4226 0.872 1.1366, 1.3273 0.872 1.1639, 1.2283 1.0965 1.122, -0.9744 0.5059 1.1299, -1.6699 0.872 0.8443, -1.6361 0.872 0.9375, -1.5814 0.872 1.0202, -1.5089 0.872 1.0878, -1.4226 0.872 1.1366, -1.3273 0.872 1.1639, -1.2598 0.872 1.1693, -1.2283 0.872 1.1693, -1.2283 0.872 1.122, -1.2283 1.0965 1.122, 1.2493 -1.47 0.6811, 1.267 -1.4791 0.7572, 1.2714 -1.4808 0.7554, 1.2754 -1.4823 0.7524, 1.2785 -1.4833 0.7486, 1.2806 -1.484 0.7442, 1.1831 -1.3522 0.6811, 1.1831 -1.3522 0.7579, 1.1876 -1.3871 0.6811, 1.1876 -1.3871 0.7579, 1.2008 -1.4198 0.6811, 1.2008 -1.4198 0.7579, 1.2218 -1.448 0.6811, 1.2218 -1.448 0.7579, 1.2493 -1.47 0.7579, -1.2493 -1.47 0.5787, -1.267 -1.4791 0.5027, -1.2714 -1.4808 0.5045, -1.2754 -1.4823 0.5074, -1.2785 -1.4833 0.5113, -1.2806 -1.484 0.5157, -1.1831 -1.3522 0.5787, -1.1831 -1.3522 0.502, -1.1876 -1.3871 0.5787, -1.1876 -1.3871 0.502, -1.2008 -1.4198 0.5787, -1.2008 -1.4198 0.502, -1.2218 -1.448 0.5787, -1.2218 -1.448 0.502, -1.2493 -1.47 0.502, -1.1831 -0.9587 0.5787, -1.1831 -0.9587 0.502, -1.1864 -0.9332 0.6811, -1.1864 -0.9332 0.7579, -1.1963 -0.9094 0.6811, -1.1963 -0.9094 0.7579, -1.2119 -0.8891 0.6811, -1.2119 -0.8891 0.7579, -1.2224 -0.8799 0.6811, -1.2323 -0.8734 0.7579, -1.2224 -0.8799 0.5787, -1.1864 -0.9332 0.502, -1.1864 -0.9332 0.5787, -1.1963 -0.9094 0.502, -1.1963 -0.9094 0.5787, -1.2119 -0.8891 0.502, -1.2119 -0.8891 0.5787, -1.2323 -0.8734 0.502, -1.256 -0.8636 0.502, -1.256 -0.8636 0.7579, -1.3386 1.0965 0.6614, -1.3233 1.0965 0.7775, -1.3091 1.0965 0.7716, -1.0827 1.0965 1.0335, -1.2894 1.0965 1.0335, 1.3386 1.0965 0.7795, 1.4631 1.0965 0.7795, -1.2968 1.0965 0.7622, -1.2874 1.0965 0.75, -1.2815 1.0965 0.7358, -1.2795 1.0965 0.7205, -1.2815 1.0965 0.7052, -1.2874 1.0965 0.6909, -1.3258 1.0965 0.9662, -1.3386 1.0965 0.9646, -1.2894 1.0965 1.0138, -1.3386 1.0965 0.7795, -1.4631 1.0965 0.7795, -0.9646 1.0965 1.1153, 0.9646 1.0965 1.1153, 1.2968 1.0965 0.6787, -1.314 1.0965 0.9712, 1.3386 1.0965 0.6614, 1.3233 1.0965 0.6634, 1.3091 1.0965 0.6693, -1.2968 1.0965 0.6787, -1.3091 1.0965 0.6693, -1.3233 1.0965 0.6634, -1.4631 1.0965 0.9646, 1.0807 1.0965 0.9572, 0.9666 1.0965 0.9572, 1.0827 1.0965 0.9724, 0.9646 1.0965 0.9724, 1.0827 1.0965 1.0335, -1.0748 1.0965 0.9429, -1.0807 1.0965 0.9572, -0.9725 1.0965 0.9429, 1.2874 1.0965 0.6909, 1.2815 1.0965 0.7052, -1.3038 1.0965 0.979, -1.291 1.0965 1.001, -1.296 1.0965 0.9892, -1.0827 1.0965 0.9724, -0.9646 1.0965 0.9724, -0.9666 1.0965 0.9572, 1.2894 1.0965 1.0138, 1.3386 1.0965 0.9646, 1.4631 1.0965 0.9646, 1.314 1.0965 0.9712, 1.3038 1.0965 0.979, 1.296 1.0965 0.9892, 1.2894 1.0965 1.0335, 1.2968 1.0965 0.7622, 1.3091 1.0965 0.7716, 1.2874 1.0965 0.75, 1.3233 1.0965 0.7775, 1.0748 1.0965 0.9429, 0.9819 1.0965 0.9307, 0.9725 1.0965 0.9429, 1.3258 1.0965 0.9662, 1.291 1.0965 1.001, 1.2795 1.0965 0.7205, 1.2815 1.0965 0.7358, 1.0654 1.0965 0.9307, 1.0531 1.0965 0.9213, 1.0389 1.0965 0.9154, 1.0236 1.0965 0.9134, 1.0083 1.0965 0.9154, 0.9941 1.0965 0.9213, -1.0236 1.0965 0.9134, -1.0389 1.0965 0.9154, -1.0083 1.0965 0.9154, -0.9819 1.0965 0.9307, -0.9941 1.0965 0.9213, -1.0531 1.0965 0.9213, -1.0654 1.0965 0.9307
            ]
        }
        coordIndex [
            0,1,2,-1,2,1,3,-1,4,5,6,-1,6,5,7,-1,4,3,8,-1,9,5,10,-1,10,5,4,-1,10,4,11,-1,11,4,8,-1,1,12,3,-1,3,12,13,-1,14,15,16,-1,13,17,3,-1,3,17,18,-1,3,18,8,-1,8,18,14,-1,8,14,19,-1,19,14,16,-1,12,1,20,-1,20,1,0,-1,16,15,21,-1,21,15,22,-1,5,9,7,-1,7,9,23,-1,24,10,25,-1,25,10,11,-1,25,11,26,-1,26,11,8,-1,26,8,27,-1,27,8,19,-1,27,19,21,-1,21,19,16,-1,23,9,24,-1,24,9,10,-1,22,15,28,-1,28,15,14,-1,28,14,29,-1,29,14,18,-1,29,18,30,-1,30,18,17,-1,30,17,31,-1,31,17,13,-1,31,13,20,-1,20,13,12,-1,32,33,34,-1,34,33,35,-1,34,35,36,-1,37,38,39,-1,39,38,34,-1,39,34,40,-1,40,34,36,-1,37,39,41,-1,41,39,42,-1,41,42,43,-1,43,44,41,-1,41,44,45,-1,41,45,46,-1,47,48,45,-1,45,48,49,-1,45,49,46,-1,50,51,52,-1,52,51,48,-1,52,48,53,-1,53,48,47,-1,54,55,56,-1,56,55,57,-1,56,57,58,-1,50,52,58,-1,58,52,59,-1,58,59,56,-1,56,59,60,-1,56,60,54,-1,54,60,61,-1,54,61,62,-1,63,6,64,-1,64,6,7,-1,64,7,65,-1,65,7,23,-1,65,23,66,-1,66,23,24,-1,66,24,67,-1,67,24,25,-1,67,25,68,-1,68,25,26,-1,68,26,69,-1,69,26,27,-1,69,27,62,-1,62,27,21,-1,62,21,54,-1,54,21,22,-1,54,22,70,-1,70,22,28,-1,70,28,71,-1,71,28,29,-1,71,29,72,-1,72,29,30,-1,72,30,73,-1,73,30,31,-1,73,31,74,-1,74,31,20,-1,74,20,75,-1,75,20,0,-1,75,0,76,-1,76,0,2,-1,77,78,79,-1,79,78,80,-1,81,82,83,-1,83,82,84,-1,83,84,85,-1,86,87,75,-1,75,87,88,-1,88,89,75,-1,75,89,90,-1,75,90,74,-1,80,78,91,-1,91,78,92,-1,91,92,86,-1,86,92,93,-1,86,93,87,-1,85,94,83,-1,83,94,95,-1,83,95,96,-1,96,95,97,-1,96,97,79,-1,79,97,98,-1,79,98,77,-1,99,100,101,-1,101,100,102,-1,101,102,103,-1,103,102,104,-1,105,106,107,-1,104,102,106,-1,106,102,108,-1,106,108,107,-1,109,110,107,-1,107,110,111,-1,107,111,105,-1,112,113,114,-1,114,113,110,-1,114,110,115,-1,115,110,109,-1,116,117,118,-1,118,117,119,-1,112,114,119,-1,119,114,64,-1,119,64,118,-1,118,64,65,-1,118,65,116,-1,120,121,122,-1,122,121,123,-1,122,123,124,-1,124,123,125,-1,124,125,126,-1,126,125,127,-1,126,127,128,-1,128,127,129,-1,128,129,130,-1,130,129,131,-1,130,131,132,-1,132,131,133,-1,132,133,134,-1,134,133,135,-1,134,135,136,-1,136,135,137,-1,136,137,138,-1,138,137,139,-1,138,139,140,-1,140,139,141,-1,140,141,142,-1,142,141,143,-1,142,143,144,-1,144,143,145,-1,144,145,146,-1,146,145,147,-1,146,147,148,-1,148,147,149,-1,148,149,150,-1,150,149,151,-1,152,153,154,-1,154,153,155,-1,154,155,156,-1,157,158,155,-1,155,158,159,-1,155,159,156,-1,160,161,162,-1,162,161,158,-1,162,158,163,-1,163,158,157,-1,164,165,166,-1,166,165,167,-1,160,162,164,-1,164,162,168,-1,164,168,165,-1,169,170,171,-1,171,170,172,-1,167,165,172,-1,172,165,122,-1,172,122,171,-1,171,122,124,-1,171,124,169,-1,173,174,175,-1,175,174,176,-1,175,176,177,-1,178,179,148,-1,148,179,180,-1,180,181,148,-1,148,181,182,-1,148,182,146,-1,183,184,185,-1,177,186,175,-1,175,186,187,-1,175,187,188,-1,188,187,183,-1,188,183,189,-1,189,183,185,-1,184,190,185,-1,185,190,191,-1,185,191,192,-1,192,191,193,-1,192,193,178,-1,178,193,194,-1,178,194,179,-1,195,196,197,-1,197,196,198,-1,197,198,199,-1,200,201,202,-1,202,201,197,-1,202,197,203,-1,203,197,199,-1,200,202,204,-1,204,202,205,-1,204,205,206,-1,206,207,204,-1,204,207,208,-1,204,208,209,-1,210,211,208,-1,208,211,212,-1,208,212,209,-1,213,214,215,-1,215,214,211,-1,215,211,216,-1,216,211,210,-1,136,217,218,-1,218,217,219,-1,218,219,220,-1,213,215,220,-1,220,215,221,-1,220,221,218,-1,218,221,222,-1,218,222,136,-1,136,222,223,-1,136,223,134,-1,224,225,226,-1,226,225,227,-1,228,229,230,-1,230,229,231,-1,232,233,234,-1,235,236,237,-1,237,236,238,-1,237,238,239,-1,232,234,240,-1,240,234,241,-1,240,241,242,-1,242,241,243,-1,242,243,237,-1,237,243,244,-1,237,244,235,-1,245,246,247,-1,239,238,248,-1,248,238,249,-1,248,249,247,-1,247,249,250,-1,247,250,245,-1,251,35,252,-1,252,35,101,-1,246,245,253,-1,253,245,254,-1,253,254,252,-1,252,254,255,-1,252,255,251,-1,234,233,256,-1,256,257,234,-1,234,257,258,-1,234,258,259,-1,260,261,262,-1,263,260,264,-1,264,260,262,-1,264,262,265,-1,266,262,261,-1,267,268,269,-1,269,268,270,-1,269,270,271,-1,266,261,272,-1,272,261,273,-1,272,273,274,-1,274,273,275,-1,274,275,269,-1,269,275,276,-1,269,276,267,-1,277,278,279,-1,271,270,280,-1,280,270,281,-1,280,281,279,-1,279,281,282,-1,279,282,277,-1,283,84,284,-1,284,84,34,-1,278,277,285,-1,285,277,286,-1,285,286,284,-1,284,286,287,-1,284,287,283,-1,288,198,289,-1,289,198,154,-1,290,291,292,-1,292,291,289,-1,289,291,293,-1,289,293,288,-1,294,295,296,-1,294,296,297,-1,292,298,290,-1,290,298,295,-1,290,295,299,-1,299,295,294,-1,296,300,297,-1,297,300,301,-1,297,301,302,-1,302,301,303,-1,304,305,306,-1,304,306,307,-1,307,306,308,-1,307,308,309,-1,309,308,310,-1,309,310,301,-1,301,310,311,-1,301,311,303,-1,306,305,312,-1,312,313,306,-1,306,313,314,-1,306,314,315,-1,316,317,318,-1,319,316,320,-1,320,316,318,-1,320,318,321,-1,322,176,323,-1,323,176,197,-1,324,325,326,-1,326,325,323,-1,323,325,327,-1,323,327,322,-1,328,329,330,-1,328,330,331,-1,326,332,324,-1,324,332,329,-1,324,329,333,-1,333,329,328,-1,330,334,331,-1,331,334,335,-1,331,335,336,-1,336,335,337,-1,338,318,317,-1,338,317,339,-1,339,317,340,-1,339,340,341,-1,341,340,342,-1,341,342,335,-1,335,342,343,-1,335,343,337,-1,344,345,346,-1,346,345,347,-1,346,347,348,-1,349,350,351,-1,351,350,352,-1,351,352,353,-1,350,230,352,-1,352,230,231,-1,352,231,354,-1,224,347,225,-1,225,347,345,-1,225,345,355,-1,356,357,358,-1,359,360,361,-1,362,363,364,-1,365,366,367,-1,368,369,370,-1,371,372,373,-1,374,375,376,-1,377,378,379,-1,380,381,382,-1,383,380,384,-1,384,380,382,-1,384,382,385,-1,385,382,386,-1,385,386,387,-1,387,386,388,-1,387,388,389,-1,389,388,390,-1,389,390,391,-1,391,390,392,-1,391,392,393,-1,393,392,394,-1,393,394,395,-1,395,394,396,-1,395,396,397,-1,397,396,398,-1,397,398,399,-1,399,398,400,-1,399,400,401,-1,401,400,402,-1,401,402,403,-1,403,402,404,-1,403,404,405,-1,405,404,406,-1,405,406,407,-1,407,406,408,-1,407,408,409,-1,409,408,410,-1,409,410,411,-1,411,410,412,-1,413,411,414,-1,414,411,412,-1,414,412,415,-1,416,417,418,-1,418,365,416,-1,416,365,367,-1,416,367,419,-1,419,367,420,-1,419,420,421,-1,421,420,422,-1,422,420,423,-1,422,423,424,-1,424,423,425,-1,425,423,426,-1,425,426,427,-1,427,426,428,-1,428,426,429,-1,428,429,430,-1,430,429,431,-1,431,429,432,-1,431,432,433,-1,433,432,434,-1,434,432,435,-1,434,435,436,-1,436,435,437,-1,437,435,438,-1,437,438,439,-1,439,438,440,-1,440,438,441,-1,440,441,442,-1,442,441,443,-1,442,443,444,-1,444,443,445,-1,444,445,446,-1,446,445,447,-1,447,445,448,-1,447,448,449,-1,449,448,450,-1,450,448,451,-1,450,451,452,-1,452,451,453,-1,453,451,454,-1,453,454,455,-1,455,454,456,-1,456,454,457,-1,456,457,458,-1,458,457,459,-1,459,457,364,-1,459,364,460,-1,460,364,461,-1,461,364,363,-1,461,363,462,-1,463,462,464,-1,464,462,363,-1,464,363,465,-1,465,363,362,-1,381,466,382,-1,382,466,467,-1,382,467,386,-1,386,467,468,-1,386,468,388,-1,388,468,469,-1,388,469,390,-1,390,469,470,-1,390,470,392,-1,392,470,471,-1,392,471,394,-1,394,471,472,-1,394,472,396,-1,396,472,473,-1,396,473,398,-1,398,473,474,-1,398,474,400,-1,400,474,475,-1,400,475,402,-1,402,475,476,-1,402,476,404,-1,404,476,477,-1,404,477,406,-1,406,477,478,-1,406,478,408,-1,408,478,479,-1,408,479,410,-1,410,479,480,-1,410,480,412,-1,412,480,379,-1,412,379,415,-1,415,379,378,-1,466,481,467,-1,467,481,482,-1,467,482,468,-1,468,482,483,-1,468,483,469,-1,469,483,484,-1,469,484,470,-1,470,484,485,-1,470,485,471,-1,471,485,486,-1,471,486,472,-1,472,486,487,-1,472,487,473,-1,473,487,488,-1,473,488,474,-1,474,488,489,-1,474,489,475,-1,475,489,490,-1,475,490,476,-1,476,490,491,-1,476,491,477,-1,477,491,492,-1,477,492,478,-1,478,492,493,-1,478,493,479,-1,479,493,494,-1,479,494,480,-1,480,494,495,-1,480,495,379,-1,379,495,376,-1,379,376,377,-1,377,376,375,-1,481,356,482,-1,482,356,358,-1,482,358,483,-1,483,358,496,-1,483,496,484,-1,484,496,497,-1,484,497,485,-1,485,497,498,-1,485,498,486,-1,486,498,499,-1,486,499,487,-1,487,499,500,-1,487,500,488,-1,488,500,501,-1,488,501,489,-1,489,501,502,-1,489,502,490,-1,490,502,503,-1,490,503,491,-1,491,503,504,-1,491,504,492,-1,492,504,505,-1,492,505,493,-1,493,505,506,-1,493,506,494,-1,494,506,507,-1,494,507,495,-1,495,507,508,-1,495,508,376,-1,376,508,373,-1,376,373,374,-1,374,373,372,-1,357,359,358,-1,358,359,361,-1,358,361,496,-1,496,361,509,-1,496,509,497,-1,497,509,510,-1,497,510,498,-1,498,510,511,-1,498,511,499,-1,499,511,512,-1,499,512,500,-1,500,512,513,-1,500,513,501,-1,501,513,514,-1,501,514,502,-1,502,514,515,-1,502,515,503,-1,503,515,516,-1,503,516,504,-1,504,516,517,-1,504,517,505,-1,505,517,518,-1,505,518,506,-1,506,518,519,-1,506,519,507,-1,507,519,520,-1,507,520,508,-1,508,520,521,-1,508,521,373,-1,373,521,370,-1,373,370,371,-1,371,370,369,-1,360,362,361,-1,361,362,364,-1,361,364,509,-1,509,364,457,-1,509,457,510,-1,510,457,454,-1,510,454,511,-1,511,454,451,-1,511,451,512,-1,512,451,448,-1,512,448,513,-1,513,448,445,-1,513,445,514,-1,514,445,443,-1,514,443,515,-1,515,443,441,-1,515,441,516,-1,516,441,438,-1,516,438,517,-1,517,438,435,-1,517,435,518,-1,518,435,432,-1,518,432,519,-1,519,432,429,-1,519,429,520,-1,520,429,426,-1,520,426,521,-1,521,426,423,-1,521,423,370,-1,370,423,420,-1,370,420,368,-1,368,420,367,-1,368,367,522,-1,522,367,366,-1,523,524,525,-1,526,527,528,-1,529,530,531,-1,532,533,534,-1,535,536,537,-1,538,539,540,-1,541,542,543,-1,544,545,546,-1,547,548,549,-1,550,551,552,-1,550,552,553,-1,554,555,556,-1,556,555,557,-1,556,557,558,-1,559,535,560,-1,560,535,537,-1,560,537,561,-1,561,537,562,-1,561,562,563,-1,563,562,564,-1,563,564,565,-1,565,564,566,-1,565,566,567,-1,567,566,568,-1,567,568,569,-1,569,568,570,-1,569,570,571,-1,571,570,572,-1,571,572,573,-1,573,572,574,-1,573,574,575,-1,575,574,576,-1,575,576,577,-1,577,576,578,-1,577,578,579,-1,579,578,580,-1,579,580,581,-1,581,580,582,-1,581,582,583,-1,583,582,584,-1,583,584,585,-1,585,584,586,-1,585,586,587,-1,587,586,588,-1,589,587,590,-1,590,587,588,-1,590,588,591,-1,592,593,594,-1,594,593,595,-1,594,595,596,-1,592,594,597,-1,597,594,598,-1,597,598,599,-1,599,598,600,-1,600,598,601,-1,600,601,602,-1,602,601,603,-1,603,601,604,-1,603,604,605,-1,605,604,606,-1,606,604,607,-1,606,607,608,-1,608,607,609,-1,609,607,610,-1,609,610,611,-1,611,610,612,-1,612,610,613,-1,612,613,614,-1,614,613,615,-1,615,613,616,-1,615,616,617,-1,617,616,618,-1,618,616,619,-1,618,619,620,-1,620,619,621,-1,620,621,622,-1,622,621,623,-1,622,623,624,-1,624,623,625,-1,625,623,626,-1,625,626,627,-1,627,626,628,-1,628,626,629,-1,628,629,630,-1,630,629,631,-1,631,629,632,-1,631,632,633,-1,633,632,634,-1,634,632,635,-1,634,635,636,-1,636,635,637,-1,637,635,554,-1,637,554,638,-1,638,554,639,-1,639,554,556,-1,639,556,552,-1,552,556,558,-1,552,558,553,-1,536,538,537,-1,537,538,540,-1,537,540,562,-1,562,540,640,-1,562,640,564,-1,564,640,641,-1,564,641,566,-1,566,641,642,-1,566,642,568,-1,568,642,643,-1,568,643,570,-1,570,643,644,-1,570,644,572,-1,572,644,645,-1,572,645,574,-1,574,645,646,-1,574,646,576,-1,576,646,647,-1,576,647,578,-1,578,647,648,-1,578,648,580,-1,580,648,649,-1,580,649,582,-1,582,649,650,-1,582,650,584,-1,584,650,651,-1,584,651,586,-1,586,651,652,-1,586,652,588,-1,588,652,534,-1,588,534,591,-1,591,534,533,-1,539,541,540,-1,540,541,543,-1,540,543,640,-1,640,543,653,-1,640,653,641,-1,641,653,654,-1,641,654,642,-1,642,654,655,-1,642,655,643,-1,643,655,656,-1,643,656,644,-1,644,656,657,-1,644,657,645,-1,645,657,658,-1,645,658,646,-1,646,658,659,-1,646,659,647,-1,647,659,660,-1,647,660,648,-1,648,660,661,-1,648,661,649,-1,649,661,662,-1,649,662,650,-1,650,662,663,-1,650,663,651,-1,651,663,664,-1,651,664,652,-1,652,664,665,-1,652,665,534,-1,534,665,531,-1,534,531,532,-1,532,531,530,-1,542,544,543,-1,543,544,546,-1,543,546,653,-1,653,546,666,-1,653,666,654,-1,654,666,667,-1,654,667,655,-1,655,667,668,-1,655,668,656,-1,656,668,669,-1,656,669,657,-1,657,669,670,-1,657,670,658,-1,658,670,671,-1,658,671,659,-1,659,671,672,-1,659,672,660,-1,660,672,673,-1,660,673,661,-1,661,673,674,-1,661,674,662,-1,662,674,675,-1,662,675,663,-1,663,675,676,-1,663,676,664,-1,664,676,677,-1,664,677,665,-1,665,677,678,-1,665,678,531,-1,531,678,528,-1,531,528,529,-1,529,528,527,-1,545,547,546,-1,546,547,549,-1,546,549,666,-1,666,549,679,-1,666,679,667,-1,667,679,680,-1,667,680,668,-1,668,680,681,-1,668,681,669,-1,669,681,682,-1,669,682,670,-1,670,682,683,-1,670,683,671,-1,671,683,684,-1,671,684,672,-1,672,684,685,-1,672,685,673,-1,673,685,686,-1,673,686,674,-1,674,686,687,-1,674,687,675,-1,675,687,688,-1,675,688,676,-1,676,688,689,-1,676,689,677,-1,677,689,690,-1,677,690,678,-1,678,690,691,-1,678,691,528,-1,528,691,525,-1,528,525,526,-1,526,525,524,-1,548,555,549,-1,549,555,554,-1,549,554,679,-1,679,554,635,-1,679,635,680,-1,680,635,632,-1,680,632,681,-1,681,632,629,-1,681,629,682,-1,682,629,626,-1,682,626,683,-1,683,626,623,-1,683,623,684,-1,684,623,621,-1,684,621,685,-1,685,621,619,-1,685,619,686,-1,686,619,616,-1,686,616,687,-1,687,616,613,-1,687,613,688,-1,688,613,610,-1,688,610,689,-1,689,610,607,-1,689,607,690,-1,690,607,604,-1,690,604,691,-1,691,604,601,-1,691,601,525,-1,525,601,598,-1,525,598,523,-1,523,598,594,-1,523,594,692,-1,692,594,596,-1,693,694,695,-1,696,697,693,-1,698,699,697,-1,697,699,700,-1,697,700,693,-1,701,702,703,-1,703,702,704,-1,703,704,698,-1,698,704,705,-1,698,705,699,-1,703,706,701,-1,701,706,707,-1,701,707,708,-1,709,710,711,-1,693,695,696,-1,696,695,712,-1,696,712,713,-1,712,714,713,-1,713,714,715,-1,713,715,716,-1,716,715,717,-1,716,717,718,-1,718,717,719,-1,718,719,720,-1,719,721,720,-1,720,721,722,-1,720,722,723,-1,722,724,723,-1,723,724,725,-1,723,725,726,-1,725,727,726,-1,726,727,728,-1,726,728,729,-1,728,730,729,-1,729,730,731,-1,729,731,711,-1,711,731,732,-1,711,732,709,-1,733,734,735,-1,736,737,733,-1,738,739,737,-1,737,739,740,-1,737,740,733,-1,741,742,743,-1,743,742,744,-1,743,744,738,-1,738,744,745,-1,738,745,739,-1,743,746,741,-1,741,746,747,-1,741,747,748,-1,749,750,751,-1,733,735,736,-1,736,735,752,-1,736,752,753,-1,752,754,753,-1,753,754,755,-1,753,755,756,-1,756,755,757,-1,756,757,758,-1,758,757,759,-1,758,759,760,-1,759,761,760,-1,760,761,762,-1,760,762,763,-1,762,764,763,-1,763,764,765,-1,763,765,766,-1,765,767,766,-1,766,767,768,-1,766,768,769,-1,768,770,769,-1,769,770,771,-1,769,771,751,-1,751,771,772,-1,751,772,749,-1,773,747,774,-1,736,753,756,-1,774,775,773,-1,773,775,776,-1,773,776,777,-1,743,756,746,-1,746,756,758,-1,777,776,778,-1,778,776,779,-1,778,779,780,-1,743,738,756,-1,756,738,737,-1,756,737,736,-1,758,760,746,-1,746,760,763,-1,746,763,766,-1,766,769,746,-1,746,769,751,-1,746,751,747,-1,747,751,750,-1,747,750,774,-1,781,782,783,-1,783,782,784,-1,783,784,780,-1,780,784,785,-1,780,785,778,-1,734,593,735,-1,735,593,592,-1,735,592,752,-1,752,592,597,-1,752,597,754,-1,754,597,599,-1,754,599,755,-1,599,600,755,-1,755,600,602,-1,755,602,757,-1,757,602,603,-1,757,603,759,-1,759,603,605,-1,759,605,761,-1,761,605,606,-1,761,606,762,-1,762,606,608,-1,762,608,764,-1,764,608,609,-1,764,609,765,-1,765,609,611,-1,765,611,767,-1,767,611,612,-1,767,612,768,-1,768,612,770,-1,770,612,614,-1,770,614,615,-1,551,786,552,-1,552,786,787,-1,552,787,639,-1,639,787,788,-1,639,788,638,-1,638,788,789,-1,638,789,637,-1,637,789,790,-1,637,790,636,-1,636,790,791,-1,636,791,634,-1,634,791,792,-1,634,792,633,-1,633,792,793,-1,633,793,631,-1,631,793,794,-1,631,794,630,-1,630,794,795,-1,630,795,628,-1,628,795,796,-1,628,796,627,-1,627,796,797,-1,627,797,625,-1,625,797,798,-1,625,798,624,-1,624,798,799,-1,624,799,622,-1,622,799,800,-1,622,800,620,-1,620,800,801,-1,620,801,618,-1,618,801,749,-1,618,749,617,-1,617,749,772,-1,617,772,615,-1,615,772,771,-1,615,771,770,-1,802,707,803,-1,696,713,716,-1,803,804,802,-1,802,804,805,-1,802,805,806,-1,703,716,706,-1,706,716,718,-1,806,805,807,-1,807,805,808,-1,807,808,809,-1,703,698,716,-1,716,698,697,-1,716,697,696,-1,718,720,706,-1,706,720,723,-1,706,723,726,-1,726,729,706,-1,706,729,711,-1,706,711,707,-1,707,711,710,-1,707,710,803,-1,810,811,812,-1,812,811,813,-1,812,813,809,-1,809,813,814,-1,809,814,807,-1,694,417,695,-1,695,417,416,-1,695,416,712,-1,712,416,419,-1,712,419,714,-1,714,419,421,-1,714,421,715,-1,421,422,715,-1,715,422,424,-1,715,424,717,-1,717,424,425,-1,717,425,719,-1,719,425,427,-1,719,427,721,-1,721,427,428,-1,721,428,722,-1,722,428,430,-1,722,430,724,-1,724,430,431,-1,724,431,725,-1,725,431,433,-1,725,433,727,-1,727,433,434,-1,727,434,728,-1,728,434,730,-1,730,434,436,-1,730,436,437,-1,463,815,462,-1,462,815,816,-1,462,816,461,-1,461,816,817,-1,461,817,460,-1,460,817,818,-1,460,818,459,-1,459,818,819,-1,459,819,458,-1,458,819,820,-1,458,820,456,-1,456,820,821,-1,456,821,455,-1,455,821,822,-1,455,822,453,-1,453,822,823,-1,453,823,452,-1,452,823,824,-1,452,824,450,-1,450,824,825,-1,450,825,449,-1,449,825,826,-1,449,826,447,-1,447,826,827,-1,447,827,446,-1,446,827,828,-1,446,828,444,-1,444,828,829,-1,444,829,442,-1,442,829,830,-1,442,830,440,-1,440,830,709,-1,440,709,439,-1,439,709,732,-1,439,732,437,-1,437,732,731,-1,437,731,730,-1,831,832,833,-1,833,832,834,-1,834,832,835,-1,834,835,836,-1,837,838,839,-1,831,833,839,-1,839,833,840,-1,839,840,837,-1,841,842,843,-1,843,842,844,-1,843,844,845,-1,845,844,846,-1,845,846,847,-1,847,846,848,-1,847,848,849,-1,849,848,850,-1,849,850,851,-1,851,850,852,-1,851,852,853,-1,853,852,854,-1,853,854,838,-1,838,854,855,-1,838,855,839,-1,856,857,834,-1,834,857,833,-1,833,857,840,-1,840,857,858,-1,840,858,837,-1,837,858,838,-1,838,858,859,-1,838,859,853,-1,853,859,851,-1,851,859,860,-1,851,860,849,-1,849,860,847,-1,847,860,861,-1,847,861,845,-1,845,861,843,-1,843,861,862,-1,843,862,841,-1,863,864,865,-1,865,864,866,-1,865,866,867,-1,866,868,867,-1,867,868,869,-1,867,869,870,-1,870,869,871,-1,872,873,874,-1,874,873,875,-1,874,875,876,-1,876,875,877,-1,876,877,878,-1,878,877,879,-1,878,879,880,-1,880,879,881,-1,880,881,871,-1,871,881,882,-1,871,882,870,-1,883,884,885,-1,885,884,886,-1,885,886,872,-1,872,886,887,-1,872,887,873,-1,884,888,886,-1,886,888,889,-1,886,889,887,-1,887,889,873,-1,873,889,890,-1,873,890,875,-1,875,890,877,-1,877,890,891,-1,877,891,879,-1,879,891,881,-1,881,891,892,-1,881,892,882,-1,882,892,870,-1,870,892,893,-1,870,893,867,-1,867,893,865,-1,865,893,894,-1,865,894,863,-1,874,876,895,-1,864,896,897,-1,871,869,897,-1,869,868,897,-1,897,868,866,-1,897,866,864,-1,897,898,871,-1,871,898,899,-1,871,899,880,-1,895,876,899,-1,899,876,878,-1,899,878,880,-1,900,901,902,-1,902,901,903,-1,874,895,872,-1,872,895,902,-1,872,902,885,-1,885,902,903,-1,885,903,883,-1,904,905,906,-1,906,905,907,-1,908,909,910,-1,910,909,911,-1,912,842,907,-1,907,842,841,-1,907,841,906,-1,913,909,914,-1,914,909,908,-1,914,908,883,-1,883,908,884,-1,587,589,915,-1,587,915,585,-1,585,915,888,-1,585,888,583,-1,567,908,565,-1,565,908,563,-1,567,569,908,-1,908,569,571,-1,908,571,884,-1,884,571,573,-1,884,573,575,-1,575,577,884,-1,884,577,579,-1,884,579,888,-1,888,579,581,-1,888,581,583,-1,563,908,561,-1,561,908,910,-1,561,910,560,-1,560,910,916,-1,560,916,559,-1,383,384,917,-1,917,384,385,-1,917,385,862,-1,385,387,862,-1,862,387,389,-1,862,389,841,-1,841,389,391,-1,841,391,393,-1,405,906,403,-1,403,906,401,-1,393,395,841,-1,841,395,397,-1,841,397,906,-1,906,397,399,-1,906,399,401,-1,405,407,906,-1,906,407,409,-1,906,409,904,-1,904,409,411,-1,904,411,918,-1,918,411,413,-1,919,920,921,-1,922,923,924,-1,924,923,925,-1,924,925,926,-1,926,925,927,-1,926,927,905,-1,905,927,928,-1,905,928,929,-1,930,923,931,-1,931,923,922,-1,931,922,932,-1,932,922,933,-1,932,933,921,-1,921,933,934,-1,921,934,919,-1,935,936,937,-1,938,939,911,-1,911,939,940,-1,911,940,941,-1,941,940,935,-1,941,935,942,-1,942,935,937,-1,936,943,937,-1,937,943,944,-1,937,944,945,-1,945,944,946,-1,945,946,947,-1,947,946,948,-1,947,948,949,-1,949,948,950,-1,951,952,953,-1,953,952,954,-1,952,951,955,-1,955,951,956,-1,953,954,957,-1,957,954,958,-1,955,956,958,-1,958,956,959,-1,958,959,957,-1,960,901,961,-1,961,901,962,-1,961,962,963,-1,964,965,966,-1,966,965,961,-1,966,961,963,-1,901,960,903,-1,903,960,967,-1,903,967,968,-1,968,967,965,-1,968,965,964,-1,969,970,971,-1,972,973,974,-1,974,973,969,-1,974,969,975,-1,975,969,971,-1,976,977,978,-1,979,980,981,-1,981,980,976,-1,981,976,982,-1,982,976,978,-1,983,984,985,-1,985,984,986,-1,984,983,987,-1,987,983,988,-1,989,990,991,-1,991,990,992,-1,991,992,993,-1,993,992,994,-1,993,994,995,-1,995,994,996,-1,995,996,997,-1,997,996,998,-1,997,998,999,-1,999,998,1000,-1,999,1000,988,-1,988,1000,987,-1,973,990,969,-1,969,990,989,-1,1001,1002,1003,-1,1003,1002,1004,-1,1003,1004,1005,-1,1005,1004,1006,-1,1005,1006,1007,-1,1007,1006,1008,-1,1007,1008,1009,-1,1009,1008,1010,-1,1009,1010,1011,-1,1011,1010,1012,-1,1011,1012,1013,-1,1013,1012,1014,-1,1013,1014,1015,-1,1015,1014,1016,-1,1015,1016,1017,-1,1017,1016,1018,-1,976,1017,977,-1,977,1017,1018,-1,1019,1020,1021,-1,1021,1020,1022,-1,1022,1020,1023,-1,1023,1020,1024,-1,1024,1025,1023,-1,1023,1025,1026,-1,1025,1027,1026,-1,1026,1027,1028,-1,1027,1029,1028,-1,1028,1029,1030,-1,981,1031,979,-1,979,1031,1032,-1,971,1033,975,-1,975,1033,1034,-1,1035,989,1036,-1,1036,989,991,-1,1036,991,1037,-1,1037,991,993,-1,1037,993,1038,-1,1038,993,995,-1,1038,995,1039,-1,1039,995,997,-1,1039,997,1040,-1,1040,997,999,-1,1040,999,1041,-1,1041,999,988,-1,1042,1005,1043,-1,1043,1005,1007,-1,1043,1007,1044,-1,1044,1007,1009,-1,1044,1009,1045,-1,1045,1009,1011,-1,1045,1011,1046,-1,1046,1011,1013,-1,1046,1013,1047,-1,1047,1013,1015,-1,1047,1015,1048,-1,1048,1015,1017,-1,986,984,1049,-1,1049,984,987,-1,1050,996,994,-1,1050,994,1051,-1,994,992,1051,-1,1051,992,990,-1,1051,990,1052,-1,1052,990,973,-1,1052,973,972,-1,996,1050,998,-1,998,1050,1053,-1,998,1053,1000,-1,1000,1053,1054,-1,1000,1054,987,-1,987,1054,1055,-1,987,1055,1049,-1,1049,1055,1056,-1,1049,1056,1057,-1,969,989,970,-1,970,989,1035,-1,970,1035,1058,-1,350,349,1059,-1,1059,983,350,-1,350,983,985,-1,350,985,230,-1,230,985,228,-1,1004,1002,1006,-1,1006,1002,1060,-1,1006,1060,1008,-1,1061,1012,1062,-1,1062,1012,1010,-1,1062,1010,1008,-1,978,977,1063,-1,1063,977,1018,-1,1063,1018,1064,-1,1064,1018,1016,-1,1064,1016,1061,-1,1061,1016,1014,-1,1061,1014,1012,-1,1065,1066,1060,-1,1060,1066,1067,-1,1060,1067,1008,-1,1008,1067,1068,-1,1008,1068,1062,-1,1069,348,347,-1,224,226,347,-1,347,226,1001,-1,347,1001,1069,-1,1069,1001,1003,-1,980,1070,976,-1,976,1070,1048,-1,976,1048,1017,-1,988,983,1041,-1,1041,983,1059,-1,1071,1072,1073,-1,1073,1072,1074,-1,1075,1072,1071,-1,1075,1071,1076,-1,1076,1071,1077,-1,1076,1077,1078,-1,1079,1080,1081,-1,1081,1080,1082,-1,1081,1082,1083,-1,1081,1083,1084,-1,1084,1083,1085,-1,1084,1085,1086,-1,1087,1076,1078,-1,1088,1089,1090,-1,1090,1089,1091,-1,1085,1088,1086,-1,1086,1088,1090,-1,1086,1090,1078,-1,1078,1090,1092,-1,1078,1092,1087,-1,1093,1094,1095,-1,1091,1096,1090,-1,1090,1096,1097,-1,1090,1097,1098,-1,1099,1100,1101,-1,1095,1094,1092,-1,1092,1094,1102,-1,1092,1102,1103,-1,1103,1104,1092,-1,1092,1104,1105,-1,1092,1105,1087,-1,1093,1095,1101,-1,1101,1095,1106,-1,1101,1106,1099,-1,1098,1107,1090,-1,1090,1107,1108,-1,1090,1108,1109,-1,1109,1108,1110,-1,1109,1110,1111,-1,1111,1110,1112,-1,1113,1114,1115,-1,1113,1115,1116,-1,1116,1115,1117,-1,1116,1117,1118,-1,1118,1117,1119,-1,1118,1119,1120,-1,1120,1119,1121,-1,1120,1121,1122,-1,1122,1121,1123,-1,1122,1123,1124,-1,1124,1123,1125,-1,1124,1125,1126,-1,1126,1125,1127,-1,1126,1127,1128,-1,1114,1113,1129,-1,1129,1113,1130,-1,1131,1132,1133,-1,1131,1133,1134,-1,1134,1133,1135,-1,1134,1135,1136,-1,1136,1135,1137,-1,1136,1137,1138,-1,1138,1137,1139,-1,1138,1139,1140,-1,1140,1139,1141,-1,1140,1141,1142,-1,1142,1141,1143,-1,1142,1143,1144,-1,1144,1143,1129,-1,1144,1129,1130,-1,1145,1146,1147,-1,1145,1147,1148,-1,1148,1147,1149,-1,1148,1149,1150,-1,1150,1149,1151,-1,1150,1151,1152,-1,1152,1151,1153,-1,1152,1153,1154,-1,1154,1153,1155,-1,1154,1155,1156,-1,1156,1155,1157,-1,1156,1157,1158,-1,1158,1157,1159,-1,1158,1159,1160,-1,1160,1159,1161,-1,1161,1159,1162,-1,1161,1162,1163,-1,1161,1163,1164,-1,1164,1163,1165,-1,1164,1165,1166,-1,1166,1165,1167,-1,1166,1167,1168,-1,1168,1167,1169,-1,1168,1169,1170,-1,1170,1169,1171,-1,1170,1171,1172,-1,1172,1171,1173,-1,1172,1173,1174,-1,1174,1173,1175,-1,1174,1175,1176,-1,1177,1178,1179,-1,1179,1178,1180,-1,1180,1181,1179,-1,1179,1181,1182,-1,1179,1182,1183,-1,1184,1185,1186,-1,1187,1184,1188,-1,1188,1184,1186,-1,1188,1186,1189,-1,1189,1186,1190,-1,1190,1065,1189,-1,1189,1065,1060,-1,1186,1185,1191,-1,1065,1190,1066,-1,1066,1190,1186,-1,1031,981,1192,-1,1192,981,982,-1,1192,982,1193,-1,1186,1191,1066,-1,1066,1191,1194,-1,1066,1194,1067,-1,1067,1194,1195,-1,1067,1195,1068,-1,1068,1195,1196,-1,1068,1196,1062,-1,1062,1196,1197,-1,1062,1197,1061,-1,1061,1197,1198,-1,1061,1198,1064,-1,1064,1198,1193,-1,1064,1193,1063,-1,1063,1193,982,-1,1063,982,978,-1,1178,1057,1180,-1,1180,1057,1056,-1,974,975,1034,-1,1052,972,974,-1,1034,1199,974,-1,974,1199,1200,-1,974,1200,1052,-1,1052,1200,1201,-1,1052,1201,1051,-1,1051,1201,1202,-1,1051,1202,1050,-1,1050,1202,1203,-1,1050,1203,1053,-1,1053,1203,1204,-1,1053,1204,1054,-1,1054,1204,1205,-1,1054,1205,1055,-1,1055,1205,1206,-1,1055,1206,1056,-1,1056,1206,1181,-1,1056,1181,1180,-1,1177,1049,1178,-1,1178,1049,1057,-1,1207,1208,1209,-1,1209,1208,1210,-1,1209,1210,1211,-1,1212,1213,1207,-1,1207,1213,1214,-1,1207,1214,1208,-1,1215,1216,1217,-1,1217,1216,1218,-1,1217,1218,1219,-1,1219,1218,1213,-1,1219,1213,1220,-1,1220,1213,1212,-1,1221,1222,1223,-1,1215,1217,1224,-1,1224,1217,1225,-1,1224,1225,1226,-1,1226,1225,1227,-1,1226,1227,1223,-1,1223,1227,1228,-1,1223,1228,1221,-1,1222,1221,1229,-1,1229,1221,1230,-1,1229,1230,1231,-1,1230,1232,1231,-1,1231,1232,1233,-1,1231,1233,1234,-1,1207,1209,1235,-1,1233,1232,1236,-1,1236,1232,1237,-1,1232,1230,1237,-1,1237,1230,1221,-1,1237,1221,1238,-1,1221,1228,1238,-1,1238,1228,1227,-1,1238,1227,1239,-1,1227,1225,1239,-1,1239,1225,1217,-1,1239,1217,1240,-1,1241,1236,1242,-1,1242,1236,1237,-1,1242,1237,1243,-1,1243,1237,1238,-1,1243,1238,1244,-1,1244,1238,1239,-1,1244,1239,1245,-1,1245,1239,1240,-1,1245,1240,1246,-1,1246,1240,1235,-1,1246,1235,1209,-1,1217,1219,1240,-1,1240,1219,1220,-1,1240,1220,1235,-1,1235,1220,1212,-1,1235,1212,1207,-1,1247,1248,1241,-1,1247,1241,1249,-1,1249,1241,1242,-1,1249,1242,1250,-1,1250,1242,1243,-1,1250,1243,1251,-1,1251,1243,1252,-1,1252,1243,1244,-1,1252,1244,1253,-1,1253,1244,1254,-1,1254,1244,1245,-1,1254,1245,1255,-1,1255,1245,1256,-1,1256,1245,1246,-1,1256,1246,1257,-1,1257,1246,1258,-1,1258,1246,1209,-1,1258,1209,1259,-1,1241,1260,1261,-1,1241,1261,1236,-1,1236,1261,1262,-1,1236,1262,1233,-1,1263,1264,1265,-1,1265,1264,1266,-1,1265,1266,1267,-1,1266,1268,1267,-1,1267,1268,1269,-1,1267,1269,1270,-1,1269,1271,1270,-1,1270,1271,1272,-1,1270,1272,1273,-1,1273,1272,1274,-1,1274,1275,1273,-1,1273,1275,1276,-1,1273,1276,1277,-1,1278,1279,1277,-1,1277,1279,1280,-1,1277,1280,1273,-1,1273,1280,1281,-1,1273,1281,1270,-1,1270,1281,1282,-1,1270,1282,1267,-1,1267,1282,1283,-1,1267,1283,1265,-1,1265,1283,1284,-1,1265,1284,1263,-1,1285,1278,1286,-1,1286,1278,1277,-1,1286,1277,1287,-1,1287,1277,1276,-1,1288,1289,1284,-1,1284,1289,1290,-1,1284,1290,1263,-1,1283,1291,1284,-1,1284,1291,1292,-1,1284,1292,1288,-1,1282,1281,1293,-1,1293,1294,1282,-1,1282,1294,1295,-1,1282,1295,1283,-1,1283,1295,1296,-1,1283,1296,1291,-1,1280,1279,1297,-1,1297,1298,1280,-1,1280,1298,1299,-1,1280,1299,1281,-1,1281,1299,1300,-1,1281,1300,1293,-1,1301,1285,1286,-1,1302,1303,1286,-1,1286,1303,1304,-1,1286,1304,1301,-1,1305,1271,1269,-1,1305,1269,1306,-1,1286,1287,1302,-1,1302,1287,1276,-1,1302,1276,1307,-1,1307,1276,1275,-1,1307,1275,1308,-1,1308,1275,1274,-1,1308,1274,1309,-1,1309,1274,1272,-1,1309,1272,1310,-1,1310,1272,1271,-1,1310,1271,1311,-1,1311,1271,1305,-1,1269,1268,1306,-1,1306,1268,1266,-1,1306,1266,1312,-1,1312,1266,1264,-1,1312,1264,1313,-1,1313,1264,1314,-1,1314,1264,1263,-1,1314,1263,1315,-1,1316,1317,1318,-1,1319,1320,1318,-1,1318,1320,1321,-1,1318,1321,1316,-1,1322,1323,1324,-1,1322,1324,1325,-1,1318,1326,1319,-1,1319,1326,1327,-1,1319,1327,1328,-1,1328,1327,1329,-1,1328,1329,1330,-1,1330,1329,1331,-1,1330,1331,1332,-1,1332,1331,1333,-1,1332,1333,1334,-1,1334,1333,1323,-1,1334,1323,1335,-1,1335,1323,1322,-1,1324,1336,1325,-1,1325,1336,1337,-1,1325,1337,1338,-1,1338,1337,1339,-1,1338,1339,1340,-1,1340,1339,1341,-1,1341,1339,1342,-1,1341,1342,1343,-1,1317,1344,1318,-1,1318,1344,1345,-1,1318,1345,1326,-1,1326,1345,1327,-1,1327,1345,1346,-1,1327,1346,1329,-1,1347,1348,1324,-1,1324,1323,1347,-1,1347,1323,1333,-1,1347,1333,1346,-1,1346,1333,1331,-1,1346,1331,1329,-1,1344,1349,1345,-1,1345,1349,1350,-1,1345,1350,1346,-1,1346,1350,1351,-1,1346,1351,1347,-1,1347,1351,1352,-1,1347,1352,1348,-1,1348,1352,1353,-1,1348,1353,1354,-1,1354,1353,1355,-1,1354,1355,1342,-1,1342,1339,1354,-1,1354,1339,1337,-1,1354,1337,1348,-1,1348,1337,1336,-1,1348,1336,1324,-1,1356,1357,1358,-1,1356,1358,1359,-1,1359,1358,1360,-1,1359,1360,1361,-1,1362,1363,1355,-1,1355,1363,1364,-1,1355,1364,1342,-1,1353,1365,1355,-1,1355,1365,1366,-1,1355,1366,1362,-1,1352,1351,1367,-1,1367,1368,1352,-1,1352,1368,1369,-1,1352,1369,1353,-1,1353,1369,1370,-1,1353,1370,1365,-1,1350,1349,1371,-1,1371,1372,1350,-1,1350,1372,1373,-1,1350,1373,1351,-1,1351,1373,1374,-1,1351,1374,1367,-1,1375,1376,1377,-1,1376,1375,1378,-1,1378,1375,1379,-1,1378,1379,1380,-1,1380,1379,1381,-1,1381,1379,1382,-1,1381,1382,1383,-1,1383,1382,1384,-1,1384,1382,1385,-1,1384,1385,1386,-1,1386,1385,1387,-1,1387,1385,1388,-1,1387,1388,1389,-1,1389,1388,1390,-1,1390,1388,1358,-1,1390,1358,1357,-1,1360,1358,1391,-1,1391,1358,1388,-1,1391,1388,1392,-1,1392,1388,1385,-1,1392,1385,1393,-1,1393,1385,1382,-1,1393,1382,1394,-1,1394,1382,1379,-1,1394,1379,1395,-1,1395,1379,1375,-1,1395,1375,1396,-1,1377,1396,1375,-1,1377,1397,1396,-1,1396,1397,1398,-1,1396,1398,1399,-1,1376,1400,1377,-1,1377,1400,1401,-1,1377,1401,1397,-1,1402,1403,1381,-1,1381,1403,1404,-1,1381,1404,1380,-1,1380,1404,1400,-1,1380,1400,1378,-1,1378,1400,1376,-1,1387,1405,1406,-1,1402,1381,1407,-1,1407,1381,1383,-1,1407,1383,1408,-1,1408,1383,1384,-1,1408,1384,1406,-1,1406,1384,1386,-1,1406,1386,1387,-1,1405,1387,1409,-1,1409,1387,1389,-1,1409,1389,1410,-1,1389,1390,1410,-1,1410,1390,1357,-1,1410,1357,1411,-1,1412,1413,1360,-1,1412,1360,1414,-1,1414,1360,1391,-1,1414,1391,1415,-1,1415,1391,1392,-1,1415,1392,1416,-1,1416,1392,1417,-1,1417,1392,1393,-1,1417,1393,1418,-1,1418,1393,1419,-1,1419,1393,1394,-1,1419,1394,1420,-1,1420,1394,1421,-1,1421,1394,1395,-1,1421,1395,1422,-1,1422,1395,1423,-1,1423,1395,1396,-1,1423,1396,1424,-1,1425,1426,1427,-1,1428,1429,1430,-1,1431,1432,1433,-1,1433,1432,1434,-1,1433,1434,1435,-1,1436,1437,1438,-1,1438,1437,1439,-1,1438,1439,1433,-1,1433,1439,1440,-1,1433,1440,1431,-1,1430,1429,1438,-1,1438,1429,1441,-1,1438,1441,1436,-1,1427,1426,1430,-1,1430,1426,1442,-1,1430,1442,1428,-1,1443,1444,1445,-1,1445,1444,1446,-1,1445,1446,1427,-1,1427,1446,1447,-1,1427,1447,1425,-1,1448,1449,1445,-1,1445,1449,1450,-1,1445,1450,1443,-1,1435,1451,1433,-1,1433,1451,1452,-1,1433,1452,1438,-1,1438,1452,1453,-1,1438,1453,1430,-1,1430,1453,1454,-1,1430,1454,1427,-1,1427,1454,1455,-1,1427,1455,1445,-1,1445,1455,1456,-1,1445,1456,1448,-1,1457,1444,1458,-1,1458,1444,1443,-1,1458,1443,1459,-1,1459,1443,1460,-1,1457,1461,1444,-1,1444,1461,1462,-1,1444,1462,1446,-1,1446,1462,1463,-1,1446,1463,1464,-1,1464,1463,1425,-1,1465,1426,1466,-1,1466,1426,1425,-1,1466,1425,1467,-1,1467,1425,1463,-1,1468,1429,1469,-1,1469,1429,1428,-1,1469,1428,1465,-1,1465,1428,1470,-1,1465,1470,1426,-1,1471,1436,1468,-1,1468,1436,1441,-1,1468,1441,1429,-1,1471,1472,1436,-1,1436,1472,1473,-1,1436,1473,1437,-1,1437,1473,1474,-1,1437,1474,1475,-1,1475,1474,1440,-1,1476,1448,1477,-1,1477,1448,1456,-1,1477,1456,1478,-1,1478,1456,1479,-1,1479,1456,1455,-1,1479,1455,1480,-1,1480,1455,1481,-1,1481,1455,1454,-1,1481,1454,1482,-1,1482,1454,1483,-1,1483,1454,1453,-1,1483,1453,1484,-1,1484,1453,1485,-1,1485,1453,1452,-1,1485,1452,1486,-1,1486,1452,1487,-1,1487,1452,1451,-1,1487,1451,1488,-1,1489,1490,1491,-1,1492,1493,1494,-1,1492,1494,1495,-1,1496,1497,1498,-1,1499,1500,1501,-1,1501,1500,1496,-1,1501,1496,1502,-1,1502,1496,1498,-1,1503,1504,1505,-1,1505,1504,1491,-1,1505,1491,1506,-1,1506,1491,1490,-1,1494,1507,1495,-1,1495,1507,1508,-1,1495,1508,1509,-1,1509,1508,1510,-1,1509,1510,1511,-1,1499,1512,1500,-1,1500,1512,1513,-1,1500,1513,1514,-1,1479,1496,1478,-1,1478,1496,1500,-1,1478,1500,1477,-1,1477,1500,1514,-1,1477,1514,1476,-1,1479,1480,1496,-1,1496,1480,1504,-1,1496,1504,1497,-1,1497,1504,1503,-1,1483,1491,1482,-1,1482,1491,1504,-1,1482,1504,1481,-1,1481,1504,1480,-1,1483,1484,1491,-1,1491,1484,1509,-1,1491,1509,1489,-1,1489,1509,1511,-1,1484,1485,1509,-1,1509,1485,1486,-1,1509,1486,1495,-1,1495,1486,1487,-1,1495,1487,1492,-1,1492,1487,1488,-1,1510,1508,1515,-1,1510,1515,1516,-1,1516,1515,1517,-1,1516,1517,1489,-1,1517,1518,1489,-1,1489,1518,1519,-1,1489,1519,1490,-1,1520,1505,1519,-1,1519,1505,1521,-1,1519,1521,1490,-1,1520,1522,1505,-1,1505,1522,1523,-1,1505,1523,1503,-1,1524,1525,1498,-1,1524,1498,1523,-1,1523,1498,1497,-1,1523,1497,1503,-1,1525,1526,1498,-1,1498,1526,1527,-1,1498,1527,1502,-1,1502,1527,1528,-1,1499,1529,1512,-1,1512,1529,1530,-1,1512,1530,1531,-1,1528,1532,1502,-1,1502,1532,1529,-1,1502,1529,1501,-1,1501,1529,1499,-1,1533,1534,1535,-1,1536,1537,1538,-1,1539,1540,1541,-1,1542,1543,1544,-1,1544,1543,1545,-1,1544,1545,1546,-1,1545,1547,1546,-1,1546,1547,1548,-1,1546,1548,1549,-1,1539,1541,1550,-1,1550,1541,1548,-1,1548,1541,1551,-1,1548,1551,1549,-1,1552,1553,1554,-1,1552,1554,1540,-1,1540,1554,1555,-1,1540,1555,1541,-1,1536,1538,1556,-1,1553,1557,1554,-1,1554,1557,1558,-1,1554,1558,1559,-1,1556,1538,1558,-1,1558,1538,1560,-1,1558,1560,1559,-1,1533,1535,1537,-1,1537,1535,1561,-1,1537,1561,1538,-1,1546,1549,1562,-1,1554,1559,1563,-1,1561,1564,1538,-1,1538,1564,1563,-1,1538,1563,1565,-1,1565,1563,1559,-1,1566,1567,1541,-1,1541,1567,1562,-1,1541,1562,1551,-1,1551,1562,1549,-1,1568,1569,1542,-1,1542,1569,1570,-1,1542,1570,1571,-1,1571,1570,1572,-1,1572,1570,1573,-1,1572,1573,1574,-1,1561,1535,1564,-1,1564,1535,1575,-1,1564,1575,1576,-1,1577,1563,1578,-1,1578,1563,1564,-1,1578,1564,1579,-1,1579,1564,1576,-1,1579,1576,1580,-1,1577,1581,1563,-1,1563,1581,1567,-1,1563,1567,1554,-1,1554,1567,1566,-1,1582,1562,1583,-1,1583,1562,1567,-1,1583,1567,1584,-1,1584,1567,1581,-1,1582,1585,1562,-1,1562,1585,1569,-1,1562,1569,1546,-1,1546,1569,1568,-1,1585,1586,1569,-1,1569,1586,1587,-1,1569,1587,1570,-1,1570,1587,1588,-1,1570,1588,1573,-1,1573,1588,1589,-1,1589,1588,1590,-1,1590,1588,1591,-1,1588,1587,1591,-1,1591,1587,1586,-1,1591,1586,1592,-1,1586,1585,1592,-1,1592,1585,1582,-1,1592,1582,1593,-1,1582,1583,1593,-1,1593,1583,1584,-1,1593,1584,1594,-1,1584,1581,1594,-1,1594,1581,1577,-1,1594,1577,1595,-1,1580,1596,1579,-1,1579,1596,1595,-1,1579,1595,1578,-1,1578,1595,1577,-1,1597,1598,1599,-1,1599,1598,1600,-1,1599,1600,1601,-1,1601,1600,1602,-1,1603,1604,1605,-1,1605,1604,1606,-1,1605,1606,1607,-1,1607,1606,1608,-1,1607,1608,1597,-1,1597,1608,1609,-1,1597,1609,1598,-1,1610,1611,1612,-1,1612,1611,1603,-1,1612,1603,1613,-1,1613,1603,1605,-1,1614,1615,1616,-1,1616,1615,1617,-1,1616,1617,1610,-1,1610,1617,1618,-1,1610,1618,1611,-1,1619,1620,1621,-1,1621,1620,1622,-1,1621,1622,1623,-1,1623,1622,1624,-1,1623,1624,1614,-1,1614,1624,1625,-1,1614,1625,1615,-1,1626,1627,1628,-1,1628,1627,1629,-1,1630,1602,1627,-1,1627,1602,1631,-1,1627,1631,1629,-1,1632,1633,1630,-1,1630,1633,1597,-1,1597,1634,1630,-1,1630,1634,1601,-1,1630,1601,1602,-1,1635,1616,1636,-1,1636,1616,1610,-1,1610,1612,1636,-1,1636,1612,1613,-1,1636,1613,1632,-1,1632,1613,1605,-1,1632,1605,1633,-1,1621,1623,1635,-1,1635,1623,1614,-1,1635,1614,1616,-1,1596,1637,1635,-1,1635,1637,1638,-1,1635,1638,1621,-1,1626,1590,1627,-1,1627,1590,1591,-1,1627,1591,1630,-1,1630,1591,1592,-1,1630,1592,1632,-1,1632,1592,1593,-1,1632,1593,1636,-1,1636,1593,1594,-1,1636,1594,1635,-1,1635,1594,1595,-1,1635,1595,1596,-1,1406,1405,1400,-1,1400,1405,1401,-1,1401,1405,1397,-1,1397,1405,1409,-1,1397,1409,1410,-1,1410,1411,1397,-1,1397,1411,1639,-1,1397,1639,1398,-1,1301,1306,1640,-1,1640,1306,1312,-1,1640,1312,1313,-1,1313,1314,1640,-1,1640,1314,1315,-1,1640,1315,1639,-1,1639,1315,1399,-1,1639,1399,1398,-1,1301,1304,1306,-1,1306,1304,1303,-1,1306,1303,1302,-1,1402,1400,1403,-1,1403,1400,1404,-1,1402,1407,1400,-1,1400,1407,1408,-1,1400,1408,1406,-1,1302,1307,1306,-1,1306,1307,1308,-1,1306,1308,1309,-1,1309,1310,1306,-1,1306,1310,1311,-1,1306,1311,1305,-1,1210,1208,1641,-1,1642,1316,1340,-1,1340,1316,1321,-1,1340,1321,1338,-1,1340,1341,1642,-1,1642,1341,1343,-1,1642,1343,1641,-1,1641,1343,1211,-1,1641,1211,1210,-1,1223,1222,1213,-1,1213,1222,1229,-1,1213,1229,1231,-1,1208,1214,1641,-1,1641,1214,1213,-1,1641,1213,1234,-1,1234,1213,1231,-1,1338,1321,1325,-1,1325,1321,1320,-1,1325,1320,1319,-1,1215,1213,1216,-1,1216,1213,1218,-1,1215,1224,1213,-1,1213,1224,1226,-1,1213,1226,1223,-1,1319,1328,1325,-1,1325,1328,1330,-1,1325,1330,1332,-1,1332,1334,1325,-1,1325,1334,1335,-1,1325,1335,1322,-1,1435,1434,1643,-1,1493,1492,1644,-1,1644,1492,1488,-1,1644,1488,1643,-1,1643,1488,1451,-1,1643,1451,1435,-1,1640,1645,1646,-1,1640,1646,1301,-1,1301,1646,1647,-1,1301,1647,1285,-1,1648,1248,1649,-1,1649,1248,1650,-1,1649,1650,1249,-1,1249,1651,1649,-1,1649,1651,1251,-1,1649,1251,1652,-1,1652,1253,1649,-1,1649,1253,1254,-1,1649,1254,1255,-1,1255,1653,1649,-1,1649,1653,1257,-1,1649,1257,1654,-1,1655,1656,1657,-1,1657,1656,1658,-1,1657,1658,1659,-1,1659,1658,1660,-1,1659,1660,1661,-1,1661,1660,1662,-1,1661,1662,1663,-1,1663,1662,1649,-1,1663,1649,1259,-1,1259,1649,1654,-1,1260,1241,1648,-1,1648,1241,1248,-1,1664,1665,1666,-1,1666,1665,1667,-1,1666,1667,1668,-1,1668,1667,1669,-1,1668,1669,1670,-1,1670,1669,1671,-1,1670,1671,1672,-1,1672,1671,1673,-1,1672,1673,1674,-1,1675,1676,1677,-1,1677,1676,1678,-1,1677,1678,1679,-1,1679,1678,1680,-1,1679,1680,1681,-1,1681,1680,1682,-1,1681,1682,1683,-1,1644,1643,1684,-1,1684,1643,1685,-1,1684,1685,1673,-1,1673,1685,1683,-1,1673,1683,1674,-1,1674,1683,1682,-1,1626,1628,1686,-1,1574,1573,1687,-1,1687,1573,1589,-1,1687,1589,1686,-1,1686,1589,1590,-1,1686,1590,1626,-1,1688,1689,1639,-1,1688,1639,1356,-1,1356,1639,1411,-1,1356,1411,1357,-1,1361,1360,1690,-1,1690,1360,1413,-1,1690,1413,1691,-1,1691,1413,1692,-1,1691,1692,1414,-1,1414,1693,1691,-1,1691,1693,1416,-1,1691,1416,1694,-1,1694,1418,1691,-1,1691,1418,1419,-1,1691,1419,1420,-1,1420,1695,1691,-1,1691,1695,1422,-1,1691,1422,1696,-1,1696,1424,1691,-1,1691,1424,1697,-1,1691,1697,1698,-1,1698,1697,1699,-1,1698,1699,1700,-1,1700,1699,1701,-1,1700,1701,1702,-1,1702,1701,1703,-1,1702,1703,1704,-1,1704,1703,1705,-1,1706,1707,1708,-1,1708,1707,1189,-1,1189,1060,1002,-1,863,894,864,-1,864,894,1708,-1,896,864,227,-1,227,864,1708,-1,227,1708,226,-1,226,1708,1189,-1,226,1189,1001,-1,1001,1189,1002,-1,1709,1596,1710,-1,1710,1596,1580,-1,1448,1476,1711,-1,1711,1476,1712,-1,1713,1714,1715,-1,1716,1717,1718,-1,1719,1720,1721,-1,1722,1723,1724,-1,1725,1726,1727,-1,1728,1729,1730,-1,1731,1528,1732,-1,1733,1524,1734,-1,1735,1736,1737,-1,1738,1517,1739,-1,1739,1517,1515,-1,1739,1515,1735,-1,1740,1519,1738,-1,1738,1519,1741,-1,1738,1741,1517,-1,1524,1523,1734,-1,1734,1523,1742,-1,1734,1742,1740,-1,1740,1742,1520,-1,1740,1520,1519,-1,1528,1527,1732,-1,1732,1527,1526,-1,1732,1526,1743,-1,1529,1744,1530,-1,1530,1744,1745,-1,1530,1745,1531,-1,1746,91,1747,-1,1747,91,1748,-1,1749,96,1750,-1,1750,96,79,-1,1750,79,1751,-1,1751,79,80,-1,81,1749,1752,-1,1752,1749,1750,-1,1752,1750,1753,-1,1753,1750,1729,-1,1754,1755,1756,-1,1757,1758,1759,-1,1759,1758,1760,-1,1735,1737,1739,-1,1739,1737,1761,-1,1739,1761,1762,-1,1721,1720,1744,-1,1744,1720,1763,-1,1744,1763,1745,-1,1722,1724,1764,-1,1765,1766,1767,-1,1767,1766,1768,-1,1767,1768,1769,-1,1769,1768,1724,-1,1769,1724,1721,-1,1721,1724,1723,-1,1721,1723,1719,-1,1770,1751,1746,-1,1746,1751,80,-1,1746,80,91,-1,1771,1772,1773,-1,75,1774,1748,-1,1748,1774,1775,-1,1748,1775,1747,-1,1747,1775,1776,-1,1776,1716,1747,-1,1747,1716,1718,-1,1747,1718,1746,-1,1746,1718,1777,-1,1746,1777,1770,-1,1778,1779,1772,-1,1717,1778,1718,-1,1718,1778,1772,-1,1718,1772,1777,-1,1777,1772,1771,-1,1777,1771,1770,-1,1754,1725,1755,-1,1755,1725,1727,-1,1755,1727,1780,-1,1780,1727,1781,-1,1780,1781,1765,-1,1765,1781,1782,-1,1765,1782,1766,-1,1726,1728,1727,-1,1727,1728,1730,-1,1727,1730,1781,-1,1781,1730,1783,-1,1781,1783,1782,-1,1782,1783,1784,-1,1782,1784,1766,-1,1766,1784,1785,-1,1766,1785,1768,-1,1768,1785,1715,-1,1768,1715,1724,-1,1724,1715,1714,-1,1724,1714,1764,-1,1757,1759,1786,-1,1786,1759,1787,-1,1786,1787,1788,-1,1788,1787,1789,-1,1788,1789,1790,-1,1790,1789,1791,-1,1790,1791,1792,-1,1792,1791,1793,-1,1792,1793,1743,-1,1743,1793,1794,-1,1743,1794,1732,-1,1526,1733,1743,-1,1743,1733,1734,-1,1743,1734,1792,-1,1792,1734,1740,-1,1792,1740,1790,-1,1790,1740,1738,-1,1790,1738,1788,-1,1788,1738,1739,-1,1788,1739,1786,-1,1786,1739,1762,-1,1786,1762,1757,-1,1779,1795,1772,-1,1772,1795,1796,-1,1772,1796,1773,-1,1773,1796,1797,-1,1773,1797,1798,-1,1729,1750,1730,-1,1730,1750,1751,-1,1730,1751,1783,-1,1783,1751,1770,-1,1783,1770,1784,-1,1784,1770,1771,-1,1784,1771,1785,-1,1785,1771,1773,-1,1785,1773,1715,-1,1715,1773,1798,-1,1715,1798,1713,-1,1529,1731,1744,-1,1744,1731,1732,-1,1744,1732,1721,-1,1721,1732,1794,-1,1721,1794,1769,-1,1769,1794,1793,-1,1769,1793,1767,-1,1767,1793,1791,-1,1767,1791,1765,-1,1765,1791,1789,-1,1765,1789,1780,-1,1780,1789,1787,-1,1780,1787,1755,-1,1755,1787,1759,-1,1755,1759,1756,-1,1756,1759,1760,-1,1756,1760,1754,-1,1799,1800,1801,-1,1802,1803,1804,-1,1600,1598,1805,-1,1806,1807,1808,-1,1809,1810,1811,-1,1812,1622,1620,-1,1622,1812,1624,-1,1624,1812,1813,-1,1624,1813,1814,-1,1814,1813,1815,-1,1814,1815,1615,-1,1807,1806,1815,-1,1815,1806,1617,-1,1815,1617,1615,-1,1606,1816,1808,-1,1816,1603,1808,-1,1808,1603,1611,-1,1808,1611,1806,-1,1817,1818,1819,-1,1819,1818,1608,-1,1600,1805,1820,-1,1821,1822,1823,-1,1824,1825,1826,-1,1827,1828,1829,-1,1830,1831,1832,-1,1832,1831,1833,-1,100,1802,1834,-1,1834,1802,1804,-1,1834,1804,108,-1,108,1804,107,-1,107,1804,1835,-1,107,1835,109,-1,109,1835,1836,-1,109,1836,115,-1,115,1836,1837,-1,1837,1836,1838,-1,1837,1838,64,-1,1839,1840,1841,-1,1841,1840,1842,-1,1843,1844,1838,-1,1844,1845,1838,-1,1838,1845,1846,-1,1838,1846,64,-1,1847,1848,1849,-1,1812,1850,1813,-1,1813,1850,1851,-1,1813,1851,1815,-1,1815,1851,1852,-1,1815,1852,1807,-1,1807,1852,1853,-1,1807,1853,1808,-1,1808,1853,1819,-1,1808,1819,1606,-1,1606,1819,1608,-1,1811,1854,1809,-1,1809,1854,1855,-1,1809,1855,1856,-1,1619,1810,1620,-1,1620,1810,1809,-1,1620,1809,1812,-1,1812,1809,1856,-1,1812,1856,1850,-1,1850,1856,1857,-1,1858,1859,1824,-1,1824,1859,1860,-1,1824,1860,1825,-1,1861,1858,1862,-1,1862,1858,1824,-1,1862,1824,1821,-1,1821,1824,1826,-1,1821,1826,1822,-1,1863,1820,1823,-1,1823,1820,1805,-1,1823,1805,1821,-1,1821,1805,1864,-1,1821,1864,1862,-1,1862,1864,1865,-1,1862,1865,1861,-1,1861,1865,1866,-1,1817,1819,1867,-1,1867,1819,1853,-1,1867,1853,1868,-1,1868,1853,1852,-1,1868,1852,1869,-1,1869,1852,1851,-1,1869,1851,1870,-1,1870,1851,1850,-1,1870,1850,1801,-1,1801,1850,1857,-1,1801,1857,1799,-1,1598,1818,1805,-1,1805,1818,1817,-1,1805,1817,1864,-1,1864,1817,1867,-1,1864,1867,1865,-1,1865,1867,1868,-1,1865,1868,1866,-1,1866,1868,1869,-1,1866,1869,1871,-1,1871,1869,1870,-1,1871,1870,1872,-1,1872,1870,1801,-1,1872,1801,1847,-1,1847,1801,1800,-1,1847,1800,1848,-1,1842,1840,1873,-1,1873,1840,1874,-1,1873,1874,1875,-1,1875,1874,1876,-1,1875,1876,1877,-1,1877,1876,1878,-1,1877,1878,1879,-1,1879,1878,1832,-1,1879,1832,1827,-1,1827,1832,1833,-1,1827,1833,1828,-1,1839,1843,1840,-1,1840,1843,1838,-1,1840,1838,1874,-1,1874,1838,1836,-1,1874,1836,1876,-1,1876,1836,1835,-1,1876,1835,1878,-1,1878,1835,1804,-1,1878,1804,1832,-1,1832,1804,1803,-1,1832,1803,1830,-1,1880,1881,1842,-1,1842,1881,1882,-1,1842,1882,1841,-1,1849,1880,1847,-1,1847,1880,1842,-1,1847,1842,1872,-1,1872,1842,1873,-1,1872,1873,1871,-1,1871,1873,1875,-1,1871,1875,1866,-1,1866,1875,1877,-1,1866,1877,1861,-1,1861,1877,1879,-1,1861,1879,1858,-1,1858,1879,1827,-1,1858,1827,1859,-1,1859,1827,1829,-1,1859,1829,1860,-1,75,76,1774,-1,1774,76,1883,-1,1774,1883,1775,-1,1778,1717,1884,-1,1884,1717,1716,-1,1884,1716,1883,-1,1883,1716,1776,-1,1883,1776,1775,-1,1797,1796,1885,-1,1885,1796,1795,-1,1885,1795,1884,-1,1884,1795,1779,-1,1884,1779,1778,-1,1764,1714,1886,-1,1886,1714,1713,-1,1886,1713,1885,-1,1885,1713,1798,-1,1885,1798,1797,-1,1887,1763,1720,-1,1720,1719,1887,-1,1887,1719,1723,-1,1887,1723,1886,-1,1886,1723,1722,-1,1886,1722,1764,-1,1763,1887,1745,-1,1745,1887,1888,-1,1745,1888,1531,-1,1512,1531,1513,-1,1513,1531,1888,-1,1513,1888,1514,-1,1514,1888,1712,-1,1514,1712,1476,-1,1596,1709,1889,-1,1890,1810,1889,-1,1889,1810,1619,-1,1619,1621,1638,-1,1891,1857,1890,-1,1890,1857,1856,-1,1890,1856,1855,-1,1855,1854,1890,-1,1890,1854,1811,-1,1890,1811,1810,-1,1892,1800,1891,-1,1891,1800,1799,-1,1891,1799,1857,-1,1893,1841,1882,-1,1880,1849,1892,-1,1892,1849,1848,-1,1892,1848,1800,-1,1893,1882,1892,-1,1892,1882,1881,-1,1892,1881,1880,-1,1845,1844,1894,-1,1894,1844,1843,-1,1894,1843,1893,-1,1893,1843,1839,-1,1893,1839,1841,-1,1845,1894,1846,-1,1846,1894,63,-1,1846,63,64,-1,1619,1638,1889,-1,1889,1638,1637,-1,1889,1637,1596,-1,99,101,35,-1,1863,33,1736,-1,1736,33,32,-1,1736,32,1737,-1,1737,32,1761,-1,34,84,32,-1,32,84,82,-1,32,82,1761,-1,1803,33,1895,-1,1895,33,1831,-1,82,81,1761,-1,1761,81,1752,-1,1761,1752,1896,-1,1863,1823,33,-1,33,1823,1822,-1,33,1822,1826,-1,35,33,99,-1,99,33,1803,-1,99,1803,100,-1,100,1803,1802,-1,1896,1729,1761,-1,1761,1729,1728,-1,1761,1728,1726,-1,1758,1897,1762,-1,1826,1825,33,-1,33,1825,1860,-1,33,1860,1829,-1,1829,1828,33,-1,33,1828,1833,-1,33,1833,1831,-1,1762,1761,1758,-1,1758,1761,1726,-1,1758,1726,1760,-1,1760,1726,1725,-1,1760,1725,1754,-1,1898,1899,1900,-1,1901,1902,1903,-1,1474,1473,1904,-1,1905,1906,1907,-1,1908,1909,1910,-1,1911,1458,1459,-1,1458,1911,1457,-1,1457,1911,1912,-1,1457,1912,1913,-1,1913,1912,1914,-1,1913,1914,1462,-1,1906,1905,1914,-1,1914,1905,1463,-1,1914,1463,1462,-1,1915,1465,1907,-1,1907,1465,1466,-1,1907,1466,1905,-1,1916,1472,1917,-1,1917,1472,1918,-1,1917,1918,1468,-1,1474,1904,1919,-1,1920,1921,1922,-1,1923,1924,1925,-1,1926,1927,1928,-1,1929,1930,1931,-1,1931,1930,1932,-1,153,1901,1933,-1,1933,1901,1903,-1,1933,1903,157,-1,157,1903,1934,-1,157,1934,163,-1,163,1934,162,-1,162,1934,1935,-1,162,1935,168,-1,168,1935,1936,-1,1936,1935,1937,-1,1936,1937,122,-1,1938,1939,1940,-1,1940,1939,1941,-1,1942,1943,1937,-1,1943,1944,1937,-1,1937,1944,1945,-1,1937,1945,122,-1,1946,1947,1948,-1,1911,1949,1912,-1,1912,1949,1950,-1,1912,1950,1914,-1,1914,1950,1951,-1,1914,1951,1906,-1,1906,1951,1952,-1,1906,1952,1907,-1,1907,1952,1917,-1,1907,1917,1915,-1,1915,1917,1468,-1,1910,1953,1908,-1,1908,1953,1954,-1,1908,1954,1955,-1,1460,1909,1459,-1,1459,1909,1908,-1,1459,1908,1911,-1,1911,1908,1955,-1,1911,1955,1949,-1,1949,1955,1956,-1,1957,1958,1923,-1,1923,1958,1959,-1,1923,1959,1924,-1,1960,1957,1961,-1,1961,1957,1923,-1,1961,1923,1920,-1,1920,1923,1925,-1,1920,1925,1921,-1,1962,1919,1922,-1,1922,1919,1904,-1,1922,1904,1920,-1,1920,1904,1963,-1,1920,1963,1961,-1,1961,1963,1964,-1,1961,1964,1960,-1,1960,1964,1965,-1,1916,1917,1966,-1,1966,1917,1952,-1,1966,1952,1967,-1,1967,1952,1951,-1,1967,1951,1968,-1,1968,1951,1950,-1,1968,1950,1969,-1,1969,1950,1949,-1,1969,1949,1900,-1,1900,1949,1956,-1,1900,1956,1898,-1,1473,1472,1904,-1,1904,1472,1916,-1,1904,1916,1963,-1,1963,1916,1966,-1,1963,1966,1964,-1,1964,1966,1967,-1,1964,1967,1965,-1,1965,1967,1968,-1,1965,1968,1970,-1,1970,1968,1969,-1,1970,1969,1971,-1,1971,1969,1900,-1,1971,1900,1946,-1,1946,1900,1899,-1,1946,1899,1947,-1,1941,1939,1972,-1,1972,1939,1973,-1,1972,1973,1974,-1,1974,1973,1975,-1,1974,1975,1976,-1,1976,1975,1977,-1,1976,1977,1978,-1,1978,1977,1931,-1,1978,1931,1926,-1,1926,1931,1932,-1,1926,1932,1927,-1,1938,1942,1939,-1,1939,1942,1937,-1,1939,1937,1973,-1,1973,1937,1935,-1,1973,1935,1975,-1,1975,1935,1934,-1,1975,1934,1977,-1,1977,1934,1903,-1,1977,1903,1931,-1,1931,1903,1902,-1,1931,1902,1929,-1,1979,1980,1941,-1,1941,1980,1981,-1,1941,1981,1940,-1,1948,1979,1946,-1,1946,1979,1941,-1,1946,1941,1971,-1,1971,1941,1972,-1,1971,1972,1970,-1,1970,1972,1974,-1,1970,1974,1965,-1,1965,1974,1976,-1,1965,1976,1960,-1,1960,1976,1978,-1,1960,1978,1957,-1,1957,1978,1926,-1,1957,1926,1958,-1,1958,1926,1928,-1,1958,1928,1959,-1,1982,1983,1984,-1,1985,1986,1987,-1,1988,1989,1990,-1,1991,1992,1993,-1,1994,1995,1996,-1,1997,1998,1999,-1,2000,1556,2001,-1,2002,1552,2003,-1,2004,2005,2006,-1,2007,1545,2008,-1,2008,1545,1543,-1,2008,1543,2004,-1,2009,1548,2007,-1,2007,1548,2010,-1,2007,2010,1545,-1,1552,1540,2003,-1,2003,1540,2011,-1,2003,2011,2009,-1,2009,2011,1550,-1,2009,1550,1548,-1,1556,1558,2001,-1,2001,1558,1557,-1,2001,1557,2012,-1,1537,2013,1533,-1,1533,2013,2014,-1,1533,2014,1534,-1,2015,2016,192,-1,192,2016,2017,-1,192,2017,185,-1,185,2017,189,-1,173,2018,2019,-1,2019,2018,2020,-1,2019,2020,2021,-1,2021,2020,1998,-1,2022,2023,2024,-1,2025,2026,2027,-1,2027,2026,2028,-1,2004,2006,2008,-1,2008,2006,2029,-1,2008,2029,2030,-1,1990,1989,2013,-1,2013,1989,2031,-1,2013,2031,2014,-1,1991,1993,2032,-1,2033,2034,2035,-1,2035,2034,2036,-1,2035,2036,2037,-1,2037,2036,1993,-1,2037,1993,1990,-1,1990,1993,1992,-1,1990,1992,1988,-1,2018,188,2020,-1,2020,188,189,-1,2020,189,2038,-1,2038,189,2017,-1,2038,2017,2039,-1,2040,2041,2042,-1,148,2043,2015,-1,2015,2043,2044,-1,2015,2044,2016,-1,2016,2044,2045,-1,2045,1985,2016,-1,2016,1985,1987,-1,2016,1987,2017,-1,2017,1987,2046,-1,2017,2046,2039,-1,2047,2048,2041,-1,1986,2047,1987,-1,1987,2047,2041,-1,1987,2041,2046,-1,2046,2041,2040,-1,2046,2040,2039,-1,2022,1994,2023,-1,2023,1994,1996,-1,2023,1996,2049,-1,2049,1996,2050,-1,2049,2050,2033,-1,2033,2050,2051,-1,2033,2051,2034,-1,1995,1997,1996,-1,1996,1997,1999,-1,1996,1999,2050,-1,2050,1999,2052,-1,2050,2052,2051,-1,2051,2052,2053,-1,2051,2053,2034,-1,2034,2053,2054,-1,2034,2054,2036,-1,2036,2054,1984,-1,2036,1984,1993,-1,1993,1984,1983,-1,1993,1983,2032,-1,2025,2027,2055,-1,2055,2027,2056,-1,2055,2056,2057,-1,2057,2056,2058,-1,2057,2058,2059,-1,2059,2058,2060,-1,2059,2060,2061,-1,2061,2060,2062,-1,2061,2062,2012,-1,2012,2062,2063,-1,2012,2063,2001,-1,1557,2002,2012,-1,2012,2002,2003,-1,2012,2003,2061,-1,2061,2003,2009,-1,2061,2009,2059,-1,2059,2009,2007,-1,2059,2007,2057,-1,2057,2007,2008,-1,2057,2008,2055,-1,2055,2008,2030,-1,2055,2030,2025,-1,2048,2064,2041,-1,2041,2064,2065,-1,2041,2065,2042,-1,2042,2065,2066,-1,2042,2066,2067,-1,1998,2020,1999,-1,1999,2020,2038,-1,1999,2038,2052,-1,2052,2038,2039,-1,2052,2039,2053,-1,2053,2039,2040,-1,2053,2040,2054,-1,2054,2040,2042,-1,2054,2042,1984,-1,1984,2042,2067,-1,1984,2067,1982,-1,1537,2000,2013,-1,2013,2000,2001,-1,2013,2001,1990,-1,1990,2001,2063,-1,1990,2063,2037,-1,2037,2063,2062,-1,2037,2062,2035,-1,2035,2062,2060,-1,2035,2060,2033,-1,2033,2060,2058,-1,2033,2058,2049,-1,2049,2058,2056,-1,2049,2056,2023,-1,2023,2056,2027,-1,2023,2027,2024,-1,2024,2027,2028,-1,2024,2028,2022,-1,1450,1449,2068,-1,2068,1449,1448,-1,2068,1448,1711,-1,1443,1450,1460,-1,1460,1450,2068,-1,1460,2068,1909,-1,1909,2068,2069,-1,2070,1956,2069,-1,2069,1956,1955,-1,2069,1955,1954,-1,1954,1953,2069,-1,2069,1953,1910,-1,2069,1910,1909,-1,2071,1899,2070,-1,2070,1899,1898,-1,2070,1898,1956,-1,2072,1940,1981,-1,1979,1948,2071,-1,2071,1948,1947,-1,2071,1947,1899,-1,2072,1981,2071,-1,2071,1981,1980,-1,2071,1980,1979,-1,1944,1943,2073,-1,2073,1943,1942,-1,2073,1942,2072,-1,2072,1942,1938,-1,2072,1938,1940,-1,1944,2073,1945,-1,1945,2073,120,-1,1945,120,122,-1,148,150,2043,-1,2043,150,2074,-1,2043,2074,2044,-1,2047,1986,2075,-1,2075,1986,1985,-1,2075,1985,2074,-1,2074,1985,2045,-1,2074,2045,2044,-1,2066,2065,2076,-1,2076,2065,2064,-1,2076,2064,2075,-1,2075,2064,2048,-1,2075,2048,2047,-1,2032,1983,2077,-1,2077,1983,1982,-1,2077,1982,2076,-1,2076,1982,2067,-1,2076,2067,2066,-1,2078,2031,1989,-1,1989,1988,2078,-1,2078,1988,1992,-1,2078,1992,2077,-1,2077,1992,1991,-1,2077,1991,2032,-1,2031,2078,2014,-1,2014,2078,2079,-1,2014,2079,1534,-1,1535,1534,1575,-1,1575,1534,2079,-1,1575,2079,1576,-1,1576,2079,1710,-1,1576,1710,1580,-1,152,154,198,-1,1962,196,195,-1,2029,2006,195,-1,195,2006,2005,-1,195,2005,1962,-1,197,176,195,-1,195,176,174,-1,195,174,2029,-1,1902,196,2080,-1,2080,196,1930,-1,174,173,2029,-1,2029,173,2019,-1,2029,2019,2081,-1,1962,1922,196,-1,196,1922,1921,-1,196,1921,1925,-1,198,196,152,-1,152,196,1902,-1,152,1902,153,-1,153,1902,1901,-1,2081,1998,2029,-1,2029,1998,1997,-1,2029,1997,1995,-1,2026,2082,2030,-1,1925,1924,196,-1,196,1924,1959,-1,196,1959,1928,-1,1928,1927,196,-1,196,1927,1932,-1,196,1932,1930,-1,2030,2029,2026,-1,2026,2029,1995,-1,2026,1995,2028,-1,2028,1995,1994,-1,2028,1994,2022,-1,912,907,2083,-1,2083,907,905,-1,2083,905,929,-1,909,913,911,-1,911,913,2084,-1,911,2084,938,-1,1705,2085,1704,-1,1704,2085,2086,-1,1655,1665,1656,-1,1656,1665,1664,-1,2087,1177,1179,-1,1163,1162,2087,-1,1179,1183,2087,-1,2087,1183,2088,-1,2087,2088,1163,-1,1163,2088,2089,-1,1163,2089,1165,-1,1165,2089,2090,-1,1165,2090,1167,-1,1167,2090,2091,-1,1167,2091,1169,-1,1169,2091,2092,-1,1169,2092,1171,-1,1171,2092,2093,-1,1171,2093,1173,-1,1173,2093,2094,-1,1173,2094,1175,-1,1188,1189,1707,-1,1707,1129,1143,-1,1188,1707,1187,-1,1187,1707,1143,-1,1187,1143,2095,-1,2095,1143,1141,-1,2095,1141,2096,-1,2096,1141,1139,-1,2096,1139,2097,-1,2097,1139,1137,-1,2097,1137,2098,-1,2098,1137,1135,-1,2098,1135,2099,-1,2099,1135,1133,-1,2099,1133,2100,-1,2100,1133,1132,-1,2100,1132,2101,-1,2102,936,2103,-1,2103,936,935,-1,2103,935,2104,-1,2104,935,2105,-1,940,939,2106,-1,2106,939,1127,-1,2106,1127,2107,-1,2107,1127,1125,-1,2107,1125,2108,-1,2108,1125,2109,-1,2109,1125,1123,-1,2109,1123,943,-1,943,1123,944,-1,944,1123,1121,-1,944,1121,946,-1,946,1121,1119,-1,946,1119,948,-1,2110,2111,950,-1,1115,1114,1706,-1,948,1119,950,-1,950,1119,1117,-1,950,1117,2110,-1,2110,1117,1115,-1,2110,1115,2112,-1,2112,1115,1706,-1,2112,1706,1708,-1,923,2113,2114,-1,923,2114,925,-1,925,2114,2115,-1,925,2115,2116,-1,2117,1159,1157,-1,920,2118,2119,-1,1149,1147,2120,-1,2120,1147,2121,-1,928,927,1146,-1,1146,927,2122,-1,1146,2122,1147,-1,1147,2122,2123,-1,1147,2123,2121,-1,921,920,1155,-1,1155,1153,921,-1,921,1153,1151,-1,921,1151,932,-1,932,1151,1149,-1,932,1149,931,-1,931,1149,2120,-1,931,2120,930,-1,920,2119,1155,-1,1155,2119,2124,-1,1155,2124,1157,-1,1157,2124,2125,-1,1157,2125,2117,-1,2126,1279,1278,-1,2126,1278,2127,-1,2127,1278,1285,-1,2127,1285,1647,-1,1317,2128,2129,-1,1317,2129,1344,-1,1344,2129,2130,-1,1344,2130,1349,-1,2131,2132,1641,-1,2131,1641,1262,-1,1262,1641,1234,-1,1262,1234,1233,-1,1297,1279,2133,-1,2133,1279,2126,-1,1642,2134,2135,-1,1642,2135,1316,-1,1316,2135,2128,-1,1316,2128,1317,-1,1371,1349,2136,-1,2136,1349,2130,-1,844,842,951,-1,953,2137,2138,-1,953,2138,951,-1,844,951,846,-1,846,951,2138,-1,846,2138,848,-1,848,2138,2139,-1,848,2139,850,-1,850,2139,852,-1,852,2139,2140,-1,852,2140,854,-1,854,2140,855,-1,855,2140,2141,-1,855,2141,839,-1,839,2141,831,-1,831,2141,2142,-1,831,2142,832,-1,832,2142,835,-1,835,2142,2143,-1,835,2143,836,-1,1177,2087,2125,-1,2125,2087,2117,-1,856,834,2125,-1,2125,834,836,-1,2125,836,2143,-1,986,1049,985,-1,985,1049,1177,-1,985,1177,228,-1,228,1177,2125,-1,228,2125,229,-1,229,2125,2143,-1,2112,1708,894,-1,888,2111,2110,-1,890,893,891,-1,891,893,892,-1,890,889,893,-1,893,889,888,-1,893,888,894,-1,894,888,2110,-1,894,2110,2112,-1,949,950,2111,-1,949,2111,2144,-1,2144,2111,888,-1,2144,888,915,-1,2125,2124,856,-1,856,2124,2119,-1,858,857,859,-1,859,857,860,-1,2119,2118,856,-1,856,2118,862,-1,856,862,857,-1,857,862,861,-1,857,861,860,-1,917,862,2145,-1,2145,862,2118,-1,2145,2118,919,-1,919,2118,920,-1,138,140,2146,-1,138,2146,2147,-1,2147,2146,320,-1,2147,320,321,-1,140,142,2148,-1,140,2148,2146,-1,2146,2148,319,-1,2146,319,320,-1,318,217,136,-1,321,318,2147,-1,2147,318,136,-1,2147,136,138,-1,335,334,2149,-1,217,318,219,-1,219,318,338,-1,219,338,220,-1,220,338,339,-1,220,339,213,-1,213,339,341,-1,213,341,214,-1,214,341,335,-1,214,335,211,-1,211,335,2149,-1,211,2149,329,-1,197,201,323,-1,323,201,200,-1,323,200,2150,-1,2150,200,204,-1,2150,204,332,-1,332,204,209,-1,332,209,329,-1,329,209,212,-1,329,212,211,-1,316,319,2151,-1,2151,319,2148,-1,2151,2148,144,-1,144,2148,142,-1,2151,144,146,-1,317,316,2151,-1,2151,146,317,-1,317,146,182,-1,317,182,340,-1,182,181,340,-1,340,181,180,-1,340,180,342,-1,342,180,179,-1,342,179,343,-1,343,179,194,-1,343,194,2152,-1,2152,194,336,-1,336,194,193,-1,336,193,331,-1,331,193,191,-1,331,191,328,-1,191,190,328,-1,328,190,184,-1,328,184,333,-1,187,327,183,-1,183,327,2153,-1,183,2153,184,-1,184,2153,324,-1,184,324,333,-1,176,2154,177,-1,177,2154,327,-1,177,327,186,-1,186,327,187,-1,126,128,2155,-1,126,2155,2156,-1,2156,2155,313,-1,2156,313,312,-1,314,313,2157,-1,2157,313,2155,-1,2157,2155,130,-1,130,2155,128,-1,305,169,124,-1,312,305,2156,-1,2156,305,124,-1,2156,124,126,-1,301,300,2158,-1,169,305,170,-1,170,305,304,-1,170,304,172,-1,172,304,307,-1,172,307,167,-1,167,307,309,-1,167,309,166,-1,166,309,301,-1,166,301,164,-1,164,301,2158,-1,164,2158,295,-1,154,156,289,-1,289,156,159,-1,289,159,2159,-1,2159,159,158,-1,2159,158,298,-1,298,158,161,-1,298,161,295,-1,295,161,160,-1,295,160,164,-1,130,132,2160,-1,130,2160,2157,-1,2157,2160,315,-1,2157,315,314,-1,2160,132,134,-1,306,315,2160,-1,2160,134,306,-1,306,134,223,-1,306,223,308,-1,223,222,308,-1,308,222,221,-1,308,221,310,-1,310,221,215,-1,310,215,311,-1,311,215,216,-1,311,216,2161,-1,2161,216,302,-1,302,216,210,-1,302,210,297,-1,297,210,208,-1,297,208,294,-1,208,207,294,-1,294,207,206,-1,294,206,299,-1,202,293,205,-1,205,293,2162,-1,205,2162,206,-1,206,2162,290,-1,206,290,299,-1,198,2163,199,-1,199,2163,293,-1,199,293,203,-1,203,293,202,-1,70,71,2164,-1,70,2164,2165,-1,2165,2164,264,-1,2165,264,265,-1,263,264,2166,-1,2166,264,2164,-1,2166,2164,72,-1,72,2164,71,-1,2165,265,262,-1,34,38,284,-1,284,38,37,-1,284,37,2167,-1,2167,37,41,-1,2167,41,278,-1,278,41,46,-1,278,46,279,-1,269,271,2168,-1,46,49,279,-1,279,49,48,-1,279,48,2168,-1,2168,48,269,-1,269,48,51,-1,269,51,274,-1,274,51,50,-1,274,50,272,-1,272,50,58,-1,272,58,266,-1,266,58,57,-1,266,57,262,-1,70,2165,54,-1,54,2165,262,-1,54,262,55,-1,55,262,57,-1,260,263,2169,-1,2169,263,2166,-1,2169,2166,73,-1,73,2166,72,-1,2169,73,74,-1,261,260,2169,-1,2169,74,261,-1,261,74,90,-1,261,90,273,-1,90,89,273,-1,273,89,88,-1,273,88,275,-1,275,88,87,-1,275,87,276,-1,276,87,93,-1,276,93,2170,-1,2170,93,268,-1,268,93,92,-1,268,92,270,-1,270,92,78,-1,270,78,281,-1,78,77,281,-1,281,77,98,-1,281,98,282,-1,95,287,97,-1,97,287,2171,-1,97,2171,98,-1,98,2171,277,-1,98,277,282,-1,84,2172,85,-1,85,2172,287,-1,85,287,94,-1,94,287,95,-1,259,258,2173,-1,2173,258,2174,-1,2173,2174,69,-1,69,2174,68,-1,2173,69,62,-1,234,259,2173,-1,2173,62,234,-1,234,62,61,-1,234,61,241,-1,61,60,241,-1,241,60,59,-1,241,59,243,-1,243,59,52,-1,243,52,244,-1,244,52,53,-1,244,53,2175,-1,2175,53,236,-1,236,53,47,-1,236,47,238,-1,238,47,45,-1,238,45,249,-1,45,44,249,-1,249,44,43,-1,249,43,250,-1,39,255,42,-1,42,255,2176,-1,42,2176,43,-1,43,2176,245,-1,43,245,250,-1,35,2177,36,-1,36,2177,255,-1,36,255,40,-1,40,255,39,-1,67,68,2174,-1,67,2174,2178,-1,2178,2174,258,-1,2178,258,257,-1,66,67,2178,-1,66,2178,2179,-1,2179,2178,257,-1,2179,257,256,-1,2179,256,233,-1,101,103,252,-1,252,103,104,-1,252,104,2180,-1,2180,104,106,-1,2180,106,246,-1,246,106,105,-1,246,105,247,-1,237,239,2181,-1,105,111,247,-1,247,111,110,-1,247,110,2181,-1,2181,110,237,-1,237,110,113,-1,237,113,242,-1,242,113,112,-1,242,112,240,-1,240,112,119,-1,240,119,232,-1,232,119,117,-1,232,117,233,-1,66,2179,65,-1,65,2179,233,-1,65,233,116,-1,116,233,117,-1,1069,1003,1042,-1,1042,1003,1005,-1,354,231,2137,-1,2137,231,229,-1,2139,2142,2140,-1,2140,2142,2141,-1,229,2143,2137,-1,2137,2143,2142,-1,2137,2142,2138,-1,2138,2142,2139,-1,225,355,900,-1,227,225,896,-1,896,225,900,-1,896,900,897,-1,897,900,902,-1,902,895,897,-1,897,895,899,-1,897,899,898,-1,1019,1021,2182,-1,2182,1021,1073,-1,2182,1073,1074,-1,2093,2183,2094,-1,2094,2183,2184,-1,2094,2184,2185,-1,1183,1182,2088,-1,2088,1182,2186,-1,2088,2186,2089,-1,2089,2186,2187,-1,2089,2187,2090,-1,2090,2187,2188,-1,2090,2188,2091,-1,2091,2188,2189,-1,2091,2189,2092,-1,2092,2189,2190,-1,2092,2190,2093,-1,2093,2190,2191,-1,2093,2191,2183,-1,970,1058,2192,-1,2192,2185,2184,-1,970,2192,971,-1,971,2192,2184,-1,971,2184,1033,-1,1080,1079,2193,-1,2193,1079,1030,-1,2193,1030,1029,-1,1184,1187,2194,-1,2194,1187,2095,-1,2194,2095,2195,-1,2195,2095,2096,-1,2195,2096,2196,-1,2196,2096,2097,-1,2196,2097,2197,-1,2197,2097,2098,-1,2197,2098,2198,-1,2198,2098,2099,-1,2198,2099,2199,-1,2199,2099,2100,-1,2199,2100,2200,-1,2200,2100,2101,-1,2200,2101,2201,-1,2201,2101,2202,-1,2201,2202,2203,-1,1070,980,2203,-1,2203,980,979,-1,2203,979,2201,-1,2201,979,1032,-1,1290,1289,2204,-1,1289,2205,2204,-1,2204,2205,2206,-1,2204,2206,1291,-1,1291,2207,2204,-1,2204,2207,1295,-1,2204,1295,2208,-1,2208,1293,2204,-1,2204,1293,2209,-1,2204,2209,1299,-1,1299,1298,2204,-1,2204,1298,1297,-1,2204,1297,2133,-1,2210,2211,2212,-1,2212,2211,2213,-1,2212,2213,2214,-1,2214,2213,2215,-1,2214,2215,2216,-1,2216,2215,2217,-1,2216,2217,2204,-1,2204,2217,2218,-1,2204,2218,1290,-1,1676,1675,2210,-1,2210,1675,2211,-1,1364,1363,2219,-1,1363,2220,2219,-1,2219,2220,2221,-1,2219,2221,1365,-1,1365,2222,2219,-1,2219,2222,1369,-1,2219,1369,2223,-1,2223,1367,2219,-1,2219,1367,2224,-1,2219,2224,1373,-1,1373,1372,2219,-1,2219,1372,1371,-1,2219,1371,2136,-1,2225,2226,2227,-1,2227,2226,2228,-1,2227,2228,2229,-1,2229,2228,2230,-1,2229,2230,2231,-1,2231,2230,2232,-1,2231,2232,2219,-1,2219,2232,2233,-1,2219,2233,1364,-1,2234,2235,2225,-1,2225,2235,2226,-1,2086,2085,2236,-1,2236,2085,2237,-1,2236,2237,2238,-1,2238,2237,2239,-1,2238,2239,2240,-1,2240,2239,2241,-1,2240,2241,2242,-1,2242,2241,2243,-1,2242,2243,2244,-1,2235,2234,2245,-1,2245,2234,2246,-1,2245,2246,2247,-1,2247,2246,2248,-1,2247,2248,2249,-1,2249,2248,2250,-1,2249,2250,2251,-1,2250,2244,2251,-1,2251,2244,2243,-1,2251,2243,2252,-1,2252,2243,2253,-1,2252,2253,1686,-1,1686,2253,1687,-1,2254,346,348,-1,2255,2256,2254,-1,1070,2257,2258,-1,2259,2260,349,-1,2256,2261,2254,-1,2254,2261,2262,-1,2254,2262,2263,-1,2263,2264,2254,-1,2254,2264,2265,-1,2254,2265,2266,-1,2267,2268,2269,-1,2255,2254,2270,-1,2270,2254,348,-1,2270,348,2271,-1,2271,348,1069,-1,2271,1069,1042,-1,2272,2203,2273,-1,2273,2203,2192,-1,2273,2192,1058,-1,2274,349,351,-1,2269,1044,1045,-1,2267,2269,2275,-1,351,2276,2274,-1,2274,2276,2277,-1,2274,2277,2278,-1,2266,2279,2254,-1,2254,2279,2280,-1,2254,2280,2281,-1,1045,1046,2269,-1,2269,1046,1047,-1,2269,1047,2258,-1,2258,1047,1048,-1,2258,1048,1070,-1,1044,2269,1043,-1,1043,2269,2268,-1,1043,2268,1042,-1,1042,2268,2282,-1,1042,2282,2271,-1,2283,2284,2285,-1,2285,2284,2286,-1,2285,2286,2287,-1,2288,2289,2290,-1,349,2274,2259,-1,2259,2274,2291,-1,2259,2291,2292,-1,2275,2269,2293,-1,2293,2269,2294,-1,2293,2294,2295,-1,1070,2203,2257,-1,2257,2203,2272,-1,2257,2272,2296,-1,2296,2272,2297,-1,2296,2297,2289,-1,2289,2297,2298,-1,2289,2298,2290,-1,1037,1038,2299,-1,2299,1038,1039,-1,2299,1039,2300,-1,2300,1039,1040,-1,2300,1040,2301,-1,2301,1040,1041,-1,2301,1041,2260,-1,2260,1041,1059,-1,2260,1059,349,-1,2302,2303,2304,-1,2286,2273,2287,-1,2287,2273,1058,-1,2287,1058,2305,-1,2305,1058,1035,-1,2305,1035,2299,-1,2299,1035,1036,-1,2299,1036,1037,-1,2306,2307,2308,-1,2308,2307,2309,-1,2308,2309,2259,-1,2310,2311,2283,-1,2283,2311,2312,-1,2283,2312,2284,-1,2300,2313,2299,-1,2299,2313,2302,-1,2299,2302,2314,-1,2314,2302,2304,-1,2292,2315,2259,-1,2259,2315,2316,-1,2259,2316,2308,-1,2310,2317,2311,-1,2311,2317,2318,-1,2311,2318,2319,-1,2319,2320,2311,-1,2311,2320,2321,-1,2311,2321,2322,-1,2290,2323,2324,-1,2323,2290,2325,-1,2325,2290,2326,-1,2325,2326,2327,-1,2324,2328,2290,-1,2290,2328,2329,-1,2290,2329,2288,-1,
        ]
    }
}
Shape{
    appearance Appearance {
        material  Material 	{
            diffuseColor 0.8509803921568627 0.8509803921568627 0.8509803921568627
            specularColor 0.4235294117647059 0.4235294117647059 0.4235294117647059
            ambientIntensity 0.851
            transparency 0.0
            shininess 0.5
        }
    }
    geometry IndexedFaceSet {
        ccw TRUE
        solid FALSE
        coord DEF co Coordinate {
            point [
                1.5531 0.7913 0.0413, 1.563 0.7815 0.0512, 1.5433 0.8012 0.0512, 1.563 0.7815 0.5827, 1.5433 0.8012 0.6024, 1.6024 0.7815 0.0512, 1.622 0.8012 0.0315, 1.6024 0.7815 0.5827, 1.622 0.8012 0.6024
            ]
        }
        coordIndex [
            0,1,2,-1,2,1,3,-1,2,3,4,-1,5,6,7,-1,7,6,8,-1,
        ]
    }
}
Shape{
    appearance Appearance {
        material  Material 	{
            diffuseColor 0.2235294117647059 0.2235294117647059 0.2235294117647059
            specularColor 0.11372549019607843 0.11372549019607843 0.11372549019607843
            ambientIntensity 0.2235
            transparency 0.0
            shininess 0.5
        }
    }
    geometry IndexedFaceSet {
        ccw TRUE
        solid FALSE
        coord DEF co Coordinate {
            point [
                -1.622 0.8012 0.0315, -1.6024 0.7815 0.0512, -1.622 0.8012 0.6024, -1.6024 0.7815 0.5827
            ]
        }
        coordIndex [
            0,1,2,-1,2,1,3,-1,
        ]
    }
}
Shape{
    appearance Appearance {
        material  Material 	{
            diffuseColor 0.8509803921568627 0.8509803921568627 0.8509803921568627
            specularColor 0.4235294117647059 0.4235294117647059 0.4235294117647059
            ambientIntensity 0.851
            transparency 0.0
            shininess 0.5
        }
    }
    geometry IndexedFaceSet {
        ccw TRUE
        solid FALSE
        coord DEF co Coordinate {
            point [
                -1.5433 0.8012 0.6024, -1.563 0.7815 0.5827, -1.5433 0.8012 0.0512, -1.563 0.7815 0.0512, -1.5531 0.7913 0.0413
            ]
        }
        coordIndex [
            0,1,2,-1,2,1,3,-1,2,3,4,-1,
        ]
    }
}
Shape{
    appearance Appearance {
        material  Material 	{
            diffuseColor 0.2235294117647059 0.2235294117647059 0.2235294117647059
            specularColor 0.11372549019607843 0.11372549019607843 0.11372549019607843
            ambientIntensity 0.2235
            transparency 0.0
            shininess 0.5
        }
    }
    geometry IndexedFaceSet {
        ccw TRUE
        solid FALSE
        coord DEF co Coordinate {
            point [
                1.5477 0.8411 0.2874, 1.5484 0.8412 0.2874, 1.5482 0.8419 0.2823, 1.5518 0.8426 0.2874, 1.5531 0.8432 0.2874, 1.5528 0.8438 0.2823, 1.5555 0.845 0.2874, 1.5572 0.8463 0.2874, 1.5568 0.8468 0.2823, 1.5477 0.8577 0.2684, 1.5469 0.8566 0.2684, 1.5503 0.8533 0.2704, 1.5433 0.8602 0.2677, 1.5503 0.8482 0.2735, 1.5482 0.8517 0.2704, 1.5459 0.8558 0.2684, 1.5477 0.8438 0.2776, 1.5469 0.8468 0.2735, 1.5459 0.8507 0.2704, 1.5446 0.8553 0.2684, 1.5433 0.8412 0.2823, 1.5433 0.8432 0.2776, 1.5433 0.8463 0.2735, 1.5433 0.8504 0.2704, 1.5433 0.8551 0.2684, 1.5598 0.8507 0.2823, 1.5617 0.8553 0.2823, 1.5598 0.8558 0.2776, 1.5572 0.8602 0.2735, 1.5604 0.8602 0.2776, 1.5623 0.8602 0.2823, 1.5624 0.8559 0.2874, 1.563 0.8602 0.2874, 1.5586 0.8481 0.2874, 1.5604 0.8504 0.2874, 1.5609 0.8517 0.2874, 1.5623 0.8551 0.2874, 1.5581 0.8517 0.2776, 1.5568 0.8566 0.2735, 1.5531 0.8602 0.2704, 1.5554 0.8482 0.2776, 1.5554 0.8533 0.2735, 1.5528 0.8577 0.2704, 1.5484 0.8602 0.2684, 1.5518 0.8455 0.2776, 1.5531 0.8504 0.2735, 1.5518 0.8553 0.2704, 1.5482 0.8589 0.2684, 1.5433 0.8406 0.2874, 1.563 0.8602 0.4449, 1.5624 0.8559 0.4449, 1.5623 0.8551 0.4449, 1.5609 0.8517 0.4449, 1.5604 0.8504 0.4449, 1.5586 0.8481 0.4449, 1.5572 0.8463 0.4449, 1.5555 0.845 0.4449, 1.5531 0.8432 0.4449, 1.5518 0.8426 0.4449, 1.5484 0.8412 0.4449, 1.5477 0.8411 0.4449, 1.5433 0.8406 0.4449, 1.563 0.998 0.2874, 1.5623 0.998 0.2823, 1.5604 0.998 0.2776, 1.5572 0.998 0.2735, 1.5531 0.998 0.2704, 1.5484 0.998 0.2684, 1.5433 0.998 0.2677, 1.5623 0.8602 0.45, 1.5617 0.8553 0.45, 1.5598 0.8507 0.45, 1.5568 0.8468 0.45, 1.5528 0.8438 0.45, 1.5482 0.8419 0.45, 1.5598 0.8558 0.4547, 1.5604 0.8602 0.4547, 1.5554 0.8533 0.4588, 1.5581 0.8517 0.4547, 1.5568 0.8566 0.4588, 1.5572 0.8602 0.4588, 1.5503 0.8533 0.4619, 1.5531 0.8504 0.4588, 1.5554 0.8482 0.4547, 1.5528 0.8577 0.4619, 1.5531 0.8602 0.4619, 1.5459 0.8558 0.4639, 1.5482 0.8517 0.4619, 1.5503 0.8482 0.4588, 1.5518 0.8455 0.4547, 1.5433 0.8602 0.4646, 1.5484 0.8602 0.4639, 1.5482 0.8589 0.4639, 1.5477 0.8577 0.4639, 1.5518 0.8553 0.4619, 1.5469 0.8566 0.4639, 1.5446 0.8553 0.4639, 1.5459 0.8507 0.4619, 1.5469 0.8468 0.4588, 1.5477 0.8438 0.4547, 1.5433 0.8551 0.4639, 1.5433 0.8504 0.4619, 1.5433 0.8463 0.4588, 1.5433 0.8432 0.4547, 1.5433 0.8412 0.45, 1.5624 1.0024 0.2874, 1.5623 1.0031 0.2874, 1.5617 1.003 0.2823, 1.5609 1.0065 0.2874, 1.5604 1.0079 0.2874, 1.5598 1.0075 0.2823, 1.5586 1.0102 0.2874, 1.5572 1.012 0.2874, 1.5568 1.0115 0.2823, 1.5459 1.0024 0.2684, 1.5469 1.0016 0.2684, 1.5503 1.005 0.2704, 1.5554 1.005 0.2735, 1.5518 1.003 0.2704, 1.5477 1.0006 0.2684, 1.5598 1.0024 0.2776, 1.5568 1.0016 0.2735, 1.5528 1.0006 0.2704, 1.5482 0.9994 0.2684, 1.5528 1.0145 0.2823, 1.5482 1.0164 0.2823, 1.5477 1.0145 0.2776, 1.5433 1.012 0.2735, 1.5433 1.0151 0.2776, 1.5433 1.017 0.2823, 1.5477 1.0171 0.2874, 1.5433 1.0177 0.2874, 1.5555 1.0133 0.2874, 1.5531 1.0151 0.2874, 1.5518 1.0156 0.2874, 1.5484 1.017 0.2874, 1.5518 1.0128 0.2776, 1.5469 1.0115 0.2735, 1.5433 1.0079 0.2704, 1.5554 1.0101 0.2776, 1.5503 1.0101 0.2735, 1.5459 1.0075 0.2704, 1.5433 1.0031 0.2684, 1.5581 1.0066 0.2776, 1.5531 1.0079 0.2735, 1.5482 1.0066 0.2704, 1.5446 1.003 0.2684, 1.5433 0.998 0.4646, 1.5484 0.998 0.4639, 1.5531 0.998 0.4619, 1.5572 0.998 0.4588, 1.5604 0.998 0.4547, 1.5623 0.998 0.45, 1.563 0.998 0.4449, 1.5624 1.0024 0.4449, 1.5623 1.0031 0.4449, 1.5609 1.0065 0.4449, 1.5604 1.0079 0.4449, 1.5586 1.0102 0.4449, 1.5572 1.012 0.4449, 1.5555 1.0133 0.4449, 1.5531 1.0151 0.4449, 1.5518 1.0156 0.4449, 1.5484 1.017 0.4449, 1.5477 1.0171 0.4449, 1.5433 1.0177 0.4449, 1.5433 1.017 0.45, 1.5482 1.0164 0.45, 1.5528 1.0145 0.45, 1.5568 1.0115 0.45, 1.5598 1.0075 0.45, 1.5617 1.003 0.45, 1.5477 1.0145 0.4547, 1.5433 1.0151 0.4547, 1.5503 1.0101 0.4588, 1.5518 1.0128 0.4547, 1.5469 1.0115 0.4588, 1.5433 1.012 0.4588, 1.5503 1.005 0.4619, 1.5531 1.0079 0.4588, 1.5554 1.0101 0.4547, 1.5459 1.0075 0.4619, 1.5433 1.0079 0.4619, 1.5477 1.0006 0.4639, 1.5518 1.003 0.4619, 1.5554 1.005 0.4588, 1.5581 1.0066 0.4547, 1.5433 1.0031 0.4639, 1.5446 1.003 0.4639, 1.5459 1.0024 0.4639, 1.5482 1.0066 0.4619, 1.5469 1.0016 0.4639, 1.5482 0.9994 0.4639, 1.5528 1.0006 0.4619, 1.5568 1.0016 0.4588, 1.5598 1.0024 0.4547
            ]
        }
        coordIndex [
            0,1,2,-1,3,4,5,-1,6,7,8,-1,9,10,11,-1,10,9,12,-1,13,11,14,-1,14,11,10,-1,14,10,15,-1,15,10,12,-1,16,13,17,-1,17,13,14,-1,17,14,18,-1,18,14,15,-1,18,15,19,-1,19,15,12,-1,20,16,21,-1,21,16,17,-1,21,17,22,-1,22,17,18,-1,22,18,23,-1,23,18,19,-1,23,19,24,-1,24,19,12,-1,25,26,27,-1,28,27,29,-1,29,27,26,-1,29,26,30,-1,30,26,31,-1,30,31,32,-1,33,34,25,-1,25,34,35,-1,25,35,26,-1,26,35,36,-1,26,36,31,-1,7,33,8,-1,8,33,25,-1,8,25,37,-1,37,25,27,-1,37,27,38,-1,38,27,28,-1,38,28,39,-1,4,6,5,-1,5,6,8,-1,5,8,40,-1,40,8,37,-1,40,37,41,-1,41,37,38,-1,41,38,42,-1,42,38,39,-1,42,39,43,-1,1,3,2,-1,2,3,5,-1,2,5,44,-1,44,5,40,-1,44,40,45,-1,45,40,41,-1,45,41,46,-1,46,41,42,-1,46,42,47,-1,47,42,43,-1,47,43,12,-1,48,0,20,-1,20,0,2,-1,20,2,16,-1,16,2,44,-1,16,44,13,-1,13,44,45,-1,13,45,11,-1,11,45,46,-1,11,46,9,-1,9,46,47,-1,9,47,12,-1,49,32,50,-1,50,32,31,-1,50,31,51,-1,51,31,36,-1,51,36,52,-1,52,36,35,-1,52,35,53,-1,53,35,34,-1,53,34,54,-1,54,34,33,-1,54,33,55,-1,55,33,7,-1,55,7,56,-1,56,7,6,-1,56,6,57,-1,57,6,4,-1,57,4,58,-1,58,4,3,-1,58,3,59,-1,59,3,1,-1,59,1,60,-1,60,1,0,-1,60,0,61,-1,61,0,48,-1,32,62,30,-1,30,62,63,-1,30,63,29,-1,29,63,64,-1,29,64,28,-1,28,64,65,-1,28,65,39,-1,39,65,66,-1,39,66,43,-1,43,66,67,-1,43,67,12,-1,12,67,68,-1,69,49,50,-1,50,51,70,-1,70,51,52,-1,71,53,54,-1,72,55,56,-1,73,57,58,-1,74,59,60,-1,50,70,69,-1,69,70,75,-1,69,75,76,-1,77,75,78,-1,78,75,70,-1,78,70,71,-1,71,70,52,-1,71,52,53,-1,79,80,76,-1,81,77,82,-1,82,77,78,-1,82,78,83,-1,83,78,71,-1,83,71,72,-1,72,71,54,-1,72,54,55,-1,84,85,80,-1,86,81,87,-1,87,81,82,-1,87,82,88,-1,88,82,83,-1,88,83,89,-1,89,83,72,-1,89,72,73,-1,73,72,56,-1,73,56,57,-1,90,91,92,-1,92,91,85,-1,85,84,92,-1,92,84,93,-1,92,93,90,-1,80,79,84,-1,84,79,94,-1,84,94,93,-1,93,94,95,-1,93,95,90,-1,90,86,96,-1,96,86,87,-1,96,87,97,-1,97,87,88,-1,97,88,98,-1,98,88,89,-1,98,89,99,-1,99,89,73,-1,99,73,74,-1,74,73,58,-1,74,58,59,-1,90,96,100,-1,100,96,97,-1,100,97,101,-1,101,97,98,-1,101,98,102,-1,102,98,99,-1,102,99,103,-1,103,99,74,-1,103,74,104,-1,104,74,60,-1,104,60,61,-1,76,75,79,-1,79,75,77,-1,79,77,94,-1,94,77,81,-1,94,81,95,-1,95,81,86,-1,95,86,90,-1,105,106,107,-1,108,109,110,-1,111,112,113,-1,114,115,116,-1,115,114,68,-1,117,116,118,-1,118,116,115,-1,118,115,119,-1,119,115,68,-1,120,117,121,-1,121,117,118,-1,121,118,122,-1,122,118,119,-1,122,119,123,-1,123,119,68,-1,63,120,64,-1,64,120,121,-1,64,121,65,-1,65,121,122,-1,65,122,66,-1,66,122,123,-1,66,123,67,-1,67,123,68,-1,124,125,126,-1,127,126,128,-1,128,126,125,-1,128,125,129,-1,129,125,130,-1,129,130,131,-1,132,133,124,-1,124,133,134,-1,124,134,125,-1,125,134,135,-1,125,135,130,-1,112,132,113,-1,113,132,124,-1,113,124,136,-1,136,124,126,-1,136,126,137,-1,137,126,127,-1,137,127,138,-1,109,111,110,-1,110,111,113,-1,110,113,139,-1,139,113,136,-1,139,136,140,-1,140,136,137,-1,140,137,141,-1,141,137,138,-1,141,138,142,-1,106,108,107,-1,107,108,110,-1,107,110,143,-1,143,110,139,-1,143,139,144,-1,144,139,140,-1,144,140,145,-1,145,140,141,-1,145,141,146,-1,146,141,142,-1,146,142,68,-1,62,105,63,-1,63,105,107,-1,63,107,120,-1,120,107,143,-1,120,143,117,-1,117,143,144,-1,117,144,116,-1,116,144,145,-1,116,145,114,-1,114,145,146,-1,114,146,68,-1,90,147,91,-1,91,147,148,-1,91,148,85,-1,85,148,149,-1,85,149,80,-1,80,149,150,-1,80,150,76,-1,76,150,151,-1,76,151,69,-1,69,151,152,-1,69,152,49,-1,49,152,153,-1,62,153,105,-1,105,153,154,-1,105,154,106,-1,106,154,155,-1,106,155,108,-1,108,155,156,-1,108,156,109,-1,109,156,157,-1,109,157,111,-1,111,157,158,-1,111,158,112,-1,112,158,159,-1,112,159,132,-1,132,159,160,-1,132,160,133,-1,133,160,161,-1,133,161,134,-1,134,161,162,-1,134,162,135,-1,135,162,163,-1,135,163,130,-1,130,163,164,-1,130,164,131,-1,131,164,165,-1,166,165,164,-1,164,163,167,-1,167,163,162,-1,168,161,160,-1,169,159,158,-1,170,157,156,-1,171,155,154,-1,164,167,166,-1,166,167,172,-1,166,172,173,-1,174,172,175,-1,175,172,167,-1,175,167,168,-1,168,167,162,-1,168,162,161,-1,176,177,173,-1,178,174,179,-1,179,174,175,-1,179,175,180,-1,180,175,168,-1,180,168,169,-1,169,168,160,-1,169,160,159,-1,181,182,177,-1,183,178,184,-1,184,178,179,-1,184,179,185,-1,185,179,180,-1,185,180,186,-1,186,180,169,-1,186,169,170,-1,170,169,158,-1,170,158,157,-1,147,187,188,-1,188,187,182,-1,182,181,188,-1,188,181,189,-1,188,189,147,-1,177,176,181,-1,181,176,190,-1,181,190,189,-1,189,190,191,-1,189,191,147,-1,147,183,192,-1,192,183,184,-1,192,184,193,-1,193,184,185,-1,193,185,194,-1,194,185,186,-1,194,186,195,-1,195,186,170,-1,195,170,171,-1,171,170,156,-1,171,156,155,-1,147,192,148,-1,148,192,193,-1,148,193,149,-1,149,193,194,-1,149,194,150,-1,150,194,195,-1,150,195,151,-1,151,195,171,-1,151,171,152,-1,152,171,154,-1,152,154,153,-1,173,172,176,-1,176,172,174,-1,176,174,190,-1,190,174,178,-1,190,178,191,-1,191,178,183,-1,191,183,147,-1,
        ]
    }
}
Shape{
    appearance Appearance {
        material  Material 	{
            diffuseColor 0.8509803921568627 0.8509803921568627 0.8509803921568627
            specularColor 0.4235294117647059 0.4235294117647059 0.4235294117647059
            ambientIntensity 0.851
            transparency 0.0
            shininess 0.5
        }
    }
    geometry IndexedFaceSet {
        ccw TRUE
        solid FALSE
        coord DEF co Coordinate {
            point [
                1.6417 0.8799 0.2874, 1.6417 0.8748 0.2881, 1.6411 0.8799 0.2823, 1.6411 0.8735 0.2832, 1.6391 0.8799 0.2776, 1.6391 0.8723 0.2786, 1.636 0.8799 0.2735, 1.636 0.8712 0.2746, 1.6319 0.8799 0.2704, 1.6319 0.8704 0.2716, 1.6271 0.8799 0.2684, 1.6271 0.8699 0.2697, 1.622 0.8799 0.2677, 1.622 0.8697 0.2691, 1.6417 0.8701 0.29, 1.6411 0.8675 0.2856, 1.6391 0.8652 0.2815, 1.636 0.8631 0.278, 1.6319 0.8616 0.2753, 1.6271 0.8606 0.2736, 1.622 0.8602 0.273, 1.6417 0.866 0.2932, 1.6411 0.8624 0.2896, 1.6391 0.859 0.2862, 1.636 0.8562 0.2833, 1.6319 0.8539 0.2811, 1.6271 0.8526 0.2797, 1.622 0.8521 0.2792, 1.6417 0.8629 0.2972, 1.6411 0.8585 0.2947, 1.6391 0.8544 0.2923, 1.636 0.8508 0.2903, 1.6319 0.8481 0.2887, 1.6271 0.8464 0.2877, 1.622 0.8458 0.2874, 1.6417 0.8609 0.302, 1.6411 0.856 0.3007, 1.6391 0.8514 0.2994, 1.636 0.8475 0.2984, 1.6319 0.8444 0.2976, 1.6271 0.8425 0.2971, 1.622 0.8419 0.2969, 1.6417 0.8602 0.3071, 1.6411 0.8551 0.3071, 1.6391 0.8504 0.3071, 1.636 0.8463 0.3071, 1.6319 0.8432 0.3071, 1.6271 0.8412 0.3071, 1.622 0.8406 0.3071
            ]
        }
        coordIndex [
            0,1,2,-1,2,1,3,-1,2,3,4,-1,4,3,5,-1,4,5,6,-1,6,5,7,-1,6,7,8,-1,8,7,9,-1,8,9,10,-1,10,9,11,-1,10,11,12,-1,12,11,13,-1,1,14,3,-1,3,14,15,-1,3,15,5,-1,5,15,16,-1,5,16,7,-1,7,16,17,-1,7,17,9,-1,9,17,18,-1,9,18,11,-1,11,18,19,-1,11,19,13,-1,13,19,20,-1,14,21,15,-1,15,21,22,-1,15,22,16,-1,16,22,23,-1,16,23,17,-1,17,23,24,-1,17,24,18,-1,18,24,25,-1,18,25,19,-1,19,25,26,-1,19,26,20,-1,20,26,27,-1,21,28,22,-1,22,28,29,-1,22,29,23,-1,23,29,30,-1,23,30,24,-1,24,30,31,-1,24,31,25,-1,25,31,32,-1,25,32,26,-1,26,32,33,-1,26,33,27,-1,27,33,34,-1,28,35,29,-1,29,35,36,-1,29,36,30,-1,30,36,37,-1,30,37,31,-1,31,37,38,-1,31,38,32,-1,32,38,39,-1,32,39,33,-1,33,39,40,-1,33,40,34,-1,34,40,41,-1,35,42,36,-1,36,42,43,-1,36,43,37,-1,37,43,44,-1,37,44,38,-1,38,44,45,-1,38,45,39,-1,39,45,46,-1,39,46,40,-1,40,46,47,-1,40,47,41,-1,41,47,48,-1,
        ]
    }
}
Shape{
    appearance Appearance {
        material  Material 	{
            diffuseColor 0.2235294117647059 0.2235294117647059 0.2235294117647059
            specularColor 0.11372549019607843 0.11372549019607843 0.11372549019607843
            ambientIntensity 0.2235
            transparency 0.0
            shininess 0.5
        }
    }
    geometry IndexedFaceSet {
        ccw TRUE
        solid FALSE
        coord DEF co Coordinate {
            point [
                1.6417 0.8602 0.3071, 1.6417 0.8602 0.4252, 1.6411 0.8551 0.4252, 1.6411 0.8551 0.3071, 1.6391 0.8504 0.4252, 1.6391 0.8504 0.3071, 1.636 0.8463 0.4252, 1.636 0.8463 0.3071, 1.6319 0.8432 0.4252, 1.6319 0.8432 0.3071, 1.6271 0.8412 0.4252, 1.6271 0.8412 0.3071, 1.622 0.8406 0.4252, 1.622 0.8406 0.3071
            ]
        }
        coordIndex [
            0,1,2,-1,0,2,3,-1,3,2,4,-1,3,4,5,-1,5,4,6,-1,5,6,7,-1,7,6,8,-1,7,8,9,-1,9,8,10,-1,9,10,11,-1,11,10,12,-1,11,12,13,-1,
        ]
    }
}
Shape{
    appearance Appearance {
        material  Material 	{
            diffuseColor 0.8509803921568627 0.8509803921568627 0.8509803921568627
            specularColor 0.4235294117647059 0.4235294117647059 0.4235294117647059
            ambientIntensity 0.851
            transparency 0.0
            shininess 0.5
        }
    }
    geometry IndexedFaceSet {
        ccw TRUE
        solid FALSE
        coord DEF co Coordinate {
            point [
                1.6417 0.9783 0.2874, 1.6417 0.8799 0.2874, 1.6411 0.8799 0.2823, 1.6411 0.9783 0.2823, 1.6391 0.8799 0.2776, 1.6391 0.9783 0.2776, 1.636 0.8799 0.2735, 1.636 0.9783 0.2735, 1.6319 0.8799 0.2704, 1.6319 0.9783 0.2704, 1.6271 0.8799 0.2684, 1.6271 0.9783 0.2684, 1.622 0.8799 0.2677, 1.622 0.9783 0.2677
            ]
        }
        coordIndex [
            0,1,2,-1,0,2,3,-1,3,2,4,-1,3,4,5,-1,5,4,6,-1,5,6,7,-1,7,6,8,-1,7,8,9,-1,9,8,10,-1,9,10,11,-1,11,10,12,-1,11,12,13,-1,
        ]
    }
}
Shape{
    appearance Appearance {
        material  Material 	{
            diffuseColor 0.2235294117647059 0.2235294117647059 0.2235294117647059
            specularColor 0.11372549019607843 0.11372549019607843 0.11372549019607843
            ambientIntensity 0.2235
            transparency 0.0
            shininess 0.5
        }
    }
    geometry IndexedFaceSet {
        ccw TRUE
        solid FALSE
        coord DEF co Coordinate {
            point [
                1.6417 0.8602 0.4252, 1.6417 0.8609 0.4303, 1.6411 0.8551 0.4252, 1.6411 0.856 0.4316, 1.6391 0.8504 0.4252, 1.6391 0.8514 0.4328, 1.636 0.8463 0.4252, 1.636 0.8475 0.4339, 1.6319 0.8432 0.4252, 1.6319 0.8444 0.4347, 1.6271 0.8412 0.4252, 1.6271 0.8425 0.4352, 1.622 0.8406 0.4252, 1.622 0.8419 0.4354, 1.6417 0.8629 0.435, 1.6411 0.8585 0.4376, 1.6391 0.8544 0.44, 1.636 0.8508 0.442, 1.6319 0.8481 0.4436, 1.6271 0.8464 0.4445, 1.622 0.8458 0.4449, 1.6417 0.866 0.4391, 1.6411 0.8624 0.4427, 1.6391 0.859 0.4461, 1.636 0.8562 0.449, 1.6319 0.8539 0.4512, 1.6271 0.8526 0.4526, 1.622 0.8521 0.453, 1.6417 0.8701 0.4422, 1.6411 0.8675 0.4467, 1.6391 0.8652 0.4508, 1.636 0.8631 0.4543, 1.6319 0.8616 0.457, 1.6271 0.8606 0.4587, 1.622 0.8602 0.4593, 1.6417 0.8748 0.4442, 1.6411 0.8735 0.4491, 1.6391 0.8723 0.4537, 1.636 0.8712 0.4577, 1.6319 0.8704 0.4607, 1.6271 0.8699 0.4626, 1.622 0.8697 0.4632, 1.6417 0.8799 0.4449, 1.6411 0.8799 0.45, 1.6391 0.8799 0.4547, 1.636 0.8799 0.4588, 1.6319 0.8799 0.4619, 1.6271 0.8799 0.4639, 1.622 0.8799 0.4646
            ]
        }
        coordIndex [
            0,1,2,-1,2,1,3,-1,2,3,4,-1,4,3,5,-1,4,5,6,-1,6,5,7,-1,6,7,8,-1,8,7,9,-1,8,9,10,-1,10,9,11,-1,10,11,12,-1,12,11,13,-1,1,14,3,-1,3,14,15,-1,3,15,5,-1,5,15,16,-1,5,16,7,-1,7,16,17,-1,7,17,9,-1,9,17,18,-1,9,18,11,-1,11,18,19,-1,11,19,13,-1,13,19,20,-1,14,21,15,-1,15,21,22,-1,15,22,16,-1,16,22,23,-1,16,23,17,-1,17,23,24,-1,17,24,18,-1,18,24,25,-1,18,25,19,-1,19,25,26,-1,19,26,20,-1,20,26,27,-1,21,28,22,-1,22,28,29,-1,22,29,23,-1,23,29,30,-1,23,30,24,-1,24,30,31,-1,24,31,25,-1,25,31,32,-1,25,32,26,-1,26,32,33,-1,26,33,27,-1,27,33,34,-1,28,35,29,-1,29,35,36,-1,29,36,30,-1,30,36,37,-1,30,37,31,-1,31,37,38,-1,31,38,32,-1,32,38,39,-1,32,39,33,-1,33,39,40,-1,33,40,34,-1,34,40,41,-1,35,42,36,-1,36,42,43,-1,36,43,37,-1,37,43,44,-1,37,44,38,-1,38,44,45,-1,38,45,39,-1,39,45,46,-1,39,46,40,-1,40,46,47,-1,40,47,41,-1,41,47,48,-1,
        ]
    }
}
Shape{
    appearance Appearance {
        material  Material 	{
            diffuseColor 0.8509803921568627 0.8509803921568627 0.8509803921568627
            specularColor 0.4235294117647059 0.4235294117647059 0.4235294117647059
            ambientIntensity 0.851
            transparency 0.0
            shininess 0.5
        }
    }
    geometry IndexedFaceSet {
        ccw TRUE
        solid FALSE
        coord DEF co Coordinate {
            point [
                1.622 1.0177 0.3071, 1.6271 1.017 0.3071, 1.6271 1.0161 0.2985, 1.6319 1.0151 0.3071, 1.6319 1.0142 0.2989, 1.636 1.012 0.3071, 1.636 1.0111 0.2996, 1.6391 1.0079 0.3071, 1.6391 1.0071 0.3005, 1.6411 1.0031 0.3071, 1.6411 1.0025 0.3016, 1.6417 0.998 0.3071, 1.6417 0.9975 0.3027, 1.6417 0.9961 0.2985, 1.6411 1.0007 0.2963, 1.6417 0.9937 0.2948, 1.6411 0.9977 0.2916, 1.6417 0.9906 0.2917, 1.6411 0.9938 0.2877, 1.6417 0.9869 0.2894, 1.6411 0.9891 0.2848, 1.6417 0.9827 0.2879, 1.6411 0.9839 0.2829, 1.6417 0.9783 0.2874, 1.6411 0.9783 0.2823, 1.6391 1.005 0.2943, 1.6391 1.0014 0.2887, 1.6391 0.9968 0.284, 1.6391 0.9912 0.2805, 1.6391 0.9849 0.2783, 1.6391 0.9783 0.2776, 1.636 1.0086 0.2925, 1.636 1.0046 0.2861, 1.636 0.9993 0.2808, 1.636 0.9929 0.2768, 1.636 0.9858 0.2743, 1.636 0.9783 0.2735, 1.6319 1.0114 0.2911, 1.6319 1.0071 0.2842, 1.6319 1.0012 0.2784, 1.6319 0.9943 0.274, 1.6319 0.9865 0.2713, 1.6319 0.9783 0.2704, 1.6271 1.0132 0.2903, 1.6271 1.0086 0.283, 1.6271 1.0025 0.2768, 1.6271 0.9951 0.2722, 1.6271 0.987 0.2694, 1.6271 0.9783 0.2684, 1.622 1.0167 0.2983, 1.622 1.0138 0.29, 1.622 1.0091 0.2825, 1.622 1.0029 0.2763, 1.622 0.9954 0.2716, 1.622 0.9871 0.2687, 1.622 0.9783 0.2677
            ]
        }
        coordIndex [
            0,1,2,-1,1,3,4,-1,3,5,6,-1,5,7,8,-1,7,9,10,-1,9,11,12,-1,9,12,10,-1,10,12,13,-1,10,13,14,-1,14,13,15,-1,14,15,16,-1,16,15,17,-1,16,17,18,-1,18,17,19,-1,18,19,20,-1,20,19,21,-1,20,21,22,-1,22,21,23,-1,22,23,24,-1,7,10,8,-1,8,10,14,-1,8,14,25,-1,25,14,16,-1,25,16,26,-1,26,16,18,-1,26,18,27,-1,27,18,20,-1,27,20,28,-1,28,20,22,-1,28,22,29,-1,29,22,24,-1,29,24,30,-1,5,8,6,-1,6,8,25,-1,6,25,31,-1,31,25,26,-1,31,26,32,-1,32,26,27,-1,32,27,33,-1,33,27,28,-1,33,28,34,-1,34,28,29,-1,34,29,35,-1,35,29,30,-1,35,30,36,-1,3,6,4,-1,4,6,31,-1,4,31,37,-1,37,31,32,-1,37,32,38,-1,38,32,33,-1,38,33,39,-1,39,33,34,-1,39,34,40,-1,40,34,35,-1,40,35,41,-1,41,35,36,-1,41,36,42,-1,1,4,2,-1,2,4,37,-1,2,37,43,-1,43,37,38,-1,43,38,44,-1,44,38,39,-1,44,39,45,-1,45,39,40,-1,45,40,46,-1,46,40,41,-1,46,41,47,-1,47,41,42,-1,47,42,48,-1,0,2,49,-1,49,2,43,-1,49,43,50,-1,50,43,44,-1,50,44,51,-1,51,44,45,-1,51,45,52,-1,52,45,46,-1,52,46,53,-1,53,46,47,-1,53,47,54,-1,54,47,48,-1,54,48,55,-1,
        ]
    }
}
Shape{
    appearance Appearance {
        material  Material 	{
            diffuseColor 0.2235294117647059 0.2235294117647059 0.2235294117647059
            specularColor 0.11372549019607843 0.11372549019607843 0.11372549019607843
            ambientIntensity 0.2235
            transparency 0.0
            shininess 0.5
        }
    }
    geometry IndexedFaceSet {
        ccw TRUE
        solid FALSE
        coord DEF co Coordinate {
            point [
                1.6417 0.8799 0.4449, 1.6417 0.9783 0.4449, 1.6411 0.9783 0.45, 1.6411 0.8799 0.45, 1.6391 0.9783 0.4547, 1.6391 0.8799 0.4547, 1.636 0.9783 0.4588, 1.636 0.8799 0.4588, 1.6319 0.9783 0.4619, 1.6319 0.8799 0.4619, 1.6271 0.9783 0.4639, 1.6271 0.8799 0.4639, 1.622 0.9783 0.4646, 1.622 0.8799 0.4646
            ]
        }
        coordIndex [
            0,1,2,-1,0,2,3,-1,3,2,4,-1,3,4,5,-1,5,4,6,-1,5,6,7,-1,7,6,8,-1,7,8,9,-1,9,8,10,-1,9,10,11,-1,11,10,12,-1,11,12,13,-1,
        ]
    }
}
Shape{
    appearance Appearance {
        material  Material 	{
            diffuseColor 0.8509803921568627 0.8509803921568627 0.8509803921568627
            specularColor 0.4235294117647059 0.4235294117647059 0.4235294117647059
            ambientIntensity 0.851
            transparency 0.0
            shininess 0.5
        }
    }
    geometry IndexedFaceSet {
        ccw TRUE
        solid FALSE
        coord DEF co Coordinate {
            point [
                1.6417 0.998 0.4252, 1.6417 0.998 0.3071, 1.6411 1.0031 0.3071, 1.6411 1.0031 0.4252, 1.6391 1.0079 0.3071, 1.6391 1.0079 0.4252, 1.636 1.012 0.3071, 1.636 1.012 0.4252, 1.6319 1.0151 0.3071, 1.6319 1.0151 0.4252, 1.6271 1.017 0.3071, 1.6271 1.017 0.4252, 1.622 1.0177 0.3071, 1.622 1.0177 0.4252, 1.6417 0.9783 0.4449, 1.6417 0.9834 0.4442, 1.6411 0.9783 0.45, 1.6411 0.9848 0.4491, 1.6391 0.9783 0.4547, 1.6391 0.986 0.4537, 1.636 0.9783 0.4588, 1.636 0.987 0.4577, 1.6319 0.9783 0.4619, 1.6319 0.9879 0.4607, 1.6271 0.9783 0.4639, 1.6271 0.9884 0.4626, 1.622 0.9783 0.4646, 1.622 0.9885 0.4632, 1.6417 0.9882 0.4422, 1.6411 0.9907 0.4467, 1.6391 0.9931 0.4508, 1.636 0.9951 0.4543, 1.6319 0.9967 0.457, 1.6271 0.9977 0.4587, 1.622 0.998 0.4593, 1.6417 0.9923 0.4391, 1.6411 0.9959 0.4427, 1.6391 0.9992 0.4461, 1.636 1.0021 0.449, 1.6319 1.0043 0.4512, 1.6271 1.0057 0.4526, 1.622 1.0062 0.453, 1.6417 0.9954 0.435, 1.6411 0.9998 0.4376, 1.6391 1.0039 0.44, 1.636 1.0074 0.442, 1.6319 1.0102 0.4436, 1.6271 1.0119 0.4445, 1.622 1.0124 0.4449, 1.6417 0.9974 0.4303, 1.6411 1.0023 0.4316, 1.6391 1.0069 0.4328, 1.636 1.0108 0.4339, 1.6319 1.0138 0.4347, 1.6271 1.0157 0.4352, 1.622 1.0164 0.4354
            ]
        }
        coordIndex [
            0,1,2,-1,0,2,3,-1,3,2,4,-1,3,4,5,-1,5,4,6,-1,5,6,7,-1,7,6,8,-1,7,8,9,-1,9,8,10,-1,9,10,11,-1,11,10,12,-1,11,12,13,-1,14,15,16,-1,16,15,17,-1,16,17,18,-1,18,17,19,-1,18,19,20,-1,20,19,21,-1,20,21,22,-1,22,21,23,-1,22,23,24,-1,24,23,25,-1,24,25,26,-1,26,25,27,-1,15,28,17,-1,17,28,29,-1,17,29,19,-1,19,29,30,-1,19,30,21,-1,21,30,31,-1,21,31,23,-1,23,31,32,-1,23,32,25,-1,25,32,33,-1,25,33,27,-1,27,33,34,-1,28,35,29,-1,29,35,36,-1,29,36,30,-1,30,36,37,-1,30,37,31,-1,31,37,38,-1,31,38,32,-1,32,38,39,-1,32,39,33,-1,33,39,40,-1,33,40,34,-1,34,40,41,-1,35,42,36,-1,36,42,43,-1,36,43,37,-1,37,43,44,-1,37,44,38,-1,38,44,45,-1,38,45,39,-1,39,45,46,-1,39,46,40,-1,40,46,47,-1,40,47,41,-1,41,47,48,-1,42,49,43,-1,43,49,50,-1,43,50,44,-1,44,50,51,-1,44,51,45,-1,45,51,52,-1,45,52,46,-1,46,52,53,-1,46,53,47,-1,47,53,54,-1,47,54,48,-1,48,54,55,-1,49,0,50,-1,50,0,3,-1,50,3,51,-1,51,3,5,-1,51,5,52,-1,52,5,7,-1,52,7,53,-1,53,7,9,-1,53,9,54,-1,54,9,11,-1,54,11,55,-1,55,11,13,-1,
        ]
    }
}
Shape{
    appearance Appearance {
        material  Material 	{
            diffuseColor 0.2235294117647059 0.2235294117647059 0.2235294117647059
            specularColor 0.11372549019607843 0.11372549019607843 0.11372549019607843
            ambientIntensity 0.2235
            transparency 0.0
            shininess 0.5
        }
    }
    geometry IndexedFaceSet {
        ccw TRUE
        solid FALSE
        coord DEF co Coordinate {
            point [
                1.563 0.8602 0.4449, 1.563 0.998 0.4449, 1.563 0.8602 0.2874, 1.563 0.998 0.2874, -1.5624 0.8559 0.2874, -1.5623 0.8551 0.2874, -1.5617 0.8553 0.2823, -1.5609 0.8517 0.2874, -1.5604 0.8504 0.2874, -1.5598 0.8507 0.2823, -1.5586 0.8481 0.2874, -1.5572 0.8463 0.2874, -1.5568 0.8468 0.2823, -1.5459 0.8558 0.2684, -1.5469 0.8566 0.2684, -1.5503 0.8533 0.2704, -1.5433 0.8602 0.2677, -1.5554 0.8533 0.2735, -1.5518 0.8553 0.2704, -1.5477 0.8577 0.2684, -1.5598 0.8558 0.2776, -1.5568 0.8566 0.2735, -1.5528 0.8577 0.2704, -1.5482 0.8589 0.2684, -1.5623 0.8602 0.2823, -1.5604 0.8602 0.2776, -1.5572 0.8602 0.2735, -1.5531 0.8602 0.2704, -1.5484 0.8602 0.2684, -1.5528 0.8438 0.2823, -1.5482 0.8419 0.2823, -1.5477 0.8438 0.2776, -1.5433 0.8463 0.2735, -1.5433 0.8432 0.2776, -1.5433 0.8412 0.2823, -1.5477 0.8411 0.2874, -1.5433 0.8406 0.2874, -1.5555 0.845 0.2874, -1.5531 0.8432 0.2874, -1.5518 0.8426 0.2874, -1.5484 0.8412 0.2874, -1.5518 0.8455 0.2776, -1.5469 0.8468 0.2735, -1.5433 0.8504 0.2704, -1.5554 0.8482 0.2776, -1.5503 0.8482 0.2735, -1.5459 0.8507 0.2704, -1.5433 0.8551 0.2684, -1.5581 0.8517 0.2776, -1.5531 0.8504 0.2735, -1.5482 0.8517 0.2704, -1.5446 0.8553 0.2684, -1.563 0.8602 0.2874, -1.5433 0.998 0.2677, -1.5477 0.998 0.2682, -1.5484 0.998 0.2685, -1.5518 0.998 0.2697, -1.5531 0.998 0.2704, -1.5556 0.998 0.272, -1.5571 0.998 0.2736, -1.5587 0.998 0.2751, -1.5603 0.998 0.2776, -1.561 0.998 0.2789, -1.563 0.998 0.2874, -1.5625 0.998 0.283, -1.5623 0.998 0.2823, -1.563 0.8602 0.4449, -1.5624 0.8559 0.4449, -1.5623 0.8551 0.4449, -1.5609 0.8517 0.4449, -1.5604 0.8504 0.4449, -1.5586 0.8481 0.4449, -1.5572 0.8463 0.4449, -1.5555 0.845 0.4449, -1.5531 0.8432 0.4449, -1.5518 0.8426 0.4449, -1.5484 0.8412 0.4449, -1.5477 0.8411 0.4449, -1.5433 0.8406 0.4449, -1.5477 1.0171 0.2874, -1.5484 1.017 0.2874, -1.5483 1.0166 0.283, -1.5518 1.0156 0.2874, -1.5531 1.0151 0.2874, -1.5529 1.0147 0.283, -1.5555 1.0133 0.2874, -1.5572 1.012 0.2874, -1.5569 1.0116 0.283, -1.5516 1.0002 0.2697, -1.5475 0.9992 0.2682, -1.5471 1.0002 0.2682, -1.5507 1.0023 0.2697, -1.552 1.0067 0.272, -1.5493 1.0041 0.2697, -1.5464 1.0011 0.2682, -1.551 1.0114 0.2751, -1.5494 1.0087 0.272, -1.5476 1.0054 0.2697, -1.5455 1.0018 0.2682, -1.5582 1.002 0.2751, -1.5479 1.0152 0.2789, -1.5473 1.0129 0.2751, -1.5465 1.0099 0.272, -1.5455 1.0063 0.2697, -1.5444 1.0023 0.2682, -1.5604 1.0026 0.2789, -1.5433 1.0172 0.283, -1.5433 1.0158 0.2789, -1.5433 1.0134 0.2751, -1.5433 1.0103 0.272, -1.5433 1.0066 0.2697, -1.5433 1.0024 0.2682, -1.5599 1.0076 0.283, -1.5618 1.003 0.283, -1.5624 1.0024 0.2874, -1.5586 1.0102 0.2874, -1.5604 1.0079 0.2874, -1.5609 1.0065 0.2874, -1.5623 1.0031 0.2874, -1.5587 1.0069 0.2789, -1.5558 1.0106 0.2789, -1.5566 1.0057 0.2751, -1.5552 1.0012 0.272, -1.5522 1.0134 0.2789, -1.5542 1.0089 0.2751, -1.5539 1.0042 0.272, -1.5433 1.0177 0.2874, -1.5433 0.8412 0.45, -1.5482 0.8419 0.45, -1.5528 0.8438 0.45, -1.5568 0.8468 0.45, -1.5598 0.8507 0.45, -1.5617 0.8553 0.45, -1.5477 0.8438 0.4547, -1.5433 0.8432 0.4547, -1.5503 0.8482 0.4588, -1.5518 0.8455 0.4547, -1.5469 0.8468 0.4588, -1.5433 0.8463 0.4588, -1.5503 0.8533 0.4619, -1.5531 0.8504 0.4588, -1.5554 0.8482 0.4547, -1.5459 0.8507 0.4619, -1.5433 0.8504 0.4619, -1.5477 0.8577 0.4639, -1.5518 0.8553 0.4619, -1.5554 0.8533 0.4588, -1.5581 0.8517 0.4547, -1.5433 0.8602 0.4646, -1.5433 0.8551 0.4639, -1.5446 0.8553 0.4639, -1.5459 0.8558 0.4639, -1.5482 0.8517 0.4619, -1.5469 0.8566 0.4639, -1.5482 0.8589 0.4639, -1.5528 0.8577 0.4619, -1.5568 0.8566 0.4588, -1.5598 0.8558 0.4547, -1.5484 0.8602 0.4639, -1.5531 0.8602 0.4619, -1.5572 0.8602 0.4588, -1.5604 0.8602 0.4547, -1.5623 0.8602 0.45, -1.563 0.998 0.4449, -1.5624 1.0024 0.4449, -1.5623 1.0031 0.4449, -1.5609 1.0065 0.4449, -1.5604 1.0079 0.4449, -1.5586 1.0102 0.4449, -1.5572 1.012 0.4449, -1.5555 1.0133 0.4449, -1.5531 1.0151 0.4449, -1.5518 1.0156 0.4449, -1.5484 1.017 0.4449, -1.5477 1.0171 0.4449, -1.5433 1.0177 0.4449, -1.5623 0.998 0.45, -1.5604 0.998 0.4547, -1.5572 0.998 0.4588, -1.5531 0.998 0.4619, -1.5484 0.998 0.4639, -1.5433 0.998 0.4646, -1.5617 1.003 0.45, -1.5598 1.0075 0.45, -1.5568 1.0115 0.45, -1.5528 1.0145 0.45, -1.5482 1.0164 0.45, -1.5598 1.0024 0.4547, -1.5554 1.005 0.4588, -1.5581 1.0066 0.4547, -1.5568 1.0016 0.4588, -1.5503 1.005 0.4619, -1.5531 1.0079 0.4588, -1.5554 1.0101 0.4547, -1.5528 1.0006 0.4619, -1.5459 1.0024 0.4639, -1.5482 1.0066 0.4619, -1.5503 1.0101 0.4588, -1.5518 1.0128 0.4547, -1.5482 0.9994 0.4639, -1.5477 1.0006 0.4639, -1.5518 1.003 0.4619, -1.5469 1.0016 0.4639, -1.5446 1.003 0.4639, -1.5459 1.0075 0.4619, -1.5469 1.0115 0.4588, -1.5477 1.0145 0.4547, -1.5433 1.0031 0.4639, -1.5433 1.0079 0.4619, -1.5433 1.012 0.4588, -1.5433 1.0151 0.4547, -1.5433 1.017 0.45, -1.6417 0.8602 0.3071, -1.6417 0.8609 0.302, -1.6411 0.8551 0.3071, -1.6411 0.856 0.3007, -1.6391 0.8504 0.3071, -1.6391 0.8514 0.2994, -1.636 0.8463 0.3071, -1.636 0.8475 0.2984, -1.6319 0.8432 0.3071, -1.6319 0.8444 0.2976, -1.6271 0.8412 0.3071, -1.6271 0.8425 0.2971, -1.622 0.8406 0.3071, -1.622 0.8419 0.2969, -1.6417 0.8629 0.2972, -1.6411 0.8585 0.2947, -1.6391 0.8544 0.2923, -1.636 0.8508 0.2903, -1.6319 0.8481 0.2887, -1.6271 0.8464 0.2877, -1.622 0.8458 0.2874, -1.6417 0.866 0.2932, -1.6411 0.8624 0.2896, -1.6391 0.859 0.2862, -1.636 0.8562 0.2833, -1.6319 0.8539 0.2811, -1.6271 0.8526 0.2797, -1.622 0.8521 0.2792, -1.6417 0.8701 0.29, -1.6411 0.8675 0.2856, -1.6391 0.8652 0.2815, -1.636 0.8631 0.278, -1.6319 0.8616 0.2753, -1.6271 0.8606 0.2736, -1.622 0.8602 0.273, -1.6417 0.8748 0.2881, -1.6411 0.8735 0.2832, -1.6391 0.8723 0.2786, -1.636 0.8712 0.2746, -1.6319 0.8704 0.2716, -1.6271 0.8699 0.2697, -1.622 0.8697 0.2691, -1.6417 0.8799 0.2874, -1.6411 0.8799 0.2823, -1.6391 0.8799 0.2776, -1.636 0.8799 0.2735, -1.6319 0.8799 0.2704, -1.6271 0.8799 0.2684, -1.622 0.8799 0.2677, -1.6417 0.8602 0.4252, -1.6411 0.8551 0.4252, -1.6391 0.8504 0.4252, -1.636 0.8463 0.4252, -1.6319 0.8432 0.4252, -1.6271 0.8412 0.4252, -1.622 0.8406 0.4252, -1.6417 0.9783 0.2874, -1.6411 0.9783 0.2823, -1.6391 0.9783 0.2776, -1.636 0.9783 0.2735, -1.6319 0.9783 0.2704, -1.6271 0.9783 0.2684, -1.622 0.9783 0.2677, -1.6417 0.8799 0.4449, -1.6417 0.8748 0.4442, -1.6411 0.8799 0.45, -1.6411 0.8735 0.4491, -1.6391 0.8799 0.4547, -1.6391 0.8723 0.4537, -1.636 0.8799 0.4588, -1.636 0.8712 0.4577, -1.6319 0.8799 0.4619, -1.6319 0.8704 0.4607, -1.6271 0.8799 0.4639, -1.6271 0.8699 0.4626, -1.622 0.8799 0.4646, -1.622 0.8697 0.4632, -1.6417 0.8701 0.4422, -1.6411 0.8675 0.4467, -1.6391 0.8652 0.4508, -1.636 0.8631 0.4543, -1.6319 0.8616 0.457, -1.6271 0.8606 0.4587, -1.622 0.8602 0.4593, -1.6417 0.866 0.4391, -1.6411 0.8624 0.4427, -1.6391 0.859 0.4461, -1.636 0.8562 0.449, -1.6319 0.8539 0.4512, -1.6271 0.8526 0.4526, -1.622 0.8521 0.453, -1.6417 0.8629 0.435, -1.6411 0.8585 0.4376, -1.6391 0.8544 0.44, -1.636 0.8508 0.442, -1.6319 0.8481 0.4436, -1.6271 0.8464 0.4445, -1.622 0.8458 0.4449, -1.6417 0.8609 0.4303, -1.6411 0.856 0.4316, -1.6391 0.8514 0.4328, -1.636 0.8475 0.4339, -1.6319 0.8444 0.4347, -1.6271 0.8425 0.4352, -1.622 0.8419 0.4354, -1.6271 0.987 0.2694, -1.6319 0.9865 0.2713, -1.636 0.9858 0.2743, -1.6391 0.9849 0.2783, -1.6411 0.9839 0.2829, -1.6417 0.9827 0.2879, -1.6417 0.9869 0.2894, -1.6411 0.9891 0.2848, -1.6417 0.9906 0.2917, -1.6411 0.9938 0.2877, -1.6417 0.9937 0.2948, -1.6411 0.9977 0.2916, -1.6417 0.9961 0.2985, -1.6411 1.0007 0.2963, -1.6417 0.9975 0.3027, -1.6411 1.0025 0.3016, -1.6417 0.998 0.3071, -1.6411 1.0031 0.3071, -1.6391 0.9912 0.2805, -1.6391 0.9968 0.284, -1.6391 1.0014 0.2887, -1.6391 1.005 0.2943, -1.6391 1.0071 0.3005, -1.6391 1.0079 0.3071, -1.636 0.9929 0.2768, -1.636 0.9993 0.2808, -1.636 1.0046 0.2861, -1.636 1.0086 0.2925, -1.636 1.0111 0.2996, -1.636 1.012 0.3071, -1.6319 0.9943 0.274, -1.6319 1.0012 0.2784, -1.6319 1.0071 0.2842, -1.6319 1.0114 0.2911, -1.6319 1.0142 0.2989, -1.6319 1.0151 0.3071, -1.6271 0.9951 0.2722, -1.6271 1.0025 0.2768, -1.6271 1.0086 0.283, -1.6271 1.0132 0.2903, -1.6271 1.0161 0.2985, -1.6271 1.017 0.3071, -1.622 0.9871 0.2687, -1.622 0.9954 0.2716, -1.622 1.0029 0.2763, -1.622 1.0091 0.2825, -1.622 1.0138 0.29, -1.622 1.0167 0.2983, -1.622 1.0177 0.3071, -1.6417 0.9783 0.4449, -1.6411 0.9783 0.45, -1.6391 0.9783 0.4547, -1.636 0.9783 0.4588, -1.6319 0.9783 0.4619, -1.6271 0.9783 0.4639, -1.622 0.9783 0.4646, -1.6417 0.998 0.4252, -1.6411 1.0031 0.4252, -1.6391 1.0079 0.4252, -1.636 1.012 0.4252, -1.6319 1.0151 0.4252, -1.6271 1.017 0.4252, -1.622 1.0177 0.4252, -1.6271 1.0161 0.4338, -1.6319 1.0142 0.4334, -1.636 1.0111 0.4327, -1.6391 1.0071 0.4318, -1.6411 1.0025 0.4307, -1.6417 0.9975 0.4296, -1.6417 0.9961 0.4337, -1.6411 1.0007 0.4359, -1.6417 0.9937 0.4375, -1.6411 0.9977 0.4406, -1.6417 0.9906 0.4406, -1.6411 0.9938 0.4446, -1.6417 0.9869 0.4429, -1.6411 0.9891 0.4475, -1.6417 0.9827 0.4444, -1.6411 0.9839 0.4494, -1.6391 1.005 0.438, -1.6391 1.0014 0.4436, -1.6391 0.9968 0.4483, -1.6391 0.9912 0.4518, -1.6391 0.9849 0.454, -1.636 1.0086 0.4398, -1.636 1.0046 0.4461, -1.636 0.9993 0.4515, -1.636 0.9929 0.4555, -1.636 0.9858 0.458, -1.6319 1.0114 0.4411, -1.6319 1.0071 0.4481, -1.6319 1.0012 0.4539, -1.6319 0.9943 0.4583, -1.6319 0.9865 0.461, -1.6271 1.0132 0.442, -1.6271 1.0086 0.4493, -1.6271 1.0025 0.4555, -1.6271 0.9951 0.4601, -1.6271 0.987 0.4629, -1.622 1.0167 0.434, -1.622 1.0138 0.4423, -1.622 1.0091 0.4497, -1.622 1.0029 0.456, -1.622 0.9954 0.4607, -1.622 0.9871 0.4636
            ]
        }
        coordIndex [
            0,1,2,-1,2,1,3,-1,4,5,6,-1,7,8,9,-1,10,11,12,-1,13,14,15,-1,14,13,16,-1,17,15,18,-1,18,15,14,-1,18,14,19,-1,19,14,16,-1,20,17,21,-1,21,17,18,-1,21,18,22,-1,22,18,19,-1,22,19,23,-1,23,19,16,-1,24,20,25,-1,25,20,21,-1,25,21,26,-1,26,21,22,-1,26,22,27,-1,27,22,23,-1,27,23,28,-1,28,23,16,-1,29,30,31,-1,32,31,33,-1,33,31,30,-1,33,30,34,-1,34,30,35,-1,34,35,36,-1,37,38,29,-1,29,38,39,-1,29,39,30,-1,30,39,40,-1,30,40,35,-1,11,37,12,-1,12,37,29,-1,12,29,41,-1,41,29,31,-1,41,31,42,-1,42,31,32,-1,42,32,43,-1,8,10,9,-1,9,10,12,-1,9,12,44,-1,44,12,41,-1,44,41,45,-1,45,41,42,-1,45,42,46,-1,46,42,43,-1,46,43,47,-1,5,7,6,-1,6,7,9,-1,6,9,48,-1,48,9,44,-1,48,44,49,-1,49,44,45,-1,49,45,50,-1,50,45,46,-1,50,46,51,-1,51,46,47,-1,51,47,16,-1,52,4,24,-1,24,4,6,-1,24,6,20,-1,20,6,48,-1,20,48,17,-1,17,48,49,-1,17,49,15,-1,15,49,50,-1,15,50,13,-1,13,50,51,-1,13,51,16,-1,53,54,16,-1,16,54,28,-1,54,55,28,-1,28,55,56,-1,28,56,27,-1,56,57,27,-1,27,57,58,-1,27,58,26,-1,58,59,26,-1,26,59,60,-1,26,60,25,-1,60,61,25,-1,25,61,62,-1,25,62,24,-1,63,52,64,-1,64,52,24,-1,64,24,65,-1,65,24,62,-1,52,66,4,-1,4,66,67,-1,4,67,5,-1,5,67,68,-1,5,68,7,-1,7,68,69,-1,7,69,8,-1,8,69,70,-1,8,70,10,-1,10,70,71,-1,10,71,11,-1,11,71,72,-1,11,72,37,-1,37,72,73,-1,37,73,38,-1,38,73,74,-1,38,74,39,-1,39,74,75,-1,39,75,40,-1,40,75,76,-1,40,76,35,-1,35,76,77,-1,35,77,36,-1,36,77,78,-1,79,80,81,-1,82,83,84,-1,85,86,87,-1,57,56,88,-1,89,90,91,-1,55,54,89,-1,90,89,53,-1,92,91,93,-1,93,91,90,-1,93,90,94,-1,94,90,53,-1,95,92,96,-1,96,92,93,-1,96,93,97,-1,97,93,94,-1,97,94,98,-1,98,94,53,-1,99,60,59,-1,100,95,101,-1,101,95,96,-1,101,96,102,-1,102,96,97,-1,102,97,103,-1,103,97,98,-1,103,98,104,-1,104,98,53,-1,105,62,61,-1,106,100,107,-1,107,100,101,-1,107,101,108,-1,108,101,102,-1,108,102,109,-1,109,102,103,-1,109,103,110,-1,110,103,104,-1,110,104,111,-1,111,104,53,-1,54,53,89,-1,112,113,105,-1,62,105,65,-1,65,105,113,-1,65,113,64,-1,64,113,114,-1,64,114,63,-1,115,116,112,-1,112,116,117,-1,112,117,113,-1,113,117,118,-1,113,118,114,-1,86,115,87,-1,87,115,112,-1,87,112,119,-1,119,112,105,-1,119,105,99,-1,99,105,61,-1,99,61,60,-1,83,85,84,-1,84,85,87,-1,84,87,120,-1,120,87,119,-1,120,119,121,-1,121,119,99,-1,121,99,122,-1,122,99,59,-1,122,59,58,-1,80,82,81,-1,81,82,84,-1,81,84,123,-1,123,84,120,-1,123,120,124,-1,124,120,121,-1,124,121,125,-1,125,121,122,-1,125,122,88,-1,88,122,58,-1,88,58,57,-1,126,79,106,-1,106,79,81,-1,106,81,100,-1,100,81,123,-1,100,123,95,-1,95,123,124,-1,95,124,92,-1,92,124,125,-1,92,125,91,-1,91,125,88,-1,91,88,89,-1,89,88,56,-1,89,56,55,-1,127,78,77,-1,77,76,128,-1,128,76,75,-1,129,74,73,-1,130,72,71,-1,131,70,69,-1,132,68,67,-1,77,128,127,-1,127,128,133,-1,127,133,134,-1,135,133,136,-1,136,133,128,-1,136,128,129,-1,129,128,75,-1,129,75,74,-1,137,138,134,-1,139,135,140,-1,140,135,136,-1,140,136,141,-1,141,136,129,-1,141,129,130,-1,130,129,73,-1,130,73,72,-1,142,143,138,-1,144,139,145,-1,145,139,140,-1,145,140,146,-1,146,140,141,-1,146,141,147,-1,147,141,130,-1,147,130,131,-1,131,130,71,-1,131,71,70,-1,148,149,150,-1,150,149,143,-1,143,142,150,-1,150,142,151,-1,150,151,148,-1,138,137,142,-1,142,137,152,-1,142,152,151,-1,151,152,153,-1,151,153,148,-1,148,144,154,-1,154,144,145,-1,154,145,155,-1,155,145,146,-1,155,146,156,-1,156,146,147,-1,156,147,157,-1,157,147,131,-1,157,131,132,-1,132,131,69,-1,132,69,68,-1,148,154,158,-1,158,154,155,-1,158,155,159,-1,159,155,156,-1,159,156,160,-1,160,156,157,-1,160,157,161,-1,161,157,132,-1,161,132,162,-1,162,132,67,-1,162,67,66,-1,134,133,137,-1,137,133,135,-1,137,135,152,-1,152,135,139,-1,152,139,153,-1,153,139,144,-1,153,144,148,-1,163,63,164,-1,164,63,114,-1,164,114,165,-1,165,114,118,-1,165,118,166,-1,166,118,117,-1,166,117,167,-1,167,117,116,-1,167,116,168,-1,168,116,115,-1,168,115,169,-1,169,115,86,-1,169,86,170,-1,170,86,85,-1,170,85,171,-1,171,85,83,-1,171,83,172,-1,172,83,82,-1,172,82,173,-1,173,82,80,-1,173,80,174,-1,174,80,79,-1,174,79,175,-1,175,79,126,-1,66,163,162,-1,162,163,176,-1,162,176,161,-1,161,176,177,-1,161,177,160,-1,160,177,178,-1,160,178,159,-1,159,178,179,-1,159,179,158,-1,158,179,180,-1,158,180,148,-1,148,180,181,-1,176,163,164,-1,164,165,182,-1,182,165,166,-1,183,167,168,-1,184,169,170,-1,185,171,172,-1,186,173,174,-1,164,182,176,-1,176,182,187,-1,176,187,177,-1,188,187,189,-1,189,187,182,-1,189,182,183,-1,183,182,166,-1,183,166,167,-1,190,178,177,-1,191,188,192,-1,192,188,189,-1,192,189,193,-1,193,189,183,-1,193,183,184,-1,184,183,168,-1,184,168,169,-1,194,179,178,-1,195,191,196,-1,196,191,192,-1,196,192,197,-1,197,192,193,-1,197,193,198,-1,198,193,184,-1,198,184,185,-1,185,184,170,-1,185,170,171,-1,181,180,199,-1,199,180,179,-1,179,194,199,-1,199,194,200,-1,199,200,181,-1,178,190,194,-1,194,190,201,-1,194,201,200,-1,200,201,202,-1,200,202,181,-1,181,195,203,-1,203,195,196,-1,203,196,204,-1,204,196,197,-1,204,197,205,-1,205,197,198,-1,205,198,206,-1,206,198,185,-1,206,185,186,-1,186,185,172,-1,186,172,173,-1,181,203,207,-1,207,203,204,-1,207,204,208,-1,208,204,205,-1,208,205,209,-1,209,205,206,-1,209,206,210,-1,210,206,186,-1,210,186,211,-1,211,186,174,-1,211,174,175,-1,177,187,190,-1,190,187,188,-1,190,188,201,-1,201,188,191,-1,201,191,202,-1,202,191,195,-1,202,195,181,-1,212,213,214,-1,214,213,215,-1,214,215,216,-1,216,215,217,-1,216,217,218,-1,218,217,219,-1,218,219,220,-1,220,219,221,-1,220,221,222,-1,222,221,223,-1,222,223,224,-1,224,223,225,-1,213,226,215,-1,215,226,227,-1,215,227,217,-1,217,227,228,-1,217,228,219,-1,219,228,229,-1,219,229,221,-1,221,229,230,-1,221,230,223,-1,223,230,231,-1,223,231,225,-1,225,231,232,-1,226,233,227,-1,227,233,234,-1,227,234,228,-1,228,234,235,-1,228,235,229,-1,229,235,236,-1,229,236,230,-1,230,236,237,-1,230,237,231,-1,231,237,238,-1,231,238,232,-1,232,238,239,-1,233,240,234,-1,234,240,241,-1,234,241,235,-1,235,241,242,-1,235,242,236,-1,236,242,243,-1,236,243,237,-1,237,243,244,-1,237,244,238,-1,238,244,245,-1,238,245,239,-1,239,245,246,-1,240,247,241,-1,241,247,248,-1,241,248,242,-1,242,248,249,-1,242,249,243,-1,243,249,250,-1,243,250,244,-1,244,250,251,-1,244,251,245,-1,245,251,252,-1,245,252,246,-1,246,252,253,-1,247,254,248,-1,248,254,255,-1,248,255,249,-1,249,255,256,-1,249,256,250,-1,250,256,257,-1,250,257,251,-1,251,257,258,-1,251,258,252,-1,252,258,259,-1,252,259,253,-1,253,259,260,-1,261,212,214,-1,261,214,262,-1,262,214,216,-1,262,216,263,-1,263,216,218,-1,263,218,264,-1,264,218,220,-1,264,220,265,-1,265,220,222,-1,265,222,266,-1,266,222,224,-1,266,224,267,-1,254,268,269,-1,254,269,255,-1,255,269,270,-1,255,270,256,-1,256,270,271,-1,256,271,257,-1,257,271,272,-1,257,272,258,-1,258,272,273,-1,258,273,259,-1,259,273,274,-1,259,274,260,-1,275,276,277,-1,277,276,278,-1,277,278,279,-1,279,278,280,-1,279,280,281,-1,281,280,282,-1,281,282,283,-1,283,282,284,-1,283,284,285,-1,285,284,286,-1,285,286,287,-1,287,286,288,-1,276,289,278,-1,278,289,290,-1,278,290,280,-1,280,290,291,-1,280,291,282,-1,282,291,292,-1,282,292,284,-1,284,292,293,-1,284,293,286,-1,286,293,294,-1,286,294,288,-1,288,294,295,-1,289,296,290,-1,290,296,297,-1,290,297,291,-1,291,297,298,-1,291,298,292,-1,292,298,299,-1,292,299,293,-1,293,299,300,-1,293,300,294,-1,294,300,301,-1,294,301,295,-1,295,301,302,-1,296,303,297,-1,297,303,304,-1,297,304,298,-1,298,304,305,-1,298,305,299,-1,299,305,306,-1,299,306,300,-1,300,306,307,-1,300,307,301,-1,301,307,308,-1,301,308,302,-1,302,308,309,-1,303,310,304,-1,304,310,311,-1,304,311,305,-1,305,311,312,-1,305,312,306,-1,306,312,313,-1,306,313,307,-1,307,313,314,-1,307,314,308,-1,308,314,315,-1,308,315,309,-1,309,315,316,-1,310,261,311,-1,311,261,262,-1,311,262,312,-1,312,262,263,-1,312,263,313,-1,313,263,264,-1,313,264,314,-1,314,264,265,-1,314,265,315,-1,315,265,266,-1,315,266,316,-1,316,266,267,-1,274,273,317,-1,273,272,318,-1,272,271,319,-1,271,270,320,-1,270,269,321,-1,269,268,322,-1,269,322,321,-1,321,322,323,-1,321,323,324,-1,324,323,325,-1,324,325,326,-1,326,325,327,-1,326,327,328,-1,328,327,329,-1,328,329,330,-1,330,329,331,-1,330,331,332,-1,332,331,333,-1,332,333,334,-1,270,321,320,-1,320,321,324,-1,320,324,335,-1,335,324,326,-1,335,326,336,-1,336,326,328,-1,336,328,337,-1,337,328,330,-1,337,330,338,-1,338,330,332,-1,338,332,339,-1,339,332,334,-1,339,334,340,-1,271,320,319,-1,319,320,335,-1,319,335,341,-1,341,335,336,-1,341,336,342,-1,342,336,337,-1,342,337,343,-1,343,337,338,-1,343,338,344,-1,344,338,339,-1,344,339,345,-1,345,339,340,-1,345,340,346,-1,272,319,318,-1,318,319,341,-1,318,341,347,-1,347,341,342,-1,347,342,348,-1,348,342,343,-1,348,343,349,-1,349,343,344,-1,349,344,350,-1,350,344,345,-1,350,345,351,-1,351,345,346,-1,351,346,352,-1,273,318,317,-1,317,318,347,-1,317,347,353,-1,353,347,348,-1,353,348,354,-1,354,348,349,-1,354,349,355,-1,355,349,350,-1,355,350,356,-1,356,350,351,-1,356,351,357,-1,357,351,352,-1,357,352,358,-1,274,317,359,-1,359,317,353,-1,359,353,360,-1,360,353,354,-1,360,354,361,-1,361,354,355,-1,361,355,362,-1,362,355,356,-1,362,356,363,-1,363,356,357,-1,363,357,364,-1,364,357,358,-1,364,358,365,-1,366,275,277,-1,366,277,367,-1,367,277,279,-1,367,279,368,-1,368,279,281,-1,368,281,369,-1,369,281,283,-1,369,283,370,-1,370,283,285,-1,370,285,371,-1,371,285,287,-1,371,287,372,-1,333,373,374,-1,333,374,334,-1,334,374,375,-1,334,375,340,-1,340,375,376,-1,340,376,346,-1,346,376,377,-1,346,377,352,-1,352,377,378,-1,352,378,358,-1,358,378,379,-1,358,379,365,-1,379,378,380,-1,378,377,381,-1,377,376,382,-1,376,375,383,-1,375,374,384,-1,374,373,385,-1,374,385,384,-1,384,385,386,-1,384,386,387,-1,387,386,388,-1,387,388,389,-1,389,388,390,-1,389,390,391,-1,391,390,392,-1,391,392,393,-1,393,392,394,-1,393,394,395,-1,395,394,366,-1,395,366,367,-1,375,384,383,-1,383,384,387,-1,383,387,396,-1,396,387,389,-1,396,389,397,-1,397,389,391,-1,397,391,398,-1,398,391,393,-1,398,393,399,-1,399,393,395,-1,399,395,400,-1,400,395,367,-1,400,367,368,-1,376,383,382,-1,382,383,396,-1,382,396,401,-1,401,396,397,-1,401,397,402,-1,402,397,398,-1,402,398,403,-1,403,398,399,-1,403,399,404,-1,404,399,400,-1,404,400,405,-1,405,400,368,-1,405,368,369,-1,377,382,381,-1,381,382,401,-1,381,401,406,-1,406,401,402,-1,406,402,407,-1,407,402,403,-1,407,403,408,-1,408,403,404,-1,408,404,409,-1,409,404,405,-1,409,405,410,-1,410,405,369,-1,410,369,370,-1,378,381,380,-1,380,381,406,-1,380,406,411,-1,411,406,407,-1,411,407,412,-1,412,407,408,-1,412,408,413,-1,413,408,409,-1,413,409,414,-1,414,409,410,-1,414,410,415,-1,415,410,370,-1,415,370,371,-1,379,380,416,-1,416,380,411,-1,416,411,417,-1,417,411,412,-1,417,412,418,-1,418,412,413,-1,418,413,419,-1,419,413,414,-1,419,414,420,-1,420,414,415,-1,420,415,421,-1,421,415,371,-1,421,371,372,-1,52,63,66,-1,66,63,163,-1,
        ]
    }
}
Shape{
    appearance Appearance {
        material  Material 	{
            diffuseColor 0.8509803921568627 0.8509803921568627 0.8509803921568627
            specularColor 0.4235294117647059 0.4235294117647059 0.4235294117647059
            ambientIntensity 0.851
            transparency 0.0
            shininess 0.5
        }
    }
    geometry IndexedFaceSet {
        ccw TRUE
        solid FALSE
        coord DEF co Coordinate {
            point [
                -1.5827 0.9587 0.0118, -1.5433 0.998 0.0512, -1.5827 0.8209 0.0118, -1.5433 0.8012 0.0512, -1.5531 0.7913 0.0413, 1.5433 0.998 0.0512, 1.5827 0.9587 0.0118, 1.5433 0.8012 0.0512, 1.5827 0.8209 0.0118, 1.5531 0.7913 0.0413, 1.0827 1.0965 0.9724, 1.0827 1.1752 0.9724, 1.0807 1.0965 0.9572, 1.0807 1.1752 0.9572, 1.0748 1.0965 0.9429, 1.0748 1.1752 0.9429, 1.0654 1.0965 0.9307, 1.0654 1.1752 0.9307, 1.0531 1.0965 0.9213, 1.0531 1.1752 0.9213, 1.0389 1.0965 0.9154, 1.0389 1.1752 0.9154, 1.0236 1.0965 0.9134, 1.0236 1.1752 0.9134, 1.0083 1.0965 0.9154, 1.0083 1.1752 0.9154, 0.9941 1.0965 0.9213, 0.9941 1.1752 0.9213, 0.9819 1.0965 0.9307, 0.9819 1.1752 0.9307, 0.9725 1.0965 0.9429, 0.9725 1.1752 0.9429, 0.9666 1.0965 0.9572, 0.9666 1.1752 0.9572, 0.9646 1.0965 0.9724, 0.9646 1.1752 0.9724, -0.9646 1.0965 0.9724, -0.9646 1.1752 0.9724, -0.9666 1.0965 0.9572, -0.9666 1.1752 0.9572, -0.9725 1.0965 0.9429, -0.9725 1.1752 0.9429, -0.9819 1.0965 0.9307, -0.9819 1.1752 0.9307, -0.9941 1.0965 0.9213, -0.9941 1.1752 0.9213, -1.0083 1.0965 0.9154, -1.0083 1.1752 0.9154, -1.0236 1.0965 0.9134, -1.0236 1.1752 0.9134, -1.0389 1.0965 0.9154, -1.0389 1.1752 0.9154, -1.0531 1.0965 0.9213, -1.0531 1.1752 0.9213, -1.0654 1.0965 0.9307, -1.0654 1.1752 0.9307, -1.0748 1.0965 0.9429, -1.0748 1.1752 0.9429, -1.0807 1.0965 0.9572, -1.0807 1.1752 0.9572, -1.0827 1.0965 0.9724, -1.0827 1.1752 0.9724, -1.5433 0.998 0.1181, -1.622 0.998 0.1181, -1.5433 0.9985 0.1225, -1.622 0.9985 0.1225, -1.5433 1.0 0.1267, -1.622 1.0 0.1267, -1.5433 1.0023 0.1304, -1.622 1.0023 0.1304, -1.5433 1.0054 0.1335, -1.622 1.0054 0.1335, -1.5433 1.0092 0.1358, -1.622 1.0092 0.1358, -1.5433 1.0133 0.1373, -1.622 1.0133 0.1373, -1.5433 1.0177 0.1378, -1.622 1.0177 0.1378, 1.622 0.998 0.1181, 1.5433 0.998 0.1181, 1.622 0.9985 0.1225, 1.5433 0.9985 0.1225, 1.622 1.0 0.1267, 1.5433 1.0 0.1267, 1.622 1.0023 0.1304, 1.5433 1.0023 0.1304, 1.622 1.0054 0.1335, 1.5433 1.0054 0.1335, 1.622 1.0092 0.1358, 1.5433 1.0092 0.1358, 1.622 1.0133 0.1373, 1.5433 1.0133 0.1373, 1.622 1.0177 0.1378, 1.5433 1.0177 0.1378
            ]
        }
        coordIndex [
            0,1,2,-1,2,1,3,-1,2,3,4,-1,5,6,7,-1,7,6,8,-1,7,8,9,-1,10,11,12,-1,12,11,13,-1,12,13,14,-1,14,13,15,-1,14,15,16,-1,16,15,17,-1,16,17,18,-1,18,17,19,-1,18,19,20,-1,20,19,21,-1,20,21,22,-1,22,21,23,-1,22,23,24,-1,24,23,25,-1,24,25,26,-1,26,25,27,-1,26,27,28,-1,28,27,29,-1,28,29,30,-1,30,29,31,-1,30,31,32,-1,32,31,33,-1,32,33,34,-1,34,33,35,-1,36,37,38,-1,38,37,39,-1,38,39,40,-1,40,39,41,-1,40,41,42,-1,42,41,43,-1,42,43,44,-1,44,43,45,-1,44,45,46,-1,46,45,47,-1,46,47,48,-1,48,47,49,-1,48,49,50,-1,50,49,51,-1,50,51,52,-1,52,51,53,-1,52,53,54,-1,54,53,55,-1,54,55,56,-1,56,55,57,-1,56,57,58,-1,58,57,59,-1,58,59,60,-1,60,59,61,-1,62,63,64,-1,64,63,65,-1,64,65,66,-1,66,65,67,-1,66,67,68,-1,68,67,69,-1,68,69,70,-1,70,69,71,-1,70,71,72,-1,72,71,73,-1,72,73,74,-1,74,73,75,-1,74,75,76,-1,76,75,77,-1,78,79,80,-1,80,79,81,-1,80,81,82,-1,82,81,83,-1,82,83,84,-1,84,83,85,-1,84,85,86,-1,86,85,87,-1,86,87,88,-1,88,87,89,-1,88,89,90,-1,90,89,91,-1,90,91,92,-1,92,91,93,-1,
        ]
    }
}
Shape{
    appearance Appearance {
        material  Material 	{
            diffuseColor 0.2235294117647059 0.2235294117647059 0.2235294117647059
            specularColor 0.11372549019607843 0.11372549019607843 0.11372549019607843
            ambientIntensity 0.2235
            transparency 0.0
            shininess 0.5
        }
    }
    geometry IndexedFaceSet {
        ccw TRUE
        solid FALSE
        coord DEF co Coordinate {
            point [
                1.563 0.7815 0.5827, 1.6024 0.7815 0.5827, 1.5433 0.8012 0.6024, 1.622 0.8012 0.6024, 1.5433 0.8602 0.6614, 1.622 0.8602 0.6614, -1.5433 0.8602 0.6614, -1.622 0.8602 0.6614, -1.5433 0.8012 0.6024, -1.622 0.8012 0.6024, -1.563 0.7815 0.5827, -1.6024 0.7815 0.5827
            ]
        }
        coordIndex [
            0,1,2,-1,2,1,3,-1,2,3,4,-1,4,3,5,-1,6,7,8,-1,8,7,9,-1,8,9,10,-1,10,9,11,-1,
        ]
    }
}
Shape{
    appearance Appearance {
        material  Material 	{
            diffuseColor 0.8509803921568627 0.8509803921568627 0.8509803921568627
            specularColor 0.4235294117647059 0.4235294117647059 0.4235294117647059
            ambientIntensity 0.851
            transparency 0.0
            shininess 0.5
        }
    }
    geometry IndexedFaceSet {
        ccw TRUE
        solid FALSE
        coord DEF co Coordinate {
            point [
                1.5433 0.998 0.0512, 1.622 0.998 0.0512, 1.5827 0.9587 0.0118, 1.622 0.9587 0.0118, 1.563 0.7815 0.0512, 1.5531 0.7913 0.0413, 1.6024 0.7815 0.0512, 1.5827 0.8209 0.0118, 1.622 0.8012 0.0315, 1.622 0.8209 0.0118, -1.622 0.8012 0.0315, -1.622 0.8209 0.0118, -1.5827 0.8209 0.0118, -1.5531 0.7913 0.0413, -1.563 0.7815 0.0512, -1.6024 0.7815 0.0512, -1.5827 0.9587 0.0118, -1.622 0.9587 0.0118, -1.5433 0.998 0.0512, -1.622 0.998 0.0512, -1.5433 0.998 0.1181, -1.622 0.998 0.1181, 1.622 0.998 0.1181, 1.5433 0.998 0.1181, 1.622 0.8799 0.2677, 1.622 0.8697 0.2691, 1.622 0.8602 0.273, 1.622 0.8521 0.2792, 1.622 0.8458 0.2874, 1.622 0.8419 0.4354, 1.622 0.8458 0.4449, 1.622 0.8012 0.6024, 1.622 0.8521 0.453, 1.622 1.0374 0.1378, 1.622 1.0167 0.2983, 1.622 1.0138 0.29, 1.622 0.9783 0.2677, 1.622 0.8419 0.2969, 1.622 0.8406 0.3071, 1.622 0.8406 0.4252, 1.622 0.8602 0.4593, 1.622 0.8697 0.4632, 1.622 0.8602 0.6614, 1.622 0.8799 0.4646, 1.622 1.0374 0.6614, 1.622 0.9783 0.4646, 1.622 0.9885 0.4632, 1.622 0.998 0.4593, 1.622 1.0062 0.453, 1.622 1.0124 0.4449, 1.622 0.9985 0.1225, 1.622 1.0 0.1267, 1.622 1.0023 0.1304, 1.622 1.0091 0.2825, 1.622 1.0029 0.2763, 1.622 0.9954 0.2716, 1.622 1.0164 0.4354, 1.622 1.0177 0.4252, 1.622 1.0177 0.3071, 1.622 1.0054 0.1335, 1.622 1.0092 0.1358, 1.622 0.9871 0.2687, 1.622 1.0133 0.1373, 1.622 1.0177 0.1378, 1.6024 0.7815 0.5827, 1.563 0.7815 0.5827, 1.4843 1.0965 0.6614, 1.4843 1.0965 0.1378, 1.4995 1.0944 0.6614, 1.4995 1.0944 0.1378, 1.5138 1.0885 0.6614, 1.5138 1.0885 0.1378, 1.526 1.0792 0.6614, 1.526 1.0792 0.1378, 1.5354 1.0669 0.6614, 1.5354 1.0669 0.1378, 1.5413 1.0527 0.6614, 1.5413 1.0527 0.1378, 1.5433 1.0374 0.6614, 1.5433 1.0374 0.1378, 1.6174 1.0731 0.1378, 1.6174 1.0731 0.6614, 1.6036 1.1063 0.1378, 1.6036 1.1063 0.6614, 1.5817 1.1348 0.1378, 1.5817 1.1348 0.6614, 1.5531 1.1567 0.1378, 1.5531 1.1567 0.6614, 1.5199 1.1705 0.1378, 1.5199 1.1705 0.6614, 1.4843 1.1752 0.1378, 1.4843 1.1752 0.6614
            ]
        }
        coordIndex [
            0,1,2,-1,2,1,3,-1,4,5,6,-1,6,5,7,-1,6,7,8,-1,8,7,9,-1,10,11,12,-1,13,14,12,-1,12,14,15,-1,12,15,10,-1,16,17,18,-1,18,17,19,-1,12,11,16,-1,16,11,17,-1,20,18,21,-1,21,18,19,-1,2,3,7,-1,7,3,9,-1,22,1,23,-1,23,1,0,-1,24,25,8,-1,25,26,8,-1,8,26,27,-1,8,27,28,-1,29,30,31,-1,31,30,32,-1,33,34,35,-1,8,9,24,-1,24,9,3,-1,24,3,36,-1,36,3,1,-1,36,1,22,-1,28,37,8,-1,8,37,38,-1,8,38,31,-1,31,38,39,-1,31,39,29,-1,32,40,31,-1,31,40,41,-1,31,41,42,-1,42,41,43,-1,42,43,44,-1,44,43,45,-1,44,45,46,-1,46,47,44,-1,44,47,48,-1,44,48,49,-1,22,50,36,-1,36,50,51,-1,36,51,52,-1,35,53,33,-1,33,53,54,-1,33,54,55,-1,49,56,44,-1,44,56,57,-1,44,57,33,-1,33,57,58,-1,33,58,34,-1,52,59,36,-1,36,59,60,-1,36,60,61,-1,61,60,62,-1,61,62,55,-1,55,62,63,-1,55,63,33,-1,64,65,6,-1,6,65,4,-1,66,67,68,-1,68,67,69,-1,68,69,70,-1,70,69,71,-1,70,71,72,-1,72,71,73,-1,72,73,74,-1,74,73,75,-1,74,75,76,-1,76,75,77,-1,76,77,78,-1,78,77,79,-1,44,33,80,-1,44,80,81,-1,81,80,82,-1,81,82,83,-1,83,82,84,-1,83,84,85,-1,85,84,86,-1,85,86,87,-1,87,86,88,-1,87,88,89,-1,89,88,90,-1,89,90,91,-1,
        ]
    }
}
Shape{
    appearance Appearance {
        material  Material 	{
            diffuseColor 0.2235294117647059 0.2235294117647059 0.2235294117647059
            specularColor 0.11372549019607843 0.11372549019607843 0.11372549019607843
            ambientIntensity 0.2235
            transparency 0.0
            shininess 0.5
        }
    }
    geometry IndexedFaceSet {
        ccw TRUE
        solid FALSE
        coord DEF co Coordinate {
            point [
                -1.5433 1.0374 0.6614, -1.5433 1.0374 0.1378, -1.5413 1.0527 0.6614, -1.5413 1.0527 0.1378, -1.5354 1.0669 0.6614, -1.5354 1.0669 0.1378, -1.526 1.0792 0.6614, -1.526 1.0792 0.1378, -1.5138 1.0885 0.6614, -1.5138 1.0885 0.1378, -1.4995 1.0944 0.6614, -1.4995 1.0944 0.1378, -1.4843 1.0965 0.6614, -1.4843 1.0965 0.1378
            ]
        }
        coordIndex [
            0,1,2,-1,2,1,3,-1,2,3,4,-1,4,3,5,-1,4,5,6,-1,6,5,7,-1,6,7,8,-1,8,7,9,-1,8,9,10,-1,10,9,11,-1,10,11,12,-1,12,11,13,-1,
        ]
    }
}
Shape{
    appearance Appearance {
        material  Material 	{
            diffuseColor 0.8509803921568627 0.8509803921568627 0.8509803921568627
            specularColor 0.4235294117647059 0.4235294117647059 0.4235294117647059
            ambientIntensity 0.851
            transparency 0.0
            shininess 0.5
        }
    }
    geometry IndexedFaceSet {
        ccw TRUE
        solid FALSE
        coord DEF co Coordinate {
            point [
                -1.563 0.7815 0.5827, -1.6024 0.7815 0.5827, -1.563 0.7815 0.0512, -1.6024 0.7815 0.0512, -1.4843 1.1752 0.6614, -1.4843 1.1752 0.1378, -1.5199 1.1705 0.1378, -1.5199 1.1705 0.6614, -1.5531 1.1567 0.1378, -1.5531 1.1567 0.6614, -1.5817 1.1348 0.1378, -1.5817 1.1348 0.6614, -1.6036 1.1063 0.1378, -1.6036 1.1063 0.6614, -1.6174 1.0731 0.1378, -1.6174 1.0731 0.6614, -1.622 1.0374 0.1378, -1.622 1.0374 0.6614, 1.1909 1.1752 0.315, 1.2697 1.1752 0.2362, 1.1909 1.0965 0.315, 1.2697 1.0965 0.2362, -1.2697 1.1752 0.2362, -1.1909 1.1752 0.315, -1.2697 1.0965 0.2362, -1.1909 1.0965 0.315, -1.2697 1.0965 0.1378, -1.2697 1.1752 0.1378, 1.2697 1.1752 0.1378, 1.2697 1.0965 0.1378, -0.9646 1.1752 1.0039, -0.9646 1.1752 0.9724, -0.9646 1.0965 0.9724, -0.9646 1.1716 1.0327, -0.9646 1.0965 1.1153, -0.9646 1.1224 1.1023, -0.9646 1.1444 1.0835, -0.9646 1.1612 1.0598, 0.9646 1.1752 0.9724, 0.9646 1.1752 1.0039, 0.9646 1.0965 0.9724, 0.9646 1.1716 1.0327, 0.9646 1.1612 1.0598, 0.9646 1.1444 1.0835, 0.9646 1.1224 1.1023, 0.9646 1.0965 1.1153, 1.2894 1.0965 1.0335, 1.2894 1.1752 1.0335, 1.0827 1.0965 1.0335, 1.0827 1.1752 1.0335, -1.0827 1.0965 1.0335, -1.0827 1.1752 1.0335, -1.2894 1.0965 1.0335, -1.2894 1.1752 1.0335, -1.0827 1.0965 0.9724, -1.0827 1.1752 0.9724, 1.0827 1.0965 0.9724, 1.0827 1.1752 0.9724, 1.4631 1.0965 0.9646, 1.4467 1.1228 0.9646, 1.3386 1.0965 0.9646, 1.4249 1.1448 0.9646, 1.3987 1.1614 0.9646, 1.3694 1.1717 0.9646, 1.3386 1.1752 0.9646, 1.3386 1.1752 0.7795, 1.3694 1.1717 0.7795, 1.3987 1.1614 0.7795, 1.4249 1.1448 0.7795, 1.4467 1.1228 0.7795, 1.4631 1.0965 0.7795, -1.3386 1.1752 0.9646, -1.3694 1.1717 0.9646, -1.3386 1.0965 0.9646, -1.3987 1.1614 0.9646, -1.4249 1.1448 0.9646, -1.4467 1.1228 0.9646, -1.4631 1.0965 0.9646, -1.4631 1.0965 0.7795, -1.4467 1.1228 0.7795, -1.4249 1.1448 0.7795, -1.3987 1.1614 0.7795, -1.3694 1.1717 0.7795, -1.3386 1.1752 0.7795, 1.2894 1.0965 1.0138, 1.2894 1.1752 1.0138, 1.291 1.1752 1.001, 1.291 1.0965 1.001, 1.296 1.1752 0.9892, 1.296 1.0965 0.9892, 1.3038 1.1752 0.979, 1.3038 1.0965 0.979, 1.314 1.1752 0.9712, 1.314 1.0965 0.9712, 1.3258 1.1752 0.9662, 1.3258 1.0965 0.9662, 1.3386 1.0965 0.7795, 1.3233 1.1752 0.7775, 1.3233 1.0965 0.7775, 1.3091 1.1752 0.7716, 1.3091 1.0965 0.7716, 1.2968 1.1752 0.7622, 1.2968 1.0965 0.7622, 1.2874 1.1752 0.75, 1.2874 1.0965 0.75, 1.2815 1.1752 0.7358, 1.2815 1.0965 0.7358, 1.2795 1.1752 0.7205, 1.2795 1.0965 0.7205, 1.2815 1.1752 0.7052, 1.2815 1.0965 0.7052, 1.2874 1.1752 0.6909, 1.2874 1.0965 0.6909, 1.2968 1.1752 0.6787, 1.2968 1.0965 0.6787, 1.3091 1.1752 0.6693, 1.3091 1.0965 0.6693, 1.3233 1.1752 0.6634, 1.3233 1.0965 0.6634, 1.3386 1.1752 0.6614, 1.3386 1.0965 0.6614, 1.5433 0.8602 0.6614, 1.622 0.8602 0.6614, 1.5433 1.0374 0.6614, 1.622 1.0374 0.6614, 1.5413 1.0527 0.6614, 1.6174 1.0731 0.6614, 1.5354 1.0669 0.6614, 1.6036 1.1063 0.6614, 1.526 1.0792 0.6614, 1.5817 1.1348 0.6614, 1.5138 1.0885 0.6614, 1.5531 1.1567 0.6614, 1.4995 1.0944 0.6614, 1.5199 1.1705 0.6614, 1.4843 1.0965 0.6614, 1.4843 1.1752 0.6614, 1.4646 1.0965 0.6614, -1.622 0.8602 0.6614, -1.5433 0.8602 0.6614, -1.5433 1.0374 0.6614, -1.5413 1.0527 0.6614, -1.5354 1.0669 0.6614, -1.526 1.0792 0.6614, -1.5138 1.0885 0.6614, -1.4995 1.0944 0.6614, -1.3386 1.0965 0.6614, -1.3386 1.1752 0.6614, -1.4646 1.0965 0.6614, -1.4843 1.0965 0.6614, -1.3233 1.1752 0.6634, -1.3233 1.0965 0.6634, -1.3091 1.1752 0.6693, -1.3091 1.0965 0.6693, -1.2968 1.1752 0.6787, -1.2968 1.0965 0.6787, -1.2874 1.1752 0.6909, -1.2874 1.0965 0.6909, -1.2815 1.1752 0.7052, -1.2815 1.0965 0.7052, -1.2795 1.1752 0.7205, -1.2795 1.0965 0.7205, -1.3258 1.1752 0.9662, -1.3258 1.0965 0.9662, -1.314 1.1752 0.9712, -1.314 1.0965 0.9712, -1.3038 1.1752 0.979, -1.3038 1.0965 0.979, -1.296 1.1752 0.9892, -1.296 1.0965 0.9892, -1.291 1.1752 1.001, -1.291 1.0965 1.001, -1.2894 1.1752 1.0138, -1.2894 1.0965 1.0138, -1.3386 1.0965 0.7795, -1.5433 1.0031 0.4639, -1.5433 1.0079 0.4619, -1.5433 1.012 0.4588, -1.5433 1.0151 0.4547, -1.5433 0.9985 0.1225, -1.5433 0.8551 0.2684, -1.5433 0.998 0.1181, -1.5433 0.8012 0.0512, -1.5433 0.998 0.0512, -1.5433 0.8412 0.45, -1.5433 0.8432 0.4547, -1.5433 0.8012 0.6024, -1.5433 0.8463 0.4588, -1.5433 1.017 0.45, -1.5433 1.0177 0.4449, -1.5433 1.0374 0.1378, -1.5433 1.0177 0.2874, -1.5433 1.0172 0.283, -1.5433 1.0158 0.2789, -1.5433 1.0134 0.2751, -1.5433 1.0103 0.272, -1.5433 1.0024 0.2682, -1.5433 0.998 0.2677, -1.5433 1.0133 0.1373, -1.5433 0.8504 0.2704, -1.5433 0.8463 0.2735, -1.5433 0.8432 0.2776, -1.5433 1.0066 0.2697, -1.5433 1.0177 0.1378, -1.5433 1.0 0.1267, -1.5433 1.0023 0.1304, -1.5433 0.8602 0.2677, -1.5433 1.0054 0.1335, -1.5433 1.0092 0.1358, -1.5433 0.8412 0.2823, -1.5433 0.8406 0.2874, -1.5433 0.8406 0.4449, -1.5433 0.8504 0.4619, -1.5433 0.8551 0.4639, -1.5433 0.8602 0.4646, -1.5433 0.998 0.4646, -1.622 0.9587 0.0118, -1.622 0.8209 0.0118, -1.622 0.8012 0.0315, -1.622 0.8012 0.6024, -1.622 0.8406 0.3071, -1.622 0.8419 0.2969, -1.622 0.8458 0.2874, -1.622 0.8602 0.4593, -1.622 0.8521 0.453, -1.622 0.8458 0.4449, -1.622 0.8521 0.2792, -1.622 0.8602 0.273, -1.622 0.8697 0.2691, -1.622 0.8419 0.4354, -1.622 0.8406 0.4252, -1.622 0.998 0.0512, -1.622 0.998 0.1181, -1.622 0.9985 0.1225, -1.622 1.0 0.1267, -1.622 1.0023 0.1304, -1.622 1.0167 0.2983, -1.622 1.0138 0.29, -1.622 1.0091 0.2825, -1.622 1.0054 0.1335, -1.622 0.8799 0.2677, -1.622 1.0092 0.1358, -1.622 0.9783 0.2677, -1.622 1.0133 0.1373, -1.622 0.9871 0.2687, -1.622 1.0177 0.1378, -1.622 0.9954 0.2716, -1.622 1.0029 0.2763, -1.622 1.0138 0.4423, -1.622 1.0091 0.4497, -1.622 1.0029 0.456, -1.622 0.9954 0.4607, -1.622 1.0177 0.3071, -1.622 1.0177 0.4252, -1.622 1.0167 0.434, -1.622 0.9871 0.4636, -1.622 0.9783 0.4646, -1.622 0.8799 0.4646, -1.622 0.8697 0.4632, 1.5433 0.8412 0.2823, 1.5433 0.8432 0.2776, 1.5433 0.8012 0.0512, 1.5433 0.8504 0.4619, 1.5433 0.8463 0.4588, 1.5433 0.8012 0.6024, 1.5433 0.8406 0.2874, 1.5433 0.8406 0.4449, 1.5433 1.0079 0.2704, 1.5433 1.012 0.2735, 1.5433 1.0374 0.1378, 1.5433 1.0151 0.2776, 1.5433 1.017 0.2823, 1.5433 1.0151 0.4547, 1.5433 1.012 0.4588, 1.5433 1.0079 0.4619, 1.5433 0.8432 0.4547, 1.5433 0.8412 0.45, 1.5433 0.8463 0.2735, 1.5433 0.8504 0.2704, 1.5433 0.8551 0.2684, 1.5433 1.0177 0.2874, 1.5433 1.0177 0.4449, 1.5433 1.017 0.45, 1.5433 1.0 0.1267, 1.5433 0.9985 0.1225, 1.5433 1.0031 0.4639, 1.5433 0.998 0.4646, 1.5433 0.8602 0.4646, 1.5433 0.8551 0.4639, 1.5433 1.0031 0.2684, 1.5433 1.0177 0.1378, 1.5433 0.998 0.2677, 1.5433 0.998 0.1181, 1.5433 0.998 0.0512, 1.5433 1.0133 0.1373, 1.5433 1.0092 0.1358, 1.5433 0.8602 0.2677, 1.5433 1.0054 0.1335, 1.5433 1.0023 0.1304
            ]
        }
        coordIndex [
            0,1,2,-1,2,1,3,-1,4,5,6,-1,4,6,7,-1,7,6,8,-1,7,8,9,-1,9,8,10,-1,9,10,11,-1,11,10,12,-1,11,12,13,-1,13,12,14,-1,13,14,15,-1,15,14,16,-1,15,16,17,-1,18,19,20,-1,20,19,21,-1,22,23,24,-1,24,23,25,-1,24,26,22,-1,22,26,27,-1,23,18,25,-1,25,18,20,-1,19,28,21,-1,21,28,29,-1,30,31,32,-1,30,32,33,-1,32,34,35,-1,35,36,32,-1,32,36,37,-1,32,37,33,-1,38,39,40,-1,40,39,41,-1,40,41,42,-1,42,43,40,-1,40,43,44,-1,40,44,45,-1,39,30,33,-1,39,33,41,-1,41,33,37,-1,41,37,42,-1,42,37,36,-1,42,36,43,-1,43,36,35,-1,43,35,44,-1,44,35,34,-1,44,34,45,-1,46,47,48,-1,48,47,49,-1,50,51,52,-1,52,51,53,-1,54,55,50,-1,50,55,51,-1,48,49,56,-1,56,49,57,-1,58,59,60,-1,60,59,61,-1,61,62,60,-1,60,62,63,-1,60,63,64,-1,65,64,63,-1,65,63,66,-1,66,63,62,-1,66,62,67,-1,67,62,61,-1,67,61,68,-1,68,61,59,-1,68,59,69,-1,69,59,58,-1,69,58,70,-1,71,72,73,-1,73,72,74,-1,74,75,73,-1,73,75,76,-1,73,76,77,-1,78,77,76,-1,78,76,79,-1,79,76,75,-1,79,75,80,-1,80,75,74,-1,80,74,81,-1,81,74,72,-1,81,72,82,-1,82,72,71,-1,82,71,83,-1,46,84,47,-1,47,84,85,-1,85,84,86,-1,86,84,87,-1,86,87,88,-1,88,87,89,-1,88,89,90,-1,90,89,91,-1,90,91,92,-1,92,91,93,-1,92,93,94,-1,94,93,95,-1,94,95,64,-1,64,95,60,-1,65,96,97,-1,97,96,98,-1,97,98,99,-1,99,98,100,-1,99,100,101,-1,101,100,102,-1,101,102,103,-1,103,102,104,-1,103,104,105,-1,105,104,106,-1,105,106,107,-1,107,106,108,-1,107,108,109,-1,109,108,110,-1,109,110,111,-1,111,110,112,-1,111,112,113,-1,113,112,114,-1,113,114,115,-1,115,114,116,-1,115,116,117,-1,117,116,118,-1,117,118,119,-1,119,118,120,-1,121,122,123,-1,123,122,124,-1,123,124,125,-1,125,124,126,-1,125,126,127,-1,127,126,128,-1,127,128,129,-1,129,128,130,-1,129,130,131,-1,131,130,132,-1,131,132,133,-1,133,132,134,-1,133,134,135,-1,135,134,136,-1,135,136,137,-1,137,136,119,-1,137,119,120,-1,138,139,17,-1,17,139,140,-1,17,140,15,-1,15,140,141,-1,15,141,13,-1,13,141,142,-1,13,142,11,-1,11,142,143,-1,11,143,9,-1,9,143,144,-1,9,144,7,-1,7,144,145,-1,7,145,4,-1,146,147,148,-1,148,147,4,-1,148,4,149,-1,149,4,145,-1,147,146,150,-1,150,146,151,-1,150,151,152,-1,152,151,153,-1,152,153,154,-1,154,153,155,-1,154,155,156,-1,156,155,157,-1,156,157,158,-1,158,157,159,-1,158,159,160,-1,160,159,161,-1,71,73,162,-1,162,73,163,-1,162,163,164,-1,164,163,165,-1,164,165,166,-1,166,165,167,-1,166,167,168,-1,168,167,169,-1,168,169,170,-1,170,169,171,-1,170,171,172,-1,172,171,173,-1,53,172,52,-1,52,172,173,-1,67,96,66,-1,66,96,65,-1,67,68,96,-1,96,68,69,-1,96,69,70,-1,80,174,79,-1,79,174,78,-1,80,81,174,-1,174,81,82,-1,174,82,83,-1,175,176,140,-1,140,176,177,-1,140,177,178,-1,179,180,181,-1,181,180,182,-1,181,182,183,-1,184,185,186,-1,186,185,187,-1,178,188,140,-1,140,188,189,-1,140,189,190,-1,190,189,191,-1,190,191,192,-1,192,193,190,-1,190,193,194,-1,190,194,195,-1,196,197,198,-1,180,199,182,-1,182,199,200,-1,182,200,201,-1,195,202,190,-1,190,202,196,-1,190,196,203,-1,203,196,198,-1,179,204,180,-1,180,204,205,-1,180,205,206,-1,206,205,207,-1,206,207,197,-1,197,207,208,-1,197,208,198,-1,201,209,182,-1,182,209,210,-1,182,210,186,-1,186,210,211,-1,186,211,184,-1,187,212,186,-1,186,212,213,-1,186,213,139,-1,139,213,214,-1,139,214,140,-1,140,214,215,-1,140,215,175,-1,216,217,218,-1,219,220,218,-1,218,220,221,-1,218,221,222,-1,223,224,219,-1,219,224,225,-1,222,226,218,-1,218,226,227,-1,218,227,228,-1,225,229,219,-1,219,229,230,-1,219,230,220,-1,231,216,232,-1,232,216,218,-1,232,218,233,-1,233,218,228,-1,233,228,234,-1,234,228,235,-1,236,16,237,-1,237,16,238,-1,235,228,239,-1,239,228,240,-1,239,240,241,-1,241,240,242,-1,241,242,243,-1,243,242,244,-1,243,244,245,-1,245,244,246,-1,245,246,16,-1,16,246,247,-1,16,247,238,-1,248,249,17,-1,17,249,250,-1,17,250,251,-1,236,252,16,-1,16,252,253,-1,16,253,17,-1,17,253,254,-1,17,254,248,-1,251,255,17,-1,17,255,256,-1,17,256,138,-1,138,256,257,-1,138,257,219,-1,219,257,258,-1,219,258,223,-1,259,260,261,-1,262,263,264,-1,259,261,265,-1,265,261,264,-1,265,264,266,-1,267,268,269,-1,269,268,270,-1,269,270,271,-1,272,273,123,-1,123,273,274,-1,263,275,264,-1,264,275,276,-1,264,276,266,-1,260,277,261,-1,261,277,278,-1,261,278,279,-1,271,280,269,-1,269,280,281,-1,269,281,123,-1,123,281,282,-1,123,282,272,-1,279,283,284,-1,274,285,123,-1,123,285,286,-1,123,286,121,-1,121,286,287,-1,121,287,264,-1,264,287,288,-1,264,288,262,-1,267,269,289,-1,289,269,290,-1,289,290,291,-1,279,284,261,-1,261,284,292,-1,261,292,293,-1,290,294,291,-1,291,294,295,-1,291,295,296,-1,296,295,297,-1,296,297,279,-1,279,297,298,-1,279,298,283,-1,
        ]
    }
}
Shape{
    appearance Appearance {
        material  Material 	{
            diffuseColor 0.2235294117647059 0.2235294117647059 0.2235294117647059
            specularColor 0.11372549019607843 0.11372549019607843 0.11372549019607843
            ambientIntensity 0.2235
            transparency 0.0
            shininess 0.5
        }
    }
    geometry IndexedFaceSet {
        ccw TRUE
        solid FALSE
        coord DEF co Coordinate {
            point [
                -1.4646 1.0965 0.6614, -1.4843 1.0965 0.6614, -1.4646 1.0965 0.1378, -1.4843 1.0965 0.1378
            ]
        }
        coordIndex [
            0,1,2,-1,2,1,3,-1,
        ]
    }
}
Shape{
    appearance Appearance {
        material  Material 	{
            diffuseColor 0.8509803921568627 0.8509803921568627 0.8509803921568627
            specularColor 0.4235294117647059 0.4235294117647059 0.4235294117647059
            ambientIntensity 0.851
            transparency 0.0
            shininess 0.5
        }
    }
    geometry IndexedFaceSet {
        ccw TRUE
        solid FALSE
        coord DEF co Coordinate {
            point [
                1.4646 1.0965 0.1378, 1.4843 1.0965 0.1378, 1.4646 1.0965 0.6614, 1.4843 1.0965 0.6614
            ]
        }
        coordIndex [
            0,1,2,-1,2,1,3,-1,
        ]
    }
}
Shape{
    appearance Appearance {
        material  Material 	{
            diffuseColor 0.2235294117647059 0.2235294117647059 0.2235294117647059
            specularColor 0.11372549019607843 0.11372549019607843 0.11372549019607843
            ambientIntensity 0.2235
            transparency 0.0
            shininess 0.5
        }
    }
    geometry IndexedFaceSet {
        ccw TRUE
        solid FALSE
        coord DEF co Coordinate {
            point [
                -0.7911 -0.1713 0.1841, -0.7563 -0.1713 0.2126, -1.1319 -0.1713 0.3937, 0.7911 -0.1713 0.1841, 0.8073 -0.1713 0.1673, 1.1319 -0.1713 0.3937, 1.2402 -0.1713 0.1673, 1.3212 -0.1713 0.1765, 0.7563 -0.1713 1.0472, 0.716 -0.1713 1.0273, 1.1319 -0.1713 0.8661, 0.6721 -0.1713 0.2428, 0.716 -0.1713 0.2326, 0.7563 -0.1713 0.2126, -0.8073 -0.1713 0.1673, -1.2402 -0.1713 0.1673, -1.3212 -0.1713 0.1765, -1.1319 -0.1713 0.3939, -1.1516 -0.1713 0.3939, 0.7911 -0.1713 1.0758, -1.1319 -0.1713 0.8661, -0.7563 -0.1713 1.0472, -0.7911 -0.1713 1.0758, -0.716 -0.1713 0.2326, -0.6721 -0.1713 0.2428, -0.6271 -0.1713 0.2428, -1.1803 -0.1713 0.3975, -1.2204 -0.1713 0.4112, -1.3982 -0.1713 0.2034, -1.2562 -0.1713 0.434, -1.4672 -0.1713 0.2468, -1.2855 -0.1713 0.4646, 1.2562 -0.1713 0.434, 1.2204 -0.1713 0.4112, 0.5832 -0.1713 0.2326, -0.5832 -0.1713 0.2326, -0.5429 -0.1713 0.2126, 0.6271 -0.1713 0.2428, -1.2562 -0.1713 0.8259, -1.2204 -0.1713 0.8487, -1.3212 -0.1713 1.0834, -0.5832 -0.1713 1.0273, 0.5832 -0.1713 1.0273, 0.5429 -0.1713 1.0472, -0.6271 -0.1713 1.017, -0.6721 -0.1713 1.017, -0.716 -0.1713 1.0273, -0.8073 -0.1713 1.0925, -1.2402 -0.1713 1.0925, 1.1516 -0.1713 0.866, 1.1803 -0.1713 0.8623, 1.3212 -0.1713 1.0834, 1.2204 -0.1713 0.8487, 1.3982 -0.1713 1.0565, 1.2562 -0.1713 0.8259, 1.4672 -0.1713 1.0131, 1.2855 -0.1713 0.7952, 0.8073 -0.1713 1.0925, 1.2402 -0.1713 1.0925, 1.1319 -0.1713 0.866, -1.1319 -0.1713 0.866, -1.1516 -0.1713 0.866, -1.1803 -0.1713 0.8623, 0.6721 -0.1713 1.017, 0.6271 -0.1713 1.017, 1.1319 -0.1713 0.3939, 1.1516 -0.1713 0.3939, 1.1803 -0.1713 0.3975, 1.3982 -0.1713 0.2034, 1.4672 -0.1713 0.2468, 1.2855 -0.1713 0.4646, 1.5249 -0.1713 0.3044, 1.3066 -0.1713 0.5013, 1.5683 -0.1713 0.3735, 1.3185 -0.1713 0.542, 1.5952 -0.1713 0.4505, 1.3209 -0.1713 0.5709, 1.6043 -0.1713 0.5315, 1.3209 -0.1713 0.689, 1.6043 -0.1713 0.7283, 1.3185 -0.1713 0.7178, 1.5952 -0.1713 0.8094, 1.3066 -0.1713 0.7585, 1.5683 -0.1713 0.8864, 1.5249 -0.1713 0.9554, -0.4919 -0.1713 0.1673, 0.4919 -0.1713 0.1673, -0.5081 -0.1713 0.1841, 0.5081 -0.1713 0.1841, 0.5429 -0.1713 0.2126, -1.3982 -0.1713 1.0565, -1.4672 -0.1713 1.0131, -1.2855 -0.1713 0.7952, -1.5249 -0.1713 0.9554, -1.3066 -0.1713 0.7585, -1.5683 -0.1713 0.8864, -1.3185 -0.1713 0.7178, -1.5952 -0.1713 0.8094, -1.3209 -0.1713 0.689, -1.6043 -0.1713 0.7283, -1.3209 -0.1713 0.5709, -1.6043 -0.1713 0.5315, -1.3185 -0.1713 0.542, -1.5952 -0.1713 0.4505, -1.3066 -0.1713 0.5013, -1.5683 -0.1713 0.3735, -1.5249 -0.1713 0.3044, 0.4919 -0.1713 1.0925, -0.4919 -0.1713 1.0925, 0.5081 -0.1713 1.0758, -0.5081 -0.1713 1.0758, -0.5429 -0.1713 1.0472, -0.8957 0.4272 0.1378, -0.9744 0.4272 0.1378, -0.9843 0.6988 0.1378, -0.7874 0.1191 0.1378, -0.8858 0.1191 0.1378, -0.8858 0.6988 0.1378, -0.3051 0.4272 0.1378, -0.3839 0.4272 0.1378, -0.3937 0.6988 0.1378, -0.1969 0.1191 0.1378, -0.2953 0.1191 0.1378, -0.2953 0.6988 0.1378, -0.9843 -0.1417 0.1378, -1.0827 -0.1417 0.1378, -1.0827 0.1191 0.1378, 0.3937 -0.1417 0.1378, 0.2953 -0.1417 0.1378, 0.2953 0.1191 0.1378, 0.9843 -0.1417 0.1378, 0.8858 -0.1417 0.1378, 0.8858 0.1191 0.1378, -0.8359 -0.0335 0.1378, -0.8359 -0.1417 0.1378, -0.8858 -0.1417 0.1378, -1.3967 0.7067 0.1378, -1.2697 1.0965 0.1378, -1.378 0.7067 0.1378, -1.0827 1.0965 0.1378, -1.378 0.6988 0.1378, -1.0827 0.6988 0.1378, -1.5945 0.7067 0.1378, -1.5945 0.7618 0.1378, -1.5236 0.7618 0.1378, -1.5236 1.0374 0.1378, -1.4646 1.0965 0.1378, -1.5433 1.0177 0.1378, -1.622 1.0177 0.1378, -1.5433 1.0374 0.1378, -1.622 1.0374 0.1378, -1.5413 1.0527 0.1378, -1.6174 1.0731 0.1378, -1.5354 1.0669 0.1378, -1.6036 1.1063 0.1378, -1.526 1.0792 0.1378, -1.5817 1.1348 0.1378, -1.5138 1.0885 0.1378, -1.5531 1.1567 0.1378, -1.4995 1.0944 0.1378, -1.5199 1.1705 0.1378, -1.4843 1.0965 0.1378, -1.4843 1.1752 0.1378, -1.3967 1.1752 0.1378, -1.2697 1.1752 0.1378, -1.1713 0.3799 0.1378, -1.0925 0.3799 0.1378, -1.0925 0.4272 0.1378, -1.2402 -0.1417 0.1378, -1.2402 0.0138 0.1378, -1.2283 0.0138 0.1378, -1.2283 0.1191 0.1378, -1.2283 0.4272 0.1378, -1.1713 0.4272 0.1378, -0.7874 -0.0335 0.1378, -0.5906 -0.0335 0.1378, -0.5906 0.1191 0.1378, -0.4921 -0.0335 0.1378, -0.4921 0.1191 0.1378, -0.4634 -0.0335 0.1378, -0.3937 0.1191 0.1378, -0.3937 -0.1417 0.1378, -0.4634 -0.1417 0.1378, 0.4634 -0.0335 0.1378, 0.3937 0.1191 0.1378, 0.5906 -0.0335 0.1378, 0.5906 0.1191 0.1378, 0.689 -0.0335 0.1378, 0.689 0.1191 0.1378, 0.7874 -0.0335 0.1378, 0.8359 -0.1417 0.1378, 0.8359 -0.0335 0.1378, 0.7874 0.1191 0.1378, 1.2402 0.0138 0.1378, 1.2402 -0.1417 0.1378, 1.2283 0.0138 0.1378, 1.0728 0.4272 0.1378, 0.9941 0.4272 0.1378, 0.9843 0.6988 0.1378, 1.378 0.6988 0.1378, 1.378 0.5256 0.1378, 1.0728 0.3799 0.1378, 0.9843 0.1191 0.1378, 0.9941 0.3799 0.1378, 1.2283 0.1191 0.1378, 1.2283 0.4272 0.1378, 1.5945 0.4272 0.1378, 1.5945 0.5256 0.1378, 1.2697 1.0965 0.1378, 1.1713 1.0177 0.1378, 0.9843 1.0965 0.1378, 1.0925 1.0177 0.1378, 1.0925 0.9705 0.1378, 1.5236 0.7618 0.1378, 1.5945 0.7618 0.1378, 1.5945 0.7067 0.1378, 1.378 0.7067 0.1378, 1.622 1.0177 0.1378, 1.5433 1.0177 0.1378, 1.622 1.0374 0.1378, 1.5433 1.0374 0.1378, 1.6174 1.0731 0.1378, 1.5413 1.0527 0.1378, 1.6036 1.1063 0.1378, 1.5354 1.0669 0.1378, 1.5817 1.1348 0.1378, 1.526 1.0792 0.1378, 1.5531 1.1567 0.1378, 1.5138 1.0885 0.1378, 1.5199 1.1705 0.1378, 1.4995 1.0944 0.1378, 1.4843 1.1752 0.1378, 1.4843 1.0965 0.1378, 1.2697 1.1752 0.1378, 1.4646 1.0965 0.1378, 1.5236 1.0374 0.1378, 1.1713 0.9705 0.1378, 0.8858 1.0965 0.1378, 0.9744 1.0177 0.1378, 0.9744 0.9705 0.1378, 0.8957 0.9705 0.1378, 0.7874 0.6988 0.1378, 0.7874 1.0965 0.1378, 0.8858 0.6988 0.1378, 0.689 1.0965 0.1378, 0.7776 1.0177 0.1378, 0.7776 0.9705 0.1378, 0.6988 0.9705 0.1378, 0.5906 0.6988 0.1378, 0.5906 1.0965 0.1378, 0.689 0.6988 0.1378, 0.502 0.9705 0.1378, 0.3937 0.6988 0.1378, 0.502 1.0177 0.1378, 0.3937 1.0965 0.1378, 0.5807 1.0177 0.1378, 0.5807 0.9705 0.1378, 0.2953 1.0965 0.1378, 0.3839 1.0177 0.1378, 0.3839 0.9705 0.1378, 0.3051 0.9705 0.1378, 0.1969 0.6988 0.1378, 0.1969 1.0965 0.1378, 0.2953 0.6988 0.1378, 0.0984 1.0965 0.1378, 0.187 1.0177 0.1378, 0.187 0.9705 0.1378, 0.1083 0.9705 0.1378, 0.0 0.6988 0.1378, 0.0 1.0965 0.1378, 0.0984 0.6988 0.1378, -0.0886 0.9705 0.1378, -0.1969 0.6988 0.1378, -0.0886 1.0177 0.1378, -0.1969 1.0965 0.1378, -0.0098 1.0177 0.1378, -0.0098 0.9705 0.1378, -0.2953 1.0965 0.1378, -0.2067 1.0177 0.1378, -0.2067 0.9705 0.1378, -0.2854 0.9705 0.1378, -0.3937 1.0965 0.1378, -0.4823 0.9705 0.1378, -0.4035 0.9705 0.1378, -0.4921 1.0965 0.1378, -0.4035 1.0177 0.1378, -0.5906 0.6988 0.1378, -0.5906 1.0965 0.1378, -0.4921 0.6988 0.1378, -0.6791 0.9705 0.1378, -0.7874 0.6988 0.1378, -0.6791 1.0177 0.1378, -0.7874 1.0965 0.1378, -0.6004 1.0177 0.1378, -0.6004 0.9705 0.1378, -0.8858 1.0965 0.1378, -0.7972 1.0177 0.1378, -0.7972 0.9705 0.1378, -0.876 0.9705 0.1378, -0.9843 1.0965 0.1378, -1.0728 0.9705 0.1378, -0.9941 0.9705 0.1378, -0.9941 1.0177 0.1378, 0.1969 0.1191 0.1378, -0.2953 -0.1417 0.1378, -0.1969 -0.1417 0.1378, 0.0 -0.1417 0.1378, 0.0 0.1191 0.1378, 0.0984 -0.1417 0.1378, 0.0984 0.1191 0.1378, 0.1969 -0.1417 0.1378, -0.9843 0.1191 0.1378, -1.378 0.5256 0.1378, -1.3967 0.5256 0.1378, -1.3967 0.4272 0.1378, -1.5945 0.5256 0.1378, -1.5945 0.4272 0.1378, 0.8957 1.0177 0.1378, 0.7972 0.3799 0.1378, 0.876 0.3799 0.1378, 0.876 0.4272 0.1378, 0.7972 0.4272 0.1378, 0.6988 1.0177 0.1378, 0.6791 0.4272 0.1378, 0.6004 0.4272 0.1378, 0.6004 0.3799 0.1378, 0.6791 0.3799 0.1378, 0.4035 0.4272 0.1378, 0.4823 0.4272 0.1378, 0.4823 0.3799 0.1378, 0.4035 0.3799 0.1378, 0.3051 1.0177 0.1378, 0.2067 0.3799 0.1378, 0.2854 0.3799 0.1378, 0.2854 0.4272 0.1378, 0.2067 0.4272 0.1378, 0.4634 -0.1417 0.1378, 0.1083 1.0177 0.1378, 0.0886 0.4272 0.1378, 0.0098 0.4272 0.1378, 0.0098 0.3799 0.1378, 0.0886 0.3799 0.1378, -0.187 0.4272 0.1378, -0.1083 0.4272 0.1378, -0.1083 0.3799 0.1378, -0.187 0.3799 0.1378, -0.2854 1.0177 0.1378, -0.3839 0.3799 0.1378, -0.3051 0.3799 0.1378, -0.4823 1.0177 0.1378, -0.502 0.4272 0.1378, -0.5807 0.4272 0.1378, -0.5807 0.3799 0.1378, -0.502 0.3799 0.1378, -0.7776 0.4272 0.1378, -0.6988 0.4272 0.1378, -0.6988 0.3799 0.1378, -0.7776 0.3799 0.1378, -0.876 1.0177 0.1378, -0.9744 0.3799 0.1378, -0.8957 0.3799 0.1378, -1.0728 1.0177 0.1378, 0.9454 0.624 1.122, 0.4974 0.624 1.122, 0.4512 0.6043 1.122, -1.2402 -0.1417 1.122, -0.8359 -0.1417 1.122, -0.8359 -0.0335 1.122, 0.4252 0.2736 1.122, -0.4252 0.2736 1.122, -0.4252 0.1752 1.122, -0.9823 0.6043 1.122, -1.2283 0.872 1.122, -0.9823 0.1752 1.122, -1.2402 0.872 1.122, 0.4512 0.9429 1.122, 1.2283 1.0965 1.122, -0.4512 0.9429 1.122, -1.2283 1.0965 1.122, -0.4634 -0.0335 1.122, 0.4252 0.1752 1.122, 0.4634 -0.0335 1.122, 0.9823 0.1752 1.122, 0.8359 -0.0335 1.122, 1.2283 0.872 1.122, 0.9823 0.6043 1.122, 1.2402 0.872 1.122, 1.2402 -0.1417 1.122, 0.8359 -0.1417 1.122, -0.4634 -0.1417 1.122, 0.4634 -0.1417 1.122, -0.6468 0.9272 1.122, -0.4974 0.8878 1.122, -0.4512 0.6043 1.122, -0.4974 0.624 1.122, -0.9454 0.624 1.122, -0.9454 0.9272 1.122, 0.9454 0.9272 1.122, 0.6468 0.9272 1.122, 0.4974 0.8878 1.122, 0.4331 0.6206 1.1299, 0.4232 0.6161 1.1299, 0.4331 0.6043 1.1299, 0.411 0.6067 1.1299, 0.4016 0.5945 1.1299, 0.3957 0.5802 1.1299, 0.3937 0.565 1.1299, 0.3957 0.5497 1.1299, 0.4016 0.5354 1.1299, 0.411 0.5232 1.1299, 0.4232 0.5138 1.1299, 0.9744 0.5059 1.1299, 0.9744 0.6043 1.1299, 0.4528 0.5059 1.1299, 0.4375 0.5079 1.1299, -0.4271 0.6182 1.1299, -0.4331 0.6206 1.1299, -0.4331 0.6043 1.1299, -0.4159 0.6111 1.1299, -0.9744 0.6043 1.1299, -0.9744 0.5059 1.1299, -0.4528 0.5059 1.1299, -0.3952 0.5518 1.1299, -0.3937 0.565 1.1299, -0.3952 0.5781 1.1299, -0.3995 0.5906 1.1299, -0.4066 0.6018 1.1299, -0.4396 0.5074 1.1299, -0.4271 0.5118 1.1299, -0.4159 0.5188 1.1299, -0.4066 0.5281 1.1299, -0.3995 0.5393 1.1299, -1.5945 0.0138 0.0709, -1.5704 0.0138 0.0709, -1.5945 0.0138 0.1403, -1.56 0.0138 0.0696, -1.5376 0.0138 0.0961, -1.5533 0.0138 0.0688, -1.5452 0.0138 0.0655, -1.538 0.0138 0.0626, -1.5318 0.0138 0.058, -1.4512 0.0138 0.0499, -1.5239 0.0138 0.0521, -1.5204 0.0138 0.0479, -1.5149 0.0138 0.0411, -1.5121 0.0138 0.0355, -1.5107 0.0138 0.0326, -1.5091 0.0138 0.0295, -1.5072 0.0138 0.0217, -1.3574 0.0138 0.0214, -1.5063 0.0138 0.0178, -1.506 0.0138 0.0118, -1.3287 0.0138 0.0118, -1.3286 0.0138 0.0142, -1.3285 0.0138 0.0165, -1.3874 0.0138 -0.1612, -1.3831 0.0138 -0.1585, -1.4173 0.0138 -0.1693, -1.4127 0.0138 -0.1687, -1.3287 0.0138 -0.1181, -1.3606 0.0138 -0.1439, -1.3637 0.0138 -0.1463, -1.4043 0.0138 -0.1676, -1.3993 0.0138 -0.1657, -1.506 0.0138 -0.1181, -1.4747 0.0138 -0.1432, -1.4686 0.0138 -0.148, -1.4517 0.0138 -0.1583, -1.4454 0.0138 -0.1622, -1.4354 0.0138 -0.1658, -1.4295 0.0138 -0.1679, -1.422 0.0138 -0.1688, -1.2611 0.0138 0.1384, -1.2611 -0.1319 0.1384, -1.2659 -0.1275 0.1342, -1.2779 -0.019 0.1238, -1.2779 0.0138 0.1238, -1.2743 -0.0223 0.1269, -1.2707 -0.0256 0.1301, -1.2707 -0.123 0.1301, -1.3647 0.0138 0.1414, -1.3647 -0.0226 0.1414, -1.3745 0.0138 0.1614, -1.3665 -0.0256 0.1451, -1.3665 -0.1191 0.1451, -1.3705 -0.1255 0.1533, -1.3745 -0.1319 0.1614, 1.3574 0.0138 0.0214, 1.3285 0.0138 0.0165, 1.3286 0.0138 0.0142, 1.5315 0.0138 0.0584, 1.5457 0.0138 0.0661, 1.5376 0.0138 0.0961, 1.5075 0.0138 0.0244, 1.5107 0.0138 0.0324, 1.4512 0.0138 0.0499, 1.5119 0.0138 0.0356, 1.5072 0.0138 0.0217, 1.506 0.0138 0.0118, 1.3893 0.0138 -0.1622, 1.3992 0.0138 -0.1658, 1.4051 0.0138 -0.1679, 1.4127 0.0138 -0.1688, 1.4173 0.0138 -0.1693, 1.422 0.0138 -0.1687, 1.4304 0.0138 -0.1676, 1.5125 0.0138 0.0372, 1.5204 0.0138 0.0484, 1.5314 0.0138 0.0584, 1.56 0.0138 0.0699, 1.5615 0.0138 0.0703, 1.5945 0.0138 0.1403, 1.5704 0.0138 0.0709, 1.5945 0.0138 0.0709, 1.3287 0.0138 0.0118, 1.3287 0.0138 -0.1181, 1.36 0.0138 -0.1432, 1.366 0.0138 -0.148, 1.3829 0.0138 -0.1583, 1.4354 0.0138 -0.1657, 1.4473 0.0138 -0.1612, 1.4516 0.0138 -0.1585, 1.506 0.0138 -0.1181, 1.474 0.0138 -0.1439, 1.4709 0.0138 -0.1463, 1.2659 -0.1275 0.1342, 1.2611 -0.1319 0.1384, 1.2611 0.0138 0.1384, 1.2779 0.0138 0.1238, 1.2779 -0.019 0.1238, 1.2707 -0.123 0.1301, 1.2707 -0.0256 0.1301, 1.2743 -0.0223 0.1269, 1.3705 -0.1255 0.1533, 1.3665 -0.1191 0.1451, 1.3665 -0.0256 0.1451, 1.3745 -0.1319 0.1614, 1.3745 0.0138 0.1614, 1.3647 0.0138 0.1414, 1.3647 -0.0226 0.1414, 1.3276 -0.1319 0.1482, 1.3186 -0.1319 0.1457, 1.3209 -0.1208 0.1349, 1.278 -0.1227 0.1304, 1.3213 -0.1208 0.1349, 1.3238 -0.1207 0.1355, -1.3186 -0.1319 0.1457, -1.3276 -0.1319 0.1482, -1.3591 -0.1193 0.143, -1.3237 -0.1207 0.1357, -1.3163 -0.121 0.1341, -1.3208 -0.1208 0.1351, 1.6417 -0.1329 0.5315, 1.6339 -0.1417 0.5315, 1.6417 -0.0728 0.5315, 1.6339 -0.0728 0.5315, 1.6339 -0.0728 0.7283, 1.6339 -0.1417 0.7283, 1.6417 -0.0728 0.7283, 1.6417 -0.1329 0.7283, -1.6417 -0.0728 0.5315, -1.6339 -0.0728 0.5315, -1.6417 -0.1329 0.5315, -1.6339 -0.1417 0.5315, -1.6339 -0.1417 0.7283, -1.6339 -0.0728 0.7283, -1.6417 -0.1329 0.7283, -1.6417 -0.0728 0.7283
            ]
        }
        coordIndex [
            0,1,2,-1,3,4,5,-1,5,4,6,-1,5,6,7,-1,8,9,10,-1,11,12,5,-1,5,12,13,-1,5,13,3,-1,14,0,15,-1,15,0,2,-1,15,2,16,-1,16,2,17,-1,16,17,18,-1,8,10,19,-1,20,21,22,-1,1,23,2,-1,2,23,24,-1,2,24,25,-1,18,26,16,-1,16,26,27,-1,16,27,28,-1,28,27,29,-1,28,29,30,-1,30,29,31,-1,32,33,7,-1,34,35,36,-1,11,5,37,-1,37,5,2,-1,37,2,34,-1,34,2,25,-1,34,25,35,-1,38,39,40,-1,41,42,43,-1,44,45,20,-1,20,45,46,-1,20,46,21,-1,22,47,20,-1,20,47,48,-1,20,48,40,-1,49,50,51,-1,51,50,52,-1,51,52,53,-1,53,52,54,-1,53,54,55,-1,55,54,56,-1,57,19,58,-1,58,19,10,-1,58,10,51,-1,51,10,59,-1,51,59,49,-1,60,20,61,-1,61,20,40,-1,61,40,62,-1,62,40,39,-1,9,63,10,-1,10,63,64,-1,10,64,20,-1,20,64,42,-1,20,42,44,-1,44,42,41,-1,65,5,66,-1,66,5,7,-1,66,7,67,-1,67,7,33,-1,7,68,32,-1,32,68,69,-1,32,69,70,-1,70,69,71,-1,70,71,72,-1,72,71,73,-1,72,73,74,-1,74,73,75,-1,74,75,76,-1,76,75,77,-1,76,77,78,-1,78,77,79,-1,78,79,80,-1,80,79,81,-1,80,81,82,-1,82,81,83,-1,82,83,56,-1,56,83,84,-1,56,84,55,-1,85,86,87,-1,87,86,88,-1,87,88,36,-1,36,88,89,-1,36,89,34,-1,40,90,38,-1,38,90,91,-1,38,91,92,-1,92,91,93,-1,92,93,94,-1,94,93,95,-1,94,95,96,-1,96,95,97,-1,96,97,98,-1,98,97,99,-1,98,99,100,-1,100,99,101,-1,100,101,102,-1,102,101,103,-1,102,103,104,-1,104,103,105,-1,104,105,31,-1,31,105,106,-1,31,106,30,-1,107,108,109,-1,109,108,110,-1,109,110,43,-1,43,110,111,-1,43,111,41,-1,112,113,114,-1,115,116,117,-1,118,119,120,-1,121,122,123,-1,124,125,126,-1,127,128,129,-1,130,131,132,-1,133,134,135,-1,136,137,138,-1,138,137,139,-1,138,139,140,-1,140,139,141,-1,136,142,143,-1,143,144,136,-1,136,144,145,-1,136,145,146,-1,147,148,149,-1,149,148,150,-1,149,150,151,-1,151,150,152,-1,151,152,153,-1,153,152,154,-1,153,154,155,-1,155,154,156,-1,155,156,157,-1,157,156,158,-1,157,158,159,-1,159,158,160,-1,159,160,161,-1,161,160,162,-1,161,162,146,-1,146,162,163,-1,146,163,136,-1,136,163,164,-1,136,164,137,-1,165,166,126,-1,126,166,167,-1,168,169,125,-1,125,169,170,-1,125,170,126,-1,126,170,171,-1,126,171,165,-1,165,171,172,-1,165,172,173,-1,133,116,174,-1,174,116,115,-1,174,115,175,-1,175,115,176,-1,175,176,177,-1,177,176,178,-1,177,178,179,-1,180,181,182,-1,183,184,185,-1,185,184,186,-1,185,186,187,-1,187,186,188,-1,187,188,189,-1,131,190,132,-1,132,190,191,-1,132,191,192,-1,193,194,195,-1,195,194,130,-1,196,197,198,-1,199,200,201,-1,202,203,204,-1,204,203,201,-1,204,201,205,-1,205,201,200,-1,205,200,206,-1,206,200,207,-1,208,209,210,-1,210,209,211,-1,210,211,198,-1,198,211,212,-1,198,212,213,-1,214,215,213,-1,213,215,216,-1,213,216,198,-1,198,216,199,-1,198,199,196,-1,196,199,201,-1,217,218,219,-1,219,218,220,-1,219,220,221,-1,221,220,222,-1,221,222,223,-1,223,222,224,-1,223,224,225,-1,225,224,226,-1,225,226,227,-1,227,226,228,-1,227,228,229,-1,229,228,230,-1,229,230,231,-1,231,230,232,-1,231,232,233,-1,233,232,234,-1,233,234,208,-1,208,234,235,-1,208,235,209,-1,209,235,213,-1,209,213,236,-1,236,213,212,-1,237,210,238,-1,238,210,239,-1,239,210,198,-1,239,198,240,-1,241,242,243,-1,243,242,237,-1,244,242,245,-1,245,242,246,-1,246,242,241,-1,246,241,247,-1,248,249,250,-1,250,249,244,-1,251,252,253,-1,253,252,254,-1,253,254,255,-1,255,254,249,-1,255,249,256,-1,256,249,248,-1,256,248,251,-1,251,248,252,-1,257,254,258,-1,258,254,259,-1,259,254,252,-1,259,252,260,-1,261,262,263,-1,263,262,257,-1,264,262,265,-1,265,262,266,-1,266,262,261,-1,266,261,267,-1,268,269,270,-1,270,269,264,-1,271,272,273,-1,273,272,274,-1,273,274,275,-1,275,274,269,-1,275,269,276,-1,276,269,268,-1,276,268,271,-1,271,268,272,-1,277,274,278,-1,278,274,279,-1,279,274,272,-1,279,272,280,-1,281,277,123,-1,282,283,120,-1,284,281,285,-1,286,287,288,-1,288,287,284,-1,289,290,291,-1,291,290,292,-1,291,292,293,-1,293,292,287,-1,293,287,294,-1,294,287,286,-1,294,286,289,-1,289,286,290,-1,295,292,296,-1,296,292,297,-1,297,292,290,-1,297,290,298,-1,299,295,117,-1,300,301,114,-1,139,299,302,-1,129,128,303,-1,304,122,305,-1,305,122,121,-1,305,121,306,-1,306,121,307,-1,306,307,308,-1,308,307,309,-1,308,309,310,-1,135,124,311,-1,311,124,126,-1,311,126,141,-1,141,126,167,-1,141,167,140,-1,140,167,173,-1,140,173,312,-1,312,173,172,-1,312,172,313,-1,313,172,314,-1,313,314,315,-1,315,314,316,-1,238,317,237,-1,237,317,240,-1,237,240,243,-1,243,240,198,-1,243,198,202,-1,202,198,197,-1,202,197,203,-1,192,318,132,-1,132,318,319,-1,132,319,320,-1,321,241,320,-1,320,241,243,-1,320,243,132,-1,132,243,202,-1,132,202,130,-1,130,202,204,-1,130,204,195,-1,245,322,244,-1,244,322,247,-1,244,247,250,-1,250,247,241,-1,250,241,192,-1,192,241,321,-1,192,321,318,-1,191,189,192,-1,192,189,188,-1,192,188,250,-1,250,188,323,-1,250,323,248,-1,248,323,324,-1,248,324,186,-1,186,324,325,-1,186,325,188,-1,188,325,326,-1,188,326,323,-1,327,252,328,-1,328,252,248,-1,328,248,329,-1,329,248,186,-1,329,186,330,-1,330,186,184,-1,258,331,257,-1,257,331,260,-1,257,260,263,-1,263,260,252,-1,263,252,184,-1,184,252,327,-1,184,327,330,-1,303,332,129,-1,129,332,333,-1,129,333,334,-1,335,261,334,-1,334,261,263,-1,334,263,129,-1,129,263,184,-1,129,184,127,-1,127,184,183,-1,127,183,336,-1,265,337,264,-1,264,337,267,-1,264,267,270,-1,270,267,261,-1,270,261,303,-1,303,261,335,-1,303,335,332,-1,128,310,303,-1,303,310,309,-1,303,309,270,-1,270,309,338,-1,270,338,268,-1,268,338,339,-1,268,339,307,-1,307,339,340,-1,307,340,309,-1,309,340,341,-1,309,341,338,-1,342,272,343,-1,343,272,268,-1,343,268,344,-1,344,268,307,-1,344,307,345,-1,345,307,121,-1,278,346,277,-1,277,346,280,-1,277,280,123,-1,123,280,272,-1,123,272,121,-1,121,272,342,-1,121,342,345,-1,347,122,180,-1,180,122,304,-1,180,304,181,-1,347,348,122,-1,122,348,118,-1,122,118,123,-1,123,118,120,-1,123,120,281,-1,281,120,283,-1,281,283,285,-1,285,349,284,-1,284,349,282,-1,284,282,288,-1,288,282,120,-1,288,120,180,-1,180,120,119,-1,180,119,347,-1,182,179,180,-1,180,179,178,-1,180,178,288,-1,288,178,350,-1,288,350,286,-1,286,350,351,-1,286,351,176,-1,176,351,352,-1,176,352,178,-1,178,352,353,-1,178,353,350,-1,354,290,355,-1,355,290,286,-1,355,286,356,-1,356,286,176,-1,356,176,357,-1,357,176,115,-1,296,358,295,-1,295,358,298,-1,295,298,117,-1,117,298,290,-1,117,290,115,-1,115,290,354,-1,115,354,357,-1,133,135,116,-1,116,135,311,-1,116,311,359,-1,359,360,116,-1,116,360,112,-1,116,112,117,-1,117,112,114,-1,117,114,299,-1,299,114,301,-1,299,301,302,-1,302,361,139,-1,139,361,300,-1,139,300,141,-1,141,300,114,-1,141,114,311,-1,311,114,113,-1,311,113,359,-1,168,125,15,-1,15,125,124,-1,15,124,14,-1,14,124,135,-1,14,135,134,-1,194,6,130,-1,130,6,4,-1,130,4,131,-1,131,4,190,-1,182,181,85,-1,85,181,304,-1,310,128,86,-1,86,128,127,-1,86,127,336,-1,304,305,85,-1,85,305,306,-1,85,306,86,-1,86,306,308,-1,86,308,310,-1,362,363,364,-1,365,366,367,-1,368,369,370,-1,371,372,373,-1,373,372,374,-1,375,376,377,-1,377,376,378,-1,364,363,375,-1,374,365,373,-1,373,365,367,-1,373,367,370,-1,370,367,379,-1,370,379,368,-1,368,379,380,-1,380,381,382,-1,382,381,383,-1,384,385,386,-1,386,385,382,-1,386,382,387,-1,387,382,383,-1,387,383,388,-1,380,379,381,-1,381,379,389,-1,381,389,390,-1,378,391,377,-1,377,391,392,-1,377,392,393,-1,393,392,394,-1,393,394,371,-1,371,394,395,-1,371,395,372,-1,372,395,396,-1,372,396,378,-1,378,396,391,-1,364,385,362,-1,362,385,384,-1,362,384,397,-1,397,384,376,-1,397,376,398,-1,398,376,375,-1,398,375,399,-1,399,375,363,-1,57,58,388,-1,388,58,387,-1,107,390,108,-1,108,390,389,-1,365,48,366,-1,366,48,47,-1,400,401,402,-1,402,401,403,-1,402,403,404,-1,404,405,402,-1,402,405,406,-1,402,406,407,-1,407,408,402,-1,402,408,409,-1,402,409,410,-1,411,412,413,-1,413,412,402,-1,413,402,414,-1,414,402,410,-1,415,416,417,-1,415,417,418,-1,419,420,417,-1,417,420,421,-1,422,423,417,-1,417,423,424,-1,424,425,417,-1,417,425,426,-1,417,426,418,-1,421,427,417,-1,417,427,428,-1,417,428,429,-1,429,430,417,-1,417,430,431,-1,417,431,422,-1,432,433,434,-1,434,433,435,-1,434,435,436,-1,436,435,437,-1,436,437,438,-1,438,439,436,-1,436,439,440,-1,436,440,441,-1,441,440,442,-1,441,442,443,-1,443,444,441,-1,441,444,445,-1,441,445,446,-1,446,447,441,-1,441,447,448,-1,441,448,449,-1,449,448,450,-1,449,450,451,-1,452,453,451,-1,451,453,454,-1,451,454,449,-1,455,456,451,-1,457,458,451,-1,459,452,460,-1,460,452,451,-1,460,451,461,-1,461,451,456,-1,458,462,451,-1,451,462,463,-1,451,463,455,-1,464,465,451,-1,451,465,466,-1,466,467,451,-1,451,467,468,-1,451,468,469,-1,469,470,451,-1,451,470,471,-1,451,471,457,-1,472,473,474,-1,475,476,477,-1,477,476,472,-1,477,472,478,-1,478,472,474,-1,478,474,479,-1,480,481,482,-1,482,481,483,-1,483,484,482,-1,482,484,485,-1,482,485,486,-1,487,488,489,-1,490,491,492,-1,493,494,495,-1,495,494,496,-1,493,495,497,-1,497,495,487,-1,497,487,498,-1,499,500,487,-1,487,500,501,-1,487,501,502,-1,502,503,487,-1,487,503,504,-1,487,504,505,-1,496,506,495,-1,495,506,507,-1,495,507,492,-1,492,507,508,-1,492,508,490,-1,491,509,492,-1,492,509,510,-1,492,510,511,-1,511,510,512,-1,511,512,513,-1,489,514,487,-1,487,514,515,-1,487,515,516,-1,516,517,487,-1,487,517,518,-1,487,518,499,-1,505,519,487,-1,487,519,520,-1,487,520,521,-1,522,498,523,-1,523,498,487,-1,523,487,524,-1,524,487,521,-1,525,526,527,-1,527,528,529,-1,530,525,531,-1,531,525,527,-1,531,527,532,-1,532,527,529,-1,533,534,535,-1,536,533,537,-1,537,533,535,-1,537,535,538,-1,538,535,539,-1,533,536,540,-1,541,526,525,-1,542,541,543,-1,543,541,525,-1,543,525,530,-1,542,544,541,-1,541,544,545,-1,541,545,540,-1,540,545,534,-1,540,534,533,-1,474,473,546,-1,547,486,485,-1,485,484,548,-1,485,548,547,-1,547,548,549,-1,547,549,546,-1,479,474,550,-1,550,474,546,-1,550,546,551,-1,551,546,549,-1,552,553,554,-1,554,553,555,-1,556,557,558,-1,558,557,559,-1,559,557,552,-1,552,557,553,-1,554,555,558,-1,558,555,556,-1,560,561,562,-1,562,561,563,-1,564,565,566,-1,566,565,567,-1,562,563,566,-1,566,563,564,-1,567,565,560,-1,560,565,561,-1,
        ]
    }
}
Shape{
    appearance Appearance {
        material  Material 	{
            diffuseColor 0.8509803921568627 0.8509803921568627 0.8509803921568627
            specularColor 0.4235294117647059 0.4235294117647059 0.4235294117647059
            ambientIntensity 0.851
            transparency 0.0
            shininess 0.5
        }
    }
    geometry IndexedFaceSet {
        ccw TRUE
        solid FALSE
        coord DEF co Coordinate {
            point [
                0.4134 0.124 0.0906, 0.4134 0.124 0.0118, 0.4068 0.1235 0.0911, 0.4032 0.1227 0.0118, 0.3937 0.1187 0.0118, 0.3997 0.1216 0.093, 0.4032 0.1225 0.0921, 0.3856 0.1125 0.1021, 0.3862 0.1131 0.1015, 0.3855 0.1125 0.0118, 0.3928 0.1182 0.0964, 0.3937 0.1187 0.0959, 0.3838 0.1106 0.1039, 0.3793 0.1043 0.0118, 0.3795 0.1042 0.1104, 0.3781 0.1021 0.1125, 0.3754 0.0948 0.0118, 0.3757 0.0947 0.1198, 0.3746 0.0916 0.123, 0.374 0.0846 0.0118, 0.374 0.0846 0.1299, 0.3346 -0.0138 0.0118, 0.3346 -0.0138 0.1299, 0.3434 -0.0128 0.0118, 0.3434 -0.0128 0.1299, 0.3517 -0.0099 0.0118, 0.3517 -0.0099 0.1299, 0.3592 -0.0052 0.0118, 0.3592 -0.0052 0.1299, 0.3654 0.001 0.0118, 0.3654 0.001 0.1299, 0.3701 0.0085 0.0118, 0.3701 0.0085 0.1299, 0.373 0.0168 0.0118, 0.373 0.0168 0.1299, 0.374 0.0256 0.0118, 0.374 0.0256 0.1299, -0.3346 -0.0138 0.1299, -0.3346 -0.0138 0.0118, -0.3434 -0.0128 0.1299, -0.3434 -0.0128 0.0118, -0.3517 -0.0099 0.1299, -0.3517 -0.0099 0.0118, -0.3592 -0.0052 0.1299, -0.3592 -0.0052 0.0118, -0.3654 0.001 0.1299, -0.3654 0.001 0.0118, -0.3701 0.0085 0.1299, -0.3701 0.0085 0.0118, -0.373 0.0168 0.1299, -0.373 0.0168 0.0118, -0.374 0.0256 0.1299, -0.374 0.0256 0.0118, -0.3964 0.1202 0.0944, -0.3963 0.1201 0.0945, -0.3963 0.1201 0.0118, -0.374 0.0846 0.0118, -0.375 0.0934 0.0118, -0.374 0.0846 0.1299, -0.3756 0.0933 0.1213, -0.3827 0.1091 0.1055, -0.3818 0.1082 0.1064, -0.3779 0.1017 0.0118, -0.3782 0.1016 0.113, -0.3765 0.0983 0.1163, -0.3826 0.1092 0.0118, -0.3888 0.1154 0.0118, -0.3889 0.1154 0.0992, -0.3894 0.1159 0.0987, -0.4046 0.123 0.0118, -0.4134 0.124 0.0118, -0.4134 0.124 0.0906, -0.4105 0.1239 0.0907, -0.4046 0.1229 0.0916, -0.4033 0.1227 0.0919, -1.1811 0.0532 0.0512, -1.1811 0.0532 0.0118, -1.1821 0.0444 0.0118, -1.185 0.0361 0.0118, -1.1836 0.0395 0.0649, -1.1827 0.0445 0.0598, -1.1959 0.0224 0.0118, -1.1898 0.0287 0.0756, -1.1897 0.0286 0.0118, -1.1889 0.0296 0.0748, -1.1853 0.0362 0.0681, -1.2034 0.0177 0.0118, -1.1965 0.0219 0.0824, -1.196 0.0224 0.0819, -1.2117 0.0149 0.0895, -1.2104 0.0151 0.0892, -1.2117 0.0148 0.0118, -1.2035 0.0176 0.0867, -1.2034 0.0177 0.0866, -1.2176 0.0139 0.0904, -1.2205 0.0138 0.0118, -1.2205 0.0138 0.0906, -1.1417 0.124 0.0906, -1.1417 0.124 0.0118, -1.1483 0.1235 0.0911, -1.1519 0.1227 0.0118, -1.1614 0.1187 0.0118, -1.1554 0.1216 0.093, -1.1519 0.1225 0.0921, -1.1696 0.1125 0.1021, -1.169 0.1131 0.1015, -1.1696 0.1125 0.0118, -1.1623 0.1182 0.0964, -1.1614 0.1187 0.0959, -1.1713 0.1106 0.1039, -1.1758 0.1043 0.0118, -1.1756 0.1042 0.1104, -1.177 0.1021 0.1125, -1.1798 0.0948 0.0118, -1.1794 0.0947 0.1198, -1.1805 0.0916 0.123, -1.1811 0.0846 0.0118, -1.1811 0.0846 0.1299, 1.1932 0.0247 0.0796, 1.1961 0.0225 0.0818, 1.1959 0.0224 0.0118, 1.2205 0.0138 0.0906, 1.2205 0.0138 0.0118, 1.2139 0.0143 0.09, 1.2117 0.0148 0.0118, 1.2117 0.0149 0.0894, 1.2068 0.0162 0.0881, 1.2034 0.0177 0.0118, 1.2035 0.0178 0.0865, 1.1999 0.0196 0.0847, 1.1851 0.0361 0.0682, 1.1852 0.0357 0.0686, 1.1897 0.0286 0.0118, 1.1899 0.0287 0.0756, 1.1909 0.0272 0.0772, 1.185 0.0361 0.0118, 1.1821 0.0444 0.0118, 1.1823 0.0445 0.0599, 1.1811 0.0532 0.0118, 1.1811 0.0532 0.0512, 1.1817 0.0462 0.0581, 1.1587 0.1202 0.0944, 1.1588 0.1201 0.0945, 1.1588 0.1201 0.0118, 1.1811 0.0846 0.0118, 1.1801 0.0934 0.0118, 1.1811 0.0846 0.1299, 1.1796 0.0933 0.1213, 1.1724 0.1091 0.1055, 1.1733 0.1082 0.1064, 1.1772 0.1017 0.0118, 1.1769 0.1016 0.113, 1.1787 0.0983 0.1163, 1.1725 0.1092 0.0118, 1.1663 0.1154 0.0118, 1.1662 0.1154 0.0992, 1.1657 0.1159 0.0987, 1.1505 0.123 0.0118, 1.1417 0.124 0.0118, 1.1417 0.124 0.0906, 1.1446 0.1239 0.0907, 1.1505 0.1229 0.0916, 1.1518 0.1227 0.0919, 1.7205 0.8327 0.2677, 1.7598 0.8327 0.2283, 1.7205 1.1083 0.2677, 1.7598 1.1083 0.2283, 1.7598 0.7986 0.248, 1.7598 0.8048 0.2399, 1.7598 0.7946 0.2575, 1.7598 0.7933 0.2677, 1.7598 0.8225 0.2297, 1.7598 0.813 0.2336, 1.7598 0.7933 0.4646, 1.7205 0.8327 0.4646, 1.7598 0.813 0.4987, 1.7598 0.8048 0.4924, 1.7598 0.8225 0.5026, 1.7598 0.8327 0.5039, 1.7598 0.7946 0.4748, 1.7598 0.7986 0.4843, 1.7598 1.1083 0.5039, 1.7205 1.1083 0.4646, -1.7598 0.8327 0.2283, -1.7205 0.8327 0.2677, -1.7598 1.1083 0.2283, -1.7205 1.1083 0.2677, -1.7598 0.813 0.2336, -1.7598 0.8048 0.2399, -1.7598 0.8225 0.2297, -1.7598 0.7946 0.2575, -1.7598 0.7933 0.2677, -1.7598 0.7986 0.248, -1.7598 0.7933 0.4646, -1.7205 0.8327 0.4646, -1.7598 0.7986 0.4843, -1.7598 0.8048 0.4924, -1.7598 0.7946 0.4748, -1.7598 0.8225 0.5026, -1.7598 0.8327 0.5039, -1.7598 0.813 0.4987, -1.7598 1.1083 0.5039, -1.7205 1.1083 0.4646, 1.6562 1.0834 0.6942, 1.6811 1.1083 0.6693, 1.6417 1.0689 0.6822, 1.6811 1.1083 -0.0787, 1.6417 1.0689 -0.1312, 1.7598 1.0689 0.7087, 1.7598 1.1083 0.6693, 1.6737 1.0689 0.7087, -1.6811 1.1083 0.6693, -1.6534 1.0806 0.697, -1.6811 1.1083 -0.0787, -1.6417 1.0689 0.6868, -1.6417 1.0689 -0.1312, -1.6681 1.0689 0.7087, -1.7598 1.1083 0.6693, -1.7598 1.0689 0.7087
            ]
        }
        coordIndex [
            0,1,2,-1,2,1,3,-1,4,5,3,-1,3,5,6,-1,3,6,2,-1,7,8,9,-1,9,8,10,-1,9,10,4,-1,4,10,11,-1,4,11,5,-1,7,9,12,-1,12,9,13,-1,12,13,14,-1,14,13,15,-1,15,13,16,-1,15,16,17,-1,17,16,18,-1,18,16,19,-1,18,19,20,-1,21,22,23,-1,23,22,24,-1,23,24,25,-1,25,24,26,-1,25,26,27,-1,27,26,28,-1,27,28,29,-1,29,28,30,-1,29,30,31,-1,31,30,32,-1,31,32,33,-1,33,32,34,-1,33,34,35,-1,35,34,36,-1,37,38,39,-1,39,38,40,-1,39,40,41,-1,41,40,42,-1,41,42,43,-1,43,42,44,-1,43,44,45,-1,45,44,46,-1,45,46,47,-1,47,46,48,-1,47,48,49,-1,49,48,50,-1,49,50,51,-1,51,50,52,-1,53,54,55,-1,56,57,58,-1,58,57,59,-1,60,61,62,-1,62,61,63,-1,62,63,57,-1,57,63,64,-1,57,64,59,-1,62,65,60,-1,60,65,66,-1,60,66,67,-1,55,54,66,-1,66,54,68,-1,66,68,67,-1,69,70,71,-1,71,72,69,-1,69,72,73,-1,69,73,55,-1,55,73,74,-1,55,74,53,-1,75,76,77,-1,78,79,77,-1,77,79,80,-1,77,80,75,-1,81,82,83,-1,83,82,84,-1,83,84,78,-1,78,84,85,-1,78,85,79,-1,86,87,81,-1,81,87,88,-1,81,88,82,-1,89,90,91,-1,91,90,92,-1,91,92,86,-1,86,92,93,-1,86,93,87,-1,89,91,94,-1,94,91,95,-1,94,95,96,-1,97,98,99,-1,99,98,100,-1,101,102,100,-1,100,102,103,-1,100,103,99,-1,104,105,106,-1,106,105,107,-1,106,107,101,-1,101,107,108,-1,101,108,102,-1,104,106,109,-1,109,106,110,-1,109,110,111,-1,111,110,112,-1,112,110,113,-1,112,113,114,-1,114,113,115,-1,115,113,116,-1,115,116,117,-1,118,119,120,-1,121,122,123,-1,123,122,124,-1,123,124,125,-1,125,124,126,-1,126,124,127,-1,126,127,128,-1,120,119,127,-1,127,119,129,-1,127,129,128,-1,130,131,132,-1,132,131,133,-1,132,133,120,-1,120,133,134,-1,120,134,118,-1,132,135,130,-1,130,135,136,-1,130,136,137,-1,138,139,136,-1,136,139,140,-1,136,140,137,-1,141,142,143,-1,144,145,146,-1,146,145,147,-1,148,149,150,-1,150,149,151,-1,150,151,145,-1,145,151,152,-1,145,152,147,-1,150,153,148,-1,148,153,154,-1,148,154,155,-1,143,142,154,-1,154,142,156,-1,154,156,155,-1,157,158,159,-1,159,160,157,-1,157,160,161,-1,157,161,143,-1,143,161,162,-1,143,162,141,-1,163,164,165,-1,165,164,166,-1,163,167,168,-1,169,167,163,-1,170,169,163,-1,163,171,164,-1,172,171,163,-1,168,172,163,-1,170,163,173,-1,173,163,174,-1,174,175,176,-1,177,175,174,-1,178,177,174,-1,174,179,173,-1,180,179,174,-1,176,180,174,-1,178,174,181,-1,181,174,182,-1,165,182,163,-1,163,182,174,-1,183,184,185,-1,185,184,186,-1,184,187,188,-1,189,187,184,-1,183,189,184,-1,184,190,191,-1,192,190,184,-1,188,192,184,-1,193,194,191,-1,191,194,184,-1,194,195,196,-1,197,195,194,-1,193,197,194,-1,194,198,199,-1,200,198,194,-1,196,200,194,-1,201,202,199,-1,199,202,194,-1,184,194,186,-1,186,194,202,-1,203,204,205,-1,205,204,206,-1,205,206,207,-1,208,209,210,-1,210,209,204,-1,210,204,203,-1,211,212,213,-1,213,212,214,-1,213,214,215,-1,212,211,216,-1,216,211,217,-1,216,217,218,-1,
        ]
    }
}
Shape{
    appearance Appearance {
        material  Material 	{
            diffuseColor 0.2235294117647059 0.2235294117647059 0.2235294117647059
            specularColor 0.11372549019607843 0.11372549019607843 0.11372549019607843
            ambientIntensity 0.2235
            transparency 0.0
            shininess 0.5
        }
    }
    geometry IndexedFaceSet {
        ccw TRUE
        solid FALSE
        coord DEF co Coordinate {
            point [
                0.7911 -0.1909 0.1841, 0.7911 -0.1713 0.1841, 0.7563 -0.1713 0.2126, 0.7563 -0.1909 0.2126, 0.716 -0.1713 0.2326, 0.716 -0.1909 0.2326, 0.6721 -0.1713 0.2428, 0.6721 -0.1909 0.2428, 0.6271 -0.1713 0.2428, 0.6271 -0.1909 0.2428, 0.5832 -0.1713 0.2326, 0.5832 -0.1909 0.2326, 0.5429 -0.1713 0.2126, 0.5429 -0.1909 0.2126, 0.5081 -0.1713 0.1841, 0.5081 -0.1909 0.1841
            ]
        }
        coordIndex [
            0,1,2,-1,0,2,3,-1,3,2,4,-1,3,4,5,-1,5,4,6,-1,5,6,7,-1,7,6,8,-1,7,8,9,-1,9,8,10,-1,9,10,11,-1,11,10,12,-1,11,12,13,-1,13,12,14,-1,13,14,15,-1,
        ]
    }
}
Shape{
    appearance Appearance {
        material  Material 	{
            diffuseColor 0.8509803921568627 0.8509803921568627 0.8509803921568627
            specularColor 0.4235294117647059 0.4235294117647059 0.4235294117647059
            ambientIntensity 0.851
            transparency 0.0
            shininess 0.5
        }
    }
    geometry IndexedFaceSet {
        ccw TRUE
        solid FALSE
        coord DEF co Coordinate {
            point [
                0.4557 -0.1909 0.1299, 0.8435 -0.1909 0.1299, 0.7911 -0.1909 0.1841, 0.5832 -0.1909 0.2326, 0.5429 -0.1909 0.2126, 0.5081 -0.1909 0.1841, 0.7563 -0.1909 0.2126, 0.716 -0.1909 0.2326, 0.6721 -0.1909 0.2428, 0.6271 -0.1909 0.2428
            ]
        }
        coordIndex [
            0,1,2,-1,3,4,2,-1,2,4,5,-1,2,5,0,-1,2,6,7,-1,7,8,2,-1,2,8,9,-1,2,9,3,-1,
        ]
    }
}
Shape{
    appearance Appearance {
        material  Material 	{
            diffuseColor 0.2235294117647059 0.2235294117647059 0.2235294117647059
            specularColor 0.11372549019607843 0.11372549019607843 0.11372549019607843
            ambientIntensity 0.2235
            transparency 0.0
            shininess 0.5
        }
    }
    geometry IndexedFaceSet {
        ccw TRUE
        solid FALSE
        coord DEF co Coordinate {
            point [
                -0.5081 -0.1909 0.1841, -0.5081 -0.1713 0.1841, -0.5429 -0.1713 0.2126, -0.5429 -0.1909 0.2126, -0.5832 -0.1713 0.2326, -0.5832 -0.1909 0.2326, -0.6271 -0.1713 0.2428, -0.6271 -0.1909 0.2428, -0.6721 -0.1713 0.2428, -0.6721 -0.1909 0.2428, -0.716 -0.1713 0.2326, -0.716 -0.1909 0.2326, -0.7563 -0.1713 0.2126, -0.7563 -0.1909 0.2126, -0.7911 -0.1713 0.1841, -0.7911 -0.1909 0.1841
            ]
        }
        coordIndex [
            0,1,2,-1,0,2,3,-1,3,2,4,-1,3,4,5,-1,5,4,6,-1,5,6,7,-1,7,6,8,-1,7,8,9,-1,9,8,10,-1,9,10,11,-1,11,10,12,-1,11,12,13,-1,13,12,14,-1,13,14,15,-1,
        ]
    }
}
Shape{
    appearance Appearance {
        material  Material 	{
            diffuseColor 0.8509803921568627 0.8509803921568627 0.8509803921568627
            specularColor 0.4235294117647059 0.4235294117647059 0.4235294117647059
            ambientIntensity 0.851
            transparency 0.0
            shininess 0.5
        }
    }
    geometry IndexedFaceSet {
        ccw TRUE
        solid FALSE
        coord DEF co Coordinate {
            point [
                -0.7911 -0.1909 0.1841, -0.8435 -0.1909 0.1299, -0.4557 -0.1909 0.1299, -0.5081 -0.1909 0.1841, -0.5429 -0.1909 0.2126, -0.7563 -0.1909 0.2126, -0.6271 -0.1909 0.2428, -0.6721 -0.1909 0.2428, -0.716 -0.1909 0.2326, -0.5832 -0.1909 0.2326
            ]
        }
        coordIndex [
            0,1,2,-1,2,3,0,-1,0,3,4,-1,0,4,5,-1,6,7,8,-1,5,4,8,-1,8,4,9,-1,8,9,6,-1,
        ]
    }
}
Shape{
    appearance Appearance {
        material  Material 	{
            diffuseColor 0.2235294117647059 0.2235294117647059 0.2235294117647059
            specularColor 0.11372549019607843 0.11372549019607843 0.11372549019607843
            ambientIntensity 0.2235
            transparency 0.0
            shininess 0.5
        }
    }
    geometry IndexedFaceSet {
        ccw TRUE
        solid FALSE
        coord DEF co Coordinate {
            point [
                0.7911 -0.1713 1.0758, 0.7911 -0.1909 1.0758, 0.7563 -0.1909 1.0472, 0.7563 -0.1713 1.0472, 0.716 -0.1909 1.0273, 0.716 -0.1713 1.0273, 0.6721 -0.1909 1.017, 0.6721 -0.1713 1.017, 0.6271 -0.1909 1.017, 0.6271 -0.1713 1.017, 0.5832 -0.1909 1.0273, 0.5832 -0.1713 1.0273, 0.5429 -0.1909 1.0472, 0.5429 -0.1713 1.0472, 0.5081 -0.1909 1.0758, 0.5081 -0.1713 1.0758
            ]
        }
        coordIndex [
            0,1,2,-1,0,2,3,-1,3,2,4,-1,3,4,5,-1,5,4,6,-1,5,6,7,-1,7,6,8,-1,7,8,9,-1,9,8,10,-1,9,10,11,-1,11,10,12,-1,11,12,13,-1,13,12,14,-1,13,14,15,-1,
        ]
    }
}
Shape{
    appearance Appearance {
        material  Material 	{
            diffuseColor 0.8509803921568627 0.8509803921568627 0.8509803921568627
            specularColor 0.4235294117647059 0.4235294117647059 0.4235294117647059
            ambientIntensity 0.851
            transparency 0.0
            shininess 0.5
        }
    }
    geometry IndexedFaceSet {
        ccw TRUE
        solid FALSE
        coord DEF co Coordinate {
            point [
                0.8435 -0.1909 1.1299, 0.4557 -0.1909 1.1299, 0.5081 -0.1909 1.0758, 0.6271 -0.1909 1.017, 0.6721 -0.1909 1.017, 0.5832 -0.1909 1.0273, 0.716 -0.1909 1.0273, 0.5429 -0.1909 1.0472, 0.7563 -0.1909 1.0472, 0.7911 -0.1909 1.0758
            ]
        }
        coordIndex [
            0,1,2,-1,3,4,5,-1,5,4,6,-1,5,6,7,-1,7,6,8,-1,7,8,2,-1,2,8,9,-1,2,9,0,-1,
        ]
    }
}
Shape{
    appearance Appearance {
        material  Material 	{
            diffuseColor 0.2235294117647059 0.2235294117647059 0.2235294117647059
            specularColor 0.11372549019607843 0.11372549019607843 0.11372549019607843
            ambientIntensity 0.2235
            transparency 0.0
            shininess 0.5
        }
    }
    geometry IndexedFaceSet {
        ccw TRUE
        solid FALSE
        coord DEF co Coordinate {
            point [
                0.5081 -0.1713 1.0758, 0.5081 -0.1909 1.0758, 0.4919 -0.1713 1.0925, 0.4557 -0.1909 1.1299, 0.4634 -0.1417 1.122, 0.4557 -0.0335 1.1299, 0.4634 -0.0335 1.122, 0.8435 -0.1909 1.1299, 0.7911 -0.1909 1.0758, 0.7911 -0.1713 1.0758, 0.8359 -0.0335 1.122, 0.8435 -0.0335 1.1299, 0.8359 -0.1417 1.122, 0.8073 -0.1713 1.0925, -0.5081 -0.1713 1.0758, -0.5081 -0.1909 1.0758, -0.5429 -0.1909 1.0472, -0.5429 -0.1713 1.0472, -0.5832 -0.1909 1.0273, -0.5832 -0.1713 1.0273, -0.6271 -0.1909 1.017, -0.6271 -0.1713 1.017, -0.6721 -0.1909 1.017, -0.6721 -0.1713 1.017, -0.716 -0.1909 1.0273, -0.716 -0.1713 1.0273, -0.7563 -0.1909 1.0472, -0.7563 -0.1713 1.0472, -0.7911 -0.1909 1.0758, -0.7911 -0.1713 1.0758
            ]
        }
        coordIndex [
            0,1,2,-1,2,1,3,-1,2,3,4,-1,4,3,5,-1,4,5,6,-1,7,8,9,-1,10,11,12,-1,12,11,7,-1,12,7,13,-1,13,7,9,-1,14,15,16,-1,14,16,17,-1,17,16,18,-1,17,18,19,-1,19,18,20,-1,19,20,21,-1,21,20,22,-1,21,22,23,-1,23,22,24,-1,23,24,25,-1,25,24,26,-1,25,26,27,-1,27,26,28,-1,27,28,29,-1,
        ]
    }
}
Shape{
    appearance Appearance {
        material  Material 	{
            diffuseColor 0.8509803921568627 0.8509803921568627 0.8509803921568627
            specularColor 0.4235294117647059 0.4235294117647059 0.4235294117647059
            ambientIntensity 0.851
            transparency 0.0
            shininess 0.5
        }
    }
    geometry IndexedFaceSet {
        ccw TRUE
        solid FALSE
        coord DEF co Coordinate {
            point [
                -0.4557 -0.1909 1.1299, -0.8435 -0.1909 1.1299, -0.5081 -0.1909 1.0758, -0.7911 -0.1909 1.0758, -0.7563 -0.1909 1.0472, -0.6721 -0.1909 1.017, -0.6271 -0.1909 1.017, -0.716 -0.1909 1.0273, -0.5832 -0.1909 1.0273, -0.5429 -0.1909 1.0472
            ]
        }
        coordIndex [
            0,1,2,-1,2,1,3,-1,2,3,4,-1,5,6,7,-1,7,6,8,-1,7,8,4,-1,4,8,9,-1,4,9,2,-1,
        ]
    }
}
Shape{
    appearance Appearance {
        material  Material 	{
            diffuseColor 0.2235294117647059 0.2235294117647059 0.2235294117647059
            specularColor 0.11372549019607843 0.11372549019607843 0.11372549019607843
            ambientIntensity 0.2235
            transparency 0.0
            shininess 0.5
        }
    }
    geometry IndexedFaceSet {
        ccw TRUE
        solid FALSE
        coord DEF co Coordinate {
            point [
                -0.4557 -0.1909 1.1299, -0.5081 -0.1909 1.0758, -0.5081 -0.1713 1.0758, -0.4634 -0.0335 1.122, -0.4557 -0.0335 1.1299, -0.4634 -0.1417 1.122, -0.4919 -0.1713 1.0925, -0.7911 -0.1713 1.0758, -0.7911 -0.1909 1.0758, -0.8073 -0.1713 1.0925, -0.8435 -0.1909 1.1299, -0.8359 -0.1417 1.122, -0.8435 -0.0335 1.1299, -0.8359 -0.0335 1.122
            ]
        }
        coordIndex [
            0,1,2,-1,3,4,5,-1,5,4,0,-1,5,0,6,-1,6,0,2,-1,7,8,9,-1,9,8,10,-1,9,10,11,-1,11,10,12,-1,11,12,13,-1,
        ]
    }
}
Shape{
    appearance Appearance {
        material  Material 	{
            diffuseColor 0.8509803921568627 0.8509803921568627 0.8509803921568627
            specularColor 0.4235294117647059 0.4235294117647059 0.4235294117647059
            ambientIntensity 0.851
            transparency 0.0
            shininess 0.5
        }
    }
    geometry IndexedFaceSet {
        ccw TRUE
        solid FALSE
        coord DEF co Coordinate {
            point [
                0.2756 0.8878 1.1299, -0.2756 0.8878 1.1299, 0.2756 0.8878 1.248, -0.2756 0.8878 1.248, 0.2765 0.8805 1.1299, 0.2765 0.8805 1.248, 0.2792 0.8737 1.1299, 0.2792 0.8737 1.248, 0.2834 0.8678 1.1299, 0.2834 0.8678 1.248, 0.289 0.863 1.1299, 0.289 0.863 1.248, 0.2956 0.8598 1.1299, 0.2956 0.8598 1.248, 0.3028 0.8584 1.1299, 0.3028 0.8584 1.248, 0.3101 0.8587 1.1299, 0.3101 0.8587 1.248, 0.3171 0.8608 1.1299, 0.3171 0.8608 1.248, 0.3233 0.8646 1.1299, 0.3233 0.8646 1.248, 0.3285 0.8698 1.1299, 0.3285 0.8698 1.248, 0.3322 0.8761 1.1299, 0.3322 0.8761 1.248, 0.3543 0.9272 1.248, 0.3543 0.9272 1.1693, 0.3373 0.8878 1.1299, -0.3543 0.9272 1.1693, -0.3543 0.9272 1.248, -0.3373 0.8878 1.1299, -0.3322 0.8761 1.248, -0.3322 0.8761 1.1299, -0.3285 0.8698 1.1299, -0.3285 0.8698 1.248, -0.3233 0.8646 1.1299, -0.3233 0.8646 1.248, -0.3171 0.8608 1.1299, -0.3171 0.8608 1.248, -0.3101 0.8587 1.1299, -0.3101 0.8587 1.248, -0.3028 0.8584 1.1299, -0.3028 0.8584 1.248, -0.2956 0.8598 1.1299, -0.2956 0.8598 1.248, -0.289 0.863 1.1299, -0.289 0.863 1.248, -0.2834 0.8678 1.1299, -0.2834 0.8678 1.248, -0.2792 0.8737 1.1299, -0.2792 0.8737 1.248, -0.2765 0.8805 1.1299, -0.2765 0.8805 1.248, 1.1724 0.1091 0.1055, 1.1662 0.1154 0.0992, 0.374 0.0846 0.1299, 1.1733 0.1082 0.1064, 1.1588 0.1201 0.0945, 0.3856 0.1125 0.1021, 0.3838 0.1106 0.1039, 1.1811 0.0846 0.1299, 1.1796 0.0933 0.1213, 0.4134 0.124 0.0906, 0.4068 0.1235 0.0911, 0.4032 0.1225 0.0921, 0.3937 0.1187 0.0959, 0.3928 0.1182 0.0964, 0.3862 0.1131 0.1015, 0.3795 0.1042 0.1104, 0.3781 0.1021 0.1125, 0.3757 0.0947 0.1198, 1.1657 0.1159 0.0987, 0.3746 0.0916 0.123, 1.1787 0.0983 0.1163, 1.1769 0.1016 0.113, 1.1587 0.1202 0.0944, 1.1518 0.1227 0.0919, 1.1505 0.1229 0.0916, 0.3997 0.1216 0.093, 1.1417 0.124 0.0906, 1.1446 0.1239 0.0907, -1.1614 0.1187 0.0959, -0.374 0.0846 0.1299, -1.1554 0.1216 0.093, -1.1519 0.1225 0.0921, -1.1623 0.1182 0.0964, -1.169 0.1131 0.1015, -1.1696 0.1125 0.1021, -1.1713 0.1106 0.1039, -1.1756 0.1042 0.1104, -1.177 0.1021 0.1125, -1.1794 0.0947 0.1198, -1.1805 0.0916 0.123, -1.1811 0.0846 0.1299, -0.4046 0.1229 0.0916, -0.4105 0.1239 0.0907, -0.3756 0.0933 0.1213, -0.3765 0.0983 0.1163, -0.3782 0.1016 0.113, -0.4134 0.124 0.0906, -1.1417 0.124 0.0906, -1.1483 0.1235 0.0911, -0.3818 0.1082 0.1064, -0.3827 0.1091 0.1055, -0.3889 0.1154 0.0992, -0.3894 0.1159 0.0987, -0.3963 0.1201 0.0945, -0.3964 0.1202 0.0944, -0.4033 0.1227 0.0919
            ]
        }
        coordIndex [
            0,1,2,-1,2,1,3,-1,0,2,4,-1,4,2,5,-1,4,5,6,-1,6,5,7,-1,6,7,8,-1,8,7,9,-1,8,9,10,-1,10,9,11,-1,10,11,12,-1,12,11,13,-1,12,13,14,-1,14,13,15,-1,14,15,16,-1,16,15,17,-1,16,17,18,-1,18,17,19,-1,18,19,20,-1,20,19,21,-1,20,21,22,-1,22,21,23,-1,22,23,24,-1,24,23,25,-1,26,27,25,-1,25,27,28,-1,25,28,24,-1,29,30,31,-1,31,30,32,-1,31,32,33,-1,33,32,34,-1,34,32,35,-1,34,35,36,-1,36,35,37,-1,36,37,38,-1,38,37,39,-1,38,39,40,-1,40,39,41,-1,40,41,42,-1,42,41,43,-1,42,43,44,-1,44,43,45,-1,44,45,46,-1,46,45,47,-1,46,47,48,-1,48,47,49,-1,48,49,50,-1,50,49,51,-1,50,51,52,-1,52,51,53,-1,52,53,1,-1,1,53,3,-1,54,55,56,-1,54,56,57,-1,58,59,60,-1,56,61,62,-1,63,64,65,-1,66,67,58,-1,58,67,68,-1,58,68,59,-1,60,69,58,-1,58,69,70,-1,58,70,71,-1,55,72,56,-1,56,72,58,-1,56,58,73,-1,73,58,71,-1,62,74,56,-1,56,74,75,-1,56,75,57,-1,76,77,78,-1,58,76,66,-1,66,76,78,-1,66,78,79,-1,79,78,65,-1,63,65,80,-1,80,65,78,-1,80,78,81,-1,82,83,84,-1,84,83,85,-1,82,86,83,-1,83,86,87,-1,83,87,88,-1,88,89,83,-1,83,89,90,-1,83,90,91,-1,91,92,83,-1,83,92,93,-1,83,93,94,-1,83,95,96,-1,83,97,95,-1,95,97,98,-1,95,98,99,-1,96,100,83,-1,83,100,101,-1,83,101,85,-1,85,101,102,-1,99,103,104,-1,99,104,95,-1,95,104,105,-1,95,105,106,-1,106,107,95,-1,95,107,108,-1,95,108,109,-1,
        ]
    }
}
Shape{
    appearance Appearance {
        material  Material 	{
            diffuseColor 0.2235294117647059 0.2235294117647059 0.2235294117647059
            specularColor 0.11372549019607843 0.11372549019607843 0.11372549019607843
            ambientIntensity 0.2235
            transparency 0.0
            shininess 0.5
        }
    }
    geometry IndexedFaceSet {
        ccw TRUE
        solid FALSE
        coord DEF co Coordinate {
            point [
                -1.6417 0.1319 0.4528, -1.6417 0.1466 0.4664, -1.6601 0.1319 0.4783, -1.6652 0.1319 0.4853, -1.6417 0.1607 0.4872, -1.6733 0.1319 0.5013, -1.6763 0.1319 0.5074, -1.6417 0.1691 0.511, -1.6791 0.1319 0.5188, -1.6808 0.1319 0.5258, -1.6417 0.1713 0.5315, -1.6811 0.1319 0.5315, -1.6811 0.0138 0.5315, -1.6417 -0.0256 0.5315, -1.6811 0.0138 0.5118, -1.6417 -0.0256 0.5118, -1.6771 0.0138 0.4541, -1.2707 -0.0256 0.1301, -1.2598 -0.0256 0.1299, -1.2743 -0.0223 0.1269, -1.2598 0.0138 0.0906, -1.3665 -0.0256 0.1451, -1.3647 -0.0226 0.1414, -1.4056 0.0138 0.1166, -1.3176 0.0138 0.0945, -1.3182 -0.0208 0.1296, -1.3128 -0.0206 0.1288, -1.2779 -0.019 0.1238, -1.6381 -0.0256 0.4595, -1.6353 -0.0256 0.4481, -1.6551 0.0138 0.366, -1.6181 -0.0256 0.3796, -1.6077 -0.0256 0.3586, -1.6146 0.0138 0.2847, -1.5815 -0.0256 0.3059, -1.5945 0.0138 0.2559, -1.5594 -0.0256 0.2784, -1.5577 0.0138 0.2139, -1.5299 -0.0256 0.2418, -1.487 0.0138 0.157, -1.4932 -0.0256 0.2123, -1.4657 -0.0256 0.1902, -1.4131 -0.0256 0.164, -1.392 -0.0256 0.1535
            ]
        }
        coordIndex [
            0,1,2,-1,2,1,3,-1,3,1,4,-1,3,4,5,-1,5,4,6,-1,6,4,7,-1,6,7,8,-1,8,7,9,-1,9,7,10,-1,9,10,11,-1,12,13,14,-1,14,13,15,-1,16,14,15,-1,17,18,19,-1,19,18,20,-1,21,22,23,-1,23,22,24,-1,22,25,24,-1,24,25,26,-1,24,26,20,-1,20,26,27,-1,20,27,19,-1,15,28,16,-1,16,28,29,-1,16,29,30,-1,29,31,30,-1,30,31,32,-1,30,32,33,-1,33,32,34,-1,33,34,35,-1,35,34,36,-1,35,36,37,-1,37,36,38,-1,37,38,39,-1,39,38,40,-1,40,41,39,-1,39,41,42,-1,39,42,23,-1,23,42,43,-1,23,43,21,-1,
        ]
    }
}
Shape{
    appearance Appearance {
        material  Material 	{
            diffuseColor 0.8509803921568627 0.8509803921568627 0.8509803921568627
            specularColor 0.4235294117647059 0.4235294117647059 0.4235294117647059
            ambientIntensity 0.851
            transparency 0.0
            shininess 0.5
        }
    }
    geometry IndexedFaceSet {
        ccw TRUE
        solid FALSE
        coord DEF co Coordinate {
            point [
                -1.2034 0.0177 0.0866, -1.2035 0.0176 0.0867, -1.1811 -0.0256 0.1299, -1.2104 0.0151 0.0892, -1.2117 0.0149 0.0895, -1.1836 0.0395 0.0649, -1.1827 0.0445 0.0598, -1.1811 0.0532 0.0512, -1.1853 0.0362 0.0681, -1.1889 0.0296 0.0748, -1.1898 0.0287 0.0756, -1.196 0.0224 0.0819, -1.1965 0.0219 0.0824, -1.2176 0.0139 0.0904, -1.2205 0.0138 0.0906, -1.2598 -0.0256 0.1299, -1.2283 0.0138 0.0906, -1.2598 0.0138 0.0906, 1.6441 0.1319 0.4558, 1.6417 0.1335 0.454, 1.6417 0.1319 0.4528, 1.6799 0.1319 0.5222, 1.6811 0.1319 0.5315, 1.6417 0.1701 0.5162, 1.6417 0.1708 0.5408, 1.6417 0.1633 0.4926, 1.6749 0.1319 0.5057, 1.6793 0.1319 0.5171, 1.6417 0.1508 0.4715, 1.654 0.1319 0.4687, 1.6643 0.1319 0.485, 1.671 0.1319 0.4956, 1.6811 0.1316 0.5371, 1.6811 0.1295 0.5467, 1.6417 0.1655 0.5647, 1.6811 0.1284 0.5514, 1.6811 0.1236 0.5609, 1.6417 0.1544 0.5866, 1.6811 0.1218 0.5646, 1.6811 0.1143 0.573, 1.6417 0.1382 0.6051, 1.6811 0.112 0.5757, 1.6811 0.1022 0.5824, 1.6417 0.1179 0.619, 1.6811 0.0999 0.584, 1.6811 0.088 0.5883, 1.6417 0.0949 0.6274, 1.6811 0.0861 0.5891, 1.6417 0.0704 0.6299, 1.6811 0.0728 0.5906, 1.6811 0.0714 0.5905, 1.6811 0.0576 0.5885, 1.6417 0.0461 0.6262, 1.6811 0.0568 0.5883, 1.6417 0.0235 0.6167, 1.6811 0.0433 0.5826, 1.6811 0.0433 0.5826, 1.6417 0.004 0.6018, 1.6811 0.0315 0.5737, 1.6811 0.0311 0.5732, 1.6417 -0.0113 0.5826, 1.6811 0.0224 0.5622, 1.6811 0.0218 0.561, 1.6417 -0.0213 0.5602, 1.6811 0.0138 0.5315, 1.6417 -0.0256 0.5315, 1.6811 0.0138 0.5342, 1.6417 -0.0255 0.536, 1.6811 0.016 0.5467, 1.6811 0.0163 0.5487
            ]
        }
        coordIndex [
            0,1,2,-1,2,1,3,-1,2,3,4,-1,5,2,6,-1,6,2,7,-1,5,8,2,-1,2,8,9,-1,2,9,10,-1,10,11,2,-1,2,11,12,-1,2,12,0,-1,4,13,2,-1,2,13,14,-1,2,14,15,-1,15,14,16,-1,15,16,17,-1,18,19,20,-1,21,22,23,-1,23,22,24,-1,25,26,23,-1,23,26,27,-1,23,27,21,-1,19,18,28,-1,18,29,28,-1,28,29,30,-1,28,30,25,-1,25,30,31,-1,25,31,26,-1,22,32,24,-1,24,32,33,-1,24,33,34,-1,33,35,34,-1,34,35,36,-1,34,36,37,-1,36,38,37,-1,37,38,39,-1,37,39,40,-1,39,41,40,-1,40,41,42,-1,40,42,43,-1,42,44,43,-1,43,44,45,-1,43,45,46,-1,46,45,47,-1,46,47,48,-1,48,47,49,-1,49,50,48,-1,48,50,51,-1,48,51,52,-1,52,51,53,-1,52,53,54,-1,53,55,54,-1,54,55,56,-1,54,56,57,-1,56,58,57,-1,57,58,59,-1,57,59,60,-1,59,61,60,-1,60,61,62,-1,60,62,63,-1,64,65,66,-1,66,65,67,-1,66,67,68,-1,68,67,63,-1,68,63,69,-1,69,63,62,-1,
        ]
    }
}
Shape{
    appearance Appearance {
        material  Material 	{
            diffuseColor 0.2235294117647059 0.2235294117647059 0.2235294117647059
            specularColor 0.11372549019607843 0.11372549019607843 0.11372549019607843
            ambientIntensity 0.2235
            transparency 0.0
            shininess 0.5
        }
    }
    geometry IndexedFaceSet {
        ccw TRUE
        solid FALSE
        coord DEF co Coordinate {
            point [
                1.6417 -0.0256 0.5315, 1.6811 0.0138 0.5315, 1.6417 -0.0256 0.5118, 1.6811 0.0138 0.5118
            ]
        }
        coordIndex [
            0,1,2,-1,2,1,3,-1,
        ]
    }
}
Shape{
    appearance Appearance {
        material  Material 	{
            diffuseColor 0.8509803921568627 0.8509803921568627 0.8509803921568627
            specularColor 0.4235294117647059 0.4235294117647059 0.4235294117647059
            ambientIntensity 0.851
            transparency 0.0
            shininess 0.5
        }
    }
    geometry IndexedFaceSet {
        ccw TRUE
        solid FALSE
        coord DEF co Coordinate {
            point [
                1.3647 -0.0226 0.1414, 1.3665 -0.0256 0.1451, 1.392 -0.0256 0.1535, 1.4056 0.0138 0.1166, 1.3185 -0.0207 0.1296, 1.3176 0.0138 0.0945, 1.2598 0.0138 0.0906, 1.2598 -0.0256 0.1299, 1.2707 -0.0256 0.1301, 1.2743 -0.0223 0.1269, 1.2779 -0.019 0.1238, 1.3128 -0.0204 0.1288, 1.4131 -0.0256 0.164, 1.487 0.0138 0.157, 1.4657 -0.0256 0.1902, 1.4932 -0.0256 0.2123, 1.5577 0.0138 0.2139, 1.5299 -0.0256 0.2418, 1.5945 0.0138 0.2559, 1.5594 -0.0256 0.2784, 1.6146 0.0138 0.2847, 1.5815 -0.0256 0.3059, 1.6077 -0.0256 0.3586, 1.6551 0.0138 0.366, 1.6417 -0.0256 0.5118, 1.6811 0.0138 0.5118, 1.6381 -0.0256 0.4595, 1.6771 0.0138 0.4541, 1.6353 -0.0256 0.4481, 1.6181 -0.0256 0.3796
            ]
        }
        coordIndex [
            0,1,2,-1,0,3,4,-1,4,3,5,-1,6,7,8,-1,8,9,6,-1,6,9,10,-1,6,10,5,-1,5,10,11,-1,5,11,4,-1,0,2,3,-1,3,2,12,-1,3,12,13,-1,12,14,13,-1,13,14,15,-1,13,15,16,-1,16,15,17,-1,16,17,18,-1,18,17,19,-1,18,19,20,-1,19,21,20,-1,20,21,22,-1,20,22,23,-1,24,25,26,-1,26,25,27,-1,26,27,28,-1,28,27,23,-1,28,23,29,-1,29,23,22,-1,
        ]
    }
}
Shape{
    appearance Appearance {
        material  Material 	{
            diffuseColor 0.2235294117647059 0.2235294117647059 0.2235294117647059
            specularColor 0.11372549019607843 0.11372549019607843 0.11372549019607843
            ambientIntensity 0.2235
            transparency 0.0
            shininess 0.5
        }
    }
    geometry IndexedFaceSet {
        ccw TRUE
        solid FALSE
        coord DEF co Coordinate {
            point [
                1.1817 0.0462 0.0581, 1.1811 0.0532 0.0512, 1.1811 -0.0256 0.1299, 1.2205 0.0138 0.0906, 1.2139 0.0143 0.09, 1.2117 0.0149 0.0894, 1.2283 0.0138 0.0906, 1.2598 -0.0256 0.1299, 1.2598 0.0138 0.0906, 1.2068 0.0162 0.0881, 1.2035 0.0178 0.0865, 1.1999 0.0196 0.0847, 1.1852 0.0357 0.0686, 1.1899 0.0287 0.0756, 1.1909 0.0272 0.0772, 1.1961 0.0225 0.0818, 1.1932 0.0247 0.0796, 1.1851 0.0361 0.0682, 1.1823 0.0445 0.0599
            ]
        }
        coordIndex [
            0,1,2,-1,3,4,2,-1,2,4,5,-1,3,2,6,-1,6,2,7,-1,6,7,8,-1,5,9,2,-1,2,9,10,-1,2,10,11,-1,12,2,13,-1,13,2,14,-1,11,15,2,-1,2,15,16,-1,2,16,14,-1,12,17,2,-1,2,17,18,-1,2,18,0,-1,
        ]
    }
}
Shape{
    appearance Appearance {
        material  Material 	{
            diffuseColor 0.8509803921568627 0.8509803921568627 0.8509803921568627
            specularColor 0.4235294117647059 0.4235294117647059 0.4235294117647059
            ambientIntensity 0.851
            transparency 0.0
            shininess 0.5
        }
    }
    geometry IndexedFaceSet {
        ccw TRUE
        solid FALSE
        coord DEF co Coordinate {
            point [
                -0.4839 0.8878 1.1257, -0.4943 0.9272 1.1637, -0.4685 0.8878 1.1289, -0.4737 0.9272 1.1679, -0.4528 0.8878 1.1299, -0.4528 0.9272 1.1693, 0.3373 0.8878 1.1299, 0.3543 0.9272 1.1693, 0.4331 0.8878 1.1299, 0.4528 0.9272 1.1693, 0.4528 0.8878 1.1299, 0.4685 0.8878 1.1289, 0.4737 0.9272 1.1679, 0.4839 0.8878 1.1257, 0.4943 0.9272 1.1637, 0.3346 -0.0531 1.248, 0.3346 -0.0138 1.2087, -0.3346 -0.0531 1.248, -0.3346 -0.0138 1.2087, 0.3448 -0.0124 1.2087, 0.355 -0.0505 1.248, 0.3543 -0.0085 1.2087, 0.374 -0.0426 1.248, 0.3625 -0.0022 1.2087, 0.3903 -0.0301 1.248, 0.3687 0.0059 1.2087, 0.4028 -0.0138 1.248, 0.3727 0.0154 1.2087, 0.4107 0.0052 1.248, 0.374 0.0256 1.2087, 0.4134 0.0256 1.248, -0.374 0.0256 1.2087, -0.4134 0.0256 1.248, -0.3727 0.0154 1.2087, -0.4107 0.0052 1.248, -0.3687 0.0059 1.2087, -0.4028 -0.0138 1.248, -0.3625 -0.0022 1.2087, -0.3903 -0.0301 1.248, -0.3543 -0.0085 1.2087, -0.374 -0.0426 1.248, -0.3448 -0.0124 1.2087, -0.355 -0.0505 1.248, 0.374 0.1437 1.2087, 0.4134 0.1437 1.248, -0.4134 0.1437 1.248, -0.374 0.1437 1.2087, 0.3727 0.1539 1.2087, 0.4107 0.1641 1.248, 0.3687 0.1634 1.2087, 0.4028 0.1831 1.248, 0.3625 0.1715 1.2087, 0.3903 0.1994 1.248, 0.3543 0.1778 1.2087, 0.374 0.2119 1.248, 0.3448 0.1817 1.2087, 0.355 0.2198 1.248, 0.3346 0.1831 1.2087, 0.3346 0.2224 1.248, -0.3346 0.1831 1.2087, -0.3346 0.2224 1.248, -0.3448 0.1817 1.2087, -0.355 0.2198 1.248, -0.3543 0.1778 1.2087, -0.374 0.2119 1.248, -0.3625 0.1715 1.2087, -0.3903 0.1994 1.248, -0.3687 0.1634 1.2087, -0.4028 0.1831 1.248, -0.3727 0.1539 1.2087, -0.4107 0.1641 1.248
            ]
        }
        coordIndex [
            0,1,2,-1,2,1,3,-1,2,3,4,-1,4,3,5,-1,6,7,8,-1,8,7,9,-1,8,9,10,-1,10,9,11,-1,11,9,12,-1,11,12,13,-1,13,12,14,-1,15,16,17,-1,17,16,18,-1,16,15,19,-1,19,15,20,-1,19,20,21,-1,21,20,22,-1,21,22,23,-1,23,22,24,-1,23,24,25,-1,25,24,26,-1,25,26,27,-1,27,26,28,-1,27,28,29,-1,29,28,30,-1,31,32,33,-1,33,32,34,-1,33,34,35,-1,35,34,36,-1,35,36,37,-1,37,36,38,-1,37,38,39,-1,39,38,40,-1,39,40,41,-1,41,40,42,-1,41,42,18,-1,18,42,17,-1,29,30,43,-1,43,30,44,-1,32,31,45,-1,45,31,46,-1,43,44,47,-1,47,44,48,-1,47,48,49,-1,49,48,50,-1,49,50,51,-1,51,50,52,-1,51,52,53,-1,53,52,54,-1,53,54,55,-1,55,54,56,-1,55,56,57,-1,57,56,58,-1,59,60,61,-1,61,60,62,-1,61,62,63,-1,63,62,64,-1,63,64,65,-1,65,64,66,-1,65,66,67,-1,67,66,68,-1,67,68,69,-1,69,68,70,-1,69,70,46,-1,46,70,45,-1,60,59,58,-1,58,59,57,-1,
        ]
    }
}
Shape{
    appearance Appearance {
        material  Material 	{
            diffuseColor 0.2235294117647059 0.2235294117647059 0.2235294117647059
            specularColor 0.11372549019607843 0.11372549019607843 0.11372549019607843
            ambientIntensity 0.2235
            transparency 0.0
            shininess 0.5
        }
    }
    geometry IndexedFaceSet {
        ccw TRUE
        solid FALSE
        coord DEF co Coordinate {
            point [
                -1.6798 0.872 0.7812, -1.6405 0.8327 0.7781, -1.6413 0.8339 0.7651, -1.6802 0.8732 0.7723, -1.6414 0.834 0.7646, -1.6805 0.8738 0.7681, -1.6415 0.8355 0.7588, -1.6805 0.8739 0.7676, -1.6416 0.8373 0.7525, -1.6806 0.8741 0.7657, -1.6417 0.8385 0.748, -1.6806 0.8761 0.7608, -1.6806 0.8747 0.7643, -1.6417 0.8393 0.7462, -1.6417 0.8393 0.7462, -1.6806 0.8769 0.7589, -1.6417 0.8428 0.7405, -1.6807 0.8777 0.757, -1.6417 0.8498 0.7291, -1.6806 0.8826 0.748, -1.6807 0.8788 0.7544, -1.6793 0.8908 0.7367, -1.6417 0.8559 0.7215, -1.6752 0.9218 0.7142, -1.6417 0.9028 0.691, -1.6741 0.9369 0.7102, -1.6417 0.9228 0.6849, -1.6739 0.94 0.7094, -1.6417 0.9359 0.6837, -1.6739 0.9402 0.7094, -1.6755 0.9196 0.7154, -1.6757 0.9175 0.7165, -1.6417 0.896 0.6931, -1.6772 0.9055 0.723, -1.6417 0.8736 0.7055, -1.6774 0.904 0.7243, -1.6417 0.8726 0.7064, -1.6783 0.8978 0.7298, -1.6791 0.8923 0.7347, -1.673 0.9644 0.7087, -1.6737 0.9508 0.7087, -1.6417 0.9545 0.6823, -1.6417 0.9522 0.6822, -1.6534 1.0806 0.697, -1.6681 1.0689 0.7087, -1.6417 1.0689 0.6868, -1.6417 0.9698 0.6829, -1.6353 0.8327 0.8118, -1.6769 0.872 0.8071, -1.6316 0.8327 0.8353, -1.6699 0.872 0.8443, -1.6076 0.8327 0.9014, -1.6361 0.872 0.9375, -1.5814 0.872 1.0202, -1.5598 0.8327 0.9819, -1.6009 0.8327 0.9198, -1.5089 0.872 1.0878, -1.4938 0.8327 1.0484, -1.5513 0.8327 0.9948, -1.4226 0.872 1.1366, -1.4135 0.8327 1.0968, -1.4856 0.8327 1.056, -1.3273 0.872 1.1639, -1.3237 0.8327 1.1242, -1.4074 0.8327 1.1003, -1.2598 0.872 1.1693, -1.2598 0.8327 1.1299, -1.321 0.8327 1.125
            ]
        }
        coordIndex [
            0,1,2,-1,0,2,3,-1,3,2,4,-1,3,4,5,-1,5,4,6,-1,5,6,7,-1,7,6,8,-1,7,8,9,-1,10,11,8,-1,8,11,12,-1,8,12,9,-1,10,13,11,-1,11,13,14,-1,11,14,15,-1,15,14,16,-1,15,16,17,-1,18,19,16,-1,16,19,20,-1,16,20,17,-1,19,18,21,-1,21,18,22,-1,23,24,25,-1,25,24,26,-1,25,26,27,-1,27,26,28,-1,27,28,29,-1,23,30,24,-1,24,30,31,-1,24,31,32,-1,32,31,33,-1,32,33,34,-1,34,33,35,-1,34,35,36,-1,36,35,37,-1,36,37,22,-1,22,37,38,-1,22,38,21,-1,39,40,41,-1,29,28,40,-1,40,28,42,-1,40,42,41,-1,43,44,45,-1,45,44,39,-1,45,39,46,-1,46,39,41,-1,1,0,47,-1,47,0,48,-1,47,48,49,-1,49,48,50,-1,49,50,51,-1,51,50,52,-1,53,54,52,-1,52,54,55,-1,52,55,51,-1,56,57,53,-1,53,57,58,-1,53,58,54,-1,59,60,56,-1,56,60,61,-1,56,61,57,-1,62,63,59,-1,59,63,64,-1,59,64,60,-1,65,66,62,-1,62,66,67,-1,62,67,63,-1,
        ]
    }
}
Shape{
    appearance Appearance {
        material  Material 	{
            diffuseColor 0.8509803921568627 0.8509803921568627 0.8509803921568627
            specularColor 0.4235294117647059 0.4235294117647059 0.4235294117647059
            ambientIntensity 0.851
            transparency 0.0
            shininess 0.5
        }
    }
    geometry IndexedFaceSet {
        ccw TRUE
        solid FALSE
        coord DEF co Coordinate {
            point [
                -1.1417 0.872 1.1693, -1.1417 0.8327 1.1299, -1.2283 0.872 1.1693, -1.2598 0.8327 1.1299, -1.2598 0.872 1.1693
            ]
        }
        coordIndex [
            0,1,2,-1,2,1,3,-1,2,3,4,-1,
        ]
    }
}
Shape{
    appearance Appearance {
        material  Material 	{
            diffuseColor 0.2235294117647059 0.2235294117647059 0.2235294117647059
            specularColor 0.11372549019607843 0.11372549019607843 0.11372549019607843
            ambientIntensity 0.2235
            transparency 0.0
            shininess 0.5
        }
    }
    geometry IndexedFaceSet {
        ccw TRUE
        solid FALSE
        coord DEF co Coordinate {
            point [
                1.6737 1.0689 0.7087, 1.6562 1.0834 0.6942, 1.6417 1.0689 0.6822, 1.6737 0.9684 0.7087, 1.6417 0.9048 0.6902, 1.6756 0.9188 0.7159, 1.6417 0.9081 0.6888, 1.6755 0.9197 0.7155, 1.6417 0.9343 0.6832, 1.6744 0.9317 0.711, 1.6742 0.9369 0.7104, 1.6417 0.9397 0.6831, 1.6417 0.8597 0.7185, 1.6796 0.8893 0.7388, 1.6793 0.891 0.7369, 1.6417 0.866 0.7118, 1.6783 0.8977 0.7295, 1.6417 0.8732 0.707, 1.6781 0.8989 0.7282, 1.6417 0.887 0.6977, 1.6774 0.9041 0.7246, 1.676 0.9147 0.7174, 1.6417 0.8496 0.7293, 1.6806 0.8826 0.748, 1.68 0.8865 0.7419, 1.674 0.943 0.7096, 1.6737 0.9508 0.7087, 1.6417 0.9722 0.6822, 1.6417 0.9757 0.6822, 1.6405 0.8327 0.7781, 1.6798 0.872 0.7812, 1.6414 0.8352 0.761, 1.6801 0.8725 0.7753, 1.6803 0.8736 0.7698, 1.6803 0.8736 0.7697, 1.6417 0.836 0.7554, 1.6806 0.8752 0.7625, 1.6417 0.8386 0.748, 1.6417 0.8386 0.7479, 1.6806 0.8756 0.7617, 1.6806 0.8762 0.7605, 1.6417 0.8465 0.7342, 1.6806 0.8804 0.7523, 1.6417 0.8482 0.7312, 1.2598 0.8327 1.1299, 1.2598 0.872 1.1693, 1.321 0.8327 1.125, 1.3273 0.872 1.1639, 1.3237 0.8327 1.1242, 1.4226 0.872 1.1366, 1.5089 0.872 1.0878, 1.4135 0.8327 1.0968, 1.4074 0.8327 1.1003, 1.5814 0.872 1.0202, 1.4938 0.8327 1.0484, 1.4856 0.8327 1.056, 1.6361 0.872 0.9375, 1.5598 0.8327 0.9819, 1.5513 0.8327 0.9948, 1.6699 0.872 0.8443, 1.6076 0.8327 0.9014, 1.6009 0.8327 0.9198, 1.6769 0.872 0.8071, 1.6353 0.8327 0.8118, 1.6316 0.8327 0.8353, 1.2283 0.872 1.1693, 1.1417 0.8327 1.1299, 1.1417 0.872 1.1693
            ]
        }
        coordIndex [
            0,1,2,-1,0,2,3,-1,4,5,6,-1,6,5,7,-1,6,7,8,-1,7,9,8,-1,8,9,10,-1,8,10,11,-1,12,13,14,-1,12,14,15,-1,15,14,16,-1,15,16,17,-1,17,16,18,-1,17,18,19,-1,19,18,20,-1,19,20,4,-1,4,20,21,-1,4,21,5,-1,22,23,12,-1,12,23,24,-1,12,24,13,-1,10,25,11,-1,11,25,26,-1,11,26,27,-1,27,26,3,-1,27,3,28,-1,28,3,2,-1,29,30,31,-1,31,30,32,-1,32,33,31,-1,31,33,34,-1,31,34,35,-1,35,34,36,-1,35,36,37,-1,37,36,38,-1,36,39,38,-1,38,39,40,-1,38,40,41,-1,41,40,42,-1,41,42,43,-1,43,42,23,-1,43,23,22,-1,44,45,46,-1,46,45,47,-1,46,47,48,-1,48,47,49,-1,50,51,49,-1,49,51,52,-1,49,52,48,-1,53,54,50,-1,50,54,55,-1,50,55,51,-1,56,57,53,-1,53,57,58,-1,53,58,54,-1,59,60,56,-1,56,60,61,-1,56,61,57,-1,30,29,62,-1,62,29,63,-1,62,63,59,-1,59,63,64,-1,59,64,60,-1,45,44,65,-1,65,44,66,-1,65,66,67,-1,
        ]
    }
}
Shape{
    appearance Appearance {
        material  Material 	{
            diffuseColor 0.8509803921568627 0.8509803921568627 0.8509803921568627
            specularColor 0.4235294117647059 0.4235294117647059 0.4235294117647059
            ambientIntensity 0.851
            transparency 0.0
            shininess 0.5
        }
    }
    geometry IndexedFaceSet {
        ccw TRUE
        solid FALSE
        coord DEF co Coordinate {
            point [
                1.2598 -1.9508 0.1299, 1.2598 -2.0413 0.0709, 1.3448 -1.9508 0.1395, 1.358 -2.0413 0.0819, 1.4255 -1.9508 0.1677, 1.4512 -2.0413 0.1145, 1.4979 -1.9508 0.2132, 1.5348 -2.0413 0.1671, 1.5584 -1.9508 0.2737, 1.6046 -2.0413 0.2369, 1.6039 -1.9508 0.3461, 1.6571 -2.0413 0.3205, 1.6322 -1.9508 0.4268, 1.6897 -2.0413 0.4137, 1.6417 -1.9508 0.5118, 1.7008 -2.0413 0.5118, 1.6417 -1.9508 0.748, 1.7008 -2.0413 0.748, 1.2598 -1.9508 1.1299, 1.3236 -1.9508 1.1227, 1.2598 -2.0413 1.189, 1.358 -2.0413 1.1779, 1.3448 -1.9508 1.1203, 1.4135 -1.9508 1.0963, 1.4512 -2.0413 1.1453, 1.4255 -1.9508 1.0921, 1.4943 -1.9508 1.0489, 1.5348 -2.0413 1.0928, 1.4979 -1.9508 1.0466, 1.6046 -2.0413 1.023, 1.5584 -1.9508 0.9861, 1.5607 -1.9508 0.9825, 1.6571 -2.0413 0.9394, 1.6039 -1.9508 0.9137, 1.6081 -1.9508 0.9017, 1.6897 -2.0413 0.8462, 1.6345 -1.9508 0.8118, 1.6322 -1.9508 0.833, -1.2598 -1.9508 1.1299, -1.2598 -2.0413 1.189, -1.6417 -1.9508 0.748, -1.6345 -1.9508 0.8118, -1.7008 -2.0413 0.748, -1.6897 -2.0413 0.8462, -1.6322 -1.9508 0.833, -1.6081 -1.9508 0.9017, -1.6571 -2.0413 0.9394, -1.6039 -1.9508 0.9137, -1.5607 -1.9508 0.9825, -1.6046 -2.0413 1.023, -1.5584 -1.9508 0.9861, -1.5348 -2.0413 1.0928, -1.4979 -1.9508 1.0466, -1.4943 -1.9508 1.0489, -1.4512 -2.0413 1.1453, -1.4255 -1.9508 1.0921, -1.4135 -1.9508 1.0963, -1.358 -2.0413 1.1779, -1.3236 -1.9508 1.1227, -1.3448 -1.9508 1.1203, -1.6417 -1.9508 0.5118, -1.7008 -2.0413 0.5118, -1.6322 -1.9508 0.4268, -1.6897 -2.0413 0.4137, -1.6039 -1.9508 0.3461, -1.6571 -2.0413 0.3205, -1.5584 -1.9508 0.2737, -1.6046 -2.0413 0.2369, -1.4979 -1.9508 0.2132, -1.5348 -2.0413 0.1671, -1.4255 -1.9508 0.1677, -1.4512 -2.0413 0.1145, -1.3448 -1.9508 0.1395, -1.358 -2.0413 0.0819, -1.2598 -1.9508 0.1299, -1.2598 -2.0413 0.0709, 1.6417 -0.0256 0.5118, 1.6381 -0.0256 0.4595, 1.6417 -0.7224 0.5118, 1.6363 -0.7224 0.4478, 1.6353 -0.0256 0.4481, 1.6181 -0.0256 0.3796, 1.6093 -0.7224 0.3578, 1.6077 -0.0256 0.3586, 1.5815 -0.0256 0.3059, 1.5611 -0.7224 0.2771, 1.5594 -0.0256 0.2784, 1.5299 -0.0256 0.2418, 1.4946 -0.7224 0.2106, 1.4131 -0.0256 0.164, 1.4139 -0.7224 0.1624, 1.4657 -0.0256 0.1902, 1.4932 -0.0256 0.2123, 1.392 -0.0256 0.1535, 1.3665 -0.0256 0.1451, 1.3665 -0.1191 0.1451, 1.3238 -0.7224 0.1353, 1.2616 -0.7225 0.1299, 1.2633 -0.7224 0.1299, 1.2707 -0.123 0.1301, 1.278 -0.1227 0.1304, 1.3238 -0.1207 0.1355, 1.3213 -0.1208 0.1349, 1.3209 -0.1208 0.1349, 1.2707 -0.0256 0.1301, 1.2598 -0.0256 0.1299, 1.2598 -0.7226 0.1299, 1.3285 0.0138 0.0165, 1.3574 -0.7224 0.0214, 1.2644 -0.7224 0.0118, 1.2598 0.0138 0.0118, 1.2621 -0.7225 0.0118, 1.2598 -0.7226 0.0118, 1.3574 0.0138 0.0214, 1.4512 0.0138 0.0499, 1.4512 -0.7224 0.0499, 1.5376 0.0138 0.0961, 1.5376 -0.7224 0.0961, 1.5945 0.0138 0.1403, 1.6134 -0.7224 0.1583, 1.6134 0.0138 0.1583, 1.6756 0.0138 0.234, 1.6756 -0.7224 0.234, 1.7218 0.0138 0.3205, 1.7218 -0.7224 0.3205, 1.7502 0.0138 0.4143, 1.7502 -0.7224 0.4143, 1.7598 0.0138 0.5118, 1.7598 -0.7224 0.5118
            ]
        }
        coordIndex [
            0,1,2,-1,2,1,3,-1,2,3,4,-1,4,3,5,-1,4,5,6,-1,6,5,7,-1,6,7,8,-1,8,7,9,-1,8,9,10,-1,10,9,11,-1,10,11,12,-1,12,11,13,-1,12,13,14,-1,14,13,15,-1,14,15,16,-1,16,15,17,-1,18,19,20,-1,20,19,21,-1,19,22,21,-1,21,22,23,-1,21,23,24,-1,23,25,24,-1,24,25,26,-1,24,26,27,-1,27,26,28,-1,27,28,29,-1,28,30,29,-1,29,30,31,-1,29,31,32,-1,31,33,32,-1,32,33,34,-1,32,34,35,-1,16,17,36,-1,36,17,35,-1,36,35,37,-1,37,35,34,-1,18,20,38,-1,38,20,39,-1,40,41,42,-1,42,41,43,-1,41,44,43,-1,43,44,45,-1,43,45,46,-1,45,47,46,-1,46,47,48,-1,46,48,49,-1,49,48,50,-1,49,50,51,-1,50,52,51,-1,51,52,53,-1,51,53,54,-1,53,55,54,-1,54,55,56,-1,54,56,57,-1,38,39,58,-1,58,39,57,-1,58,57,59,-1,59,57,56,-1,40,42,60,-1,60,42,61,-1,60,61,62,-1,62,61,63,-1,62,63,64,-1,64,63,65,-1,64,65,66,-1,66,65,67,-1,66,67,68,-1,68,67,69,-1,68,69,70,-1,70,69,71,-1,70,71,72,-1,72,71,73,-1,72,73,74,-1,74,73,75,-1,1,0,75,-1,75,0,74,-1,76,77,78,-1,78,77,79,-1,77,80,79,-1,79,80,81,-1,79,81,82,-1,81,83,82,-1,82,83,84,-1,82,84,85,-1,84,86,85,-1,85,86,87,-1,85,87,88,-1,89,90,91,-1,91,90,88,-1,91,88,92,-1,92,88,87,-1,93,94,95,-1,89,93,90,-1,90,93,95,-1,90,95,96,-1,97,98,99,-1,99,98,100,-1,95,101,96,-1,96,101,102,-1,96,102,98,-1,98,102,103,-1,98,103,100,-1,104,105,99,-1,99,105,106,-1,99,106,97,-1,107,108,109,-1,107,109,110,-1,110,109,111,-1,110,111,112,-1,107,113,108,-1,108,113,114,-1,108,114,115,-1,115,114,116,-1,115,116,117,-1,117,116,118,-1,117,118,119,-1,118,120,119,-1,119,120,121,-1,119,121,122,-1,122,121,123,-1,122,123,124,-1,124,123,125,-1,124,125,126,-1,126,125,127,-1,126,127,128,-1,
        ]
    }
}
Shape{
    appearance Appearance {
        material  Material 	{
            diffuseColor 0.2235294117647059 0.2235294117647059 0.2235294117647059
            specularColor 0.11372549019607843 0.11372549019607843 0.11372549019607843
            ambientIntensity 0.2235
            transparency 0.0
            shininess 0.5
        }
    }
    geometry IndexedFaceSet {
        ccw TRUE
        solid FALSE
        coord DEF co Coordinate {
            point [
                1.2598 -0.7226 0.1299, 1.2598 -0.7226 0.0118, 1.2616 -0.7225 0.1299, 1.2621 -0.7225 0.0118, 1.2633 -0.7224 0.1299, 1.2644 -0.7224 0.0118
            ]
        }
        coordIndex [
            0,1,2,-1,2,1,3,-1,2,3,4,-1,4,3,5,-1,
        ]
    }
}
Shape{
    appearance Appearance {
        material  Material 	{
            diffuseColor 0.8509803921568627 0.8509803921568627 0.8509803921568627
            specularColor 0.4235294117647059 0.4235294117647059 0.4235294117647059
            ambientIntensity 0.851
            transparency 0.0
            shininess 0.5
        }
    }
    geometry IndexedFaceSet {
        ccw TRUE
        solid FALSE
        coord DEF co Coordinate {
            point [
                1.7598 -0.7224 0.5118, 1.6417 -0.7224 0.5118, 1.7502 -0.7224 0.4143, 1.6363 -0.7224 0.4478, 1.7218 -0.7224 0.3205, 1.6093 -0.7224 0.3578, 1.6756 -0.7224 0.234, 1.5611 -0.7224 0.2771, 1.6134 -0.7224 0.1583, 1.4946 -0.7224 0.2106, 1.2633 -0.7224 0.1299, 1.2644 -0.7224 0.0118, 1.3238 -0.7224 0.1353, 1.3574 -0.7224 0.0214, 1.4139 -0.7224 0.1624, 1.4512 -0.7224 0.0499, 1.5376 -0.7224 0.0961, 1.2616 -1.5491 0.1299, 1.2598 -1.549 0.1299, 1.2598 -1.9508 0.1299, 1.6417 -1.9508 0.5118, 1.6417 -1.5492 0.5118, 1.6322 -1.9508 0.4268, 1.6322 -1.5492 0.4268, 1.6039 -1.9508 0.3461, 1.6039 -1.5492 0.3461, 1.5584 -1.9508 0.2737, 1.5584 -1.5492 0.2737, 1.4979 -1.9508 0.2132, 1.4979 -1.5492 0.2132, 1.4255 -1.9508 0.1677, 1.4255 -1.5492 0.1677, 1.3448 -1.9508 0.1395, 1.3448 -1.5492 0.1395, 1.2633 -1.5492 0.1299, 1.3574 -2.0413 0.0214, 1.4512 -1.5492 0.0499, 1.4512 -2.0413 0.0499, 1.5376 -1.5492 0.0961, 1.5376 -2.0413 0.0961, 1.6134 -1.5492 0.1583, 1.6134 -2.0413 0.1583, 1.6756 -1.5492 0.234, 1.6756 -2.0413 0.234, 1.7218 -1.5492 0.3205, 1.7218 -2.0413 0.3205, 1.7502 -1.5492 0.4143, 1.7502 -2.0413 0.4143, 1.7598 -1.5492 0.5118, 1.7598 -2.0413 0.5118, 1.2598 -1.549 0.0118, 1.2621 -1.5491 0.0118, 1.2598 -2.0413 0.0118, 1.2644 -1.5492 0.0118, 1.3574 -1.5492 0.0214
            ]
        }
        coordIndex [
            0,1,2,-1,2,1,3,-1,2,3,4,-1,4,3,5,-1,4,5,6,-1,6,5,7,-1,6,7,8,-1,8,7,9,-1,10,11,12,-1,12,11,13,-1,12,13,14,-1,14,13,15,-1,14,15,9,-1,9,15,16,-1,9,16,8,-1,17,18,19,-1,20,21,22,-1,22,21,23,-1,22,23,24,-1,24,23,25,-1,24,25,26,-1,26,25,27,-1,26,27,28,-1,28,27,29,-1,28,29,30,-1,30,29,31,-1,30,31,32,-1,32,31,33,-1,32,33,19,-1,19,33,34,-1,19,34,17,-1,35,36,37,-1,37,36,38,-1,37,38,39,-1,39,38,40,-1,39,40,41,-1,41,40,42,-1,41,42,43,-1,43,42,44,-1,43,44,45,-1,45,44,46,-1,45,46,47,-1,47,46,48,-1,47,48,49,-1,50,51,52,-1,52,51,53,-1,52,53,35,-1,35,53,54,-1,35,54,36,-1,
        ]
    }
}
Shape{
    appearance Appearance {
        material  Material 	{
            diffuseColor 0.2235294117647059 0.2235294117647059 0.2235294117647059
            specularColor 0.11372549019607843 0.11372549019607843 0.11372549019607843
            ambientIntensity 0.2235
            transparency 0.0
            shininess 0.5
        }
    }
    geometry IndexedFaceSet {
        ccw TRUE
        solid FALSE
        coord DEF co Coordinate {
            point [
                1.2633 -1.5492 0.1299, 1.2644 -1.5492 0.0118, 1.2616 -1.5491 0.1299, 1.2621 -1.5491 0.0118, 1.2598 -1.549 0.1299, 1.2598 -1.549 0.0118
            ]
        }
        coordIndex [
            0,1,2,-1,2,1,3,-1,2,3,4,-1,4,3,5,-1,
        ]
    }
}
Shape{
    appearance Appearance {
        material  Material 	{
            diffuseColor 0.8509803921568627 0.8509803921568627 0.8509803921568627
            specularColor 0.4235294117647059 0.4235294117647059 0.4235294117647059
            ambientIntensity 0.851
            transparency 0.0
            shininess 0.5
        }
    }
    geometry IndexedFaceSet {
        ccw TRUE
        solid FALSE
        coord DEF co Coordinate {
            point [
                1.6046 -2.0413 0.2369, 1.6756 -2.0413 0.234, 1.6571 -2.0413 0.3205, 1.7218 -2.0413 0.3205, 1.6897 -2.0413 0.4137, 1.7502 -2.0413 0.4143, 1.7008 -2.0413 0.5118, 1.7598 -2.0413 0.5118, 1.2598 -2.0413 0.0709, 1.2598 -2.0413 0.0118, 1.358 -2.0413 0.0819, 1.3574 -2.0413 0.0214, 1.4512 -2.0413 0.1145, 1.4512 -2.0413 0.0499, 1.5348 -2.0413 0.1671, 1.5376 -2.0413 0.0961, 1.6134 -2.0413 0.1583, 1.6417 -1.5492 0.5118, 1.7598 -1.5492 0.5118, 1.6322 -1.5492 0.4268, 1.7502 -1.5492 0.4143, 1.6039 -1.5492 0.3461, 1.7218 -1.5492 0.3205, 1.5584 -1.5492 0.2737, 1.2644 -1.5492 0.0118, 1.2633 -1.5492 0.1299, 1.3574 -1.5492 0.0214, 1.3448 -1.5492 0.1395, 1.4512 -1.5492 0.0499, 1.4255 -1.5492 0.1677, 1.5376 -1.5492 0.0961, 1.4979 -1.5492 0.2132, 1.6134 -1.5492 0.1583, 1.6756 -1.5492 0.234, -1.2598 -0.7226 0.1299, -1.2598 -0.0256 0.1299, -1.2707 -0.123 0.1301, -1.2707 -0.0256 0.1301, -1.3208 -0.1208 0.1351, -1.3238 -0.7224 0.1353, -1.3163 -0.121 0.1341, -1.2633 -0.7224 0.1299, -1.2616 -0.7225 0.1299, -1.3665 -0.0256 0.1451, -1.392 -0.0256 0.1535, -1.3665 -0.1191 0.1451, -1.4139 -0.7224 0.1624, -1.3591 -0.1193 0.143, -1.3237 -0.1207 0.1357, -1.4131 -0.0256 0.164, -1.4657 -0.0256 0.1902, -1.4946 -0.7224 0.2106, -1.4932 -0.0256 0.2123, -1.5299 -0.0256 0.2418, -1.5611 -0.7224 0.2771, -1.5594 -0.0256 0.2784, -1.5815 -0.0256 0.3059, -1.6093 -0.7224 0.3578, -1.6077 -0.0256 0.3586, -1.6181 -0.0256 0.3796, -1.6363 -0.7224 0.4478, -1.6417 -0.0256 0.5118, -1.6417 -0.7224 0.5118, -1.6381 -0.0256 0.4595, -1.6353 -0.0256 0.4481, -1.7598 -0.7224 0.5118, -1.7598 0.0138 0.5118, -1.7502 0.0138 0.4143, -1.7502 -0.7224 0.4143, -1.7218 0.0138 0.3205, -1.7218 -0.7224 0.3205, -1.6756 0.0138 0.234, -1.6756 -0.7224 0.234, -1.6134 0.0138 0.1583, -1.6134 -0.7224 0.1583, -1.5945 0.0138 0.1403, -1.5376 -0.7224 0.0961, -1.2598 -0.7226 0.0118, -1.2621 -0.7225 0.0118, -1.2598 0.0138 0.0118, -1.2644 -0.7224 0.0118, -1.3285 0.0138 0.0165, -1.3574 -0.7224 0.0214, -1.3574 0.0138 0.0214, -1.4512 -0.7224 0.0499, -1.4512 0.0138 0.0499, -1.5376 0.0138 0.0961
            ]
        }
        coordIndex [
            0,1,2,-1,2,1,3,-1,2,3,4,-1,4,3,5,-1,4,5,6,-1,6,5,7,-1,8,9,10,-1,10,9,11,-1,10,11,12,-1,12,11,13,-1,12,13,14,-1,14,13,15,-1,14,15,0,-1,0,15,16,-1,0,16,1,-1,17,18,19,-1,19,18,20,-1,19,20,21,-1,21,20,22,-1,21,22,23,-1,24,25,26,-1,26,25,27,-1,26,27,28,-1,28,27,29,-1,28,29,30,-1,30,29,31,-1,30,31,32,-1,32,31,23,-1,32,23,33,-1,33,23,22,-1,34,35,36,-1,36,35,37,-1,38,39,40,-1,40,39,41,-1,40,41,36,-1,36,41,42,-1,36,42,34,-1,43,44,45,-1,45,44,46,-1,45,46,47,-1,47,46,39,-1,47,39,48,-1,48,39,38,-1,44,49,46,-1,46,49,50,-1,46,50,51,-1,50,52,51,-1,51,52,53,-1,51,53,54,-1,53,55,54,-1,54,55,56,-1,54,56,57,-1,56,58,57,-1,57,58,59,-1,57,59,60,-1,61,62,63,-1,63,62,60,-1,63,60,64,-1,64,60,59,-1,65,66,67,-1,65,67,68,-1,68,67,69,-1,68,69,70,-1,70,69,71,-1,70,71,72,-1,72,71,73,-1,72,73,74,-1,74,73,75,-1,74,75,76,-1,77,78,79,-1,79,78,80,-1,79,80,81,-1,81,80,82,-1,81,82,83,-1,83,82,84,-1,83,84,85,-1,85,84,76,-1,85,76,86,-1,86,76,75,-1,62,65,60,-1,60,65,68,-1,60,68,57,-1,57,68,70,-1,57,70,54,-1,80,41,82,-1,82,41,39,-1,82,39,84,-1,84,39,46,-1,84,46,76,-1,76,46,51,-1,76,51,74,-1,74,51,54,-1,74,54,72,-1,72,54,70,-1,
        ]
    }
}
Shape{
    appearance Appearance {
        material  Material 	{
            diffuseColor 0.2235294117647059 0.2235294117647059 0.2235294117647059
            specularColor 0.11372549019607843 0.11372549019607843 0.11372549019607843
            ambientIntensity 0.2235
            transparency 0.0
            shininess 0.5
        }
    }
    geometry IndexedFaceSet {
        ccw TRUE
        solid FALSE
        coord DEF co Coordinate {
            point [
                -1.2633 -0.7224 0.1299, -1.2644 -0.7224 0.0118, -1.2616 -0.7225 0.1299, -1.2621 -0.7225 0.0118, -1.2598 -0.7226 0.1299, -1.2598 -0.7226 0.0118
            ]
        }
        coordIndex [
            0,1,2,-1,2,1,3,-1,2,3,4,-1,4,3,5,-1,
        ]
    }
}
Shape{
    appearance Appearance {
        material  Material 	{
            diffuseColor 0.8509803921568627 0.8509803921568627 0.8509803921568627
            specularColor 0.4235294117647059 0.4235294117647059 0.4235294117647059
            ambientIntensity 0.851
            transparency 0.0
            shininess 0.5
        }
    }
    geometry IndexedFaceSet {
        ccw TRUE
        solid FALSE
        coord DEF co Coordinate {
            point [
                -1.6417 -1.5492 0.5118, -1.6417 -1.9508 0.5118, -1.6322 -1.5492 0.4268, -1.6322 -1.9508 0.4268, -1.6039 -1.5492 0.3461, -1.6039 -1.9508 0.3461, -1.5584 -1.5492 0.2737, -1.5584 -1.9508 0.2737, -1.4979 -1.5492 0.2132, -1.4979 -1.9508 0.2132, -1.4255 -1.5492 0.1677, -1.4255 -1.9508 0.1677, -1.3448 -1.5492 0.1395, -1.3448 -1.9508 0.1395, -1.2633 -1.5492 0.1299, -1.2598 -1.9508 0.1299, -1.2616 -1.5491 0.1299, -1.2598 -1.549 0.1299, -1.3574 -1.5492 0.0214, -1.2644 -1.5492 0.0118, -1.2598 -2.0413 0.0118, -1.2621 -1.5491 0.0118, -1.2598 -1.549 0.0118, -1.3574 -2.0413 0.0214, -1.4512 -2.0413 0.0499, -1.4512 -1.5492 0.0499, -1.5376 -2.0413 0.0961, -1.5376 -1.5492 0.0961, -1.6134 -2.0413 0.1583, -1.6134 -1.5492 0.1583, -1.6756 -2.0413 0.234, -1.6756 -1.5492 0.234, -1.7218 -2.0413 0.3205, -1.7218 -1.5492 0.3205, -1.7502 -2.0413 0.4143, -1.7502 -1.5492 0.4143, -1.7598 -2.0413 0.5118, -1.7598 -1.5492 0.5118
            ]
        }
        coordIndex [
            0,1,2,-1,2,1,3,-1,2,3,4,-1,4,3,5,-1,4,5,6,-1,6,5,7,-1,6,7,8,-1,8,7,9,-1,8,9,10,-1,10,9,11,-1,10,11,12,-1,12,11,13,-1,12,13,14,-1,14,13,15,-1,14,15,16,-1,16,15,17,-1,18,19,20,-1,20,19,21,-1,20,21,22,-1,20,23,18,-1,18,23,24,-1,18,24,25,-1,25,24,26,-1,25,26,27,-1,27,26,28,-1,27,28,29,-1,29,28,30,-1,29,30,31,-1,31,30,32,-1,31,32,33,-1,33,32,34,-1,33,34,35,-1,35,34,36,-1,35,36,37,-1,
        ]
    }
}
Shape{
    appearance Appearance {
        material  Material 	{
            diffuseColor 0.2235294117647059 0.2235294117647059 0.2235294117647059
            specularColor 0.11372549019607843 0.11372549019607843 0.11372549019607843
            ambientIntensity 0.2235
            transparency 0.0
            shininess 0.5
        }
    }
    geometry IndexedFaceSet {
        ccw TRUE
        solid FALSE
        coord DEF co Coordinate {
            point [
                -1.2598 -1.549 0.1299, -1.2598 -1.549 0.0118, -1.2616 -1.5491 0.1299, -1.2621 -1.5491 0.0118, -1.2633 -1.5492 0.1299, -1.2644 -1.5492 0.0118
            ]
        }
        coordIndex [
            0,1,2,-1,2,1,3,-1,2,3,4,-1,4,3,5,-1,
        ]
    }
}
Shape{
    appearance Appearance {
        material  Material 	{
            diffuseColor 0.8509803921568627 0.8509803921568627 0.8509803921568627
            specularColor 0.4235294117647059 0.4235294117647059 0.4235294117647059
            ambientIntensity 0.851
            transparency 0.0
            shininess 0.5
        }
    }
    geometry IndexedFaceSet {
        ccw TRUE
        solid FALSE
        coord DEF co Coordinate {
            point [
                -1.7598 -1.5492 0.5118, -1.6417 -1.5492 0.5118, -1.7502 -1.5492 0.4143, -1.6322 -1.5492 0.4268, -1.7218 -1.5492 0.3205, -1.6039 -1.5492 0.3461, -1.6756 -1.5492 0.234, -1.5584 -1.5492 0.2737, -1.6134 -1.5492 0.1583, -1.4979 -1.5492 0.2132, -1.2633 -1.5492 0.1299, -1.2644 -1.5492 0.0118, -1.3448 -1.5492 0.1395, -1.3574 -1.5492 0.0214, -1.4255 -1.5492 0.1677, -1.4512 -1.5492 0.0499, -1.5376 -1.5492 0.0961, -1.5348 -2.0413 0.1671, -1.5376 -2.0413 0.0961, -1.4512 -2.0413 0.1145, -1.4512 -2.0413 0.0499, -1.358 -2.0413 0.0819, -1.3574 -2.0413 0.0214, -1.2598 -2.0413 0.0709, -1.2598 -2.0413 0.0118, -1.7008 -2.0413 0.5118, -1.7598 -2.0413 0.5118, -1.6897 -2.0413 0.4137, -1.7502 -2.0413 0.4143, -1.6571 -2.0413 0.3205, -1.7218 -2.0413 0.3205, -1.6046 -2.0413 0.2369, -1.6756 -2.0413 0.234, -1.6134 -2.0413 0.1583, -1.4938 0.8327 1.0484, -1.4856 0.8327 1.056, -1.4135 -1.9508 1.0963, -1.4135 0.8327 1.0968, -1.3448 -1.9508 1.1203, -1.4074 0.8327 1.1003, -1.3236 -1.9508 1.1227, -1.3237 0.8327 1.1242, -1.2598 -1.9508 1.1299, -1.321 0.8327 1.125, -1.2598 0.8327 1.1299, -1.4255 -1.9508 1.0921, -1.4943 -1.9508 1.0489, -1.5513 0.8327 0.9948, -1.4979 -1.9508 1.0466, -1.5598 0.8327 0.9819, -1.6417 -1.9508 0.748, -1.6417 0.8385 0.748, -1.6416 0.8373 0.7525, -1.5584 -1.9508 0.9861, -1.5607 -1.9508 0.9825, -1.6009 0.8327 0.9198, -1.6039 -1.9508 0.9137, -1.6076 0.8327 0.9014, -1.6081 -1.9508 0.9017, -1.6316 0.8327 0.8353, -1.6322 -1.9508 0.833, -1.6353 0.8327 0.8118, -1.6345 -1.9508 0.8118, -1.6405 0.8327 0.7781, -1.6415 0.8355 0.7588, -1.6414 0.834 0.7646, -1.6413 0.8339 0.7651, -1.7551 0.872 0.8165, -1.7583 0.872 0.7874, -1.7598 -2.0413 0.748, -1.7592 0.8742 0.7713, -1.7595 0.8748 0.7667, -1.7596 0.8771 0.761, -1.7598 0.8816 0.7499, -1.7598 0.8826 0.748, -1.7551 -2.0413 0.8165, -1.7289 -2.0413 0.9211, -1.7289 0.872 0.9211, -1.681 -2.0413 1.0176, -1.681 0.872 1.0176, -1.6134 -2.0413 1.1016, -1.6134 0.872 1.1016, -1.5294 -2.0413 1.1691, -1.5294 0.872 1.1691, -1.4329 -2.0413 1.2171, -1.4329 0.872 1.2171, -1.3283 -2.0413 1.2433, -1.3283 0.872 1.2433, -1.2598 -2.0413 1.248, -1.2598 0.872 1.248, -1.6805 0.8738 0.7681, -1.6805 0.8739 0.7676, -1.6806 0.8826 0.748, -1.6807 0.8788 0.7544, -1.6807 0.8777 0.757, -1.6806 0.8769 0.7589, -1.6806 0.8741 0.7657, -1.6806 0.8747 0.7643, -1.6806 0.8761 0.7608, -1.6802 0.8732 0.7723, -1.6798 0.872 0.7812, -1.7538 0.872 0.8071, -1.6769 0.872 0.8071, -1.2598 0.872 1.2477, -1.3486 0.872 1.2366, -1.4447 0.872 1.2061, -1.5331 0.872 1.1576, -1.6105 0.872 1.0929, -1.674 0.872 1.0145, -1.7211 0.872 0.9253, -1.7501 0.872 0.8287, -1.6046 -2.0413 1.023, -1.6571 -2.0413 0.9394, -1.6897 -2.0413 0.8462, -1.7008 -2.0413 0.748, -1.2598 -2.0413 1.189, -1.358 -2.0413 1.1779, -1.4512 -2.0413 1.1453, -1.5348 -2.0413 1.0928
            ]
        }
        coordIndex [
            0,1,2,-1,2,1,3,-1,2,3,4,-1,4,3,5,-1,4,5,6,-1,6,5,7,-1,6,7,8,-1,8,7,9,-1,10,11,12,-1,12,11,13,-1,12,13,14,-1,14,13,15,-1,14,15,9,-1,9,15,16,-1,9,16,8,-1,17,18,19,-1,19,18,20,-1,19,20,21,-1,21,20,22,-1,21,22,23,-1,23,22,24,-1,25,26,27,-1,27,26,28,-1,27,28,29,-1,29,28,30,-1,29,30,31,-1,31,30,32,-1,31,32,17,-1,17,32,33,-1,17,33,18,-1,34,35,36,-1,36,35,37,-1,36,37,38,-1,38,37,39,-1,38,39,40,-1,40,39,41,-1,40,41,42,-1,42,41,43,-1,42,43,44,-1,36,45,34,-1,34,45,46,-1,34,46,47,-1,47,46,48,-1,47,48,49,-1,50,51,52,-1,48,53,49,-1,49,53,54,-1,49,54,55,-1,55,54,56,-1,55,56,57,-1,57,56,58,-1,57,58,59,-1,59,58,60,-1,59,60,61,-1,61,60,62,-1,61,62,63,-1,52,64,50,-1,50,64,65,-1,50,65,62,-1,62,65,66,-1,62,66,63,-1,67,68,69,-1,69,68,70,-1,69,70,71,-1,71,72,69,-1,69,72,73,-1,69,73,74,-1,69,75,67,-1,67,75,76,-1,67,76,77,-1,77,76,78,-1,77,78,79,-1,79,78,80,-1,79,80,81,-1,81,80,82,-1,81,82,83,-1,83,82,84,-1,83,84,85,-1,85,84,86,-1,85,86,87,-1,87,86,88,-1,87,88,89,-1,90,91,70,-1,92,74,93,-1,93,74,73,-1,93,73,94,-1,94,73,72,-1,94,72,95,-1,70,91,71,-1,91,96,71,-1,71,96,97,-1,71,97,72,-1,72,97,98,-1,72,98,95,-1,90,70,99,-1,99,70,68,-1,99,68,100,-1,101,102,100,-1,89,103,87,-1,87,103,104,-1,87,104,85,-1,85,104,105,-1,85,105,83,-1,83,105,106,-1,83,106,81,-1,81,106,107,-1,81,107,79,-1,79,107,108,-1,79,108,77,-1,108,109,77,-1,77,109,110,-1,77,110,67,-1,67,110,101,-1,67,101,68,-1,68,101,100,-1,111,78,112,-1,112,78,76,-1,112,76,113,-1,113,76,75,-1,113,75,114,-1,114,75,69,-1,115,88,116,-1,116,88,86,-1,116,86,117,-1,117,86,84,-1,117,84,118,-1,118,84,82,-1,118,82,111,-1,111,82,80,-1,111,80,78,-1,
        ]
    }
}
Shape{
    appearance Appearance {
        material  Material 	{
            diffuseColor 0.2235294117647059 0.2235294117647059 0.2235294117647059
            specularColor 0.11372549019607843 0.11372549019607843 0.11372549019607843
            ambientIntensity 0.2235
            transparency 0.0
            shininess 0.5
        }
    }
    geometry IndexedFaceSet {
        ccw TRUE
        solid FALSE
        coord DEF co Coordinate {
            point [
                -0.4839 0.624 1.1257, -0.4839 0.8878 1.1257, -0.4685 0.624 1.1289, -0.4685 0.8878 1.1289, -0.4528 0.624 1.1299, -0.4528 0.8878 1.1299
            ]
        }
        coordIndex [
            0,1,2,-1,2,1,3,-1,2,3,4,-1,4,3,5,-1,
        ]
    }
}
Shape{
    appearance Appearance {
        material  Material 	{
            diffuseColor 0.8509803921568627 0.8509803921568627 0.8509803921568627
            specularColor 0.4235294117647059 0.4235294117647059 0.4235294117647059
            ambientIntensity 0.851
            transparency 0.0
            shininess 0.5
        }
    }
    geometry IndexedFaceSet {
        ccw TRUE
        solid FALSE
        coord DEF co Coordinate {
            point [
                -0.4528 0.624 1.248, -0.4528 0.9272 1.248, -0.4842 0.9272 1.2459, -0.4842 0.624 1.2459, -0.515 0.9272 1.2397, -0.515 0.624 1.2397, -0.4528 0.624 1.1299, -0.4685 0.624 1.1289, -0.4839 0.624 1.1257, -0.4943 0.9272 1.1637, -0.4737 0.9272 1.1679, -0.4528 0.9272 1.1693, 1.6405 0.8327 0.7781, 1.6414 0.8352 0.761, 1.6417 -1.9508 0.748, 1.6417 0.836 0.7554, 1.6417 0.8386 0.748, 1.6353 0.8327 0.8118, 1.6345 -1.9508 0.8118, 1.6316 0.8327 0.8353, 1.6322 -1.9508 0.833, 1.6076 0.8327 0.9014, 1.6081 -1.9508 0.9017, 1.6009 0.8327 0.9198, 1.6039 -1.9508 0.9137, 1.5598 0.8327 0.9819, 1.5607 -1.9508 0.9825, 1.5513 0.8327 0.9948, 1.5584 -1.9508 0.9861, 1.4938 0.8327 1.0484, 1.4979 -1.9508 1.0466, 1.4943 -1.9508 1.0489, 1.4856 0.8327 1.056, 1.4255 -1.9508 1.0921, 1.4135 0.8327 1.0968, 1.4135 -1.9508 1.0963, 1.4074 0.8327 1.1003, 1.3448 -1.9508 1.1203, 1.3237 0.8327 1.1242, 1.3236 -1.9508 1.1227, 1.321 0.8327 1.125, 1.2598 -1.9508 1.1299, 1.2598 0.8327 1.1299, 1.7551 -2.0413 0.8165, 1.7289 0.872 0.9211, 1.7289 -2.0413 0.9211, 1.681 0.872 1.0176, 1.681 -2.0413 1.0176, 1.6134 0.872 1.1016, 1.6134 -2.0413 1.1016, 1.5294 0.872 1.1691, 1.5294 -2.0413 1.1691, 1.4329 0.872 1.2171, 1.4329 -2.0413 1.2171, 1.3283 0.872 1.2433, 1.3283 -2.0413 1.2433, 1.2598 0.872 1.248, 1.2598 -2.0413 1.248, 1.7595 0.8747 0.7669, 1.7598 -2.0413 0.748, 1.7596 0.8764 0.7629, 1.7598 0.8826 0.748, 1.7591 0.8738 0.7739, 1.7583 0.872 0.7874, 1.7551 0.872 0.8165, 1.6798 0.872 0.7812, 1.6801 0.8725 0.7753, 1.6806 0.8762 0.7605, 1.6806 0.8756 0.7617, 1.6806 0.8752 0.7625, 1.6803 0.8736 0.7697, 1.6803 0.8736 0.7698, 1.6806 0.8804 0.7523, 1.6806 0.8826 0.748, 1.7008 -2.0413 0.748, 1.6897 -2.0413 0.8462, 1.6571 -2.0413 0.9394, 1.6046 -2.0413 1.023, 1.2598 -2.0413 1.189, 1.358 -2.0413 1.1779, 1.4512 -2.0413 1.1453, 1.5348 -2.0413 1.0928, 1.6769 0.872 0.8071, 1.7538 0.872 0.8071, 1.7501 0.872 0.8287, 1.7211 0.872 0.9253, 1.674 0.872 1.0145, 1.6105 0.872 1.0929, 1.5331 0.872 1.1576, 1.4447 0.872 1.2061, 1.3486 0.872 1.2366, 1.2598 0.872 1.2477
            ]
        }
        coordIndex [
            0,1,2,-1,0,2,3,-1,3,2,4,-1,3,4,5,-1,6,0,7,-1,7,0,3,-1,7,3,8,-1,8,3,5,-1,9,4,10,-1,10,4,2,-1,10,2,11,-1,11,2,1,-1,12,13,14,-1,14,13,15,-1,14,15,16,-1,12,14,17,-1,17,14,18,-1,17,18,19,-1,19,18,20,-1,19,20,21,-1,21,20,22,-1,21,22,23,-1,23,22,24,-1,23,24,25,-1,25,24,26,-1,25,26,27,-1,27,26,28,-1,27,28,29,-1,28,30,29,-1,29,30,31,-1,29,31,32,-1,32,31,33,-1,32,33,34,-1,34,33,35,-1,34,35,36,-1,36,35,37,-1,36,37,38,-1,38,37,39,-1,38,39,40,-1,40,39,41,-1,40,41,42,-1,43,44,45,-1,45,44,46,-1,45,46,47,-1,47,46,48,-1,47,48,49,-1,49,48,50,-1,49,50,51,-1,51,50,52,-1,51,52,53,-1,53,52,54,-1,53,54,55,-1,55,54,56,-1,55,56,57,-1,58,59,60,-1,60,59,61,-1,58,62,59,-1,59,62,63,-1,59,63,43,-1,43,63,64,-1,43,64,44,-1,65,63,66,-1,66,63,62,-1,67,68,60,-1,60,68,69,-1,60,69,58,-1,58,69,70,-1,58,70,62,-1,62,70,71,-1,62,71,66,-1,67,60,72,-1,72,60,61,-1,72,61,73,-1,74,59,75,-1,75,59,43,-1,75,43,76,-1,76,43,45,-1,76,45,77,-1,57,78,55,-1,55,78,79,-1,55,79,53,-1,53,79,80,-1,53,80,51,-1,51,80,81,-1,51,81,49,-1,49,81,77,-1,49,77,47,-1,47,77,45,-1,65,82,63,-1,63,82,83,-1,63,83,64,-1,64,83,84,-1,64,84,44,-1,44,84,85,-1,44,85,46,-1,46,85,86,-1,46,86,48,-1,48,86,87,-1,48,87,50,-1,87,88,50,-1,50,88,89,-1,50,89,52,-1,52,89,90,-1,52,90,54,-1,54,90,91,-1,54,91,56,-1,
        ]
    }
}
Shape{
    appearance Appearance {
        material  Material 	{
            diffuseColor 0.2235294117647059 0.2235294117647059 0.2235294117647059
            specularColor 0.11372549019607843 0.11372549019607843 0.11372549019607843
            ambientIntensity 0.2235
            transparency 0.0
            shininess 0.5
        }
    }
    geometry IndexedFaceSet {
        ccw TRUE
        solid FALSE
        coord DEF co Coordinate {
            point [
                0.4839 0.8878 1.1257, 0.4839 0.624 1.1257, 0.4685 0.8878 1.1289, 0.4685 0.624 1.1289, 0.4528 0.8878 1.1299, 0.4528 0.624 1.1299
            ]
        }
        coordIndex [
            0,1,2,-1,2,1,3,-1,2,3,4,-1,4,3,5,-1,
        ]
    }
}
Shape{
    appearance Appearance {
        material  Material 	{
            diffuseColor 0.8509803921568627 0.8509803921568627 0.8509803921568627
            specularColor 0.4235294117647059 0.4235294117647059 0.4235294117647059
            ambientIntensity 0.851
            transparency 0.0
            shininess 0.5
        }
    }
    geometry IndexedFaceSet {
        ccw TRUE
        solid FALSE
        coord DEF co Coordinate {
            point [
                0.4528 0.9272 1.248, 0.4528 0.624 1.248, 0.4842 0.624 1.2459, 0.4842 0.9272 1.2459, 0.515 0.624 1.2397, 0.515 0.9272 1.2397, 0.4528 0.9272 1.1693, 0.4737 0.9272 1.1679, 0.4943 0.9272 1.1637, 0.4839 0.624 1.1257, 0.4685 0.624 1.1289, 0.4528 0.624 1.1299, 1.2598 -2.0413 1.189, 1.2598 -2.0413 1.248, -1.2598 -2.0413 1.189, -1.2598 -2.0413 1.248, 1.1417 0.565 1.1299, 1.1417 0.565 1.248, 1.1417 0.8327 1.1299, 1.1417 0.872 1.248, 1.1417 0.872 1.1693, 1.0827 0.5059 1.1299, 1.0827 0.5059 1.248, 1.0958 0.5074 1.1299, 1.0958 0.5074 1.248, 1.1083 0.5118 1.1299, 1.1083 0.5118 1.248, 1.1195 0.5188 1.1299, 1.1195 0.5188 1.248, 1.1288 0.5281 1.1299, 1.1288 0.5281 1.248, 1.1359 0.5393 1.1299, 1.1359 0.5393 1.248, 1.1403 0.5518 1.1299, 1.1403 0.5518 1.248, 0.4528 0.5059 1.1299, 0.4528 0.5059 1.248, 0.9744 0.5059 1.1299, 0.3937 0.565 1.1299, 0.3937 0.565 1.248, 0.3957 0.5497 1.1299, 0.3957 0.5497 1.248, 0.4016 0.5354 1.1299, 0.4016 0.5354 1.248, 0.411 0.5232 1.1299, 0.411 0.5232 1.248, 0.4232 0.5138 1.1299, 0.4232 0.5138 1.248, 0.4375 0.5079 1.1299, 0.4375 0.5079 1.248, 0.4375 0.622 1.1299, 0.4375 0.622 1.248, 0.4331 0.6206 1.1299, 0.4232 0.6161 1.248, 0.3957 0.5802 1.248, 0.3957 0.5802 1.1299, 0.4016 0.5945 1.248, 0.4016 0.5945 1.1299, 0.411 0.6067 1.248, 0.411 0.6067 1.1299, 0.4232 0.6161 1.1299, 0.3543 0.9272 1.248, 0.3543 0.9272 1.1693, -0.3937 0.565 1.1299, -0.3937 0.565 1.248, -0.3952 0.5781 1.1299, -0.3952 0.5781 1.248, -0.3995 0.5906 1.1299, -0.3995 0.5906 1.248, -0.4066 0.6018 1.1299, -0.4066 0.6018 1.248, -0.4159 0.6111 1.1299, -0.4159 0.6111 1.248, -0.4271 0.6182 1.1299, -0.4271 0.6182 1.248, -0.4331 0.6206 1.1299, -0.4396 0.6225 1.248, -0.4528 0.624 1.248, -0.4528 0.624 1.1299, -0.4396 0.6225 1.1299, -0.4528 0.5059 1.1299, -0.4528 0.5059 1.248, -0.4396 0.5074 1.1299, -0.4396 0.5074 1.248, -0.4271 0.5118 1.1299, -0.4271 0.5118 1.248, -0.4159 0.5188 1.1299, -0.4159 0.5188 1.248, -0.4066 0.5281 1.1299, -0.4066 0.5281 1.248, -0.3995 0.5393 1.1299, -0.3995 0.5393 1.248, -0.3952 0.5518 1.1299, -0.3952 0.5518 1.248, -1.0827 0.5059 1.248, -0.9744 0.5059 1.1299, -1.0827 0.5059 1.1299, -1.1417 0.565 1.1299, -1.1417 0.565 1.248, -1.1397 0.5497 1.1299, -1.1397 0.5497 1.248, -1.1338 0.5354 1.1299, -1.1338 0.5354 1.248, -1.1244 0.5232 1.1299, -1.1244 0.5232 1.248, -1.1122 0.5138 1.1299, -1.1122 0.5138 1.248, -1.098 0.5079 1.1299, -1.098 0.5079 1.248, -1.1417 0.872 1.1693, -1.1417 0.872 1.248, -1.1417 0.8327 1.1299, -0.9744 0.1831 1.1299, -1.2598 0.8327 1.1299, -1.2598 -1.9508 1.1299, -0.4331 0.1831 1.1299, -0.4557 -0.0335 1.1299, -0.8435 -0.0335 1.1299, -0.8435 -0.1909 1.1299, -0.3727 0.1539 1.1299, -0.374 0.1437 1.1299, -0.374 0.0256 1.1299, -0.3448 0.1817 1.1299, -0.3543 0.1778 1.1299, -0.4331 0.2815 1.1299, -0.3625 0.1715 1.1299, -0.3687 0.1634 1.1299, 0.3727 0.0154 1.1299, 0.374 0.0256 1.1299, 0.4557 -0.0335 1.1299, 0.3543 0.1778 1.1299, 0.3448 0.1817 1.1299, 0.4331 0.2815 1.1299, 0.3346 0.1831 1.1299, -0.3346 0.1831 1.1299, 0.374 0.1437 1.1299, 0.4331 0.1831 1.1299, 0.8435 -0.0335 1.1299, 0.9744 0.1831 1.1299, 0.8435 -0.1909 1.1299, 0.3727 0.1539 1.1299, 0.3687 0.1634 1.1299, 0.3625 0.1715 1.1299, 0.3346 -0.0138 1.1299, 0.3448 -0.0124 1.1299, 0.4557 -0.1909 1.1299, 0.3543 -0.0085 1.1299, 0.3625 -0.0022 1.1299, 0.3687 0.0059 1.1299, 1.2598 -1.9508 1.1299, 1.2598 0.8327 1.1299, -0.3543 -0.0085 1.1299, -0.3448 -0.0124 1.1299, -0.4557 -0.1909 1.1299, -0.3346 -0.0138 1.1299, -0.3727 0.0154 1.1299, -0.3687 0.0059 1.1299, -0.3625 -0.0022 1.1299, -0.374 0.0256 1.2087, -0.374 0.1437 1.2087, -0.3727 0.1539 1.2087, -0.3687 0.1634 1.2087, -0.3625 0.1715 1.2087, -0.3543 0.1778 1.2087, -0.3448 0.1817 1.2087, -0.3346 0.1831 1.2087, 0.3346 0.1831 1.2087, 0.3448 0.1817 1.2087, 0.3543 0.1778 1.2087, 0.3625 0.1715 1.2087, 0.3687 0.1634 1.2087, 0.3727 0.1539 1.2087, 0.374 0.1437 1.2087, 0.374 0.0256 1.2087, 0.3903 0.1994 1.248, 0.4028 0.1831 1.248, 0.374 -0.0426 1.248, 0.355 -0.0505 1.248, 0.3346 -0.0531 1.248, -0.3346 -0.0531 1.248, -0.355 -0.0505 1.248, -0.374 -0.0426 1.248, 0.4107 0.1641 1.248, 0.4134 0.1437 1.248, 0.4134 0.0256 1.248, 0.4107 0.0052 1.248, 0.4028 -0.0138 1.248, 0.3903 -0.0301 1.248, 0.374 0.2119 1.248, 0.355 0.2198 1.248, 0.3346 0.2224 1.248, -0.3346 0.2224 1.248, -0.355 0.2198 1.248, 1.2598 0.872 1.248, -0.2956 0.8598 1.248, -0.3028 0.8584 1.248, -1.2598 0.872 1.248, -0.3903 -0.0301 1.248, -0.4028 -0.0138 1.248, -0.4107 0.0052 1.248, -0.4134 0.0256 1.248, -0.3543 0.9272 1.248, -0.4528 0.9272 1.248, -0.3322 0.8761 1.248, -0.3285 0.8698 1.248, -0.289 0.863 1.248, 0.3322 0.8761 1.248, -0.4134 0.1437 1.248, -0.4107 0.1641 1.248, 0.2756 0.8878 1.248, -0.2756 0.8878 1.248, 0.2765 0.8805 1.248, -0.2765 0.8805 1.248, -0.2792 0.8737 1.248, 0.3101 0.8587 1.248, 0.3028 0.8584 1.248, 0.2956 0.8598 1.248, 0.289 0.863 1.248, 0.2834 0.8678 1.248, 0.2792 0.8737 1.248, -0.374 0.2119 1.248, -0.2834 0.8678 1.248, 0.3285 0.8698 1.248, 0.3233 0.8646 1.248, 0.3171 0.8608 1.248, -0.4028 0.1831 1.248, -0.3903 0.1994 1.248, -0.3233 0.8646 1.248, -0.3171 0.8608 1.248, -0.3101 0.8587 1.248, 0.3346 -0.0138 1.2087, -0.3346 -0.0138 1.2087, -0.3448 -0.0124 1.2087, -0.3543 -0.0085 1.2087, -0.3625 -0.0022 1.2087, -0.3687 0.0059 1.2087, -0.3727 0.0154 1.2087, 0.3727 0.0154 1.2087, 0.3687 0.0059 1.2087, 0.3625 -0.0022 1.2087, 0.3543 -0.0085 1.2087, 0.3448 -0.0124 1.2087, 1.6417 0.1335 0.454, 1.6417 0.1508 0.4715, 1.6417 0.8602 0.4252, 1.6417 -1.9508 0.748, 1.6417 0.8386 0.748, 1.6417 -0.1329 0.7283, 1.6417 -0.0728 0.7283, 1.6417 -0.0728 0.5315, 1.6417 -0.0213 0.5602, 1.6417 -0.0255 0.536, 1.6417 0.004 0.6018, 1.6417 -0.0113 0.5826, 1.6417 -0.1329 0.5315, 1.6417 -0.7224 0.5315, 1.6417 -0.7245 0.5468, 1.6417 -0.7304 0.561, 1.6417 -1.5472 0.5468, 1.6417 -1.9508 0.5118, 1.6417 -1.5492 0.5315, 1.6417 -1.5492 0.5118, 1.6417 -0.0256 0.5315, 1.6417 -0.0256 0.5118, 1.6417 -0.7224 0.5118, 1.6417 -0.8233 0.5733, 1.6417 -0.8326 0.561, 1.6417 -1.4331 0.5468, 1.6417 -0.8385 0.5468, 1.6417 -0.8406 0.5315, 1.6417 -1.5197 0.5826, 1.6417 -1.5319 0.5733, 1.6417 -1.5413 0.561, 1.6417 0.5965 -0.0787, 1.6417 0.5965 0.0906, 1.6417 0.9869 0.2894, 1.6417 0.1319 0.248, 1.6417 0.1319 0.4528, 1.6417 0.2106 0.1693, 1.6417 0.5177 0.1693, 1.6417 -0.7397 0.5733, 1.6417 -0.752 0.5826, 1.6417 -0.7662 0.5885, 1.6417 -0.7815 0.5906, 1.6417 -0.7968 0.5885, 1.6417 -0.811 0.5826, 1.6417 -1.439 0.561, 1.6417 -1.4484 0.5733, 1.6417 -1.4606 0.5826, 1.6417 -1.4749 0.5885, 1.6417 -1.4902 0.5906, 1.6417 -1.5054 0.5885, 1.6417 0.9937 0.2948, 1.6417 0.9961 0.2985, 1.6417 1.0689 -0.1312, 1.6417 0.0949 0.6274, 1.6417 0.0704 0.6299, 1.6417 0.866 0.2932, 1.6417 0.8701 0.29, 1.6417 0.8748 0.2881, 1.6417 0.8799 0.2874, 1.6417 0.9902 -0.2362, 1.6417 0.7146 -0.2362, 1.6417 0.9906 0.2917, 1.6417 0.9974 0.4303, 1.6417 0.9954 0.435, 1.6417 1.0689 0.6822, 1.6417 0.9923 0.4391, 1.6417 0.0461 0.6262, 1.6417 0.0235 0.6167, 1.6417 0.1708 0.5408, 1.6417 0.8609 0.4303, 1.6417 0.1701 0.5162, 1.6417 0.1633 0.4926, 1.6417 0.1655 0.5647, 1.6417 0.1544 0.5866, 1.6417 0.1382 0.6051, 1.6417 0.9783 0.2874, 1.6417 0.9827 0.2879, 1.6417 -0.9587 -0.2362, 1.6417 -1.313 -0.2362, 1.6417 -0.8406 -0.0787, 1.6417 -1.4311 -0.0787, 1.6417 -1.4311 0.5315, 1.6417 0.9975 0.3027, 1.6417 0.998 0.3071, 1.6417 0.998 0.4252, 1.6417 0.1179 0.619, 1.6417 0.8629 0.435, 1.6417 0.866 0.4391, 1.6417 0.8602 0.3071, 1.6417 0.8609 0.302, 1.6417 0.8629 0.2972, 1.6417 0.8465 0.7342, 1.6417 0.8482 0.7312, 1.6417 0.8748 0.4442, 1.6417 0.887 0.6977, 1.6417 0.8732 0.707, 1.6417 0.866 0.7118, 1.6417 0.8701 0.4422, 1.6417 0.8386 0.7479, 1.6417 0.8496 0.7293, 1.6417 0.8597 0.7185, 1.6417 0.9048 0.6902, 1.6417 0.9081 0.6888, 1.6417 0.8799 0.4449, 1.6417 0.9882 0.4422, 1.6417 0.9834 0.4442, 1.6417 0.9757 0.6822, 1.6417 0.9783 0.4449, 1.6417 0.9343 0.6832, 1.6417 0.9397 0.6831, 1.6417 0.9722 0.6822, 1.7008 -2.0413 0.5118, 1.7598 -2.0413 0.5118, 1.7008 -2.0413 0.748, 1.7598 -2.0413 0.748, 1.6806 0.8826 0.748, 1.7598 0.8826 0.748, 1.68 0.8865 0.7419, 1.7598 0.8906 0.7366, 1.6796 0.8893 0.7388, 1.6793 0.891 0.7369, 1.6783 0.8977 0.7295, 1.7598 0.9038 0.7242, 1.6781 0.8989 0.7282, 1.6755 0.9197 0.7155, 1.6756 0.9188 0.7159, 1.7598 0.9195 0.7151, 1.676 0.9147 0.7174, 1.6774 0.9041 0.7246, 1.6744 0.9317 0.711, 1.7598 0.9368 0.7099, 1.6742 0.9369 0.7104, 1.674 0.943 0.7096, 1.7598 0.9508 0.7087, 1.6737 0.9508 0.7087, 1.6737 0.9684 0.7087, 1.7598 1.0689 0.7087, 1.6737 1.0689 0.7087, 1.7598 -1.4311 -0.0787, 1.7598 -1.4311 0.5315, 1.7598 -1.313 -0.2362, 1.7598 -0.9587 -0.2362, 1.7598 -0.8406 -0.0787, 1.7598 -0.8406 0.5315, 1.7598 -0.7815 0.5906, 1.7598 -0.7968 0.5885, 1.7598 -0.811 0.5826, 1.7598 -0.8233 0.5733, 1.7598 -0.8326 0.561, 1.7598 -0.8385 0.5468, 1.7598 -0.7224 0.5315, 1.7598 -0.7245 0.5468, 1.7598 -0.7304 0.561, 1.7598 -0.7397 0.5733, 1.7598 -0.752 0.5826, 1.7598 -0.7662 0.5885, 1.7598 -0.7224 0.5118
            ]
        }
        coordIndex [
            0,1,2,-1,0,2,3,-1,3,2,4,-1,3,4,5,-1,6,0,7,-1,7,0,3,-1,7,3,8,-1,8,3,5,-1,9,4,10,-1,10,4,2,-1,10,2,11,-1,11,2,1,-1,12,13,14,-1,14,13,15,-1,16,17,18,-1,18,17,19,-1,18,19,20,-1,21,22,23,-1,23,22,24,-1,23,24,25,-1,25,24,26,-1,25,26,27,-1,27,26,28,-1,27,28,29,-1,29,28,30,-1,29,30,31,-1,31,30,32,-1,31,32,33,-1,33,32,34,-1,33,34,16,-1,16,34,17,-1,35,36,37,-1,37,36,22,-1,37,22,21,-1,38,39,40,-1,40,39,41,-1,40,41,42,-1,42,41,43,-1,42,43,44,-1,44,43,45,-1,44,45,46,-1,46,45,47,-1,46,47,48,-1,48,47,49,-1,48,49,35,-1,35,49,36,-1,11,1,50,-1,50,1,51,-1,50,51,52,-1,52,51,53,-1,39,38,54,-1,54,38,55,-1,54,55,56,-1,56,55,57,-1,56,57,58,-1,58,57,59,-1,58,59,53,-1,53,59,60,-1,53,60,52,-1,61,0,62,-1,62,0,6,-1,63,64,65,-1,65,64,66,-1,65,66,67,-1,67,66,68,-1,67,68,69,-1,69,68,70,-1,69,70,71,-1,71,70,72,-1,71,72,73,-1,73,72,74,-1,73,74,75,-1,75,74,76,-1,77,78,76,-1,76,78,79,-1,76,79,75,-1,80,81,82,-1,82,81,83,-1,82,83,84,-1,84,83,85,-1,84,85,86,-1,86,85,87,-1,86,87,88,-1,88,87,89,-1,88,89,90,-1,90,89,91,-1,90,91,92,-1,92,91,93,-1,92,93,63,-1,63,93,64,-1,81,80,94,-1,94,80,95,-1,94,95,96,-1,97,98,99,-1,99,98,100,-1,99,100,101,-1,101,100,102,-1,101,102,103,-1,103,102,104,-1,103,104,105,-1,105,104,106,-1,105,106,107,-1,107,106,108,-1,107,108,96,-1,96,108,94,-1,109,110,111,-1,111,110,98,-1,111,98,97,-1,96,95,112,-1,111,97,113,-1,113,97,99,-1,113,99,114,-1,114,99,101,-1,114,101,103,-1,103,105,114,-1,114,105,107,-1,114,107,96,-1,115,116,112,-1,112,116,117,-1,112,117,118,-1,119,120,115,-1,115,120,121,-1,115,121,116,-1,122,123,124,-1,124,123,125,-1,124,125,115,-1,115,125,126,-1,115,126,119,-1,127,128,129,-1,130,131,132,-1,132,131,133,-1,132,133,124,-1,124,133,134,-1,124,134,122,-1,128,135,129,-1,129,135,136,-1,129,136,137,-1,137,136,138,-1,137,138,139,-1,135,140,136,-1,136,140,141,-1,136,141,132,-1,132,141,142,-1,132,142,130,-1,143,144,145,-1,144,146,145,-1,145,146,147,-1,145,147,129,-1,129,147,148,-1,129,148,127,-1,149,33,150,-1,150,33,16,-1,150,16,18,-1,151,152,153,-1,153,152,154,-1,21,23,149,-1,149,23,25,-1,149,25,27,-1,27,29,149,-1,149,29,31,-1,149,31,33,-1,121,155,116,-1,116,155,156,-1,116,156,153,-1,153,156,157,-1,153,157,151,-1,96,112,114,-1,114,112,118,-1,114,118,149,-1,149,118,153,-1,149,153,145,-1,145,153,154,-1,145,154,143,-1,37,21,138,-1,138,21,149,-1,138,149,139,-1,139,149,145,-1,158,121,159,-1,159,121,120,-1,159,120,160,-1,160,120,119,-1,160,119,161,-1,161,119,126,-1,161,126,162,-1,162,126,125,-1,162,125,163,-1,163,125,123,-1,163,123,164,-1,164,123,122,-1,164,122,165,-1,165,122,134,-1,165,134,166,-1,166,134,133,-1,166,133,167,-1,167,133,131,-1,167,131,168,-1,168,131,130,-1,168,130,169,-1,169,130,142,-1,169,142,170,-1,170,142,141,-1,170,141,171,-1,171,141,140,-1,171,140,172,-1,172,140,135,-1,172,135,173,-1,173,135,128,-1,174,175,22,-1,176,177,13,-1,13,177,178,-1,13,178,15,-1,178,179,15,-1,15,179,180,-1,15,180,181,-1,22,175,24,-1,24,175,182,-1,24,182,26,-1,182,183,26,-1,26,183,184,-1,26,184,28,-1,30,28,13,-1,184,185,28,-1,28,185,186,-1,28,186,13,-1,13,186,187,-1,13,187,176,-1,174,22,188,-1,188,22,36,-1,188,36,189,-1,189,36,49,-1,189,49,190,-1,190,49,47,-1,190,47,191,-1,191,47,45,-1,191,45,192,-1,19,17,193,-1,193,17,34,-1,193,34,13,-1,13,34,32,-1,13,32,30,-1,194,195,54,-1,104,15,106,-1,106,15,108,-1,104,102,15,-1,15,102,100,-1,15,100,196,-1,196,100,98,-1,196,98,110,-1,181,197,15,-1,15,197,198,-1,15,198,108,-1,108,198,199,-1,108,199,200,-1,201,202,203,-1,203,202,77,-1,203,77,204,-1,194,54,205,-1,205,54,56,-1,205,56,58,-1,1,0,51,-1,51,0,61,-1,51,61,206,-1,200,207,108,-1,108,207,208,-1,108,208,94,-1,209,210,211,-1,211,210,212,-1,211,212,213,-1,214,215,53,-1,53,215,216,-1,216,217,53,-1,53,217,218,-1,53,218,219,-1,45,43,192,-1,192,43,41,-1,192,41,220,-1,213,221,211,-1,211,221,205,-1,211,205,219,-1,219,205,58,-1,219,58,53,-1,206,222,51,-1,51,222,223,-1,51,223,53,-1,53,223,224,-1,53,224,214,-1,208,225,94,-1,94,225,226,-1,94,226,81,-1,81,226,220,-1,81,220,83,-1,83,220,85,-1,204,77,227,-1,227,77,76,-1,227,76,228,-1,228,76,74,-1,228,74,72,-1,72,70,228,-1,228,70,54,-1,228,54,229,-1,229,54,195,-1,70,68,54,-1,54,68,66,-1,54,66,39,-1,39,66,64,-1,39,64,41,-1,41,64,93,-1,93,91,41,-1,41,91,89,-1,41,89,220,-1,220,89,87,-1,220,87,85,-1,230,143,231,-1,231,143,154,-1,231,154,232,-1,232,154,152,-1,232,152,233,-1,233,152,151,-1,233,151,234,-1,234,151,157,-1,234,157,235,-1,235,157,156,-1,235,156,236,-1,236,156,155,-1,236,155,158,-1,158,155,121,-1,173,128,237,-1,237,128,127,-1,237,127,238,-1,238,127,148,-1,238,148,239,-1,239,148,147,-1,239,147,240,-1,240,147,146,-1,240,146,241,-1,241,146,144,-1,241,144,230,-1,230,144,143,-1,242,243,244,-1,245,246,247,-1,247,246,248,-1,249,250,251,-1,248,252,249,-1,249,252,253,-1,249,253,250,-1,254,255,247,-1,247,255,256,-1,247,256,257,-1,245,258,259,-1,259,258,260,-1,259,260,261,-1,251,262,249,-1,249,262,263,-1,249,263,254,-1,254,263,264,-1,254,264,255,-1,265,266,267,-1,267,266,268,-1,267,268,269,-1,270,271,245,-1,245,271,272,-1,245,272,258,-1,273,274,275,-1,276,277,278,-1,278,277,242,-1,278,242,279,-1,279,242,244,-1,257,280,247,-1,247,280,281,-1,247,281,282,-1,282,283,247,-1,247,283,284,-1,247,284,267,-1,267,284,285,-1,267,285,265,-1,267,286,247,-1,247,286,287,-1,247,287,288,-1,288,289,247,-1,247,289,290,-1,247,290,245,-1,245,290,291,-1,245,291,270,-1,292,293,294,-1,295,296,248,-1,297,298,274,-1,274,298,299,-1,274,299,300,-1,301,302,294,-1,294,302,273,-1,273,275,294,-1,294,275,303,-1,294,303,292,-1,304,305,306,-1,306,305,307,-1,296,308,248,-1,248,308,309,-1,248,309,252,-1,310,311,312,-1,312,311,244,-1,312,244,313,-1,313,244,243,-1,310,314,311,-1,311,314,315,-1,311,315,316,-1,300,317,274,-1,274,317,318,-1,274,318,275,-1,319,320,321,-1,321,320,322,-1,321,322,269,-1,269,322,323,-1,269,323,267,-1,293,324,294,-1,294,324,325,-1,294,325,306,-1,306,325,326,-1,306,326,304,-1,316,327,311,-1,311,327,295,-1,311,295,328,-1,328,295,248,-1,328,248,329,-1,244,330,279,-1,279,330,331,-1,279,331,274,-1,274,331,332,-1,274,332,297,-1,333,334,335,-1,336,335,337,-1,337,335,338,-1,329,248,339,-1,339,248,246,-1,339,246,335,-1,335,246,340,-1,335,340,333,-1,334,341,335,-1,335,341,342,-1,335,342,338,-1,336,343,335,-1,335,343,344,-1,335,344,345,-1,307,346,306,-1,306,346,347,-1,306,347,348,-1,348,347,349,-1,344,350,345,-1,345,350,351,-1,345,351,349,-1,349,351,352,-1,349,352,348,-1,353,354,355,-1,355,354,356,-1,357,358,359,-1,359,358,360,-1,359,360,361,-1,361,360,362,-1,362,360,363,-1,363,360,364,-1,363,364,365,-1,366,367,368,-1,368,367,369,-1,368,369,364,-1,364,369,370,-1,364,370,365,-1,366,368,371,-1,371,368,372,-1,371,372,373,-1,373,372,374,-1,374,372,375,-1,374,375,376,-1,376,375,377,-1,377,375,378,-1,377,378,379,-1,380,381,322,-1,322,381,323,-1,382,380,320,-1,320,380,322,-1,382,320,383,-1,383,320,319,-1,383,319,384,-1,384,319,321,-1,269,385,321,-1,321,385,384,-1,283,386,284,-1,284,386,387,-1,284,387,285,-1,285,387,388,-1,285,388,265,-1,265,388,389,-1,265,389,266,-1,266,389,390,-1,266,390,268,-1,268,390,391,-1,268,391,269,-1,269,391,385,-1,255,392,256,-1,256,392,393,-1,256,393,257,-1,257,393,394,-1,257,394,280,-1,280,394,395,-1,280,395,281,-1,281,395,396,-1,281,396,282,-1,282,396,397,-1,282,397,283,-1,283,397,386,-1,392,255,398,-1,398,255,264,-1,
        ]
    }
}
Shape{
    appearance Appearance {
        material  Material 	{
            diffuseColor 0.2235294117647059 0.2235294117647059 0.2235294117647059
            specularColor 0.11372549019607843 0.11372549019607843 0.11372549019607843
            ambientIntensity 0.2235
            transparency 0.0
            shininess 0.5
        }
    }
    geometry IndexedFaceSet {
        ccw TRUE
        solid FALSE
        coord DEF co Coordinate {
            point [
                1.6811 0.0138 0.5315, 1.7598 0.0138 0.5315, 1.6811 0.0138 0.5118, 1.7598 0.0138 0.5118
            ]
        }
        coordIndex [
            0,1,2,-1,2,1,3,-1,
        ]
    }
}
Shape{
    appearance Appearance {
        material  Material 	{
            diffuseColor 0.8509803921568627 0.8509803921568627 0.8509803921568627
            specularColor 0.4235294117647059 0.4235294117647059 0.4235294117647059
            ambientIntensity 0.851
            transparency 0.0
            shininess 0.5
        }
    }
    geometry IndexedFaceSet {
        ccw TRUE
        solid FALSE
        coord DEF co Coordinate {
            point [
                1.6811 0.0728 0.5906, 1.7598 0.0728 0.5906, 1.6811 0.0714 0.5905, 1.7598 0.0576 0.5885, 1.7598 0.0433 0.5826, 1.6811 0.0568 0.5883, 1.6811 0.0576 0.5885, 1.6811 0.0311 0.5732, 1.6811 0.0315 0.5737, 1.7598 0.0311 0.5733, 1.6811 0.0433 0.5826, 1.6811 0.0433 0.5826, 1.6811 0.0224 0.5622, 1.7598 0.0217 0.561, 1.6811 0.0218 0.561, 1.6811 0.0163 0.5487, 1.7598 0.0158 0.5468, 1.6811 0.016 0.5467, 1.6811 0.0138 0.5342, 1.7598 0.0138 0.5315, 1.6811 0.0138 0.5315, 1.6811 0.1319 0.5315, 1.7598 0.1319 0.5315, 1.6811 0.1316 0.5371, 1.7598 0.1299 0.5468, 1.6811 0.1295 0.5467, 1.6811 0.1284 0.5514, 1.7598 0.124 0.561, 1.6811 0.1236 0.5609, 1.6811 0.1218 0.5646, 1.7598 0.1146 0.5733, 1.6811 0.1143 0.573, 1.6811 0.112 0.5757, 1.7598 0.1024 0.5826, 1.6811 0.1022 0.5824, 1.6811 0.0999 0.584, 1.7598 0.0881 0.5885, 1.6811 0.088 0.5883, 1.6811 0.0861 0.5891, 1.6799 0.1319 0.5222, 1.6793 0.1319 0.5171, 1.6749 0.1319 0.5057, 1.7598 0.1319 0.248, 1.671 0.1319 0.4956, 1.6643 0.1319 0.485, 1.6417 0.1319 0.4528, 1.6417 0.1319 0.248, 1.6441 0.1319 0.4558, 1.654 0.1319 0.4687, 1.6417 0.2106 0.1693, 1.7598 0.2106 0.1693, 1.7598 0.5177 0.1693, 1.6417 0.5177 0.1693, 1.6417 0.5965 0.0906, 1.7598 0.5965 0.0906, 1.7598 0.5965 -0.0787, 1.6417 0.5965 -0.0787, 1.7598 0.7146 -0.2362, 1.6417 0.7146 -0.2362, 1.7598 0.9902 -0.2362, 1.6417 0.9902 -0.2362, 1.6811 1.1083 -0.0787, 1.7598 1.1083 -0.0787, 1.6417 1.0689 -0.1312, 1.7598 -1.5492 0.5118, 1.6417 -1.5492 0.5118, 1.7598 -1.5492 0.5315, 1.6417 -1.5492 0.5315, 1.6417 -1.4902 0.5906, 1.7598 -1.4902 0.5906, 1.6417 -1.5054 0.5885, 1.7598 -1.5054 0.5885, 1.6417 -1.5197 0.5826, 1.7598 -1.5197 0.5826, 1.6417 -1.5319 0.5733, 1.7598 -1.5319 0.5733, 1.6417 -1.5413 0.561, 1.7598 -1.5413 0.561, 1.6417 -1.5472 0.5468, 1.7598 -1.5472 0.5468, 1.6417 -1.4311 0.5315, 1.7598 -1.4311 0.5315, 1.6417 -1.4331 0.5468, 1.7598 -1.4331 0.5468, 1.6417 -1.439 0.561, 1.7598 -1.439 0.561, 1.6417 -1.4484 0.5733, 1.7598 -1.4484 0.5733, 1.6417 -1.4606 0.5826, 1.7598 -1.4606 0.5826, 1.6417 -1.4749 0.5885, 1.7598 -1.4749 0.5885, -1.6417 -0.7815 0.5906, -1.6417 -0.1329 0.5315, -1.6417 -0.1329 0.7283, -1.6417 0.1424 0.6011, -1.6417 0.1581 0.5807, -1.6417 0.8385 0.748, -1.6417 0.9961 0.2985, -1.6417 0.9937 0.2948, -1.6417 1.0689 -0.1312, -1.6417 -0.7662 0.5885, -1.6417 -0.752 0.5826, -1.6417 -0.7397 0.5733, -1.6417 -1.9508 0.5118, -1.6417 -1.5492 0.5118, -1.6417 -1.5492 0.5315, -1.6417 -1.9508 0.748, -1.6417 -0.811 0.5826, -1.6417 -0.7968 0.5885, -1.6417 0.0474 0.6266, -1.6417 -0.0728 0.7283, -1.6417 0.0236 0.6167, -1.6417 0.0032 0.6011, -1.6417 0.8799 0.2874, -1.6417 0.8748 0.2881, -1.6417 0.5965 0.0906, -1.6417 1.0689 0.6868, -1.6417 0.998 0.4252, -1.6417 0.998 0.3071, -1.6417 0.9975 0.3027, -1.6417 0.7146 -0.2362, -1.6417 0.9902 -0.2362, -1.6417 0.5965 -0.0787, -1.6417 -0.7304 0.561, -1.6417 -0.7245 0.5468, -1.6417 -0.7224 0.5315, -1.6417 -1.5472 0.5468, -1.6417 -1.5413 0.561, -1.6417 -0.8385 0.5468, -1.6417 -0.8326 0.561, -1.6417 -0.8233 0.5733, -1.6417 0.9783 0.2874, -1.6417 0.866 0.4391, -1.6417 0.8701 0.4422, -1.6417 0.8748 0.4442, -1.6417 0.8393 0.7462, -1.6417 -0.0728 0.5315, -1.6417 -0.0222 0.557, -1.6417 -0.0124 0.5807, -1.6417 0.0728 0.6299, -1.6417 0.0983 0.6266, -1.6417 0.122 0.6167, -1.6417 0.9906 0.2917, -1.6417 0.9869 0.2894, -1.6417 0.9827 0.2879, -1.6417 0.8629 0.2972, -1.6417 0.5177 0.1693, -1.6417 0.8609 0.302, -1.6417 0.8602 0.3071, -1.6417 0.8602 0.4252, -1.6417 0.8609 0.4303, -1.6417 0.8629 0.435, -1.6417 0.9906 0.4406, -1.6417 0.9937 0.4375, -1.6417 -0.7224 0.5118, -1.6417 -0.0256 0.5118, -1.6417 -0.0256 0.5315, -1.6417 -1.5319 0.5733, -1.6417 -1.5197 0.5826, -1.6417 -1.5054 0.5885, -1.6417 -1.4484 0.5733, -1.6417 -1.439 0.561, -1.6417 -1.4331 0.5468, -1.6417 -1.4311 0.5315, -1.6417 0.1466 0.4664, -1.6417 0.1319 0.4528, -1.6417 0.1319 0.248, -1.6417 0.8701 0.29, -1.6417 0.866 0.2932, -1.6417 0.896 0.6931, -1.6417 0.8736 0.7055, -1.6417 0.9961 0.4337, -1.6417 0.9975 0.4296, -1.6417 0.8726 0.7064, -1.6417 0.8559 0.7215, -1.6417 0.8498 0.7291, -1.6417 0.1679 0.557, -1.6417 0.1713 0.5315, -1.6417 0.1691 0.511, -1.6417 0.1607 0.4872, -1.6417 0.2106 0.1693, -1.6417 -1.4902 0.5906, -1.6417 -1.4749 0.5885, -1.6417 -1.4606 0.5826, -1.6417 0.8428 0.7405, -1.6417 0.8393 0.7462, -1.6417 -1.313 -0.2362, -1.6417 -0.9587 -0.2362, -1.6417 -1.4311 -0.0787, -1.6417 -0.8406 -0.0787, -1.6417 -0.8406 0.5315, -1.6417 0.9545 0.6823, -1.6417 0.9522 0.6822, -1.6417 0.9783 0.4449, -1.6417 0.9359 0.6837, -1.6417 0.8799 0.4449, -1.6417 0.9228 0.6849, -1.6417 0.9028 0.691, -1.6417 0.9698 0.6829, -1.6417 0.9827 0.4444, -1.6417 0.9869 0.4429, -1.6737 0.9508 0.7087, -1.7598 0.9508 0.7087, -1.6739 0.9402 0.7094, -1.7598 0.9368 0.7099, -1.6739 0.94 0.7094, -1.6741 0.9369 0.7102, -1.6752 0.9218 0.7142, -1.7598 0.9195 0.7151, -1.6755 0.9196 0.7154, -1.7598 0.9038 0.7242, -1.6772 0.9055 0.723, -1.6757 0.9175 0.7165, -1.6793 0.8908 0.7367, -1.6791 0.8923 0.7347, -1.6783 0.8978 0.7298, -1.6774 0.904 0.7243, -1.7598 0.8906 0.7366, -1.7598 0.8826 0.748, -1.6806 0.8826 0.748, -1.7598 0.9902 -0.2362, -1.7598 0.7146 -0.2362, -1.7598 1.1083 -0.0787, -1.7598 0.5965 -0.0787, -1.7598 0.5965 0.0906, -1.7598 0.8225 0.5026, -1.7598 0.813 0.4987, -1.7598 0.8048 0.4924, -1.7598 0.7986 0.4843, -1.7598 0.5177 0.1693, -1.7598 0.7946 0.4748, -1.7598 0.7933 0.4646, -1.7598 -2.0413 0.748, -1.7598 -1.5472 0.5468, -1.7598 -2.0413 0.5118, -1.7598 -1.5492 0.5315, -1.7598 -1.5492 0.5118, -1.7598 0.8327 0.5039, -1.7598 0.7933 0.2677, -1.7598 0.7946 0.2575, -1.7598 0.7986 0.248, -1.7598 0.8048 0.2399, -1.7598 0.813 0.2336, -1.7598 0.8225 0.2297, -1.7598 0.8327 0.2283, -1.7598 1.1083 0.2283, -1.7598 0.1319 0.5315, -1.7598 0.1299 0.5468, -1.7598 0.0433 0.5826, -1.7598 0.0311 0.5733, -1.7598 0.0217 0.561, -1.7598 0.0158 0.5468, -1.7598 -1.5054 0.5885, -1.7598 -1.5197 0.5826, -1.7598 0.124 0.561, -1.7598 0.1146 0.5733, -1.7598 0.1024 0.5826, -1.7598 -0.811 0.5826, -1.7598 -0.8233 0.5733, -1.7598 -0.8326 0.561, -1.7598 -0.8385 0.5468, -1.7598 -1.5319 0.5733, -1.7598 -1.5413 0.561, -1.7598 0.0881 0.5885, -1.7598 0.0728 0.5906, -1.7598 0.0576 0.5885, -1.7598 -0.7304 0.561, -1.7598 -0.7397 0.5733, -1.7598 -0.752 0.5826, -1.7598 -1.439 0.561, -1.7598 -1.4484 0.5733, -1.7598 1.1083 0.6693, -1.7598 1.1083 0.5039, -1.7598 1.0689 0.7087, -1.7598 0.1319 0.248, -1.7598 0.2106 0.1693, -1.7598 0.0138 0.5118, -1.7598 -0.7224 0.5118, -1.7598 0.0138 0.5315, -1.7598 -0.7224 0.5315, -1.7598 -0.7245 0.5468, -1.7598 -1.4606 0.5826, -1.7598 -1.4749 0.5885, -1.7598 -1.4902 0.5906, -1.7598 -0.7662 0.5885, -1.7598 -0.7815 0.5906, -1.7598 -0.7968 0.5885, -1.7598 -0.9587 -0.2362, -1.7598 -1.313 -0.2362, -1.7598 -0.8406 -0.0787, -1.7598 -1.4311 -0.0787, -1.7598 -0.8406 0.5315, -1.7598 -1.4311 0.5315, -1.7598 -1.4331 0.5468, -1.7008 -2.0413 0.748, -1.7008 -2.0413 0.5118, -1.6681 1.0689 0.7087, -1.673 0.9644 0.7087, -1.7205 1.1083 0.4646, -1.6811 1.1083 0.6693, -1.7205 1.1083 0.2677, -1.6811 1.1083 -0.0787, -1.6808 0.1319 0.5258, -1.6811 0.1319 0.5315, -1.6791 0.1319 0.5188, -1.6601 0.1319 0.4783, -1.6652 0.1319 0.4853, -1.6733 0.1319 0.5013, -1.6763 0.1319 0.5074, -1.6811 0.0728 0.5906, -1.6811 0.0881 0.5885, -1.6811 0.1024 0.5826, -1.6811 0.1146 0.5733, -1.6811 0.124 0.561, -1.6811 0.1299 0.5468, -1.6811 0.0138 0.5315, -1.6811 0.0158 0.5468, -1.6811 0.0217 0.561, -1.6811 0.0311 0.5733, -1.6811 0.0433 0.5826, -1.6811 0.0576 0.5885, -1.6811 0.0138 0.5118, -1.2598 -0.7226 0.1299, -1.2598 -0.7226 0.0118, -1.2464 -0.7252 0.1299, -1.2464 -0.7252 0.0118, -1.234 -0.7309 0.1299, -1.234 -0.7309 0.0118, -1.234 -1.5408 0.1299, -1.234 -1.5408 0.0118, -1.2464 -1.5464 0.1299, -1.2464 -1.5464 0.0118, -1.2598 -1.549 0.1299, -1.2598 -1.549 0.0118, -1.1811 0.0846 0.0118, -1.1811 0.0532 0.0118, -1.1811 0.0846 0.1299, -1.1811 0.0532 0.0512, -1.1811 -0.0256 0.1299, -1.1417 0.124 0.0906, -0.4134 0.124 0.0906, -1.1417 0.124 0.0118, -0.4134 0.124 0.0118, -0.374 0.0846 0.1299, -0.374 0.0256 0.1299, -0.374 0.0846 0.0118, -0.374 0.0256 0.0118, -1.0799 -1.4483 0.0118, -1.0799 -1.4483 0.1299, -1.0512 -1.3977 0.1299, -1.0512 -1.3977 0.0118, -1.0531 -1.4127 0.1299, -1.0531 -1.4127 0.0118, -1.0588 -1.4268 0.1299, -1.0588 -1.4268 0.0118, -1.068 -1.4389 0.1299, -1.068 -1.4389 0.0118, -1.0512 -0.874 0.0118, -1.0512 -0.874 0.1299, -1.0799 -0.8233 0.1299, -1.0799 -0.8233 0.0118, -1.068 -0.8328 0.1299, -1.068 -0.8328 0.0118, -1.0588 -0.8449 0.1299, -1.0588 -0.8449 0.0118, -1.0531 -0.8589 0.1299, -1.0531 -0.8589 0.0118, -1.2598 -2.0413 0.0118, 1.2598 -2.0413 0.0118, -1.2598 -2.0413 0.0709, 1.2598 -2.0413 0.0709, 1.2598 -1.549 0.1299, 1.2598 -1.549 0.0118, 1.2464 -1.5464 0.1299, 1.2464 -1.5464 0.0118, 1.234 -1.5408 0.1299, 1.234 -1.5408 0.0118, 1.234 -0.7309 0.1299, 1.234 -0.7309 0.0118, 1.2464 -0.7252 0.1299, 1.2464 -0.7252 0.0118, 1.2598 -0.7226 0.1299, 1.2598 -0.7226 0.0118, 1.068 -1.4389 0.0118, 1.0588 -1.4268 0.0118, 1.0799 -1.4483 0.0118, 1.2598 0.0138 0.0118, 1.185 0.0361 0.0118, 1.1897 0.0286 0.0118, 0.373 0.0168 0.0118, -1.1821 0.0444 0.0118, 1.0588 -0.8449 0.0118, 1.0531 -0.8589 0.0118, 1.0512 -0.874 0.0118, 0.3517 -0.0099 0.0118, 0.3592 -0.0052 0.0118, 1.2117 0.0148 0.0118, 1.0799 -0.8233 0.0118, 1.068 -0.8328 0.0118, 0.3654 0.001 0.0118, 0.3701 0.0085 0.0118, 1.1959 0.0224 0.0118, 1.2034 0.0177 0.0118, -0.373 0.0168 0.0118, 0.3434 -0.0128 0.0118, 1.2205 0.0138 0.0118, -0.3779 0.1017 0.0118, -0.375 0.0934 0.0118, -0.3517 -0.0099 0.0118, -0.3434 -0.0128 0.0118, -0.3346 -0.0138 0.0118, 0.3346 -0.0138 0.0118, -1.1798 0.0948 0.0118, -1.2598 0.0138 0.0118, -1.2205 0.0138 0.0118, -1.2117 0.0148 0.0118, -1.2034 0.0177 0.0118, -1.1959 0.0224 0.0118, -1.1897 0.0286 0.0118, -1.185 0.0361 0.0118, 1.0512 -1.3977 0.0118, 1.0531 -1.4127 0.0118, -0.3654 0.001 0.0118, -0.3592 -0.0052 0.0118, -0.3701 0.0085 0.0118, -1.1758 0.1043 0.0118, -1.1696 0.1125 0.0118, 0.4134 0.124 0.0118, 1.1417 0.124 0.0118, 1.1811 0.0846 0.0118, 1.1505 0.123 0.0118, 1.1801 0.0934 0.0118, -1.1614 0.1187 0.0118, -1.1519 0.1227 0.0118, -0.4046 0.123 0.0118, -0.3963 0.1201 0.0118, 0.4032 0.1227 0.0118, 0.374 0.0846 0.0118, 0.374 0.0256 0.0118, 1.1811 0.0532 0.0118, 1.1821 0.0444 0.0118, 1.1588 0.1201 0.0118, 1.1663 0.1154 0.0118, 1.1725 0.1092 0.0118, -0.3888 0.1154 0.0118, -0.3826 0.1092 0.0118, 1.1772 0.1017 0.0118, 0.3754 0.0948 0.0118, 0.3793 0.1043 0.0118, 0.3937 0.1187 0.0118, 0.3855 0.1125 0.0118, -1.2598 -1.9508 0.1299, 1.2598 -1.9508 0.1299, -0.4557 -0.1909 0.1299, -0.8435 -0.1909 0.1299, 1.1811 -0.0256 0.1299, -0.4557 -0.0335 0.1299, 0.4557 -0.0335 0.1299, 1.2598 -0.0256 0.1299, 1.0799 -1.4483 0.1299, 0.4557 -0.1909 0.1299, 1.0588 -0.8449 0.1299, 0.8435 -0.1909 0.1299, 0.8435 -0.0335 0.1299, -0.3517 -0.0099 0.1299, -0.3592 -0.0052 0.1299, 1.1811 0.0846 0.1299, 0.374 0.0846 0.1299, -0.3434 -0.0128 0.1299, 1.068 -1.4389 0.1299, 1.0588 -1.4268 0.1299, 1.0531 -1.4127 0.1299, 1.0512 -1.3977 0.1299, 1.0512 -0.874 0.1299, 1.0531 -0.8589 0.1299, 0.374 0.0256 0.1299, 0.373 0.0168 0.1299, 0.3701 0.0085 0.1299, -1.2598 -0.0256 0.1299, 0.3654 0.001 0.1299, 0.3592 -0.0052 0.1299, 0.3517 -0.0099 0.1299, -0.3654 0.001 0.1299, -0.3701 0.0085 0.1299, -0.8435 -0.0335 0.1299, -0.373 0.0168 0.1299, 1.068 -0.8328 0.1299, 1.0799 -0.8233 0.1299, 0.3434 -0.0128 0.1299, 0.3346 -0.0138 0.1299, -0.3346 -0.0138 0.1299, 1.1811 0.0532 0.0512, 1.1417 0.124 0.0906, 0.4134 0.124 0.0906, -0.4528 0.8878 1.1299, -0.4528 0.9272 1.1693, -0.4331 0.8878 1.1299, -0.3543 0.9272 1.1693, -0.3373 0.8878 1.1299, -0.3543 0.9272 1.248, -0.4528 0.9272 1.248, 1.7598 0.8225 0.2297, 1.7598 0.813 0.2336, 1.7598 0.8327 0.2283, 1.7598 0.8826 0.748, 1.7598 1.1083 0.2283, 1.7598 0.7933 0.4646, 1.7598 0.7946 0.4748, 1.7598 -2.0413 0.748, 1.7598 -2.0413 0.5118, 1.7598 -0.7304 0.561, 1.7598 -0.7397 0.5733, 1.7598 -0.752 0.5826, 1.7598 0.7933 0.2677, 1.7598 0.8048 0.2399, 1.7598 0.7986 0.248, 1.7598 0.7946 0.2575, 1.7598 0.7986 0.4843, 1.7598 0.8048 0.4924, 1.7598 0.813 0.4987, 1.7598 0.8225 0.5026, 1.7598 0.8906 0.7366, 1.7598 0.9038 0.7242, 1.7598 -0.8385 0.5468, 1.7598 -0.8406 0.5315, 1.7598 -0.8406 -0.0787, 1.7598 -1.4311 -0.0787, 1.7598 -0.9587 -0.2362, 1.7598 -1.313 -0.2362, 1.7598 -0.8326 0.561, 1.7598 -0.8233 0.5733, 1.7598 -0.811 0.5826, 1.7598 0.9195 0.7151, 1.7598 0.8327 0.5039, 1.7598 0.9368 0.7099, 1.7598 -0.7968 0.5885, 1.7598 -0.7815 0.5906, 1.7598 -0.7662 0.5885, 1.7598 1.1083 0.5039, 1.7598 1.1083 0.6693, 1.7598 -0.7224 0.5118, 1.7598 0.0138 0.5118, 1.7598 -0.7224 0.5315, 1.7598 -0.7245 0.5468, 1.7598 0.9508 0.7087, 1.7598 1.0689 0.7087, 1.7205 1.1083 0.2677, 1.6811 1.1083 0.6693, 1.7205 1.1083 0.4646
            ]
        }
        coordIndex [
            0,1,2,-1,2,1,3,-1,4,5,3,-1,3,5,6,-1,3,6,2,-1,7,8,9,-1,9,8,10,-1,9,10,4,-1,4,10,11,-1,4,11,5,-1,7,9,12,-1,12,9,13,-1,12,13,14,-1,14,13,15,-1,15,13,16,-1,15,16,17,-1,17,16,18,-1,18,16,19,-1,18,19,20,-1,21,22,23,-1,23,22,24,-1,23,24,25,-1,25,24,26,-1,26,24,27,-1,26,27,28,-1,28,27,29,-1,29,27,30,-1,29,30,31,-1,31,30,32,-1,32,30,33,-1,32,33,34,-1,34,33,35,-1,35,33,36,-1,35,36,37,-1,37,36,38,-1,38,36,1,-1,38,1,0,-1,22,21,39,-1,39,40,22,-1,22,40,41,-1,22,41,42,-1,42,41,43,-1,42,43,44,-1,45,46,47,-1,47,46,42,-1,47,42,48,-1,48,42,44,-1,46,49,42,-1,42,49,50,-1,50,49,51,-1,51,49,52,-1,52,53,51,-1,51,53,54,-1,54,53,55,-1,55,53,56,-1,55,56,57,-1,57,56,58,-1,57,58,59,-1,59,58,60,-1,61,62,63,-1,63,62,59,-1,63,59,60,-1,64,65,66,-1,66,65,67,-1,68,69,70,-1,70,69,71,-1,70,71,72,-1,72,71,73,-1,72,73,74,-1,74,73,75,-1,74,75,76,-1,76,75,77,-1,76,77,78,-1,78,77,79,-1,78,79,67,-1,67,79,66,-1,80,81,82,-1,82,81,83,-1,82,83,84,-1,84,83,85,-1,84,85,86,-1,86,85,87,-1,86,87,88,-1,88,87,89,-1,88,89,90,-1,90,89,91,-1,90,91,68,-1,68,91,69,-1,92,93,94,-1,95,96,97,-1,98,99,100,-1,92,101,93,-1,93,101,102,-1,93,102,103,-1,104,105,106,-1,107,108,109,-1,110,111,112,-1,112,111,113,-1,114,115,116,-1,117,118,119,-1,117,119,100,-1,100,119,120,-1,100,120,98,-1,121,122,123,-1,123,122,100,-1,123,100,116,-1,103,124,93,-1,93,124,125,-1,93,125,126,-1,104,106,107,-1,107,106,127,-1,107,127,128,-1,129,130,107,-1,107,130,131,-1,107,131,108,-1,114,116,132,-1,133,134,97,-1,97,134,135,-1,97,135,136,-1,111,97,94,-1,94,97,107,-1,94,107,92,-1,92,107,109,-1,137,138,111,-1,111,138,139,-1,111,139,113,-1,110,140,111,-1,111,140,141,-1,111,141,97,-1,97,141,142,-1,97,142,95,-1,99,143,100,-1,100,143,144,-1,100,144,116,-1,116,144,145,-1,116,145,132,-1,116,146,147,-1,147,146,148,-1,147,148,149,-1,149,150,147,-1,147,150,151,-1,147,151,97,-1,97,151,152,-1,97,152,133,-1,153,154,117,-1,126,155,93,-1,93,155,156,-1,93,156,137,-1,137,156,157,-1,137,157,138,-1,128,158,107,-1,107,158,159,-1,107,159,160,-1,161,162,129,-1,129,162,163,-1,129,163,164,-1,165,166,167,-1,115,168,116,-1,116,168,169,-1,116,169,146,-1,170,171,135,-1,154,172,117,-1,117,172,173,-1,117,173,118,-1,171,174,135,-1,135,174,175,-1,135,175,176,-1,96,177,97,-1,97,177,178,-1,97,178,147,-1,147,178,179,-1,179,180,147,-1,147,180,165,-1,147,165,181,-1,181,165,167,-1,160,182,107,-1,107,182,183,-1,107,183,129,-1,129,183,184,-1,129,184,161,-1,176,185,135,-1,135,185,186,-1,135,186,136,-1,187,188,189,-1,189,188,190,-1,189,190,164,-1,164,190,191,-1,164,191,129,-1,192,193,194,-1,194,193,195,-1,194,195,196,-1,196,195,197,-1,196,197,135,-1,135,197,198,-1,135,198,170,-1,192,194,199,-1,199,194,200,-1,199,200,117,-1,117,200,201,-1,117,201,153,-1,202,203,204,-1,204,203,205,-1,204,205,206,-1,206,205,207,-1,207,205,208,-1,208,205,209,-1,208,209,210,-1,211,212,209,-1,209,212,213,-1,209,213,210,-1,214,215,211,-1,215,216,211,-1,211,216,217,-1,211,217,212,-1,211,218,214,-1,214,218,219,-1,214,219,220,-1,221,222,223,-1,223,222,224,-1,223,224,225,-1,226,227,219,-1,219,227,228,-1,219,228,229,-1,230,231,232,-1,233,234,235,-1,235,234,236,-1,235,236,237,-1,219,218,226,-1,226,218,211,-1,226,211,238,-1,238,211,209,-1,238,209,205,-1,232,239,230,-1,230,239,240,-1,230,240,225,-1,225,240,241,-1,241,242,225,-1,225,242,243,-1,225,243,244,-1,244,245,225,-1,225,245,246,-1,225,246,223,-1,247,248,219,-1,249,250,233,-1,233,250,251,-1,233,251,252,-1,233,253,254,-1,248,255,219,-1,219,255,256,-1,219,256,257,-1,258,259,233,-1,233,259,260,-1,233,260,261,-1,254,262,233,-1,233,262,263,-1,233,263,234,-1,257,264,219,-1,219,264,265,-1,219,265,233,-1,233,265,266,-1,233,266,249,-1,267,268,252,-1,252,268,269,-1,261,270,271,-1,272,273,274,-1,274,273,238,-1,274,238,203,-1,203,238,205,-1,275,247,276,-1,276,247,219,-1,276,219,230,-1,230,219,229,-1,230,229,231,-1,277,278,279,-1,279,278,280,-1,279,280,252,-1,252,280,281,-1,252,281,267,-1,271,282,261,-1,261,282,283,-1,261,283,233,-1,233,283,284,-1,233,284,253,-1,269,285,252,-1,252,285,286,-1,252,286,233,-1,233,286,287,-1,233,287,258,-1,288,289,290,-1,290,289,291,-1,290,291,292,-1,292,291,293,-1,292,293,261,-1,261,293,294,-1,261,294,270,-1,295,233,296,-1,296,233,235,-1,290,292,190,-1,190,292,191,-1,190,188,290,-1,290,188,288,-1,188,187,288,-1,288,187,289,-1,189,291,187,-1,187,291,289,-1,164,293,189,-1,189,293,291,-1,182,284,183,-1,183,284,283,-1,183,283,184,-1,184,283,282,-1,184,282,161,-1,161,282,271,-1,161,271,162,-1,162,271,270,-1,162,270,163,-1,163,270,294,-1,163,294,164,-1,164,294,293,-1,106,236,127,-1,127,236,234,-1,127,234,128,-1,128,234,263,-1,128,263,158,-1,158,263,262,-1,158,262,159,-1,159,262,254,-1,159,254,160,-1,160,254,253,-1,160,253,182,-1,182,253,284,-1,106,105,236,-1,236,105,237,-1,297,274,298,-1,298,274,203,-1,298,203,202,-1,273,272,299,-1,299,272,300,-1,299,300,301,-1,301,300,302,-1,301,302,246,-1,246,302,223,-1,223,302,221,-1,221,302,100,-1,221,100,122,-1,122,121,221,-1,221,121,222,-1,121,123,222,-1,222,123,224,-1,123,116,224,-1,224,116,225,-1,116,147,225,-1,225,147,230,-1,230,147,276,-1,276,147,181,-1,181,167,276,-1,276,167,275,-1,303,304,247,-1,303,247,305,-1,167,166,275,-1,275,166,306,-1,306,307,275,-1,275,307,308,-1,275,308,247,-1,247,308,309,-1,247,309,305,-1,310,265,311,-1,311,265,264,-1,311,264,312,-1,312,264,257,-1,312,257,313,-1,313,257,256,-1,313,256,314,-1,314,256,255,-1,314,255,315,-1,315,255,248,-1,315,248,304,-1,304,248,247,-1,316,279,317,-1,317,279,252,-1,317,252,318,-1,318,252,251,-1,318,251,319,-1,319,251,250,-1,319,250,320,-1,320,250,249,-1,320,249,321,-1,321,249,266,-1,321,266,310,-1,310,266,265,-1,322,277,316,-1,316,277,279,-1,155,126,278,-1,278,126,280,-1,92,286,101,-1,101,286,285,-1,101,285,102,-1,102,285,269,-1,102,269,103,-1,103,269,268,-1,103,268,124,-1,124,268,267,-1,124,267,125,-1,125,267,281,-1,125,281,126,-1,126,281,280,-1,191,292,129,-1,129,292,261,-1,129,261,130,-1,130,261,260,-1,130,260,131,-1,131,260,259,-1,131,259,108,-1,108,259,258,-1,108,258,109,-1,109,258,287,-1,109,287,92,-1,92,287,286,-1,323,324,325,-1,325,324,326,-1,325,326,327,-1,327,326,328,-1,329,330,331,-1,331,330,332,-1,331,332,333,-1,333,332,334,-1,335,336,337,-1,337,336,338,-1,337,338,339,-1,340,341,342,-1,342,341,343,-1,344,345,346,-1,346,345,347,-1,330,329,348,-1,348,329,349,-1,350,351,352,-1,352,351,353,-1,352,353,354,-1,354,353,355,-1,354,355,356,-1,356,355,357,-1,356,357,349,-1,349,357,348,-1,351,350,358,-1,358,350,359,-1,360,361,362,-1,362,361,363,-1,362,363,364,-1,364,363,365,-1,364,365,366,-1,366,365,367,-1,366,367,359,-1,359,367,358,-1,361,360,328,-1,328,360,327,-1,368,369,370,-1,370,369,371,-1,372,373,374,-1,374,373,375,-1,374,375,376,-1,376,375,377,-1,378,379,380,-1,380,379,381,-1,380,381,382,-1,382,381,383,-1,375,373,369,-1,348,357,384,-1,357,355,384,-1,384,355,353,-1,384,353,385,-1,334,332,368,-1,368,332,330,-1,368,330,348,-1,348,384,368,-1,368,384,386,-1,368,386,369,-1,369,386,377,-1,369,377,375,-1,387,383,381,-1,388,389,390,-1,391,342,326,-1,392,393,367,-1,367,393,394,-1,367,394,358,-1,395,396,397,-1,381,379,387,-1,387,379,398,-1,387,398,367,-1,367,398,399,-1,367,399,392,-1,396,400,397,-1,397,400,401,-1,397,401,390,-1,389,402,390,-1,390,402,403,-1,390,403,397,-1,346,347,342,-1,342,347,404,-1,342,404,326,-1,405,395,365,-1,365,395,397,-1,365,397,367,-1,367,397,406,-1,367,406,387,-1,407,408,346,-1,409,410,363,-1,363,410,411,-1,363,411,365,-1,365,411,412,-1,365,412,405,-1,391,336,342,-1,342,336,335,-1,342,335,413,-1,324,414,326,-1,326,414,415,-1,415,416,326,-1,326,416,417,-1,326,417,418,-1,418,419,326,-1,326,419,420,-1,326,420,391,-1,358,394,351,-1,351,394,421,-1,351,421,353,-1,353,421,422,-1,353,422,385,-1,361,423,363,-1,363,423,424,-1,363,424,409,-1,404,425,326,-1,326,425,423,-1,326,423,328,-1,328,423,361,-1,413,426,427,-1,428,429,430,-1,430,429,431,-1,430,431,432,-1,427,433,413,-1,413,433,434,-1,413,434,342,-1,342,343,346,-1,346,343,435,-1,346,435,436,-1,437,428,438,-1,438,428,430,-1,438,430,439,-1,439,430,440,-1,439,440,390,-1,390,440,441,-1,390,441,388,-1,442,443,444,-1,436,445,346,-1,346,445,446,-1,346,446,407,-1,442,444,431,-1,431,444,447,-1,431,447,432,-1,438,448,437,-1,437,448,449,-1,437,449,450,-1,450,449,451,-1,331,333,452,-1,345,344,337,-1,354,356,453,-1,453,454,455,-1,456,457,458,-1,382,459,456,-1,331,452,329,-1,372,374,453,-1,453,374,376,-1,453,376,460,-1,458,457,461,-1,461,457,454,-1,461,454,462,-1,380,382,463,-1,463,382,456,-1,463,456,464,-1,464,456,458,-1,465,466,457,-1,364,366,453,-1,453,366,359,-1,453,356,452,-1,452,356,349,-1,452,349,329,-1,456,467,468,-1,465,457,469,-1,359,350,453,-1,453,350,352,-1,453,352,354,-1,460,470,453,-1,453,470,471,-1,453,471,454,-1,454,471,472,-1,454,472,473,-1,473,474,454,-1,454,474,475,-1,454,475,462,-1,468,476,456,-1,456,476,477,-1,456,477,478,-1,479,323,339,-1,339,323,325,-1,478,480,456,-1,456,480,481,-1,456,481,482,-1,466,483,457,-1,457,483,484,-1,457,484,485,-1,485,484,486,-1,325,327,339,-1,339,327,360,-1,339,360,362,-1,462,487,461,-1,461,487,488,-1,461,488,463,-1,463,488,378,-1,463,378,380,-1,486,345,485,-1,485,345,337,-1,485,337,455,-1,455,337,339,-1,455,339,453,-1,453,339,362,-1,453,362,364,-1,482,489,456,-1,456,489,490,-1,456,490,457,-1,457,490,491,-1,457,491,469,-1,440,430,492,-1,492,430,467,-1,492,467,456,-1,429,428,493,-1,493,428,494,-1,476,468,439,-1,439,468,438,-1,412,411,490,-1,490,411,491,-1,460,376,386,-1,386,376,377,-1,460,386,470,-1,470,386,384,-1,470,384,471,-1,471,384,385,-1,471,385,472,-1,472,385,422,-1,472,422,473,-1,473,422,421,-1,394,474,421,-1,421,474,473,-1,474,394,475,-1,475,394,393,-1,475,393,462,-1,462,393,392,-1,462,392,487,-1,487,392,399,-1,487,399,488,-1,488,399,398,-1,378,488,379,-1,379,488,398,-1,495,496,497,-1,497,496,498,-1,497,498,499,-1,498,496,500,-1,500,496,501,-1,502,503,54,-1,502,54,504,-1,89,87,505,-1,505,87,85,-1,505,85,83,-1,57,59,55,-1,55,59,62,-1,55,62,54,-1,54,62,506,-1,54,506,504,-1,507,508,51,-1,79,509,66,-1,66,509,510,-1,66,510,64,-1,511,505,512,-1,512,505,513,-1,507,51,514,-1,79,77,509,-1,509,77,75,-1,509,75,73,-1,24,22,505,-1,505,22,42,-1,503,515,54,-1,54,515,516,-1,54,516,51,-1,51,516,517,-1,51,517,514,-1,505,518,519,-1,519,520,505,-1,505,520,521,-1,505,521,522,-1,522,521,523,-1,73,71,509,-1,509,71,69,-1,509,69,505,-1,505,69,91,-1,505,91,89,-1,524,83,525,-1,525,83,81,-1,525,81,526,-1,526,81,527,-1,526,527,528,-1,528,527,529,-1,524,530,83,-1,83,530,531,-1,83,531,532,-1,508,518,51,-1,51,518,505,-1,51,505,50,-1,50,505,42,-1,523,521,533,-1,533,521,534,-1,533,534,535,-1,532,536,83,-1,83,536,537,-1,83,537,505,-1,505,537,538,-1,505,538,513,-1,33,30,505,-1,505,30,27,-1,505,27,24,-1,534,539,540,-1,541,542,543,-1,543,542,19,-1,543,19,544,-1,19,16,544,-1,544,16,13,-1,544,13,511,-1,511,13,9,-1,511,9,4,-1,4,3,511,-1,511,3,1,-1,511,1,505,-1,505,1,36,-1,505,36,33,-1,535,534,545,-1,545,534,540,-1,545,540,546,-1,547,506,62,-1,548,540,539,-1,539,549,548,-1,548,549,547,-1,548,547,61,-1,61,547,62,-1,
        ]
    }
}
Shape{
    appearance Appearance {
        material  Material 	{
            diffuseColor 0.2235294117647059 0.2235294117647059 0.2235294117647059
            specularColor 0.11372549019607843 0.11372549019607843 0.11372549019607843
            ambientIntensity 0.2235
            transparency 0.0
            shininess 0.5
        }
    }
    geometry IndexedFaceSet {
        ccw TRUE
        solid FALSE
        coord DEF co Coordinate {
            point [
                0.4634 -0.0335 0.1378, 0.5906 -0.0335 0.1378, 0.4557 -0.0335 0.1299, 0.689 -0.0335 0.1378, 0.8435 -0.0335 0.1299, 0.7874 -0.0335 0.1378, 0.8359 -0.0335 0.1378, 0.4557 -0.1909 0.1299, 0.5081 -0.1909 0.1841, 0.5081 -0.1713 0.1841, 0.4634 -0.1417 0.1378, 0.4919 -0.1713 0.1673, 0.7911 -0.1713 0.1841, 0.7911 -0.1909 0.1841, 0.8073 -0.1713 0.1673, 0.8435 -0.1909 0.1299, 0.8359 -0.1417 0.1378, -0.8359 -0.0335 0.1378, -0.7874 -0.0335 0.1378, -0.8435 -0.0335 0.1299, -0.5906 -0.0335 0.1378, -0.4557 -0.0335 0.1299, -0.4921 -0.0335 0.1378, -0.4634 -0.0335 0.1378, -0.8435 -0.1909 0.1299, -0.7911 -0.1909 0.1841, -0.7911 -0.1713 0.1841, -0.8359 -0.1417 0.1378, -0.8073 -0.1713 0.1673, -0.5081 -0.1713 0.1841, -0.5081 -0.1909 0.1841, -0.4919 -0.1713 0.1673, -0.4557 -0.1909 0.1299, -0.4634 -0.1417 0.1378, 0.4634 -0.0335 1.122, 0.4557 -0.0335 1.1299, 0.8359 -0.0335 1.122, 0.8435 -0.0335 1.1299, -0.8359 -0.0335 1.122, -0.8435 -0.0335 1.1299, -0.4634 -0.0335 1.122, -0.4557 -0.0335 1.1299
            ]
        }
        coordIndex [
            0,1,2,-1,2,1,3,-1,2,3,4,-1,4,3,5,-1,4,5,6,-1,7,8,9,-1,0,2,10,-1,10,2,7,-1,10,7,11,-1,11,7,9,-1,12,13,14,-1,14,13,15,-1,14,15,16,-1,16,15,4,-1,16,4,6,-1,17,18,19,-1,19,18,20,-1,19,20,21,-1,21,20,22,-1,21,22,23,-1,24,25,26,-1,17,19,27,-1,27,19,24,-1,27,24,28,-1,28,24,26,-1,29,30,31,-1,31,30,32,-1,31,32,33,-1,33,32,21,-1,33,21,23,-1,34,35,36,-1,36,35,37,-1,38,39,40,-1,40,39,41,-1,
        ]
    }
}
Shape{
    appearance Appearance {
        material  Material 	{
            diffuseColor 0.8509803921568627 0.8509803921568627 0.8509803921568627
            specularColor 0.4235294117647059 0.4235294117647059 0.4235294117647059
            ambientIntensity 0.851
            transparency 0.0
            shininess 0.5
        }
    }
    geometry IndexedFaceSet {
        ccw TRUE
        solid FALSE
        coord DEF co Coordinate {
            point [
                -0.6468 0.9272 1.122, -0.4943 0.9272 1.1637, -0.4974 0.8878 1.122, -0.4839 0.8878 1.1257, 0.4974 0.8878 1.122, 0.4839 0.8878 1.1257, 0.6468 0.9272 1.122, 0.4943 0.9272 1.1637, 1.3199 0.0138 0.0409, 1.3225 0.0138 0.0355, 1.2598 0.0138 0.0118, 1.324 0.0138 0.0324, 1.2598 0.0138 0.0709, 1.2642 0.0138 0.0709, 1.2747 0.0138 0.0696, 1.2811 0.0138 0.0688, 1.3261 0.0138 0.0279, 1.3274 0.0138 0.0217, 1.3285 0.0138 0.0165, 1.2895 0.0138 0.0654, 1.2965 0.0138 0.0626, 1.3028 0.0138 0.058, 1.3106 0.0138 0.0522, 1.3142 0.0138 0.0479, 1.6811 0.0138 0.5118, 1.7598 0.0138 0.5118, 1.6771 0.0138 0.4541, 1.7502 0.0138 0.4143, 1.6551 0.0138 0.366, 1.7218 0.0138 0.3205, 1.6146 0.0138 0.2847, 1.6756 0.0138 0.234, 1.5945 0.0138 0.2559, 1.6134 0.0138 0.1583, 1.5945 0.0138 0.1403, -1.2598 0.0138 0.0118, -1.3285 0.0138 0.0165, -1.3273 0.0138 0.0216, -1.3143 0.0138 0.0479, -1.3197 0.0138 0.0416, -1.3227 0.0138 0.0355, -1.3106 0.0138 0.0522, -1.3029 0.0138 0.0581, -1.2984 0.0138 0.0615, -1.2894 0.0138 0.0654, -1.2825 0.0138 0.0683, -1.2747 0.0138 0.0696, -1.2672 0.0138 0.0708, -1.2642 0.0138 0.0709, -1.2598 0.0138 0.0709, -1.3255 0.0138 0.0299, -1.3241 0.0138 0.0328, -1.7598 0.0138 0.5118, -1.6811 0.0138 0.5118, -1.7502 0.0138 0.4143, -1.6771 0.0138 0.4541, -1.7218 0.0138 0.3205, -1.6551 0.0138 0.366, -1.6756 0.0138 0.234, -1.6146 0.0138 0.2847, -1.6134 0.0138 0.1583, -1.5945 0.0138 0.2559, -1.5945 0.0138 0.1403, 1.2283 0.872 1.1693, 1.1417 0.872 1.1693, 1.2283 0.872 1.2283, 1.1417 0.872 1.248, 1.2483 0.872 1.248, 1.2598 0.872 1.248, 1.2598 0.872 1.2477, -1.1417 0.872 1.248, -1.1417 0.872 1.1693, -1.2283 0.872 1.1693, -1.2598 0.872 1.2477, -1.2598 0.872 1.248, -1.2483 0.872 1.248, -1.2283 0.872 1.2283
            ]
        }
        coordIndex [
            0,1,2,-1,2,1,3,-1,4,5,6,-1,6,5,7,-1,8,9,10,-1,10,9,11,-1,12,13,10,-1,10,13,14,-1,10,14,15,-1,11,16,10,-1,10,16,17,-1,10,17,18,-1,15,19,10,-1,10,19,20,-1,10,20,21,-1,21,22,10,-1,10,22,23,-1,10,23,8,-1,24,25,26,-1,26,25,27,-1,26,27,28,-1,28,27,29,-1,28,29,30,-1,30,29,31,-1,30,31,32,-1,32,31,33,-1,32,33,34,-1,35,36,37,-1,38,35,39,-1,39,35,40,-1,38,41,35,-1,35,41,42,-1,35,42,43,-1,43,44,35,-1,35,44,45,-1,35,45,46,-1,46,47,35,-1,35,47,48,-1,35,48,49,-1,37,50,35,-1,35,50,51,-1,35,51,40,-1,52,53,54,-1,54,53,55,-1,54,55,56,-1,56,55,57,-1,56,57,58,-1,58,57,59,-1,58,59,60,-1,60,59,61,-1,60,61,62,-1,63,64,65,-1,65,64,66,-1,65,66,67,-1,67,66,68,-1,67,68,69,-1,70,71,72,-1,73,74,75,-1,75,74,70,-1,75,70,76,-1,76,70,72,-1,
        ]
    }
}
Shape{
    appearance Appearance {
        material  Material 	{
            diffuseColor 0.2235294117647059 0.2235294117647059 0.2235294117647059
            specularColor 0.11372549019607843 0.11372549019607843 0.11372549019607843
            ambientIntensity 0.2235
            transparency 0.0
            shininess 0.5
        }
    }
    geometry IndexedFaceSet {
        ccw TRUE
        solid FALSE
        coord DEF co Coordinate {
            point [
                0.4528 0.8878 1.1299, 0.4528 0.624 1.1299, 0.4331 0.8878 1.1299, 0.4375 0.622 1.1299, 0.4331 0.6206 1.1299, -0.4528 0.624 1.1299, -0.4528 0.8878 1.1299, -0.4396 0.6225 1.1299, -0.4331 0.8878 1.1299, -0.4331 0.6206 1.1299, 0.4974 0.624 1.122, 0.4839 0.624 1.1257, 0.4974 0.8878 1.122, 0.4839 0.8878 1.1257
            ]
        }
        coordIndex [
            0,1,2,-1,2,1,3,-1,2,3,4,-1,5,6,7,-1,7,6,8,-1,7,8,9,-1,10,11,12,-1,12,11,13,-1,
        ]
    }
}
Shape{
    appearance Appearance {
        material  Material 	{
            diffuseColor 0.8509803921568627 0.8509803921568627 0.8509803921568627
            specularColor 0.4235294117647059 0.4235294117647059 0.4235294117647059
            ambientIntensity 0.851
            transparency 0.0
            shininess 0.5
        }
    }
    geometry IndexedFaceSet {
        ccw TRUE
        solid FALSE
        coord DEF co Coordinate {
            point [
                0.9454 0.624 1.122, 0.515 0.624 1.2397, 0.4974 0.624 1.122, 0.4839 0.624 1.1257, 0.9454 0.9272 1.122, 0.515 0.9272 1.2397, 0.4943 0.9272 1.1637, 0.6468 0.9272 1.122
            ]
        }
        coordIndex [
            0,1,2,-1,2,1,3,-1,4,5,0,-1,0,5,1,-1,6,5,7,-1,7,5,4,-1,
        ]
    }
}
Shape{
    appearance Appearance {
        material  Material 	{
            diffuseColor 0.2235294117647059 0.2235294117647059 0.2235294117647059
            specularColor 0.11372549019607843 0.11372549019607843 0.11372549019607843
            ambientIntensity 0.2235
            transparency 0.0
            shininess 0.5
        }
    }
    geometry IndexedFaceSet {
        ccw TRUE
        solid FALSE
        coord DEF co Coordinate {
            point [
                -0.4974 0.8878 1.122, -0.4839 0.8878 1.1257, -0.4974 0.624 1.122, -0.4839 0.624 1.1257
            ]
        }
        coordIndex [
            0,1,2,-1,2,1,3,-1,
        ]
    }
}
Shape{
    appearance Appearance {
        material  Material 	{
            diffuseColor 0.8509803921568627 0.8509803921568627 0.8509803921568627
            specularColor 0.4235294117647059 0.4235294117647059 0.4235294117647059
            ambientIntensity 0.851
            transparency 0.0
            shininess 0.5
        }
    }
    geometry IndexedFaceSet {
        ccw TRUE
        solid FALSE
        coord DEF co Coordinate {
            point [
                -0.9454 0.9272 1.122, -0.515 0.9272 1.2397, -0.6468 0.9272 1.122, -0.4943 0.9272 1.1637, -0.9454 0.624 1.122, -0.515 0.624 1.2397, -0.4839 0.624 1.1257, -0.4974 0.624 1.122, -1.2283 0.0138 0.0906, -1.2205 0.0138 0.0906, -1.2402 0.0138 0.0709, -1.2205 0.0138 0.0118, -1.2598 0.0138 0.0709, -1.2598 0.0138 0.0118, 1.2598 0.0138 0.0709, 1.2598 0.0138 0.0118, 1.2402 0.0138 0.0709, 1.2205 0.0138 0.0118, 1.2283 0.0138 0.0906, 1.2205 0.0138 0.0906
            ]
        }
        coordIndex [
            0,1,2,-1,2,1,3,-1,4,5,0,-1,0,5,1,-1,6,5,7,-1,7,5,4,-1,8,9,10,-1,10,9,11,-1,10,11,12,-1,12,11,13,-1,14,15,16,-1,16,15,17,-1,16,17,18,-1,18,17,19,-1,
        ]
    }
}
Shape{
    appearance Appearance {
        material  Material 	{
            diffuseColor 0.9686274509803922 0.8784313725490196 0.6
            specularColor 0.6784313725490196 0.615686274509804 0.4196078431372549
            ambientIntensity 0.8737
            transparency 0.0
            shininess 0.5
        }
    }
    geometry IndexedFaceSet {
        ccw TRUE
        solid FALSE
        coord DEF co Coordinate {
            point [
                -0.9941 1.0177 0.0709, -1.0728 1.0177 0.0709, -0.9941 1.0177 0.1378, -1.0728 1.0177 0.1378, -0.7972 1.0177 0.0709, -0.876 1.0177 0.0709, -0.7972 1.0177 0.1378, -0.876 1.0177 0.1378, -0.6004 1.0177 0.0709, -0.6791 1.0177 0.0709, -0.6004 1.0177 0.1378, -0.6791 1.0177 0.1378, -0.4035 1.0177 0.0709, -0.4823 1.0177 0.0709, -0.4035 1.0177 0.1378, -0.4823 1.0177 0.1378, -0.2067 1.0177 0.0709, -0.2854 1.0177 0.0709, -0.2067 1.0177 0.1378, -0.2854 1.0177 0.1378, -0.0098 1.0177 0.0709, -0.0886 1.0177 0.0709, -0.0098 1.0177 0.1378, -0.0886 1.0177 0.1378, 0.187 1.0177 0.0709, 0.1083 1.0177 0.0709, 0.187 1.0177 0.1378, 0.1083 1.0177 0.1378, 0.3839 1.0177 0.0709, 0.3051 1.0177 0.0709, 0.3839 1.0177 0.1378, 0.3051 1.0177 0.1378, 0.5807 1.0177 0.0709, 0.502 1.0177 0.0709, 0.5807 1.0177 0.1378, 0.502 1.0177 0.1378, 0.7776 1.0177 0.0709, 0.6988 1.0177 0.0709, 0.7776 1.0177 0.1378, 0.6988 1.0177 0.1378, 0.9744 1.0177 0.0709, 0.8957 1.0177 0.0709, 0.9744 1.0177 0.1378, 0.8957 1.0177 0.1378, 1.1713 1.0177 0.0709, 1.0925 1.0177 0.0709, 1.1713 1.0177 0.1378, 1.0925 1.0177 0.1378
            ]
        }
        coordIndex [
            0,1,2,-1,2,1,3,-1,4,5,6,-1,6,5,7,-1,8,9,10,-1,10,9,11,-1,12,13,14,-1,14,13,15,-1,16,17,18,-1,18,17,19,-1,20,21,22,-1,22,21,23,-1,24,25,26,-1,26,25,27,-1,28,29,30,-1,30,29,31,-1,32,33,34,-1,34,33,35,-1,36,37,38,-1,38,37,39,-1,40,41,42,-1,42,41,43,-1,44,45,46,-1,46,45,47,-1,
        ]
    }
}
Shape{
    appearance Appearance {
        material  Material 	{
            diffuseColor 0.2235294117647059 0.2235294117647059 0.2235294117647059
            specularColor 0.11372549019607843 0.11372549019607843 0.11372549019607843
            ambientIntensity 0.2235
            transparency 0.0
            shininess 0.5
        }
    }
    geometry IndexedFaceSet {
        ccw TRUE
        solid FALSE
        coord DEF co Coordinate {
            point [
                -0.4512 0.9429 1.122, -0.4331 0.9429 1.1299, 0.4512 0.9429 1.122, 0.4331 0.9429 1.1299, -1.2921 -0.8248 0.7579, -1.2933 -0.8246 0.7579, -1.2933 -0.8589 0.7579, -1.2323 -0.8734 0.7579, 1.2909 -0.8248 0.7579, -1.256 -0.8636 0.7579, -1.2909 -0.8248 0.7579, 1.2119 -0.8891 0.7579, -1.1963 -0.9094 0.7579, 1.1963 -0.9094 0.7579, -1.1864 -0.9332 0.7579, 1.1864 -0.9332 0.7579, 1.2323 -0.8734 0.7579, -1.2119 -0.8891 0.7579, 1.2008 -1.4198 0.7579, 1.1876 -1.3871 0.7579, -1.162 -1.8839 0.7579, -1.2878 -0.8601 0.7579, -1.2853 -0.8602 0.7579, -1.2815 -0.8602 0.7579, 1.2618 -1.6359 0.7579, 1.2618 -1.4767 0.7579, 1.162 -1.8839 0.7579, 1.2493 -1.47 0.7579, 1.2218 -1.448 0.7579, -1.2901 -0.8596 0.7579, 1.256 -0.8636 0.7579, 1.2815 -0.8602 0.7579, 1.2853 -0.8602 0.7579, 1.291 -0.8595 0.7579, 1.2911 -0.8595 0.7579, 1.2921 -0.8248 0.7579, 1.2933 -0.8589 0.7579, 1.2933 -0.8246 0.7579, 1.1831 -0.9587 0.7579, -1.1831 -0.9587 0.7579, 1.1831 -1.3522 0.7579, -1.2618 -1.4767 0.7579, -1.2618 -1.6359 0.7579, -1.2493 -1.47 0.7579, -1.1831 -1.3522 0.7579, -1.1876 -1.3871 0.7579, -1.2008 -1.4198 0.7579, -1.2218 -1.448 0.7579, 1.2921 -0.8248 0.502, 1.2933 -0.8246 0.502, 1.2933 -0.8589 0.502, 1.2323 -0.8734 0.502, -1.2909 -0.8248 0.502, 1.256 -0.8636 0.502, 1.2909 -0.8248 0.502, -1.1864 -0.9332 0.502, -1.1963 -0.9094 0.502, 1.1963 -0.9094 0.502, -1.2119 -0.8891 0.502, -1.2323 -0.8734 0.502, 1.2119 -0.8891 0.502, 1.2878 -0.8601 0.502, 1.2853 -0.8602 0.502, 1.2815 -0.8602 0.502, 1.2901 -0.8596 0.502, -1.2008 -1.4198 0.502, -1.1876 -1.3871 0.502, 1.162 -1.8839 0.502, -1.2618 -1.6359 0.502, -1.2618 -1.4767 0.502, -1.162 -1.8839 0.502, -1.2493 -1.47 0.502, -1.2218 -1.448 0.502, -1.256 -0.8636 0.502, -1.2815 -0.8602 0.502, -1.2853 -0.8602 0.502, 1.2618 -1.4767 0.502, 1.2618 -1.6359 0.502, 1.2493 -1.47 0.502, -1.291 -0.8595 0.502, -1.2911 -0.8595 0.502, -1.2921 -0.8248 0.502, -1.2933 -0.8589 0.502, -1.2933 -0.8246 0.502, 1.1864 -0.9332 0.502, 1.1831 -0.9587 0.502, -1.1831 -0.9587 0.502, -1.1831 -1.3522 0.502, 1.1831 -1.3522 0.502, 1.1876 -1.3871 0.502, 1.2008 -1.4198 0.502, 1.2218 -1.448 0.502, -1.6811 0.1319 0.5315, -1.6417 0.1713 0.5315, -1.6811 0.1299 0.5468, -1.6417 0.1679 0.557, -1.6811 0.124 0.561, -1.6417 0.1581 0.5807, -1.6811 0.1146 0.5733, -1.6417 0.1424 0.6011, -1.6811 0.1024 0.5826, -1.6417 0.122 0.6167, -1.6811 0.0881 0.5885, -1.6417 0.0983 0.6266, -1.6811 0.0728 0.5906, -1.6417 0.0728 0.6299, -1.6811 0.0576 0.5885, -1.6417 0.0474 0.6266, -1.6811 0.0433 0.5826, -1.6417 0.0236 0.6167, -1.6811 0.0311 0.5733, -1.6417 0.0032 0.6011, -1.6811 0.0217 0.561, -1.6417 -0.0124 0.5807, -1.6811 0.0158 0.5468, -1.6417 -0.0222 0.557, -1.6811 0.0138 0.5315, -1.6417 -0.0256 0.5315
            ]
        }
        coordIndex [
            0,1,2,-1,2,1,3,-1,4,5,6,-1,7,8,9,-1,9,8,10,-1,11,12,13,-1,13,12,14,-1,13,14,15,-1,11,16,12,-1,12,16,8,-1,12,8,17,-1,17,8,7,-1,18,19,20,-1,21,22,10,-1,10,22,23,-1,10,23,9,-1,24,25,26,-1,26,25,27,-1,26,27,20,-1,20,27,28,-1,20,28,18,-1,4,6,10,-1,10,6,29,-1,10,29,21,-1,16,30,8,-1,8,30,31,-1,8,31,32,-1,32,33,8,-1,8,33,34,-1,8,34,35,-1,35,34,36,-1,35,36,37,-1,15,14,38,-1,38,14,39,-1,38,39,40,-1,41,42,43,-1,43,42,20,-1,39,44,40,-1,40,44,45,-1,40,45,19,-1,19,45,46,-1,19,46,20,-1,20,46,47,-1,20,47,43,-1,48,49,50,-1,51,52,53,-1,53,52,54,-1,55,56,57,-1,57,56,58,-1,58,59,57,-1,57,59,52,-1,57,52,60,-1,60,52,51,-1,61,62,54,-1,54,62,63,-1,54,63,53,-1,48,50,54,-1,54,50,64,-1,54,64,61,-1,65,66,67,-1,68,69,70,-1,70,69,71,-1,70,71,67,-1,67,71,72,-1,67,72,65,-1,59,73,52,-1,52,73,74,-1,52,74,75,-1,76,77,78,-1,78,77,67,-1,75,79,52,-1,52,79,80,-1,52,80,81,-1,81,80,82,-1,81,82,83,-1,57,84,55,-1,55,84,85,-1,55,85,86,-1,86,85,87,-1,85,88,87,-1,87,88,89,-1,87,89,66,-1,66,89,90,-1,66,90,67,-1,67,90,91,-1,67,91,78,-1,92,93,94,-1,94,93,95,-1,94,95,96,-1,96,95,97,-1,96,97,98,-1,98,97,99,-1,98,99,100,-1,100,99,101,-1,100,101,102,-1,102,101,103,-1,102,103,104,-1,104,103,105,-1,104,105,106,-1,106,105,107,-1,106,107,108,-1,108,107,109,-1,108,109,110,-1,110,109,111,-1,110,111,112,-1,112,111,113,-1,112,113,114,-1,114,113,115,-1,114,115,116,-1,116,115,117,-1,
        ]
    }
}
Shape{
    appearance Appearance {
        material  Material 	{
            diffuseColor 0.8509803921568627 0.8509803921568627 0.8509803921568627
            specularColor 0.4235294117647059 0.4235294117647059 0.4235294117647059
            ambientIntensity 0.851
            transparency 0.0
            shininess 0.5
        }
    }
    geometry IndexedFaceSet {
        ccw TRUE
        solid FALSE
        coord DEF co Coordinate {
            point [
                -1.2795 1.1752 0.7205, -1.2795 1.0965 0.7205, -1.2815 1.1752 0.7358, -1.2815 1.0965 0.7358, -1.2874 1.1752 0.75, -1.2874 1.0965 0.75, -1.2968 1.1752 0.7622, -1.2968 1.0965 0.7622, -1.3091 1.1752 0.7716, -1.3091 1.0965 0.7716, -1.3233 1.1752 0.7775, -1.3233 1.0965 0.7775, -1.3386 1.1752 0.7795, -1.3386 1.0965 0.7795
            ]
        }
        coordIndex [
            0,1,2,-1,2,1,3,-1,2,3,4,-1,4,3,5,-1,4,5,6,-1,6,5,7,-1,6,7,8,-1,8,7,9,-1,8,9,10,-1,10,9,11,-1,10,11,12,-1,12,11,13,-1,
        ]
    }
}
Shape{
    appearance Appearance {
        material  Material 	{
            diffuseColor 0.2235294117647059 0.2235294117647059 0.2235294117647059
            specularColor 0.11372549019607843 0.11372549019607843 0.11372549019607843
            ambientIntensity 0.2235
            transparency 0.0
            shininess 0.5
        }
    }
    geometry IndexedFaceSet {
        ccw TRUE
        solid FALSE
        coord DEF co Coordinate {
            point [
                -1.4173 0.1083 -0.1772, -1.4173 0.1673 -0.1181, -1.4081 0.1669 -0.1181, -1.4173 0.0138 -0.1693, -1.4173 0.0217 -0.1772, -1.4127 0.0138 -0.1687, -1.4134 0.0218 -0.1772, -1.4043 0.0138 -0.1676, -1.403 0.0241 -0.1772, -1.3993 0.0138 -0.1657, -1.3874 0.0138 -0.1612, -1.3935 0.0288 -0.1772, -1.3831 0.0138 -0.1585, -1.3637 0.0138 -0.1463, -1.3854 0.0357 -0.1772, -1.3606 0.0138 -0.1439, -1.3792 0.0444 -0.1772, -1.3287 0.0138 -0.1181, -1.4134 0.1081 -0.1772, -1.391 0.1632 -0.1181, -1.403 0.1058 -0.1772, -1.3835 0.1616 -0.1181, -1.3664 0.1531 -0.1181, -1.3935 0.1011 -0.1772, -1.3609 0.1504 -0.1181, -1.3452 0.137 -0.1181, -1.3854 0.0942 -0.1772, -1.3418 0.134 -0.1181, -1.3289 0.116 -0.1181, -1.3792 0.0855 -0.1772, -1.3272 0.1135 -0.1181, -1.3186 0.0914 -0.1181, -1.3753 0.0755 -0.1772, -1.3181 0.09 -0.1181, -1.315 0.065 -0.1181, -1.374 0.065 -0.1772, -1.3181 0.04 -0.1181, -1.3753 0.0544 -0.1772, -1.3186 0.0385 -0.1181, -1.3272 0.0165 -0.1181, 1.4173 0.1083 -0.1772, 1.4173 0.1673 -0.1181, 1.4265 0.1669 -0.1181, 1.4173 0.0138 -0.1693, 1.4173 0.0217 -0.1772, 1.422 0.0138 -0.1687, 1.4212 0.0218 -0.1772, 1.4304 0.0138 -0.1676, 1.4316 0.0241 -0.1772, 1.4354 0.0138 -0.1657, 1.4473 0.0138 -0.1612, 1.4412 0.0288 -0.1772, 1.4516 0.0138 -0.1585, 1.4709 0.0138 -0.1463, 1.4493 0.0357 -0.1772, 1.474 0.0138 -0.1439, 1.4555 0.0444 -0.1772, 1.506 0.0138 -0.1181, 1.4212 0.1081 -0.1772, 1.4437 0.1632 -0.1181, 1.4316 0.1058 -0.1772, 1.4511 0.1616 -0.1181, 1.4683 0.1531 -0.1181, 1.4412 0.1011 -0.1772, 1.4737 0.1504 -0.1181, 1.4894 0.137 -0.1181, 1.4493 0.0942 -0.1772, 1.4929 0.134 -0.1181, 1.5057 0.116 -0.1181, 1.4555 0.0855 -0.1772, 1.5075 0.1135 -0.1181, 1.516 0.0914 -0.1181, 1.4593 0.0755 -0.1772, 1.5166 0.09 -0.1181, 1.5197 0.065 -0.1181, 1.4606 0.065 -0.1772, 1.5166 0.04 -0.1181, 1.4593 0.0544 -0.1772, 1.516 0.0385 -0.1181, 1.5075 0.0165 -0.1181
            ]
        }
        coordIndex [
            0,1,2,-1,3,4,5,-1,5,4,6,-1,5,6,7,-1,7,6,8,-1,7,8,9,-1,9,8,10,-1,10,8,11,-1,10,11,12,-1,12,11,13,-1,13,11,14,-1,13,14,15,-1,15,14,16,-1,15,16,17,-1,0,2,18,-1,18,2,19,-1,18,19,20,-1,19,21,20,-1,20,21,22,-1,20,22,23,-1,22,24,23,-1,23,24,25,-1,23,25,26,-1,25,27,26,-1,26,27,28,-1,26,28,29,-1,28,30,29,-1,29,30,31,-1,29,31,32,-1,31,33,32,-1,32,33,34,-1,32,34,35,-1,35,34,36,-1,35,36,37,-1,37,36,38,-1,37,38,16,-1,16,38,39,-1,16,39,17,-1,40,41,42,-1,43,44,45,-1,45,44,46,-1,45,46,47,-1,47,46,48,-1,47,48,49,-1,49,48,50,-1,50,48,51,-1,50,51,52,-1,52,51,53,-1,53,51,54,-1,53,54,55,-1,55,54,56,-1,55,56,57,-1,40,42,58,-1,58,42,59,-1,58,59,60,-1,59,61,60,-1,60,61,62,-1,60,62,63,-1,62,64,63,-1,63,64,65,-1,63,65,66,-1,65,67,66,-1,66,67,68,-1,66,68,69,-1,68,70,69,-1,69,70,71,-1,69,71,72,-1,71,73,72,-1,72,73,74,-1,72,74,75,-1,75,74,76,-1,75,76,77,-1,77,76,78,-1,77,78,56,-1,56,78,79,-1,56,79,57,-1,
        ]
    }
}
Shape{
    appearance Appearance {
        material  Material 	{
            diffuseColor 0.0 0.0 0.0
            specularColor 0.0 0.0 0.0
            ambientIntensity 0.0
            transparency 0.0
            shininess 0.5
        }
    }
    geometry IndexedFaceSet {
        ccw TRUE
        solid FALSE
        coord DEF co Coordinate {
            point [
                -0.0487 1.1752 0.6637, -0.0486 1.1752 0.6546, -0.0487 1.1752 0.6637, -0.0486 1.1752 0.6546, -0.0168 1.1752 0.6639, -0.0168 1.1752 0.6639, -0.0173 1.1752 0.7349, -0.0173 1.1752 0.7349, -0.0173 1.1752 0.7345, -0.007 1.1752 0.7349, -0.007 1.1752 0.7349, -0.0064 1.1752 0.6549, -0.0064 1.1752 0.6549, -0.007 1.1752 0.7345, -0.1119 1.1752 0.6574, -0.1119 1.1752 0.6574, -0.1105 1.1752 0.6568, -0.0897 1.1752 0.6529, -0.0897 1.1752 0.6529, -0.0922 1.1752 0.6532, -0.1019 1.1752 0.654, -0.1019 1.1752 0.654, -0.1084 1.1752 0.6561, -0.1105 1.1752 0.6568, -0.112 1.1752 0.6674, -0.112 1.1752 0.6674, -0.1084 1.1752 0.6658, -0.104 1.1752 0.6639, -0.104 1.1752 0.6639, -0.095 1.1752 0.6622, -0.095 1.1752 0.6622, -0.0913 1.1752 0.6621, -0.0913 1.1752 0.6621, -0.0842 1.1752 0.6629, -0.0842 1.1752 0.6629, -0.0783 1.1752 0.665, -0.0783 1.1752 0.665, -0.0729 1.1752 0.6686, -0.0729 1.1752 0.6686, -0.0707 1.1752 0.6707, -0.0707 1.1752 0.6707, -0.0671 1.1752 0.6758, -0.0671 1.1752 0.6758, -0.0645 1.1752 0.6822, -0.0645 1.1752 0.6822, -0.0631 1.1752 0.6901, -0.0631 1.1752 0.6901, -0.063 1.1752 0.6936, -0.063 1.1752 0.6936, -0.0644 1.1752 0.7046, -0.0644 1.1752 0.7046, -0.0672 1.1752 0.7115, -0.0672 1.1752 0.7115, -0.0711 1.1752 0.717, -0.0711 1.1752 0.717, -0.0716 1.1752 0.7176, -0.0716 1.1752 0.7176, -0.0767 1.1752 0.7218, -0.0767 1.1752 0.7218, -0.0829 1.1752 0.7248, -0.0829 1.1752 0.7248, -0.0898 1.1752 0.7262, -0.0898 1.1752 0.7262, -0.0935 1.1752 0.7263, -0.0935 1.1752 0.7263, -0.1123 1.1752 0.7215, -0.1123 1.1752 0.7215, -0.1115 1.1752 0.722, -0.1034 1.1752 0.7251, -0.1034 1.1752 0.7251, -0.1084 1.1752 0.7231, -0.1115 1.1752 0.722, -0.1124 1.1752 0.7323, -0.1124 1.1752 0.7323, -0.1049 1.1752 0.7345, -0.104 1.1752 0.7348, -0.1084 1.1752 0.7335, -0.104 1.1752 0.7348, -0.0935 1.1752 0.7357, -0.0935 1.1752 0.7357, -0.0819 1.1752 0.7344, -0.0832 1.1752 0.7345, -0.0819 1.1752 0.7344, -0.0735 1.1752 0.7312, -0.0735 1.1752 0.7312, -0.066 1.1752 0.726, -0.066 1.1752 0.726, -0.064 1.1752 0.7241, -0.064 1.1752 0.7241, -0.0581 1.1752 0.7166, -0.0581 1.1752 0.7166, -0.0552 1.1752 0.7099, -0.0543 1.1752 0.7077, -0.0543 1.1752 0.7077, -0.0524 1.1752 0.6973, -0.0524 1.1752 0.6973, -0.0522 1.1752 0.6931, -0.0522 1.1752 0.6931, -0.0537 1.1752 0.6801, -0.0537 1.1752 0.6801, -0.0552 1.1752 0.676, -0.0569 1.1752 0.6717, -0.0569 1.1752 0.6717, -0.0616 1.1752 0.6648, -0.0616 1.1752 0.6648, -0.0623 1.1752 0.6641, -0.0623 1.1752 0.6641, -0.0865 1.1752 0.6532, -0.0834 1.1752 0.6534, -0.0834 1.1752 0.6534, -0.075 1.1752 0.6555, -0.075 1.1752 0.6555, -0.0676 1.1752 0.6594, -0.0676 1.1752 0.6594, -0.171 1.1752 0.6628, -0.171 1.1752 0.6537, -0.171 1.1752 0.6628, -0.171 1.1752 0.6537, -0.1383 1.1752 0.6631, -0.1383 1.1752 0.6631, -0.1592 1.1752 0.6629, -0.1385 1.1752 0.69, -0.1385 1.1752 0.69, -0.1671 1.1752 0.6898, -0.1671 1.1752 0.6898, -0.1592 1.1752 0.6899, -0.1672 1.1752 0.699, -0.1672 1.1752 0.699, -0.1385 1.1752 0.6992, -0.1385 1.1752 0.6992, -0.1592 1.1752 0.699, -0.1387 1.1752 0.7248, -0.1387 1.1752 0.7248, -0.1696 1.1752 0.7246, -0.1696 1.1752 0.7246, -0.1592 1.1752 0.7247, -0.1697 1.1752 0.7338, -0.1697 1.1752 0.7338, -0.1285 1.1752 0.7341, -0.1285 1.1752 0.7341, -0.1592 1.1752 0.7339, -0.1279 1.1752 0.654, -0.1279 1.1752 0.654, -0.1592 1.1752 0.6538, -0.2393 1.1752 0.6644, -0.231 1.1752 0.6699, -0.2308 1.1752 0.6585, -0.2258 1.1752 0.6663, -0.2217 1.1752 0.655, -0.2192 1.1752 0.6638, -0.2081 1.1752 0.6534, -0.2081 1.1752 0.6626, -0.1861 1.1752 0.6536, -0.1965 1.1752 0.6627, -0.1866 1.1752 0.7337, -0.1969 1.1752 0.7244, -0.2095 1.1752 0.7335, -0.209 1.1752 0.7243, -0.2097 1.1752 0.7243, -0.2217 1.1752 0.7321, -0.22 1.1752 0.7229, -0.2313 1.1752 0.7285, -0.2268 1.1752 0.7203, -0.2397 1.1752 0.7227, -0.2321 1.1752 0.7166, -0.2425 1.1752 0.7199, -0.2343 1.1752 0.7144, -0.2474 1.1752 0.7129, -0.2374 1.1752 0.7099, -0.2503 1.1752 0.7052, -0.2396 1.1752 0.704, -0.2516 1.1752 0.6942, -0.2407 1.1752 0.694, -0.2513 1.1752 0.6891, -0.2404 1.1752 0.6886, -0.2493 1.1752 0.6797, -0.2387 1.1752 0.6814, -0.2453 1.1752 0.6715, -0.2359 1.1752 0.6755, -0.232 1.1752 0.6708, -0.2081 1.1752 0.6534, -0.1861 1.1752 0.6536, -0.2217 1.1752 0.655, -0.2308 1.1752 0.6585, -0.2393 1.1752 0.6644, -0.2453 1.1752 0.6715, -0.2493 1.1752 0.6797, -0.2513 1.1752 0.6891, -0.2516 1.1752 0.6942, -0.2503 1.1752 0.7052, -0.2474 1.1752 0.7129, -0.2425 1.1752 0.7199, -0.2397 1.1752 0.7227, -0.2313 1.1752 0.7285, -0.2217 1.1752 0.7321, -0.2095 1.1752 0.7335, -0.1866 1.1752 0.7337, -0.209 1.1752 0.7243, -0.1969 1.1752 0.7244, -0.1965 1.1752 0.6627, -0.2081 1.1752 0.6626, -0.232 1.1752 0.6708, -0.231 1.1752 0.6699, -0.2258 1.1752 0.6663, -0.2192 1.1752 0.6638, -0.2407 1.1752 0.694, -0.2404 1.1752 0.6886, -0.2387 1.1752 0.6814, -0.2359 1.1752 0.6755, -0.2321 1.1752 0.7166, -0.2343 1.1752 0.7144, -0.2374 1.1752 0.7099, -0.2396 1.1752 0.704, -0.2097 1.1752 0.7243, -0.22 1.1752 0.7229, -0.2268 1.1752 0.7203
            ]
        }
        coordIndex [
            0,1,2,-1,2,1,3,-1,4,0,5,-1,5,0,2,-1,6,7,8,-1,8,7,4,-1,8,4,5,-1,9,7,10,-1,10,7,6,-1,11,12,13,-1,13,12,9,-1,13,9,10,-1,1,12,3,-1,3,12,11,-1,7,9,4,-1,4,9,12,-1,4,12,0,-1,0,12,1,-1,14,15,16,-1,17,18,19,-1,17,19,20,-1,19,21,20,-1,20,21,22,-1,20,22,16,-1,16,22,23,-1,16,23,14,-1,24,15,25,-1,25,15,14,-1,24,25,26,-1,24,26,27,-1,26,28,27,-1,27,28,29,-1,27,29,30,-1,30,29,31,-1,30,31,32,-1,32,31,33,-1,32,33,34,-1,34,33,35,-1,34,35,36,-1,36,35,37,-1,36,37,38,-1,38,37,39,-1,38,39,40,-1,40,39,41,-1,40,41,42,-1,42,41,43,-1,42,43,44,-1,44,43,45,-1,44,45,46,-1,46,45,47,-1,46,47,48,-1,48,47,49,-1,48,49,50,-1,50,49,51,-1,50,51,52,-1,52,51,53,-1,52,53,54,-1,54,53,55,-1,54,55,56,-1,56,55,57,-1,56,57,58,-1,58,57,59,-1,58,59,60,-1,60,59,61,-1,60,61,62,-1,62,61,63,-1,62,63,64,-1,65,66,67,-1,64,63,68,-1,64,68,69,-1,69,68,70,-1,69,70,67,-1,67,70,71,-1,67,71,65,-1,72,66,73,-1,73,66,65,-1,74,75,76,-1,76,75,72,-1,76,72,73,-1,74,77,75,-1,75,77,78,-1,75,78,79,-1,80,79,81,-1,81,79,78,-1,81,82,80,-1,80,82,83,-1,80,83,84,-1,84,83,85,-1,84,85,86,-1,86,85,87,-1,86,87,88,-1,88,87,89,-1,88,89,90,-1,90,89,91,-1,90,91,92,-1,91,93,92,-1,92,93,94,-1,92,94,95,-1,95,94,96,-1,95,96,97,-1,97,96,98,-1,97,98,99,-1,99,98,100,-1,99,100,101,-1,100,102,101,-1,101,102,103,-1,101,103,104,-1,104,103,105,-1,104,105,106,-1,18,17,107,-1,107,17,108,-1,107,108,109,-1,109,108,110,-1,109,110,111,-1,111,110,112,-1,111,112,113,-1,113,112,106,-1,113,106,105,-1,50,52,90,-1,90,52,88,-1,97,48,95,-1,95,48,50,-1,95,50,92,-1,92,50,90,-1,52,54,88,-1,88,54,56,-1,88,56,86,-1,86,56,58,-1,86,58,84,-1,84,58,80,-1,80,58,60,-1,80,60,79,-1,15,24,16,-1,16,24,27,-1,16,27,20,-1,20,27,30,-1,20,30,17,-1,17,30,32,-1,17,32,108,-1,108,32,34,-1,108,34,110,-1,110,34,36,-1,110,36,112,-1,112,36,38,-1,112,38,106,-1,106,38,40,-1,106,40,104,-1,104,40,42,-1,104,42,101,-1,101,42,99,-1,99,42,44,-1,99,44,97,-1,97,44,46,-1,97,46,48,-1,60,62,79,-1,79,62,64,-1,79,64,75,-1,75,64,69,-1,75,69,72,-1,72,69,67,-1,72,67,66,-1,114,115,116,-1,116,115,117,-1,118,119,120,-1,120,119,114,-1,120,114,116,-1,121,119,122,-1,122,119,118,-1,123,124,125,-1,125,124,121,-1,125,121,122,-1,126,124,127,-1,127,124,123,-1,128,129,130,-1,130,129,126,-1,130,126,127,-1,131,129,132,-1,132,129,128,-1,133,134,135,-1,135,134,131,-1,135,131,132,-1,136,134,137,-1,137,134,133,-1,138,139,140,-1,140,139,136,-1,140,136,137,-1,141,139,142,-1,142,139,138,-1,117,115,143,-1,143,115,141,-1,143,141,142,-1,141,115,114,-1,114,119,141,-1,141,119,121,-1,141,121,139,-1,134,136,131,-1,131,136,139,-1,131,139,129,-1,129,139,121,-1,129,121,126,-1,126,121,124,-1,144,145,146,-1,146,145,147,-1,146,147,148,-1,148,147,149,-1,148,149,150,-1,150,149,151,-1,150,151,152,-1,152,151,153,-1,152,153,154,-1,154,153,155,-1,154,155,156,-1,155,157,156,-1,156,157,158,-1,156,158,159,-1,159,158,160,-1,159,160,161,-1,161,160,162,-1,161,162,163,-1,163,162,164,-1,163,164,165,-1,165,164,166,-1,165,166,167,-1,167,166,168,-1,167,168,169,-1,169,168,170,-1,169,170,171,-1,171,170,172,-1,171,172,173,-1,173,172,174,-1,173,174,175,-1,175,174,176,-1,175,176,177,-1,177,176,178,-1,177,178,144,-1,144,178,179,-1,144,179,145,-1,150,152,180,-1,180,152,181,-1,150,180,182,-1,150,182,148,-1,148,182,183,-1,148,183,146,-1,146,183,184,-1,146,184,144,-1,144,184,185,-1,144,185,177,-1,177,185,186,-1,177,186,175,-1,175,186,187,-1,175,187,173,-1,173,187,188,-1,173,188,171,-1,171,188,189,-1,171,189,169,-1,169,189,190,-1,169,190,167,-1,167,190,191,-1,167,191,165,-1,165,191,192,-1,165,192,163,-1,163,192,193,-1,163,193,161,-1,161,193,194,-1,161,194,159,-1,159,194,195,-1,159,195,156,-1,154,156,196,-1,196,156,195,-1,152,154,181,-1,181,154,196,-1,157,155,197,-1,197,155,198,-1,155,153,198,-1,198,153,199,-1,153,151,199,-1,199,151,200,-1,179,201,202,-1,179,202,145,-1,145,202,203,-1,145,203,147,-1,147,203,204,-1,147,204,149,-1,149,204,200,-1,149,200,151,-1,172,205,206,-1,172,206,174,-1,174,206,207,-1,174,207,176,-1,176,207,208,-1,176,208,178,-1,178,208,201,-1,178,201,179,-1,164,209,210,-1,164,210,166,-1,166,210,211,-1,166,211,168,-1,168,211,212,-1,168,212,170,-1,170,212,205,-1,170,205,172,-1,157,197,213,-1,157,213,158,-1,158,213,214,-1,158,214,160,-1,160,214,215,-1,160,215,162,-1,162,215,209,-1,162,209,164,-1,
        ]
    }
}
Shape{
    appearance Appearance {
        material  Material 	{
            diffuseColor 0.8509803921568627 0.8509803921568627 0.8509803921568627
            specularColor 0.4235294117647059 0.4235294117647059 0.4235294117647059
            ambientIntensity 0.851
            transparency 0.0
            shininess 0.5
        }
    }
    geometry IndexedFaceSet {
        ccw TRUE
        solid FALSE
        coord DEF co Coordinate {
            point [
                -0.2258 1.1752 0.6663, -0.231 1.1752 0.6699, -0.2097 1.1752 0.7243, -0.1969 1.1752 0.7244, -0.1965 1.1752 0.6627, -0.209 1.1752 0.7243, -0.2081 1.1752 0.6626, -0.2192 1.1752 0.6638, -0.232 1.1752 0.6708, -0.2359 1.1752 0.6755, -0.2387 1.1752 0.6814, -0.2407 1.1752 0.694, -0.2321 1.1752 0.7166, -0.2268 1.1752 0.7203, -0.2396 1.1752 0.704, -0.2374 1.1752 0.7099, -0.2343 1.1752 0.7144, -0.2404 1.1752 0.6886, -0.22 1.1752 0.7229
            ]
        }
        coordIndex [
            0,1,2,-1,3,4,5,-1,5,4,6,-1,5,6,2,-1,2,6,7,-1,2,7,0,-1,1,8,2,-1,2,8,9,-1,2,9,10,-1,11,12,13,-1,14,15,11,-1,11,15,16,-1,11,16,12,-1,10,17,2,-1,2,17,11,-1,2,11,18,-1,18,11,13,-1,
        ]
    }
}
Shape{
    appearance Appearance {
        material  Material 	{
            diffuseColor 0.0 0.0 0.0
            specularColor 0.0 0.0 0.0
            ambientIntensity 0.0
            transparency 0.0
            shininess 0.5
        }
    }
    geometry IndexedFaceSet {
        ccw TRUE
        solid FALSE
        coord DEF co Coordinate {
            point [
                -0.2783 1.1752 0.6839, -0.2905 1.1752 0.7171, -0.2868 1.1752 0.733, -0.2557 1.1752 0.6531, -0.2671 1.1752 0.653, -0.275 1.1752 0.6749, -0.2912 1.1752 0.7195, -0.2919 1.1752 0.7227, -0.2978 1.1752 0.7329, -0.2921 1.1752 0.7227, -0.2927 1.1752 0.7193, -0.2933 1.1752 0.7171, -0.3052 1.1752 0.6837, -0.3278 1.1752 0.6526, -0.3163 1.1752 0.6527, -0.3083 1.1752 0.6746, -0.2978 1.1752 0.7329, -0.3275 1.1752 0.6532, -0.3278 1.1752 0.6526, -0.2868 1.1752 0.733, -0.2557 1.1752 0.6532, -0.2557 1.1752 0.6531, -0.2779 1.1752 0.7102, -0.2671 1.1752 0.653, -0.275 1.1752 0.6749, -0.2672 1.1752 0.6532, -0.3083 1.1752 0.6746, -0.2779 1.1752 0.6749, -0.3163 1.1752 0.6527, -0.3162 1.1752 0.6532, -0.2783 1.1752 0.6839, -0.3052 1.1752 0.6837, -0.2933 1.1752 0.7171, -0.2921 1.1752 0.7227, -0.2927 1.1752 0.7193, -0.2919 1.1752 0.7227, -0.2905 1.1752 0.7171, -0.2912 1.1752 0.7195
            ]
        }
        coordIndex [
            0,1,2,-1,3,4,5,-1,1,6,2,-1,2,6,7,-1,2,7,8,-1,8,7,9,-1,8,9,10,-1,10,11,8,-1,8,11,12,-1,8,12,13,-1,14,13,15,-1,15,13,12,-1,15,12,5,-1,5,12,0,-1,5,0,3,-1,3,0,2,-1,16,8,17,-1,17,8,13,-1,17,13,18,-1,2,8,19,-1,19,8,16,-1,20,21,3,-1,20,3,22,-1,22,3,2,-1,22,2,19,-1,4,3,23,-1,23,3,21,-1,24,5,25,-1,25,5,4,-1,25,4,23,-1,26,15,27,-1,27,15,5,-1,27,5,24,-1,28,14,29,-1,29,14,15,-1,29,15,26,-1,13,14,18,-1,18,14,28,-1,0,12,30,-1,30,12,31,-1,12,11,31,-1,31,11,32,-1,9,33,34,-1,9,34,10,-1,10,34,32,-1,10,32,11,-1,9,7,33,-1,33,7,35,-1,1,36,37,-1,1,37,6,-1,6,37,35,-1,6,35,7,-1,1,0,36,-1,36,0,30,-1,
        ]
    }
}
Shape{
    appearance Appearance {
        material  Material 	{
            diffuseColor 0.8509803921568627 0.8509803921568627 0.8509803921568627
            specularColor 0.4235294117647059 0.4235294117647059 0.4235294117647059
            ambientIntensity 0.851
            transparency 0.0
            shininess 0.5
        }
    }
    geometry IndexedFaceSet {
        ccw TRUE
        solid FALSE
        coord DEF co Coordinate {
            point [
                -0.2921 1.1752 0.7227, -0.2919 1.1752 0.7227, -0.2927 1.1752 0.7193, -0.2912 1.1752 0.7195, -0.2933 1.1752 0.7171, -0.2905 1.1752 0.7171, -0.3052 1.1752 0.6837, -0.2783 1.1752 0.6839
            ]
        }
        coordIndex [
            0,1,2,-1,2,1,3,-1,2,3,4,-1,4,3,5,-1,4,5,6,-1,6,5,7,-1,
        ]
    }
}
Shape{
    appearance Appearance {
        material  Material 	{
            diffuseColor 0.0 0.0 0.0
            specularColor 0.0 0.0 0.0
            ambientIntensity 0.0
            transparency 0.0
            shininess 0.5
        }
    }
    geometry IndexedFaceSet {
        ccw TRUE
        solid FALSE
        coord DEF co Coordinate {
            point [
                -0.0486 1.1752 0.5367, -0.0486 1.1752 0.5276, -0.0486 1.1752 0.5367, -0.0486 1.1752 0.5276, -0.0159 1.1752 0.5369, -0.0159 1.1752 0.5369, -0.0161 1.1752 0.5638, -0.0161 1.1752 0.5638, -0.0447 1.1752 0.5636, -0.0447 1.1752 0.5636, -0.0448 1.1752 0.5728, -0.0448 1.1752 0.5728, -0.0162 1.1752 0.573, -0.0162 1.1752 0.573, -0.0164 1.1752 0.5986, -0.0164 1.1752 0.5986, -0.0473 1.1752 0.5984, -0.0473 1.1752 0.5984, -0.0473 1.1752 0.6076, -0.0473 1.1752 0.6076, -0.0061 1.1752 0.6079, -0.0061 1.1752 0.6079, -0.0055 1.1752 0.5279, -0.0055 1.1752 0.5279, -0.0941 1.1752 0.5272, -0.1041 1.1752 0.5272, -0.0942 1.1752 0.5361, -0.1044 1.1752 0.564, -0.0944 1.1752 0.5636, -0.0724 1.1752 0.5517, -0.0747 1.1752 0.5528, -0.0939 1.1752 0.5361, -0.0886 1.1752 0.5376, -0.0923 1.1752 0.5336, -0.0858 1.1752 0.5357, -0.0809 1.1752 0.5542, -0.0943 1.1752 0.5559, -0.0943 1.1752 0.5504, -0.0943 1.1752 0.5498, -0.0936 1.1752 0.5453, -0.0921 1.1752 0.5417, -0.0899 1.1752 0.5388, -0.094 1.1752 0.568, -0.1037 1.1752 0.5714, -0.093 1.1752 0.5716, -0.1022 1.1752 0.576, -0.0919 1.1752 0.5737, -0.1002 1.1752 0.5793, -0.0904 1.1752 0.5753, -0.0975 1.1752 0.5819, -0.0886 1.1752 0.5765, -0.0942 1.1752 0.5839, -0.0863 1.1752 0.5773, -0.09 1.1752 0.5852, -0.0829 1.1752 0.5777, -0.0839 1.1752 0.5858, -0.0764 1.1752 0.577, -0.0737 1.1752 0.5846, -0.0701 1.1752 0.5747, -0.0662 1.1752 0.5818, -0.0641 1.1752 0.5709, -0.0641 1.1752 0.5806, -0.0705 1.1752 0.5377, -0.0631 1.1752 0.5306, -0.0713 1.1752 0.5368, -0.0665 1.1752 0.5282, -0.0733 1.1752 0.5355, -0.0703 1.1752 0.5267, -0.0756 1.1752 0.5346, -0.0763 1.1752 0.526, -0.079 1.1752 0.5342, -0.0815 1.1752 0.5265, -0.0827 1.1752 0.5346, -0.0856 1.1752 0.528, -0.0891 1.1752 0.5303, -0.0686 1.1752 0.5451, -0.0583 1.1752 0.5442, -0.0685 1.1752 0.5435, -0.0583 1.1752 0.5428, -0.0687 1.1752 0.5412, -0.0588 1.1752 0.5382, -0.0694 1.1752 0.5394, -0.0599 1.1752 0.5348, -0.062 1.1752 0.5317, -0.0774 1.1752 0.5613, -0.0701 1.1752 0.5596, -0.0712 1.1752 0.5508, -0.0657 1.1752 0.5575, -0.07 1.1752 0.5493, -0.0625 1.1752 0.5548, -0.0691 1.1752 0.5474, -0.0605 1.1752 0.552, -0.059 1.1752 0.5485, -0.0839 1.1752 0.5858, -0.0737 1.1752 0.5846, -0.0662 1.1752 0.5818, -0.0641 1.1752 0.5806, -0.0641 1.1752 0.5709, -0.0701 1.1752 0.5747, -0.0764 1.1752 0.577, -0.0829 1.1752 0.5777, -0.0863 1.1752 0.5773, -0.0886 1.1752 0.5765, -0.0904 1.1752 0.5753, -0.0919 1.1752 0.5737, -0.093 1.1752 0.5716, -0.094 1.1752 0.568, -0.0944 1.1752 0.5636, -0.0774 1.1752 0.5613, -0.0701 1.1752 0.5596, -0.0657 1.1752 0.5575, -0.0625 1.1752 0.5548, -0.0605 1.1752 0.552, -0.059 1.1752 0.5485, -0.0583 1.1752 0.5442, -0.0583 1.1752 0.5428, -0.0588 1.1752 0.5382, -0.0599 1.1752 0.5348, -0.062 1.1752 0.5317, -0.0631 1.1752 0.5306, -0.0665 1.1752 0.5282, -0.0703 1.1752 0.5267, -0.0763 1.1752 0.526, -0.0815 1.1752 0.5265, -0.0856 1.1752 0.528, -0.0891 1.1752 0.5303, -0.0923 1.1752 0.5336, -0.0939 1.1752 0.5361, -0.0942 1.1752 0.5361, -0.0941 1.1752 0.5272, -0.1041 1.1752 0.5272, -0.1044 1.1752 0.564, -0.1037 1.1752 0.5714, -0.1022 1.1752 0.576, -0.1002 1.1752 0.5793, -0.0975 1.1752 0.5819, -0.0942 1.1752 0.5839, -0.09 1.1752 0.5852, -0.0712 1.1752 0.5508, -0.0724 1.1752 0.5517, -0.0747 1.1752 0.5528, -0.0809 1.1752 0.5542, -0.0685 1.1752 0.5435, -0.0686 1.1752 0.5451, -0.0691 1.1752 0.5474, -0.07 1.1752 0.5493, -0.0713 1.1752 0.5368, -0.0705 1.1752 0.5377, -0.0694 1.1752 0.5394, -0.0687 1.1752 0.5412, -0.079 1.1752 0.5342, -0.0756 1.1752 0.5346, -0.0733 1.1752 0.5355, -0.0899 1.1752 0.5388, -0.0886 1.1752 0.5376, -0.0858 1.1752 0.5357, -0.0827 1.1752 0.5346, -0.0943 1.1752 0.5504, -0.0943 1.1752 0.5498, -0.0936 1.1752 0.5453, -0.0921 1.1752 0.5417, -0.0943 1.1752 0.5559
            ]
        }
        coordIndex [
            0,1,2,-1,2,1,3,-1,4,0,5,-1,5,0,2,-1,6,4,7,-1,7,4,5,-1,8,6,9,-1,9,6,7,-1,10,8,11,-1,11,8,9,-1,12,10,13,-1,13,10,11,-1,14,12,15,-1,15,12,13,-1,16,14,17,-1,17,14,15,-1,18,16,19,-1,19,16,17,-1,20,18,21,-1,21,18,19,-1,22,20,23,-1,23,20,21,-1,1,22,3,-1,3,22,23,-1,22,1,0,-1,0,4,22,-1,22,4,6,-1,22,6,20,-1,16,18,14,-1,14,18,20,-1,14,20,12,-1,12,20,6,-1,12,6,10,-1,10,6,8,-1,24,25,26,-1,26,25,27,-1,28,29,30,-1,31,32,33,-1,33,32,34,-1,35,36,27,-1,27,36,37,-1,37,38,27,-1,27,38,39,-1,27,39,26,-1,26,39,40,-1,26,40,31,-1,31,40,41,-1,31,41,32,-1,30,35,28,-1,28,35,27,-1,28,27,42,-1,42,27,43,-1,42,43,44,-1,44,43,45,-1,44,45,46,-1,46,45,47,-1,46,47,48,-1,48,47,49,-1,48,49,50,-1,50,49,51,-1,50,51,52,-1,52,51,53,-1,52,53,54,-1,54,53,55,-1,54,55,56,-1,56,55,57,-1,56,57,58,-1,58,57,59,-1,58,59,60,-1,60,59,61,-1,62,63,64,-1,64,63,65,-1,64,65,66,-1,66,65,67,-1,66,67,68,-1,68,67,69,-1,68,69,70,-1,70,69,71,-1,70,71,72,-1,72,71,73,-1,72,73,34,-1,34,73,74,-1,34,74,33,-1,75,76,77,-1,77,76,78,-1,77,78,79,-1,79,78,80,-1,79,80,81,-1,81,80,82,-1,81,82,62,-1,62,82,83,-1,62,83,63,-1,28,84,29,-1,29,84,85,-1,29,85,86,-1,86,85,87,-1,86,87,88,-1,88,87,89,-1,88,89,90,-1,90,89,91,-1,90,91,75,-1,75,91,92,-1,75,92,76,-1,55,93,94,-1,55,94,57,-1,57,94,95,-1,57,95,59,-1,59,95,96,-1,59,96,61,-1,60,61,97,-1,97,61,96,-1,60,97,98,-1,60,98,58,-1,58,98,99,-1,58,99,56,-1,56,99,100,-1,56,100,54,-1,54,100,101,-1,54,101,52,-1,52,101,102,-1,52,102,50,-1,50,102,103,-1,50,103,48,-1,48,103,104,-1,48,104,46,-1,46,104,105,-1,46,105,44,-1,44,105,106,-1,44,106,42,-1,42,106,107,-1,42,107,28,-1,84,28,108,-1,108,28,107,-1,84,108,109,-1,84,109,85,-1,85,109,110,-1,85,110,87,-1,87,110,111,-1,87,111,89,-1,89,111,112,-1,89,112,91,-1,91,112,113,-1,91,113,92,-1,92,113,114,-1,92,114,76,-1,76,114,115,-1,76,115,78,-1,78,115,116,-1,78,116,80,-1,80,116,117,-1,80,117,82,-1,82,117,118,-1,82,118,83,-1,83,118,119,-1,83,119,63,-1,63,119,120,-1,63,120,65,-1,65,120,121,-1,65,121,67,-1,67,121,122,-1,67,122,69,-1,69,122,123,-1,69,123,71,-1,71,123,124,-1,71,124,73,-1,73,124,125,-1,73,125,74,-1,74,125,126,-1,74,126,33,-1,33,126,127,-1,33,127,31,-1,26,31,128,-1,128,31,127,-1,24,26,129,-1,129,26,128,-1,25,24,130,-1,130,24,129,-1,27,25,131,-1,131,25,130,-1,27,131,132,-1,27,132,43,-1,43,132,133,-1,43,133,45,-1,45,133,134,-1,45,134,47,-1,47,134,135,-1,47,135,49,-1,49,135,136,-1,49,136,51,-1,51,136,137,-1,51,137,53,-1,53,137,93,-1,53,93,55,-1,86,138,139,-1,86,139,29,-1,29,139,140,-1,29,140,30,-1,30,140,141,-1,30,141,35,-1,77,142,143,-1,77,143,75,-1,75,143,144,-1,75,144,90,-1,90,144,145,-1,90,145,88,-1,88,145,138,-1,88,138,86,-1,64,146,147,-1,64,147,62,-1,62,147,148,-1,62,148,81,-1,81,148,149,-1,81,149,79,-1,79,149,142,-1,79,142,77,-1,70,150,151,-1,70,151,68,-1,68,151,152,-1,68,152,66,-1,66,152,146,-1,66,146,64,-1,41,153,154,-1,41,154,32,-1,32,154,155,-1,32,155,34,-1,34,155,156,-1,34,156,72,-1,72,156,150,-1,72,150,70,-1,37,157,158,-1,37,158,38,-1,38,158,159,-1,38,159,39,-1,39,159,160,-1,39,160,40,-1,40,160,153,-1,40,153,41,-1,37,36,157,-1,157,36,161,-1,36,35,161,-1,161,35,141,-1,
        ]
    }
}
Shape{
    appearance Appearance {
        material  Material 	{
            diffuseColor 0.8509803921568627 0.8509803921568627 0.8509803921568627
            specularColor 0.4235294117647059 0.4235294117647059 0.4235294117647059
            ambientIntensity 0.851
            transparency 0.0
            shininess 0.5
        }
    }
    geometry IndexedFaceSet {
        ccw TRUE
        solid FALSE
        coord DEF co Coordinate {
            point [
                -0.0943 1.1752 0.5498, -0.0943 1.1752 0.5504, -0.0712 1.1752 0.5508, -0.0943 1.1752 0.5559, -0.0809 1.1752 0.5542, -0.0747 1.1752 0.5528, -0.0724 1.1752 0.5517, -0.0936 1.1752 0.5453, -0.07 1.1752 0.5493, -0.0921 1.1752 0.5417, -0.0705 1.1752 0.5377, -0.0713 1.1752 0.5368, -0.0886 1.1752 0.5376, -0.0694 1.1752 0.5394, -0.0858 1.1752 0.5357, -0.0827 1.1752 0.5346, -0.079 1.1752 0.5342, -0.0691 1.1752 0.5474, -0.0686 1.1752 0.5451, -0.0899 1.1752 0.5388, -0.0685 1.1752 0.5435, -0.0687 1.1752 0.5412, -0.0733 1.1752 0.5355, -0.0756 1.1752 0.5346
            ]
        }
        coordIndex [
            0,1,2,-1,1,3,4,-1,4,5,1,-1,1,5,6,-1,1,6,2,-1,0,2,7,-1,7,2,8,-1,7,8,9,-1,10,11,12,-1,10,12,13,-1,14,12,15,-1,15,12,16,-1,8,17,9,-1,9,17,18,-1,9,18,19,-1,19,18,20,-1,19,20,12,-1,12,20,21,-1,12,21,13,-1,11,22,12,-1,12,22,23,-1,12,23,16,-1,
        ]
    }
}
Shape{
    appearance Appearance {
        material  Material 	{
            diffuseColor 0.0 0.0 0.0
            specularColor 0.0 0.0 0.0
            ambientIntensity 0.0
            transparency 0.0
            shininess 0.5
        }
    }
    geometry IndexedFaceSet {
        ccw TRUE
        solid FALSE
        coord DEF co Coordinate {
            point [
                -0.1178 1.1752 0.5394, -0.1178 1.1752 0.5394, -0.1217 1.1752 0.537, -0.1343 1.1752 0.5338, -0.1343 1.1752 0.5338, -0.128 1.1752 0.5346, -0.128 1.1752 0.5346, -0.1228 1.1752 0.5365, -0.1217 1.1752 0.537, -0.1177 1.1752 0.5291, -0.1177 1.1752 0.5291, -0.1239 1.1752 0.5267, -0.1228 1.1752 0.5272, -0.1239 1.1752 0.5267, -0.133 1.1752 0.5256, -0.1332 1.1752 0.5256, -0.1332 1.1752 0.5256, -0.1335 1.1752 0.5256, -0.1422 1.1752 0.5266, -0.1422 1.1752 0.5266, -0.1475 1.1752 0.5286, -0.1475 1.1752 0.5286, -0.1499 1.1752 0.53, -0.1499 1.1752 0.53, -0.1528 1.1752 0.5325, -0.1528 1.1752 0.5325, -0.1547 1.1752 0.5351, -0.1547 1.1752 0.5351, -0.1559 1.1752 0.5383, -0.1559 1.1752 0.5383, -0.1565 1.1752 0.5423, -0.1565 1.1752 0.5423, -0.1561 1.1752 0.5461, -0.1561 1.1752 0.5461, -0.155 1.1752 0.549, -0.155 1.1752 0.549, -0.1532 1.1752 0.5518, -0.1532 1.1752 0.5518, -0.1508 1.1752 0.554, -0.1508 1.1752 0.554, -0.1442 1.1752 0.5577, -0.1442 1.1752 0.5577, -0.1403 1.1752 0.5593, -0.1403 1.1752 0.5593, -0.1341 1.1752 0.5621, -0.1341 1.1752 0.5621, -0.1306 1.1752 0.5643, -0.1306 1.1752 0.5643, -0.1296 1.1752 0.5654, -0.1296 1.1752 0.5654, -0.1289 1.1752 0.5667, -0.1289 1.1752 0.5667, -0.1285 1.1752 0.5683, -0.1285 1.1752 0.5683, -0.1284 1.1752 0.5696, -0.1284 1.1752 0.5696, -0.1286 1.1752 0.5712, -0.1286 1.1752 0.5712, -0.1291 1.1752 0.5726, -0.1291 1.1752 0.5726, -0.13 1.1752 0.5739, -0.13 1.1752 0.5739, -0.1315 1.1752 0.5752, -0.1315 1.1752 0.5752, -0.1338 1.1752 0.5764, -0.1338 1.1752 0.5764, -0.1365 1.1752 0.5771, -0.1365 1.1752 0.5771, -0.1394 1.1752 0.5773, -0.1394 1.1752 0.5773, -0.1459 1.1752 0.5765, -0.1459 1.1752 0.5765, -0.1516 1.1752 0.5744, -0.1516 1.1752 0.5744, -0.1539 1.1752 0.573, -0.1539 1.1752 0.573, -0.154 1.1752 0.5828, -0.154 1.1752 0.5828, -0.1474 1.1752 0.5847, -0.1474 1.1752 0.5847, -0.1405 1.1752 0.5854, -0.1405 1.1752 0.5854, -0.1334 1.1752 0.5847, -0.1334 1.1752 0.5847, -0.1278 1.1752 0.5828, -0.1278 1.1752 0.5828, -0.1246 1.1752 0.581, -0.1246 1.1752 0.581, -0.1216 1.1752 0.5783, -0.1228 1.1752 0.5794, -0.1216 1.1752 0.5783, -0.1197 1.1752 0.5756, -0.1197 1.1752 0.5756, -0.1185 1.1752 0.5724, -0.1185 1.1752 0.5724, -0.1181 1.1752 0.5688, -0.1181 1.1752 0.5688, -0.1185 1.1752 0.5649, -0.1185 1.1752 0.5649, -0.1196 1.1752 0.5618, -0.1196 1.1752 0.5618, -0.1209 1.1752 0.5597, -0.1209 1.1752 0.5597, -0.1331 1.1752 0.5521, -0.1331 1.1752 0.5521, -0.1272 1.1752 0.5549, -0.1225 1.1752 0.558, -0.1225 1.1752 0.558, -0.1228 1.1752 0.5578, -0.1272 1.1752 0.5549, -0.1397 1.1752 0.5493, -0.1397 1.1752 0.5493, -0.1436 1.1752 0.5469, -0.1436 1.1752 0.5469, -0.1449 1.1752 0.5456, -0.1449 1.1752 0.5456, -0.1456 1.1752 0.5443, -0.1456 1.1752 0.5443, -0.1461 1.1752 0.5427, -0.1461 1.1752 0.5427, -0.1462 1.1752 0.5414, -0.1462 1.1752 0.5414, -0.1459 1.1752 0.5395, -0.1459 1.1752 0.5395, -0.1454 1.1752 0.5381, -0.1454 1.1752 0.5381, -0.1445 1.1752 0.5368, -0.1445 1.1752 0.5368, -0.1434 1.1752 0.5358, -0.1434 1.1752 0.5358, -0.1424 1.1752 0.5352, -0.1424 1.1752 0.5352, -0.1399 1.1752 0.5343, -0.1399 1.1752 0.5343, -0.1347 1.1752 0.5338, -0.1347 1.1752 0.5338, -0.2065 1.1752 0.5836, -0.2169 1.1752 0.5835, -0.2065 1.1752 0.5836, -0.2169 1.1752 0.5835, -0.1905 1.1752 0.5407, -0.1905 1.1752 0.5407, -0.1898 1.1752 0.538, -0.1898 1.1752 0.538, -0.1893 1.1752 0.5361, -0.1893 1.1752 0.5361, -0.189 1.1752 0.5361, -0.189 1.1752 0.5361, -0.1878 1.1752 0.5408, -0.1878 1.1752 0.5408, -0.1732 1.1752 0.5839, -0.1732 1.1752 0.5839, -0.1786 1.1752 0.5681, -0.162 1.1752 0.5839, -0.162 1.1752 0.5839, -0.184 1.1752 0.5267, -0.184 1.1752 0.5267, -0.1786 1.1752 0.5409, -0.1795 1.1752 0.5163, -0.1795 1.1752 0.5163, -0.1835 1.1752 0.5256, -0.1786 1.1752 0.5146, -0.1775 1.1752 0.5127, -0.1775 1.1752 0.5127, -0.1771 1.1752 0.5123, -0.1756 1.1752 0.5107, -0.1756 1.1752 0.5107, -0.1739 1.1752 0.5095, -0.1739 1.1752 0.5095, -0.1717 1.1752 0.5086, -0.1717 1.1752 0.5086, -0.1692 1.1752 0.5084, -0.1692 1.1752 0.5084, -0.1656 1.1752 0.5089, -0.1656 1.1752 0.5089, -0.1635 1.1752 0.5095, -0.1635 1.1752 0.5095, -0.1634 1.1752 0.5006, -0.1634 1.1752 0.5006, -0.1677 1.1752 0.4999, -0.1677 1.1752 0.4999, -0.1699 1.1752 0.4998, -0.1699 1.1752 0.4998, -0.174 1.1752 0.5002, -0.174 1.1752 0.5002, -0.1779 1.1752 0.5017, -0.1779 1.1752 0.5017, -0.1786 1.1752 0.5021, -0.1814 1.1752 0.5041, -0.1904 1.1752 0.5179, -0.1904 1.1752 0.5179, -0.1875 1.1752 0.5123, -0.1858 1.1752 0.5091, -0.1858 1.1752 0.5091, -0.1821 1.1752 0.5047, -0.1821 1.1752 0.5047, -0.1814 1.1752 0.5041, -0.1935 1.1752 0.5256, -0.2704 1.1752 0.5351, -0.2703 1.1752 0.526, -0.2704 1.1752 0.5351, -0.2703 1.1752 0.526, -0.2377 1.1752 0.5353, -0.2377 1.1752 0.5353, -0.2537 1.1752 0.5352, -0.2379 1.1752 0.5623, -0.2379 1.1752 0.5623, -0.2665 1.1752 0.5621, -0.2665 1.1752 0.5621, -0.2537 1.1752 0.5622, -0.2666 1.1752 0.5712, -0.2666 1.1752 0.5712, -0.2379 1.1752 0.5714, -0.2379 1.1752 0.5714, -0.2537 1.1752 0.5713, -0.2381 1.1752 0.5971, -0.2381 1.1752 0.5971, -0.269 1.1752 0.5968, -0.269 1.1752 0.5968, -0.2537 1.1752 0.597, -0.2691 1.1752 0.6061, -0.2691 1.1752 0.6061, -0.2278 1.1752 0.6064, -0.2278 1.1752 0.6064, -0.2537 1.1752 0.6062, -0.2273 1.1752 0.5263, -0.2273 1.1752 0.5263, -0.2537 1.1752 0.5261, -0.3386 1.1752 0.5367, -0.3304 1.1752 0.5421, -0.3302 1.1752 0.5308, -0.3252 1.1752 0.5386, -0.321 1.1752 0.5273, -0.3185 1.1752 0.5361, -0.3075 1.1752 0.5257, -0.3075 1.1752 0.5348, -0.2854 1.1752 0.5259, -0.2959 1.1752 0.5349, -0.286 1.1752 0.6059, -0.2963 1.1752 0.5967, -0.3089 1.1752 0.6058, -0.3084 1.1752 0.5966, -0.309 1.1752 0.5966, -0.3211 1.1752 0.6043, -0.3193 1.1752 0.5952, -0.3307 1.1752 0.6007, -0.3261 1.1752 0.5925, -0.3391 1.1752 0.595, -0.3314 1.1752 0.5889, -0.3419 1.1752 0.5922, -0.3337 1.1752 0.5866, -0.3468 1.1752 0.5851, -0.3367 1.1752 0.5821, -0.3497 1.1752 0.5775, -0.339 1.1752 0.5763, -0.3509 1.1752 0.5665, -0.3401 1.1752 0.5663, -0.3507 1.1752 0.5614, -0.3397 1.1752 0.5609, -0.3486 1.1752 0.552, -0.3381 1.1752 0.5536, -0.3446 1.1752 0.5437, -0.3352 1.1752 0.5477, -0.3313 1.1752 0.543, -0.3075 1.1752 0.5257, -0.2854 1.1752 0.5259, -0.321 1.1752 0.5273, -0.3302 1.1752 0.5308, -0.3386 1.1752 0.5367, -0.3446 1.1752 0.5437, -0.3486 1.1752 0.552, -0.3507 1.1752 0.5614, -0.3509 1.1752 0.5665, -0.3497 1.1752 0.5775, -0.3468 1.1752 0.5851, -0.3419 1.1752 0.5922, -0.3391 1.1752 0.595, -0.3307 1.1752 0.6007, -0.3211 1.1752 0.6043, -0.3089 1.1752 0.6058, -0.286 1.1752 0.6059, -0.3084 1.1752 0.5966, -0.2963 1.1752 0.5967, -0.2959 1.1752 0.5349, -0.3075 1.1752 0.5348, -0.3313 1.1752 0.543, -0.3304 1.1752 0.5421, -0.3252 1.1752 0.5386, -0.3185 1.1752 0.5361, -0.3401 1.1752 0.5663, -0.3397 1.1752 0.5609, -0.3381 1.1752 0.5536, -0.3352 1.1752 0.5477, -0.3314 1.1752 0.5889, -0.3337 1.1752 0.5866, -0.3367 1.1752 0.5821, -0.339 1.1752 0.5763, -0.309 1.1752 0.5966, -0.3193 1.1752 0.5952, -0.3261 1.1752 0.5925
            ]
        }
        coordIndex [
            0,1,2,-1,3,4,5,-1,3,5,6,-1,6,5,7,-1,6,7,2,-1,2,7,8,-1,2,8,0,-1,9,1,10,-1,10,1,0,-1,11,9,12,-1,12,9,10,-1,12,13,11,-1,11,13,14,-1,11,14,15,-1,15,14,16,-1,15,16,17,-1,15,17,18,-1,17,19,18,-1,18,19,20,-1,18,20,21,-1,21,20,22,-1,21,22,23,-1,23,22,24,-1,23,24,25,-1,25,24,26,-1,25,26,27,-1,27,26,28,-1,27,28,29,-1,29,28,30,-1,29,30,31,-1,31,30,32,-1,31,32,33,-1,33,32,34,-1,33,34,35,-1,35,34,36,-1,35,36,37,-1,37,36,38,-1,37,38,39,-1,39,38,40,-1,39,40,41,-1,41,40,42,-1,41,42,43,-1,43,42,44,-1,43,44,45,-1,45,44,46,-1,45,46,47,-1,47,46,48,-1,47,48,49,-1,49,48,50,-1,49,50,51,-1,51,50,52,-1,51,52,53,-1,53,52,54,-1,53,54,55,-1,55,54,56,-1,55,56,57,-1,57,56,58,-1,57,58,59,-1,59,58,60,-1,59,60,61,-1,61,60,62,-1,61,62,63,-1,63,62,64,-1,63,64,65,-1,65,64,66,-1,65,66,67,-1,67,66,68,-1,67,68,69,-1,69,68,70,-1,69,70,71,-1,71,70,72,-1,71,72,73,-1,73,72,74,-1,73,74,75,-1,76,75,77,-1,77,75,74,-1,76,77,78,-1,76,78,79,-1,79,78,80,-1,79,80,81,-1,81,80,82,-1,81,82,83,-1,83,82,84,-1,83,84,85,-1,85,84,86,-1,85,86,87,-1,88,87,89,-1,89,87,86,-1,89,90,88,-1,88,90,91,-1,88,91,92,-1,92,91,93,-1,92,93,94,-1,94,93,95,-1,94,95,96,-1,96,95,97,-1,96,97,98,-1,98,97,99,-1,98,99,100,-1,100,99,101,-1,100,101,102,-1,103,104,105,-1,102,101,106,-1,102,106,107,-1,107,106,108,-1,107,108,105,-1,105,108,109,-1,105,109,103,-1,104,103,110,-1,104,110,111,-1,111,110,112,-1,111,112,113,-1,113,112,114,-1,113,114,115,-1,115,114,116,-1,115,116,117,-1,117,116,118,-1,117,118,119,-1,119,118,120,-1,119,120,121,-1,121,120,122,-1,121,122,123,-1,123,122,124,-1,123,124,125,-1,125,124,126,-1,125,126,127,-1,127,126,128,-1,127,128,129,-1,129,128,130,-1,129,130,131,-1,131,130,132,-1,131,132,133,-1,133,132,134,-1,133,134,135,-1,135,134,4,-1,135,4,3,-1,61,63,85,-1,85,63,83,-1,111,43,104,-1,104,43,45,-1,21,23,127,-1,127,23,25,-1,127,25,125,-1,125,25,27,-1,125,27,123,-1,123,27,29,-1,123,29,121,-1,121,29,31,-1,121,31,119,-1,119,31,33,-1,119,33,117,-1,117,33,35,-1,117,35,115,-1,115,35,37,-1,115,37,113,-1,113,37,39,-1,113,39,111,-1,111,39,41,-1,111,41,43,-1,15,3,11,-1,11,3,6,-1,11,6,9,-1,9,6,2,-1,9,2,1,-1,63,65,83,-1,83,65,67,-1,83,67,81,-1,81,67,69,-1,81,69,79,-1,79,69,71,-1,79,71,76,-1,76,71,73,-1,76,73,75,-1,127,129,21,-1,21,129,131,-1,21,131,18,-1,18,131,133,-1,18,133,15,-1,15,133,135,-1,15,135,3,-1,85,87,61,-1,61,87,88,-1,61,88,59,-1,59,88,92,-1,59,92,57,-1,57,92,94,-1,57,94,55,-1,55,94,96,-1,55,96,53,-1,53,96,98,-1,53,98,51,-1,51,98,100,-1,51,100,49,-1,49,100,102,-1,49,102,47,-1,47,102,107,-1,47,107,45,-1,45,107,105,-1,45,105,104,-1,136,137,138,-1,138,137,139,-1,140,136,141,-1,141,136,138,-1,140,141,142,-1,140,142,143,-1,143,142,144,-1,143,144,145,-1,146,145,147,-1,147,145,144,-1,148,146,149,-1,149,146,147,-1,150,151,152,-1,152,151,148,-1,152,148,149,-1,153,151,154,-1,154,151,150,-1,155,156,157,-1,157,156,153,-1,157,153,154,-1,158,159,160,-1,160,159,156,-1,160,156,155,-1,159,158,161,-1,159,161,162,-1,161,163,162,-1,162,163,164,-1,162,164,165,-1,164,166,165,-1,165,166,167,-1,165,167,168,-1,168,167,169,-1,168,169,170,-1,170,169,171,-1,170,171,172,-1,172,171,173,-1,172,173,174,-1,174,173,175,-1,174,175,176,-1,177,176,178,-1,178,176,175,-1,177,178,179,-1,177,179,180,-1,180,179,181,-1,180,181,182,-1,182,181,183,-1,182,183,184,-1,184,183,185,-1,184,185,186,-1,186,185,187,-1,186,187,188,-1,189,190,191,-1,191,190,192,-1,191,192,193,-1,193,192,194,-1,193,194,195,-1,195,194,188,-1,195,188,196,-1,196,188,187,-1,139,137,197,-1,197,137,190,-1,197,190,189,-1,143,145,190,-1,137,136,190,-1,190,136,140,-1,190,140,143,-1,151,153,148,-1,148,153,156,-1,148,156,146,-1,176,177,174,-1,174,177,180,-1,174,180,172,-1,172,180,182,-1,172,182,170,-1,170,182,184,-1,170,184,168,-1,168,184,186,-1,168,186,165,-1,145,146,190,-1,190,146,156,-1,190,156,192,-1,156,159,192,-1,192,159,162,-1,192,162,194,-1,194,162,165,-1,194,165,188,-1,188,165,186,-1,198,199,200,-1,200,199,201,-1,202,203,204,-1,204,203,198,-1,204,198,200,-1,205,203,206,-1,206,203,202,-1,207,208,209,-1,209,208,205,-1,209,205,206,-1,210,208,211,-1,211,208,207,-1,212,213,214,-1,214,213,210,-1,214,210,211,-1,215,213,216,-1,216,213,212,-1,217,218,219,-1,219,218,215,-1,219,215,216,-1,220,218,221,-1,221,218,217,-1,222,223,224,-1,224,223,220,-1,224,220,221,-1,225,223,226,-1,226,223,222,-1,201,199,227,-1,227,199,225,-1,227,225,226,-1,225,199,198,-1,198,203,225,-1,225,203,205,-1,225,205,223,-1,218,220,215,-1,215,220,223,-1,215,223,213,-1,213,223,205,-1,213,205,210,-1,210,205,208,-1,228,229,230,-1,230,229,231,-1,230,231,232,-1,232,231,233,-1,232,233,234,-1,234,233,235,-1,234,235,236,-1,236,235,237,-1,236,237,238,-1,238,237,239,-1,238,239,240,-1,239,241,240,-1,240,241,242,-1,240,242,243,-1,243,242,244,-1,243,244,245,-1,245,244,246,-1,245,246,247,-1,247,246,248,-1,247,248,249,-1,249,248,250,-1,249,250,251,-1,251,250,252,-1,251,252,253,-1,253,252,254,-1,253,254,255,-1,255,254,256,-1,255,256,257,-1,257,256,258,-1,257,258,259,-1,259,258,260,-1,259,260,261,-1,261,260,262,-1,261,262,228,-1,228,262,263,-1,228,263,229,-1,234,236,264,-1,264,236,265,-1,234,264,266,-1,234,266,232,-1,232,266,267,-1,232,267,230,-1,230,267,268,-1,230,268,228,-1,228,268,269,-1,228,269,261,-1,261,269,270,-1,261,270,259,-1,259,270,271,-1,259,271,257,-1,257,271,272,-1,257,272,255,-1,255,272,273,-1,255,273,253,-1,253,273,274,-1,253,274,251,-1,251,274,275,-1,251,275,249,-1,249,275,276,-1,249,276,247,-1,247,276,277,-1,247,277,245,-1,245,277,278,-1,245,278,243,-1,243,278,279,-1,243,279,240,-1,238,240,280,-1,280,240,279,-1,236,238,265,-1,265,238,280,-1,241,239,281,-1,281,239,282,-1,239,237,282,-1,282,237,283,-1,237,235,283,-1,283,235,284,-1,263,285,286,-1,263,286,229,-1,229,286,287,-1,229,287,231,-1,231,287,288,-1,231,288,233,-1,233,288,284,-1,233,284,235,-1,256,289,290,-1,256,290,258,-1,258,290,291,-1,258,291,260,-1,260,291,292,-1,260,292,262,-1,262,292,285,-1,262,285,263,-1,248,293,294,-1,248,294,250,-1,250,294,295,-1,250,295,252,-1,252,295,296,-1,252,296,254,-1,254,296,289,-1,254,289,256,-1,241,281,297,-1,241,297,242,-1,242,297,298,-1,242,298,244,-1,244,298,299,-1,244,299,246,-1,246,299,293,-1,246,293,248,-1,
        ]
    }
}
Shape{
    appearance Appearance {
        material  Material 	{
            diffuseColor 0.8509803921568627 0.8509803921568627 0.8509803921568627
            specularColor 0.4235294117647059 0.4235294117647059 0.4235294117647059
            ambientIntensity 0.851
            transparency 0.0
            shininess 0.5
        }
    }
    geometry IndexedFaceSet {
        ccw TRUE
        solid FALSE
        coord DEF co Coordinate {
            point [
                -0.3252 1.1752 0.5386, -0.3304 1.1752 0.5421, -0.309 1.1752 0.5966, -0.2963 1.1752 0.5967, -0.2959 1.1752 0.5349, -0.3084 1.1752 0.5966, -0.3075 1.1752 0.5348, -0.3185 1.1752 0.5361, -0.3313 1.1752 0.543, -0.3352 1.1752 0.5477, -0.3381 1.1752 0.5536, -0.3401 1.1752 0.5663, -0.3314 1.1752 0.5889, -0.3261 1.1752 0.5925, -0.339 1.1752 0.5763, -0.3367 1.1752 0.5821, -0.3337 1.1752 0.5866, -0.3397 1.1752 0.5609, -0.3193 1.1752 0.5952
            ]
        }
        coordIndex [
            0,1,2,-1,3,4,5,-1,5,4,6,-1,5,6,2,-1,2,6,7,-1,2,7,0,-1,1,8,2,-1,2,8,9,-1,2,9,10,-1,11,12,13,-1,14,15,11,-1,11,15,16,-1,11,16,12,-1,10,17,2,-1,2,17,11,-1,2,11,18,-1,18,11,13,-1,
        ]
    }
}
Shape{
    appearance Appearance {
        material  Material 	{
            diffuseColor 0.0 0.0 0.0
            specularColor 0.0 0.0 0.0
            ambientIntensity 0.0
            transparency 0.0
            shininess 0.5
        }
    }
    geometry IndexedFaceSet {
        ccw TRUE
        solid FALSE
        coord DEF co Coordinate {
            point [
                -0.3777 1.1752 0.5562, -0.3899 1.1752 0.5894, -0.3861 1.1752 0.6052, -0.3551 1.1752 0.5254, -0.3665 1.1752 0.5253, -0.3744 1.1752 0.5471, -0.3906 1.1752 0.5917, -0.3912 1.1752 0.595, -0.3972 1.1752 0.6052, -0.3915 1.1752 0.595, -0.3921 1.1752 0.5916, -0.3927 1.1752 0.5893, -0.4046 1.1752 0.556, -0.4271 1.1752 0.5249, -0.4157 1.1752 0.5249, -0.4077 1.1752 0.5469, -0.3972 1.1752 0.6052, -0.4268 1.1752 0.5256, -0.4271 1.1752 0.5249, -0.3861 1.1752 0.6052, -0.3551 1.1752 0.5254, -0.3552 1.1752 0.5256, -0.3665 1.1752 0.5253, -0.3744 1.1752 0.5471, -0.3666 1.1752 0.5256, -0.4077 1.1752 0.5469, -0.4157 1.1752 0.5249, -0.4155 1.1752 0.5256, -0.3777 1.1752 0.5562, -0.4046 1.1752 0.556, -0.3927 1.1752 0.5893, -0.3915 1.1752 0.595, -0.3921 1.1752 0.5916, -0.3912 1.1752 0.595, -0.3899 1.1752 0.5894, -0.3906 1.1752 0.5917
            ]
        }
        coordIndex [
            0,1,2,-1,3,4,5,-1,1,6,2,-1,2,6,7,-1,2,7,8,-1,8,7,9,-1,8,9,10,-1,10,11,8,-1,8,11,12,-1,8,12,13,-1,14,13,15,-1,15,13,12,-1,15,12,5,-1,5,12,0,-1,5,0,3,-1,3,0,2,-1,16,8,17,-1,17,8,13,-1,17,13,18,-1,2,8,19,-1,19,8,16,-1,20,3,21,-1,21,3,2,-1,21,2,19,-1,4,3,22,-1,22,3,20,-1,23,5,24,-1,24,5,4,-1,24,4,22,-1,15,5,25,-1,25,5,23,-1,26,14,27,-1,27,14,15,-1,27,15,25,-1,13,14,18,-1,18,14,26,-1,0,12,28,-1,28,12,29,-1,12,11,29,-1,29,11,30,-1,9,31,32,-1,9,32,10,-1,10,32,30,-1,10,30,11,-1,9,7,31,-1,31,7,33,-1,1,34,35,-1,1,35,6,-1,6,35,33,-1,6,33,7,-1,1,0,34,-1,34,0,28,-1,
        ]
    }
}
Shape{
    appearance Appearance {
        material  Material 	{
            diffuseColor 0.8509803921568627 0.8509803921568627 0.8509803921568627
            specularColor 0.4235294117647059 0.4235294117647059 0.4235294117647059
            ambientIntensity 0.851
            transparency 0.0
            shininess 0.5
        }
    }
    geometry IndexedFaceSet {
        ccw TRUE
        solid FALSE
        coord DEF co Coordinate {
            point [
                -0.3915 1.1752 0.595, -0.3912 1.1752 0.595, -0.3921 1.1752 0.5916, -0.3906 1.1752 0.5917, -0.3927 1.1752 0.5893, -0.3899 1.1752 0.5894, -0.4046 1.1752 0.556, -0.3777 1.1752 0.5562
            ]
        }
        coordIndex [
            0,1,2,-1,2,1,3,-1,2,3,4,-1,4,3,5,-1,4,5,6,-1,6,5,7,-1,
        ]
    }
}
Shape{
    appearance Appearance {
        material  Material 	{
            diffuseColor 0.0 0.0 0.0
            specularColor 0.0 0.0 0.0
            ambientIntensity 0.0
            transparency 0.0
            shininess 0.5
        }
    }
    geometry IndexedFaceSet {
        ccw TRUE
        solid FALSE
        coord DEF co Coordinate {
            point [
                0.3482 1.1752 0.519, 0.3398 1.1752 0.5085, 0.353 1.1752 0.5694, 0.1626 1.1752 0.5959, 0.1801 1.1752 0.6262, 0.2566 1.1752 0.5869, 0.2961 1.1752 0.5704, 0.2908 1.1752 0.5686, 0.3621 1.1752 0.6684, 0.3494 1.1752 0.675, 0.3522 1.1752 0.7101, 0.3166 1.1752 0.7115, 0.2993 1.1752 0.6698, 0.2905 1.1752 0.6877, 0.3653 1.1752 0.5771, 0.361 1.1752 0.5335, 0.3538 1.1752 0.5313, 0.3297 1.1752 0.7127, 0.2861 1.1752 0.5657, 0.2823 1.1752 0.5617, 0.2426 1.1752 0.5544, 0.2797 1.1752 0.5571, 0.2782 1.1752 0.5519, 0.2427 1.1752 0.5487, 0.2781 1.1752 0.5464, 0.3055 1.1752 0.5701, 0.3128 1.1752 0.605, 0.3105 1.1752 0.5682, 0.3254 1.1752 0.6003, 0.315 1.1752 0.5651, 0.3371 1.1752 0.5923, 0.3175 1.1752 0.5624, 0.3466 1.1752 0.5816, 0.3204 1.1752 0.5577, 0.322 1.1752 0.5523, 0.2785 1.1752 0.6026, 0.2923 1.1752 0.6061, 0.2992 1.1752 0.6066, 0.1434 1.1752 0.6522, 0.1389 1.1752 0.6521, 0.1153 1.1752 0.6827, 0.1281 1.1752 0.6507, 0.1125 1.1752 0.6818, 0.1182 1.1752 0.6468, 0.0956 1.1752 0.6732, 0.0803 1.1752 0.6601, 0.3049 1.1752 0.725, 0.2776 1.1752 0.7029, 0.2914 1.1752 0.7363, 0.2622 1.1752 0.7139, 0.2755 1.1752 0.7459, 0.3353 1.1752 0.6783, 0.3294 1.1752 0.6785, 0.3232 1.1752 0.7123, 0.3161 1.1752 0.6768, 0.3033 1.1752 0.672, 0.0809 1.1752 0.5538, 0.1073 1.1752 0.5766, 0.0965 1.1752 0.5408, 0.1158 1.1752 0.5698, 0.114 1.1752 0.5324, 0.1259 1.1752 0.5652, 0.1329 1.1752 0.5286, 0.1361 1.1752 0.5633, 0.1665 1.1752 0.5288, 0.1617 1.1752 0.5635, 0.1697 1.1752 0.5293, 0.3 1.1752 0.5707, 0.2665 1.1752 0.5961, 0.1094 1.1752 0.6406, 0.1029 1.1752 0.6332, 0.0688 1.1752 0.6438, 0.0976 1.1752 0.6234, 0.062 1.1752 0.6263, 0.095 1.1752 0.6124, 0.0595 1.1752 0.6077, 0.0948 1.1752 0.6074, 0.0622 1.1752 0.5874, 0.0962 1.1752 0.5963, 0.0695 1.1752 0.5695, 0.1002 1.1752 0.5862, 0.1066 1.1752 0.5774, 0.1457 1.1752 0.7279, 0.1682 1.1752 0.7019, 0.1264 1.1752 0.705, 0.1555 1.1752 0.6865, 0.1468 1.1752 0.6681, 0.3849 1.1752 0.6358, 0.4224 1.1752 0.6266, 0.3867 1.1752 0.622, 0.4226 1.1752 0.6211, 0.3861 1.1752 0.6132, 0.42 1.1752 0.5988, 0.3821 1.1752 0.5993, 0.412 1.1752 0.5776, 0.3754 1.1752 0.5877, 0.3991 1.1752 0.5589, 0.3815 1.1752 0.5436, 0.3159 1.1752 0.5328, 0.3189 1.1752 0.5367, 0.3212 1.1752 0.5414, 0.3223 1.1752 0.5468, 0.2491 1.1752 0.7553, 0.2436 1.1752 0.7213, 0.223 1.1752 0.7581, 0.2226 1.1752 0.7239, 0.1964 1.1752 0.7547, 0.2033 1.1752 0.7214, 0.1682 1.1752 0.7437, 0.1855 1.1752 0.7144, 0.1696 1.1752 0.7032, 0.3733 1.1752 0.7021, 0.3915 1.1752 0.6895, 0.372 1.1752 0.6597, 0.3954 1.1752 0.6858, 0.38 1.1752 0.6485, 0.4092 1.1752 0.6684, 0.4184 1.1752 0.648, 0.3115 1.1752 0.5295, 0.3287 1.1752 0.5, 0.3064 1.1752 0.5272, 0.3156 1.1752 0.4944, 0.3013 1.1752 0.5264, 0.3022 1.1752 0.4922, 0.3003 1.1752 0.5263, 0.3 1.1752 0.4922, 0.2948 1.1752 0.527, 0.2862 1.1752 0.4938, 0.2898 1.1752 0.5289, 0.2735 1.1752 0.4986, 0.2855 1.1752 0.5319, 0.2621 1.1752 0.5064, 0.2819 1.1752 0.536, 0.2533 1.1752 0.5161, 0.2793 1.1752 0.5409, 0.2464 1.1752 0.5287, 0.243 1.1752 0.5428, 0.1646 1.1752 0.564, 0.1785 1.1752 0.5349, 0.1771 1.1752 0.5335, 0.1629 1.1752 0.5637, 0.1735 1.1752 0.5308, 0.1829 1.1752 0.5466, 0.1824 1.1752 0.5423, 0.1809 1.1752 0.5384, 0.1695 1.1752 0.5636, 0.1735 1.1752 0.562, 0.1827 1.1752 0.5488, 0.177 1.1752 0.5596, 0.1793 1.1752 0.557, 0.1816 1.1752 0.5531, 0.1651 1.1752 0.5641, 0.0595 1.1752 0.6077, 0.062 1.1752 0.6263, 0.0635 1.1752 0.6303, 0.0688 1.1752 0.6438, 0.0754 1.1752 0.6532, 0.0803 1.1752 0.6601, 0.0956 1.1752 0.6732, 0.1125 1.1752 0.6818, 0.1153 1.1752 0.6827, 0.1264 1.1752 0.705, 0.1457 1.1752 0.7279, 0.1552 1.1752 0.7345, 0.1682 1.1752 0.7437, 0.1964 1.1752 0.7547, 0.223 1.1752 0.7581, 0.2491 1.1752 0.7553, 0.2755 1.1752 0.7459, 0.2914 1.1752 0.7363, 0.3166 1.1752 0.7115, 0.2936 1.1752 0.7345, 0.3049 1.1752 0.725, 0.3232 1.1752 0.7123, 0.3297 1.1752 0.7127, 0.3522 1.1752 0.7101, 0.3733 1.1752 0.7021, 0.3915 1.1752 0.6895, 0.3954 1.1752 0.6858, 0.4226 1.1752 0.6211, 0.4092 1.1752 0.6684, 0.4161 1.1752 0.6532, 0.4184 1.1752 0.648, 0.4217 1.1752 0.6303, 0.4224 1.1752 0.6266, 0.42 1.1752 0.5988, 0.412 1.1752 0.5776, 0.3991 1.1752 0.5589, 0.3815 1.1752 0.5436, 0.361 1.1752 0.5335, 0.3538 1.1752 0.5313, 0.3512 1.1752 0.5256, 0.3428 1.1752 0.5123, 0.3482 1.1752 0.519, 0.3398 1.1752 0.5085, 0.3287 1.1752 0.5, 0.3156 1.1752 0.4944, 0.3022 1.1752 0.4922, 0.3 1.1752 0.4922, 0.2862 1.1752 0.4938, 0.2481 1.1752 0.5256, 0.2735 1.1752 0.4986, 0.2621 1.1752 0.5064, 0.2567 1.1752 0.5123, 0.2533 1.1752 0.5161, 0.2464 1.1752 0.5287, 0.243 1.1752 0.5428, 0.2427 1.1752 0.5487, 0.2426 1.1752 0.5544, 0.1626 1.1752 0.5959, 0.1801 1.1752 0.6262, 0.2566 1.1752 0.5869, 0.2665 1.1752 0.5961, 0.2785 1.1752 0.6026, 0.2923 1.1752 0.6061, 0.2992 1.1752 0.6066, 0.3128 1.1752 0.605, 0.3254 1.1752 0.6003, 0.3371 1.1752 0.5923, 0.3466 1.1752 0.5816, 0.353 1.1752 0.5694, 0.3653 1.1752 0.5771, 0.3754 1.1752 0.5877, 0.3821 1.1752 0.5993, 0.3861 1.1752 0.6132, 0.3867 1.1752 0.622, 0.3857 1.1752 0.6303, 0.3849 1.1752 0.6358, 0.38 1.1752 0.6485, 0.3767 1.1752 0.6532, 0.372 1.1752 0.6597, 0.3621 1.1752 0.6684, 0.3494 1.1752 0.675, 0.3353 1.1752 0.6783, 0.3294 1.1752 0.6785, 0.3161 1.1752 0.6768, 0.3033 1.1752 0.672, 0.2993 1.1752 0.6698, 0.2905 1.1752 0.6877, 0.2776 1.1752 0.7029, 0.2622 1.1752 0.7139, 0.2436 1.1752 0.7213, 0.2226 1.1752 0.7239, 0.1434 1.1752 0.6522, 0.1436 1.1752 0.6532, 0.1468 1.1752 0.6681, 0.1555 1.1752 0.6865, 0.1682 1.1752 0.7019, 0.1696 1.1752 0.7032, 0.1855 1.1752 0.7144, 0.2033 1.1752 0.7214, 0.1389 1.1752 0.6521, 0.1281 1.1752 0.6507, 0.1182 1.1752 0.6468, 0.1094 1.1752 0.6406, 0.1029 1.1752 0.6332, 0.1013 1.1752 0.6303, 0.0976 1.1752 0.6234, 0.095 1.1752 0.6124, 0.0948 1.1752 0.6074, 0.0962 1.1752 0.5963, 0.1002 1.1752 0.5862, 0.1066 1.1752 0.5774, 0.1073 1.1752 0.5766, 0.1158 1.1752 0.5698, 0.1259 1.1752 0.5652, 0.1361 1.1752 0.5633, 0.1617 1.1752 0.5635, 0.1629 1.1752 0.5637, 0.1646 1.1752 0.564, 0.1651 1.1752 0.5641, 0.1695 1.1752 0.5636, 0.1735 1.1752 0.562, 0.177 1.1752 0.5596, 0.1793 1.1752 0.557, 0.1816 1.1752 0.5531, 0.1827 1.1752 0.5488, 0.1829 1.1752 0.5466, 0.1824 1.1752 0.5423, 0.1809 1.1752 0.5384, 0.1785 1.1752 0.5349, 0.1771 1.1752 0.5335, 0.1735 1.1752 0.5308, 0.1697 1.1752 0.5293, 0.1665 1.1752 0.5288, 0.1329 1.1752 0.5286, 0.114 1.1752 0.5324, 0.0965 1.1752 0.5408, 0.0809 1.1752 0.5538, 0.0695 1.1752 0.5695, 0.0622 1.1752 0.5874, 0.3 1.1752 0.5707, 0.2961 1.1752 0.5704, 0.2908 1.1752 0.5686, 0.2861 1.1752 0.5657, 0.2823 1.1752 0.5617, 0.2797 1.1752 0.5571, 0.2782 1.1752 0.5519, 0.2781 1.1752 0.5464, 0.2793 1.1752 0.5409, 0.2819 1.1752 0.536, 0.2855 1.1752 0.5319, 0.2898 1.1752 0.5289, 0.2948 1.1752 0.527, 0.3003 1.1752 0.5263, 0.3013 1.1752 0.5264, 0.3064 1.1752 0.5272, 0.3115 1.1752 0.5295, 0.3159 1.1752 0.5328, 0.3189 1.1752 0.5367, 0.3212 1.1752 0.5414, 0.3223 1.1752 0.5468, 0.322 1.1752 0.5523, 0.3204 1.1752 0.5577, 0.3175 1.1752 0.5624, 0.315 1.1752 0.5651, 0.3105 1.1752 0.5682, 0.3055 1.1752 0.5701
            ]
        }
        coordIndex [
            0,1,2,-1,3,4,5,-1,6,7,3,-1,8,9,10,-1,11,12,13,-1,14,15,2,-1,2,15,16,-1,2,16,0,-1,10,9,17,-1,7,18,3,-1,3,18,19,-1,3,19,20,-1,19,21,20,-1,20,21,22,-1,20,22,23,-1,23,22,24,-1,25,26,27,-1,27,26,28,-1,27,28,29,-1,29,28,30,-1,29,30,31,-1,31,30,32,-1,31,32,33,-1,33,32,2,-1,33,2,34,-1,35,36,25,-1,25,36,37,-1,25,37,26,-1,38,39,40,-1,40,39,41,-1,40,41,42,-1,42,41,43,-1,42,43,44,-1,44,43,45,-1,11,13,46,-1,46,13,47,-1,46,47,48,-1,48,47,49,-1,48,49,50,-1,9,51,17,-1,17,51,52,-1,17,52,53,-1,53,52,54,-1,53,54,11,-1,11,54,55,-1,11,55,12,-1,56,57,58,-1,58,57,59,-1,58,59,60,-1,60,59,61,-1,60,61,62,-1,62,61,63,-1,62,63,64,-1,64,63,65,-1,64,65,66,-1,6,3,67,-1,67,3,5,-1,67,5,25,-1,25,5,68,-1,25,68,35,-1,43,69,45,-1,45,69,70,-1,45,70,71,-1,71,70,72,-1,71,72,73,-1,73,72,74,-1,73,74,75,-1,75,74,76,-1,75,76,77,-1,77,76,78,-1,77,78,79,-1,79,78,80,-1,79,80,56,-1,56,80,81,-1,56,81,57,-1,82,83,84,-1,84,83,85,-1,84,85,40,-1,40,85,86,-1,40,86,38,-1,87,88,89,-1,89,88,90,-1,89,90,91,-1,91,90,92,-1,91,92,93,-1,93,92,94,-1,93,94,95,-1,95,94,96,-1,95,96,14,-1,14,96,97,-1,14,97,15,-1,98,99,1,-1,1,99,100,-1,1,100,2,-1,2,100,101,-1,2,101,34,-1,50,49,102,-1,102,49,103,-1,102,103,104,-1,104,103,105,-1,104,105,106,-1,106,105,107,-1,106,107,108,-1,108,107,109,-1,108,109,82,-1,82,109,110,-1,82,110,83,-1,10,111,8,-1,8,111,112,-1,8,112,113,-1,113,112,114,-1,113,114,115,-1,115,114,116,-1,115,116,87,-1,87,116,117,-1,87,117,88,-1,98,1,118,-1,118,1,119,-1,118,119,120,-1,120,119,121,-1,120,121,122,-1,122,121,123,-1,122,123,124,-1,124,123,125,-1,124,125,126,-1,126,125,127,-1,126,127,128,-1,128,127,129,-1,128,129,130,-1,130,129,131,-1,130,131,132,-1,132,131,133,-1,132,133,134,-1,134,133,135,-1,134,135,24,-1,24,135,136,-1,24,136,23,-1,137,138,139,-1,65,140,66,-1,66,140,137,-1,66,137,141,-1,141,137,139,-1,142,143,137,-1,137,143,144,-1,137,144,138,-1,145,146,147,-1,146,148,147,-1,147,148,149,-1,147,149,150,-1,142,137,147,-1,147,137,151,-1,147,151,145,-1,75,152,153,-1,75,153,73,-1,73,153,154,-1,73,154,71,-1,154,155,71,-1,71,155,156,-1,71,156,45,-1,156,157,45,-1,45,157,158,-1,45,158,44,-1,44,158,159,-1,44,159,42,-1,42,159,160,-1,42,160,40,-1,40,160,161,-1,40,161,84,-1,84,161,162,-1,84,162,82,-1,82,162,163,-1,82,163,108,-1,163,164,108,-1,108,164,165,-1,108,165,106,-1,106,165,166,-1,106,166,104,-1,104,166,167,-1,104,167,102,-1,102,167,168,-1,102,168,50,-1,50,168,169,-1,50,169,48,-1,170,11,46,-1,48,169,171,-1,48,171,46,-1,46,171,172,-1,46,172,170,-1,11,170,173,-1,11,173,53,-1,53,173,174,-1,53,174,17,-1,17,174,175,-1,17,175,10,-1,10,175,176,-1,10,176,111,-1,111,176,177,-1,111,177,112,-1,112,177,178,-1,112,178,114,-1,179,90,88,-1,114,178,180,-1,114,180,116,-1,116,180,181,-1,116,181,117,-1,181,182,117,-1,117,182,183,-1,117,183,88,-1,88,183,184,-1,88,184,179,-1,90,179,185,-1,90,185,92,-1,92,185,186,-1,92,186,94,-1,94,186,187,-1,94,187,96,-1,96,187,188,-1,96,188,97,-1,97,188,189,-1,97,189,15,-1,15,189,190,-1,15,190,16,-1,16,190,191,-1,192,1,0,-1,16,191,0,-1,0,191,193,-1,0,193,192,-1,192,194,1,-1,1,194,195,-1,1,195,119,-1,119,195,196,-1,119,196,121,-1,121,196,197,-1,121,197,123,-1,123,197,198,-1,123,198,125,-1,125,198,199,-1,200,135,133,-1,125,199,127,-1,127,199,201,-1,127,201,129,-1,129,201,202,-1,129,202,131,-1,131,202,203,-1,131,203,133,-1,133,203,204,-1,133,204,200,-1,200,205,135,-1,135,205,206,-1,135,206,136,-1,136,206,207,-1,136,207,23,-1,20,23,208,-1,208,23,207,-1,3,20,209,-1,209,20,208,-1,4,3,210,-1,210,3,209,-1,5,4,211,-1,211,4,210,-1,5,211,212,-1,5,212,68,-1,68,212,213,-1,68,213,35,-1,35,213,214,-1,35,214,36,-1,36,214,215,-1,36,215,37,-1,37,215,216,-1,37,216,26,-1,26,216,217,-1,26,217,28,-1,28,217,218,-1,28,218,30,-1,30,218,219,-1,30,219,32,-1,32,219,220,-1,32,220,2,-1,2,220,221,-1,2,221,14,-1,14,221,222,-1,14,222,95,-1,95,222,223,-1,95,223,93,-1,93,223,224,-1,93,224,91,-1,91,224,225,-1,91,225,89,-1,87,89,226,-1,226,89,225,-1,226,227,87,-1,87,227,228,-1,87,228,115,-1,115,228,229,-1,115,229,113,-1,229,230,113,-1,113,230,231,-1,113,231,8,-1,8,231,232,-1,8,232,9,-1,9,232,233,-1,9,233,51,-1,51,233,234,-1,51,234,52,-1,52,234,235,-1,52,235,54,-1,54,235,236,-1,54,236,55,-1,55,236,237,-1,55,237,12,-1,12,237,238,-1,12,238,13,-1,13,238,239,-1,13,239,47,-1,47,239,240,-1,47,240,49,-1,49,240,241,-1,49,241,103,-1,103,241,242,-1,103,242,105,-1,243,38,244,-1,244,38,86,-1,244,86,245,-1,245,86,85,-1,245,85,246,-1,246,85,83,-1,246,83,247,-1,247,83,110,-1,247,110,248,-1,248,110,109,-1,248,109,249,-1,249,109,107,-1,249,107,250,-1,250,107,105,-1,250,105,242,-1,39,38,251,-1,251,38,243,-1,39,251,252,-1,39,252,41,-1,41,252,253,-1,41,253,43,-1,43,253,254,-1,43,254,69,-1,69,254,255,-1,69,255,70,-1,70,255,256,-1,70,256,72,-1,256,257,72,-1,72,257,258,-1,72,258,74,-1,74,258,259,-1,74,259,76,-1,76,259,260,-1,76,260,78,-1,78,260,261,-1,78,261,80,-1,80,261,262,-1,80,262,81,-1,81,262,263,-1,81,263,57,-1,57,263,264,-1,57,264,59,-1,59,264,265,-1,59,265,61,-1,61,265,266,-1,61,266,63,-1,65,63,267,-1,267,63,266,-1,65,267,268,-1,65,268,140,-1,140,268,269,-1,140,269,137,-1,137,269,270,-1,137,270,151,-1,151,270,271,-1,151,271,145,-1,145,271,272,-1,145,272,146,-1,146,272,273,-1,146,273,148,-1,148,273,274,-1,148,274,149,-1,149,274,275,-1,149,275,150,-1,150,275,276,-1,150,276,147,-1,147,276,277,-1,147,277,142,-1,142,277,278,-1,142,278,143,-1,143,278,279,-1,143,279,144,-1,144,279,280,-1,144,280,138,-1,138,280,281,-1,138,281,139,-1,139,281,282,-1,139,282,141,-1,141,282,283,-1,141,283,66,-1,66,283,284,-1,66,284,64,-1,62,64,285,-1,285,64,284,-1,62,285,286,-1,62,286,60,-1,60,286,287,-1,60,287,58,-1,58,287,288,-1,58,288,56,-1,56,288,289,-1,56,289,79,-1,79,289,290,-1,79,290,77,-1,77,290,152,-1,77,152,75,-1,67,291,292,-1,67,292,6,-1,6,292,293,-1,6,293,7,-1,7,293,294,-1,7,294,18,-1,18,294,295,-1,18,295,19,-1,19,295,296,-1,19,296,21,-1,21,296,297,-1,21,297,22,-1,22,297,298,-1,22,298,24,-1,24,298,299,-1,24,299,134,-1,134,299,300,-1,134,300,132,-1,132,300,301,-1,132,301,130,-1,130,301,302,-1,130,302,128,-1,128,302,303,-1,128,303,126,-1,126,303,304,-1,126,304,124,-1,124,304,305,-1,124,305,122,-1,122,305,306,-1,122,306,120,-1,120,306,307,-1,120,307,118,-1,118,307,308,-1,118,308,98,-1,98,308,309,-1,98,309,99,-1,99,309,310,-1,99,310,100,-1,100,310,311,-1,100,311,101,-1,101,311,312,-1,101,312,34,-1,34,312,313,-1,34,313,33,-1,33,313,314,-1,33,314,31,-1,31,314,315,-1,31,315,29,-1,29,315,316,-1,29,316,27,-1,27,316,317,-1,27,317,25,-1,25,317,291,-1,25,291,67,-1,
        ]
    }
}
Shape{
    appearance Appearance {
        material  Material 	{
            diffuseColor 0.8509803921568627 0.8509803921568627 0.8509803921568627
            specularColor 0.4235294117647059 0.4235294117647059 0.4235294117647059
            ambientIntensity 0.851
            transparency 0.0
            shininess 0.5
        }
    }
    geometry IndexedFaceSet {
        ccw TRUE
        solid FALSE
        coord DEF co Coordinate {
            point [
                0.3013 1.1752 0.5264, 0.315 1.1752 0.5651, 0.3175 1.1752 0.5624, 0.3 1.1752 0.5707, 0.3055 1.1752 0.5701, 0.3105 1.1752 0.5682, 0.3212 1.1752 0.5414, 0.3189 1.1752 0.5367, 0.3159 1.1752 0.5328, 0.2961 1.1752 0.5704, 0.3003 1.1752 0.5263, 0.2948 1.1752 0.527, 0.2819 1.1752 0.536, 0.2797 1.1752 0.5571, 0.2855 1.1752 0.5319, 0.2823 1.1752 0.5617, 0.2861 1.1752 0.5657, 0.2898 1.1752 0.5289, 0.2908 1.1752 0.5686, 0.3204 1.1752 0.5577, 0.322 1.1752 0.5523, 0.3223 1.1752 0.5468, 0.3115 1.1752 0.5295, 0.3064 1.1752 0.5272, 0.2793 1.1752 0.5409, 0.2781 1.1752 0.5464, 0.2782 1.1752 0.5519
            ]
        }
        coordIndex [
            0,1,2,-1,3,4,0,-1,0,4,5,-1,0,5,1,-1,6,7,2,-1,2,7,8,-1,3,0,9,-1,9,0,10,-1,9,10,11,-1,12,13,14,-1,14,13,15,-1,14,15,16,-1,11,17,9,-1,9,17,14,-1,9,14,18,-1,18,14,16,-1,19,20,2,-1,2,20,21,-1,2,21,6,-1,8,22,2,-1,2,22,23,-1,2,23,0,-1,24,25,12,-1,12,25,26,-1,12,26,13,-1,
        ]
    }
}