#VRML V2.0 utf8
# 3D model generated by easyeda2kicad.py (https://github.com/uPesy/easyeda2kicad.py)

Shape{
    appearance Appearance {
        material  Material 	{
            diffuseColor 0.2235294117647059 0.2235294117647059 0.2235294117647059
            specularColor 0.11372549019607843 0.11372549019607843 0.11372549019607843
            ambientIntensity 0.2235
            transparency 0.0
            shininess 0.5
        }
    }
    geometry IndexedFaceSet {
        ccw TRUE
        solid FALSE
        coord DEF co Coordinate {
            point [
                1.0111 -0.5768 0.474, 1.2805 -0.5768 0.474, 1.0111 -0.5768 0.4843, 1.2859 -0.5768 0.4843, 0.9574 -0.5768 0.474, 0.9574 -0.5768 0.4843, 0.8537 -0.5768 0.474, 0.8143 -0.5768 0.4843, 0.8143 -0.5768 0.474, 0.7605 -0.5768 0.4843, 0.6174 -0.5768 0.4843, 0.7605 -0.5768 0.474, 0.6174 -0.5768 0.474, 0.5637 -0.5768 0.474, 0.5637 -0.5768 0.4843, 0.4268 -0.5768 0.474, 0.4206 -0.5768 0.4843, 0.4206 -0.5768 0.474, 0.3668 -0.5768 0.4843, 0.2237 -0.5768 0.4843, 0.3668 -0.5768 0.474, 0.2237 -0.5768 0.474, 0.17 -0.5768 0.4843, 0.0269 -0.5768 0.4843, 0.17 -0.5768 0.474, 0.0269 -0.5768 0.474, -0.0269 -0.5768 0.4843, -0.17 -0.5768 0.4843, -0.0269 -0.5768 0.474, -0.17 -0.5768 0.474, -0.2237 -0.5768 0.4843, -0.3668 -0.5768 0.4843, -0.2237 -0.5768 0.474, -0.3668 -0.5768 0.474, -0.5637 -0.5768 0.4843, -0.5637 -0.5768 0.474, -0.4206 -0.5768 0.4843, -0.4268 -0.5768 0.474, -0.4206 -0.5768 0.474, -0.6174 -0.5768 0.4843, -0.7605 -0.5768 0.4843, -0.6174 -0.5768 0.474, -0.7605 -0.5768 0.474, -0.8143 -0.5768 0.474, -0.8143 -0.5768 0.4843, -0.8537 -0.5768 0.474, -0.9574 -0.5768 0.4843, -0.9574 -0.5768 0.474, 1.214 -1.6128 0.7598, 1.2598 -1.5096 0.7598, 1.2598 -1.2579 0.7598, 1.2344 -1.2545 0.7598, 1.2106 -1.2447 0.7598, 1.0111 -1.3642 0.7598, 1.1902 -1.229 0.7598, 1.1746 -1.2087 0.7598, 1.1746 -0.6378 0.7598, 1.1902 -0.6174 0.7598, 1.0111 -0.5768 0.7598, 0.9574 -0.5768 0.7598, 0.8143 -0.5768 0.7598, 0.9574 -1.3642 0.7598, 0.8143 -1.3642 0.7598, 1.1648 -0.6615 0.7598, 1.2127 -1.6156 0.7598, -1.2127 -1.6156 0.7598, 0.7605 -1.3642 0.7598, 1.3074 -0.5886 0.7598, 1.3074 -0.5571 0.7598, 1.3068 -0.5616 0.7598, 0.5637 -1.3642 0.7598, 0.5637 -0.5768 0.7598, 0.4206 -0.5768 0.7598, 0.4206 -1.3642 0.7598, 0.3668 -1.3642 0.7598, 0.6174 -1.3642 0.7598, 0.6174 -0.5768 0.7598, 0.7605 -0.5768 0.7598, 1.1648 -1.1849 0.7598, 1.1614 -1.1594 0.7598, 1.1614 -0.687 0.7598, 1.3052 -0.5659 0.7598, 1.3025 -0.5697 0.7598, 1.2989 -0.5728 0.7598, 0.17 -1.3642 0.7598, 0.17 -0.5768 0.7598, 0.0269 -0.5768 0.7598, 1.2944 -0.5752 0.7598, 1.2892 -0.5765 0.7598, 1.2598 -0.5886 0.7598, 1.2859 -0.5768 0.7598, 1.2344 -0.5919 0.7598, 1.2106 -0.6018 0.7598, 0.0269 -1.3642 0.7598, -0.0269 -1.3642 0.7598, 0.2237 -1.3642 0.7598, 0.2237 -0.5768 0.7598, 0.3668 -0.5768 0.7598, -0.2237 -1.3642 0.7598, -0.2237 -0.5768 0.7598, -0.3668 -0.5768 0.7598, -0.3668 -1.3642 0.7598, -0.4206 -1.3642 0.7598, -0.17 -1.3642 0.7598, -0.17 -0.5768 0.7598, -0.0269 -0.5768 0.7598, -0.6174 -1.3642 0.7598, -0.6174 -0.5768 0.7598, -0.7605 -0.5768 0.7598, -0.7605 -1.3642 0.7598, -0.5637 -1.3642 0.7598, -0.5637 -0.5768 0.7598, -0.4206 -0.5768 0.7598, -0.8143 -0.5768 0.7598, -0.9574 -0.5768 0.7598, -0.8143 -1.3642 0.7598, -0.9574 -1.3642 0.7598, -1.1902 -0.6174 0.7598, -1.1746 -0.6378 0.7598, -1.0111 -0.5768 0.7598, -1.0111 -1.3642 0.7598, -1.214 -1.6128 0.7598, -1.3073 -0.5594 0.7598, -1.3074 -0.5571 0.7598, -1.3074 -0.5886 0.7598, -1.1648 -1.1849 0.7598, -1.1746 -1.2087 0.7598, -1.3008 -0.5713 0.7598, -1.3039 -0.5678 0.7598, -1.3061 -0.5639 0.7598, -1.2598 -1.2579 0.7598, -1.2598 -1.5096 0.7598, -1.2344 -1.2545 0.7598, -1.2106 -1.2447 0.7598, -1.1902 -1.229 0.7598, -1.2859 -0.5768 0.7598, -1.2916 -0.5761 0.7598, -1.2965 -0.5742 0.7598, -1.2598 -0.5886 0.7598, -1.2344 -0.5919 0.7598, -1.2106 -0.6018 0.7598, -1.1648 -0.6615 0.7598, -1.1614 -0.687 0.7598, -1.1614 -1.1594 0.7598, 1.2805 -0.5768 0.7701, 1.0111 -0.5768 0.7701, 0.8143 -0.5768 0.7701, 0.8537 -0.5768 0.7701, 0.9574 -0.5768 0.7701, 0.6174 -0.5768 0.7701, 0.7605 -0.5768 0.7701, 0.5637 -0.5768 0.7701, 0.4268 -0.5768 0.7701, 0.4206 -0.5768 0.7701, 0.2237 -0.5768 0.7701, 0.3668 -0.5768 0.7701, 0.0269 -0.5768 0.7701, 0.17 -0.5768 0.7701, -0.17 -0.5768 0.7701, -0.0269 -0.5768 0.7701, -0.3668 -0.5768 0.7701, -0.2237 -0.5768 0.7701, -0.5637 -0.5768 0.7701, -0.4268 -0.5768 0.7701, -0.4206 -0.5768 0.7701, -0.7605 -0.5768 0.7701, -0.6174 -0.5768 0.7701, -0.9574 -0.5768 0.7701, -0.8537 -0.5768 0.7701, -0.8143 -0.5768 0.7701, -1.2805 -0.5768 0.7701, -1.0111 -0.5768 0.7701
            ]
        }
        coordIndex [
            0,1,2,-1,2,1,3,-1,4,5,6,-1,6,5,7,-1,6,7,8,-1,9,10,11,-1,11,10,12,-1,13,14,15,-1,15,14,16,-1,15,16,17,-1,18,19,20,-1,20,19,21,-1,22,23,24,-1,24,23,25,-1,26,27,28,-1,28,27,29,-1,30,31,32,-1,32,31,33,-1,34,35,36,-1,36,35,37,-1,36,37,38,-1,39,40,41,-1,41,40,42,-1,43,44,45,-1,45,44,46,-1,45,46,47,-1,48,49,50,-1,51,52,53,-1,53,52,54,-1,53,54,55,-1,56,57,58,-1,59,60,61,-1,61,60,62,-1,56,58,63,-1,50,51,48,-1,48,51,53,-1,48,53,64,-1,64,53,61,-1,64,61,65,-1,65,61,62,-1,65,62,66,-1,67,68,69,-1,70,71,72,-1,73,74,65,-1,72,73,70,-1,70,73,65,-1,70,65,75,-1,75,65,66,-1,75,66,76,-1,76,66,77,-1,55,78,53,-1,53,78,79,-1,53,79,58,-1,58,79,80,-1,58,80,63,-1,69,81,67,-1,67,81,82,-1,67,82,83,-1,84,85,86,-1,83,87,67,-1,67,87,88,-1,67,88,89,-1,89,88,90,-1,89,90,91,-1,91,90,58,-1,91,58,92,-1,92,58,57,-1,93,94,65,-1,86,93,84,-1,84,93,65,-1,84,65,95,-1,95,65,74,-1,95,74,96,-1,96,74,97,-1,98,99,100,-1,101,102,65,-1,100,101,98,-1,98,101,65,-1,98,65,103,-1,103,65,94,-1,103,94,104,-1,104,94,105,-1,106,107,108,-1,108,109,106,-1,106,109,65,-1,106,65,110,-1,110,65,102,-1,110,102,111,-1,111,102,112,-1,113,114,115,-1,115,114,116,-1,117,118,119,-1,120,121,116,-1,116,121,65,-1,116,65,115,-1,115,65,109,-1,122,123,124,-1,125,126,120,-1,127,128,124,-1,124,128,129,-1,124,129,122,-1,130,131,132,-1,132,131,121,-1,132,121,133,-1,133,121,120,-1,133,120,134,-1,134,120,126,-1,135,136,124,-1,124,136,137,-1,124,137,127,-1,124,138,135,-1,135,138,139,-1,135,139,119,-1,119,139,140,-1,119,140,117,-1,118,141,119,-1,119,141,142,-1,119,142,120,-1,120,142,143,-1,120,143,125,-1,90,144,58,-1,58,144,145,-1,146,60,147,-1,147,60,59,-1,147,59,148,-1,149,76,150,-1,150,76,77,-1,71,151,72,-1,72,151,152,-1,72,152,153,-1,154,96,155,-1,155,96,97,-1,156,86,157,-1,157,86,85,-1,158,104,159,-1,159,104,105,-1,160,100,161,-1,161,100,99,-1,162,111,163,-1,163,111,112,-1,163,112,164,-1,165,108,166,-1,166,108,107,-1,167,114,168,-1,168,114,113,-1,168,113,169,-1,170,135,171,-1,171,135,119,-1,
        ]
    }
}
Shape{
    appearance Appearance {
        material  Material 	{
            diffuseColor 0.6666666666666666 0.6980392156862745 0.7686274509803922
            specularColor 0.3333333333333333 0.34901960784313724 0.3843137254901961
            ambientIntensity 0.6967
            transparency 0.0
            shininess 0.5
        }
    }
    geometry IndexedFaceSet {
        ccw TRUE
        solid FALSE
        coord DEF co Coordinate {
            point [
                0.4768 0.5315 1.2441, 0.4921 0.5335 1.2441, 0.4921 0.8091 1.2441, 0.4331 0.4744 1.2441, 0.4351 0.4897 1.2441, 0.2854 0.7461 1.2441, 0.4921 0.4154 1.2441, 0.4768 0.4174 1.2441, -0.8976 -0.4613 1.2441, 0.3129 0.782 1.2441, 0.4626 0.5256 1.2441, 0.315 0.7972 1.2441, 0.315 0.8091 1.2441, 1.0335 0.4154 1.2441, -0.4331 0.4744 1.2441, -0.4351 0.4591 1.2441, 0.2264 0.7461 1.2441, -0.441 0.4449 1.2441, -0.4504 0.4327 1.2441, 0.441 0.5039 1.2441, 0.4504 0.5162 1.2441, 0.2977 0.7555 1.2441, 0.307 0.7677 1.2441, -0.622 -0.4508 1.2441, -0.6017 -0.4535 1.2441, 1.063 0.4233 1.2441, -0.5827 -0.4613 1.2441, -0.5664 -0.4738 1.2441, -0.5539 -0.4902 1.2441, 0.2712 0.7402 1.2441, 0.441 0.4449 1.2441, 0.4351 0.4591 1.2441, -0.4921 0.8091 1.2441, -0.4921 0.5335 1.2441, -0.315 0.8091 1.2441, -0.4768 0.5315 1.2441, -0.3082 0.7699 1.2441, -0.3133 0.7831 1.2441, -0.4626 0.5256 1.2441, -0.4626 0.4233 1.2441, -0.4768 0.4174 1.2441, -0.9139 -0.4738 1.2441, -0.9265 -0.4902 1.2441, -1.0752 0.4327 1.2441, -1.252 -1.7894 1.2441, -1.063 0.4233 1.2441, -1.0487 0.4174 1.2441, 1.0487 0.4174 1.2441, -0.8786 -0.4535 1.2441, -0.8583 -0.4508 1.2441, -0.546 -0.5091 1.2441, -0.5433 -0.5295 1.2441, -0.5433 -1.0714 1.2441, 0.4626 0.4233 1.2441, 0.4504 0.4327 1.2441, -0.315 0.7972 1.2441, 0.2559 0.7382 1.2441, 0.2406 0.7402 1.2441, -0.5704 -1.5118 1.2441, -0.5846 -1.5059 1.2441, -0.8957 -1.5059 1.2441, -1.0984 0.7756 1.2441, -1.1054 0.7868 1.2441, -1.1516 0.8091 1.2441, -0.5411 -1.0898 1.2441, -0.4961 -1.2776 1.2441, 1.0752 0.4327 1.2441, -0.2226 0.7485 1.2441, -0.2352 0.742 1.2441, -0.4504 0.5162 1.2441, -0.249 0.7386 1.2441, -0.2632 0.7386 1.2441, -0.5134 -1.4965 1.2441, 1.252 -1.7894 1.2441, -0.504 -1.4842 1.2441, -0.4981 -1.47 1.2441, -1.094 0.7631 1.2441, -0.4351 0.4897 1.2441, 0.2141 0.7555 1.2441, -0.441 0.5039 1.2441, 0.2119 0.7579 1.2441, -0.2119 0.7579 1.2441, -0.5551 -1.5138 1.2441, -1.0846 0.4449 1.2441, -1.0905 0.4591 1.2441, -1.252 0.8091 1.2441, -1.0925 0.4744 1.2441, -1.0925 0.75 1.2441, -1.1148 0.7962 1.2441, -1.126 0.8032 1.2441, -1.1384 0.8076 1.2441, -0.277 0.7421 1.2441, -0.2895 0.7487 1.2441, -0.3002 0.7581 1.2441, 0.5846 -1.5059 1.2441, 0.5704 -1.5118 1.2441, -0.5256 -1.5059 1.2441, -0.5398 -1.5118 1.2441, -0.9099 -1.5118 1.2441, -0.9252 -1.5138 1.2441, -0.9405 -1.5118 1.2441, -0.9547 -1.5059 1.2441, -0.967 -1.4965 1.2441, -0.9763 -1.4842 1.2441, 0.9392 -1.0898 1.2441, 0.9843 -1.2776 1.2441, 0.9843 -1.4547 1.2441, 0.9822 -1.47 1.2441, 0.9547 -1.5059 1.2441, 0.9405 -1.5118 1.2441, 0.8786 -0.4535 1.2441, 0.8976 -0.4613 1.2441, 1.252 0.8091 1.2441, 0.9139 -0.4738 1.2441, 0.9265 -0.4902 1.2441, 0.9763 -1.4842 1.2441, 0.967 -1.4965 1.2441, 0.5134 -1.4965 1.2441, 0.504 -1.4842 1.2441, -0.8682 -1.47 1.2441, -0.6122 -1.47 1.2441, -0.6142 -1.4547 1.2441, -0.5969 -1.4965 1.2441, -0.6063 -1.4842 1.2441, -0.8834 -1.4965 1.2441, -0.8741 -1.4842 1.2441, -0.9822 -1.47 1.2441, -0.9843 -1.4547 1.2441, -0.9843 -1.2776 1.2441, 0.6063 -1.4842 1.2441, 0.5969 -1.4965 1.2441, 0.8957 -1.5059 1.2441, 0.9099 -1.5118 1.2441, 0.9252 -1.5138 1.2441, 0.8741 -1.4842 1.2441, 0.8682 -1.47 1.2441, 0.6122 -1.47 1.2441, 0.8661 -1.4547 1.2441, 0.5551 -1.5138 1.2441, 0.5398 -1.5118 1.2441, 0.5256 -1.5059 1.2441, 0.4981 -1.47 1.2441, 0.4961 -1.4547 1.2441, -0.4961 -1.4547 1.2441, 0.5433 -1.0714 1.2441, 0.5433 -0.5295 1.2441, 1.0846 0.4449 1.2441, 0.6017 -0.4535 1.2441, 0.622 -0.4508 1.2441, 0.9343 -0.5091 1.2441, 0.937 -0.5295 1.2441, 0.937 -1.0714 1.2441, -0.937 -0.5295 1.2441, -0.9343 -0.5091 1.2441, -1.0335 0.4154 1.2441, -0.4921 0.4154 1.2441, 0.8834 -1.4965 1.2441, 0.5411 -1.0898 1.2441, 0.546 -0.5091 1.2441, 0.5539 -0.4902 1.2441, 0.5664 -0.4738 1.2441, 0.5827 -0.4613 1.2441, 1.0945 0.7653 1.2441, 1.0925 0.75 1.2441, 1.1516 0.8091 1.2441, 1.0925 0.4744 1.2441, 1.0905 0.4591 1.2441, 0.8583 -0.4508 1.2441, 0.4961 -1.2776 1.2441, 1.122 0.8011 1.2441, 1.1098 0.7918 1.2441, 1.1004 0.7795 1.2441, -0.6142 -1.3971 1.2441, -0.8661 -1.3971 1.2441, -0.6142 -1.4011 1.2441, -0.8661 -1.4011 1.2441, -0.8661 -1.4547 1.2441, -0.9392 -1.0898 1.2441, -0.937 -1.0714 1.2441, 0.8661 -1.3971 1.2441, 0.6142 -1.3971 1.2441, 0.8661 -1.4011 1.2441, 0.6142 -1.4011 1.2441, 0.6142 -1.4547 1.2441, 1.1363 0.807 1.2441, -0.4941 0.061 1.126, -0.4941 0.0807 1.126, 0.4941 0.0807 1.126, -1.252 0.0807 1.126, -0.9259 0.0807 1.126, -0.9259 0.061 1.126, -0.9139 -0.4738 1.126, -0.9265 -0.4902 1.126, -0.9343 -0.5091 1.126, -0.937 -0.5295 1.126, -1.252 -1.6909 1.126, -0.937 -1.0714 1.126, -0.9392 -1.0898 1.126, 0.5704 -1.5118 1.126, 0.5846 -1.5059 1.126, 0.8957 -1.5059 1.126, 0.5827 -0.4613 1.126, -0.5664 -0.4738 1.126, 0.6017 -0.4535 1.126, 0.622 -0.4508 1.126, 0.5664 -0.4738 1.126, 0.5539 -0.4902 1.126, -0.5539 -0.4902 1.126, 0.4941 0.061 1.126, 0.8786 -0.4535 1.126, 0.8583 -0.4508 1.126, -0.5827 -0.4613 1.126, -0.6017 -0.4535 1.126, -0.622 -0.4508 1.126, -0.8583 -0.4508 1.126, -0.8786 -0.4535 1.126, -0.8976 -0.4613 1.126, -0.504 -1.4842 1.126, 0.5433 -1.0714 1.126, -0.5134 -1.4965 1.126, -0.5256 -1.5059 1.126, -0.5846 -1.5059 1.126, -0.5704 -1.5118 1.126, -0.5551 -1.5138 1.126, 0.5551 -1.5138 1.126, 0.9343 -0.5091 1.126, 0.9265 -0.4902 1.126, 0.9259 0.061 1.126, 0.9139 -0.4738 1.126, 0.8976 -0.4613 1.126, -0.9843 -1.2776 1.126, -0.9843 -1.4547 1.126, -0.9822 -1.47 1.126, -0.9547 -1.5059 1.126, -0.9405 -1.5118 1.126, 0.5134 -1.4965 1.126, 0.5256 -1.5059 1.126, 0.5398 -1.5118 1.126, 0.9099 -1.5118 1.126, 1.252 -1.6909 1.126, 0.9252 -1.5138 1.126, 0.9405 -1.5118 1.126, -0.9763 -1.4842 1.126, -0.967 -1.4965 1.126, 0.5411 -1.0898 1.126, 0.4961 -1.2776 1.126, -0.5398 -1.5118 1.126, 0.4961 -1.4547 1.126, 0.4981 -1.47 1.126, 0.504 -1.4842 1.126, 0.9547 -1.5059 1.126, 0.967 -1.4965 1.126, 0.9763 -1.4842 1.126, -0.4981 -1.47 1.126, -0.4961 -1.4547 1.126, -0.4961 -1.2776 1.126, -0.546 -0.5091 1.126, 0.546 -0.5091 1.126, 0.5433 -0.5295 1.126, -0.8741 -1.4842 1.126, -0.8682 -1.47 1.126, -0.6122 -1.47 1.126, -0.8661 -1.4547 1.126, 0.8682 -1.47 1.126, 0.6122 -1.47 1.126, 0.6142 -1.4547 1.126, 0.5969 -1.4965 1.126, 0.6063 -1.4842 1.126, 0.8834 -1.4965 1.126, 0.8741 -1.4842 1.126, -0.9252 -1.5138 1.126, -0.9099 -1.5118 1.126, -0.8957 -1.5059 1.126, -0.5969 -1.4965 1.126, -0.6063 -1.4842 1.126, -0.8834 -1.4965 1.126, 0.9822 -1.47 1.126, 0.9843 -1.4547 1.126, 0.9843 -1.2776 1.126, 0.9259 0.0807 1.126, 1.252 0.0807 1.126, 0.937 -0.5295 1.126, -0.5411 -1.0898 1.126, -0.5433 -1.0714 1.126, -0.5433 -0.5295 1.126, -0.8661 -1.3971 1.126, -0.6142 -1.3971 1.126, -0.8661 -1.4011 1.126, -0.6142 -1.4011 1.126, -0.6142 -1.4547 1.126, 0.6142 -1.3971 1.126, 0.8661 -1.3971 1.126, 0.6142 -1.4011 1.126, 0.8661 -1.4011 1.126, 0.8661 -1.4547 1.126, 0.9392 -1.0898 1.126, 0.937 -1.0714 1.126, 1.7598 0.8091 0.3129, 1.6693 0.8091 0.3129, 1.7598 0.8091 0.7362, 1.6693 0.8091 0.7362, 1.7501 0.8091 0.8353, 1.6588 0.8091 0.8291, 1.7212 0.8091 0.9306, 1.628 0.8091 0.9173, 1.6743 0.8091 1.0184, 1.5782 0.8091 0.9964, 1.6111 0.8091 1.0953, 1.5122 0.8091 1.0625, 1.1516 0.8091 1.1535, 1.252 0.8091 1.1535, 1.3448 0.8091 1.1431, 1.351 0.8091 1.2343, 1.433 0.8091 1.1122, 1.4463 0.8091 1.2054, 1.5341 0.8091 1.1585
            ]
        }
        coordIndex [
            0,1,2,-1,3,4,5,-1,6,7,8,-1,9,10,11,-1,11,10,0,-1,11,0,12,-1,12,0,2,-1,6,8,13,-1,14,15,16,-1,16,15,17,-1,16,17,18,-1,4,19,5,-1,5,19,20,-1,5,20,21,-1,21,20,10,-1,21,10,22,-1,22,10,9,-1,23,24,25,-1,24,26,25,-1,25,26,27,-1,25,27,28,-1,29,30,5,-1,5,30,31,-1,5,31,3,-1,32,33,34,-1,34,33,35,-1,36,37,38,-1,39,40,41,-1,41,40,42,-1,43,44,45,-1,45,44,46,-1,13,8,47,-1,47,8,48,-1,47,48,25,-1,25,48,49,-1,25,49,23,-1,28,50,25,-1,25,50,51,-1,25,51,52,-1,7,53,8,-1,8,53,54,-1,8,54,30,-1,38,37,35,-1,35,37,55,-1,35,55,34,-1,29,56,30,-1,30,56,57,-1,30,57,8,-1,8,57,16,-1,8,16,41,-1,41,16,18,-1,41,18,39,-1,58,59,60,-1,61,62,63,-1,52,64,25,-1,25,64,65,-1,25,65,66,-1,67,68,69,-1,69,68,70,-1,69,70,71,-1,72,73,74,-1,74,73,75,-1,61,63,76,-1,14,16,77,-1,77,16,78,-1,77,78,79,-1,79,78,80,-1,79,80,69,-1,69,80,81,-1,69,81,67,-1,58,60,82,-1,43,83,44,-1,44,83,84,-1,44,84,85,-1,85,84,86,-1,85,86,63,-1,63,86,87,-1,63,87,76,-1,62,88,63,-1,63,88,89,-1,63,89,90,-1,71,91,69,-1,69,91,92,-1,69,92,38,-1,38,92,93,-1,38,93,36,-1,73,94,95,-1,72,96,73,-1,73,96,97,-1,73,97,82,-1,82,60,73,-1,73,60,98,-1,73,98,44,-1,44,98,99,-1,44,99,100,-1,100,101,44,-1,44,101,102,-1,44,102,103,-1,104,105,73,-1,73,105,106,-1,73,106,107,-1,73,108,109,-1,110,111,112,-1,112,111,113,-1,112,113,114,-1,107,115,73,-1,73,115,116,-1,73,116,108,-1,75,117,118,-1,119,120,121,-1,59,122,60,-1,60,122,123,-1,60,123,124,-1,124,123,120,-1,124,120,125,-1,125,120,119,-1,103,126,44,-1,44,126,127,-1,44,127,128,-1,129,130,131,-1,131,130,94,-1,131,94,132,-1,132,94,73,-1,132,73,133,-1,133,73,109,-1,134,135,136,-1,136,135,137,-1,95,138,73,-1,73,138,139,-1,73,139,75,-1,75,139,140,-1,75,140,117,-1,118,141,75,-1,75,141,142,-1,75,142,143,-1,144,145,65,-1,146,147,148,-1,114,149,112,-1,112,149,150,-1,112,150,73,-1,73,150,151,-1,73,151,104,-1,44,152,46,-1,46,152,153,-1,46,153,154,-1,154,153,42,-1,154,42,155,-1,155,42,40,-1,129,131,136,-1,136,131,156,-1,136,156,134,-1,144,65,157,-1,145,158,65,-1,65,158,159,-1,65,159,66,-1,66,159,160,-1,66,160,146,-1,146,160,161,-1,146,161,147,-1,162,163,164,-1,164,163,165,-1,164,165,112,-1,112,165,166,-1,112,166,110,-1,110,166,146,-1,110,146,167,-1,167,146,148,-1,143,142,65,-1,65,142,168,-1,65,168,157,-1,169,170,171,-1,172,173,174,-1,174,173,175,-1,174,175,121,-1,121,175,176,-1,121,176,119,-1,128,177,44,-1,44,177,178,-1,44,178,152,-1,179,180,181,-1,181,180,182,-1,181,182,137,-1,137,182,183,-1,137,183,136,-1,162,164,171,-1,171,164,184,-1,171,184,169,-1,185,186,187,-1,188,189,190,-1,188,191,192,-1,192,193,188,-1,188,193,194,-1,188,194,195,-1,195,194,196,-1,195,196,197,-1,198,199,200,-1,201,202,203,-1,203,202,204,-1,201,205,202,-1,202,205,206,-1,202,206,207,-1,187,208,185,-1,185,208,209,-1,185,209,190,-1,190,209,210,-1,190,210,204,-1,202,211,204,-1,204,211,212,-1,204,212,190,-1,190,212,213,-1,213,214,190,-1,190,214,215,-1,190,215,188,-1,188,215,216,-1,188,216,191,-1,217,218,219,-1,219,218,220,-1,221,222,195,-1,195,222,223,-1,198,200,224,-1,225,226,227,-1,227,226,228,-1,227,228,208,-1,208,228,229,-1,208,229,209,-1,197,230,195,-1,195,230,231,-1,195,231,232,-1,195,233,234,-1,235,236,195,-1,195,236,237,-1,195,237,224,-1,224,200,195,-1,195,200,238,-1,195,238,239,-1,239,238,240,-1,239,240,241,-1,232,242,195,-1,195,242,243,-1,195,243,233,-1,218,244,220,-1,220,244,245,-1,220,245,246,-1,246,245,247,-1,246,247,223,-1,223,247,248,-1,223,248,195,-1,195,248,249,-1,195,249,235,-1,241,250,239,-1,239,250,251,-1,239,251,252,-1,217,253,218,-1,218,253,254,-1,218,254,255,-1,207,206,256,-1,256,206,257,-1,256,257,258,-1,259,260,261,-1,261,260,262,-1,263,264,265,-1,199,266,200,-1,200,266,267,-1,200,267,268,-1,268,267,264,-1,268,264,269,-1,269,264,263,-1,234,270,195,-1,195,270,271,-1,195,271,221,-1,221,271,272,-1,221,272,273,-1,273,272,274,-1,274,272,261,-1,261,272,275,-1,261,275,259,-1,252,276,239,-1,239,276,277,-1,239,277,278,-1,279,280,227,-1,227,280,239,-1,227,239,225,-1,225,239,281,-1,255,282,218,-1,218,282,283,-1,218,283,258,-1,258,283,284,-1,258,284,256,-1,285,286,287,-1,287,286,288,-1,287,288,262,-1,262,288,289,-1,262,289,261,-1,290,291,292,-1,292,291,293,-1,292,293,265,-1,265,293,294,-1,265,294,263,-1,278,295,239,-1,239,295,296,-1,239,296,281,-1,297,298,299,-1,299,298,300,-1,299,300,301,-1,301,300,302,-1,301,302,303,-1,303,302,304,-1,303,304,305,-1,305,304,306,-1,305,306,307,-1,307,306,308,-1,309,164,310,-1,310,164,112,-1,310,112,311,-1,311,112,312,-1,311,312,313,-1,313,312,314,-1,313,314,308,-1,308,314,315,-1,308,315,307,-1,
        ]
    }
}
Shape{
    appearance Appearance {
        material  Material 	{
            diffuseColor 0.2235294117647059 0.2235294117647059 0.2235294117647059
            specularColor 0.11372549019607843 0.11372549019607843 0.11372549019607843
            ambientIntensity 0.2235
            transparency 0.0
            shininess 0.5
        }
    }
    geometry IndexedFaceSet {
        ccw TRUE
        solid FALSE
        coord DEF co Coordinate {
            point [
                1.6654 0.8091 0.3136, 1.6652 0.8091 0.3129, 1.6614 0.8091 0.3129, 1.6502 0.8091 0.2606, 1.6417 0.8091 0.242, 1.1319 0.8091 0.0315, -1.2185 0.8091 0.0315, -1.3091 0.8091 0.0315, -1.3091 0.8091 0.0591, 0.7598 0.8091 1.1535, 1.0177 0.8091 1.1535, 0.7217 0.8091 1.0569, 1.0177 0.8091 1.1496, -0.0416 0.8091 0.0906, 0.0416 0.8091 0.0906, 1.6508 0.8091 0.262, 1.3091 0.8091 0.0591, 1.3091 0.8091 0.0315, 1.2185 0.8091 0.0315, -1.0313 0.8091 0.0906, -1.1144 0.8091 0.0906, -1.0177 0.8091 1.1496, -1.6614 0.8091 0.3129, -1.6652 0.8091 0.3129, -1.6654 0.8091 0.3136, -0.7217 0.8091 1.0569, -0.5196 0.8091 1.1365, 0.311 0.8091 1.1417, 0.4921 0.8091 1.1417, 1.6654 0.8091 0.7362, 1.2106 0.8091 0.0315, 1.3266 0.8091 0.0906, 1.6417 0.8091 0.0906, -1.6417 0.8091 0.0906, -1.6417 0.8091 0.242, -1.3266 0.8091 0.0906, -1.1319 0.8091 0.0315, -1.2106 0.8091 0.0315, -0.1553 0.8091 0.0906, -0.0591 0.8091 0.0591, -1.0177 0.8091 1.1535, -0.7598 0.8091 1.1535, 0.311 0.8091 1.1535, -0.311 0.8091 1.1417, -0.311 0.8091 1.1535, 1.344 0.8091 1.1392, 1.4313 0.8091 1.1087, 1.5097 0.8091 1.0594, 1.252 0.8091 1.1496, 1.655 0.8091 0.8282, 1.6244 0.8091 0.9156, -1.6591 0.809 0.2895, -1.6577 0.8091 0.2899, -1.6546 0.8091 0.2725, -1.6494 0.8091 0.2601, -0.549 0.8091 0.0906, -0.6321 0.8091 0.0906, -1.6244 0.8091 0.9156, -1.5752 0.8091 0.994, -1.252 0.8091 1.1496, -0.5061 0.8091 1.1404, -0.4921 0.8091 1.1417, 0.5061 0.8091 1.1404, 0.5196 0.8091 1.1365, 1.5752 0.8091 0.994, 0.9272 0.8091 0.0315, 0.8366 0.8091 0.0315, 0.8366 0.8091 0.0591, 0.1378 0.8091 0.0591, 0.1378 0.8091 0.0315, 0.0591 0.8091 0.0315, -0.0591 0.8091 0.0315, -0.1378 0.8091 0.0315, -0.1378 0.8091 0.0591, -1.6605 0.8091 0.2988, -1.1319 0.8091 0.0591, -1.6654 0.8091 0.7362, -1.655 0.8091 0.8282, 0.0591 0.8091 0.0591, 0.1553 0.8091 0.0906, 0.2384 0.8091 0.0906, -0.6496 0.8091 0.0591, -0.7458 0.8091 0.0906, -0.935 0.8091 0.0315, -1.0138 0.8091 0.0315, -1.0138 0.8091 0.0591, -1.5097 0.8091 1.0594, -1.4313 0.8091 1.1087, -1.344 0.8091 1.1392, 1.1144 0.8091 0.0906, 1.6605 0.8091 0.2988, 1.1319 0.8091 0.0591, 1.6577 0.8091 0.2899, 1.6591 0.809 0.2895, 1.0138 0.8091 0.0591, 1.0138 0.8091 0.0315, 0.935 0.8091 0.0315, 0.6321 0.8091 0.0906, 0.549 0.8091 0.0906, -0.2559 0.8091 0.0315, -0.3346 0.8091 0.0315, -0.2559 0.8091 0.0591, -0.3346 0.8091 0.0591, -0.3521 0.8091 0.0906, -0.2384 0.8091 0.0906, -0.4528 0.8091 0.0591, -0.4528 0.8091 0.0315, -0.5315 0.8091 0.0315, -0.6496 0.8091 0.0315, -0.7283 0.8091 0.0315, -0.7283 0.8091 0.0591, 0.7283 0.8091 0.0591, 0.7283 0.8091 0.0315, 0.6496 0.8091 0.0315, -0.5315 0.8091 0.0591, -0.4353 0.8091 0.0906, -0.8366 0.8091 0.0591, -0.8366 0.8091 0.0315, -0.9272 0.8091 0.0315, -0.8191 0.8091 0.0906, 1.0313 0.8091 0.0906, 0.8191 0.8091 0.0906, 0.7458 0.8091 0.0906, 0.6496 0.8091 0.0591, 0.5315 0.8091 0.0315, 0.4528 0.8091 0.0315, 0.5315 0.8091 0.0591, 0.4528 0.8091 0.0591, 0.4353 0.8091 0.0906, 0.3346 0.8091 0.0591, 0.3346 0.8091 0.0315, 0.2559 0.8091 0.0315, 0.2559 0.8091 0.0591, 0.3521 0.8091 0.0906
            ]
        }
        coordIndex [
            0,1,2,-1,3,4,5,-1,6,7,8,-1,9,10,11,-1,11,10,12,-1,11,12,13,-1,13,12,14,-1,3,5,15,-1,16,17,18,-1,19,20,21,-1,22,23,24,-1,13,25,26,-1,13,27,28,-1,0,2,29,-1,18,30,16,-1,16,30,5,-1,16,5,31,-1,31,5,4,-1,31,4,32,-1,33,34,35,-1,35,34,36,-1,35,36,8,-1,8,36,37,-1,8,37,6,-1,38,13,39,-1,40,41,21,-1,21,41,25,-1,27,13,42,-1,42,13,43,-1,42,43,44,-1,45,46,47,-1,2,12,29,-1,29,12,48,-1,29,48,49,-1,49,48,50,-1,51,52,53,-1,53,52,36,-1,53,36,54,-1,54,36,34,-1,21,55,56,-1,57,58,59,-1,26,60,13,-1,13,60,61,-1,13,61,43,-1,28,62,13,-1,13,62,63,-1,13,63,11,-1,45,47,48,-1,48,47,64,-1,48,64,50,-1,65,66,67,-1,68,69,70,-1,71,72,39,-1,39,72,73,-1,39,73,38,-1,22,21,74,-1,74,21,20,-1,74,20,52,-1,52,20,75,-1,52,75,36,-1,22,24,21,-1,21,24,76,-1,21,76,59,-1,59,76,77,-1,59,77,57,-1,70,78,68,-1,68,78,14,-1,68,14,79,-1,79,14,12,-1,79,12,80,-1,56,81,82,-1,83,84,85,-1,58,86,59,-1,59,86,87,-1,59,87,88,-1,89,90,91,-1,91,90,92,-1,91,92,5,-1,5,92,93,-1,5,93,15,-1,94,95,96,-1,12,97,98,-1,99,100,101,-1,101,100,102,-1,101,102,103,-1,25,13,21,-1,21,13,38,-1,21,38,104,-1,105,106,107,-1,108,109,81,-1,81,109,110,-1,81,110,82,-1,111,112,113,-1,107,114,105,-1,105,114,55,-1,105,55,115,-1,115,55,21,-1,115,21,103,-1,103,21,104,-1,103,104,101,-1,116,117,118,-1,56,82,21,-1,21,82,119,-1,21,119,19,-1,19,119,116,-1,19,116,85,-1,85,116,118,-1,85,118,83,-1,96,65,94,-1,94,65,67,-1,94,67,120,-1,120,67,12,-1,120,12,89,-1,89,12,2,-1,89,2,90,-1,67,121,12,-1,12,121,122,-1,12,122,97,-1,97,122,111,-1,97,111,123,-1,123,111,113,-1,124,125,126,-1,126,125,127,-1,126,127,128,-1,129,130,131,-1,131,132,129,-1,129,132,80,-1,129,80,133,-1,133,80,12,-1,133,12,128,-1,128,12,98,-1,128,98,126,-1,
        ]
    }
}
Shape{
    appearance Appearance {
        material  Material 	{
            diffuseColor 0.6666666666666666 0.6980392156862745 0.7686274509803922
            specularColor 0.3333333333333333 0.34901960784313724 0.3843137254901961
            ambientIntensity 0.6967
            transparency 0.0
            shininess 0.5
        }
    }
    geometry IndexedFaceSet {
        ccw TRUE
        solid FALSE
        coord DEF co Coordinate {
            point [
                0.2076 0.7633 1.2387, 0.2119 0.7579 1.2441, 0.2141 0.7555 1.2441, 0.311 0.776 1.1607, 0.311 0.776 1.1535, 0.307 0.7677 1.1535, 0.315 0.7972 1.2441, 0.315 0.7972 1.1607, 0.3129 0.782 1.2441, 0.3129 0.782 1.1607, 0.307 0.7677 1.2441, 0.1993 0.782 1.2199, 0.1998 0.7787 1.2232, 0.2048 0.7677 1.1535, 0.2052 0.768 1.234, 0.2141 0.7555 1.1535, 0.1989 0.782 1.1535, 0.1969 0.7972 1.1535, 0.1969 0.7972 1.2047, 0.2264 0.7461 1.1535, 0.2264 0.7461 1.2441, 0.2406 0.7402 1.1535, 0.2406 0.7402 1.2441, 0.2559 0.7382 1.1535, 0.2559 0.7382 1.2441, 0.2712 0.7402 1.1535, 0.2712 0.7402 1.2441, 0.2854 0.7461 1.1535, 0.2854 0.7461 1.2441, 0.2977 0.7555 1.1535, 0.2977 0.7555 1.2441
            ]
        }
        coordIndex [
            0,1,2,-1,3,4,5,-1,6,7,8,-1,8,7,9,-1,8,9,10,-1,11,12,13,-1,13,12,14,-1,13,14,15,-1,13,16,11,-1,11,16,17,-1,11,17,18,-1,14,0,15,-1,15,0,2,-1,15,2,19,-1,19,2,20,-1,19,20,21,-1,21,20,22,-1,21,22,23,-1,23,22,24,-1,23,24,25,-1,25,24,26,-1,25,26,27,-1,27,26,28,-1,27,28,29,-1,29,28,30,-1,29,30,5,-1,5,30,10,-1,5,10,3,-1,3,10,9,-1,
        ]
    }
}
Shape{
    appearance Appearance {
        material  Material 	{
            diffuseColor 0.2235294117647059 0.2235294117647059 0.2235294117647059
            specularColor 0.11372549019607843 0.11372549019607843 0.11372549019607843
            ambientIntensity 0.2235
            transparency 0.0
            shininess 0.5
        }
    }
    geometry IndexedFaceSet {
        ccw TRUE
        solid FALSE
        coord DEF co Coordinate {
            point [
                0.307 0.7677 1.1535, 0.311 0.776 1.1535, 0.311 0.8091 1.1535, 0.1969 0.7972 1.1535, -0.311 0.8091 1.1535, -0.304 0.763 1.1535, -0.2939 0.752 1.1535, -0.1969 0.7972 1.1535, -0.2814 0.744 1.1535, -0.2673 0.7393 1.1535, -0.2525 0.7383 1.1535, -0.2244 0.7473 1.1535, -0.213 0.7567 1.1535, -0.2042 0.7687 1.1535, -0.311 0.776 1.1535, -0.2379 0.741 1.1535, -0.1987 0.7825 1.1535, 0.1989 0.782 1.1535, 0.2048 0.7677 1.1535, 0.2141 0.7555 1.1535, 0.2264 0.7461 1.1535, 0.2977 0.7555 1.1535, 0.2406 0.7402 1.1535, 0.2559 0.7382 1.1535, 0.2712 0.7402 1.1535, 0.2854 0.7461 1.1535
            ]
        }
        coordIndex [
            0,1,2,-1,3,2,4,-1,5,6,7,-1,6,8,7,-1,7,8,9,-1,7,9,10,-1,11,12,13,-1,3,4,7,-1,7,4,14,-1,7,14,5,-1,10,15,7,-1,7,15,11,-1,7,11,16,-1,16,11,13,-1,2,3,0,-1,0,3,17,-1,0,17,18,-1,18,19,0,-1,0,19,20,-1,0,20,21,-1,20,22,23,-1,23,24,20,-1,20,24,25,-1,20,25,21,-1,
        ]
    }
}
Shape{
    appearance Appearance {
        material  Material 	{
            diffuseColor 0.6666666666666666 0.6980392156862745 0.7686274509803922
            specularColor 0.3333333333333333 0.34901960784313724 0.3843137254901961
            ambientIntensity 0.6967
            transparency 0.0
            shininess 0.5
        }
    }
    geometry IndexedFaceSet {
        ccw TRUE
        solid FALSE
        coord DEF co Coordinate {
            point [
                0.315 0.8091 1.1457, 0.315 0.8091 1.2441, 0.4921 0.8091 1.1457, 0.4921 0.8091 1.2441, 0.5068 0.8091 1.1443, 0.5252 0.8091 1.241, 0.521 0.8091 1.1402, 0.5571 0.8091 1.2318, 0.7195 0.8091 1.062, 0.7556 0.8091 1.1535
            ]
        }
        coordIndex [
            0,1,2,-1,2,1,3,-1,2,3,4,-1,4,3,5,-1,4,5,6,-1,6,5,7,-1,6,7,8,-1,8,7,9,-1,
        ]
    }
}
Shape{
    appearance Appearance {
        material  Material 	{
            diffuseColor 0.2235294117647059 0.2235294117647059 0.2235294117647059
            specularColor 0.11372549019607843 0.11372549019607843 0.11372549019607843
            ambientIntensity 0.2235
            transparency 0.0
            shininess 0.5
        }
    }
    geometry IndexedFaceSet {
        ccw TRUE
        solid FALSE
        coord DEF co Coordinate {
            point [
                -1.0487 0.4174 1.1535, -1.0335 0.4154 1.1535, -1.0177 0.5335 1.1535, -0.4921 0.5335 1.1535, -0.7556 0.5335 1.1535, -0.7556 0.5295 1.1535, -0.7598 0.5295 1.1535, -0.7598 0.8091 1.1535, -1.0177 0.8091 1.1535, -0.4921 0.4154 1.1535, -0.4768 0.4174 1.1535, -0.4626 0.4233 1.1535, -0.4504 0.4327 1.1535, -1.0925 0.5335 1.1535, -1.0925 0.4744 1.1535, -1.0905 0.4591 1.1535, -1.0846 0.4449 1.1535, -1.0752 0.4327 1.1535, -1.063 0.4233 1.1535, -0.441 0.4449 1.1535, -0.4351 0.4591 1.1535, -0.4331 0.4744 1.1535, -0.4351 0.4897 1.1535, -0.441 0.5039 1.1535, -0.4768 0.5315 1.1535, -0.4504 0.5162 1.1535, -0.4626 0.5256 1.1535
            ]
        }
        coordIndex [
            0,1,2,-1,3,4,5,-1,6,7,8,-1,8,2,6,-1,6,2,1,-1,6,1,5,-1,5,1,9,-1,5,9,3,-1,9,10,3,-1,3,10,11,-1,3,11,12,-1,13,14,2,-1,2,14,15,-1,2,15,16,-1,16,17,2,-1,2,17,18,-1,2,18,0,-1,12,19,3,-1,3,19,20,-1,3,20,21,-1,21,22,3,-1,3,22,23,-1,3,23,24,-1,24,23,25,-1,24,25,26,-1,
        ]
    }
}
Shape{
    appearance Appearance {
        material  Material 	{
            diffuseColor 0.6666666666666666 0.6980392156862745 0.7686274509803922
            specularColor 0.3333333333333333 0.34901960784313724 0.3843137254901961
            ambientIntensity 0.6967
            transparency 0.0
            shininess 0.5
        }
    }
    geometry IndexedFaceSet {
        ccw TRUE
        solid FALSE
        coord DEF co Coordinate {
            point [
                -0.7195 0.8091 1.062, -0.7556 0.8091 1.1535, -0.521 0.8091 1.1402, -0.5571 0.8091 1.2318, -0.5068 0.8091 1.1443, -0.5252 0.8091 1.241, -0.4921 0.8091 1.1457, -0.4921 0.8091 1.2441, -0.315 0.8091 1.1457, -0.315 0.8091 1.2441, -0.937 -1.1201 0.0, -0.937 -0.833 0.0, -0.0782 -0.833 0.0, -0.2703 -0.8318 0.0, -0.246 -0.7779 0.0, -0.2347 -0.7955 0.0, -0.2185 -0.811 0.0, -0.198 -0.8229 0.0, -0.1753 -0.8297 0.0, -0.1509 -0.8318 0.0, -0.0974 -0.8318 0.0, -0.0974 -0.635 0.0, -0.0782 0.4744 0.0, -0.153 -0.635 0.0, -0.1814 -0.638 0.0, -1.079 0.2405 0.0, -1.0569 0.2472 0.0, -1.0551 -0.4114 0.0, -0.2044 -0.6461 0.0, -0.2259 -0.6605 0.0, -0.3447 -0.635 0.0, -0.2261 -0.6606 0.0, -0.24 -0.6761 0.0, -0.2491 -0.693 0.0, -1.0186 0.2728 0.0, -0.8515 0.4398 0.0, -0.3711 -0.635 0.0, -0.8271 0.4586 0.0, -0.4191 -0.8318 0.0, -0.4479 -0.8318 0.0, -0.937 -0.5295 0.0, -1.0365 0.2581 0.0, -0.2991 -0.8318 0.0, -0.3179 -0.7766 0.0, -0.3992 -0.7766 0.0, -0.2544 -0.7124 0.0, -0.2559 -0.7309 0.0, -0.2531 -0.7573 0.0, -0.768 0.4744 0.0, -0.7986 0.4704 0.0, -1.252 -0.4114 0.0, -1.252 0.2382 0.0, -1.1021 0.2382 0.0, -1.252 -1.7894 0.0, -1.252 -1.2382 0.0, -0.0782 -1.7894 0.0, -1.0551 -1.2382 0.0, 0.1259 -0.833 0.0, 0.1338 -0.8341 0.0, 0.1392 -0.8342 0.0, 0.1508 -0.833 0.0, -0.059 -0.8102 0.0, -0.059 -0.8318 0.0, 0.0466 -0.8318 0.0, -0.0542 -0.6566 0.0, 0.0202 -0.6566 0.0, 0.0202 -0.7214 0.0, 0.085 -0.8216 0.0, 0.085 -0.8 0.0, 0.0466 -0.635 0.0, 0.106 -0.8302 0.0, 0.0202 -0.743 0.0, 0.0202 -0.8102 0.0, -0.0494 -0.743 0.0, -0.0494 -0.7214 0.0, 0.3491 -0.8318 0.0, 0.2483 -0.8318 0.0, 0.1634 -0.8317 0.0, 0.1825 -0.8251 0.0, -0.0542 -0.635 0.0, 1.252 0.2382 0.0, 1.252 -0.4114 0.0, 1.0551 -0.4114 0.0, 0.3491 -0.635 0.0, 1.043 0.254 0.0, 1.0715 0.2422 0.0, 0.1505 -0.6564 0.0, 0.1652 -0.6617 0.0, 0.0886 -0.802 0.0, 0.1789 -0.6708 0.0, 0.1908 -0.6839 0.0, 0.2051 -0.7355 0.0, 0.2031 -0.7568 0.0, 0.1977 -0.7737 0.0, 0.1539 -0.8106 0.0, 0.1355 -0.8126 0.0, 0.1683 -0.8053 0.0, 0.1803 -0.7971 0.0, 0.1896 -0.7874 0.0, 0.1094 -0.8097 0.0, 1.252 -1.2382 0.0, 1.252 -1.7894 0.0, 1.0551 -1.2382 0.0, 0.937 -1.1201 0.0, 0.937 -0.833 0.0, 0.937 -0.5295 0.0, 0.3227 -0.635 0.0, 0.768 0.4744 0.0, 1.0186 0.2728 0.0, 0.8515 0.4398 0.0, 1.1021 0.2382 0.0, 0.1989 -0.6991 0.0, 0.2041 -0.7202 0.0, 0.2211 -0.6868 0.0, 0.2095 -0.6684 0.0, 0.1918 -0.6513 0.0, 0.1984 -0.815 0.0, 0.2131 -0.7995 0.0, 0.2483 -0.8102 0.0, 0.2236 -0.7808 0.0, 0.3227 -0.8102 0.0, 0.7986 0.4704 0.0, 0.8271 0.4586 0.0, 0.2296 -0.7599 0.0, 0.2315 -0.7371 0.0, 0.2286 -0.7091 0.0, 0.1731 -0.6406 0.0, 0.1511 -0.6342 0.0, 0.1313 -0.6326 0.0, 0.1078 -0.6342 0.0, 0.085 -0.6404 0.0, 0.085 -0.6668 0.0, 0.1072 -0.6573 0.0, 0.1311 -0.6542 0.0, 0.4331 0.4744 1.1535, 0.4331 0.4744 1.2441, 0.4351 0.4591 1.1535, 0.4351 0.4591 1.2441, 0.441 0.4449 1.1535, 0.441 0.4449 1.2441, 0.4504 0.4327 1.1535, 0.4504 0.4327 1.2441, 0.4626 0.4233 1.1535, 0.4626 0.4233 1.2441, 0.4768 0.4174 1.1535, 0.4768 0.4174 1.2441, 0.4921 0.4154 1.1535, 0.4921 0.4154 1.2441, 1.6614 0.376 0.626, 1.7598 0.376 0.626, 1.6614 0.3624 0.6244, 1.7598 0.3624 0.6244, 1.6614 0.3496 0.6198, 1.7598 0.3496 0.6198, 1.6614 0.3382 0.6123, 1.7598 0.3382 0.6123, 1.6614 0.3288 0.6025, 1.7598 0.3288 0.6025, 1.6614 0.3219 0.5907, 1.7598 0.3219 0.5907, 1.6614 0.3179 0.5777, 1.7598 0.3179 0.5777, 1.6417 -0.4705 0.6102, 1.7598 -0.4705 0.6102, 1.6417 -0.4858 0.6082, 1.7598 -0.4858 0.6082, 1.6417 -0.5 0.6023, 1.7598 -0.5 0.6023, 1.6417 -0.5122 0.5929, 1.7598 -0.5122 0.5929, 1.6417 -0.5216 0.5807, 1.7598 -0.5216 0.5807, 1.6417 -0.5275 0.5665, 1.7598 -0.5275 0.5665, 1.6417 -0.5295 0.5512, 1.7598 -0.5295 0.5512, 1.6417 -1.1791 0.6102, 1.7598 -1.1791 0.6102, 1.6417 -1.1944 0.6082, 1.7598 -1.1944 0.6082, 1.6417 -1.2087 0.6023, 1.7598 -1.2087 0.6023, 1.6417 -1.2209 0.5929, 1.7598 -1.2209 0.5929, 1.6417 -1.2303 0.5807, 1.7598 -1.2303 0.5807, 1.6417 -1.2362 0.5665, 1.7598 -1.2362 0.5665, 1.6417 -1.2382 0.5512, 1.7598 -1.2382 0.5512
            ]
        }
        coordIndex [
            0,1,2,-1,2,1,3,-1,2,3,4,-1,4,3,5,-1,4,5,6,-1,6,5,7,-1,6,7,8,-1,8,7,9,-1,10,11,12,-1,13,14,15,-1,15,16,13,-1,13,16,17,-1,13,17,18,-1,19,20,12,-1,12,20,21,-1,12,21,22,-1,22,21,23,-1,22,23,24,-1,25,26,27,-1,28,29,30,-1,29,31,30,-1,30,31,32,-1,30,32,33,-1,34,35,36,-1,36,35,37,-1,38,12,39,-1,39,12,11,-1,39,11,36,-1,36,11,40,-1,36,40,34,-1,34,40,27,-1,34,27,41,-1,41,27,26,-1,18,19,13,-1,13,19,12,-1,13,12,42,-1,42,12,38,-1,42,38,43,-1,43,38,44,-1,33,45,30,-1,30,45,46,-1,30,46,13,-1,13,46,47,-1,13,47,14,-1,24,28,22,-1,22,28,30,-1,22,30,48,-1,48,30,36,-1,48,36,49,-1,49,36,37,-1,50,51,27,-1,27,51,52,-1,27,52,25,-1,53,54,55,-1,55,54,56,-1,57,58,55,-1,55,58,59,-1,55,59,60,-1,22,61,12,-1,12,61,62,-1,12,62,63,-1,64,65,66,-1,67,63,68,-1,68,63,69,-1,56,10,55,-1,55,10,12,-1,55,12,57,-1,57,12,63,-1,57,63,70,-1,70,63,67,-1,71,72,73,-1,73,72,61,-1,73,61,74,-1,75,60,76,-1,76,60,77,-1,76,77,78,-1,66,74,64,-1,64,74,61,-1,64,61,79,-1,79,61,22,-1,79,22,69,-1,80,81,82,-1,83,84,85,-1,86,87,88,-1,88,87,89,-1,88,89,90,-1,91,92,88,-1,88,92,93,-1,94,95,96,-1,96,95,97,-1,93,98,88,-1,88,98,97,-1,88,97,99,-1,99,97,95,-1,100,101,102,-1,102,101,55,-1,102,55,103,-1,103,55,60,-1,103,60,104,-1,104,60,75,-1,104,75,105,-1,106,22,107,-1,84,83,108,-1,108,83,106,-1,108,106,109,-1,85,110,83,-1,83,110,80,-1,83,80,75,-1,75,80,82,-1,75,82,105,-1,90,111,88,-1,88,111,112,-1,88,112,91,-1,113,114,106,-1,106,114,115,-1,106,115,22,-1,78,116,76,-1,76,116,117,-1,76,117,118,-1,118,117,119,-1,118,119,120,-1,107,121,106,-1,106,121,122,-1,106,122,109,-1,119,123,120,-1,120,123,124,-1,120,124,106,-1,106,124,125,-1,106,125,113,-1,115,126,22,-1,22,126,127,-1,22,127,128,-1,128,129,22,-1,22,129,130,-1,22,130,69,-1,69,130,131,-1,69,131,68,-1,68,131,132,-1,68,132,88,-1,88,132,133,-1,88,133,86,-1,134,135,136,-1,136,135,137,-1,136,137,138,-1,138,137,139,-1,138,139,140,-1,140,139,141,-1,140,141,142,-1,142,141,143,-1,142,143,144,-1,144,143,145,-1,144,145,146,-1,146,145,147,-1,148,149,150,-1,150,149,151,-1,150,151,152,-1,152,151,153,-1,152,153,154,-1,154,153,155,-1,154,155,156,-1,156,155,157,-1,156,157,158,-1,158,157,159,-1,158,159,160,-1,160,159,161,-1,162,163,164,-1,164,163,165,-1,164,165,166,-1,166,165,167,-1,166,167,168,-1,168,167,169,-1,168,169,170,-1,170,169,171,-1,170,171,172,-1,172,171,173,-1,172,173,174,-1,174,173,175,-1,176,177,178,-1,178,177,179,-1,178,179,180,-1,180,179,181,-1,180,181,182,-1,182,181,183,-1,182,183,184,-1,184,183,185,-1,184,185,186,-1,186,185,187,-1,186,187,188,-1,188,187,189,-1,
        ]
    }
}
Shape{
    appearance Appearance {
        material  Material 	{
            diffuseColor 0.2235294117647059 0.2235294117647059 0.2235294117647059
            specularColor 0.11372549019607843 0.11372549019607843 0.11372549019607843
            ambientIntensity 0.2235
            transparency 0.0
            shininess 0.5
        }
    }
    geometry IndexedFaceSet {
        ccw TRUE
        solid FALSE
        coord DEF co Coordinate {
            point [
                1.1811 0.2933 0.0002, 1.1811 0.2933 -0.1339, 1.1821 0.2933 0.0002, 1.1902 0.2945 -0.1339, 1.2076 0.2968 -0.1339, 1.1931 0.2947 0.0001, 1.1902 0.2943 0.0001, 1.2835 0.3957 -0.1339, 1.2827 0.3832 0.0, 1.2802 0.3707 -0.1339, 1.2796 0.3708 0.0, 1.28 0.3692 -0.1339, 1.2767 0.3592 0.0, 1.2709 0.3473 -0.1339, 1.2706 0.3475 0.0, 1.2698 0.3445 -0.1339, 1.2652 0.3373 0.0, 1.2563 0.3269 -0.1339, 1.2561 0.3271 0.0, 1.2535 0.3233 -0.1339, 1.2487 0.3188 0.0, 1.2371 0.3107 -0.1339, 1.2371 0.3109 0.0, 1.2323 0.307 -0.1339, 1.2283 0.3048 0.0, 1.2146 0.2997 -0.1339, 1.2147 0.2997 0.0, 1.2051 0.2962 0.0, 1.2371 0.4806 -0.1339, 1.2394 0.4798 0.0013, 1.2488 0.4724 0.0, 1.2535 0.4681 -0.1339, 1.2561 0.4642 0.0, 1.2563 0.4644 -0.1339, 1.2653 0.4539 0.0, 1.2698 0.4469 -0.1339, 1.2706 0.4438 0.0, 1.2709 0.444 -0.1339, 1.2768 0.432 0.0, 1.28 0.4222 -0.1339, 1.2796 0.4205 0.0, 1.2802 0.4207 -0.1339, 1.2827 0.408 0.0, 1.2827 0.3957 0.0, 1.2147 0.4917 0.0113, 1.217 0.4909 0.0102, 1.2146 0.4916 -0.1339, 1.225 0.4882 0.0064, 1.2323 0.4843 -0.1339, 1.2335 0.4832 0.0034, 1.2374 0.481 0.002, 1.2043 0.4954 0.0163, 1.2076 0.4945 -0.1339, 1.1996 0.4961 0.0179, 1.1902 0.4968 -0.1339, 1.1905 0.4976 0.0211, 1.1903 0.4976 0.0211, 1.1811 0.498 -0.1339, 1.1811 0.498 0.0222, -1.1811 0.2933 0.0002, -1.1811 0.2933 -0.1339, -1.1801 0.2933 0.0002, -1.172 0.2945 -0.1339, -1.1546 0.2968 -0.1339, -1.1691 0.2947 0.0001, -1.172 0.2943 0.0001, -1.0787 0.3957 -0.1339, -1.0795 0.3832 0.0, -1.082 0.3707 -0.1339, -1.0826 0.3708 0.0, -1.0822 0.3692 -0.1339, -1.0855 0.3592 0.0, -1.0913 0.3473 -0.1339, -1.0916 0.3475 0.0, -1.0925 0.3445 -0.1339, -1.097 0.3373 0.0, -1.1059 0.3269 -0.1339, -1.1061 0.3271 0.0, -1.1087 0.3233 -0.1339, -1.1135 0.3188 0.0, -1.1251 0.3107 -0.1339, -1.1251 0.3109 0.0, -1.1299 0.307 -0.1339, -1.1339 0.3048 0.0, -1.1476 0.2997 -0.1339, -1.1475 0.2997 0.0, -1.1571 0.2962 0.0, -1.1251 0.4806 -0.1339, -1.1228 0.4798 0.0013, -1.1134 0.4724 0.0, -1.1087 0.4681 -0.1339, -1.1061 0.4642 0.0, -1.1059 0.4644 -0.1339, -1.0969 0.4539 0.0, -1.0925 0.4469 -0.1339, -1.0916 0.4438 0.0, -1.0913 0.444 -0.1339, -1.0854 0.432 0.0, -1.0822 0.4222 -0.1339, -1.0826 0.4205 0.0, -1.082 0.4207 -0.1339, -1.0795 0.408 0.0, -1.0795 0.3957 0.0, -1.1475 0.4917 0.0113, -1.1452 0.4909 0.0102, -1.1476 0.4916 -0.1339, -1.1372 0.4882 0.0064, -1.1299 0.4843 -0.1339, -1.1287 0.4832 0.0034, -1.1248 0.481 0.002, -1.1579 0.4954 0.0163, -1.1546 0.4945 -0.1339, -1.1626 0.4961 0.0179, -1.172 0.4968 -0.1339, -1.1717 0.4976 0.0211, -1.1719 0.4976 0.0211, -1.1811 0.498 -0.1339, -1.1811 0.498 0.0222, 1.1811 0.439 -0.1929, 1.1923 0.4375 -0.1929, 1.2028 0.4332 -0.1929, 1.2117 0.4263 -0.1929, 1.2186 0.4173 -0.1929, 1.2229 0.4069 -0.1929, 1.2244 0.3957 -0.1929, 1.2229 0.3845 -0.1929, 1.2186 0.374 -0.1929, 1.2117 0.365 -0.1929, 1.2028 0.3582 -0.1929, 1.1923 0.3538 -0.1929, 1.1811 0.3524 -0.1929, -1.1811 0.439 -0.1929, -1.1699 0.4375 -0.1929, -1.1594 0.4332 -0.1929, -1.1505 0.4263 -0.1929, -1.1436 0.4173 -0.1929, -1.1393 0.4069 -0.1929, -1.1378 0.3957 -0.1929, -1.1393 0.3845 -0.1929, -1.1436 0.374 -0.1929, -1.1505 0.365 -0.1929, -1.1594 0.3582 -0.1929, -1.1699 0.3538 -0.1929, -1.1811 0.3524 -0.1929, -0.8191 0.6538 0.0906, -0.8191 0.8091 0.0906, -0.7458 0.8091 0.0906, 0.7458 0.8091 0.0906, 0.8191 0.8091 0.0906, 0.7458 0.6538 0.0906, 0.8191 0.6538 0.0906, -0.7458 0.6538 0.0906, -0.9843 0.3563 0.0906, -0.9843 0.502 0.0906, -1.6417 0.8091 0.0906, -1.3266 0.8091 0.0906, -1.6417 0.502 0.0906, -1.3266 0.6538 0.0906, -1.1144 0.6538 0.0906, 1.6417 0.502 0.0906, 0.9843 0.502 0.0906, 1.0313 0.6538 0.0906, -1.0313 0.6538 0.0906, -1.0313 0.8091 0.0906, -1.1144 0.8091 0.0906, 1.3266 0.8091 0.0906, 1.6417 0.8091 0.0906, 1.3266 0.6538 0.0906, 1.1144 0.6538 0.0906, 1.1144 0.8091 0.0906, 1.0313 0.8091 0.0906, -0.2384 0.6538 0.0906, -0.2384 0.8091 0.0906, -0.1553 0.8091 0.0906, -0.7986 0.4704 0.0906, -0.768 0.4744 0.0906, -0.6321 0.6538 0.0906, 0.768 0.4744 0.0906, -0.6321 0.8091 0.0906, -0.549 0.8091 0.0906, -0.549 0.6538 0.0906, -0.4353 0.6538 0.0906, 0.7986 0.4704 0.0906, -0.1553 0.6538 0.0906, -0.0416 0.6538 0.0906, -1.248 0.2382 0.0906, -1.248 0.2579 0.0906, -1.1021 0.2382 0.0906, -1.0827 0.2579 0.0906, -1.079 0.2405 0.0906, -1.0569 0.2472 0.0906, -0.8271 0.4586 0.0906, -0.8515 0.4398 0.0906, -1.0186 0.2728 0.0906, -1.0365 0.2581 0.0906, 0.2384 0.6538 0.0906, 0.3521 0.6538 0.0906, -0.3521 0.6538 0.0906, -0.3521 0.8091 0.0906, -0.4353 0.8091 0.0906, 0.1553 0.6538 0.0906, 0.1553 0.8091 0.0906, 0.2384 0.8091 0.0906, 0.0416 0.6538 0.0906, 0.0416 0.8091 0.0906, -0.0416 0.8091 0.0906, 0.549 0.8091 0.0906, 0.6321 0.8091 0.0906, 0.549 0.6538 0.0906, 0.6321 0.6538 0.0906, 0.8515 0.4398 0.0906, 0.8271 0.4586 0.0906, 1.248 0.2579 0.0906, 1.248 0.2382 0.0906, 1.0827 0.2579 0.0906, 1.1021 0.2382 0.0906, 0.9843 0.3563 0.0906, 0.3521 0.8091 0.0906, 0.4353 0.8091 0.0906, 0.4353 0.6538 0.0906, 1.0715 0.2422 0.0906, 1.043 0.254 0.0906, 1.0186 0.2728 0.0906
            ]
        }
        coordIndex [
            0,1,2,-1,2,1,3,-1,4,5,3,-1,3,5,6,-1,3,6,2,-1,7,8,9,-1,9,8,10,-1,9,10,11,-1,11,10,12,-1,11,12,13,-1,13,12,14,-1,13,14,15,-1,15,14,16,-1,15,16,17,-1,17,16,18,-1,17,18,19,-1,19,18,20,-1,19,20,21,-1,21,20,22,-1,21,22,23,-1,23,22,24,-1,23,24,25,-1,25,24,26,-1,25,26,4,-1,4,26,27,-1,4,27,5,-1,28,29,30,-1,28,30,31,-1,31,30,32,-1,31,32,33,-1,33,32,34,-1,33,34,35,-1,35,34,36,-1,35,36,37,-1,37,36,38,-1,37,38,39,-1,39,38,40,-1,39,40,41,-1,41,40,42,-1,41,42,7,-1,7,42,43,-1,7,43,8,-1,44,45,46,-1,46,45,47,-1,46,47,48,-1,48,47,49,-1,48,49,28,-1,28,49,50,-1,28,50,29,-1,44,46,51,-1,51,46,52,-1,51,52,53,-1,53,52,54,-1,53,54,55,-1,55,54,56,-1,56,54,57,-1,56,57,58,-1,59,60,61,-1,61,60,62,-1,63,64,62,-1,62,64,65,-1,62,65,61,-1,66,67,68,-1,68,67,69,-1,68,69,70,-1,70,69,71,-1,70,71,72,-1,72,71,73,-1,72,73,74,-1,74,73,75,-1,74,75,76,-1,76,75,77,-1,76,77,78,-1,78,77,79,-1,78,79,80,-1,80,79,81,-1,80,81,82,-1,82,81,83,-1,82,83,84,-1,84,83,85,-1,84,85,63,-1,63,85,86,-1,63,86,64,-1,87,88,89,-1,87,89,90,-1,90,89,91,-1,90,91,92,-1,92,91,93,-1,92,93,94,-1,94,93,95,-1,94,95,96,-1,96,95,97,-1,96,97,98,-1,98,97,99,-1,98,99,100,-1,100,99,101,-1,100,101,66,-1,66,101,102,-1,66,102,67,-1,103,104,105,-1,105,104,106,-1,105,106,107,-1,107,106,108,-1,107,108,87,-1,87,108,109,-1,87,109,88,-1,103,105,110,-1,110,105,111,-1,110,111,112,-1,112,111,113,-1,112,113,114,-1,114,113,115,-1,115,113,116,-1,115,116,117,-1,118,57,54,-1,118,54,119,-1,54,52,119,-1,119,52,46,-1,119,46,120,-1,46,48,120,-1,120,48,28,-1,120,28,121,-1,28,31,121,-1,121,31,33,-1,121,33,122,-1,33,35,122,-1,122,35,37,-1,122,37,123,-1,37,39,123,-1,123,39,41,-1,123,41,124,-1,41,7,124,-1,124,7,9,-1,124,9,125,-1,9,11,125,-1,125,11,13,-1,125,13,126,-1,13,15,126,-1,126,15,17,-1,126,17,127,-1,17,19,127,-1,127,19,21,-1,127,21,128,-1,21,23,128,-1,128,23,25,-1,128,25,129,-1,1,130,3,-1,3,130,129,-1,3,129,4,-1,4,129,25,-1,131,116,113,-1,131,113,132,-1,113,111,132,-1,132,111,105,-1,132,105,133,-1,105,107,133,-1,133,107,87,-1,133,87,134,-1,87,90,134,-1,134,90,92,-1,134,92,135,-1,92,94,135,-1,135,94,96,-1,135,96,136,-1,96,98,136,-1,136,98,100,-1,136,100,137,-1,100,66,137,-1,137,66,68,-1,137,68,138,-1,68,70,138,-1,138,70,72,-1,138,72,139,-1,72,74,139,-1,139,74,76,-1,139,76,140,-1,76,78,140,-1,140,78,80,-1,140,80,141,-1,80,82,141,-1,141,82,84,-1,141,84,142,-1,60,143,62,-1,62,143,142,-1,62,142,63,-1,63,142,84,-1,144,145,146,-1,147,148,149,-1,149,148,150,-1,151,152,153,-1,154,155,156,-1,156,155,157,-1,156,157,153,-1,153,157,158,-1,159,160,161,-1,161,160,150,-1,146,151,144,-1,144,151,153,-1,144,153,162,-1,162,153,158,-1,162,158,163,-1,163,158,164,-1,165,166,167,-1,167,166,159,-1,167,159,168,-1,168,159,161,-1,168,161,169,-1,169,161,170,-1,171,172,173,-1,174,151,175,-1,175,151,176,-1,175,176,177,-1,178,179,176,-1,176,179,180,-1,176,180,177,-1,177,180,181,-1,177,181,182,-1,183,184,182,-1,185,186,187,-1,187,186,188,-1,187,188,189,-1,189,188,190,-1,174,191,151,-1,151,191,192,-1,151,192,152,-1,152,192,193,-1,152,193,188,-1,188,193,194,-1,188,194,190,-1,195,196,182,-1,173,183,171,-1,171,183,182,-1,171,182,197,-1,197,182,181,-1,197,181,198,-1,198,181,199,-1,200,201,202,-1,202,195,200,-1,200,195,182,-1,200,182,203,-1,203,182,184,-1,203,184,204,-1,204,184,205,-1,206,207,208,-1,208,207,209,-1,149,210,211,-1,212,213,214,-1,214,213,215,-1,150,160,149,-1,149,160,216,-1,149,216,210,-1,217,218,196,-1,196,218,219,-1,196,219,182,-1,182,219,208,-1,182,208,211,-1,211,208,209,-1,211,209,149,-1,215,220,214,-1,214,220,221,-1,214,221,216,-1,216,221,222,-1,216,222,210,-1,
        ]
    }
}
Shape{
    appearance Appearance {
        material  Material 	{
            diffuseColor 0.6666666666666666 0.6980392156862745 0.7686274509803922
            specularColor 0.3333333333333333 0.34901960784313724 0.3843137254901961
            ambientIntensity 0.6967
            transparency 0.0
            shininess 0.5
        }
    }
    geometry IndexedFaceSet {
        ccw TRUE
        solid FALSE
        coord DEF co Coordinate {
            point [
                -1.6417 0.8715 0.1869, -1.6417 0.8425 0.2042, -1.6417 0.8091 0.0906, -1.6417 0.8186 0.2281, -1.6417 0.8091 0.242, -1.6417 0.435 0.0394, -1.6417 0.435 0.0354, -1.6417 0.502 0.0394, -1.6417 0.4786 0.0066, -1.6417 0.5114 -0.0399, -1.6417 0.8091 -0.3543, -1.6417 0.5044 -0.0218, -1.6417 0.4933 -0.006, -1.6417 0.8836 0.0066, -1.6417 0.9272 0.0354, -1.6417 0.9272 0.097, -1.6417 0.9272 -0.2362, -1.6417 0.9272 -0.1535, -1.6417 0.5138 -0.0591, -1.6417 0.5114 -0.0783, -1.6417 0.5044 -0.0963, -1.6417 0.8938 0.1792, -1.6417 0.9113 0.156, -1.6417 0.9231 0.1275, -1.6417 0.8836 -0.1247, -1.6417 0.869 -0.1121, -1.6417 0.8578 -0.0963, -1.6417 0.8508 -0.0783, -1.6417 0.8484 -0.0591, -1.6417 0.8508 -0.0399, -1.6417 0.502 0.0906, -1.6417 0.8578 -0.0218, -1.6417 0.869 -0.006, -1.6417 0.4786 -0.1247, -1.6417 0.435 -0.1535, -1.6417 0.435 -0.2362, -1.6417 0.4933 -0.1121, -1.6417 0.5532 -0.3543, -1.6614 0.435 0.0394, -1.6614 0.435 0.5669, -1.7598 0.435 0.5669, -1.7598 0.435 0.0354, 1.6417 0.435 0.0394, 1.6417 0.435 0.0354, 1.6614 0.435 0.0394, 1.7598 0.435 0.0354, 1.6614 0.435 0.5669, 1.7598 0.435 0.5669, 1.6417 0.8091 0.0906, 1.6417 0.8836 0.0066, 1.6417 0.869 -0.006, 1.6417 0.8425 0.2042, 1.6417 0.8186 0.2281, 1.6417 0.8091 0.242, 1.6417 0.8091 -0.3543, 1.6417 0.5044 -0.0963, 1.6417 0.5114 -0.0783, 1.6417 0.8484 -0.0591, 1.6417 0.8508 -0.0783, 1.6417 0.502 0.0394, 1.6417 0.8578 -0.0963, 1.6417 0.435 -0.2362, 1.6417 0.435 -0.1535, 1.6417 0.5532 -0.3543, 1.6417 0.4786 -0.1247, 1.6417 0.4933 -0.1121, 1.6417 0.5044 -0.0218, 1.6417 0.5114 -0.0399, 1.6417 0.5138 -0.0591, 1.6417 0.4786 0.0066, 1.6417 0.4933 -0.006, 1.6417 0.502 0.0906, 1.6417 0.8578 -0.0218, 1.6417 0.8508 -0.0399, 1.6417 0.9272 -0.1535, 1.6417 0.9272 -0.2362, 1.6417 0.8836 -0.1247, 1.6417 0.869 -0.1121, 1.6417 0.8715 0.1869, 1.6417 0.8938 0.1792, 1.6417 0.9113 0.156, 1.6417 0.9272 0.0354, 1.6417 0.9272 0.097, 1.6417 0.9231 0.1275, -0.5709 -0.5243 0.1378, -0.5709 -0.771 0.1378, -0.4528 -0.5243 0.1378, -0.4528 -0.771 0.1378, -0.5722 -0.5244 0.1378, -0.5735 -0.525 0.1378, -0.5761 -0.5295 0.1378, -0.4477 -0.5282 0.1378, -0.4482 -0.5269 0.1378, -0.5746 -0.5258 0.1378, -0.5754 -0.5269 0.1378, -0.576 -0.5282 0.1378, -0.4482 -0.7684 0.1378, -0.4514 -0.7708 0.1378, -0.449 -0.7695 0.1378, -0.4501 -0.7703 0.1378, -0.4477 -0.7671 0.1378, -0.4475 -0.7657 0.1378, -0.4475 -0.5295 0.1378, -0.576 -0.7671 0.1378, -0.5722 -0.7708 0.1378, -0.5761 -0.7657 0.1378, -0.5754 -0.7684 0.1378, -0.5746 -0.7695 0.1378, -0.5735 -0.7703 0.1378, -0.449 -0.5258 0.1378, -0.4501 -0.525 0.1378, -0.4514 -0.5244 0.1378, 0.4514 -0.7708 0.1378, 0.4528 -0.771 0.1378, 0.4475 -0.7657 0.1378, 0.5735 -0.525 0.1378, 0.5722 -0.5244 0.1378, 0.5709 -0.5243 0.1378, 0.4475 -0.5295 0.1378, 0.5761 -0.7657 0.1378, 0.5761 -0.5295 0.1378, 0.576 -0.5282 0.1378, 0.4477 -0.5282 0.1378, 0.4528 -0.5243 0.1378, 0.5709 -0.771 0.1378, 0.5722 -0.7708 0.1378, 0.5735 -0.7703 0.1378, 0.4482 -0.7684 0.1378, 0.449 -0.7695 0.1378, 0.4501 -0.7703 0.1378, 0.5746 -0.7695 0.1378, 0.5754 -0.7684 0.1378, 0.576 -0.7671 0.1378, 0.5754 -0.5269 0.1378, 0.5746 -0.5258 0.1378, 0.4514 -0.5244 0.1378, 0.4501 -0.525 0.1378, 0.4482 -0.5269 0.1378, 0.449 -0.5258 0.1378, 0.4477 -0.7671 0.1378, 1.252 -1.6909 0.1181, 1.252 -1.7894 0.0591, 1.3387 -1.6909 0.1279, 1.3518 -1.7894 0.0703, 1.4211 -1.6909 0.1567, 1.4467 -1.7894 0.1035, 1.495 -1.6909 0.2031, 1.5318 -1.7894 0.157, 1.5567 -1.6909 0.2649, 1.6029 -1.7894 0.228, 1.6031 -1.6909 0.3388, 1.6563 -1.7894 0.3131, 1.632 -1.6909 0.4211, 1.6895 -1.7894 0.408, 1.6417 -1.6909 0.5079, 1.7008 -1.7894 0.5079, -1.6417 -1.6909 0.5079, -1.7008 -1.7894 0.5079, -1.632 -1.6909 0.4211, -1.6895 -1.7894 0.408, -1.6031 -1.6909 0.3388, -1.6563 -1.7894 0.3131, -1.5567 -1.6909 0.2649, -1.6029 -1.7894 0.228, -1.495 -1.6909 0.2031, -1.5318 -1.7894 0.157, -1.4211 -1.6909 0.1567, -1.4467 -1.7894 0.1035, -1.3387 -1.6909 0.1279, -1.3518 -1.7894 0.0703, -1.252 -1.6909 0.1181, -1.252 -1.7894 0.0591, 1.6743 -1.7894 0.2257, 1.7212 -1.7894 0.3135, 1.7501 -1.7894 0.4088, 1.7598 -1.7894 0.5079, 1.7008 -1.7894 0.7362, 1.7598 -1.7894 0.7362, 1.6895 -1.7894 0.8361, 1.7501 -1.7894 0.8353, 1.6563 -1.7894 0.931, 1.7212 -1.7894 0.9306, 1.6029 -1.7894 1.0161, -1.5341 -1.7894 0.0856, -1.4463 -1.7894 0.0387, -1.351 -1.7894 0.0098, -1.252 -1.7894 0.0, -0.0782 -1.7894 0.0, 1.252 -1.7894 0.0, 1.351 -1.7894 0.0098, 1.4463 -1.7894 0.0387, 1.5341 -1.7894 0.0856, 1.6111 -1.7894 0.1488, -1.5318 -1.7894 1.0871, -1.6111 -1.7894 1.0953, -1.6029 -1.7894 1.0161, -1.6743 -1.7894 1.0184, -1.6563 -1.7894 0.931, -1.7212 -1.7894 0.9306, -1.6895 -1.7894 0.8361, -1.7501 -1.7894 0.8353, -1.7008 -1.7894 0.7362, -1.7598 -1.7894 0.7362, -1.7598 -1.7894 0.5079, -1.7501 -1.7894 0.4088, -1.7212 -1.7894 0.3135, -1.6743 -1.7894 0.2257, -1.6111 -1.7894 0.1488, 1.6743 -1.7894 1.0184, 1.6111 -1.7894 1.0953, 1.5318 -1.7894 1.0871, 1.5341 -1.7894 1.1585, 1.4467 -1.7894 1.1406, 1.4463 -1.7894 1.2054, 1.3518 -1.7894 1.1738, 1.351 -1.7894 1.2343, 1.252 -1.7894 1.185, 1.252 -1.7894 1.2441, -1.252 -1.7894 1.185, -1.252 -1.7894 1.2441, -1.3518 -1.7894 1.1738, -1.351 -1.7894 1.2343, -1.4467 -1.7894 1.1406, -1.4463 -1.7894 1.2054, -1.5341 -1.7894 1.1585, -1.7598 -1.2382 0.5079, -1.7501 -1.2382 0.4088, -1.7212 -1.2382 0.3135, -1.6743 -1.2382 0.2257, -1.6111 -1.2382 0.1488, -1.5341 -1.2382 0.0856, -1.4463 -1.2382 0.0387, -1.351 -1.2382 0.0098, -1.252 -1.2382 0.0, 1.7598 -1.2382 0.5079, 1.7501 -1.2382 0.4088, 1.7212 -1.2382 0.3135, 1.6743 -1.2382 0.2257, 1.6111 -1.2382 0.1488, 1.5341 -1.2382 0.0856, 1.4463 -1.2382 0.0387, 1.351 -1.2382 0.0098, 1.252 -1.2382 0.0, -0.9843 -1.4547 1.126, -0.9843 -1.4547 1.2441, -0.9822 -1.47 1.126, -0.9822 -1.47 1.2441, -0.9763 -1.4842 1.126, -0.9763 -1.4842 1.2441, -0.967 -1.4965 1.126, -0.967 -1.4965 1.2441, -0.9547 -1.5059 1.126, -0.9547 -1.5059 1.2441, -0.9405 -1.5118 1.126, -0.9405 -1.5118 1.2441, -0.9252 -1.5138 1.126, -0.9252 -1.5138 1.2441, -0.9099 -1.5118 1.126, -0.9099 -1.5118 1.2441, -0.8957 -1.5059 1.126, -0.8957 -1.5059 1.2441, -0.8834 -1.4965 1.126, -0.8834 -1.4965 1.2441, -0.8741 -1.4842 1.126, -0.8741 -1.4842 1.2441, -0.8682 -1.47 1.126, -0.8682 -1.47 1.2441, -0.8661 -1.4547 1.126, -0.8661 -1.4547 1.2441, -0.9843 -1.2776 1.2441, -0.9843 -1.2776 1.126, -0.9392 -1.0898 1.126, -0.9392 -1.0898 1.2441, -0.937 -1.0714 1.2441, -0.937 -1.0714 1.126, -0.937 -0.5295 1.126, -0.937 -0.5295 1.2441, -0.8583 -0.4508 1.126, -0.8583 -0.4508 1.2441, -0.8786 -0.4535 1.126, -0.8786 -0.4535 1.2441, -0.8976 -0.4613 1.126, -0.8976 -0.4613 1.2441, -0.9139 -0.4738 1.126, -0.9139 -0.4738 1.2441, -0.9265 -0.4902 1.126, -0.9265 -0.4902 1.2441, -0.9343 -0.5091 1.126, -0.9343 -0.5091 1.2441, -0.622 -0.4508 1.2441, -0.622 -0.4508 1.126, -0.5433 -0.5295 1.126, -0.5433 -0.5295 1.2441, -0.5453 -0.512 1.126, -0.5453 -0.512 1.2441, -0.5511 -0.4954 1.126, -0.5511 -0.4954 1.2441, -0.5605 -0.4804 1.126, -0.5605 -0.4804 1.2441, -0.573 -0.468 1.126, -0.573 -0.468 1.2441, -0.5879 -0.4586 1.126, -0.5879 -0.4586 1.2441, -0.6045 -0.4528 1.126, -0.6045 -0.4528 1.2441, -0.5433 -1.0714 1.126, -0.5433 -1.0714 1.2441, -0.5411 -1.0898 1.2441, -0.5411 -1.0898 1.126, -0.4961 -1.2776 1.126, -0.4961 -1.2776 1.2441, -0.4961 -1.4547 1.2441, -0.4961 -1.4547 1.126, -0.6142 -1.4547 1.126, -0.6142 -1.4547 1.2441, -0.6122 -1.47 1.126, -0.6122 -1.47 1.2441, -0.6063 -1.4842 1.126, -0.6063 -1.4842 1.2441, -0.5969 -1.4965 1.126, -0.5969 -1.4965 1.2441, -0.5846 -1.5059 1.126, -0.5846 -1.5059 1.2441, -0.5704 -1.5118 1.126, -0.5704 -1.5118 1.2441, -0.5551 -1.5138 1.126, -0.5551 -1.5138 1.2441, -0.5398 -1.5118 1.126, -0.5398 -1.5118 1.2441, -0.5256 -1.5059 1.126, -0.5256 -1.5059 1.2441, -0.5134 -1.4965 1.126, -0.5134 -1.4965 1.2441, -0.504 -1.4842 1.126, -0.504 -1.4842 1.2441, -0.4981 -1.47 1.126, -0.4981 -1.47 1.2441, -0.6142 -1.4011 1.2441, -0.6142 -1.4011 1.126, -0.6142 -1.3971 1.2441, -0.6142 -1.3971 1.2441, -0.6142 -1.3971 1.126, -0.6158 -1.3658 1.126, -0.617 -1.3659 1.2426, -0.6198 -1.3347 1.126, -0.6198 -1.3347 1.2412, -0.6558 -1.1257 1.2317, -0.6558 -1.1257 1.126, -0.6558 -1.1257 1.1124, -0.6198 -1.3347 1.12, -0.66 -1.0926 1.126, -0.6586 -1.0925 1.2302, -0.6614 -1.0593 1.126, -0.6614 -1.0593 1.2287, -0.6614 -1.0593 1.1099, -0.6614 -0.6412 1.0946, -0.6614 -0.6412 1.126, -0.6614 -0.6412 1.2097, -0.6628 -0.6305 1.126, -0.6633 -0.6266 1.2091, -0.6633 -0.6266 1.126, -0.6669 -0.6173 1.126, -0.6682 -0.6137 1.2085, -0.6682 -0.6137 1.126, -0.6743 -0.6051 1.126, -0.6769 -0.6014 1.2079, -0.6769 -0.6014 1.126, -0.6806 -0.598 1.126, -0.6845 -0.5944 1.2076, -0.6845 -0.5944 1.126, -0.693 -0.5894 1.126, -0.6969 -0.5872 1.2073, -0.6969 -0.5872 1.126, -0.7059 -0.5845 1.126, -0.7103 -0.5831 1.2071, -0.7103 -0.5831 1.126, -0.7205 -0.5823 1.126, -0.7205 -0.5823 1.2071, -0.7598 -0.5823 1.2071, -0.7598 -0.5823 1.126, -0.7598 -0.5823 1.0924, -0.7205 -0.5823 1.0924, -0.77 -0.5835 1.126, -0.7745 -0.5841 1.2071, -0.7745 -0.5841 1.126, -0.7833 -0.5875 1.126, -0.7875 -0.5891 1.2074, -0.7875 -0.5891 1.126, -0.7955 -0.5948 1.126, -0.7999 -0.5978 1.2078, -0.7999 -0.5978 1.126, -0.8032 -0.6015 1.126, -0.8064 -0.6049 1.2081, -0.8064 -0.6049 1.126, -0.8118 -0.6139 1.126, -0.8138 -0.6171 1.2086, -0.8138 -0.6171 1.126, -0.8167 -0.6267 1.126, -0.8179 -0.6305 1.2092, -0.8179 -0.6305 1.126, -0.8189 -0.6412 1.126, -0.8189 -0.6412 1.2097, -0.8189 -1.0593 1.2287, -0.8189 -1.0593 1.126, -0.8189 -1.0593 1.1099, -0.8189 -0.6412 1.0946, -0.8203 -1.0926 1.126, -0.8217 -1.0925 1.2302, -0.8246 -1.1257 1.126, -0.8246 -1.1257 1.2317, -0.8605 -1.3347 1.2412, -0.8605 -1.3347 1.126, -0.8605 -1.3347 1.12, -0.8246 -1.1257 1.1124, -0.8645 -1.3658 1.126, -0.8633 -1.3659 1.2426, -0.8661 -1.3971 1.126, -0.8661 -1.3971 1.2441, -0.8661 -1.4011 1.126, -0.8661 -1.4011 1.2441, -0.8661 -1.3971 1.2441, 0.4961 -1.4547 1.126, 0.4961 -1.4547 1.2441, 0.4981 -1.47 1.126, 0.4981 -1.47 1.2441, 0.504 -1.4842 1.126, 0.504 -1.4842 1.2441, 0.5134 -1.4965 1.126, 0.5134 -1.4965 1.2441, 0.5256 -1.5059 1.126, 0.5256 -1.5059 1.2441, 0.5398 -1.5118 1.126, 0.5398 -1.5118 1.2441, 0.5551 -1.5138 1.126, 0.5551 -1.5138 1.2441, 0.5704 -1.5118 1.126, 0.5704 -1.5118 1.2441, 0.5846 -1.5059 1.126, 0.5846 -1.5059 1.2441, 0.5969 -1.4965 1.126, 0.5969 -1.4965 1.2441, 0.6063 -1.4842 1.126, 0.6063 -1.4842 1.2441, 0.6122 -1.47 1.126, 0.6122 -1.47 1.2441, 0.6142 -1.4547 1.126, 0.6142 -1.4547 1.2441, 0.4961 -1.2776 1.2441, 0.4961 -1.2776 1.126, 0.5411 -1.0898 1.126, 0.5411 -1.0898 1.2441, 0.5433 -1.0714 1.2441, 0.5433 -1.0714 1.126, 0.5433 -0.5295 1.126, 0.5433 -0.5295 1.2441, 0.622 -0.4508 1.126, 0.622 -0.4508 1.2441, 0.6017 -0.4535 1.126, 0.6017 -0.4535 1.2441, 0.5827 -0.4613 1.126, 0.5827 -0.4613 1.2441, 0.5664 -0.4738 1.126, 0.5664 -0.4738 1.2441, 0.5539 -0.4902 1.126, 0.5539 -0.4902 1.2441, 0.546 -0.5091 1.126, 0.546 -0.5091 1.2441, 0.8583 -0.4508 1.2441, 0.8583 -0.4508 1.126, 0.937 -0.5295 1.126, 0.937 -0.5295 1.2441, 0.935 -0.512 1.126, 0.935 -0.512 1.2441, 0.9292 -0.4954 1.126, 0.9292 -0.4954 1.2441, 0.9198 -0.4804 1.126, 0.9198 -0.4804 1.2441, 0.9074 -0.468 1.126, 0.9074 -0.468 1.2441, 0.8924 -0.4586 1.126, 0.8924 -0.4586 1.2441, 0.8758 -0.4528 1.126, 0.8758 -0.4528 1.2441, 0.937 -1.0714 1.126, 0.937 -1.0714 1.2441, 0.9392 -1.0898 1.2441, 0.9392 -1.0898 1.126, 0.9843 -1.2776 1.126, 0.9843 -1.2776 1.2441, 0.9843 -1.4547 1.2441, 0.9843 -1.4547 1.126, 0.8661 -1.4547 1.126, 0.8661 -1.4547 1.2441, 0.8682 -1.47 1.126, 0.8682 -1.47 1.2441, 0.8741 -1.4842 1.126, 0.8741 -1.4842 1.2441, 0.8834 -1.4965 1.126, 0.8834 -1.4965 1.2441, 0.8957 -1.5059 1.126, 0.8957 -1.5059 1.2441, 0.9099 -1.5118 1.126, 0.9099 -1.5118 1.2441, 0.9252 -1.5138 1.126, 0.9252 -1.5138 1.2441, 0.9405 -1.5118 1.126, 0.9405 -1.5118 1.2441, 0.9547 -1.5059 1.126, 0.9547 -1.5059 1.2441, 0.967 -1.4965 1.126, 0.967 -1.4965 1.2441, 0.9763 -1.4842 1.126, 0.9763 -1.4842 1.2441, 0.9822 -1.47 1.126, 0.9822 -1.47 1.2441, 0.8661 -1.4011 1.2441, 0.8661 -1.4011 1.126, 0.8661 -1.3971 1.2441, 0.8661 -1.3971 1.2441, 0.8661 -1.3971 1.126, 0.8645 -1.3658 1.126, 0.8633 -1.3659 1.2426, 0.8605 -1.3347 1.126, 0.8605 -1.3347 1.2412, 0.8605 -1.3347 1.12, 0.8246 -1.1257 1.1124, 0.8246 -1.1257 1.126, 0.8246 -1.1257 1.2317, 0.8203 -1.0926 1.126, 0.8217 -1.0925 1.2302, 0.8189 -1.0593 1.126, 0.8189 -1.0593 1.2287, 0.8189 -1.0593 1.1099, 0.8189 -0.6412 1.0946, 0.8189 -0.6412 1.126, 0.8189 -0.6412 1.2097, 0.8171 -0.6266 1.126, 0.8171 -0.6266 1.2091, 0.8121 -0.6137 1.126, 0.8121 -0.6137 1.2085, 0.8034 -0.6014 1.126, 0.8034 -0.6014 1.2079, 0.7958 -0.5944 1.126, 0.7958 -0.5944 1.2076, 0.7834 -0.5872 1.126, 0.7834 -0.5872 1.2073, 0.77 -0.5831 1.126, 0.77 -0.5831 1.2071, 0.7598 -0.5823 1.126, 0.7598 -0.5823 1.2071, 0.7205 -0.5823 1.2071, 0.7205 -0.5823 1.126, 0.7205 -0.5823 1.0924, 0.7598 -0.5823 1.0924, 0.7058 -0.5841 1.126, 0.7058 -0.5841 1.2071, 0.6928 -0.5891 1.126, 0.6928 -0.5891 1.2074, 0.6805 -0.5978 1.126, 0.6805 -0.5978 1.2078, 0.6739 -0.6049 1.126, 0.6739 -0.6049 1.2081, 0.6665 -0.6171 1.126, 0.6665 -0.6171 1.2086, 0.6624 -0.6305 1.126, 0.6624 -0.6305 1.2092, 0.6614 -0.6412 1.126, 0.6614 -0.6412 1.2097, 0.6614 -0.6412 1.0946, 0.6614 -1.0593 1.1099, 0.6614 -1.0593 1.126, 0.6614 -1.0593 1.2287, 0.66 -1.0926 1.126, 0.6586 -1.0925 1.2302, 0.6558 -1.1257 1.126, 0.6558 -1.1257 1.2317, 0.6558 -1.1257 1.1124, 0.6198 -1.3347 1.12, 0.6198 -1.3347 1.126, 0.6198 -1.3347 1.2412, 0.6158 -1.3658 1.126, 0.617 -1.3659 1.2426, 0.6142 -1.3971 1.126, 0.6142 -1.3971 1.2441, 0.6142 -1.4011 1.126, 0.6142 -1.4011 1.2441, 0.6142 -1.3971 1.2441, 1.252 -1.6909 1.126, -1.252 -1.6909 1.126, 1.6417 -1.6909 0.7362, 1.6417 -1.1201 0.5512, 1.7598 -1.1201 0.5512, 1.6417 -1.1221 0.5665, 1.7598 -1.1221 0.5665, 1.6417 -1.128 0.5807, 1.7598 -1.128 0.5807, 1.6417 -1.1374 0.5929, 1.7598 -1.1374 0.5929, 1.6417 -1.1496 0.6023, 1.7598 -1.1496 0.6023, 1.6417 -1.1638 0.6082, 1.7598 -1.1638 0.6082, 1.6417 -1.1791 0.6102, 1.7598 -1.1791 0.6102, 1.7598 -1.1201 0.0354, 1.6417 -1.1201 0.0354, 1.6417 -1.0766 0.0066, 1.7598 -1.0766 0.0066, 1.6417 -1.0766 -0.1247, 1.7598 -1.0766 -0.1247, 1.6417 -1.0619 -0.1121, 1.7598 -1.0619 -0.1121, 1.6417 -1.0507 -0.0963, 1.7598 -1.0507 -0.0963, 1.6417 -1.0437 -0.0783, 1.7598 -1.0437 -0.0783, 1.6417 -1.0413 -0.0591, 1.7598 -1.0413 -0.0591, 1.6417 -1.0437 -0.0399, 1.7598 -1.0437 -0.0399, 1.6417 -1.0507 -0.0218, 1.7598 -1.0507 -0.0218, 1.6417 -1.0619 -0.006, 1.7598 -1.0619 -0.006, 1.6417 -1.1201 -0.1535, 1.7598 -1.1201 -0.1535, 1.7598 -1.1201 -0.2362, 1.6417 -1.1201 -0.2362, 1.7598 -1.002 -0.3543, 1.6417 -1.002 -0.3543, 1.6417 -0.6476 -0.3543, 1.7598 -0.6476 -0.3543, 1.6417 -0.5295 -0.2362, 1.7598 -0.5295 -0.2362, 1.7598 -0.5295 -0.1535, 1.6417 -0.5295 -0.1535, 1.6417 -0.5731 -0.1247, 1.7598 -0.5731 -0.1247, 1.6417 -0.5731 0.0066, 1.7598 -0.5731 0.0066, 1.6417 -0.5877 -0.006, 1.7598 -0.5877 -0.006, 1.6417 -0.5989 -0.0218, 1.7598 -0.5989 -0.0218, 1.6417 -0.6059 -0.0399, 1.7598 -0.6059 -0.0399, 1.6417 -0.6083 -0.0591, 1.7598 -0.6083 -0.0591, 1.6417 -0.6059 -0.0783, 1.7598 -0.6059 -0.0783, 1.6417 -0.5989 -0.0963, 1.7598 -0.5989 -0.0963, 1.6417 -0.5877 -0.1121, 1.7598 -0.5877 -0.1121, 1.6417 -0.5295 0.0354, 1.7598 -0.5295 0.0354, 1.7598 -0.5295 0.5512, 1.6417 -0.5295 0.5512, 1.6417 -0.4114 0.5512, 1.7598 -0.4114 0.5512, 1.6417 -0.4134 0.5665, 1.7598 -0.4134 0.5665, 1.6417 -0.4193 0.5807, 1.7598 -0.4193 0.5807, 1.6417 -0.4287 0.5929, 1.7598 -0.4287 0.5929, 1.6417 -0.4409 0.6023, 1.7598 -0.4409 0.6023, 1.6417 -0.4552 0.6082, 1.7598 -0.4552 0.6082, 1.6417 -0.4705 0.6102, 1.7598 -0.4705 0.6102, -1.6417 -0.5295 0.5512, -1.7598 -0.5295 0.5512, -1.6417 -0.5278 0.5653, -1.7598 -0.5278 0.5653, -1.6417 -0.5228 0.5786, -1.7598 -0.5228 0.5786, -1.6417 -0.5147 0.5903, -1.7598 -0.5147 0.5903, -1.6417 -0.504 0.5998, -1.7598 -0.504 0.5998, -1.6417 -0.4914 0.6064, -1.7598 -0.4914 0.6064, -1.6417 -0.4776 0.6098, -1.7598 -0.4776 0.6098, -1.6417 -0.4634 0.6098, -1.7598 -0.4634 0.6098, -1.6417 -0.4495 0.6064, -1.7598 -0.4495 0.6064, -1.6417 -0.4369 0.5998, -1.7598 -0.4369 0.5998, -1.6417 -0.4263 0.5903, -1.7598 -0.4263 0.5903, -1.6417 -0.4182 0.5786, -1.7598 -0.4182 0.5786, -1.6417 -0.4131 0.5653, -1.7598 -0.4131 0.5653, -1.6417 -0.4114 0.5512, -1.7598 -0.4114 0.5512, -1.6417 -0.5295 0.0354, -1.7598 -0.5295 0.0354, -1.7598 -0.5731 0.0066, -1.6417 -0.5731 0.0066, -1.6417 -0.5731 -0.1247, -1.7598 -0.5731 -0.1247, -1.6417 -0.5877 -0.1121, -1.7598 -0.5877 -0.1121, -1.6417 -0.5989 -0.0963, -1.7598 -0.5989 -0.0963, -1.6417 -0.6059 -0.0783, -1.7598 -0.6059 -0.0783, -1.6417 -0.6083 -0.0591, -1.7598 -0.6083 -0.0591, -1.6417 -0.6059 -0.0399, -1.7598 -0.6059 -0.0399, -1.6417 -0.5989 -0.0218, -1.7598 -0.5989 -0.0218, -1.6417 -0.5877 -0.006, -1.7598 -0.5877 -0.006, -1.7598 -0.5295 -0.1535, -1.6417 -0.5295 -0.1535, -1.6417 -0.5295 -0.2362, -1.7598 -0.5295 -0.2362, -1.7598 -0.6476 -0.3543, -1.6417 -0.6476 -0.3543, -1.7598 -1.002 -0.3543, -1.6417 -1.002 -0.3543, -1.6417 -1.1201 -0.2362, -1.7598 -1.1201 -0.2362, -1.6417 -1.1201 -0.1535, -1.7598 -1.1201 -0.1535, -1.7598 -1.0766 -0.1247, -1.6417 -1.0766 -0.1247, -1.6417 -1.0766 0.0066, -1.7598 -1.0766 0.0066, -1.6417 -1.0619 -0.006, -1.7598 -1.0619 -0.006, -1.6417 -1.0507 -0.0218, -1.7598 -1.0507 -0.0218, -1.6417 -1.0437 -0.0399, -1.7598 -1.0437 -0.0399, -1.6417 -1.0413 -0.0591, -1.7598 -1.0413 -0.0591, -1.6417 -1.0437 -0.0783, -1.7598 -1.0437 -0.0783, -1.6417 -1.0507 -0.0963, -1.7598 -1.0507 -0.0963, -1.6417 -1.0619 -0.1121, -1.7598 -1.0619 -0.1121, -1.7598 -1.1201 0.0354, -1.6417 -1.1201 0.0354, -1.6417 -1.1201 0.5512, -1.7598 -1.1201 0.5512, -1.6417 -1.2382 0.5512, -1.7598 -1.2382 0.5512, -1.6417 -1.2365 0.5653, -1.7598 -1.2365 0.5653, -1.6417 -1.2314 0.5786, -1.7598 -1.2314 0.5786, -1.6417 -1.2233 0.5903, -1.7598 -1.2233 0.5903, -1.6417 -1.2127 0.5998, -1.7598 -1.2127 0.5998, -1.6417 -1.2001 0.6064, -1.7598 -1.2001 0.6064, -1.6417 -1.1862 0.6098, -1.7598 -1.1862 0.6098, -1.6417 -1.172 0.6098, -1.7598 -1.172 0.6098, -1.6417 -1.1582 0.6064, -1.7598 -1.1582 0.6064, -1.6417 -1.1456 0.5998, -1.7598 -1.1456 0.5998, -1.6417 -1.1349 0.5903, -1.7598 -1.1349 0.5903, -1.6417 -1.1268 0.5786, -1.7598 -1.1268 0.5786, -1.6417 -1.1218 0.5653, -1.7598 -1.1218 0.5653, -1.6417 -1.6909 0.7362, -0.4528 -0.7812 0.1365, -0.4488 -0.7807 0.1365, -0.4528 -0.7907 0.1325, -0.4463 -0.7899 0.1325, -0.4528 -0.7989 0.1263, -0.4442 -0.7977 0.1263, -0.4528 -0.8051 0.1181, -0.4426 -0.8038 0.1181, -0.4331 -0.7998 0.1181, -0.4362 -0.7944 0.1263, -0.4249 -0.7936 0.1181, -0.4293 -0.7892 0.1263, -0.4187 -0.7854 0.1181, -0.4241 -0.7823 0.1263, -0.4147 -0.7759 0.1181, -0.4208 -0.7743 0.1263, -0.4134 -0.7657 0.1181, -0.4196 -0.7657 0.1263, -0.4403 -0.7874 0.1325, -0.4351 -0.7834 0.1325, -0.4311 -0.7782 0.1325, -0.4286 -0.7722 0.1325, -0.4278 -0.7657 0.1325, -0.445 -0.7791 0.1365, -0.4418 -0.7767 0.1365, -0.4394 -0.7735 0.1365, -0.4378 -0.7697 0.1365, -0.4373 -0.7657 0.1365, -0.4134 -0.5295 0.1181, -0.4196 -0.5295 0.1263, -0.4278 -0.5295 0.1325, -0.4373 -0.5295 0.1365, -0.4378 -0.5255 0.1365, -0.4286 -0.5231 0.1325, -0.4147 -0.5193 0.1181, -0.4208 -0.521 0.1263, -0.4187 -0.5098 0.1181, -0.4241 -0.513 0.1263, -0.4249 -0.5017 0.1181, -0.4293 -0.5061 0.1263, -0.4331 -0.4954 0.1181, -0.4362 -0.5008 0.1263, -0.4426 -0.4915 0.1181, -0.4442 -0.4975 0.1263, -0.4528 -0.4902 0.1181, -0.4528 -0.4952 0.1246, -0.4528 -0.4964 0.1263, -0.4528 -0.5013 0.13, -0.4463 -0.5054 0.1325, -0.4403 -0.5079 0.1325, -0.4351 -0.5119 0.1325, -0.4311 -0.517 0.1325, -0.4394 -0.5218 0.1365, -0.4418 -0.5186 0.1365, -0.445 -0.5161 0.1365, -0.4488 -0.5146 0.1365, -0.4528 -0.5046 0.1325, -0.4528 -0.5084 0.1341, -0.4528 -0.5141 0.1365, -0.4528 -0.5161 0.1367, -0.5709 -0.4902 0.1181, -0.5709 -0.4952 0.1246, -0.5709 -0.4964 0.1263, -0.5709 -0.5013 0.13, -0.5709 -0.5046 0.1325, -0.5709 -0.5084 0.1341, -0.5709 -0.5141 0.1365, -0.5709 -0.5161 0.1367, -0.5773 -0.5054 0.1325, -0.5811 -0.4915 0.1181, -0.5794 -0.4975 0.1263, -0.5906 -0.4954 0.1181, -0.5874 -0.5008 0.1263, -0.5987 -0.5017 0.1181, -0.5943 -0.5061 0.1263, -0.605 -0.5098 0.1181, -0.5995 -0.513 0.1263, -0.6089 -0.5193 0.1181, -0.6029 -0.521 0.1263, -0.6102 -0.5295 0.1181, -0.604 -0.5295 0.1263, -0.5833 -0.5079 0.1325, -0.5885 -0.5119 0.1325, -0.5925 -0.517 0.1325, -0.595 -0.5231 0.1325, -0.5958 -0.5295 0.1325, -0.5749 -0.5146 0.1365, -0.5786 -0.5161 0.1365, -0.5818 -0.5186 0.1365, -0.5843 -0.5218 0.1365, -0.5858 -0.5255 0.1365, -0.5863 -0.5295 0.1365, -0.6102 -0.7657 0.1181, -0.604 -0.7657 0.1263, -0.5958 -0.7657 0.1325, -0.5863 -0.7657 0.1365, -0.5858 -0.7697 0.1365, -0.595 -0.7722 0.1325, -0.6029 -0.7743 0.1263, -0.6089 -0.7759 0.1181, -0.605 -0.7854 0.1181, -0.5995 -0.7823 0.1263, -0.5987 -0.7936 0.1181, -0.5943 -0.7892 0.1263, -0.5906 -0.7998 0.1181, -0.5874 -0.7944 0.1263, -0.5811 -0.8038 0.1181, -0.5794 -0.7977 0.1263, -0.5709 -0.8051 0.1181, -0.5709 -0.7989 0.1263, -0.5925 -0.7782 0.1325, -0.5885 -0.7834 0.1325, -0.5833 -0.7874 0.1325, -0.5773 -0.7899 0.1325, -0.5709 -0.7907 0.1325, -0.5843 -0.7735 0.1365, -0.5818 -0.7767 0.1365, -0.5786 -0.7791 0.1365, -0.5749 -0.7807 0.1365, -0.5709 -0.7812 0.1365, 0.4373 -0.7657 0.1365, 0.4378 -0.7697 0.1365, 0.4278 -0.7657 0.1325, 0.4286 -0.7722 0.1325, 0.4196 -0.7657 0.1263, 0.4208 -0.7743 0.1263, 0.4134 -0.7657 0.1181, 0.4147 -0.7759 0.1181, 0.4187 -0.7854 0.1181, 0.4241 -0.7823 0.1263, 0.4249 -0.7936 0.1181, 0.4293 -0.7892 0.1263, 0.4331 -0.7998 0.1181, 0.4362 -0.7944 0.1263, 0.4426 -0.8038 0.1181, 0.4442 -0.7977 0.1263, 0.4528 -0.8051 0.1181, 0.4528 -0.7989 0.1263, 0.4311 -0.7782 0.1325, 0.4351 -0.7834 0.1325, 0.4403 -0.7874 0.1325, 0.4463 -0.7899 0.1325, 0.4528 -0.7907 0.1325, 0.4394 -0.7735 0.1365, 0.4418 -0.7767 0.1365, 0.445 -0.7791 0.1365, 0.4488 -0.7807 0.1365, 0.4528 -0.7812 0.1365, 0.5709 -0.8051 0.1181, 0.5709 -0.7989 0.1263, 0.5709 -0.7907 0.1325, 0.5709 -0.7812 0.1365, 0.5749 -0.7807 0.1365, 0.5773 -0.7899 0.1325, 0.5794 -0.7977 0.1263, 0.5811 -0.8038 0.1181, 0.5906 -0.7998 0.1181, 0.5874 -0.7944 0.1263, 0.5987 -0.7936 0.1181, 0.5943 -0.7892 0.1263, 0.605 -0.7854 0.1181, 0.5995 -0.7823 0.1263, 0.6089 -0.7759 0.1181, 0.6029 -0.7743 0.1263, 0.6102 -0.7657 0.1181, 0.604 -0.7657 0.1263, 0.5833 -0.7874 0.1325, 0.5885 -0.7834 0.1325, 0.5925 -0.7782 0.1325, 0.595 -0.7722 0.1325, 0.5958 -0.7657 0.1325, 0.5786 -0.7791 0.1365, 0.5818 -0.7767 0.1365, 0.5843 -0.7735 0.1365, 0.5858 -0.7697 0.1365, 0.5863 -0.7657 0.1365, 0.6102 -0.5295 0.1181, 0.604 -0.5295 0.1263, 0.5958 -0.5295 0.1325, 0.5863 -0.5295 0.1365, 0.5858 -0.5255 0.1365, 0.595 -0.5231 0.1325, 0.6089 -0.5193 0.1181, 0.6029 -0.521 0.1263, 0.605 -0.5098 0.1181, 0.5995 -0.513 0.1263, 0.5987 -0.5017 0.1181, 0.5943 -0.5061 0.1263, 0.5906 -0.4954 0.1181, 0.5874 -0.5008 0.1263, 0.5811 -0.4915 0.1181, 0.5794 -0.4975 0.1263, 0.5709 -0.4902 0.1181, 0.5709 -0.4952 0.1246, 0.5709 -0.4964 0.1263, 0.5709 -0.5013 0.13, 0.5773 -0.5054 0.1325, 0.5833 -0.5079 0.1325, 0.5885 -0.5119 0.1325, 0.5925 -0.517 0.1325, 0.5843 -0.5218 0.1365, 0.5818 -0.5186 0.1365, 0.5786 -0.5161 0.1365, 0.5749 -0.5146 0.1365, 0.5709 -0.5046 0.1325, 0.5709 -0.5084 0.1341, 0.5709 -0.5141 0.1365, 0.5709 -0.5161 0.1367, 0.4528 -0.4902 0.1181, 0.4528 -0.4952 0.1246, 0.4528 -0.4964 0.1263, 0.4528 -0.5013 0.13, 0.4528 -0.5046 0.1325, 0.4528 -0.5084 0.1341, 0.4528 -0.5141 0.1365, 0.4528 -0.5161 0.1367, 0.4463 -0.5054 0.1325, 0.4426 -0.4915 0.1181, 0.4442 -0.4975 0.1263, 0.4331 -0.4954 0.1181, 0.4362 -0.5008 0.1263, 0.4249 -0.5017 0.1181, 0.4293 -0.5061 0.1263, 0.4187 -0.5098 0.1181, 0.4241 -0.513 0.1263, 0.4147 -0.5193 0.1181, 0.4208 -0.521 0.1263, 0.4134 -0.5295 0.1181, 0.4196 -0.5295 0.1263, 0.4403 -0.5079 0.1325, 0.4351 -0.5119 0.1325, 0.4311 -0.517 0.1325, 0.4286 -0.5231 0.1325, 0.4278 -0.5295 0.1325, 0.4488 -0.5146 0.1365, 0.445 -0.5161 0.1365, 0.4418 -0.5186 0.1365, 0.4394 -0.5218 0.1365, 0.4378 -0.5255 0.1365, 0.4373 -0.5295 0.1365, 1.252 -0.4114 0.1181, 1.0551 -0.4114 0.1181, 1.0551 -0.4114 0.0, 1.7598 -0.4114 0.5079, 1.6417 -0.4114 0.5079, 1.7566 -0.4114 0.4504, 1.632 -0.4114 0.4211, 1.252 -0.4114 0.0, 1.3095 -0.4114 0.0033, 1.3387 -0.4114 0.1279, 1.4047 -0.4114 0.0235, 1.4211 -0.4114 0.1567, 1.4943 -0.4114 0.0615, 1.495 -0.4114 0.2031, 1.575 -0.4114 0.116, 1.5567 -0.4114 0.2649, 1.6439 -0.4114 0.1848, 1.6031 -0.4114 0.3388, 1.6983 -0.4114 0.2655, 1.7363 -0.4114 0.3552, 0.937 -0.5295 0.0, 0.937 -0.5295 0.1181, 0.937 -0.833 0.0, 0.937 -1.1201 0.1181, 0.937 -1.1201 0.0, 1.0551 -1.2382 0.0, 1.0551 -1.2382 0.1181, 1.6417 -1.2382 0.5512, 1.7598 -1.2382 0.5512, 1.6417 -1.2382 0.5079, 1.632 -1.2382 0.4211, 1.6031 -1.2382 0.3388, 1.5567 -1.2382 0.2649, 1.495 -1.2382 0.2031, 1.4211 -1.2382 0.1567, 1.3387 -1.2382 0.1279, 1.252 -1.2382 0.1181, -1.252 -1.2382 0.1181, -1.3387 -1.2382 0.1279, -1.4211 -1.2382 0.1567, -1.495 -1.2382 0.2031, -1.5567 -1.2382 0.2649, -1.6031 -1.2382 0.3388, -1.632 -1.2382 0.4211, -1.6417 -1.2382 0.5079, -1.0551 -1.2382 0.1181, -1.0551 -1.2382 0.0, -0.937 -1.1201 0.0, -0.937 -1.1201 0.1181, -0.937 -0.5295 0.1181, -0.937 -0.5295 0.0, -0.937 -0.833 0.0, -1.0551 -0.4114 0.0, -1.0551 -0.4114 0.1181, -1.6417 -0.4114 0.5079, -1.252 -0.4114 0.0, -1.252 -0.4114 0.1181, -1.3095 -0.4114 0.0033, -1.3387 -0.4114 0.1279, -1.7598 -0.4114 0.5079, -1.7566 -0.4114 0.4504, -1.632 -0.4114 0.4211, -1.7363 -0.4114 0.3552, -1.6031 -0.4114 0.3388, -1.6983 -0.4114 0.2655, -1.5567 -0.4114 0.2649, -1.6439 -0.4114 0.1848, -1.495 -0.4114 0.2031, -1.575 -0.4114 0.116, -1.4211 -0.4114 0.1567, -1.4943 -0.4114 0.0615, -1.4047 -0.4114 0.0235, -1.3387 -1.6909 1.1162, -1.4211 -1.6909 1.0874, -1.495 -1.6909 1.041, -1.5567 -1.6909 0.9792, -1.6031 -1.6909 0.9053, -1.632 -1.6909 0.823, -1.6417 0.0807 0.7362, -1.6417 0.0807 0.5079, 1.632 -1.6909 0.823, 1.6031 -1.6909 0.9053, 1.5567 -1.6909 0.9792, 1.495 -1.6909 1.041, 1.4211 -1.6909 1.0874, 1.3387 -1.6909 1.1162
            ]
        }
        coordIndex [
            0,1,2,-1,2,1,3,-1,2,3,4,-1,5,6,7,-1,7,6,8,-1,9,10,11,-1,11,10,7,-1,11,7,12,-1,12,7,8,-1,13,14,2,-1,2,14,15,-1,10,16,17,-1,9,18,10,-1,10,18,19,-1,10,19,20,-1,21,0,22,-1,22,0,2,-1,22,2,23,-1,23,2,15,-1,17,24,10,-1,10,24,25,-1,10,25,7,-1,7,25,26,-1,7,26,27,-1,27,28,7,-1,7,28,29,-1,7,29,30,-1,30,29,31,-1,30,31,2,-1,2,31,32,-1,2,32,13,-1,33,34,35,-1,20,36,10,-1,10,36,33,-1,10,33,37,-1,37,33,35,-1,6,5,38,-1,39,40,38,-1,38,40,41,-1,38,41,6,-1,42,43,44,-1,44,43,45,-1,44,45,46,-1,46,45,47,-1,48,49,50,-1,51,48,52,-1,52,48,53,-1,54,55,56,-1,57,58,59,-1,59,58,60,-1,59,60,54,-1,61,62,63,-1,63,62,64,-1,63,64,54,-1,54,64,65,-1,54,65,55,-1,66,59,67,-1,67,59,54,-1,67,54,68,-1,68,54,56,-1,43,42,69,-1,69,42,59,-1,69,59,70,-1,70,59,66,-1,48,50,71,-1,71,50,72,-1,71,72,59,-1,59,72,73,-1,59,73,57,-1,74,75,76,-1,76,75,54,-1,76,54,77,-1,77,54,60,-1,51,78,48,-1,48,78,79,-1,48,79,80,-1,81,49,82,-1,82,49,48,-1,82,48,83,-1,83,48,80,-1,84,85,86,-1,86,85,87,-1,88,89,90,-1,91,92,86,-1,89,93,90,-1,90,93,94,-1,90,94,95,-1,96,97,98,-1,98,97,99,-1,96,100,97,-1,97,100,101,-1,97,101,87,-1,87,101,86,-1,86,101,102,-1,86,102,91,-1,103,104,105,-1,105,104,85,-1,105,85,90,-1,90,85,84,-1,90,84,88,-1,103,106,104,-1,104,106,107,-1,104,107,108,-1,92,109,86,-1,86,109,110,-1,86,110,111,-1,112,113,114,-1,115,116,117,-1,114,113,118,-1,119,120,117,-1,117,120,121,-1,122,118,123,-1,123,118,113,-1,123,113,117,-1,117,113,124,-1,117,124,119,-1,119,124,125,-1,119,125,126,-1,127,128,129,-1,130,131,126,-1,126,131,132,-1,126,132,119,-1,121,133,117,-1,117,133,134,-1,117,134,115,-1,123,135,122,-1,122,135,136,-1,122,136,137,-1,137,136,138,-1,112,114,129,-1,129,114,139,-1,129,139,127,-1,140,141,142,-1,142,141,143,-1,142,143,144,-1,144,143,145,-1,144,145,146,-1,146,145,147,-1,146,147,148,-1,148,147,149,-1,148,149,150,-1,150,149,151,-1,150,151,152,-1,152,151,153,-1,152,153,154,-1,154,153,155,-1,156,157,158,-1,158,157,159,-1,158,159,160,-1,160,159,161,-1,160,161,162,-1,162,161,163,-1,162,163,164,-1,164,163,165,-1,164,165,166,-1,166,165,167,-1,166,167,168,-1,168,167,169,-1,168,169,170,-1,170,169,171,-1,149,172,151,-1,151,172,173,-1,151,173,153,-1,153,173,174,-1,153,174,155,-1,155,174,175,-1,155,175,176,-1,176,175,177,-1,176,177,178,-1,178,177,179,-1,178,179,180,-1,180,179,181,-1,180,181,182,-1,165,183,167,-1,167,183,184,-1,167,184,169,-1,169,184,185,-1,169,185,171,-1,185,186,171,-1,171,186,187,-1,171,187,141,-1,141,187,188,-1,141,188,143,-1,143,188,189,-1,143,189,145,-1,145,189,190,-1,145,190,147,-1,147,190,191,-1,147,191,149,-1,149,191,192,-1,149,192,172,-1,193,194,195,-1,195,194,196,-1,195,196,197,-1,197,196,198,-1,197,198,199,-1,199,198,200,-1,199,200,201,-1,201,200,202,-1,201,202,157,-1,157,202,203,-1,157,203,159,-1,159,203,204,-1,159,204,161,-1,161,204,205,-1,161,205,163,-1,163,205,206,-1,163,206,165,-1,165,206,207,-1,165,207,183,-1,181,208,182,-1,182,208,209,-1,182,209,210,-1,210,209,211,-1,210,211,212,-1,212,211,213,-1,212,213,214,-1,214,213,215,-1,214,215,216,-1,216,215,217,-1,216,217,218,-1,218,217,219,-1,218,219,220,-1,220,219,221,-1,220,221,222,-1,222,221,223,-1,222,223,193,-1,193,223,224,-1,193,224,194,-1,203,225,226,-1,203,226,204,-1,204,226,227,-1,204,227,205,-1,205,227,228,-1,205,228,206,-1,206,228,229,-1,206,229,207,-1,207,229,230,-1,207,230,183,-1,183,230,231,-1,183,231,184,-1,184,231,232,-1,184,232,185,-1,185,232,233,-1,185,233,186,-1,234,175,174,-1,234,174,235,-1,235,174,173,-1,235,173,236,-1,236,173,172,-1,236,172,237,-1,237,172,192,-1,237,192,238,-1,238,192,191,-1,238,191,239,-1,239,191,190,-1,239,190,240,-1,240,190,189,-1,240,189,241,-1,241,189,188,-1,241,188,242,-1,243,244,245,-1,245,244,246,-1,245,246,247,-1,247,246,248,-1,247,248,249,-1,249,248,250,-1,249,250,251,-1,251,250,252,-1,251,252,253,-1,253,252,254,-1,253,254,255,-1,255,254,256,-1,255,256,257,-1,257,256,258,-1,257,258,259,-1,259,258,260,-1,259,260,261,-1,261,260,262,-1,261,262,263,-1,263,262,264,-1,263,264,265,-1,265,264,266,-1,265,266,267,-1,267,266,268,-1,269,244,270,-1,270,244,243,-1,271,272,270,-1,270,272,269,-1,273,272,274,-1,274,272,271,-1,275,276,274,-1,274,276,273,-1,277,278,279,-1,279,278,280,-1,279,280,281,-1,281,280,282,-1,281,282,283,-1,283,282,284,-1,283,284,285,-1,285,284,286,-1,285,286,287,-1,287,286,288,-1,287,288,275,-1,275,288,276,-1,289,278,290,-1,290,278,277,-1,291,292,293,-1,293,292,294,-1,293,294,295,-1,295,294,296,-1,295,296,297,-1,297,296,298,-1,297,298,299,-1,299,298,300,-1,299,300,301,-1,301,300,302,-1,301,302,303,-1,303,302,304,-1,303,304,290,-1,290,304,289,-1,305,306,291,-1,291,306,292,-1,307,306,308,-1,308,306,305,-1,309,310,308,-1,308,310,307,-1,311,310,312,-1,312,310,309,-1,313,314,315,-1,315,314,316,-1,315,316,317,-1,317,316,318,-1,317,318,319,-1,319,318,320,-1,319,320,321,-1,321,320,322,-1,321,322,323,-1,323,322,324,-1,323,324,325,-1,325,324,326,-1,325,326,327,-1,327,326,328,-1,327,328,329,-1,329,328,330,-1,329,330,331,-1,331,330,332,-1,331,332,333,-1,333,332,334,-1,333,334,335,-1,335,334,336,-1,335,336,312,-1,312,336,311,-1,337,314,338,-1,338,314,313,-1,339,337,340,-1,340,337,338,-1,340,338,341,-1,340,341,342,-1,340,342,343,-1,343,342,344,-1,343,344,345,-1,346,345,347,-1,347,345,344,-1,347,344,348,-1,348,344,349,-1,346,347,350,-1,346,350,351,-1,351,350,352,-1,351,352,353,-1,354,355,352,-1,352,355,356,-1,352,356,353,-1,353,356,357,-1,356,358,357,-1,357,358,359,-1,358,360,359,-1,359,360,361,-1,359,361,362,-1,361,363,362,-1,362,363,364,-1,362,364,365,-1,364,366,365,-1,365,366,367,-1,365,367,368,-1,367,369,368,-1,368,369,370,-1,368,370,371,-1,370,372,371,-1,371,372,373,-1,371,373,374,-1,373,375,374,-1,374,375,376,-1,374,376,377,-1,378,377,379,-1,379,377,376,-1,379,376,380,-1,380,376,381,-1,379,382,378,-1,378,382,383,-1,382,384,383,-1,383,384,385,-1,383,385,386,-1,385,387,386,-1,386,387,388,-1,386,388,389,-1,388,390,389,-1,389,390,391,-1,389,391,392,-1,391,393,392,-1,392,393,394,-1,392,394,395,-1,394,396,395,-1,395,396,397,-1,395,397,398,-1,397,399,398,-1,398,399,400,-1,398,400,401,-1,402,401,403,-1,403,401,400,-1,403,400,404,-1,404,400,405,-1,402,403,406,-1,402,406,407,-1,407,406,408,-1,407,408,409,-1,410,409,411,-1,411,409,408,-1,411,408,412,-1,412,408,413,-1,410,411,414,-1,410,414,415,-1,415,414,416,-1,415,416,417,-1,416,418,417,-1,417,418,419,-1,417,419,420,-1,267,268,418,-1,418,268,419,-1,421,422,423,-1,423,422,424,-1,423,424,425,-1,425,424,426,-1,425,426,427,-1,427,426,428,-1,427,428,429,-1,429,428,430,-1,429,430,431,-1,431,430,432,-1,431,432,433,-1,433,432,434,-1,433,434,435,-1,435,434,436,-1,435,436,437,-1,437,436,438,-1,437,438,439,-1,439,438,440,-1,439,440,441,-1,441,440,442,-1,441,442,443,-1,443,442,444,-1,443,444,445,-1,445,444,446,-1,447,422,448,-1,448,422,421,-1,449,450,448,-1,448,450,447,-1,451,450,452,-1,452,450,449,-1,453,454,452,-1,452,454,451,-1,455,456,457,-1,457,456,458,-1,457,458,459,-1,459,458,460,-1,459,460,461,-1,461,460,462,-1,461,462,463,-1,463,462,464,-1,463,464,465,-1,465,464,466,-1,465,466,453,-1,453,466,454,-1,467,456,468,-1,468,456,455,-1,469,470,471,-1,471,470,472,-1,471,472,473,-1,473,472,474,-1,473,474,475,-1,475,474,476,-1,475,476,477,-1,477,476,478,-1,477,478,479,-1,479,478,480,-1,479,480,481,-1,481,480,482,-1,481,482,468,-1,468,482,467,-1,483,484,469,-1,469,484,470,-1,485,484,486,-1,486,484,483,-1,487,488,486,-1,486,488,485,-1,489,488,490,-1,490,488,487,-1,491,492,493,-1,493,492,494,-1,493,494,495,-1,495,494,496,-1,495,496,497,-1,497,496,498,-1,497,498,499,-1,499,498,500,-1,499,500,501,-1,501,500,502,-1,501,502,503,-1,503,502,504,-1,503,504,505,-1,505,504,506,-1,505,506,507,-1,507,506,508,-1,507,508,509,-1,509,508,510,-1,509,510,511,-1,511,510,512,-1,511,512,513,-1,513,512,514,-1,513,514,490,-1,490,514,489,-1,515,492,516,-1,516,492,491,-1,517,515,518,-1,518,515,516,-1,518,516,519,-1,518,519,520,-1,518,520,521,-1,521,520,522,-1,521,522,523,-1,524,525,522,-1,522,525,526,-1,522,526,523,-1,523,526,527,-1,527,526,528,-1,527,528,529,-1,529,528,530,-1,529,530,531,-1,532,533,530,-1,530,533,534,-1,530,534,531,-1,531,534,535,-1,535,534,536,-1,535,536,537,-1,537,536,538,-1,537,538,539,-1,539,538,540,-1,539,540,541,-1,541,540,542,-1,541,542,543,-1,543,542,544,-1,543,544,545,-1,545,544,546,-1,545,546,547,-1,547,546,548,-1,547,548,549,-1,550,549,551,-1,551,549,548,-1,551,548,552,-1,552,548,553,-1,550,551,554,-1,550,554,555,-1,555,554,556,-1,555,556,557,-1,557,556,558,-1,557,558,559,-1,559,558,560,-1,559,560,561,-1,561,560,562,-1,561,562,563,-1,563,562,564,-1,563,564,565,-1,565,564,566,-1,565,566,567,-1,568,569,566,-1,566,569,570,-1,566,570,567,-1,567,570,571,-1,571,570,572,-1,571,572,573,-1,573,572,574,-1,573,574,575,-1,576,577,574,-1,574,577,578,-1,574,578,575,-1,575,578,579,-1,579,578,580,-1,579,580,581,-1,581,580,582,-1,581,582,583,-1,582,584,583,-1,583,584,585,-1,583,585,586,-1,445,446,584,-1,584,446,585,-1,587,216,588,-1,588,216,218,-1,154,155,589,-1,589,155,176,-1,590,591,592,-1,592,591,593,-1,592,593,594,-1,594,593,595,-1,594,595,596,-1,596,595,597,-1,596,597,598,-1,598,597,599,-1,598,599,600,-1,600,599,601,-1,600,601,602,-1,602,601,603,-1,604,591,605,-1,605,591,590,-1,605,606,604,-1,604,606,607,-1,608,609,610,-1,610,609,611,-1,610,611,612,-1,612,611,613,-1,612,613,614,-1,614,613,615,-1,614,615,616,-1,616,615,617,-1,616,617,618,-1,618,617,619,-1,618,619,620,-1,620,619,621,-1,620,621,622,-1,622,621,623,-1,622,623,606,-1,606,623,607,-1,608,624,609,-1,609,624,625,-1,626,625,627,-1,627,625,624,-1,628,626,629,-1,629,626,627,-1,630,631,629,-1,629,631,628,-1,630,632,631,-1,631,632,633,-1,633,632,634,-1,634,632,635,-1,635,636,634,-1,634,636,637,-1,638,639,640,-1,640,639,641,-1,640,641,642,-1,642,641,643,-1,642,643,644,-1,644,643,645,-1,644,645,646,-1,646,645,647,-1,646,647,648,-1,648,647,649,-1,648,649,650,-1,650,649,651,-1,650,651,652,-1,652,651,653,-1,652,653,636,-1,636,653,637,-1,638,654,639,-1,639,654,655,-1,655,654,656,-1,656,654,657,-1,658,659,660,-1,660,659,661,-1,660,661,662,-1,662,661,663,-1,662,663,664,-1,664,663,665,-1,664,665,666,-1,666,665,667,-1,666,667,668,-1,668,667,669,-1,668,669,670,-1,670,669,671,-1,672,673,674,-1,674,673,675,-1,674,675,676,-1,676,675,677,-1,676,677,678,-1,678,677,679,-1,678,679,680,-1,680,679,681,-1,680,681,682,-1,682,681,683,-1,682,683,684,-1,684,683,685,-1,684,685,686,-1,686,685,687,-1,686,687,688,-1,688,687,689,-1,688,689,690,-1,690,689,691,-1,690,691,692,-1,692,691,693,-1,692,693,694,-1,694,693,695,-1,694,695,696,-1,696,695,697,-1,696,697,698,-1,698,697,699,-1,672,700,673,-1,673,700,701,-1,701,700,702,-1,702,700,703,-1,704,705,706,-1,706,705,707,-1,706,707,708,-1,708,707,709,-1,708,709,710,-1,710,709,711,-1,710,711,712,-1,712,711,713,-1,712,713,714,-1,714,713,715,-1,714,715,716,-1,716,715,717,-1,716,717,718,-1,718,717,719,-1,718,719,703,-1,703,719,702,-1,705,704,720,-1,720,704,721,-1,721,722,720,-1,720,722,723,-1,724,723,725,-1,725,723,722,-1,724,725,726,-1,726,725,727,-1,727,728,726,-1,726,728,729,-1,730,731,728,-1,728,731,729,-1,731,730,732,-1,732,730,733,-1,734,735,736,-1,736,735,737,-1,736,737,738,-1,738,737,739,-1,738,739,740,-1,740,739,741,-1,740,741,742,-1,742,741,743,-1,742,743,744,-1,744,743,745,-1,744,745,746,-1,746,745,747,-1,746,747,748,-1,748,747,749,-1,748,749,733,-1,733,749,732,-1,735,734,750,-1,750,734,751,-1,752,753,751,-1,751,753,750,-1,754,755,756,-1,756,755,757,-1,756,757,758,-1,758,757,759,-1,758,759,760,-1,760,759,761,-1,760,761,762,-1,762,761,763,-1,762,763,764,-1,764,763,765,-1,764,765,766,-1,766,765,767,-1,766,767,768,-1,768,767,769,-1,768,769,770,-1,770,769,771,-1,770,771,772,-1,772,771,773,-1,772,773,774,-1,774,773,775,-1,774,775,776,-1,776,775,777,-1,776,777,778,-1,778,777,779,-1,778,779,752,-1,752,779,753,-1,780,201,156,-1,156,201,157,-1,87,781,782,-1,781,783,784,-1,783,785,786,-1,785,787,788,-1,785,788,786,-1,786,788,789,-1,786,789,790,-1,790,789,791,-1,790,791,792,-1,792,791,793,-1,792,793,794,-1,794,793,795,-1,794,795,796,-1,796,795,797,-1,796,797,798,-1,783,786,784,-1,784,786,790,-1,784,790,799,-1,799,790,792,-1,799,792,800,-1,800,792,794,-1,800,794,801,-1,801,794,796,-1,801,796,802,-1,802,796,798,-1,802,798,803,-1,781,784,782,-1,782,784,799,-1,782,799,804,-1,804,799,800,-1,804,800,805,-1,805,800,801,-1,805,801,806,-1,806,801,802,-1,806,802,807,-1,807,802,803,-1,807,803,808,-1,87,782,97,-1,97,782,804,-1,97,804,99,-1,99,804,805,-1,99,805,98,-1,98,805,806,-1,98,806,96,-1,96,806,807,-1,96,807,100,-1,100,807,808,-1,100,808,101,-1,797,809,810,-1,797,810,798,-1,798,810,811,-1,798,811,803,-1,803,811,812,-1,803,812,808,-1,808,812,102,-1,808,102,101,-1,102,812,813,-1,812,811,814,-1,810,809,815,-1,810,815,816,-1,816,815,817,-1,816,817,818,-1,818,817,819,-1,818,819,820,-1,820,819,821,-1,820,821,822,-1,822,821,823,-1,822,823,824,-1,823,825,826,-1,823,826,824,-1,824,826,827,-1,824,827,828,-1,828,829,824,-1,824,829,830,-1,824,830,822,-1,822,830,831,-1,822,831,820,-1,820,831,832,-1,820,832,818,-1,818,832,814,-1,818,814,816,-1,816,814,811,-1,816,811,810,-1,812,814,813,-1,813,814,832,-1,813,832,833,-1,833,832,831,-1,833,831,834,-1,834,831,830,-1,834,830,835,-1,835,830,829,-1,835,829,836,-1,828,837,829,-1,829,837,838,-1,829,838,836,-1,836,838,839,-1,836,839,840,-1,102,813,91,-1,91,813,833,-1,91,833,92,-1,92,833,834,-1,92,834,109,-1,109,834,835,-1,109,835,110,-1,110,835,836,-1,110,836,111,-1,111,836,840,-1,111,840,86,-1,841,842,825,-1,825,842,826,-1,826,842,827,-1,827,842,843,-1,827,843,828,-1,828,843,844,-1,828,844,837,-1,837,844,845,-1,837,845,838,-1,838,845,846,-1,838,846,839,-1,839,846,847,-1,839,847,840,-1,847,848,840,-1,840,848,84,-1,840,84,86,-1,846,845,849,-1,842,841,850,-1,842,850,851,-1,851,850,852,-1,851,852,853,-1,853,852,854,-1,853,854,855,-1,855,854,856,-1,855,856,857,-1,857,856,858,-1,857,858,859,-1,859,858,860,-1,859,860,861,-1,845,844,851,-1,851,844,843,-1,851,843,842,-1,845,851,849,-1,849,851,853,-1,849,853,862,-1,862,853,855,-1,862,855,863,-1,863,855,857,-1,863,857,864,-1,864,857,859,-1,864,859,865,-1,865,859,861,-1,865,861,866,-1,848,847,867,-1,867,847,846,-1,846,849,867,-1,867,849,862,-1,867,862,868,-1,868,862,863,-1,868,863,869,-1,869,863,864,-1,869,864,870,-1,870,864,865,-1,870,865,871,-1,871,865,866,-1,871,866,872,-1,88,84,848,-1,848,867,88,-1,88,867,868,-1,88,868,89,-1,89,868,869,-1,89,869,93,-1,93,869,870,-1,93,870,94,-1,94,870,871,-1,94,871,95,-1,95,871,872,-1,95,872,90,-1,860,873,874,-1,860,874,861,-1,861,874,875,-1,861,875,866,-1,866,875,876,-1,866,876,872,-1,872,876,105,-1,872,105,90,-1,105,876,877,-1,876,875,878,-1,875,874,879,-1,874,873,880,-1,874,880,879,-1,879,880,881,-1,879,881,882,-1,882,881,883,-1,882,883,884,-1,884,883,885,-1,884,885,886,-1,886,885,887,-1,886,887,888,-1,888,887,889,-1,888,889,890,-1,875,879,878,-1,878,879,882,-1,878,882,891,-1,891,882,884,-1,891,884,892,-1,892,884,886,-1,892,886,893,-1,893,886,888,-1,893,888,894,-1,894,888,890,-1,894,890,895,-1,876,878,877,-1,877,878,891,-1,877,891,896,-1,896,891,892,-1,896,892,897,-1,897,892,893,-1,897,893,898,-1,898,893,894,-1,898,894,899,-1,899,894,895,-1,899,895,900,-1,105,877,103,-1,103,877,896,-1,103,896,106,-1,106,896,897,-1,106,897,107,-1,107,897,898,-1,107,898,108,-1,108,898,899,-1,108,899,104,-1,104,899,900,-1,104,900,85,-1,889,787,785,-1,889,785,890,-1,890,785,783,-1,890,783,895,-1,895,783,781,-1,895,781,900,-1,900,781,87,-1,900,87,85,-1,114,901,902,-1,901,903,904,-1,903,905,906,-1,905,907,908,-1,905,908,906,-1,906,908,909,-1,906,909,910,-1,910,909,911,-1,910,911,912,-1,912,911,913,-1,912,913,914,-1,914,913,915,-1,914,915,916,-1,916,915,917,-1,916,917,918,-1,903,906,904,-1,904,906,910,-1,904,910,919,-1,919,910,912,-1,919,912,920,-1,920,912,914,-1,920,914,921,-1,921,914,916,-1,921,916,922,-1,922,916,918,-1,922,918,923,-1,901,904,902,-1,902,904,919,-1,902,919,924,-1,924,919,920,-1,924,920,925,-1,925,920,921,-1,925,921,926,-1,926,921,922,-1,926,922,927,-1,927,922,923,-1,927,923,928,-1,114,902,139,-1,139,902,924,-1,139,924,127,-1,127,924,925,-1,127,925,128,-1,128,925,926,-1,128,926,129,-1,129,926,927,-1,129,927,112,-1,112,927,928,-1,112,928,113,-1,917,929,930,-1,917,930,918,-1,918,930,931,-1,918,931,923,-1,923,931,932,-1,923,932,928,-1,928,932,124,-1,928,124,113,-1,124,932,933,-1,932,931,934,-1,931,930,935,-1,930,929,936,-1,930,936,935,-1,935,936,937,-1,935,937,938,-1,938,937,939,-1,938,939,940,-1,940,939,941,-1,940,941,942,-1,942,941,943,-1,942,943,944,-1,944,943,945,-1,944,945,946,-1,931,935,934,-1,934,935,938,-1,934,938,947,-1,947,938,940,-1,947,940,948,-1,948,940,942,-1,948,942,949,-1,949,942,944,-1,949,944,950,-1,950,944,946,-1,950,946,951,-1,932,934,933,-1,933,934,947,-1,933,947,952,-1,952,947,948,-1,952,948,953,-1,953,948,949,-1,953,949,954,-1,954,949,950,-1,954,950,955,-1,955,950,951,-1,955,951,956,-1,124,933,125,-1,125,933,952,-1,125,952,126,-1,126,952,953,-1,126,953,130,-1,130,953,954,-1,130,954,131,-1,131,954,955,-1,131,955,132,-1,132,955,956,-1,132,956,119,-1,945,957,958,-1,945,958,946,-1,946,958,959,-1,946,959,951,-1,951,959,960,-1,951,960,956,-1,956,960,120,-1,956,120,119,-1,120,960,961,-1,960,959,962,-1,958,957,963,-1,958,963,964,-1,964,963,965,-1,964,965,966,-1,966,965,967,-1,966,967,968,-1,968,967,969,-1,968,969,970,-1,970,969,971,-1,970,971,972,-1,971,973,974,-1,971,974,972,-1,972,974,975,-1,972,975,976,-1,976,977,972,-1,972,977,978,-1,972,978,970,-1,970,978,979,-1,970,979,968,-1,968,979,980,-1,968,980,966,-1,966,980,962,-1,966,962,964,-1,964,962,959,-1,964,959,958,-1,960,962,961,-1,961,962,980,-1,961,980,981,-1,981,980,979,-1,981,979,982,-1,982,979,978,-1,982,978,983,-1,983,978,977,-1,983,977,984,-1,976,985,977,-1,977,985,986,-1,977,986,984,-1,984,986,987,-1,984,987,988,-1,120,961,121,-1,121,961,981,-1,121,981,133,-1,133,981,982,-1,133,982,134,-1,134,982,983,-1,134,983,115,-1,115,983,984,-1,115,984,116,-1,116,984,988,-1,116,988,117,-1,989,990,973,-1,973,990,974,-1,974,990,975,-1,975,990,991,-1,975,991,976,-1,976,991,992,-1,976,992,985,-1,985,992,993,-1,985,993,986,-1,986,993,994,-1,986,994,987,-1,987,994,995,-1,987,995,988,-1,995,996,988,-1,988,996,123,-1,988,123,117,-1,994,993,997,-1,990,989,998,-1,990,998,999,-1,999,998,1000,-1,999,1000,1001,-1,1001,1000,1002,-1,1001,1002,1003,-1,1003,1002,1004,-1,1003,1004,1005,-1,1005,1004,1006,-1,1005,1006,1007,-1,1007,1006,1008,-1,1007,1008,1009,-1,993,992,999,-1,999,992,991,-1,999,991,990,-1,993,999,997,-1,997,999,1001,-1,997,1001,1010,-1,1010,1001,1003,-1,1010,1003,1011,-1,1011,1003,1005,-1,1011,1005,1012,-1,1012,1005,1007,-1,1012,1007,1013,-1,1013,1007,1009,-1,1013,1009,1014,-1,996,995,1015,-1,1015,995,994,-1,994,997,1015,-1,1015,997,1010,-1,1015,1010,1016,-1,1016,1010,1011,-1,1016,1011,1017,-1,1017,1011,1012,-1,1017,1012,1018,-1,1018,1012,1013,-1,1018,1013,1019,-1,1019,1013,1014,-1,1019,1014,1020,-1,135,123,996,-1,996,1015,135,-1,135,1015,1016,-1,135,1016,136,-1,136,1016,1017,-1,136,1017,138,-1,138,1017,1018,-1,138,1018,137,-1,137,1018,1019,-1,137,1019,122,-1,122,1019,1020,-1,122,1020,118,-1,1008,907,905,-1,1008,905,1009,-1,1009,905,903,-1,1009,903,1014,-1,1014,903,901,-1,1014,901,1020,-1,1020,901,114,-1,1020,114,118,-1,1021,1022,1023,-1,659,658,1024,-1,1024,658,1025,-1,1024,1025,1026,-1,1026,1025,1027,-1,1023,1028,1021,-1,1021,1028,1029,-1,1021,1029,1030,-1,1030,1029,1031,-1,1030,1031,1032,-1,1032,1031,1033,-1,1032,1033,1034,-1,1034,1033,1035,-1,1034,1035,1036,-1,1036,1035,1037,-1,1036,1037,1038,-1,1038,1037,1039,-1,1038,1039,1027,-1,1027,1039,1040,-1,1027,1040,1026,-1,1023,1022,1041,-1,1041,1022,1042,-1,1041,1042,1043,-1,1043,1042,1044,-1,1043,1044,1045,-1,1045,1044,1046,-1,1046,1044,1047,-1,1048,1049,1050,-1,1050,1049,234,-1,1050,234,1051,-1,1051,234,235,-1,1051,235,1052,-1,1052,235,236,-1,1052,236,1053,-1,236,237,1053,-1,1053,237,238,-1,1053,238,1054,-1,1054,238,239,-1,1054,239,1055,-1,1055,239,240,-1,1055,240,1056,-1,1056,240,241,-1,1056,241,1057,-1,1057,241,242,-1,1057,242,1047,-1,1047,242,1046,-1,1057,140,1056,-1,1056,140,142,-1,1056,142,1055,-1,1055,142,144,-1,1055,144,1054,-1,1054,144,146,-1,1054,146,1053,-1,1053,146,148,-1,1053,148,1052,-1,1052,148,150,-1,1052,150,1051,-1,1051,150,152,-1,1051,152,1050,-1,1050,152,154,-1,141,140,171,-1,171,140,170,-1,170,1058,168,-1,168,1058,1059,-1,168,1059,166,-1,166,1059,1060,-1,166,1060,164,-1,164,1060,1061,-1,164,1061,162,-1,162,1061,1062,-1,162,1062,160,-1,160,1062,1063,-1,160,1063,158,-1,158,1063,1064,-1,158,1064,156,-1,156,1064,1065,-1,1066,1067,1058,-1,1058,1067,233,-1,1058,233,1059,-1,1059,233,232,-1,1059,232,1060,-1,1060,232,231,-1,1060,231,1061,-1,755,754,225,-1,225,754,1065,-1,225,1065,226,-1,226,1065,1064,-1,226,1064,227,-1,227,1064,1063,-1,227,1063,228,-1,228,1063,1062,-1,228,1062,229,-1,229,1062,1061,-1,229,1061,230,-1,230,1061,231,-1,1067,1066,1068,-1,1068,1066,1069,-1,1070,1071,1069,-1,1069,1071,1072,-1,1069,1072,1068,-1,1071,1070,1073,-1,1073,1070,1074,-1,1075,698,699,-1,1073,1074,1076,-1,1076,1074,1077,-1,1076,1077,1078,-1,1078,1077,1079,-1,699,1080,1075,-1,1075,1080,1081,-1,1075,1081,1082,-1,1082,1081,1083,-1,1082,1083,1084,-1,1084,1083,1085,-1,1084,1085,1086,-1,1086,1085,1087,-1,1086,1087,1088,-1,1088,1087,1089,-1,1088,1089,1090,-1,1090,1089,1091,-1,1090,1091,1079,-1,1079,1091,1092,-1,1079,1092,1078,-1,588,218,1093,-1,1093,218,220,-1,1093,220,1094,-1,1094,220,222,-1,1094,222,1095,-1,1095,222,193,-1,1095,193,1096,-1,1096,193,195,-1,1096,195,1097,-1,1097,195,197,-1,1097,197,1098,-1,1098,197,199,-1,1098,199,780,-1,780,199,201,-1,703,700,672,-1,156,1065,754,-1,703,672,718,-1,156,754,780,-1,780,754,756,-1,780,756,758,-1,692,1099,690,-1,690,1099,688,-1,674,776,778,-1,780,678,680,-1,704,706,744,-1,758,760,780,-1,780,760,762,-1,780,762,764,-1,674,676,776,-1,776,676,678,-1,776,678,774,-1,774,678,772,-1,752,751,734,-1,680,682,780,-1,780,682,684,-1,780,684,1099,-1,1099,684,686,-1,1099,686,688,-1,692,694,1099,-1,1099,694,696,-1,1099,696,1100,-1,1100,696,698,-1,1100,698,1075,-1,730,728,733,-1,733,728,727,-1,733,727,748,-1,748,727,725,-1,721,704,722,-1,722,704,744,-1,722,744,725,-1,725,744,746,-1,725,746,748,-1,764,766,780,-1,780,766,768,-1,780,768,678,-1,678,768,770,-1,678,770,772,-1,778,752,674,-1,674,752,734,-1,674,734,672,-1,672,734,736,-1,672,736,718,-1,718,736,738,-1,706,708,744,-1,744,708,710,-1,744,710,742,-1,742,710,712,-1,742,712,740,-1,740,712,714,-1,740,714,738,-1,738,714,716,-1,738,716,718,-1,589,176,1101,-1,1101,176,178,-1,1101,178,1102,-1,1102,178,180,-1,1102,180,1103,-1,1103,180,182,-1,1103,182,1104,-1,1104,182,210,-1,1104,210,1105,-1,1105,210,212,-1,1105,212,1106,-1,1106,212,214,-1,1106,214,587,-1,587,214,216,-1,
        ]
    }
}
Shape{
    appearance Appearance {
        material  Material 	{
            diffuseColor 0.2235294117647059 0.2235294117647059 0.2235294117647059
            specularColor 0.11372549019607843 0.11372549019607843 0.11372549019607843
            ambientIntensity 0.2235
            transparency 0.0
            shininess 0.5
        }
    }
    geometry IndexedFaceSet {
        ccw TRUE
        solid FALSE
        coord DEF co Coordinate {
            point [
                0.393 0.0807 0.1181, 0.393 0.061 0.1181, 0.4023 0.0807 0.1192, 0.4023 0.061 0.1192, 0.4111 0.0807 0.1225, 0.4111 0.061 0.1225, 0.4189 0.0807 0.1278, 0.4189 0.061 0.1278, 0.4252 0.0807 0.1347, 0.4252 0.061 0.1347, 0.4978 0.061 0.2372, 0.4978 0.0807 0.2372, 0.5198 0.061 0.2615, 0.5198 0.0807 0.2615, 0.547 0.061 0.2799, 0.547 0.0807 0.2799, 0.5777 0.061 0.2914, 0.5777 0.0807 0.2914, 0.6102 0.061 0.2953, 0.6102 0.0807 0.2953, 0.6428 0.061 0.2914, 0.6428 0.0807 0.2914, 0.6735 0.061 0.2799, 0.6735 0.0807 0.2799, 0.7006 0.061 0.2615, 0.7006 0.0807 0.2615, 0.7226 0.061 0.2372, 0.7226 0.0807 0.2372, -0.8274 0.0807 0.1181, -0.8274 0.061 0.1181, -0.8181 0.0807 0.1192, -0.8181 0.061 0.1192, -0.8094 0.0807 0.1225, -0.8094 0.061 0.1225, -0.8016 0.0807 0.1278, -0.8016 0.061 0.1278, -0.7953 0.0807 0.1347, -0.7953 0.061 0.1347, -0.7226 0.061 0.2372, -0.7226 0.0807 0.2372, -0.7006 0.061 0.2615, -0.7006 0.0807 0.2615, -0.6735 0.061 0.2799, -0.6735 0.0807 0.2799, -0.6428 0.061 0.2914, -0.6428 0.0807 0.2914, -0.6102 0.061 0.2953, -0.6102 0.0807 0.2953, -0.5777 0.061 0.2914, -0.5777 0.0807 0.2914, -0.547 0.061 0.2799, -0.547 0.0807 0.2799, -0.5198 0.061 0.2615, -0.5198 0.0807 0.2615, -0.4978 0.061 0.2372, -0.4978 0.0807 0.2372
            ]
        }
        coordIndex [
            0,1,2,-1,2,1,3,-1,2,3,4,-1,4,3,5,-1,4,5,6,-1,6,5,7,-1,6,7,8,-1,8,7,9,-1,9,10,8,-1,8,10,11,-1,11,10,12,-1,11,12,13,-1,13,12,14,-1,13,14,15,-1,15,14,16,-1,15,16,17,-1,17,16,18,-1,17,18,19,-1,19,18,20,-1,19,20,21,-1,21,20,22,-1,21,22,23,-1,23,22,24,-1,23,24,25,-1,25,24,26,-1,25,26,27,-1,28,29,30,-1,30,29,31,-1,30,31,32,-1,32,31,33,-1,32,33,34,-1,34,33,35,-1,34,35,36,-1,36,35,37,-1,37,38,36,-1,36,38,39,-1,39,38,40,-1,39,40,41,-1,41,40,42,-1,41,42,43,-1,43,42,44,-1,43,44,45,-1,45,44,46,-1,45,46,47,-1,47,46,48,-1,47,48,49,-1,49,48,50,-1,49,50,51,-1,51,50,52,-1,51,52,53,-1,53,52,54,-1,53,54,55,-1,
        ]
    }
}
Shape{
    appearance Appearance {
        material  Material 	{
            diffuseColor 0.6666666666666666 0.6980392156862745 0.7686274509803922
            specularColor 0.3333333333333333 0.34901960784313724 0.3843137254901961
            ambientIntensity 0.6967
            transparency 0.0
            shininess 0.5
        }
    }
    geometry IndexedFaceSet {
        ccw TRUE
        solid FALSE
        coord DEF co Coordinate {
            point [
                1.252 0.0807 0.1181, 0.8274 0.0807 0.1181, 0.8274 0.061 0.1181, 1.0551 -0.4114 0.1181, 1.252 -0.4114 0.1181, -0.8274 0.0807 0.1181, -1.252 0.0807 0.1181, -0.8274 0.061 0.1181, -1.252 -0.4114 0.1181, -1.0551 -0.4114 0.1181, 0.393 0.0807 0.1181, -0.393 0.0807 0.1181, 0.393 0.061 0.1181, -0.393 0.061 0.1181, -0.5709 -0.4902 0.1181, -0.4528 -0.4902 0.1181, -0.4426 -0.4915 0.1181, -0.4331 -0.4954 0.1181, -0.6089 -0.5193 0.1181, -0.605 -0.5098 0.1181, -0.5987 -0.5017 0.1181, -0.5906 -0.4954 0.1181, -0.5811 -0.4915 0.1181, 1.252 -1.6909 0.1181, -0.937 -1.1201 0.1181, -1.252 -1.6909 0.1181, -1.0551 -1.2382 0.1181, -1.252 -1.2382 0.1181, 0.937 -1.1201 0.1181, 1.0551 -1.2382 0.1181, 1.252 -1.2382 0.1181, -0.5987 -0.7936 0.1181, -0.937 -0.5295 0.1181, -0.605 -0.7854 0.1181, -0.6089 -0.7759 0.1181, -0.4331 -0.7998 0.1181, -0.4426 -0.8038 0.1181, -0.5709 -0.8051 0.1181, -0.5811 -0.8038 0.1181, -0.5906 -0.7998 0.1181, -0.6102 -0.5295 0.1181, -0.6102 -0.7657 0.1181, 0.4426 -0.4915 0.1181, 0.4528 -0.4902 0.1181, 0.5709 -0.4902 0.1181, 0.5811 -0.4915 0.1181, 0.5906 -0.4954 0.1181, 0.937 -0.5295 0.1181, 0.6102 -0.7657 0.1181, 0.6089 -0.7759 0.1181, 0.605 -0.7854 0.1181, 0.5987 -0.7936 0.1181, -0.4528 -0.8051 0.1181, 0.4249 -0.7936 0.1181, 0.4187 -0.7854 0.1181, 0.4147 -0.7759 0.1181, -0.4249 -0.7936 0.1181, -0.4187 -0.7854 0.1181, -0.4249 -0.5017 0.1181, -0.4187 -0.5098 0.1181, -0.4147 -0.5193 0.1181, -0.4134 -0.5295 0.1181, 0.4331 -0.4954 0.1181, 0.5987 -0.5017 0.1181, 0.605 -0.5098 0.1181, 0.6089 -0.5193 0.1181, 0.6102 -0.5295 0.1181, 0.5906 -0.7998 0.1181, 0.5811 -0.8038 0.1181, 0.5709 -0.8051 0.1181, 0.4134 -0.5295 0.1181, 0.4147 -0.5193 0.1181, 0.4187 -0.5098 0.1181, 0.4249 -0.5017 0.1181, 0.4528 -0.8051 0.1181, 0.4426 -0.8038 0.1181, 0.4331 -0.7998 0.1181, 0.4134 -0.7657 0.1181, -0.4134 -0.7657 0.1181, -0.4147 -0.7759 0.1181
            ]
        }
        coordIndex [
            0,1,2,-1,3,4,0,-1,5,6,7,-1,7,6,8,-1,7,8,9,-1,10,11,12,-1,12,11,13,-1,14,15,12,-1,12,15,16,-1,12,16,17,-1,13,18,19,-1,19,20,13,-1,13,20,21,-1,13,21,12,-1,12,21,22,-1,12,22,14,-1,23,24,25,-1,25,24,26,-1,25,26,27,-1,28,24,29,-1,29,24,23,-1,29,23,30,-1,24,31,32,-1,32,31,33,-1,32,33,34,-1,28,35,36,-1,37,38,24,-1,24,38,39,-1,24,39,31,-1,13,7,18,-1,18,7,9,-1,18,9,40,-1,40,9,32,-1,40,32,41,-1,41,32,34,-1,0,42,43,-1,43,44,0,-1,0,44,45,-1,0,45,46,-1,28,47,48,-1,48,49,28,-1,28,49,50,-1,28,50,51,-1,28,36,24,-1,24,36,52,-1,24,52,37,-1,53,54,35,-1,35,54,55,-1,35,55,56,-1,56,55,57,-1,17,58,12,-1,12,58,59,-1,12,59,2,-1,2,59,60,-1,2,60,0,-1,0,60,61,-1,0,61,42,-1,42,61,62,-1,46,63,0,-1,0,63,64,-1,0,64,3,-1,3,64,65,-1,3,65,47,-1,47,65,66,-1,47,66,48,-1,51,67,28,-1,28,67,68,-1,28,68,69,-1,70,71,61,-1,71,72,61,-1,61,72,73,-1,61,73,62,-1,69,74,28,-1,28,74,75,-1,28,75,35,-1,35,75,76,-1,35,76,53,-1,70,61,77,-1,77,61,78,-1,77,78,55,-1,55,78,79,-1,55,79,57,-1,
        ]
    }
}
Shape{
    appearance Appearance {
        material  Material 	{
            diffuseColor 0.2235294117647059 0.2235294117647059 0.2235294117647059
            specularColor 0.11372549019607843 0.11372549019607843 0.11372549019607843
            ambientIntensity 0.2235
            transparency 0.0
            shininess 0.5
        }
    }
    geometry IndexedFaceSet {
        ccw TRUE
        solid FALSE
        coord DEF co Coordinate {
            point [
                -0.8274 0.061 0.1181, -0.393 0.061 0.1181, -0.8181 0.061 0.1192, -0.8094 0.061 0.1225, -0.8016 0.061 0.1278, -0.4023 0.061 0.1192, -0.4111 0.061 0.1225, -0.4189 0.061 0.1278, -0.4252 0.061 0.1347, -0.7953 0.061 0.1347, -0.4978 0.061 0.2372, -0.7226 0.061 0.2372, -0.7006 0.061 0.2615, -0.6102 0.061 0.2953, -0.6428 0.061 0.2914, -0.5777 0.061 0.2914, -0.547 0.061 0.2799, -0.5198 0.061 0.2615, -0.6735 0.061 0.2799, -0.4978 0.0807 0.2372, -0.4252 0.0807 0.1347, -0.4189 0.0807 0.1278, -0.4111 0.0807 0.1225, -0.4023 0.0807 0.1192, -0.393 0.0807 0.1181, 0.393 0.061 0.1181, 0.8274 0.061 0.1181, 0.8181 0.061 0.1192, 0.8016 0.061 0.1278, 0.4189 0.061 0.1278, 0.4111 0.061 0.1225, 0.8094 0.061 0.1225, 0.4023 0.061 0.1192, 0.5198 0.061 0.2615, 0.4978 0.061 0.2372, 0.7006 0.061 0.2615, 0.4252 0.061 0.1347, 0.7953 0.061 0.1347, 0.7226 0.061 0.2372, 0.6428 0.061 0.2914, 0.6102 0.061 0.2953, 0.5777 0.061 0.2914, 0.6735 0.061 0.2799, 0.547 0.061 0.2799, 0.7226 0.0807 0.2372, 0.7953 0.0807 0.1347, 0.8016 0.0807 0.1278, 0.8094 0.0807 0.1225, 0.8181 0.0807 0.1192, 0.8274 0.0807 0.1181
            ]
        }
        coordIndex [
            0,1,2,-1,2,1,3,-1,3,1,4,-1,4,1,5,-1,4,5,6,-1,6,7,4,-1,4,7,8,-1,4,8,9,-1,9,8,10,-1,9,10,11,-1,11,10,12,-1,13,14,15,-1,15,14,16,-1,10,17,12,-1,12,17,16,-1,12,16,18,-1,18,16,14,-1,10,8,19,-1,19,8,20,-1,20,8,21,-1,21,8,7,-1,21,7,22,-1,22,7,6,-1,22,6,23,-1,23,6,5,-1,23,5,24,-1,24,5,1,-1,25,26,27,-1,28,29,30,-1,27,31,25,-1,25,31,28,-1,25,28,32,-1,32,28,30,-1,33,34,35,-1,29,28,36,-1,36,28,37,-1,36,37,34,-1,34,37,38,-1,34,38,35,-1,39,40,41,-1,35,42,33,-1,33,42,39,-1,33,39,43,-1,43,39,41,-1,38,37,44,-1,44,37,45,-1,45,37,46,-1,46,37,28,-1,46,28,47,-1,47,28,31,-1,47,31,48,-1,48,31,27,-1,48,27,49,-1,49,27,26,-1,
        ]
    }
}
Shape{
    appearance Appearance {
        material  Material 	{
            diffuseColor 0.6666666666666666 0.6980392156862745 0.7686274509803922
            specularColor 0.3333333333333333 0.34901960784313724 0.3843137254901961
            ambientIntensity 0.6967
            transparency 0.0
            shininess 0.5
        }
    }
    geometry IndexedFaceSet {
        ccw TRUE
        solid FALSE
        coord DEF co Coordinate {
            point [
                1.6417 -0.4134 0.5665, 1.6417 0.0807 0.7362, 1.6417 -0.4114 0.5512, 1.6417 0.0807 0.5079, 1.6417 -0.4114 0.5079, 1.6417 -0.4193 0.5807, 1.6417 -0.4287 0.5929, 1.6417 -0.4409 0.6023, 1.6417 -1.6909 0.7362, 1.6417 -1.2087 0.6023, 1.6417 -1.2209 0.5929, 1.6417 -0.4858 0.6082, 1.6417 -0.5 0.6023, 1.6417 -1.128 0.5807, 1.6417 -0.5122 0.5929, 1.6417 -1.2303 0.5807, 1.6417 -1.2362 0.5665, 1.6417 -1.6909 0.5079, 1.6417 -1.2382 0.5512, 1.6417 -1.2382 0.5079, 1.6417 -0.4552 0.6082, 1.6417 -0.4705 0.6102, 1.6417 -0.5216 0.5807, 1.6417 -0.5275 0.5665, 1.6417 -1.1221 0.5665, 1.6417 -0.5295 0.5512, 1.6417 -1.1374 0.5929, 1.6417 -1.1496 0.6023, 1.6417 -1.1638 0.6082, 1.6417 -1.1791 0.6102, 1.6417 -1.1944 0.6082, 1.6417 -0.5877 -0.006, 1.6417 -1.1201 0.5512, 1.6417 -0.5731 0.0066, 1.6417 -0.5295 0.0354, 1.6417 -1.1201 -0.2362, 1.6417 -1.1201 -0.1535, 1.6417 -1.002 -0.3543, 1.6417 -1.0766 -0.1247, 1.6417 -0.6476 -0.3543, 1.6417 -0.5295 -0.1535, 1.6417 -0.5295 -0.2362, 1.6417 -0.5731 -0.1247, 1.6417 -0.5877 -0.1121, 1.6417 -1.0437 -0.0399, 1.6417 -1.0507 -0.0218, 1.6417 -1.0619 -0.006, 1.6417 -1.0766 0.0066, 1.6417 -1.1201 0.0354, 1.6417 -1.0619 -0.1121, 1.6417 -1.0507 -0.0963, 1.6417 -1.0437 -0.0783, 1.6417 -0.5989 -0.0963, 1.6417 -0.5989 -0.0218, 1.6417 -0.6059 -0.0399, 1.6417 -1.0413 -0.0591, 1.6417 -0.6083 -0.0591, 1.6417 -0.6059 -0.0783, 1.252 0.0807 0.1181, 1.252 -0.4114 0.1181, 1.3387 0.0807 0.1279, 1.3387 -0.4114 0.1279, 1.4211 0.0807 0.1567, 1.4211 -0.4114 0.1567, 1.495 0.0807 0.2031, 1.495 -0.4114 0.2031, 1.5567 0.0807 0.2649, 1.5567 -0.4114 0.2649, 1.6031 0.0807 0.3388, 1.6031 -0.4114 0.3388, 1.632 0.0807 0.4211, 1.632 -0.4114 0.4211
            ]
        }
        coordIndex [
            0,1,2,-1,2,1,3,-1,2,3,4,-1,0,5,1,-1,1,5,6,-1,1,6,7,-1,8,9,10,-1,11,12,13,-1,13,12,14,-1,10,15,8,-1,8,15,16,-1,8,16,17,-1,17,16,18,-1,17,18,19,-1,7,20,1,-1,1,20,21,-1,1,21,11,-1,14,22,13,-1,13,22,23,-1,13,23,24,-1,24,23,25,-1,11,13,1,-1,1,13,26,-1,1,26,27,-1,27,28,1,-1,1,28,29,-1,1,29,8,-1,8,29,30,-1,8,30,9,-1,31,32,33,-1,33,32,24,-1,33,24,34,-1,34,24,25,-1,35,36,37,-1,37,36,38,-1,37,38,39,-1,40,41,42,-1,42,41,39,-1,42,39,43,-1,44,45,31,-1,31,45,46,-1,31,46,32,-1,32,46,47,-1,32,47,48,-1,38,49,39,-1,39,49,50,-1,39,50,43,-1,43,50,51,-1,43,51,52,-1,31,53,44,-1,44,53,54,-1,44,54,55,-1,55,54,56,-1,55,56,51,-1,51,56,57,-1,51,57,52,-1,58,59,60,-1,60,59,61,-1,60,61,62,-1,62,61,63,-1,62,63,64,-1,64,63,65,-1,64,65,66,-1,66,65,67,-1,66,67,68,-1,68,67,69,-1,68,69,70,-1,70,69,71,-1,70,71,3,-1,3,71,4,-1,
        ]
    }
}
Shape{
    appearance Appearance {
        material  Material 	{
            diffuseColor 0.2235294117647059 0.2235294117647059 0.2235294117647059
            specularColor 0.11372549019607843 0.11372549019607843 0.11372549019607843
            ambientIntensity 0.2235
            transparency 0.0
            shininess 0.5
        }
    }
    geometry IndexedFaceSet {
        ccw TRUE
        solid FALSE
        coord DEF co Coordinate {
            point [
                0.9259 0.0807 1.126, 0.9259 0.061 1.126, 0.9157 0.0807 1.1247, 0.9157 0.061 1.1247, 0.9063 0.0807 1.1208, 0.9063 0.061 1.1208, 0.8982 0.0807 1.1146, 0.8982 0.061 1.1146, 0.8919 0.0807 1.1065, 0.8919 0.061 1.1065, 0.8181 0.0807 1.0029, 0.8181 0.061 1.0029, 0.7958 0.061 0.9799, 0.7958 0.0807 0.9799, 0.7689 0.061 0.9627, 0.7689 0.0807 0.9627, 0.7387 0.061 0.9521, 0.7387 0.0807 0.9521, 0.7069 0.061 0.9488, 0.7069 0.0807 0.9488, 0.6752 0.061 0.9529, 0.6752 0.0807 0.9529, 0.6453 0.061 0.9643, 0.6453 0.0807 0.9643, 0.6188 0.061 0.9821, 0.6188 0.0807 0.9821, 0.5972 0.061 1.0057, 0.5972 0.0807 1.0057, 0.4941 0.061 1.126, 0.5039 0.061 1.1244, 0.5129 0.061 1.1205, 0.5207 0.061 1.1144, 0.5267 0.061 1.1066, 0.5267 0.0807 1.1066, -0.4941 0.0807 1.126, -0.4941 0.061 1.126, -0.5039 0.0807 1.1244, -0.5039 0.061 1.1244, -0.5129 0.0807 1.1205, -0.5129 0.061 1.1205, -0.5207 0.0807 1.1144, -0.5207 0.061 1.1144, -0.5267 0.0807 1.1066, -0.5267 0.061 1.1066, -0.5972 0.0807 1.0057, -0.5972 0.061 1.0057, -0.6188 0.061 0.9821, -0.6188 0.0807 0.9821, -0.6453 0.061 0.9643, -0.6453 0.0807 0.9643, -0.6752 0.061 0.9529, -0.6752 0.0807 0.9529, -0.7069 0.061 0.9488, -0.7069 0.0807 0.9488, -0.7387 0.061 0.9521, -0.7387 0.0807 0.9521, -0.7689 0.061 0.9627, -0.7689 0.0807 0.9627, -0.7958 0.061 0.9799, -0.7958 0.0807 0.9799, -0.8181 0.061 1.0029, -0.8181 0.0807 1.0029, -0.9259 0.061 1.126, -0.9157 0.061 1.1247, -0.9063 0.061 1.1208, -0.8982 0.061 1.1146, -0.8919 0.061 1.1065, -0.8919 0.0807 1.1065, -0.8982 0.0807 1.1146, -0.9063 0.0807 1.1208, -0.9157 0.0807 1.1247, -0.9259 0.0807 1.126, 0.5207 0.0807 1.1144, 0.5129 0.0807 1.1205, 0.5039 0.0807 1.1244, 0.4941 0.0807 1.126, 1.6417 0.0807 0.7362, 1.6417 -1.6909 0.7362, 1.632 0.0807 0.823, 1.632 -1.6909 0.823, 1.6031 0.0807 0.9053, 1.6031 -1.6909 0.9053, 1.5567 0.0807 0.9792, 1.5567 -1.6909 0.9792, 1.495 0.0807 1.041, 1.495 -1.6909 1.041, 1.4211 0.0807 1.0874, 1.4211 -1.6909 1.0874, 1.3387 0.0807 1.1162, 1.3387 -1.6909 1.1162, 1.252 0.0807 1.126, 1.252 -1.6909 1.126
            ]
        }
        coordIndex [
            0,1,2,-1,2,1,3,-1,2,3,4,-1,4,3,5,-1,4,5,6,-1,6,5,7,-1,6,7,8,-1,8,7,9,-1,8,9,10,-1,10,9,11,-1,10,11,12,-1,10,12,13,-1,13,12,14,-1,13,14,15,-1,15,14,16,-1,15,16,17,-1,17,16,18,-1,17,18,19,-1,19,18,20,-1,19,20,21,-1,21,20,22,-1,21,22,23,-1,23,22,24,-1,23,24,25,-1,25,24,26,-1,25,26,27,-1,3,1,28,-1,29,30,7,-1,29,7,28,-1,28,7,5,-1,28,5,3,-1,30,31,7,-1,7,31,32,-1,7,32,9,-1,9,32,26,-1,9,26,11,-1,11,26,24,-1,11,24,12,-1,18,24,20,-1,20,24,22,-1,18,16,24,-1,24,16,14,-1,24,14,12,-1,27,26,33,-1,33,26,32,-1,34,35,36,-1,36,35,37,-1,36,37,38,-1,38,37,39,-1,38,39,40,-1,40,39,41,-1,40,41,42,-1,42,41,43,-1,42,43,44,-1,44,43,45,-1,44,45,46,-1,44,46,47,-1,47,46,48,-1,47,48,49,-1,49,48,50,-1,49,50,51,-1,51,50,52,-1,51,52,53,-1,53,52,54,-1,53,54,55,-1,55,54,56,-1,55,56,57,-1,57,56,58,-1,57,58,59,-1,59,58,60,-1,59,60,61,-1,35,62,63,-1,63,64,35,-1,35,64,65,-1,35,65,37,-1,37,65,39,-1,60,45,66,-1,66,45,43,-1,66,43,65,-1,65,43,41,-1,65,41,39,-1,50,48,60,-1,60,48,46,-1,60,46,45,-1,60,58,50,-1,50,58,56,-1,50,56,52,-1,52,56,54,-1,61,60,67,-1,67,60,66,-1,67,66,68,-1,68,66,65,-1,68,65,69,-1,69,65,64,-1,69,64,70,-1,70,64,63,-1,70,63,71,-1,71,63,62,-1,33,32,72,-1,72,32,31,-1,72,31,73,-1,73,31,30,-1,73,30,74,-1,74,30,29,-1,74,29,75,-1,75,29,28,-1,76,77,78,-1,78,77,79,-1,78,79,80,-1,80,79,81,-1,80,81,82,-1,82,81,83,-1,82,83,84,-1,84,83,85,-1,84,85,86,-1,86,85,87,-1,86,87,88,-1,88,87,89,-1,88,89,90,-1,90,89,91,-1,
        ]
    }
}
Shape{
    appearance Appearance {
        material  Material 	{
            diffuseColor 0.6666666666666666 0.6980392156862745 0.7686274509803922
            specularColor 0.3333333333333333 0.34901960784313724 0.3843137254901961
            ambientIntensity 0.6967
            transparency 0.0
            shininess 0.5
        }
    }
    geometry IndexedFaceSet {
        ccw TRUE
        solid FALSE
        coord DEF co Coordinate {
            point [
                -1.252 -0.4114 0.1181, -1.252 0.0807 0.1181, -1.3387 -0.4114 0.1279, -1.3387 0.0807 0.1279, -1.4211 -0.4114 0.1567, -1.4211 0.0807 0.1567, -1.495 -0.4114 0.2031, -1.495 0.0807 0.2031, -1.5567 -0.4114 0.2649, -1.5567 0.0807 0.2649, -1.6031 -0.4114 0.3388, -1.6031 0.0807 0.3388, -1.632 -0.4114 0.4211, -1.632 0.0807 0.4211, -1.6417 -0.4114 0.5079, -1.6417 0.0807 0.5079, -1.6417 -1.6909 0.7362, -1.6417 0.0807 0.7362, -1.632 -1.6909 0.823, -1.632 0.0807 0.823, -1.6031 -1.6909 0.9053, -1.6031 0.0807 0.9053, -1.5567 -1.6909 0.9792, -1.5567 0.0807 0.9792, -1.495 -1.6909 1.041, -1.495 0.0807 1.041, -1.4211 -1.6909 1.0874, -1.4211 0.0807 1.0874, -1.3387 -1.6909 1.1162, -1.3387 0.0807 1.1162, -1.252 -1.6909 1.126, -1.252 0.0807 1.126, 1.6417 0.4786 -0.1247, 1.7598 0.4786 -0.1247, 1.6417 0.4933 -0.1121, 1.7598 0.4933 -0.1121, 1.6417 0.5044 -0.0963, 1.7598 0.5044 -0.0963, 1.6417 0.5114 -0.0783, 1.7598 0.5114 -0.0783, 1.6417 0.5138 -0.0591, 1.7598 0.5138 -0.0591, 1.6417 0.5114 -0.0399, 1.7598 0.5114 -0.0399, 1.6417 0.5044 -0.0218, 1.7598 0.5044 -0.0218, 1.6417 0.4933 -0.006, 1.7598 0.4933 -0.006, 1.6417 0.4786 0.0066, 1.7598 0.4786 0.0066, 1.6417 0.435 -0.1535, 1.7598 0.435 -0.1535, 1.7598 0.435 -0.2362, 1.6417 0.435 -0.2362, 1.7598 0.5532 -0.3543, 1.6417 0.5532 -0.3543, 1.6417 0.8091 -0.3543, 1.7598 0.8091 -0.3543, 1.6417 0.9272 -0.2362, 1.7598 0.9272 -0.2362, 1.7598 0.9272 -0.1535, 1.6417 0.9272 -0.1535, 1.6417 0.8836 -0.1247, 1.7598 0.8836 -0.1247, 1.6417 0.8836 0.0066, 1.7598 0.8836 0.0066, 1.6417 0.869 -0.006, 1.7598 0.869 -0.006, 1.6417 0.8578 -0.0218, 1.7598 0.8578 -0.0218, 1.6417 0.8508 -0.0399, 1.7598 0.8508 -0.0399, 1.6417 0.8484 -0.0591, 1.7598 0.8484 -0.0591, 1.6417 0.8508 -0.0783, 1.7598 0.8508 -0.0783, 1.6417 0.8578 -0.0963, 1.7598 0.8578 -0.0963, 1.6417 0.869 -0.1121, 1.7598 0.869 -0.1121, 1.6417 0.9272 0.0354, 1.7598 0.9272 0.0354, 1.7598 0.9272 0.097, 1.6417 0.9272 0.097, -1.7598 0.9272 0.097, -1.6417 0.9272 0.097, -1.7598 0.9272 0.0354, -1.6417 0.9272 0.0354, -1.7598 0.8836 0.0066, -1.6417 0.8836 0.0066, -1.6417 0.8836 -0.1247, -1.7598 0.8836 -0.1247, -1.6417 0.869 -0.1121, -1.7598 0.869 -0.1121, -1.6417 0.8578 -0.0963, -1.7598 0.8578 -0.0963, -1.6417 0.8508 -0.0783, -1.7598 0.8508 -0.0783, -1.6417 0.8484 -0.0591, -1.7598 0.8484 -0.0591, -1.6417 0.8508 -0.0399, -1.7598 0.8508 -0.0399, -1.6417 0.8578 -0.0218, -1.7598 0.8578 -0.0218, -1.6417 0.869 -0.006, -1.7598 0.869 -0.006, -1.7598 0.9272 -0.1535, -1.6417 0.9272 -0.1535, -1.6417 0.9272 -0.2362, -1.7598 0.9272 -0.2362, -1.7598 0.8091 -0.3543, -1.6417 0.8091 -0.3543, -1.7598 0.5532 -0.3543, -1.6417 0.5532 -0.3543, -1.6417 0.435 -0.2362, -1.7598 0.435 -0.2362, -1.6417 0.435 -0.1535, -1.7598 0.435 -0.1535
            ]
        }
        coordIndex [
            0,1,2,-1,2,1,3,-1,2,3,4,-1,4,3,5,-1,4,5,6,-1,6,5,7,-1,6,7,8,-1,8,7,9,-1,8,9,10,-1,10,9,11,-1,10,11,12,-1,12,11,13,-1,12,13,14,-1,14,13,15,-1,16,17,18,-1,18,17,19,-1,18,19,20,-1,20,19,21,-1,20,21,22,-1,22,21,23,-1,22,23,24,-1,24,23,25,-1,24,25,26,-1,26,25,27,-1,26,27,28,-1,28,27,29,-1,28,29,30,-1,30,29,31,-1,32,33,34,-1,34,33,35,-1,34,35,36,-1,36,35,37,-1,36,37,38,-1,38,37,39,-1,38,39,40,-1,40,39,41,-1,40,41,42,-1,42,41,43,-1,42,43,44,-1,44,43,45,-1,44,45,46,-1,46,45,47,-1,46,47,48,-1,48,47,49,-1,32,50,33,-1,33,50,51,-1,52,51,53,-1,53,51,50,-1,54,52,55,-1,55,52,53,-1,56,57,55,-1,55,57,54,-1,56,58,57,-1,57,58,59,-1,59,58,60,-1,60,58,61,-1,61,62,60,-1,60,62,63,-1,64,65,66,-1,66,65,67,-1,66,67,68,-1,68,67,69,-1,68,69,70,-1,70,69,71,-1,70,71,72,-1,72,71,73,-1,72,73,74,-1,74,73,75,-1,74,75,76,-1,76,75,77,-1,76,77,78,-1,78,77,79,-1,78,79,62,-1,62,79,63,-1,64,80,65,-1,65,80,81,-1,81,80,82,-1,82,80,83,-1,84,85,86,-1,86,85,87,-1,86,87,88,-1,88,87,89,-1,90,91,92,-1,92,91,93,-1,92,93,94,-1,94,93,95,-1,94,95,96,-1,96,95,97,-1,96,97,98,-1,98,97,99,-1,98,99,100,-1,100,99,101,-1,100,101,102,-1,102,101,103,-1,102,103,104,-1,104,103,105,-1,104,105,89,-1,89,105,88,-1,91,90,106,-1,106,90,107,-1,107,108,106,-1,106,108,109,-1,110,109,111,-1,111,109,108,-1,110,111,112,-1,112,111,113,-1,113,114,112,-1,112,114,115,-1,116,117,114,-1,114,117,115,-1,
        ]
    }
}
Shape{
    appearance Appearance {
        material  Material 	{
            diffuseColor 0.2235294117647059 0.2235294117647059 0.2235294117647059
            specularColor 0.11372549019607843 0.11372549019607843 0.11372549019607843
            ambientIntensity 0.2235
            transparency 0.0
            shininess 0.5
        }
    }
    geometry IndexedFaceSet {
        ccw TRUE
        solid FALSE
        coord DEF co Coordinate {
            point [
                -1.7598 0.435 -0.1535, -1.6417 0.435 -0.1535, -1.7598 0.4786 -0.1247, -1.6417 0.4786 -0.1247
            ]
        }
        coordIndex [
            0,1,2,-1,2,1,3,-1,
        ]
    }
}
Shape{
    appearance Appearance {
        material  Material 	{
            diffuseColor 0.6666666666666666 0.6980392156862745 0.7686274509803922
            specularColor 0.3333333333333333 0.34901960784313724 0.3843137254901961
            ambientIntensity 0.6967
            transparency 0.0
            shininess 0.5
        }
    }
    geometry IndexedFaceSet {
        ccw TRUE
        solid FALSE
        coord DEF co Coordinate {
            point [
                -1.6417 0.4786 0.0066, -1.7598 0.4786 0.0066, -1.6417 0.4933 -0.006, -1.7598 0.4933 -0.006, -1.6417 0.5044 -0.0218, -1.7598 0.5044 -0.0218, -1.6417 0.5114 -0.0399, -1.7598 0.5114 -0.0399, -1.6417 0.5138 -0.0591, -1.7598 0.5138 -0.0591, -1.6417 0.5114 -0.0783, -1.7598 0.5114 -0.0783, -1.6417 0.5044 -0.0963, -1.7598 0.5044 -0.0963, -1.6417 0.4933 -0.1121, -1.7598 0.4933 -0.1121, -1.6417 0.4786 -0.1247, -1.7598 0.4786 -0.1247, -0.5571 0.5335 1.2318, -0.5571 0.8091 1.2318, -0.7556 0.5335 1.1535, -0.7556 0.8091 1.1535, 0.7556 0.8091 1.1535, 0.5571 0.8091 1.2318, 0.7556 0.5335 1.1535, 0.5571 0.5335 1.2318, 1.0186 0.2728 0.0906, 1.0186 0.2728 0.0, 0.8515 0.4398 0.0906, 0.8515 0.4398 0.0, 0.8271 0.4586 0.0, 0.8271 0.4586 0.0906, 0.7986 0.4704 0.0, 0.7986 0.4704 0.0906, 0.768 0.4744 0.0, 0.768 0.4744 0.0906, 1.1021 0.2382 0.0906, 1.1021 0.2382 0.0, 1.0715 0.2422 0.0906, 1.0715 0.2422 0.0, 1.043 0.254 0.0906, 1.043 0.254 0.0, 1.6417 0.435 0.0354, 1.6417 0.4786 0.0066, 1.7598 0.435 0.0354, 1.7598 0.4786 0.0066, 1.6614 0.435 0.5669, 1.7598 0.435 0.5669, 1.6614 0.433 0.5822, 1.7598 0.433 0.5822, 1.6614 0.4271 0.5965, 1.7598 0.4271 0.5965, 1.6614 0.4177 0.6087, 1.7598 0.4177 0.6087, 1.6614 0.4055 0.6181, 1.7598 0.4055 0.6181, 1.6614 0.3913 0.624, 1.7598 0.3913 0.624, 1.6614 0.376 0.626, 1.7598 0.376 0.626, -0.768 0.4744 0.0, -0.768 0.4744 0.0906, -0.0782 0.4744 0.0, -0.7986 0.4704 0.0, -0.7986 0.4704 0.0906, -0.8271 0.4586 0.0, -0.8271 0.4586 0.0906, -0.8515 0.4398 0.0, -0.8515 0.4398 0.0906, -1.0186 0.2728 0.0906, -1.0186 0.2728 0.0, -1.0365 0.2581 0.0906, -1.0365 0.2581 0.0, -1.0569 0.2472 0.0906, -1.0569 0.2472 0.0, -1.079 0.2405 0.0906, -1.079 0.2405 0.0, -1.1021 0.2382 0.0906, -1.1021 0.2382 0.0, -1.6614 0.2776 0.5079, -1.7598 0.2776 0.5079, -1.6614 0.2853 0.5156, -1.7598 0.2853 0.5156, -1.7598 0.2752 0.5055, -1.6614 0.2728 0.504, -1.7598 0.2728 0.5031, -1.6614 0.2579 0.489, -1.6611 0.2579 0.489, -1.6611 0.2571 0.4879, -1.7592 0.2572 0.483, -1.7598 0.2717 0.5016, -1.6614 0.265 0.4968, -1.6614 0.2716 0.5029, -1.6559 0.2382 0.4366, -1.7521 0.2382 0.4196, -1.656 0.2383 0.4372, -1.7541 0.2392 0.4319, -1.6573 0.2397 0.4464, -1.7548 0.2396 0.4362, -1.6589 0.2416 0.4582, -1.7564 0.2431 0.4504, -1.6592 0.2431 0.4619, -1.7565 0.2432 0.451, -1.7576 0.2456 0.4607, -1.6604 0.2488 0.4752, -1.7581 0.2489 0.4674, -1.6606 0.2497 0.4774, -1.6608 0.2526 0.4815, -1.7591 0.2554 0.4806, -1.7587 0.2527 0.4752, -1.7363 -0.4114 0.3552, -1.6983 0.2382 0.2655, -1.6983 -0.4114 0.2655, -1.6439 0.2382 0.1848, -1.6439 -0.4114 0.1848, -1.575 0.2382 0.116, -1.575 -0.4114 0.116, -1.4943 0.2382 0.0615, -1.4943 -0.4114 0.0615, -1.4047 0.2382 0.0235, -1.4047 -0.4114 0.0235, -1.3095 0.2382 0.0033, -1.3095 -0.4114 0.0033, -1.252 0.2382 0.0, -1.252 -0.4114 0.0, -1.7566 -0.4114 0.4504, -1.7363 0.2382 0.3552, -1.7598 -0.4114 0.5079, -1.248 0.2382 0.0906, -1.3037 0.2382 0.0943, -1.3888 0.2382 0.1152, -1.4675 0.2382 0.1536, -1.5364 0.2382 0.2077, -1.5923 0.2382 0.2751, -1.6328 0.2382 0.3528, -1.7598 0.3003 0.5339, -1.6614 0.3003 0.5339, -1.7598 0.3113 0.5549, -1.6614 0.3113 0.5549, -1.7598 0.3179 0.5777, -1.6614 0.3179 0.5777, -1.7598 0.435 0.0354, -1.6417 0.435 0.0354, 1.252 0.8091 1.2441, 1.252 -1.7894 1.2441, 1.351 -1.7894 1.2343, 1.351 0.8091 1.2343, 1.4463 -1.7894 1.2054, 1.4463 0.8091 1.2054, 1.5341 -1.7894 1.1585, 1.5341 0.8091 1.1585, 1.6111 -1.7894 1.0953, 1.6111 0.8091 1.0953, 1.6743 -1.7894 1.0184, 1.6743 0.8091 1.0184, 1.7212 -1.7894 0.9306, 1.7212 0.8091 0.9306, 1.7501 -1.7894 0.8353, 1.7501 0.8091 0.8353, 1.7598 -1.7894 0.7362, 1.7598 0.8091 0.7362, 0.4921 0.5335 1.1535, 0.5252 0.5335 1.241, 0.4921 0.5335 1.2441, 0.4921 0.8091 1.2441, 0.5252 0.8091 1.241, -0.4921 0.5335 1.2441, -0.5252 0.5335 1.241, -0.4921 0.5335 1.1535, -1.0925 0.75 1.1535, -1.0925 0.75 1.2441, -1.0925 0.5335 1.1535, -1.0925 0.4744 1.2441, -1.0925 0.4744 1.1535, 0.4921 0.4154 1.2441, 1.0335 0.4154 1.2441, 0.4921 0.4154 1.1535, 1.0335 0.4154 1.1535, 0.315 0.7972 1.2441, 0.315 0.8091 1.2441, 0.315 0.7972 1.1607, 0.315 0.8091 1.1457, 0.315 0.5295 1.1607, 0.315 0.5295 1.1457, -0.2052 0.768 1.234, -0.2119 0.7579 1.2441, 0.2119 0.7579 1.2441, 0.2052 0.768 1.234, 0.1998 0.7787 1.2232, -0.2026 0.7719 1.2301, 0.2076 0.7633 1.2387, 0.1969 0.7972 1.2047, -0.1969 0.7972 1.2047, 0.1993 0.782 1.2199, -0.1975 0.7887 1.2132, -0.1995 0.7821 1.2198, -0.1969 0.7972 1.1535, -0.1989 0.782 1.1535, -0.2048 0.7677 1.1535, -0.2141 0.7555 1.1535, -0.315 0.7972 1.1607, -0.315 0.7972 1.2441, -0.3129 0.782 1.1607, -0.3129 0.782 1.2441, -0.311 0.776 1.1607, -0.307 0.7677 1.2441, -0.311 0.776 1.1535, -0.307 0.7677 1.1535, -0.2977 0.7555 1.1535, -0.2977 0.7555 1.2441, -0.2854 0.7461 1.1535, -0.2854 0.7461 1.2441, -0.2712 0.7402 1.1535, -0.2712 0.7402 1.2441, -0.2559 0.7382 1.1535, -0.2559 0.7382 1.2441, -0.2406 0.7402 1.1535, -0.2406 0.7402 1.2441, -0.2264 0.7461 1.1535, -0.2264 0.7461 1.2441, -0.2141 0.7555 1.2441, 0.1969 0.7972 1.1535, -0.315 0.5295 1.1607, -0.315 0.5295 1.1457, -0.315 0.8091 1.1457, -0.315 0.8091 1.2441, 0.4768 0.5315 1.1535, 0.4768 0.5315 1.2441, 0.4626 0.5256 1.1535, 0.4626 0.5256 1.2441, 0.4504 0.5162 1.1535, 0.4504 0.5162 1.2441, 0.441 0.5039 1.1535, 0.441 0.5039 1.2441, 0.4351 0.4897 1.1535, 0.4351 0.4897 1.2441, 0.4331 0.4744 1.1535, 0.4331 0.4744 1.2441, -1.0335 0.4154 1.2441, -0.4921 0.4154 1.2441, -1.0335 0.4154 1.1535, -0.4921 0.4154 1.1535, -0.478 0.4171 1.1535, -0.478 0.4171 1.2441, -0.4647 0.4221 1.1535, -0.4647 0.4221 1.2441, -0.453 0.4302 1.1535, -0.453 0.4302 1.2441, -0.4435 0.4409 1.1535, -0.4435 0.4409 1.2441, -0.4369 0.4535 1.1535, -0.4369 0.4535 1.2441, -0.4335 0.4673 1.1535, -0.4335 0.4673 1.2441, -0.4335 0.4815 1.1535, -0.4335 0.4815 1.2441, -0.4369 0.4954 1.1535, -0.4369 0.4954 1.2441, -0.4435 0.508 1.1535, -0.4435 0.508 1.2441, -0.453 0.5186 1.1535, -0.453 0.5186 1.2441, -0.4647 0.5267 1.1535, -0.4647 0.5267 1.2441, -0.478 0.5318 1.1535, -0.478 0.5318 1.2441, 1.0925 0.75 1.2441, 1.0925 0.75 1.1535, 1.0925 0.4744 1.2441, 1.0925 0.5335 1.1535, 1.0925 0.4744 1.1535, 1.0487 0.4174 1.1535, 1.0487 0.4174 1.2441, 1.063 0.4233 1.1535, 1.063 0.4233 1.2441, 1.0752 0.4327 1.1535, 1.0752 0.4327 1.2441, 1.0846 0.4449 1.1535, 1.0846 0.4449 1.2441, 1.0905 0.4591 1.1535, 1.0905 0.4591 1.2441, -1.0905 0.4591 1.1535, -1.0905 0.4591 1.2441, -1.0846 0.4449 1.1535, -1.0846 0.4449 1.2441, -1.0752 0.4327 1.1535, -1.0752 0.4327 1.2441, -1.063 0.4233 1.1535, -1.063 0.4233 1.2441, -1.0487 0.4174 1.1535, -1.0487 0.4174 1.2441, -1.1516 0.8091 1.1535, -1.1516 0.8091 1.2441, -1.1384 0.8076 1.2441, -1.1384 0.8076 1.1535, -1.126 0.8032 1.2441, -1.126 0.8032 1.1535, -1.1148 0.7962 1.2441, -1.1148 0.7962 1.1535, -1.1054 0.7868 1.2441, -1.1054 0.7868 1.1535, -1.0984 0.7756 1.2441, -1.0984 0.7756 1.1535, -1.094 0.7631 1.2441, -1.094 0.7631 1.1535, 1.0945 0.7653 1.2441, 1.0945 0.7653 1.1535, 1.1004 0.7795 1.2441, 1.1004 0.7795 1.1535, 1.1098 0.7918 1.2441, 1.1098 0.7918 1.1535, 1.122 0.8011 1.2441, 1.122 0.8011 1.1535, 1.1363 0.807 1.2441, 1.1363 0.807 1.1535, 1.1516 0.8091 1.2441, 1.1516 0.8091 1.1535, -0.4921 0.8091 1.2441, -0.5252 0.8091 1.241, -1.5122 0.8091 1.0625, -1.5341 0.8091 1.1585, -1.433 0.8091 1.1122, -1.4463 0.8091 1.2054, -1.3448 0.8091 1.1431, -1.351 0.8091 1.2343, -1.252 0.8091 1.1535, -1.252 0.8091 1.2441, -1.6693 0.8091 0.3129, -1.7598 0.8091 0.3129, -1.6693 0.8091 0.7362, -1.7598 0.8091 0.7362, -1.6588 0.8091 0.8291, -1.7501 0.8091 0.8353, -1.628 0.8091 0.9173, -1.7212 0.8091 0.9306, -1.5782 0.8091 0.9964, -1.6743 0.8091 1.0184, -1.6111 0.8091 1.0953, 1.7598 0.4786 -0.1247, 1.7598 0.435 -0.1535, 1.7598 0.435 -0.2362, 1.7598 -1.2362 0.5665, 1.7598 -1.2382 0.5512, 1.7598 -1.7894 0.5079, 1.7598 -1.2382 0.5079, 1.7598 -1.2303 0.5807, 1.7598 -1.2209 0.5929, 1.7598 -1.2087 0.6023, 1.7598 -0.4409 0.6023, 1.7598 -0.4287 0.5929, 1.7598 -0.4193 0.5807, 1.7598 -0.4134 0.5665, 1.7598 0.829 0.2473, 1.7598 0.818 0.2677, 1.7598 -1.128 0.5807, 1.7598 -1.1374 0.5929, 1.7598 -1.1496 0.6023, 1.7598 0.3288 0.6025, 1.7598 0.3382 0.6123, 1.7598 0.8437 0.2294, 1.7598 0.8836 0.0066, 1.7598 -1.1944 0.6082, 1.7598 -1.1791 0.6102, 1.7598 -1.1638 0.6082, 1.7598 -0.5 0.6023, 1.7598 -0.5122 0.5929, 1.7598 -0.5216 0.5807, 1.7598 0.3219 0.5907, 1.7598 -0.4114 0.5512, 1.7598 0.3179 0.5777, 1.7598 -0.4858 0.6082, 1.7598 -0.4705 0.6102, 1.7598 -0.4552 0.6082, 1.7598 0.869 -0.006, 1.7598 0.8578 -0.0218, 1.7598 0.8508 -0.0399, 1.7598 0.4933 -0.006, 1.7598 0.4933 -0.1121, 1.7598 0.8578 -0.0963, 1.7598 0.5044 -0.0963, 1.7598 0.8508 -0.0783, 1.7598 0.869 -0.1121, 1.7598 0.5532 -0.3543, 1.7598 0.8836 -0.1247, 1.7598 0.8091 -0.3543, 1.7598 0.9272 -0.1535, 1.7598 0.9272 -0.2362, 1.7598 0.8091 0.3129, 1.7598 0.8113 0.2899, 1.7598 0.3496 0.6198, 1.7598 0.3624 0.6244, 1.7598 -0.6476 -0.3543, 1.7598 -0.5295 -0.2362, 1.7598 -0.5295 -0.1535, 1.7598 -0.5731 0.0066, 1.7598 -1.1221 0.5665, 1.7598 -0.5877 -0.006, 1.7598 -1.1201 0.5512, 1.7598 -0.5989 -0.0218, 1.7598 -0.5275 0.5665, 1.7598 -0.5295 0.5512, 1.7598 -0.5295 0.0354, 1.7598 -0.4114 0.5079, 1.7598 0.2776 0.5079, 1.7598 0.2853 0.5156, 1.7598 0.3003 0.5339, 1.7598 0.3113 0.5549, 1.7598 0.5044 -0.0218, 1.7598 0.5114 -0.0399, 1.7598 0.8484 -0.0591, 1.7598 0.5138 -0.0591, 1.7598 0.5114 -0.0783, 1.7598 0.9272 0.0354, 1.7598 0.9272 0.097, 1.7598 0.9231 0.1275, 1.7598 -1.0766 0.0066, 1.7598 -1.0619 -0.006, 1.7598 -0.6059 -0.0399, 1.7598 0.9113 0.156, 1.7598 0.8926 0.1805, 1.7598 -1.1201 0.0354, 1.7598 -0.5731 -0.1247, 1.7598 -0.5877 -0.1121, 1.7598 -1.0437 -0.0783, 1.7598 -1.1201 -0.1535, 1.7598 -1.1201 -0.2362, 1.7598 -1.0766 -0.1247, 1.7598 -1.002 -0.3543, 1.7598 -1.0619 -0.1121, 1.7598 -1.0507 -0.0963, 1.7598 -1.0507 -0.0218, 1.7598 -1.0437 -0.0399, 1.7598 -0.6083 -0.0591, 1.7598 -1.0413 -0.0591, 1.7598 -0.6059 -0.0783, 1.7598 -0.5989 -0.0963, 1.6426 0.8926 0.1805, 1.6422 0.8932 0.1799, 1.6417 0.8938 0.1792, 1.6417 0.9113 0.156, 1.6417 0.9231 0.1275, 1.6417 0.9272 0.097, 1.6604 0.854 0.219, 1.6614 0.8437 0.2294, 1.6522 0.8762 0.1969, 1.6551 0.8712 0.2019, 1.6602 0.8552 0.2179, 1.6693 0.8091 0.3129, 1.6614 0.8091 0.3129, 1.6652 0.8091 0.3129, 1.6614 0.8108 0.2928, 1.6614 0.8116 0.29, 1.6614 0.8184 0.2678, 1.6614 0.8192 0.2651, 1.6614 0.8296 0.2477, 1.6614 0.8341 0.2402, 1.6591 0.809 0.2895, 1.6595 0.8091 0.2925, 1.6605 0.8091 0.2988, 1.6508 0.8091 0.262, 1.6502 0.8091 0.2606, 1.6417 0.8091 0.242, 1.6417 0.8186 0.2281, 1.6417 0.8715 0.1869, 1.6551 0.8712 0.2019, 1.6417 0.8425 0.2042, -1.252 -1.7894 1.2441, -1.351 -1.7894 1.2343, -1.4463 -1.7894 1.2054, -1.5341 -1.7894 1.1585, -1.6111 -1.7894 1.0953, -1.6743 -1.7894 1.0184, -1.7212 -1.7894 0.9306, -1.7501 -1.7894 0.8353, -1.7598 -1.7894 0.7362, -1.7598 0.3223 0.5915, -1.7598 0.3299 0.6039, -1.7598 0.3403 0.614, -1.7598 0.8836 0.0066, -1.7598 0.869 -0.006, -1.7598 0.829 0.2473, -1.7598 -0.5877 -0.006, -1.7598 -0.5295 0.5512, -1.7598 -0.5731 0.0066, -1.7598 -0.5295 0.0354, -1.7598 -1.2127 0.5998, -1.7598 -1.2233 0.5903, -1.7598 0.428 0.5949, -1.7598 0.4196 0.6067, -1.7598 0.4086 0.6162, -1.7598 0.3956 0.6226, -1.7598 0.3814 0.6257, -1.7598 0.3669 0.6253, -1.7598 0.3529 0.6213, -1.7598 -1.2314 0.5786, -1.7598 -1.2365 0.5653, -1.7598 -1.7894 0.5079, -1.7598 -1.2382 0.5512, -1.7598 -1.2382 0.5079, -1.7598 0.5532 -0.3543, -1.7598 0.435 -0.2362, -1.7598 0.8578 -0.0963, -1.7598 -0.4131 0.5653, -1.7598 -0.4182 0.5786, -1.7598 -0.4263 0.5903, -1.7598 -0.4369 0.5998, -1.7598 0.8113 0.2899, -1.7598 0.818 0.2677, -1.7598 0.435 0.5669, -1.7598 0.4333 0.5813, -1.7598 -1.0766 -0.1247, -1.7598 -1.0619 -0.1121, -1.7598 -0.6059 -0.0783, -1.7598 -1.1456 0.5998, -1.7598 -1.1582 0.6064, -1.7598 -0.4776 0.6098, -1.7598 0.8578 -0.0218, -1.7598 0.8508 -0.0399, -1.7598 0.8836 -0.1247, -1.7598 0.9272 -0.1535, -1.7598 0.9272 -0.2362, -1.7598 -0.5278 0.5653, -1.7598 -1.0619 -0.006, -1.7598 -1.0507 -0.0218, -1.7598 -0.5989 -0.0218, -1.7598 -0.6059 -0.0399, -1.7598 -0.5295 -0.1535, -1.7598 -0.5295 -0.2362, -1.7598 -0.5731 -0.1247, -1.7598 -0.6476 -0.3543, -1.7598 -0.5877 -0.1121, -1.7598 -1.002 -0.3543, -1.7598 -0.4914 0.6064, -1.7598 -1.1201 0.5512, -1.7598 -1.1218 0.5653, -1.7598 -1.1349 0.5903, -1.7598 0.869 -0.1121, -1.7598 0.8091 -0.3543, -1.7598 -1.1201 -0.1535, -1.7598 -1.1201 -0.2362, -1.7598 -0.5989 -0.0963, -1.7598 -0.4114 0.5512, -1.7598 -1.0766 0.0066, -1.7598 -0.5147 0.5903, -1.7598 -0.5228 0.5786, -1.7598 -1.1268 0.5786, -1.7598 0.8437 0.2294, -1.7598 0.8926 0.1805, -1.7598 0.9113 0.156, -1.7598 -1.0507 -0.0963, -1.7598 -1.0437 -0.0783, -1.7598 -0.6083 -0.0591, -1.7598 -1.0413 -0.0591, -1.7598 -1.0437 -0.0399, -1.7598 0.9231 0.1275, -1.7598 0.9272 0.097, -1.7598 0.9272 0.0354, -1.7598 -1.1201 0.0354, -1.7598 -0.504 0.5998, -1.7598 0.435 -0.1535, -1.7598 0.8484 -0.0591, -1.7598 0.8508 -0.0783, -1.7598 -1.172 0.6098, -1.7598 -1.1862 0.6098, -1.7598 -1.2001 0.6064, -1.7598 -0.4495 0.6064, -1.7598 -0.4634 0.6098, -1.6614 0.8437 0.2294, -1.6614 0.8341 0.2402, -1.6614 0.8192 0.2651, -1.6614 0.8296 0.2477, -1.6614 0.8116 0.29, -1.6614 0.8184 0.2678, -1.6614 0.8091 0.3129, -1.6614 0.8108 0.2928, -1.6652 0.8091 0.3129, -1.6509 0.8797 0.1934, -1.6426 0.8926 0.1805, -1.6598 0.8541 0.219, -1.6524 0.8762 0.1969, -1.6587 0.8613 0.2118, -1.6422 0.8932 0.1799, -1.6417 0.8938 0.1792, -1.6417 0.9113 0.156, -1.6417 0.9231 0.1275, -1.6417 0.9272 0.097, -1.6587 0.8613 0.2118, -1.6417 0.8425 0.2042, -1.6417 0.8715 0.1869, -1.6605 0.8091 0.2988, -1.6596 0.8091 0.2925, -1.6591 0.809 0.2895, -1.6546 0.8091 0.2725, -1.6494 0.8091 0.2601, -1.6417 0.8091 0.242, -1.6417 0.8186 0.2281, -1.6614 0.3223 0.5915, -1.6614 0.3299 0.6039, -1.6614 0.3403 0.614, -1.6614 0.3529 0.6213, -1.6614 0.3669 0.6253, -1.6614 0.3814 0.6257, -1.6614 0.3956 0.6226, -1.6614 0.4086 0.6162, -1.6614 0.4196 0.6067, -1.6614 0.428 0.5949, -1.6614 0.4333 0.5813, -1.6614 0.435 0.5669, 1.6614 0.3179 0.5777, 1.6614 0.3113 0.5549, 1.6614 0.3003 0.5339, 1.6614 0.2853 0.5156, 1.6614 0.2776 0.5079, 1.6328 0.2382 0.3528, 1.6559 0.2382 0.4366, 1.7521 0.2382 0.4196, 1.7363 0.2382 0.3552, 1.6983 0.2382 0.2655, 1.5923 0.2382 0.2752, 1.6439 0.2382 0.1848, 1.5364 0.2382 0.2077, 1.575 0.2382 0.116, 1.4675 0.2382 0.1536, 1.4943 0.2382 0.0615, 1.3888 0.2382 0.1152, 1.4047 0.2382 0.0235, 1.3037 0.2382 0.0943, 1.3095 0.2382 0.0033, 1.248 0.2382 0.0906, 1.252 0.2382 0.0, 1.7582 0.2481 0.4669, 1.7574 0.2454 0.4588, 1.7566 -0.4114 0.4504, 1.7565 0.2427 0.4504, 1.7587 0.2527 0.4751, 1.7594 0.2593 0.4866, 1.7595 0.2633 0.4915, 1.7598 0.2728 0.5031, 1.7598 0.2752 0.5055, 1.7554 0.2405 0.4412, 1.7559 0.2408 0.4447, 1.7363 -0.4114 0.3552, 1.6983 -0.4114 0.2655, 1.6439 -0.4114 0.1848, 1.575 -0.4114 0.116, 1.4943 -0.4114 0.0615, 1.4047 -0.4114 0.0235, 1.3095 -0.4114 0.0033, 1.252 -0.4114 0.0, 1.6614 0.2728 0.504, 1.6607 0.2528 0.4813, 1.6611 0.2579 0.4891, 1.6614 0.2579 0.4891, 1.6598 0.2452 0.4683, 1.6601 0.2462 0.471, 1.6585 0.2405 0.4549, 1.6584 0.2404 0.4541, 1.656 0.2383 0.4373, 1.6614 0.265 0.4968, 1.6614 0.2631 0.4948
            ]
        }
        coordIndex [
            0,1,2,-1,2,1,3,-1,2,3,4,-1,4,3,5,-1,4,5,6,-1,6,5,7,-1,6,7,8,-1,8,7,9,-1,8,9,10,-1,10,9,11,-1,10,11,12,-1,12,11,13,-1,12,13,14,-1,14,13,15,-1,14,15,16,-1,16,15,17,-1,18,19,20,-1,20,19,21,-1,22,23,24,-1,24,23,25,-1,26,27,28,-1,28,27,29,-1,28,29,30,-1,28,30,31,-1,31,30,32,-1,31,32,33,-1,33,32,34,-1,33,34,35,-1,36,37,38,-1,38,37,39,-1,38,39,40,-1,40,39,41,-1,40,41,26,-1,26,41,27,-1,42,43,44,-1,44,43,45,-1,46,47,48,-1,48,47,49,-1,48,49,50,-1,50,49,51,-1,50,51,52,-1,52,51,53,-1,52,53,54,-1,54,53,55,-1,54,55,56,-1,56,55,57,-1,56,57,58,-1,58,57,59,-1,60,61,62,-1,62,61,35,-1,62,35,34,-1,61,60,63,-1,61,63,64,-1,64,63,65,-1,64,65,66,-1,66,65,67,-1,66,67,68,-1,69,70,71,-1,71,70,72,-1,71,72,73,-1,73,72,74,-1,73,74,75,-1,75,74,76,-1,75,76,77,-1,77,76,78,-1,79,80,81,-1,81,80,82,-1,80,79,83,-1,83,79,84,-1,83,84,85,-1,86,87,88,-1,89,90,91,-1,91,90,92,-1,92,90,85,-1,92,85,84,-1,93,94,95,-1,95,94,96,-1,95,96,97,-1,97,96,98,-1,97,98,99,-1,99,98,100,-1,99,100,101,-1,100,102,101,-1,101,102,103,-1,101,103,104,-1,104,103,105,-1,104,105,106,-1,106,105,107,-1,91,86,89,-1,89,86,88,-1,89,88,108,-1,108,88,107,-1,108,107,109,-1,109,107,105,-1,110,111,112,-1,112,111,113,-1,112,113,114,-1,114,113,115,-1,114,115,116,-1,116,115,117,-1,116,117,118,-1,118,117,119,-1,118,119,120,-1,120,119,121,-1,120,121,122,-1,122,121,123,-1,122,123,124,-1,98,96,125,-1,125,96,94,-1,125,94,110,-1,110,94,126,-1,110,126,111,-1,127,80,83,-1,83,85,127,-1,127,85,90,-1,127,90,89,-1,89,108,127,-1,127,108,109,-1,127,109,105,-1,105,103,127,-1,127,103,102,-1,127,102,125,-1,125,102,100,-1,125,100,98,-1,77,78,128,-1,128,78,123,-1,128,123,129,-1,129,123,121,-1,129,121,130,-1,130,121,119,-1,130,119,131,-1,131,119,117,-1,131,117,132,-1,132,117,115,-1,132,115,133,-1,94,93,126,-1,126,93,134,-1,126,134,111,-1,111,134,133,-1,111,133,113,-1,113,133,115,-1,81,82,135,-1,81,135,136,-1,136,135,137,-1,136,137,138,-1,138,137,139,-1,138,139,140,-1,1,0,141,-1,141,0,142,-1,143,144,145,-1,143,145,146,-1,146,145,147,-1,146,147,148,-1,148,147,149,-1,148,149,150,-1,150,149,151,-1,150,151,152,-1,152,151,153,-1,152,153,154,-1,154,153,155,-1,154,155,156,-1,156,155,157,-1,156,157,158,-1,158,157,159,-1,158,159,160,-1,24,25,161,-1,161,25,162,-1,161,162,163,-1,164,163,162,-1,164,162,165,-1,165,162,25,-1,165,25,23,-1,166,167,168,-1,168,167,18,-1,168,18,20,-1,169,170,171,-1,171,170,172,-1,171,172,173,-1,174,175,176,-1,176,175,177,-1,178,179,180,-1,180,179,181,-1,180,181,182,-1,182,181,183,-1,184,185,186,-1,187,188,189,-1,184,186,189,-1,189,186,190,-1,189,190,187,-1,191,192,193,-1,193,192,194,-1,193,194,188,-1,188,194,195,-1,188,195,189,-1,192,196,194,-1,194,196,197,-1,198,189,197,-1,197,189,195,-1,197,195,194,-1,199,185,198,-1,198,185,184,-1,198,184,189,-1,200,201,202,-1,202,201,203,-1,202,203,204,-1,204,203,205,-1,206,204,207,-1,207,204,205,-1,207,205,208,-1,208,205,209,-1,208,209,210,-1,210,209,211,-1,210,211,212,-1,212,211,213,-1,212,213,214,-1,214,213,215,-1,214,215,216,-1,216,215,217,-1,216,217,218,-1,218,217,219,-1,218,219,199,-1,199,219,220,-1,199,220,185,-1,196,192,221,-1,221,192,191,-1,222,223,200,-1,200,223,224,-1,200,224,201,-1,201,224,225,-1,161,163,226,-1,226,163,227,-1,226,227,228,-1,228,227,229,-1,228,229,230,-1,230,229,231,-1,230,231,232,-1,232,231,233,-1,232,233,234,-1,234,233,235,-1,234,235,236,-1,236,235,237,-1,238,239,240,-1,240,239,241,-1,241,239,242,-1,242,239,243,-1,242,243,244,-1,244,243,245,-1,244,245,246,-1,246,245,247,-1,246,247,248,-1,248,247,249,-1,248,249,250,-1,250,249,251,-1,250,251,252,-1,252,251,253,-1,252,253,254,-1,254,253,255,-1,254,255,256,-1,256,255,257,-1,256,257,258,-1,258,257,259,-1,258,259,260,-1,260,259,261,-1,260,261,262,-1,262,261,263,-1,262,263,264,-1,264,263,265,-1,264,265,168,-1,168,265,166,-1,266,267,268,-1,268,267,269,-1,268,269,270,-1,177,175,271,-1,271,175,272,-1,271,272,273,-1,273,272,274,-1,273,274,275,-1,275,274,276,-1,275,276,277,-1,277,276,278,-1,277,278,279,-1,279,278,280,-1,279,280,270,-1,270,280,268,-1,173,172,281,-1,281,172,282,-1,281,282,283,-1,283,282,284,-1,283,284,285,-1,285,284,286,-1,285,286,287,-1,287,286,288,-1,287,288,289,-1,289,288,290,-1,289,290,240,-1,240,290,238,-1,291,292,293,-1,291,293,294,-1,294,293,295,-1,294,295,296,-1,296,295,297,-1,296,297,298,-1,298,297,299,-1,298,299,300,-1,300,299,301,-1,300,301,302,-1,302,301,303,-1,302,303,304,-1,304,303,170,-1,304,170,169,-1,267,266,305,-1,267,305,306,-1,306,305,307,-1,306,307,308,-1,308,307,309,-1,308,309,310,-1,310,309,311,-1,310,311,312,-1,312,311,313,-1,312,313,314,-1,314,313,315,-1,314,315,316,-1,166,317,318,-1,166,318,167,-1,167,318,19,-1,167,19,18,-1,319,320,321,-1,321,320,322,-1,321,322,323,-1,323,322,324,-1,323,324,325,-1,325,324,326,-1,325,326,291,-1,291,326,292,-1,327,328,329,-1,329,328,330,-1,329,330,331,-1,331,330,332,-1,331,332,333,-1,333,332,334,-1,333,334,335,-1,335,334,336,-1,335,336,319,-1,319,336,337,-1,319,337,320,-1,57,55,160,-1,160,55,53,-1,338,339,340,-1,341,159,342,-1,342,159,343,-1,342,343,344,-1,341,345,159,-1,159,345,346,-1,159,346,347,-1,348,349,160,-1,160,349,350,-1,160,350,351,-1,352,353,47,-1,354,160,355,-1,355,160,356,-1,351,357,358,-1,359,352,360,-1,347,361,159,-1,159,361,362,-1,159,362,160,-1,160,362,363,-1,160,363,356,-1,364,354,365,-1,365,354,366,-1,357,351,367,-1,367,351,368,-1,367,368,369,-1,364,370,354,-1,354,370,371,-1,354,371,160,-1,160,371,372,-1,160,372,348,-1,360,352,373,-1,373,352,47,-1,373,47,374,-1,374,47,44,-1,374,44,375,-1,375,44,45,-1,375,45,376,-1,377,378,379,-1,379,378,380,-1,377,338,378,-1,378,338,340,-1,378,340,381,-1,381,340,382,-1,381,382,383,-1,383,382,384,-1,383,384,385,-1,385,384,386,-1,53,51,160,-1,160,51,49,-1,160,49,387,-1,387,49,47,-1,387,47,388,-1,388,47,353,-1,358,389,351,-1,351,389,390,-1,351,390,160,-1,160,390,59,-1,160,59,57,-1,391,392,393,-1,394,395,396,-1,396,395,397,-1,396,397,398,-1,366,354,399,-1,399,354,395,-1,399,395,400,-1,400,395,394,-1,400,394,401,-1,402,403,368,-1,368,403,404,-1,404,405,368,-1,368,405,406,-1,368,406,369,-1,376,407,375,-1,375,407,408,-1,375,408,409,-1,409,408,410,-1,409,410,380,-1,380,410,411,-1,380,411,379,-1,412,413,360,-1,360,413,414,-1,415,416,417,-1,414,418,360,-1,360,418,419,-1,360,419,359,-1,398,397,417,-1,417,397,420,-1,417,420,415,-1,393,421,391,-1,391,421,422,-1,391,422,423,-1,424,425,426,-1,426,425,427,-1,426,427,428,-1,428,427,391,-1,428,391,429,-1,429,391,423,-1,416,430,417,-1,417,430,431,-1,417,431,432,-1,432,431,433,-1,432,433,434,-1,434,433,423,-1,434,423,435,-1,435,423,422,-1,436,419,437,-1,437,419,418,-1,437,418,438,-1,438,418,439,-1,439,418,414,-1,439,414,440,-1,440,414,413,-1,440,413,441,-1,442,443,359,-1,436,444,419,-1,419,444,445,-1,419,445,359,-1,359,445,446,-1,359,446,442,-1,447,387,388,-1,448,449,450,-1,450,449,447,-1,450,447,451,-1,451,447,388,-1,451,388,452,-1,452,388,353,-1,452,353,453,-1,453,353,352,-1,453,352,454,-1,454,352,455,-1,455,352,359,-1,455,359,443,-1,456,457,450,-1,450,457,458,-1,450,458,448,-1,450,451,456,-1,456,451,452,-1,456,452,459,-1,459,452,453,-1,459,453,460,-1,460,453,461,-1,461,453,454,-1,461,454,462,-1,444,436,463,-1,463,436,437,-1,463,437,438,-1,444,463,464,-1,464,463,465,-1,464,465,446,-1,454,455,462,-1,462,455,443,-1,462,443,465,-1,465,443,442,-1,465,442,446,-1,466,326,324,-1,466,324,467,-1,467,324,322,-1,467,322,468,-1,468,322,320,-1,468,320,469,-1,469,320,337,-1,469,337,470,-1,470,337,336,-1,470,336,471,-1,471,336,334,-1,471,334,472,-1,472,334,332,-1,472,332,473,-1,473,332,330,-1,473,330,474,-1,475,474,476,-1,476,474,477,-1,478,479,480,-1,481,482,483,-1,483,482,484,-1,485,486,474,-1,487,488,330,-1,330,488,489,-1,330,489,490,-1,490,491,330,-1,330,491,492,-1,330,492,474,-1,474,492,493,-1,474,493,477,-1,486,494,474,-1,474,494,495,-1,474,495,496,-1,496,495,497,-1,496,497,498,-1,499,500,501,-1,502,503,475,-1,475,503,504,-1,475,504,505,-1,1,328,3,-1,3,328,506,-1,3,506,479,-1,479,506,507,-1,479,507,480,-1,1,141,328,-1,328,141,508,-1,328,508,330,-1,330,508,509,-1,330,509,487,-1,510,511,512,-1,513,514,515,-1,479,516,3,-1,3,516,517,-1,3,517,5,-1,5,517,7,-1,518,519,520,-1,521,482,522,-1,522,482,481,-1,522,481,523,-1,523,481,524,-1,523,524,525,-1,526,527,528,-1,528,527,529,-1,528,529,530,-1,530,529,531,-1,532,533,534,-1,513,515,535,-1,501,536,499,-1,499,536,518,-1,499,518,537,-1,537,518,520,-1,538,510,539,-1,539,510,512,-1,539,512,531,-1,531,512,540,-1,531,540,530,-1,502,475,541,-1,541,475,139,-1,541,139,137,-1,542,543,522,-1,522,543,544,-1,522,544,521,-1,532,534,515,-1,515,534,545,-1,515,545,535,-1,480,546,478,-1,478,546,547,-1,478,547,548,-1,15,13,501,-1,501,13,11,-1,511,549,512,-1,512,549,550,-1,512,550,551,-1,551,550,552,-1,551,552,525,-1,525,552,553,-1,525,553,523,-1,80,127,82,-1,82,127,541,-1,82,541,135,-1,135,541,137,-1,548,554,478,-1,478,554,555,-1,478,555,556,-1,542,557,543,-1,543,557,533,-1,543,533,558,-1,558,533,532,-1,500,559,501,-1,501,559,17,-1,501,17,15,-1,7,517,9,-1,9,517,560,-1,9,560,11,-1,11,560,561,-1,11,561,501,-1,562,563,474,-1,474,563,564,-1,474,564,485,-1,505,565,475,-1,475,565,566,-1,475,566,474,-1,474,566,515,-1,474,515,562,-1,562,515,514,-1,567,546,568,-1,568,546,480,-1,507,569,480,-1,480,569,570,-1,480,570,568,-1,506,571,507,-1,507,571,572,-1,507,572,569,-1,573,574,575,-1,575,574,571,-1,575,571,327,-1,327,571,506,-1,327,506,328,-1,576,577,547,-1,546,567,578,-1,576,547,579,-1,546,578,547,-1,547,578,580,-1,547,580,579,-1,581,582,583,-1,547,577,548,-1,548,577,581,-1,581,583,548,-1,548,583,584,-1,548,584,554,-1,554,584,585,-1,554,585,555,-1,586,587,588,-1,582,581,588,-1,588,581,577,-1,577,576,588,-1,588,576,579,-1,588,579,586,-1,573,589,574,-1,574,589,590,-1,574,590,571,-1,571,590,591,-1,571,591,572,-1,572,591,592,-1,572,592,569,-1,569,592,593,-1,569,593,570,-1,570,593,594,-1,570,594,568,-1,568,594,595,-1,568,595,567,-1,567,595,587,-1,567,587,578,-1,578,587,586,-1,140,139,596,-1,596,139,475,-1,596,475,597,-1,597,475,476,-1,597,476,598,-1,598,476,477,-1,598,477,599,-1,599,477,493,-1,599,493,600,-1,600,493,492,-1,600,492,601,-1,601,492,491,-1,601,491,602,-1,602,491,490,-1,602,490,603,-1,603,490,489,-1,603,489,604,-1,604,489,488,-1,604,488,605,-1,605,488,487,-1,605,487,606,-1,606,487,509,-1,606,509,607,-1,607,509,508,-1,68,67,69,-1,69,67,70,-1,608,369,406,-1,608,406,609,-1,609,406,405,-1,609,405,610,-1,610,405,404,-1,610,404,611,-1,611,404,612,-1,612,404,403,-1,613,614,615,-1,615,616,613,-1,613,616,617,-1,613,617,618,-1,618,617,619,-1,618,619,620,-1,620,619,621,-1,620,621,622,-1,622,621,623,-1,622,623,624,-1,624,623,625,-1,624,625,626,-1,626,625,627,-1,626,627,628,-1,628,627,629,-1,628,629,36,-1,36,629,37,-1,630,402,631,-1,631,402,632,-1,631,632,633,-1,630,634,402,-1,402,634,635,-1,402,635,636,-1,636,637,402,-1,402,637,638,-1,402,638,403,-1,616,615,632,-1,615,639,632,-1,632,639,640,-1,632,640,633,-1,632,641,616,-1,616,641,642,-1,616,642,617,-1,617,642,643,-1,617,643,619,-1,619,643,644,-1,619,644,621,-1,621,644,645,-1,621,645,623,-1,623,645,646,-1,623,646,625,-1,625,646,647,-1,625,647,627,-1,627,647,648,-1,627,648,629,-1,637,649,638,-1,638,649,612,-1,638,612,403,-1,650,651,652,-1,653,654,630,-1,630,654,634,-1,630,631,653,-1,653,631,633,-1,653,633,655,-1,655,633,640,-1,655,640,656,-1,656,640,639,-1,656,639,657,-1,657,639,615,-1,657,615,614,-1,649,637,658,-1,658,637,636,-1,658,636,659,-1,659,636,635,-1,659,635,652,-1,652,635,634,-1,652,634,650,-1,650,634,654,-1,
        ]
    }
}
Shape{
    appearance Appearance {
        material  Material 	{
            diffuseColor 0.2235294117647059 0.2235294117647059 0.2235294117647059
            specularColor 0.11372549019607843 0.11372549019607843 0.11372549019607843
            ambientIntensity 0.2235
            transparency 0.0
            shininess 0.5
        }
    }
    geometry IndexedFaceSet {
        ccw TRUE
        solid FALSE
        coord DEF co Coordinate {
            point [
                -1.2028 0.3582 -0.1929, -1.1378 0.3957 -0.1929, -1.1923 0.3538 -0.1929, -1.1811 0.3524 -0.1929, -1.1505 0.4263 -0.1929, -1.1436 0.4173 -0.1929, -1.1393 0.4069 -0.1929, -1.1594 0.4332 -0.1929, -1.2117 0.365 -0.1929, -1.2186 0.374 -0.1929, -1.2229 0.3845 -0.1929, -1.2244 0.3957 -0.1929, -1.1699 0.4375 -0.1929, -1.1811 0.439 -0.1929, -1.1436 0.374 -0.1929, -1.1505 0.365 -0.1929, -1.1393 0.3845 -0.1929, -1.1594 0.3582 -0.1929, -1.1699 0.3538 -0.1929, -1.2186 0.4173 -0.1929, -1.2117 0.4263 -0.1929, -1.2229 0.4069 -0.1929, -1.2028 0.4332 -0.1929, -1.1923 0.4375 -0.1929, 1.1594 0.3582 -0.1929, 1.2244 0.3957 -0.1929, 1.1699 0.3538 -0.1929, 1.1811 0.3524 -0.1929, 1.2117 0.4263 -0.1929, 1.2186 0.4173 -0.1929, 1.2229 0.4069 -0.1929, 1.2028 0.4332 -0.1929, 1.1505 0.365 -0.1929, 1.1436 0.374 -0.1929, 1.1393 0.3845 -0.1929, 1.1378 0.3957 -0.1929, 1.1923 0.4375 -0.1929, 1.1811 0.439 -0.1929, 1.2186 0.374 -0.1929, 1.2117 0.365 -0.1929, 1.2229 0.3845 -0.1929, 1.2028 0.3582 -0.1929, 1.1923 0.3538 -0.1929, 1.1436 0.4173 -0.1929, 1.1505 0.4263 -0.1929, 1.1393 0.4069 -0.1929, 1.1594 0.4332 -0.1929, 1.1699 0.4375 -0.1929, -0.6496 0.6753 0.0315, -0.6496 0.6713 0.0315, -0.7283 0.6753 0.0315, -0.7283 0.6713 0.0315, -0.4528 0.6753 0.0315, -0.4528 0.6713 0.0315, -0.5315 0.6753 0.0315, -0.5315 0.6713 0.0315, -0.2559 0.6753 0.0315, -0.2559 0.6713 0.0315, -0.3346 0.6753 0.0315, -0.3346 0.6713 0.0315, -0.0591 0.6753 0.0315, -0.0591 0.6713 0.0315, -0.1378 0.6753 0.0315, -0.1378 0.6713 0.0315, 0.1378 0.6753 0.0315, 0.1378 0.6713 0.0315, 0.0591 0.6753 0.0315, 0.0591 0.6713 0.0315, 0.3346 0.6753 0.0315, 0.3346 0.6713 0.0315, 0.2559 0.6753 0.0315, 0.2559 0.6713 0.0315, 0.5315 0.6753 0.0315, 0.5315 0.6713 0.0315, 0.4528 0.6753 0.0315, 0.4528 0.6713 0.0315, 0.7283 0.6753 0.0315, 0.7283 0.6713 0.0315, 0.6496 0.6753 0.0315, 0.6496 0.6713 0.0315, 0.7283 0.6713 0.0591, 0.6496 0.6713 0.0591, 0.5315 0.6713 0.0591, 0.4528 0.6713 0.0591, 0.3346 0.6713 0.0591, 0.2559 0.6713 0.0591, 0.1378 0.6713 0.0591, 0.0591 0.6713 0.0591, -0.0591 0.6713 0.0591, -0.1378 0.6713 0.0591, -0.2559 0.6713 0.0591, -0.3346 0.6713 0.0591, -0.4528 0.6713 0.0591, -0.5315 0.6713 0.0591, -0.6496 0.6713 0.0591, -0.7283 0.6713 0.0591, -1.1811 0.2933 -0.1339, -1.1902 0.2945 -0.1339, -1.2076 0.2968 -0.1339, -1.2146 0.2997 -0.1339, -1.2323 0.307 -0.1339, -1.2371 0.3107 -0.1339, -1.2535 0.3233 -0.1339, -1.2563 0.3269 -0.1339, -1.2698 0.3445 -0.1339, -1.2709 0.3473 -0.1339, -1.28 0.3692 -0.1339, -1.2802 0.3707 -0.1339, -1.2835 0.3957 -0.1339, -1.2802 0.4207 -0.1339, -1.28 0.4222 -0.1339, -1.2709 0.444 -0.1339, -1.2698 0.4469 -0.1339, -1.2563 0.4644 -0.1339, -1.2535 0.4681 -0.1339, -1.2371 0.4806 -0.1339, -1.2323 0.4843 -0.1339, -1.2146 0.4916 -0.1339, -1.1811 0.498 -0.1339, -1.1902 0.4968 -0.1339, -1.2076 0.4945 -0.1339, 1.1811 0.2933 -0.1339, 1.172 0.2945 -0.1339, 1.1546 0.2968 -0.1339, 1.1476 0.2997 -0.1339, 1.1299 0.307 -0.1339, 1.1251 0.3107 -0.1339, 1.1087 0.3233 -0.1339, 1.1059 0.3269 -0.1339, 1.0925 0.3445 -0.1339, 1.0913 0.3473 -0.1339, 1.0822 0.3692 -0.1339, 1.082 0.3707 -0.1339, 1.0787 0.3957 -0.1339, 1.082 0.4207 -0.1339, 1.0822 0.4222 -0.1339, 1.0913 0.444 -0.1339, 1.0925 0.4469 -0.1339, 1.1059 0.4644 -0.1339, 1.1087 0.4681 -0.1339, 1.1251 0.4806 -0.1339, 1.1299 0.4843 -0.1339, 1.1476 0.4916 -0.1339, 1.1811 0.498 -0.1339, 1.172 0.4968 -0.1339, 1.1546 0.4945 -0.1339
            ]
        }
        coordIndex [
            0,1,2,-1,2,1,3,-1,4,5,0,-1,0,5,6,-1,0,6,1,-1,4,0,7,-1,7,0,8,-1,7,8,9,-1,9,10,7,-1,7,10,11,-1,7,11,12,-1,12,11,13,-1,14,15,16,-1,16,15,17,-1,16,17,1,-1,1,17,18,-1,1,18,3,-1,19,20,21,-1,21,20,22,-1,21,22,11,-1,11,22,23,-1,11,23,13,-1,24,25,26,-1,26,25,27,-1,28,29,24,-1,24,29,30,-1,24,30,25,-1,28,24,31,-1,31,24,32,-1,31,32,33,-1,33,34,31,-1,31,34,35,-1,31,35,36,-1,36,35,37,-1,38,39,40,-1,40,39,41,-1,40,41,25,-1,25,41,42,-1,25,42,27,-1,43,44,45,-1,45,44,46,-1,45,46,35,-1,35,46,47,-1,35,47,37,-1,48,49,50,-1,50,49,51,-1,52,53,54,-1,54,53,55,-1,56,57,58,-1,58,57,59,-1,60,61,62,-1,62,61,63,-1,64,65,66,-1,66,65,67,-1,68,69,70,-1,70,69,71,-1,72,73,74,-1,74,73,75,-1,76,77,78,-1,78,77,79,-1,80,81,77,-1,77,81,79,-1,82,83,73,-1,73,83,75,-1,84,85,69,-1,69,85,71,-1,86,87,65,-1,65,87,67,-1,88,89,61,-1,61,89,63,-1,90,91,57,-1,57,91,59,-1,92,93,53,-1,53,93,55,-1,94,95,49,-1,49,95,51,-1,3,96,97,-1,3,97,2,-1,97,98,2,-1,2,98,99,-1,2,99,0,-1,99,100,0,-1,0,100,101,-1,0,101,8,-1,101,102,8,-1,8,102,103,-1,8,103,9,-1,103,104,9,-1,9,104,105,-1,9,105,10,-1,105,106,10,-1,10,106,107,-1,10,107,11,-1,107,108,11,-1,11,108,109,-1,11,109,21,-1,109,110,21,-1,21,110,111,-1,21,111,19,-1,111,112,19,-1,19,112,113,-1,19,113,20,-1,113,114,20,-1,20,114,115,-1,20,115,22,-1,115,116,22,-1,22,116,117,-1,22,117,23,-1,118,13,119,-1,119,13,23,-1,119,23,120,-1,120,23,117,-1,27,121,122,-1,27,122,26,-1,122,123,26,-1,26,123,124,-1,26,124,24,-1,124,125,24,-1,24,125,126,-1,24,126,32,-1,126,127,32,-1,32,127,128,-1,32,128,33,-1,128,129,33,-1,33,129,130,-1,33,130,34,-1,130,131,34,-1,34,131,132,-1,34,132,35,-1,132,133,35,-1,35,133,134,-1,35,134,45,-1,134,135,45,-1,45,135,136,-1,45,136,43,-1,136,137,43,-1,43,137,138,-1,43,138,44,-1,138,139,44,-1,44,139,140,-1,44,140,46,-1,140,141,46,-1,46,141,142,-1,46,142,47,-1,143,37,144,-1,144,37,47,-1,144,47,145,-1,145,47,142,-1,
        ]
    }
}
Shape{
    appearance Appearance {
        material  Material 	{
            diffuseColor 0.9686274509803922 0.8784313725490196 0.6
            specularColor 0.6784313725490196 0.615686274509804 0.4196078431372549
            ambientIntensity 0.8737
            transparency 0.0
            shininess 0.5
        }
    }
    geometry IndexedFaceSet {
        ccw TRUE
        solid FALSE
        coord DEF co Coordinate {
            point [
                -1.2185 0.9272 -0.0157, -1.2185 0.7421 -0.0157, -1.3091 0.9272 -0.0157, -1.3091 0.7421 -0.0157, -1.1319 0.9272 -0.0157, -1.1319 0.7421 -0.0157, -1.2106 0.9272 -0.0157, -1.2106 0.7421 -0.0157, -1.1319 0.6713 0.0591, -1.1319 0.6713 0.0315, -1.1319 0.6753 0.0315, -1.1319 0.8091 0.0591, -1.1319 0.6831 0.0159, -1.1319 0.6944 0.0027, -1.1319 0.9272 0.0315, -1.1319 0.8091 0.0315, -1.1319 0.7249 -0.0136, -1.1319 0.7086 -0.0073, -0.935 0.9272 -0.0157, -0.935 0.7421 -0.0157, -1.0138 0.9272 -0.0157, -1.0138 0.7421 -0.0157, -0.9272 0.9272 -0.0157, -0.8366 0.9272 -0.0157, -0.9272 0.7421 -0.0157, -0.8366 0.7421 -0.0157, -0.7283 0.7086 -0.0073, -0.7283 0.6944 0.0027, -0.7283 0.8091 0.0591, -0.7283 0.6831 0.0159, -0.7283 0.6713 0.0591, -0.7283 0.6753 0.0315, -0.7283 0.6713 0.0315, -0.7283 0.9272 0.0315, -0.7283 0.9272 -0.0157, -0.7283 0.8091 0.0315, -0.7283 0.7421 -0.0157, -0.7283 0.7249 -0.0136, -0.6496 0.9272 -0.0157, -0.6496 0.7421 -0.0157, -0.6496 0.6753 0.0315, -0.6496 0.6831 0.0159, -0.6496 0.6944 0.0027, -0.6496 0.7086 -0.0073, -0.6496 0.7249 -0.0136, -0.6496 0.6713 0.0591, -0.6496 0.6713 0.0315, -0.6496 0.8091 0.0591, -0.6496 0.9272 0.0315, -0.6496 0.8091 0.0315, -0.5315 0.7086 -0.0073, -0.5315 0.6944 0.0027, -0.5315 0.8091 0.0591, -0.5315 0.6831 0.0159, -0.5315 0.6713 0.0591, -0.5315 0.6753 0.0315, -0.5315 0.6713 0.0315, -0.5315 0.9272 0.0315, -0.5315 0.9272 -0.0157, -0.5315 0.8091 0.0315, -0.5315 0.7421 -0.0157, -0.5315 0.7249 -0.0136, -0.4528 0.9272 -0.0157, -0.4528 0.7421 -0.0157, -0.4528 0.6753 0.0315, -0.4528 0.6831 0.0159, -0.4528 0.6944 0.0027, -0.4528 0.7086 -0.0073, -0.4528 0.7249 -0.0136, -0.4528 0.6713 0.0591, -0.4528 0.6713 0.0315, -0.4528 0.8091 0.0591, -0.4528 0.9272 0.0315, -0.4528 0.8091 0.0315, -0.3346 0.7086 -0.0073, -0.3346 0.6944 0.0027, -0.3346 0.8091 0.0591, -0.3346 0.6831 0.0159, -0.3346 0.6713 0.0591, -0.3346 0.6753 0.0315, -0.3346 0.6713 0.0315, -0.3346 0.9272 0.0315, -0.3346 0.9272 -0.0157, -0.3346 0.8091 0.0315, -0.3346 0.7421 -0.0157, -0.3346 0.7249 -0.0136, -0.2559 0.9272 -0.0157, -0.2559 0.7421 -0.0157, -0.2559 0.6753 0.0315, -0.2559 0.6831 0.0159, -0.2559 0.6944 0.0027, -0.2559 0.7086 -0.0073, -0.2559 0.7249 -0.0136, -0.2559 0.6713 0.0591, -0.2559 0.6713 0.0315, -0.2559 0.8091 0.0591, -0.2559 0.9272 0.0315, -0.2559 0.8091 0.0315, -0.1378 0.7086 -0.0073, -0.1378 0.6944 0.0027, -0.1378 0.8091 0.0591, -0.1378 0.6831 0.0159, -0.1378 0.6713 0.0591, -0.1378 0.6753 0.0315, -0.1378 0.6713 0.0315, -0.1378 0.9272 0.0315, -0.1378 0.9272 -0.0157, -0.1378 0.8091 0.0315, -0.1378 0.7421 -0.0157, -0.1378 0.7249 -0.0136, -0.0591 0.9272 -0.0157, -0.0591 0.7421 -0.0157, -0.0591 0.6753 0.0315, -0.0591 0.6831 0.0159, -0.0591 0.6944 0.0027, -0.0591 0.7086 -0.0073, -0.0591 0.7249 -0.0136, -0.0591 0.6713 0.0591, -0.0591 0.6713 0.0315, -0.0591 0.8091 0.0591, -0.0591 0.9272 0.0315, -0.0591 0.8091 0.0315, 0.0591 0.7086 -0.0073, 0.0591 0.6944 0.0027, 0.0591 0.8091 0.0591, 0.0591 0.6831 0.0159, 0.0591 0.6713 0.0591, 0.0591 0.6753 0.0315, 0.0591 0.6713 0.0315, 0.0591 0.9272 0.0315, 0.0591 0.9272 -0.0157, 0.0591 0.8091 0.0315, 0.0591 0.7421 -0.0157, 0.0591 0.7249 -0.0136, 0.1378 0.9272 -0.0157, 0.1378 0.7421 -0.0157, 0.1378 0.6753 0.0315, 0.1378 0.6831 0.0159, 0.1378 0.6944 0.0027, 0.1378 0.7086 -0.0073, 0.1378 0.7249 -0.0136, 0.1378 0.6713 0.0591, 0.1378 0.6713 0.0315, 0.1378 0.8091 0.0591, 0.1378 0.9272 0.0315, 0.1378 0.8091 0.0315, 0.2559 0.7086 -0.0073, 0.2559 0.6944 0.0027, 0.2559 0.8091 0.0591, 0.2559 0.6831 0.0159, 0.2559 0.6713 0.0591, 0.2559 0.6753 0.0315, 0.2559 0.6713 0.0315, 0.2559 0.9272 0.0315, 0.2559 0.9272 -0.0157, 0.2559 0.8091 0.0315, 0.2559 0.7421 -0.0157, 0.2559 0.7249 -0.0136, 0.3346 0.9272 -0.0157, 0.3346 0.7421 -0.0157, 0.3346 0.6753 0.0315, 0.3346 0.6831 0.0159, 0.3346 0.6944 0.0027, 0.3346 0.7086 -0.0073, 0.3346 0.7249 -0.0136, 0.3346 0.6713 0.0591, 0.3346 0.6713 0.0315, 0.3346 0.8091 0.0591, 0.3346 0.9272 0.0315, 0.3346 0.8091 0.0315, 0.4528 0.7086 -0.0073, 0.4528 0.6944 0.0027, 0.4528 0.8091 0.0591, 0.4528 0.6831 0.0159, 0.4528 0.6713 0.0591, 0.4528 0.6753 0.0315, 0.4528 0.6713 0.0315, 0.4528 0.9272 0.0315, 0.4528 0.9272 -0.0157, 0.4528 0.8091 0.0315, 0.4528 0.7421 -0.0157, 0.4528 0.7249 -0.0136, 0.5315 0.9272 -0.0157, 0.5315 0.7421 -0.0157, 0.5315 0.6753 0.0315, 0.5315 0.6831 0.0159, 0.5315 0.6944 0.0027, 0.5315 0.7086 -0.0073, 0.5315 0.7249 -0.0136, 0.5315 0.6713 0.0591, 0.5315 0.6713 0.0315, 0.5315 0.8091 0.0591, 0.5315 0.9272 0.0315, 0.5315 0.8091 0.0315, 0.6496 0.7086 -0.0073, 0.6496 0.6944 0.0027, 0.6496 0.8091 0.0591, 0.6496 0.6831 0.0159, 0.6496 0.6713 0.0591, 0.6496 0.6753 0.0315, 0.6496 0.6713 0.0315, 0.6496 0.9272 0.0315, 0.6496 0.9272 -0.0157, 0.6496 0.8091 0.0315, 0.6496 0.7421 -0.0157, 0.6496 0.7249 -0.0136, 0.7283 0.9272 -0.0157, 0.7283 0.7421 -0.0157, 0.7283 0.6753 0.0315, 0.7283 0.6831 0.0159, 0.7283 0.6944 0.0027, 0.7283 0.7086 -0.0073, 0.7283 0.7249 -0.0136, 0.7283 0.6713 0.0591, 0.7283 0.6713 0.0315, 0.7283 0.8091 0.0591, 0.7283 0.9272 0.0315, 0.7283 0.8091 0.0315, 0.9272 0.9272 -0.0157, 0.9272 0.7421 -0.0157, 0.8366 0.9272 -0.0157, 0.8366 0.7421 -0.0157, 1.0138 0.9272 -0.0157, 1.0138 0.7421 -0.0157, 0.935 0.9272 -0.0157, 0.935 0.7421 -0.0157, 1.2106 0.9272 -0.0157, 1.2106 0.7421 -0.0157, 1.1319 0.9272 -0.0157, 1.1319 0.7421 -0.0157, 1.2185 0.9272 -0.0157, 1.3091 0.9272 -0.0157, 1.2185 0.7421 -0.0157, 1.3091 0.7421 -0.0157
            ]
        }
        coordIndex [
            0,1,2,-1,2,1,3,-1,4,5,6,-1,6,5,7,-1,8,9,10,-1,8,10,11,-1,11,10,12,-1,11,12,13,-1,4,14,5,-1,5,14,15,-1,5,15,16,-1,16,15,11,-1,16,11,17,-1,17,11,13,-1,18,19,20,-1,20,19,21,-1,22,23,24,-1,24,23,25,-1,26,27,28,-1,28,27,29,-1,28,29,30,-1,30,29,31,-1,30,31,32,-1,33,34,35,-1,35,34,36,-1,35,36,28,-1,28,36,37,-1,28,37,26,-1,38,39,34,-1,34,39,36,-1,40,31,29,-1,40,29,41,-1,41,29,27,-1,41,27,42,-1,42,27,26,-1,42,26,43,-1,43,26,37,-1,43,37,44,-1,44,37,36,-1,44,36,39,-1,45,46,40,-1,45,40,47,-1,47,40,41,-1,47,41,42,-1,38,48,39,-1,39,48,49,-1,39,49,44,-1,44,49,47,-1,44,47,43,-1,43,47,42,-1,50,51,52,-1,52,51,53,-1,52,53,54,-1,54,53,55,-1,54,55,56,-1,57,58,59,-1,59,58,60,-1,59,60,52,-1,52,60,61,-1,52,61,50,-1,62,63,58,-1,58,63,60,-1,64,55,53,-1,64,53,65,-1,65,53,51,-1,65,51,66,-1,66,51,50,-1,66,50,67,-1,67,50,61,-1,67,61,68,-1,68,61,60,-1,68,60,63,-1,69,70,64,-1,69,64,71,-1,71,64,65,-1,71,65,66,-1,62,72,63,-1,63,72,73,-1,63,73,68,-1,68,73,71,-1,68,71,67,-1,67,71,66,-1,74,75,76,-1,76,75,77,-1,76,77,78,-1,78,77,79,-1,78,79,80,-1,81,82,83,-1,83,82,84,-1,83,84,76,-1,76,84,85,-1,76,85,74,-1,86,87,82,-1,82,87,84,-1,88,79,77,-1,88,77,89,-1,89,77,75,-1,89,75,90,-1,90,75,74,-1,90,74,91,-1,91,74,85,-1,91,85,92,-1,92,85,84,-1,92,84,87,-1,93,94,88,-1,93,88,95,-1,95,88,89,-1,95,89,90,-1,86,96,87,-1,87,96,97,-1,87,97,92,-1,92,97,95,-1,92,95,91,-1,91,95,90,-1,98,99,100,-1,100,99,101,-1,100,101,102,-1,102,101,103,-1,102,103,104,-1,105,106,107,-1,107,106,108,-1,107,108,100,-1,100,108,109,-1,100,109,98,-1,110,111,106,-1,106,111,108,-1,112,103,101,-1,112,101,113,-1,113,101,99,-1,113,99,114,-1,114,99,98,-1,114,98,115,-1,115,98,109,-1,115,109,116,-1,116,109,108,-1,116,108,111,-1,117,118,112,-1,117,112,119,-1,119,112,113,-1,119,113,114,-1,110,120,111,-1,111,120,121,-1,111,121,116,-1,116,121,119,-1,116,119,115,-1,115,119,114,-1,122,123,124,-1,124,123,125,-1,124,125,126,-1,126,125,127,-1,126,127,128,-1,129,130,131,-1,131,130,132,-1,131,132,124,-1,124,132,133,-1,124,133,122,-1,134,135,130,-1,130,135,132,-1,136,127,125,-1,136,125,137,-1,137,125,123,-1,137,123,138,-1,138,123,122,-1,138,122,139,-1,139,122,133,-1,139,133,140,-1,140,133,132,-1,140,132,135,-1,141,142,136,-1,141,136,143,-1,143,136,137,-1,143,137,138,-1,134,144,135,-1,135,144,145,-1,135,145,140,-1,140,145,143,-1,140,143,139,-1,139,143,138,-1,146,147,148,-1,148,147,149,-1,148,149,150,-1,150,149,151,-1,150,151,152,-1,153,154,155,-1,155,154,156,-1,155,156,148,-1,148,156,157,-1,148,157,146,-1,158,159,154,-1,154,159,156,-1,160,151,149,-1,160,149,161,-1,161,149,147,-1,161,147,162,-1,162,147,146,-1,162,146,163,-1,163,146,157,-1,163,157,164,-1,164,157,156,-1,164,156,159,-1,165,166,160,-1,165,160,167,-1,167,160,161,-1,167,161,162,-1,158,168,159,-1,159,168,169,-1,159,169,164,-1,164,169,167,-1,164,167,163,-1,163,167,162,-1,170,171,172,-1,172,171,173,-1,172,173,174,-1,174,173,175,-1,174,175,176,-1,177,178,179,-1,179,178,180,-1,179,180,172,-1,172,180,181,-1,172,181,170,-1,182,183,178,-1,178,183,180,-1,184,175,173,-1,184,173,185,-1,185,173,171,-1,185,171,186,-1,186,171,170,-1,186,170,187,-1,187,170,181,-1,187,181,188,-1,188,181,180,-1,188,180,183,-1,189,190,184,-1,189,184,191,-1,191,184,185,-1,191,185,186,-1,182,192,183,-1,183,192,193,-1,183,193,188,-1,188,193,191,-1,188,191,187,-1,187,191,186,-1,194,195,196,-1,196,195,197,-1,196,197,198,-1,198,197,199,-1,198,199,200,-1,201,202,203,-1,203,202,204,-1,203,204,196,-1,196,204,205,-1,196,205,194,-1,206,207,202,-1,202,207,204,-1,208,199,197,-1,208,197,209,-1,209,197,195,-1,209,195,210,-1,210,195,194,-1,210,194,211,-1,211,194,205,-1,211,205,212,-1,212,205,204,-1,212,204,207,-1,213,214,208,-1,213,208,215,-1,215,208,209,-1,215,209,210,-1,206,216,207,-1,207,216,217,-1,207,217,212,-1,212,217,215,-1,212,215,211,-1,211,215,210,-1,218,219,220,-1,220,219,221,-1,222,223,224,-1,224,223,225,-1,226,227,228,-1,228,227,229,-1,230,231,232,-1,232,231,233,-1,
        ]
    }
}
Shape{
    appearance Appearance {
        material  Material 	{
            diffuseColor 0.2235294117647059 0.2235294117647059 0.2235294117647059
            specularColor 0.11372549019607843 0.11372549019607843 0.11372549019607843
            ambientIntensity 0.2235
            transparency 0.0
            shininess 0.5
        }
    }
    geometry IndexedFaceSet {
        ccw TRUE
        solid FALSE
        coord DEF co Coordinate {
            point [
                1.1319 0.6713 0.0315, 1.3091 0.6713 0.0315, 1.1319 0.6713 0.0591, 1.3091 0.6713 0.0591, 0.8366 0.6713 0.0591, 0.8366 0.6713 0.0315, 1.0138 0.6713 0.0591, 1.0138 0.6713 0.0315, -1.0138 0.6713 0.0315, -0.8366 0.6713 0.0315, -1.0138 0.6713 0.0591, -0.8366 0.6713 0.0591, -1.3091 0.6713 0.0591, -1.3091 0.6713 0.0315, -1.1319 0.6713 0.0591, -1.1319 0.6713 0.0315, -1.206 0.5006 0.037, -1.2069 0.502 0.0394, -1.1812 0.502 0.0394, -1.2431 0.4787 0.0106, -1.2499 0.4736 0.0108, -1.2508 0.4747 0.0144, -1.1144 0.4825 0.0232, -1.1159 0.4811 0.0202, -1.1235 0.4851 0.0201, -1.1199 0.4784 0.0073, -1.1128 0.4731 0.0071, -1.1134 0.4724 0.0, -1.1209 0.5002 0.0381, -1.1197 0.502 0.0394, -1.1085 0.502 0.0394, -1.0946 0.4994 0.0389, -1.0897 0.4993 0.0389, -1.0921 0.4966 0.0384, -1.1222 0.4985 0.0367, -1.1332 0.4993 0.0366, -1.1459 0.4983 0.0339, -1.1351 0.4969 0.0335, -1.137 0.4949 0.0301, -1.1112 0.4858 0.0286, -1.1129 0.484 0.026, -1.1209 0.4872 0.0253, -1.1474 0.4968 0.0309, -1.1582 0.4983 0.0319, -1.1573 0.4993 0.0345, -1.2191 0.502 0.0394, -1.2163 0.4983 0.0339, -1.2271 0.4969 0.0335, -1.2291 0.4993 0.0366, -1.2655 0.4967 0.0382, -1.2701 0.4966 0.0384, -1.2725 0.4993 0.0389, -1.2611 0.4916 0.0357, -1.2653 0.4912 0.0363, -1.2681 0.4943 0.038, -1.2607 0.4859 0.0328, -1.2618 0.4872 0.0341, -1.259 0.4891 0.034, -1.2629 0.4885 0.0348, -1.2224 0.4927 0.0244, -1.2326 0.4904 0.0255, -1.2233 0.4933 0.0263, -1.235 0.4926 0.0297, -1.2375 0.4953 0.0335, -1.2458 0.4918 0.0321, -1.2474 0.4937 0.034, -1.2548 0.4899 0.0331, -1.2567 0.4922 0.035, -1.2633 0.4941 0.0371, -1.2587 0.4945 0.0365, -1.249 0.4956 0.0356, -1.2388 0.4968 0.0352, -1.231 0.502 0.0394, -1.2413 0.5002 0.0381, -1.2426 0.502 0.0394, -1.2522 0.4998 0.0383, -1.2538 0.502 0.0394, -1.2627 0.4995 0.0387, -1.2646 0.502 0.0394, -1.2698 0.502 0.0394, -1.2529 0.4877 0.031, -1.2443 0.4901 0.03, -1.2252 0.4949 0.0301, -1.2149 0.4968 0.0309, -1.2041 0.4983 0.0319, -1.2031 0.4975 0.0293, -1.1591 0.4975 0.0293, -1.1812 0.499 0.031, -1.1812 0.5003 0.0353, -1.1389 0.4933 0.0263, -1.138 0.494 0.0282, -1.1296 0.4904 0.0255, -1.1284 0.4914 0.0277, -1.1194 0.4886 0.0277, -1.118 0.4901 0.03, -1.1164 0.4918 0.0321, -1.1075 0.4899 0.0331, -1.1055 0.4922 0.035, -1.1033 0.4891 0.0339, -1.1011 0.4916 0.0357, -1.1004 0.4872 0.0341, -1.1015 0.4859 0.0328, -1.1054 0.4867 0.0319, -1.1036 0.4835 0.0303, -1.1094 0.4878 0.031, -1.1148 0.4937 0.034, -1.1036 0.4945 0.0365, -1.099 0.4941 0.0371, -1.1272 0.4926 0.0297, -1.1247 0.4953 0.0335, -1.1132 0.4956 0.0356, -1.1016 0.497 0.0377, -1.0968 0.4967 0.0382, -1.0996 0.4995 0.0387, -1.1116 0.4977 0.0371, -1.1235 0.4968 0.0352, -1.1101 0.4998 0.0383, -1.0977 0.502 0.0394, -1.1312 0.502 0.0394, -1.1431 0.502 0.0394, -1.1445 0.5 0.0368, -1.1554 0.502 0.0394, -1.1563 0.5006 0.037, -1.0941 0.4943 0.038, -1.0969 0.4912 0.0363, -1.0993 0.4885 0.0348, -1.1609 0.4965 0.0237, -1.1626 0.4961 0.0179, -1.1717 0.4976 0.0211, -1.1719 0.4976 0.0211, -1.1811 0.498 0.0222, -1.1812 0.4983 0.0266, -1.1274 0.4833 0.0087, -1.1372 0.4882 0.0064, -1.1438 0.4912 0.0142, -1.1452 0.4909 0.0102, -1.1475 0.4917 0.0113, -1.1171 0.4801 0.0171, -1.1182 0.4793 0.0138, -1.1257 0.4838 0.0145, -1.1228 0.4798 0.0013, -1.1248 0.481 0.002, -1.1287 0.4832 0.0034, -1.1579 0.4954 0.0163, -1.1423 0.4915 0.0183, -1.1337 0.4879 0.0161, -1.1318 0.4888 0.0209, -1.1407 0.4921 0.0224, -1.1099 0.4764 0.0197, -1.1104 0.4759 0.018, -1.1114 0.4747 0.0144, -1.1125 0.4734 0.0102, -1.16 0.4969 0.0265, -1.2488 0.4724 0.0, -1.2494 0.4731 0.0071, -1.2391 0.48 0.0014, -1.2348 0.4833 0.0087, -1.2374 0.481 0.002, -1.2335 0.4832 0.0034, -1.2497 0.4734 0.0102, -1.2184 0.4912 0.0142, -1.217 0.4909 0.0102, -1.2249 0.4882 0.0066, -1.1918 0.4975 0.0209, -1.1996 0.4962 0.0179, -1.2014 0.4965 0.0237, -1.2037 0.4955 0.0164, -1.2147 0.4917 0.0113, -1.2357 0.4834 0.0116, -1.244 0.4792 0.0138, -1.2451 0.48 0.0171, -1.2518 0.4759 0.018, -1.2464 0.4811 0.0202, -1.2523 0.4764 0.0197, -1.2569 0.4867 0.0319, -1.2586 0.4835 0.0303, -1.2511 0.4858 0.0287, -1.2564 0.4811 0.0278, -1.2494 0.484 0.026, -1.2548 0.4792 0.0246, -1.2478 0.4824 0.0232, -1.2532 0.4774 0.0214, -1.2428 0.4886 0.0277, -1.2414 0.4872 0.0253, -1.24 0.486 0.0228, -1.2388 0.4851 0.0201, -1.2376 0.4843 0.0173, -1.2366 0.4838 0.0145, -1.2199 0.4915 0.0183, -1.2207 0.4917 0.0204, -1.2022 0.4969 0.0265, -1.2215 0.4921 0.0224, -1.24 0.4985 0.0367, -1.2506 0.4977 0.0371, -1.2607 0.497 0.0378, -1.2677 0.4994 0.0389, -1.2748 0.502 0.0394, -1.1811 0.498 0.0222, -1.1818 0.498 0.0222, -1.1903 0.4976 0.0211, -1.0874 0.502 0.0394, -1.0925 0.502 0.0394, -1.2177 0.5 0.0368, -1.205 0.4993 0.0345, -1.1058 0.4811 0.0278, -1.1074 0.4792 0.0246, -1.109 0.4774 0.0214, 1.1562 0.5006 0.037, 1.1553 0.502 0.0394, 1.181 0.502 0.0394, 1.1191 0.4787 0.0106, 1.1123 0.4736 0.0108, 1.1114 0.4747 0.0144, 1.2478 0.4825 0.0232, 1.2463 0.4811 0.0202, 1.2387 0.4851 0.0201, 1.2423 0.4784 0.0073, 1.2494 0.4731 0.0071, 1.2488 0.4724 0.0, 1.2413 0.5002 0.0381, 1.2425 0.502 0.0394, 1.2537 0.502 0.0394, 1.2676 0.4994 0.0389, 1.2725 0.4993 0.0389, 1.2701 0.4966 0.0384, 1.24 0.4985 0.0367, 1.229 0.4993 0.0366, 1.2163 0.4983 0.0339, 1.2271 0.4969 0.0335, 1.2252 0.4949 0.0301, 1.251 0.4858 0.0286, 1.2493 0.484 0.026, 1.2413 0.4872 0.0253, 1.2148 0.4968 0.0309, 1.204 0.4983 0.0319, 1.205 0.4993 0.0345, 1.1431 0.502 0.0394, 1.1459 0.4983 0.0339, 1.1351 0.4969 0.0335, 1.1331 0.4993 0.0366, 1.0967 0.4967 0.0382, 1.0921 0.4966 0.0384, 1.0897 0.4993 0.0389, 1.1011 0.4916 0.0357, 1.0969 0.4912 0.0363, 1.0941 0.4943 0.038, 1.1015 0.4859 0.0328, 1.1004 0.4872 0.0341, 1.1033 0.4891 0.034, 1.0993 0.4885 0.0348, 1.1398 0.4927 0.0244, 1.1296 0.4904 0.0255, 1.1389 0.4933 0.0263, 1.1272 0.4926 0.0297, 1.1247 0.4953 0.0335, 1.1164 0.4918 0.0321, 1.1148 0.4937 0.034, 1.1074 0.4899 0.0331, 1.1055 0.4922 0.035, 1.0989 0.4941 0.0371, 1.1035 0.4945 0.0365, 1.1132 0.4956 0.0356, 1.1234 0.4968 0.0352, 1.1312 0.502 0.0394, 1.1209 0.5002 0.0381, 1.1196 0.502 0.0394, 1.11 0.4998 0.0383, 1.1084 0.502 0.0394, 1.0995 0.4995 0.0387, 1.0976 0.502 0.0394, 1.0924 0.502 0.0394, 1.1093 0.4877 0.031, 1.1179 0.4901 0.03, 1.137 0.4949 0.0301, 1.1473 0.4968 0.0309, 1.1581 0.4983 0.0319, 1.1591 0.4975 0.0293, 1.2031 0.4975 0.0293, 1.181 0.499 0.031, 1.181 0.5003 0.0353, 1.2233 0.4933 0.0263, 1.2242 0.494 0.0282, 1.2326 0.4904 0.0255, 1.2338 0.4914 0.0277, 1.2428 0.4886 0.0277, 1.2442 0.4901 0.03, 1.2458 0.4918 0.0321, 1.2547 0.4899 0.0331, 1.2567 0.4922 0.035, 1.2589 0.4891 0.0339, 1.2611 0.4916 0.0357, 1.2618 0.4872 0.0341, 1.2607 0.4859 0.0328, 1.2568 0.4867 0.0319, 1.2586 0.4835 0.0303, 1.2528 0.4878 0.031, 1.2474 0.4937 0.034, 1.2586 0.4945 0.0365, 1.2633 0.4941 0.0371, 1.235 0.4926 0.0297, 1.2375 0.4953 0.0335, 1.249 0.4956 0.0356, 1.2606 0.497 0.0377, 1.2654 0.4967 0.0382, 1.2626 0.4995 0.0387, 1.2506 0.4977 0.0371, 1.2387 0.4968 0.0352, 1.2521 0.4998 0.0383, 1.2645 0.502 0.0394, 1.231 0.502 0.0394, 1.2191 0.502 0.0394, 1.2177 0.5 0.0368, 1.2068 0.502 0.0394, 1.2059 0.5006 0.037, 1.2681 0.4943 0.038, 1.2653 0.4912 0.0363, 1.2629 0.4885 0.0348, 1.2013 0.4965 0.0237, 1.1996 0.4961 0.0179, 1.1905 0.4976 0.0211, 1.2348 0.4833 0.0087, 1.225 0.4882 0.0064, 1.2184 0.4912 0.0142, 1.217 0.4909 0.0102, 1.2147 0.4917 0.0113, 1.2451 0.4801 0.0171, 1.244 0.4793 0.0138, 1.2365 0.4838 0.0145, 1.2394 0.4798 0.0013, 1.2374 0.481 0.002, 1.2335 0.4832 0.0034, 1.2043 0.4954 0.0163, 1.2199 0.4915 0.0183, 1.2285 0.4879 0.0161, 1.2304 0.4888 0.0209, 1.2215 0.4921 0.0224, 1.2523 0.4764 0.0197, 1.2518 0.4759 0.018, 1.2508 0.4747 0.0144, 1.2497 0.4734 0.0102, 1.2022 0.4969 0.0265, 1.1811 0.4983 0.0266, 1.1903 0.4976 0.0211, 1.1134 0.4724 0.0, 1.1128 0.4731 0.0071, 1.1231 0.48 0.0014, 1.1274 0.4833 0.0087, 1.1248 0.481 0.002, 1.1287 0.4832 0.0034, 1.1125 0.4734 0.0102, 1.1438 0.4912 0.0142, 1.1452 0.4909 0.0102, 1.1373 0.4882 0.0066, 1.1704 0.4975 0.0209, 1.1626 0.4962 0.0179, 1.1608 0.4965 0.0237, 1.1585 0.4955 0.0164, 1.1475 0.4917 0.0113, 1.1266 0.4834 0.0116, 1.1182 0.4792 0.0138, 1.1171 0.48 0.0171, 1.1104 0.4759 0.018, 1.1158 0.4811 0.0202, 1.1099 0.4764 0.0197, 1.1053 0.4867 0.0319, 1.1036 0.4835 0.0303, 1.1111 0.4858 0.0287, 1.1058 0.4811 0.0278, 1.1128 0.484 0.026, 1.1074 0.4792 0.0246, 1.1144 0.4824 0.0232, 1.109 0.4774 0.0214, 1.1194 0.4886 0.0277, 1.1208 0.4872 0.0253, 1.1222 0.486 0.0228, 1.1234 0.4851 0.0201, 1.1246 0.4843 0.0173, 1.1256 0.4838 0.0145, 1.1423 0.4915 0.0183, 1.1415 0.4917 0.0204, 1.16 0.4969 0.0265, 1.1407 0.4921 0.0224, 1.1222 0.4985 0.0367, 1.1116 0.4977 0.0371, 1.1015 0.497 0.0378, 1.0945 0.4994 0.0389, 1.0874 0.502 0.0394, 1.1811 0.498 0.0222, 1.1804 0.498 0.0222, 1.1719 0.4976 0.0211, 1.2748 0.502 0.0394, 1.2697 0.502 0.0394, 1.1445 0.5 0.0368, 1.1572 0.4993 0.0345, 1.2564 0.4811 0.0278, 1.2548 0.4792 0.0246, 1.2532 0.4774 0.0214, -1.1902 0.4968 -0.1339, -1.1811 0.498 -0.1339, -1.2371 0.4806 -0.1339, -1.2323 0.4843 -0.1339, -1.2146 0.4916 -0.1339, -1.2076 0.4945 -0.1339, -1.2835 0.3957 -0.1339, -1.2827 0.408 0.0, -1.2802 0.4207 -0.1339, -1.2796 0.4205 0.0, -1.28 0.4222 -0.1339, -1.2768 0.432 0.0, -1.2709 0.444 -0.1339, -1.2706 0.4438 0.0, -1.2698 0.4469 -0.1339, -1.2653 0.4539 0.0, -1.2563 0.4644 -0.1339, -1.2561 0.4642 0.0, -1.2535 0.4681 -0.1339, -1.2371 0.3107 -0.1339, -1.2487 0.3188 0.0, -1.2535 0.3233 -0.1339, -1.2561 0.3271 0.0, -1.2563 0.3269 -0.1339, -1.2652 0.3373 0.0, -1.2698 0.3445 -0.1339, -1.2706 0.3475 0.0, -1.2709 0.3473 -0.1339, -1.2767 0.3592 0.0, -1.28 0.3692 -0.1339, -1.2796 0.3708 0.0, -1.2802 0.3707 -0.1339, -1.2827 0.3832 0.0, -1.2827 0.3957 0.0, -1.1902 0.2945 -0.1339, -1.1902 0.2943 0.0001, -1.1931 0.2947 0.0001, -1.2076 0.2968 -0.1339, -1.2041 0.2959 0.0, -1.2051 0.2962 0.0, -1.2146 0.2997 -0.1339, -1.2147 0.2997 0.0, -1.2323 0.307 -0.1339, -1.2283 0.3048 0.0, -1.2371 0.3109 0.0, -1.1811 0.2933 -0.1339, -1.1811 0.2933 0.0002, -1.1811 0.2933 0.0002, -1.0646 0.4763 0.0394, -1.1496 0.2648 0.0384, -1.1503 0.2678 0.038, -1.1205 0.2789 0.038, -1.0729 0.4705 0.038, -1.1513 0.2718 0.0363, -1.1525 0.277 0.0341, -1.1249 0.2873 0.0341, -1.0808 0.4651 0.0341, -1.1529 0.2787 0.0328, -1.1544 0.2849 0.0278, -1.1286 0.2946 0.0278, -1.0875 0.4605 0.0278, -1.1556 0.2897 0.0214, -1.1559 0.291 0.0197, -1.1315 0.3001 0.0197, -1.1569 0.2952 0.0071, -1.1571 0.2962 0.0, -1.1475 0.2997 0.0, -1.1568 0.2948 0.0102, -1.1333 0.3036 0.0102, -1.1564 0.2932 0.0144, -1.1339 0.3048 0.0, -1.1251 0.3109 0.0, -1.1126 0.3178 0.0102, -1.1135 0.3188 0.0, -1.1061 0.3271 0.0, -1.0959 0.3365 0.0102, -1.097 0.3373 0.0, -1.0916 0.3475 0.0, -1.0842 0.3587 0.0102, -1.0855 0.3592 0.0, -1.0826 0.3708 0.0, -1.0782 0.3831 0.0102, -1.0795 0.3832 0.0, -1.0782 0.4081 0.0102, -1.0795 0.3957 0.0, -1.0795 0.408 0.0, -1.0842 0.4325 0.0102, -1.0826 0.4205 0.0, -1.0854 0.432 0.0, -1.0958 0.4547 0.0102, -1.0916 0.4438 0.0, -1.0969 0.4539 0.0, -1.1061 0.4642 0.0, -1.0926 0.4569 0.0197, -1.0805 0.4339 0.0197, -1.0742 0.4086 0.0197, -1.0743 0.3826 0.0197, -1.0805 0.3573 0.0197, -1.0927 0.3343 0.0197, -1.11 0.3148 0.0197, -1.0746 0.4361 0.0278, -1.068 0.4094 0.0278, -1.0681 0.3818 0.0278, -1.0747 0.3551 0.0278, -1.0876 0.3307 0.0278, -1.1059 0.3101 0.0278, -1.067 0.439 0.0341, -1.0599 0.4103 0.0341, -1.06 0.3808 0.0341, -1.0671 0.3522 0.0341, -1.0809 0.3261 0.0341, -1.1005 0.304 0.0341, -1.0581 0.4424 0.038, -1.0505 0.4115 0.038, -1.0505 0.3797 0.038, -1.0582 0.3488 0.038, -1.0731 0.3206 0.038, -1.0942 0.2969 0.038, -1.0486 0.446 0.0394, -1.0404 0.4127 0.0394, -1.0404 0.3784 0.0394, -1.0487 0.3451 0.0394, -1.0647 0.3148 0.0394, -1.0875 0.2892 0.0394, -1.1158 0.2699 0.0394, -1.1479 0.2579 0.0394, -1.2126 0.2648 0.0384, -1.2143 0.2579 0.0394, -1.2464 0.2699 0.0394, -1.2109 0.2718 0.0363, -1.2119 0.2678 0.038, -1.2417 0.2789 0.038, -1.2093 0.2787 0.0328, -1.2097 0.277 0.0341, -1.2373 0.2873 0.0341, -1.2066 0.2897 0.0214, -1.2078 0.2849 0.0278, -1.2336 0.2946 0.0278, -1.2058 0.2932 0.0144, -1.2063 0.291 0.0197, -1.2307 0.3001 0.0197, -1.2664 0.4547 0.0102, -1.278 0.4325 0.0102, -1.2841 0.4081 0.0102, -1.284 0.3831 0.0102, -1.278 0.3587 0.0102, -1.2663 0.3365 0.0102, -1.2496 0.3178 0.0102, -1.2289 0.3036 0.0102, -1.2054 0.2948 0.0102, -1.2053 0.2952 0.0071, -1.2696 0.4569 0.0197, -1.2522 0.3148 0.0197, -1.2695 0.3343 0.0197, -1.2817 0.3573 0.0197, -1.2879 0.3826 0.0197, -1.288 0.4086 0.0197, -1.2817 0.4339 0.0197, -1.2747 0.4605 0.0278, -1.2563 0.3101 0.0278, -1.2746 0.3307 0.0278, -1.2875 0.3551 0.0278, -1.2941 0.3818 0.0278, -1.2942 0.4094 0.0278, -1.2876 0.4361 0.0278, -1.2814 0.4651 0.0341, -1.2617 0.304 0.0341, -1.2813 0.3261 0.0341, -1.2951 0.3522 0.0341, -1.3022 0.3808 0.0341, -1.3023 0.4103 0.0341, -1.2952 0.439 0.0341, -1.2893 0.4705 0.038, -1.268 0.2969 0.038, -1.2891 0.3206 0.038, -1.304 0.3488 0.038, -1.3117 0.3797 0.038, -1.3117 0.4115 0.038, -1.3041 0.4424 0.038, -1.2976 0.4763 0.0394, -1.2747 0.2892 0.0394, -1.2975 0.3148 0.0394, -1.3135 0.3451 0.0394, -1.3218 0.3784 0.0394, -1.3218 0.4127 0.0394, -1.3136 0.446 0.0394, 1.1811 0.498 -0.1339, 1.172 0.4968 -0.1339, 1.1251 0.4806 -0.1339, 1.1299 0.4843 -0.1339, 1.1476 0.4916 -0.1339, 1.1546 0.4945 -0.1339, 1.0787 0.3957 -0.1339, 1.0795 0.408 0.0, 1.082 0.4207 -0.1339, 1.0826 0.4205 0.0, 1.0822 0.4222 -0.1339, 1.0854 0.432 0.0, 1.0913 0.444 -0.1339, 1.0916 0.4438 0.0, 1.0925 0.4469 -0.1339, 1.0969 0.4539 0.0, 1.1059 0.4644 -0.1339, 1.1061 0.4642 0.0, 1.1087 0.4681 -0.1339, 1.1251 0.3107 -0.1339, 1.1135 0.3188 0.0, 1.1087 0.3233 -0.1339, 1.1061 0.3271 0.0, 1.1059 0.3269 -0.1339, 1.097 0.3373 0.0, 1.0925 0.3445 -0.1339, 1.0916 0.3475 0.0, 1.0913 0.3473 -0.1339, 1.0855 0.3592 0.0, 1.0822 0.3692 -0.1339, 1.0826 0.3708 0.0, 1.082 0.3707 -0.1339, 1.0795 0.3832 0.0, 1.0795 0.3957 0.0, 1.172 0.2945 -0.1339, 1.172 0.2943 0.0001, 1.1691 0.2947 0.0001, 1.1546 0.2968 -0.1339, 1.1581 0.2959 0.0, 1.1571 0.2962 0.0, 1.1476 0.2997 -0.1339, 1.1475 0.2997 0.0, 1.1299 0.307 -0.1339, 1.1339 0.3048 0.0, 1.1251 0.3109 0.0, 1.1811 0.2933 -0.1339, 1.1811 0.2933 0.0002, 1.1811 0.2933 0.0002, 1.2976 0.4763 0.0394, 1.2126 0.2648 0.0384, 1.2119 0.2678 0.038, 1.2417 0.2789 0.038, 1.2893 0.4705 0.038, 1.2109 0.2718 0.0363, 1.2097 0.277 0.0341, 1.2373 0.2873 0.0341, 1.2814 0.4651 0.0341, 1.2093 0.2787 0.0328, 1.2078 0.2849 0.0278, 1.2336 0.2946 0.0278, 1.2066 0.2897 0.0214, 1.2063 0.291 0.0197, 1.2307 0.3001 0.0197, 1.2696 0.4569 0.0197, 1.2053 0.2952 0.0071, 1.2051 0.2962 0.0, 1.2147 0.2997 0.0, 1.2054 0.2948 0.0102, 1.2289 0.3036 0.0102, 1.2058 0.2932 0.0144, 1.2283 0.3048 0.0, 1.2371 0.3109 0.0, 1.2496 0.3178 0.0102, 1.2487 0.3188 0.0, 1.2561 0.3271 0.0, 1.2663 0.3365 0.0102, 1.2652 0.3373 0.0, 1.2706 0.3475 0.0, 1.278 0.3587 0.0102, 1.2767 0.3592 0.0, 1.2796 0.3708 0.0, 1.284 0.3831 0.0102, 1.2827 0.3832 0.0, 1.2841 0.4081 0.0102, 1.2827 0.3957 0.0, 1.2827 0.408 0.0, 1.278 0.4325 0.0102, 1.2796 0.4205 0.0, 1.2768 0.432 0.0, 1.2664 0.4547 0.0102, 1.2706 0.4438 0.0, 1.2561 0.4642 0.0, 1.2653 0.4539 0.0, 1.2817 0.4339 0.0197, 1.288 0.4086 0.0197, 1.2879 0.3826 0.0197, 1.2817 0.3573 0.0197, 1.2695 0.3343 0.0197, 1.2522 0.3148 0.0197, 1.2747 0.4605 0.0278, 1.2876 0.4361 0.0278, 1.2942 0.4094 0.0278, 1.2941 0.3818 0.0278, 1.2875 0.3551 0.0278, 1.2746 0.3307 0.0278, 1.2563 0.3101 0.0278, 1.2952 0.439 0.0341, 1.3023 0.4103 0.0341, 1.3022 0.3808 0.0341, 1.2951 0.3522 0.0341, 1.2813 0.3261 0.0341, 1.2617 0.304 0.0341, 1.3041 0.4424 0.038, 1.3117 0.4115 0.038, 1.3117 0.3797 0.038, 1.304 0.3488 0.038, 1.2891 0.3206 0.038, 1.268 0.2969 0.038, 1.3136 0.446 0.0394, 1.3218 0.4127 0.0394, 1.3218 0.3784 0.0394, 1.3135 0.3451 0.0394, 1.2975 0.3148 0.0394, 1.2747 0.2892 0.0394, 1.2464 0.2699 0.0394, 1.2143 0.2579 0.0394, 1.1496 0.2648 0.0384, 1.1479 0.2579 0.0394, 1.1158 0.2699 0.0394, 1.1513 0.2718 0.0363, 1.1503 0.2678 0.038, 1.1205 0.2789 0.038, 1.1529 0.2787 0.0328, 1.1525 0.277 0.0341, 1.1249 0.2873 0.0341, 1.1556 0.2897 0.0214, 1.1544 0.2849 0.0278, 1.1286 0.2946 0.0278, 1.1564 0.2932 0.0144, 1.1559 0.291 0.0197, 1.1315 0.3001 0.0197, 1.0958 0.4547 0.0102, 1.0842 0.4325 0.0102, 1.0782 0.4081 0.0102, 1.0782 0.3831 0.0102, 1.0842 0.3587 0.0102, 1.0959 0.3365 0.0102, 1.1126 0.3178 0.0102, 1.1333 0.3036 0.0102, 1.1568 0.2948 0.0102, 1.1569 0.2952 0.0071, 1.0926 0.4569 0.0197, 1.11 0.3148 0.0197, 1.0927 0.3343 0.0197, 1.0805 0.3573 0.0197, 1.0743 0.3826 0.0197, 1.0742 0.4086 0.0197, 1.0805 0.4339 0.0197, 1.0875 0.4605 0.0278, 1.1059 0.3101 0.0278, 1.0876 0.3307 0.0278, 1.0747 0.3551 0.0278, 1.0681 0.3818 0.0278, 1.068 0.4094 0.0278, 1.0746 0.4361 0.0278, 1.0808 0.4651 0.0341, 1.1005 0.304 0.0341, 1.0809 0.3261 0.0341, 1.0671 0.3522 0.0341, 1.06 0.3808 0.0341, 1.0599 0.4103 0.0341, 1.067 0.439 0.0341, 1.0729 0.4705 0.038, 1.0942 0.2969 0.038, 1.0731 0.3206 0.038, 1.0582 0.3488 0.038, 1.0505 0.3797 0.038, 1.0505 0.4115 0.038, 1.0581 0.4424 0.038, 1.0646 0.4763 0.0394, 1.0875 0.2892 0.0394, 1.0647 0.3148 0.0394, 1.0487 0.3451 0.0394, 1.0404 0.3784 0.0394, 1.0404 0.4127 0.0394, 1.0486 0.446 0.0394
            ]
        }
        coordIndex [
            0,1,2,-1,2,1,3,-1,4,5,6,-1,6,5,7,-1,8,9,10,-1,10,9,11,-1,12,13,14,-1,14,13,15,-1,16,17,18,-1,19,20,21,-1,22,23,24,-1,25,26,27,-1,28,29,30,-1,31,32,33,-1,28,34,35,-1,36,37,38,-1,39,40,41,-1,42,43,44,-1,17,16,45,-1,46,47,48,-1,49,50,51,-1,52,53,54,-1,55,56,57,-1,57,56,58,-1,57,58,53,-1,59,60,61,-1,61,60,62,-1,63,64,65,-1,65,64,66,-1,65,66,67,-1,67,66,52,-1,67,52,68,-1,68,52,54,-1,68,54,50,-1,50,49,68,-1,68,49,69,-1,68,69,67,-1,67,69,70,-1,67,70,65,-1,65,70,71,-1,65,71,63,-1,72,73,74,-1,74,73,75,-1,74,75,76,-1,76,75,77,-1,76,77,78,-1,78,77,79,-1,53,52,57,-1,57,52,66,-1,57,66,80,-1,80,66,64,-1,80,64,81,-1,81,64,63,-1,81,63,62,-1,62,63,82,-1,62,82,61,-1,47,46,83,-1,83,46,84,-1,83,84,85,-1,43,42,86,-1,86,87,43,-1,43,87,88,-1,43,88,44,-1,89,90,91,-1,91,90,92,-1,91,92,41,-1,41,92,93,-1,41,93,39,-1,94,95,96,-1,96,95,97,-1,96,97,98,-1,98,97,99,-1,100,101,102,-1,102,101,103,-1,102,103,104,-1,95,105,97,-1,97,105,106,-1,97,106,99,-1,99,106,107,-1,94,108,95,-1,95,108,109,-1,95,109,105,-1,105,109,110,-1,105,110,106,-1,106,110,111,-1,106,111,107,-1,107,111,112,-1,31,112,113,-1,113,112,111,-1,113,111,114,-1,114,111,110,-1,114,110,115,-1,115,110,109,-1,115,109,37,-1,37,109,108,-1,37,108,38,-1,34,28,116,-1,116,28,30,-1,116,30,117,-1,29,28,118,-1,118,28,35,-1,118,35,119,-1,119,35,120,-1,119,120,121,-1,121,120,122,-1,121,122,18,-1,31,33,112,-1,112,33,123,-1,112,123,107,-1,107,123,124,-1,107,124,99,-1,99,124,125,-1,99,125,98,-1,126,127,128,-1,129,130,131,-1,132,133,134,-1,134,133,135,-1,134,135,136,-1,137,138,139,-1,139,138,25,-1,139,25,132,-1,27,140,25,-1,25,140,141,-1,25,141,132,-1,132,141,142,-1,132,142,133,-1,136,143,134,-1,134,143,144,-1,134,144,132,-1,132,144,145,-1,132,145,139,-1,23,137,24,-1,24,137,139,-1,24,139,146,-1,146,139,145,-1,146,145,147,-1,147,145,144,-1,147,144,126,-1,126,144,143,-1,126,143,127,-1,23,148,137,-1,137,148,149,-1,137,149,138,-1,138,149,150,-1,138,150,25,-1,25,150,151,-1,25,151,26,-1,40,22,41,-1,41,22,24,-1,41,24,91,-1,91,24,146,-1,91,146,89,-1,89,146,147,-1,89,147,152,-1,152,147,126,-1,152,126,131,-1,131,126,128,-1,131,128,129,-1,153,154,155,-1,155,154,156,-1,155,156,157,-1,157,156,158,-1,20,19,159,-1,160,161,156,-1,156,161,162,-1,156,162,158,-1,163,164,165,-1,165,164,166,-1,165,166,160,-1,160,166,167,-1,160,167,161,-1,168,19,169,-1,169,19,21,-1,169,21,170,-1,170,21,171,-1,170,171,172,-1,172,171,173,-1,55,174,175,-1,175,174,176,-1,175,176,177,-1,177,176,178,-1,177,178,179,-1,179,178,180,-1,179,180,181,-1,176,182,178,-1,178,182,183,-1,178,183,180,-1,180,183,172,-1,180,172,181,-1,181,172,173,-1,183,184,172,-1,172,184,185,-1,172,185,170,-1,170,185,186,-1,170,186,169,-1,169,186,187,-1,169,187,168,-1,188,189,190,-1,190,189,191,-1,190,191,85,-1,191,59,85,-1,85,59,61,-1,85,61,83,-1,83,61,82,-1,83,82,47,-1,47,82,63,-1,47,63,48,-1,48,63,71,-1,48,71,192,-1,192,71,70,-1,192,70,193,-1,193,70,69,-1,193,69,194,-1,194,69,49,-1,194,49,195,-1,195,49,51,-1,195,51,196,-1,55,57,174,-1,174,57,80,-1,174,80,176,-1,176,80,81,-1,176,81,182,-1,182,81,62,-1,182,62,183,-1,183,62,60,-1,183,60,184,-1,184,60,59,-1,184,59,185,-1,185,59,191,-1,185,191,186,-1,186,191,189,-1,186,189,187,-1,187,189,188,-1,187,188,168,-1,130,197,131,-1,131,197,198,-1,131,198,199,-1,200,32,201,-1,201,32,31,-1,201,31,117,-1,117,31,113,-1,117,113,116,-1,116,113,114,-1,116,114,34,-1,34,114,115,-1,34,115,35,-1,35,115,37,-1,35,37,120,-1,120,37,36,-1,120,36,122,-1,72,45,202,-1,202,45,16,-1,202,16,203,-1,203,16,18,-1,203,18,88,-1,88,18,122,-1,88,122,44,-1,44,122,36,-1,44,36,42,-1,42,36,38,-1,93,104,39,-1,39,104,103,-1,39,103,40,-1,40,103,204,-1,40,204,22,-1,22,204,205,-1,22,205,23,-1,23,205,206,-1,23,206,148,-1,125,100,98,-1,98,100,102,-1,98,102,96,-1,96,102,104,-1,96,104,94,-1,94,104,93,-1,94,93,108,-1,108,93,92,-1,108,92,38,-1,38,92,90,-1,38,90,42,-1,42,90,89,-1,42,89,86,-1,86,89,152,-1,86,152,87,-1,87,152,131,-1,87,131,165,-1,165,131,199,-1,165,199,163,-1,196,79,195,-1,195,79,77,-1,195,77,194,-1,194,77,75,-1,194,75,193,-1,193,75,73,-1,193,73,192,-1,192,73,72,-1,192,72,48,-1,48,72,202,-1,48,202,46,-1,46,202,203,-1,46,203,84,-1,84,203,88,-1,84,88,85,-1,85,88,87,-1,85,87,190,-1,190,87,165,-1,190,165,188,-1,188,165,160,-1,188,160,168,-1,168,160,156,-1,168,156,19,-1,19,156,154,-1,19,154,159,-1,207,208,209,-1,210,211,212,-1,213,214,215,-1,216,217,218,-1,219,220,221,-1,222,223,224,-1,219,225,226,-1,227,228,229,-1,230,231,232,-1,233,234,235,-1,208,207,236,-1,237,238,239,-1,240,241,242,-1,243,244,245,-1,246,247,248,-1,248,247,249,-1,248,249,244,-1,250,251,252,-1,252,251,253,-1,254,255,256,-1,256,255,257,-1,256,257,258,-1,258,257,243,-1,258,243,259,-1,259,243,245,-1,259,245,241,-1,241,240,259,-1,259,240,260,-1,259,260,258,-1,258,260,261,-1,258,261,256,-1,256,261,262,-1,256,262,254,-1,263,264,265,-1,265,264,266,-1,265,266,267,-1,267,266,268,-1,267,268,269,-1,269,268,270,-1,244,243,248,-1,248,243,257,-1,248,257,271,-1,271,257,255,-1,271,255,272,-1,272,255,254,-1,272,254,253,-1,253,254,273,-1,253,273,252,-1,238,237,274,-1,274,237,275,-1,274,275,276,-1,234,233,277,-1,277,278,234,-1,234,278,279,-1,234,279,235,-1,280,281,282,-1,282,281,283,-1,282,283,232,-1,232,283,284,-1,232,284,230,-1,285,286,287,-1,287,286,288,-1,287,288,289,-1,289,288,290,-1,291,292,293,-1,293,292,294,-1,293,294,295,-1,286,296,288,-1,288,296,297,-1,288,297,290,-1,290,297,298,-1,285,299,286,-1,286,299,300,-1,286,300,296,-1,296,300,301,-1,296,301,297,-1,297,301,302,-1,297,302,298,-1,298,302,303,-1,222,303,304,-1,304,303,302,-1,304,302,305,-1,305,302,301,-1,305,301,306,-1,306,301,300,-1,306,300,228,-1,228,300,299,-1,228,299,229,-1,225,219,307,-1,307,219,221,-1,307,221,308,-1,220,219,309,-1,309,219,226,-1,309,226,310,-1,310,226,311,-1,310,311,312,-1,312,311,313,-1,312,313,209,-1,222,224,303,-1,303,224,314,-1,303,314,298,-1,298,314,315,-1,298,315,290,-1,290,315,316,-1,290,316,289,-1,317,318,319,-1,320,321,322,-1,322,321,323,-1,322,323,324,-1,325,326,327,-1,327,326,216,-1,327,216,320,-1,218,328,216,-1,216,328,329,-1,216,329,320,-1,320,329,330,-1,320,330,321,-1,324,331,322,-1,322,331,332,-1,322,332,320,-1,320,332,333,-1,320,333,327,-1,214,325,215,-1,215,325,327,-1,215,327,334,-1,334,327,333,-1,334,333,335,-1,335,333,332,-1,335,332,317,-1,317,332,331,-1,317,331,318,-1,214,336,325,-1,325,336,337,-1,325,337,326,-1,326,337,338,-1,326,338,216,-1,216,338,339,-1,216,339,217,-1,231,213,232,-1,232,213,215,-1,232,215,282,-1,282,215,334,-1,282,334,280,-1,280,334,335,-1,280,335,340,-1,340,335,317,-1,340,317,341,-1,341,317,319,-1,341,319,342,-1,343,344,345,-1,345,344,346,-1,345,346,347,-1,347,346,348,-1,211,210,349,-1,350,351,346,-1,346,351,352,-1,346,352,348,-1,353,354,355,-1,355,354,356,-1,355,356,350,-1,350,356,357,-1,350,357,351,-1,358,210,359,-1,359,210,212,-1,359,212,360,-1,360,212,361,-1,360,361,362,-1,362,361,363,-1,246,364,365,-1,365,364,366,-1,365,366,367,-1,367,366,368,-1,367,368,369,-1,369,368,370,-1,369,370,371,-1,366,372,368,-1,368,372,373,-1,368,373,370,-1,370,373,362,-1,370,362,371,-1,371,362,363,-1,373,374,362,-1,362,374,375,-1,362,375,360,-1,360,375,376,-1,360,376,359,-1,359,376,377,-1,359,377,358,-1,378,379,380,-1,380,379,381,-1,380,381,276,-1,381,250,276,-1,276,250,252,-1,276,252,274,-1,274,252,273,-1,274,273,238,-1,238,273,254,-1,238,254,239,-1,239,254,262,-1,239,262,382,-1,382,262,261,-1,382,261,383,-1,383,261,260,-1,383,260,384,-1,384,260,240,-1,384,240,385,-1,385,240,242,-1,385,242,386,-1,246,248,364,-1,364,248,271,-1,364,271,366,-1,366,271,272,-1,366,272,372,-1,372,272,253,-1,372,253,373,-1,373,253,251,-1,373,251,374,-1,374,251,250,-1,374,250,375,-1,375,250,381,-1,375,381,376,-1,376,381,379,-1,376,379,377,-1,377,379,378,-1,377,378,358,-1,342,387,341,-1,341,387,388,-1,341,388,389,-1,390,223,391,-1,391,223,222,-1,391,222,308,-1,308,222,304,-1,308,304,307,-1,307,304,305,-1,307,305,225,-1,225,305,306,-1,225,306,226,-1,226,306,228,-1,226,228,311,-1,311,228,227,-1,311,227,313,-1,263,236,392,-1,392,236,207,-1,392,207,393,-1,393,207,209,-1,393,209,279,-1,279,209,313,-1,279,313,235,-1,235,313,227,-1,235,227,233,-1,233,227,229,-1,284,295,230,-1,230,295,294,-1,230,294,231,-1,231,294,394,-1,231,394,213,-1,213,394,395,-1,213,395,214,-1,214,395,396,-1,214,396,336,-1,316,291,289,-1,289,291,293,-1,289,293,287,-1,287,293,295,-1,287,295,285,-1,285,295,284,-1,285,284,299,-1,299,284,283,-1,299,283,229,-1,229,283,281,-1,229,281,233,-1,233,281,280,-1,233,280,277,-1,277,280,340,-1,277,340,278,-1,278,340,341,-1,278,341,355,-1,355,341,389,-1,355,389,353,-1,386,270,385,-1,385,270,268,-1,385,268,384,-1,384,268,266,-1,384,266,383,-1,383,266,264,-1,383,264,382,-1,382,264,263,-1,382,263,239,-1,239,263,392,-1,239,392,237,-1,237,392,393,-1,237,393,275,-1,275,393,279,-1,275,279,276,-1,276,279,278,-1,276,278,380,-1,380,278,355,-1,380,355,378,-1,378,355,350,-1,378,350,358,-1,358,350,346,-1,358,346,210,-1,210,346,344,-1,210,344,349,-1,163,199,397,-1,397,199,198,-1,397,198,398,-1,398,198,197,-1,398,197,130,-1,399,157,400,-1,400,157,158,-1,400,158,401,-1,401,158,162,-1,162,161,401,-1,401,161,167,-1,401,167,402,-1,402,167,166,-1,402,166,397,-1,397,166,164,-1,397,164,163,-1,403,404,405,-1,405,404,406,-1,405,406,407,-1,407,406,408,-1,407,408,409,-1,409,408,410,-1,409,410,411,-1,411,410,412,-1,411,412,413,-1,413,412,414,-1,413,414,415,-1,415,414,153,-1,415,153,399,-1,399,153,155,-1,399,155,157,-1,416,417,418,-1,418,417,419,-1,418,419,420,-1,420,419,421,-1,420,421,422,-1,422,421,423,-1,422,423,424,-1,424,423,425,-1,424,425,426,-1,426,425,427,-1,426,427,428,-1,428,427,429,-1,428,429,403,-1,403,429,430,-1,403,430,404,-1,431,432,433,-1,431,433,434,-1,433,435,434,-1,434,435,436,-1,434,436,437,-1,437,436,438,-1,437,438,439,-1,439,438,440,-1,439,440,416,-1,416,440,441,-1,416,441,417,-1,442,443,431,-1,431,443,444,-1,431,444,432,-1,32,200,445,-1,446,447,448,-1,124,123,449,-1,450,451,452,-1,101,100,453,-1,454,455,456,-1,205,204,457,-1,458,459,460,-1,461,462,463,-1,461,463,464,-1,464,463,465,-1,464,465,466,-1,463,467,465,-1,465,467,468,-1,465,468,469,-1,468,470,469,-1,469,470,471,-1,469,471,472,-1,471,473,472,-1,472,473,474,-1,472,474,475,-1,474,476,475,-1,475,476,477,-1,475,477,478,-1,478,477,479,-1,478,479,480,-1,479,481,480,-1,480,481,482,-1,480,482,483,-1,482,484,483,-1,483,484,485,-1,483,485,486,-1,485,487,486,-1,486,487,488,-1,486,488,489,-1,486,490,483,-1,483,490,491,-1,483,491,480,-1,480,491,492,-1,480,492,478,-1,478,492,493,-1,478,493,475,-1,475,493,494,-1,475,494,472,-1,472,494,495,-1,472,495,469,-1,469,495,496,-1,469,496,465,-1,465,496,460,-1,465,460,466,-1,466,460,459,-1,150,490,151,-1,151,490,486,-1,151,486,26,-1,26,486,489,-1,26,489,27,-1,150,149,490,-1,490,149,148,-1,490,148,206,-1,206,205,490,-1,490,205,457,-1,490,457,491,-1,491,457,497,-1,491,497,492,-1,492,497,498,-1,492,498,493,-1,493,498,499,-1,493,499,494,-1,494,499,500,-1,494,500,495,-1,495,500,501,-1,495,501,496,-1,496,501,502,-1,496,502,460,-1,460,502,456,-1,460,456,458,-1,458,456,455,-1,101,453,103,-1,204,103,457,-1,457,103,453,-1,457,453,497,-1,497,453,503,-1,497,503,498,-1,498,503,504,-1,498,504,499,-1,499,504,505,-1,499,505,500,-1,500,505,506,-1,500,506,501,-1,501,506,507,-1,501,507,502,-1,502,507,508,-1,502,508,456,-1,456,508,452,-1,456,452,454,-1,454,452,451,-1,124,449,125,-1,100,125,453,-1,453,125,449,-1,453,449,503,-1,503,449,509,-1,503,509,504,-1,504,509,510,-1,504,510,505,-1,505,510,511,-1,505,511,506,-1,506,511,512,-1,506,512,507,-1,507,512,513,-1,507,513,508,-1,508,513,514,-1,508,514,452,-1,452,514,448,-1,452,448,450,-1,450,448,447,-1,32,445,33,-1,123,33,449,-1,449,33,445,-1,449,445,509,-1,509,445,515,-1,509,515,510,-1,510,515,516,-1,510,516,511,-1,511,516,517,-1,511,517,512,-1,512,517,518,-1,512,518,513,-1,513,518,519,-1,513,519,514,-1,514,519,520,-1,514,520,448,-1,448,520,521,-1,448,521,446,-1,446,521,522,-1,523,524,525,-1,526,527,528,-1,529,530,531,-1,532,533,534,-1,535,536,537,-1,154,153,414,-1,154,414,159,-1,159,414,538,-1,159,538,20,-1,414,412,538,-1,538,412,410,-1,538,410,539,-1,410,408,539,-1,539,408,406,-1,539,406,540,-1,406,404,540,-1,540,404,430,-1,540,430,541,-1,541,430,429,-1,541,429,542,-1,429,427,542,-1,542,427,425,-1,542,425,543,-1,425,423,543,-1,543,423,421,-1,543,421,544,-1,421,419,544,-1,544,419,417,-1,544,417,545,-1,417,441,545,-1,545,441,440,-1,545,440,546,-1,546,440,438,-1,546,438,547,-1,547,438,436,-1,181,173,548,-1,548,173,171,-1,548,171,21,-1,546,535,545,-1,545,535,537,-1,545,537,544,-1,544,537,549,-1,544,549,543,-1,543,549,550,-1,543,550,542,-1,542,550,551,-1,542,551,541,-1,541,551,552,-1,541,552,540,-1,540,552,553,-1,540,553,539,-1,539,553,554,-1,539,554,538,-1,538,554,548,-1,538,548,20,-1,20,548,21,-1,175,177,555,-1,555,177,179,-1,536,532,537,-1,537,532,534,-1,537,534,549,-1,549,534,556,-1,549,556,550,-1,550,556,557,-1,550,557,551,-1,551,557,558,-1,551,558,552,-1,552,558,559,-1,552,559,553,-1,553,559,560,-1,553,560,554,-1,554,560,561,-1,554,561,548,-1,548,561,555,-1,548,555,181,-1,181,555,179,-1,58,56,562,-1,562,56,55,-1,533,529,534,-1,534,529,531,-1,534,531,556,-1,556,531,563,-1,556,563,557,-1,557,563,564,-1,557,564,558,-1,558,564,565,-1,558,565,559,-1,559,565,566,-1,559,566,560,-1,560,566,567,-1,560,567,561,-1,561,567,568,-1,561,568,555,-1,555,568,562,-1,555,562,175,-1,175,562,55,-1,50,54,569,-1,569,54,53,-1,530,526,531,-1,531,526,528,-1,531,528,563,-1,563,528,570,-1,563,570,564,-1,564,570,571,-1,564,571,565,-1,565,571,572,-1,565,572,566,-1,566,572,573,-1,566,573,567,-1,567,573,574,-1,567,574,568,-1,568,574,575,-1,568,575,562,-1,562,575,569,-1,562,569,58,-1,58,569,53,-1,576,196,51,-1,527,523,528,-1,528,523,525,-1,528,525,570,-1,570,525,577,-1,570,577,571,-1,571,577,578,-1,571,578,572,-1,572,578,579,-1,572,579,573,-1,573,579,580,-1,573,580,574,-1,574,580,581,-1,574,581,575,-1,575,581,582,-1,575,582,569,-1,569,582,576,-1,569,576,50,-1,50,576,51,-1,387,583,388,-1,388,583,584,-1,388,584,389,-1,389,584,353,-1,585,347,586,-1,586,347,348,-1,586,348,587,-1,587,348,352,-1,352,351,587,-1,587,351,357,-1,587,357,588,-1,588,357,356,-1,588,356,584,-1,584,356,354,-1,584,354,353,-1,589,590,591,-1,591,590,592,-1,591,592,593,-1,593,592,594,-1,593,594,595,-1,595,594,596,-1,595,596,597,-1,597,596,598,-1,597,598,599,-1,599,598,600,-1,599,600,601,-1,601,600,343,-1,601,343,585,-1,585,343,345,-1,585,345,347,-1,602,603,604,-1,604,603,605,-1,604,605,606,-1,606,605,607,-1,606,607,608,-1,608,607,609,-1,608,609,610,-1,610,609,611,-1,610,611,612,-1,612,611,613,-1,612,613,614,-1,614,613,615,-1,614,615,589,-1,589,615,616,-1,589,616,590,-1,617,618,619,-1,617,619,620,-1,619,621,620,-1,620,621,622,-1,620,622,623,-1,623,622,624,-1,623,624,625,-1,625,624,626,-1,625,626,602,-1,602,626,627,-1,602,627,603,-1,628,629,617,-1,617,629,630,-1,617,630,618,-1,223,390,631,-1,632,633,634,-1,315,314,635,-1,636,637,638,-1,292,291,639,-1,640,641,642,-1,643,644,645,-1,337,336,646,-1,647,648,649,-1,647,649,650,-1,650,649,651,-1,650,651,652,-1,649,653,651,-1,651,653,654,-1,651,654,655,-1,654,656,655,-1,655,656,657,-1,655,657,658,-1,657,659,658,-1,658,659,660,-1,658,660,661,-1,660,662,661,-1,661,662,663,-1,661,663,664,-1,664,663,665,-1,664,665,666,-1,665,667,666,-1,666,667,668,-1,666,668,669,-1,668,670,669,-1,669,670,671,-1,669,671,672,-1,672,671,673,-1,218,217,674,-1,674,217,339,-1,674,339,675,-1,672,646,669,-1,669,646,676,-1,669,676,666,-1,666,676,677,-1,666,677,664,-1,664,677,678,-1,664,678,661,-1,661,678,679,-1,661,679,658,-1,658,679,680,-1,658,680,655,-1,655,680,681,-1,655,681,651,-1,651,681,645,-1,651,645,652,-1,652,645,644,-1,673,675,672,-1,672,675,339,-1,672,339,646,-1,646,339,338,-1,646,338,337,-1,336,396,646,-1,646,396,682,-1,646,682,676,-1,676,682,683,-1,676,683,677,-1,677,683,684,-1,677,684,678,-1,678,684,685,-1,678,685,679,-1,679,685,686,-1,679,686,680,-1,680,686,687,-1,680,687,681,-1,681,687,688,-1,681,688,645,-1,645,688,642,-1,645,642,643,-1,643,642,641,-1,682,639,683,-1,683,639,689,-1,683,689,684,-1,684,689,690,-1,684,690,685,-1,685,690,691,-1,685,691,686,-1,686,691,692,-1,686,692,687,-1,687,692,693,-1,687,693,688,-1,688,693,694,-1,688,694,642,-1,642,694,638,-1,642,638,640,-1,640,638,637,-1,396,395,682,-1,682,395,394,-1,682,394,639,-1,639,394,294,-1,639,294,292,-1,315,635,316,-1,291,316,639,-1,639,316,635,-1,639,635,689,-1,689,635,695,-1,689,695,690,-1,690,695,696,-1,690,696,691,-1,691,696,697,-1,691,697,692,-1,692,697,698,-1,692,698,693,-1,693,698,699,-1,693,699,694,-1,694,699,700,-1,694,700,638,-1,638,700,634,-1,638,634,636,-1,636,634,633,-1,223,631,224,-1,314,224,635,-1,635,224,631,-1,635,631,695,-1,695,631,701,-1,695,701,696,-1,696,701,702,-1,696,702,697,-1,697,702,703,-1,697,703,698,-1,698,703,704,-1,698,704,699,-1,699,704,705,-1,699,705,700,-1,700,705,706,-1,700,706,634,-1,634,706,707,-1,634,707,632,-1,632,707,708,-1,709,710,711,-1,712,713,714,-1,715,716,717,-1,718,719,720,-1,721,722,723,-1,344,343,600,-1,344,600,349,-1,349,600,724,-1,349,724,211,-1,600,598,724,-1,724,598,596,-1,724,596,725,-1,596,594,725,-1,725,594,592,-1,725,592,726,-1,592,590,726,-1,726,590,616,-1,726,616,727,-1,727,616,615,-1,727,615,728,-1,615,613,728,-1,728,613,611,-1,728,611,729,-1,611,609,729,-1,729,609,607,-1,729,607,730,-1,607,605,730,-1,730,605,603,-1,730,603,731,-1,603,627,731,-1,731,627,626,-1,731,626,732,-1,732,626,624,-1,732,624,733,-1,733,624,622,-1,371,363,734,-1,734,363,361,-1,734,361,212,-1,732,721,731,-1,731,721,723,-1,731,723,730,-1,730,723,735,-1,730,735,729,-1,729,735,736,-1,729,736,728,-1,728,736,737,-1,728,737,727,-1,727,737,738,-1,727,738,726,-1,726,738,739,-1,726,739,725,-1,725,739,740,-1,725,740,724,-1,724,740,734,-1,724,734,211,-1,211,734,212,-1,365,367,741,-1,741,367,369,-1,722,718,723,-1,723,718,720,-1,723,720,735,-1,735,720,742,-1,735,742,736,-1,736,742,743,-1,736,743,737,-1,737,743,744,-1,737,744,738,-1,738,744,745,-1,738,745,739,-1,739,745,746,-1,739,746,740,-1,740,746,747,-1,740,747,734,-1,734,747,741,-1,734,741,371,-1,371,741,369,-1,249,247,748,-1,748,247,246,-1,719,715,720,-1,720,715,717,-1,720,717,742,-1,742,717,749,-1,742,749,743,-1,743,749,750,-1,743,750,744,-1,744,750,751,-1,744,751,745,-1,745,751,752,-1,745,752,746,-1,746,752,753,-1,746,753,747,-1,747,753,754,-1,747,754,741,-1,741,754,748,-1,741,748,365,-1,365,748,246,-1,241,245,755,-1,755,245,244,-1,716,712,717,-1,717,712,714,-1,717,714,749,-1,749,714,756,-1,749,756,750,-1,750,756,757,-1,750,757,751,-1,751,757,758,-1,751,758,752,-1,752,758,759,-1,752,759,753,-1,753,759,760,-1,753,760,754,-1,754,760,761,-1,754,761,748,-1,748,761,755,-1,748,755,249,-1,249,755,244,-1,762,386,242,-1,713,709,714,-1,714,709,711,-1,714,711,756,-1,756,711,763,-1,756,763,757,-1,757,763,764,-1,757,764,758,-1,758,764,765,-1,758,765,759,-1,759,765,766,-1,759,766,760,-1,760,766,767,-1,760,767,761,-1,761,767,768,-1,761,768,755,-1,755,768,762,-1,755,762,241,-1,241,762,242,-1,
        ]
    }
}
Shape{
    appearance Appearance {
        material  Material 	{
            diffuseColor 0.9686274509803922 0.8784313725490196 0.6
            specularColor 0.6784313725490196 0.615686274509804 0.4196078431372549
            ambientIntensity 0.8737
            transparency 0.0
            shininess 0.5
        }
    }
    geometry IndexedFaceSet {
        ccw TRUE
        solid FALSE
        coord DEF co Coordinate {
            point [
                -1.3091 0.7086 -0.0073, -1.3091 0.6944 0.0027, -1.3091 0.8091 0.0591, -1.3091 0.6831 0.0159, -1.3091 0.6713 0.0591, -1.3091 0.6753 0.0315, -1.3091 0.6713 0.0315, -1.3091 0.9272 0.0315, -1.3091 0.9272 -0.0157, -1.3091 0.8091 0.0315, -1.3091 0.7421 -0.0157, -1.3091 0.7249 -0.0136, -1.2185 0.9272 0.0315, -1.2185 0.9272 -0.0157, -1.1319 0.6753 0.0315, -1.2106 0.6753 0.0315, -1.2106 0.6831 0.0159, -1.1319 0.6831 0.0159, -1.2106 0.6944 0.0027, -1.1319 0.6944 0.0027, -1.2106 0.7086 -0.0073, -1.1319 0.7086 -0.0073, -1.2106 0.7249 -0.0136, -1.1319 0.7249 -0.0136, -1.2106 0.7421 -0.0157, -1.1319 0.7421 -0.0157, -1.2106 0.9272 0.0315, -1.2106 0.9272 -0.0157, -1.2106 0.8091 0.0315, -1.2185 0.6753 0.0315, -1.2185 0.6831 0.0159, -1.2185 0.8091 0.0315, -1.2185 0.6944 0.0027, -1.2185 0.7086 -0.0073, -1.2185 0.7421 -0.0157, -1.2185 0.7249 -0.0136, -1.1319 0.9272 -0.0157, -1.1319 0.9272 0.0315, -1.0138 0.7086 -0.0073, -1.0138 0.6944 0.0027, -1.0138 0.8091 0.0591, -1.0138 0.6831 0.0159, -1.0138 0.6713 0.0591, -1.0138 0.6753 0.0315, -1.0138 0.6713 0.0315, -1.0138 0.9272 0.0315, -1.0138 0.9272 -0.0157, -1.0138 0.8091 0.0315, -1.0138 0.7421 -0.0157, -1.0138 0.7249 -0.0136, -0.935 0.9272 0.0315, -0.935 0.9272 -0.0157, -0.935 0.6753 0.0315, -0.935 0.6831 0.0159, -0.935 0.8091 0.0315, -0.935 0.6944 0.0027, -0.935 0.7086 -0.0073, -0.935 0.7421 -0.0157, -0.935 0.7249 -0.0136, -0.8366 0.6713 0.0591, -0.8366 0.6713 0.0315, -0.8366 0.6753 0.0315, -0.8366 0.8091 0.0591, -0.8366 0.6831 0.0159, -0.8366 0.6944 0.0027, -0.8366 0.9272 -0.0157, -0.8366 0.9272 0.0315, -0.8366 0.7421 -0.0157, -0.8366 0.8091 0.0315, -0.8366 0.7249 -0.0136, -0.8366 0.7086 -0.0073, -0.9272 0.6753 0.0315, -0.9272 0.6831 0.0159, -0.9272 0.6944 0.0027, -0.9272 0.7086 -0.0073, -0.9272 0.7249 -0.0136, -0.9272 0.7421 -0.0157, -0.9272 0.9272 0.0315, -0.9272 0.9272 -0.0157, -0.9272 0.8091 0.0315, -0.6496 0.9272 0.0315, -0.6496 0.9272 -0.0157, -0.7283 0.9272 0.0315, -0.7283 0.9272 -0.0157, -0.4528 0.9272 0.0315, -0.4528 0.9272 -0.0157, -0.5315 0.9272 0.0315, -0.5315 0.9272 -0.0157, -0.2559 0.9272 0.0315, -0.2559 0.9272 -0.0157, -0.3346 0.9272 0.0315, -0.3346 0.9272 -0.0157, -0.0591 0.9272 0.0315, -0.0591 0.9272 -0.0157, -0.1378 0.9272 0.0315, -0.1378 0.9272 -0.0157, 0.1378 0.9272 0.0315, 0.1378 0.9272 -0.0157, 0.0591 0.9272 0.0315, 0.0591 0.9272 -0.0157, 0.3346 0.9272 0.0315, 0.3346 0.9272 -0.0157, 0.2559 0.9272 0.0315, 0.2559 0.9272 -0.0157, 0.5315 0.9272 0.0315, 0.5315 0.9272 -0.0157, 0.4528 0.9272 0.0315, 0.4528 0.9272 -0.0157, 0.7283 0.9272 0.0315, 0.7283 0.9272 -0.0157, 0.6496 0.9272 0.0315, 0.6496 0.9272 -0.0157, 0.8366 0.7086 -0.0073, 0.8366 0.6944 0.0027, 0.8366 0.8091 0.0591, 0.8366 0.6831 0.0159, 0.8366 0.6713 0.0591, 0.8366 0.6753 0.0315, 0.8366 0.6713 0.0315, 0.8366 0.9272 0.0315, 0.8366 0.9272 -0.0157, 0.8366 0.8091 0.0315, 0.8366 0.7421 -0.0157, 0.8366 0.7249 -0.0136, 0.9272 0.9272 0.0315, 0.9272 0.9272 -0.0157, 1.0138 0.6713 0.0591, 1.0138 0.6713 0.0315, 1.0138 0.6753 0.0315, 1.0138 0.8091 0.0591, 1.0138 0.6831 0.0159, 1.0138 0.6944 0.0027, 1.0138 0.9272 -0.0157, 1.0138 0.9272 0.0315, 1.0138 0.7421 -0.0157, 1.0138 0.8091 0.0315, 1.0138 0.7249 -0.0136, 1.0138 0.7086 -0.0073, 0.935 0.6753 0.0315, 0.935 0.6831 0.0159, 0.935 0.6944 0.0027, 0.935 0.7086 -0.0073, 0.935 0.7249 -0.0136, 0.935 0.7421 -0.0157, 0.9272 0.6753 0.0315, 0.9272 0.6831 0.0159, 0.9272 0.8091 0.0315, 0.9272 0.6944 0.0027, 0.9272 0.7086 -0.0073, 0.9272 0.7421 -0.0157, 0.9272 0.7249 -0.0136, 0.935 0.9272 0.0315, 0.935 0.9272 -0.0157, 0.935 0.8091 0.0315, 1.1319 0.7086 -0.0073, 1.1319 0.6944 0.0027, 1.1319 0.8091 0.0591, 1.1319 0.6831 0.0159, 1.1319 0.6713 0.0591, 1.1319 0.6753 0.0315, 1.1319 0.6713 0.0315, 1.1319 0.9272 0.0315, 1.1319 0.9272 -0.0157, 1.1319 0.8091 0.0315, 1.1319 0.7421 -0.0157, 1.1319 0.7249 -0.0136, 1.2106 0.9272 0.0315, 1.2106 0.9272 -0.0157, 1.2106 0.6753 0.0315, 1.2106 0.6831 0.0159, 1.2106 0.8091 0.0315, 1.2106 0.6944 0.0027, 1.2106 0.7086 -0.0073, 1.2106 0.7421 -0.0157, 1.2106 0.7249 -0.0136, 1.3091 0.6713 0.0591, 1.3091 0.6713 0.0315, 1.3091 0.6753 0.0315, 1.3091 0.8091 0.0591, 1.3091 0.6831 0.0159, 1.3091 0.6944 0.0027, 1.3091 0.9272 -0.0157, 1.3091 0.9272 0.0315, 1.3091 0.7421 -0.0157, 1.3091 0.8091 0.0315, 1.3091 0.7249 -0.0136, 1.3091 0.7086 -0.0073, 1.2185 0.6753 0.0315, 1.2185 0.6831 0.0159, 1.2185 0.6944 0.0027, 1.2185 0.7086 -0.0073, 1.2185 0.7249 -0.0136, 1.2185 0.7421 -0.0157, 1.2185 0.9272 0.0315, 1.2185 0.9272 -0.0157, 1.2185 0.8091 0.0315
            ]
        }
        coordIndex [
            0,1,2,-1,2,1,3,-1,2,3,4,-1,4,3,5,-1,4,5,6,-1,7,8,9,-1,9,8,10,-1,9,10,2,-1,2,10,11,-1,2,11,0,-1,12,13,7,-1,7,13,8,-1,14,15,16,-1,14,16,17,-1,17,16,18,-1,17,18,19,-1,19,18,20,-1,19,20,21,-1,21,20,22,-1,21,22,23,-1,23,22,24,-1,23,24,25,-1,26,27,28,-1,28,27,24,-1,15,28,16,-1,16,28,18,-1,24,22,28,-1,28,22,20,-1,28,20,18,-1,29,30,31,-1,31,30,32,-1,31,32,33,-1,13,12,34,-1,34,12,31,-1,34,31,35,-1,35,31,33,-1,29,5,3,-1,29,3,30,-1,30,3,1,-1,30,1,32,-1,32,1,0,-1,32,0,33,-1,33,0,11,-1,33,11,35,-1,35,11,10,-1,35,10,34,-1,27,26,36,-1,36,26,37,-1,38,39,40,-1,40,39,41,-1,40,41,42,-1,42,41,43,-1,42,43,44,-1,45,46,47,-1,47,46,48,-1,47,48,40,-1,40,48,49,-1,40,49,38,-1,50,51,45,-1,45,51,46,-1,52,53,54,-1,54,53,55,-1,54,55,56,-1,51,50,57,-1,57,50,54,-1,57,54,58,-1,58,54,56,-1,52,43,41,-1,52,41,53,-1,53,41,39,-1,53,39,55,-1,55,39,38,-1,55,38,56,-1,56,38,49,-1,56,49,58,-1,58,49,48,-1,58,48,57,-1,59,60,61,-1,59,61,62,-1,62,61,63,-1,62,63,64,-1,65,66,67,-1,67,66,68,-1,67,68,69,-1,69,68,62,-1,69,62,70,-1,70,62,64,-1,61,71,72,-1,61,72,63,-1,63,72,73,-1,63,73,64,-1,64,73,74,-1,64,74,70,-1,70,74,75,-1,70,75,69,-1,69,75,76,-1,69,76,67,-1,77,78,79,-1,79,78,76,-1,71,79,72,-1,72,79,73,-1,76,75,79,-1,79,75,74,-1,79,74,73,-1,77,66,78,-1,78,66,65,-1,80,81,82,-1,82,81,83,-1,84,85,86,-1,86,85,87,-1,88,89,90,-1,90,89,91,-1,92,93,94,-1,94,93,95,-1,96,97,98,-1,98,97,99,-1,100,101,102,-1,102,101,103,-1,104,105,106,-1,106,105,107,-1,108,109,110,-1,110,109,111,-1,112,113,114,-1,114,113,115,-1,114,115,116,-1,116,115,117,-1,116,117,118,-1,119,120,121,-1,121,120,122,-1,121,122,114,-1,114,122,123,-1,114,123,112,-1,124,125,119,-1,119,125,120,-1,126,127,128,-1,126,128,129,-1,129,128,130,-1,129,130,131,-1,132,133,134,-1,134,133,135,-1,134,135,136,-1,136,135,129,-1,136,129,137,-1,137,129,131,-1,128,138,139,-1,128,139,130,-1,130,139,140,-1,130,140,131,-1,131,140,141,-1,131,141,137,-1,137,141,142,-1,137,142,136,-1,136,142,143,-1,136,143,134,-1,144,145,146,-1,146,145,147,-1,146,147,148,-1,125,124,149,-1,149,124,146,-1,149,146,150,-1,150,146,148,-1,144,117,115,-1,144,115,145,-1,145,115,113,-1,145,113,147,-1,147,113,112,-1,147,112,148,-1,148,112,123,-1,148,123,150,-1,150,123,122,-1,150,122,149,-1,151,152,153,-1,153,152,143,-1,138,153,139,-1,139,153,140,-1,143,142,153,-1,153,142,141,-1,153,141,140,-1,133,132,151,-1,151,132,152,-1,154,155,156,-1,156,155,157,-1,156,157,158,-1,158,157,159,-1,158,159,160,-1,161,162,163,-1,163,162,164,-1,163,164,156,-1,156,164,165,-1,156,165,154,-1,166,167,161,-1,161,167,162,-1,168,169,170,-1,170,169,171,-1,170,171,172,-1,167,166,173,-1,173,166,170,-1,173,170,174,-1,174,170,172,-1,168,159,157,-1,168,157,169,-1,169,157,155,-1,169,155,171,-1,171,155,154,-1,171,154,172,-1,172,154,165,-1,172,165,174,-1,174,165,164,-1,174,164,173,-1,175,176,177,-1,175,177,178,-1,178,177,179,-1,178,179,180,-1,181,182,183,-1,183,182,184,-1,183,184,185,-1,185,184,178,-1,185,178,186,-1,186,178,180,-1,177,187,188,-1,177,188,179,-1,179,188,189,-1,179,189,180,-1,180,189,190,-1,180,190,186,-1,186,190,191,-1,186,191,185,-1,185,191,192,-1,185,192,183,-1,193,194,195,-1,195,194,192,-1,187,195,188,-1,188,195,189,-1,192,191,195,-1,195,191,190,-1,195,190,189,-1,193,182,194,-1,194,182,181,-1,
        ]
    }
}
Shape{
    appearance Appearance {
        material  Material 	{
            diffuseColor 0.2235294117647059 0.2235294117647059 0.2235294117647059
            specularColor 0.11372549019607843 0.11372549019607843 0.11372549019607843
            ambientIntensity 0.2235
            transparency 0.0
            shininess 0.5
        }
    }
    geometry IndexedFaceSet {
        ccw TRUE
        solid FALSE
        coord DEF co Coordinate {
            point [
                1.1144 0.6538 0.0906, 1.1319 0.6713 0.0591, 1.3266 0.6538 0.0906, 1.3091 0.6713 0.0591, 0.8191 0.6538 0.0906, 0.8366 0.6713 0.0591, 1.0313 0.6538 0.0906, 1.0138 0.6713 0.0591, 0.6321 0.6538 0.0906, 0.6496 0.6713 0.0591, 0.7458 0.6538 0.0906, 0.7283 0.6713 0.0591, 0.4353 0.6538 0.0906, 0.4528 0.6713 0.0591, 0.549 0.6538 0.0906, 0.5315 0.6713 0.0591, 0.2384 0.6538 0.0906, 0.2559 0.6713 0.0591, 0.3521 0.6538 0.0906, 0.3346 0.6713 0.0591, 0.0416 0.6538 0.0906, 0.0591 0.6713 0.0591, 0.1553 0.6538 0.0906, 0.1378 0.6713 0.0591, -0.1553 0.6538 0.0906, -0.1378 0.6713 0.0591, -0.0416 0.6538 0.0906, -0.0591 0.6713 0.0591, -0.3521 0.6538 0.0906, -0.3346 0.6713 0.0591, -0.2384 0.6538 0.0906, -0.2559 0.6713 0.0591, -0.549 0.6538 0.0906, -0.5315 0.6713 0.0591, -0.4353 0.6538 0.0906, -0.4528 0.6713 0.0591, -0.7458 0.6538 0.0906, -0.7283 0.6713 0.0591, -0.6321 0.6538 0.0906, -0.6496 0.6713 0.0591, -1.0313 0.6538 0.0906, -1.0138 0.6713 0.0591, -0.8191 0.6538 0.0906, -0.8366 0.6713 0.0591, -1.3091 0.6713 0.0591, -1.1319 0.6713 0.0591, -1.3266 0.6538 0.0906, -1.1144 0.6538 0.0906, -0.9843 0.502 0.0394, -1.0874 0.502 0.0394, -0.9843 0.502 0.0906, -1.0925 0.502 0.0394, -1.0977 0.502 0.0394, -1.1085 0.502 0.0394, -1.1197 0.502 0.0394, -1.1312 0.502 0.0394, -1.1431 0.502 0.0394, -1.1554 0.502 0.0394, -1.1812 0.502 0.0394, -1.2069 0.502 0.0394, -1.2191 0.502 0.0394, -1.231 0.502 0.0394, -1.2426 0.502 0.0394, -1.2538 0.502 0.0394, -1.2646 0.502 0.0394, -1.2698 0.502 0.0394, -1.6417 0.502 0.0906, -1.2748 0.502 0.0394, -1.6417 0.502 0.0394, -0.9843 0.3563 0.0906, -0.9843 0.3563 0.0394, 0.9843 0.502 0.0906, 0.9843 0.502 0.0394, 0.9843 0.3563 0.0906, 0.9843 0.3563 0.0394, 1.6417 0.502 0.0906, 1.6417 0.502 0.0394, 1.2748 0.502 0.0394, 1.2697 0.502 0.0394, 1.2645 0.502 0.0394, 1.2537 0.502 0.0394, 1.2425 0.502 0.0394, 1.231 0.502 0.0394, 1.2191 0.502 0.0394, 1.2068 0.502 0.0394, 1.181 0.502 0.0394, 1.1553 0.502 0.0394, 1.1431 0.502 0.0394, 1.1312 0.502 0.0394, 1.1196 0.502 0.0394, 1.1084 0.502 0.0394, 1.0976 0.502 0.0394, 1.0924 0.502 0.0394, 1.0874 0.502 0.0394, -1.0827 0.2579 0.0394, -1.0827 0.2579 0.0906, -1.0646 0.4763 0.0394, -1.0486 0.446 0.0394, -1.0647 0.3148 0.0394, -1.0875 0.2892 0.0394, -1.1158 0.2699 0.0394, -1.1479 0.2579 0.0394, -1.0487 0.3451 0.0394, -1.0404 0.3784 0.0394, -1.0404 0.4127 0.0394, -1.1811 0.2933 0.0002, -1.1811 0.2933 0.0002, -1.1689 0.2935 0.0069, -1.1801 0.2933 0.0002, -1.172 0.2943 0.0001, -1.1691 0.2947 0.0001, -1.1571 0.2962 0.0, -1.1933 0.2935 0.0069, -1.1931 0.2947 0.0001, -1.1902 0.2943 0.0001, -1.2041 0.2959 0.0, -1.2053 0.2952 0.0071, -1.2051 0.2962 0.0, -1.1529 0.2787 0.0328, -1.1525 0.277 0.0341, -1.166 0.2715 0.0358, -1.1513 0.2718 0.0363, -1.1652 0.2647 0.0383, -1.1503 0.2678 0.038, -1.1496 0.2648 0.0384, -1.1644 0.2579 0.0394, -1.1811 0.2579 0.0394, -1.1979 0.2579 0.0394, -1.197 0.2647 0.0383, -1.1962 0.2715 0.0358, -1.2109 0.2718 0.0363, -1.2097 0.277 0.0341, -1.1954 0.278 0.032, -1.1811 0.2646 0.0381, -1.1811 0.2714 0.0355, -1.1811 0.2777 0.0316, -1.1947 0.2837 0.0269, -1.1811 0.2833 0.0265, -1.1941 0.2883 0.0207, -1.1811 0.2878 0.0204, -1.1936 0.2916 0.0139, -1.1811 0.291 0.0137, -1.1811 0.2928 0.0068, -1.1569 0.2952 0.0071, -1.1568 0.2948 0.0102, -1.1686 0.2916 0.0139, -1.1564 0.2932 0.0144, -1.1681 0.2883 0.0207, -1.1559 0.291 0.0197, -1.1668 0.278 0.032, -1.1675 0.2837 0.0269, -1.1544 0.2849 0.0278, -1.1556 0.2897 0.0214, -1.2119 0.2678 0.038, -1.2126 0.2648 0.0384, -1.2143 0.2579 0.0394, -1.2093 0.2787 0.0328, -1.2078 0.2849 0.0278, -1.2066 0.2897 0.0214, -1.2063 0.291 0.0197, -1.2058 0.2932 0.0144, -1.2054 0.2948 0.0102, -1.6614 0.2579 0.0394, -1.6614 0.435 0.0394, -1.6417 0.435 0.0394, -1.2975 0.3148 0.0394, -1.3135 0.3451 0.0394, -1.3218 0.3784 0.0394, -1.2464 0.2699 0.0394, -1.2747 0.2892 0.0394, -1.2976 0.4763 0.0394, -1.3136 0.446 0.0394, -1.3218 0.4127 0.0394, -1.3888 0.2579 0.1152, -1.4675 0.2579 0.1536, -1.6611 0.2579 0.489, -1.6614 0.2579 0.489, -1.656 0.2579 0.4372, -1.6328 0.2579 0.3528, -1.5364 0.2579 0.2077, -1.5923 0.2579 0.2751, -1.3037 0.2579 0.0943, -1.248 0.2579 0.0906, 1.2976 0.4763 0.0394, 1.6417 0.435 0.0394, 1.6614 0.435 0.0394, 1.2464 0.2699 0.0394, 1.6614 0.2579 0.0394, 1.2143 0.2579 0.0394, 1.2747 0.2892 0.0394, 1.2975 0.3148 0.0394, 1.3135 0.3451 0.0394, 1.3218 0.3784 0.0394, 1.3218 0.4127 0.0394, 1.3136 0.446 0.0394, 1.1811 0.2933 0.0002, 1.1811 0.2933 0.0002, 1.1933 0.2935 0.0069, 1.1821 0.2933 0.0002, 1.1902 0.2943 0.0001, 1.1931 0.2947 0.0001, 1.2051 0.2962 0.0, 1.1689 0.2935 0.0069, 1.1691 0.2947 0.0001, 1.172 0.2943 0.0001, 1.1581 0.2959 0.0, 1.1569 0.2952 0.0071, 1.1571 0.2962 0.0, 1.2093 0.2787 0.0328, 1.2097 0.277 0.0341, 1.1962 0.2715 0.0358, 1.2109 0.2718 0.0363, 1.197 0.2647 0.0383, 1.2119 0.2678 0.038, 1.2126 0.2648 0.0384, 1.1978 0.2579 0.0394, 1.1811 0.2579 0.0394, 1.1644 0.2579 0.0394, 1.1652 0.2647 0.0383, 1.166 0.2715 0.0358, 1.1513 0.2718 0.0363, 1.1525 0.277 0.0341, 1.1668 0.278 0.032, 1.1811 0.2646 0.0381, 1.1811 0.2714 0.0355, 1.1811 0.2777 0.0316, 1.1675 0.2837 0.0269, 1.1811 0.2833 0.0265, 1.1681 0.2883 0.0207, 1.1811 0.2878 0.0204, 1.1686 0.2916 0.0139, 1.1811 0.291 0.0137, 1.1811 0.2928 0.0068, 1.2053 0.2952 0.0071, 1.2054 0.2948 0.0102, 1.1936 0.2916 0.0139, 1.2058 0.2932 0.0144, 1.1941 0.2883 0.0207, 1.2063 0.291 0.0197, 1.1954 0.278 0.032, 1.1947 0.2837 0.0269, 1.2078 0.2849 0.0278, 1.2066 0.2897 0.0214, 1.1503 0.2678 0.038, 1.1496 0.2648 0.0384, 1.1479 0.2579 0.0394, 1.1529 0.2787 0.0328, 1.1544 0.2849 0.0278, 1.1556 0.2897 0.0214, 1.1559 0.291 0.0197, 1.1564 0.2932 0.0144, 1.1568 0.2948 0.0102, 1.1158 0.2699 0.0394, 1.0827 0.2579 0.0394, 1.0646 0.4763 0.0394, 1.0487 0.3451 0.0394, 1.0647 0.3148 0.0394, 1.0875 0.2892 0.0394, 1.0486 0.446 0.0394, 1.0404 0.4127 0.0394, 1.0404 0.3784 0.0394, 1.0827 0.2579 0.0906, 1.6328 0.2579 0.3528, 1.656 0.2579 0.4373, 1.6614 0.2579 0.4891, 1.6611 0.2579 0.4891, 1.5923 0.2579 0.2752, 1.5364 0.2579 0.2077, 1.4675 0.2579 0.1536, 1.248 0.2579 0.0906, 1.3888 0.2579 0.1152, 1.3037 0.2579 0.0943, -1.3091 0.8091 0.0591, -1.3266 0.8091 0.0906
            ]
        }
        coordIndex [
            0,1,2,-1,2,1,3,-1,4,5,6,-1,6,5,7,-1,8,9,10,-1,10,9,11,-1,12,13,14,-1,14,13,15,-1,16,17,18,-1,18,17,19,-1,20,21,22,-1,22,21,23,-1,24,25,26,-1,26,25,27,-1,28,29,30,-1,30,29,31,-1,32,33,34,-1,34,33,35,-1,36,37,38,-1,38,37,39,-1,40,41,42,-1,42,41,43,-1,44,45,46,-1,46,45,47,-1,48,49,50,-1,50,49,51,-1,51,52,50,-1,50,52,53,-1,50,53,54,-1,54,55,50,-1,50,55,56,-1,50,56,57,-1,57,58,50,-1,50,58,59,-1,50,59,60,-1,60,61,50,-1,50,61,62,-1,50,62,63,-1,63,64,50,-1,50,64,65,-1,50,65,66,-1,66,65,67,-1,66,67,68,-1,69,70,50,-1,50,70,48,-1,71,72,73,-1,73,72,74,-1,75,76,77,-1,75,77,71,-1,71,77,78,-1,71,78,79,-1,79,80,71,-1,71,80,81,-1,71,81,82,-1,82,83,71,-1,71,83,84,-1,71,84,85,-1,85,86,71,-1,71,86,87,-1,71,87,88,-1,88,89,71,-1,71,89,90,-1,71,90,91,-1,91,92,71,-1,71,92,93,-1,71,93,72,-1,94,70,95,-1,95,70,69,-1,96,49,48,-1,96,48,97,-1,98,70,99,-1,99,70,94,-1,99,94,100,-1,100,94,101,-1,98,102,70,-1,70,102,103,-1,70,103,48,-1,48,103,104,-1,48,104,97,-1,105,106,107,-1,107,106,108,-1,108,109,107,-1,107,109,110,-1,107,110,111,-1,112,113,114,-1,113,112,115,-1,115,112,116,-1,115,116,117,-1,118,119,120,-1,120,119,121,-1,120,121,122,-1,122,121,123,-1,123,124,122,-1,122,124,101,-1,122,101,125,-1,126,127,128,-1,129,130,131,-1,129,131,132,-1,126,128,133,-1,133,128,129,-1,133,129,134,-1,134,129,132,-1,134,132,135,-1,135,132,136,-1,135,136,137,-1,137,136,138,-1,137,138,139,-1,139,138,140,-1,139,140,141,-1,141,140,112,-1,141,112,142,-1,142,112,114,-1,142,114,105,-1,111,143,107,-1,107,143,144,-1,107,144,145,-1,145,144,146,-1,145,146,147,-1,147,146,148,-1,120,149,118,-1,118,149,150,-1,118,150,151,-1,151,150,147,-1,151,147,152,-1,152,147,148,-1,130,129,153,-1,153,129,128,-1,153,128,154,-1,154,128,127,-1,154,127,155,-1,131,156,132,-1,132,156,157,-1,132,157,136,-1,136,157,158,-1,136,158,138,-1,138,158,159,-1,138,159,140,-1,140,159,160,-1,140,160,112,-1,112,160,161,-1,112,161,116,-1,105,107,142,-1,142,107,145,-1,142,145,141,-1,141,145,147,-1,141,147,139,-1,139,147,150,-1,139,150,137,-1,137,150,149,-1,137,149,135,-1,135,149,120,-1,135,120,134,-1,134,120,122,-1,134,122,133,-1,133,122,125,-1,133,125,126,-1,162,163,164,-1,165,164,166,-1,166,164,167,-1,155,162,168,-1,168,162,164,-1,168,164,169,-1,169,164,165,-1,67,170,68,-1,68,170,171,-1,68,171,164,-1,164,171,172,-1,164,172,167,-1,173,174,162,-1,175,176,177,-1,177,176,162,-1,177,162,178,-1,174,179,162,-1,162,179,180,-1,162,180,178,-1,101,94,95,-1,173,162,181,-1,181,162,155,-1,181,155,182,-1,155,127,182,-1,182,127,126,-1,182,126,95,-1,95,126,125,-1,95,125,101,-1,183,77,76,-1,184,185,186,-1,186,185,187,-1,186,187,188,-1,186,189,184,-1,184,189,190,-1,184,190,191,-1,191,192,184,-1,184,192,193,-1,184,193,76,-1,76,193,194,-1,76,194,183,-1,195,196,197,-1,197,196,198,-1,198,199,197,-1,197,199,200,-1,197,200,201,-1,202,203,204,-1,203,202,205,-1,205,202,206,-1,205,206,207,-1,208,209,210,-1,210,209,211,-1,210,211,212,-1,212,211,213,-1,213,214,212,-1,212,214,188,-1,212,188,215,-1,216,217,218,-1,219,220,221,-1,219,221,222,-1,216,218,223,-1,223,218,219,-1,223,219,224,-1,224,219,222,-1,224,222,225,-1,225,222,226,-1,225,226,227,-1,227,226,228,-1,227,228,229,-1,229,228,230,-1,229,230,231,-1,231,230,202,-1,231,202,232,-1,232,202,204,-1,232,204,195,-1,201,233,197,-1,197,233,234,-1,197,234,235,-1,235,234,236,-1,235,236,237,-1,237,236,238,-1,210,239,208,-1,208,239,240,-1,208,240,241,-1,241,240,237,-1,241,237,242,-1,242,237,238,-1,220,219,243,-1,243,219,218,-1,243,218,244,-1,244,218,217,-1,244,217,245,-1,221,246,222,-1,222,246,247,-1,222,247,226,-1,226,247,248,-1,226,248,228,-1,228,248,249,-1,228,249,230,-1,230,249,250,-1,230,250,202,-1,202,250,251,-1,202,251,206,-1,195,197,232,-1,232,197,235,-1,232,235,231,-1,231,235,237,-1,231,237,229,-1,229,237,240,-1,229,240,227,-1,227,240,239,-1,227,239,225,-1,225,239,210,-1,225,210,224,-1,224,210,212,-1,224,212,223,-1,223,212,215,-1,223,215,216,-1,252,245,253,-1,72,93,254,-1,255,256,74,-1,74,256,253,-1,253,256,257,-1,253,257,252,-1,254,258,72,-1,72,258,259,-1,72,259,74,-1,74,259,260,-1,74,260,255,-1,74,253,73,-1,73,253,261,-1,262,187,263,-1,263,187,264,-1,263,264,265,-1,262,266,187,-1,187,266,267,-1,187,267,268,-1,253,245,261,-1,261,245,217,-1,261,217,269,-1,269,217,216,-1,268,270,187,-1,187,270,271,-1,187,271,188,-1,188,271,269,-1,188,269,215,-1,215,269,216,-1,272,44,273,-1,273,44,46,-1,
        ]
    }
}
Shape{
    appearance Appearance {
        material  Material 	{
            diffuseColor 0.9686274509803922 0.8784313725490196 0.6
            specularColor 0.6784313725490196 0.615686274509804 0.4196078431372549
            ambientIntensity 0.8737
            transparency 0.0
            shininess 0.5
        }
    }
    geometry IndexedFaceSet {
        ccw TRUE
        solid FALSE
        coord DEF co Coordinate {
            point [
                -1.2185 0.9272 0.0315, -1.3091 0.9272 0.0315, -1.2185 0.8091 0.0315, -1.3091 0.8091 0.0315
            ]
        }
        coordIndex [
            0,1,2,-1,2,1,3,-1,
        ]
    }
}
Shape{
    appearance Appearance {
        material  Material 	{
            diffuseColor 0.2235294117647059 0.2235294117647059 0.2235294117647059
            specularColor 0.11372549019607843 0.11372549019607843 0.11372549019607843
            ambientIntensity 0.2235
            transparency 0.0
            shininess 0.5
        }
    }
    geometry IndexedFaceSet {
        ccw TRUE
        solid FALSE
        coord DEF co Coordinate {
            point [
                -1.1319 0.6713 0.0315, -1.3091 0.6713 0.0315, -1.2185 0.6753 0.0315, -1.3091 0.6753 0.0315, -1.1319 0.6753 0.0315, -1.2106 0.6753 0.0315, -1.2106 0.8091 0.0315, -1.2185 0.8091 0.0315
            ]
        }
        coordIndex [
            0,1,2,-1,2,1,3,-1,4,0,5,-1,5,0,2,-1,5,2,6,-1,6,2,7,-1,
        ]
    }
}
Shape{
    appearance Appearance {
        material  Material 	{
            diffuseColor 0.9686274509803922 0.8784313725490196 0.6
            specularColor 0.6784313725490196 0.615686274509804 0.4196078431372549
            ambientIntensity 0.8737
            transparency 0.0
            shininess 0.5
        }
    }
    geometry IndexedFaceSet {
        ccw TRUE
        solid FALSE
        coord DEF co Coordinate {
            point [
                -1.1319 0.9272 0.0315, -1.2106 0.9272 0.0315, -1.1319 0.8091 0.0315, -1.2106 0.8091 0.0315
            ]
        }
        coordIndex [
            0,1,2,-1,2,1,3,-1,
        ]
    }
}
Shape{
    appearance Appearance {
        material  Material 	{
            diffuseColor 0.2235294117647059 0.2235294117647059 0.2235294117647059
            specularColor 0.11372549019607843 0.11372549019607843 0.11372549019607843
            ambientIntensity 0.2235
            transparency 0.0
            shininess 0.5
        }
    }
    geometry IndexedFaceSet {
        ccw TRUE
        solid FALSE
        coord DEF co Coordinate {
            point [
                -1.1144 0.6538 0.0906, -1.1319 0.6713 0.0591, -1.1144 0.8091 0.0906, -1.1319 0.8091 0.0591, -1.0313 0.8091 0.0906, -1.0138 0.8091 0.0591, -1.0313 0.6538 0.0906, -1.0138 0.6713 0.0591
            ]
        }
        coordIndex [
            0,1,2,-1,2,1,3,-1,4,5,6,-1,6,5,7,-1,
        ]
    }
}
Shape{
    appearance Appearance {
        material  Material 	{
            diffuseColor 0.9686274509803922 0.8784313725490196 0.6
            specularColor 0.6784313725490196 0.615686274509804 0.4196078431372549
            ambientIntensity 0.8737
            transparency 0.0
            shininess 0.5
        }
    }
    geometry IndexedFaceSet {
        ccw TRUE
        solid FALSE
        coord DEF co Coordinate {
            point [
                -0.935 0.9272 0.0315, -1.0138 0.9272 0.0315, -0.935 0.8091 0.0315, -1.0138 0.8091 0.0315
            ]
        }
        coordIndex [
            0,1,2,-1,2,1,3,-1,
        ]
    }
}
Shape{
    appearance Appearance {
        material  Material 	{
            diffuseColor 0.2235294117647059 0.2235294117647059 0.2235294117647059
            specularColor 0.11372549019607843 0.11372549019607843 0.11372549019607843
            ambientIntensity 0.2235
            transparency 0.0
            shininess 0.5
        }
    }
    geometry IndexedFaceSet {
        ccw TRUE
        solid FALSE
        coord DEF co Coordinate {
            point [
                -0.9272 0.6753 0.0315, -0.8366 0.6753 0.0315, -0.8366 0.6713 0.0315, -1.0138 0.6713 0.0315, -1.0138 0.6753 0.0315, -0.935 0.6753 0.0315, -0.935 0.8091 0.0315, -0.9272 0.8091 0.0315
            ]
        }
        coordIndex [
            0,1,2,-1,3,4,5,-1,6,7,5,-1,5,7,0,-1,5,0,3,-1,3,0,2,-1,
        ]
    }
}
Shape{
    appearance Appearance {
        material  Material 	{
            diffuseColor 0.9686274509803922 0.8784313725490196 0.6
            specularColor 0.6784313725490196 0.615686274509804 0.4196078431372549
            ambientIntensity 0.8737
            transparency 0.0
            shininess 0.5
        }
    }
    geometry IndexedFaceSet {
        ccw TRUE
        solid FALSE
        coord DEF co Coordinate {
            point [
                -0.8366 0.9272 0.0315, -0.9272 0.9272 0.0315, -0.8366 0.8091 0.0315, -0.9272 0.8091 0.0315
            ]
        }
        coordIndex [
            0,1,2,-1,2,1,3,-1,
        ]
    }
}
Shape{
    appearance Appearance {
        material  Material 	{
            diffuseColor 0.2235294117647059 0.2235294117647059 0.2235294117647059
            specularColor 0.11372549019607843 0.11372549019607843 0.11372549019607843
            ambientIntensity 0.2235
            transparency 0.0
            shininess 0.5
        }
    }
    geometry IndexedFaceSet {
        ccw TRUE
        solid FALSE
        coord DEF co Coordinate {
            point [
                -0.8191 0.6538 0.0906, -0.8366 0.6713 0.0591, -0.8191 0.8091 0.0906, -0.8366 0.8091 0.0591, -0.7458 0.8091 0.0906, -0.7283 0.8091 0.0591, -0.7458 0.6538 0.0906, -0.7283 0.6713 0.0591
            ]
        }
        coordIndex [
            0,1,2,-1,2,1,3,-1,4,5,6,-1,6,5,7,-1,
        ]
    }
}
Shape{
    appearance Appearance {
        material  Material 	{
            diffuseColor 0.9686274509803922 0.8784313725490196 0.6
            specularColor 0.6784313725490196 0.615686274509804 0.4196078431372549
            ambientIntensity 0.8737
            transparency 0.0
            shininess 0.5
        }
    }
    geometry IndexedFaceSet {
        ccw TRUE
        solid FALSE
        coord DEF co Coordinate {
            point [
                -0.6496 0.9272 0.0315, -0.7283 0.9272 0.0315, -0.6496 0.8091 0.0315, -0.7283 0.8091 0.0315
            ]
        }
        coordIndex [
            0,1,2,-1,2,1,3,-1,
        ]
    }
}
Shape{
    appearance Appearance {
        material  Material 	{
            diffuseColor 0.2235294117647059 0.2235294117647059 0.2235294117647059
            specularColor 0.11372549019607843 0.11372549019607843 0.11372549019607843
            ambientIntensity 0.2235
            transparency 0.0
            shininess 0.5
        }
    }
    geometry IndexedFaceSet {
        ccw TRUE
        solid FALSE
        coord DEF co Coordinate {
            point [
                -0.6321 0.6538 0.0906, -0.6496 0.6713 0.0591, -0.6321 0.8091 0.0906, -0.6496 0.8091 0.0591, -0.549 0.8091 0.0906, -0.5315 0.8091 0.0591, -0.549 0.6538 0.0906, -0.5315 0.6713 0.0591
            ]
        }
        coordIndex [
            0,1,2,-1,2,1,3,-1,4,5,6,-1,6,5,7,-1,
        ]
    }
}
Shape{
    appearance Appearance {
        material  Material 	{
            diffuseColor 0.9686274509803922 0.8784313725490196 0.6
            specularColor 0.6784313725490196 0.615686274509804 0.4196078431372549
            ambientIntensity 0.8737
            transparency 0.0
            shininess 0.5
        }
    }
    geometry IndexedFaceSet {
        ccw TRUE
        solid FALSE
        coord DEF co Coordinate {
            point [
                -0.4528 0.9272 0.0315, -0.5315 0.9272 0.0315, -0.4528 0.8091 0.0315, -0.5315 0.8091 0.0315
            ]
        }
        coordIndex [
            0,1,2,-1,2,1,3,-1,
        ]
    }
}
Shape{
    appearance Appearance {
        material  Material 	{
            diffuseColor 0.2235294117647059 0.2235294117647059 0.2235294117647059
            specularColor 0.11372549019607843 0.11372549019607843 0.11372549019607843
            ambientIntensity 0.2235
            transparency 0.0
            shininess 0.5
        }
    }
    geometry IndexedFaceSet {
        ccw TRUE
        solid FALSE
        coord DEF co Coordinate {
            point [
                -0.4353 0.6538 0.0906, -0.4528 0.6713 0.0591, -0.4353 0.8091 0.0906, -0.4528 0.8091 0.0591, -0.3521 0.8091 0.0906, -0.3346 0.8091 0.0591, -0.3521 0.6538 0.0906, -0.3346 0.6713 0.0591
            ]
        }
        coordIndex [
            0,1,2,-1,2,1,3,-1,4,5,6,-1,6,5,7,-1,
        ]
    }
}
Shape{
    appearance Appearance {
        material  Material 	{
            diffuseColor 0.9686274509803922 0.8784313725490196 0.6
            specularColor 0.6784313725490196 0.615686274509804 0.4196078431372549
            ambientIntensity 0.8737
            transparency 0.0
            shininess 0.5
        }
    }
    geometry IndexedFaceSet {
        ccw TRUE
        solid FALSE
        coord DEF co Coordinate {
            point [
                -0.2559 0.9272 0.0315, -0.3346 0.9272 0.0315, -0.2559 0.8091 0.0315, -0.3346 0.8091 0.0315
            ]
        }
        coordIndex [
            0,1,2,-1,2,1,3,-1,
        ]
    }
}
Shape{
    appearance Appearance {
        material  Material 	{
            diffuseColor 0.2235294117647059 0.2235294117647059 0.2235294117647059
            specularColor 0.11372549019607843 0.11372549019607843 0.11372549019607843
            ambientIntensity 0.2235
            transparency 0.0
            shininess 0.5
        }
    }
    geometry IndexedFaceSet {
        ccw TRUE
        solid FALSE
        coord DEF co Coordinate {
            point [
                -0.2384 0.6538 0.0906, -0.2559 0.6713 0.0591, -0.2384 0.8091 0.0906, -0.2559 0.8091 0.0591, -0.1553 0.8091 0.0906, -0.1378 0.8091 0.0591, -0.1553 0.6538 0.0906, -0.1378 0.6713 0.0591
            ]
        }
        coordIndex [
            0,1,2,-1,2,1,3,-1,4,5,6,-1,6,5,7,-1,
        ]
    }
}
Shape{
    appearance Appearance {
        material  Material 	{
            diffuseColor 0.9686274509803922 0.8784313725490196 0.6
            specularColor 0.6784313725490196 0.615686274509804 0.4196078431372549
            ambientIntensity 0.8737
            transparency 0.0
            shininess 0.5
        }
    }
    geometry IndexedFaceSet {
        ccw TRUE
        solid FALSE
        coord DEF co Coordinate {
            point [
                -0.0591 0.9272 0.0315, -0.1378 0.9272 0.0315, -0.0591 0.8091 0.0315, -0.1378 0.8091 0.0315
            ]
        }
        coordIndex [
            0,1,2,-1,2,1,3,-1,
        ]
    }
}
Shape{
    appearance Appearance {
        material  Material 	{
            diffuseColor 0.2235294117647059 0.2235294117647059 0.2235294117647059
            specularColor 0.11372549019607843 0.11372549019607843 0.11372549019607843
            ambientIntensity 0.2235
            transparency 0.0
            shininess 0.5
        }
    }
    geometry IndexedFaceSet {
        ccw TRUE
        solid FALSE
        coord DEF co Coordinate {
            point [
                -0.0416 0.6538 0.0906, -0.0591 0.6713 0.0591, -0.0416 0.8091 0.0906, -0.0591 0.8091 0.0591, 0.0416 0.8091 0.0906, 0.0591 0.8091 0.0591, 0.0416 0.6538 0.0906, 0.0591 0.6713 0.0591
            ]
        }
        coordIndex [
            0,1,2,-1,2,1,3,-1,4,5,6,-1,6,5,7,-1,
        ]
    }
}
Shape{
    appearance Appearance {
        material  Material 	{
            diffuseColor 0.9686274509803922 0.8784313725490196 0.6
            specularColor 0.6784313725490196 0.615686274509804 0.4196078431372549
            ambientIntensity 0.8737
            transparency 0.0
            shininess 0.5
        }
    }
    geometry IndexedFaceSet {
        ccw TRUE
        solid FALSE
        coord DEF co Coordinate {
            point [
                0.1378 0.9272 0.0315, 0.0591 0.9272 0.0315, 0.1378 0.8091 0.0315, 0.0591 0.8091 0.0315
            ]
        }
        coordIndex [
            0,1,2,-1,2,1,3,-1,
        ]
    }
}
Shape{
    appearance Appearance {
        material  Material 	{
            diffuseColor 0.2235294117647059 0.2235294117647059 0.2235294117647059
            specularColor 0.11372549019607843 0.11372549019607843 0.11372549019607843
            ambientIntensity 0.2235
            transparency 0.0
            shininess 0.5
        }
    }
    geometry IndexedFaceSet {
        ccw TRUE
        solid FALSE
        coord DEF co Coordinate {
            point [
                0.1553 0.6538 0.0906, 0.1378 0.6713 0.0591, 0.1553 0.8091 0.0906, 0.1378 0.8091 0.0591, 0.2384 0.8091 0.0906, 0.2559 0.8091 0.0591, 0.2384 0.6538 0.0906, 0.2559 0.6713 0.0591
            ]
        }
        coordIndex [
            0,1,2,-1,2,1,3,-1,4,5,6,-1,6,5,7,-1,
        ]
    }
}
Shape{
    appearance Appearance {
        material  Material 	{
            diffuseColor 0.9686274509803922 0.8784313725490196 0.6
            specularColor 0.6784313725490196 0.615686274509804 0.4196078431372549
            ambientIntensity 0.8737
            transparency 0.0
            shininess 0.5
        }
    }
    geometry IndexedFaceSet {
        ccw TRUE
        solid FALSE
        coord DEF co Coordinate {
            point [
                0.3346 0.9272 0.0315, 0.2559 0.9272 0.0315, 0.3346 0.8091 0.0315, 0.2559 0.8091 0.0315
            ]
        }
        coordIndex [
            0,1,2,-1,2,1,3,-1,
        ]
    }
}
Shape{
    appearance Appearance {
        material  Material 	{
            diffuseColor 0.2235294117647059 0.2235294117647059 0.2235294117647059
            specularColor 0.11372549019607843 0.11372549019607843 0.11372549019607843
            ambientIntensity 0.2235
            transparency 0.0
            shininess 0.5
        }
    }
    geometry IndexedFaceSet {
        ccw TRUE
        solid FALSE
        coord DEF co Coordinate {
            point [
                0.3521 0.6538 0.0906, 0.3346 0.6713 0.0591, 0.3521 0.8091 0.0906, 0.3346 0.8091 0.0591, 0.4353 0.8091 0.0906, 0.4528 0.8091 0.0591, 0.4353 0.6538 0.0906, 0.4528 0.6713 0.0591
            ]
        }
        coordIndex [
            0,1,2,-1,2,1,3,-1,4,5,6,-1,6,5,7,-1,
        ]
    }
}
Shape{
    appearance Appearance {
        material  Material 	{
            diffuseColor 0.9686274509803922 0.8784313725490196 0.6
            specularColor 0.6784313725490196 0.615686274509804 0.4196078431372549
            ambientIntensity 0.8737
            transparency 0.0
            shininess 0.5
        }
    }
    geometry IndexedFaceSet {
        ccw TRUE
        solid FALSE
        coord DEF co Coordinate {
            point [
                0.5315 0.9272 0.0315, 0.4528 0.9272 0.0315, 0.5315 0.8091 0.0315, 0.4528 0.8091 0.0315
            ]
        }
        coordIndex [
            0,1,2,-1,2,1,3,-1,
        ]
    }
}
Shape{
    appearance Appearance {
        material  Material 	{
            diffuseColor 0.2235294117647059 0.2235294117647059 0.2235294117647059
            specularColor 0.11372549019607843 0.11372549019607843 0.11372549019607843
            ambientIntensity 0.2235
            transparency 0.0
            shininess 0.5
        }
    }
    geometry IndexedFaceSet {
        ccw TRUE
        solid FALSE
        coord DEF co Coordinate {
            point [
                0.549 0.6538 0.0906, 0.5315 0.6713 0.0591, 0.549 0.8091 0.0906, 0.5315 0.8091 0.0591, 0.6321 0.8091 0.0906, 0.6496 0.8091 0.0591, 0.6321 0.6538 0.0906, 0.6496 0.6713 0.0591
            ]
        }
        coordIndex [
            0,1,2,-1,2,1,3,-1,4,5,6,-1,6,5,7,-1,
        ]
    }
}
Shape{
    appearance Appearance {
        material  Material 	{
            diffuseColor 0.9686274509803922 0.8784313725490196 0.6
            specularColor 0.6784313725490196 0.615686274509804 0.4196078431372549
            ambientIntensity 0.8737
            transparency 0.0
            shininess 0.5
        }
    }
    geometry IndexedFaceSet {
        ccw TRUE
        solid FALSE
        coord DEF co Coordinate {
            point [
                0.7283 0.9272 0.0315, 0.6496 0.9272 0.0315, 0.7283 0.8091 0.0315, 0.6496 0.8091 0.0315
            ]
        }
        coordIndex [
            0,1,2,-1,2,1,3,-1,
        ]
    }
}
Shape{
    appearance Appearance {
        material  Material 	{
            diffuseColor 0.2235294117647059 0.2235294117647059 0.2235294117647059
            specularColor 0.11372549019607843 0.11372549019607843 0.11372549019607843
            ambientIntensity 0.2235
            transparency 0.0
            shininess 0.5
        }
    }
    geometry IndexedFaceSet {
        ccw TRUE
        solid FALSE
        coord DEF co Coordinate {
            point [
                0.7458 0.6538 0.0906, 0.7283 0.6713 0.0591, 0.7458 0.8091 0.0906, 0.7283 0.8091 0.0591, 0.8191 0.8091 0.0906, 0.8366 0.8091 0.0591, 0.8191 0.6538 0.0906, 0.8366 0.6713 0.0591
            ]
        }
        coordIndex [
            0,1,2,-1,2,1,3,-1,4,5,6,-1,6,5,7,-1,
        ]
    }
}
Shape{
    appearance Appearance {
        material  Material 	{
            diffuseColor 0.9686274509803922 0.8784313725490196 0.6
            specularColor 0.6784313725490196 0.615686274509804 0.4196078431372549
            ambientIntensity 0.8737
            transparency 0.0
            shininess 0.5
        }
    }
    geometry IndexedFaceSet {
        ccw TRUE
        solid FALSE
        coord DEF co Coordinate {
            point [
                0.9272 0.9272 0.0315, 0.8366 0.9272 0.0315, 0.9272 0.8091 0.0315, 0.8366 0.8091 0.0315
            ]
        }
        coordIndex [
            0,1,2,-1,2,1,3,-1,
        ]
    }
}
Shape{
    appearance Appearance {
        material  Material 	{
            diffuseColor 0.2235294117647059 0.2235294117647059 0.2235294117647059
            specularColor 0.11372549019607843 0.11372549019607843 0.11372549019607843
            ambientIntensity 0.2235
            transparency 0.0
            shininess 0.5
        }
    }
    geometry IndexedFaceSet {
        ccw TRUE
        solid FALSE
        coord DEF co Coordinate {
            point [
                1.0138 0.6713 0.0315, 0.8366 0.6713 0.0315, 0.9272 0.6753 0.0315, 0.8366 0.6753 0.0315, 1.0138 0.6753 0.0315, 0.935 0.6753 0.0315, 0.935 0.8091 0.0315, 0.9272 0.8091 0.0315
            ]
        }
        coordIndex [
            0,1,2,-1,2,1,3,-1,4,0,5,-1,5,0,2,-1,5,2,6,-1,6,2,7,-1,
        ]
    }
}
Shape{
    appearance Appearance {
        material  Material 	{
            diffuseColor 0.9686274509803922 0.8784313725490196 0.6
            specularColor 0.6784313725490196 0.615686274509804 0.4196078431372549
            ambientIntensity 0.8737
            transparency 0.0
            shininess 0.5
        }
    }
    geometry IndexedFaceSet {
        ccw TRUE
        solid FALSE
        coord DEF co Coordinate {
            point [
                1.0138 0.9272 0.0315, 0.935 0.9272 0.0315, 1.0138 0.8091 0.0315, 0.935 0.8091 0.0315
            ]
        }
        coordIndex [
            0,1,2,-1,2,1,3,-1,
        ]
    }
}
Shape{
    appearance Appearance {
        material  Material 	{
            diffuseColor 0.2235294117647059 0.2235294117647059 0.2235294117647059
            specularColor 0.11372549019607843 0.11372549019607843 0.11372549019607843
            ambientIntensity 0.2235
            transparency 0.0
            shininess 0.5
        }
    }
    geometry IndexedFaceSet {
        ccw TRUE
        solid FALSE
        coord DEF co Coordinate {
            point [
                1.0313 0.6538 0.0906, 1.0138 0.6713 0.0591, 1.0313 0.8091 0.0906, 1.0138 0.8091 0.0591, 1.1144 0.8091 0.0906, 1.1319 0.8091 0.0591, 1.1144 0.6538 0.0906, 1.1319 0.6713 0.0591
            ]
        }
        coordIndex [
            0,1,2,-1,2,1,3,-1,4,5,6,-1,6,5,7,-1,
        ]
    }
}
Shape{
    appearance Appearance {
        material  Material 	{
            diffuseColor 0.9686274509803922 0.8784313725490196 0.6
            specularColor 0.6784313725490196 0.615686274509804 0.4196078431372549
            ambientIntensity 0.8737
            transparency 0.0
            shininess 0.5
        }
    }
    geometry IndexedFaceSet {
        ccw TRUE
        solid FALSE
        coord DEF co Coordinate {
            point [
                1.2106 0.9272 0.0315, 1.1319 0.9272 0.0315, 1.2106 0.8091 0.0315, 1.1319 0.8091 0.0315
            ]
        }
        coordIndex [
            0,1,2,-1,2,1,3,-1,
        ]
    }
}
Shape{
    appearance Appearance {
        material  Material 	{
            diffuseColor 0.2235294117647059 0.2235294117647059 0.2235294117647059
            specularColor 0.11372549019607843 0.11372549019607843 0.11372549019607843
            ambientIntensity 0.2235
            transparency 0.0
            shininess 0.5
        }
    }
    geometry IndexedFaceSet {
        ccw TRUE
        solid FALSE
        coord DEF co Coordinate {
            point [
                1.3091 0.6713 0.0315, 1.1319 0.6713 0.0315, 1.2106 0.6753 0.0315, 1.1319 0.6753 0.0315, 1.3091 0.6753 0.0315, 1.2185 0.6753 0.0315, 1.2185 0.8091 0.0315, 1.2106 0.8091 0.0315
            ]
        }
        coordIndex [
            0,1,2,-1,2,1,3,-1,4,0,5,-1,5,0,2,-1,5,2,6,-1,6,2,7,-1,
        ]
    }
}
Shape{
    appearance Appearance {
        material  Material 	{
            diffuseColor 0.9686274509803922 0.8784313725490196 0.6
            specularColor 0.6784313725490196 0.615686274509804 0.4196078431372549
            ambientIntensity 0.8737
            transparency 0.0
            shininess 0.5
        }
    }
    geometry IndexedFaceSet {
        ccw TRUE
        solid FALSE
        coord DEF co Coordinate {
            point [
                1.3091 0.9272 0.0315, 1.2185 0.9272 0.0315, 1.3091 0.8091 0.0315, 1.2185 0.8091 0.0315
            ]
        }
        coordIndex [
            0,1,2,-1,2,1,3,-1,
        ]
    }
}
Shape{
    appearance Appearance {
        material  Material 	{
            diffuseColor 0.2235294117647059 0.2235294117647059 0.2235294117647059
            specularColor 0.11372549019607843 0.11372549019607843 0.11372549019607843
            ambientIntensity 0.2235
            transparency 0.0
            shininess 0.5
        }
    }
    geometry IndexedFaceSet {
        ccw TRUE
        solid FALSE
        coord DEF co Coordinate {
            point [
                1.3091 0.6713 0.0591, 1.3091 0.8091 0.0591, 1.3266 0.6538 0.0906, 1.3266 0.8091 0.0906, 1.0925 0.4744 1.1535, 1.0925 0.5335 1.1535, 1.0177 0.5335 1.1535, 1.0905 0.4591 1.1535, 1.0177 0.8091 1.1535, 0.7598 0.8091 1.1535, 0.7598 0.5295 1.1535, 0.7556 0.5295 1.1535, 0.4921 0.4154 1.1535, 1.0487 0.4174 1.1535, 1.063 0.4233 1.1535, 1.0335 0.4154 1.1535, 0.7556 0.5335 1.1535, 0.4921 0.5335 1.1535, 0.4768 0.4174 1.1535, 1.0752 0.4327 1.1535, 1.0846 0.4449 1.1535, 0.4626 0.5256 1.1535, 0.4504 0.5162 1.1535, 0.4626 0.4233 1.1535, 0.441 0.5039 1.1535, 0.4504 0.4327 1.1535, 0.4351 0.4897 1.1535, 0.4331 0.4744 1.1535, 0.4768 0.5315 1.1535, 0.4351 0.4591 1.1535, 0.441 0.4449 1.1535, 1.656 0.2579 0.4373, 1.656 0.2383 0.4373, 1.6559 0.2382 0.4366, 1.6328 0.2579 0.3528, 1.6611 0.2579 0.4891, 1.6607 0.2528 0.4813, 1.6601 0.2462 0.471, 1.6598 0.2452 0.4683, 1.6585 0.2405 0.4549, 1.6584 0.2404 0.4541, 1.6328 0.2382 0.3528, 1.5923 0.2382 0.2752, 1.5923 0.2579 0.2752, 1.5364 0.2382 0.2077, 1.5364 0.2579 0.2077, 1.4675 0.2382 0.1536, 1.4675 0.2579 0.1536, 1.3888 0.2382 0.1152, 1.3888 0.2579 0.1152, 1.3037 0.2382 0.0943, 1.3037 0.2579 0.0943, 1.248 0.2382 0.0906, 1.248 0.2579 0.0906, 1.6614 0.3003 0.5339, 1.6614 0.435 0.0394, 1.6614 0.3113 0.5549, 1.6614 0.435 0.5669, 1.6614 0.3179 0.5777, 1.6614 0.3219 0.5907, 1.6614 0.2853 0.5156, 1.6614 0.2776 0.5079, 1.6614 0.2728 0.504, 1.6614 0.2579 0.4891, 1.6614 0.2579 0.0394, 1.6614 0.2631 0.4948, 1.6614 0.265 0.4968, 1.6614 0.3496 0.6198, 1.6614 0.3382 0.6123, 1.6614 0.3288 0.6025, 1.6614 0.433 0.5822, 1.6614 0.376 0.626, 1.6614 0.3624 0.6244, 1.6614 0.4055 0.6181, 1.6614 0.3913 0.624, 1.6614 0.4177 0.6087, 1.6614 0.4271 0.5965, -1.656 0.2383 0.4372, -1.6573 0.2397 0.4464, -1.656 0.2579 0.4372, -1.6589 0.2416 0.4582, -1.6592 0.2431 0.4619, -1.6604 0.2488 0.4752, -1.6606 0.2497 0.4774, -1.6608 0.2526 0.4815, -1.6611 0.2571 0.4879, -1.6611 0.2579 0.489, -1.6559 0.2382 0.4366, -1.6328 0.2579 0.3528, -1.6328 0.2382 0.3528, -1.5923 0.2579 0.2751, -1.5923 0.2382 0.2751, -1.5364 0.2579 0.2077, -1.5364 0.2382 0.2077, -1.4675 0.2579 0.1536, -1.4675 0.2382 0.1536, -1.3888 0.2579 0.1152, -1.3888 0.2382 0.1152, -1.3037 0.2579 0.0943, -1.3037 0.2382 0.0943, -1.248 0.2579 0.0906, -1.248 0.2382 0.0906, -1.6614 0.2853 0.5156, -1.6614 0.3003 0.5339, -1.6614 0.435 0.0394, -1.6614 0.435 0.5669, -1.6614 0.2716 0.5029, -1.6614 0.2728 0.504, -1.6614 0.2776 0.5079, -1.6614 0.2579 0.0394, -1.6614 0.2579 0.489, -1.6614 0.265 0.4968, -1.6614 0.3113 0.5549, -1.6614 0.3179 0.5777, -1.6614 0.4333 0.5813, -1.6614 0.428 0.5949, -1.6614 0.3956 0.6226, -1.6614 0.4086 0.6162, -1.6614 0.4196 0.6067, -1.6614 0.3223 0.5915, -1.6614 0.3299 0.6039, -1.6614 0.3403 0.614, -1.6614 0.3529 0.6213, -1.6614 0.3669 0.6253, -1.6614 0.3814 0.6257, -1.124 -1.6852 0.5375, 1.124 -1.6852 0.5375, -1.124 -1.6875 0.5406, 1.124 -1.6875 0.5406, -1.124 -1.6883 0.5416, 1.124 -1.6883 0.5416, -1.124 -1.6893 0.544, 1.124 -1.6893 0.544, -1.124 -1.6903 0.5464, 1.124 -1.6903 0.5464, -1.124 -1.6907 0.5496, -1.124 -1.6909 0.5515, 1.124 -1.6904 0.5477, 1.124 -1.6909 0.5515, 1.2908 -1.1947 0.6516, 1.2908 -1.1947 0.5925, 1.2678 -1.1845 0.6516, 1.2678 -1.1845 0.5925, 1.2481 -1.1688 0.6516, 1.2481 -1.1688 0.5925, 1.2331 -1.1486 0.6516, 1.2331 -1.1486 0.5925, 1.2237 -1.1253 0.6516, 1.2237 -1.1253 0.5925, 1.2205 -1.1004 0.6516, 1.2205 -1.1004 0.5925, 1.3189 -1.2324 0.6516, 1.3189 -1.2324 0.5925, 1.3176 -1.2225 0.5925, 1.3176 -1.2225 0.6516, 1.3138 -1.2131 0.5925, 1.3138 -1.2131 0.6516, 1.3078 -1.2051 0.5925, 1.3078 -1.2051 0.6516, 1.3 -1.1988 0.5925, 1.3 -1.1988 0.6516, 1.3189 -1.3911 0.6516, 1.3189 -1.3911 0.5925, 1.3093 -1.4376 0.6516, 1.3093 -1.4376 0.5925, 1.3165 -1.4149 0.5925, 1.3165 -1.4149 0.6516, 1.2795 -1.2579 0.5925, 1.2795 -1.2579 0.5039, 1.2789 -1.2528 0.5039, 1.2789 -1.2528 0.5925, 1.2769 -1.248 0.5039, 1.2769 -1.248 0.5925, 1.2738 -1.244 0.5039, 1.2738 -1.244 0.5925, 1.2697 -1.2408 0.5039, 1.2697 -1.2408 0.5925, 1.2649 -1.2389 0.5039, 1.2649 -1.2389 0.5925, 1.2598 -1.2382 0.5039, 1.2598 -1.2382 0.5925, 1.2795 -1.5072 0.5925, 1.2795 -1.5072 0.6516, 1.2795 -1.2579 0.7402, 1.2795 -1.2579 0.6516, 1.2789 -1.2528 0.6516, 1.2789 -1.2528 0.7402, 1.2769 -1.248 0.6516, 1.2769 -1.248 0.7402, 1.2738 -1.244 0.6516, 1.2738 -1.244 0.7402, 1.2697 -1.2408 0.6516, 1.2697 -1.2408 0.7402, 1.2649 -1.2389 0.6516, 1.2649 -1.2389 0.7402, 1.2598 -1.2382 0.6516, 1.2598 -1.2382 0.7402, 1.1487 -1.6846 0.5375, 1.1855 -1.671 0.5264, 1.196 -1.6634 0.5192, 1.1977 -1.6633 0.5211, 1.1825 -1.6699 0.5231, 1.1718 -1.6761 0.5291, 1.1905 -1.6619 0.5144, 1.1889 -1.6607 0.5131, 1.2045 -1.6434 0.4958, 1.2069 -1.6441 0.4969, 1.1887 -1.6609 0.5133, 1.1694 -1.6741 0.5265, 1.1694 -1.6741 0.5265, 1.1522 -1.6811 0.5334, 1.1473 -1.6821 0.5344, 1.1355 -1.6845 0.5369, 1.1499 -1.6863 0.541, 1.1511 -1.6873 0.5447, 1.1371 -1.6886 0.5432, 1.1377 -1.6897 0.5469, 1.1623 -1.6826 0.5374, 1.1641 -1.6833 0.5412, 1.1655 -1.6833 0.5448, 1.1519 -1.6872 0.5482, 1.1381 -1.6896 0.5503, 1.1457 -1.6889 0.5497, 1.147 -1.6886 0.5494, 1.1754 -1.6778 0.5344, 1.1742 -1.6774 0.5325, 1.2075 -1.6543 0.5128, 1.214 -1.6445 0.5015, 1.2157 -1.6442 0.5029, 1.1882 -1.6712 0.5303, 1.1765 -1.6779 0.5364, 1.1894 -1.6709 0.5323, 1.1775 -1.6779 0.5383, 1.2005 -1.6626 0.5252, 1.1992 -1.6631 0.5231, 1.2106 -1.653 0.5169, 1.2091 -1.6537 0.5148, 1.2206 -1.6409 0.5098, 1.2112 -1.6517 0.5187, 1.2059 -1.6579 0.5239, 1.2013 -1.6616 0.5269, 1.2001 -1.6625 0.5276, 1.1924 -1.6626 0.5158, 1.1942 -1.6631 0.5174, 1.184 -1.6706 0.5247, 1.2206 -1.6408 0.5097, 1.2194 -1.6421 0.5076, 1.2185 -1.6429 0.5062, 1.2179 -1.6432 0.5055, 1.2161 -1.644 0.5034, 1.1902 -1.6703 0.5341, 1.1876 -1.6724 0.5357, 1.178 -1.6773 0.5398, 1.1751 -1.6787 0.541, 1.1671 -1.6828 0.5444, 1.2085 -1.6445 0.4976, 1.2094 -1.6445 0.4981, 1.2118 -1.6447 0.4996, 1.2123 -1.6447 0.5, 1.1718 -1.6761 0.715, 1.1586 -1.6789 0.7128, 1.1487 -1.6846 0.7065, 1.1473 -1.682 0.7097, 1.1413 -1.6837 0.7081, 1.1924 -1.6626 0.7283, 1.1905 -1.6619 0.7297, 1.1926 -1.6574 0.7344, 1.1884 -1.6607 0.731, 1.1765 -1.67 0.7217, 1.169 -1.6737 0.718, 1.1499 -1.6863 0.7031, 1.173 -1.6769 0.7133, 1.2045 -1.6434 0.7483, 1.2069 -1.6441 0.7472, 1.2085 -1.6445 0.7465, 1.2094 -1.6445 0.746, 1.214 -1.6445 0.7426, 1.2123 -1.6447 0.7441, 1.1942 -1.6631 0.7267, 1.2118 -1.6447 0.7444, 1.2005 -1.6626 0.7189, 1.1894 -1.6709 0.7118, 1.1903 -1.6704 0.71, 1.1855 -1.671 0.7177, 1.1742 -1.6774 0.7116, 1.1869 -1.6712 0.7158, 1.1754 -1.6778 0.7097, 1.1882 -1.6712 0.7138, 1.1765 -1.6779 0.7077, 1.1775 -1.6779 0.7058, 1.2001 -1.6626 0.7164, 1.2013 -1.6617 0.7172, 1.2052 -1.6586 0.7197, 1.2112 -1.6517 0.7254, 1.2106 -1.653 0.7272, 1.2206 -1.6409 0.7343, 1.2161 -1.644 0.7407, 1.2075 -1.6543 0.7313, 1.2179 -1.6432 0.7386, 1.2091 -1.6537 0.7293, 1.2185 -1.6429 0.7379, 1.2194 -1.6421 0.7365, 1.2206 -1.6408 0.7344, 1.1992 -1.6631 0.721, 1.1977 -1.6633 0.723, 1.1297 -1.6908 0.6928, 1.147 -1.6884 0.6948, 1.1516 -1.6875 0.6974, 1.1503 -1.688 0.6952, 1.152 -1.6874 0.6957, 1.1687 -1.6821 0.7002, 1.1751 -1.6788 0.703, 1.178 -1.6773 0.7043, 1.1887 -1.6717 0.7089, 1.124 -1.6909 0.6926, 1.124 -1.6908 0.6945, 1.124 -1.6906 0.6965, 1.1511 -1.6873 0.6994, 1.124 -1.69 0.6983, 1.1505 -1.6869 0.7013, 1.124 -1.6894 0.7002, 1.124 -1.6876 0.7036, 1.124 -1.6876 0.7036, 1.124 -1.6852 0.7066, 1.196 -1.6634 0.7249, 1.2157 -1.6442 0.7412, -1.124 -1.6894 0.7002, -1.124 -1.6906 0.6964, -1.124 -1.6909 0.6926, -1.124 -1.6906 0.6965, -1.124 -1.6852 0.7066, -1.124 -1.6876 0.7036, -1.124 -1.6876 0.7036, -1.1775 -1.6779 0.5383, -1.1765 -1.6779 0.5364, -1.1511 -1.6873 0.5447, -1.1586 -1.6789 0.5313, -1.1473 -1.682 0.5344, -1.1487 -1.6846 0.5375, -1.1413 -1.6837 0.536, -1.169 -1.6737 0.5261, -1.1718 -1.6761 0.5291, -1.1765 -1.67 0.5224, -1.1905 -1.6619 0.5144, -1.1884 -1.6607 0.5131, -1.1926 -1.6574 0.5097, -1.2069 -1.6441 0.4969, -1.2045 -1.6434 0.4958, -1.2106 -1.653 0.5169, -1.2112 -1.6517 0.5187, -1.2206 -1.6409 0.5098, -1.2161 -1.644 0.5034, -1.2075 -1.6543 0.5128, -1.2179 -1.6432 0.5055, -1.2091 -1.6537 0.5148, -1.2185 -1.6429 0.5062, -1.2194 -1.6421 0.5076, -1.2206 -1.6408 0.5097, -1.2005 -1.6626 0.5252, -1.2013 -1.6617 0.5269, -1.2052 -1.6586 0.5244, -1.196 -1.6634 0.5192, -1.1977 -1.6633 0.5211, -1.1992 -1.6631 0.5231, -1.1505 -1.6869 0.5428, -1.1754 -1.6778 0.5344, -1.1499 -1.6863 0.541, -1.1516 -1.6875 0.5467, -1.1687 -1.6821 0.5439, -1.1751 -1.6788 0.5411, -1.1503 -1.688 0.5489, -1.152 -1.6874 0.5484, -1.173 -1.6769 0.5308, -1.1742 -1.6774 0.5325, -1.2085 -1.6445 0.4976, -1.1924 -1.6626 0.5158, -1.2094 -1.6445 0.4981, -1.1942 -1.6631 0.5174, -1.2118 -1.6447 0.4996, -1.2157 -1.6442 0.5029, -1.214 -1.6445 0.5015, -1.2123 -1.6447 0.5, -1.1894 -1.6709 0.5323, -1.1882 -1.6712 0.5303, -1.1869 -1.6712 0.5283, -1.1855 -1.671 0.5264, -1.1297 -1.6908 0.5513, -1.147 -1.6884 0.5493, -1.178 -1.6773 0.5398, -1.1887 -1.6717 0.5351, -1.1903 -1.6704 0.5341, -1.2001 -1.6626 0.5277, -1.1876 -1.6724 0.7084, -1.178 -1.6773 0.7043, -1.1775 -1.6779 0.7058, -1.2001 -1.6625 0.7165, -1.1902 -1.6703 0.71, -1.1894 -1.6709 0.7118, -1.2059 -1.6579 0.7202, -1.2013 -1.6616 0.7172, -1.2005 -1.6626 0.7189, -1.2091 -1.6537 0.7293, -1.2185 -1.6429 0.7379, -1.2194 -1.6421 0.7365, -1.2206 -1.6409 0.7343, -1.2112 -1.6517 0.7254, -1.2106 -1.653 0.7272, -1.1655 -1.6833 0.6993, -1.1519 -1.6872 0.6959, -1.1511 -1.6873 0.6994, -1.1487 -1.6846 0.7065, -1.1889 -1.6607 0.731, -1.1905 -1.6619 0.7297, -1.1887 -1.6609 0.7308, -1.1718 -1.6761 0.715, -1.1694 -1.6741 0.7176, -1.1694 -1.6741 0.7176, -1.1522 -1.6811 0.7107, -1.1473 -1.6821 0.7097, -1.1355 -1.6845 0.7072, -1.2085 -1.6445 0.7465, -1.2069 -1.6441 0.7472, -1.2045 -1.6434 0.7483, -1.1924 -1.6626 0.7283, -1.2094 -1.6445 0.746, -1.2118 -1.6447 0.7444, -1.1371 -1.6886 0.7009, -1.1499 -1.6863 0.7031, -1.1623 -1.6826 0.7067, -1.1742 -1.6774 0.7116, -1.1751 -1.6787 0.7031, -1.1671 -1.6828 0.6997, -1.1381 -1.6896 0.6938, -1.1377 -1.6897 0.6972, -1.1457 -1.6889 0.6944, -1.147 -1.6886 0.6947, -1.1765 -1.6779 0.7077, -1.1641 -1.6833 0.7029, -1.2206 -1.6408 0.7344, -1.1992 -1.6631 0.721, -1.1977 -1.6633 0.723, -1.2075 -1.6543 0.7313, -1.2161 -1.644 0.7407, -1.2179 -1.6432 0.7386, -1.1825 -1.6699 0.721, -1.184 -1.6706 0.7194, -1.1942 -1.6631 0.7267, -1.1855 -1.671 0.7177, -1.196 -1.6634 0.7249, -1.2123 -1.6447 0.7441, -1.214 -1.6445 0.7426, -1.2157 -1.6442 0.7412, -1.1882 -1.6712 0.7138, -1.1754 -1.6778 0.7097, -1.2598 -1.2382 0.5925, -1.2598 -1.2382 0.5039, -1.2649 -1.2389 0.5039, -1.2649 -1.2389 0.5925, -1.2697 -1.2408 0.5039, -1.2697 -1.2408 0.5925, -1.2738 -1.244 0.5039, -1.2738 -1.244 0.5925, -1.2769 -1.248 0.5039, -1.2769 -1.248 0.5925, -1.2789 -1.2528 0.5039, -1.2789 -1.2528 0.5925, -1.2795 -1.2579 0.5039, -1.2795 -1.2579 0.5925, -1.2598 -1.2382 0.7402, -1.2598 -1.2382 0.6516, -1.2649 -1.2389 0.6516, -1.2649 -1.2389 0.7402, -1.2697 -1.2408 0.6516, -1.2697 -1.2408 0.7402, -1.2738 -1.244 0.6516, -1.2738 -1.244 0.7402, -1.2769 -1.248 0.6516, -1.2769 -1.248 0.7402, -1.2789 -1.2528 0.6516, -1.2789 -1.2528 0.7402, -1.2795 -1.2579 0.6516, -1.2795 -1.2579 0.7402, -1.3093 -1.4376 0.6516, -1.3093 -1.4376 0.5925, -1.2795 -1.5072 0.6516, -1.2795 -1.5072 0.5925, -1.3189 -1.3911 0.6516, -1.3189 -1.3911 0.5925, -1.3165 -1.4149 0.5925, -1.3165 -1.4149 0.6516, -1.3189 -1.2324 0.6516, -1.3189 -1.2324 0.5925, -1.2908 -1.1947 0.6516, -1.2908 -1.1947 0.5925, -1.3 -1.1988 0.5925, -1.3 -1.1988 0.6516, -1.3078 -1.2051 0.5925, -1.3078 -1.2051 0.6516, -1.3138 -1.2131 0.5925, -1.3138 -1.2131 0.6516, -1.3176 -1.2225 0.5925, -1.3176 -1.2225 0.6516, -1.2205 -1.1004 0.6516, -1.2205 -1.1004 0.5925, -1.2237 -1.1253 0.6516, -1.2237 -1.1253 0.5925, -1.2331 -1.1486 0.6516, -1.2331 -1.1486 0.5925, -1.2481 -1.1688 0.6516, -1.2481 -1.1688 0.5925, -1.2678 -1.1845 0.6516, -1.2678 -1.1845 0.5925, -1.1811 -1.1594 0.5925, -1.1811 -1.1594 0.5039, -1.1838 -1.1798 0.5925, -1.1838 -1.1798 0.5039, -1.1917 -1.1988 0.5925, -1.1917 -1.1988 0.5039, -1.2042 -1.2151 0.5925, -1.2042 -1.2151 0.5039, -1.2205 -1.2276 0.5925, -1.2205 -1.2276 0.5039, -1.2395 -1.2355 0.5925, -1.2395 -1.2355 0.5039, -1.279 -1.2579 0.4996, -1.2789 -1.2566 0.499, -1.2598 -1.2579 0.4843, -1.2642 -1.2579 0.4848, -1.2598 -1.2528 0.4849, -1.2649 -1.253 0.4856, -1.2649 -1.2579 0.4849, -1.2683 -1.2579 0.4863, -1.2697 -1.2535 0.4875, -1.2697 -1.2579 0.4869, -1.272 -1.2579 0.4887, -1.2738 -1.2543 0.4905, -1.2738 -1.2579 0.49, -1.2751 -1.2579 0.4918, -1.2769 -1.2553 0.4944, -1.2598 -1.2389 0.4988, -1.2598 -1.2408 0.4941, -1.2649 -1.2395 0.499, -1.2649 -1.2414 0.4944, -1.2697 -1.2414 0.4995, -1.2697 -1.2431 0.4954, -1.2738 -1.2444 0.5003, -1.2738 -1.2458 0.497, -1.2769 -1.2484 0.5014, -1.2769 -1.2493 0.499, -1.2789 -1.253 0.5026, -1.2789 -1.2535 0.5014, -1.2598 -1.244 0.49, -1.2649 -1.2444 0.4905, -1.2697 -1.2458 0.4919, -1.2738 -1.248 0.4941, -1.2769 -1.2509 0.497, -1.2789 -1.2543 0.5003, -1.2598 -1.248 0.4869, -1.2649 -1.2484 0.4875, -1.2697 -1.2493 0.4892, -1.2738 -1.2509 0.4919, -1.2769 -1.253 0.4954, -1.2789 -1.2553 0.4995, -1.2769 -1.2579 0.4941, -1.2775 -1.2579 0.4954, -1.2789 -1.2579 0.4988, -1.2237 -1.6209 0.4885, -1.2223 -1.6202 0.4876, -1.2211 -1.6239 0.4879, -1.2263 -1.6318 0.5049, -1.228 -1.6287 0.5045, -1.2275 -1.6291 0.501, -1.2304 -1.6241 0.5039, -1.221 -1.6315 0.4923, -1.2196 -1.6345 0.4937, -1.2218 -1.6347 0.4964, -1.2266 -1.6223 0.4917, -1.2251 -1.6216 0.4901, -1.2238 -1.6251 0.4905, -1.2224 -1.6284 0.4913, -1.2247 -1.629 0.4943, -1.2261 -1.6259 0.4936, -1.2301 -1.624 0.5004, -1.23 -1.6239 0.4996, -1.2264 -1.6292 0.4976, -1.2291 -1.6235 0.4967, -1.2287 -1.6233 0.4954, -1.2274 -1.6227 0.4932, -1.2167 -1.6399 0.4971, -1.2189 -1.6397 0.4995, -1.2235 -1.6345 0.4994, -1.2207 -1.6392 0.502, -1.2248 -1.634 0.5024, -1.2086 -1.6305 0.4875, -1.2076 -1.634 0.489, -1.2103 -1.6353 0.4898, -1.2072 -1.6355 0.4896, -1.2055 -1.6403 0.4934, -1.208 -1.6414 0.4942, -1.2063 -1.6379 0.4915, -1.2091 -1.6385 0.4918, -1.2066 -1.6373 0.491, -1.2143 -1.6398 0.495, -1.2118 -1.6393 0.4932, -1.2106 -1.642 0.4955, -1.2157 -1.637 0.493, -1.213 -1.6363 0.4912, -1.2127 -1.6156 0.4843, -1.2125 -1.6163 0.4843, -1.2159 -1.6171 0.4847, -1.2148 -1.621 0.4849, -1.2166 -1.6175 0.4847, -1.2086 -1.6305 0.4875, -1.2114 -1.632 0.4881, -1.2098 -1.6263 0.4857, -1.2126 -1.6285 0.4867, -1.2106 -1.6232 0.4853, -1.2137 -1.6248 0.4856, -1.2108 -1.6225 0.4852, -1.2117 -1.6194 0.4847, -1.2143 -1.6331 0.4894, -1.217 -1.634 0.4913, -1.2155 -1.6297 0.488, -1.2184 -1.6308 0.4899, -1.2168 -1.6262 0.4869, -1.2197 -1.6274 0.4888, -1.218 -1.6225 0.4861, -1.2204 -1.6193 0.4862, -1.2231 -1.6372 0.5072, -1.2255 -1.6331 0.5055, -1.1765 -1.67 0.5224, 1.1522 -1.6811 0.5334, 1.1694 -1.6741 0.5265, -1.1586 -1.6789 0.5313, 1.2239 -1.6359 0.5065, 1.2173 -1.6178 0.4849, 1.2192 -1.6187 0.4858, 1.218 -1.6225 0.4861, 1.2216 -1.6199 0.4869, 1.2223 -1.6202 0.4876, 1.2211 -1.6239 0.4879, 1.221 -1.6315 0.4923, 1.2224 -1.6284 0.4913, 1.2247 -1.629 0.4943, 1.2217 -1.6347 0.4964, 1.2189 -1.6397 0.4995, 1.2167 -1.6399 0.4971, 1.2235 -1.6345 0.4994, 1.2207 -1.6392 0.5021, 1.2195 -1.6345 0.4937, 1.23 -1.6239 0.5004, 1.2248 -1.634 0.5024, 1.2298 -1.6238 0.4988, 1.228 -1.623 0.4941, 1.2261 -1.6259 0.4936, 1.2274 -1.6227 0.4932, 1.2238 -1.6251 0.4905, 1.2252 -1.6216 0.49, 1.229 -1.6235 0.4968, 1.2264 -1.6292 0.4976, 1.2096 -1.627 0.4861, 1.21 -1.6255 0.4855, 1.2126 -1.6285 0.4867, 1.2137 -1.6248 0.4856, 1.2127 -1.6156 0.4843, 1.2159 -1.6171 0.4847, 1.2117 -1.6194 0.4847, 1.2148 -1.621 0.4849, 1.2108 -1.6225 0.4851, 1.2106 -1.6233 0.4852, 1.2047 -1.6429 0.4953, 1.208 -1.6414 0.4942, 1.2055 -1.6404 0.4934, 1.2063 -1.6379 0.4916, 1.2091 -1.6385 0.4918, 1.2066 -1.6373 0.4911, 1.2103 -1.6353 0.4898, 1.2074 -1.6348 0.4893, 1.2114 -1.632 0.4881, 1.2086 -1.6305 0.4876, 1.2086 -1.6305 0.4875, 1.2106 -1.6421 0.4955, 1.2143 -1.6398 0.495, 1.2168 -1.6262 0.4869, 1.2197 -1.6274 0.4888, 1.2155 -1.6298 0.488, 1.2184 -1.6308 0.4899, 1.2143 -1.6331 0.4894, 1.217 -1.634 0.4913, 1.213 -1.6363 0.4912, 1.2157 -1.637 0.493, 1.2118 -1.6393 0.4932, 1.2304 -1.6241 0.5039, 1.2278 -1.6293 0.5044, 1.2255 -1.6331 0.5056, 1.2649 -1.2395 0.499, 1.2769 -1.2493 0.499, 1.2789 -1.2535 0.5014, 1.2789 -1.2543 0.5003, 1.2789 -1.2579 0.4988, 1.2789 -1.2566 0.499, 1.2789 -1.253 0.5026, 1.2769 -1.2484 0.5014, 1.2738 -1.2444 0.5003, 1.2769 -1.2509 0.497, 1.2789 -1.2553 0.4995, 1.2769 -1.253 0.4954, 1.2769 -1.2553 0.4944, 1.2769 -1.2579 0.4941, 1.2738 -1.2458 0.497, 1.2738 -1.248 0.4941, 1.2738 -1.2509 0.4919, 1.2738 -1.2543 0.4905, 1.2738 -1.2579 0.49, 1.2697 -1.2414 0.4995, 1.2697 -1.2431 0.4954, 1.2697 -1.2458 0.4919, 1.2697 -1.2493 0.4892, 1.2697 -1.2535 0.4875, 1.2697 -1.2579 0.4869, 1.2649 -1.2414 0.4944, 1.2649 -1.2444 0.4905, 1.2649 -1.2484 0.4875, 1.2649 -1.253 0.4856, 1.2649 -1.2579 0.4849, 1.2598 -1.2389 0.4988, 1.2598 -1.2408 0.4941, 1.2598 -1.244 0.49, 1.2598 -1.248 0.4869, 1.2598 -1.2528 0.4849, 1.2598 -1.2579 0.4843, 1.2395 -1.2355 0.5925, 1.2395 -1.2355 0.5039, 1.2205 -1.2276 0.5925, 1.2205 -1.2276 0.5039, 1.2042 -1.2151 0.5925, 1.2042 -1.2151 0.5039, 1.1917 -1.1988 0.5925, 1.1917 -1.1988 0.5039, 1.1838 -1.1798 0.5925, 1.1838 -1.1798 0.5039, 1.1811 -1.1594 0.5925, 1.1811 -1.1594 0.5039, -0.4206 -0.5768 0.474, -0.4268 -0.5768 0.474, -0.4268 -0.5763 0.4697, -0.8143 -0.5768 0.474, -0.8537 -0.5768 0.474, -0.8537 -0.5763 0.4697, -1.2805 -0.5768 0.474, -1.2805 -0.5763 0.4697, -1.0111 -0.5768 0.474, -0.9574 -0.5768 0.474, -0.5637 -0.5768 0.474, -0.6174 -0.5768 0.474, -0.7605 -0.5768 0.474, 0.0269 -0.5768 0.474, 0.0 -0.5768 0.474, 0.0 -0.5763 0.4697, -0.0269 -0.5768 0.474, -0.17 -0.5768 0.474, -0.2237 -0.5768 0.474, -0.3668 -0.5768 0.474, 0.4268 -0.5763 0.4697, 0.4268 -0.5768 0.474, 0.4206 -0.5768 0.474, 0.3668 -0.5768 0.474, 0.2237 -0.5768 0.474, 0.17 -0.5768 0.474, 0.8537 -0.5763 0.4697, 0.8537 -0.5768 0.474, 0.8143 -0.5768 0.474, 0.7605 -0.5768 0.474, 0.6174 -0.5768 0.474, 0.5637 -0.5768 0.474, 1.2805 -0.5763 0.4697, 1.2805 -0.5768 0.474, 1.0111 -0.5768 0.474, 0.9574 -0.5768 0.474, -1.2805 -0.5748 0.4655, -0.8537 -0.5748 0.4655, -0.4268 -0.5748 0.4655, 0.0 -0.5748 0.4655, 0.4268 -0.5748 0.4655, 0.8537 -0.5748 0.4655, 1.2805 -0.5748 0.4655, -1.2805 -0.5725 0.4618, -0.8537 -0.5725 0.4618, -0.4268 -0.5725 0.4618, 0.0 -0.5725 0.4618, 0.4268 -0.5725 0.4618, 0.8537 -0.5725 0.4618, 1.2805 -0.5725 0.4618, -1.2805 -0.5694 0.4587, -0.8537 -0.5694 0.4587, -0.4268 -0.5694 0.4587, 0.0 -0.5694 0.4587, 0.4268 -0.5694 0.4587, 0.8537 -0.5694 0.4587, 1.2805 -0.5694 0.4587, 1.1811 -0.687 0.5039, 1.1811 -0.687 0.5925, 1.1917 -0.6476 0.5925, 1.2042 -0.6313 0.5925, 1.2205 -0.6188 0.5925, 1.1838 -0.6666 0.5925, 1.2205 -0.6188 0.6516, 1.2042 -1.2151 0.6516, 1.1917 -1.1988 0.6516, 1.1838 -1.1798 0.6516, 1.1811 -1.1594 0.6516, 1.2205 -1.2276 0.6516, 1.2395 -1.2355 0.6516, 1.2042 -0.6313 0.6516, 1.1917 -0.6476 0.6516, 1.1811 -0.687 0.6516, 1.1838 -0.6666 0.6516, 1.1811 -0.687 0.7402, 1.1811 -1.1594 0.7402, 1.2395 -1.2355 0.7402, 1.2205 -1.2276 0.7402, 1.2042 -1.2151 0.7402, 1.1917 -1.1988 0.7402, 1.1838 -1.1798 0.7402, 1.2795 -1.5138 0.7402, 1.2795 -1.5138 0.5039, 1.2598 -1.2579 0.7598, 1.2649 -1.2579 0.7592, 1.2649 -1.253 0.7585, 1.2769 -1.253 0.7487, 1.2789 -1.2553 0.7446, 1.2789 -1.2543 0.7438, 1.2789 -1.253 0.7415, 1.2789 -1.2566 0.7451, 1.2769 -1.2553 0.7497, 1.2738 -1.2543 0.7536, 1.2789 -1.2579 0.7453, 1.2769 -1.2509 0.7471, 1.2789 -1.2535 0.7427, 1.2769 -1.2493 0.7451, 1.2769 -1.2484 0.7427, 1.2769 -1.2579 0.75, 1.2738 -1.2579 0.7541, 1.2697 -1.2579 0.7572, 1.2738 -1.2509 0.7522, 1.2738 -1.248 0.75, 1.2738 -1.2458 0.7471, 1.2738 -1.2444 0.7438, 1.2697 -1.2535 0.7566, 1.2697 -1.2493 0.7549, 1.2697 -1.2458 0.7522, 1.2697 -1.2431 0.7487, 1.2697 -1.2414 0.7446, 1.2649 -1.2484 0.7566, 1.2649 -1.2444 0.7536, 1.2649 -1.2414 0.7497, 1.2649 -1.2395 0.7451, 1.2598 -1.2528 0.7592, 1.2598 -1.248 0.7572, 1.2598 -1.244 0.7541, 1.2598 -1.2408 0.75, 1.2598 -1.2389 0.7453, 1.232 -1.6208 0.5039, 1.232 -1.6208 0.7402, 1.228 -1.6287 0.7396, 1.2304 -1.6241 0.7402, 1.2263 -1.6318 0.7391, 1.2255 -1.6331 0.7386, 1.2231 -1.6372 0.7369, 1.2237 -1.6209 0.7555, 1.2223 -1.6202 0.7565, 1.2211 -1.6239 0.7562, 1.2275 -1.6291 0.7431, 1.221 -1.6315 0.7518, 1.2196 -1.6345 0.7504, 1.2218 -1.6347 0.7477, 1.2266 -1.6223 0.7524, 1.2251 -1.6216 0.754, 1.2238 -1.6251 0.7536, 1.2224 -1.6284 0.7528, 1.2247 -1.629 0.7498, 1.2261 -1.6259 0.7505, 1.2301 -1.624 0.7437, 1.23 -1.6239 0.7445, 1.2264 -1.6292 0.7465, 1.2291 -1.6235 0.7474, 1.2287 -1.6233 0.7487, 1.2274 -1.6227 0.7509, 1.2167 -1.6399 0.747, 1.2189 -1.6397 0.7446, 1.2235 -1.6345 0.7447, 1.2207 -1.6392 0.7421, 1.2248 -1.634 0.7417, 1.2103 -1.6353 0.7543, 1.2076 -1.634 0.7551, 1.2072 -1.6355 0.7544, 1.2055 -1.6403 0.7507, 1.208 -1.6414 0.7499, 1.2063 -1.6379 0.7526, 1.2091 -1.6385 0.7523, 1.2066 -1.6373 0.7531, 1.2143 -1.6398 0.7491, 1.2118 -1.6393 0.7509, 1.2106 -1.642 0.7486, 1.2157 -1.637 0.7511, 1.213 -1.6363 0.7529, 1.2127 -1.6156 0.7598, 1.2125 -1.6163 0.7598, 1.2159 -1.6171 0.7594, 1.2148 -1.621 0.7592, 1.2166 -1.6175 0.7593, 1.2117 -1.6194 0.7594, 1.2108 -1.6225 0.7589, 1.2137 -1.6248 0.7585, 1.2106 -1.6232 0.7588, 1.2126 -1.6285 0.7574, 1.2098 -1.6263 0.7584, 1.2114 -1.632 0.756, 1.2086 -1.6305 0.7566, 1.2086 -1.6305 0.7566, 1.2143 -1.6331 0.7547, 1.217 -1.634 0.7528, 1.2155 -1.6297 0.7561, 1.2184 -1.6308 0.7542, 1.2168 -1.6262 0.7572, 1.2197 -1.6274 0.7553, 1.218 -1.6225 0.758, 1.2204 -1.6193 0.7579, 1.1765 -1.67 0.7217, -1.1522 -1.6811 0.7107, -1.1694 -1.6741 0.7176, 1.1586 -1.6789 0.7128, -1.232 -1.6208 0.7402, -1.232 -1.6208 0.5039, -1.2304 -1.6241 0.7402, -1.2239 -1.6359 0.7376, -1.2255 -1.6331 0.7385, -1.2278 -1.6293 0.7397, -1.2173 -1.6178 0.7592, -1.2192 -1.6187 0.7583, -1.218 -1.6225 0.758, -1.2216 -1.6199 0.7572, -1.2223 -1.6202 0.7565, -1.2211 -1.6239 0.7562, -1.221 -1.6315 0.7518, -1.2224 -1.6284 0.7528, -1.2247 -1.629 0.7498, -1.2167 -1.6399 0.747, -1.2217 -1.6347 0.7477, -1.2189 -1.6397 0.7446, -1.2235 -1.6345 0.7447, -1.2207 -1.6392 0.742, -1.2195 -1.6345 0.7504, -1.23 -1.6239 0.7437, -1.2248 -1.634 0.7417, -1.2298 -1.6238 0.7453, -1.228 -1.623 0.75, -1.2261 -1.6259 0.7505, -1.2274 -1.6227 0.7509, -1.2238 -1.6251 0.7536, -1.2252 -1.6216 0.7541, -1.229 -1.6235 0.7473, -1.2264 -1.6292 0.7465, -1.2096 -1.627 0.758, -1.21 -1.6255 0.7586, -1.2126 -1.6285 0.7574, -1.2137 -1.6248 0.7585, -1.2127 -1.6156 0.7598, -1.2159 -1.6171 0.7594, -1.2117 -1.6194 0.7593, -1.2148 -1.621 0.7592, -1.2108 -1.6225 0.759, -1.2106 -1.6233 0.7589, -1.2047 -1.6429 0.7488, -1.208 -1.6414 0.7499, -1.2055 -1.6404 0.7507, -1.2063 -1.6379 0.7525, -1.2091 -1.6385 0.7523, -1.2066 -1.6373 0.753, -1.2103 -1.6353 0.7543, -1.2074 -1.6348 0.7548, -1.2114 -1.632 0.756, -1.2086 -1.6305 0.7565, -1.2086 -1.6305 0.7566, -1.2106 -1.6421 0.7486, -1.2143 -1.6398 0.7491, -1.2168 -1.6262 0.7572, -1.2197 -1.6274 0.7553, -1.2155 -1.6298 0.7561, -1.2184 -1.6308 0.7542, -1.2143 -1.6331 0.7546, -1.217 -1.634 0.7528, -1.213 -1.6363 0.7529, -1.2157 -1.637 0.7511, -1.2118 -1.6393 0.7509, -1.2795 -1.5138 0.5039, -1.2795 -1.5138 0.7402, -1.1811 -1.1594 0.7402, -1.1811 -1.1594 0.6516, -1.1838 -1.1798 0.7402, -1.1838 -1.1798 0.6516, -1.1917 -1.1988 0.7402, -1.1917 -1.1988 0.6516, -1.2042 -1.2151 0.7402, -1.2042 -1.2151 0.6516, -1.2205 -1.2276 0.7402, -1.2205 -1.2276 0.6516, -1.2395 -1.2355 0.7402, -1.2395 -1.2355 0.6516, -1.2598 -1.2528 0.7592, -1.2598 -1.248 0.7572, -1.2649 -1.253 0.7585, -1.2649 -1.2484 0.7566, -1.2697 -1.2535 0.7566, -1.2697 -1.2493 0.7549, -1.2738 -1.2543 0.7536, -1.2738 -1.2509 0.7522, -1.2769 -1.2553 0.7497, -1.2769 -1.253 0.7487, -1.2789 -1.2566 0.7451, -1.2789 -1.2553 0.7446, -1.2598 -1.244 0.7541, -1.2649 -1.2444 0.7536, -1.2697 -1.2458 0.7522, -1.2738 -1.248 0.75, -1.2769 -1.2509 0.7471, -1.2789 -1.2543 0.7438, -1.2598 -1.2579 0.7598, -1.2649 -1.2579 0.7592, -1.2697 -1.2579 0.7572, -1.2738 -1.2579 0.7541, -1.2769 -1.2579 0.75, -1.2789 -1.2579 0.7453, -1.2598 -1.2408 0.75, -1.2598 -1.2389 0.7453, -1.2649 -1.2414 0.7497, -1.2649 -1.2395 0.7451, -1.2697 -1.2431 0.7487, -1.2697 -1.2414 0.7446, -1.2738 -1.2458 0.7471, -1.2738 -1.2444 0.7438, -1.2769 -1.2493 0.7451, -1.2769 -1.2484 0.7427, -1.2789 -1.2535 0.7427, -1.2789 -1.253 0.7415, 0.4206 -0.5768 0.7701, 0.4268 -0.5768 0.7701, 0.4268 -0.5763 0.7744, -0.5637 -0.5768 0.7701, -0.4268 -0.5768 0.7701, -0.4268 -0.5763 0.7744, -0.9574 -0.5768 0.7701, -0.8537 -0.5768 0.7701, -0.8537 -0.5763 0.7744, 1.2805 -0.5694 0.7854, 0.8537 -0.5694 0.7854, 0.8537 -0.5725 0.7823, 0.4268 -0.5694 0.7854, 0.4268 -0.5725 0.7823, 0.0 -0.5694 0.7854, 0.0 -0.5725 0.7823, -0.4268 -0.5694 0.7854, -0.4268 -0.5725 0.7823, -0.8537 -0.5694 0.7854, -0.8537 -0.5725 0.7823, -1.2805 -0.5694 0.7854, -1.2805 -0.5725 0.7823, 0.0 -0.5748 0.7786, 0.4268 -0.5748 0.7786, 0.0 -0.5763 0.7744, 0.8537 -0.5748 0.7786, 0.8537 -0.5763 0.7744, -1.2805 -0.5763 0.7744, -1.2805 -0.5768 0.7701, -1.0111 -0.5768 0.7701, -1.2805 -0.5748 0.7786, -0.8537 -0.5748 0.7786, -0.8143 -0.5768 0.7701, -0.7605 -0.5768 0.7701, -0.6174 -0.5768 0.7701, -0.4268 -0.5748 0.7786, -0.4206 -0.5768 0.7701, -0.3668 -0.5768 0.7701, -0.2237 -0.5768 0.7701, -0.17 -0.5768 0.7701, -0.0269 -0.5768 0.7701, 0.0 -0.5768 0.7701, 0.0269 -0.5768 0.7701, 0.17 -0.5768 0.7701, 0.2237 -0.5768 0.7701, 0.3668 -0.5768 0.7701, 0.5637 -0.5768 0.7701, 0.6174 -0.5768 0.7701, 0.7605 -0.5768 0.7701, 0.8143 -0.5768 0.7701, 0.8537 -0.5768 0.7701, 0.9574 -0.5768 0.7701, 1.0111 -0.5768 0.7701, 1.2805 -0.5725 0.7823, 1.2805 -0.5748 0.7786, 1.2805 -0.5763 0.7744, 1.2805 -0.5768 0.7701, -1.2205 -0.6188 0.5925, -1.2042 -0.6313 0.5925, -1.1917 -0.6476 0.5925, -1.1811 -0.687 0.5925, -1.1838 -0.6666 0.5925, -1.1811 -0.687 0.5039, -1.1811 -0.687 0.6516, -1.1811 -0.687 0.7402, -1.1917 -0.6476 0.6516, -1.2042 -0.6313 0.6516, -1.2205 -0.6188 0.6516, -1.1838 -0.6666 0.6516, -1.2849 -0.5761 0.4715, -1.2883 -0.5745 0.4695, -1.2848 -0.5758 0.4695, -1.2953 -0.5669 0.4655, -1.2959 -0.5651 0.4651, -1.2943 -0.5679 0.4651, -1.2971 -0.5607 0.4644, -1.2975 -0.5571 0.4641, -1.2963 -0.5589 0.4626, -1.294 -0.5635 0.4612, -1.2961 -0.5645 0.465, -1.297 -0.5622 0.4645, -1.2945 -0.5681 0.4659, -1.2915 -0.5707 0.4651, -1.2926 -0.571 0.467, -1.289 -0.5741 0.4691, -1.2882 -0.5729 0.4651, -1.2888 -0.5742 0.4692, -1.2805 -0.5762 0.4695, -1.2805 -0.5763 0.4697, -1.2849 -0.5761 0.4715, -1.2831 -0.5684 0.4583, -1.2805 -0.572 0.4612, -1.2831 -0.5684 0.4583, -1.2907 -0.5644 0.459, -1.2903 -0.5647 0.4589, -1.2922 -0.5663 0.4612, -1.2889 -0.5657 0.4584, -1.2899 -0.5687 0.4612, -1.2954 -0.5602 0.4615, -1.2953 -0.5603 0.4614, -1.2949 -0.5606 0.4612, -1.2927 -0.5628 0.4597, -1.2925 -0.5631 0.4596, -1.2845 -0.5742 0.4651, -1.2805 -0.5746 0.4651, -1.2805 -0.5748 0.4655, -1.2879 -0.5662 0.4583, -1.2848 -0.5678 0.4581, -1.287 -0.5705 0.4612, -1.2839 -0.5716 0.4612, -1.2805 -0.5724 0.4618, -1.214 -1.6128 0.4843, -1.2598 -1.5096 0.4843, -1.2344 -1.2545 0.4843, -1.2106 -1.2447 0.4843, -1.0111 -1.3642 0.4843, -1.1902 -1.229 0.4843, -1.1746 -1.2087 0.4843, -1.1746 -0.6378 0.4843, -1.1902 -0.6174 0.4843, -1.0111 -0.5768 0.4843, -0.9574 -0.5768 0.4843, -0.8143 -0.5768 0.4843, -0.9574 -1.3642 0.4843, -0.8143 -1.3642 0.4843, -1.1648 -0.6615 0.4843, -0.7605 -1.3642 0.4843, -1.3074 -0.5886 0.4843, -1.3074 -0.5571 0.4843, -1.3068 -0.5616 0.4843, -0.5637 -1.3642 0.4843, -0.5637 -0.5768 0.4843, -0.4206 -0.5768 0.4843, -0.4206 -1.3642 0.4843, -0.3668 -1.3642 0.4843, -0.6174 -1.3642 0.4843, -0.6174 -0.5768 0.4843, -0.7605 -0.5768 0.4843, -1.1648 -1.1849 0.4843, -1.1614 -1.1594 0.4843, -1.1614 -0.687 0.4843, -1.3052 -0.5659 0.4843, -1.3025 -0.5697 0.4843, -1.2989 -0.5728 0.4843, -0.17 -1.3642 0.4843, -0.17 -0.5768 0.4843, -0.0269 -0.5768 0.4843, -1.2944 -0.5752 0.4843, -1.2892 -0.5765 0.4843, -1.2598 -0.5886 0.4843, -1.2859 -0.5768 0.4843, -1.2344 -0.5919 0.4843, -1.2106 -0.6018 0.4843, -0.0269 -1.3642 0.4843, 0.0269 -1.3642 0.4843, -0.2237 -1.3642 0.4843, -0.2237 -0.5768 0.4843, -0.3668 -0.5768 0.4843, 0.2237 -1.3642 0.4843, 0.2237 -0.5768 0.4843, 0.3668 -0.5768 0.4843, 0.3668 -1.3642 0.4843, 0.4206 -1.3642 0.4843, 0.17 -1.3642 0.4843, 0.17 -0.5768 0.4843, 0.0269 -0.5768 0.4843, 0.6174 -1.3642 0.4843, 0.6174 -0.5768 0.4843, 0.7605 -0.5768 0.4843, 0.7605 -1.3642 0.4843, 0.5637 -1.3642 0.4843, 0.5637 -0.5768 0.4843, 0.4206 -0.5768 0.4843, 0.8143 -0.5768 0.4843, 0.9574 -0.5768 0.4843, 0.8143 -1.3642 0.4843, 0.9574 -1.3642 0.4843, 1.1902 -0.6174 0.4843, 1.1746 -0.6378 0.4843, 1.0111 -0.5768 0.4843, 1.0111 -1.3642 0.4843, 1.214 -1.6128 0.4843, 1.3073 -0.5594 0.4843, 1.3074 -0.5571 0.4843, 1.3074 -0.5886 0.4843, 1.1648 -1.1849 0.4843, 1.1746 -1.2087 0.4843, 1.2598 -1.5096 0.4843, 1.2344 -1.2545 0.4843, 1.2106 -1.2447 0.4843, 1.1902 -1.229 0.4843, 1.3008 -0.5713 0.4843, 1.3039 -0.5678 0.4843, 1.3061 -0.5639 0.4843, 1.2859 -0.5768 0.4843, 1.2916 -0.5761 0.4843, 1.2965 -0.5742 0.4843, 1.2598 -0.5886 0.4843, 1.2344 -0.5919 0.4843, 1.2106 -0.6018 0.4843, 1.1648 -0.6615 0.4843, 1.1614 -0.687 0.4843, 1.1614 -1.1594 0.4843, -1.184 -0.6667 0.5039, -1.1889 -0.6528 0.5039, -1.1883 -0.6526 0.4988, -1.192 -0.6479 0.5039, -1.1983 -0.6379 0.5039, -1.1978 -0.6375 0.4988, -1.2379 -0.591 0.4843, -1.2171 -0.5983 0.4843, -1.2391 -0.596 0.4849, -1.2193 -0.6029 0.4849, -1.2401 -0.6006 0.4869, -1.2214 -0.6072 0.4869, -1.241 -0.6046 0.49, -1.2232 -0.6109 0.49, -1.2417 -0.6077 0.4941, -1.2245 -0.6137 0.4941, -1.2422 -0.6096 0.4988, -1.2254 -0.6155 0.4988, -1.2598 -0.5937 0.4849, -1.2598 -0.5984 0.4869, -1.2598 -0.6025 0.49, -1.2598 -0.6056 0.4941, -1.2598 -0.6076 0.4988, -1.2598 -0.6083 0.5039, -1.2423 -0.6102 0.5039, -1.2045 -0.6317 0.5039, -1.2107 -0.6254 0.5039, -1.2103 -0.6249 0.4988, -1.2091 -0.6234 0.4941, -1.2072 -0.6209 0.49, -1.2046 -0.6177 0.4869, -1.2017 -0.614 0.4849, -1.1985 -0.6101 0.4843, -1.2207 -0.6192 0.5039, -1.2257 -0.6161 0.5039, -1.2396 -0.6112 0.5039, -1.1962 -0.6363 0.4941, -1.1938 -0.6343 0.49, -1.1906 -0.6318 0.4869, -1.1869 -0.6288 0.4849, -1.1829 -0.6256 0.4843, -1.1865 -0.6517 0.4941, -1.1837 -0.6503 0.49, -1.18 -0.6486 0.4869, -1.1758 -0.6465 0.4849, -1.1712 -0.6443 0.4843, -1.1831 -0.6695 0.5039, -1.1824 -0.6693 0.4988, -1.1805 -0.6689 0.4941, -1.1775 -0.6682 0.49, -1.1735 -0.6673 0.4869, -1.1689 -0.6662 0.4849, -1.1639 -0.6651 0.4843, -1.1665 -0.687 0.4849, -1.1713 -0.687 0.4869, -1.1753 -0.687 0.49, -1.1785 -0.687 0.4941, -1.1804 -0.687 0.4988, -1.1665 -1.1594 0.4849, -1.1713 -1.1594 0.4869, -1.1753 -1.1594 0.49, -1.1785 -1.1594 0.4941, -1.1804 -1.1594 0.4988, -1.1697 -1.1836 0.4849, -1.1743 -1.1824 0.4869, -1.1782 -1.1813 0.49, -1.1812 -1.1805 0.4941, -1.1831 -1.18 0.4988, -1.179 -1.2061 0.4849, -1.1831 -1.2037 0.4869, -1.1867 -1.2017 0.49, -1.1894 -1.2001 0.4941, -1.1911 -1.1992 0.4988, -1.1938 -1.2254 0.4849, -1.1972 -1.2221 0.4869, -1.2001 -1.2192 0.49, -1.2023 -1.217 0.4941, -1.2037 -1.2156 0.4988, -1.2132 -1.2403 0.4849, -1.2156 -1.2362 0.4869, -1.2176 -1.2326 0.49, -1.2192 -1.2299 0.4941, -1.2201 -1.2282 0.4988, -1.2357 -1.2496 0.4849, -1.2369 -1.245 0.4869, -1.238 -1.2411 0.49, -1.2388 -1.2381 0.4941, -1.2393 -1.2362 0.4988, -1.2792 -1.5137 0.5006, -1.2789 -1.5137 0.4996, -1.2787 -1.5136 0.4989, -1.2779 -1.5134 0.4961, -1.2775 -1.5133 0.4954, -1.2768 -1.5132 0.4942, -1.2755 -1.5129 0.492, -1.2752 -1.5129 0.4917, -1.2737 -1.5125 0.4901, -1.2731 -1.5124 0.4894, -1.272 -1.5122 0.4887, -1.2696 -1.5117 0.487, -1.2689 -1.5115 0.4865, -1.2684 -1.5114 0.4863, -1.2649 -1.5107 0.485, -1.2645 -1.5106 0.4848, -1.2642 -1.5105 0.4848, -1.218 -1.6146 0.4847, -1.2186 -1.6149 0.485, -1.2266 -1.6184 0.4901, -1.2252 -1.6178 0.4885, -1.2229 -1.6168 0.487, -1.2218 -1.6163 0.4862, -1.2295 -1.6197 0.4942, -1.228 -1.6191 0.4917, -1.2313 -1.6205 0.4989, -1.2302 -1.62 0.4954, -1.2315 -1.6206 0.4996, 1.218 -1.6146 0.4848, 1.2186 -1.6149 0.4849, 1.2217 -1.6163 0.4863, 1.223 -1.6168 0.4869, 1.2251 -1.6178 0.4887, 1.2267 -1.6185 0.49, 1.2279 -1.619 0.4918, 1.2296 -1.6197 0.4941, 1.2301 -1.62 0.4954, 1.2313 -1.6205 0.4988, 1.2314 -1.6206 0.4996, 1.2792 -1.5137 0.5006, 1.2789 -1.5137 0.4996, 1.2787 -1.5136 0.4989, 1.2779 -1.5134 0.4961, 1.2775 -1.5133 0.4954, 1.2768 -1.5132 0.4942, 1.2755 -1.5129 0.492, 1.2752 -1.5129 0.4917, 1.2737 -1.5125 0.4901, 1.2731 -1.5124 0.4894, 1.272 -1.5122 0.4887, 1.2696 -1.5117 0.487, 1.2689 -1.5115 0.4865, 1.2684 -1.5114 0.4863, 1.2649 -1.5107 0.485, 1.2645 -1.5106 0.4848, 1.2642 -1.5105 0.4848, 1.2357 -1.2496 0.4849, 1.2369 -1.245 0.4869, 1.238 -1.2411 0.49, 1.2388 -1.2381 0.4941, 1.2393 -1.2362 0.4988, 1.2132 -1.2403 0.4849, 1.2156 -1.2362 0.4869, 1.2176 -1.2326 0.49, 1.2192 -1.2299 0.4941, 1.2201 -1.2282 0.4988, 1.1938 -1.2254 0.4849, 1.1972 -1.2221 0.4869, 1.2001 -1.2192 0.49, 1.2023 -1.217 0.4941, 1.2037 -1.2156 0.4988, 1.179 -1.2061 0.4849, 1.1831 -1.2037 0.4869, 1.1867 -1.2017 0.49, 1.1894 -1.2001 0.4941, 1.1911 -1.1992 0.4988, 1.1697 -1.1836 0.4849, 1.1743 -1.1824 0.4869, 1.1782 -1.1813 0.49, 1.1812 -1.1805 0.4941, 1.1831 -1.18 0.4988, 1.1665 -1.1594 0.4849, 1.1713 -1.1594 0.4869, 1.1753 -1.1594 0.49, 1.1785 -1.1594 0.4941, 1.1804 -1.1594 0.4988, 1.1665 -0.687 0.4849, 1.1713 -0.687 0.4869, 1.1753 -0.687 0.49, 1.1785 -0.687 0.4941, 1.1804 -0.687 0.4988, 1.1697 -0.6628 0.4849, 1.1743 -0.6641 0.4869, 1.1782 -0.6651 0.49, 1.1812 -0.6659 0.4941, 1.1831 -0.6665 0.4988, 1.1838 -0.6666 0.5039, 1.179 -0.6403 0.4849, 1.1831 -0.6427 0.4869, 1.1867 -0.6448 0.49, 1.1894 -0.6463 0.4941, 1.1911 -0.6473 0.4988, 1.1917 -0.6476 0.5039, 1.1938 -0.621 0.4849, 1.1972 -0.6244 0.4869, 1.2001 -0.6273 0.49, 1.2023 -0.6295 0.4941, 1.2037 -0.6309 0.4988, 1.2042 -0.6313 0.5039, 1.2132 -0.6062 0.4849, 1.2156 -0.6103 0.4869, 1.2176 -0.6138 0.49, 1.2192 -0.6165 0.4941, 1.2201 -0.6182 0.4988, 1.2205 -0.6188 0.5039, 1.2357 -0.5969 0.4849, 1.2369 -0.6014 0.4869, 1.238 -0.6054 0.49, 1.2388 -0.6084 0.4941, 1.2393 -0.6103 0.4988, 1.2395 -0.6109 0.5039, 1.2598 -0.5937 0.4849, 1.2598 -0.5984 0.4869, 1.2598 -0.6025 0.49, 1.2598 -0.6056 0.4941, 1.2598 -0.6076 0.4988, 1.2598 -0.6083 0.5039, 1.2262 -0.5039 0.4063, 1.23 -0.5069 0.4087, -1.2137 -0.4973 0.401, -1.2301 -0.5067 0.4085, 1.2415 -0.5158 0.4158, 1.2445 -0.5193 0.4186, 1.2574 -0.5343 0.4306, 1.2677 -0.5464 0.4402, -1.2687 -0.5513 0.4442, -1.2575 -0.5341 0.4305, -1.2533 -0.5276 0.4252, -1.2444 -0.5195 0.4188, -1.2071 -0.4935 0.3979, -1.1969 -0.4901 0.3952, 1.1969 -0.4901 0.3952, 1.2045 -0.4924 0.397, 1.2137 -0.4973 0.401, -1.1651 -0.4838 0.3902, -1.1794 -0.4856 0.3917, -1.1856 -0.4864 0.3923, -1.1614 -0.4837 0.3901, 1.1614 -0.4837 0.3901, 1.1795 -0.4855 0.3916, 1.1828 -0.4858 0.3918, 1.2947 -0.5608 0.4611, 1.2949 -0.5606 0.4612, 1.294 -0.5635 0.4612, 1.2963 -0.5589 0.4626, 1.2975 -0.5571 0.4641, 1.2971 -0.5607 0.4644, 1.2805 -0.5763 0.4697, 1.2849 -0.5761 0.4715, 1.2848 -0.5758 0.4695, 1.2849 -0.5761 0.4715, 1.2883 -0.5745 0.4695, 1.2845 -0.5742 0.4651, 1.2882 -0.5729 0.4651, 1.2943 -0.5679 0.4651, 1.2926 -0.571 0.467, 1.2915 -0.5707 0.4651, 1.289 -0.5741 0.4691, 1.2888 -0.5742 0.4692, 1.2959 -0.5651 0.4651, 1.2953 -0.5669 0.4655, 1.2945 -0.5681 0.4659, 1.2961 -0.5645 0.465, 1.2922 -0.5663 0.4612, 1.2954 -0.5602 0.4615, 1.297 -0.5622 0.4645, 1.2953 -0.5603 0.4614, 1.2903 -0.5647 0.4589, 1.2907 -0.5644 0.459, 1.2925 -0.5631 0.4596, 1.2927 -0.5628 0.4597, 1.2889 -0.5657 0.4584, 1.2899 -0.5687 0.4612, 1.2883 -0.566 0.4584, 1.2879 -0.5662 0.4583, 1.287 -0.5705 0.4612, 1.2848 -0.5678 0.4581, 1.2839 -0.5716 0.4612, 1.2831 -0.5684 0.4583, 1.2831 -0.5684 0.4583, 1.2805 -0.572 0.4612, 1.2805 -0.5762 0.4695, 1.2805 -0.5748 0.4655, 1.2805 -0.5746 0.4651, 1.2805 -0.5724 0.4618, 1.1983 -0.6379 0.7402, 1.192 -0.6479 0.7402, 1.1889 -0.6528 0.7402, 1.1831 -0.6695 0.7402, 1.184 -0.6667 0.7402, 1.2257 -0.6161 0.7402, 1.2207 -0.6192 0.7402, 1.2107 -0.6254 0.7402, 1.2045 -0.6317 0.7402, 1.2396 -0.6112 0.7402, 1.2423 -0.6102 0.7402, 1.2598 -0.6083 0.7402, 1.2849 -0.5761 0.7726, 1.2883 -0.5745 0.7746, 1.2848 -0.5758 0.7746, 1.2953 -0.5669 0.7786, 1.2959 -0.5651 0.779, 1.2943 -0.5679 0.779, 1.2831 -0.5684 0.7858, 1.2805 -0.572 0.7829, 1.2831 -0.5684 0.7858, 1.2839 -0.5716 0.7829, 1.2848 -0.5678 0.786, 1.287 -0.5705 0.7829, 1.2907 -0.5644 0.7851, 1.2903 -0.5647 0.7852, 1.2922 -0.5663 0.7829, 1.2889 -0.5657 0.7857, 1.2899 -0.5687 0.7829, 1.2857 -0.5674 0.7859, 1.2855 -0.5674 0.7859, 1.294 -0.5635 0.7829, 1.2927 -0.5628 0.7843, 1.2925 -0.5631 0.7845, 1.2961 -0.5645 0.7791, 1.297 -0.5622 0.7796, 1.2971 -0.5607 0.7797, 1.2975 -0.5571 0.78, 1.2963 -0.5589 0.7815, 1.2954 -0.5602 0.7826, 1.2953 -0.5603 0.7827, 1.2949 -0.5606 0.7829, 1.2929 -0.5627 0.7843, 1.2945 -0.5681 0.7782, 1.2915 -0.5707 0.779, 1.2926 -0.571 0.7771, 1.289 -0.5741 0.775, 1.2882 -0.5729 0.779, 1.2888 -0.5742 0.7749, 1.2805 -0.5762 0.7746, 1.2805 -0.5763 0.7744, 1.2849 -0.5761 0.7726, 1.2845 -0.5742 0.779, 1.2805 -0.5724 0.7823, 1.2805 -0.5746 0.779, 1.2805 -0.5748 0.7786, 1.1614 -0.687 0.7598, 1.1665 -0.687 0.7592, 1.1689 -0.6662 0.7592, 1.1713 -0.687 0.7572, 1.1735 -0.6673 0.7572, 1.1753 -0.687 0.7541, 1.1775 -0.6682 0.7541, 1.1785 -0.687 0.75, 1.1805 -0.6689 0.75, 1.1804 -0.687 0.7453, 1.1824 -0.6693 0.7453, 1.1883 -0.6526 0.7453, 1.1978 -0.6375 0.7453, 1.2103 -0.6249 0.7453, 1.2254 -0.6155 0.7453, 1.2422 -0.6096 0.7453, 1.2598 -0.6076 0.7453, 1.1865 -0.6517 0.75, 1.1962 -0.6363 0.75, 1.2091 -0.6234 0.75, 1.2245 -0.6137 0.75, 1.2417 -0.6077 0.75, 1.2598 -0.6056 0.75, 1.1837 -0.6503 0.7541, 1.1938 -0.6343 0.7541, 1.2072 -0.6209 0.7541, 1.2232 -0.6109 0.7541, 1.241 -0.6046 0.7541, 1.2598 -0.6025 0.7541, 1.18 -0.6486 0.7572, 1.1906 -0.6318 0.7572, 1.2046 -0.6177 0.7572, 1.2214 -0.6072 0.7572, 1.2401 -0.6006 0.7572, 1.2598 -0.5984 0.7572, 1.1758 -0.6465 0.7592, 1.1869 -0.6288 0.7592, 1.2017 -0.614 0.7592, 1.2193 -0.6029 0.7592, 1.2391 -0.596 0.7592, 1.2598 -0.5937 0.7592, 1.1639 -0.6651 0.7598, 1.1712 -0.6443 0.7598, 1.1829 -0.6256 0.7598, 1.1985 -0.6101 0.7598, 1.2171 -0.5983 0.7598, 1.2379 -0.591 0.7598, 1.2598 -0.5886 0.7598, 1.1614 -1.1594 0.7598, 1.1665 -1.1594 0.7592, 1.1713 -1.1594 0.7572, 1.1753 -1.1594 0.7541, 1.1785 -1.1594 0.75, 1.1804 -1.1594 0.7453, 1.2393 -1.2362 0.7453, 1.2388 -1.2381 0.75, 1.238 -1.2411 0.7541, 1.2369 -1.245 0.7572, 1.2357 -1.2496 0.7592, 1.2344 -1.2545 0.7598, 1.2201 -1.2282 0.7453, 1.2192 -1.2299 0.75, 1.2176 -1.2326 0.7541, 1.2156 -1.2362 0.7572, 1.2132 -1.2403 0.7592, 1.2106 -1.2447 0.7598, 1.2037 -1.2156 0.7453, 1.2023 -1.217 0.75, 1.2001 -1.2192 0.7541, 1.1972 -1.2221 0.7572, 1.1938 -1.2254 0.7592, 1.1902 -1.229 0.7598, 1.1911 -1.1992 0.7453, 1.1894 -1.2001 0.75, 1.1867 -1.2017 0.7541, 1.1831 -1.2037 0.7572, 1.179 -1.2061 0.7592, 1.1746 -1.2087 0.7598, 1.1831 -1.18 0.7453, 1.1812 -1.1805 0.75, 1.1782 -1.1813 0.7541, 1.1743 -1.1824 0.7572, 1.1697 -1.1836 0.7592, 1.1648 -1.1849 0.7598, 1.279 -1.5137 0.7446, 1.2788 -1.5136 0.7452, 1.2775 -1.5133 0.7489, 1.2768 -1.5132 0.7499, 1.2747 -1.5128 0.7531, 1.2737 -1.5125 0.754, 1.2711 -1.512 0.7563, 1.2696 -1.5117 0.7571, 1.2669 -1.5111 0.7585, 1.2649 -1.5107 0.759, 1.2623 -1.5101 0.7597, 1.2598 -1.5096 0.7598, 1.2315 -1.6206 0.7445, 1.2313 -1.6205 0.7452, 1.2302 -1.62 0.7487, 1.2295 -1.6197 0.7499, 1.228 -1.6191 0.7524, 1.2266 -1.6184 0.754, 1.2252 -1.6178 0.7555, 1.2229 -1.6168 0.7571, 1.2218 -1.6163 0.7579, 1.2186 -1.6149 0.7591, 1.218 -1.6146 0.7593, 1.214 -1.6128 0.7598, -1.214 -1.6128 0.7598, -1.218 -1.6146 0.7593, -1.2186 -1.6149 0.7592, -1.2217 -1.6163 0.7578, -1.223 -1.6168 0.7572, -1.2251 -1.6178 0.7554, -1.2267 -1.6185 0.7541, -1.2279 -1.619 0.7523, -1.2296 -1.6197 0.75, -1.2301 -1.62 0.7486, -1.2313 -1.6205 0.7453, -1.2314 -1.6206 0.7445, -1.2669 -1.5111 0.7585, -1.2683 -1.5114 0.7578, -1.279 -1.5137 0.7445, -1.2752 -1.5129 0.7524, -1.2768 -1.5132 0.7499, -1.2775 -1.5133 0.7489, -1.2776 -1.5134 0.7487, -1.2788 -1.5136 0.7452, -1.279 -1.5137 0.7446, -1.2696 -1.5117 0.7571, -1.2711 -1.512 0.7563, -1.272 -1.5122 0.7555, -1.2737 -1.5125 0.754, -1.2747 -1.5128 0.7531, -1.2649 -1.5107 0.759, -1.2642 -1.5105 0.7592, -1.2623 -1.5101 0.7597, -1.2598 -1.5096 0.7598, -1.1804 -1.1594 0.7453, -1.1831 -1.18 0.7453, -1.1785 -1.1594 0.75, -1.1812 -1.1805 0.75, -1.1753 -1.1594 0.7541, -1.1782 -1.1813 0.7541, -1.1713 -1.1594 0.7572, -1.1743 -1.1824 0.7572, -1.1665 -1.1594 0.7592, -1.1697 -1.1836 0.7592, -1.1614 -1.1594 0.7598, -1.1648 -1.1849 0.7598, -1.1911 -1.1992 0.7453, -1.1894 -1.2001 0.75, -1.1867 -1.2017 0.7541, -1.1831 -1.2037 0.7572, -1.179 -1.2061 0.7592, -1.1746 -1.2087 0.7598, -1.2037 -1.2156 0.7453, -1.2023 -1.217 0.75, -1.2001 -1.2192 0.7541, -1.1972 -1.2221 0.7572, -1.1938 -1.2254 0.7592, -1.1902 -1.229 0.7598, -1.2201 -1.2282 0.7453, -1.2192 -1.2299 0.75, -1.2176 -1.2326 0.7541, -1.2156 -1.2362 0.7572, -1.2132 -1.2403 0.7592, -1.2106 -1.2447 0.7598, -1.2393 -1.2362 0.7453, -1.2388 -1.2381 0.75, -1.238 -1.2411 0.7541, -1.2369 -1.245 0.7572, -1.2357 -1.2496 0.7592, -1.2344 -1.2545 0.7598, -1.1614 -0.687 0.7598, -1.1665 -0.687 0.7592, -1.1713 -0.687 0.7572, -1.1753 -0.687 0.7541, -1.1785 -0.687 0.75, -1.1804 -0.687 0.7453, -1.2598 -0.6083 0.7402, -1.2395 -0.6109 0.7402, -1.2598 -0.6076 0.7453, -1.2393 -0.6103 0.7453, -1.2598 -0.6056 0.75, -1.2388 -0.6084 0.75, -1.2598 -0.6025 0.7541, -1.238 -0.6054 0.7541, -1.2598 -0.5984 0.7572, -1.2369 -0.6014 0.7572, -1.2598 -0.5937 0.7592, -1.2357 -0.5969 0.7592, -1.2598 -0.5886 0.7598, -1.2344 -0.5919 0.7598, -1.2205 -0.6188 0.7402, -1.2201 -0.6182 0.7453, -1.2192 -0.6165 0.75, -1.2176 -0.6138 0.7541, -1.2156 -0.6103 0.7572, -1.2132 -0.6062 0.7592, -1.2106 -0.6018 0.7598, -1.2042 -0.6313 0.7402, -1.2037 -0.6309 0.7453, -1.2023 -0.6295 0.75, -1.2001 -0.6273 0.7541, -1.1972 -0.6244 0.7572, -1.1938 -0.621 0.7592, -1.1902 -0.6174 0.7598, -1.1917 -0.6476 0.7402, -1.1911 -0.6473 0.7453, -1.1894 -0.6463 0.75, -1.1867 -0.6448 0.7541, -1.1831 -0.6427 0.7572, -1.179 -0.6403 0.7592, -1.1746 -0.6378 0.7598, -1.1838 -0.6666 0.7402, -1.1831 -0.6665 0.7453, -1.1812 -0.6659 0.75, -1.1782 -0.6651 0.7541, -1.1743 -0.6641 0.7572, -1.1697 -0.6628 0.7592, -1.1648 -0.6615 0.7598, -1.2262 -0.5039 0.8378, -1.23 -0.5069 0.8354, 1.2137 -0.4973 0.8431, 1.2301 -0.5067 0.8356, -1.2415 -0.5158 0.8283, -1.2445 -0.5193 0.8255, -1.2574 -0.5343 0.8135, -1.2677 -0.5464 0.8039, 1.2687 -0.5513 0.7999, 1.2575 -0.5341 0.8136, 1.2533 -0.5276 0.8189, 1.2444 -0.5195 0.8253, 1.2071 -0.4935 0.8461, 1.1969 -0.4901 0.8488, -1.1969 -0.4901 0.8489, -1.2045 -0.4924 0.8471, -1.2137 -0.4973 0.8431, 1.1651 -0.4838 0.8539, 1.1794 -0.4856 0.8524, 1.1856 -0.4864 0.8518, 1.1614 -0.4837 0.854, -1.1614 -0.4837 0.854, -1.1795 -0.4855 0.8525, -1.1828 -0.4858 0.8523, -1.2949 -0.5606 0.7829, -1.294 -0.5635 0.7829, -1.2927 -0.5628 0.7843, -1.2963 -0.5589 0.7815, -1.2975 -0.5571 0.78, -1.2971 -0.5607 0.7797, -1.2805 -0.5763 0.7744, -1.2805 -0.5762 0.7746, -1.2848 -0.5758 0.7746, -1.2849 -0.5761 0.7726, -1.2849 -0.5761 0.7726, -1.2883 -0.5745 0.7746, -1.2943 -0.5679 0.779, -1.2926 -0.571 0.7771, -1.2915 -0.5707 0.779, -1.289 -0.5741 0.775, -1.2882 -0.5729 0.779, -1.2959 -0.5651 0.779, -1.2953 -0.5669 0.7786, -1.2945 -0.5681 0.7782, -1.2961 -0.5645 0.7791, -1.2922 -0.5663 0.7829, -1.2954 -0.5602 0.7826, -1.297 -0.5622 0.7796, -1.2953 -0.5603 0.7827, -1.2925 -0.5631 0.7845, -1.2907 -0.5644 0.7851, -1.2903 -0.5647 0.7852, -1.2899 -0.5687 0.7829, -1.2889 -0.5657 0.7857, -1.287 -0.5705 0.7829, -1.2855 -0.5674 0.7859, -1.2848 -0.5678 0.786, -1.2839 -0.5716 0.7829, -1.2831 -0.5684 0.7858, -1.2831 -0.5684 0.7858, -1.2805 -0.572 0.7829, -1.2805 -0.5748 0.7786, -1.2805 -0.5746 0.779, -1.2845 -0.5742 0.779, -1.2805 -0.5724 0.7823, -1.2888 -0.5742 0.7749, -1.3076 -0.5931 0.4848, -1.3077 -0.5937 0.485, -1.3082 -0.5974 0.4863, -1.3085 -0.5984 0.487, -1.3092 -0.6012 0.4888, -1.3096 -0.6024 0.4901, -1.3105 -0.6046 0.4925, -1.311 -0.6055 0.4942, -1.3119 -0.6069 0.4968, -1.3125 -0.6074 0.4989, -1.3133 -0.6081 0.5018, -1.3139 -0.6083 0.5039, -1.3053 -0.5571 0.4799, -1.3068 -0.5616 0.4843, -1.3066 -0.5622 0.4843, -1.3052 -0.5659 0.4843, -1.3045 -0.5669 0.4843, -1.3025 -0.5697 0.4843, -1.3011 -0.5709 0.4843, -1.2966 -0.574 0.4843, -1.2944 -0.5752 0.4843, -1.2892 -0.5765 0.4843, -1.2915 -0.576 0.4843, -1.1614 -0.48 0.3878, -1.1614 -0.481 0.3884, -1.1802 -0.4826 0.3896, -1.275 -0.5485 0.4428, -1.2772 -0.5471 0.4428, -1.2513 -0.5023 0.414, -1.2396 -0.4947 0.4071, -1.2388 -0.4963 0.4066, -1.2529 -0.5122 0.4168, -1.2543 -0.5105 0.4171, -1.2376 -0.4981 0.4064, -1.1614 -0.4758 0.3863, -1.1614 -0.4779 0.3871, -1.1808 -0.4795 0.3882, -1.2727 -0.5496 0.4431, -1.2604 -0.5328 0.4296, -1.2533 -0.5276 0.4252, -1.2159 -0.4945 0.3992, -1.1984 -0.4871 0.3932, -1.2071 -0.4935 0.3979, -1.1614 -0.4714 0.3858, -1.1614 -0.4747 0.3862, -1.1821 -0.4732 0.3874, -1.1815 -0.4763 0.3875, -1.185 -0.4734 0.3876, -1.201 -0.4808 0.3914, -1.2248 -0.4865 0.3996, -1.2213 -0.485 0.3982, -1.2198 -0.4881 0.3977, -1.1997 -0.4841 0.392, -1.2084 -0.4793 0.393, -1.2021 -0.4777 0.3915, -1.1878 -0.4741 0.3882, -1.2794 -0.5455 0.4431, -1.2814 -0.5438 0.4437, -1.2556 -0.5087 0.4176, -1.2886 -0.5422 0.4505, -1.2856 -0.5384 0.4471, -1.2847 -0.5401 0.4457, -1.2854 -0.5381 0.4467, -1.2709 -0.5199 0.4301, -1.2579 -0.5082 0.4194, -1.2566 -0.507 0.4183, -1.2722 -0.5216 0.4316, -1.271 -0.5233 0.4306, -1.2696 -0.5251 0.4299, -1.2679 -0.5269 0.4293, -1.2662 -0.5286 0.429, -1.2832 -0.542 0.4445, -1.2301 -0.5067 0.4085, -1.2326 -0.5044 0.4072, -1.2481 -0.5168 0.4172, -1.2623 -0.5316 0.4291, -1.2643 -0.5302 0.429, -1.2513 -0.5139 0.4168, -1.2352 -0.5015 0.4064, -1.2179 -0.4915 0.3982, -1.2311 -0.4892 0.4021, 1.1614 -0.4714 0.3858, 1.1614 -0.4747 0.3862, 1.1614 -0.4758 0.3863, 1.1614 -0.4779 0.3871, 1.1614 -0.48 0.3878, 1.1614 -0.481 0.3884, 1.3097 -0.6027 0.4902, 1.311 -0.6056 0.4941, 1.3139 -0.6083 0.5039, 1.3125 -0.6076 0.4989, 1.3125 -0.6076 0.4988, 1.3111 -0.6057 0.4943, 1.3085 -0.5984 0.4869, 1.3085 -0.5986 0.487, 1.3096 -0.6025 0.49, 1.3096 -0.6025 0.49, 1.3074 -0.5899 0.4843, 1.3077 -0.5937 0.485, 1.3078 -0.5945 0.4852, 1.1808 -0.4795 0.3882, 1.2432 -0.4965 0.4088, 1.2565 -0.5071 0.4184, 1.2556 -0.5087 0.4176, 1.2772 -0.5471 0.4428, 1.275 -0.5485 0.4428, 1.2727 -0.5496 0.4431, 1.1815 -0.4763 0.3875, 1.2853 -0.5381 0.4467, 1.2855 -0.5385 0.4471, 1.2847 -0.5401 0.4457, 1.1802 -0.4826 0.3896, 1.1984 -0.4871 0.3932, 1.2045 -0.4924 0.397, 1.2159 -0.4945 0.3992, 1.2262 -0.5039 0.4063, 1.2326 -0.5044 0.4072, 1.2415 -0.5158 0.4158, 1.2481 -0.5168 0.4172, 1.2604 -0.5328 0.4296, 1.2832 -0.542 0.4445, 1.2352 -0.5015 0.4064, 1.2529 -0.5122 0.4168, 1.2513 -0.5139 0.4168, 1.2679 -0.5269 0.4293, 1.2662 -0.5286 0.429, 1.2814 -0.5438 0.4437, 1.2794 -0.5455 0.4431, 1.2696 -0.5251 0.4299, 1.271 -0.5233 0.4306, 1.2543 -0.5105 0.4171, 1.258 -0.5082 0.4194, 1.2637 -0.5127 0.4235, 1.2718 -0.5217 0.4318, 1.2819 -0.5329 0.442, 1.2376 -0.4981 0.4064, 1.2198 -0.4881 0.3977, 1.2388 -0.4963 0.4066, 1.2248 -0.4863 0.3994, 1.2398 -0.4946 0.407, 1.1974 -0.476 0.39, 1.201 -0.4808 0.3914, 1.1877 -0.4744 0.3885, 1.1819 -0.4734 0.3876, 1.2021 -0.4777 0.3915, 1.2212 -0.4843 0.3976, 1.2216 -0.4846 0.3978, 1.1997 -0.4841 0.392, 1.2179 -0.4915 0.3982, 1.2623 -0.5316 0.4291, 1.2643 -0.5302 0.429, 1.1736 -0.472 0.3863, 1.2967 -0.5741 0.4843, 1.2965 -0.5743 0.4843, 1.2916 -0.5761 0.4843, 1.2915 -0.5761 0.4843, 1.3011 -0.571 0.4843, 1.304 -0.5678 0.4843, 1.3045 -0.5669 0.4843, 1.3061 -0.5639 0.4843, 1.3065 -0.5621 0.4843, 1.3053 -0.5571 0.4799, 1.3167 -0.6083 0.7272, 1.3139 -0.6083 0.7402, 1.3167 -0.6083 0.5169, 1.3189 -0.6083 0.5433, 1.3189 -0.6083 0.7008, 1.3074 -0.5886 0.7598, 1.3076 -0.5931 0.7593, 1.3077 -0.5937 0.7591, 1.3082 -0.5974 0.7578, 1.3085 -0.5984 0.7571, 1.3092 -0.6012 0.7553, 1.3096 -0.6024 0.754, 1.3105 -0.6046 0.7516, 1.311 -0.6055 0.7499, 1.3119 -0.6069 0.7473, 1.3125 -0.6074 0.7452, 1.3133 -0.6081 0.7423, 1.3053 -0.5571 0.7642, 1.3074 -0.5571 0.7598, 1.3068 -0.5616 0.7598, 1.3066 -0.5622 0.7598, 1.3052 -0.5659 0.7598, 1.3045 -0.5669 0.7598, 1.3025 -0.5697 0.7598, 1.3011 -0.5709 0.7598, 1.2989 -0.5728 0.7598, 1.2966 -0.574 0.7598, 1.2944 -0.5752 0.7598, 1.2859 -0.5768 0.7598, 1.2892 -0.5765 0.7598, 1.2915 -0.576 0.7598, 1.1614 -0.48 0.8563, 1.1614 -0.481 0.8557, 1.1802 -0.4826 0.8545, 1.2513 -0.5023 0.8301, 1.2396 -0.4947 0.837, 1.2388 -0.4963 0.8375, 1.2529 -0.5122 0.8273, 1.2543 -0.5105 0.827, 1.2376 -0.4981 0.8377, 1.1614 -0.4758 0.8578, 1.1614 -0.4779 0.857, 1.1808 -0.4795 0.8559, 1.2604 -0.5328 0.8145, 1.2533 -0.5276 0.8189, 1.2159 -0.4945 0.8449, 1.1984 -0.4871 0.8508, 1.2071 -0.4935 0.8461, 1.1614 -0.4714 0.8583, 1.1614 -0.4747 0.8579, 1.1821 -0.4732 0.8567, 1.1815 -0.4763 0.8566, 1.185 -0.4734 0.8565, 1.201 -0.4808 0.8527, 1.2248 -0.4865 0.8445, 1.2213 -0.485 0.8459, 1.2198 -0.4881 0.8464, 1.1997 -0.4841 0.8521, 1.2084 -0.4793 0.8511, 1.2021 -0.4777 0.8526, 1.1878 -0.4741 0.8559, 1.2814 -0.5438 0.8004, 1.2794 -0.5455 0.801, 1.2556 -0.5087 0.8265, 1.2886 -0.5422 0.7936, 1.2856 -0.5384 0.797, 1.2847 -0.5401 0.7984, 1.2854 -0.5381 0.7974, 1.2709 -0.5199 0.814, 1.2579 -0.5082 0.8247, 1.2566 -0.507 0.8258, 1.2722 -0.5216 0.8125, 1.271 -0.5233 0.8135, 1.2696 -0.5251 0.8142, 1.2679 -0.5269 0.8148, 1.2662 -0.5286 0.8151, 1.2832 -0.542 0.7995, 1.2301 -0.5067 0.8356, 1.2326 -0.5044 0.8369, 1.2481 -0.5168 0.8268, 1.2623 -0.5316 0.815, 1.2727 -0.5496 0.801, 1.275 -0.5485 0.8013, 1.2772 -0.5471 0.8013, 1.2643 -0.5302 0.8151, 1.2513 -0.5139 0.8273, 1.2352 -0.5015 0.8376, 1.2179 -0.4915 0.8459, 1.2311 -0.4892 0.842, -1.1614 -0.481 0.8557, -1.1614 -0.48 0.8563, -1.1614 -0.4779 0.857, -1.1614 -0.4758 0.8578, -1.1614 -0.4747 0.8579, -1.1614 -0.4714 0.8583, 1.1614 0.061 0.8583, -1.1614 0.061 0.8583, -1.3097 -0.6027 0.7539, -1.311 -0.6056 0.75, -1.3139 -0.6083 0.7402, -1.3125 -0.6076 0.7452, -1.3125 -0.6076 0.7452, -1.3111 -0.6057 0.7498, -1.3085 -0.5984 0.7572, -1.3085 -0.5986 0.7571, -1.3096 -0.6025 0.7541, -1.3096 -0.6025 0.7541, -1.3074 -0.5886 0.7598, -1.3074 -0.5899 0.7598, -1.3077 -0.5937 0.7591, -1.3078 -0.5945 0.7589, -1.1808 -0.4795 0.8559, -1.2432 -0.4965 0.8353, -1.2565 -0.5071 0.8257, -1.2556 -0.5087 0.8265, -1.2772 -0.5471 0.8013, -1.275 -0.5485 0.8013, -1.2727 -0.5496 0.801, -1.1815 -0.4763 0.8566, -1.2832 -0.542 0.7995, -1.1802 -0.4826 0.8545, -1.1984 -0.4871 0.8508, -1.2045 -0.4924 0.8471, -1.2159 -0.4945 0.8449, -1.2262 -0.5039 0.8378, -1.2326 -0.5044 0.8369, -1.2415 -0.5158 0.8283, -1.2481 -0.5168 0.8268, -1.2604 -0.5328 0.8145, -1.2853 -0.5381 0.7974, -1.2855 -0.5385 0.797, -1.2847 -0.5401 0.7984, -1.2352 -0.5015 0.8376, -1.2529 -0.5122 0.8273, -1.2513 -0.5139 0.8273, -1.2679 -0.5269 0.8148, -1.2662 -0.5286 0.8151, -1.2814 -0.5438 0.8004, -1.2794 -0.5455 0.801, -1.2696 -0.5251 0.8142, -1.271 -0.5233 0.8135, -1.2543 -0.5105 0.827, -1.258 -0.5082 0.8247, -1.2637 -0.5127 0.8206, -1.2718 -0.5217 0.8123, -1.2819 -0.5329 0.8021, -1.2376 -0.4981 0.8377, -1.2198 -0.4881 0.8464, -1.2388 -0.4963 0.8375, -1.2248 -0.4863 0.8447, -1.2398 -0.4946 0.8371, -1.1974 -0.476 0.8541, -1.201 -0.4808 0.8527, -1.1877 -0.4744 0.8556, -1.1819 -0.4734 0.8565, -1.2021 -0.4777 0.8526, -1.2212 -0.4843 0.8465, -1.2216 -0.4846 0.8463, -1.1997 -0.4841 0.8521, -1.2179 -0.4915 0.8459, -1.2623 -0.5316 0.815, -1.2643 -0.5302 0.8151, -1.1736 -0.472 0.8578, -1.2967 -0.5741 0.7598, -1.2965 -0.5743 0.7598, -1.2916 -0.5761 0.7598, -1.2915 -0.5761 0.7598, -1.2859 -0.5768 0.7598, -1.3008 -0.5713 0.7598, -1.3011 -0.571 0.7598, -1.304 -0.5678 0.7598, -1.3045 -0.5669 0.7598, -1.3061 -0.5639 0.7598, -1.3065 -0.5621 0.7598, -1.3073 -0.5594 0.7598, -1.3053 -0.5571 0.7642, -1.3074 -0.5571 0.7598, -1.3167 -0.6083 0.5169, -1.3167 -0.6083 0.7272, -1.3189 -0.6083 0.7008, -1.3189 -0.6083 0.5433, -1.3189 0.061 0.5433, -1.3159 0.061 0.517, -1.3082 -0.5974 0.4863, -1.3076 -0.5931 0.4848, -1.305 0.061 0.48, -1.3149 0.061 0.5083, -1.3092 -0.6012 0.4888, -1.3119 -0.6069 0.4968, -1.3133 -0.6081 0.5018, -1.2855 0.061 0.4466, -1.2845 0.061 0.4451, -1.3033 0.061 0.475, -1.2596 0.061 0.4202, -1.2581 0.061 0.4192, -1.2248 0.061 0.3997, -1.1965 0.061 0.3898, -1.1877 0.061 0.3888, -1.2297 0.061 0.4014, -1.1614 0.061 0.3858, 1.1614 0.061 0.3858, 1.3125 -0.6076 0.4989, 1.3111 -0.6057 0.4943, 1.3097 -0.6027 0.4902, 1.3096 -0.6025 0.49, 1.3078 -0.5945 0.4852, 1.3033 0.061 0.475, 1.305 0.061 0.48, 1.3149 0.061 0.5083, 1.3159 0.061 0.517, 1.3189 0.061 0.5433, 1.1877 0.061 0.3888, 1.2248 0.061 0.3997, 1.1965 0.061 0.3898, 1.2581 0.061 0.4192, 1.2297 0.061 0.4014, 1.2855 0.061 0.4466, 1.2845 0.061 0.4451, 1.2596 0.061 0.4202, 1.3189 0.061 0.7008, 1.3159 0.061 0.7271, 1.3082 -0.5974 0.7578, 1.3076 -0.5931 0.7593, 1.305 0.061 0.7641, 1.3149 0.061 0.7358, 1.3092 -0.6012 0.7553, 1.3119 -0.6069 0.7473, 1.3133 -0.6081 0.7423, 1.2855 0.061 0.7975, 1.2845 0.061 0.799, 1.3033 0.061 0.7691, 1.2596 0.061 0.8239, 1.2581 0.061 0.8248, 1.2248 0.061 0.8444, 1.1965 0.061 0.8543, 1.1877 0.061 0.8553, 1.2297 0.061 0.8427, -1.3189 0.061 0.7008, -1.3125 -0.6076 0.7452, -1.3111 -0.6057 0.7498, -1.3097 -0.6027 0.7539, -1.3096 -0.6025 0.7541, -1.3078 -0.5945 0.7589, -1.1877 0.061 0.8553, -1.2248 0.061 0.8444, -1.1965 0.061 0.8543, -1.2581 0.061 0.8248, -1.2297 0.061 0.8427, -1.2855 0.061 0.7975, -1.2596 0.061 0.8239, -1.2845 0.061 0.799, -1.3159 0.061 0.7271, -1.3149 0.061 0.7358, -1.305 0.061 0.7641, -1.3033 0.061 0.7691, -1.1966 0.0661 0.3891, -1.1614 0.0661 0.3852, -1.23 0.0661 0.4008, -1.26 0.0661 0.4197, -1.2851 0.0661 0.4447, -1.3039 0.0661 0.4747, -1.3156 0.0661 0.5081, -1.3196 0.0661 0.5433, -1.3215 0.0709 0.5433, -1.3175 0.0709 0.5077, -1.3057 0.0709 0.4738, -1.2866 0.0709 0.4435, -1.2612 0.0709 0.4181, -1.2309 0.0709 0.399, -1.197 0.0709 0.3872, -1.1614 0.0709 0.3832, -1.3247 0.0749 0.5433, -1.3206 0.0749 0.507, -1.3085 0.0749 0.4725, -1.289 0.0749 0.4415, -1.2632 0.0749 0.4157, -1.2322 0.0749 0.3962, -1.1977 0.0749 0.3842, -1.1614 0.0749 0.3801, -1.3287 0.0781 0.5433, -1.3245 0.0781 0.5061, -1.3122 0.0781 0.4707, -1.2922 0.0781 0.439, -1.2657 0.0781 0.4125, -1.234 0.0781 0.3926, -1.1986 0.0781 0.3802, -1.1614 0.0781 0.376, -1.3335 0.08 0.5433, -1.3292 0.08 0.505, -1.3164 0.08 0.4686, -1.2959 0.08 0.436, -1.2687 0.08 0.4088, -1.2361 0.08 0.3883, -1.1997 0.08 0.3756, -1.1614 0.08 0.3712, -1.3386 0.0807 0.5433, -1.3341 0.0807 0.5039, -1.321 0.0807 0.4664, -1.2999 0.0807 0.4328, -1.2719 0.0807 0.4048, -1.2383 0.0807 0.3837, -1.2008 0.0807 0.3706, -1.1614 0.0807 0.3661, 1.1614 0.0807 0.3661, 1.1614 0.08 0.3712, 1.1614 0.0781 0.376, 1.1614 0.0749 0.3801, 1.1614 0.0709 0.3832, 1.1614 0.0661 0.3852, 1.3156 0.0661 0.5081, 1.3196 0.0661 0.5433, 1.3039 0.0661 0.4747, 1.2851 0.0661 0.4447, 1.26 0.0661 0.4197, 1.23 0.0661 0.4008, 1.1966 0.0661 0.3891, 1.197 0.0709 0.3872, 1.2309 0.0709 0.399, 1.2612 0.0709 0.4181, 1.2866 0.0709 0.4435, 1.3057 0.0709 0.4738, 1.3175 0.0709 0.5077, 1.3215 0.0709 0.5433, 1.1977 0.0749 0.3842, 1.2322 0.0749 0.3962, 1.2632 0.0749 0.4157, 1.289 0.0749 0.4415, 1.3085 0.0749 0.4725, 1.3206 0.0749 0.507, 1.3247 0.0749 0.5433, 1.1986 0.0781 0.3802, 1.234 0.0781 0.3926, 1.2657 0.0781 0.4125, 1.2922 0.0781 0.439, 1.3122 0.0781 0.4707, 1.3245 0.0781 0.5061, 1.3287 0.0781 0.5433, 1.1997 0.08 0.3756, 1.2361 0.08 0.3883, 1.2687 0.08 0.4088, 1.2959 0.08 0.436, 1.3164 0.08 0.4686, 1.3292 0.08 0.505, 1.3335 0.08 0.5433, 1.2008 0.0807 0.3706, 1.2383 0.0807 0.3837, 1.2719 0.0807 0.4048, 1.2999 0.0807 0.4328, 1.321 0.0807 0.4664, 1.3341 0.0807 0.5039, 1.3386 0.0807 0.5433, 1.3386 0.0807 0.7008, 1.3342 0.0802 0.7008, 1.3335 0.08 0.7008, 1.33 0.0788 0.7008, 1.3288 0.078 0.7008, 1.3263 0.0764 0.7008, 1.3248 0.0749 0.7008, 1.3232 0.0733 0.7008, 1.3216 0.0708 0.7008, 1.3208 0.0696 0.7008, 1.3196 0.0661 0.7008, 1.3194 0.0654 0.7008, 1.3299 0.0802 0.7392, 1.1614 0.08 0.8729, 1.1614 0.0788 0.8694, 1.1989 0.0788 0.8652, 1.3258 0.0788 0.7383, 1.1614 0.078 0.8682, 1.1614 0.0764 0.8657, 1.1981 0.0764 0.8615, 1.3222 0.0764 0.7375, 1.1614 0.0749 0.8641, 1.1614 0.0733 0.8626, 1.1974 0.0733 0.8585, 1.3191 0.0733 0.7368, 1.1614 0.0708 0.861, 1.1614 0.0696 0.8602, 1.1969 0.0696 0.8562, 1.3169 0.0696 0.7363, 1.1614 0.0661 0.859, 1.1614 0.0654 0.8588, 1.1966 0.0654 0.8548, 1.23 0.0654 0.8431, 1.2599 0.0654 0.8243, 1.2849 0.0654 0.7993, 1.3037 0.0654 0.7693, 1.3154 0.0654 0.7359, 1.3051 0.0696 0.77, 1.2861 0.0696 0.8002, 1.2608 0.0696 0.8254, 1.2306 0.0696 0.8444, 1.3072 0.0733 0.771, 1.2879 0.0733 0.8017, 1.2623 0.0733 0.8273, 1.2316 0.0733 0.8465, 1.31 0.0764 0.7723, 1.2903 0.0764 0.8036, 1.2642 0.0764 0.8297, 1.233 0.0764 0.8494, 1.3133 0.0788 0.774, 1.2933 0.0788 0.8059, 1.2666 0.0788 0.8326, 1.2346 0.0788 0.8527, 1.3171 0.0802 0.7758, 1.2965 0.0802 0.8085, 1.2691 0.0802 0.8359, 1.2364 0.0802 0.8565, 1.1999 0.0802 0.8692, 1.1614 0.0802 0.8736, 1.3341 0.0807 0.7402, 1.321 0.0807 0.7777, 1.2999 0.0807 0.8112, 1.2719 0.0807 0.8393, 1.2383 0.0807 0.8604, 1.2008 0.0807 0.8735, 1.1614 0.0807 0.878, -1.1614 0.0807 0.878, -1.1614 0.08 0.8729, -1.1614 0.0781 0.8681, -1.1614 0.0749 0.864, -1.1614 0.0709 0.8609, -1.1614 0.0661 0.8589, -1.3156 0.0661 0.736, -1.3196 0.0661 0.7008, -1.3039 0.0661 0.7694, -1.2851 0.0661 0.7994, -1.26 0.0661 0.8244, -1.23 0.0661 0.8433, -1.1966 0.0661 0.855, -1.197 0.0709 0.8569, -1.2309 0.0709 0.845, -1.2612 0.0709 0.826, -1.2866 0.0709 0.8006, -1.3057 0.0709 0.7703, -1.3175 0.0709 0.7364, -1.3215 0.0709 0.7008, -1.1977 0.0749 0.8599, -1.2322 0.0749 0.8479, -1.2632 0.0749 0.8284, -1.289 0.0749 0.8026, -1.3085 0.0749 0.7716, -1.3206 0.0749 0.7371, -1.3247 0.0749 0.7008, -1.1986 0.0781 0.8639, -1.234 0.0781 0.8515, -1.2657 0.0781 0.8316, -1.2922 0.0781 0.8051, -1.3122 0.0781 0.7734, -1.3245 0.0781 0.738, -1.3287 0.0781 0.7008, -1.1997 0.08 0.8685, -1.2361 0.08 0.8558, -1.2687 0.08 0.8353, -1.2959 0.08 0.8081, -1.3164 0.08 0.7754, -1.3292 0.08 0.7391, -1.3335 0.08 0.7008, -1.2008 0.0807 0.8735, -1.2383 0.0807 0.8604, -1.2719 0.0807 0.8393, -1.2999 0.0807 0.8112, -1.321 0.0807 0.7777, -1.3341 0.0807 0.7402, -1.3386 0.0807 0.7008, 0.8274 0.0807 0.1181, 1.252 0.0807 0.1181, -0.4252 0.0807 0.1347, 0.4252 0.0807 0.1347, -0.4978 0.0807 0.2372, 0.4978 0.0807 0.2372, -0.5198 0.0807 0.2615, 0.6735 0.0807 0.2799, 0.7006 0.0807 0.2615, 0.7226 0.0807 0.2372, 0.7953 0.0807 0.1347, -0.5777 0.0807 0.2914, -0.547 0.0807 0.2799, 0.547 0.0807 0.2799, 0.5777 0.0807 0.2914, 0.6102 0.0807 0.2953, 0.6428 0.0807 0.2914, 0.8181 0.0807 0.1192, -0.4189 0.0807 0.1278, -0.4111 0.0807 0.1225, -0.4023 0.0807 0.1192, -0.393 0.0807 0.1181, 0.393 0.0807 0.1181, 1.3387 0.0807 0.1279, -0.6102 0.0807 0.2953, -0.6428 0.0807 0.2914, 0.5198 0.0807 0.2615, 0.4023 0.0807 0.1192, 0.4111 0.0807 0.1225, 0.4189 0.0807 0.1278, 0.8016 0.0807 0.1278, 0.8094 0.0807 0.1225, 0.7958 0.0807 0.9799, 0.7689 0.0807 0.9627, 0.7387 0.0807 0.9521, 0.7069 0.0807 0.9488, 0.6752 0.0807 0.9529, 0.6453 0.0807 0.9643, -0.6453 0.0807 0.9643, -0.6188 0.0807 0.9821, 0.6188 0.0807 0.9821, 0.5972 0.0807 1.0057, -0.6752 0.0807 0.9529, -0.7069 0.0807 0.9488, -0.7387 0.0807 0.9521, -0.7226 0.0807 0.2372, -0.7006 0.0807 0.2615, -0.6735 0.0807 0.2799, 1.252 0.0807 1.126, 1.3387 0.0807 1.1162, 1.4211 0.0807 1.0874, 1.495 0.0807 1.041, -0.7689 0.0807 0.9627, -0.7958 0.0807 0.9799, -0.8181 0.0807 1.0029, 0.9259 0.0807 1.126, 0.9157 0.0807 1.1247, 0.9063 0.0807 1.1208, 0.8982 0.0807 1.1146, 0.8919 0.0807 1.1065, 0.8181 0.0807 1.0029, 1.4211 0.0807 0.1567, 1.495 0.0807 0.2031, 1.5567 0.0807 0.2649, 1.6031 0.0807 0.3388, 1.632 0.0807 0.4211, 1.6417 0.0807 0.5079, 1.6417 0.0807 0.7362, 1.632 0.0807 0.823, 1.6031 0.0807 0.9053, 1.5567 0.0807 0.9792, 0.5267 0.0807 1.1066, -0.5267 0.0807 1.1066, -0.5972 0.0807 1.0057, -1.495 0.0807 0.2031, -1.4211 0.0807 0.1567, -1.3387 0.0807 0.1279, -1.252 0.0807 0.1181, -1.252 0.0807 1.126, -1.3387 0.0807 1.1162, 0.5207 0.0807 1.1144, 0.5129 0.0807 1.1205, 0.5039 0.0807 1.1244, 0.4941 0.0807 1.126, -0.4941 0.0807 1.126, -0.8274 0.0807 0.1181, -0.8181 0.0807 0.1192, -0.8094 0.0807 0.1225, -0.5039 0.0807 1.1244, -0.5129 0.0807 1.1205, -0.5207 0.0807 1.1144, -0.8016 0.0807 0.1278, -0.7953 0.0807 0.1347, -1.4211 0.0807 1.0874, -1.495 0.0807 1.041, -1.5567 0.0807 0.9792, -1.6031 0.0807 0.9053, -1.632 0.0807 0.823, -1.6417 0.0807 0.7362, -1.6417 0.0807 0.5079, -1.632 0.0807 0.4211, -1.6031 0.0807 0.3388, -1.5567 0.0807 0.2649, -0.8919 0.0807 1.1065, -0.8982 0.0807 1.1146, -0.9063 0.0807 1.1208, -0.9157 0.0807 1.1247, -0.9259 0.0807 1.126, -0.3711 -0.635 0.0004, -0.4479 -0.8318 0.0004, -0.3711 -0.635 0.0, -0.4479 -0.8318 0.0, -0.4191 -0.8318 0.0004, -0.4191 -0.8318 0.0, -0.3992 -0.7766 0.0004, -0.3992 -0.7766 0.0, -0.3179 -0.7766 0.0004, -0.3179 -0.7766 0.0, -0.2991 -0.8318 0.0004, -0.2991 -0.8318 0.0, -0.2703 -0.8318 0.0004, -0.2703 -0.8318 0.0, -0.3447 -0.635 0.0004, -0.3447 -0.635 0.0, -0.3245 -0.755 0.0004, -0.3903 -0.755 0.0004, -0.3539 -0.6728 0.0004, -0.3558 -0.666 0.0004, -0.357 -0.659 0.0004, -0.3577 -0.659 0.0004, -0.3589 -0.6659 0.0004, -0.3607 -0.6728 0.0004, -0.3245 -0.755 0.0, -0.3903 -0.755 0.0, -0.3539 -0.6728 0.0, -0.3558 -0.666 0.0, -0.357 -0.659 0.0, -0.3577 -0.659 0.0, -0.3589 -0.6659 0.0, -0.3607 -0.6728 0.0, -0.1509 -0.8318 0.0004, -0.0974 -0.8318 0.0004, -0.1509 -0.8318 0.0, -0.0974 -0.8318 0.0, -0.0974 -0.635 0.0004, -0.0974 -0.635 0.0, -0.153 -0.635 0.0004, -0.153 -0.635 0.0, -0.2559 -0.7309 0.0004, -0.2559 -0.7309 0.0, -0.2544 -0.7124 0.0, -0.2544 -0.7124 0.0004, -0.2491 -0.693 0.0, -0.2491 -0.693 0.0004, -0.24 -0.6761 0.0, -0.24 -0.6761 0.0004, -0.2261 -0.6606 0.0, -0.2261 -0.6606 0.0004, -0.2259 -0.6605 0.0, -0.2259 -0.6605 0.0004, -0.2044 -0.6461 0.0, -0.2044 -0.6461 0.0004, -0.1814 -0.638 0.0, -0.1814 -0.638 0.0004, -0.1753 -0.8297 0.0, -0.1753 -0.8297 0.0004, -0.198 -0.8229 0.0, -0.198 -0.8229 0.0004, -0.2185 -0.811 0.0, -0.2185 -0.811 0.0004, -0.2347 -0.7955 0.0, -0.2347 -0.7955 0.0004, -0.246 -0.7779 0.0, -0.246 -0.7779 0.0004, -0.2531 -0.7573 0.0, -0.2531 -0.7573 0.0004, -0.2164 -0.6842 0.0004, -0.2068 -0.674 0.0004, -0.1924 -0.6647 0.0004, -0.1762 -0.6591 0.0004, -0.1529 -0.6566 0.0004, -0.1238 -0.6566 0.0004, -0.1238 -0.8102 0.0004, -0.1518 -0.8102 0.0004, -0.1725 -0.8083 0.0004, -0.1891 -0.8031 0.0004, -0.2025 -0.7951 0.0004, -0.2136 -0.7842 0.0004, -0.2219 -0.7707 0.0004, -0.2276 -0.7522 0.0004, -0.2295 -0.7315 0.0004, -0.2278 -0.7119 0.0004, -0.2232 -0.6963 0.0004, -0.1529 -0.6566 0.0, -0.1238 -0.6566 0.0, -0.1762 -0.6591 0.0, -0.1924 -0.6647 0.0, -0.2068 -0.674 0.0, -0.2164 -0.6842 0.0, -0.2232 -0.6963 0.0, -0.2278 -0.7119 0.0, -0.2295 -0.7315 0.0, -0.2276 -0.7522 0.0, -0.2219 -0.7707 0.0, -0.2136 -0.7842 0.0, -0.2025 -0.7951 0.0, -0.1891 -0.8031 0.0, -0.1725 -0.8083 0.0, -0.1518 -0.8102 0.0, -0.1238 -0.8102 0.0, -0.059 -0.8102 0.0004, -0.059 -0.8318 0.0004, -0.059 -0.8102 0.0, -0.059 -0.8318 0.0, 0.0466 -0.8318 0.0004, 0.0466 -0.8318 0.0, 0.0466 -0.635 0.0004, 0.0466 -0.635 0.0, -0.0542 -0.635 0.0004, -0.0542 -0.635 0.0, -0.0542 -0.6566 0.0004, -0.0542 -0.6566 0.0, 0.0202 -0.6566 0.0004, 0.0202 -0.6566 0.0, 0.0202 -0.7214 0.0004, 0.0202 -0.7214 0.0, -0.0494 -0.7214 0.0004, -0.0494 -0.7214 0.0, -0.0494 -0.743 0.0004, -0.0494 -0.743 0.0, 0.0202 -0.743 0.0004, 0.0202 -0.743 0.0, 0.0202 -0.8102 0.0004, 0.0202 -0.8102 0.0, 0.085 -0.8 0.0004, 0.085 -0.8216 0.0004, 0.085 -0.8 0.0, 0.085 -0.8216 0.0, 0.106 -0.8302 0.0004, 0.1392 -0.8342 0.0004, 0.1392 -0.8342 0.0, 0.1338 -0.8341 0.0, 0.1338 -0.8341 0.0004, 0.1259 -0.833 0.0, 0.106 -0.8302 0.0, 0.1508 -0.833 0.0, 0.1634 -0.8317 0.0004, 0.1634 -0.8317 0.0, 0.1825 -0.8251 0.0004, 0.1825 -0.8251 0.0, 0.1984 -0.815 0.0004, 0.1984 -0.815 0.0, 0.2131 -0.7995 0.0004, 0.2131 -0.7995 0.0, 0.2236 -0.7808 0.0004, 0.2236 -0.7808 0.0, 0.2296 -0.7599 0.0004, 0.2296 -0.7599 0.0, 0.2315 -0.7371 0.0004, 0.2315 -0.7371 0.0, 0.1313 -0.6326 0.0004, 0.1313 -0.6326 0.0, 0.1511 -0.6342 0.0, 0.1511 -0.6342 0.0004, 0.1731 -0.6406 0.0, 0.1731 -0.6406 0.0004, 0.1918 -0.6513 0.0, 0.1918 -0.6513 0.0004, 0.2095 -0.6684 0.0, 0.2095 -0.6684 0.0004, 0.2211 -0.6868 0.0, 0.2211 -0.6868 0.0004, 0.2286 -0.7091 0.0, 0.2286 -0.7091 0.0004, 0.085 -0.6404 0.0004, 0.085 -0.6404 0.0, 0.1078 -0.6342 0.0, 0.1078 -0.6342 0.0004, 0.085 -0.6668 0.0004, 0.085 -0.6668 0.0, 0.1311 -0.6542 0.0004, 0.1311 -0.6542 0.0, 0.1072 -0.6573 0.0, 0.1072 -0.6573 0.0004, 0.2051 -0.7355 0.0004, 0.2051 -0.7355 0.0, 0.2041 -0.7202 0.0, 0.2041 -0.7202 0.0004, 0.1989 -0.6991 0.0, 0.1989 -0.6991 0.0004, 0.1908 -0.6839 0.0, 0.1908 -0.6839 0.0004, 0.1789 -0.6708 0.0, 0.1789 -0.6708 0.0004, 0.1652 -0.6617 0.0, 0.1652 -0.6617 0.0004, 0.1505 -0.6564 0.0, 0.1505 -0.6564 0.0004, 0.1355 -0.8126 0.0004, 0.1355 -0.8126 0.0, 0.1539 -0.8106 0.0, 0.1539 -0.8106 0.0004, 0.1683 -0.8053 0.0, 0.1683 -0.8053 0.0004, 0.1803 -0.7971 0.0, 0.1803 -0.7971 0.0004, 0.1896 -0.7874 0.0, 0.1896 -0.7874 0.0004, 0.1977 -0.7737 0.0, 0.1977 -0.7737 0.0004, 0.2031 -0.7568 0.0, 0.2031 -0.7568 0.0004, 0.0886 -0.802 0.0, 0.0886 -0.802 0.0004, 0.1094 -0.8097 0.0, 0.1094 -0.8097 0.0004, 0.2483 -0.8102 0.0004, 0.2483 -0.8318 0.0004, 0.2483 -0.8102 0.0, 0.2483 -0.8318 0.0, 0.3491 -0.8318 0.0004, 0.3491 -0.8318 0.0, 0.3491 -0.635 0.0004, 0.3491 -0.635 0.0, 0.3227 -0.635 0.0004, 0.3227 -0.635 0.0, 0.3227 -0.8102 0.0004, 0.3227 -0.8102 0.0
            ]
        }
        coordIndex [
            0,1,2,-1,2,1,3,-1,4,5,6,-1,4,6,7,-1,8,9,6,-1,6,9,10,-1,10,11,12,-1,13,14,6,-1,10,12,6,-1,6,12,15,-1,6,15,13,-1,11,16,12,-1,12,16,17,-1,12,17,18,-1,14,19,6,-1,6,19,20,-1,6,20,7,-1,21,22,23,-1,23,22,24,-1,23,24,25,-1,24,26,27,-1,18,17,23,-1,23,17,28,-1,23,28,21,-1,27,29,24,-1,24,29,30,-1,24,30,25,-1,31,32,33,-1,31,33,34,-1,35,36,31,-1,31,36,37,-1,31,37,38,-1,38,39,31,-1,31,39,40,-1,31,40,32,-1,33,41,34,-1,34,41,42,-1,34,42,43,-1,43,42,44,-1,43,44,45,-1,45,44,46,-1,45,46,47,-1,47,46,48,-1,47,48,49,-1,49,48,50,-1,49,50,51,-1,51,50,52,-1,51,52,53,-1,54,55,56,-1,56,55,57,-1,56,57,58,-1,58,57,59,-1,54,60,55,-1,55,60,61,-1,55,61,62,-1,63,64,65,-1,65,64,55,-1,65,55,66,-1,66,55,62,-1,67,68,57,-1,57,68,69,-1,57,69,59,-1,70,71,57,-1,57,71,72,-1,57,72,67,-1,73,74,75,-1,75,74,71,-1,75,71,76,-1,76,71,70,-1,77,78,79,-1,79,78,80,-1,80,81,79,-1,79,81,82,-1,79,82,83,-1,83,84,79,-1,79,84,85,-1,79,85,86,-1,77,79,87,-1,87,79,88,-1,87,88,89,-1,89,88,90,-1,89,90,91,-1,91,90,92,-1,91,92,93,-1,93,92,94,-1,93,94,95,-1,95,94,96,-1,95,96,97,-1,97,96,98,-1,97,98,99,-1,99,98,100,-1,99,100,101,-1,102,103,104,-1,104,103,105,-1,106,107,104,-1,104,107,108,-1,104,108,102,-1,109,110,104,-1,104,110,111,-1,104,111,106,-1,103,112,105,-1,105,112,113,-1,105,113,114,-1,114,113,115,-1,116,117,113,-1,113,117,118,-1,113,118,115,-1,113,119,116,-1,116,119,120,-1,116,120,121,-1,121,122,116,-1,116,122,123,-1,116,123,124,-1,125,126,127,-1,127,126,128,-1,127,128,129,-1,129,128,130,-1,129,130,131,-1,131,130,132,-1,131,132,133,-1,133,132,134,-1,133,134,135,-1,135,134,136,-1,136,134,137,-1,136,137,138,-1,139,140,141,-1,141,140,142,-1,141,142,143,-1,143,142,144,-1,143,144,145,-1,145,144,146,-1,145,146,147,-1,147,146,148,-1,147,148,149,-1,149,148,150,-1,151,152,153,-1,151,153,154,-1,154,153,155,-1,154,155,156,-1,156,155,157,-1,156,157,158,-1,158,157,159,-1,158,159,160,-1,160,159,140,-1,160,140,139,-1,151,161,152,-1,152,161,162,-1,163,164,165,-1,163,165,166,-1,166,165,162,-1,166,162,161,-1,167,168,169,-1,167,169,170,-1,170,169,171,-1,170,171,172,-1,172,171,173,-1,172,173,174,-1,174,173,175,-1,174,175,176,-1,176,175,177,-1,176,177,178,-1,178,177,179,-1,178,179,180,-1,164,163,181,-1,181,163,182,-1,183,184,185,-1,183,185,186,-1,186,185,187,-1,186,187,188,-1,188,187,189,-1,188,189,190,-1,190,189,191,-1,190,191,192,-1,192,191,193,-1,192,193,194,-1,194,193,195,-1,194,195,196,-1,130,128,197,-1,198,199,200,-1,201,202,203,-1,204,205,206,-1,204,203,207,-1,207,203,202,-1,207,202,208,-1,208,202,209,-1,209,202,210,-1,210,202,197,-1,210,197,211,-1,211,197,212,-1,212,197,128,-1,212,128,126,-1,213,214,215,-1,215,214,216,-1,215,216,134,-1,134,216,137,-1,213,217,218,-1,213,218,214,-1,214,218,219,-1,214,219,220,-1,138,137,221,-1,221,137,216,-1,221,216,222,-1,222,216,214,-1,222,214,223,-1,223,214,220,-1,224,225,198,-1,200,199,226,-1,226,199,227,-1,226,227,228,-1,198,200,224,-1,224,200,229,-1,224,229,230,-1,230,229,231,-1,230,231,232,-1,233,234,235,-1,235,234,236,-1,237,238,235,-1,235,238,239,-1,235,239,233,-1,233,239,240,-1,233,240,241,-1,226,236,200,-1,200,236,234,-1,200,234,229,-1,229,234,233,-1,229,233,231,-1,231,233,241,-1,242,243,244,-1,204,206,203,-1,203,206,242,-1,203,242,201,-1,201,242,244,-1,201,244,202,-1,245,237,246,-1,246,237,235,-1,246,235,247,-1,247,235,236,-1,247,236,248,-1,248,236,226,-1,248,226,249,-1,249,226,228,-1,241,250,231,-1,231,250,251,-1,231,251,232,-1,232,251,252,-1,232,252,253,-1,253,254,232,-1,232,254,219,-1,232,219,230,-1,230,219,218,-1,230,218,224,-1,224,218,217,-1,224,217,225,-1,206,255,242,-1,242,255,256,-1,242,256,243,-1,243,256,257,-1,243,257,258,-1,134,132,215,-1,215,132,130,-1,215,130,213,-1,213,130,197,-1,213,197,217,-1,217,197,202,-1,217,202,225,-1,225,202,244,-1,225,244,198,-1,198,244,243,-1,198,243,199,-1,199,243,258,-1,199,258,227,-1,259,260,261,-1,261,260,262,-1,261,262,263,-1,259,264,265,-1,266,267,265,-1,265,267,268,-1,265,268,259,-1,259,268,269,-1,259,269,260,-1,261,270,271,-1,272,266,273,-1,273,266,265,-1,273,265,274,-1,274,265,264,-1,274,264,275,-1,276,277,278,-1,278,277,279,-1,261,271,259,-1,259,271,278,-1,259,278,264,-1,264,278,279,-1,264,279,275,-1,280,281,282,-1,283,284,285,-1,285,284,286,-1,285,286,287,-1,287,286,288,-1,287,288,281,-1,281,288,289,-1,282,290,280,-1,280,290,291,-1,280,291,292,-1,292,293,294,-1,294,293,295,-1,296,297,298,-1,298,297,299,-1,298,299,300,-1,300,299,294,-1,300,294,301,-1,301,294,295,-1,301,295,302,-1,281,280,287,-1,287,280,303,-1,287,303,285,-1,285,303,304,-1,285,304,283,-1,305,306,307,-1,307,306,308,-1,307,308,309,-1,310,311,289,-1,289,311,312,-1,289,312,281,-1,281,312,313,-1,281,313,282,-1,314,305,315,-1,315,305,307,-1,315,307,316,-1,316,307,317,-1,316,317,318,-1,318,317,319,-1,318,319,320,-1,320,319,270,-1,320,270,321,-1,321,270,261,-1,321,261,322,-1,322,261,263,-1,322,263,323,-1,292,294,280,-1,280,294,299,-1,280,299,303,-1,303,299,297,-1,303,297,304,-1,304,297,324,-1,304,324,283,-1,296,325,297,-1,297,325,276,-1,297,276,324,-1,324,276,278,-1,324,278,283,-1,283,278,271,-1,283,271,284,-1,284,271,270,-1,284,270,286,-1,286,270,319,-1,286,319,288,-1,288,319,317,-1,288,317,289,-1,289,317,307,-1,289,307,310,-1,310,307,309,-1,326,320,321,-1,327,328,314,-1,327,314,329,-1,314,315,329,-1,329,315,316,-1,329,316,326,-1,326,316,318,-1,326,318,320,-1,323,330,322,-1,322,330,331,-1,322,331,321,-1,321,331,332,-1,321,332,326,-1,138,314,136,-1,136,314,328,-1,333,334,335,-1,336,337,338,-1,338,337,339,-1,340,341,342,-1,342,341,343,-1,342,343,344,-1,344,343,345,-1,345,343,346,-1,345,346,347,-1,348,349,350,-1,351,352,353,-1,353,352,354,-1,353,354,355,-1,355,354,348,-1,355,348,356,-1,356,348,350,-1,356,350,357,-1,358,359,360,-1,361,362,352,-1,352,362,363,-1,352,363,354,-1,354,363,358,-1,354,358,348,-1,348,358,360,-1,348,360,349,-1,335,334,364,-1,364,334,365,-1,364,365,366,-1,133,135,367,-1,368,369,333,-1,370,371,367,-1,367,371,368,-1,340,336,341,-1,341,336,338,-1,341,338,372,-1,372,338,366,-1,372,366,373,-1,373,366,365,-1,374,375,376,-1,376,375,377,-1,376,377,378,-1,351,379,352,-1,352,379,380,-1,352,380,361,-1,361,380,381,-1,382,358,383,-1,383,358,363,-1,383,363,384,-1,384,363,362,-1,384,362,385,-1,385,362,361,-1,385,361,377,-1,377,361,381,-1,377,381,378,-1,135,136,386,-1,135,386,367,-1,367,386,387,-1,367,387,370,-1,388,389,382,-1,382,389,390,-1,382,390,358,-1,358,390,391,-1,358,391,359,-1,368,333,367,-1,367,333,335,-1,367,335,133,-1,133,335,364,-1,133,364,131,-1,131,364,366,-1,131,366,129,-1,129,366,338,-1,129,338,127,-1,127,338,339,-1,127,339,125,-1,369,388,333,-1,333,388,382,-1,333,382,334,-1,334,382,383,-1,334,383,365,-1,365,383,384,-1,365,384,373,-1,373,384,385,-1,373,385,372,-1,372,385,377,-1,372,377,341,-1,341,377,375,-1,341,375,343,-1,343,375,374,-1,343,374,346,-1,392,393,394,-1,395,396,397,-1,398,399,400,-1,401,402,403,-1,404,405,406,-1,407,408,409,-1,332,331,410,-1,411,412,413,-1,413,412,414,-1,413,414,415,-1,415,414,416,-1,416,414,417,-1,417,414,410,-1,417,410,418,-1,418,410,419,-1,419,410,331,-1,419,331,330,-1,420,412,421,-1,421,412,411,-1,421,411,422,-1,423,424,425,-1,329,326,426,-1,426,326,332,-1,426,332,427,-1,427,332,410,-1,427,410,428,-1,428,410,414,-1,428,414,429,-1,393,430,394,-1,394,430,431,-1,394,431,407,-1,328,327,432,-1,432,327,433,-1,432,433,434,-1,434,433,409,-1,434,409,435,-1,435,409,408,-1,396,392,397,-1,397,392,394,-1,397,394,436,-1,436,394,407,-1,436,407,437,-1,437,407,409,-1,438,404,403,-1,403,404,406,-1,403,406,401,-1,401,406,439,-1,401,439,440,-1,441,442,443,-1,444,423,445,-1,445,423,446,-1,445,446,447,-1,447,446,448,-1,447,448,440,-1,440,448,441,-1,440,441,401,-1,401,441,443,-1,401,443,402,-1,423,425,446,-1,446,425,449,-1,446,449,448,-1,448,449,450,-1,448,450,441,-1,441,450,451,-1,441,451,442,-1,399,395,400,-1,400,395,397,-1,400,397,452,-1,452,397,436,-1,452,436,453,-1,453,436,437,-1,327,329,433,-1,433,329,426,-1,433,426,409,-1,409,426,427,-1,409,427,437,-1,437,427,428,-1,437,428,453,-1,453,428,429,-1,405,398,406,-1,406,398,400,-1,406,400,439,-1,439,400,452,-1,439,452,440,-1,440,452,453,-1,440,453,447,-1,447,453,429,-1,447,429,445,-1,445,429,414,-1,445,414,444,-1,444,414,412,-1,444,412,423,-1,423,412,420,-1,423,420,424,-1,454,455,456,-1,454,456,457,-1,457,456,458,-1,457,458,459,-1,459,458,460,-1,459,460,461,-1,461,460,462,-1,461,462,463,-1,463,462,464,-1,463,464,465,-1,465,464,466,-1,465,466,467,-1,468,469,470,-1,468,470,471,-1,471,470,472,-1,471,472,473,-1,473,472,474,-1,473,474,475,-1,475,474,476,-1,475,476,477,-1,477,476,478,-1,477,478,479,-1,479,478,480,-1,479,480,481,-1,482,483,484,-1,484,483,485,-1,486,487,488,-1,486,488,489,-1,489,488,483,-1,489,483,482,-1,486,490,487,-1,487,490,491,-1,492,493,494,-1,492,494,495,-1,495,494,496,-1,495,496,497,-1,497,496,498,-1,497,498,499,-1,499,498,500,-1,499,500,501,-1,501,500,491,-1,501,491,490,-1,502,503,504,-1,504,503,505,-1,504,505,506,-1,506,505,507,-1,506,507,508,-1,508,507,509,-1,508,509,510,-1,510,509,511,-1,510,511,492,-1,492,511,493,-1,512,513,514,-1,514,513,515,-1,514,515,516,-1,516,515,517,-1,516,517,518,-1,518,517,519,-1,518,519,520,-1,520,519,521,-1,520,521,522,-1,522,521,523,-1,522,523,454,-1,454,523,455,-1,524,466,525,-1,526,527,528,-1,528,527,529,-1,527,530,529,-1,529,530,531,-1,529,531,532,-1,531,533,532,-1,532,533,534,-1,532,534,535,-1,534,536,535,-1,535,536,537,-1,535,537,538,-1,539,540,541,-1,541,540,542,-1,541,542,543,-1,543,542,544,-1,543,544,545,-1,545,544,546,-1,545,546,547,-1,547,546,548,-1,547,548,549,-1,549,548,550,-1,549,550,466,-1,540,551,542,-1,542,551,552,-1,542,552,544,-1,544,552,553,-1,544,553,546,-1,546,553,554,-1,546,554,548,-1,548,554,555,-1,548,555,550,-1,550,555,556,-1,550,556,466,-1,455,539,456,-1,456,539,541,-1,456,541,458,-1,458,541,543,-1,458,543,460,-1,460,543,545,-1,460,545,462,-1,462,545,547,-1,462,547,464,-1,464,547,549,-1,464,549,466,-1,557,528,558,-1,558,528,529,-1,558,529,559,-1,559,529,532,-1,559,532,560,-1,560,532,535,-1,560,535,561,-1,561,535,538,-1,561,538,562,-1,562,538,525,-1,562,525,466,-1,537,563,538,-1,538,563,564,-1,538,564,525,-1,525,564,565,-1,525,565,524,-1,551,557,552,-1,552,557,558,-1,552,558,553,-1,553,558,559,-1,553,559,554,-1,554,559,560,-1,554,560,555,-1,555,560,561,-1,555,561,556,-1,556,561,562,-1,556,562,466,-1,566,567,568,-1,569,570,571,-1,571,570,572,-1,573,574,575,-1,576,577,578,-1,579,580,578,-1,578,580,581,-1,578,581,576,-1,572,582,571,-1,571,582,583,-1,571,583,584,-1,584,583,585,-1,584,585,580,-1,580,585,586,-1,580,586,581,-1,581,586,587,-1,581,587,576,-1,588,589,575,-1,575,589,590,-1,351,353,591,-1,591,353,355,-1,356,592,355,-1,355,592,590,-1,355,590,591,-1,591,590,589,-1,591,589,351,-1,593,594,595,-1,595,594,596,-1,347,346,597,-1,597,346,598,-1,597,598,599,-1,599,598,600,-1,599,600,601,-1,602,603,604,-1,346,374,598,-1,598,374,604,-1,598,604,600,-1,600,604,603,-1,575,574,588,-1,588,574,605,-1,588,605,602,-1,602,605,606,-1,602,606,603,-1,603,606,595,-1,603,595,600,-1,600,595,596,-1,600,596,601,-1,607,608,609,-1,609,608,610,-1,609,610,611,-1,612,613,614,-1,614,613,615,-1,614,615,616,-1,616,615,617,-1,616,617,618,-1,618,617,610,-1,618,610,619,-1,619,610,608,-1,620,621,622,-1,622,621,623,-1,622,623,624,-1,624,623,625,-1,624,625,626,-1,626,625,568,-1,626,568,627,-1,627,568,567,-1,613,620,615,-1,615,620,622,-1,615,622,617,-1,617,622,624,-1,617,624,610,-1,610,624,626,-1,610,626,611,-1,611,626,627,-1,356,357,592,-1,592,357,628,-1,592,628,629,-1,629,569,592,-1,592,569,571,-1,592,571,590,-1,590,571,584,-1,590,584,575,-1,575,584,580,-1,575,580,573,-1,573,580,579,-1,374,376,604,-1,604,376,378,-1,604,378,602,-1,602,378,381,-1,602,381,588,-1,588,381,380,-1,588,380,589,-1,589,380,379,-1,589,379,351,-1,577,566,578,-1,578,566,568,-1,578,568,579,-1,579,568,625,-1,579,625,573,-1,573,625,623,-1,573,623,574,-1,574,623,621,-1,574,621,605,-1,605,621,620,-1,605,620,606,-1,606,620,613,-1,606,613,595,-1,595,613,612,-1,595,612,593,-1,347,205,204,-1,630,344,208,-1,211,208,631,-1,631,208,632,-1,204,207,347,-1,347,207,208,-1,347,208,345,-1,345,208,344,-1,337,633,208,-1,208,633,340,-1,208,340,630,-1,339,337,125,-1,125,337,208,-1,125,208,126,-1,126,208,211,-1,126,211,212,-1,634,245,246,-1,635,636,637,-1,638,639,640,-1,641,642,643,-1,644,645,646,-1,644,647,645,-1,645,647,648,-1,645,648,249,-1,641,643,649,-1,650,651,652,-1,652,651,647,-1,653,654,655,-1,655,654,656,-1,655,656,657,-1,658,659,653,-1,653,659,643,-1,653,643,654,-1,654,643,642,-1,654,642,656,-1,660,661,662,-1,662,661,663,-1,664,665,666,-1,666,665,667,-1,666,667,668,-1,668,667,663,-1,668,663,669,-1,669,663,661,-1,206,205,670,-1,206,670,671,-1,670,672,671,-1,671,672,673,-1,671,673,674,-1,674,673,675,-1,674,675,676,-1,676,675,677,-1,676,677,678,-1,678,677,679,-1,678,679,662,-1,662,679,680,-1,662,680,660,-1,255,681,256,-1,256,681,682,-1,256,682,257,-1,636,638,637,-1,637,638,640,-1,637,640,683,-1,683,640,684,-1,683,684,685,-1,685,684,686,-1,685,686,687,-1,687,686,688,-1,687,688,689,-1,689,688,690,-1,689,690,691,-1,249,228,645,-1,645,228,227,-1,645,227,646,-1,646,227,258,-1,665,635,667,-1,667,635,637,-1,667,637,663,-1,663,637,683,-1,663,683,662,-1,662,683,685,-1,662,685,678,-1,678,685,687,-1,678,687,676,-1,676,687,689,-1,676,689,674,-1,674,689,691,-1,674,691,671,-1,650,692,651,-1,651,692,693,-1,651,693,694,-1,694,634,651,-1,651,634,246,-1,651,246,647,-1,647,246,247,-1,647,247,648,-1,648,247,248,-1,648,248,249,-1,658,652,659,-1,659,652,647,-1,659,647,643,-1,643,647,644,-1,643,644,649,-1,649,644,646,-1,649,646,682,-1,682,646,258,-1,682,258,257,-1,639,657,640,-1,640,657,656,-1,640,656,684,-1,684,656,642,-1,684,642,686,-1,686,642,641,-1,686,641,688,-1,688,641,649,-1,688,649,690,-1,690,649,682,-1,690,682,691,-1,691,682,681,-1,691,681,671,-1,671,681,255,-1,671,255,206,-1,179,177,695,-1,696,697,698,-1,168,699,700,-1,698,697,168,-1,701,168,697,-1,701,697,702,-1,702,697,696,-1,702,696,703,-1,169,168,701,-1,704,705,706,-1,706,705,700,-1,706,700,707,-1,707,700,699,-1,707,699,708,-1,169,701,171,-1,171,701,702,-1,171,702,173,-1,173,702,703,-1,173,703,175,-1,709,704,710,-1,710,704,706,-1,710,706,711,-1,711,706,707,-1,711,707,712,-1,712,707,708,-1,712,708,713,-1,714,709,715,-1,715,709,710,-1,715,710,716,-1,716,710,711,-1,716,711,717,-1,717,711,712,-1,717,712,718,-1,718,712,713,-1,718,713,719,-1,177,714,695,-1,695,714,715,-1,695,715,720,-1,720,715,716,-1,720,716,721,-1,721,716,717,-1,721,717,722,-1,722,717,718,-1,722,718,723,-1,723,718,719,-1,723,719,724,-1,179,695,725,-1,725,695,720,-1,725,720,726,-1,726,720,721,-1,726,721,727,-1,727,721,722,-1,727,722,728,-1,728,722,723,-1,728,723,729,-1,729,723,724,-1,729,724,730,-1,705,168,700,-1,177,175,714,-1,714,175,703,-1,714,703,709,-1,709,703,696,-1,709,696,704,-1,704,696,698,-1,704,698,705,-1,705,698,168,-1,180,179,731,-1,731,179,732,-1,731,732,733,-1,733,732,734,-1,733,734,735,-1,735,734,736,-1,735,736,737,-1,737,736,738,-1,737,738,739,-1,739,738,740,-1,739,740,741,-1,741,740,742,-1,743,744,745,-1,746,747,748,-1,749,750,751,-1,751,750,748,-1,751,748,752,-1,752,748,747,-1,744,753,745,-1,745,753,754,-1,745,754,748,-1,748,754,755,-1,748,755,746,-1,756,757,758,-1,758,757,759,-1,759,760,758,-1,758,760,761,-1,758,761,745,-1,745,761,762,-1,745,762,743,-1,763,764,765,-1,765,766,763,-1,763,766,767,-1,763,767,758,-1,758,767,768,-1,758,768,756,-1,769,770,771,-1,771,772,769,-1,769,772,773,-1,769,773,763,-1,763,773,774,-1,763,774,764,-1,775,776,777,-1,775,777,769,-1,769,777,778,-1,769,778,770,-1,750,779,748,-1,748,779,780,-1,748,780,745,-1,745,780,781,-1,745,781,758,-1,758,781,782,-1,758,782,763,-1,763,782,783,-1,763,783,769,-1,769,783,784,-1,769,784,775,-1,775,784,785,-1,779,786,780,-1,780,786,787,-1,780,787,781,-1,781,787,788,-1,781,788,782,-1,782,788,789,-1,782,789,783,-1,783,789,790,-1,783,790,784,-1,784,790,791,-1,784,791,785,-1,785,791,792,-1,786,793,787,-1,787,793,794,-1,787,794,788,-1,788,794,795,-1,788,795,789,-1,789,795,796,-1,789,796,790,-1,790,796,797,-1,790,797,791,-1,791,797,798,-1,791,798,792,-1,792,798,799,-1,742,800,741,-1,741,800,801,-1,142,140,176,-1,176,140,159,-1,176,159,174,-1,164,181,167,-1,164,167,165,-1,802,803,804,-1,159,157,174,-1,174,157,155,-1,174,155,172,-1,172,155,153,-1,172,153,170,-1,170,153,152,-1,170,152,167,-1,167,152,162,-1,167,162,165,-1,802,804,805,-1,733,735,144,-1,144,735,737,-1,144,737,146,-1,146,737,739,-1,146,739,148,-1,148,739,741,-1,148,741,150,-1,176,178,142,-1,142,178,180,-1,142,180,144,-1,144,180,731,-1,144,731,733,-1,150,741,804,-1,804,741,801,-1,804,801,805,-1,149,150,806,-1,806,150,804,-1,154,156,187,-1,187,156,189,-1,141,193,139,-1,139,193,191,-1,139,191,160,-1,160,191,189,-1,160,189,158,-1,158,189,156,-1,154,187,151,-1,151,187,185,-1,151,185,184,-1,184,182,163,-1,807,143,808,-1,808,143,145,-1,808,145,809,-1,809,145,810,-1,163,166,184,-1,184,166,161,-1,184,161,151,-1,807,811,143,-1,143,811,812,-1,143,812,141,-1,141,812,195,-1,141,195,193,-1,806,813,814,-1,145,147,810,-1,810,147,149,-1,810,149,815,-1,815,149,806,-1,815,806,816,-1,816,806,814,-1,815,817,810,-1,810,817,818,-1,196,195,819,-1,819,195,812,-1,819,812,820,-1,820,812,811,-1,820,811,821,-1,821,811,807,-1,821,807,822,-1,822,807,808,-1,822,808,823,-1,823,808,809,-1,823,809,818,-1,818,809,810,-1,184,183,182,-1,182,183,824,-1,182,824,181,-1,181,824,825,-1,181,825,167,-1,167,825,168,-1,826,827,828,-1,829,830,831,-1,183,186,832,-1,831,830,183,-1,833,183,830,-1,833,830,834,-1,834,830,829,-1,834,829,835,-1,836,183,833,-1,837,838,839,-1,839,838,832,-1,839,832,840,-1,840,832,186,-1,840,186,188,-1,836,833,841,-1,841,833,834,-1,841,834,842,-1,842,834,835,-1,842,835,843,-1,844,837,845,-1,845,837,839,-1,845,839,846,-1,846,839,840,-1,846,840,847,-1,847,840,188,-1,847,188,190,-1,848,844,849,-1,849,844,845,-1,849,845,850,-1,850,845,846,-1,850,846,851,-1,851,846,847,-1,851,847,852,-1,852,847,190,-1,852,190,192,-1,827,848,828,-1,828,848,849,-1,828,849,853,-1,853,849,850,-1,853,850,854,-1,854,850,851,-1,854,851,855,-1,855,851,852,-1,855,852,856,-1,856,852,192,-1,856,192,194,-1,826,828,857,-1,857,828,853,-1,857,853,858,-1,858,853,854,-1,858,854,859,-1,859,854,855,-1,859,855,860,-1,860,855,856,-1,860,856,861,-1,861,856,194,-1,861,194,196,-1,838,183,832,-1,827,843,848,-1,848,843,835,-1,848,835,844,-1,844,835,829,-1,844,829,837,-1,837,829,831,-1,837,831,838,-1,838,831,183,-1,825,824,862,-1,862,824,863,-1,314,138,305,-1,305,138,221,-1,305,221,306,-1,219,254,308,-1,308,254,309,-1,221,222,306,-1,306,222,223,-1,306,223,308,-1,308,223,220,-1,308,220,219,-1,251,313,252,-1,252,313,312,-1,252,312,253,-1,253,312,311,-1,253,311,254,-1,254,311,310,-1,254,310,309,-1,250,290,251,-1,251,290,282,-1,251,282,313,-1,239,295,293,-1,293,292,239,-1,239,292,291,-1,239,291,240,-1,240,291,290,-1,240,290,241,-1,241,290,250,-1,864,862,865,-1,865,862,863,-1,864,866,862,-1,862,866,867,-1,862,867,692,-1,634,694,302,-1,302,694,868,-1,239,238,295,-1,295,238,237,-1,295,237,302,-1,302,237,245,-1,302,245,634,-1,868,694,867,-1,867,694,693,-1,867,693,692,-1,869,870,871,-1,866,864,872,-1,872,864,865,-1,873,874,875,-1,876,877,878,-1,879,880,878,-1,878,880,881,-1,878,881,876,-1,865,882,872,-1,872,882,883,-1,872,883,884,-1,884,883,885,-1,884,885,880,-1,880,885,886,-1,880,886,881,-1,881,886,887,-1,881,887,876,-1,888,889,875,-1,875,889,890,-1,296,298,891,-1,891,298,300,-1,301,892,300,-1,300,892,890,-1,300,890,891,-1,891,890,889,-1,891,889,296,-1,893,894,895,-1,272,273,896,-1,896,273,897,-1,896,897,898,-1,898,897,899,-1,898,899,900,-1,901,902,903,-1,273,274,897,-1,897,274,903,-1,897,903,899,-1,899,903,902,-1,875,874,888,-1,888,874,904,-1,888,904,901,-1,901,904,905,-1,901,905,902,-1,902,905,893,-1,902,893,899,-1,899,893,895,-1,899,895,900,-1,906,907,908,-1,908,907,909,-1,908,909,910,-1,907,911,909,-1,909,911,912,-1,909,912,913,-1,913,912,914,-1,913,914,915,-1,915,914,916,-1,915,916,917,-1,917,916,918,-1,917,918,919,-1,920,921,922,-1,922,921,923,-1,922,923,924,-1,924,923,925,-1,924,925,926,-1,926,925,871,-1,926,871,927,-1,927,871,870,-1,917,920,915,-1,915,920,922,-1,915,922,913,-1,913,922,924,-1,913,924,909,-1,909,924,926,-1,909,926,910,-1,910,926,927,-1,301,302,892,-1,892,302,868,-1,892,868,867,-1,867,866,892,-1,892,866,872,-1,892,872,890,-1,890,872,884,-1,890,884,875,-1,875,884,880,-1,875,880,873,-1,873,880,879,-1,274,275,903,-1,903,275,279,-1,903,279,901,-1,901,279,277,-1,901,277,888,-1,888,277,276,-1,888,276,889,-1,889,276,325,-1,889,325,296,-1,877,869,878,-1,878,869,871,-1,878,871,879,-1,879,871,925,-1,879,925,873,-1,873,925,923,-1,873,923,874,-1,874,923,921,-1,874,921,904,-1,904,921,920,-1,904,920,905,-1,905,920,917,-1,905,917,893,-1,893,917,919,-1,893,919,894,-1,272,422,411,-1,928,267,415,-1,418,415,929,-1,929,415,930,-1,411,413,272,-1,272,413,415,-1,272,415,266,-1,266,415,267,-1,262,931,415,-1,415,931,269,-1,415,269,928,-1,263,262,323,-1,323,262,415,-1,323,415,330,-1,330,415,418,-1,330,418,419,-1,570,932,572,-1,572,932,933,-1,570,569,932,-1,932,569,629,-1,932,629,934,-1,935,936,357,-1,357,936,628,-1,628,936,629,-1,629,936,937,-1,629,937,934,-1,398,350,349,-1,349,360,398,-1,398,360,359,-1,398,359,399,-1,399,359,391,-1,398,405,350,-1,350,405,404,-1,350,404,357,-1,357,404,438,-1,357,438,935,-1,392,396,391,-1,391,396,395,-1,391,395,399,-1,391,390,392,-1,392,390,389,-1,392,389,393,-1,393,389,388,-1,393,388,430,-1,430,388,369,-1,430,369,431,-1,431,369,368,-1,387,435,370,-1,370,435,408,-1,368,371,431,-1,431,371,370,-1,431,370,407,-1,407,370,408,-1,136,328,386,-1,386,328,432,-1,386,432,387,-1,387,432,434,-1,387,434,435,-1,935,438,403,-1,938,939,940,-1,941,942,943,-1,944,945,946,-1,947,948,949,-1,949,948,950,-1,949,950,951,-1,944,946,952,-1,953,954,955,-1,955,954,950,-1,956,957,958,-1,958,957,959,-1,958,959,960,-1,961,962,956,-1,956,962,946,-1,956,946,957,-1,957,946,945,-1,957,945,959,-1,963,964,965,-1,965,964,966,-1,967,968,969,-1,969,968,970,-1,969,970,971,-1,971,970,966,-1,971,966,972,-1,972,966,964,-1,421,422,973,-1,421,973,974,-1,973,975,974,-1,974,975,976,-1,974,976,977,-1,977,976,978,-1,977,978,979,-1,979,978,980,-1,979,980,981,-1,981,980,982,-1,981,982,965,-1,965,982,983,-1,965,983,963,-1,420,984,424,-1,424,984,985,-1,424,985,425,-1,939,941,940,-1,940,941,943,-1,940,943,986,-1,986,943,987,-1,986,987,988,-1,988,987,989,-1,988,989,990,-1,990,989,991,-1,990,991,992,-1,992,991,993,-1,992,993,994,-1,951,442,949,-1,949,442,451,-1,949,451,947,-1,947,451,450,-1,947,450,449,-1,968,938,970,-1,970,938,940,-1,970,940,966,-1,966,940,986,-1,966,986,965,-1,965,986,988,-1,965,988,981,-1,981,988,990,-1,981,990,979,-1,979,990,992,-1,979,992,977,-1,977,992,994,-1,977,994,974,-1,953,934,954,-1,954,934,937,-1,954,937,936,-1,936,935,954,-1,954,935,403,-1,954,403,950,-1,950,403,402,-1,950,402,951,-1,951,402,443,-1,951,443,442,-1,961,955,962,-1,962,955,950,-1,962,950,946,-1,946,950,948,-1,946,948,952,-1,952,948,947,-1,952,947,985,-1,985,947,449,-1,985,449,425,-1,942,960,943,-1,943,960,959,-1,943,959,987,-1,987,959,945,-1,987,945,989,-1,989,945,944,-1,989,944,991,-1,991,944,952,-1,991,952,993,-1,993,952,985,-1,993,985,994,-1,994,985,984,-1,994,984,974,-1,974,984,420,-1,974,420,421,-1,933,932,995,-1,995,932,996,-1,467,466,485,-1,485,466,995,-1,485,995,484,-1,484,995,996,-1,484,996,480,-1,480,996,481,-1,997,998,999,-1,999,998,1000,-1,999,1000,1001,-1,1001,1000,1002,-1,1001,1002,1003,-1,1003,1002,1004,-1,1003,1004,1005,-1,1005,1004,1006,-1,1005,1006,1007,-1,1007,1006,1008,-1,1007,1008,468,-1,468,1008,469,-1,1009,1010,1011,-1,1011,1010,1012,-1,1011,1012,1013,-1,1013,1012,1014,-1,1013,1014,1015,-1,1015,1014,1016,-1,1015,1016,1017,-1,1017,1016,1018,-1,1017,1018,1019,-1,1019,1018,1020,-1,1019,1020,481,-1,1010,1021,1012,-1,1012,1021,1022,-1,1012,1022,1014,-1,1014,1022,1023,-1,1014,1023,1016,-1,1016,1023,1024,-1,1016,1024,1018,-1,1018,1024,1025,-1,1018,1025,1020,-1,1020,1025,1026,-1,1020,1026,481,-1,1027,1009,1028,-1,1028,1009,1011,-1,1028,1011,1029,-1,1029,1011,1013,-1,1029,1013,1030,-1,1030,1013,1015,-1,1030,1015,1031,-1,1031,1015,1017,-1,1031,1017,1032,-1,1032,1017,1019,-1,1032,1019,481,-1,1033,1034,1035,-1,1035,1034,1036,-1,1035,1036,1037,-1,1037,1036,1038,-1,1037,1038,1039,-1,1039,1038,1040,-1,1039,1040,1041,-1,1041,1040,1042,-1,1041,1042,1043,-1,1043,1042,1044,-1,1043,1044,481,-1,1034,468,1036,-1,1036,468,471,-1,1036,471,1038,-1,1038,471,473,-1,1038,473,1040,-1,1040,473,475,-1,1040,475,1042,-1,1042,475,477,-1,1042,477,1044,-1,1044,477,479,-1,1044,479,481,-1,1021,1033,1022,-1,1022,1033,1035,-1,1022,1035,1023,-1,1023,1035,1037,-1,1023,1037,1024,-1,1024,1037,1039,-1,1024,1039,1025,-1,1025,1039,1041,-1,1025,1041,1026,-1,1026,1041,1043,-1,1026,1043,481,-1,1045,1046,1047,-1,1048,1049,1050,-1,1051,1052,1053,-1,1054,1055,1056,-1,1055,1057,1058,-1,1057,1059,1060,-1,1059,1061,1062,-1,1061,1063,1064,-1,1063,1065,1066,-1,1057,1060,1058,-1,1058,1060,1067,-1,1058,1067,1068,-1,1068,1067,1069,-1,1068,1069,1047,-1,1055,1058,1056,-1,1056,1058,1068,-1,1056,1068,1070,-1,1070,1068,1047,-1,1070,1047,1071,-1,1072,1073,1074,-1,1063,1066,1064,-1,1064,1066,1075,-1,1064,1075,1076,-1,1076,1075,1072,-1,1076,1072,1053,-1,1053,1072,1074,-1,1053,1074,1051,-1,1052,1077,1053,-1,1053,1077,1078,-1,1053,1078,1079,-1,1061,1064,1062,-1,1062,1064,1076,-1,1062,1076,1080,-1,1080,1076,1053,-1,1080,1053,1050,-1,1050,1053,1079,-1,1050,1079,1048,-1,1049,1081,1050,-1,1050,1081,1082,-1,1050,1082,1083,-1,1059,1062,1060,-1,1060,1062,1080,-1,1060,1080,1067,-1,1067,1080,1050,-1,1067,1050,1069,-1,1069,1050,1083,-1,1069,1083,1084,-1,1084,1085,1069,-1,1069,1085,1086,-1,1069,1086,1087,-1,1087,1088,1069,-1,1069,1088,1089,-1,1069,1089,1047,-1,1047,1089,1090,-1,1047,1090,1045,-1,1046,1091,1047,-1,1047,1091,1092,-1,1047,1092,1071,-1,1071,1092,1093,-1,1071,1093,1094,-1,1094,1095,1071,-1,1071,1095,1096,-1,1071,1096,1097,-1,1054,1056,1098,-1,1098,1056,1070,-1,1098,1070,1099,-1,1099,1070,1071,-1,1099,1071,1100,-1,1100,1071,1097,-1,1100,1097,1101,-1,463,465,491,-1,491,465,467,-1,467,485,483,-1,491,500,463,-1,463,500,498,-1,463,498,461,-1,483,488,467,-1,467,488,487,-1,467,487,491,-1,511,457,493,-1,493,457,459,-1,493,459,494,-1,494,459,461,-1,494,461,496,-1,496,461,498,-1,518,509,516,-1,516,509,507,-1,516,507,514,-1,514,507,512,-1,1102,1103,1104,-1,518,520,509,-1,509,520,522,-1,509,522,511,-1,511,522,454,-1,511,454,457,-1,507,505,512,-1,512,505,503,-1,512,503,1105,-1,1105,503,1102,-1,1105,1102,1106,-1,1106,1102,1104,-1,1107,513,1105,-1,1105,513,512,-1,998,997,1108,-1,1108,997,1109,-1,482,484,480,-1,482,480,489,-1,510,492,472,-1,472,492,495,-1,472,495,474,-1,495,497,474,-1,474,497,499,-1,474,499,476,-1,476,499,501,-1,476,501,478,-1,478,501,490,-1,478,490,480,-1,480,490,486,-1,480,486,489,-1,1110,1111,1112,-1,1006,1004,508,-1,508,1004,1002,-1,508,1002,506,-1,506,1002,1000,-1,506,1000,504,-1,504,1000,998,-1,504,998,502,-1,1110,1112,1113,-1,502,998,1112,-1,1112,998,1108,-1,1112,1108,1113,-1,472,470,510,-1,510,470,469,-1,510,469,508,-1,508,469,1008,-1,508,1008,1006,-1,503,502,1102,-1,1102,502,1112,-1,1114,1115,1116,-1,1117,1118,1119,-1,1120,1121,1122,-1,1123,1124,1125,-1,1117,1119,1126,-1,1126,1119,1127,-1,1126,1127,1128,-1,1128,1127,1129,-1,1129,1127,1130,-1,1129,1130,1131,-1,1116,1132,1133,-1,1114,1116,1134,-1,1134,1116,1133,-1,1134,1133,749,-1,1135,793,1136,-1,1135,1136,1137,-1,1138,1139,1140,-1,1140,1139,1141,-1,1140,1141,1142,-1,1122,1143,1120,-1,1120,1143,1144,-1,1120,1144,1125,-1,1125,1144,1145,-1,1125,1145,1123,-1,1123,1145,1146,-1,1123,1146,1140,-1,1140,1146,1147,-1,1140,1147,1138,-1,1148,1149,1150,-1,1131,1130,1115,-1,1115,1130,1148,-1,1115,1148,1116,-1,1116,1148,1150,-1,1116,1150,1132,-1,1141,1151,1142,-1,1142,1151,1152,-1,1142,1152,1153,-1,1153,1152,1137,-1,1153,1137,1154,-1,1154,1137,1136,-1,1154,1136,1155,-1,1124,1123,1118,-1,1118,1123,1140,-1,1118,1140,1119,-1,1119,1140,1142,-1,1119,1142,1127,-1,1127,1142,1153,-1,1127,1153,1130,-1,1130,1153,1154,-1,1130,1154,1148,-1,1148,1154,1155,-1,1148,1155,1149,-1,1156,1157,526,-1,1158,1159,1160,-1,1160,1159,1161,-1,1160,1161,1162,-1,1163,1164,1165,-1,1166,1167,1168,-1,1168,1167,1169,-1,1163,1165,1170,-1,526,1158,1156,-1,1156,1158,1160,-1,1156,1160,607,-1,607,1160,1168,-1,607,1168,664,-1,664,1168,1169,-1,664,1169,1171,-1,1172,1173,1174,-1,1175,1176,1177,-1,1178,1179,664,-1,1177,1178,1175,-1,1175,1178,664,-1,1175,664,1180,-1,1180,664,1171,-1,1180,1171,1181,-1,1181,1171,1182,-1,1162,1183,1160,-1,1160,1183,1184,-1,1160,1184,1165,-1,1165,1184,1185,-1,1165,1185,1170,-1,1174,1186,1172,-1,1172,1186,1187,-1,1172,1187,1188,-1,1189,1190,1191,-1,1188,1192,1172,-1,1172,1192,1193,-1,1172,1193,1194,-1,1194,1193,1195,-1,1194,1195,1196,-1,1196,1195,1165,-1,1196,1165,1197,-1,1197,1165,1164,-1,1198,1199,664,-1,1191,1198,1189,-1,1189,1198,664,-1,1189,664,1200,-1,1200,664,1179,-1,1200,1179,1201,-1,1201,1179,1202,-1,1203,1204,1205,-1,1206,1207,664,-1,1205,1206,1203,-1,1203,1206,664,-1,1203,664,1208,-1,1208,664,1199,-1,1208,1199,1209,-1,1209,1199,1210,-1,1211,1212,1213,-1,1213,1214,1211,-1,1211,1214,664,-1,1211,664,1215,-1,1215,664,1207,-1,1215,1207,1216,-1,1216,1207,1217,-1,1218,1219,1220,-1,1220,1219,1221,-1,1222,1223,1224,-1,1225,1226,1221,-1,1221,1226,664,-1,1221,664,1220,-1,1220,664,1214,-1,1227,1228,1229,-1,1230,1231,1225,-1,730,1232,1233,-1,1233,1232,1226,-1,1233,1226,1234,-1,1234,1226,1225,-1,1234,1225,1235,-1,1235,1225,1231,-1,1236,1237,1229,-1,1229,1237,1238,-1,1229,1238,1227,-1,1239,1240,1229,-1,1229,1240,1241,-1,1229,1241,1236,-1,1229,1242,1239,-1,1239,1242,1243,-1,1239,1243,1224,-1,1224,1243,1244,-1,1224,1244,1222,-1,1223,1245,1224,-1,1224,1245,1246,-1,1224,1246,1225,-1,1225,1246,1247,-1,1225,1247,1230,-1,1248,1249,1250,-1,1251,1252,1253,-1,1254,1255,1256,-1,1256,1255,1257,-1,1256,1257,1258,-1,1258,1257,1259,-1,1258,1259,1260,-1,1260,1259,1261,-1,1260,1261,1262,-1,1262,1261,1263,-1,1262,1263,1264,-1,1264,1263,1265,-1,1194,1254,1266,-1,1266,1254,1256,-1,1266,1256,1267,-1,1267,1256,1258,-1,1267,1258,1268,-1,1268,1258,1260,-1,1268,1260,1269,-1,1269,1260,1262,-1,1269,1262,1270,-1,1270,1262,1264,-1,1270,1264,1271,-1,1271,1264,1272,-1,1273,1274,1275,-1,1275,1274,1265,-1,1275,1265,1276,-1,1276,1265,1263,-1,1276,1263,1277,-1,1277,1263,1261,-1,1277,1261,1278,-1,1278,1261,1259,-1,1278,1259,1279,-1,1279,1259,1257,-1,1279,1257,1280,-1,1280,1257,1255,-1,1274,1281,1265,-1,1265,1281,1282,-1,1265,1282,1264,-1,1264,1282,1283,-1,1264,1283,1272,-1,1252,1273,1253,-1,1253,1273,1275,-1,1253,1275,1284,-1,1284,1275,1276,-1,1284,1276,1285,-1,1285,1276,1277,-1,1285,1277,1286,-1,1286,1277,1278,-1,1286,1278,1287,-1,1287,1278,1279,-1,1287,1279,1288,-1,1288,1279,1280,-1,1249,1251,1250,-1,1250,1251,1253,-1,1250,1253,1289,-1,1289,1253,1284,-1,1289,1284,1290,-1,1290,1284,1285,-1,1290,1285,1291,-1,1291,1285,1286,-1,1291,1286,1292,-1,1292,1286,1287,-1,1292,1287,1293,-1,1293,1287,1288,-1,1294,1248,1295,-1,1295,1248,1250,-1,1295,1250,1296,-1,1296,1250,1289,-1,1296,1289,1297,-1,1297,1289,1290,-1,1297,1290,1298,-1,1298,1290,1291,-1,1298,1291,1299,-1,1299,1291,1292,-1,1299,1292,1300,-1,1300,1292,1293,-1,1300,1185,1299,-1,1299,1185,1301,-1,1299,1301,1298,-1,1298,1301,1302,-1,1298,1302,1297,-1,1297,1302,1303,-1,1297,1303,1296,-1,1296,1303,1304,-1,1296,1304,1295,-1,1295,1304,1305,-1,1295,1305,1294,-1,1294,1305,1107,-1,1185,1184,1306,-1,1185,1306,1301,-1,1301,1306,1307,-1,1301,1307,1302,-1,1302,1307,1308,-1,1302,1308,1303,-1,1303,1308,1309,-1,1303,1309,1304,-1,1304,1309,1310,-1,1304,1310,1305,-1,1305,1310,513,-1,1305,513,1107,-1,1184,1183,1306,-1,1306,1183,1311,-1,1306,1311,1307,-1,1307,1311,1312,-1,1307,1312,1308,-1,1308,1312,1313,-1,1308,1313,1309,-1,1309,1313,1314,-1,1309,1314,1310,-1,1310,1314,1315,-1,1310,1315,513,-1,513,1315,515,-1,1183,1162,1311,-1,1311,1162,1316,-1,1311,1316,1312,-1,1312,1316,1317,-1,1312,1317,1313,-1,1313,1317,1318,-1,1313,1318,1314,-1,1314,1318,1319,-1,1314,1319,1315,-1,1315,1319,1320,-1,1315,1320,515,-1,515,1320,517,-1,1162,1161,1316,-1,1316,1161,1321,-1,1316,1321,1317,-1,1317,1321,1322,-1,1317,1322,1318,-1,1318,1322,1323,-1,1318,1323,1319,-1,1319,1323,1324,-1,1319,1324,1320,-1,1320,1324,1325,-1,1320,1325,517,-1,517,1325,519,-1,1161,1159,1321,-1,1321,1159,1326,-1,1321,1326,1322,-1,1322,1326,1327,-1,1322,1327,1323,-1,1323,1327,1328,-1,1323,1328,1324,-1,1324,1328,1329,-1,1324,1329,1325,-1,1325,1329,1330,-1,1325,1330,519,-1,519,1330,521,-1,1159,1158,1326,-1,1326,1158,1331,-1,1326,1331,1327,-1,1327,1331,1332,-1,1327,1332,1328,-1,1328,1332,1333,-1,1328,1333,1329,-1,1329,1333,1334,-1,1329,1334,1330,-1,1330,1334,1335,-1,1330,1335,521,-1,521,1335,523,-1,1158,526,1331,-1,1331,526,528,-1,1331,528,1332,-1,1332,528,557,-1,1332,557,1333,-1,1333,557,551,-1,1333,551,1334,-1,1334,551,540,-1,1334,540,1335,-1,1335,540,539,-1,1335,539,523,-1,523,539,455,-1,995,466,1336,-1,1336,466,524,-1,1336,524,1337,-1,1337,524,1338,-1,1338,524,1339,-1,1339,524,565,-1,1339,565,1340,-1,1340,565,564,-1,1340,564,1341,-1,1341,564,563,-1,1341,563,1342,-1,1342,563,537,-1,1342,537,1343,-1,1343,537,1344,-1,1344,537,536,-1,1344,536,1345,-1,1345,536,534,-1,1345,534,1346,-1,1346,534,1347,-1,1347,534,533,-1,1347,533,1348,-1,1348,533,531,-1,1348,531,1349,-1,1349,531,1350,-1,1350,531,530,-1,1350,530,1351,-1,1351,530,527,-1,1351,527,1352,-1,1352,527,526,-1,1352,526,1157,-1,1157,1156,1352,-1,1352,1156,1353,-1,1352,1353,1351,-1,1351,1353,1354,-1,1355,1346,1356,-1,1356,1346,1347,-1,1356,1347,1357,-1,1357,1347,1348,-1,1357,1348,1358,-1,1358,1348,1349,-1,1358,1349,1354,-1,1354,1349,1350,-1,1354,1350,1351,-1,1359,1343,1360,-1,1360,1343,1344,-1,1360,1344,1355,-1,1355,1344,1345,-1,1355,1345,1346,-1,1361,1340,1362,-1,1362,1340,1341,-1,1362,1341,1359,-1,1359,1341,1342,-1,1359,1342,1343,-1,995,1336,933,-1,933,1336,1337,-1,933,1337,1363,-1,1363,1337,1338,-1,1363,1338,1361,-1,1361,1338,1339,-1,1361,1339,1340,-1,572,933,582,-1,582,933,1363,-1,582,1363,583,-1,583,1363,1361,-1,583,1361,585,-1,585,1361,1362,-1,585,1362,586,-1,586,1362,587,-1,587,1362,1359,-1,587,1359,576,-1,576,1359,1360,-1,576,1360,577,-1,577,1360,1355,-1,577,1355,566,-1,566,1355,1356,-1,566,1356,567,-1,567,1356,1357,-1,567,1357,627,-1,1353,1156,607,-1,1357,1358,627,-1,627,1358,1354,-1,627,1354,611,-1,611,1354,1353,-1,611,1353,609,-1,609,1353,607,-1,679,677,599,-1,677,675,599,-1,599,675,673,-1,599,673,597,-1,597,673,672,-1,597,672,347,-1,347,672,670,-1,347,670,205,-1,679,599,680,-1,680,599,601,-1,680,601,596,-1,669,661,593,-1,669,593,668,-1,668,593,612,-1,668,612,614,-1,596,594,680,-1,680,594,593,-1,680,593,660,-1,660,593,661,-1,614,616,668,-1,668,616,618,-1,668,618,666,-1,608,607,664,-1,666,618,664,-1,664,618,619,-1,664,619,608,-1,664,1226,665,-1,665,1226,1364,-1,665,1364,635,-1,635,1364,1365,-1,635,1365,636,-1,636,1365,1366,-1,636,1366,638,-1,638,1366,1367,-1,638,1367,639,-1,639,1367,1368,-1,639,1368,657,-1,657,1368,1369,-1,657,1369,655,-1,655,1369,1370,-1,655,1370,653,-1,653,1370,1371,-1,653,1371,658,-1,658,1371,1372,-1,658,1372,652,-1,652,1372,1373,-1,652,1373,650,-1,650,1373,1374,-1,650,1374,692,-1,692,1374,862,-1,825,862,1375,-1,1375,862,1374,-1,1375,1374,1376,-1,1376,1374,1377,-1,1377,1374,1373,-1,1377,1373,1378,-1,1378,1373,1372,-1,1378,1372,1379,-1,1379,1372,1380,-1,1380,1372,1371,-1,1380,1371,1381,-1,1381,1371,1370,-1,1381,1370,1382,-1,1382,1370,1383,-1,1383,1370,1369,-1,1383,1369,1384,-1,1384,1369,1368,-1,1384,1368,1385,-1,1385,1368,1386,-1,1386,1368,1367,-1,1386,1367,1387,-1,1387,1367,1366,-1,1387,1366,1388,-1,1388,1366,1389,-1,1389,1366,1365,-1,1389,1365,1390,-1,1390,1365,1364,-1,1390,1364,1391,-1,1391,1364,1226,-1,1391,1226,1232,-1,724,1390,730,-1,730,1390,1391,-1,730,1391,1232,-1,1386,1387,719,-1,719,1387,1388,-1,719,1388,724,-1,724,1388,1389,-1,724,1389,1390,-1,1386,719,1385,-1,1385,719,713,-1,1385,713,1384,-1,1380,1381,708,-1,708,1381,1382,-1,708,1382,713,-1,713,1382,1383,-1,713,1383,1384,-1,1380,708,1379,-1,1379,708,699,-1,1379,699,1378,-1,825,1375,168,-1,168,1375,1376,-1,168,1376,699,-1,699,1376,1377,-1,699,1377,1378,-1,730,1233,729,-1,729,1233,1392,-1,729,1392,728,-1,728,1392,1393,-1,728,1393,727,-1,727,1393,1394,-1,727,1394,726,-1,726,1394,1395,-1,726,1395,725,-1,725,1395,1396,-1,725,1396,179,-1,179,1396,732,-1,1233,1234,1392,-1,1392,1234,1397,-1,1392,1397,1393,-1,1393,1397,1398,-1,1393,1398,1394,-1,1394,1398,1399,-1,1394,1399,1395,-1,1395,1399,1400,-1,1395,1400,1396,-1,1396,1400,1401,-1,1396,1401,732,-1,732,1401,734,-1,1234,1235,1397,-1,1397,1235,1402,-1,1397,1402,1398,-1,1398,1402,1403,-1,1398,1403,1399,-1,1399,1403,1404,-1,1399,1404,1400,-1,1400,1404,1405,-1,1400,1405,1401,-1,1401,1405,1406,-1,1401,1406,734,-1,734,1406,736,-1,1235,1231,1402,-1,1402,1231,1407,-1,1402,1407,1403,-1,1403,1407,1408,-1,1403,1408,1404,-1,1404,1408,1409,-1,1404,1409,1405,-1,1405,1409,1410,-1,1405,1410,1406,-1,1406,1410,1411,-1,1406,1411,736,-1,736,1411,738,-1,1231,1230,1407,-1,1407,1230,1412,-1,1407,1412,1408,-1,1408,1412,1413,-1,1408,1413,1409,-1,1409,1413,1414,-1,1409,1414,1410,-1,1410,1414,1415,-1,1410,1415,1411,-1,1411,1415,1416,-1,1411,1416,738,-1,738,1416,740,-1,1230,1247,1412,-1,1412,1247,1417,-1,1412,1417,1413,-1,1413,1417,1418,-1,1413,1418,1414,-1,1414,1418,1419,-1,1414,1419,1415,-1,1415,1419,1420,-1,1415,1420,1416,-1,1416,1420,1421,-1,1416,1421,740,-1,740,1421,742,-1,1247,1246,1422,-1,1247,1422,1417,-1,1417,1422,1423,-1,1417,1423,1418,-1,1418,1423,1424,-1,1418,1424,1419,-1,1419,1424,1425,-1,1419,1425,1420,-1,1420,1425,1426,-1,1420,1426,1421,-1,1421,1426,800,-1,1421,800,742,-1,1246,1245,1422,-1,1422,1245,1427,-1,1422,1427,1423,-1,1423,1427,1428,-1,1423,1428,1424,-1,1424,1428,1429,-1,1424,1429,1425,-1,1425,1429,1430,-1,1425,1430,1426,-1,1426,1430,1431,-1,1426,1431,800,-1,800,1431,1432,-1,1245,1223,1427,-1,1427,1223,1433,-1,1427,1433,1428,-1,1428,1433,1434,-1,1428,1434,1429,-1,1429,1434,1435,-1,1429,1435,1430,-1,1430,1435,1436,-1,1430,1436,1431,-1,1431,1436,1437,-1,1431,1437,1432,-1,1432,1437,1438,-1,1223,1222,1433,-1,1433,1222,1439,-1,1433,1439,1434,-1,1434,1439,1440,-1,1434,1440,1435,-1,1435,1440,1441,-1,1435,1441,1436,-1,1436,1441,1442,-1,1436,1442,1437,-1,1437,1442,1443,-1,1437,1443,1438,-1,1438,1443,1444,-1,1222,1244,1439,-1,1439,1244,1445,-1,1439,1445,1440,-1,1440,1445,1446,-1,1440,1446,1441,-1,1441,1446,1447,-1,1441,1447,1442,-1,1442,1447,1448,-1,1442,1448,1443,-1,1443,1448,1449,-1,1443,1449,1444,-1,1444,1449,1450,-1,1244,1243,1445,-1,1445,1243,1451,-1,1445,1451,1446,-1,1446,1451,1452,-1,1446,1452,1447,-1,1447,1452,1453,-1,1447,1453,1448,-1,1448,1453,1454,-1,1448,1454,1449,-1,1449,1454,1455,-1,1449,1455,1450,-1,1450,1455,1456,-1,1243,1242,1451,-1,1451,1242,1457,-1,1451,1457,1452,-1,1452,1457,1458,-1,1452,1458,1453,-1,1453,1458,1459,-1,1453,1459,1454,-1,1454,1459,1460,-1,1454,1460,1455,-1,1455,1460,1461,-1,1455,1461,1456,-1,1456,1461,1462,-1,1463,1464,1465,-1,1465,1464,1466,-1,1467,1468,793,-1,1468,1469,793,-1,793,1469,1470,-1,793,1470,799,-1,1467,793,1464,-1,1464,793,1471,-1,1464,1471,1472,-1,1472,1473,1464,-1,1464,1473,1474,-1,1464,1474,1466,-1,1465,1475,1476,-1,1477,1478,1465,-1,1465,1478,1479,-1,1465,1479,1463,-1,1480,1465,1481,-1,1481,1465,1476,-1,1481,1476,1482,-1,1480,1483,1465,-1,1465,1483,1484,-1,1465,1484,1477,-1,1477,1484,1485,-1,1477,1485,1486,-1,1487,1488,1489,-1,1490,1491,1492,-1,776,1493,1494,-1,1494,1493,1495,-1,1494,1495,1496,-1,1496,1495,1497,-1,1497,1495,1498,-1,1497,1498,1499,-1,1500,1501,1502,-1,1502,1501,1503,-1,1502,1503,1499,-1,1499,1503,1504,-1,1499,1504,1497,-1,1505,1506,1500,-1,1500,1506,1507,-1,1500,1507,1501,-1,1489,1508,1505,-1,1489,1505,1509,-1,1490,1492,1510,-1,1508,1489,1511,-1,1511,1489,1488,-1,1511,1488,1492,-1,1492,1488,1512,-1,1492,1512,1510,-1,1513,1514,1509,-1,1509,1514,1515,-1,1509,1515,1489,-1,1489,1515,1516,-1,1489,1516,1487,-1,1513,1509,1517,-1,1517,1509,1518,-1,1517,1518,1519,-1,1519,1518,1520,-1,1520,1518,1521,-1,1520,1521,1522,-1,1522,1521,1523,-1,1522,1523,1524,-1,1524,1523,1525,-1,1525,1523,1526,-1,1525,1526,799,-1,1493,1527,1495,-1,1495,1527,1528,-1,1495,1528,1498,-1,1498,1528,1529,-1,1498,1529,1530,-1,1505,1500,1509,-1,1509,1500,1502,-1,1509,1502,1518,-1,1518,1502,1499,-1,1518,1499,1521,-1,1521,1499,1498,-1,1521,1498,1523,-1,1523,1498,1530,-1,1523,1530,1526,-1,1165,1195,751,-1,751,1195,749,-1,801,800,805,-1,805,800,1432,-1,805,1432,802,-1,802,1432,1438,-1,802,1438,803,-1,803,1438,1444,-1,803,1444,804,-1,804,1444,1450,-1,814,813,1531,-1,1531,1532,814,-1,814,1532,1533,-1,814,1533,816,-1,817,815,1534,-1,1534,815,816,-1,1534,816,1535,-1,1535,816,1533,-1,1536,1537,806,-1,806,1537,1538,-1,806,1538,813,-1,813,1538,1539,-1,813,1539,1531,-1,806,804,1536,-1,1536,804,1450,-1,1536,1450,1540,-1,1540,1450,1456,-1,1540,1456,1541,-1,1541,1456,1462,-1,1541,1462,1542,-1,1543,1544,1545,-1,1546,1547,1548,-1,1549,1054,1550,-1,1549,1550,1551,-1,1551,1552,1553,-1,1553,1552,1554,-1,1555,1556,1557,-1,1557,1556,1558,-1,1557,1558,1559,-1,1559,1558,1560,-1,1559,1560,1554,-1,1554,1560,1561,-1,1554,1561,1553,-1,1562,1563,1557,-1,1557,1563,1564,-1,1557,1564,1555,-1,1562,1565,1566,-1,1567,1568,1569,-1,1569,1570,1567,-1,1567,1570,1571,-1,1567,1571,1566,-1,1566,1571,1572,-1,1566,1572,1562,-1,1562,1572,1573,-1,1562,1573,1563,-1,1546,1548,1574,-1,1574,1548,1575,-1,1574,1575,1576,-1,1576,1575,1577,-1,1577,1575,1578,-1,1577,1578,1579,-1,1545,1580,1581,-1,1543,1545,1582,-1,1582,1545,1581,-1,1582,1581,1101,-1,1565,1562,1547,-1,1547,1562,1557,-1,1547,1557,1548,-1,1548,1557,1559,-1,1548,1559,1575,-1,1575,1559,1554,-1,1575,1554,1578,-1,1578,1554,1552,-1,1578,1552,1583,-1,1551,1550,1552,-1,1552,1550,1584,-1,1552,1584,1583,-1,1583,1584,1585,-1,1583,1585,1586,-1,1579,1578,1544,-1,1544,1578,1583,-1,1544,1583,1545,-1,1545,1583,1586,-1,1545,1586,1580,-1,1587,1588,1589,-1,1588,1590,1591,-1,1590,1592,1593,-1,1592,1594,1595,-1,1594,1596,1597,-1,1596,817,1534,-1,1596,1534,1597,-1,1597,1534,1535,-1,1597,1535,1598,-1,1535,1533,1598,-1,1598,1533,1532,-1,1598,1532,1599,-1,1532,1531,1599,-1,1599,1531,1539,-1,1599,1539,1600,-1,1600,1539,1538,-1,1600,1538,1601,-1,1538,1537,1601,-1,1601,1537,1536,-1,1601,1536,1602,-1,1602,1536,1540,-1,1540,1541,1602,-1,1602,1541,1542,-1,1602,1542,1603,-1,1594,1597,1595,-1,1595,1597,1598,-1,1595,1598,1604,-1,1604,1598,1599,-1,1604,1599,1605,-1,1605,1599,1600,-1,1605,1600,1606,-1,1606,1600,1601,-1,1606,1601,1607,-1,1607,1601,1602,-1,1607,1602,1608,-1,1608,1602,1603,-1,1608,1603,1609,-1,1592,1595,1593,-1,1593,1595,1604,-1,1593,1604,1610,-1,1610,1604,1605,-1,1610,1605,1611,-1,1611,1605,1606,-1,1611,1606,1612,-1,1612,1606,1607,-1,1612,1607,1613,-1,1613,1607,1608,-1,1613,1608,1614,-1,1614,1608,1609,-1,1614,1609,1615,-1,1590,1593,1591,-1,1591,1593,1610,-1,1591,1610,1616,-1,1616,1610,1611,-1,1616,1611,1617,-1,1617,1611,1612,-1,1617,1612,1618,-1,1618,1612,1613,-1,1618,1613,1619,-1,1619,1613,1614,-1,1619,1614,1620,-1,1620,1614,1615,-1,1620,1615,1621,-1,1588,1591,1589,-1,1589,1591,1616,-1,1589,1616,1622,-1,1622,1616,1617,-1,1622,1617,1623,-1,1623,1617,1618,-1,1623,1618,1624,-1,1624,1618,1619,-1,1624,1619,1625,-1,1625,1619,1620,-1,1625,1620,1626,-1,1626,1620,1621,-1,1626,1621,1627,-1,1587,1589,1628,-1,1628,1589,1622,-1,1628,1622,1629,-1,1629,1622,1623,-1,1629,1623,1630,-1,1630,1623,1624,-1,1630,1624,1631,-1,1631,1624,1625,-1,1631,1625,1632,-1,1632,1625,1626,-1,1632,1626,1633,-1,1633,1626,1627,-1,1633,1627,1634,-1,1587,1635,1636,-1,1587,1636,1588,-1,1588,1636,1637,-1,1588,1637,1590,-1,1590,1637,1638,-1,1590,1638,1592,-1,1592,1638,1639,-1,1592,1639,1594,-1,1594,1639,1640,-1,1594,1640,1596,-1,1596,1640,818,-1,1596,818,817,-1,196,819,861,-1,861,819,1641,-1,861,1641,860,-1,860,1641,1642,-1,860,1642,859,-1,859,1642,1643,-1,859,1643,858,-1,858,1643,1644,-1,858,1644,857,-1,857,1644,1645,-1,857,1645,826,-1,826,1645,1646,-1,819,820,1641,-1,1641,820,1647,-1,1641,1647,1642,-1,1642,1647,1648,-1,1642,1648,1643,-1,1643,1648,1649,-1,1643,1649,1644,-1,1644,1649,1650,-1,1644,1650,1645,-1,1645,1650,1651,-1,1645,1651,1646,-1,1646,1651,1652,-1,820,821,1647,-1,1647,821,1653,-1,1647,1653,1648,-1,1648,1653,1654,-1,1648,1654,1649,-1,1649,1654,1655,-1,1649,1655,1650,-1,1650,1655,1656,-1,1650,1656,1651,-1,1651,1656,1657,-1,1651,1657,1652,-1,1652,1657,1658,-1,821,822,1653,-1,1653,822,1659,-1,1653,1659,1654,-1,1654,1659,1660,-1,1654,1660,1655,-1,1655,1660,1661,-1,1655,1661,1656,-1,1656,1661,1662,-1,1656,1662,1657,-1,1657,1662,1663,-1,1657,1663,1658,-1,1658,1663,1664,-1,822,823,1659,-1,1659,823,1665,-1,1659,1665,1660,-1,1660,1665,1666,-1,1660,1666,1661,-1,1661,1666,1667,-1,1661,1667,1662,-1,1662,1667,1668,-1,1662,1668,1663,-1,1663,1668,1669,-1,1663,1669,1664,-1,1664,1669,1670,-1,823,818,1665,-1,1665,818,1640,-1,1665,1640,1666,-1,1666,1640,1639,-1,1666,1639,1667,-1,1667,1639,1638,-1,1667,1638,1668,-1,1668,1638,1637,-1,1668,1637,1669,-1,1669,1637,1636,-1,1669,1636,1670,-1,1670,1636,1635,-1,824,183,1671,-1,1671,183,836,-1,1671,836,1672,-1,1672,836,1673,-1,1673,836,841,-1,1673,841,1674,-1,1674,841,1675,-1,1675,841,842,-1,1675,842,1676,-1,1676,842,1677,-1,1677,842,843,-1,1677,843,1678,-1,1678,843,1679,-1,1679,843,827,-1,1679,827,1680,-1,1680,827,1681,-1,1681,827,826,-1,1681,826,1682,-1,863,824,1683,-1,1683,824,1671,-1,1683,1671,1684,-1,1684,1671,1672,-1,1684,1672,1685,-1,1685,1672,1673,-1,1685,1673,1686,-1,1686,1673,1674,-1,1686,1674,1687,-1,1687,1674,1675,-1,1687,1675,1688,-1,1688,1675,1676,-1,1688,1676,1689,-1,1689,1676,1677,-1,1689,1677,1690,-1,1690,1677,1678,-1,1690,1678,1691,-1,1691,1678,1679,-1,1691,1679,1692,-1,1692,1679,1680,-1,1692,1680,1693,-1,1693,1680,1681,-1,1693,1681,1694,-1,1694,1681,1682,-1,1694,906,908,-1,1694,908,1693,-1,1693,908,910,-1,1693,910,1692,-1,1692,910,927,-1,1692,927,1691,-1,1691,927,1690,-1,1690,927,870,-1,1690,870,1689,-1,1689,870,869,-1,1689,869,1688,-1,1688,869,877,-1,1688,877,1687,-1,1687,877,876,-1,1687,876,1686,-1,1686,876,887,-1,1686,887,1685,-1,865,863,882,-1,882,863,1683,-1,882,1683,883,-1,883,1683,1684,-1,883,1684,885,-1,885,1684,1685,-1,885,1685,886,-1,886,1685,887,-1,907,906,967,-1,969,971,912,-1,969,912,967,-1,967,912,911,-1,967,911,907,-1,972,919,971,-1,971,919,918,-1,918,916,971,-1,971,916,914,-1,971,914,912,-1,972,964,919,-1,919,964,963,-1,919,963,983,-1,900,895,983,-1,983,895,894,-1,983,894,919,-1,900,983,898,-1,898,983,982,-1,898,982,980,-1,980,978,898,-1,898,978,976,-1,898,976,896,-1,896,976,975,-1,896,975,272,-1,272,975,973,-1,272,973,422,-1,967,1695,968,-1,968,1695,1696,-1,968,1696,938,-1,938,1696,1697,-1,938,1697,939,-1,939,1697,1698,-1,939,1698,941,-1,941,1698,1699,-1,941,1699,942,-1,942,1699,1700,-1,942,1700,960,-1,960,1700,1701,-1,960,1701,958,-1,958,1701,1702,-1,958,1702,956,-1,956,1702,1703,-1,956,1703,961,-1,961,1703,1704,-1,961,1704,955,-1,955,1704,1705,-1,955,1705,953,-1,953,1705,1706,-1,953,1706,934,-1,934,1706,932,-1,1707,1708,1698,-1,932,1706,996,-1,996,1706,1709,-1,1702,1710,1703,-1,1703,1710,1711,-1,1703,1711,1704,-1,1711,1712,1704,-1,1704,1712,1713,-1,1704,1713,1705,-1,1705,1713,1714,-1,1705,1714,1706,-1,1706,1714,1715,-1,1706,1715,1709,-1,1698,1708,1699,-1,1699,1708,1716,-1,1699,1716,1700,-1,1716,1717,1700,-1,1700,1717,1718,-1,1700,1718,1701,-1,1701,1718,1719,-1,1701,1719,1702,-1,1702,1719,1720,-1,1702,1720,1710,-1,1707,1698,1721,-1,1721,1698,1697,-1,1721,1697,1722,-1,1722,1697,1696,-1,1722,1696,1723,-1,1723,1696,1695,-1,1723,1695,1724,-1,1723,1724,1027,-1,1716,1708,1029,-1,1029,1708,1707,-1,1029,1707,1028,-1,1028,1707,1721,-1,1028,1721,1027,-1,1027,1721,1722,-1,1027,1722,1723,-1,1716,1029,1717,-1,1717,1029,1030,-1,1717,1030,1718,-1,1711,1710,1031,-1,1031,1710,1720,-1,1031,1720,1030,-1,1030,1720,1719,-1,1030,1719,1718,-1,1711,1031,1712,-1,1712,1031,1032,-1,1712,1032,1713,-1,996,1709,481,-1,481,1709,1715,-1,481,1715,1032,-1,1032,1715,1714,-1,1032,1714,1713,-1,997,999,1725,-1,1725,999,1726,-1,1725,1726,1727,-1,1727,1726,1728,-1,1727,1728,1729,-1,1729,1728,1730,-1,1729,1730,1731,-1,1731,1730,1732,-1,1731,1732,1733,-1,1733,1732,1734,-1,1733,1734,1735,-1,1735,1734,1736,-1,999,1001,1726,-1,1726,1001,1737,-1,1726,1737,1728,-1,1728,1737,1738,-1,1728,1738,1730,-1,1730,1738,1739,-1,1730,1739,1732,-1,1732,1739,1740,-1,1732,1740,1734,-1,1734,1740,1741,-1,1734,1741,1736,-1,1736,1741,1742,-1,1001,1003,1737,-1,1737,1003,1743,-1,1737,1743,1738,-1,1738,1743,1744,-1,1738,1744,1739,-1,1739,1744,1745,-1,1739,1745,1740,-1,1740,1745,1746,-1,1740,1746,1741,-1,1741,1746,1747,-1,1741,1747,1742,-1,1742,1747,1748,-1,1003,1005,1743,-1,1743,1005,1749,-1,1743,1749,1744,-1,1744,1749,1750,-1,1744,1750,1745,-1,1745,1750,1751,-1,1745,1751,1746,-1,1746,1751,1752,-1,1746,1752,1747,-1,1747,1752,1753,-1,1747,1753,1748,-1,1748,1753,1754,-1,1005,1007,1749,-1,1749,1007,1755,-1,1749,1755,1750,-1,1750,1755,1756,-1,1750,1756,1751,-1,1751,1756,1757,-1,1751,1757,1752,-1,1752,1757,1758,-1,1752,1758,1753,-1,1753,1758,1759,-1,1753,1759,1754,-1,1754,1759,1760,-1,1007,468,1755,-1,1755,468,1034,-1,1755,1034,1756,-1,1756,1034,1033,-1,1756,1033,1757,-1,1757,1033,1021,-1,1757,1021,1758,-1,1758,1021,1010,-1,1758,1010,1759,-1,1759,1010,1009,-1,1759,1009,1760,-1,1760,1009,1027,-1,1735,1761,1762,-1,1735,1762,1733,-1,1733,1762,1763,-1,1733,1763,1731,-1,1731,1763,1764,-1,1731,1764,1729,-1,1729,1764,1765,-1,1729,1765,1727,-1,1727,1765,1766,-1,1727,1766,1725,-1,1725,1766,1109,-1,1725,1109,997,-1,1767,1768,1769,-1,1769,1768,1770,-1,1769,1770,1771,-1,1771,1770,1772,-1,1771,1772,1773,-1,1773,1772,1774,-1,1773,1774,1775,-1,1775,1774,1776,-1,1775,1776,1777,-1,1777,1776,1778,-1,1777,1778,1779,-1,1779,1778,1780,-1,1768,1781,1770,-1,1770,1781,1782,-1,1770,1782,1772,-1,1772,1782,1783,-1,1772,1783,1774,-1,1774,1783,1784,-1,1774,1784,1776,-1,1776,1784,1785,-1,1776,1785,1778,-1,1778,1785,1786,-1,1778,1786,1780,-1,1780,1786,1787,-1,1781,1788,1782,-1,1782,1788,1789,-1,1782,1789,1783,-1,1783,1789,1790,-1,1783,1790,1784,-1,1784,1790,1791,-1,1784,1791,1785,-1,1785,1791,1792,-1,1785,1792,1786,-1,1786,1792,1793,-1,1786,1793,1787,-1,1787,1793,1794,-1,1788,1795,1789,-1,1789,1795,1796,-1,1789,1796,1790,-1,1790,1796,1797,-1,1790,1797,1791,-1,1791,1797,1798,-1,1791,1798,1792,-1,1792,1798,1799,-1,1792,1799,1793,-1,1793,1799,1800,-1,1793,1800,1794,-1,1794,1800,1801,-1,1795,1802,1796,-1,1796,1802,1803,-1,1796,1803,1797,-1,1797,1803,1804,-1,1797,1804,1798,-1,1798,1804,1805,-1,1798,1805,1799,-1,1799,1805,1806,-1,1799,1806,1800,-1,1800,1806,1807,-1,1800,1807,1801,-1,1801,1807,1808,-1,1802,1109,1803,-1,1803,1109,1766,-1,1803,1766,1804,-1,1804,1766,1765,-1,1804,1765,1805,-1,1805,1765,1764,-1,1805,1764,1806,-1,1806,1764,1763,-1,1806,1763,1807,-1,1807,1763,1762,-1,1807,1762,1808,-1,1808,1762,1761,-1,1809,1810,1811,-1,1811,1810,1812,-1,1813,1814,1054,-1,1814,1815,1054,-1,1054,1815,1816,-1,1054,1816,1065,-1,1813,1054,1810,-1,1810,1054,1817,-1,1810,1817,1818,-1,1818,1819,1810,-1,1810,1819,1820,-1,1810,1820,1812,-1,1811,1821,1822,-1,1823,1824,1811,-1,1811,1824,1825,-1,1811,1825,1809,-1,1826,1811,1827,-1,1827,1811,1822,-1,1827,1822,1828,-1,1826,1829,1811,-1,1811,1829,1830,-1,1811,1830,1823,-1,1823,1830,1831,-1,1823,1831,1832,-1,1833,1834,1835,-1,1836,1837,1838,-1,1839,1840,1841,-1,1073,1839,1842,-1,1842,1839,1841,-1,1842,1841,1843,-1,1843,1841,1844,-1,1845,1846,1847,-1,1847,1846,1848,-1,1847,1848,1849,-1,1850,1851,1845,-1,1845,1851,1852,-1,1845,1852,1846,-1,1834,1853,1850,-1,1834,1850,1854,-1,1836,1838,1855,-1,1853,1834,1856,-1,1856,1834,1833,-1,1856,1833,1838,-1,1838,1833,1857,-1,1838,1857,1855,-1,1835,1834,1858,-1,1858,1834,1854,-1,1858,1854,1859,-1,1859,1854,1860,-1,1860,1854,1861,-1,1860,1861,1862,-1,1862,1861,1863,-1,1862,1863,1864,-1,1864,1863,1865,-1,1865,1863,1866,-1,1865,1866,1867,-1,1867,1866,1868,-1,1868,1866,1869,-1,1868,1869,1065,-1,1870,1871,1872,-1,1872,1871,1873,-1,1850,1845,1854,-1,1854,1845,1847,-1,1854,1847,1861,-1,1861,1847,1849,-1,1861,1849,1863,-1,1863,1849,1872,-1,1863,1872,1866,-1,1866,1872,1873,-1,1866,1873,1869,-1,1840,1870,1841,-1,1841,1870,1872,-1,1841,1872,1844,-1,1844,1872,1849,-1,1844,1849,1874,-1,1874,1849,1848,-1,1274,1103,1102,-1,1274,1273,1103,-1,1103,1273,1252,-1,1103,1252,1104,-1,1252,1251,1104,-1,1104,1251,1249,-1,1104,1249,1106,-1,1107,1105,1294,-1,1294,1105,1106,-1,1294,1106,1248,-1,1248,1106,1249,-1,1108,1109,1113,-1,1113,1109,1802,-1,1113,1802,1110,-1,1110,1802,1795,-1,1110,1795,1111,-1,1111,1795,1788,-1,1111,1788,1112,-1,1282,1781,1283,-1,1283,1781,1768,-1,1283,1768,1272,-1,1272,1768,1767,-1,1272,1767,1271,-1,1788,1781,1112,-1,1112,1781,1282,-1,1112,1282,1102,-1,1102,1282,1281,-1,1102,1281,1274,-1,1172,1194,1875,-1,1875,1194,1266,-1,1875,1266,1876,-1,1876,1266,1877,-1,1877,1266,1267,-1,1877,1267,1878,-1,1878,1267,1879,-1,1879,1267,1268,-1,1879,1268,1880,-1,1880,1268,1881,-1,1881,1268,1269,-1,1881,1269,1882,-1,1882,1269,1883,-1,1883,1269,1270,-1,1883,1270,1884,-1,1884,1270,1885,-1,1885,1270,1271,-1,1885,1271,1886,-1,1887,1121,1120,-1,1173,1887,1888,-1,1888,1887,1120,-1,1888,1120,1889,-1,1120,1125,1889,-1,1889,1125,1124,-1,1889,1124,1890,-1,1890,1124,1118,-1,1890,1118,1891,-1,1118,1117,1891,-1,1891,1117,1126,-1,1891,1126,1892,-1,1892,1126,1128,-1,1892,1128,1893,-1,1893,1128,1188,-1,1188,1128,1129,-1,1188,1129,1894,-1,1129,1131,1894,-1,1894,1131,1115,-1,1894,1115,1895,-1,1895,1115,1114,-1,749,1195,1134,-1,1134,1195,1896,-1,1134,1896,1114,-1,1114,1896,1897,-1,1114,1897,1895,-1,1898,1899,1900,-1,1137,1152,1901,-1,1151,1141,1902,-1,1903,1904,1905,-1,1906,1907,1908,-1,1909,1910,1911,-1,793,1135,1912,-1,1913,1472,1471,-1,1472,1913,1914,-1,1915,1916,1917,-1,1917,1916,1476,-1,1476,1916,1482,-1,1482,1916,1900,-1,1482,1900,1481,-1,1481,1900,1480,-1,1480,1900,1899,-1,1480,1899,1483,-1,1918,1919,1920,-1,1920,1919,1921,-1,1920,1921,1922,-1,1919,1909,1921,-1,1921,1909,1911,-1,1921,1911,1923,-1,1924,1925,1926,-1,1926,1925,1923,-1,1926,1923,1927,-1,1927,1923,1911,-1,1925,1928,1923,-1,1923,1928,1929,-1,1923,1929,1921,-1,1921,1929,1930,-1,1921,1930,1922,-1,1139,1138,1931,-1,1931,1138,1147,-1,1931,1147,1932,-1,1908,1907,1905,-1,1905,1907,1933,-1,1905,1933,1903,-1,1934,1935,1936,-1,1936,1935,1937,-1,1938,1939,1933,-1,1933,1939,1940,-1,1933,1940,1903,-1,1941,1938,1942,-1,1942,1938,1933,-1,1942,1933,1943,-1,1943,1933,1907,-1,1943,1907,1944,-1,1944,1907,1906,-1,1944,1906,1945,-1,1145,1144,1946,-1,1932,1147,1946,-1,1946,1147,1146,-1,1946,1146,1145,-1,1917,1465,1915,-1,1915,1465,1947,-1,1915,1947,1948,-1,1948,1947,1474,-1,1948,1474,1949,-1,1949,1474,1914,-1,1949,1914,1950,-1,1950,1914,1913,-1,1950,1913,1912,-1,1912,1913,1471,-1,1912,1471,793,-1,1152,1151,1901,-1,1901,1151,1902,-1,1901,1902,1951,-1,1951,1902,1945,-1,1951,1945,1952,-1,1952,1945,1906,-1,1952,1906,1953,-1,1953,1906,1908,-1,1953,1908,1954,-1,1144,1143,1946,-1,1946,1143,1122,-1,1946,1122,1936,-1,1936,1122,1121,-1,1936,1121,1934,-1,1927,1954,1926,-1,1926,1954,1908,-1,1926,1908,1924,-1,1924,1908,1905,-1,1924,1905,1955,-1,1955,1905,1904,-1,1141,1139,1902,-1,1902,1139,1931,-1,1902,1931,1945,-1,1945,1931,1932,-1,1945,1932,1944,-1,1944,1932,1946,-1,1944,1946,1943,-1,1943,1946,1936,-1,1943,1936,1942,-1,1942,1936,1937,-1,1942,1937,1941,-1,1135,1137,1912,-1,1912,1137,1901,-1,1912,1901,1950,-1,1950,1901,1951,-1,1950,1951,1949,-1,1949,1951,1952,-1,1949,1952,1948,-1,1948,1952,1953,-1,1948,1953,1915,-1,1915,1953,1954,-1,1915,1954,1916,-1,1916,1954,1927,-1,1916,1927,1900,-1,1900,1927,1911,-1,1900,1911,1898,-1,1898,1911,1910,-1,1918,1956,1919,-1,1919,1956,1957,-1,1919,1957,1909,-1,1909,1957,1958,-1,1909,1958,1910,-1,1910,1958,1959,-1,1910,1959,1898,-1,1898,1959,1960,-1,1898,1960,1899,-1,1899,1960,1961,-1,1899,1961,1483,-1,1483,1961,1484,-1,1962,1963,1460,-1,1964,1462,1965,-1,1965,1462,1461,-1,1965,1461,1966,-1,1460,1963,1461,-1,1461,1963,1967,-1,1461,1967,1966,-1,1459,1458,1968,-1,1968,1969,1459,-1,1459,1969,1970,-1,1459,1970,1460,-1,1460,1970,1971,-1,1460,1971,1962,-1,1457,1242,1229,-1,1229,1972,1457,-1,1457,1972,1973,-1,1457,1973,1458,-1,1458,1973,1974,-1,1458,1974,1968,-1,1960,1959,1975,-1,1976,1977,1978,-1,1517,1519,1979,-1,1520,1522,1980,-1,1524,1525,1981,-1,1958,1957,1982,-1,1983,1984,1985,-1,1486,1485,1986,-1,1986,1485,1484,-1,1986,1484,1961,-1,1486,1986,1477,-1,1477,1986,1987,-1,1477,1987,1988,-1,1988,1987,1989,-1,1988,1989,1479,-1,1479,1989,1990,-1,1990,1989,1991,-1,1990,1991,1464,-1,1464,1991,1992,-1,1992,1991,1993,-1,1992,1993,1468,-1,1469,1994,1470,-1,1470,1994,1981,-1,1470,1981,799,-1,799,1981,1525,-1,1488,1487,1995,-1,1995,1487,1516,-1,1510,1512,1985,-1,1985,1512,1488,-1,1984,1491,1985,-1,1985,1491,1490,-1,1985,1490,1510,-1,1996,1997,1998,-1,1998,1997,1999,-1,1998,1999,2000,-1,2000,1999,2001,-1,2000,2001,2002,-1,1488,1995,1985,-1,1985,1995,2003,-1,1985,2003,2004,-1,2004,2003,2005,-1,2004,2005,1978,-1,1977,2006,1978,-1,1978,2006,2007,-1,1978,2007,2004,-1,2004,2007,2008,-1,2004,2008,1985,-1,1985,2008,2009,-1,1985,2009,1983,-1,2010,2011,2012,-1,2012,2011,2013,-1,2012,2013,2014,-1,2015,2016,2017,-1,2017,2016,1982,-1,2017,1982,2018,-1,2015,2019,2016,-1,2016,2019,2020,-1,2016,2020,2011,-1,2011,2020,2021,-1,2011,2021,2013,-1,1959,1958,1975,-1,1975,1958,1982,-1,1975,1982,2022,-1,2022,1982,2016,-1,2022,2016,2023,-1,2023,2016,2011,-1,2023,2011,1996,-1,1996,2011,2010,-1,1996,2010,1997,-1,1994,2024,1981,-1,1981,2024,1980,-1,1981,1980,1524,-1,1524,1980,1522,-1,2001,1515,2002,-1,2002,1515,1514,-1,2002,1514,1513,-1,1469,1468,1994,-1,1994,1468,1993,-1,1994,1993,2024,-1,2024,1993,2025,-1,2024,2025,1980,-1,1980,2025,1979,-1,1980,1979,1520,-1,1520,1979,1519,-1,1957,1956,1982,-1,1982,1956,2026,-1,1982,2026,2018,-1,2014,1976,2012,-1,2012,1976,1978,-1,2012,1978,2010,-1,2010,1978,2005,-1,2010,2005,1997,-1,1997,2005,2003,-1,1997,2003,1999,-1,1999,2003,1995,-1,1999,1995,2001,-1,2001,1995,1516,-1,2001,1516,1515,-1,1961,1960,1986,-1,1986,1960,1975,-1,1986,1975,1987,-1,1987,1975,2022,-1,1987,2022,1989,-1,1989,2022,2023,-1,1989,2023,1991,-1,1991,2023,1996,-1,1991,1996,1993,-1,1993,1996,1998,-1,1993,1998,2025,-1,2025,1998,2000,-1,2025,2000,1979,-1,1979,2000,2002,-1,1979,2002,1517,-1,1517,2002,1513,-1,2027,2028,1497,-1,1497,2028,2029,-1,1497,2029,1496,-1,1496,2029,2030,-1,1496,2030,1494,-1,1494,2030,1239,-1,1494,1239,776,-1,1497,1504,2027,-1,2027,1504,1503,-1,2027,1503,1236,-1,1236,1503,1501,-1,1236,1501,2031,-1,2031,1501,2032,-1,2032,1501,1507,-1,2032,1507,2033,-1,2033,1507,1506,-1,2033,1506,2034,-1,1506,1505,2034,-1,2034,1505,1508,-1,2034,1508,2035,-1,2035,1508,1511,-1,2035,1511,1227,-1,1227,1511,1492,-1,1492,1491,1227,-1,1227,1491,2036,-1,1227,2036,1228,-1,2037,2038,1542,-1,1964,2039,1462,-1,1462,2039,2040,-1,1462,2040,1542,-1,1542,2040,2041,-1,1542,2041,2037,-1,2042,1634,2043,-1,2043,1634,1627,-1,2043,1627,2044,-1,2044,1627,2045,-1,2045,1627,1621,-1,2045,1621,2046,-1,2046,1621,2047,-1,2047,1621,1615,-1,2047,1615,2048,-1,2048,1615,2049,-1,2049,1615,1609,-1,2049,1609,2050,-1,2050,1609,2051,-1,2051,1609,1603,-1,2051,1603,2052,-1,2052,1603,2053,-1,2053,1603,1542,-1,2053,1542,2038,-1,2054,1568,1567,-1,2055,2054,2056,-1,2056,2054,1567,-1,2056,1567,2057,-1,1567,1566,2057,-1,2057,1566,1565,-1,2057,1565,2058,-1,2058,1565,1547,-1,2058,1547,2059,-1,1547,1546,2059,-1,2059,1546,1574,-1,2059,1574,2060,-1,2060,1574,1576,-1,2060,1576,2061,-1,2061,1576,2062,-1,2062,1576,1577,-1,2062,1577,2063,-1,1577,1579,2063,-1,2063,1579,1544,-1,2063,1544,2064,-1,2064,1544,1543,-1,1101,2065,1582,-1,1582,2065,2066,-1,1582,2066,1543,-1,1543,2066,2067,-1,1543,2067,2064,-1,2068,2069,2070,-1,2071,2072,2073,-1,2074,2075,2076,-1,2077,2078,2079,-1,2080,1818,1817,-1,1818,2080,2081,-1,2082,2083,2084,-1,2084,2083,1822,-1,1822,2083,1828,-1,1828,2083,2070,-1,1828,2070,1827,-1,1827,2070,1826,-1,1826,2070,2069,-1,1826,2069,1829,-1,2085,2086,2087,-1,2087,2086,2088,-1,2087,2088,2089,-1,2086,2077,2088,-1,2088,2077,2079,-1,2088,2079,2090,-1,2091,2092,2093,-1,2093,2092,2090,-1,2093,2090,2094,-1,2094,2090,2079,-1,2092,2095,2090,-1,2090,2095,2096,-1,2090,2096,2088,-1,2088,2096,2097,-1,2088,2097,2089,-1,1563,2098,1564,-1,1564,2098,2099,-1,1564,2099,1555,-1,1555,2099,1556,-1,2076,2075,2073,-1,2073,2075,2100,-1,2073,2100,2071,-1,2101,2102,2103,-1,2103,2102,2104,-1,2105,2106,2100,-1,2100,2106,2107,-1,2100,2107,2071,-1,2108,2105,2109,-1,2109,2105,2100,-1,2109,2100,2110,-1,2110,2100,2075,-1,2110,2075,2111,-1,2111,2075,2074,-1,2111,2074,2112,-1,1571,2113,1572,-1,1572,2113,2098,-1,1572,2098,1573,-1,1573,2098,1563,-1,2084,1811,2082,-1,2082,1811,2114,-1,2082,2114,2115,-1,2115,2114,1820,-1,2115,1820,2116,-1,2116,1820,2081,-1,2116,2081,2117,-1,2117,2081,2080,-1,2117,2080,2118,-1,2118,2080,1817,-1,2118,1817,1054,-1,2119,1560,2120,-1,2120,1560,1558,-1,2119,2120,2121,-1,2121,2120,2112,-1,2121,2112,2122,-1,2122,2112,2074,-1,2122,2074,2123,-1,2123,2074,2076,-1,2123,2076,2124,-1,1549,1551,2119,-1,1551,1553,2119,-1,2119,1553,1561,-1,2119,1561,1560,-1,1571,1570,2113,-1,2113,1570,1569,-1,2113,1569,2103,-1,2103,1569,1568,-1,2103,1568,2101,-1,2094,2124,2093,-1,2093,2124,2076,-1,2093,2076,2091,-1,2091,2076,2073,-1,2091,2073,2125,-1,2125,2073,2072,-1,1558,1556,2120,-1,2120,1556,2099,-1,2120,2099,2112,-1,2112,2099,2098,-1,2112,2098,2111,-1,2111,2098,2113,-1,2111,2113,2110,-1,2110,2113,2103,-1,2110,2103,2109,-1,2109,2103,2104,-1,2109,2104,2108,-1,1054,1549,2118,-1,2118,1549,2119,-1,2118,2119,2117,-1,2117,2119,2121,-1,2117,2121,2116,-1,2116,2121,2122,-1,2116,2122,2115,-1,2115,2122,2123,-1,2115,2123,2082,-1,2082,2123,2124,-1,2082,2124,2083,-1,2083,2124,2094,-1,2083,2094,2070,-1,2070,2094,2079,-1,2070,2079,2068,-1,2068,2079,2078,-1,1830,1829,2126,-1,2126,1829,2069,-1,2126,2069,2127,-1,2127,2069,2068,-1,2127,2068,2128,-1,2128,2068,2078,-1,2128,2078,2129,-1,2129,2078,2077,-1,2129,2077,2130,-1,2130,2077,2086,-1,2130,2086,2131,-1,2131,2086,2085,-1,2085,2132,2131,-1,2131,2132,2133,-1,2134,2135,1771,-1,2136,1767,2137,-1,2137,1767,1769,-1,2137,1769,2138,-1,1771,2135,1769,-1,1769,2135,2139,-1,1769,2139,2138,-1,1773,1775,2140,-1,2140,2141,1773,-1,1773,2141,2142,-1,1773,2142,1771,-1,1771,2142,2143,-1,1771,2143,2134,-1,1777,1779,2144,-1,2144,2145,1777,-1,1777,2145,2146,-1,1777,2146,1775,-1,1775,2146,2147,-1,1775,2147,2140,-1,2127,2128,2148,-1,2149,2150,2151,-1,1860,1862,2152,-1,1864,1865,2153,-1,1867,1868,2154,-1,2129,2130,2155,-1,1836,1855,2156,-1,1832,1831,2157,-1,2157,1831,1830,-1,2157,1830,2126,-1,1832,2157,1823,-1,1823,2157,2158,-1,1823,2158,2159,-1,2159,2158,2160,-1,2159,2160,1825,-1,1825,2160,2161,-1,2161,2160,2162,-1,2161,2162,1810,-1,1810,2162,2163,-1,2163,2162,2164,-1,2163,2164,1814,-1,1815,2165,1816,-1,1816,2165,2154,-1,1816,2154,1065,-1,1065,2154,1868,-1,1855,1857,2156,-1,2156,1857,1833,-1,2156,1833,1835,-1,2166,2167,2168,-1,2168,2167,1837,-1,2168,1837,1836,-1,2169,2170,2171,-1,2171,2170,2172,-1,2171,2172,2173,-1,2173,2172,2174,-1,2173,2174,2175,-1,2175,2174,1858,-1,2175,1858,1859,-1,1836,2156,2168,-1,2168,2156,2176,-1,2168,2176,2177,-1,2177,2176,2178,-1,2177,2178,2151,-1,2150,2179,2151,-1,2151,2179,2180,-1,2151,2180,2177,-1,2177,2180,2181,-1,2177,2181,2168,-1,2168,2181,2182,-1,2168,2182,2166,-1,2183,2184,2185,-1,2185,2184,2186,-1,2185,2186,2187,-1,2188,2189,2190,-1,2190,2189,2155,-1,2190,2155,2191,-1,2188,2192,2189,-1,2189,2192,2193,-1,2189,2193,2184,-1,2184,2193,2194,-1,2184,2194,2186,-1,2128,2129,2148,-1,2148,2129,2155,-1,2148,2155,2195,-1,2195,2155,2189,-1,2195,2189,2196,-1,2196,2189,2184,-1,2196,2184,2169,-1,2169,2184,2183,-1,2169,2183,2170,-1,2165,2197,2154,-1,2154,2197,2153,-1,2154,2153,1867,-1,1867,2153,1865,-1,1815,1814,2165,-1,2165,1814,2164,-1,2165,2164,2197,-1,2197,2164,2198,-1,2197,2198,2153,-1,2153,2198,2152,-1,2153,2152,1864,-1,1864,2152,1862,-1,2130,2131,2155,-1,2155,2131,2199,-1,2155,2199,2191,-1,2187,2149,2185,-1,2185,2149,2151,-1,2185,2151,2183,-1,2183,2151,2178,-1,2183,2178,2170,-1,2170,2178,2176,-1,2170,2176,2172,-1,2172,2176,2156,-1,2172,2156,2174,-1,2174,2156,1835,-1,2174,1835,1858,-1,2126,2127,2157,-1,2157,2127,2148,-1,2157,2148,2158,-1,2158,2148,2195,-1,2158,2195,2160,-1,2160,2195,2196,-1,2160,2196,2162,-1,2162,2196,2169,-1,2162,2169,2164,-1,2164,2169,2171,-1,2164,2171,2198,-1,2198,2171,2173,-1,2198,2173,2152,-1,2152,2173,2175,-1,2152,2175,1860,-1,1860,2175,1859,-1,2200,2201,1844,-1,1844,2201,2202,-1,1844,2202,1843,-1,1843,2202,2203,-1,1843,2203,1842,-1,1842,2203,2204,-1,1842,2204,1073,-1,1844,1874,2200,-1,2200,1874,1848,-1,2200,1848,2205,-1,2205,1848,1846,-1,2205,1846,2206,-1,2206,1846,2207,-1,2207,1846,1852,-1,2207,1852,2208,-1,1852,1851,2208,-1,2208,1851,1850,-1,2208,1850,2209,-1,2209,1850,1853,-1,2209,1853,2210,-1,2210,1853,1856,-1,2210,1856,2211,-1,2211,1856,1838,-1,1838,1837,2211,-1,2211,1837,2212,-1,2211,2212,2213,-1,2214,1886,1271,-1,2136,2215,1767,-1,1767,2215,2216,-1,1767,2216,1271,-1,1271,2216,2217,-1,1271,2217,2214,-1,2218,2219,2217,-1,2217,2219,2214,-1,2220,1878,2219,-1,2221,1876,1172,-1,1172,1876,1173,-1,2222,1887,2223,-1,2223,1887,1173,-1,2223,1173,2219,-1,2219,1173,1876,-1,2219,1876,2220,-1,1878,2224,2219,-1,2219,2224,1880,-1,2219,1880,1881,-1,1881,1882,2219,-1,2219,1882,2225,-1,2219,2225,1884,-1,1884,2226,2219,-1,2219,2226,1886,-1,2219,1886,2214,-1,1938,2227,1939,-1,1939,2227,2228,-1,1121,1887,1934,-1,1934,1887,2222,-1,1934,2222,1935,-1,1935,2222,2229,-1,1935,2229,1937,-1,1937,2229,2227,-1,1937,2227,1941,-1,1941,2227,1938,-1,2228,2230,1939,-1,1939,2230,2231,-1,1939,2231,1940,-1,1940,2231,1903,-1,1928,2232,1929,-1,1929,2232,2233,-1,1929,2233,1930,-1,1930,2233,2234,-1,1930,2234,1922,-1,1928,1925,2232,-1,2232,1925,1924,-1,2232,1924,2235,-1,2235,1924,1955,-1,2235,1955,2231,-1,2231,1955,1904,-1,2231,1904,1903,-1,1922,2234,1920,-1,1920,2234,2236,-1,1920,2236,1918,-1,1918,2236,1956,-1,1956,2236,2237,-1,2238,1966,1964,-1,1964,1966,2039,-1,1966,2239,2039,-1,2039,2239,1963,-1,2039,1963,2240,-1,2240,2241,2039,-1,2039,2241,1970,-1,2039,1970,1969,-1,1969,1968,2039,-1,2039,1968,2242,-1,2039,2242,1973,-1,1973,1972,2039,-1,2039,1972,1229,-1,2039,1229,1228,-1,2243,2244,2036,-1,2036,2244,2245,-1,2036,2245,1228,-1,1228,2245,2246,-1,1228,2246,2039,-1,2039,2246,2247,-1,2039,2247,2040,-1,1956,2237,2026,-1,2026,2237,2248,-1,2020,2019,2249,-1,2249,2019,2015,-1,2249,2015,2250,-1,2250,2015,2017,-1,2250,2017,2248,-1,2248,2017,2018,-1,2248,2018,2026,-1,2251,2006,1977,-1,1977,1976,2251,-1,2251,1976,2014,-1,2251,2014,2252,-1,2252,2014,2013,-1,2252,2013,2249,-1,2249,2013,2021,-1,2249,2021,2020,-1,2009,2008,2253,-1,2253,2008,2007,-1,2253,2007,2254,-1,2006,2251,2007,-1,2007,2251,2255,-1,2007,2255,2254,-1,2036,1491,2243,-1,2243,1491,1984,-1,2243,1984,2253,-1,2253,1984,1983,-1,2253,1983,2009,-1,2256,2041,2247,-1,2247,2041,2040,-1,2037,2041,2257,-1,2257,2041,2256,-1,2258,2046,2257,-1,2259,2044,2042,-1,2042,2044,2055,-1,2260,2054,2261,-1,2261,2054,2055,-1,2261,2055,2257,-1,2257,2055,2044,-1,2257,2044,2258,-1,2046,2262,2257,-1,2257,2262,2048,-1,2257,2048,2049,-1,2049,2050,2257,-1,2257,2050,2263,-1,2257,2263,2052,-1,2052,2264,2257,-1,2257,2264,2038,-1,2257,2038,2037,-1,2105,2265,2106,-1,2106,2265,2266,-1,1568,2054,2101,-1,2101,2054,2260,-1,2101,2260,2102,-1,2102,2260,2267,-1,2102,2267,2104,-1,2104,2267,2265,-1,2104,2265,2108,-1,2108,2265,2105,-1,2266,2268,2106,-1,2106,2268,2269,-1,2106,2269,2107,-1,2107,2269,2071,-1,2095,2270,2096,-1,2096,2270,2271,-1,2096,2271,2097,-1,2097,2271,2272,-1,2097,2272,2089,-1,2095,2092,2270,-1,2270,2092,2091,-1,2270,2091,2273,-1,2273,2091,2125,-1,2273,2125,2269,-1,2269,2125,2072,-1,2269,2072,2071,-1,2089,2272,2087,-1,2087,2272,2132,-1,2087,2132,2085,-1,2274,2216,2215,-1,2275,2138,2136,-1,2136,2138,2215,-1,2138,2276,2215,-1,2215,2276,2135,-1,2215,2135,2277,-1,2277,2278,2215,-1,2215,2278,2142,-1,2215,2142,2141,-1,2141,2140,2215,-1,2215,2140,2279,-1,2215,2279,2146,-1,2146,2145,2215,-1,2215,2145,2144,-1,2215,2144,2213,-1,2131,2133,2199,-1,2199,2133,2280,-1,2193,2192,2281,-1,2281,2192,2188,-1,2281,2188,2282,-1,2282,2188,2190,-1,2282,2190,2280,-1,2280,2190,2191,-1,2280,2191,2199,-1,2150,2149,2283,-1,2283,2149,2187,-1,2283,2187,2284,-1,2284,2187,2186,-1,2284,2186,2281,-1,2281,2186,2194,-1,2281,2194,2193,-1,2285,2166,2182,-1,2286,2180,2283,-1,2283,2180,2179,-1,2283,2179,2150,-1,2182,2181,2285,-1,2285,2181,2180,-1,2285,2180,2287,-1,2287,2180,2286,-1,2274,2215,2288,-1,2288,2215,2213,-1,2288,2213,2289,-1,2289,2213,2212,-1,2289,2212,2290,-1,2290,2212,1837,-1,2290,1837,2167,-1,2166,2285,2167,-1,2167,2285,2291,-1,2167,2291,2290,-1,2218,2217,2274,-1,2274,2217,2216,-1,2292,2293,2236,-1,2236,2234,2292,-1,2292,2234,2233,-1,2292,2233,2294,-1,2294,2233,2232,-1,2232,2235,2294,-1,2294,2235,2231,-1,2294,2231,2295,-1,2295,2231,2230,-1,2295,2230,2296,-1,2230,2228,2296,-1,2296,2228,2227,-1,2296,2227,2297,-1,2227,2229,2297,-1,2297,2229,2222,-1,2297,2222,2298,-1,2218,2299,2219,-1,2219,2299,2298,-1,2219,2298,2223,-1,2223,2298,2222,-1,2299,2300,2298,-1,2298,2300,2301,-1,2298,2301,2297,-1,2297,2301,2302,-1,2297,2302,2296,-1,2296,2302,2303,-1,2296,2303,2295,-1,2295,2303,2304,-1,2295,2304,2294,-1,2294,2304,2305,-1,2294,2305,2292,-1,2292,2305,2306,-1,2292,2306,2293,-1,2293,2306,2307,-1,2300,2308,2301,-1,2301,2308,2309,-1,2301,2309,2302,-1,2302,2309,2310,-1,2302,2310,2303,-1,2303,2310,2311,-1,2303,2311,2304,-1,2304,2311,2312,-1,2304,2312,2305,-1,2305,2312,2313,-1,2305,2313,2306,-1,2306,2313,2314,-1,2306,2314,2307,-1,2307,2314,2315,-1,2308,2316,2309,-1,2309,2316,2317,-1,2309,2317,2310,-1,2310,2317,2318,-1,2310,2318,2311,-1,2311,2318,2319,-1,2311,2319,2312,-1,2312,2319,2320,-1,2312,2320,2313,-1,2313,2320,2321,-1,2313,2321,2314,-1,2314,2321,2322,-1,2314,2322,2315,-1,2315,2322,2323,-1,2316,2324,2317,-1,2317,2324,2325,-1,2317,2325,2318,-1,2318,2325,2326,-1,2318,2326,2319,-1,2319,2326,2327,-1,2319,2327,2320,-1,2320,2327,2328,-1,2320,2328,2321,-1,2321,2328,2329,-1,2321,2329,2322,-1,2322,2329,2330,-1,2322,2330,2323,-1,2323,2330,2331,-1,2324,2332,2325,-1,2325,2332,2333,-1,2325,2333,2326,-1,2326,2333,2334,-1,2326,2334,2327,-1,2327,2334,2335,-1,2327,2335,2328,-1,2328,2335,2336,-1,2328,2336,2329,-1,2329,2336,2337,-1,2329,2337,2330,-1,2330,2337,2338,-1,2330,2338,2331,-1,2331,2338,2339,-1,2339,2340,2331,-1,2331,2340,2341,-1,2331,2341,2323,-1,2323,2341,2342,-1,2323,2342,2315,-1,2315,2342,2343,-1,2315,2343,2307,-1,2307,2343,2344,-1,2307,2344,2293,-1,2293,2344,2345,-1,2293,2345,2236,-1,2236,2345,2237,-1,2346,2347,2247,-1,2247,2246,2346,-1,2346,2246,2245,-1,2346,2245,2348,-1,2348,2245,2244,-1,2244,2243,2348,-1,2348,2243,2253,-1,2348,2253,2349,-1,2349,2253,2254,-1,2349,2254,2350,-1,2254,2255,2350,-1,2350,2255,2251,-1,2350,2251,2351,-1,2251,2252,2351,-1,2351,2252,2249,-1,2351,2249,2352,-1,2237,2345,2248,-1,2248,2345,2352,-1,2248,2352,2250,-1,2250,2352,2249,-1,2345,2344,2352,-1,2352,2344,2353,-1,2352,2353,2351,-1,2351,2353,2354,-1,2351,2354,2350,-1,2350,2354,2355,-1,2350,2355,2349,-1,2349,2355,2356,-1,2349,2356,2348,-1,2348,2356,2357,-1,2348,2357,2346,-1,2346,2357,2358,-1,2346,2358,2347,-1,2347,2358,2359,-1,2344,2343,2353,-1,2353,2343,2360,-1,2353,2360,2354,-1,2354,2360,2361,-1,2354,2361,2355,-1,2355,2361,2362,-1,2355,2362,2356,-1,2356,2362,2363,-1,2356,2363,2357,-1,2357,2363,2364,-1,2357,2364,2358,-1,2358,2364,2365,-1,2358,2365,2359,-1,2359,2365,2366,-1,2343,2342,2360,-1,2360,2342,2367,-1,2360,2367,2361,-1,2361,2367,2368,-1,2361,2368,2362,-1,2362,2368,2369,-1,2362,2369,2363,-1,2363,2369,2370,-1,2363,2370,2364,-1,2364,2370,2371,-1,2364,2371,2365,-1,2365,2371,2372,-1,2365,2372,2366,-1,2366,2372,2373,-1,2342,2341,2367,-1,2367,2341,2374,-1,2367,2374,2368,-1,2368,2374,2375,-1,2368,2375,2369,-1,2369,2375,2376,-1,2369,2376,2370,-1,2370,2376,2377,-1,2370,2377,2371,-1,2371,2377,2378,-1,2371,2378,2372,-1,2372,2378,2379,-1,2372,2379,2373,-1,2373,2379,2380,-1,2341,2340,2374,-1,2374,2340,2381,-1,2374,2381,2375,-1,2375,2381,2382,-1,2375,2382,2376,-1,2376,2382,2383,-1,2376,2383,2377,-1,2377,2383,2384,-1,2377,2384,2378,-1,2378,2384,2385,-1,2378,2385,2379,-1,2379,2385,2386,-1,2379,2386,2380,-1,2380,2386,2387,-1,2388,2389,2387,-1,2387,2389,2380,-1,2389,2390,2380,-1,2380,2390,2391,-1,2380,2391,2373,-1,2391,2392,2373,-1,2373,2392,2393,-1,2373,2393,2366,-1,2393,2394,2366,-1,2366,2394,2395,-1,2366,2395,2359,-1,2395,2396,2359,-1,2359,2396,2397,-1,2359,2397,2347,-1,2347,2397,2398,-1,2347,2398,2247,-1,2247,2398,2399,-1,2247,2399,2256,-1,2390,2389,2400,-1,2401,2402,2403,-1,2392,2391,2404,-1,2405,2406,2407,-1,2394,2393,2408,-1,2409,2410,2411,-1,2396,2395,2412,-1,2413,2414,2415,-1,2398,2397,2416,-1,2417,2418,2419,-1,2419,2418,2132,-1,2132,2272,2419,-1,2419,2272,2271,-1,2419,2271,2420,-1,2420,2271,2270,-1,2270,2273,2420,-1,2420,2273,2269,-1,2420,2269,2421,-1,2421,2269,2268,-1,2421,2268,2422,-1,2268,2266,2422,-1,2422,2266,2265,-1,2422,2265,2423,-1,2265,2267,2423,-1,2423,2267,2260,-1,2423,2260,2424,-1,2256,2399,2257,-1,2257,2399,2424,-1,2257,2424,2261,-1,2261,2424,2260,-1,2399,2398,2424,-1,2424,2398,2416,-1,2424,2416,2423,-1,2423,2416,2425,-1,2423,2425,2422,-1,2422,2425,2426,-1,2422,2426,2421,-1,2421,2426,2427,-1,2421,2427,2420,-1,2420,2427,2428,-1,2420,2428,2419,-1,2419,2428,2415,-1,2419,2415,2417,-1,2417,2415,2414,-1,2397,2396,2416,-1,2416,2396,2412,-1,2416,2412,2425,-1,2425,2412,2429,-1,2425,2429,2426,-1,2426,2429,2430,-1,2426,2430,2427,-1,2427,2430,2431,-1,2427,2431,2428,-1,2428,2431,2432,-1,2428,2432,2415,-1,2415,2432,2411,-1,2415,2411,2413,-1,2413,2411,2410,-1,2395,2394,2412,-1,2412,2394,2408,-1,2412,2408,2429,-1,2429,2408,2433,-1,2429,2433,2430,-1,2430,2433,2434,-1,2430,2434,2431,-1,2431,2434,2435,-1,2431,2435,2432,-1,2432,2435,2436,-1,2432,2436,2411,-1,2411,2436,2407,-1,2411,2407,2409,-1,2409,2407,2406,-1,2393,2392,2408,-1,2408,2392,2404,-1,2408,2404,2433,-1,2433,2404,2437,-1,2433,2437,2434,-1,2434,2437,2438,-1,2434,2438,2435,-1,2435,2438,2439,-1,2435,2439,2436,-1,2436,2439,2440,-1,2436,2440,2407,-1,2407,2440,2403,-1,2407,2403,2405,-1,2405,2403,2402,-1,2391,2390,2404,-1,2404,2390,2400,-1,2404,2400,2437,-1,2437,2400,2441,-1,2437,2441,2438,-1,2438,2441,2442,-1,2438,2442,2439,-1,2439,2442,2443,-1,2439,2443,2440,-1,2440,2443,2444,-1,2440,2444,2403,-1,2403,2444,2445,-1,2403,2445,2401,-1,2401,2445,2446,-1,2389,2388,2400,-1,2400,2388,2447,-1,2400,2447,2441,-1,2441,2447,2448,-1,2441,2448,2442,-1,2442,2448,2449,-1,2442,2449,2443,-1,2443,2449,2450,-1,2443,2450,2444,-1,2444,2450,2451,-1,2444,2451,2445,-1,2445,2451,2452,-1,2445,2452,2446,-1,2446,2452,2453,-1,2446,2453,2454,-1,2446,2454,2401,-1,2401,2454,2455,-1,2401,2455,2402,-1,2402,2455,2405,-1,2405,2455,2456,-1,2405,2456,2406,-1,2406,2456,2409,-1,2409,2456,2457,-1,2409,2457,2410,-1,2410,2457,2458,-1,2410,2458,2413,-1,2413,2458,2414,-1,2414,2458,2459,-1,2414,2459,2417,-1,2417,2459,2418,-1,2418,2459,2133,-1,2418,2133,2132,-1,2460,2461,2274,-1,2274,2288,2460,-1,2460,2288,2289,-1,2460,2289,2462,-1,2462,2289,2290,-1,2290,2291,2462,-1,2462,2291,2285,-1,2462,2285,2463,-1,2463,2285,2287,-1,2463,2287,2464,-1,2287,2286,2464,-1,2464,2286,2283,-1,2464,2283,2465,-1,2283,2284,2465,-1,2465,2284,2281,-1,2465,2281,2466,-1,2133,2459,2280,-1,2280,2459,2466,-1,2280,2466,2282,-1,2282,2466,2281,-1,2459,2458,2466,-1,2466,2458,2467,-1,2466,2467,2465,-1,2465,2467,2468,-1,2465,2468,2464,-1,2464,2468,2469,-1,2464,2469,2463,-1,2463,2469,2470,-1,2463,2470,2462,-1,2462,2470,2471,-1,2462,2471,2460,-1,2460,2471,2472,-1,2460,2472,2461,-1,2461,2472,2473,-1,2458,2457,2467,-1,2467,2457,2474,-1,2467,2474,2468,-1,2468,2474,2475,-1,2468,2475,2469,-1,2469,2475,2476,-1,2469,2476,2470,-1,2470,2476,2477,-1,2470,2477,2471,-1,2471,2477,2478,-1,2471,2478,2472,-1,2472,2478,2479,-1,2472,2479,2473,-1,2473,2479,2480,-1,2457,2456,2474,-1,2474,2456,2481,-1,2474,2481,2475,-1,2475,2481,2482,-1,2475,2482,2476,-1,2476,2482,2483,-1,2476,2483,2477,-1,2477,2483,2484,-1,2477,2484,2478,-1,2478,2484,2485,-1,2478,2485,2479,-1,2479,2485,2486,-1,2479,2486,2480,-1,2480,2486,2487,-1,2456,2455,2481,-1,2481,2455,2488,-1,2481,2488,2482,-1,2482,2488,2489,-1,2482,2489,2483,-1,2483,2489,2490,-1,2483,2490,2484,-1,2484,2490,2491,-1,2484,2491,2485,-1,2485,2491,2492,-1,2485,2492,2486,-1,2486,2492,2493,-1,2486,2493,2487,-1,2487,2493,2494,-1,2455,2454,2488,-1,2488,2454,2495,-1,2488,2495,2489,-1,2489,2495,2496,-1,2489,2496,2490,-1,2490,2496,2497,-1,2490,2497,2491,-1,2491,2497,2498,-1,2491,2498,2492,-1,2492,2498,2499,-1,2492,2499,2493,-1,2493,2499,2500,-1,2493,2500,2494,-1,2494,2500,2501,-1,2501,2332,2494,-1,2494,2332,2324,-1,2494,2324,2487,-1,2487,2324,2316,-1,2487,2316,2480,-1,2480,2316,2308,-1,2480,2308,2473,-1,2473,2308,2300,-1,2473,2300,2461,-1,2461,2300,2299,-1,2461,2299,2274,-1,2274,2299,2218,-1,2502,2503,2340,-1,2504,2505,2506,-1,2506,2505,2507,-1,2506,2507,2508,-1,2509,2510,2340,-1,2340,2510,2511,-1,2340,2511,2512,-1,2513,2514,2515,-1,2515,2516,2339,-1,2339,2516,2517,-1,2339,2517,2340,-1,2340,2517,2518,-1,2340,2518,2509,-1,2502,2340,2519,-1,2504,2520,2521,-1,2521,2522,2504,-1,2504,2522,2523,-1,2504,2523,2505,-1,2505,2523,2524,-1,2383,2382,2525,-1,2513,2515,2526,-1,2526,2515,2339,-1,2526,2339,2527,-1,2508,2507,2514,-1,2514,2507,2528,-1,2514,2528,2515,-1,2524,2529,2505,-1,2505,2529,2530,-1,2505,2530,2531,-1,2512,2532,2340,-1,2340,2532,2533,-1,2340,2533,2519,-1,2525,2382,2503,-1,2503,2382,2381,-1,2503,2381,2340,-1,2453,2534,2535,-1,2535,2536,2453,-1,2453,2536,2537,-1,2453,2537,2454,-1,2454,2537,2538,-1,2454,2538,2539,-1,2540,2539,2541,-1,2541,2539,2542,-1,2541,2542,2543,-1,2540,2544,2539,-1,2539,2544,2545,-1,2539,2545,2454,-1,2454,2545,2546,-1,2454,2546,2495,-1,2547,2548,2339,-1,2339,2548,2549,-1,2339,2549,2527,-1,2550,2452,2551,-1,2551,2452,2451,-1,2551,2451,2552,-1,2552,2451,2450,-1,2552,2450,2553,-1,2553,2450,2449,-1,2546,2554,2495,-1,2495,2554,2555,-1,2495,2555,2556,-1,2550,2557,2452,-1,2452,2557,2558,-1,2452,2558,2559,-1,2559,2560,2452,-1,2452,2560,2561,-1,2452,2561,2453,-1,2453,2561,2562,-1,2453,2562,2534,-1,2525,2563,2383,-1,2383,2563,2564,-1,2383,2564,2384,-1,2384,2564,2565,-1,2384,2565,2385,-1,2385,2565,2566,-1,2385,2566,2386,-1,2386,2566,2567,-1,2386,2567,2387,-1,2387,2567,2568,-1,2387,2568,2388,-1,2388,2568,2569,-1,2388,2569,2447,-1,2447,2569,2570,-1,2447,2570,2448,-1,2448,2570,2571,-1,2448,2571,2449,-1,2449,2571,2572,-1,2449,2572,2553,-1,2573,2574,2543,-1,2543,2574,2575,-1,2543,2575,2541,-1,2335,2576,2336,-1,2336,2576,2577,-1,2336,2577,2337,-1,2337,2577,2578,-1,2337,2578,2338,-1,2338,2578,2579,-1,2338,2579,2339,-1,2495,2580,2496,-1,2496,2580,2581,-1,2496,2581,2497,-1,2573,2582,2583,-1,2583,2584,2573,-1,2573,2584,2585,-1,2573,2585,2574,-1,2574,2585,2586,-1,2579,2587,2339,-1,2339,2587,2588,-1,2339,2588,2589,-1,2586,2590,2574,-1,2574,2590,2591,-1,2574,2591,2592,-1,2589,2593,2339,-1,2339,2593,2594,-1,2339,2594,2547,-1,2581,2595,2497,-1,2497,2595,2596,-1,2497,2596,2498,-1,2498,2596,2597,-1,2498,2597,2499,-1,2499,2597,2598,-1,2499,2598,2500,-1,2500,2598,2599,-1,2500,2599,2501,-1,2501,2599,2600,-1,2501,2600,2332,-1,2332,2600,2601,-1,2332,2601,2333,-1,2333,2601,2602,-1,2333,2602,2334,-1,2334,2602,2603,-1,2334,2603,2335,-1,2335,2603,2604,-1,2335,2604,2576,-1,2556,2605,2495,-1,2495,2605,2606,-1,2495,2606,2607,-1,2607,2608,2495,-1,2495,2608,2609,-1,2495,2609,2580,-1,2610,2611,2612,-1,2612,2611,2613,-1,2611,2614,2613,-1,2613,2614,2615,-1,2614,2616,2615,-1,2615,2616,2617,-1,2616,2618,2617,-1,2617,2618,2619,-1,2618,2620,2619,-1,2619,2620,2621,-1,2620,2622,2621,-1,2621,2622,2623,-1,2622,2624,2623,-1,2623,2624,2625,-1,2624,2610,2625,-1,2625,2610,2612,-1,2626,2618,2627,-1,2627,2618,2616,-1,2628,2624,2626,-1,2626,2624,2622,-1,2626,2622,2618,-1,2618,2622,2620,-1,2628,2629,2624,-1,2624,2629,2630,-1,2624,2630,2610,-1,2610,2630,2631,-1,2610,2631,2632,-1,2632,2633,2610,-1,2610,2633,2627,-1,2610,2627,2611,-1,2611,2627,2616,-1,2611,2616,2614,-1,2626,2627,2634,-1,2634,2627,2635,-1,2628,2626,2636,-1,2636,2626,2634,-1,2628,2636,2637,-1,2628,2637,2629,-1,2629,2637,2638,-1,2629,2638,2630,-1,2631,2630,2639,-1,2639,2630,2638,-1,2631,2639,2640,-1,2631,2640,2632,-1,2632,2640,2641,-1,2632,2641,2633,-1,2627,2633,2635,-1,2635,2633,2641,-1,2642,2643,2644,-1,2644,2643,2645,-1,2643,2646,2645,-1,2645,2646,2647,-1,2646,2648,2647,-1,2647,2648,2649,-1,2650,2651,2652,-1,2650,2652,2653,-1,2653,2652,2654,-1,2653,2654,2655,-1,2655,2654,2656,-1,2655,2656,2657,-1,2657,2656,2658,-1,2657,2658,2659,-1,2659,2658,2660,-1,2659,2660,2661,-1,2661,2660,2662,-1,2661,2662,2663,-1,2663,2662,2664,-1,2663,2664,2665,-1,2665,2664,2649,-1,2665,2649,2648,-1,2642,2644,2666,-1,2642,2666,2667,-1,2667,2666,2668,-1,2667,2668,2669,-1,2669,2668,2670,-1,2669,2670,2671,-1,2671,2670,2672,-1,2671,2672,2673,-1,2673,2672,2674,-1,2673,2674,2675,-1,2675,2674,2676,-1,2675,2676,2677,-1,2677,2676,2651,-1,2677,2651,2650,-1,2655,2657,2678,-1,2678,2657,2659,-1,2678,2659,2679,-1,2679,2659,2661,-1,2679,2661,2680,-1,2680,2661,2663,-1,2680,2663,2681,-1,2681,2663,2665,-1,2681,2665,2682,-1,2682,2665,2648,-1,2682,2648,2683,-1,2683,2648,2646,-1,2683,2646,2684,-1,2684,2646,2643,-1,2684,2643,2685,-1,2685,2643,2642,-1,2685,2642,2686,-1,2686,2642,2667,-1,2686,2667,2687,-1,2687,2667,2669,-1,2687,2669,2688,-1,2688,2669,2671,-1,2688,2671,2689,-1,2689,2671,2673,-1,2689,2673,2690,-1,2690,2673,2675,-1,2690,2675,2691,-1,2691,2675,2677,-1,2691,2677,2692,-1,2692,2677,2650,-1,2692,2650,2693,-1,2693,2650,2653,-1,2693,2653,2694,-1,2694,2653,2655,-1,2694,2655,2678,-1,2682,2683,2695,-1,2695,2683,2696,-1,2682,2695,2697,-1,2682,2697,2681,-1,2681,2697,2698,-1,2681,2698,2680,-1,2680,2698,2699,-1,2680,2699,2679,-1,2679,2699,2700,-1,2679,2700,2678,-1,2678,2700,2701,-1,2678,2701,2694,-1,2694,2701,2702,-1,2694,2702,2693,-1,2693,2702,2703,-1,2693,2703,2692,-1,2692,2703,2704,-1,2692,2704,2691,-1,2691,2704,2705,-1,2691,2705,2690,-1,2690,2705,2706,-1,2690,2706,2689,-1,2689,2706,2707,-1,2689,2707,2688,-1,2688,2707,2708,-1,2688,2708,2687,-1,2687,2708,2709,-1,2687,2709,2686,-1,2686,2709,2710,-1,2686,2710,2685,-1,2684,2685,2711,-1,2711,2685,2710,-1,2683,2684,2696,-1,2696,2684,2711,-1,2712,2713,2714,-1,2714,2713,2715,-1,2713,2716,2715,-1,2715,2716,2717,-1,2716,2718,2717,-1,2717,2718,2719,-1,2718,2720,2719,-1,2719,2720,2721,-1,2720,2722,2721,-1,2721,2722,2723,-1,2722,2724,2723,-1,2723,2724,2725,-1,2724,2726,2725,-1,2725,2726,2727,-1,2726,2728,2727,-1,2727,2728,2729,-1,2728,2730,2729,-1,2729,2730,2731,-1,2730,2732,2731,-1,2731,2732,2733,-1,2732,2734,2733,-1,2733,2734,2735,-1,2734,2712,2735,-1,2735,2712,2714,-1,2716,2713,2712,-1,2712,2734,2716,-1,2716,2734,2732,-1,2716,2732,2718,-1,2722,2720,2724,-1,2724,2720,2718,-1,2724,2718,2726,-1,2726,2718,2732,-1,2726,2732,2728,-1,2728,2732,2730,-1,2736,2737,2738,-1,2738,2737,2739,-1,2739,2737,2740,-1,2741,2742,2743,-1,2741,2743,2744,-1,2744,2743,2745,-1,2744,2745,2740,-1,2740,2745,2746,-1,2740,2746,2739,-1,2742,2741,2747,-1,2747,2741,2748,-1,2747,2748,2749,-1,2749,2748,2750,-1,2749,2750,2751,-1,2751,2750,2752,-1,2751,2752,2753,-1,2753,2752,2754,-1,2753,2754,2755,-1,2755,2754,2756,-1,2755,2756,2757,-1,2757,2756,2758,-1,2757,2758,2759,-1,2759,2758,2760,-1,2759,2760,2761,-1,2762,2763,2764,-1,2762,2764,2765,-1,2765,2764,2766,-1,2765,2766,2767,-1,2767,2766,2768,-1,2767,2768,2769,-1,2769,2768,2770,-1,2769,2770,2771,-1,2771,2770,2772,-1,2771,2772,2773,-1,2773,2772,2774,-1,2773,2774,2775,-1,2775,2774,2761,-1,2775,2761,2760,-1,2776,2777,2778,-1,2776,2778,2779,-1,2779,2778,2763,-1,2779,2763,2762,-1,2776,2780,2777,-1,2777,2780,2781,-1,2782,2783,2784,-1,2782,2784,2785,-1,2785,2784,2781,-1,2785,2781,2780,-1,2786,2787,2788,-1,2786,2788,2789,-1,2789,2788,2790,-1,2789,2790,2791,-1,2791,2790,2792,-1,2791,2792,2793,-1,2793,2792,2794,-1,2793,2794,2795,-1,2795,2794,2796,-1,2795,2796,2797,-1,2797,2796,2798,-1,2797,2798,2799,-1,2799,2798,2783,-1,2799,2783,2782,-1,2800,2801,2802,-1,2800,2802,2803,-1,2803,2802,2804,-1,2803,2804,2805,-1,2805,2804,2806,-1,2805,2806,2807,-1,2807,2806,2808,-1,2807,2808,2809,-1,2809,2808,2810,-1,2809,2810,2811,-1,2811,2810,2812,-1,2811,2812,2813,-1,2813,2812,2787,-1,2813,2787,2786,-1,2736,2738,2814,-1,2736,2814,2815,-1,2815,2814,2816,-1,2815,2816,2817,-1,2817,2816,2801,-1,2817,2801,2800,-1,2803,2741,2800,-1,2800,2741,2744,-1,2800,2744,2817,-1,2817,2744,2740,-1,2817,2740,2815,-1,2815,2740,2737,-1,2815,2737,2736,-1,2780,2776,2785,-1,2785,2776,2779,-1,2785,2779,2782,-1,2782,2779,2762,-1,2782,2762,2799,-1,2799,2762,2765,-1,2799,2765,2797,-1,2797,2765,2767,-1,2797,2767,2795,-1,2795,2767,2769,-1,2795,2769,2793,-1,2793,2769,2771,-1,2793,2771,2791,-1,2791,2771,2773,-1,2791,2773,2789,-1,2789,2773,2775,-1,2789,2775,2786,-1,2786,2775,2760,-1,2786,2760,2813,-1,2813,2760,2758,-1,2813,2758,2811,-1,2811,2758,2756,-1,2811,2756,2809,-1,2809,2756,2754,-1,2809,2754,2807,-1,2807,2754,2752,-1,2807,2752,2805,-1,2805,2752,2750,-1,2805,2750,2803,-1,2803,2750,2748,-1,2803,2748,2741,-1,2818,2819,2820,-1,2820,2819,2821,-1,2819,2822,2821,-1,2821,2822,2823,-1,2822,2824,2823,-1,2823,2824,2825,-1,2824,2826,2825,-1,2825,2826,2827,-1,2826,2828,2827,-1,2827,2828,2829,-1,2828,2818,2829,-1,2829,2818,2820,-1,2826,2824,2828,-1,2828,2824,2822,-1,2828,2822,2818,-1,2818,2822,2819,-1,
        ]
    }
}
Shape{
    appearance Appearance {
        material  Material 	{
            diffuseColor 0.6666666666666666 0.6980392156862745 0.7686274509803922
            specularColor 0.3333333333333333 0.34901960784313724 0.3843137254901961
            ambientIntensity 0.6967
            transparency 0.0
            shininess 0.5
        }
    }
    geometry IndexedFaceSet {
        ccw TRUE
        solid FALSE
        coord DEF co Coordinate {
            point [
                -0.3245 -0.755 0.0, -0.3903 -0.755 0.0, -0.3539 -0.6728 0.0, -0.3607 -0.6728 0.0, -0.3558 -0.666 0.0, -0.3589 -0.6659 0.0, -0.357 -0.659 0.0, -0.3577 -0.659 0.0, -0.1238 -0.6566 0.0, -0.1238 -0.8102 0.0, -0.1529 -0.6566 0.0, -0.1518 -0.8102 0.0, -0.1725 -0.8083 0.0, -0.2295 -0.7315 0.0, -0.2278 -0.7119 0.0, -0.2232 -0.6963 0.0, -0.1762 -0.6591 0.0, -0.1891 -0.8031 0.0, -0.2025 -0.7951 0.0, -0.2136 -0.7842 0.0, -0.2219 -0.7707 0.0, -0.2276 -0.7522 0.0, -0.2164 -0.6842 0.0, -0.2068 -0.674 0.0, -0.1924 -0.6647 0.0
            ]
        }
        coordIndex [
            0,1,2,-1,2,1,3,-1,2,3,4,-1,4,3,5,-1,4,5,6,-1,6,5,7,-1,8,9,10,-1,10,9,11,-1,10,11,12,-1,13,14,10,-1,10,14,15,-1,10,15,16,-1,12,17,10,-1,10,17,18,-1,10,18,19,-1,19,20,10,-1,10,20,21,-1,10,21,13,-1,22,23,15,-1,15,23,24,-1,15,24,16,-1,
        ]
    }
}
Shape{
    appearance Appearance {
        material  Material 	{
            diffuseColor 0.2235294117647059 0.2235294117647059 0.2235294117647059
            specularColor 0.11372549019607843 0.11372549019607843 0.11372549019607843
            ambientIntensity 0.2235
            transparency 0.0
            shininess 0.5
        }
    }
    geometry IndexedFaceSet {
        ccw TRUE
        solid FALSE
        coord DEF co Coordinate {
            point [
                -0.311 0.776 1.1607, -0.311 0.5295 1.1607, -0.3129 0.782 1.1607, -0.315 0.5295 1.1607, -0.315 0.7972 1.1607, -0.311 0.8091 1.1535, -0.311 0.8091 1.1417, -0.311 0.776 1.1535, -0.311 0.5295 1.1417, -0.4921 0.5295 1.1417, -0.4921 0.8091 1.1417, -0.5196 0.8091 1.1365, -0.5196 0.5295 1.1365, -0.5061 0.5295 1.1404, -0.5061 0.8091 1.1404, -0.7217 0.5295 1.0569, -0.7217 0.8091 1.0569, -0.7598 0.5295 1.1535, -0.7598 0.8091 1.1535
            ]
        }
        coordIndex [
            0,1,2,-1,2,1,3,-1,2,3,4,-1,5,6,7,-1,7,6,8,-1,7,8,0,-1,0,8,1,-1,9,8,10,-1,10,8,6,-1,11,12,13,-1,11,13,14,-1,14,13,9,-1,14,9,10,-1,15,12,16,-1,16,12,11,-1,17,15,18,-1,18,15,16,-1,
        ]
    }
}
Shape{
    appearance Appearance {
        material  Material 	{
            diffuseColor 0.6666666666666666 0.6980392156862745 0.7686274509803922
            specularColor 0.3333333333333333 0.34901960784313724 0.3843137254901961
            ambientIntensity 0.6967
            transparency 0.0
            shininess 0.5
        }
    }
    geometry IndexedFaceSet {
        ccw TRUE
        solid FALSE
        coord DEF co Coordinate {
            point [
                -0.7556 0.8091 1.1535, -0.7195 0.8091 1.062, -0.7556 0.5335 1.1535, -0.7195 0.5295 1.062, -0.7556 0.5295 1.1535, -0.521 0.5295 1.1402, -0.521 0.8091 1.1402, -0.4921 0.8091 1.1457, -0.4921 0.5295 1.1457, -0.5068 0.8091 1.1443, -0.5068 0.5295 1.1443, -0.315 0.5295 1.1457, -0.315 0.8091 1.1457
            ]
        }
        coordIndex [
            0,1,2,-1,2,1,3,-1,2,3,4,-1,3,1,5,-1,5,1,6,-1,7,8,9,-1,9,8,10,-1,9,10,6,-1,6,10,5,-1,8,7,11,-1,11,7,12,-1,
        ]
    }
}
Shape{
    appearance Appearance {
        material  Material 	{
            diffuseColor 0.2235294117647059 0.2235294117647059 0.2235294117647059
            specularColor 0.11372549019607843 0.11372549019607843 0.11372549019607843
            ambientIntensity 0.2235
            transparency 0.0
            shininess 0.5
        }
    }
    geometry IndexedFaceSet {
        ccw TRUE
        solid FALSE
        coord DEF co Coordinate {
            point [
                -0.7598 0.5295 1.1535, -0.7556 0.5295 1.1535, -0.7217 0.5295 1.0569, -0.7195 0.5295 1.062, -0.5196 0.5295 1.1365, -0.521 0.5295 1.1402, -0.5061 0.5295 1.1404, -0.5068 0.5295 1.1443, -0.4921 0.5295 1.1417, -0.4921 0.5295 1.1457, -0.311 0.5295 1.1417, -0.315 0.5295 1.1457, -0.311 0.5295 1.1607, -0.315 0.5295 1.1607, -1.252 0.5335 1.1535, -1.252 0.8091 1.1535, -1.0925 0.5335 1.1535, -1.1516 0.8091 1.1535, -1.0925 0.75 1.1535, -1.1384 0.8076 1.1535, -1.126 0.8032 1.1535, -1.0984 0.7756 1.1535, -1.094 0.7631 1.1535, -1.1054 0.7868 1.1535, -1.1148 0.7962 1.1535, -1.6652 0.8091 0.3129, -1.6693 0.8091 0.3129, -1.6605 0.8091 0.2988, -1.6614 0.8091 0.2887, -1.6596 0.8091 0.2925, -1.6591 0.809 0.2895
            ]
        }
        coordIndex [
            0,1,2,-1,2,1,3,-1,2,3,4,-1,4,3,5,-1,4,5,6,-1,6,5,7,-1,6,7,8,-1,8,7,9,-1,8,9,10,-1,10,9,11,-1,10,11,12,-1,12,11,13,-1,14,15,16,-1,16,15,17,-1,16,17,18,-1,18,17,19,-1,18,19,20,-1,21,22,23,-1,23,22,18,-1,23,18,24,-1,24,18,20,-1,25,26,27,-1,27,26,28,-1,27,28,29,-1,29,28,30,-1,
        ]
    }
}
Shape{
    appearance Appearance {
        material  Material 	{
            diffuseColor 0.6666666666666666 0.6980392156862745 0.7686274509803922
            specularColor 0.3333333333333333 0.34901960784313724 0.3843137254901961
            ambientIntensity 0.6967
            transparency 0.0
            shininess 0.5
        }
    }
    geometry IndexedFaceSet {
        ccw TRUE
        solid FALSE
        coord DEF co Coordinate {
            point [
                -1.6693 0.5335 0.7362, -1.6693 0.8091 0.7362, -1.6588 0.5335 0.8291, -1.6588 0.8091 0.8291, -1.628 0.5335 0.9173, -1.628 0.8091 0.9173, -1.5782 0.5335 0.9964, -1.5782 0.8091 0.9964, -1.5122 0.5335 1.0625, -1.5122 0.8091 1.0625, -1.433 0.5335 1.1122, -1.433 0.8091 1.1122, -1.3448 0.5335 1.1431, -1.3448 0.8091 1.1431, -1.252 0.5335 1.1535, -1.252 0.8091 1.1535, -1.6693 0.5335 0.3129, -1.6693 0.8091 0.3129, -1.6614 0.5335 0.2887, -1.6614 0.8091 0.2887
            ]
        }
        coordIndex [
            0,1,2,-1,2,1,3,-1,2,3,4,-1,4,3,5,-1,4,5,6,-1,6,5,7,-1,6,7,8,-1,8,7,9,-1,8,9,10,-1,10,9,11,-1,10,11,12,-1,12,11,13,-1,12,13,14,-1,14,13,15,-1,0,16,1,-1,1,16,17,-1,16,18,17,-1,17,18,19,-1,
        ]
    }
}
Shape{
    appearance Appearance {
        material  Material 	{
            diffuseColor 0.2235294117647059 0.2235294117647059 0.2235294117647059
            specularColor 0.11372549019607843 0.11372549019607843 0.11372549019607843
            ambientIntensity 0.2235
            transparency 0.0
            shininess 0.5
        }
    }
    geometry IndexedFaceSet {
        ccw TRUE
        solid FALSE
        coord DEF co Coordinate {
            point [
                -1.6614 0.8091 0.2887, -1.6614 0.5335 0.2887, -1.6591 0.809 0.2895, -1.6577 0.5335 0.2899, -1.6577 0.8091 0.2899, -1.6654 0.5335 0.3136, -1.6654 0.8091 0.3136, -1.6652 0.8091 0.3129, -1.6605 0.8091 0.2988, -1.6654 0.5335 0.7362, -1.6654 0.8091 0.7362, -1.252 0.5335 1.1496, -1.252 0.8091 1.1496, -1.344 0.8091 1.1392, -1.344 0.5335 1.1392, -1.4313 0.8091 1.1087, -1.4313 0.5335 1.1087, -1.5097 0.8091 1.0594, -1.5097 0.5335 1.0594, -1.5752 0.8091 0.994, -1.5752 0.5335 0.994, -1.6244 0.8091 0.9156, -1.6244 0.5335 0.9156, -1.655 0.8091 0.8282, -1.655 0.5335 0.8282, -1.0177 0.5335 1.1496, -1.0177 0.8091 1.1496, -1.0177 0.5335 1.1535, -1.0177 0.8091 1.1535, -1.0925 0.5335 1.1535, -1.6693 0.5335 0.3129, -1.6693 0.5335 0.7362, -1.6588 0.5335 0.8291, -1.628 0.5335 0.9173, -1.5782 0.5335 0.9964, -1.5122 0.5335 1.0625, -1.433 0.5335 1.1122, -1.3448 0.5335 1.1431, -1.252 0.5335 1.1535, 0.311 0.5295 1.1607, 0.311 0.776 1.1607, 0.315 0.5295 1.1607, 0.3129 0.782 1.1607, 0.315 0.7972 1.1607
            ]
        }
        coordIndex [
            0,1,2,-1,2,1,3,-1,2,3,4,-1,3,5,6,-1,6,7,3,-1,3,7,8,-1,3,8,4,-1,5,9,6,-1,6,9,10,-1,11,12,13,-1,11,13,14,-1,14,13,15,-1,14,15,16,-1,16,15,17,-1,16,17,18,-1,18,17,19,-1,18,19,20,-1,20,19,21,-1,20,21,22,-1,22,21,23,-1,22,23,24,-1,24,23,10,-1,24,10,9,-1,11,25,12,-1,12,25,26,-1,25,27,26,-1,26,27,28,-1,27,25,29,-1,29,25,11,-1,3,1,5,-1,5,1,30,-1,5,30,9,-1,9,30,31,-1,9,31,24,-1,24,31,32,-1,24,32,22,-1,22,32,33,-1,22,33,20,-1,20,33,34,-1,20,34,18,-1,18,34,35,-1,18,35,16,-1,16,35,36,-1,16,36,14,-1,14,36,37,-1,14,37,11,-1,11,37,38,-1,11,38,29,-1,39,40,41,-1,41,40,42,-1,41,42,43,-1,
        ]
    }
}
Shape{
    appearance Appearance {
        material  Material 	{
            diffuseColor 0.6666666666666666 0.6980392156862745 0.7686274509803922
            specularColor 0.3333333333333333 0.34901960784313724 0.3843137254901961
            ambientIntensity 0.6967
            transparency 0.0
            shininess 0.5
        }
    }
    geometry IndexedFaceSet {
        ccw TRUE
        solid FALSE
        coord DEF co Coordinate {
            point [
                0.4921 0.5295 1.1457, 0.315 0.5295 1.1457, 0.4921 0.8091 1.1457, 0.315 0.8091 1.1457, 0.521 0.8091 1.1402, 0.521 0.5295 1.1402, 0.5068 0.8091 1.1443, 0.5068 0.5295 1.1443, 0.7195 0.5295 1.062, 0.7195 0.8091 1.062, 0.7556 0.5295 1.1535, 0.7556 0.5335 1.1535, 0.7556 0.8091 1.1535
            ]
        }
        coordIndex [
            0,1,2,-1,2,1,3,-1,4,5,6,-1,6,5,7,-1,6,7,2,-1,2,7,0,-1,8,5,9,-1,9,5,4,-1,10,8,11,-1,11,8,9,-1,11,9,12,-1,
        ]
    }
}
Shape{
    appearance Appearance {
        material  Material 	{
            diffuseColor 0.2235294117647059 0.2235294117647059 0.2235294117647059
            specularColor 0.11372549019607843 0.11372549019607843 0.11372549019607843
            ambientIntensity 0.2235
            transparency 0.0
            shininess 0.5
        }
    }
    geometry IndexedFaceSet {
        ccw TRUE
        solid FALSE
        coord DEF co Coordinate {
            point [
                0.7598 0.5295 1.1535, 0.7598 0.8091 1.1535, 0.7217 0.5295 1.0569, 0.7217 0.8091 1.0569, 0.5196 0.5295 1.1365, 0.5196 0.8091 1.1365, 0.4921 0.8091 1.1417, 0.4921 0.5295 1.1417, 0.5061 0.5295 1.1404, 0.5061 0.8091 1.1404, 0.311 0.5295 1.1417, 0.311 0.8091 1.1417, 0.311 0.8091 1.1535, 0.311 0.776 1.1535, 0.311 0.776 1.1607, 0.311 0.5295 1.1607, 0.315 0.5295 1.1607, 0.315 0.5295 1.1457, 0.4921 0.5295 1.1457, 0.5068 0.5295 1.1443, 0.521 0.5295 1.1402, 0.7195 0.5295 1.062, 0.7556 0.5295 1.1535
            ]
        }
        coordIndex [
            0,1,2,-1,2,1,3,-1,2,3,4,-1,4,3,5,-1,6,7,8,-1,6,8,9,-1,9,8,4,-1,9,4,5,-1,7,6,10,-1,10,6,11,-1,11,12,13,-1,14,15,13,-1,13,15,10,-1,13,10,11,-1,15,16,10,-1,10,16,17,-1,10,17,7,-1,7,17,18,-1,7,18,8,-1,8,18,19,-1,8,19,4,-1,4,19,20,-1,4,20,2,-1,2,20,21,-1,2,21,0,-1,0,21,22,-1,
        ]
    }
}
Shape{
    appearance Appearance {
        material  Material 	{
            diffuseColor 0.6666666666666666 0.6980392156862745 0.7686274509803922
            specularColor 0.3333333333333333 0.34901960784313724 0.3843137254901961
            ambientIntensity 0.6967
            transparency 0.0
            shininess 0.5
        }
    }
    geometry IndexedFaceSet {
        ccw TRUE
        solid FALSE
        coord DEF co Coordinate {
            point [
                1.252 0.5335 1.1535, 1.0925 0.5335 1.1535, 1.252 0.8091 1.1535, 1.0925 0.75 1.1535, 1.1516 0.8091 1.1535, 1.0945 0.7653 1.1535, 1.1004 0.7795 1.1535, 1.1098 0.7918 1.1535, 1.122 0.8011 1.1535, 1.1363 0.807 1.1535
            ]
        }
        coordIndex [
            0,1,2,-1,2,1,3,-1,2,3,4,-1,4,3,5,-1,4,5,6,-1,6,7,4,-1,4,7,8,-1,4,8,9,-1,
        ]
    }
}
Shape{
    appearance Appearance {
        material  Material 	{
            diffuseColor 0.2235294117647059 0.2235294117647059 0.2235294117647059
            specularColor 0.11372549019607843 0.11372549019607843 0.11372549019607843
            ambientIntensity 0.2235
            transparency 0.0
            shininess 0.5
        }
    }
    geometry IndexedFaceSet {
        ccw TRUE
        solid FALSE
        coord DEF co Coordinate {
            point [
                1.6595 0.8091 0.2925, 1.6591 0.809 0.2895, 1.6614 0.8091 0.2887, 1.6693 0.8091 0.3129, 1.6652 0.8091 0.3129, 1.6605 0.8091 0.2988, 1.0177 0.5335 1.1535, 1.0177 0.5335 1.1496, 1.0177 0.8091 1.1535, 1.0177 0.8091 1.1496, 1.252 0.5335 1.1496, 1.252 0.8091 1.1496, 1.6654 0.5335 0.7362, 1.6654 0.8091 0.7362, 1.655 0.8091 0.8282, 1.655 0.5335 0.8282, 1.6244 0.8091 0.9156, 1.6244 0.5335 0.9156, 1.5752 0.8091 0.994, 1.5752 0.5335 0.994, 1.5097 0.8091 1.0594, 1.5097 0.5335 1.0594, 1.4313 0.8091 1.1087, 1.4313 0.5335 1.1087, 1.344 0.8091 1.1392, 1.344 0.5335 1.1392, 1.6654 0.5335 0.3136, 1.6654 0.8091 0.3136, 1.6577 0.5335 0.2899, 1.6577 0.8091 0.2899, 1.6614 0.5335 0.2887, 1.6693 0.5335 0.3129
            ]
        }
        coordIndex [
            0,1,2,-1,3,4,2,-1,2,4,5,-1,2,5,0,-1,6,7,8,-1,8,7,9,-1,7,10,9,-1,9,10,11,-1,12,13,14,-1,12,14,15,-1,15,14,16,-1,15,16,17,-1,17,16,18,-1,17,18,19,-1,19,18,20,-1,19,20,21,-1,21,20,22,-1,21,22,23,-1,23,22,24,-1,23,24,25,-1,25,24,11,-1,25,11,10,-1,12,26,13,-1,13,26,27,-1,27,26,4,-1,4,26,28,-1,4,28,5,-1,5,28,29,-1,30,2,28,-1,28,2,1,-1,28,1,29,-1,30,31,2,-1,2,31,3,-1,
        ]
    }
}
Shape{
    appearance Appearance {
        material  Material 	{
            diffuseColor 0.6666666666666666 0.6980392156862745 0.7686274509803922
            specularColor 0.3333333333333333 0.34901960784313724 0.3843137254901961
            ambientIntensity 0.6967
            transparency 0.0
            shininess 0.5
        }
    }
    geometry IndexedFaceSet {
        ccw TRUE
        solid FALSE
        coord DEF co Coordinate {
            point [
                1.6693 0.5335 0.3129, 1.6693 0.5335 0.7362, 1.6693 0.8091 0.3129, 1.6693 0.8091 0.7362, 1.252 0.5335 1.1535, 1.252 0.8091 1.1535, 1.3448 0.5335 1.1431, 1.3448 0.8091 1.1431, 1.433 0.5335 1.1122, 1.433 0.8091 1.1122, 1.5122 0.5335 1.0625, 1.5122 0.8091 1.0625, 1.5782 0.5335 0.9964, 1.5782 0.8091 0.9964, 1.628 0.5335 0.9173, 1.628 0.8091 0.9173, 1.6588 0.5335 0.8291, 1.6588 0.8091 0.8291
            ]
        }
        coordIndex [
            0,1,2,-1,2,1,3,-1,4,5,6,-1,6,5,7,-1,6,7,8,-1,8,7,9,-1,8,9,10,-1,10,9,11,-1,10,11,12,-1,12,11,13,-1,12,13,14,-1,14,13,15,-1,14,15,16,-1,16,15,17,-1,16,17,1,-1,1,17,3,-1,
        ]
    }
}
Shape{
    appearance Appearance {
        material  Material 	{
            diffuseColor 0.2235294117647059 0.2235294117647059 0.2235294117647059
            specularColor 0.11372549019607843 0.11372549019607843 0.11372549019607843
            ambientIntensity 0.2235
            transparency 0.0
            shininess 0.5
        }
    }
    geometry IndexedFaceSet {
        ccw TRUE
        solid FALSE
        coord DEF co Coordinate {
            point [
                1.6614 0.5335 0.2887, 1.6577 0.5335 0.2899, 1.6693 0.5335 0.3129, 1.6654 0.5335 0.3136, 1.6693 0.5335 0.7362, 1.6654 0.5335 0.7362, 1.6588 0.5335 0.8291, 1.655 0.5335 0.8282, 1.628 0.5335 0.9173, 1.6244 0.5335 0.9156, 1.5782 0.5335 0.9964, 1.5752 0.5335 0.994, 1.5122 0.5335 1.0625, 1.5097 0.5335 1.0594, 1.433 0.5335 1.1122, 1.4313 0.5335 1.1087, 1.3448 0.5335 1.1431, 1.344 0.5335 1.1392, 1.252 0.5335 1.1535, 1.252 0.5335 1.1496, 1.0925 0.5335 1.1535, 1.0177 0.5335 1.1496, 1.0177 0.5335 1.1535
            ]
        }
        coordIndex [
            0,1,2,-1,2,1,3,-1,2,3,4,-1,4,3,5,-1,4,5,6,-1,6,5,7,-1,6,7,8,-1,8,7,9,-1,8,9,10,-1,10,9,11,-1,10,11,12,-1,12,11,13,-1,12,13,14,-1,14,13,15,-1,14,15,16,-1,16,15,17,-1,16,17,18,-1,18,17,19,-1,18,19,20,-1,20,19,21,-1,20,21,22,-1,
        ]
    }
}
Shape{
    appearance Appearance {
        material  Material 	{
            diffuseColor 0.6666666666666666 0.6980392156862745 0.7686274509803922
            specularColor 0.3333333333333333 0.34901960784313724 0.3843137254901961
            ambientIntensity 0.6967
            transparency 0.0
            shininess 0.5
        }
    }
    geometry IndexedFaceSet {
        ccw TRUE
        solid FALSE
        coord DEF co Coordinate {
            point [
                0.6614 -0.6412 1.0946, 0.6614 -0.6412 1.126, 0.6624 -0.6305 1.126, 0.6624 -0.6305 1.0942, 0.6665 -0.6171 1.126, 0.6665 -0.6171 1.0937, 0.6739 -0.6049 1.126, 0.6739 -0.6049 1.0933, 0.6805 -0.5978 1.126, 0.6805 -0.5978 1.093, 0.6928 -0.5891 1.126, 0.6928 -0.5891 1.0927, 0.7058 -0.5841 1.126, 0.7058 -0.5841 1.0925, 0.7205 -0.5823 1.126, 0.7205 -0.5823 1.0924, 0.7598 -0.5823 1.0924, 0.7598 -0.5823 1.126, 0.77 -0.5831 1.126, 0.77 -0.5831 1.0925, 0.7834 -0.5872 1.126, 0.7834 -0.5872 1.0926, 0.7958 -0.5944 1.126, 0.7958 -0.5944 1.0929, 0.8034 -0.6014 1.126, 0.8034 -0.6014 1.0931, 0.8121 -0.6137 1.126, 0.8121 -0.6137 1.0936, 0.8171 -0.6266 1.126, 0.8171 -0.6266 1.0941, 0.8189 -0.6412 1.126, 0.8189 -0.6412 1.0946, 0.8246 -1.1257 1.126, 0.8246 -1.1257 1.1124, 0.8203 -1.0926 1.126, 0.8189 -1.0593 1.1099, 0.8189 -1.0593 1.126, 0.8661 -1.3971 1.126, 0.8661 -1.3971 1.1223, 0.8645 -1.3658 1.126, 0.8605 -1.3347 1.12, 0.8605 -1.3347 1.126, 0.6142 -1.3971 1.1223, 0.6142 -1.3971 1.126, 0.6198 -1.3347 1.126, 0.6198 -1.3347 1.12, 0.6158 -1.3658 1.126, 0.6558 -1.1257 1.1124, 0.6558 -1.1257 1.126, 0.6614 -1.0593 1.1099, 0.66 -1.0926 1.126, 0.6614 -1.0593 1.126
            ]
        }
        coordIndex [
            0,1,2,-1,0,2,3,-1,3,2,4,-1,3,4,5,-1,5,4,6,-1,5,6,7,-1,7,6,8,-1,7,8,9,-1,9,8,10,-1,9,10,11,-1,11,10,12,-1,11,12,13,-1,13,12,14,-1,13,14,15,-1,16,17,18,-1,16,18,19,-1,19,18,20,-1,19,20,21,-1,21,20,22,-1,21,22,23,-1,23,22,24,-1,23,24,25,-1,25,24,26,-1,25,26,27,-1,27,26,28,-1,27,28,29,-1,29,28,30,-1,29,30,31,-1,32,33,34,-1,34,33,35,-1,34,35,36,-1,37,38,39,-1,39,38,40,-1,39,40,41,-1,38,37,42,-1,42,37,43,-1,44,45,46,-1,46,45,42,-1,46,42,43,-1,47,48,49,-1,49,48,50,-1,49,50,51,-1,
        ]
    }
}
Shape{
    appearance Appearance {
        material  Material 	{
            diffuseColor 1.0 1.0 1.0
            specularColor 0.8784313725490196 0.8784313725490196 0.8784313725490196
            ambientIntensity 1.0
            transparency 0.0
            shininess 0.5
        }
    }
    geometry IndexedFaceSet {
        ccw TRUE
        solid FALSE
        coord DEF co Coordinate {
            point [
                0.6142 -1.3971 1.2441, 0.6142 -1.3971 1.2441, 0.8661 -1.3971 1.2441, 0.8661 -1.3971 1.2441
            ]
        }
        coordIndex [
            0,1,2,-1,2,1,3,-1,
        ]
    }
}
Shape{
    appearance Appearance {
        material  Material 	{
            diffuseColor 0.6666666666666666 0.6980392156862745 0.7686274509803922
            specularColor 0.3333333333333333 0.34901960784313724 0.3843137254901961
            ambientIntensity 0.6967
            transparency 0.0
            shininess 0.5
        }
    }
    geometry IndexedFaceSet {
        ccw TRUE
        solid FALSE
        coord DEF co Coordinate {
            point [
                -0.7205 -0.5823 1.126, -0.7103 -0.5831 1.126, -0.7205 -0.5823 1.0924, -0.7058 -0.5841 1.0925, -0.7059 -0.5845 1.126, -0.6969 -0.5872 1.126, -0.6928 -0.5891 1.0927, -0.693 -0.5894 1.126, -0.6845 -0.5944 1.126, -0.6805 -0.5978 1.093, -0.6806 -0.598 1.126, -0.6769 -0.6014 1.126, -0.6739 -0.6049 1.0933, -0.6743 -0.6051 1.126, -0.6682 -0.6137 1.126, -0.6665 -0.6171 1.0937, -0.6669 -0.6173 1.126, -0.6633 -0.6266 1.126, -0.6624 -0.6305 1.0942, -0.6628 -0.6305 1.126, -0.6614 -0.6412 1.126, -0.6614 -0.6412 1.0946, -0.6558 -1.1257 1.126, -0.6558 -1.1257 1.1124, -0.66 -1.0926 1.126, -0.6614 -1.0593 1.1099, -0.6614 -1.0593 1.126
            ]
        }
        coordIndex [
            0,1,2,-1,2,1,3,-1,1,4,3,-1,3,4,5,-1,3,5,6,-1,5,7,6,-1,6,7,8,-1,6,8,9,-1,8,10,9,-1,9,10,11,-1,9,11,12,-1,11,13,12,-1,12,13,14,-1,12,14,15,-1,14,16,15,-1,15,16,17,-1,15,17,18,-1,17,19,18,-1,18,19,20,-1,18,20,21,-1,22,23,24,-1,24,23,25,-1,24,25,26,-1,
        ]
    }
}
Shape{
    appearance Appearance {
        material  Material 	{
            diffuseColor 1.0 1.0 1.0
            specularColor 0.8784313725490196 0.8784313725490196 0.8784313725490196
            ambientIntensity 1.0
            transparency 0.0
            shininess 0.5
        }
    }
    geometry IndexedFaceSet {
        ccw TRUE
        solid FALSE
        coord DEF co Coordinate {
            point [
                -0.6142 -1.3971 1.126, -0.6142 -1.3971 1.1223, -0.6158 -1.3658 1.126, -0.6198 -1.3347 1.12, -0.6198 -1.3347 1.126
            ]
        }
        coordIndex [
            0,1,2,-1,2,1,3,-1,2,3,4,-1,
        ]
    }
}
Shape{
    appearance Appearance {
        material  Material 	{
            diffuseColor 0.6666666666666666 0.6980392156862745 0.7686274509803922
            specularColor 0.3333333333333333 0.34901960784313724 0.3843137254901961
            ambientIntensity 0.6967
            transparency 0.0
            shininess 0.5
        }
    }
    geometry IndexedFaceSet {
        ccw TRUE
        solid FALSE
        coord DEF co Coordinate {
            point [
                -0.6142 -1.3971 1.1223, -0.6142 -1.3971 1.126, -0.8661 -1.3971 1.1223, -0.8661 -1.3971 1.126
            ]
        }
        coordIndex [
            0,1,2,-1,2,1,3,-1,
        ]
    }
}
Shape{
    appearance Appearance {
        material  Material 	{
            diffuseColor 1.0 1.0 1.0
            specularColor 0.8784313725490196 0.8784313725490196 0.8784313725490196
            ambientIntensity 1.0
            transparency 0.0
            shininess 0.5
        }
    }
    geometry IndexedFaceSet {
        ccw TRUE
        solid FALSE
        coord DEF co Coordinate {
            point [
                -0.8605 -1.3347 1.126, -0.8605 -1.3347 1.12, -0.8645 -1.3658 1.126, -0.8661 -1.3971 1.1223, -0.8661 -1.3971 1.126, -0.8246 -1.1257 1.1124, -0.8246 -1.1257 1.126, -0.8189 -1.0593 1.1099, -0.8203 -1.0926 1.126, -0.8189 -1.0593 1.126
            ]
        }
        coordIndex [
            0,1,2,-1,2,1,3,-1,2,3,4,-1,5,6,7,-1,7,6,8,-1,7,8,9,-1,
        ]
    }
}
Shape{
    appearance Appearance {
        material  Material 	{
            diffuseColor 0.6666666666666666 0.6980392156862745 0.7686274509803922
            specularColor 0.3333333333333333 0.34901960784313724 0.3843137254901961
            ambientIntensity 0.6967
            transparency 0.0
            shininess 0.5
        }
    }
    geometry IndexedFaceSet {
        ccw TRUE
        solid FALSE
        coord DEF co Coordinate {
            point [
                -0.8189 -0.6412 1.126, -0.8179 -0.6305 1.126, -0.8189 -0.6412 1.0946, -0.8171 -0.6266 1.0941, -0.8167 -0.6267 1.126, -0.8138 -0.6171 1.126, -0.8121 -0.6137 1.0936, -0.8118 -0.6139 1.126, -0.8064 -0.6049 1.126, -0.8034 -0.6014 1.0931, -0.8032 -0.6015 1.126, -0.7999 -0.5978 1.126, -0.7958 -0.5944 1.0929, -0.7955 -0.5948 1.126, -0.7875 -0.5891 1.126, -0.7834 -0.5872 1.0926, -0.7833 -0.5875 1.126, -0.7745 -0.5841 1.126, -0.77 -0.5831 1.0925, -0.77 -0.5835 1.126, -0.7598 -0.5823 1.126, -0.7598 -0.5823 1.0924
            ]
        }
        coordIndex [
            0,1,2,-1,2,1,3,-1,1,4,3,-1,3,4,5,-1,3,5,6,-1,5,7,6,-1,6,7,8,-1,6,8,9,-1,8,10,9,-1,9,10,11,-1,9,11,12,-1,11,13,12,-1,12,13,14,-1,12,14,15,-1,14,16,15,-1,15,16,17,-1,15,17,18,-1,17,19,18,-1,18,19,20,-1,18,20,21,-1,
        ]
    }
}
Shape{
    appearance Appearance {
        material  Material 	{
            diffuseColor 1.0 1.0 1.0
            specularColor 0.8784313725490196 0.8784313725490196 0.8784313725490196
            ambientIntensity 1.0
            transparency 0.0
            shininess 0.5
        }
    }
    geometry IndexedFaceSet {
        ccw TRUE
        solid FALSE
        coord DEF co Coordinate {
            point [
                -0.8661 -1.3971 1.2441, -0.8661 -1.3971 1.2441, -0.6142 -1.3971 1.2441, -0.6142 -1.3971 1.2441
            ]
        }
        coordIndex [
            0,1,2,-1,2,1,3,-1,
        ]
    }
}
Shape{
    appearance Appearance {
        material  Material 	{
            diffuseColor 0.6666666666666666 0.6980392156862745 0.7686274509803922
            specularColor 0.3333333333333333 0.34901960784313724 0.3843137254901961
            ambientIntensity 0.6967
            transparency 0.0
            shininess 0.5
        }
    }
    geometry IndexedFaceSet {
        ccw TRUE
        solid FALSE
        coord DEF co Coordinate {
            point [
                -0.8661 -1.3971 1.2441, -0.6142 -1.3971 1.2441, -0.617 -1.3659 1.2426, -0.6614 -0.6412 1.2097, -0.6845 -0.5944 1.2076, -0.6969 -0.5872 1.2073, -0.7745 -0.5841 1.2071, -0.7875 -0.5891 1.2074, -0.7999 -0.5978 1.2078, -0.8189 -1.0593 1.2287, -0.7205 -0.5823 1.2071, -0.8189 -0.6412 1.2097, -0.7598 -0.5823 1.2071, -0.8179 -0.6305 1.2092, -0.8138 -0.6171 1.2086, -0.6769 -0.6014 1.2079, -0.6633 -0.6266 1.2091, -0.6682 -0.6137 1.2085, -0.8064 -0.6049 1.2081, -0.7103 -0.5831 1.2071, -0.6614 -1.0593 1.2287, -0.6586 -1.0925 1.2302, -0.8217 -1.0925 1.2302, -0.6558 -1.1257 1.2317, -0.8246 -1.1257 1.2317, -0.6198 -1.3347 1.2412, -0.8605 -1.3347 1.2412, -0.8633 -1.3659 1.2426, 0.6142 -1.3971 1.2441, 0.8661 -1.3971 1.2441, 0.8633 -1.3659 1.2426, 0.8189 -0.6412 1.2097, 0.7958 -0.5944 1.2076, 0.7834 -0.5872 1.2073, 0.7058 -0.5841 1.2071, 0.6928 -0.5891 1.2074, 0.6805 -0.5978 1.2078, 0.6614 -1.0593 1.2287, 0.7598 -0.5823 1.2071, 0.6614 -0.6412 1.2097, 0.7205 -0.5823 1.2071, 0.6624 -0.6305 1.2092, 0.6665 -0.6171 1.2086, 0.77 -0.5831 1.2071, 0.8189 -1.0593 1.2287, 0.8217 -1.0925 1.2302, 0.6586 -1.0925 1.2302, 0.8246 -1.1257 1.2317, 0.6558 -1.1257 1.2317, 0.8605 -1.3347 1.2412, 0.6198 -1.3347 1.2412, 0.617 -1.3659 1.2426, 0.8034 -0.6014 1.2079, 0.8171 -0.6266 1.2091, 0.8121 -0.6137 1.2085, 0.6739 -0.6049 1.2081, -0.8189 -1.0593 1.1099, -0.8189 -0.6412 1.0946, -0.7598 -0.5823 1.0924, -0.6142 -1.3971 1.1223, -0.8661 -1.3971 1.1223, -0.6198 -1.3347 1.12, -0.8605 -1.3347 1.12, -0.6558 -1.1257 1.1124, -0.8246 -1.1257 1.1124, -0.6614 -1.0593 1.1099, -0.7958 -0.5944 1.0929, -0.7834 -0.5872 1.0926, -0.77 -0.5831 1.0925, -0.7058 -0.5841 1.0925, -0.6928 -0.5891 1.0927, -0.6805 -0.5978 1.093, -0.6614 -0.6412 1.0946, -0.7205 -0.5823 1.0924, -0.6624 -0.6305 1.0942, -0.6665 -0.6171 1.0937, -0.8034 -0.6014 1.0931, -0.8171 -0.6266 1.0941, -0.8121 -0.6137 1.0936, -0.6739 -0.6049 1.0933, 0.6558 -1.1257 1.1124, 0.6614 -1.0593 1.1099, 0.8189 -1.0593 1.1099, 0.8189 -0.6412 1.0946, 0.8246 -1.1257 1.1124, 0.8605 -1.3347 1.12, 0.6198 -1.3347 1.12, 0.8661 -1.3971 1.1223, 0.6142 -1.3971 1.1223, 0.7598 -0.5823 1.0924, 0.77 -0.5831 1.0925, 0.7834 -0.5872 1.0926, 0.6614 -0.6412 1.0946, 0.7205 -0.5823 1.0924, 0.6624 -0.6305 1.0942, 0.6665 -0.6171 1.0937, 0.6739 -0.6049 1.0933, 0.6805 -0.5978 1.093, 0.7058 -0.5841 1.0925, 0.6928 -0.5891 1.0927, 0.7958 -0.5944 1.0929, 0.8034 -0.6014 1.0931, 0.8171 -0.6266 1.0941, 0.8121 -0.6137 1.0936
            ]
        }
        coordIndex [
            0,1,2,-1,3,4,5,-1,6,7,8,-1,9,10,11,-1,11,10,12,-1,11,12,13,-1,13,12,14,-1,4,3,15,-1,15,3,16,-1,15,16,17,-1,6,8,12,-1,12,8,18,-1,12,18,14,-1,5,19,3,-1,3,19,10,-1,3,10,20,-1,20,10,9,-1,20,9,21,-1,21,9,22,-1,21,22,23,-1,23,22,24,-1,23,24,25,-1,25,24,26,-1,25,26,2,-1,2,26,27,-1,2,27,0,-1,28,29,30,-1,31,32,33,-1,34,35,36,-1,37,38,39,-1,39,38,40,-1,39,40,41,-1,41,40,42,-1,33,43,31,-1,31,43,38,-1,31,38,44,-1,44,38,37,-1,44,37,45,-1,45,37,46,-1,45,46,47,-1,47,46,48,-1,47,48,49,-1,49,48,50,-1,49,50,30,-1,30,50,51,-1,30,51,28,-1,32,31,52,-1,52,31,53,-1,52,53,54,-1,34,36,40,-1,40,36,55,-1,40,55,42,-1,56,57,58,-1,59,60,61,-1,61,60,62,-1,61,62,63,-1,63,62,64,-1,63,64,65,-1,66,67,57,-1,57,67,68,-1,57,68,58,-1,69,70,71,-1,64,56,65,-1,65,56,58,-1,65,58,72,-1,72,58,73,-1,72,73,74,-1,74,73,75,-1,66,57,76,-1,76,57,77,-1,76,77,78,-1,69,71,73,-1,73,71,79,-1,73,79,75,-1,80,81,82,-1,82,81,83,-1,82,84,80,-1,80,84,85,-1,80,85,86,-1,86,85,87,-1,86,87,88,-1,89,90,83,-1,83,90,91,-1,83,81,89,-1,89,81,92,-1,89,92,93,-1,93,92,94,-1,93,94,95,-1,95,96,93,-1,93,96,97,-1,93,97,98,-1,98,97,99,-1,91,100,83,-1,83,100,101,-1,83,101,102,-1,102,101,103,-1,
        ]
    }
}
Shape{
    appearance Appearance {
        material  Material 	{
            diffuseColor 0.9686274509803922 0.8784313725490196 0.6
            specularColor 0.6784313725490196 0.615686274509804 0.4196078431372549
            ambientIntensity 0.8737
            transparency 0.0
            shininess 0.5
        }
    }
    geometry IndexedFaceSet {
        ccw TRUE
        solid FALSE
        coord DEF co Coordinate {
            point [
                -0.9574 -0.5768 0.7714, -0.9574 -1.3642 0.7714, -0.9574 -0.5768 0.7701, -0.9574 -1.3642 0.7598, -0.9574 -0.5768 0.7598, -1.0111 -1.3642 0.7714, -1.0111 -0.5768 0.7714, -1.0111 -1.3642 0.7598, -1.0111 -0.5768 0.7701, -1.0111 -0.5768 0.7598, -0.7605 -0.5768 0.7714, -0.7605 -1.3642 0.7714, -0.7605 -0.5768 0.7701, -0.7605 -1.3642 0.7598, -0.7605 -0.5768 0.7598, -0.8143 -1.3642 0.7714, -0.8143 -0.5768 0.7714, -0.8143 -1.3642 0.7598, -0.8143 -0.5768 0.7701, -0.8143 -0.5768 0.7598, -0.5637 -0.5768 0.7714, -0.5637 -1.3642 0.7714, -0.5637 -0.5768 0.7701, -0.5637 -1.3642 0.7598, -0.5637 -0.5768 0.7598, -0.6174 -1.3642 0.7714, -0.6174 -0.5768 0.7714, -0.6174 -1.3642 0.7598, -0.6174 -0.5768 0.7701, -0.6174 -0.5768 0.7598, -0.3668 -0.5768 0.7714, -0.3668 -1.3642 0.7714, -0.3668 -0.5768 0.7701, -0.3668 -1.3642 0.7598, -0.3668 -0.5768 0.7598, -0.4206 -1.3642 0.7714, -0.4206 -0.5768 0.7714, -0.4206 -1.3642 0.7598, -0.4206 -0.5768 0.7701, -0.4206 -0.5768 0.7598, -0.17 -0.5768 0.7714, -0.17 -1.3642 0.7714, -0.17 -0.5768 0.7701, -0.17 -1.3642 0.7598, -0.17 -0.5768 0.7598, -0.2237 -1.3642 0.7714, -0.2237 -0.5768 0.7714, -0.2237 -1.3642 0.7598, -0.2237 -0.5768 0.7701, -0.2237 -0.5768 0.7598, 0.0269 -0.5768 0.7714, 0.0269 -1.3642 0.7714, 0.0269 -0.5768 0.7701, 0.0269 -1.3642 0.7598, 0.0269 -0.5768 0.7598, -0.0269 -1.3642 0.7714, -0.0269 -0.5768 0.7714, -0.0269 -1.3642 0.7598, -0.0269 -0.5768 0.7701, -0.0269 -0.5768 0.7598, 0.0 -0.5768 0.7701, 0.2237 -0.5768 0.7714, 0.2237 -1.3642 0.7714, 0.2237 -0.5768 0.7701, 0.2237 -1.3642 0.7598, 0.2237 -0.5768 0.7598, 0.17 -1.3642 0.7714, 0.17 -0.5768 0.7714, 0.17 -1.3642 0.7598, 0.17 -0.5768 0.7701, 0.17 -0.5768 0.7598, 0.4206 -0.5768 0.7714, 0.4206 -1.3642 0.7714, 0.4206 -0.5768 0.7701, 0.4206 -1.3642 0.7598, 0.4206 -0.5768 0.7598, 0.3668 -1.3642 0.7714, 0.3668 -0.5768 0.7714, 0.3668 -1.3642 0.7598, 0.3668 -0.5768 0.7701, 0.3668 -0.5768 0.7598, 0.6174 -0.5768 0.7714, 0.6174 -1.3642 0.7714, 0.6174 -0.5768 0.7701, 0.6174 -1.3642 0.7598, 0.6174 -0.5768 0.7598, 0.5637 -1.3642 0.7714, 0.5637 -0.5768 0.7714, 0.5637 -1.3642 0.7598, 0.5637 -0.5768 0.7701, 0.5637 -0.5768 0.7598, 0.8143 -0.5768 0.7714, 0.8143 -1.3642 0.7714, 0.8143 -0.5768 0.7701, 0.8143 -1.3642 0.7598, 0.8143 -0.5768 0.7598, 0.7605 -1.3642 0.7714, 0.7605 -0.5768 0.7714, 0.7605 -1.3642 0.7598, 0.7605 -0.5768 0.7701, 0.7605 -0.5768 0.7598, 1.0111 -0.5768 0.7714, 1.0111 -1.3642 0.7714, 1.0111 -0.5768 0.7701, 1.0111 -1.3642 0.7598, 1.0111 -0.5768 0.7598, 0.9574 -1.3642 0.7714, 0.9574 -0.5768 0.7714, 0.9574 -1.3642 0.7598, 0.9574 -0.5768 0.7701, 0.9574 -0.5768 0.7598, -0.9574 -0.5768 0.474, -0.9574 -0.5768 0.4727, -1.0111 -0.5768 0.474, -1.0111 -0.5768 0.4727, -0.9574 -1.3642 0.4727, -0.9574 -1.3642 0.4843, -0.9574 -0.5768 0.4843, -1.0111 -1.3642 0.4727, -1.0111 -1.3642 0.4843, -1.0111 -0.5768 0.4843, -0.7605 -0.5768 0.474, -0.7605 -0.5768 0.4727, -0.8143 -0.5768 0.474, -0.8143 -0.5768 0.4727, -0.7605 -1.3642 0.4727, -0.7605 -1.3642 0.4843, -0.7605 -0.5768 0.4843, -0.8143 -1.3642 0.4727, -0.8143 -1.3642 0.4843, -0.8143 -0.5768 0.4843, -0.5637 -0.5768 0.474, -0.5637 -0.5768 0.4727, -0.6174 -0.5768 0.474, -0.6174 -0.5768 0.4727, -0.5637 -1.3642 0.4727, -0.5637 -1.3642 0.4843, -0.5637 -0.5768 0.4843, -0.6174 -1.3642 0.4727, -0.6174 -1.3642 0.4843, -0.6174 -0.5768 0.4843, -0.3668 -0.5768 0.474, -0.3668 -0.5768 0.4727, -0.4206 -0.5768 0.474, -0.4206 -0.5768 0.4727, -0.3668 -1.3642 0.4727, -0.3668 -1.3642 0.4843, -0.3668 -0.5768 0.4843, -0.4206 -1.3642 0.4727, -0.4206 -1.3642 0.4843, -0.4206 -0.5768 0.4843, -0.17 -0.5768 0.474, -0.17 -0.5768 0.4727, -0.2237 -0.5768 0.474, -0.2237 -0.5768 0.4727, -0.17 -1.3642 0.4727, -0.17 -1.3642 0.4843, -0.17 -0.5768 0.4843, -0.2237 -1.3642 0.4727, -0.2237 -1.3642 0.4843, -0.2237 -0.5768 0.4843, 0.0269 -0.5768 0.474, 0.0269 -0.5768 0.4727, 0.0 -0.5768 0.474, -0.0269 -0.5768 0.4727, -0.0269 -0.5768 0.474, 0.0269 -1.3642 0.4727, 0.0269 -1.3642 0.4843, 0.0269 -0.5768 0.4843, -0.0269 -1.3642 0.4727, -0.0269 -1.3642 0.4843, -0.0269 -0.5768 0.4843, 0.2237 -0.5768 0.474, 0.2237 -0.5768 0.4727, 0.17 -0.5768 0.474, 0.17 -0.5768 0.4727, 0.2237 -1.3642 0.4727, 0.2237 -1.3642 0.4843, 0.2237 -0.5768 0.4843, 0.17 -1.3642 0.4727, 0.17 -1.3642 0.4843, 0.17 -0.5768 0.4843, 0.4206 -0.5768 0.474, 0.4206 -0.5768 0.4727, 0.3668 -0.5768 0.474, 0.3668 -0.5768 0.4727, 0.4206 -1.3642 0.4727, 0.4206 -1.3642 0.4843, 0.4206 -0.5768 0.4843, 0.3668 -1.3642 0.4727, 0.3668 -1.3642 0.4843, 0.3668 -0.5768 0.4843, 0.6174 -0.5768 0.474, 0.6174 -0.5768 0.4727, 0.5637 -0.5768 0.474, 0.5637 -0.5768 0.4727, 0.6174 -1.3642 0.4727, 0.6174 -1.3642 0.4843, 0.6174 -0.5768 0.4843, 0.5637 -1.3642 0.4727, 0.5637 -1.3642 0.4843, 0.5637 -0.5768 0.4843, 0.8143 -0.5768 0.474, 0.8143 -0.5768 0.4727, 0.7605 -0.5768 0.474, 0.7605 -0.5768 0.4727, 0.8143 -1.3642 0.4727, 0.8143 -1.3642 0.4843, 0.8143 -0.5768 0.4843, 0.7605 -1.3642 0.4727, 0.7605 -1.3642 0.4843, 0.7605 -0.5768 0.4843, 1.0111 -0.5768 0.474, 1.0111 -0.5768 0.4727, 0.9574 -0.5768 0.474, 0.9574 -0.5768 0.4727, 1.0111 -1.3642 0.4727, 1.0111 -1.3642 0.4843, 1.0111 -0.5768 0.4843, 0.9574 -1.3642 0.4727, 0.9574 -1.3642 0.4843, 0.9574 -0.5768 0.4843
            ]
        }
        coordIndex [
            0,1,2,-1,2,1,3,-1,2,3,4,-1,5,1,6,-1,6,1,0,-1,5,6,7,-1,7,6,8,-1,7,8,9,-1,3,1,7,-1,7,1,5,-1,6,0,8,-1,8,0,2,-1,10,11,12,-1,12,11,13,-1,12,13,14,-1,15,11,16,-1,16,11,10,-1,15,16,17,-1,17,16,18,-1,17,18,19,-1,13,11,17,-1,17,11,15,-1,16,10,18,-1,18,10,12,-1,20,21,22,-1,22,21,23,-1,22,23,24,-1,25,21,26,-1,26,21,20,-1,25,26,27,-1,27,26,28,-1,27,28,29,-1,23,21,27,-1,27,21,25,-1,26,20,28,-1,28,20,22,-1,30,31,32,-1,32,31,33,-1,32,33,34,-1,35,31,36,-1,36,31,30,-1,35,36,37,-1,37,36,38,-1,37,38,39,-1,33,31,37,-1,37,31,35,-1,36,30,38,-1,38,30,32,-1,40,41,42,-1,42,41,43,-1,42,43,44,-1,45,41,46,-1,46,41,40,-1,45,46,47,-1,47,46,48,-1,47,48,49,-1,43,41,47,-1,47,41,45,-1,46,40,48,-1,48,40,42,-1,50,51,52,-1,52,51,53,-1,52,53,54,-1,55,51,56,-1,56,51,50,-1,55,56,57,-1,57,56,58,-1,57,58,59,-1,53,51,57,-1,57,51,55,-1,58,56,60,-1,60,56,50,-1,60,50,52,-1,61,62,63,-1,63,62,64,-1,63,64,65,-1,66,62,67,-1,67,62,61,-1,66,67,68,-1,68,67,69,-1,68,69,70,-1,64,62,68,-1,68,62,66,-1,67,61,69,-1,69,61,63,-1,71,72,73,-1,73,72,74,-1,73,74,75,-1,76,72,77,-1,77,72,71,-1,76,77,78,-1,78,77,79,-1,78,79,80,-1,74,72,78,-1,78,72,76,-1,77,71,79,-1,79,71,73,-1,81,82,83,-1,83,82,84,-1,83,84,85,-1,86,82,87,-1,87,82,81,-1,86,87,88,-1,88,87,89,-1,88,89,90,-1,84,82,88,-1,88,82,86,-1,87,81,89,-1,89,81,83,-1,91,92,93,-1,93,92,94,-1,93,94,95,-1,96,92,97,-1,97,92,91,-1,96,97,98,-1,98,97,99,-1,98,99,100,-1,94,92,98,-1,98,92,96,-1,97,91,99,-1,99,91,93,-1,101,102,103,-1,103,102,104,-1,103,104,105,-1,106,102,107,-1,107,102,101,-1,106,107,108,-1,108,107,109,-1,108,109,110,-1,104,102,108,-1,108,102,106,-1,107,101,109,-1,109,101,103,-1,111,112,113,-1,113,112,114,-1,115,112,116,-1,116,112,111,-1,116,111,117,-1,114,118,113,-1,113,118,119,-1,113,119,120,-1,115,118,112,-1,112,118,114,-1,119,118,116,-1,116,118,115,-1,121,122,123,-1,123,122,124,-1,125,122,126,-1,126,122,121,-1,126,121,127,-1,124,128,123,-1,123,128,129,-1,123,129,130,-1,125,128,122,-1,122,128,124,-1,129,128,126,-1,126,128,125,-1,131,132,133,-1,133,132,134,-1,135,132,136,-1,136,132,131,-1,136,131,137,-1,134,138,133,-1,133,138,139,-1,133,139,140,-1,135,138,132,-1,132,138,134,-1,139,138,136,-1,136,138,135,-1,141,142,143,-1,143,142,144,-1,145,142,146,-1,146,142,141,-1,146,141,147,-1,144,148,143,-1,143,148,149,-1,143,149,150,-1,145,148,142,-1,142,148,144,-1,149,148,146,-1,146,148,145,-1,151,152,153,-1,153,152,154,-1,155,152,156,-1,156,152,151,-1,156,151,157,-1,154,158,153,-1,153,158,159,-1,153,159,160,-1,155,158,152,-1,152,158,154,-1,159,158,156,-1,156,158,155,-1,161,162,163,-1,163,162,164,-1,163,164,165,-1,166,162,167,-1,167,162,161,-1,167,161,168,-1,164,169,165,-1,165,169,170,-1,165,170,171,-1,166,169,162,-1,162,169,164,-1,170,169,167,-1,167,169,166,-1,172,173,174,-1,174,173,175,-1,176,173,177,-1,177,173,172,-1,177,172,178,-1,175,179,174,-1,174,179,180,-1,174,180,181,-1,176,179,173,-1,173,179,175,-1,180,179,177,-1,177,179,176,-1,182,183,184,-1,184,183,185,-1,186,183,187,-1,187,183,182,-1,187,182,188,-1,185,189,184,-1,184,189,190,-1,184,190,191,-1,186,189,183,-1,183,189,185,-1,190,189,187,-1,187,189,186,-1,192,193,194,-1,194,193,195,-1,196,193,197,-1,197,193,192,-1,197,192,198,-1,195,199,194,-1,194,199,200,-1,194,200,201,-1,196,199,193,-1,193,199,195,-1,200,199,197,-1,197,199,196,-1,202,203,204,-1,204,203,205,-1,206,203,207,-1,207,203,202,-1,207,202,208,-1,205,209,204,-1,204,209,210,-1,204,210,211,-1,206,209,203,-1,203,209,205,-1,210,209,207,-1,207,209,206,-1,212,213,214,-1,214,213,215,-1,216,213,217,-1,217,213,212,-1,217,212,218,-1,215,219,214,-1,214,219,220,-1,214,220,221,-1,216,219,213,-1,213,219,215,-1,220,219,217,-1,217,219,216,-1,
        ]
    }
}