2026-08-15 22:23:23.400 INFO   Freerouting v2.3.0 (build-date: 2026-08-07)
2026-08-15 22:23:23.405 DEBUG  [startup] user-data path : C:\Users\jfran\Documents\GitHub\H.265-SVRT\design\electrical\pcb-hmd-carrier-board\output\production-audit\freerouting-run-high-speed-neckdown-obstacles  (source: CLI argument --user_data_path)
2026-08-15 22:23:23.405 DEBUG  [startup] log file       : C:\Users\jfran\Documents\GitHub\H.265-SVRT\design\electrical\pcb-hmd-carrier-board\output\production-audit\freerouting-run-high-speed-neckdown-obstacles\freerouting.log
2026-08-15 22:23:23.407 DEBUG  No freerouting.json found at 'C:\Users\jfran\Documents\GitHub\H.265-SVRT\design\electrical\pcb-hmd-carrier-board\output\production-audit\freerouting-run-high-speed-neckdown-obstacles\freerouting.json' — will create one with default settings.
2026-08-15 22:23:23.458 DEBUG  Default settings saved to 'C:\Users\jfran\Documents\GitHub\H.265-SVRT\design\electrical\pcb-hmd-carrier-board\output\production-audit\freerouting-run-high-speed-neckdown-obstacles\freerouting.json'.
2026-08-15 22:23:23.459 DEBUG  Version: 2.3.0,2026-08-07
2026-08-15 22:23:23.459 DEBUG  Command line arguments: '-de C:\Users\jfran\Documents\GitHub\H.265-SVRT\design\electrical\pcb-hmd-carrier-board\output\production-audit\pcb-hmd-carrier-board2-high-speed-neckdown-obstacles.dsn -do C:\Users\jfran\Documents\GitHub\H.265-SVRT\design\electrical\pcb-hmd-carrier-board\output\production-audit\pcb-hmd-carrier-board2-high-speed-neckdown-obstacles.ses -mp 1 -mt 0 --router.fanout.enabled=true --router.optimizer.enabled=false --router.layers.routable=true,false,true,true,false,true --router.layers.preferred_direction_horizontal=true,false,false,true,false,true --api_server.enabled=false --gui.enabled=false --logging.console.level=INFO --user_data_path=C:\Users\jfran\Documents\GitHub\H.265-SVRT\design\electrical\pcb-hmd-carrier-board\output\production-audit\freerouting-run-high-speed-neckdown-obstacles -l en'
2026-08-15 22:23:23.459 DEBUG  Architecture: Windows 11,amd64,10.0
2026-08-15 22:23:23.459 DEBUG  Java: 25.0.4,Eclipse Adoptium
2026-08-15 22:23:23.459 DEBUG  System Language: fr,fr_FR
2026-08-15 22:23:23.459 DEBUG  Hardware: 12 CPU cores,4044 MB RAM
2026-08-15 22:23:23.460 DEBUG  UTC Time: 2026-08-15T20:23:23.458135700Z
2026-08-15 22:23:23.461 DEBUG  GUI Language: en
2026-08-15 22:23:23.462 DEBUG  Host: N/A
2026-08-15 22:23:24.515 DEBUG  Loaded router settings from: C:\Users\jfran\Documents\GitHub\H.265-SVRT\design\electrical\pcb-hmd-carrier-board\output\production-audit\freerouting-run-high-speed-neckdown-obstacles\freerouting.json
2026-08-15 22:23:24.515 DEBUG  Applied CLI router setting: router.max_passes = 1
2026-08-15 22:23:24.516 DEBUG  Applied CLI router setting: router.max_threads = 0
2026-08-15 22:23:24.516 DEBUG  Applied CLI router setting: router.fanout.enabled = true
2026-08-15 22:23:24.516 DEBUG  Applied CLI router setting: router.optimizer.enabled = false
2026-08-15 22:23:24.516 DEBUG  Applied CLI router setting: router.layers.routable = true,false,true,true,false,true
2026-08-15 22:23:24.516 DEBUG  Applied CLI router setting: router.layers.preferred_direction_horizontal = true,false,false,true,false,true
2026-08-15 22:23:24.516 DEBUG  Applied CLI router setting: router.enabled = true (implicit from -de/-do batch mode)
2026-08-15 22:23:24.517 DEBUG  No router settings found in environment variables
2026-08-15 22:23:24.588 DEBUG  Set DEFAULT clearance (all layers): 1500 (0.0375 mm) from DSN value 150.0
2026-08-15 22:23:24.607 DEBUG  Set clearance (all layers): smd_smd = 375 (0.009375 mm), classes [2,2]
2026-08-15 22:23:24.608 DEBUG  Set default trace width (all layers): DSN=150.0 → board=1500 (0.0375 mm)
2026-08-15 22:23:24.698 DEBUG  Loaded router settings from DSN file: pcb-hmd-carrier-board2-high-speed-neckdown-obstacles.dsn (6 layers)
2026-08-15 22:23:24.711 DEBUG  Set DEFAULT clearance (all layers): 1500 (0.0375 mm) from DSN value 150.0
2026-08-15 22:23:24.712 DEBUG  Set clearance (all layers): smd_smd = 375 (0.009375 mm), classes [2,2]
2026-08-15 22:23:24.712 DEBUG  Set default trace width (all layers): DSN=150.0 → board=1500 (0.0375 mm)
2026-08-15 22:23:24.750 DEBUG  Loaded router settings from DSN file: pcb-hmd-carrier-board2-high-speed-neckdown-obstacles.dsn (6 layers)
2026-08-15 22:23:24.752 DEBUG  Merging settings from 5 sources:
2026-08-15 22:23:24.753 DEBUG    - Default Settings (priority 0): base settings
2026-08-15 22:23:24.755 DEBUG    - freerouting.json (priority 10): 0 fields changed
2026-08-15 22:23:24.756 DEBUG    - DSN file: pcb-hmd-carrier-board2-high-speed-neckdown-obstacles.dsn (priority 20): 8 fields changed
2026-08-15 22:23:24.756 DEBUG    - Environment Variables (priority 55): 0 fields changed
2026-08-15 22:23:24.756 DEBUG    - CLI Arguments (priority 60): 9 fields changed
2026-08-15 22:23:24.756 DEBUG  Settings merged successfully from 5 source(s)
2026-08-15 22:23:24.870 DEBUG  No new version available. Current version is up to date: v2.3.0
2026-08-15 22:23:24.955 INFO   [3604CB\853608] Loading board file 'pcb-hmd-carrier-board2-high-speed-neckdown-obstacles.dsn'...
2026-08-15 22:23:24.963 DEBUG  Set DEFAULT clearance (all layers): 1500 (0.0375 mm) from DSN value 150.0
2026-08-15 22:23:24.963 DEBUG  Set clearance (all layers): smd_smd = 375 (0.009375 mm), classes [2,2]
2026-08-15 22:23:24.963 DEBUG  Set default trace width (all layers): DSN=150.0 → board=1500 (0.0375 mm)
2026-08-15 22:23:25.097 WARN   Wiring: via net '+3V3' not found at '+3V3'
2026-08-15 22:23:25.098 WARN   Wiring: via net '+3V3' not found at '+3V3'
2026-08-15 22:23:25.099 WARN   Wiring: via net 'LED_BLUE_GPIO16_N' not found at 'LED_BLUE_GPIO16_N'
2026-08-15 22:23:25.100 WARN   Wiring: via net 'LED_BLUE_GPIO16_N' not found at 'LED_BLUE_GPIO16_N'
2026-08-15 22:23:25.102 WARN   Wiring: via net 'nPI_LED_PWR' not found at 'nPI_LED_PWR'
2026-08-15 22:23:25.103 WARN   Wiring: via net 'nPI_LED_PWR' not found at 'nPI_LED_PWR'
2026-08-15 22:23:25.104 WARN   Wiring: via net 'VOL_DOWN_GPIO17_N' not found at 'VOL_DOWN_GPIO17_N'
2026-08-15 22:23:25.104 WARN   Wiring: via net 'VOL_DOWN_GPIO17_N' not found at 'VOL_DOWN_GPIO17_N'
2026-08-15 22:23:25.104 WARN   Wiring: via net 'LED_GREEN_GPIO13_N' not found at 'LED_GREEN_GPIO13_N'
2026-08-15 22:23:25.105 WARN   Wiring: via net 'LED_GREEN_GPIO13_N' not found at 'LED_GREEN_GPIO13_N'
2026-08-15 22:23:25.105 WARN   Wiring: via net 'VOL_UP_GPIO24_N' not found at 'VOL_UP_GPIO24_N'
2026-08-15 22:23:25.105 WARN   Wiring: via net 'VOL_UP_GPIO24_N' not found at 'VOL_UP_GPIO24_N'
2026-08-15 22:23:25.106 WARN   Wiring: via net 'PWR_KEY_GPIO26_N' not found at 'PWR_KEY_GPIO26_N'
2026-08-15 22:23:25.106 WARN   Wiring: via net 'PWR_KEY_GPIO26_N' not found at 'PWR_KEY_GPIO26_N'
2026-08-15 22:23:25.113 WARN   DSN file 'pcb-hmd-carrier-board2-high-speed-neckdown-obstacles.dsn' was loaded with 14 warning(s).
2026-08-15 22:23:25.114 DEBUG  applyBoardSpecificOptimizations changed parameters:
  Layer 0: bendCost: null -> 0.0; preferredDirectionTraceCost: 1.0 -> 2.2; undesiredDirectionTraceCost: 1.0 -> 5.1000000000000005;
  Layer 1: bendCost: null -> 0.0; undesiredDirectionTraceCost: 1.0 -> 1.3;
  Layer 2: bendCost: null -> 0.0; undesiredDirectionTraceCost: 1.0 -> 3.9000000000000004;
  Layer 3: bendCost: null -> 0.0; undesiredDirectionTraceCost: 1.0 -> 1.3;
  Layer 4: bendCost: null -> 0.0; undesiredDirectionTraceCost: 1.0 -> 3.9000000000000004;
  Layer 5: bendCost: null -> 0.0; preferredDirectionTraceCost: 1.0 -> 2.2; undesiredDirectionTraceCost: 1.0 -> 2.5;
2026-08-15 22:23:25.127 DEBUG  Applied copper-to-edge clearance override: 500.0 um (5000 board units).
2026-08-15 22:23:25.135 DEBUG  Set DEFAULT clearance (all layers): 1500 (0.0375 mm) from DSN value 150.0
2026-08-15 22:23:25.135 DEBUG  Set clearance (all layers): smd_smd = 375 (0.009375 mm), classes [2,2]
2026-08-15 22:23:25.135 DEBUG  Set default trace width (all layers): DSN=150.0 → board=1500 (0.0375 mm)
2026-08-15 22:23:25.153 DEBUG  Loaded router settings from DSN file: pcb-hmd-carrier-board2-high-speed-neckdown-obstacles.dsn (6 layers)
2026-08-15 22:23:25.154 DEBUG  Merging settings from 6 sources:
2026-08-15 22:23:25.154 DEBUG    - Default Settings (priority 0): base settings
2026-08-15 22:23:25.154 DEBUG    - freerouting.json (priority 10): 0 fields changed
2026-08-15 22:23:25.154 DEBUG    - DSN file: pcb-hmd-carrier-board2-high-speed-neckdown-obstacles.dsn (priority 20): 8 fields changed
2026-08-15 22:23:25.154 DEBUG    - Environment Variables (priority 55): 0 fields changed
2026-08-15 22:23:25.155 DEBUG    - CLI Arguments (priority 60): 9 fields changed
2026-08-15 22:23:25.155 DEBUG    - API Settings (priority 70): 28 fields changed
2026-08-15 22:23:25.155 DEBUG  Settings merged successfully from 6 source(s)
2026-08-15 22:23:25.155 DEBUG  applyBoardSpecificOptimizations changed parameters:
  Layer 0: preferredDirectionTraceCost: 1.0 -> 2.2; undesiredDirectionTraceCost: 1.0 -> 5.1000000000000005;
  Layer 1: undesiredDirectionTraceCost: 1.0 -> 1.3;
  Layer 2: undesiredDirectionTraceCost: 1.0 -> 3.9000000000000004;
  Layer 3: undesiredDirectionTraceCost: 1.0 -> 1.3;
  Layer 4: undesiredDirectionTraceCost: 1.0 -> 3.9000000000000004;
  Layer 5: preferredDirectionTraceCost: 1.0 -> 2.2; undesiredDirectionTraceCost: 1.0 -> 2.5;
2026-08-15 22:23:25.158 INFO   [3604CB\853608] Job '3604CB\853608' started at 2026-08-15T20:23:25.158597200Z.
2026-08-15 22:23:25.298 DEBUG  [3604CB\853608] Checking fanout pre-pass. settings.fanout.enabled=true, smd_pins=1581
2026-08-15 22:23:25.329 WARN   Wiring.write_wire_scope: net not found
2026-08-15 22:23:25.330 WARN   Wiring.write_wire_scope: net not found
2026-08-15 22:23:25.330 WARN   Wiring.write_wire_scope: net not found
2026-08-15 22:23:25.330 WARN   Wiring.write_wire_scope: net not found
2026-08-15 22:23:25.331 WARN   Wiring.write_wire_scope: net not found
2026-08-15 22:23:25.331 WARN   Wiring.write_wire_scope: net not found
2026-08-15 22:23:25.331 WARN   Wiring.write_wire_scope: net not found
2026-08-15 22:23:25.331 WARN   Wiring.write_wire_scope: net not found
2026-08-15 22:23:25.332 WARN   Wiring.write_wire_scope: net not found
2026-08-15 22:23:25.332 WARN   Wiring.write_wire_scope: net not found
2026-08-15 22:23:25.332 WARN   Wiring.write_wire_scope: net not found
2026-08-15 22:23:25.332 WARN   Wiring.write_wire_scope: net not found
2026-08-15 22:23:25.333 WARN   Wiring.write_wire_scope: net not found
2026-08-15 22:23:25.333 WARN   Wiring.write_wire_scope: net not found
2026-08-15 22:23:25.333 WARN   Wiring.write_wire_scope: net not found
2026-08-15 22:23:25.334 WARN   Wiring.write_wire_scope: net not found
2026-08-15 22:23:25.334 WARN   Wiring.write_wire_scope: net not found
2026-08-15 22:23:25.334 WARN   Wiring.write_wire_scope: net not found
2026-08-15 22:23:25.334 WARN   Wiring.write_wire_scope: net not found
2026-08-15 22:23:25.335 WARN   Wiring.write_wire_scope: net not found
2026-08-15 22:23:25.335 WARN   Wiring.write_wire_scope: net not found
2026-08-15 22:23:25.335 WARN   Wiring.write_wire_scope: net not found
2026-08-15 22:23:25.335 WARN   Wiring.write_wire_scope: net not found
2026-08-15 22:23:25.336 WARN   Wiring.write_wire_scope: net not found
2026-08-15 22:23:25.336 WARN   Wiring.write_wire_scope: net not found
2026-08-15 22:23:25.336 WARN   Wiring.write_wire_scope: net not found
2026-08-15 22:23:25.336 WARN   Wiring.write_wire_scope: net not found
2026-08-15 22:23:25.336 WARN   Wiring.write_wire_scope: net not found
2026-08-15 22:23:25.337 WARN   Wiring.write_wire_scope: net not found
2026-08-15 22:23:25.337 WARN   Wiring.write_wire_scope: net not found
2026-08-15 22:23:25.337 WARN   Wiring.write_wire_scope: net not found
2026-08-15 22:23:25.338 WARN   Wiring.write_wire_scope: net not found
2026-08-15 22:23:25.338 WARN   Wiring.write_wire_scope: net not found
2026-08-15 22:23:25.338 WARN   Wiring.write_wire_scope: net not found
2026-08-15 22:23:25.338 WARN   Wiring.write_wire_scope: net not found
2026-08-15 22:23:25.338 INFO   [3604CB\853608] Fanout stage started on board '3ae92e6f29903a030d5593b437b502ed' with 176 of 1581 SMD pins needing fanout (0 already connected, 1405 netless).
2026-08-15 22:23:25.338 WARN   Wiring.write_wire_scope: net not found
2026-08-15 22:23:25.339 WARN   Wiring.write_wire_scope: net not found
2026-08-15 22:23:25.340 WARN   Wiring.write_wire_scope: net not found
2026-08-15 22:23:25.340 WARN   Wiring.write_wire_scope: net not found
2026-08-15 22:23:25.340 WARN   Wiring.write_wire_scope: net not found
2026-08-15 22:23:25.340 WARN   Wiring.write_wire_scope: net not found
2026-08-15 22:23:25.341 WARN   Wiring.write_wire_scope: net not found
2026-08-15 22:23:25.341 WARN   Wiring.write_wire_scope: net not found
2026-08-15 22:23:25.341 WARN   Wiring.write_wire_scope: net not found
2026-08-15 22:23:25.341 WARN   Wiring.write_wire_scope: net not found
2026-08-15 22:23:25.342 WARN   Wiring.write_wire_scope: net not found
2026-08-15 22:23:25.342 WARN   Wiring.write_wire_scope: net not found
2026-08-15 22:23:25.342 WARN   Wiring.write_wire_scope: net not found
2026-08-15 22:23:25.342 WARN   Wiring.write_wire_scope: net not found
2026-08-15 22:23:25.343 WARN   Wiring.write_wire_scope: net not found
2026-08-15 22:23:25.343 WARN   Wiring.write_wire_scope: net not found
2026-08-15 22:23:25.343 WARN   Wiring.write_wire_scope: net not found
2026-08-15 22:23:25.343 WARN   Wiring.write_wire_scope: net not found
2026-08-15 22:23:25.343 WARN   Wiring.write_wire_scope: net not found
2026-08-15 22:23:25.344 WARN   Wiring.write_wire_scope: net not found
2026-08-15 22:23:25.344 WARN   Wiring.write_wire_scope: net not found
2026-08-15 22:23:25.344 WARN   Wiring.write_wire_scope: net not found
2026-08-15 22:23:25.344 WARN   Wiring.write_wire_scope: net not found
2026-08-15 22:23:25.528 WARN   Wiring.write_wire_scope: net not found
2026-08-15 22:23:25.528 WARN   Wiring.write_wire_scope: net not found
2026-08-15 22:23:25.529 WARN   Wiring.write_wire_scope: net not found
2026-08-15 22:23:25.529 WARN   Wiring.write_wire_scope: net not found
2026-08-15 22:23:25.529 WARN   Wiring.write_wire_scope: net not found
2026-08-15 22:23:25.529 WARN   Wiring.write_wire_scope: net not found
2026-08-15 22:23:25.529 WARN   Wiring.write_wire_scope: net not found
2026-08-15 22:23:25.530 WARN   Wiring.write_wire_scope: net not found
2026-08-15 22:23:25.530 WARN   Wiring.write_wire_scope: net not found
2026-08-15 22:23:25.530 WARN   Wiring.write_wire_scope: net not found
2026-08-15 22:23:25.530 WARN   Wiring.write_wire_scope: net not found
2026-08-15 22:23:25.530 WARN   Wiring.write_wire_scope: net not found
2026-08-15 22:23:25.531 WARN   Wiring.write_wire_scope: net not found
2026-08-15 22:23:25.531 WARN   Wiring.write_wire_scope: net not found
2026-08-15 22:23:25.531 WARN   Wiring.write_wire_scope: net not found
2026-08-15 22:23:25.531 WARN   Wiring.write_wire_scope: net not found
2026-08-15 22:23:25.532 WARN   Wiring.write_wire_scope: net not found
2026-08-15 22:23:25.532 WARN   Wiring.write_wire_scope: net not found
2026-08-15 22:23:25.532 WARN   Wiring.write_wire_scope: net not found
2026-08-15 22:23:25.532 WARN   Wiring.write_wire_scope: net not found
2026-08-15 22:23:25.532 WARN   Wiring.write_wire_scope: net not found
2026-08-15 22:23:25.532 WARN   Wiring.write_wire_scope: net not found
2026-08-15 22:23:25.533 WARN   Wiring.write_wire_scope: net not found
2026-08-15 22:23:25.533 WARN   Wiring.write_wire_scope: net not found
2026-08-15 22:23:25.533 WARN   Wiring.write_wire_scope: net not found
2026-08-15 22:23:25.533 WARN   Wiring.write_wire_scope: net not found
2026-08-15 22:23:25.534 WARN   Wiring.write_wire_scope: net not found
2026-08-15 22:23:25.534 WARN   Wiring.write_wire_scope: net not found
2026-08-15 22:23:25.534 WARN   Wiring.write_wire_scope: net not found
2026-08-15 22:23:25.534 WARN   Wiring.write_wire_scope: net not found
2026-08-15 22:23:25.535 WARN   Wiring.write_wire_scope: net not found
2026-08-15 22:23:25.535 WARN   Wiring.write_wire_scope: net not found
2026-08-15 22:23:25.535 WARN   Wiring.write_wire_scope: net not found
2026-08-15 22:23:25.535 WARN   Wiring.write_wire_scope: net not found
2026-08-15 22:23:25.536 WARN   Wiring.write_wire_scope: net not found
2026-08-15 22:23:25.536 WARN   Wiring.write_wire_scope: net not found
2026-08-15 22:23:25.536 WARN   Wiring.write_wire_scope: net not found
2026-08-15 22:23:25.536 WARN   Wiring.write_wire_scope: net not found
2026-08-15 22:23:25.536 WARN   Wiring.write_wire_scope: net not found
2026-08-15 22:23:25.537 WARN   Wiring.write_wire_scope: net not found
2026-08-15 22:23:25.537 WARN   Wiring.write_wire_scope: net not found
2026-08-15 22:23:25.537 WARN   Wiring.write_wire_scope: net not found
2026-08-15 22:23:25.537 WARN   Wiring.write_wire_scope: net not found
2026-08-15 22:23:25.537 WARN   Wiring.write_wire_scope: net not found
2026-08-15 22:23:25.538 WARN   Wiring.write_wire_scope: net not found
2026-08-15 22:23:25.538 WARN   Wiring.write_wire_scope: net not found
2026-08-15 22:23:25.538 WARN   Wiring.write_wire_scope: net not found
2026-08-15 22:23:25.538 WARN   Wiring.write_wire_scope: net not found
2026-08-15 22:23:25.538 WARN   Wiring.write_wire_scope: net not found
2026-08-15 22:23:25.539 WARN   Wiring.write_wire_scope: net not found
2026-08-15 22:23:25.539 WARN   Wiring.write_wire_scope: net not found
2026-08-15 22:23:25.539 WARN   Wiring.write_wire_scope: net not found
2026-08-15 22:23:25.539 WARN   Wiring.write_wire_scope: net not found
2026-08-15 22:23:25.539 WARN   Wiring.write_wire_scope: net not found
2026-08-15 22:23:25.540 WARN   Wiring.write_wire_scope: net not found
2026-08-15 22:23:25.540 WARN   Wiring.write_wire_scope: net not found
2026-08-15 22:23:25.540 WARN   Wiring.write_wire_scope: net not found
2026-08-15 22:23:25.540 WARN   Wiring.write_wire_scope: net not found
2026-08-15 22:23:25.803 WARN   Wiring.write_wire_scope: net not found
2026-08-15 22:23:25.816 WARN   Wiring.write_wire_scope: net not found
2026-08-15 22:23:25.817 WARN   Wiring.write_wire_scope: net not found
2026-08-15 22:23:25.817 WARN   Wiring.write_wire_scope: net not found
2026-08-15 22:23:25.817 WARN   Wiring.write_wire_scope: net not found
2026-08-15 22:23:25.818 WARN   Wiring.write_wire_scope: net not found
2026-08-15 22:23:25.818 WARN   Wiring.write_wire_scope: net not found
2026-08-15 22:23:25.818 WARN   Wiring.write_wire_scope: net not found
2026-08-15 22:23:25.819 WARN   Wiring.write_wire_scope: net not found
2026-08-15 22:23:25.819 WARN   Wiring.write_wire_scope: net not found
2026-08-15 22:23:25.819 WARN   Wiring.write_wire_scope: net not found
2026-08-15 22:23:25.819 WARN   Wiring.write_wire_scope: net not found
2026-08-15 22:23:25.820 WARN   Wiring.write_wire_scope: net not found
2026-08-15 22:23:25.820 WARN   Wiring.write_wire_scope: net not found
2026-08-15 22:23:25.820 WARN   Wiring.write_wire_scope: net not found
2026-08-15 22:23:25.821 WARN   Wiring.write_wire_scope: net not found
2026-08-15 22:23:25.821 WARN   Wiring.write_wire_scope: net not found
2026-08-15 22:23:25.821 WARN   Wiring.write_wire_scope: net not found
2026-08-15 22:23:25.821 WARN   Wiring.write_wire_scope: net not found
2026-08-15 22:23:25.821 WARN   Wiring.write_wire_scope: net not found
2026-08-15 22:23:25.822 WARN   Wiring.write_wire_scope: net not found
2026-08-15 22:23:25.822 WARN   Wiring.write_wire_scope: net not found
2026-08-15 22:23:25.822 WARN   Wiring.write_wire_scope: net not found
2026-08-15 22:23:25.822 WARN   Wiring.write_wire_scope: net not found
2026-08-15 22:23:25.823 WARN   Wiring.write_wire_scope: net not found
2026-08-15 22:23:25.823 WARN   Wiring.write_wire_scope: net not found
2026-08-15 22:23:25.823 WARN   Wiring.write_wire_scope: net not found
2026-08-15 22:23:25.823 WARN   Wiring.write_wire_scope: net not found
2026-08-15 22:23:25.823 WARN   Wiring.write_wire_scope: net not found
2026-08-15 22:23:25.824 WARN   Wiring.write_wire_scope: net not found
2026-08-15 22:23:25.824 WARN   Wiring.write_wire_scope: net not found
2026-08-15 22:23:25.824 WARN   Wiring.write_wire_scope: net not found
2026-08-15 22:23:25.825 WARN   Wiring.write_wire_scope: net not found
2026-08-15 22:23:25.825 WARN   Wiring.write_wire_scope: net not found
2026-08-15 22:23:25.825 WARN   Wiring.write_wire_scope: net not found
2026-08-15 22:23:25.825 WARN   Wiring.write_wire_scope: net not found
2026-08-15 22:23:25.826 WARN   Wiring.write_wire_scope: net not found
2026-08-15 22:23:25.826 WARN   Wiring.write_wire_scope: net not found
2026-08-15 22:23:25.826 WARN   Wiring.write_wire_scope: net not found
2026-08-15 22:23:25.826 WARN   Wiring.write_wire_scope: net not found
2026-08-15 22:23:25.826 WARN   Wiring.write_wire_scope: net not found
2026-08-15 22:23:25.826 WARN   Wiring.write_wire_scope: net not found
2026-08-15 22:23:25.827 WARN   Wiring.write_wire_scope: net not found
2026-08-15 22:23:25.827 WARN   Wiring.write_wire_scope: net not found
2026-08-15 22:23:25.827 WARN   Wiring.write_wire_scope: net not found
2026-08-15 22:23:25.827 WARN   Wiring.write_wire_scope: net not found
2026-08-15 22:23:25.828 WARN   Wiring.write_wire_scope: net not found
2026-08-15 22:23:25.828 WARN   Wiring.write_wire_scope: net not found
2026-08-15 22:23:25.828 WARN   Wiring.write_wire_scope: net not found
2026-08-15 22:23:25.828 WARN   Wiring.write_wire_scope: net not found
2026-08-15 22:23:25.829 WARN   Wiring.write_wire_scope: net not found
2026-08-15 22:23:25.829 WARN   Wiring.write_wire_scope: net not found
2026-08-15 22:23:25.829 WARN   Wiring.write_wire_scope: net not found
2026-08-15 22:23:25.829 WARN   Wiring.write_wire_scope: net not found
2026-08-15 22:23:25.829 WARN   Wiring.write_wire_scope: net not found
2026-08-15 22:23:25.829 WARN   Wiring.write_wire_scope: net not found
2026-08-15 22:23:25.830 WARN   Wiring.write_wire_scope: net not found
2026-08-15 22:23:25.830 WARN   Wiring.write_wire_scope: net not found
2026-08-15 22:23:26.280 DEBUG  ShapeSearchTree45Degree.restrain_shape: p_shape_to_be_contained is empty
2026-08-15 22:23:26.819 WARN   Wiring.write_wire_scope: net not found
2026-08-15 22:23:26.819 WARN   Wiring.write_wire_scope: net not found
2026-08-15 22:23:26.819 WARN   Wiring.write_wire_scope: net not found
2026-08-15 22:23:26.819 WARN   Wiring.write_wire_scope: net not found
2026-08-15 22:23:26.820 WARN   Wiring.write_wire_scope: net not found
2026-08-15 22:23:26.820 WARN   Wiring.write_wire_scope: net not found
2026-08-15 22:23:26.820 WARN   Wiring.write_wire_scope: net not found
2026-08-15 22:23:26.820 WARN   Wiring.write_wire_scope: net not found
2026-08-15 22:23:26.821 WARN   Wiring.write_wire_scope: net not found
2026-08-15 22:23:26.821 WARN   Wiring.write_wire_scope: net not found
2026-08-15 22:23:26.821 WARN   Wiring.write_wire_scope: net not found
2026-08-15 22:23:26.822 WARN   Wiring.write_wire_scope: net not found
2026-08-15 22:23:26.822 WARN   Wiring.write_wire_scope: net not found
2026-08-15 22:23:26.822 WARN   Wiring.write_wire_scope: net not found
2026-08-15 22:23:26.822 WARN   Wiring.write_wire_scope: net not found
2026-08-15 22:23:26.823 WARN   Wiring.write_wire_scope: net not found
2026-08-15 22:23:26.823 WARN   Wiring.write_wire_scope: net not found
2026-08-15 22:23:26.823 WARN   Wiring.write_wire_scope: net not found
2026-08-15 22:23:26.823 WARN   Wiring.write_wire_scope: net not found
2026-08-15 22:23:26.824 WARN   Wiring.write_wire_scope: net not found
2026-08-15 22:23:26.824 WARN   Wiring.write_wire_scope: net not found
2026-08-15 22:23:26.824 WARN   Wiring.write_wire_scope: net not found
2026-08-15 22:23:26.824 WARN   Wiring.write_wire_scope: net not found
2026-08-15 22:23:26.824 WARN   Wiring.write_wire_scope: net not found
2026-08-15 22:23:26.825 WARN   Wiring.write_wire_scope: net not found
2026-08-15 22:23:26.825 WARN   Wiring.write_wire_scope: net not found
2026-08-15 22:23:26.825 WARN   Wiring.write_wire_scope: net not found
2026-08-15 22:23:26.825 WARN   Wiring.write_wire_scope: net not found
2026-08-15 22:23:26.826 WARN   Wiring.write_wire_scope: net not found
2026-08-15 22:23:26.826 WARN   Wiring.write_wire_scope: net not found
2026-08-15 22:23:26.826 WARN   Wiring.write_wire_scope: net not found
2026-08-15 22:23:26.826 WARN   Wiring.write_wire_scope: net not found
2026-08-15 22:23:26.826 WARN   Wiring.write_wire_scope: net not found
2026-08-15 22:23:26.827 WARN   Wiring.write_wire_scope: net not found
2026-08-15 22:23:26.827 WARN   Wiring.write_wire_scope: net not found
2026-08-15 22:23:26.827 WARN   Wiring.write_wire_scope: net not found
2026-08-15 22:23:26.827 WARN   Wiring.write_wire_scope: net not found
2026-08-15 22:23:26.828 WARN   Wiring.write_wire_scope: net not found
2026-08-15 22:23:26.828 WARN   Wiring.write_wire_scope: net not found
2026-08-15 22:23:26.828 WARN   Wiring.write_wire_scope: net not found
2026-08-15 22:23:26.829 WARN   Wiring.write_wire_scope: net not found
2026-08-15 22:23:26.829 WARN   Wiring.write_wire_scope: net not found
2026-08-15 22:23:26.829 WARN   Wiring.write_wire_scope: net not found
2026-08-15 22:23:26.829 WARN   Wiring.write_wire_scope: net not found
2026-08-15 22:23:26.830 WARN   Wiring.write_wire_scope: net not found
2026-08-15 22:23:26.830 WARN   Wiring.write_wire_scope: net not found
2026-08-15 22:23:26.830 WARN   Wiring.write_wire_scope: net not found
2026-08-15 22:23:26.830 WARN   Wiring.write_wire_scope: net not found
2026-08-15 22:23:26.830 WARN   Wiring.write_wire_scope: net not found
2026-08-15 22:23:26.830 WARN   Wiring.write_wire_scope: net not found
2026-08-15 22:23:26.830 WARN   Wiring.write_wire_scope: net not found
2026-08-15 22:23:26.831 WARN   Wiring.write_wire_scope: net not found
2026-08-15 22:23:26.831 WARN   Wiring.write_wire_scope: net not found
2026-08-15 22:23:26.831 WARN   Wiring.write_wire_scope: net not found
2026-08-15 22:23:26.831 WARN   Wiring.write_wire_scope: net not found
2026-08-15 22:23:26.831 WARN   Wiring.write_wire_scope: net not found
2026-08-15 22:23:26.831 WARN   Wiring.write_wire_scope: net not found
2026-08-15 22:23:26.831 WARN   Wiring.write_wire_scope: net not found
2026-08-15 22:23:27.829 WARN   Wiring.write_wire_scope: net not found
2026-08-15 22:23:27.830 WARN   Wiring.write_wire_scope: net not found
2026-08-15 22:23:27.830 WARN   Wiring.write_wire_scope: net not found
2026-08-15 22:23:27.831 WARN   Wiring.write_wire_scope: net not found
2026-08-15 22:23:27.831 WARN   Wiring.write_wire_scope: net not found
2026-08-15 22:23:27.831 WARN   Wiring.write_wire_scope: net not found
2026-08-15 22:23:27.831 WARN   Wiring.write_wire_scope: net not found
2026-08-15 22:23:27.831 WARN   Wiring.write_wire_scope: net not found
2026-08-15 22:23:27.832 WARN   Wiring.write_wire_scope: net not found
2026-08-15 22:23:27.832 WARN   Wiring.write_wire_scope: net not found
2026-08-15 22:23:27.832 WARN   Wiring.write_wire_scope: net not found
2026-08-15 22:23:27.832 WARN   Wiring.write_wire_scope: net not found
2026-08-15 22:23:27.833 WARN   Wiring.write_wire_scope: net not found
2026-08-15 22:23:27.833 WARN   Wiring.write_wire_scope: net not found
2026-08-15 22:23:27.833 WARN   Wiring.write_wire_scope: net not found
2026-08-15 22:23:27.834 WARN   Wiring.write_wire_scope: net not found
2026-08-15 22:23:27.834 WARN   Wiring.write_wire_scope: net not found
2026-08-15 22:23:27.834 WARN   Wiring.write_wire_scope: net not found
2026-08-15 22:23:27.834 WARN   Wiring.write_wire_scope: net not found
2026-08-15 22:23:27.834 WARN   Wiring.write_wire_scope: net not found
2026-08-15 22:23:27.834 WARN   Wiring.write_wire_scope: net not found
2026-08-15 22:23:27.835 WARN   Wiring.write_wire_scope: net not found
2026-08-15 22:23:27.835 WARN   Wiring.write_wire_scope: net not found
2026-08-15 22:23:27.835 WARN   Wiring.write_wire_scope: net not found
2026-08-15 22:23:27.835 WARN   Wiring.write_wire_scope: net not found
2026-08-15 22:23:27.836 WARN   Wiring.write_wire_scope: net not found
2026-08-15 22:23:27.836 WARN   Wiring.write_wire_scope: net not found
2026-08-15 22:23:27.836 WARN   Wiring.write_wire_scope: net not found
2026-08-15 22:23:27.836 WARN   Wiring.write_wire_scope: net not found
2026-08-15 22:23:27.836 WARN   Wiring.write_wire_scope: net not found
2026-08-15 22:23:27.836 WARN   Wiring.write_wire_scope: net not found
2026-08-15 22:23:27.837 WARN   Wiring.write_wire_scope: net not found
2026-08-15 22:23:27.837 WARN   Wiring.write_wire_scope: net not found
2026-08-15 22:23:27.837 WARN   Wiring.write_wire_scope: net not found
2026-08-15 22:23:27.837 WARN   Wiring.write_wire_scope: net not found
2026-08-15 22:23:27.837 WARN   Wiring.write_wire_scope: net not found
2026-08-15 22:23:27.837 WARN   Wiring.write_wire_scope: net not found
2026-08-15 22:23:27.837 WARN   Wiring.write_wire_scope: net not found
2026-08-15 22:23:27.838 WARN   Wiring.write_wire_scope: net not found
2026-08-15 22:23:27.838 WARN   Wiring.write_wire_scope: net not found
2026-08-15 22:23:27.838 WARN   Wiring.write_wire_scope: net not found
2026-08-15 22:23:27.838 WARN   Wiring.write_wire_scope: net not found
2026-08-15 22:23:27.838 WARN   Wiring.write_wire_scope: net not found
2026-08-15 22:23:27.839 WARN   Wiring.write_wire_scope: net not found
2026-08-15 22:23:27.839 WARN   Wiring.write_wire_scope: net not found
2026-08-15 22:23:27.839 WARN   Wiring.write_wire_scope: net not found
2026-08-15 22:23:27.839 WARN   Wiring.write_wire_scope: net not found
2026-08-15 22:23:27.839 WARN   Wiring.write_wire_scope: net not found
2026-08-15 22:23:27.840 WARN   Wiring.write_wire_scope: net not found
2026-08-15 22:23:27.840 WARN   Wiring.write_wire_scope: net not found
2026-08-15 22:23:27.840 WARN   Wiring.write_wire_scope: net not found
2026-08-15 22:23:27.840 WARN   Wiring.write_wire_scope: net not found
2026-08-15 22:23:27.840 WARN   Wiring.write_wire_scope: net not found
2026-08-15 22:23:27.841 WARN   Wiring.write_wire_scope: net not found
2026-08-15 22:23:27.841 WARN   Wiring.write_wire_scope: net not found
2026-08-15 22:23:27.841 WARN   Wiring.write_wire_scope: net not found
2026-08-15 22:23:27.841 WARN   Wiring.write_wire_scope: net not found
2026-08-15 22:23:27.842 WARN   Wiring.write_wire_scope: net not found
2026-08-15 22:23:28.834 WARN   Wiring.write_wire_scope: net not found
2026-08-15 22:23:28.834 WARN   Wiring.write_wire_scope: net not found
2026-08-15 22:23:28.835 WARN   Wiring.write_wire_scope: net not found
2026-08-15 22:23:28.835 WARN   Wiring.write_wire_scope: net not found
2026-08-15 22:23:28.835 WARN   Wiring.write_wire_scope: net not found
2026-08-15 22:23:28.835 WARN   Wiring.write_wire_scope: net not found
2026-08-15 22:23:28.836 WARN   Wiring.write_wire_scope: net not found
2026-08-15 22:23:28.836 WARN   Wiring.write_wire_scope: net not found
2026-08-15 22:23:28.836 WARN   Wiring.write_wire_scope: net not found
2026-08-15 22:23:28.836 WARN   Wiring.write_wire_scope: net not found
2026-08-15 22:23:28.837 WARN   Wiring.write_wire_scope: net not found
2026-08-15 22:23:28.837 WARN   Wiring.write_wire_scope: net not found
2026-08-15 22:23:28.837 WARN   Wiring.write_wire_scope: net not found
2026-08-15 22:23:28.837 WARN   Wiring.write_wire_scope: net not found
2026-08-15 22:23:28.837 WARN   Wiring.write_wire_scope: net not found
2026-08-15 22:23:28.838 WARN   Wiring.write_wire_scope: net not found
2026-08-15 22:23:28.838 WARN   Wiring.write_wire_scope: net not found
2026-08-15 22:23:28.838 WARN   Wiring.write_wire_scope: net not found
2026-08-15 22:23:28.838 WARN   Wiring.write_wire_scope: net not found
2026-08-15 22:23:28.838 WARN   Wiring.write_wire_scope: net not found
2026-08-15 22:23:28.839 WARN   Wiring.write_wire_scope: net not found
2026-08-15 22:23:28.839 WARN   Wiring.write_wire_scope: net not found
2026-08-15 22:23:28.839 WARN   Wiring.write_wire_scope: net not found
2026-08-15 22:23:28.839 WARN   Wiring.write_wire_scope: net not found
2026-08-15 22:23:28.839 WARN   Wiring.write_wire_scope: net not found
2026-08-15 22:23:28.839 WARN   Wiring.write_wire_scope: net not found
2026-08-15 22:23:28.840 WARN   Wiring.write_wire_scope: net not found
2026-08-15 22:23:28.840 WARN   Wiring.write_wire_scope: net not found
2026-08-15 22:23:28.840 WARN   Wiring.write_wire_scope: net not found
2026-08-15 22:23:28.840 WARN   Wiring.write_wire_scope: net not found
2026-08-15 22:23:28.840 WARN   Wiring.write_wire_scope: net not found
2026-08-15 22:23:28.841 WARN   Wiring.write_wire_scope: net not found
2026-08-15 22:23:28.841 WARN   Wiring.write_wire_scope: net not found
2026-08-15 22:23:28.841 WARN   Wiring.write_wire_scope: net not found
2026-08-15 22:23:28.841 WARN   Wiring.write_wire_scope: net not found
2026-08-15 22:23:28.841 WARN   Wiring.write_wire_scope: net not found
2026-08-15 22:23:28.842 WARN   Wiring.write_wire_scope: net not found
2026-08-15 22:23:28.842 WARN   Wiring.write_wire_scope: net not found
2026-08-15 22:23:28.842 WARN   Wiring.write_wire_scope: net not found
2026-08-15 22:23:28.842 WARN   Wiring.write_wire_scope: net not found
2026-08-15 22:23:28.843 WARN   Wiring.write_wire_scope: net not found
2026-08-15 22:23:28.843 WARN   Wiring.write_wire_scope: net not found
2026-08-15 22:23:28.843 WARN   Wiring.write_wire_scope: net not found
2026-08-15 22:23:28.843 WARN   Wiring.write_wire_scope: net not found
2026-08-15 22:23:28.843 WARN   Wiring.write_wire_scope: net not found
2026-08-15 22:23:28.843 WARN   Wiring.write_wire_scope: net not found
2026-08-15 22:23:28.844 WARN   Wiring.write_wire_scope: net not found
2026-08-15 22:23:28.844 WARN   Wiring.write_wire_scope: net not found
2026-08-15 22:23:28.844 WARN   Wiring.write_wire_scope: net not found
2026-08-15 22:23:28.844 WARN   Wiring.write_wire_scope: net not found
2026-08-15 22:23:28.844 WARN   Wiring.write_wire_scope: net not found
2026-08-15 22:23:28.845 WARN   Wiring.write_wire_scope: net not found
2026-08-15 22:23:28.845 WARN   Wiring.write_wire_scope: net not found
2026-08-15 22:23:28.845 WARN   Wiring.write_wire_scope: net not found
2026-08-15 22:23:28.845 WARN   Wiring.write_wire_scope: net not found
2026-08-15 22:23:28.846 WARN   Wiring.write_wire_scope: net not found
2026-08-15 22:23:28.846 WARN   Wiring.write_wire_scope: net not found
2026-08-15 22:23:28.846 WARN   Wiring.write_wire_scope: net not found
2026-08-15 22:23:29.827 WARN   Wiring.write_wire_scope: net not found
2026-08-15 22:23:29.828 WARN   Wiring.write_wire_scope: net not found
2026-08-15 22:23:29.828 WARN   Wiring.write_wire_scope: net not found
2026-08-15 22:23:29.828 WARN   Wiring.write_wire_scope: net not found
2026-08-15 22:23:29.828 WARN   Wiring.write_wire_scope: net not found
2026-08-15 22:23:29.828 WARN   Wiring.write_wire_scope: net not found
2026-08-15 22:23:29.829 WARN   Wiring.write_wire_scope: net not found
2026-08-15 22:23:29.829 WARN   Wiring.write_wire_scope: net not found
2026-08-15 22:23:29.829 WARN   Wiring.write_wire_scope: net not found
2026-08-15 22:23:29.829 WARN   Wiring.write_wire_scope: net not found
2026-08-15 22:23:29.829 WARN   Wiring.write_wire_scope: net not found
2026-08-15 22:23:29.830 WARN   Wiring.write_wire_scope: net not found
2026-08-15 22:23:29.830 WARN   Wiring.write_wire_scope: net not found
2026-08-15 22:23:29.830 WARN   Wiring.write_wire_scope: net not found
2026-08-15 22:23:29.830 WARN   Wiring.write_wire_scope: net not found
2026-08-15 22:23:29.830 WARN   Wiring.write_wire_scope: net not found
2026-08-15 22:23:29.830 WARN   Wiring.write_wire_scope: net not found
2026-08-15 22:23:29.831 WARN   Wiring.write_wire_scope: net not found
2026-08-15 22:23:29.831 WARN   Wiring.write_wire_scope: net not found
2026-08-15 22:23:29.831 WARN   Wiring.write_wire_scope: net not found
2026-08-15 22:23:29.831 WARN   Wiring.write_wire_scope: net not found
2026-08-15 22:23:29.831 WARN   Wiring.write_wire_scope: net not found
2026-08-15 22:23:29.831 WARN   Wiring.write_wire_scope: net not found
2026-08-15 22:23:29.831 WARN   Wiring.write_wire_scope: net not found
2026-08-15 22:23:29.831 WARN   Wiring.write_wire_scope: net not found
2026-08-15 22:23:29.831 WARN   Wiring.write_wire_scope: net not found
2026-08-15 22:23:29.832 WARN   Wiring.write_wire_scope: net not found
2026-08-15 22:23:29.832 WARN   Wiring.write_wire_scope: net not found
2026-08-15 22:23:29.832 WARN   Wiring.write_wire_scope: net not found
2026-08-15 22:23:29.833 WARN   Wiring.write_wire_scope: net not found
2026-08-15 22:23:29.833 WARN   Wiring.write_wire_scope: net not found
2026-08-15 22:23:29.833 WARN   Wiring.write_wire_scope: net not found
2026-08-15 22:23:29.833 WARN   Wiring.write_wire_scope: net not found
2026-08-15 22:23:29.833 WARN   Wiring.write_wire_scope: net not found
2026-08-15 22:23:29.834 WARN   Wiring.write_wire_scope: net not found
2026-08-15 22:23:29.834 WARN   Wiring.write_wire_scope: net not found
2026-08-15 22:23:29.834 WARN   Wiring.write_wire_scope: net not found
2026-08-15 22:23:29.834 WARN   Wiring.write_wire_scope: net not found
2026-08-15 22:23:29.834 WARN   Wiring.write_wire_scope: net not found
2026-08-15 22:23:29.834 WARN   Wiring.write_wire_scope: net not found
2026-08-15 22:23:29.835 WARN   Wiring.write_wire_scope: net not found
2026-08-15 22:23:29.835 WARN   Wiring.write_wire_scope: net not found
2026-08-15 22:23:29.835 WARN   Wiring.write_wire_scope: net not found
2026-08-15 22:23:29.835 WARN   Wiring.write_wire_scope: net not found
2026-08-15 22:23:29.835 WARN   Wiring.write_wire_scope: net not found
2026-08-15 22:23:29.835 WARN   Wiring.write_wire_scope: net not found
2026-08-15 22:23:29.835 WARN   Wiring.write_wire_scope: net not found
2026-08-15 22:23:29.836 WARN   Wiring.write_wire_scope: net not found
2026-08-15 22:23:29.836 WARN   Wiring.write_wire_scope: net not found
2026-08-15 22:23:29.836 WARN   Wiring.write_wire_scope: net not found
2026-08-15 22:23:29.836 WARN   Wiring.write_wire_scope: net not found
2026-08-15 22:23:29.836 WARN   Wiring.write_wire_scope: net not found
2026-08-15 22:23:29.836 WARN   Wiring.write_wire_scope: net not found
2026-08-15 22:23:29.837 WARN   Wiring.write_wire_scope: net not found
2026-08-15 22:23:29.837 WARN   Wiring.write_wire_scope: net not found
2026-08-15 22:23:29.837 WARN   Wiring.write_wire_scope: net not found
2026-08-15 22:23:29.837 WARN   Wiring.write_wire_scope: net not found
2026-08-15 22:23:29.837 WARN   Wiring.write_wire_scope: net not found
2026-08-15 22:23:30.852 WARN   Wiring.write_wire_scope: net not found
2026-08-15 22:23:30.853 WARN   Wiring.write_wire_scope: net not found
2026-08-15 22:23:30.853 WARN   Wiring.write_wire_scope: net not found
2026-08-15 22:23:30.853 WARN   Wiring.write_wire_scope: net not found
2026-08-15 22:23:30.853 WARN   Wiring.write_wire_scope: net not found
2026-08-15 22:23:30.854 WARN   Wiring.write_wire_scope: net not found
2026-08-15 22:23:30.854 WARN   Wiring.write_wire_scope: net not found
2026-08-15 22:23:30.854 WARN   Wiring.write_wire_scope: net not found
2026-08-15 22:23:30.854 WARN   Wiring.write_wire_scope: net not found
2026-08-15 22:23:30.854 WARN   Wiring.write_wire_scope: net not found
2026-08-15 22:23:30.854 WARN   Wiring.write_wire_scope: net not found
2026-08-15 22:23:30.855 WARN   Wiring.write_wire_scope: net not found
2026-08-15 22:23:30.855 WARN   Wiring.write_wire_scope: net not found
2026-08-15 22:23:30.855 WARN   Wiring.write_wire_scope: net not found
2026-08-15 22:23:30.855 WARN   Wiring.write_wire_scope: net not found
2026-08-15 22:23:30.855 WARN   Wiring.write_wire_scope: net not found
2026-08-15 22:23:30.856 WARN   Wiring.write_wire_scope: net not found
2026-08-15 22:23:30.856 WARN   Wiring.write_wire_scope: net not found
2026-08-15 22:23:30.856 WARN   Wiring.write_wire_scope: net not found
2026-08-15 22:23:30.856 WARN   Wiring.write_wire_scope: net not found
2026-08-15 22:23:30.856 WARN   Wiring.write_wire_scope: net not found
2026-08-15 22:23:30.856 WARN   Wiring.write_wire_scope: net not found
2026-08-15 22:23:30.856 WARN   Wiring.write_wire_scope: net not found
2026-08-15 22:23:30.856 WARN   Wiring.write_wire_scope: net not found
2026-08-15 22:23:30.856 WARN   Wiring.write_wire_scope: net not found
2026-08-15 22:23:30.857 WARN   Wiring.write_wire_scope: net not found
2026-08-15 22:23:30.857 WARN   Wiring.write_wire_scope: net not found
2026-08-15 22:23:30.857 WARN   Wiring.write_wire_scope: net not found
2026-08-15 22:23:30.857 WARN   Wiring.write_wire_scope: net not found
2026-08-15 22:23:30.857 WARN   Wiring.write_wire_scope: net not found
2026-08-15 22:23:30.858 WARN   Wiring.write_wire_scope: net not found
2026-08-15 22:23:30.858 WARN   Wiring.write_wire_scope: net not found
2026-08-15 22:23:30.858 WARN   Wiring.write_wire_scope: net not found
2026-08-15 22:23:30.858 WARN   Wiring.write_wire_scope: net not found
2026-08-15 22:23:30.858 WARN   Wiring.write_wire_scope: net not found
2026-08-15 22:23:30.858 WARN   Wiring.write_wire_scope: net not found
2026-08-15 22:23:30.859 WARN   Wiring.write_wire_scope: net not found
2026-08-15 22:23:30.859 WARN   Wiring.write_wire_scope: net not found
2026-08-15 22:23:30.859 WARN   Wiring.write_wire_scope: net not found
2026-08-15 22:23:30.859 WARN   Wiring.write_wire_scope: net not found
2026-08-15 22:23:30.859 WARN   Wiring.write_wire_scope: net not found
2026-08-15 22:23:30.859 WARN   Wiring.write_wire_scope: net not found
2026-08-15 22:23:30.859 WARN   Wiring.write_wire_scope: net not found
2026-08-15 22:23:30.860 WARN   Wiring.write_wire_scope: net not found
2026-08-15 22:23:30.860 WARN   Wiring.write_wire_scope: net not found
2026-08-15 22:23:30.860 WARN   Wiring.write_wire_scope: net not found
2026-08-15 22:23:30.860 WARN   Wiring.write_wire_scope: net not found
2026-08-15 22:23:30.860 WARN   Wiring.write_wire_scope: net not found
2026-08-15 22:23:30.860 WARN   Wiring.write_wire_scope: net not found
2026-08-15 22:23:30.861 WARN   Wiring.write_wire_scope: net not found
2026-08-15 22:23:30.861 WARN   Wiring.write_wire_scope: net not found
2026-08-15 22:23:30.861 WARN   Wiring.write_wire_scope: net not found
2026-08-15 22:23:30.861 WARN   Wiring.write_wire_scope: net not found
2026-08-15 22:23:30.861 WARN   Wiring.write_wire_scope: net not found
2026-08-15 22:23:30.861 WARN   Wiring.write_wire_scope: net not found
2026-08-15 22:23:30.861 WARN   Wiring.write_wire_scope: net not found
2026-08-15 22:23:30.862 WARN   Wiring.write_wire_scope: net not found
2026-08-15 22:23:30.862 WARN   Wiring.write_wire_scope: net not found
2026-08-15 22:23:31.019 WARN   Wiring.write_wire_scope: net not found
2026-08-15 22:23:31.020 WARN   Wiring.write_wire_scope: net not found
2026-08-15 22:23:31.020 WARN   Wiring.write_wire_scope: net not found
2026-08-15 22:23:31.020 WARN   Wiring.write_wire_scope: net not found
2026-08-15 22:23:31.020 WARN   Wiring.write_wire_scope: net not found
2026-08-15 22:23:31.020 WARN   Wiring.write_wire_scope: net not found
2026-08-15 22:23:31.021 WARN   Wiring.write_wire_scope: net not found
2026-08-15 22:23:31.021 WARN   Wiring.write_wire_scope: net not found
2026-08-15 22:23:31.021 WARN   Wiring.write_wire_scope: net not found
2026-08-15 22:23:31.021 WARN   Wiring.write_wire_scope: net not found
2026-08-15 22:23:31.021 WARN   Wiring.write_wire_scope: net not found
2026-08-15 22:23:31.021 WARN   Wiring.write_wire_scope: net not found
2026-08-15 22:23:31.022 WARN   Wiring.write_wire_scope: net not found
2026-08-15 22:23:31.022 WARN   Wiring.write_wire_scope: net not found
2026-08-15 22:23:31.022 WARN   Wiring.write_wire_scope: net not found
2026-08-15 22:23:31.022 WARN   Wiring.write_wire_scope: net not found
2026-08-15 22:23:31.022 WARN   Wiring.write_wire_scope: net not found
2026-08-15 22:23:31.023 WARN   Wiring.write_wire_scope: net not found
2026-08-15 22:23:31.023 WARN   Wiring.write_wire_scope: net not found
2026-08-15 22:23:31.023 WARN   Wiring.write_wire_scope: net not found
2026-08-15 22:23:31.023 WARN   Wiring.write_wire_scope: net not found
2026-08-15 22:23:31.023 WARN   Wiring.write_wire_scope: net not found
2026-08-15 22:23:31.023 WARN   Wiring.write_wire_scope: net not found
2026-08-15 22:23:31.024 WARN   Wiring.write_wire_scope: net not found
2026-08-15 22:23:31.024 WARN   Wiring.write_wire_scope: net not found
2026-08-15 22:23:31.024 WARN   Wiring.write_wire_scope: net not found
2026-08-15 22:23:31.024 WARN   Wiring.write_wire_scope: net not found
2026-08-15 22:23:31.024 WARN   Wiring.write_wire_scope: net not found
2026-08-15 22:23:31.025 WARN   Wiring.write_wire_scope: net not found
2026-08-15 22:23:31.025 WARN   Wiring.write_wire_scope: net not found
2026-08-15 22:23:31.025 WARN   Wiring.write_wire_scope: net not found
2026-08-15 22:23:31.025 WARN   Wiring.write_wire_scope: net not found
2026-08-15 22:23:31.025 WARN   Wiring.write_wire_scope: net not found
2026-08-15 22:23:31.025 WARN   Wiring.write_wire_scope: net not found
2026-08-15 22:23:31.026 WARN   Wiring.write_wire_scope: net not found
2026-08-15 22:23:31.028 WARN   Wiring.write_wire_scope: net not found
2026-08-15 22:23:31.029 WARN   Wiring.write_wire_scope: net not found
2026-08-15 22:23:31.029 WARN   Wiring.write_wire_scope: net not found
2026-08-15 22:23:31.029 WARN   Wiring.write_wire_scope: net not found
2026-08-15 22:23:31.029 WARN   Wiring.write_wire_scope: net not found
2026-08-15 22:23:31.030 WARN   Wiring.write_wire_scope: net not found
2026-08-15 22:23:31.030 WARN   Wiring.write_wire_scope: net not found
2026-08-15 22:23:31.030 WARN   Wiring.write_wire_scope: net not found
2026-08-15 22:23:31.030 WARN   Wiring.write_wire_scope: net not found
2026-08-15 22:23:31.030 WARN   Wiring.write_wire_scope: net not found
2026-08-15 22:23:31.030 WARN   Wiring.write_wire_scope: net not found
2026-08-15 22:23:31.031 WARN   Wiring.write_wire_scope: net not found
2026-08-15 22:23:31.031 WARN   Wiring.write_wire_scope: net not found
2026-08-15 22:23:31.031 WARN   Wiring.write_wire_scope: net not found
2026-08-15 22:23:31.031 WARN   Wiring.write_wire_scope: net not found
2026-08-15 22:23:31.031 WARN   Wiring.write_wire_scope: net not found
2026-08-15 22:23:31.032 WARN   Wiring.write_wire_scope: net not found
2026-08-15 22:23:31.032 WARN   Wiring.write_wire_scope: net not found
2026-08-15 22:23:31.032 WARN   Wiring.write_wire_scope: net not found
2026-08-15 22:23:31.032 WARN   Wiring.write_wire_scope: net not found
2026-08-15 22:23:31.032 WARN   Wiring.write_wire_scope: net not found
2026-08-15 22:23:31.032 WARN   Wiring.write_wire_scope: net not found
2026-08-15 22:23:31.033 WARN   Wiring.write_wire_scope: net not found
2026-08-15 22:23:31.042 INFO   [3604CB\853608] Fanout pass #1 on board '5401f9e1fdecd0d281c2a7ffab843e61' completed in 5.57 seconds with 38 SMD pins fanouted, 137 not routed, 0 insert errors, +20 extra vias (0 SMD pins still to check in pass, ripup costs=100).
2026-08-15 22:23:31.153 WARN   Wiring.write_wire_scope: net not found
2026-08-15 22:23:31.153 WARN   Wiring.write_wire_scope: net not found
2026-08-15 22:23:31.154 WARN   Wiring.write_wire_scope: net not found
2026-08-15 22:23:31.154 WARN   Wiring.write_wire_scope: net not found
2026-08-15 22:23:31.154 WARN   Wiring.write_wire_scope: net not found
2026-08-15 22:23:31.154 WARN   Wiring.write_wire_scope: net not found
2026-08-15 22:23:31.155 WARN   Wiring.write_wire_scope: net not found
2026-08-15 22:23:31.155 WARN   Wiring.write_wire_scope: net not found
2026-08-15 22:23:31.155 WARN   Wiring.write_wire_scope: net not found
2026-08-15 22:23:31.155 WARN   Wiring.write_wire_scope: net not found
2026-08-15 22:23:31.155 WARN   Wiring.write_wire_scope: net not found
2026-08-15 22:23:31.155 WARN   Wiring.write_wire_scope: net not found
2026-08-15 22:23:31.156 WARN   Wiring.write_wire_scope: net not found
2026-08-15 22:23:31.156 WARN   Wiring.write_wire_scope: net not found
2026-08-15 22:23:31.156 WARN   Wiring.write_wire_scope: net not found
2026-08-15 22:23:31.156 WARN   Wiring.write_wire_scope: net not found
2026-08-15 22:23:31.156 WARN   Wiring.write_wire_scope: net not found
2026-08-15 22:23:31.157 WARN   Wiring.write_wire_scope: net not found
2026-08-15 22:23:31.157 WARN   Wiring.write_wire_scope: net not found
2026-08-15 22:23:31.157 WARN   Wiring.write_wire_scope: net not found
2026-08-15 22:23:31.157 WARN   Wiring.write_wire_scope: net not found
2026-08-15 22:23:31.157 WARN   Wiring.write_wire_scope: net not found
2026-08-15 22:23:31.157 WARN   Wiring.write_wire_scope: net not found
2026-08-15 22:23:31.158 WARN   Wiring.write_wire_scope: net not found
2026-08-15 22:23:31.158 WARN   Wiring.write_wire_scope: net not found
2026-08-15 22:23:31.158 WARN   Wiring.write_wire_scope: net not found
2026-08-15 22:23:31.158 WARN   Wiring.write_wire_scope: net not found
2026-08-15 22:23:31.158 WARN   Wiring.write_wire_scope: net not found
2026-08-15 22:23:31.159 WARN   Wiring.write_wire_scope: net not found
2026-08-15 22:23:31.159 WARN   Wiring.write_wire_scope: net not found
2026-08-15 22:23:31.159 WARN   Wiring.write_wire_scope: net not found
2026-08-15 22:23:31.159 WARN   Wiring.write_wire_scope: net not found
2026-08-15 22:23:31.159 WARN   Wiring.write_wire_scope: net not found
2026-08-15 22:23:31.159 WARN   Wiring.write_wire_scope: net not found
2026-08-15 22:23:31.160 WARN   Wiring.write_wire_scope: net not found
2026-08-15 22:23:31.160 WARN   Wiring.write_wire_scope: net not found
2026-08-15 22:23:31.160 WARN   Wiring.write_wire_scope: net not found
2026-08-15 22:23:31.160 WARN   Wiring.write_wire_scope: net not found
2026-08-15 22:23:31.160 WARN   Wiring.write_wire_scope: net not found
2026-08-15 22:23:31.161 WARN   Wiring.write_wire_scope: net not found
2026-08-15 22:23:31.161 WARN   Wiring.write_wire_scope: net not found
2026-08-15 22:23:31.161 WARN   Wiring.write_wire_scope: net not found
2026-08-15 22:23:31.161 WARN   Wiring.write_wire_scope: net not found
2026-08-15 22:23:31.161 WARN   Wiring.write_wire_scope: net not found
2026-08-15 22:23:31.161 WARN   Wiring.write_wire_scope: net not found
2026-08-15 22:23:31.162 WARN   Wiring.write_wire_scope: net not found
2026-08-15 22:23:31.162 WARN   Wiring.write_wire_scope: net not found
2026-08-15 22:23:31.162 WARN   Wiring.write_wire_scope: net not found
2026-08-15 22:23:31.162 WARN   Wiring.write_wire_scope: net not found
2026-08-15 22:23:31.162 WARN   Wiring.write_wire_scope: net not found
2026-08-15 22:23:31.162 WARN   Wiring.write_wire_scope: net not found
2026-08-15 22:23:31.163 WARN   Wiring.write_wire_scope: net not found
2026-08-15 22:23:31.163 WARN   Wiring.write_wire_scope: net not found
2026-08-15 22:23:31.163 WARN   Wiring.write_wire_scope: net not found
2026-08-15 22:23:31.163 WARN   Wiring.write_wire_scope: net not found
2026-08-15 22:23:31.163 WARN   Wiring.write_wire_scope: net not found
2026-08-15 22:23:31.164 WARN   Wiring.write_wire_scope: net not found
2026-08-15 22:23:31.164 WARN   Wiring.write_wire_scope: net not found
2026-08-15 22:23:31.243 WARN   Wiring.write_wire_scope: net not found
2026-08-15 22:23:31.243 WARN   Wiring.write_wire_scope: net not found
2026-08-15 22:23:31.243 WARN   Wiring.write_wire_scope: net not found
2026-08-15 22:23:31.243 WARN   Wiring.write_wire_scope: net not found
2026-08-15 22:23:31.244 WARN   Wiring.write_wire_scope: net not found
2026-08-15 22:23:31.244 WARN   Wiring.write_wire_scope: net not found
2026-08-15 22:23:31.244 WARN   Wiring.write_wire_scope: net not found
2026-08-15 22:23:31.244 WARN   Wiring.write_wire_scope: net not found
2026-08-15 22:23:31.244 WARN   Wiring.write_wire_scope: net not found
2026-08-15 22:23:31.244 WARN   Wiring.write_wire_scope: net not found
2026-08-15 22:23:31.244 WARN   Wiring.write_wire_scope: net not found
2026-08-15 22:23:31.245 WARN   Wiring.write_wire_scope: net not found
2026-08-15 22:23:31.245 WARN   Wiring.write_wire_scope: net not found
2026-08-15 22:23:31.245 WARN   Wiring.write_wire_scope: net not found
2026-08-15 22:23:31.245 WARN   Wiring.write_wire_scope: net not found
2026-08-15 22:23:31.245 WARN   Wiring.write_wire_scope: net not found
2026-08-15 22:23:31.246 WARN   Wiring.write_wire_scope: net not found
2026-08-15 22:23:31.246 WARN   Wiring.write_wire_scope: net not found
2026-08-15 22:23:31.246 WARN   Wiring.write_wire_scope: net not found
2026-08-15 22:23:31.246 WARN   Wiring.write_wire_scope: net not found
2026-08-15 22:23:31.246 WARN   Wiring.write_wire_scope: net not found
2026-08-15 22:23:31.246 WARN   Wiring.write_wire_scope: net not found
2026-08-15 22:23:31.247 WARN   Wiring.write_wire_scope: net not found
2026-08-15 22:23:31.247 WARN   Wiring.write_wire_scope: net not found
2026-08-15 22:23:31.247 WARN   Wiring.write_wire_scope: net not found
2026-08-15 22:23:31.247 WARN   Wiring.write_wire_scope: net not found
2026-08-15 22:23:31.247 WARN   Wiring.write_wire_scope: net not found
2026-08-15 22:23:31.247 WARN   Wiring.write_wire_scope: net not found
2026-08-15 22:23:31.248 WARN   Wiring.write_wire_scope: net not found
2026-08-15 22:23:31.248 WARN   Wiring.write_wire_scope: net not found
2026-08-15 22:23:31.248 WARN   Wiring.write_wire_scope: net not found
2026-08-15 22:23:31.248 WARN   Wiring.write_wire_scope: net not found
2026-08-15 22:23:31.249 WARN   Wiring.write_wire_scope: net not found
2026-08-15 22:23:31.249 WARN   Wiring.write_wire_scope: net not found
2026-08-15 22:23:31.249 WARN   Wiring.write_wire_scope: net not found
2026-08-15 22:23:31.249 WARN   Wiring.write_wire_scope: net not found
2026-08-15 22:23:31.249 WARN   Wiring.write_wire_scope: net not found
2026-08-15 22:23:31.249 WARN   Wiring.write_wire_scope: net not found
2026-08-15 22:23:31.250 WARN   Wiring.write_wire_scope: net not found
2026-08-15 22:23:31.250 WARN   Wiring.write_wire_scope: net not found
2026-08-15 22:23:31.250 WARN   Wiring.write_wire_scope: net not found
2026-08-15 22:23:31.250 WARN   Wiring.write_wire_scope: net not found
2026-08-15 22:23:31.250 WARN   Wiring.write_wire_scope: net not found
2026-08-15 22:23:31.250 WARN   Wiring.write_wire_scope: net not found
2026-08-15 22:23:31.251 WARN   Wiring.write_wire_scope: net not found
2026-08-15 22:23:31.251 WARN   Wiring.write_wire_scope: net not found
2026-08-15 22:23:31.251 WARN   Wiring.write_wire_scope: net not found
2026-08-15 22:23:31.251 WARN   Wiring.write_wire_scope: net not found
2026-08-15 22:23:31.251 WARN   Wiring.write_wire_scope: net not found
2026-08-15 22:23:31.251 WARN   Wiring.write_wire_scope: net not found
2026-08-15 22:23:31.252 WARN   Wiring.write_wire_scope: net not found
2026-08-15 22:23:31.252 WARN   Wiring.write_wire_scope: net not found
2026-08-15 22:23:31.252 WARN   Wiring.write_wire_scope: net not found
2026-08-15 22:23:31.252 WARN   Wiring.write_wire_scope: net not found
2026-08-15 22:23:31.252 WARN   Wiring.write_wire_scope: net not found
2026-08-15 22:23:31.252 WARN   Wiring.write_wire_scope: net not found
2026-08-15 22:23:31.253 WARN   Wiring.write_wire_scope: net not found
2026-08-15 22:23:31.253 WARN   Wiring.write_wire_scope: net not found
2026-08-15 22:23:32.278 WARN   Wiring.write_wire_scope: net not found
2026-08-15 22:23:32.278 WARN   Wiring.write_wire_scope: net not found
2026-08-15 22:23:32.278 WARN   Wiring.write_wire_scope: net not found
2026-08-15 22:23:32.278 WARN   Wiring.write_wire_scope: net not found
2026-08-15 22:23:32.279 WARN   Wiring.write_wire_scope: net not found
2026-08-15 22:23:32.279 WARN   Wiring.write_wire_scope: net not found
2026-08-15 22:23:32.279 WARN   Wiring.write_wire_scope: net not found
2026-08-15 22:23:32.279 WARN   Wiring.write_wire_scope: net not found
2026-08-15 22:23:32.279 WARN   Wiring.write_wire_scope: net not found
2026-08-15 22:23:32.280 WARN   Wiring.write_wire_scope: net not found
2026-08-15 22:23:32.280 WARN   Wiring.write_wire_scope: net not found
2026-08-15 22:23:32.280 WARN   Wiring.write_wire_scope: net not found
2026-08-15 22:23:32.280 WARN   Wiring.write_wire_scope: net not found
2026-08-15 22:23:32.280 WARN   Wiring.write_wire_scope: net not found
2026-08-15 22:23:32.281 WARN   Wiring.write_wire_scope: net not found
2026-08-15 22:23:32.281 WARN   Wiring.write_wire_scope: net not found
2026-08-15 22:23:32.281 WARN   Wiring.write_wire_scope: net not found
2026-08-15 22:23:32.281 WARN   Wiring.write_wire_scope: net not found
2026-08-15 22:23:32.281 WARN   Wiring.write_wire_scope: net not found
2026-08-15 22:23:32.282 WARN   Wiring.write_wire_scope: net not found
2026-08-15 22:23:32.282 WARN   Wiring.write_wire_scope: net not found
2026-08-15 22:23:32.282 WARN   Wiring.write_wire_scope: net not found
2026-08-15 22:23:32.282 WARN   Wiring.write_wire_scope: net not found
2026-08-15 22:23:32.282 WARN   Wiring.write_wire_scope: net not found
2026-08-15 22:23:32.283 WARN   Wiring.write_wire_scope: net not found
2026-08-15 22:23:32.283 WARN   Wiring.write_wire_scope: net not found
2026-08-15 22:23:32.283 WARN   Wiring.write_wire_scope: net not found
2026-08-15 22:23:32.283 WARN   Wiring.write_wire_scope: net not found
2026-08-15 22:23:32.283 WARN   Wiring.write_wire_scope: net not found
2026-08-15 22:23:32.283 WARN   Wiring.write_wire_scope: net not found
2026-08-15 22:23:32.284 WARN   Wiring.write_wire_scope: net not found
2026-08-15 22:23:32.284 WARN   Wiring.write_wire_scope: net not found
2026-08-15 22:23:32.284 WARN   Wiring.write_wire_scope: net not found
2026-08-15 22:23:32.284 WARN   Wiring.write_wire_scope: net not found
2026-08-15 22:23:32.284 WARN   Wiring.write_wire_scope: net not found
2026-08-15 22:23:32.284 WARN   Wiring.write_wire_scope: net not found
2026-08-15 22:23:32.285 WARN   Wiring.write_wire_scope: net not found
2026-08-15 22:23:32.285 WARN   Wiring.write_wire_scope: net not found
2026-08-15 22:23:32.285 WARN   Wiring.write_wire_scope: net not found
2026-08-15 22:23:32.285 WARN   Wiring.write_wire_scope: net not found
2026-08-15 22:23:32.285 WARN   Wiring.write_wire_scope: net not found
2026-08-15 22:23:32.285 WARN   Wiring.write_wire_scope: net not found
2026-08-15 22:23:32.286 WARN   Wiring.write_wire_scope: net not found
2026-08-15 22:23:32.286 WARN   Wiring.write_wire_scope: net not found
2026-08-15 22:23:32.286 WARN   Wiring.write_wire_scope: net not found
2026-08-15 22:23:32.286 WARN   Wiring.write_wire_scope: net not found
2026-08-15 22:23:32.286 WARN   Wiring.write_wire_scope: net not found
2026-08-15 22:23:32.286 WARN   Wiring.write_wire_scope: net not found
2026-08-15 22:23:32.287 WARN   Wiring.write_wire_scope: net not found
2026-08-15 22:23:32.287 WARN   Wiring.write_wire_scope: net not found
2026-08-15 22:23:32.287 WARN   Wiring.write_wire_scope: net not found
2026-08-15 22:23:32.287 WARN   Wiring.write_wire_scope: net not found
2026-08-15 22:23:32.287 WARN   Wiring.write_wire_scope: net not found
2026-08-15 22:23:32.287 WARN   Wiring.write_wire_scope: net not found
2026-08-15 22:23:32.288 WARN   Wiring.write_wire_scope: net not found
2026-08-15 22:23:32.288 WARN   Wiring.write_wire_scope: net not found
2026-08-15 22:23:32.288 WARN   Wiring.write_wire_scope: net not found
2026-08-15 22:23:32.288 WARN   Wiring.write_wire_scope: net not found
2026-08-15 22:23:33.288 WARN   Wiring.write_wire_scope: net not found
2026-08-15 22:23:33.288 WARN   Wiring.write_wire_scope: net not found
2026-08-15 22:23:33.288 WARN   Wiring.write_wire_scope: net not found
2026-08-15 22:23:33.288 WARN   Wiring.write_wire_scope: net not found
2026-08-15 22:23:33.289 WARN   Wiring.write_wire_scope: net not found
2026-08-15 22:23:33.289 WARN   Wiring.write_wire_scope: net not found
2026-08-15 22:23:33.289 WARN   Wiring.write_wire_scope: net not found
2026-08-15 22:23:33.289 WARN   Wiring.write_wire_scope: net not found
2026-08-15 22:23:33.289 WARN   Wiring.write_wire_scope: net not found
2026-08-15 22:23:33.289 WARN   Wiring.write_wire_scope: net not found
2026-08-15 22:23:33.289 WARN   Wiring.write_wire_scope: net not found
2026-08-15 22:23:33.290 WARN   Wiring.write_wire_scope: net not found
2026-08-15 22:23:33.290 WARN   Wiring.write_wire_scope: net not found
2026-08-15 22:23:33.290 WARN   Wiring.write_wire_scope: net not found
2026-08-15 22:23:33.290 WARN   Wiring.write_wire_scope: net not found
2026-08-15 22:23:33.290 WARN   Wiring.write_wire_scope: net not found
2026-08-15 22:23:33.290 WARN   Wiring.write_wire_scope: net not found
2026-08-15 22:23:33.290 WARN   Wiring.write_wire_scope: net not found
2026-08-15 22:23:33.290 WARN   Wiring.write_wire_scope: net not found
2026-08-15 22:23:33.291 WARN   Wiring.write_wire_scope: net not found
2026-08-15 22:23:33.291 WARN   Wiring.write_wire_scope: net not found
2026-08-15 22:23:33.291 WARN   Wiring.write_wire_scope: net not found
2026-08-15 22:23:33.291 WARN   Wiring.write_wire_scope: net not found
2026-08-15 22:23:33.291 WARN   Wiring.write_wire_scope: net not found
2026-08-15 22:23:33.291 WARN   Wiring.write_wire_scope: net not found
2026-08-15 22:23:33.292 WARN   Wiring.write_wire_scope: net not found
2026-08-15 22:23:33.292 WARN   Wiring.write_wire_scope: net not found
2026-08-15 22:23:33.292 WARN   Wiring.write_wire_scope: net not found
2026-08-15 22:23:33.292 WARN   Wiring.write_wire_scope: net not found
2026-08-15 22:23:33.292 WARN   Wiring.write_wire_scope: net not found
2026-08-15 22:23:33.292 WARN   Wiring.write_wire_scope: net not found
2026-08-15 22:23:33.292 WARN   Wiring.write_wire_scope: net not found
2026-08-15 22:23:33.292 WARN   Wiring.write_wire_scope: net not found
2026-08-15 22:23:33.292 WARN   Wiring.write_wire_scope: net not found
2026-08-15 22:23:33.292 WARN   Wiring.write_wire_scope: net not found
2026-08-15 22:23:33.292 WARN   Wiring.write_wire_scope: net not found
2026-08-15 22:23:33.292 WARN   Wiring.write_wire_scope: net not found
2026-08-15 22:23:33.293 WARN   Wiring.write_wire_scope: net not found
2026-08-15 22:23:33.293 WARN   Wiring.write_wire_scope: net not found
2026-08-15 22:23:33.293 WARN   Wiring.write_wire_scope: net not found
2026-08-15 22:23:33.293 WARN   Wiring.write_wire_scope: net not found
2026-08-15 22:23:33.293 WARN   Wiring.write_wire_scope: net not found
2026-08-15 22:23:33.293 WARN   Wiring.write_wire_scope: net not found
2026-08-15 22:23:33.293 WARN   Wiring.write_wire_scope: net not found
2026-08-15 22:23:33.294 WARN   Wiring.write_wire_scope: net not found
2026-08-15 22:23:33.294 WARN   Wiring.write_wire_scope: net not found
2026-08-15 22:23:33.294 WARN   Wiring.write_wire_scope: net not found
2026-08-15 22:23:33.294 WARN   Wiring.write_wire_scope: net not found
2026-08-15 22:23:33.294 WARN   Wiring.write_wire_scope: net not found
2026-08-15 22:23:33.294 WARN   Wiring.write_wire_scope: net not found
2026-08-15 22:23:33.294 WARN   Wiring.write_wire_scope: net not found
2026-08-15 22:23:33.295 WARN   Wiring.write_wire_scope: net not found
2026-08-15 22:23:33.295 WARN   Wiring.write_wire_scope: net not found
2026-08-15 22:23:33.295 WARN   Wiring.write_wire_scope: net not found
2026-08-15 22:23:33.295 WARN   Wiring.write_wire_scope: net not found
2026-08-15 22:23:33.295 WARN   Wiring.write_wire_scope: net not found
2026-08-15 22:23:33.295 WARN   Wiring.write_wire_scope: net not found
2026-08-15 22:23:33.296 WARN   Wiring.write_wire_scope: net not found
2026-08-15 22:23:34.299 WARN   Wiring.write_wire_scope: net not found
2026-08-15 22:23:34.300 WARN   Wiring.write_wire_scope: net not found
2026-08-15 22:23:34.300 WARN   Wiring.write_wire_scope: net not found
2026-08-15 22:23:34.300 WARN   Wiring.write_wire_scope: net not found
2026-08-15 22:23:34.300 WARN   Wiring.write_wire_scope: net not found
2026-08-15 22:23:34.300 WARN   Wiring.write_wire_scope: net not found
2026-08-15 22:23:34.301 WARN   Wiring.write_wire_scope: net not found
2026-08-15 22:23:34.301 WARN   Wiring.write_wire_scope: net not found
2026-08-15 22:23:34.301 WARN   Wiring.write_wire_scope: net not found
2026-08-15 22:23:34.301 WARN   Wiring.write_wire_scope: net not found
2026-08-15 22:23:34.301 WARN   Wiring.write_wire_scope: net not found
2026-08-15 22:23:34.302 WARN   Wiring.write_wire_scope: net not found
2026-08-15 22:23:34.302 WARN   Wiring.write_wire_scope: net not found
2026-08-15 22:23:34.302 WARN   Wiring.write_wire_scope: net not found
2026-08-15 22:23:34.302 WARN   Wiring.write_wire_scope: net not found
2026-08-15 22:23:34.302 WARN   Wiring.write_wire_scope: net not found
2026-08-15 22:23:34.302 WARN   Wiring.write_wire_scope: net not found
2026-08-15 22:23:34.303 WARN   Wiring.write_wire_scope: net not found
2026-08-15 22:23:34.303 WARN   Wiring.write_wire_scope: net not found
2026-08-15 22:23:34.303 WARN   Wiring.write_wire_scope: net not found
2026-08-15 22:23:34.303 WARN   Wiring.write_wire_scope: net not found
2026-08-15 22:23:34.304 WARN   Wiring.write_wire_scope: net not found
2026-08-15 22:23:34.304 WARN   Wiring.write_wire_scope: net not found
2026-08-15 22:23:34.304 WARN   Wiring.write_wire_scope: net not found
2026-08-15 22:23:34.304 WARN   Wiring.write_wire_scope: net not found
2026-08-15 22:23:34.304 WARN   Wiring.write_wire_scope: net not found
2026-08-15 22:23:34.305 WARN   Wiring.write_wire_scope: net not found
2026-08-15 22:23:34.305 WARN   Wiring.write_wire_scope: net not found
2026-08-15 22:23:34.305 WARN   Wiring.write_wire_scope: net not found
2026-08-15 22:23:34.305 WARN   Wiring.write_wire_scope: net not found
2026-08-15 22:23:34.305 WARN   Wiring.write_wire_scope: net not found
2026-08-15 22:23:34.306 WARN   Wiring.write_wire_scope: net not found
2026-08-15 22:23:34.306 WARN   Wiring.write_wire_scope: net not found
2026-08-15 22:23:34.306 WARN   Wiring.write_wire_scope: net not found
2026-08-15 22:23:34.306 WARN   Wiring.write_wire_scope: net not found
2026-08-15 22:23:34.306 WARN   Wiring.write_wire_scope: net not found
2026-08-15 22:23:34.307 WARN   Wiring.write_wire_scope: net not found
2026-08-15 22:23:34.307 WARN   Wiring.write_wire_scope: net not found
2026-08-15 22:23:34.307 WARN   Wiring.write_wire_scope: net not found
2026-08-15 22:23:34.307 WARN   Wiring.write_wire_scope: net not found
2026-08-15 22:23:34.307 WARN   Wiring.write_wire_scope: net not found
2026-08-15 22:23:34.308 WARN   Wiring.write_wire_scope: net not found
2026-08-15 22:23:34.308 WARN   Wiring.write_wire_scope: net not found
2026-08-15 22:23:34.308 WARN   Wiring.write_wire_scope: net not found
2026-08-15 22:23:34.308 WARN   Wiring.write_wire_scope: net not found
2026-08-15 22:23:34.308 WARN   Wiring.write_wire_scope: net not found
2026-08-15 22:23:34.309 WARN   Wiring.write_wire_scope: net not found
2026-08-15 22:23:34.309 WARN   Wiring.write_wire_scope: net not found
2026-08-15 22:23:34.309 WARN   Wiring.write_wire_scope: net not found
2026-08-15 22:23:34.309 WARN   Wiring.write_wire_scope: net not found
2026-08-15 22:23:34.310 WARN   Wiring.write_wire_scope: net not found
2026-08-15 22:23:34.310 WARN   Wiring.write_wire_scope: net not found
2026-08-15 22:23:34.310 WARN   Wiring.write_wire_scope: net not found
2026-08-15 22:23:34.310 WARN   Wiring.write_wire_scope: net not found
2026-08-15 22:23:34.310 WARN   Wiring.write_wire_scope: net not found
2026-08-15 22:23:34.310 WARN   Wiring.write_wire_scope: net not found
2026-08-15 22:23:34.311 WARN   Wiring.write_wire_scope: net not found
2026-08-15 22:23:34.311 WARN   Wiring.write_wire_scope: net not found
2026-08-15 22:23:34.986 WARN   Wiring.write_wire_scope: net not found
2026-08-15 22:23:34.987 WARN   Wiring.write_wire_scope: net not found
2026-08-15 22:23:34.987 WARN   Wiring.write_wire_scope: net not found
2026-08-15 22:23:34.987 WARN   Wiring.write_wire_scope: net not found
2026-08-15 22:23:34.987 WARN   Wiring.write_wire_scope: net not found
2026-08-15 22:23:34.987 WARN   Wiring.write_wire_scope: net not found
2026-08-15 22:23:34.987 WARN   Wiring.write_wire_scope: net not found
2026-08-15 22:23:34.988 WARN   Wiring.write_wire_scope: net not found
2026-08-15 22:23:34.988 WARN   Wiring.write_wire_scope: net not found
2026-08-15 22:23:34.988 WARN   Wiring.write_wire_scope: net not found
2026-08-15 22:23:34.988 WARN   Wiring.write_wire_scope: net not found
2026-08-15 22:23:34.988 WARN   Wiring.write_wire_scope: net not found
2026-08-15 22:23:34.989 WARN   Wiring.write_wire_scope: net not found
2026-08-15 22:23:34.989 WARN   Wiring.write_wire_scope: net not found
2026-08-15 22:23:34.989 WARN   Wiring.write_wire_scope: net not found
2026-08-15 22:23:34.989 WARN   Wiring.write_wire_scope: net not found
2026-08-15 22:23:34.989 WARN   Wiring.write_wire_scope: net not found
2026-08-15 22:23:34.990 WARN   Wiring.write_wire_scope: net not found
2026-08-15 22:23:34.990 WARN   Wiring.write_wire_scope: net not found
2026-08-15 22:23:34.990 WARN   Wiring.write_wire_scope: net not found
2026-08-15 22:23:34.990 WARN   Wiring.write_wire_scope: net not found
2026-08-15 22:23:34.990 WARN   Wiring.write_wire_scope: net not found
2026-08-15 22:23:34.990 WARN   Wiring.write_wire_scope: net not found
2026-08-15 22:23:34.991 WARN   Wiring.write_wire_scope: net not found
2026-08-15 22:23:34.991 WARN   Wiring.write_wire_scope: net not found
2026-08-15 22:23:34.991 WARN   Wiring.write_wire_scope: net not found
2026-08-15 22:23:34.991 WARN   Wiring.write_wire_scope: net not found
2026-08-15 22:23:34.991 WARN   Wiring.write_wire_scope: net not found
2026-08-15 22:23:34.991 WARN   Wiring.write_wire_scope: net not found
2026-08-15 22:23:34.991 WARN   Wiring.write_wire_scope: net not found
2026-08-15 22:23:34.992 WARN   Wiring.write_wire_scope: net not found
2026-08-15 22:23:34.992 WARN   Wiring.write_wire_scope: net not found
2026-08-15 22:23:34.992 WARN   Wiring.write_wire_scope: net not found
2026-08-15 22:23:34.992 WARN   Wiring.write_wire_scope: net not found
2026-08-15 22:23:34.992 WARN   Wiring.write_wire_scope: net not found
2026-08-15 22:23:34.993 WARN   Wiring.write_wire_scope: net not found
2026-08-15 22:23:34.993 WARN   Wiring.write_wire_scope: net not found
2026-08-15 22:23:34.993 WARN   Wiring.write_wire_scope: net not found
2026-08-15 22:23:34.993 WARN   Wiring.write_wire_scope: net not found
2026-08-15 22:23:34.993 WARN   Wiring.write_wire_scope: net not found
2026-08-15 22:23:34.993 WARN   Wiring.write_wire_scope: net not found
2026-08-15 22:23:34.994 WARN   Wiring.write_wire_scope: net not found
2026-08-15 22:23:34.994 WARN   Wiring.write_wire_scope: net not found
2026-08-15 22:23:34.994 WARN   Wiring.write_wire_scope: net not found
2026-08-15 22:23:34.995 WARN   Wiring.write_wire_scope: net not found
2026-08-15 22:23:34.995 WARN   Wiring.write_wire_scope: net not found
2026-08-15 22:23:34.995 WARN   Wiring.write_wire_scope: net not found
2026-08-15 22:23:34.995 WARN   Wiring.write_wire_scope: net not found
2026-08-15 22:23:34.995 WARN   Wiring.write_wire_scope: net not found
2026-08-15 22:23:34.996 WARN   Wiring.write_wire_scope: net not found
2026-08-15 22:23:34.996 WARN   Wiring.write_wire_scope: net not found
2026-08-15 22:23:34.996 WARN   Wiring.write_wire_scope: net not found
2026-08-15 22:23:34.996 WARN   Wiring.write_wire_scope: net not found
2026-08-15 22:23:34.996 WARN   Wiring.write_wire_scope: net not found
2026-08-15 22:23:34.996 WARN   Wiring.write_wire_scope: net not found
2026-08-15 22:23:34.997 WARN   Wiring.write_wire_scope: net not found
2026-08-15 22:23:34.997 WARN   Wiring.write_wire_scope: net not found
2026-08-15 22:23:34.997 WARN   Wiring.write_wire_scope: net not found
2026-08-15 22:23:35.006 INFO   [3604CB\853608] Fanout pass #2 on board '658300ccaee397c3f3fe455ecac78bfe' completed in 3.89 seconds with 22 SMD pins fanouted, 135 not routed, 0 insert errors, +14 extra vias (0 SMD pins still to check in pass, ripup costs=200).
2026-08-15 22:23:35.092 WARN   Wiring.write_wire_scope: net not found
2026-08-15 22:23:35.093 WARN   Wiring.write_wire_scope: net not found
2026-08-15 22:23:35.093 WARN   Wiring.write_wire_scope: net not found
2026-08-15 22:23:35.093 WARN   Wiring.write_wire_scope: net not found
2026-08-15 22:23:35.093 WARN   Wiring.write_wire_scope: net not found
2026-08-15 22:23:35.093 WARN   Wiring.write_wire_scope: net not found
2026-08-15 22:23:35.093 WARN   Wiring.write_wire_scope: net not found
2026-08-15 22:23:35.093 WARN   Wiring.write_wire_scope: net not found
2026-08-15 22:23:35.094 WARN   Wiring.write_wire_scope: net not found
2026-08-15 22:23:35.094 WARN   Wiring.write_wire_scope: net not found
2026-08-15 22:23:35.094 WARN   Wiring.write_wire_scope: net not found
2026-08-15 22:23:35.094 WARN   Wiring.write_wire_scope: net not found
2026-08-15 22:23:35.094 WARN   Wiring.write_wire_scope: net not found
2026-08-15 22:23:35.094 WARN   Wiring.write_wire_scope: net not found
2026-08-15 22:23:35.095 WARN   Wiring.write_wire_scope: net not found
2026-08-15 22:23:35.095 WARN   Wiring.write_wire_scope: net not found
2026-08-15 22:23:35.095 WARN   Wiring.write_wire_scope: net not found
2026-08-15 22:23:35.095 WARN   Wiring.write_wire_scope: net not found
2026-08-15 22:23:35.095 WARN   Wiring.write_wire_scope: net not found
2026-08-15 22:23:35.096 WARN   Wiring.write_wire_scope: net not found
2026-08-15 22:23:35.096 WARN   Wiring.write_wire_scope: net not found
2026-08-15 22:23:35.096 WARN   Wiring.write_wire_scope: net not found
2026-08-15 22:23:35.096 WARN   Wiring.write_wire_scope: net not found
2026-08-15 22:23:35.096 WARN   Wiring.write_wire_scope: net not found
2026-08-15 22:23:35.096 WARN   Wiring.write_wire_scope: net not found
2026-08-15 22:23:35.097 WARN   Wiring.write_wire_scope: net not found
2026-08-15 22:23:35.097 WARN   Wiring.write_wire_scope: net not found
2026-08-15 22:23:35.097 WARN   Wiring.write_wire_scope: net not found
2026-08-15 22:23:35.097 WARN   Wiring.write_wire_scope: net not found
2026-08-15 22:23:35.097 WARN   Wiring.write_wire_scope: net not found
2026-08-15 22:23:35.098 WARN   Wiring.write_wire_scope: net not found
2026-08-15 22:23:35.098 WARN   Wiring.write_wire_scope: net not found
2026-08-15 22:23:35.098 WARN   Wiring.write_wire_scope: net not found
2026-08-15 22:23:35.098 WARN   Wiring.write_wire_scope: net not found
2026-08-15 22:23:35.098 WARN   Wiring.write_wire_scope: net not found
2026-08-15 22:23:35.098 WARN   Wiring.write_wire_scope: net not found
2026-08-15 22:23:35.099 WARN   Wiring.write_wire_scope: net not found
2026-08-15 22:23:35.099 WARN   Wiring.write_wire_scope: net not found
2026-08-15 22:23:35.099 WARN   Wiring.write_wire_scope: net not found
2026-08-15 22:23:35.099 WARN   Wiring.write_wire_scope: net not found
2026-08-15 22:23:35.099 WARN   Wiring.write_wire_scope: net not found
2026-08-15 22:23:35.100 WARN   Wiring.write_wire_scope: net not found
2026-08-15 22:23:35.100 WARN   Wiring.write_wire_scope: net not found
2026-08-15 22:23:35.100 WARN   Wiring.write_wire_scope: net not found
2026-08-15 22:23:35.100 WARN   Wiring.write_wire_scope: net not found
2026-08-15 22:23:35.100 WARN   Wiring.write_wire_scope: net not found
2026-08-15 22:23:35.101 WARN   Wiring.write_wire_scope: net not found
2026-08-15 22:23:35.101 WARN   Wiring.write_wire_scope: net not found
2026-08-15 22:23:35.101 WARN   Wiring.write_wire_scope: net not found
2026-08-15 22:23:35.101 WARN   Wiring.write_wire_scope: net not found
2026-08-15 22:23:35.101 WARN   Wiring.write_wire_scope: net not found
2026-08-15 22:23:35.101 WARN   Wiring.write_wire_scope: net not found
2026-08-15 22:23:35.102 WARN   Wiring.write_wire_scope: net not found
2026-08-15 22:23:35.102 WARN   Wiring.write_wire_scope: net not found
2026-08-15 22:23:35.102 WARN   Wiring.write_wire_scope: net not found
2026-08-15 22:23:35.102 WARN   Wiring.write_wire_scope: net not found
2026-08-15 22:23:35.102 WARN   Wiring.write_wire_scope: net not found
2026-08-15 22:23:35.102 WARN   Wiring.write_wire_scope: net not found
2026-08-15 22:23:35.206 WARN   Wiring.write_wire_scope: net not found
2026-08-15 22:23:35.206 WARN   Wiring.write_wire_scope: net not found
2026-08-15 22:23:35.207 WARN   Wiring.write_wire_scope: net not found
2026-08-15 22:23:35.207 WARN   Wiring.write_wire_scope: net not found
2026-08-15 22:23:35.207 WARN   Wiring.write_wire_scope: net not found
2026-08-15 22:23:35.207 WARN   Wiring.write_wire_scope: net not found
2026-08-15 22:23:35.207 WARN   Wiring.write_wire_scope: net not found
2026-08-15 22:23:35.207 WARN   Wiring.write_wire_scope: net not found
2026-08-15 22:23:35.207 WARN   Wiring.write_wire_scope: net not found
2026-08-15 22:23:35.208 WARN   Wiring.write_wire_scope: net not found
2026-08-15 22:23:35.208 WARN   Wiring.write_wire_scope: net not found
2026-08-15 22:23:35.208 WARN   Wiring.write_wire_scope: net not found
2026-08-15 22:23:35.208 WARN   Wiring.write_wire_scope: net not found
2026-08-15 22:23:35.209 WARN   Wiring.write_wire_scope: net not found
2026-08-15 22:23:35.209 WARN   Wiring.write_wire_scope: net not found
2026-08-15 22:23:35.209 WARN   Wiring.write_wire_scope: net not found
2026-08-15 22:23:35.209 WARN   Wiring.write_wire_scope: net not found
2026-08-15 22:23:35.209 WARN   Wiring.write_wire_scope: net not found
2026-08-15 22:23:35.210 WARN   Wiring.write_wire_scope: net not found
2026-08-15 22:23:35.210 WARN   Wiring.write_wire_scope: net not found
2026-08-15 22:23:35.210 WARN   Wiring.write_wire_scope: net not found
2026-08-15 22:23:35.210 WARN   Wiring.write_wire_scope: net not found
2026-08-15 22:23:35.211 WARN   Wiring.write_wire_scope: net not found
2026-08-15 22:23:35.211 WARN   Wiring.write_wire_scope: net not found
2026-08-15 22:23:35.211 WARN   Wiring.write_wire_scope: net not found
2026-08-15 22:23:35.211 WARN   Wiring.write_wire_scope: net not found
2026-08-15 22:23:35.211 WARN   Wiring.write_wire_scope: net not found
2026-08-15 22:23:35.211 WARN   Wiring.write_wire_scope: net not found
2026-08-15 22:23:35.212 WARN   Wiring.write_wire_scope: net not found
2026-08-15 22:23:35.212 WARN   Wiring.write_wire_scope: net not found
2026-08-15 22:23:35.212 WARN   Wiring.write_wire_scope: net not found
2026-08-15 22:23:35.212 WARN   Wiring.write_wire_scope: net not found
2026-08-15 22:23:35.212 WARN   Wiring.write_wire_scope: net not found
2026-08-15 22:23:35.212 WARN   Wiring.write_wire_scope: net not found
2026-08-15 22:23:35.213 WARN   Wiring.write_wire_scope: net not found
2026-08-15 22:23:35.213 WARN   Wiring.write_wire_scope: net not found
2026-08-15 22:23:35.213 WARN   Wiring.write_wire_scope: net not found
2026-08-15 22:23:35.213 WARN   Wiring.write_wire_scope: net not found
2026-08-15 22:23:35.213 WARN   Wiring.write_wire_scope: net not found
2026-08-15 22:23:35.213 WARN   Wiring.write_wire_scope: net not found
2026-08-15 22:23:35.214 WARN   Wiring.write_wire_scope: net not found
2026-08-15 22:23:35.214 WARN   Wiring.write_wire_scope: net not found
2026-08-15 22:23:35.214 WARN   Wiring.write_wire_scope: net not found
2026-08-15 22:23:35.214 WARN   Wiring.write_wire_scope: net not found
2026-08-15 22:23:35.214 WARN   Wiring.write_wire_scope: net not found
2026-08-15 22:23:35.214 WARN   Wiring.write_wire_scope: net not found
2026-08-15 22:23:35.214 WARN   Wiring.write_wire_scope: net not found
2026-08-15 22:23:35.215 WARN   Wiring.write_wire_scope: net not found
2026-08-15 22:23:35.215 WARN   Wiring.write_wire_scope: net not found
2026-08-15 22:23:35.215 WARN   Wiring.write_wire_scope: net not found
2026-08-15 22:23:35.215 WARN   Wiring.write_wire_scope: net not found
2026-08-15 22:23:35.215 WARN   Wiring.write_wire_scope: net not found
2026-08-15 22:23:35.216 WARN   Wiring.write_wire_scope: net not found
2026-08-15 22:23:35.216 WARN   Wiring.write_wire_scope: net not found
2026-08-15 22:23:35.216 WARN   Wiring.write_wire_scope: net not found
2026-08-15 22:23:35.216 WARN   Wiring.write_wire_scope: net not found
2026-08-15 22:23:35.216 WARN   Wiring.write_wire_scope: net not found
2026-08-15 22:23:35.216 WARN   Wiring.write_wire_scope: net not found
2026-08-15 22:23:36.221 WARN   Wiring.write_wire_scope: net not found
2026-08-15 22:23:36.222 WARN   Wiring.write_wire_scope: net not found
2026-08-15 22:23:36.222 WARN   Wiring.write_wire_scope: net not found
2026-08-15 22:23:36.222 WARN   Wiring.write_wire_scope: net not found
2026-08-15 22:23:36.222 WARN   Wiring.write_wire_scope: net not found
2026-08-15 22:23:36.223 WARN   Wiring.write_wire_scope: net not found
2026-08-15 22:23:36.223 WARN   Wiring.write_wire_scope: net not found
2026-08-15 22:23:36.223 WARN   Wiring.write_wire_scope: net not found
2026-08-15 22:23:36.223 WARN   Wiring.write_wire_scope: net not found
2026-08-15 22:23:36.223 WARN   Wiring.write_wire_scope: net not found
2026-08-15 22:23:36.223 WARN   Wiring.write_wire_scope: net not found
2026-08-15 22:23:36.224 WARN   Wiring.write_wire_scope: net not found
2026-08-15 22:23:36.224 WARN   Wiring.write_wire_scope: net not found
2026-08-15 22:23:36.224 WARN   Wiring.write_wire_scope: net not found
2026-08-15 22:23:36.224 WARN   Wiring.write_wire_scope: net not found
2026-08-15 22:23:36.224 WARN   Wiring.write_wire_scope: net not found
2026-08-15 22:23:36.225 WARN   Wiring.write_wire_scope: net not found
2026-08-15 22:23:36.225 WARN   Wiring.write_wire_scope: net not found
2026-08-15 22:23:36.225 WARN   Wiring.write_wire_scope: net not found
2026-08-15 22:23:36.225 WARN   Wiring.write_wire_scope: net not found
2026-08-15 22:23:36.225 WARN   Wiring.write_wire_scope: net not found
2026-08-15 22:23:36.225 WARN   Wiring.write_wire_scope: net not found
2026-08-15 22:23:36.226 WARN   Wiring.write_wire_scope: net not found
2026-08-15 22:23:36.226 WARN   Wiring.write_wire_scope: net not found
2026-08-15 22:23:36.227 WARN   Wiring.write_wire_scope: net not found
2026-08-15 22:23:36.227 WARN   Wiring.write_wire_scope: net not found
2026-08-15 22:23:36.227 WARN   Wiring.write_wire_scope: net not found
2026-08-15 22:23:36.227 WARN   Wiring.write_wire_scope: net not found
2026-08-15 22:23:36.227 WARN   Wiring.write_wire_scope: net not found
2026-08-15 22:23:36.228 WARN   Wiring.write_wire_scope: net not found
2026-08-15 22:23:36.228 WARN   Wiring.write_wire_scope: net not found
2026-08-15 22:23:36.228 WARN   Wiring.write_wire_scope: net not found
2026-08-15 22:23:36.228 WARN   Wiring.write_wire_scope: net not found
2026-08-15 22:23:36.228 WARN   Wiring.write_wire_scope: net not found
2026-08-15 22:23:36.229 WARN   Wiring.write_wire_scope: net not found
2026-08-15 22:23:36.229 WARN   Wiring.write_wire_scope: net not found
2026-08-15 22:23:36.229 WARN   Wiring.write_wire_scope: net not found
2026-08-15 22:23:36.229 WARN   Wiring.write_wire_scope: net not found
2026-08-15 22:23:36.229 WARN   Wiring.write_wire_scope: net not found
2026-08-15 22:23:36.229 WARN   Wiring.write_wire_scope: net not found
2026-08-15 22:23:36.230 WARN   Wiring.write_wire_scope: net not found
2026-08-15 22:23:36.230 WARN   Wiring.write_wire_scope: net not found
2026-08-15 22:23:36.230 WARN   Wiring.write_wire_scope: net not found
2026-08-15 22:23:36.230 WARN   Wiring.write_wire_scope: net not found
2026-08-15 22:23:36.230 WARN   Wiring.write_wire_scope: net not found
2026-08-15 22:23:36.231 WARN   Wiring.write_wire_scope: net not found
2026-08-15 22:23:36.231 WARN   Wiring.write_wire_scope: net not found
2026-08-15 22:23:36.231 WARN   Wiring.write_wire_scope: net not found
2026-08-15 22:23:36.231 WARN   Wiring.write_wire_scope: net not found
2026-08-15 22:23:36.231 WARN   Wiring.write_wire_scope: net not found
2026-08-15 22:23:36.231 WARN   Wiring.write_wire_scope: net not found
2026-08-15 22:23:36.232 WARN   Wiring.write_wire_scope: net not found
2026-08-15 22:23:36.232 WARN   Wiring.write_wire_scope: net not found
2026-08-15 22:23:36.232 WARN   Wiring.write_wire_scope: net not found
2026-08-15 22:23:36.232 WARN   Wiring.write_wire_scope: net not found
2026-08-15 22:23:36.232 WARN   Wiring.write_wire_scope: net not found
2026-08-15 22:23:36.233 WARN   Wiring.write_wire_scope: net not found
2026-08-15 22:23:36.233 WARN   Wiring.write_wire_scope: net not found
2026-08-15 22:23:37.226 WARN   Wiring.write_wire_scope: net not found
2026-08-15 22:23:37.226 WARN   Wiring.write_wire_scope: net not found
2026-08-15 22:23:37.227 WARN   Wiring.write_wire_scope: net not found
2026-08-15 22:23:37.227 WARN   Wiring.write_wire_scope: net not found
2026-08-15 22:23:37.227 WARN   Wiring.write_wire_scope: net not found
2026-08-15 22:23:37.227 WARN   Wiring.write_wire_scope: net not found
2026-08-15 22:23:37.227 WARN   Wiring.write_wire_scope: net not found
2026-08-15 22:23:37.228 WARN   Wiring.write_wire_scope: net not found
2026-08-15 22:23:37.228 WARN   Wiring.write_wire_scope: net not found
2026-08-15 22:23:37.228 WARN   Wiring.write_wire_scope: net not found
2026-08-15 22:23:37.228 WARN   Wiring.write_wire_scope: net not found
2026-08-15 22:23:37.228 WARN   Wiring.write_wire_scope: net not found
2026-08-15 22:23:37.228 WARN   Wiring.write_wire_scope: net not found
2026-08-15 22:23:37.229 WARN   Wiring.write_wire_scope: net not found
2026-08-15 22:23:37.229 WARN   Wiring.write_wire_scope: net not found
2026-08-15 22:23:37.229 WARN   Wiring.write_wire_scope: net not found
2026-08-15 22:23:37.229 WARN   Wiring.write_wire_scope: net not found
2026-08-15 22:23:37.229 WARN   Wiring.write_wire_scope: net not found
2026-08-15 22:23:37.230 WARN   Wiring.write_wire_scope: net not found
2026-08-15 22:23:37.230 WARN   Wiring.write_wire_scope: net not found
2026-08-15 22:23:37.230 WARN   Wiring.write_wire_scope: net not found
2026-08-15 22:23:37.230 WARN   Wiring.write_wire_scope: net not found
2026-08-15 22:23:37.230 WARN   Wiring.write_wire_scope: net not found
2026-08-15 22:23:37.230 WARN   Wiring.write_wire_scope: net not found
2026-08-15 22:23:37.231 WARN   Wiring.write_wire_scope: net not found
2026-08-15 22:23:37.231 WARN   Wiring.write_wire_scope: net not found
2026-08-15 22:23:37.231 WARN   Wiring.write_wire_scope: net not found
2026-08-15 22:23:37.231 WARN   Wiring.write_wire_scope: net not found
2026-08-15 22:23:37.231 WARN   Wiring.write_wire_scope: net not found
2026-08-15 22:23:37.231 WARN   Wiring.write_wire_scope: net not found
2026-08-15 22:23:37.232 WARN   Wiring.write_wire_scope: net not found
2026-08-15 22:23:37.232 WARN   Wiring.write_wire_scope: net not found
2026-08-15 22:23:37.232 WARN   Wiring.write_wire_scope: net not found
2026-08-15 22:23:37.232 WARN   Wiring.write_wire_scope: net not found
2026-08-15 22:23:37.232 WARN   Wiring.write_wire_scope: net not found
2026-08-15 22:23:37.232 WARN   Wiring.write_wire_scope: net not found
2026-08-15 22:23:37.233 WARN   Wiring.write_wire_scope: net not found
2026-08-15 22:23:37.233 WARN   Wiring.write_wire_scope: net not found
2026-08-15 22:23:37.233 WARN   Wiring.write_wire_scope: net not found
2026-08-15 22:23:37.233 WARN   Wiring.write_wire_scope: net not found
2026-08-15 22:23:37.233 WARN   Wiring.write_wire_scope: net not found
2026-08-15 22:23:37.233 WARN   Wiring.write_wire_scope: net not found
2026-08-15 22:23:37.234 WARN   Wiring.write_wire_scope: net not found
2026-08-15 22:23:37.234 WARN   Wiring.write_wire_scope: net not found
2026-08-15 22:23:37.234 WARN   Wiring.write_wire_scope: net not found
2026-08-15 22:23:37.234 WARN   Wiring.write_wire_scope: net not found
2026-08-15 22:23:37.234 WARN   Wiring.write_wire_scope: net not found
2026-08-15 22:23:37.234 WARN   Wiring.write_wire_scope: net not found
2026-08-15 22:23:37.235 WARN   Wiring.write_wire_scope: net not found
2026-08-15 22:23:37.235 WARN   Wiring.write_wire_scope: net not found
2026-08-15 22:23:37.235 WARN   Wiring.write_wire_scope: net not found
2026-08-15 22:23:37.235 WARN   Wiring.write_wire_scope: net not found
2026-08-15 22:23:37.235 WARN   Wiring.write_wire_scope: net not found
2026-08-15 22:23:37.235 WARN   Wiring.write_wire_scope: net not found
2026-08-15 22:23:37.236 WARN   Wiring.write_wire_scope: net not found
2026-08-15 22:23:37.236 WARN   Wiring.write_wire_scope: net not found
2026-08-15 22:23:37.236 WARN   Wiring.write_wire_scope: net not found
2026-08-15 22:23:37.236 WARN   Wiring.write_wire_scope: net not found
2026-08-15 22:23:38.113 WARN   Wiring.write_wire_scope: net not found
2026-08-15 22:23:38.113 WARN   Wiring.write_wire_scope: net not found
2026-08-15 22:23:38.114 WARN   Wiring.write_wire_scope: net not found
2026-08-15 22:23:38.114 WARN   Wiring.write_wire_scope: net not found
2026-08-15 22:23:38.114 WARN   Wiring.write_wire_scope: net not found
2026-08-15 22:23:38.114 WARN   Wiring.write_wire_scope: net not found
2026-08-15 22:23:38.115 WARN   Wiring.write_wire_scope: net not found
2026-08-15 22:23:38.115 WARN   Wiring.write_wire_scope: net not found
2026-08-15 22:23:38.115 WARN   Wiring.write_wire_scope: net not found
2026-08-15 22:23:38.115 WARN   Wiring.write_wire_scope: net not found
2026-08-15 22:23:38.115 WARN   Wiring.write_wire_scope: net not found
2026-08-15 22:23:38.116 WARN   Wiring.write_wire_scope: net not found
2026-08-15 22:23:38.116 WARN   Wiring.write_wire_scope: net not found
2026-08-15 22:23:38.116 WARN   Wiring.write_wire_scope: net not found
2026-08-15 22:23:38.116 WARN   Wiring.write_wire_scope: net not found
2026-08-15 22:23:38.116 WARN   Wiring.write_wire_scope: net not found
2026-08-15 22:23:38.117 WARN   Wiring.write_wire_scope: net not found
2026-08-15 22:23:38.117 WARN   Wiring.write_wire_scope: net not found
2026-08-15 22:23:38.117 WARN   Wiring.write_wire_scope: net not found
2026-08-15 22:23:38.118 WARN   Wiring.write_wire_scope: net not found
2026-08-15 22:23:38.118 WARN   Wiring.write_wire_scope: net not found
2026-08-15 22:23:38.118 WARN   Wiring.write_wire_scope: net not found
2026-08-15 22:23:38.118 WARN   Wiring.write_wire_scope: net not found
2026-08-15 22:23:38.118 WARN   Wiring.write_wire_scope: net not found
2026-08-15 22:23:38.118 WARN   Wiring.write_wire_scope: net not found
2026-08-15 22:23:38.119 WARN   Wiring.write_wire_scope: net not found
2026-08-15 22:23:38.119 WARN   Wiring.write_wire_scope: net not found
2026-08-15 22:23:38.119 WARN   Wiring.write_wire_scope: net not found
2026-08-15 22:23:38.119 WARN   Wiring.write_wire_scope: net not found
2026-08-15 22:23:38.119 WARN   Wiring.write_wire_scope: net not found
2026-08-15 22:23:38.120 WARN   Wiring.write_wire_scope: net not found
2026-08-15 22:23:38.120 WARN   Wiring.write_wire_scope: net not found
2026-08-15 22:23:38.120 WARN   Wiring.write_wire_scope: net not found
2026-08-15 22:23:38.120 WARN   Wiring.write_wire_scope: net not found
2026-08-15 22:23:38.120 WARN   Wiring.write_wire_scope: net not found
2026-08-15 22:23:38.121 WARN   Wiring.write_wire_scope: net not found
2026-08-15 22:23:38.121 WARN   Wiring.write_wire_scope: net not found
2026-08-15 22:23:38.121 WARN   Wiring.write_wire_scope: net not found
2026-08-15 22:23:38.121 WARN   Wiring.write_wire_scope: net not found
2026-08-15 22:23:38.121 WARN   Wiring.write_wire_scope: net not found
2026-08-15 22:23:38.121 WARN   Wiring.write_wire_scope: net not found
2026-08-15 22:23:38.122 WARN   Wiring.write_wire_scope: net not found
2026-08-15 22:23:38.122 WARN   Wiring.write_wire_scope: net not found
2026-08-15 22:23:38.122 WARN   Wiring.write_wire_scope: net not found
2026-08-15 22:23:38.122 WARN   Wiring.write_wire_scope: net not found
2026-08-15 22:23:38.122 WARN   Wiring.write_wire_scope: net not found
2026-08-15 22:23:38.123 WARN   Wiring.write_wire_scope: net not found
2026-08-15 22:23:38.123 WARN   Wiring.write_wire_scope: net not found
2026-08-15 22:23:38.123 WARN   Wiring.write_wire_scope: net not found
2026-08-15 22:23:38.123 WARN   Wiring.write_wire_scope: net not found
2026-08-15 22:23:38.123 WARN   Wiring.write_wire_scope: net not found
2026-08-15 22:23:38.123 WARN   Wiring.write_wire_scope: net not found
2026-08-15 22:23:38.124 WARN   Wiring.write_wire_scope: net not found
2026-08-15 22:23:38.124 WARN   Wiring.write_wire_scope: net not found
2026-08-15 22:23:38.124 WARN   Wiring.write_wire_scope: net not found
2026-08-15 22:23:38.124 WARN   Wiring.write_wire_scope: net not found
2026-08-15 22:23:38.124 WARN   Wiring.write_wire_scope: net not found
2026-08-15 22:23:38.124 WARN   Wiring.write_wire_scope: net not found
2026-08-15 22:23:38.131 INFO   [3604CB\853608] Fanout pass #3 on board 'ac03eed16201be8b88c5ca7845e20d2f' completed in 3.06 seconds with 15 SMD pins fanouted, 129 not routed, 0 insert errors, +1 extra via (0 SMD pins still to check in pass, ripup costs=300).
2026-08-15 22:23:38.231 WARN   Wiring.write_wire_scope: net not found
2026-08-15 22:23:38.232 WARN   Wiring.write_wire_scope: net not found
2026-08-15 22:23:38.232 WARN   Wiring.write_wire_scope: net not found
2026-08-15 22:23:38.232 WARN   Wiring.write_wire_scope: net not found
2026-08-15 22:23:38.232 WARN   Wiring.write_wire_scope: net not found
2026-08-15 22:23:38.233 WARN   Wiring.write_wire_scope: net not found
2026-08-15 22:23:38.233 WARN   Wiring.write_wire_scope: net not found
2026-08-15 22:23:38.233 WARN   Wiring.write_wire_scope: net not found
2026-08-15 22:23:38.233 WARN   Wiring.write_wire_scope: net not found
2026-08-15 22:23:38.233 WARN   Wiring.write_wire_scope: net not found
2026-08-15 22:23:38.233 WARN   Wiring.write_wire_scope: net not found
2026-08-15 22:23:38.234 WARN   Wiring.write_wire_scope: net not found
2026-08-15 22:23:38.234 WARN   Wiring.write_wire_scope: net not found
2026-08-15 22:23:38.234 WARN   Wiring.write_wire_scope: net not found
2026-08-15 22:23:38.234 WARN   Wiring.write_wire_scope: net not found
2026-08-15 22:23:38.234 WARN   Wiring.write_wire_scope: net not found
2026-08-15 22:23:38.234 WARN   Wiring.write_wire_scope: net not found
2026-08-15 22:23:38.235 WARN   Wiring.write_wire_scope: net not found
2026-08-15 22:23:38.235 WARN   Wiring.write_wire_scope: net not found
2026-08-15 22:23:38.235 WARN   Wiring.write_wire_scope: net not found
2026-08-15 22:23:38.235 WARN   Wiring.write_wire_scope: net not found
2026-08-15 22:23:38.235 WARN   Wiring.write_wire_scope: net not found
2026-08-15 22:23:38.236 WARN   Wiring.write_wire_scope: net not found
2026-08-15 22:23:38.236 WARN   Wiring.write_wire_scope: net not found
2026-08-15 22:23:38.236 WARN   Wiring.write_wire_scope: net not found
2026-08-15 22:23:38.236 WARN   Wiring.write_wire_scope: net not found
2026-08-15 22:23:38.236 WARN   Wiring.write_wire_scope: net not found
2026-08-15 22:23:38.236 WARN   Wiring.write_wire_scope: net not found
2026-08-15 22:23:38.237 WARN   Wiring.write_wire_scope: net not found
2026-08-15 22:23:38.237 WARN   Wiring.write_wire_scope: net not found
2026-08-15 22:23:38.237 WARN   Wiring.write_wire_scope: net not found
2026-08-15 22:23:38.237 WARN   Wiring.write_wire_scope: net not found
2026-08-15 22:23:38.237 WARN   Wiring.write_wire_scope: net not found
2026-08-15 22:23:38.238 WARN   Wiring.write_wire_scope: net not found
2026-08-15 22:23:38.238 WARN   Wiring.write_wire_scope: net not found
2026-08-15 22:23:38.239 WARN   Wiring.write_wire_scope: net not found
2026-08-15 22:23:38.239 WARN   Wiring.write_wire_scope: net not found
2026-08-15 22:23:38.239 WARN   Wiring.write_wire_scope: net not found
2026-08-15 22:23:38.239 WARN   Wiring.write_wire_scope: net not found
2026-08-15 22:23:38.239 WARN   Wiring.write_wire_scope: net not found
2026-08-15 22:23:38.239 WARN   Wiring.write_wire_scope: net not found
2026-08-15 22:23:38.240 WARN   Wiring.write_wire_scope: net not found
2026-08-15 22:23:38.240 WARN   Wiring.write_wire_scope: net not found
2026-08-15 22:23:38.240 WARN   Wiring.write_wire_scope: net not found
2026-08-15 22:23:38.240 WARN   Wiring.write_wire_scope: net not found
2026-08-15 22:23:38.240 WARN   Wiring.write_wire_scope: net not found
2026-08-15 22:23:38.240 WARN   Wiring.write_wire_scope: net not found
2026-08-15 22:23:38.241 WARN   Wiring.write_wire_scope: net not found
2026-08-15 22:23:38.241 WARN   Wiring.write_wire_scope: net not found
2026-08-15 22:23:38.241 WARN   Wiring.write_wire_scope: net not found
2026-08-15 22:23:38.241 WARN   Wiring.write_wire_scope: net not found
2026-08-15 22:23:38.241 WARN   Wiring.write_wire_scope: net not found
2026-08-15 22:23:38.241 WARN   Wiring.write_wire_scope: net not found
2026-08-15 22:23:38.242 WARN   Wiring.write_wire_scope: net not found
2026-08-15 22:23:38.242 WARN   Wiring.write_wire_scope: net not found
2026-08-15 22:23:38.242 WARN   Wiring.write_wire_scope: net not found
2026-08-15 22:23:38.242 WARN   Wiring.write_wire_scope: net not found
2026-08-15 22:23:38.242 WARN   Wiring.write_wire_scope: net not found
2026-08-15 22:23:38.334 WARN   Wiring.write_wire_scope: net not found
2026-08-15 22:23:38.334 WARN   Wiring.write_wire_scope: net not found
2026-08-15 22:23:38.334 WARN   Wiring.write_wire_scope: net not found
2026-08-15 22:23:38.335 WARN   Wiring.write_wire_scope: net not found
2026-08-15 22:23:38.335 WARN   Wiring.write_wire_scope: net not found
2026-08-15 22:23:38.335 WARN   Wiring.write_wire_scope: net not found
2026-08-15 22:23:38.335 WARN   Wiring.write_wire_scope: net not found
2026-08-15 22:23:38.335 WARN   Wiring.write_wire_scope: net not found
2026-08-15 22:23:38.336 WARN   Wiring.write_wire_scope: net not found
2026-08-15 22:23:38.336 WARN   Wiring.write_wire_scope: net not found
2026-08-15 22:23:38.336 WARN   Wiring.write_wire_scope: net not found
2026-08-15 22:23:38.336 WARN   Wiring.write_wire_scope: net not found
2026-08-15 22:23:38.336 WARN   Wiring.write_wire_scope: net not found
2026-08-15 22:23:38.337 WARN   Wiring.write_wire_scope: net not found
2026-08-15 22:23:38.337 WARN   Wiring.write_wire_scope: net not found
2026-08-15 22:23:38.337 WARN   Wiring.write_wire_scope: net not found
2026-08-15 22:23:38.337 WARN   Wiring.write_wire_scope: net not found
2026-08-15 22:23:38.337 WARN   Wiring.write_wire_scope: net not found
2026-08-15 22:23:38.337 WARN   Wiring.write_wire_scope: net not found
2026-08-15 22:23:38.338 WARN   Wiring.write_wire_scope: net not found
2026-08-15 22:23:38.338 WARN   Wiring.write_wire_scope: net not found
2026-08-15 22:23:38.338 WARN   Wiring.write_wire_scope: net not found
2026-08-15 22:23:38.338 WARN   Wiring.write_wire_scope: net not found
2026-08-15 22:23:38.338 WARN   Wiring.write_wire_scope: net not found
2026-08-15 22:23:38.339 WARN   Wiring.write_wire_scope: net not found
2026-08-15 22:23:38.339 WARN   Wiring.write_wire_scope: net not found
2026-08-15 22:23:38.339 WARN   Wiring.write_wire_scope: net not found
2026-08-15 22:23:38.339 WARN   Wiring.write_wire_scope: net not found
2026-08-15 22:23:38.339 WARN   Wiring.write_wire_scope: net not found
2026-08-15 22:23:38.339 WARN   Wiring.write_wire_scope: net not found
2026-08-15 22:23:38.339 WARN   Wiring.write_wire_scope: net not found
2026-08-15 22:23:38.340 WARN   Wiring.write_wire_scope: net not found
2026-08-15 22:23:38.340 WARN   Wiring.write_wire_scope: net not found
2026-08-15 22:23:38.340 WARN   Wiring.write_wire_scope: net not found
2026-08-15 22:23:38.340 WARN   Wiring.write_wire_scope: net not found
2026-08-15 22:23:38.340 WARN   Wiring.write_wire_scope: net not found
2026-08-15 22:23:38.340 WARN   Wiring.write_wire_scope: net not found
2026-08-15 22:23:38.341 WARN   Wiring.write_wire_scope: net not found
2026-08-15 22:23:38.341 WARN   Wiring.write_wire_scope: net not found
2026-08-15 22:23:38.341 WARN   Wiring.write_wire_scope: net not found
2026-08-15 22:23:38.341 WARN   Wiring.write_wire_scope: net not found
2026-08-15 22:23:38.341 WARN   Wiring.write_wire_scope: net not found
2026-08-15 22:23:38.342 WARN   Wiring.write_wire_scope: net not found
2026-08-15 22:23:38.342 WARN   Wiring.write_wire_scope: net not found
2026-08-15 22:23:38.342 WARN   Wiring.write_wire_scope: net not found
2026-08-15 22:23:38.342 WARN   Wiring.write_wire_scope: net not found
2026-08-15 22:23:38.342 WARN   Wiring.write_wire_scope: net not found
2026-08-15 22:23:38.343 WARN   Wiring.write_wire_scope: net not found
2026-08-15 22:23:38.343 WARN   Wiring.write_wire_scope: net not found
2026-08-15 22:23:38.343 WARN   Wiring.write_wire_scope: net not found
2026-08-15 22:23:38.343 WARN   Wiring.write_wire_scope: net not found
2026-08-15 22:23:38.343 WARN   Wiring.write_wire_scope: net not found
2026-08-15 22:23:38.343 WARN   Wiring.write_wire_scope: net not found
2026-08-15 22:23:38.344 WARN   Wiring.write_wire_scope: net not found
2026-08-15 22:23:38.344 WARN   Wiring.write_wire_scope: net not found
2026-08-15 22:23:38.344 WARN   Wiring.write_wire_scope: net not found
2026-08-15 22:23:38.344 WARN   Wiring.write_wire_scope: net not found
2026-08-15 22:23:38.344 WARN   Wiring.write_wire_scope: net not found
2026-08-15 22:23:39.352 WARN   Wiring.write_wire_scope: net not found
2026-08-15 22:23:39.352 WARN   Wiring.write_wire_scope: net not found
2026-08-15 22:23:39.352 WARN   Wiring.write_wire_scope: net not found
2026-08-15 22:23:39.353 WARN   Wiring.write_wire_scope: net not found
2026-08-15 22:23:39.353 WARN   Wiring.write_wire_scope: net not found
2026-08-15 22:23:39.353 WARN   Wiring.write_wire_scope: net not found
2026-08-15 22:23:39.353 WARN   Wiring.write_wire_scope: net not found
2026-08-15 22:23:39.353 WARN   Wiring.write_wire_scope: net not found
2026-08-15 22:23:39.354 WARN   Wiring.write_wire_scope: net not found
2026-08-15 22:23:39.354 WARN   Wiring.write_wire_scope: net not found
2026-08-15 22:23:39.354 WARN   Wiring.write_wire_scope: net not found
2026-08-15 22:23:39.354 WARN   Wiring.write_wire_scope: net not found
2026-08-15 22:23:39.354 WARN   Wiring.write_wire_scope: net not found
2026-08-15 22:23:39.355 WARN   Wiring.write_wire_scope: net not found
2026-08-15 22:23:39.355 WARN   Wiring.write_wire_scope: net not found
2026-08-15 22:23:39.355 WARN   Wiring.write_wire_scope: net not found
2026-08-15 22:23:39.355 WARN   Wiring.write_wire_scope: net not found
2026-08-15 22:23:39.356 WARN   Wiring.write_wire_scope: net not found
2026-08-15 22:23:39.356 WARN   Wiring.write_wire_scope: net not found
2026-08-15 22:23:39.356 WARN   Wiring.write_wire_scope: net not found
2026-08-15 22:23:39.356 WARN   Wiring.write_wire_scope: net not found
2026-08-15 22:23:39.356 WARN   Wiring.write_wire_scope: net not found
2026-08-15 22:23:39.357 WARN   Wiring.write_wire_scope: net not found
2026-08-15 22:23:39.357 WARN   Wiring.write_wire_scope: net not found
2026-08-15 22:23:39.357 WARN   Wiring.write_wire_scope: net not found
2026-08-15 22:23:39.357 WARN   Wiring.write_wire_scope: net not found
2026-08-15 22:23:39.357 WARN   Wiring.write_wire_scope: net not found
2026-08-15 22:23:39.358 WARN   Wiring.write_wire_scope: net not found
2026-08-15 22:23:39.358 WARN   Wiring.write_wire_scope: net not found
2026-08-15 22:23:39.358 WARN   Wiring.write_wire_scope: net not found
2026-08-15 22:23:39.358 WARN   Wiring.write_wire_scope: net not found
2026-08-15 22:23:39.358 WARN   Wiring.write_wire_scope: net not found
2026-08-15 22:23:39.358 WARN   Wiring.write_wire_scope: net not found
2026-08-15 22:23:39.359 WARN   Wiring.write_wire_scope: net not found
2026-08-15 22:23:39.359 WARN   Wiring.write_wire_scope: net not found
2026-08-15 22:23:39.359 WARN   Wiring.write_wire_scope: net not found
2026-08-15 22:23:39.359 WARN   Wiring.write_wire_scope: net not found
2026-08-15 22:23:39.359 WARN   Wiring.write_wire_scope: net not found
2026-08-15 22:23:39.359 WARN   Wiring.write_wire_scope: net not found
2026-08-15 22:23:39.360 WARN   Wiring.write_wire_scope: net not found
2026-08-15 22:23:39.360 WARN   Wiring.write_wire_scope: net not found
2026-08-15 22:23:39.360 WARN   Wiring.write_wire_scope: net not found
2026-08-15 22:23:39.360 WARN   Wiring.write_wire_scope: net not found
2026-08-15 22:23:39.360 WARN   Wiring.write_wire_scope: net not found
2026-08-15 22:23:39.360 WARN   Wiring.write_wire_scope: net not found
2026-08-15 22:23:39.360 WARN   Wiring.write_wire_scope: net not found
2026-08-15 22:23:39.361 WARN   Wiring.write_wire_scope: net not found
2026-08-15 22:23:39.361 WARN   Wiring.write_wire_scope: net not found
2026-08-15 22:23:39.361 WARN   Wiring.write_wire_scope: net not found
2026-08-15 22:23:39.361 WARN   Wiring.write_wire_scope: net not found
2026-08-15 22:23:39.361 WARN   Wiring.write_wire_scope: net not found
2026-08-15 22:23:39.361 WARN   Wiring.write_wire_scope: net not found
2026-08-15 22:23:39.362 WARN   Wiring.write_wire_scope: net not found
2026-08-15 22:23:39.362 WARN   Wiring.write_wire_scope: net not found
2026-08-15 22:23:39.362 WARN   Wiring.write_wire_scope: net not found
2026-08-15 22:23:39.362 WARN   Wiring.write_wire_scope: net not found
2026-08-15 22:23:39.363 WARN   Wiring.write_wire_scope: net not found
2026-08-15 22:23:39.363 WARN   Wiring.write_wire_scope: net not found
2026-08-15 22:23:40.352 WARN   Wiring.write_wire_scope: net not found
2026-08-15 22:23:40.353 WARN   Wiring.write_wire_scope: net not found
2026-08-15 22:23:40.353 WARN   Wiring.write_wire_scope: net not found
2026-08-15 22:23:40.353 WARN   Wiring.write_wire_scope: net not found
2026-08-15 22:23:40.353 WARN   Wiring.write_wire_scope: net not found
2026-08-15 22:23:40.354 WARN   Wiring.write_wire_scope: net not found
2026-08-15 22:23:40.354 WARN   Wiring.write_wire_scope: net not found
2026-08-15 22:23:40.354 WARN   Wiring.write_wire_scope: net not found
2026-08-15 22:23:40.354 WARN   Wiring.write_wire_scope: net not found
2026-08-15 22:23:40.354 WARN   Wiring.write_wire_scope: net not found
2026-08-15 22:23:40.354 WARN   Wiring.write_wire_scope: net not found
2026-08-15 22:23:40.355 WARN   Wiring.write_wire_scope: net not found
2026-08-15 22:23:40.355 WARN   Wiring.write_wire_scope: net not found
2026-08-15 22:23:40.355 WARN   Wiring.write_wire_scope: net not found
2026-08-15 22:23:40.355 WARN   Wiring.write_wire_scope: net not found
2026-08-15 22:23:40.355 WARN   Wiring.write_wire_scope: net not found
2026-08-15 22:23:40.356 WARN   Wiring.write_wire_scope: net not found
2026-08-15 22:23:40.356 WARN   Wiring.write_wire_scope: net not found
2026-08-15 22:23:40.356 WARN   Wiring.write_wire_scope: net not found
2026-08-15 22:23:40.356 WARN   Wiring.write_wire_scope: net not found
2026-08-15 22:23:40.356 WARN   Wiring.write_wire_scope: net not found
2026-08-15 22:23:40.357 WARN   Wiring.write_wire_scope: net not found
2026-08-15 22:23:40.357 WARN   Wiring.write_wire_scope: net not found
2026-08-15 22:23:40.357 WARN   Wiring.write_wire_scope: net not found
2026-08-15 22:23:40.357 WARN   Wiring.write_wire_scope: net not found
2026-08-15 22:23:40.357 WARN   Wiring.write_wire_scope: net not found
2026-08-15 22:23:40.357 WARN   Wiring.write_wire_scope: net not found
2026-08-15 22:23:40.358 WARN   Wiring.write_wire_scope: net not found
2026-08-15 22:23:40.358 WARN   Wiring.write_wire_scope: net not found
2026-08-15 22:23:40.358 WARN   Wiring.write_wire_scope: net not found
2026-08-15 22:23:40.358 WARN   Wiring.write_wire_scope: net not found
2026-08-15 22:23:40.358 WARN   Wiring.write_wire_scope: net not found
2026-08-15 22:23:40.358 WARN   Wiring.write_wire_scope: net not found
2026-08-15 22:23:40.359 WARN   Wiring.write_wire_scope: net not found
2026-08-15 22:23:40.359 WARN   Wiring.write_wire_scope: net not found
2026-08-15 22:23:40.359 WARN   Wiring.write_wire_scope: net not found
2026-08-15 22:23:40.359 WARN   Wiring.write_wire_scope: net not found
2026-08-15 22:23:40.359 WARN   Wiring.write_wire_scope: net not found
2026-08-15 22:23:40.359 WARN   Wiring.write_wire_scope: net not found
2026-08-15 22:23:40.360 WARN   Wiring.write_wire_scope: net not found
2026-08-15 22:23:40.360 WARN   Wiring.write_wire_scope: net not found
2026-08-15 22:23:40.360 WARN   Wiring.write_wire_scope: net not found
2026-08-15 22:23:40.360 WARN   Wiring.write_wire_scope: net not found
2026-08-15 22:23:40.360 WARN   Wiring.write_wire_scope: net not found
2026-08-15 22:23:40.360 WARN   Wiring.write_wire_scope: net not found
2026-08-15 22:23:40.360 WARN   Wiring.write_wire_scope: net not found
2026-08-15 22:23:40.361 WARN   Wiring.write_wire_scope: net not found
2026-08-15 22:23:40.361 WARN   Wiring.write_wire_scope: net not found
2026-08-15 22:23:40.361 WARN   Wiring.write_wire_scope: net not found
2026-08-15 22:23:40.361 WARN   Wiring.write_wire_scope: net not found
2026-08-15 22:23:40.361 WARN   Wiring.write_wire_scope: net not found
2026-08-15 22:23:40.361 WARN   Wiring.write_wire_scope: net not found
2026-08-15 22:23:40.362 WARN   Wiring.write_wire_scope: net not found
2026-08-15 22:23:40.362 WARN   Wiring.write_wire_scope: net not found
2026-08-15 22:23:40.362 WARN   Wiring.write_wire_scope: net not found
2026-08-15 22:23:40.362 WARN   Wiring.write_wire_scope: net not found
2026-08-15 22:23:40.362 WARN   Wiring.write_wire_scope: net not found
2026-08-15 22:23:40.362 WARN   Wiring.write_wire_scope: net not found
2026-08-15 22:23:41.216 WARN   Wiring.write_wire_scope: net not found
2026-08-15 22:23:41.216 WARN   Wiring.write_wire_scope: net not found
2026-08-15 22:23:41.216 WARN   Wiring.write_wire_scope: net not found
2026-08-15 22:23:41.217 WARN   Wiring.write_wire_scope: net not found
2026-08-15 22:23:41.217 WARN   Wiring.write_wire_scope: net not found
2026-08-15 22:23:41.217 WARN   Wiring.write_wire_scope: net not found
2026-08-15 22:23:41.217 WARN   Wiring.write_wire_scope: net not found
2026-08-15 22:23:41.217 WARN   Wiring.write_wire_scope: net not found
2026-08-15 22:23:41.217 WARN   Wiring.write_wire_scope: net not found
2026-08-15 22:23:41.218 WARN   Wiring.write_wire_scope: net not found
2026-08-15 22:23:41.218 WARN   Wiring.write_wire_scope: net not found
2026-08-15 22:23:41.218 WARN   Wiring.write_wire_scope: net not found
2026-08-15 22:23:41.218 WARN   Wiring.write_wire_scope: net not found
2026-08-15 22:23:41.218 WARN   Wiring.write_wire_scope: net not found
2026-08-15 22:23:41.218 WARN   Wiring.write_wire_scope: net not found
2026-08-15 22:23:41.219 WARN   Wiring.write_wire_scope: net not found
2026-08-15 22:23:41.219 WARN   Wiring.write_wire_scope: net not found
2026-08-15 22:23:41.219 WARN   Wiring.write_wire_scope: net not found
2026-08-15 22:23:41.219 WARN   Wiring.write_wire_scope: net not found
2026-08-15 22:23:41.219 WARN   Wiring.write_wire_scope: net not found
2026-08-15 22:23:41.220 WARN   Wiring.write_wire_scope: net not found
2026-08-15 22:23:41.220 WARN   Wiring.write_wire_scope: net not found
2026-08-15 22:23:41.220 WARN   Wiring.write_wire_scope: net not found
2026-08-15 22:23:41.220 WARN   Wiring.write_wire_scope: net not found
2026-08-15 22:23:41.220 WARN   Wiring.write_wire_scope: net not found
2026-08-15 22:23:41.221 WARN   Wiring.write_wire_scope: net not found
2026-08-15 22:23:41.221 WARN   Wiring.write_wire_scope: net not found
2026-08-15 22:23:41.221 WARN   Wiring.write_wire_scope: net not found
2026-08-15 22:23:41.221 WARN   Wiring.write_wire_scope: net not found
2026-08-15 22:23:41.221 WARN   Wiring.write_wire_scope: net not found
2026-08-15 22:23:41.221 WARN   Wiring.write_wire_scope: net not found
2026-08-15 22:23:41.222 WARN   Wiring.write_wire_scope: net not found
2026-08-15 22:23:41.222 WARN   Wiring.write_wire_scope: net not found
2026-08-15 22:23:41.222 WARN   Wiring.write_wire_scope: net not found
2026-08-15 22:23:41.222 WARN   Wiring.write_wire_scope: net not found
2026-08-15 22:23:41.222 WARN   Wiring.write_wire_scope: net not found
2026-08-15 22:23:41.222 WARN   Wiring.write_wire_scope: net not found
2026-08-15 22:23:41.223 WARN   Wiring.write_wire_scope: net not found
2026-08-15 22:23:41.223 WARN   Wiring.write_wire_scope: net not found
2026-08-15 22:23:41.223 WARN   Wiring.write_wire_scope: net not found
2026-08-15 22:23:41.223 WARN   Wiring.write_wire_scope: net not found
2026-08-15 22:23:41.223 WARN   Wiring.write_wire_scope: net not found
2026-08-15 22:23:41.223 WARN   Wiring.write_wire_scope: net not found
2026-08-15 22:23:41.224 WARN   Wiring.write_wire_scope: net not found
2026-08-15 22:23:41.224 WARN   Wiring.write_wire_scope: net not found
2026-08-15 22:23:41.224 WARN   Wiring.write_wire_scope: net not found
2026-08-15 22:23:41.224 WARN   Wiring.write_wire_scope: net not found
2026-08-15 22:23:41.224 WARN   Wiring.write_wire_scope: net not found
2026-08-15 22:23:41.224 WARN   Wiring.write_wire_scope: net not found
2026-08-15 22:23:41.225 WARN   Wiring.write_wire_scope: net not found
2026-08-15 22:23:41.225 WARN   Wiring.write_wire_scope: net not found
2026-08-15 22:23:41.225 WARN   Wiring.write_wire_scope: net not found
2026-08-15 22:23:41.225 WARN   Wiring.write_wire_scope: net not found
2026-08-15 22:23:41.225 WARN   Wiring.write_wire_scope: net not found
2026-08-15 22:23:41.225 WARN   Wiring.write_wire_scope: net not found
2026-08-15 22:23:41.226 WARN   Wiring.write_wire_scope: net not found
2026-08-15 22:23:41.226 WARN   Wiring.write_wire_scope: net not found
2026-08-15 22:23:41.226 WARN   Wiring.write_wire_scope: net not found
2026-08-15 22:23:41.234 INFO   [3604CB\853608] Fanout pass #4 on board '96e6e8a53e2afb151caea4c1690a008f' completed in 3.03 seconds with 12 SMD pins fanouted, 132 not routed, 0 insert errors, +3 extra vias (0 SMD pins still to check in pass, ripup costs=400).
2026-08-15 22:23:41.335 WARN   Wiring.write_wire_scope: net not found
2026-08-15 22:23:41.336 WARN   Wiring.write_wire_scope: net not found
2026-08-15 22:23:41.336 WARN   Wiring.write_wire_scope: net not found
2026-08-15 22:23:41.336 WARN   Wiring.write_wire_scope: net not found
2026-08-15 22:23:41.336 WARN   Wiring.write_wire_scope: net not found
2026-08-15 22:23:41.337 WARN   Wiring.write_wire_scope: net not found
2026-08-15 22:23:41.337 WARN   Wiring.write_wire_scope: net not found
2026-08-15 22:23:41.337 WARN   Wiring.write_wire_scope: net not found
2026-08-15 22:23:41.337 WARN   Wiring.write_wire_scope: net not found
2026-08-15 22:23:41.337 WARN   Wiring.write_wire_scope: net not found
2026-08-15 22:23:41.337 WARN   Wiring.write_wire_scope: net not found
2026-08-15 22:23:41.338 WARN   Wiring.write_wire_scope: net not found
2026-08-15 22:23:41.338 WARN   Wiring.write_wire_scope: net not found
2026-08-15 22:23:41.338 WARN   Wiring.write_wire_scope: net not found
2026-08-15 22:23:41.338 WARN   Wiring.write_wire_scope: net not found
2026-08-15 22:23:41.339 WARN   Wiring.write_wire_scope: net not found
2026-08-15 22:23:41.339 WARN   Wiring.write_wire_scope: net not found
2026-08-15 22:23:41.339 WARN   Wiring.write_wire_scope: net not found
2026-08-15 22:23:41.339 WARN   Wiring.write_wire_scope: net not found
2026-08-15 22:23:41.339 WARN   Wiring.write_wire_scope: net not found
2026-08-15 22:23:41.339 WARN   Wiring.write_wire_scope: net not found
2026-08-15 22:23:41.340 WARN   Wiring.write_wire_scope: net not found
2026-08-15 22:23:41.340 WARN   Wiring.write_wire_scope: net not found
2026-08-15 22:23:41.340 WARN   Wiring.write_wire_scope: net not found
2026-08-15 22:23:41.340 WARN   Wiring.write_wire_scope: net not found
2026-08-15 22:23:41.340 WARN   Wiring.write_wire_scope: net not found
2026-08-15 22:23:41.340 WARN   Wiring.write_wire_scope: net not found
2026-08-15 22:23:41.341 WARN   Wiring.write_wire_scope: net not found
2026-08-15 22:23:41.341 WARN   Wiring.write_wire_scope: net not found
2026-08-15 22:23:41.341 WARN   Wiring.write_wire_scope: net not found
2026-08-15 22:23:41.341 WARN   Wiring.write_wire_scope: net not found
2026-08-15 22:23:41.341 WARN   Wiring.write_wire_scope: net not found
2026-08-15 22:23:41.341 WARN   Wiring.write_wire_scope: net not found
2026-08-15 22:23:41.342 WARN   Wiring.write_wire_scope: net not found
2026-08-15 22:23:41.342 WARN   Wiring.write_wire_scope: net not found
2026-08-15 22:23:41.342 WARN   Wiring.write_wire_scope: net not found
2026-08-15 22:23:41.342 WARN   Wiring.write_wire_scope: net not found
2026-08-15 22:23:41.343 WARN   Wiring.write_wire_scope: net not found
2026-08-15 22:23:41.343 WARN   Wiring.write_wire_scope: net not found
2026-08-15 22:23:41.343 WARN   Wiring.write_wire_scope: net not found
2026-08-15 22:23:41.343 WARN   Wiring.write_wire_scope: net not found
2026-08-15 22:23:41.343 WARN   Wiring.write_wire_scope: net not found
2026-08-15 22:23:41.343 WARN   Wiring.write_wire_scope: net not found
2026-08-15 22:23:41.344 WARN   Wiring.write_wire_scope: net not found
2026-08-15 22:23:41.344 WARN   Wiring.write_wire_scope: net not found
2026-08-15 22:23:41.344 WARN   Wiring.write_wire_scope: net not found
2026-08-15 22:23:41.344 WARN   Wiring.write_wire_scope: net not found
2026-08-15 22:23:41.345 WARN   Wiring.write_wire_scope: net not found
2026-08-15 22:23:41.345 WARN   Wiring.write_wire_scope: net not found
2026-08-15 22:23:41.345 WARN   Wiring.write_wire_scope: net not found
2026-08-15 22:23:41.345 WARN   Wiring.write_wire_scope: net not found
2026-08-15 22:23:41.345 WARN   Wiring.write_wire_scope: net not found
2026-08-15 22:23:41.345 WARN   Wiring.write_wire_scope: net not found
2026-08-15 22:23:41.346 WARN   Wiring.write_wire_scope: net not found
2026-08-15 22:23:41.346 WARN   Wiring.write_wire_scope: net not found
2026-08-15 22:23:41.346 WARN   Wiring.write_wire_scope: net not found
2026-08-15 22:23:41.346 WARN   Wiring.write_wire_scope: net not found
2026-08-15 22:23:41.346 WARN   Wiring.write_wire_scope: net not found
2026-08-15 22:23:41.393 WARN   Wiring.write_wire_scope: net not found
2026-08-15 22:23:41.394 WARN   Wiring.write_wire_scope: net not found
2026-08-15 22:23:41.394 WARN   Wiring.write_wire_scope: net not found
2026-08-15 22:23:41.394 WARN   Wiring.write_wire_scope: net not found
2026-08-15 22:23:41.394 WARN   Wiring.write_wire_scope: net not found
2026-08-15 22:23:41.395 WARN   Wiring.write_wire_scope: net not found
2026-08-15 22:23:41.395 WARN   Wiring.write_wire_scope: net not found
2026-08-15 22:23:41.395 WARN   Wiring.write_wire_scope: net not found
2026-08-15 22:23:41.395 WARN   Wiring.write_wire_scope: net not found
2026-08-15 22:23:41.395 WARN   Wiring.write_wire_scope: net not found
2026-08-15 22:23:41.396 WARN   Wiring.write_wire_scope: net not found
2026-08-15 22:23:41.396 WARN   Wiring.write_wire_scope: net not found
2026-08-15 22:23:41.396 WARN   Wiring.write_wire_scope: net not found
2026-08-15 22:23:41.396 WARN   Wiring.write_wire_scope: net not found
2026-08-15 22:23:41.396 WARN   Wiring.write_wire_scope: net not found
2026-08-15 22:23:41.397 WARN   Wiring.write_wire_scope: net not found
2026-08-15 22:23:41.397 WARN   Wiring.write_wire_scope: net not found
2026-08-15 22:23:41.397 WARN   Wiring.write_wire_scope: net not found
2026-08-15 22:23:41.397 WARN   Wiring.write_wire_scope: net not found
2026-08-15 22:23:41.397 WARN   Wiring.write_wire_scope: net not found
2026-08-15 22:23:41.398 WARN   Wiring.write_wire_scope: net not found
2026-08-15 22:23:41.398 WARN   Wiring.write_wire_scope: net not found
2026-08-15 22:23:41.398 WARN   Wiring.write_wire_scope: net not found
2026-08-15 22:23:41.398 WARN   Wiring.write_wire_scope: net not found
2026-08-15 22:23:41.398 WARN   Wiring.write_wire_scope: net not found
2026-08-15 22:23:41.398 WARN   Wiring.write_wire_scope: net not found
2026-08-15 22:23:41.398 WARN   Wiring.write_wire_scope: net not found
2026-08-15 22:23:41.398 WARN   Wiring.write_wire_scope: net not found
2026-08-15 22:23:41.398 WARN   Wiring.write_wire_scope: net not found
2026-08-15 22:23:41.399 WARN   Wiring.write_wire_scope: net not found
2026-08-15 22:23:41.399 WARN   Wiring.write_wire_scope: net not found
2026-08-15 22:23:41.399 WARN   Wiring.write_wire_scope: net not found
2026-08-15 22:23:41.399 WARN   Wiring.write_wire_scope: net not found
2026-08-15 22:23:41.399 WARN   Wiring.write_wire_scope: net not found
2026-08-15 22:23:41.399 WARN   Wiring.write_wire_scope: net not found
2026-08-15 22:23:41.400 WARN   Wiring.write_wire_scope: net not found
2026-08-15 22:23:41.400 WARN   Wiring.write_wire_scope: net not found
2026-08-15 22:23:41.400 WARN   Wiring.write_wire_scope: net not found
2026-08-15 22:23:41.400 WARN   Wiring.write_wire_scope: net not found
2026-08-15 22:23:41.400 WARN   Wiring.write_wire_scope: net not found
2026-08-15 22:23:41.400 WARN   Wiring.write_wire_scope: net not found
2026-08-15 22:23:41.401 WARN   Wiring.write_wire_scope: net not found
2026-08-15 22:23:41.401 WARN   Wiring.write_wire_scope: net not found
2026-08-15 22:23:41.401 WARN   Wiring.write_wire_scope: net not found
2026-08-15 22:23:41.401 WARN   Wiring.write_wire_scope: net not found
2026-08-15 22:23:41.401 WARN   Wiring.write_wire_scope: net not found
2026-08-15 22:23:41.402 WARN   Wiring.write_wire_scope: net not found
2026-08-15 22:23:41.402 WARN   Wiring.write_wire_scope: net not found
2026-08-15 22:23:41.402 WARN   Wiring.write_wire_scope: net not found
2026-08-15 22:23:41.402 WARN   Wiring.write_wire_scope: net not found
2026-08-15 22:23:41.402 WARN   Wiring.write_wire_scope: net not found
2026-08-15 22:23:41.402 WARN   Wiring.write_wire_scope: net not found
2026-08-15 22:23:41.403 WARN   Wiring.write_wire_scope: net not found
2026-08-15 22:23:41.403 WARN   Wiring.write_wire_scope: net not found
2026-08-15 22:23:41.403 WARN   Wiring.write_wire_scope: net not found
2026-08-15 22:23:41.403 WARN   Wiring.write_wire_scope: net not found
2026-08-15 22:23:41.403 WARN   Wiring.write_wire_scope: net not found
2026-08-15 22:23:41.403 WARN   Wiring.write_wire_scope: net not found
2026-08-15 22:23:42.405 WARN   Wiring.write_wire_scope: net not found
2026-08-15 22:23:42.406 WARN   Wiring.write_wire_scope: net not found
2026-08-15 22:23:42.406 WARN   Wiring.write_wire_scope: net not found
2026-08-15 22:23:42.406 WARN   Wiring.write_wire_scope: net not found
2026-08-15 22:23:42.406 WARN   Wiring.write_wire_scope: net not found
2026-08-15 22:23:42.407 WARN   Wiring.write_wire_scope: net not found
2026-08-15 22:23:42.407 WARN   Wiring.write_wire_scope: net not found
2026-08-15 22:23:42.407 WARN   Wiring.write_wire_scope: net not found
2026-08-15 22:23:42.407 WARN   Wiring.write_wire_scope: net not found
2026-08-15 22:23:42.407 WARN   Wiring.write_wire_scope: net not found
2026-08-15 22:23:42.407 WARN   Wiring.write_wire_scope: net not found
2026-08-15 22:23:42.408 WARN   Wiring.write_wire_scope: net not found
2026-08-15 22:23:42.408 WARN   Wiring.write_wire_scope: net not found
2026-08-15 22:23:42.408 WARN   Wiring.write_wire_scope: net not found
2026-08-15 22:23:42.408 WARN   Wiring.write_wire_scope: net not found
2026-08-15 22:23:42.408 WARN   Wiring.write_wire_scope: net not found
2026-08-15 22:23:42.409 WARN   Wiring.write_wire_scope: net not found
2026-08-15 22:23:42.409 WARN   Wiring.write_wire_scope: net not found
2026-08-15 22:23:42.409 WARN   Wiring.write_wire_scope: net not found
2026-08-15 22:23:42.409 WARN   Wiring.write_wire_scope: net not found
2026-08-15 22:23:42.409 WARN   Wiring.write_wire_scope: net not found
2026-08-15 22:23:42.416 WARN   Wiring.write_wire_scope: net not found
2026-08-15 22:23:42.416 WARN   Wiring.write_wire_scope: net not found
2026-08-15 22:23:42.416 WARN   Wiring.write_wire_scope: net not found
2026-08-15 22:23:42.417 WARN   Wiring.write_wire_scope: net not found
2026-08-15 22:23:42.417 WARN   Wiring.write_wire_scope: net not found
2026-08-15 22:23:42.417 WARN   Wiring.write_wire_scope: net not found
2026-08-15 22:23:42.417 WARN   Wiring.write_wire_scope: net not found
2026-08-15 22:23:42.418 WARN   Wiring.write_wire_scope: net not found
2026-08-15 22:23:42.418 WARN   Wiring.write_wire_scope: net not found
2026-08-15 22:23:42.418 WARN   Wiring.write_wire_scope: net not found
2026-08-15 22:23:42.418 WARN   Wiring.write_wire_scope: net not found
2026-08-15 22:23:42.418 WARN   Wiring.write_wire_scope: net not found
2026-08-15 22:23:42.419 WARN   Wiring.write_wire_scope: net not found
2026-08-15 22:23:42.419 WARN   Wiring.write_wire_scope: net not found
2026-08-15 22:23:42.419 WARN   Wiring.write_wire_scope: net not found
2026-08-15 22:23:42.419 WARN   Wiring.write_wire_scope: net not found
2026-08-15 22:23:42.419 WARN   Wiring.write_wire_scope: net not found
2026-08-15 22:23:42.419 WARN   Wiring.write_wire_scope: net not found
2026-08-15 22:23:42.420 WARN   Wiring.write_wire_scope: net not found
2026-08-15 22:23:42.420 WARN   Wiring.write_wire_scope: net not found
2026-08-15 22:23:42.420 WARN   Wiring.write_wire_scope: net not found
2026-08-15 22:23:42.420 WARN   Wiring.write_wire_scope: net not found
2026-08-15 22:23:42.420 WARN   Wiring.write_wire_scope: net not found
2026-08-15 22:23:42.421 WARN   Wiring.write_wire_scope: net not found
2026-08-15 22:23:42.421 WARN   Wiring.write_wire_scope: net not found
2026-08-15 22:23:42.421 WARN   Wiring.write_wire_scope: net not found
2026-08-15 22:23:42.421 WARN   Wiring.write_wire_scope: net not found
2026-08-15 22:23:42.421 WARN   Wiring.write_wire_scope: net not found
2026-08-15 22:23:42.422 WARN   Wiring.write_wire_scope: net not found
2026-08-15 22:23:42.422 WARN   Wiring.write_wire_scope: net not found
2026-08-15 22:23:42.422 WARN   Wiring.write_wire_scope: net not found
2026-08-15 22:23:42.422 WARN   Wiring.write_wire_scope: net not found
2026-08-15 22:23:42.422 WARN   Wiring.write_wire_scope: net not found
2026-08-15 22:23:42.422 WARN   Wiring.write_wire_scope: net not found
2026-08-15 22:23:42.423 WARN   Wiring.write_wire_scope: net not found
2026-08-15 22:23:42.423 WARN   Wiring.write_wire_scope: net not found
2026-08-15 22:23:42.423 WARN   Wiring.write_wire_scope: net not found
2026-08-15 22:23:43.406 WARN   Wiring.write_wire_scope: net not found
2026-08-15 22:23:43.406 WARN   Wiring.write_wire_scope: net not found
2026-08-15 22:23:43.407 WARN   Wiring.write_wire_scope: net not found
2026-08-15 22:23:43.407 WARN   Wiring.write_wire_scope: net not found
2026-08-15 22:23:43.408 WARN   Wiring.write_wire_scope: net not found
2026-08-15 22:23:43.408 WARN   Wiring.write_wire_scope: net not found
2026-08-15 22:23:43.408 WARN   Wiring.write_wire_scope: net not found
2026-08-15 22:23:43.408 WARN   Wiring.write_wire_scope: net not found
2026-08-15 22:23:43.408 WARN   Wiring.write_wire_scope: net not found
2026-08-15 22:23:43.408 WARN   Wiring.write_wire_scope: net not found
2026-08-15 22:23:43.409 WARN   Wiring.write_wire_scope: net not found
2026-08-15 22:23:43.409 WARN   Wiring.write_wire_scope: net not found
2026-08-15 22:23:43.409 WARN   Wiring.write_wire_scope: net not found
2026-08-15 22:23:43.409 WARN   Wiring.write_wire_scope: net not found
2026-08-15 22:23:43.409 WARN   Wiring.write_wire_scope: net not found
2026-08-15 22:23:43.409 WARN   Wiring.write_wire_scope: net not found
2026-08-15 22:23:43.410 WARN   Wiring.write_wire_scope: net not found
2026-08-15 22:23:43.410 WARN   Wiring.write_wire_scope: net not found
2026-08-15 22:23:43.410 WARN   Wiring.write_wire_scope: net not found
2026-08-15 22:23:43.410 WARN   Wiring.write_wire_scope: net not found
2026-08-15 22:23:43.410 WARN   Wiring.write_wire_scope: net not found
2026-08-15 22:23:43.410 WARN   Wiring.write_wire_scope: net not found
2026-08-15 22:23:43.411 WARN   Wiring.write_wire_scope: net not found
2026-08-15 22:23:43.411 WARN   Wiring.write_wire_scope: net not found
2026-08-15 22:23:43.411 WARN   Wiring.write_wire_scope: net not found
2026-08-15 22:23:43.411 WARN   Wiring.write_wire_scope: net not found
2026-08-15 22:23:43.411 WARN   Wiring.write_wire_scope: net not found
2026-08-15 22:23:43.411 WARN   Wiring.write_wire_scope: net not found
2026-08-15 22:23:43.412 WARN   Wiring.write_wire_scope: net not found
2026-08-15 22:23:43.412 WARN   Wiring.write_wire_scope: net not found
2026-08-15 22:23:43.412 WARN   Wiring.write_wire_scope: net not found
2026-08-15 22:23:43.412 WARN   Wiring.write_wire_scope: net not found
2026-08-15 22:23:43.412 WARN   Wiring.write_wire_scope: net not found
2026-08-15 22:23:43.412 WARN   Wiring.write_wire_scope: net not found
2026-08-15 22:23:43.413 WARN   Wiring.write_wire_scope: net not found
2026-08-15 22:23:43.413 WARN   Wiring.write_wire_scope: net not found
2026-08-15 22:23:43.413 WARN   Wiring.write_wire_scope: net not found
2026-08-15 22:23:43.413 WARN   Wiring.write_wire_scope: net not found
2026-08-15 22:23:43.413 WARN   Wiring.write_wire_scope: net not found
2026-08-15 22:23:43.413 WARN   Wiring.write_wire_scope: net not found
2026-08-15 22:23:43.414 WARN   Wiring.write_wire_scope: net not found
2026-08-15 22:23:43.414 WARN   Wiring.write_wire_scope: net not found
2026-08-15 22:23:43.414 WARN   Wiring.write_wire_scope: net not found
2026-08-15 22:23:43.414 WARN   Wiring.write_wire_scope: net not found
2026-08-15 22:23:43.414 WARN   Wiring.write_wire_scope: net not found
2026-08-15 22:23:43.414 WARN   Wiring.write_wire_scope: net not found
2026-08-15 22:23:43.415 WARN   Wiring.write_wire_scope: net not found
2026-08-15 22:23:43.415 WARN   Wiring.write_wire_scope: net not found
2026-08-15 22:23:43.415 WARN   Wiring.write_wire_scope: net not found
2026-08-15 22:23:43.415 WARN   Wiring.write_wire_scope: net not found
2026-08-15 22:23:43.415 WARN   Wiring.write_wire_scope: net not found
2026-08-15 22:23:43.416 WARN   Wiring.write_wire_scope: net not found
2026-08-15 22:23:43.416 WARN   Wiring.write_wire_scope: net not found
2026-08-15 22:23:43.416 WARN   Wiring.write_wire_scope: net not found
2026-08-15 22:23:43.416 WARN   Wiring.write_wire_scope: net not found
2026-08-15 22:23:43.416 WARN   Wiring.write_wire_scope: net not found
2026-08-15 22:23:43.417 WARN   Wiring.write_wire_scope: net not found
2026-08-15 22:23:43.417 WARN   Wiring.write_wire_scope: net not found
2026-08-15 22:23:44.278 WARN   Wiring.write_wire_scope: net not found
2026-08-15 22:23:44.279 WARN   Wiring.write_wire_scope: net not found
2026-08-15 22:23:44.279 WARN   Wiring.write_wire_scope: net not found
2026-08-15 22:23:44.279 WARN   Wiring.write_wire_scope: net not found
2026-08-15 22:23:44.279 WARN   Wiring.write_wire_scope: net not found
2026-08-15 22:23:44.279 WARN   Wiring.write_wire_scope: net not found
2026-08-15 22:23:44.280 WARN   Wiring.write_wire_scope: net not found
2026-08-15 22:23:44.280 WARN   Wiring.write_wire_scope: net not found
2026-08-15 22:23:44.280 WARN   Wiring.write_wire_scope: net not found
2026-08-15 22:23:44.280 WARN   Wiring.write_wire_scope: net not found
2026-08-15 22:23:44.280 WARN   Wiring.write_wire_scope: net not found
2026-08-15 22:23:44.281 WARN   Wiring.write_wire_scope: net not found
2026-08-15 22:23:44.281 WARN   Wiring.write_wire_scope: net not found
2026-08-15 22:23:44.281 WARN   Wiring.write_wire_scope: net not found
2026-08-15 22:23:44.281 WARN   Wiring.write_wire_scope: net not found
2026-08-15 22:23:44.281 WARN   Wiring.write_wire_scope: net not found
2026-08-15 22:23:44.281 WARN   Wiring.write_wire_scope: net not found
2026-08-15 22:23:44.282 WARN   Wiring.write_wire_scope: net not found
2026-08-15 22:23:44.282 WARN   Wiring.write_wire_scope: net not found
2026-08-15 22:23:44.282 WARN   Wiring.write_wire_scope: net not found
2026-08-15 22:23:44.282 WARN   Wiring.write_wire_scope: net not found
2026-08-15 22:23:44.282 WARN   Wiring.write_wire_scope: net not found
2026-08-15 22:23:44.282 WARN   Wiring.write_wire_scope: net not found
2026-08-15 22:23:44.283 WARN   Wiring.write_wire_scope: net not found
2026-08-15 22:23:44.283 WARN   Wiring.write_wire_scope: net not found
2026-08-15 22:23:44.283 WARN   Wiring.write_wire_scope: net not found
2026-08-15 22:23:44.283 WARN   Wiring.write_wire_scope: net not found
2026-08-15 22:23:44.283 WARN   Wiring.write_wire_scope: net not found
2026-08-15 22:23:44.283 WARN   Wiring.write_wire_scope: net not found
2026-08-15 22:23:44.284 WARN   Wiring.write_wire_scope: net not found
2026-08-15 22:23:44.284 WARN   Wiring.write_wire_scope: net not found
2026-08-15 22:23:44.284 WARN   Wiring.write_wire_scope: net not found
2026-08-15 22:23:44.284 WARN   Wiring.write_wire_scope: net not found
2026-08-15 22:23:44.284 WARN   Wiring.write_wire_scope: net not found
2026-08-15 22:23:44.284 WARN   Wiring.write_wire_scope: net not found
2026-08-15 22:23:44.285 WARN   Wiring.write_wire_scope: net not found
2026-08-15 22:23:44.285 WARN   Wiring.write_wire_scope: net not found
2026-08-15 22:23:44.285 WARN   Wiring.write_wire_scope: net not found
2026-08-15 22:23:44.285 WARN   Wiring.write_wire_scope: net not found
2026-08-15 22:23:44.285 WARN   Wiring.write_wire_scope: net not found
2026-08-15 22:23:44.285 WARN   Wiring.write_wire_scope: net not found
2026-08-15 22:23:44.286 WARN   Wiring.write_wire_scope: net not found
2026-08-15 22:23:44.286 WARN   Wiring.write_wire_scope: net not found
2026-08-15 22:23:44.286 WARN   Wiring.write_wire_scope: net not found
2026-08-15 22:23:44.286 WARN   Wiring.write_wire_scope: net not found
2026-08-15 22:23:44.286 WARN   Wiring.write_wire_scope: net not found
2026-08-15 22:23:44.286 WARN   Wiring.write_wire_scope: net not found
2026-08-15 22:23:44.287 WARN   Wiring.write_wire_scope: net not found
2026-08-15 22:23:44.287 WARN   Wiring.write_wire_scope: net not found
2026-08-15 22:23:44.287 WARN   Wiring.write_wire_scope: net not found
2026-08-15 22:23:44.287 WARN   Wiring.write_wire_scope: net not found
2026-08-15 22:23:44.287 WARN   Wiring.write_wire_scope: net not found
2026-08-15 22:23:44.287 WARN   Wiring.write_wire_scope: net not found
2026-08-15 22:23:44.288 WARN   Wiring.write_wire_scope: net not found
2026-08-15 22:23:44.288 WARN   Wiring.write_wire_scope: net not found
2026-08-15 22:23:44.288 WARN   Wiring.write_wire_scope: net not found
2026-08-15 22:23:44.288 WARN   Wiring.write_wire_scope: net not found
2026-08-15 22:23:44.288 WARN   Wiring.write_wire_scope: net not found
2026-08-15 22:23:44.296 INFO   [3604CB\853608] Fanout pass #5 on board '9f8174bc51309173fce4a1d04f524c64' completed in 3.00 seconds with 8 SMD pins fanouted, 131 not routed, 0 insert errors, +2 extra vias (0 SMD pins still to check in pass, ripup costs=500).
2026-08-15 22:23:44.385 WARN   Wiring.write_wire_scope: net not found
2026-08-15 22:23:44.385 WARN   Wiring.write_wire_scope: net not found
2026-08-15 22:23:44.386 WARN   Wiring.write_wire_scope: net not found
2026-08-15 22:23:44.386 WARN   Wiring.write_wire_scope: net not found
2026-08-15 22:23:44.386 WARN   Wiring.write_wire_scope: net not found
2026-08-15 22:23:44.386 WARN   Wiring.write_wire_scope: net not found
2026-08-15 22:23:44.386 WARN   Wiring.write_wire_scope: net not found
2026-08-15 22:23:44.387 WARN   Wiring.write_wire_scope: net not found
2026-08-15 22:23:44.387 WARN   Wiring.write_wire_scope: net not found
2026-08-15 22:23:44.387 WARN   Wiring.write_wire_scope: net not found
2026-08-15 22:23:44.387 WARN   Wiring.write_wire_scope: net not found
2026-08-15 22:23:44.387 WARN   Wiring.write_wire_scope: net not found
2026-08-15 22:23:44.387 WARN   Wiring.write_wire_scope: net not found
2026-08-15 22:23:44.388 WARN   Wiring.write_wire_scope: net not found
2026-08-15 22:23:44.388 WARN   Wiring.write_wire_scope: net not found
2026-08-15 22:23:44.388 WARN   Wiring.write_wire_scope: net not found
2026-08-15 22:23:44.388 WARN   Wiring.write_wire_scope: net not found
2026-08-15 22:23:44.388 WARN   Wiring.write_wire_scope: net not found
2026-08-15 22:23:44.388 WARN   Wiring.write_wire_scope: net not found
2026-08-15 22:23:44.389 WARN   Wiring.write_wire_scope: net not found
2026-08-15 22:23:44.389 WARN   Wiring.write_wire_scope: net not found
2026-08-15 22:23:44.389 WARN   Wiring.write_wire_scope: net not found
2026-08-15 22:23:44.389 WARN   Wiring.write_wire_scope: net not found
2026-08-15 22:23:44.389 WARN   Wiring.write_wire_scope: net not found
2026-08-15 22:23:44.390 WARN   Wiring.write_wire_scope: net not found
2026-08-15 22:23:44.390 WARN   Wiring.write_wire_scope: net not found
2026-08-15 22:23:44.390 WARN   Wiring.write_wire_scope: net not found
2026-08-15 22:23:44.390 WARN   Wiring.write_wire_scope: net not found
2026-08-15 22:23:44.390 WARN   Wiring.write_wire_scope: net not found
2026-08-15 22:23:44.390 WARN   Wiring.write_wire_scope: net not found
2026-08-15 22:23:44.390 WARN   Wiring.write_wire_scope: net not found
2026-08-15 22:23:44.391 WARN   Wiring.write_wire_scope: net not found
2026-08-15 22:23:44.391 WARN   Wiring.write_wire_scope: net not found
2026-08-15 22:23:44.391 WARN   Wiring.write_wire_scope: net not found
2026-08-15 22:23:44.391 WARN   Wiring.write_wire_scope: net not found
2026-08-15 22:23:44.391 WARN   Wiring.write_wire_scope: net not found
2026-08-15 22:23:44.391 WARN   Wiring.write_wire_scope: net not found
2026-08-15 22:23:44.392 WARN   Wiring.write_wire_scope: net not found
2026-08-15 22:23:44.392 WARN   Wiring.write_wire_scope: net not found
2026-08-15 22:23:44.392 WARN   Wiring.write_wire_scope: net not found
2026-08-15 22:23:44.392 WARN   Wiring.write_wire_scope: net not found
2026-08-15 22:23:44.392 WARN   Wiring.write_wire_scope: net not found
2026-08-15 22:23:44.392 WARN   Wiring.write_wire_scope: net not found
2026-08-15 22:23:44.393 WARN   Wiring.write_wire_scope: net not found
2026-08-15 22:23:44.393 WARN   Wiring.write_wire_scope: net not found
2026-08-15 22:23:44.393 WARN   Wiring.write_wire_scope: net not found
2026-08-15 22:23:44.393 WARN   Wiring.write_wire_scope: net not found
2026-08-15 22:23:44.393 WARN   Wiring.write_wire_scope: net not found
2026-08-15 22:23:44.393 WARN   Wiring.write_wire_scope: net not found
2026-08-15 22:23:44.394 WARN   Wiring.write_wire_scope: net not found
2026-08-15 22:23:44.394 WARN   Wiring.write_wire_scope: net not found
2026-08-15 22:23:44.394 WARN   Wiring.write_wire_scope: net not found
2026-08-15 22:23:44.394 WARN   Wiring.write_wire_scope: net not found
2026-08-15 22:23:44.394 WARN   Wiring.write_wire_scope: net not found
2026-08-15 22:23:44.394 WARN   Wiring.write_wire_scope: net not found
2026-08-15 22:23:44.395 WARN   Wiring.write_wire_scope: net not found
2026-08-15 22:23:44.395 WARN   Wiring.write_wire_scope: net not found
2026-08-15 22:23:44.395 WARN   Wiring.write_wire_scope: net not found
2026-08-15 22:23:44.437 WARN   Wiring.write_wire_scope: net not found
2026-08-15 22:23:44.438 WARN   Wiring.write_wire_scope: net not found
2026-08-15 22:23:44.438 WARN   Wiring.write_wire_scope: net not found
2026-08-15 22:23:44.438 WARN   Wiring.write_wire_scope: net not found
2026-08-15 22:23:44.438 WARN   Wiring.write_wire_scope: net not found
2026-08-15 22:23:44.439 WARN   Wiring.write_wire_scope: net not found
2026-08-15 22:23:44.439 WARN   Wiring.write_wire_scope: net not found
2026-08-15 22:23:44.439 WARN   Wiring.write_wire_scope: net not found
2026-08-15 22:23:44.439 WARN   Wiring.write_wire_scope: net not found
2026-08-15 22:23:44.439 WARN   Wiring.write_wire_scope: net not found
2026-08-15 22:23:44.440 WARN   Wiring.write_wire_scope: net not found
2026-08-15 22:23:44.440 WARN   Wiring.write_wire_scope: net not found
2026-08-15 22:23:44.440 WARN   Wiring.write_wire_scope: net not found
2026-08-15 22:23:44.440 WARN   Wiring.write_wire_scope: net not found
2026-08-15 22:23:44.440 WARN   Wiring.write_wire_scope: net not found
2026-08-15 22:23:44.440 WARN   Wiring.write_wire_scope: net not found
2026-08-15 22:23:44.441 WARN   Wiring.write_wire_scope: net not found
2026-08-15 22:23:44.441 WARN   Wiring.write_wire_scope: net not found
2026-08-15 22:23:44.441 WARN   Wiring.write_wire_scope: net not found
2026-08-15 22:23:44.441 WARN   Wiring.write_wire_scope: net not found
2026-08-15 22:23:44.441 WARN   Wiring.write_wire_scope: net not found
2026-08-15 22:23:44.441 WARN   Wiring.write_wire_scope: net not found
2026-08-15 22:23:44.442 WARN   Wiring.write_wire_scope: net not found
2026-08-15 22:23:44.442 WARN   Wiring.write_wire_scope: net not found
2026-08-15 22:23:44.442 WARN   Wiring.write_wire_scope: net not found
2026-08-15 22:23:44.442 WARN   Wiring.write_wire_scope: net not found
2026-08-15 22:23:44.442 WARN   Wiring.write_wire_scope: net not found
2026-08-15 22:23:44.442 WARN   Wiring.write_wire_scope: net not found
2026-08-15 22:23:44.443 WARN   Wiring.write_wire_scope: net not found
2026-08-15 22:23:44.443 WARN   Wiring.write_wire_scope: net not found
2026-08-15 22:23:44.443 WARN   Wiring.write_wire_scope: net not found
2026-08-15 22:23:44.443 WARN   Wiring.write_wire_scope: net not found
2026-08-15 22:23:44.443 WARN   Wiring.write_wire_scope: net not found
2026-08-15 22:23:44.443 WARN   Wiring.write_wire_scope: net not found
2026-08-15 22:23:44.443 WARN   Wiring.write_wire_scope: net not found
2026-08-15 22:23:44.444 WARN   Wiring.write_wire_scope: net not found
2026-08-15 22:23:44.444 WARN   Wiring.write_wire_scope: net not found
2026-08-15 22:23:44.444 WARN   Wiring.write_wire_scope: net not found
2026-08-15 22:23:44.444 WARN   Wiring.write_wire_scope: net not found
2026-08-15 22:23:44.444 WARN   Wiring.write_wire_scope: net not found
2026-08-15 22:23:44.444 WARN   Wiring.write_wire_scope: net not found
2026-08-15 22:23:44.445 WARN   Wiring.write_wire_scope: net not found
2026-08-15 22:23:44.445 WARN   Wiring.write_wire_scope: net not found
2026-08-15 22:23:44.445 WARN   Wiring.write_wire_scope: net not found
2026-08-15 22:23:44.445 WARN   Wiring.write_wire_scope: net not found
2026-08-15 22:23:44.445 WARN   Wiring.write_wire_scope: net not found
2026-08-15 22:23:44.446 WARN   Wiring.write_wire_scope: net not found
2026-08-15 22:23:44.446 WARN   Wiring.write_wire_scope: net not found
2026-08-15 22:23:44.446 WARN   Wiring.write_wire_scope: net not found
2026-08-15 22:23:44.446 WARN   Wiring.write_wire_scope: net not found
2026-08-15 22:23:44.446 WARN   Wiring.write_wire_scope: net not found
2026-08-15 22:23:44.446 WARN   Wiring.write_wire_scope: net not found
2026-08-15 22:23:44.447 WARN   Wiring.write_wire_scope: net not found
2026-08-15 22:23:44.447 WARN   Wiring.write_wire_scope: net not found
2026-08-15 22:23:44.447 WARN   Wiring.write_wire_scope: net not found
2026-08-15 22:23:44.447 WARN   Wiring.write_wire_scope: net not found
2026-08-15 22:23:44.447 WARN   Wiring.write_wire_scope: net not found
2026-08-15 22:23:44.447 WARN   Wiring.write_wire_scope: net not found
2026-08-15 22:23:45.451 WARN   Wiring.write_wire_scope: net not found
2026-08-15 22:23:45.452 WARN   Wiring.write_wire_scope: net not found
2026-08-15 22:23:45.452 WARN   Wiring.write_wire_scope: net not found
2026-08-15 22:23:45.452 WARN   Wiring.write_wire_scope: net not found
2026-08-15 22:23:45.453 WARN   Wiring.write_wire_scope: net not found
2026-08-15 22:23:45.453 WARN   Wiring.write_wire_scope: net not found
2026-08-15 22:23:45.453 WARN   Wiring.write_wire_scope: net not found
2026-08-15 22:23:45.453 WARN   Wiring.write_wire_scope: net not found
2026-08-15 22:23:45.453 WARN   Wiring.write_wire_scope: net not found
2026-08-15 22:23:45.454 WARN   Wiring.write_wire_scope: net not found
2026-08-15 22:23:45.454 WARN   Wiring.write_wire_scope: net not found
2026-08-15 22:23:45.454 WARN   Wiring.write_wire_scope: net not found
2026-08-15 22:23:45.454 WARN   Wiring.write_wire_scope: net not found
2026-08-15 22:23:45.454 WARN   Wiring.write_wire_scope: net not found
2026-08-15 22:23:45.455 WARN   Wiring.write_wire_scope: net not found
2026-08-15 22:23:45.455 WARN   Wiring.write_wire_scope: net not found
2026-08-15 22:23:45.455 WARN   Wiring.write_wire_scope: net not found
2026-08-15 22:23:45.455 WARN   Wiring.write_wire_scope: net not found
2026-08-15 22:23:45.455 WARN   Wiring.write_wire_scope: net not found
2026-08-15 22:23:45.456 WARN   Wiring.write_wire_scope: net not found
2026-08-15 22:23:45.456 WARN   Wiring.write_wire_scope: net not found
2026-08-15 22:23:45.456 WARN   Wiring.write_wire_scope: net not found
2026-08-15 22:23:45.456 WARN   Wiring.write_wire_scope: net not found
2026-08-15 22:23:45.456 WARN   Wiring.write_wire_scope: net not found
2026-08-15 22:23:45.456 WARN   Wiring.write_wire_scope: net not found
2026-08-15 22:23:45.457 WARN   Wiring.write_wire_scope: net not found
2026-08-15 22:23:45.457 WARN   Wiring.write_wire_scope: net not found
2026-08-15 22:23:45.457 WARN   Wiring.write_wire_scope: net not found
2026-08-15 22:23:45.457 WARN   Wiring.write_wire_scope: net not found
2026-08-15 22:23:45.457 WARN   Wiring.write_wire_scope: net not found
2026-08-15 22:23:45.458 WARN   Wiring.write_wire_scope: net not found
2026-08-15 22:23:45.458 WARN   Wiring.write_wire_scope: net not found
2026-08-15 22:23:45.458 WARN   Wiring.write_wire_scope: net not found
2026-08-15 22:23:45.458 WARN   Wiring.write_wire_scope: net not found
2026-08-15 22:23:45.458 WARN   Wiring.write_wire_scope: net not found
2026-08-15 22:23:45.458 WARN   Wiring.write_wire_scope: net not found
2026-08-15 22:23:45.459 WARN   Wiring.write_wire_scope: net not found
2026-08-15 22:23:45.459 WARN   Wiring.write_wire_scope: net not found
2026-08-15 22:23:45.459 WARN   Wiring.write_wire_scope: net not found
2026-08-15 22:23:45.459 WARN   Wiring.write_wire_scope: net not found
2026-08-15 22:23:45.459 WARN   Wiring.write_wire_scope: net not found
2026-08-15 22:23:45.459 WARN   Wiring.write_wire_scope: net not found
2026-08-15 22:23:45.460 WARN   Wiring.write_wire_scope: net not found
2026-08-15 22:23:45.460 WARN   Wiring.write_wire_scope: net not found
2026-08-15 22:23:45.460 WARN   Wiring.write_wire_scope: net not found
2026-08-15 22:23:45.460 WARN   Wiring.write_wire_scope: net not found
2026-08-15 22:23:45.460 WARN   Wiring.write_wire_scope: net not found
2026-08-15 22:23:45.460 WARN   Wiring.write_wire_scope: net not found
2026-08-15 22:23:45.461 WARN   Wiring.write_wire_scope: net not found
2026-08-15 22:23:45.461 WARN   Wiring.write_wire_scope: net not found
2026-08-15 22:23:45.461 WARN   Wiring.write_wire_scope: net not found
2026-08-15 22:23:45.461 WARN   Wiring.write_wire_scope: net not found
2026-08-15 22:23:45.461 WARN   Wiring.write_wire_scope: net not found
2026-08-15 22:23:45.461 WARN   Wiring.write_wire_scope: net not found
2026-08-15 22:23:45.462 WARN   Wiring.write_wire_scope: net not found
2026-08-15 22:23:45.462 WARN   Wiring.write_wire_scope: net not found
2026-08-15 22:23:45.462 WARN   Wiring.write_wire_scope: net not found
2026-08-15 22:23:45.462 WARN   Wiring.write_wire_scope: net not found
2026-08-15 22:23:46.455 WARN   Wiring.write_wire_scope: net not found
2026-08-15 22:23:46.456 WARN   Wiring.write_wire_scope: net not found
2026-08-15 22:23:46.456 WARN   Wiring.write_wire_scope: net not found
2026-08-15 22:23:46.456 WARN   Wiring.write_wire_scope: net not found
2026-08-15 22:23:46.457 WARN   Wiring.write_wire_scope: net not found
2026-08-15 22:23:46.457 WARN   Wiring.write_wire_scope: net not found
2026-08-15 22:23:46.457 WARN   Wiring.write_wire_scope: net not found
2026-08-15 22:23:46.457 WARN   Wiring.write_wire_scope: net not found
2026-08-15 22:23:46.457 WARN   Wiring.write_wire_scope: net not found
2026-08-15 22:23:46.458 WARN   Wiring.write_wire_scope: net not found
2026-08-15 22:23:46.458 WARN   Wiring.write_wire_scope: net not found
2026-08-15 22:23:46.458 WARN   Wiring.write_wire_scope: net not found
2026-08-15 22:23:46.458 WARN   Wiring.write_wire_scope: net not found
2026-08-15 22:23:46.458 WARN   Wiring.write_wire_scope: net not found
2026-08-15 22:23:46.458 WARN   Wiring.write_wire_scope: net not found
2026-08-15 22:23:46.459 WARN   Wiring.write_wire_scope: net not found
2026-08-15 22:23:46.459 WARN   Wiring.write_wire_scope: net not found
2026-08-15 22:23:46.459 WARN   Wiring.write_wire_scope: net not found
2026-08-15 22:23:46.459 WARN   Wiring.write_wire_scope: net not found
2026-08-15 22:23:46.459 WARN   Wiring.write_wire_scope: net not found
2026-08-15 22:23:46.460 WARN   Wiring.write_wire_scope: net not found
2026-08-15 22:23:46.460 WARN   Wiring.write_wire_scope: net not found
2026-08-15 22:23:46.460 WARN   Wiring.write_wire_scope: net not found
2026-08-15 22:23:46.460 WARN   Wiring.write_wire_scope: net not found
2026-08-15 22:23:46.460 WARN   Wiring.write_wire_scope: net not found
2026-08-15 22:23:46.460 WARN   Wiring.write_wire_scope: net not found
2026-08-15 22:23:46.460 WARN   Wiring.write_wire_scope: net not found
2026-08-15 22:23:46.461 WARN   Wiring.write_wire_scope: net not found
2026-08-15 22:23:46.461 WARN   Wiring.write_wire_scope: net not found
2026-08-15 22:23:46.461 WARN   Wiring.write_wire_scope: net not found
2026-08-15 22:23:46.461 WARN   Wiring.write_wire_scope: net not found
2026-08-15 22:23:46.461 WARN   Wiring.write_wire_scope: net not found
2026-08-15 22:23:46.461 WARN   Wiring.write_wire_scope: net not found
2026-08-15 22:23:46.462 WARN   Wiring.write_wire_scope: net not found
2026-08-15 22:23:46.462 WARN   Wiring.write_wire_scope: net not found
2026-08-15 22:23:46.462 WARN   Wiring.write_wire_scope: net not found
2026-08-15 22:23:46.462 WARN   Wiring.write_wire_scope: net not found
2026-08-15 22:23:46.462 WARN   Wiring.write_wire_scope: net not found
2026-08-15 22:23:46.462 WARN   Wiring.write_wire_scope: net not found
2026-08-15 22:23:46.463 WARN   Wiring.write_wire_scope: net not found
2026-08-15 22:23:46.463 WARN   Wiring.write_wire_scope: net not found
2026-08-15 22:23:46.463 WARN   Wiring.write_wire_scope: net not found
2026-08-15 22:23:46.463 WARN   Wiring.write_wire_scope: net not found
2026-08-15 22:23:46.463 WARN   Wiring.write_wire_scope: net not found
2026-08-15 22:23:46.464 WARN   Wiring.write_wire_scope: net not found
2026-08-15 22:23:46.464 WARN   Wiring.write_wire_scope: net not found
2026-08-15 22:23:46.464 WARN   Wiring.write_wire_scope: net not found
2026-08-15 22:23:46.464 WARN   Wiring.write_wire_scope: net not found
2026-08-15 22:23:46.464 WARN   Wiring.write_wire_scope: net not found
2026-08-15 22:23:46.464 WARN   Wiring.write_wire_scope: net not found
2026-08-15 22:23:46.465 WARN   Wiring.write_wire_scope: net not found
2026-08-15 22:23:46.465 WARN   Wiring.write_wire_scope: net not found
2026-08-15 22:23:46.465 WARN   Wiring.write_wire_scope: net not found
2026-08-15 22:23:46.465 WARN   Wiring.write_wire_scope: net not found
2026-08-15 22:23:46.465 WARN   Wiring.write_wire_scope: net not found
2026-08-15 22:23:46.465 WARN   Wiring.write_wire_scope: net not found
2026-08-15 22:23:46.466 WARN   Wiring.write_wire_scope: net not found
2026-08-15 22:23:46.466 WARN   Wiring.write_wire_scope: net not found
2026-08-15 22:23:46.924 WARN   Wiring.write_wire_scope: net not found
2026-08-15 22:23:46.925 WARN   Wiring.write_wire_scope: net not found
2026-08-15 22:23:46.925 WARN   Wiring.write_wire_scope: net not found
2026-08-15 22:23:46.925 WARN   Wiring.write_wire_scope: net not found
2026-08-15 22:23:46.925 WARN   Wiring.write_wire_scope: net not found
2026-08-15 22:23:46.926 WARN   Wiring.write_wire_scope: net not found
2026-08-15 22:23:46.926 WARN   Wiring.write_wire_scope: net not found
2026-08-15 22:23:46.926 WARN   Wiring.write_wire_scope: net not found
2026-08-15 22:23:46.926 WARN   Wiring.write_wire_scope: net not found
2026-08-15 22:23:46.926 WARN   Wiring.write_wire_scope: net not found
2026-08-15 22:23:46.927 WARN   Wiring.write_wire_scope: net not found
2026-08-15 22:23:46.927 WARN   Wiring.write_wire_scope: net not found
2026-08-15 22:23:46.927 WARN   Wiring.write_wire_scope: net not found
2026-08-15 22:23:46.927 WARN   Wiring.write_wire_scope: net not found
2026-08-15 22:23:46.927 WARN   Wiring.write_wire_scope: net not found
2026-08-15 22:23:46.927 WARN   Wiring.write_wire_scope: net not found
2026-08-15 22:23:46.928 WARN   Wiring.write_wire_scope: net not found
2026-08-15 22:23:46.928 WARN   Wiring.write_wire_scope: net not found
2026-08-15 22:23:46.928 WARN   Wiring.write_wire_scope: net not found
2026-08-15 22:23:46.928 WARN   Wiring.write_wire_scope: net not found
2026-08-15 22:23:46.928 WARN   Wiring.write_wire_scope: net not found
2026-08-15 22:23:46.928 WARN   Wiring.write_wire_scope: net not found
2026-08-15 22:23:46.929 WARN   Wiring.write_wire_scope: net not found
2026-08-15 22:23:46.929 WARN   Wiring.write_wire_scope: net not found
2026-08-15 22:23:46.929 WARN   Wiring.write_wire_scope: net not found
2026-08-15 22:23:46.929 WARN   Wiring.write_wire_scope: net not found
2026-08-15 22:23:46.929 WARN   Wiring.write_wire_scope: net not found
2026-08-15 22:23:46.930 WARN   Wiring.write_wire_scope: net not found
2026-08-15 22:23:46.930 WARN   Wiring.write_wire_scope: net not found
2026-08-15 22:23:46.930 WARN   Wiring.write_wire_scope: net not found
2026-08-15 22:23:46.930 WARN   Wiring.write_wire_scope: net not found
2026-08-15 22:23:46.930 WARN   Wiring.write_wire_scope: net not found
2026-08-15 22:23:46.930 WARN   Wiring.write_wire_scope: net not found
2026-08-15 22:23:46.931 WARN   Wiring.write_wire_scope: net not found
2026-08-15 22:23:46.931 WARN   Wiring.write_wire_scope: net not found
2026-08-15 22:23:46.931 WARN   Wiring.write_wire_scope: net not found
2026-08-15 22:23:46.931 WARN   Wiring.write_wire_scope: net not found
2026-08-15 22:23:46.931 WARN   Wiring.write_wire_scope: net not found
2026-08-15 22:23:46.932 WARN   Wiring.write_wire_scope: net not found
2026-08-15 22:23:46.932 WARN   Wiring.write_wire_scope: net not found
2026-08-15 22:23:46.932 WARN   Wiring.write_wire_scope: net not found
2026-08-15 22:23:46.932 WARN   Wiring.write_wire_scope: net not found
2026-08-15 22:23:46.932 WARN   Wiring.write_wire_scope: net not found
2026-08-15 22:23:46.932 WARN   Wiring.write_wire_scope: net not found
2026-08-15 22:23:46.933 WARN   Wiring.write_wire_scope: net not found
2026-08-15 22:23:46.933 WARN   Wiring.write_wire_scope: net not found
2026-08-15 22:23:46.933 WARN   Wiring.write_wire_scope: net not found
2026-08-15 22:23:46.933 WARN   Wiring.write_wire_scope: net not found
2026-08-15 22:23:46.933 WARN   Wiring.write_wire_scope: net not found
2026-08-15 22:23:46.934 WARN   Wiring.write_wire_scope: net not found
2026-08-15 22:23:46.934 WARN   Wiring.write_wire_scope: net not found
2026-08-15 22:23:46.934 WARN   Wiring.write_wire_scope: net not found
2026-08-15 22:23:46.934 WARN   Wiring.write_wire_scope: net not found
2026-08-15 22:23:46.934 WARN   Wiring.write_wire_scope: net not found
2026-08-15 22:23:46.935 WARN   Wiring.write_wire_scope: net not found
2026-08-15 22:23:46.935 WARN   Wiring.write_wire_scope: net not found
2026-08-15 22:23:46.935 WARN   Wiring.write_wire_scope: net not found
2026-08-15 22:23:46.935 WARN   Wiring.write_wire_scope: net not found
2026-08-15 22:23:46.944 INFO   [3604CB\853608] Fanout pass #6 on board '1639277711413103f54149a68f7b4370' completed in 2.58 seconds with 6 SMD pins fanouted, 131 not routed, 0 insert errors, +0 extra vias (0 SMD pins still to check in pass, ripup costs=600).
2026-08-15 22:23:47.029 WARN   Wiring.write_wire_scope: net not found
2026-08-15 22:23:47.030 WARN   Wiring.write_wire_scope: net not found
2026-08-15 22:23:47.030 WARN   Wiring.write_wire_scope: net not found
2026-08-15 22:23:47.030 WARN   Wiring.write_wire_scope: net not found
2026-08-15 22:23:47.030 WARN   Wiring.write_wire_scope: net not found
2026-08-15 22:23:47.030 WARN   Wiring.write_wire_scope: net not found
2026-08-15 22:23:47.031 WARN   Wiring.write_wire_scope: net not found
2026-08-15 22:23:47.031 WARN   Wiring.write_wire_scope: net not found
2026-08-15 22:23:47.031 WARN   Wiring.write_wire_scope: net not found
2026-08-15 22:23:47.031 WARN   Wiring.write_wire_scope: net not found
2026-08-15 22:23:47.031 WARN   Wiring.write_wire_scope: net not found
2026-08-15 22:23:47.031 WARN   Wiring.write_wire_scope: net not found
2026-08-15 22:23:47.032 WARN   Wiring.write_wire_scope: net not found
2026-08-15 22:23:47.032 WARN   Wiring.write_wire_scope: net not found
2026-08-15 22:23:47.032 WARN   Wiring.write_wire_scope: net not found
2026-08-15 22:23:47.032 WARN   Wiring.write_wire_scope: net not found
2026-08-15 22:23:47.032 WARN   Wiring.write_wire_scope: net not found
2026-08-15 22:23:47.032 WARN   Wiring.write_wire_scope: net not found
2026-08-15 22:23:47.033 WARN   Wiring.write_wire_scope: net not found
2026-08-15 22:23:47.033 WARN   Wiring.write_wire_scope: net not found
2026-08-15 22:23:47.033 WARN   Wiring.write_wire_scope: net not found
2026-08-15 22:23:47.033 WARN   Wiring.write_wire_scope: net not found
2026-08-15 22:23:47.033 WARN   Wiring.write_wire_scope: net not found
2026-08-15 22:23:47.034 WARN   Wiring.write_wire_scope: net not found
2026-08-15 22:23:47.034 WARN   Wiring.write_wire_scope: net not found
2026-08-15 22:23:47.034 WARN   Wiring.write_wire_scope: net not found
2026-08-15 22:23:47.034 WARN   Wiring.write_wire_scope: net not found
2026-08-15 22:23:47.034 WARN   Wiring.write_wire_scope: net not found
2026-08-15 22:23:47.034 WARN   Wiring.write_wire_scope: net not found
2026-08-15 22:23:47.035 WARN   Wiring.write_wire_scope: net not found
2026-08-15 22:23:47.035 WARN   Wiring.write_wire_scope: net not found
2026-08-15 22:23:47.035 WARN   Wiring.write_wire_scope: net not found
2026-08-15 22:23:47.035 WARN   Wiring.write_wire_scope: net not found
2026-08-15 22:23:47.035 WARN   Wiring.write_wire_scope: net not found
2026-08-15 22:23:47.035 WARN   Wiring.write_wire_scope: net not found
2026-08-15 22:23:47.036 WARN   Wiring.write_wire_scope: net not found
2026-08-15 22:23:47.036 WARN   Wiring.write_wire_scope: net not found
2026-08-15 22:23:47.036 WARN   Wiring.write_wire_scope: net not found
2026-08-15 22:23:47.036 WARN   Wiring.write_wire_scope: net not found
2026-08-15 22:23:47.036 WARN   Wiring.write_wire_scope: net not found
2026-08-15 22:23:47.036 WARN   Wiring.write_wire_scope: net not found
2026-08-15 22:23:47.037 WARN   Wiring.write_wire_scope: net not found
2026-08-15 22:23:47.037 WARN   Wiring.write_wire_scope: net not found
2026-08-15 22:23:47.037 WARN   Wiring.write_wire_scope: net not found
2026-08-15 22:23:47.037 WARN   Wiring.write_wire_scope: net not found
2026-08-15 22:23:47.037 WARN   Wiring.write_wire_scope: net not found
2026-08-15 22:23:47.038 WARN   Wiring.write_wire_scope: net not found
2026-08-15 22:23:47.038 WARN   Wiring.write_wire_scope: net not found
2026-08-15 22:23:47.038 WARN   Wiring.write_wire_scope: net not found
2026-08-15 22:23:47.038 WARN   Wiring.write_wire_scope: net not found
2026-08-15 22:23:47.038 WARN   Wiring.write_wire_scope: net not found
2026-08-15 22:23:47.039 WARN   Wiring.write_wire_scope: net not found
2026-08-15 22:23:47.039 WARN   Wiring.write_wire_scope: net not found
2026-08-15 22:23:47.039 WARN   Wiring.write_wire_scope: net not found
2026-08-15 22:23:47.039 WARN   Wiring.write_wire_scope: net not found
2026-08-15 22:23:47.039 WARN   Wiring.write_wire_scope: net not found
2026-08-15 22:23:47.039 WARN   Wiring.write_wire_scope: net not found
2026-08-15 22:23:47.040 WARN   Wiring.write_wire_scope: net not found
2026-08-15 22:23:47.088 WARN   Wiring.write_wire_scope: net not found
2026-08-15 22:23:47.088 WARN   Wiring.write_wire_scope: net not found
2026-08-15 22:23:47.088 WARN   Wiring.write_wire_scope: net not found
2026-08-15 22:23:47.088 WARN   Wiring.write_wire_scope: net not found
2026-08-15 22:23:47.089 WARN   Wiring.write_wire_scope: net not found
2026-08-15 22:23:47.089 WARN   Wiring.write_wire_scope: net not found
2026-08-15 22:23:47.089 WARN   Wiring.write_wire_scope: net not found
2026-08-15 22:23:47.089 WARN   Wiring.write_wire_scope: net not found
2026-08-15 22:23:47.089 WARN   Wiring.write_wire_scope: net not found
2026-08-15 22:23:47.089 WARN   Wiring.write_wire_scope: net not found
2026-08-15 22:23:47.090 WARN   Wiring.write_wire_scope: net not found
2026-08-15 22:23:47.090 WARN   Wiring.write_wire_scope: net not found
2026-08-15 22:23:47.090 WARN   Wiring.write_wire_scope: net not found
2026-08-15 22:23:47.090 WARN   Wiring.write_wire_scope: net not found
2026-08-15 22:23:47.090 WARN   Wiring.write_wire_scope: net not found
2026-08-15 22:23:47.091 WARN   Wiring.write_wire_scope: net not found
2026-08-15 22:23:47.091 WARN   Wiring.write_wire_scope: net not found
2026-08-15 22:23:47.091 WARN   Wiring.write_wire_scope: net not found
2026-08-15 22:23:47.091 WARN   Wiring.write_wire_scope: net not found
2026-08-15 22:23:47.091 WARN   Wiring.write_wire_scope: net not found
2026-08-15 22:23:47.092 WARN   Wiring.write_wire_scope: net not found
2026-08-15 22:23:47.092 WARN   Wiring.write_wire_scope: net not found
2026-08-15 22:23:47.092 WARN   Wiring.write_wire_scope: net not found
2026-08-15 22:23:47.092 WARN   Wiring.write_wire_scope: net not found
2026-08-15 22:23:47.092 WARN   Wiring.write_wire_scope: net not found
2026-08-15 22:23:47.093 WARN   Wiring.write_wire_scope: net not found
2026-08-15 22:23:47.093 WARN   Wiring.write_wire_scope: net not found
2026-08-15 22:23:47.093 WARN   Wiring.write_wire_scope: net not found
2026-08-15 22:23:47.094 WARN   Wiring.write_wire_scope: net not found
2026-08-15 22:23:47.094 WARN   Wiring.write_wire_scope: net not found
2026-08-15 22:23:47.095 WARN   Wiring.write_wire_scope: net not found
2026-08-15 22:23:47.095 WARN   Wiring.write_wire_scope: net not found
2026-08-15 22:23:47.095 WARN   Wiring.write_wire_scope: net not found
2026-08-15 22:23:47.095 WARN   Wiring.write_wire_scope: net not found
2026-08-15 22:23:47.095 WARN   Wiring.write_wire_scope: net not found
2026-08-15 22:23:47.095 WARN   Wiring.write_wire_scope: net not found
2026-08-15 22:23:47.096 WARN   Wiring.write_wire_scope: net not found
2026-08-15 22:23:47.096 WARN   Wiring.write_wire_scope: net not found
2026-08-15 22:23:47.096 WARN   Wiring.write_wire_scope: net not found
2026-08-15 22:23:47.096 WARN   Wiring.write_wire_scope: net not found
2026-08-15 22:23:47.096 WARN   Wiring.write_wire_scope: net not found
2026-08-15 22:23:47.097 WARN   Wiring.write_wire_scope: net not found
2026-08-15 22:23:47.097 WARN   Wiring.write_wire_scope: net not found
2026-08-15 22:23:47.097 WARN   Wiring.write_wire_scope: net not found
2026-08-15 22:23:47.097 WARN   Wiring.write_wire_scope: net not found
2026-08-15 22:23:47.097 WARN   Wiring.write_wire_scope: net not found
2026-08-15 22:23:47.098 WARN   Wiring.write_wire_scope: net not found
2026-08-15 22:23:47.098 WARN   Wiring.write_wire_scope: net not found
2026-08-15 22:23:47.098 WARN   Wiring.write_wire_scope: net not found
2026-08-15 22:23:47.098 WARN   Wiring.write_wire_scope: net not found
2026-08-15 22:23:47.098 WARN   Wiring.write_wire_scope: net not found
2026-08-15 22:23:47.098 WARN   Wiring.write_wire_scope: net not found
2026-08-15 22:23:47.098 WARN   Wiring.write_wire_scope: net not found
2026-08-15 22:23:47.099 WARN   Wiring.write_wire_scope: net not found
2026-08-15 22:23:47.099 WARN   Wiring.write_wire_scope: net not found
2026-08-15 22:23:47.099 WARN   Wiring.write_wire_scope: net not found
2026-08-15 22:23:47.099 WARN   Wiring.write_wire_scope: net not found
2026-08-15 22:23:47.099 WARN   Wiring.write_wire_scope: net not found
2026-08-15 22:23:48.091 WARN   Wiring.write_wire_scope: net not found
2026-08-15 22:23:48.092 WARN   Wiring.write_wire_scope: net not found
2026-08-15 22:23:48.092 WARN   Wiring.write_wire_scope: net not found
2026-08-15 22:23:48.093 WARN   Wiring.write_wire_scope: net not found
2026-08-15 22:23:48.093 WARN   Wiring.write_wire_scope: net not found
2026-08-15 22:23:48.093 WARN   Wiring.write_wire_scope: net not found
2026-08-15 22:23:48.093 WARN   Wiring.write_wire_scope: net not found
2026-08-15 22:23:48.093 WARN   Wiring.write_wire_scope: net not found
2026-08-15 22:23:48.093 WARN   Wiring.write_wire_scope: net not found
2026-08-15 22:23:48.094 WARN   Wiring.write_wire_scope: net not found
2026-08-15 22:23:48.094 WARN   Wiring.write_wire_scope: net not found
2026-08-15 22:23:48.094 WARN   Wiring.write_wire_scope: net not found
2026-08-15 22:23:48.094 WARN   Wiring.write_wire_scope: net not found
2026-08-15 22:23:48.094 WARN   Wiring.write_wire_scope: net not found
2026-08-15 22:23:48.094 WARN   Wiring.write_wire_scope: net not found
2026-08-15 22:23:48.095 WARN   Wiring.write_wire_scope: net not found
2026-08-15 22:23:48.095 WARN   Wiring.write_wire_scope: net not found
2026-08-15 22:23:48.095 WARN   Wiring.write_wire_scope: net not found
2026-08-15 22:23:48.095 WARN   Wiring.write_wire_scope: net not found
2026-08-15 22:23:48.095 WARN   Wiring.write_wire_scope: net not found
2026-08-15 22:23:48.095 WARN   Wiring.write_wire_scope: net not found
2026-08-15 22:23:48.096 WARN   Wiring.write_wire_scope: net not found
2026-08-15 22:23:48.096 WARN   Wiring.write_wire_scope: net not found
2026-08-15 22:23:48.096 WARN   Wiring.write_wire_scope: net not found
2026-08-15 22:23:48.096 WARN   Wiring.write_wire_scope: net not found
2026-08-15 22:23:48.096 WARN   Wiring.write_wire_scope: net not found
2026-08-15 22:23:48.097 WARN   Wiring.write_wire_scope: net not found
2026-08-15 22:23:48.097 WARN   Wiring.write_wire_scope: net not found
2026-08-15 22:23:48.097 WARN   Wiring.write_wire_scope: net not found
2026-08-15 22:23:48.097 WARN   Wiring.write_wire_scope: net not found
2026-08-15 22:23:48.097 WARN   Wiring.write_wire_scope: net not found
2026-08-15 22:23:48.097 WARN   Wiring.write_wire_scope: net not found
2026-08-15 22:23:48.098 WARN   Wiring.write_wire_scope: net not found
2026-08-15 22:23:48.098 WARN   Wiring.write_wire_scope: net not found
2026-08-15 22:23:48.098 WARN   Wiring.write_wire_scope: net not found
2026-08-15 22:23:48.098 WARN   Wiring.write_wire_scope: net not found
2026-08-15 22:23:48.098 WARN   Wiring.write_wire_scope: net not found
2026-08-15 22:23:48.098 WARN   Wiring.write_wire_scope: net not found
2026-08-15 22:23:48.099 WARN   Wiring.write_wire_scope: net not found
2026-08-15 22:23:48.099 WARN   Wiring.write_wire_scope: net not found
2026-08-15 22:23:48.099 WARN   Wiring.write_wire_scope: net not found
2026-08-15 22:23:48.099 WARN   Wiring.write_wire_scope: net not found
2026-08-15 22:23:48.099 WARN   Wiring.write_wire_scope: net not found
2026-08-15 22:23:48.099 WARN   Wiring.write_wire_scope: net not found
2026-08-15 22:23:48.100 WARN   Wiring.write_wire_scope: net not found
2026-08-15 22:23:48.100 WARN   Wiring.write_wire_scope: net not found
2026-08-15 22:23:48.100 WARN   Wiring.write_wire_scope: net not found
2026-08-15 22:23:48.100 WARN   Wiring.write_wire_scope: net not found
2026-08-15 22:23:48.100 WARN   Wiring.write_wire_scope: net not found
2026-08-15 22:23:48.100 WARN   Wiring.write_wire_scope: net not found
2026-08-15 22:23:48.100 WARN   Wiring.write_wire_scope: net not found
2026-08-15 22:23:48.100 WARN   Wiring.write_wire_scope: net not found
2026-08-15 22:23:48.102 WARN   Wiring.write_wire_scope: net not found
2026-08-15 22:23:48.102 WARN   Wiring.write_wire_scope: net not found
2026-08-15 22:23:48.102 WARN   Wiring.write_wire_scope: net not found
2026-08-15 22:23:48.102 WARN   Wiring.write_wire_scope: net not found
2026-08-15 22:23:48.102 WARN   Wiring.write_wire_scope: net not found
2026-08-15 22:23:48.102 WARN   Wiring.write_wire_scope: net not found
2026-08-15 22:23:49.092 WARN   Wiring.write_wire_scope: net not found
2026-08-15 22:23:49.093 WARN   Wiring.write_wire_scope: net not found
2026-08-15 22:23:49.093 WARN   Wiring.write_wire_scope: net not found
2026-08-15 22:23:49.093 WARN   Wiring.write_wire_scope: net not found
2026-08-15 22:23:49.093 WARN   Wiring.write_wire_scope: net not found
2026-08-15 22:23:49.093 WARN   Wiring.write_wire_scope: net not found
2026-08-15 22:23:49.094 WARN   Wiring.write_wire_scope: net not found
2026-08-15 22:23:49.094 WARN   Wiring.write_wire_scope: net not found
2026-08-15 22:23:49.094 WARN   Wiring.write_wire_scope: net not found
2026-08-15 22:23:49.094 WARN   Wiring.write_wire_scope: net not found
2026-08-15 22:23:49.094 WARN   Wiring.write_wire_scope: net not found
2026-08-15 22:23:49.094 WARN   Wiring.write_wire_scope: net not found
2026-08-15 22:23:49.095 WARN   Wiring.write_wire_scope: net not found
2026-08-15 22:23:49.095 WARN   Wiring.write_wire_scope: net not found
2026-08-15 22:23:49.095 WARN   Wiring.write_wire_scope: net not found
2026-08-15 22:23:49.095 WARN   Wiring.write_wire_scope: net not found
2026-08-15 22:23:49.095 WARN   Wiring.write_wire_scope: net not found
2026-08-15 22:23:49.096 WARN   Wiring.write_wire_scope: net not found
2026-08-15 22:23:49.096 WARN   Wiring.write_wire_scope: net not found
2026-08-15 22:23:49.096 WARN   Wiring.write_wire_scope: net not found
2026-08-15 22:23:49.096 WARN   Wiring.write_wire_scope: net not found
2026-08-15 22:23:49.096 WARN   Wiring.write_wire_scope: net not found
2026-08-15 22:23:49.096 WARN   Wiring.write_wire_scope: net not found
2026-08-15 22:23:49.097 WARN   Wiring.write_wire_scope: net not found
2026-08-15 22:23:49.097 WARN   Wiring.write_wire_scope: net not found
2026-08-15 22:23:49.097 WARN   Wiring.write_wire_scope: net not found
2026-08-15 22:23:49.097 WARN   Wiring.write_wire_scope: net not found
2026-08-15 22:23:49.097 WARN   Wiring.write_wire_scope: net not found
2026-08-15 22:23:49.097 WARN   Wiring.write_wire_scope: net not found
2026-08-15 22:23:49.097 WARN   Wiring.write_wire_scope: net not found
2026-08-15 22:23:49.098 WARN   Wiring.write_wire_scope: net not found
2026-08-15 22:23:49.098 WARN   Wiring.write_wire_scope: net not found
2026-08-15 22:23:49.098 WARN   Wiring.write_wire_scope: net not found
2026-08-15 22:23:49.098 WARN   Wiring.write_wire_scope: net not found
2026-08-15 22:23:49.098 WARN   Wiring.write_wire_scope: net not found
2026-08-15 22:23:49.098 WARN   Wiring.write_wire_scope: net not found
2026-08-15 22:23:49.098 WARN   Wiring.write_wire_scope: net not found
2026-08-15 22:23:49.099 WARN   Wiring.write_wire_scope: net not found
2026-08-15 22:23:49.099 WARN   Wiring.write_wire_scope: net not found
2026-08-15 22:23:49.099 WARN   Wiring.write_wire_scope: net not found
2026-08-15 22:23:49.099 WARN   Wiring.write_wire_scope: net not found
2026-08-15 22:23:49.099 WARN   Wiring.write_wire_scope: net not found
2026-08-15 22:23:49.100 WARN   Wiring.write_wire_scope: net not found
2026-08-15 22:23:49.100 WARN   Wiring.write_wire_scope: net not found
2026-08-15 22:23:49.100 WARN   Wiring.write_wire_scope: net not found
2026-08-15 22:23:49.100 WARN   Wiring.write_wire_scope: net not found
2026-08-15 22:23:49.100 WARN   Wiring.write_wire_scope: net not found
2026-08-15 22:23:49.100 WARN   Wiring.write_wire_scope: net not found
2026-08-15 22:23:49.101 WARN   Wiring.write_wire_scope: net not found
2026-08-15 22:23:49.101 WARN   Wiring.write_wire_scope: net not found
2026-08-15 22:23:49.101 WARN   Wiring.write_wire_scope: net not found
2026-08-15 22:23:49.101 WARN   Wiring.write_wire_scope: net not found
2026-08-15 22:23:49.101 WARN   Wiring.write_wire_scope: net not found
2026-08-15 22:23:49.101 WARN   Wiring.write_wire_scope: net not found
2026-08-15 22:23:49.101 WARN   Wiring.write_wire_scope: net not found
2026-08-15 22:23:49.101 WARN   Wiring.write_wire_scope: net not found
2026-08-15 22:23:49.101 WARN   Wiring.write_wire_scope: net not found
2026-08-15 22:23:49.102 WARN   Wiring.write_wire_scope: net not found
2026-08-15 22:23:49.855 WARN   Wiring.write_wire_scope: net not found
2026-08-15 22:23:49.856 WARN   Wiring.write_wire_scope: net not found
2026-08-15 22:23:49.856 WARN   Wiring.write_wire_scope: net not found
2026-08-15 22:23:49.856 WARN   Wiring.write_wire_scope: net not found
2026-08-15 22:23:49.856 WARN   Wiring.write_wire_scope: net not found
2026-08-15 22:23:49.857 WARN   Wiring.write_wire_scope: net not found
2026-08-15 22:23:49.857 WARN   Wiring.write_wire_scope: net not found
2026-08-15 22:23:49.857 WARN   Wiring.write_wire_scope: net not found
2026-08-15 22:23:49.857 WARN   Wiring.write_wire_scope: net not found
2026-08-15 22:23:49.857 WARN   Wiring.write_wire_scope: net not found
2026-08-15 22:23:49.858 WARN   Wiring.write_wire_scope: net not found
2026-08-15 22:23:49.858 WARN   Wiring.write_wire_scope: net not found
2026-08-15 22:23:49.858 WARN   Wiring.write_wire_scope: net not found
2026-08-15 22:23:49.858 WARN   Wiring.write_wire_scope: net not found
2026-08-15 22:23:49.858 WARN   Wiring.write_wire_scope: net not found
2026-08-15 22:23:49.859 WARN   Wiring.write_wire_scope: net not found
2026-08-15 22:23:49.859 WARN   Wiring.write_wire_scope: net not found
2026-08-15 22:23:49.859 WARN   Wiring.write_wire_scope: net not found
2026-08-15 22:23:49.859 WARN   Wiring.write_wire_scope: net not found
2026-08-15 22:23:49.859 WARN   Wiring.write_wire_scope: net not found
2026-08-15 22:23:49.859 WARN   Wiring.write_wire_scope: net not found
2026-08-15 22:23:49.860 WARN   Wiring.write_wire_scope: net not found
2026-08-15 22:23:49.860 WARN   Wiring.write_wire_scope: net not found
2026-08-15 22:23:49.860 WARN   Wiring.write_wire_scope: net not found
2026-08-15 22:23:49.860 WARN   Wiring.write_wire_scope: net not found
2026-08-15 22:23:49.860 WARN   Wiring.write_wire_scope: net not found
2026-08-15 22:23:49.860 WARN   Wiring.write_wire_scope: net not found
2026-08-15 22:23:49.861 WARN   Wiring.write_wire_scope: net not found
2026-08-15 22:23:49.861 WARN   Wiring.write_wire_scope: net not found
2026-08-15 22:23:49.861 WARN   Wiring.write_wire_scope: net not found
2026-08-15 22:23:49.861 WARN   Wiring.write_wire_scope: net not found
2026-08-15 22:23:49.861 WARN   Wiring.write_wire_scope: net not found
2026-08-15 22:23:49.861 WARN   Wiring.write_wire_scope: net not found
2026-08-15 22:23:49.862 WARN   Wiring.write_wire_scope: net not found
2026-08-15 22:23:49.862 WARN   Wiring.write_wire_scope: net not found
2026-08-15 22:23:49.862 WARN   Wiring.write_wire_scope: net not found
2026-08-15 22:23:49.862 WARN   Wiring.write_wire_scope: net not found
2026-08-15 22:23:49.862 WARN   Wiring.write_wire_scope: net not found
2026-08-15 22:23:49.863 WARN   Wiring.write_wire_scope: net not found
2026-08-15 22:23:49.863 WARN   Wiring.write_wire_scope: net not found
2026-08-15 22:23:49.863 WARN   Wiring.write_wire_scope: net not found
2026-08-15 22:23:49.863 WARN   Wiring.write_wire_scope: net not found
2026-08-15 22:23:49.863 WARN   Wiring.write_wire_scope: net not found
2026-08-15 22:23:49.863 WARN   Wiring.write_wire_scope: net not found
2026-08-15 22:23:49.864 WARN   Wiring.write_wire_scope: net not found
2026-08-15 22:23:49.864 WARN   Wiring.write_wire_scope: net not found
2026-08-15 22:23:49.864 WARN   Wiring.write_wire_scope: net not found
2026-08-15 22:23:49.864 WARN   Wiring.write_wire_scope: net not found
2026-08-15 22:23:49.864 WARN   Wiring.write_wire_scope: net not found
2026-08-15 22:23:49.865 WARN   Wiring.write_wire_scope: net not found
2026-08-15 22:23:49.865 WARN   Wiring.write_wire_scope: net not found
2026-08-15 22:23:49.865 WARN   Wiring.write_wire_scope: net not found
2026-08-15 22:23:49.865 WARN   Wiring.write_wire_scope: net not found
2026-08-15 22:23:49.865 WARN   Wiring.write_wire_scope: net not found
2026-08-15 22:23:49.865 WARN   Wiring.write_wire_scope: net not found
2026-08-15 22:23:49.866 WARN   Wiring.write_wire_scope: net not found
2026-08-15 22:23:49.866 WARN   Wiring.write_wire_scope: net not found
2026-08-15 22:23:49.866 WARN   Wiring.write_wire_scope: net not found
2026-08-15 22:23:49.874 INFO   [3604CB\853608] Fanout pass #7 on board 'd7f6a871943f26f4a7fe7f804973dd85' completed in 2.86 seconds with 9 SMD pins fanouted, 131 not routed, 0 insert errors, +0 extra vias (0 SMD pins still to check in pass, ripup costs=700).
2026-08-15 22:23:49.964 WARN   Wiring.write_wire_scope: net not found
2026-08-15 22:23:49.965 WARN   Wiring.write_wire_scope: net not found
2026-08-15 22:23:49.965 WARN   Wiring.write_wire_scope: net not found
2026-08-15 22:23:49.965 WARN   Wiring.write_wire_scope: net not found
2026-08-15 22:23:49.965 WARN   Wiring.write_wire_scope: net not found
2026-08-15 22:23:49.965 WARN   Wiring.write_wire_scope: net not found
2026-08-15 22:23:49.966 WARN   Wiring.write_wire_scope: net not found
2026-08-15 22:23:49.966 WARN   Wiring.write_wire_scope: net not found
2026-08-15 22:23:49.966 WARN   Wiring.write_wire_scope: net not found
2026-08-15 22:23:49.966 WARN   Wiring.write_wire_scope: net not found
2026-08-15 22:23:49.966 WARN   Wiring.write_wire_scope: net not found
2026-08-15 22:23:49.967 WARN   Wiring.write_wire_scope: net not found
2026-08-15 22:23:49.967 WARN   Wiring.write_wire_scope: net not found
2026-08-15 22:23:49.967 WARN   Wiring.write_wire_scope: net not found
2026-08-15 22:23:49.967 WARN   Wiring.write_wire_scope: net not found
2026-08-15 22:23:49.967 WARN   Wiring.write_wire_scope: net not found
2026-08-15 22:23:49.967 WARN   Wiring.write_wire_scope: net not found
2026-08-15 22:23:49.968 WARN   Wiring.write_wire_scope: net not found
2026-08-15 22:23:49.968 WARN   Wiring.write_wire_scope: net not found
2026-08-15 22:23:49.968 WARN   Wiring.write_wire_scope: net not found
2026-08-15 22:23:49.968 WARN   Wiring.write_wire_scope: net not found
2026-08-15 22:23:49.968 WARN   Wiring.write_wire_scope: net not found
2026-08-15 22:23:49.968 WARN   Wiring.write_wire_scope: net not found
2026-08-15 22:23:49.969 WARN   Wiring.write_wire_scope: net not found
2026-08-15 22:23:49.969 WARN   Wiring.write_wire_scope: net not found
2026-08-15 22:23:49.969 WARN   Wiring.write_wire_scope: net not found
2026-08-15 22:23:49.969 WARN   Wiring.write_wire_scope: net not found
2026-08-15 22:23:49.969 WARN   Wiring.write_wire_scope: net not found
2026-08-15 22:23:49.969 WARN   Wiring.write_wire_scope: net not found
2026-08-15 22:23:49.970 WARN   Wiring.write_wire_scope: net not found
2026-08-15 22:23:49.970 WARN   Wiring.write_wire_scope: net not found
2026-08-15 22:23:49.970 WARN   Wiring.write_wire_scope: net not found
2026-08-15 22:23:49.970 WARN   Wiring.write_wire_scope: net not found
2026-08-15 22:23:49.970 WARN   Wiring.write_wire_scope: net not found
2026-08-15 22:23:49.970 WARN   Wiring.write_wire_scope: net not found
2026-08-15 22:23:49.970 WARN   Wiring.write_wire_scope: net not found
2026-08-15 22:23:49.971 WARN   Wiring.write_wire_scope: net not found
2026-08-15 22:23:49.971 WARN   Wiring.write_wire_scope: net not found
2026-08-15 22:23:49.971 WARN   Wiring.write_wire_scope: net not found
2026-08-15 22:23:49.971 WARN   Wiring.write_wire_scope: net not found
2026-08-15 22:23:49.971 WARN   Wiring.write_wire_scope: net not found
2026-08-15 22:23:49.971 WARN   Wiring.write_wire_scope: net not found
2026-08-15 22:23:49.972 WARN   Wiring.write_wire_scope: net not found
2026-08-15 22:23:49.972 WARN   Wiring.write_wire_scope: net not found
2026-08-15 22:23:49.972 WARN   Wiring.write_wire_scope: net not found
2026-08-15 22:23:49.972 WARN   Wiring.write_wire_scope: net not found
2026-08-15 22:23:49.972 WARN   Wiring.write_wire_scope: net not found
2026-08-15 22:23:49.972 WARN   Wiring.write_wire_scope: net not found
2026-08-15 22:23:49.972 WARN   Wiring.write_wire_scope: net not found
2026-08-15 22:23:49.973 WARN   Wiring.write_wire_scope: net not found
2026-08-15 22:23:49.973 WARN   Wiring.write_wire_scope: net not found
2026-08-15 22:23:49.973 WARN   Wiring.write_wire_scope: net not found
2026-08-15 22:23:49.973 WARN   Wiring.write_wire_scope: net not found
2026-08-15 22:23:49.973 WARN   Wiring.write_wire_scope: net not found
2026-08-15 22:23:49.974 WARN   Wiring.write_wire_scope: net not found
2026-08-15 22:23:49.974 WARN   Wiring.write_wire_scope: net not found
2026-08-15 22:23:49.974 WARN   Wiring.write_wire_scope: net not found
2026-08-15 22:23:49.974 WARN   Wiring.write_wire_scope: net not found
2026-08-15 22:23:50.019 WARN   Wiring.write_wire_scope: net not found
2026-08-15 22:23:50.019 WARN   Wiring.write_wire_scope: net not found
2026-08-15 22:23:50.019 WARN   Wiring.write_wire_scope: net not found
2026-08-15 22:23:50.019 WARN   Wiring.write_wire_scope: net not found
2026-08-15 22:23:50.020 WARN   Wiring.write_wire_scope: net not found
2026-08-15 22:23:50.020 WARN   Wiring.write_wire_scope: net not found
2026-08-15 22:23:50.020 WARN   Wiring.write_wire_scope: net not found
2026-08-15 22:23:50.020 WARN   Wiring.write_wire_scope: net not found
2026-08-15 22:23:50.020 WARN   Wiring.write_wire_scope: net not found
2026-08-15 22:23:50.020 WARN   Wiring.write_wire_scope: net not found
2026-08-15 22:23:50.021 WARN   Wiring.write_wire_scope: net not found
2026-08-15 22:23:50.021 WARN   Wiring.write_wire_scope: net not found
2026-08-15 22:23:50.021 WARN   Wiring.write_wire_scope: net not found
2026-08-15 22:23:50.021 WARN   Wiring.write_wire_scope: net not found
2026-08-15 22:23:50.021 WARN   Wiring.write_wire_scope: net not found
2026-08-15 22:23:50.021 WARN   Wiring.write_wire_scope: net not found
2026-08-15 22:23:50.022 WARN   Wiring.write_wire_scope: net not found
2026-08-15 22:23:50.022 WARN   Wiring.write_wire_scope: net not found
2026-08-15 22:23:50.022 WARN   Wiring.write_wire_scope: net not found
2026-08-15 22:23:50.022 WARN   Wiring.write_wire_scope: net not found
2026-08-15 22:23:50.022 WARN   Wiring.write_wire_scope: net not found
2026-08-15 22:23:50.022 WARN   Wiring.write_wire_scope: net not found
2026-08-15 22:23:50.023 WARN   Wiring.write_wire_scope: net not found
2026-08-15 22:23:50.023 WARN   Wiring.write_wire_scope: net not found
2026-08-15 22:23:50.023 WARN   Wiring.write_wire_scope: net not found
2026-08-15 22:23:50.023 WARN   Wiring.write_wire_scope: net not found
2026-08-15 22:23:50.023 WARN   Wiring.write_wire_scope: net not found
2026-08-15 22:23:50.023 WARN   Wiring.write_wire_scope: net not found
2026-08-15 22:23:50.024 WARN   Wiring.write_wire_scope: net not found
2026-08-15 22:23:50.024 WARN   Wiring.write_wire_scope: net not found
2026-08-15 22:23:50.024 WARN   Wiring.write_wire_scope: net not found
2026-08-15 22:23:50.024 WARN   Wiring.write_wire_scope: net not found
2026-08-15 22:23:50.024 WARN   Wiring.write_wire_scope: net not found
2026-08-15 22:23:50.024 WARN   Wiring.write_wire_scope: net not found
2026-08-15 22:23:50.024 WARN   Wiring.write_wire_scope: net not found
2026-08-15 22:23:50.025 WARN   Wiring.write_wire_scope: net not found
2026-08-15 22:23:50.025 WARN   Wiring.write_wire_scope: net not found
2026-08-15 22:23:50.025 WARN   Wiring.write_wire_scope: net not found
2026-08-15 22:23:50.025 WARN   Wiring.write_wire_scope: net not found
2026-08-15 22:23:50.025 WARN   Wiring.write_wire_scope: net not found
2026-08-15 22:23:50.025 WARN   Wiring.write_wire_scope: net not found
2026-08-15 22:23:50.026 WARN   Wiring.write_wire_scope: net not found
2026-08-15 22:23:50.026 WARN   Wiring.write_wire_scope: net not found
2026-08-15 22:23:50.026 WARN   Wiring.write_wire_scope: net not found
2026-08-15 22:23:50.026 WARN   Wiring.write_wire_scope: net not found
2026-08-15 22:23:50.026 WARN   Wiring.write_wire_scope: net not found
2026-08-15 22:23:50.026 WARN   Wiring.write_wire_scope: net not found
2026-08-15 22:23:50.027 WARN   Wiring.write_wire_scope: net not found
2026-08-15 22:23:50.027 WARN   Wiring.write_wire_scope: net not found
2026-08-15 22:23:50.027 WARN   Wiring.write_wire_scope: net not found
2026-08-15 22:23:50.027 WARN   Wiring.write_wire_scope: net not found
2026-08-15 22:23:50.027 WARN   Wiring.write_wire_scope: net not found
2026-08-15 22:23:50.027 WARN   Wiring.write_wire_scope: net not found
2026-08-15 22:23:50.028 WARN   Wiring.write_wire_scope: net not found
2026-08-15 22:23:50.028 WARN   Wiring.write_wire_scope: net not found
2026-08-15 22:23:50.028 WARN   Wiring.write_wire_scope: net not found
2026-08-15 22:23:50.028 WARN   Wiring.write_wire_scope: net not found
2026-08-15 22:23:50.028 WARN   Wiring.write_wire_scope: net not found
2026-08-15 22:23:51.024 WARN   Wiring.write_wire_scope: net not found
2026-08-15 22:23:51.025 WARN   Wiring.write_wire_scope: net not found
2026-08-15 22:23:51.025 WARN   Wiring.write_wire_scope: net not found
2026-08-15 22:23:51.025 WARN   Wiring.write_wire_scope: net not found
2026-08-15 22:23:51.025 WARN   Wiring.write_wire_scope: net not found
2026-08-15 22:23:51.026 WARN   Wiring.write_wire_scope: net not found
2026-08-15 22:23:51.026 WARN   Wiring.write_wire_scope: net not found
2026-08-15 22:23:51.026 WARN   Wiring.write_wire_scope: net not found
2026-08-15 22:23:51.026 WARN   Wiring.write_wire_scope: net not found
2026-08-15 22:23:51.026 WARN   Wiring.write_wire_scope: net not found
2026-08-15 22:23:51.026 WARN   Wiring.write_wire_scope: net not found
2026-08-15 22:23:51.026 WARN   Wiring.write_wire_scope: net not found
2026-08-15 22:23:51.027 WARN   Wiring.write_wire_scope: net not found
2026-08-15 22:23:51.027 WARN   Wiring.write_wire_scope: net not found
2026-08-15 22:23:51.027 WARN   Wiring.write_wire_scope: net not found
2026-08-15 22:23:51.027 WARN   Wiring.write_wire_scope: net not found
2026-08-15 22:23:51.027 WARN   Wiring.write_wire_scope: net not found
2026-08-15 22:23:51.027 WARN   Wiring.write_wire_scope: net not found
2026-08-15 22:23:51.028 WARN   Wiring.write_wire_scope: net not found
2026-08-15 22:23:51.028 WARN   Wiring.write_wire_scope: net not found
2026-08-15 22:23:51.028 WARN   Wiring.write_wire_scope: net not found
2026-08-15 22:23:51.028 WARN   Wiring.write_wire_scope: net not found
2026-08-15 22:23:51.028 WARN   Wiring.write_wire_scope: net not found
2026-08-15 22:23:51.028 WARN   Wiring.write_wire_scope: net not found
2026-08-15 22:23:51.029 WARN   Wiring.write_wire_scope: net not found
2026-08-15 22:23:51.029 WARN   Wiring.write_wire_scope: net not found
2026-08-15 22:23:51.029 WARN   Wiring.write_wire_scope: net not found
2026-08-15 22:23:51.029 WARN   Wiring.write_wire_scope: net not found
2026-08-15 22:23:51.029 WARN   Wiring.write_wire_scope: net not found
2026-08-15 22:23:51.030 WARN   Wiring.write_wire_scope: net not found
2026-08-15 22:23:51.030 WARN   Wiring.write_wire_scope: net not found
2026-08-15 22:23:51.030 WARN   Wiring.write_wire_scope: net not found
2026-08-15 22:23:51.030 WARN   Wiring.write_wire_scope: net not found
2026-08-15 22:23:51.030 WARN   Wiring.write_wire_scope: net not found
2026-08-15 22:23:51.030 WARN   Wiring.write_wire_scope: net not found
2026-08-15 22:23:51.031 WARN   Wiring.write_wire_scope: net not found
2026-08-15 22:23:51.031 WARN   Wiring.write_wire_scope: net not found
2026-08-15 22:23:51.031 WARN   Wiring.write_wire_scope: net not found
2026-08-15 22:23:51.031 WARN   Wiring.write_wire_scope: net not found
2026-08-15 22:23:51.031 WARN   Wiring.write_wire_scope: net not found
2026-08-15 22:23:51.031 WARN   Wiring.write_wire_scope: net not found
2026-08-15 22:23:51.032 WARN   Wiring.write_wire_scope: net not found
2026-08-15 22:23:51.032 WARN   Wiring.write_wire_scope: net not found
2026-08-15 22:23:51.032 WARN   Wiring.write_wire_scope: net not found
2026-08-15 22:23:51.032 WARN   Wiring.write_wire_scope: net not found
2026-08-15 22:23:51.032 WARN   Wiring.write_wire_scope: net not found
2026-08-15 22:23:51.032 WARN   Wiring.write_wire_scope: net not found
2026-08-15 22:23:51.033 WARN   Wiring.write_wire_scope: net not found
2026-08-15 22:23:51.033 WARN   Wiring.write_wire_scope: net not found
2026-08-15 22:23:51.033 WARN   Wiring.write_wire_scope: net not found
2026-08-15 22:23:51.033 WARN   Wiring.write_wire_scope: net not found
2026-08-15 22:23:51.033 WARN   Wiring.write_wire_scope: net not found
2026-08-15 22:23:51.033 WARN   Wiring.write_wire_scope: net not found
2026-08-15 22:23:51.034 WARN   Wiring.write_wire_scope: net not found
2026-08-15 22:23:51.034 WARN   Wiring.write_wire_scope: net not found
2026-08-15 22:23:51.034 WARN   Wiring.write_wire_scope: net not found
2026-08-15 22:23:51.034 WARN   Wiring.write_wire_scope: net not found
2026-08-15 22:23:51.034 WARN   Wiring.write_wire_scope: net not found
2026-08-15 22:23:52.040 WARN   Wiring.write_wire_scope: net not found
2026-08-15 22:23:52.040 WARN   Wiring.write_wire_scope: net not found
2026-08-15 22:23:52.040 WARN   Wiring.write_wire_scope: net not found
2026-08-15 22:23:52.041 WARN   Wiring.write_wire_scope: net not found
2026-08-15 22:23:52.041 WARN   Wiring.write_wire_scope: net not found
2026-08-15 22:23:52.041 WARN   Wiring.write_wire_scope: net not found
2026-08-15 22:23:52.041 WARN   Wiring.write_wire_scope: net not found
2026-08-15 22:23:52.041 WARN   Wiring.write_wire_scope: net not found
2026-08-15 22:23:52.042 WARN   Wiring.write_wire_scope: net not found
2026-08-15 22:23:52.042 WARN   Wiring.write_wire_scope: net not found
2026-08-15 22:23:52.042 WARN   Wiring.write_wire_scope: net not found
2026-08-15 22:23:52.042 WARN   Wiring.write_wire_scope: net not found
2026-08-15 22:23:52.042 WARN   Wiring.write_wire_scope: net not found
2026-08-15 22:23:52.042 WARN   Wiring.write_wire_scope: net not found
2026-08-15 22:23:52.043 WARN   Wiring.write_wire_scope: net not found
2026-08-15 22:23:52.043 WARN   Wiring.write_wire_scope: net not found
2026-08-15 22:23:52.043 WARN   Wiring.write_wire_scope: net not found
2026-08-15 22:23:52.043 WARN   Wiring.write_wire_scope: net not found
2026-08-15 22:23:52.043 WARN   Wiring.write_wire_scope: net not found
2026-08-15 22:23:52.043 WARN   Wiring.write_wire_scope: net not found
2026-08-15 22:23:52.044 WARN   Wiring.write_wire_scope: net not found
2026-08-15 22:23:52.044 WARN   Wiring.write_wire_scope: net not found
2026-08-15 22:23:52.044 WARN   Wiring.write_wire_scope: net not found
2026-08-15 22:23:52.044 WARN   Wiring.write_wire_scope: net not found
2026-08-15 22:23:52.044 WARN   Wiring.write_wire_scope: net not found
2026-08-15 22:23:52.044 WARN   Wiring.write_wire_scope: net not found
2026-08-15 22:23:52.045 WARN   Wiring.write_wire_scope: net not found
2026-08-15 22:23:52.045 WARN   Wiring.write_wire_scope: net not found
2026-08-15 22:23:52.045 WARN   Wiring.write_wire_scope: net not found
2026-08-15 22:23:52.045 WARN   Wiring.write_wire_scope: net not found
2026-08-15 22:23:52.045 WARN   Wiring.write_wire_scope: net not found
2026-08-15 22:23:52.045 WARN   Wiring.write_wire_scope: net not found
2026-08-15 22:23:52.046 WARN   Wiring.write_wire_scope: net not found
2026-08-15 22:23:52.046 WARN   Wiring.write_wire_scope: net not found
2026-08-15 22:23:52.046 WARN   Wiring.write_wire_scope: net not found
2026-08-15 22:23:52.046 WARN   Wiring.write_wire_scope: net not found
2026-08-15 22:23:52.046 WARN   Wiring.write_wire_scope: net not found
2026-08-15 22:23:52.047 WARN   Wiring.write_wire_scope: net not found
2026-08-15 22:23:52.047 WARN   Wiring.write_wire_scope: net not found
2026-08-15 22:23:52.047 WARN   Wiring.write_wire_scope: net not found
2026-08-15 22:23:52.047 WARN   Wiring.write_wire_scope: net not found
2026-08-15 22:23:52.047 WARN   Wiring.write_wire_scope: net not found
2026-08-15 22:23:52.048 WARN   Wiring.write_wire_scope: net not found
2026-08-15 22:23:52.048 WARN   Wiring.write_wire_scope: net not found
2026-08-15 22:23:52.048 WARN   Wiring.write_wire_scope: net not found
2026-08-15 22:23:52.048 WARN   Wiring.write_wire_scope: net not found
2026-08-15 22:23:52.048 WARN   Wiring.write_wire_scope: net not found
2026-08-15 22:23:52.049 WARN   Wiring.write_wire_scope: net not found
2026-08-15 22:23:52.049 WARN   Wiring.write_wire_scope: net not found
2026-08-15 22:23:52.049 WARN   Wiring.write_wire_scope: net not found
2026-08-15 22:23:52.049 WARN   Wiring.write_wire_scope: net not found
2026-08-15 22:23:52.049 WARN   Wiring.write_wire_scope: net not found
2026-08-15 22:23:52.050 WARN   Wiring.write_wire_scope: net not found
2026-08-15 22:23:52.050 WARN   Wiring.write_wire_scope: net not found
2026-08-15 22:23:52.050 WARN   Wiring.write_wire_scope: net not found
2026-08-15 22:23:52.050 WARN   Wiring.write_wire_scope: net not found
2026-08-15 22:23:52.050 WARN   Wiring.write_wire_scope: net not found
2026-08-15 22:23:52.051 WARN   Wiring.write_wire_scope: net not found
2026-08-15 22:23:52.564 WARN   Wiring.write_wire_scope: net not found
2026-08-15 22:23:52.564 WARN   Wiring.write_wire_scope: net not found
2026-08-15 22:23:52.564 WARN   Wiring.write_wire_scope: net not found
2026-08-15 22:23:52.564 WARN   Wiring.write_wire_scope: net not found
2026-08-15 22:23:52.565 WARN   Wiring.write_wire_scope: net not found
2026-08-15 22:23:52.565 WARN   Wiring.write_wire_scope: net not found
2026-08-15 22:23:52.565 WARN   Wiring.write_wire_scope: net not found
2026-08-15 22:23:52.565 WARN   Wiring.write_wire_scope: net not found
2026-08-15 22:23:52.565 WARN   Wiring.write_wire_scope: net not found
2026-08-15 22:23:52.565 WARN   Wiring.write_wire_scope: net not found
2026-08-15 22:23:52.566 WARN   Wiring.write_wire_scope: net not found
2026-08-15 22:23:52.566 WARN   Wiring.write_wire_scope: net not found
2026-08-15 22:23:52.566 WARN   Wiring.write_wire_scope: net not found
2026-08-15 22:23:52.566 WARN   Wiring.write_wire_scope: net not found
2026-08-15 22:23:52.566 WARN   Wiring.write_wire_scope: net not found
2026-08-15 22:23:52.566 WARN   Wiring.write_wire_scope: net not found
2026-08-15 22:23:52.567 WARN   Wiring.write_wire_scope: net not found
2026-08-15 22:23:52.567 WARN   Wiring.write_wire_scope: net not found
2026-08-15 22:23:52.567 WARN   Wiring.write_wire_scope: net not found
2026-08-15 22:23:52.567 WARN   Wiring.write_wire_scope: net not found
2026-08-15 22:23:52.567 WARN   Wiring.write_wire_scope: net not found
2026-08-15 22:23:52.567 WARN   Wiring.write_wire_scope: net not found
2026-08-15 22:23:52.568 WARN   Wiring.write_wire_scope: net not found
2026-08-15 22:23:52.568 WARN   Wiring.write_wire_scope: net not found
2026-08-15 22:23:52.568 WARN   Wiring.write_wire_scope: net not found
2026-08-15 22:23:52.568 WARN   Wiring.write_wire_scope: net not found
2026-08-15 22:23:52.568 WARN   Wiring.write_wire_scope: net not found
2026-08-15 22:23:52.568 WARN   Wiring.write_wire_scope: net not found
2026-08-15 22:23:52.569 WARN   Wiring.write_wire_scope: net not found
2026-08-15 22:23:52.569 WARN   Wiring.write_wire_scope: net not found
2026-08-15 22:23:52.569 WARN   Wiring.write_wire_scope: net not found
2026-08-15 22:23:52.569 WARN   Wiring.write_wire_scope: net not found
2026-08-15 22:23:52.569 WARN   Wiring.write_wire_scope: net not found
2026-08-15 22:23:52.569 WARN   Wiring.write_wire_scope: net not found
2026-08-15 22:23:52.569 WARN   Wiring.write_wire_scope: net not found
2026-08-15 22:23:52.570 WARN   Wiring.write_wire_scope: net not found
2026-08-15 22:23:52.570 WARN   Wiring.write_wire_scope: net not found
2026-08-15 22:23:52.570 WARN   Wiring.write_wire_scope: net not found
2026-08-15 22:23:52.570 WARN   Wiring.write_wire_scope: net not found
2026-08-15 22:23:52.570 WARN   Wiring.write_wire_scope: net not found
2026-08-15 22:23:52.570 WARN   Wiring.write_wire_scope: net not found
2026-08-15 22:23:52.571 WARN   Wiring.write_wire_scope: net not found
2026-08-15 22:23:52.571 WARN   Wiring.write_wire_scope: net not found
2026-08-15 22:23:52.571 WARN   Wiring.write_wire_scope: net not found
2026-08-15 22:23:52.571 WARN   Wiring.write_wire_scope: net not found
2026-08-15 22:23:52.571 WARN   Wiring.write_wire_scope: net not found
2026-08-15 22:23:52.571 WARN   Wiring.write_wire_scope: net not found
2026-08-15 22:23:52.571 WARN   Wiring.write_wire_scope: net not found
2026-08-15 22:23:52.572 WARN   Wiring.write_wire_scope: net not found
2026-08-15 22:23:52.572 WARN   Wiring.write_wire_scope: net not found
2026-08-15 22:23:52.572 WARN   Wiring.write_wire_scope: net not found
2026-08-15 22:23:52.572 WARN   Wiring.write_wire_scope: net not found
2026-08-15 22:23:52.572 WARN   Wiring.write_wire_scope: net not found
2026-08-15 22:23:52.573 WARN   Wiring.write_wire_scope: net not found
2026-08-15 22:23:52.573 WARN   Wiring.write_wire_scope: net not found
2026-08-15 22:23:52.573 WARN   Wiring.write_wire_scope: net not found
2026-08-15 22:23:52.573 WARN   Wiring.write_wire_scope: net not found
2026-08-15 22:23:52.573 WARN   Wiring.write_wire_scope: net not found
2026-08-15 22:23:52.581 INFO   [3604CB\853608] Fanout pass #8 on board '2559f93bb5c3db164b55ec2e1595a56b' completed in 2.65 seconds with 8 SMD pins fanouted, 131 not routed, 0 insert errors, +0 extra vias (0 SMD pins still to check in pass, ripup costs=800).
2026-08-15 22:23:52.663 WARN   Wiring.write_wire_scope: net not found
2026-08-15 22:23:52.663 WARN   Wiring.write_wire_scope: net not found
2026-08-15 22:23:52.663 WARN   Wiring.write_wire_scope: net not found
2026-08-15 22:23:52.663 WARN   Wiring.write_wire_scope: net not found
2026-08-15 22:23:52.663 WARN   Wiring.write_wire_scope: net not found
2026-08-15 22:23:52.664 WARN   Wiring.write_wire_scope: net not found
2026-08-15 22:23:52.664 WARN   Wiring.write_wire_scope: net not found
2026-08-15 22:23:52.664 WARN   Wiring.write_wire_scope: net not found
2026-08-15 22:23:52.664 WARN   Wiring.write_wire_scope: net not found
2026-08-15 22:23:52.664 WARN   Wiring.write_wire_scope: net not found
2026-08-15 22:23:52.664 WARN   Wiring.write_wire_scope: net not found
2026-08-15 22:23:52.664 WARN   Wiring.write_wire_scope: net not found
2026-08-15 22:23:52.665 WARN   Wiring.write_wire_scope: net not found
2026-08-15 22:23:52.665 WARN   Wiring.write_wire_scope: net not found
2026-08-15 22:23:52.665 WARN   Wiring.write_wire_scope: net not found
2026-08-15 22:23:52.665 WARN   Wiring.write_wire_scope: net not found
2026-08-15 22:23:52.665 WARN   Wiring.write_wire_scope: net not found
2026-08-15 22:23:52.665 WARN   Wiring.write_wire_scope: net not found
2026-08-15 22:23:52.666 WARN   Wiring.write_wire_scope: net not found
2026-08-15 22:23:52.666 WARN   Wiring.write_wire_scope: net not found
2026-08-15 22:23:52.666 WARN   Wiring.write_wire_scope: net not found
2026-08-15 22:23:52.666 WARN   Wiring.write_wire_scope: net not found
2026-08-15 22:23:52.666 WARN   Wiring.write_wire_scope: net not found
2026-08-15 22:23:52.666 WARN   Wiring.write_wire_scope: net not found
2026-08-15 22:23:52.666 WARN   Wiring.write_wire_scope: net not found
2026-08-15 22:23:52.667 WARN   Wiring.write_wire_scope: net not found
2026-08-15 22:23:52.667 WARN   Wiring.write_wire_scope: net not found
2026-08-15 22:23:52.667 WARN   Wiring.write_wire_scope: net not found
2026-08-15 22:23:52.667 WARN   Wiring.write_wire_scope: net not found
2026-08-15 22:23:52.667 WARN   Wiring.write_wire_scope: net not found
2026-08-15 22:23:52.667 WARN   Wiring.write_wire_scope: net not found
2026-08-15 22:23:52.668 WARN   Wiring.write_wire_scope: net not found
2026-08-15 22:23:52.668 WARN   Wiring.write_wire_scope: net not found
2026-08-15 22:23:52.668 WARN   Wiring.write_wire_scope: net not found
2026-08-15 22:23:52.668 WARN   Wiring.write_wire_scope: net not found
2026-08-15 22:23:52.668 WARN   Wiring.write_wire_scope: net not found
2026-08-15 22:23:52.668 WARN   Wiring.write_wire_scope: net not found
2026-08-15 22:23:52.668 WARN   Wiring.write_wire_scope: net not found
2026-08-15 22:23:52.669 WARN   Wiring.write_wire_scope: net not found
2026-08-15 22:23:52.669 WARN   Wiring.write_wire_scope: net not found
2026-08-15 22:23:52.669 WARN   Wiring.write_wire_scope: net not found
2026-08-15 22:23:52.669 WARN   Wiring.write_wire_scope: net not found
2026-08-15 22:23:52.669 WARN   Wiring.write_wire_scope: net not found
2026-08-15 22:23:52.669 WARN   Wiring.write_wire_scope: net not found
2026-08-15 22:23:52.669 WARN   Wiring.write_wire_scope: net not found
2026-08-15 22:23:52.670 WARN   Wiring.write_wire_scope: net not found
2026-08-15 22:23:52.670 WARN   Wiring.write_wire_scope: net not found
2026-08-15 22:23:52.670 WARN   Wiring.write_wire_scope: net not found
2026-08-15 22:23:52.670 WARN   Wiring.write_wire_scope: net not found
2026-08-15 22:23:52.670 WARN   Wiring.write_wire_scope: net not found
2026-08-15 22:23:52.671 WARN   Wiring.write_wire_scope: net not found
2026-08-15 22:23:52.671 WARN   Wiring.write_wire_scope: net not found
2026-08-15 22:23:52.671 WARN   Wiring.write_wire_scope: net not found
2026-08-15 22:23:52.671 WARN   Wiring.write_wire_scope: net not found
2026-08-15 22:23:52.671 WARN   Wiring.write_wire_scope: net not found
2026-08-15 22:23:52.671 WARN   Wiring.write_wire_scope: net not found
2026-08-15 22:23:52.672 WARN   Wiring.write_wire_scope: net not found
2026-08-15 22:23:52.672 WARN   Wiring.write_wire_scope: net not found
2026-08-15 22:23:52.714 WARN   Wiring.write_wire_scope: net not found
2026-08-15 22:23:52.714 WARN   Wiring.write_wire_scope: net not found
2026-08-15 22:23:52.715 WARN   Wiring.write_wire_scope: net not found
2026-08-15 22:23:52.715 WARN   Wiring.write_wire_scope: net not found
2026-08-15 22:23:52.715 WARN   Wiring.write_wire_scope: net not found
2026-08-15 22:23:52.715 WARN   Wiring.write_wire_scope: net not found
2026-08-15 22:23:52.715 WARN   Wiring.write_wire_scope: net not found
2026-08-15 22:23:52.716 WARN   Wiring.write_wire_scope: net not found
2026-08-15 22:23:52.716 WARN   Wiring.write_wire_scope: net not found
2026-08-15 22:23:52.716 WARN   Wiring.write_wire_scope: net not found
2026-08-15 22:23:52.716 WARN   Wiring.write_wire_scope: net not found
2026-08-15 22:23:52.716 WARN   Wiring.write_wire_scope: net not found
2026-08-15 22:23:52.716 WARN   Wiring.write_wire_scope: net not found
2026-08-15 22:23:52.717 WARN   Wiring.write_wire_scope: net not found
2026-08-15 22:23:52.717 WARN   Wiring.write_wire_scope: net not found
2026-08-15 22:23:52.717 WARN   Wiring.write_wire_scope: net not found
2026-08-15 22:23:52.717 WARN   Wiring.write_wire_scope: net not found
2026-08-15 22:23:52.718 WARN   Wiring.write_wire_scope: net not found
2026-08-15 22:23:52.718 WARN   Wiring.write_wire_scope: net not found
2026-08-15 22:23:52.718 WARN   Wiring.write_wire_scope: net not found
2026-08-15 22:23:52.718 WARN   Wiring.write_wire_scope: net not found
2026-08-15 22:23:52.718 WARN   Wiring.write_wire_scope: net not found
2026-08-15 22:23:52.718 WARN   Wiring.write_wire_scope: net not found
2026-08-15 22:23:52.718 WARN   Wiring.write_wire_scope: net not found
2026-08-15 22:23:52.719 WARN   Wiring.write_wire_scope: net not found
2026-08-15 22:23:52.719 WARN   Wiring.write_wire_scope: net not found
2026-08-15 22:23:52.719 WARN   Wiring.write_wire_scope: net not found
2026-08-15 22:23:52.719 WARN   Wiring.write_wire_scope: net not found
2026-08-15 22:23:52.719 WARN   Wiring.write_wire_scope: net not found
2026-08-15 22:23:52.719 WARN   Wiring.write_wire_scope: net not found
2026-08-15 22:23:52.719 WARN   Wiring.write_wire_scope: net not found
2026-08-15 22:23:52.719 WARN   Wiring.write_wire_scope: net not found
2026-08-15 22:23:52.720 WARN   Wiring.write_wire_scope: net not found
2026-08-15 22:23:52.720 WARN   Wiring.write_wire_scope: net not found
2026-08-15 22:23:52.720 WARN   Wiring.write_wire_scope: net not found
2026-08-15 22:23:52.720 WARN   Wiring.write_wire_scope: net not found
2026-08-15 22:23:52.720 WARN   Wiring.write_wire_scope: net not found
2026-08-15 22:23:52.720 WARN   Wiring.write_wire_scope: net not found
2026-08-15 22:23:52.720 WARN   Wiring.write_wire_scope: net not found
2026-08-15 22:23:52.721 WARN   Wiring.write_wire_scope: net not found
2026-08-15 22:23:52.721 WARN   Wiring.write_wire_scope: net not found
2026-08-15 22:23:52.721 WARN   Wiring.write_wire_scope: net not found
2026-08-15 22:23:52.721 WARN   Wiring.write_wire_scope: net not found
2026-08-15 22:23:52.721 WARN   Wiring.write_wire_scope: net not found
2026-08-15 22:23:52.721 WARN   Wiring.write_wire_scope: net not found
2026-08-15 22:23:52.721 WARN   Wiring.write_wire_scope: net not found
2026-08-15 22:23:52.721 WARN   Wiring.write_wire_scope: net not found
2026-08-15 22:23:52.722 WARN   Wiring.write_wire_scope: net not found
2026-08-15 22:23:52.722 WARN   Wiring.write_wire_scope: net not found
2026-08-15 22:23:52.722 WARN   Wiring.write_wire_scope: net not found
2026-08-15 22:23:52.722 WARN   Wiring.write_wire_scope: net not found
2026-08-15 22:23:52.722 WARN   Wiring.write_wire_scope: net not found
2026-08-15 22:23:52.723 WARN   Wiring.write_wire_scope: net not found
2026-08-15 22:23:52.723 WARN   Wiring.write_wire_scope: net not found
2026-08-15 22:23:52.723 WARN   Wiring.write_wire_scope: net not found
2026-08-15 22:23:52.723 WARN   Wiring.write_wire_scope: net not found
2026-08-15 22:23:52.723 WARN   Wiring.write_wire_scope: net not found
2026-08-15 22:23:52.723 WARN   Wiring.write_wire_scope: net not found
2026-08-15 22:23:53.734 WARN   Wiring.write_wire_scope: net not found
2026-08-15 22:23:53.735 WARN   Wiring.write_wire_scope: net not found
2026-08-15 22:23:53.735 WARN   Wiring.write_wire_scope: net not found
2026-08-15 22:23:53.735 WARN   Wiring.write_wire_scope: net not found
2026-08-15 22:23:53.735 WARN   Wiring.write_wire_scope: net not found
2026-08-15 22:23:53.735 WARN   Wiring.write_wire_scope: net not found
2026-08-15 22:23:53.736 WARN   Wiring.write_wire_scope: net not found
2026-08-15 22:23:53.736 WARN   Wiring.write_wire_scope: net not found
2026-08-15 22:23:53.736 WARN   Wiring.write_wire_scope: net not found
2026-08-15 22:23:53.736 WARN   Wiring.write_wire_scope: net not found
2026-08-15 22:23:53.736 WARN   Wiring.write_wire_scope: net not found
2026-08-15 22:23:53.736 WARN   Wiring.write_wire_scope: net not found
2026-08-15 22:23:53.737 WARN   Wiring.write_wire_scope: net not found
2026-08-15 22:23:53.737 WARN   Wiring.write_wire_scope: net not found
2026-08-15 22:23:53.737 WARN   Wiring.write_wire_scope: net not found
2026-08-15 22:23:53.737 WARN   Wiring.write_wire_scope: net not found
2026-08-15 22:23:53.737 WARN   Wiring.write_wire_scope: net not found
2026-08-15 22:23:53.738 WARN   Wiring.write_wire_scope: net not found
2026-08-15 22:23:53.738 WARN   Wiring.write_wire_scope: net not found
2026-08-15 22:23:53.738 WARN   Wiring.write_wire_scope: net not found
2026-08-15 22:23:53.738 WARN   Wiring.write_wire_scope: net not found
2026-08-15 22:23:53.738 WARN   Wiring.write_wire_scope: net not found
2026-08-15 22:23:53.738 WARN   Wiring.write_wire_scope: net not found
2026-08-15 22:23:53.739 WARN   Wiring.write_wire_scope: net not found
2026-08-15 22:23:53.739 WARN   Wiring.write_wire_scope: net not found
2026-08-15 22:23:53.739 WARN   Wiring.write_wire_scope: net not found
2026-08-15 22:23:53.739 WARN   Wiring.write_wire_scope: net not found
2026-08-15 22:23:53.739 WARN   Wiring.write_wire_scope: net not found
2026-08-15 22:23:53.739 WARN   Wiring.write_wire_scope: net not found
2026-08-15 22:23:53.740 WARN   Wiring.write_wire_scope: net not found
2026-08-15 22:23:53.740 WARN   Wiring.write_wire_scope: net not found
2026-08-15 22:23:53.740 WARN   Wiring.write_wire_scope: net not found
2026-08-15 22:23:53.740 WARN   Wiring.write_wire_scope: net not found
2026-08-15 22:23:53.740 WARN   Wiring.write_wire_scope: net not found
2026-08-15 22:23:53.740 WARN   Wiring.write_wire_scope: net not found
2026-08-15 22:23:53.741 WARN   Wiring.write_wire_scope: net not found
2026-08-15 22:23:53.741 WARN   Wiring.write_wire_scope: net not found
2026-08-15 22:23:53.741 WARN   Wiring.write_wire_scope: net not found
2026-08-15 22:23:53.741 WARN   Wiring.write_wire_scope: net not found
2026-08-15 22:23:53.741 WARN   Wiring.write_wire_scope: net not found
2026-08-15 22:23:53.741 WARN   Wiring.write_wire_scope: net not found
2026-08-15 22:23:53.742 WARN   Wiring.write_wire_scope: net not found
2026-08-15 22:23:53.742 WARN   Wiring.write_wire_scope: net not found
2026-08-15 22:23:53.742 WARN   Wiring.write_wire_scope: net not found
2026-08-15 22:23:53.742 WARN   Wiring.write_wire_scope: net not found
2026-08-15 22:23:53.742 WARN   Wiring.write_wire_scope: net not found
2026-08-15 22:23:53.743 WARN   Wiring.write_wire_scope: net not found
2026-08-15 22:23:53.743 WARN   Wiring.write_wire_scope: net not found
2026-08-15 22:23:53.743 WARN   Wiring.write_wire_scope: net not found
2026-08-15 22:23:53.743 WARN   Wiring.write_wire_scope: net not found
2026-08-15 22:23:53.744 WARN   Wiring.write_wire_scope: net not found
2026-08-15 22:23:53.744 WARN   Wiring.write_wire_scope: net not found
2026-08-15 22:23:53.744 WARN   Wiring.write_wire_scope: net not found
2026-08-15 22:23:53.744 WARN   Wiring.write_wire_scope: net not found
2026-08-15 22:23:53.744 WARN   Wiring.write_wire_scope: net not found
2026-08-15 22:23:53.745 WARN   Wiring.write_wire_scope: net not found
2026-08-15 22:23:53.745 WARN   Wiring.write_wire_scope: net not found
2026-08-15 22:23:53.745 WARN   Wiring.write_wire_scope: net not found
2026-08-15 22:23:54.740 WARN   Wiring.write_wire_scope: net not found
2026-08-15 22:23:54.740 WARN   Wiring.write_wire_scope: net not found
2026-08-15 22:23:54.741 WARN   Wiring.write_wire_scope: net not found
2026-08-15 22:23:54.741 WARN   Wiring.write_wire_scope: net not found
2026-08-15 22:23:54.741 WARN   Wiring.write_wire_scope: net not found
2026-08-15 22:23:54.741 WARN   Wiring.write_wire_scope: net not found
2026-08-15 22:23:54.741 WARN   Wiring.write_wire_scope: net not found
2026-08-15 22:23:54.741 WARN   Wiring.write_wire_scope: net not found
2026-08-15 22:23:54.742 WARN   Wiring.write_wire_scope: net not found
2026-08-15 22:23:54.742 WARN   Wiring.write_wire_scope: net not found
2026-08-15 22:23:54.742 WARN   Wiring.write_wire_scope: net not found
2026-08-15 22:23:54.742 WARN   Wiring.write_wire_scope: net not found
2026-08-15 22:23:54.742 WARN   Wiring.write_wire_scope: net not found
2026-08-15 22:23:54.742 WARN   Wiring.write_wire_scope: net not found
2026-08-15 22:23:54.742 WARN   Wiring.write_wire_scope: net not found
2026-08-15 22:23:54.743 WARN   Wiring.write_wire_scope: net not found
2026-08-15 22:23:54.743 WARN   Wiring.write_wire_scope: net not found
2026-08-15 22:23:54.743 WARN   Wiring.write_wire_scope: net not found
2026-08-15 22:23:54.743 WARN   Wiring.write_wire_scope: net not found
2026-08-15 22:23:54.743 WARN   Wiring.write_wire_scope: net not found
2026-08-15 22:23:54.744 WARN   Wiring.write_wire_scope: net not found
2026-08-15 22:23:54.744 WARN   Wiring.write_wire_scope: net not found
2026-08-15 22:23:54.744 WARN   Wiring.write_wire_scope: net not found
2026-08-15 22:23:54.744 WARN   Wiring.write_wire_scope: net not found
2026-08-15 22:23:54.744 WARN   Wiring.write_wire_scope: net not found
2026-08-15 22:23:54.744 WARN   Wiring.write_wire_scope: net not found
2026-08-15 22:23:54.745 WARN   Wiring.write_wire_scope: net not found
2026-08-15 22:23:54.745 WARN   Wiring.write_wire_scope: net not found
2026-08-15 22:23:54.745 WARN   Wiring.write_wire_scope: net not found
2026-08-15 22:23:54.745 WARN   Wiring.write_wire_scope: net not found
2026-08-15 22:23:54.745 WARN   Wiring.write_wire_scope: net not found
2026-08-15 22:23:54.745 WARN   Wiring.write_wire_scope: net not found
2026-08-15 22:23:54.745 WARN   Wiring.write_wire_scope: net not found
2026-08-15 22:23:54.746 WARN   Wiring.write_wire_scope: net not found
2026-08-15 22:23:54.746 WARN   Wiring.write_wire_scope: net not found
2026-08-15 22:23:54.746 WARN   Wiring.write_wire_scope: net not found
2026-08-15 22:23:54.746 WARN   Wiring.write_wire_scope: net not found
2026-08-15 22:23:54.746 WARN   Wiring.write_wire_scope: net not found
2026-08-15 22:23:54.746 WARN   Wiring.write_wire_scope: net not found
2026-08-15 22:23:54.747 WARN   Wiring.write_wire_scope: net not found
2026-08-15 22:23:54.747 WARN   Wiring.write_wire_scope: net not found
2026-08-15 22:23:54.747 WARN   Wiring.write_wire_scope: net not found
2026-08-15 22:23:54.747 WARN   Wiring.write_wire_scope: net not found
2026-08-15 22:23:54.747 WARN   Wiring.write_wire_scope: net not found
2026-08-15 22:23:54.747 WARN   Wiring.write_wire_scope: net not found
2026-08-15 22:23:54.748 WARN   Wiring.write_wire_scope: net not found
2026-08-15 22:23:54.748 WARN   Wiring.write_wire_scope: net not found
2026-08-15 22:23:54.748 WARN   Wiring.write_wire_scope: net not found
2026-08-15 22:23:54.748 WARN   Wiring.write_wire_scope: net not found
2026-08-15 22:23:54.748 WARN   Wiring.write_wire_scope: net not found
2026-08-15 22:23:54.749 WARN   Wiring.write_wire_scope: net not found
2026-08-15 22:23:54.749 WARN   Wiring.write_wire_scope: net not found
2026-08-15 22:23:54.749 WARN   Wiring.write_wire_scope: net not found
2026-08-15 22:23:54.749 WARN   Wiring.write_wire_scope: net not found
2026-08-15 22:23:54.749 WARN   Wiring.write_wire_scope: net not found
2026-08-15 22:23:54.749 WARN   Wiring.write_wire_scope: net not found
2026-08-15 22:23:54.750 WARN   Wiring.write_wire_scope: net not found
2026-08-15 22:23:54.750 WARN   Wiring.write_wire_scope: net not found
2026-08-15 22:23:55.114 WARN   Wiring.write_wire_scope: net not found
2026-08-15 22:23:55.115 WARN   Wiring.write_wire_scope: net not found
2026-08-15 22:23:55.115 WARN   Wiring.write_wire_scope: net not found
2026-08-15 22:23:55.115 WARN   Wiring.write_wire_scope: net not found
2026-08-15 22:23:55.115 WARN   Wiring.write_wire_scope: net not found
2026-08-15 22:23:55.116 WARN   Wiring.write_wire_scope: net not found
2026-08-15 22:23:55.116 WARN   Wiring.write_wire_scope: net not found
2026-08-15 22:23:55.116 WARN   Wiring.write_wire_scope: net not found
2026-08-15 22:23:55.116 WARN   Wiring.write_wire_scope: net not found
2026-08-15 22:23:55.116 WARN   Wiring.write_wire_scope: net not found
2026-08-15 22:23:55.116 WARN   Wiring.write_wire_scope: net not found
2026-08-15 22:23:55.117 WARN   Wiring.write_wire_scope: net not found
2026-08-15 22:23:55.117 WARN   Wiring.write_wire_scope: net not found
2026-08-15 22:23:55.117 WARN   Wiring.write_wire_scope: net not found
2026-08-15 22:23:55.117 WARN   Wiring.write_wire_scope: net not found
2026-08-15 22:23:55.117 WARN   Wiring.write_wire_scope: net not found
2026-08-15 22:23:55.117 WARN   Wiring.write_wire_scope: net not found
2026-08-15 22:23:55.118 WARN   Wiring.write_wire_scope: net not found
2026-08-15 22:23:55.118 WARN   Wiring.write_wire_scope: net not found
2026-08-15 22:23:55.118 WARN   Wiring.write_wire_scope: net not found
2026-08-15 22:23:55.118 WARN   Wiring.write_wire_scope: net not found
2026-08-15 22:23:55.118 WARN   Wiring.write_wire_scope: net not found
2026-08-15 22:23:55.118 WARN   Wiring.write_wire_scope: net not found
2026-08-15 22:23:55.118 WARN   Wiring.write_wire_scope: net not found
2026-08-15 22:23:55.119 WARN   Wiring.write_wire_scope: net not found
2026-08-15 22:23:55.119 WARN   Wiring.write_wire_scope: net not found
2026-08-15 22:23:55.119 WARN   Wiring.write_wire_scope: net not found
2026-08-15 22:23:55.119 WARN   Wiring.write_wire_scope: net not found
2026-08-15 22:23:55.119 WARN   Wiring.write_wire_scope: net not found
2026-08-15 22:23:55.119 WARN   Wiring.write_wire_scope: net not found
2026-08-15 22:23:55.120 WARN   Wiring.write_wire_scope: net not found
2026-08-15 22:23:55.120 WARN   Wiring.write_wire_scope: net not found
2026-08-15 22:23:55.120 WARN   Wiring.write_wire_scope: net not found
2026-08-15 22:23:55.120 WARN   Wiring.write_wire_scope: net not found
2026-08-15 22:23:55.120 WARN   Wiring.write_wire_scope: net not found
2026-08-15 22:23:55.120 WARN   Wiring.write_wire_scope: net not found
2026-08-15 22:23:55.120 WARN   Wiring.write_wire_scope: net not found
2026-08-15 22:23:55.121 WARN   Wiring.write_wire_scope: net not found
2026-08-15 22:23:55.121 WARN   Wiring.write_wire_scope: net not found
2026-08-15 22:23:55.121 WARN   Wiring.write_wire_scope: net not found
2026-08-15 22:23:55.121 WARN   Wiring.write_wire_scope: net not found
2026-08-15 22:23:55.121 WARN   Wiring.write_wire_scope: net not found
2026-08-15 22:23:55.121 WARN   Wiring.write_wire_scope: net not found
2026-08-15 22:23:55.122 WARN   Wiring.write_wire_scope: net not found
2026-08-15 22:23:55.122 WARN   Wiring.write_wire_scope: net not found
2026-08-15 22:23:55.122 WARN   Wiring.write_wire_scope: net not found
2026-08-15 22:23:55.122 WARN   Wiring.write_wire_scope: net not found
2026-08-15 22:23:55.122 WARN   Wiring.write_wire_scope: net not found
2026-08-15 22:23:55.123 WARN   Wiring.write_wire_scope: net not found
2026-08-15 22:23:55.123 WARN   Wiring.write_wire_scope: net not found
2026-08-15 22:23:55.123 WARN   Wiring.write_wire_scope: net not found
2026-08-15 22:23:55.123 WARN   Wiring.write_wire_scope: net not found
2026-08-15 22:23:55.123 WARN   Wiring.write_wire_scope: net not found
2026-08-15 22:23:55.123 WARN   Wiring.write_wire_scope: net not found
2026-08-15 22:23:55.123 WARN   Wiring.write_wire_scope: net not found
2026-08-15 22:23:55.124 WARN   Wiring.write_wire_scope: net not found
2026-08-15 22:23:55.124 WARN   Wiring.write_wire_scope: net not found
2026-08-15 22:23:55.124 WARN   Wiring.write_wire_scope: net not found
2026-08-15 22:23:55.130 INFO   [3604CB\853608] Fanout pass #9 on board 'aa8b414251c840eec6a93a1068526e48' completed in 2.49 seconds with 6 SMD pins fanouted, 131 not routed, 0 insert errors, +2 extra vias (0 SMD pins still to check in pass, ripup costs=900).
2026-08-15 22:23:55.199 WARN   Wiring.write_wire_scope: net not found
2026-08-15 22:23:55.200 WARN   Wiring.write_wire_scope: net not found
2026-08-15 22:23:55.200 WARN   Wiring.write_wire_scope: net not found
2026-08-15 22:23:55.201 WARN   Wiring.write_wire_scope: net not found
2026-08-15 22:23:55.201 WARN   Wiring.write_wire_scope: net not found
2026-08-15 22:23:55.201 WARN   Wiring.write_wire_scope: net not found
2026-08-15 22:23:55.201 WARN   Wiring.write_wire_scope: net not found
2026-08-15 22:23:55.201 WARN   Wiring.write_wire_scope: net not found
2026-08-15 22:23:55.201 WARN   Wiring.write_wire_scope: net not found
2026-08-15 22:23:55.202 WARN   Wiring.write_wire_scope: net not found
2026-08-15 22:23:55.202 WARN   Wiring.write_wire_scope: net not found
2026-08-15 22:23:55.202 WARN   Wiring.write_wire_scope: net not found
2026-08-15 22:23:55.202 WARN   Wiring.write_wire_scope: net not found
2026-08-15 22:23:55.202 WARN   Wiring.write_wire_scope: net not found
2026-08-15 22:23:55.202 WARN   Wiring.write_wire_scope: net not found
2026-08-15 22:23:55.203 WARN   Wiring.write_wire_scope: net not found
2026-08-15 22:23:55.203 WARN   Wiring.write_wire_scope: net not found
2026-08-15 22:23:55.203 WARN   Wiring.write_wire_scope: net not found
2026-08-15 22:23:55.203 WARN   Wiring.write_wire_scope: net not found
2026-08-15 22:23:55.203 WARN   Wiring.write_wire_scope: net not found
2026-08-15 22:23:55.203 WARN   Wiring.write_wire_scope: net not found
2026-08-15 22:23:55.203 WARN   Wiring.write_wire_scope: net not found
2026-08-15 22:23:55.203 WARN   Wiring.write_wire_scope: net not found
2026-08-15 22:23:55.203 WARN   Wiring.write_wire_scope: net not found
2026-08-15 22:23:55.203 WARN   Wiring.write_wire_scope: net not found
2026-08-15 22:23:55.205 WARN   Wiring.write_wire_scope: net not found
2026-08-15 22:23:55.205 WARN   Wiring.write_wire_scope: net not found
2026-08-15 22:23:55.205 WARN   Wiring.write_wire_scope: net not found
2026-08-15 22:23:55.205 WARN   Wiring.write_wire_scope: net not found
2026-08-15 22:23:55.205 WARN   Wiring.write_wire_scope: net not found
2026-08-15 22:23:55.205 WARN   Wiring.write_wire_scope: net not found
2026-08-15 22:23:55.205 WARN   Wiring.write_wire_scope: net not found
2026-08-15 22:23:55.206 WARN   Wiring.write_wire_scope: net not found
2026-08-15 22:23:55.206 WARN   Wiring.write_wire_scope: net not found
2026-08-15 22:23:55.206 WARN   Wiring.write_wire_scope: net not found
2026-08-15 22:23:55.206 WARN   Wiring.write_wire_scope: net not found
2026-08-15 22:23:55.206 WARN   Wiring.write_wire_scope: net not found
2026-08-15 22:23:55.206 WARN   Wiring.write_wire_scope: net not found
2026-08-15 22:23:55.207 WARN   Wiring.write_wire_scope: net not found
2026-08-15 22:23:55.207 WARN   Wiring.write_wire_scope: net not found
2026-08-15 22:23:55.207 WARN   Wiring.write_wire_scope: net not found
2026-08-15 22:23:55.207 WARN   Wiring.write_wire_scope: net not found
2026-08-15 22:23:55.207 WARN   Wiring.write_wire_scope: net not found
2026-08-15 22:23:55.207 WARN   Wiring.write_wire_scope: net not found
2026-08-15 22:23:55.208 WARN   Wiring.write_wire_scope: net not found
2026-08-15 22:23:55.208 WARN   Wiring.write_wire_scope: net not found
2026-08-15 22:23:55.208 WARN   Wiring.write_wire_scope: net not found
2026-08-15 22:23:55.208 WARN   Wiring.write_wire_scope: net not found
2026-08-15 22:23:55.208 WARN   Wiring.write_wire_scope: net not found
2026-08-15 22:23:55.208 WARN   Wiring.write_wire_scope: net not found
2026-08-15 22:23:55.208 WARN   Wiring.write_wire_scope: net not found
2026-08-15 22:23:55.209 WARN   Wiring.write_wire_scope: net not found
2026-08-15 22:23:55.209 WARN   Wiring.write_wire_scope: net not found
2026-08-15 22:23:55.209 WARN   Wiring.write_wire_scope: net not found
2026-08-15 22:23:55.209 WARN   Wiring.write_wire_scope: net not found
2026-08-15 22:23:55.209 WARN   Wiring.write_wire_scope: net not found
2026-08-15 22:23:55.209 WARN   Wiring.write_wire_scope: net not found
2026-08-15 22:23:55.209 WARN   Wiring.write_wire_scope: net not found
2026-08-15 22:23:55.256 WARN   Wiring.write_wire_scope: net not found
2026-08-15 22:23:55.256 WARN   Wiring.write_wire_scope: net not found
2026-08-15 22:23:55.256 WARN   Wiring.write_wire_scope: net not found
2026-08-15 22:23:55.257 WARN   Wiring.write_wire_scope: net not found
2026-08-15 22:23:55.257 WARN   Wiring.write_wire_scope: net not found
2026-08-15 22:23:55.257 WARN   Wiring.write_wire_scope: net not found
2026-08-15 22:23:55.257 WARN   Wiring.write_wire_scope: net not found
2026-08-15 22:23:55.257 WARN   Wiring.write_wire_scope: net not found
2026-08-15 22:23:55.257 WARN   Wiring.write_wire_scope: net not found
2026-08-15 22:23:55.257 WARN   Wiring.write_wire_scope: net not found
2026-08-15 22:23:55.258 WARN   Wiring.write_wire_scope: net not found
2026-08-15 22:23:55.258 WARN   Wiring.write_wire_scope: net not found
2026-08-15 22:23:55.258 WARN   Wiring.write_wire_scope: net not found
2026-08-15 22:23:55.258 WARN   Wiring.write_wire_scope: net not found
2026-08-15 22:23:55.258 WARN   Wiring.write_wire_scope: net not found
2026-08-15 22:23:55.258 WARN   Wiring.write_wire_scope: net not found
2026-08-15 22:23:55.259 WARN   Wiring.write_wire_scope: net not found
2026-08-15 22:23:55.259 WARN   Wiring.write_wire_scope: net not found
2026-08-15 22:23:55.259 WARN   Wiring.write_wire_scope: net not found
2026-08-15 22:23:55.259 WARN   Wiring.write_wire_scope: net not found
2026-08-15 22:23:55.259 WARN   Wiring.write_wire_scope: net not found
2026-08-15 22:23:55.259 WARN   Wiring.write_wire_scope: net not found
2026-08-15 22:23:55.259 WARN   Wiring.write_wire_scope: net not found
2026-08-15 22:23:55.260 WARN   Wiring.write_wire_scope: net not found
2026-08-15 22:23:55.260 WARN   Wiring.write_wire_scope: net not found
2026-08-15 22:23:55.260 WARN   Wiring.write_wire_scope: net not found
2026-08-15 22:23:55.260 WARN   Wiring.write_wire_scope: net not found
2026-08-15 22:23:55.260 WARN   Wiring.write_wire_scope: net not found
2026-08-15 22:23:55.260 WARN   Wiring.write_wire_scope: net not found
2026-08-15 22:23:55.260 WARN   Wiring.write_wire_scope: net not found
2026-08-15 22:23:55.261 WARN   Wiring.write_wire_scope: net not found
2026-08-15 22:23:55.261 WARN   Wiring.write_wire_scope: net not found
2026-08-15 22:23:55.261 WARN   Wiring.write_wire_scope: net not found
2026-08-15 22:23:55.261 WARN   Wiring.write_wire_scope: net not found
2026-08-15 22:23:55.261 WARN   Wiring.write_wire_scope: net not found
2026-08-15 22:23:55.261 WARN   Wiring.write_wire_scope: net not found
2026-08-15 22:23:55.261 WARN   Wiring.write_wire_scope: net not found
2026-08-15 22:23:55.262 WARN   Wiring.write_wire_scope: net not found
2026-08-15 22:23:55.262 WARN   Wiring.write_wire_scope: net not found
2026-08-15 22:23:55.262 WARN   Wiring.write_wire_scope: net not found
2026-08-15 22:23:55.262 WARN   Wiring.write_wire_scope: net not found
2026-08-15 22:23:55.262 WARN   Wiring.write_wire_scope: net not found
2026-08-15 22:23:55.262 WARN   Wiring.write_wire_scope: net not found
2026-08-15 22:23:55.262 WARN   Wiring.write_wire_scope: net not found
2026-08-15 22:23:55.262 WARN   Wiring.write_wire_scope: net not found
2026-08-15 22:23:55.263 WARN   Wiring.write_wire_scope: net not found
2026-08-15 22:23:55.263 WARN   Wiring.write_wire_scope: net not found
2026-08-15 22:23:55.263 WARN   Wiring.write_wire_scope: net not found
2026-08-15 22:23:55.263 WARN   Wiring.write_wire_scope: net not found
2026-08-15 22:23:55.263 WARN   Wiring.write_wire_scope: net not found
2026-08-15 22:23:55.263 WARN   Wiring.write_wire_scope: net not found
2026-08-15 22:23:55.263 WARN   Wiring.write_wire_scope: net not found
2026-08-15 22:23:55.264 WARN   Wiring.write_wire_scope: net not found
2026-08-15 22:23:55.264 WARN   Wiring.write_wire_scope: net not found
2026-08-15 22:23:55.264 WARN   Wiring.write_wire_scope: net not found
2026-08-15 22:23:55.264 WARN   Wiring.write_wire_scope: net not found
2026-08-15 22:23:55.264 WARN   Wiring.write_wire_scope: net not found
2026-08-15 22:23:55.264 WARN   Wiring.write_wire_scope: net not found
2026-08-15 22:23:56.298 WARN   Wiring.write_wire_scope: net not found
2026-08-15 22:23:56.299 WARN   Wiring.write_wire_scope: net not found
2026-08-15 22:23:56.299 WARN   Wiring.write_wire_scope: net not found
2026-08-15 22:23:56.299 WARN   Wiring.write_wire_scope: net not found
2026-08-15 22:23:56.299 WARN   Wiring.write_wire_scope: net not found
2026-08-15 22:23:56.299 WARN   Wiring.write_wire_scope: net not found
2026-08-15 22:23:56.299 WARN   Wiring.write_wire_scope: net not found
2026-08-15 22:23:56.300 WARN   Wiring.write_wire_scope: net not found
2026-08-15 22:23:56.300 WARN   Wiring.write_wire_scope: net not found
2026-08-15 22:23:56.300 WARN   Wiring.write_wire_scope: net not found
2026-08-15 22:23:56.300 WARN   Wiring.write_wire_scope: net not found
2026-08-15 22:23:56.300 WARN   Wiring.write_wire_scope: net not found
2026-08-15 22:23:56.300 WARN   Wiring.write_wire_scope: net not found
2026-08-15 22:23:56.301 WARN   Wiring.write_wire_scope: net not found
2026-08-15 22:23:56.301 WARN   Wiring.write_wire_scope: net not found
2026-08-15 22:23:56.301 WARN   Wiring.write_wire_scope: net not found
2026-08-15 22:23:56.301 WARN   Wiring.write_wire_scope: net not found
2026-08-15 22:23:56.301 WARN   Wiring.write_wire_scope: net not found
2026-08-15 22:23:56.301 WARN   Wiring.write_wire_scope: net not found
2026-08-15 22:23:56.302 WARN   Wiring.write_wire_scope: net not found
2026-08-15 22:23:56.302 WARN   Wiring.write_wire_scope: net not found
2026-08-15 22:23:56.302 WARN   Wiring.write_wire_scope: net not found
2026-08-15 22:23:56.302 WARN   Wiring.write_wire_scope: net not found
2026-08-15 22:23:56.302 WARN   Wiring.write_wire_scope: net not found
2026-08-15 22:23:56.302 WARN   Wiring.write_wire_scope: net not found
2026-08-15 22:23:56.302 WARN   Wiring.write_wire_scope: net not found
2026-08-15 22:23:56.303 WARN   Wiring.write_wire_scope: net not found
2026-08-15 22:23:56.303 WARN   Wiring.write_wire_scope: net not found
2026-08-15 22:23:56.303 WARN   Wiring.write_wire_scope: net not found
2026-08-15 22:23:56.303 WARN   Wiring.write_wire_scope: net not found
2026-08-15 22:23:56.303 WARN   Wiring.write_wire_scope: net not found
2026-08-15 22:23:56.303 WARN   Wiring.write_wire_scope: net not found
2026-08-15 22:23:56.304 WARN   Wiring.write_wire_scope: net not found
2026-08-15 22:23:56.304 WARN   Wiring.write_wire_scope: net not found
2026-08-15 22:23:56.304 WARN   Wiring.write_wire_scope: net not found
2026-08-15 22:23:56.304 WARN   Wiring.write_wire_scope: net not found
2026-08-15 22:23:56.304 WARN   Wiring.write_wire_scope: net not found
2026-08-15 22:23:56.304 WARN   Wiring.write_wire_scope: net not found
2026-08-15 22:23:56.305 WARN   Wiring.write_wire_scope: net not found
2026-08-15 22:23:56.305 WARN   Wiring.write_wire_scope: net not found
2026-08-15 22:23:56.305 WARN   Wiring.write_wire_scope: net not found
2026-08-15 22:23:56.305 WARN   Wiring.write_wire_scope: net not found
2026-08-15 22:23:56.305 WARN   Wiring.write_wire_scope: net not found
2026-08-15 22:23:56.305 WARN   Wiring.write_wire_scope: net not found
2026-08-15 22:23:56.306 WARN   Wiring.write_wire_scope: net not found
2026-08-15 22:23:56.306 WARN   Wiring.write_wire_scope: net not found
2026-08-15 22:23:56.306 WARN   Wiring.write_wire_scope: net not found
2026-08-15 22:23:56.306 WARN   Wiring.write_wire_scope: net not found
2026-08-15 22:23:56.306 WARN   Wiring.write_wire_scope: net not found
2026-08-15 22:23:56.306 WARN   Wiring.write_wire_scope: net not found
2026-08-15 22:23:56.306 WARN   Wiring.write_wire_scope: net not found
2026-08-15 22:23:56.306 WARN   Wiring.write_wire_scope: net not found
2026-08-15 22:23:56.306 WARN   Wiring.write_wire_scope: net not found
2026-08-15 22:23:56.307 WARN   Wiring.write_wire_scope: net not found
2026-08-15 22:23:56.307 WARN   Wiring.write_wire_scope: net not found
2026-08-15 22:23:56.307 WARN   Wiring.write_wire_scope: net not found
2026-08-15 22:23:56.307 WARN   Wiring.write_wire_scope: net not found
2026-08-15 22:23:56.307 WARN   Wiring.write_wire_scope: net not found
2026-08-15 22:23:57.305 WARN   Wiring.write_wire_scope: net not found
2026-08-15 22:23:57.306 WARN   Wiring.write_wire_scope: net not found
2026-08-15 22:23:57.306 WARN   Wiring.write_wire_scope: net not found
2026-08-15 22:23:57.306 WARN   Wiring.write_wire_scope: net not found
2026-08-15 22:23:57.306 WARN   Wiring.write_wire_scope: net not found
2026-08-15 22:23:57.306 WARN   Wiring.write_wire_scope: net not found
2026-08-15 22:23:57.306 WARN   Wiring.write_wire_scope: net not found
2026-08-15 22:23:57.306 WARN   Wiring.write_wire_scope: net not found
2026-08-15 22:23:57.306 WARN   Wiring.write_wire_scope: net not found
2026-08-15 22:23:57.306 WARN   Wiring.write_wire_scope: net not found
2026-08-15 22:23:57.307 WARN   Wiring.write_wire_scope: net not found
2026-08-15 22:23:57.307 WARN   Wiring.write_wire_scope: net not found
2026-08-15 22:23:57.307 WARN   Wiring.write_wire_scope: net not found
2026-08-15 22:23:57.307 WARN   Wiring.write_wire_scope: net not found
2026-08-15 22:23:57.307 WARN   Wiring.write_wire_scope: net not found
2026-08-15 22:23:57.307 WARN   Wiring.write_wire_scope: net not found
2026-08-15 22:23:57.308 WARN   Wiring.write_wire_scope: net not found
2026-08-15 22:23:57.308 WARN   Wiring.write_wire_scope: net not found
2026-08-15 22:23:57.308 WARN   Wiring.write_wire_scope: net not found
2026-08-15 22:23:57.308 WARN   Wiring.write_wire_scope: net not found
2026-08-15 22:23:57.308 WARN   Wiring.write_wire_scope: net not found
2026-08-15 22:23:57.308 WARN   Wiring.write_wire_scope: net not found
2026-08-15 22:23:57.309 WARN   Wiring.write_wire_scope: net not found
2026-08-15 22:23:57.309 WARN   Wiring.write_wire_scope: net not found
2026-08-15 22:23:57.309 WARN   Wiring.write_wire_scope: net not found
2026-08-15 22:23:57.309 WARN   Wiring.write_wire_scope: net not found
2026-08-15 22:23:57.309 WARN   Wiring.write_wire_scope: net not found
2026-08-15 22:23:57.310 WARN   Wiring.write_wire_scope: net not found
2026-08-15 22:23:57.310 WARN   Wiring.write_wire_scope: net not found
2026-08-15 22:23:57.310 WARN   Wiring.write_wire_scope: net not found
2026-08-15 22:23:57.310 WARN   Wiring.write_wire_scope: net not found
2026-08-15 22:23:57.310 WARN   Wiring.write_wire_scope: net not found
2026-08-15 22:23:57.310 WARN   Wiring.write_wire_scope: net not found
2026-08-15 22:23:57.311 WARN   Wiring.write_wire_scope: net not found
2026-08-15 22:23:57.311 WARN   Wiring.write_wire_scope: net not found
2026-08-15 22:23:57.311 WARN   Wiring.write_wire_scope: net not found
2026-08-15 22:23:57.311 WARN   Wiring.write_wire_scope: net not found
2026-08-15 22:23:57.311 WARN   Wiring.write_wire_scope: net not found
2026-08-15 22:23:57.311 WARN   Wiring.write_wire_scope: net not found
2026-08-15 22:23:57.312 WARN   Wiring.write_wire_scope: net not found
2026-08-15 22:23:57.312 WARN   Wiring.write_wire_scope: net not found
2026-08-15 22:23:57.312 WARN   Wiring.write_wire_scope: net not found
2026-08-15 22:23:57.312 WARN   Wiring.write_wire_scope: net not found
2026-08-15 22:23:57.312 WARN   Wiring.write_wire_scope: net not found
2026-08-15 22:23:57.312 WARN   Wiring.write_wire_scope: net not found
2026-08-15 22:23:57.313 WARN   Wiring.write_wire_scope: net not found
2026-08-15 22:23:57.313 WARN   Wiring.write_wire_scope: net not found
2026-08-15 22:23:57.313 WARN   Wiring.write_wire_scope: net not found
2026-08-15 22:23:57.313 WARN   Wiring.write_wire_scope: net not found
2026-08-15 22:23:57.313 WARN   Wiring.write_wire_scope: net not found
2026-08-15 22:23:57.313 WARN   Wiring.write_wire_scope: net not found
2026-08-15 22:23:57.314 WARN   Wiring.write_wire_scope: net not found
2026-08-15 22:23:57.314 WARN   Wiring.write_wire_scope: net not found
2026-08-15 22:23:57.314 WARN   Wiring.write_wire_scope: net not found
2026-08-15 22:23:57.314 WARN   Wiring.write_wire_scope: net not found
2026-08-15 22:23:57.314 WARN   Wiring.write_wire_scope: net not found
2026-08-15 22:23:57.314 WARN   Wiring.write_wire_scope: net not found
2026-08-15 22:23:57.314 WARN   Wiring.write_wire_scope: net not found
2026-08-15 22:23:57.620 WARN   Wiring.write_wire_scope: net not found
2026-08-15 22:23:57.620 WARN   Wiring.write_wire_scope: net not found
2026-08-15 22:23:57.620 WARN   Wiring.write_wire_scope: net not found
2026-08-15 22:23:57.620 WARN   Wiring.write_wire_scope: net not found
2026-08-15 22:23:57.621 WARN   Wiring.write_wire_scope: net not found
2026-08-15 22:23:57.621 WARN   Wiring.write_wire_scope: net not found
2026-08-15 22:23:57.621 WARN   Wiring.write_wire_scope: net not found
2026-08-15 22:23:57.621 WARN   Wiring.write_wire_scope: net not found
2026-08-15 22:23:57.621 WARN   Wiring.write_wire_scope: net not found
2026-08-15 22:23:57.621 WARN   Wiring.write_wire_scope: net not found
2026-08-15 22:23:57.622 WARN   Wiring.write_wire_scope: net not found
2026-08-15 22:23:57.622 WARN   Wiring.write_wire_scope: net not found
2026-08-15 22:23:57.622 WARN   Wiring.write_wire_scope: net not found
2026-08-15 22:23:57.622 WARN   Wiring.write_wire_scope: net not found
2026-08-15 22:23:57.622 WARN   Wiring.write_wire_scope: net not found
2026-08-15 22:23:57.622 WARN   Wiring.write_wire_scope: net not found
2026-08-15 22:23:57.623 WARN   Wiring.write_wire_scope: net not found
2026-08-15 22:23:57.623 WARN   Wiring.write_wire_scope: net not found
2026-08-15 22:23:57.623 WARN   Wiring.write_wire_scope: net not found
2026-08-15 22:23:57.623 WARN   Wiring.write_wire_scope: net not found
2026-08-15 22:23:57.623 WARN   Wiring.write_wire_scope: net not found
2026-08-15 22:23:57.623 WARN   Wiring.write_wire_scope: net not found
2026-08-15 22:23:57.624 WARN   Wiring.write_wire_scope: net not found
2026-08-15 22:23:57.624 WARN   Wiring.write_wire_scope: net not found
2026-08-15 22:23:57.624 WARN   Wiring.write_wire_scope: net not found
2026-08-15 22:23:57.624 WARN   Wiring.write_wire_scope: net not found
2026-08-15 22:23:57.625 WARN   Wiring.write_wire_scope: net not found
2026-08-15 22:23:57.625 WARN   Wiring.write_wire_scope: net not found
2026-08-15 22:23:57.625 WARN   Wiring.write_wire_scope: net not found
2026-08-15 22:23:57.625 WARN   Wiring.write_wire_scope: net not found
2026-08-15 22:23:57.625 WARN   Wiring.write_wire_scope: net not found
2026-08-15 22:23:57.626 WARN   Wiring.write_wire_scope: net not found
2026-08-15 22:23:57.626 WARN   Wiring.write_wire_scope: net not found
2026-08-15 22:23:57.626 WARN   Wiring.write_wire_scope: net not found
2026-08-15 22:23:57.626 WARN   Wiring.write_wire_scope: net not found
2026-08-15 22:23:57.626 WARN   Wiring.write_wire_scope: net not found
2026-08-15 22:23:57.626 WARN   Wiring.write_wire_scope: net not found
2026-08-15 22:23:57.627 WARN   Wiring.write_wire_scope: net not found
2026-08-15 22:23:57.627 WARN   Wiring.write_wire_scope: net not found
2026-08-15 22:23:57.627 WARN   Wiring.write_wire_scope: net not found
2026-08-15 22:23:57.627 WARN   Wiring.write_wire_scope: net not found
2026-08-15 22:23:57.627 WARN   Wiring.write_wire_scope: net not found
2026-08-15 22:23:57.627 WARN   Wiring.write_wire_scope: net not found
2026-08-15 22:23:57.628 WARN   Wiring.write_wire_scope: net not found
2026-08-15 22:23:57.628 WARN   Wiring.write_wire_scope: net not found
2026-08-15 22:23:57.628 WARN   Wiring.write_wire_scope: net not found
2026-08-15 22:23:57.628 WARN   Wiring.write_wire_scope: net not found
2026-08-15 22:23:57.628 WARN   Wiring.write_wire_scope: net not found
2026-08-15 22:23:57.628 WARN   Wiring.write_wire_scope: net not found
2026-08-15 22:23:57.628 WARN   Wiring.write_wire_scope: net not found
2026-08-15 22:23:57.629 WARN   Wiring.write_wire_scope: net not found
2026-08-15 22:23:57.629 WARN   Wiring.write_wire_scope: net not found
2026-08-15 22:23:57.629 WARN   Wiring.write_wire_scope: net not found
2026-08-15 22:23:57.629 WARN   Wiring.write_wire_scope: net not found
2026-08-15 22:23:57.629 WARN   Wiring.write_wire_scope: net not found
2026-08-15 22:23:57.629 WARN   Wiring.write_wire_scope: net not found
2026-08-15 22:23:57.629 WARN   Wiring.write_wire_scope: net not found
2026-08-15 22:23:57.630 WARN   Wiring.write_wire_scope: net not found
2026-08-15 22:23:57.637 INFO   [3604CB\853608] Fanout pass #10 on board '9087e28250bfbd742b6cf2611d02dfdf' completed in 2.44 seconds with 4 SMD pins fanouted, 131 not routed, 0 insert errors, +0 extra vias (0 SMD pins still to check in pass, ripup costs=1000).
2026-08-15 22:23:57.716 WARN   Wiring.write_wire_scope: net not found
2026-08-15 22:23:57.716 WARN   Wiring.write_wire_scope: net not found
2026-08-15 22:23:57.716 WARN   Wiring.write_wire_scope: net not found
2026-08-15 22:23:57.717 WARN   Wiring.write_wire_scope: net not found
2026-08-15 22:23:57.717 WARN   Wiring.write_wire_scope: net not found
2026-08-15 22:23:57.717 WARN   Wiring.write_wire_scope: net not found
2026-08-15 22:23:57.717 WARN   Wiring.write_wire_scope: net not found
2026-08-15 22:23:57.717 WARN   Wiring.write_wire_scope: net not found
2026-08-15 22:23:57.717 WARN   Wiring.write_wire_scope: net not found
2026-08-15 22:23:57.717 WARN   Wiring.write_wire_scope: net not found
2026-08-15 22:23:57.718 WARN   Wiring.write_wire_scope: net not found
2026-08-15 22:23:57.718 WARN   Wiring.write_wire_scope: net not found
2026-08-15 22:23:57.718 WARN   Wiring.write_wire_scope: net not found
2026-08-15 22:23:57.718 WARN   Wiring.write_wire_scope: net not found
2026-08-15 22:23:57.718 WARN   Wiring.write_wire_scope: net not found
2026-08-15 22:23:57.718 WARN   Wiring.write_wire_scope: net not found
2026-08-15 22:23:57.719 WARN   Wiring.write_wire_scope: net not found
2026-08-15 22:23:57.719 WARN   Wiring.write_wire_scope: net not found
2026-08-15 22:23:57.719 WARN   Wiring.write_wire_scope: net not found
2026-08-15 22:23:57.719 WARN   Wiring.write_wire_scope: net not found
2026-08-15 22:23:57.719 WARN   Wiring.write_wire_scope: net not found
2026-08-15 22:23:57.719 WARN   Wiring.write_wire_scope: net not found
2026-08-15 22:23:57.719 WARN   Wiring.write_wire_scope: net not found
2026-08-15 22:23:57.720 WARN   Wiring.write_wire_scope: net not found
2026-08-15 22:23:57.720 WARN   Wiring.write_wire_scope: net not found
2026-08-15 22:23:57.720 WARN   Wiring.write_wire_scope: net not found
2026-08-15 22:23:57.720 WARN   Wiring.write_wire_scope: net not found
2026-08-15 22:23:57.720 WARN   Wiring.write_wire_scope: net not found
2026-08-15 22:23:57.720 WARN   Wiring.write_wire_scope: net not found
2026-08-15 22:23:57.721 WARN   Wiring.write_wire_scope: net not found
2026-08-15 22:23:57.721 WARN   Wiring.write_wire_scope: net not found
2026-08-15 22:23:57.721 WARN   Wiring.write_wire_scope: net not found
2026-08-15 22:23:57.721 WARN   Wiring.write_wire_scope: net not found
2026-08-15 22:23:57.721 WARN   Wiring.write_wire_scope: net not found
2026-08-15 22:23:57.721 WARN   Wiring.write_wire_scope: net not found
2026-08-15 22:23:57.721 WARN   Wiring.write_wire_scope: net not found
2026-08-15 22:23:57.722 WARN   Wiring.write_wire_scope: net not found
2026-08-15 22:23:57.722 WARN   Wiring.write_wire_scope: net not found
2026-08-15 22:23:57.722 WARN   Wiring.write_wire_scope: net not found
2026-08-15 22:23:57.722 WARN   Wiring.write_wire_scope: net not found
2026-08-15 22:23:57.722 WARN   Wiring.write_wire_scope: net not found
2026-08-15 22:23:57.722 WARN   Wiring.write_wire_scope: net not found
2026-08-15 22:23:57.722 WARN   Wiring.write_wire_scope: net not found
2026-08-15 22:23:57.723 WARN   Wiring.write_wire_scope: net not found
2026-08-15 22:23:57.723 WARN   Wiring.write_wire_scope: net not found
2026-08-15 22:23:57.723 WARN   Wiring.write_wire_scope: net not found
2026-08-15 22:23:57.723 WARN   Wiring.write_wire_scope: net not found
2026-08-15 22:23:57.723 WARN   Wiring.write_wire_scope: net not found
2026-08-15 22:23:57.723 WARN   Wiring.write_wire_scope: net not found
2026-08-15 22:23:57.724 WARN   Wiring.write_wire_scope: net not found
2026-08-15 22:23:57.724 WARN   Wiring.write_wire_scope: net not found
2026-08-15 22:23:57.724 WARN   Wiring.write_wire_scope: net not found
2026-08-15 22:23:57.724 WARN   Wiring.write_wire_scope: net not found
2026-08-15 22:23:57.724 WARN   Wiring.write_wire_scope: net not found
2026-08-15 22:23:57.724 WARN   Wiring.write_wire_scope: net not found
2026-08-15 22:23:57.725 WARN   Wiring.write_wire_scope: net not found
2026-08-15 22:23:57.725 WARN   Wiring.write_wire_scope: net not found
2026-08-15 22:23:57.725 WARN   Wiring.write_wire_scope: net not found
2026-08-15 22:23:57.766 WARN   Wiring.write_wire_scope: net not found
2026-08-15 22:23:57.766 WARN   Wiring.write_wire_scope: net not found
2026-08-15 22:23:57.766 WARN   Wiring.write_wire_scope: net not found
2026-08-15 22:23:57.766 WARN   Wiring.write_wire_scope: net not found
2026-08-15 22:23:57.767 WARN   Wiring.write_wire_scope: net not found
2026-08-15 22:23:57.767 WARN   Wiring.write_wire_scope: net not found
2026-08-15 22:23:57.767 WARN   Wiring.write_wire_scope: net not found
2026-08-15 22:23:57.767 WARN   Wiring.write_wire_scope: net not found
2026-08-15 22:23:57.767 WARN   Wiring.write_wire_scope: net not found
2026-08-15 22:23:57.767 WARN   Wiring.write_wire_scope: net not found
2026-08-15 22:23:57.768 WARN   Wiring.write_wire_scope: net not found
2026-08-15 22:23:57.768 WARN   Wiring.write_wire_scope: net not found
2026-08-15 22:23:57.768 WARN   Wiring.write_wire_scope: net not found
2026-08-15 22:23:57.768 WARN   Wiring.write_wire_scope: net not found
2026-08-15 22:23:57.768 WARN   Wiring.write_wire_scope: net not found
2026-08-15 22:23:57.768 WARN   Wiring.write_wire_scope: net not found
2026-08-15 22:23:57.769 WARN   Wiring.write_wire_scope: net not found
2026-08-15 22:23:57.769 WARN   Wiring.write_wire_scope: net not found
2026-08-15 22:23:57.769 WARN   Wiring.write_wire_scope: net not found
2026-08-15 22:23:57.769 WARN   Wiring.write_wire_scope: net not found
2026-08-15 22:23:57.769 WARN   Wiring.write_wire_scope: net not found
2026-08-15 22:23:57.769 WARN   Wiring.write_wire_scope: net not found
2026-08-15 22:23:57.769 WARN   Wiring.write_wire_scope: net not found
2026-08-15 22:23:57.770 WARN   Wiring.write_wire_scope: net not found
2026-08-15 22:23:57.770 WARN   Wiring.write_wire_scope: net not found
2026-08-15 22:23:57.770 WARN   Wiring.write_wire_scope: net not found
2026-08-15 22:23:57.770 WARN   Wiring.write_wire_scope: net not found
2026-08-15 22:23:57.770 WARN   Wiring.write_wire_scope: net not found
2026-08-15 22:23:57.770 WARN   Wiring.write_wire_scope: net not found
2026-08-15 22:23:57.771 WARN   Wiring.write_wire_scope: net not found
2026-08-15 22:23:57.771 WARN   Wiring.write_wire_scope: net not found
2026-08-15 22:23:57.771 WARN   Wiring.write_wire_scope: net not found
2026-08-15 22:23:57.771 WARN   Wiring.write_wire_scope: net not found
2026-08-15 22:23:57.771 WARN   Wiring.write_wire_scope: net not found
2026-08-15 22:23:57.771 WARN   Wiring.write_wire_scope: net not found
2026-08-15 22:23:57.772 WARN   Wiring.write_wire_scope: net not found
2026-08-15 22:23:57.772 WARN   Wiring.write_wire_scope: net not found
2026-08-15 22:23:57.772 WARN   Wiring.write_wire_scope: net not found
2026-08-15 22:23:57.772 WARN   Wiring.write_wire_scope: net not found
2026-08-15 22:23:57.772 WARN   Wiring.write_wire_scope: net not found
2026-08-15 22:23:57.772 WARN   Wiring.write_wire_scope: net not found
2026-08-15 22:23:57.772 WARN   Wiring.write_wire_scope: net not found
2026-08-15 22:23:57.773 WARN   Wiring.write_wire_scope: net not found
2026-08-15 22:23:57.773 WARN   Wiring.write_wire_scope: net not found
2026-08-15 22:23:57.773 WARN   Wiring.write_wire_scope: net not found
2026-08-15 22:23:57.773 WARN   Wiring.write_wire_scope: net not found
2026-08-15 22:23:57.773 WARN   Wiring.write_wire_scope: net not found
2026-08-15 22:23:57.774 WARN   Wiring.write_wire_scope: net not found
2026-08-15 22:23:57.774 WARN   Wiring.write_wire_scope: net not found
2026-08-15 22:23:57.774 WARN   Wiring.write_wire_scope: net not found
2026-08-15 22:23:57.774 WARN   Wiring.write_wire_scope: net not found
2026-08-15 22:23:57.774 WARN   Wiring.write_wire_scope: net not found
2026-08-15 22:23:57.774 WARN   Wiring.write_wire_scope: net not found
2026-08-15 22:23:57.774 WARN   Wiring.write_wire_scope: net not found
2026-08-15 22:23:57.775 WARN   Wiring.write_wire_scope: net not found
2026-08-15 22:23:57.775 WARN   Wiring.write_wire_scope: net not found
2026-08-15 22:23:57.775 WARN   Wiring.write_wire_scope: net not found
2026-08-15 22:23:57.775 WARN   Wiring.write_wire_scope: net not found
2026-08-15 22:23:58.810 WARN   Wiring.write_wire_scope: net not found
2026-08-15 22:23:58.811 WARN   Wiring.write_wire_scope: net not found
2026-08-15 22:23:58.811 WARN   Wiring.write_wire_scope: net not found
2026-08-15 22:23:58.811 WARN   Wiring.write_wire_scope: net not found
2026-08-15 22:23:58.812 WARN   Wiring.write_wire_scope: net not found
2026-08-15 22:23:58.812 WARN   Wiring.write_wire_scope: net not found
2026-08-15 22:23:58.812 WARN   Wiring.write_wire_scope: net not found
2026-08-15 22:23:58.812 WARN   Wiring.write_wire_scope: net not found
2026-08-15 22:23:58.812 WARN   Wiring.write_wire_scope: net not found
2026-08-15 22:23:58.812 WARN   Wiring.write_wire_scope: net not found
2026-08-15 22:23:58.813 WARN   Wiring.write_wire_scope: net not found
2026-08-15 22:23:58.813 WARN   Wiring.write_wire_scope: net not found
2026-08-15 22:23:58.813 WARN   Wiring.write_wire_scope: net not found
2026-08-15 22:23:58.813 WARN   Wiring.write_wire_scope: net not found
2026-08-15 22:23:58.813 WARN   Wiring.write_wire_scope: net not found
2026-08-15 22:23:58.813 WARN   Wiring.write_wire_scope: net not found
2026-08-15 22:23:58.814 WARN   Wiring.write_wire_scope: net not found
2026-08-15 22:23:58.814 WARN   Wiring.write_wire_scope: net not found
2026-08-15 22:23:58.814 WARN   Wiring.write_wire_scope: net not found
2026-08-15 22:23:58.814 WARN   Wiring.write_wire_scope: net not found
2026-08-15 22:23:58.814 WARN   Wiring.write_wire_scope: net not found
2026-08-15 22:23:58.814 WARN   Wiring.write_wire_scope: net not found
2026-08-15 22:23:58.815 WARN   Wiring.write_wire_scope: net not found
2026-08-15 22:23:58.815 WARN   Wiring.write_wire_scope: net not found
2026-08-15 22:23:58.815 WARN   Wiring.write_wire_scope: net not found
2026-08-15 22:23:58.815 WARN   Wiring.write_wire_scope: net not found
2026-08-15 22:23:58.815 WARN   Wiring.write_wire_scope: net not found
2026-08-15 22:23:58.815 WARN   Wiring.write_wire_scope: net not found
2026-08-15 22:23:58.815 WARN   Wiring.write_wire_scope: net not found
2026-08-15 22:23:58.816 WARN   Wiring.write_wire_scope: net not found
2026-08-15 22:23:58.816 WARN   Wiring.write_wire_scope: net not found
2026-08-15 22:23:58.816 WARN   Wiring.write_wire_scope: net not found
2026-08-15 22:23:58.816 WARN   Wiring.write_wire_scope: net not found
2026-08-15 22:23:58.816 WARN   Wiring.write_wire_scope: net not found
2026-08-15 22:23:58.817 WARN   Wiring.write_wire_scope: net not found
2026-08-15 22:23:58.817 WARN   Wiring.write_wire_scope: net not found
2026-08-15 22:23:58.817 WARN   Wiring.write_wire_scope: net not found
2026-08-15 22:23:58.817 WARN   Wiring.write_wire_scope: net not found
2026-08-15 22:23:58.817 WARN   Wiring.write_wire_scope: net not found
2026-08-15 22:23:58.817 WARN   Wiring.write_wire_scope: net not found
2026-08-15 22:23:58.817 WARN   Wiring.write_wire_scope: net not found
2026-08-15 22:23:58.818 WARN   Wiring.write_wire_scope: net not found
2026-08-15 22:23:58.818 WARN   Wiring.write_wire_scope: net not found
2026-08-15 22:23:58.818 WARN   Wiring.write_wire_scope: net not found
2026-08-15 22:23:58.818 WARN   Wiring.write_wire_scope: net not found
2026-08-15 22:23:58.818 WARN   Wiring.write_wire_scope: net not found
2026-08-15 22:23:58.819 WARN   Wiring.write_wire_scope: net not found
2026-08-15 22:23:58.819 WARN   Wiring.write_wire_scope: net not found
2026-08-15 22:23:58.819 WARN   Wiring.write_wire_scope: net not found
2026-08-15 22:23:58.819 WARN   Wiring.write_wire_scope: net not found
2026-08-15 22:23:58.819 WARN   Wiring.write_wire_scope: net not found
2026-08-15 22:23:58.819 WARN   Wiring.write_wire_scope: net not found
2026-08-15 22:23:58.820 WARN   Wiring.write_wire_scope: net not found
2026-08-15 22:23:58.820 WARN   Wiring.write_wire_scope: net not found
2026-08-15 22:23:58.820 WARN   Wiring.write_wire_scope: net not found
2026-08-15 22:23:58.820 WARN   Wiring.write_wire_scope: net not found
2026-08-15 22:23:58.820 WARN   Wiring.write_wire_scope: net not found
2026-08-15 22:23:58.820 WARN   Wiring.write_wire_scope: net not found
