2026-08-15 20:21:15.837 INFO   Freerouting v2.3.0 (build-date: 2026-08-07)
2026-08-15 20:21:15.841 DEBUG  [startup] user-data path : C:\Users\jfran\Documents\GitHub\H.265-SVRT\design\electrical\pcb-hmd-carrier-board\output\production-audit\freerouting-run-ground-detached  (source: CLI argument --user_data_path)
2026-08-15 20:21:15.841 DEBUG  [startup] log file       : C:\Users\jfran\Documents\GitHub\H.265-SVRT\design\electrical\pcb-hmd-carrier-board\output\production-audit\freerouting-run-ground-detached\freerouting.log
2026-08-15 20:21:15.843 DEBUG  No freerouting.json found at 'C:\Users\jfran\Documents\GitHub\H.265-SVRT\design\electrical\pcb-hmd-carrier-board\output\production-audit\freerouting-run-ground-detached\freerouting.json' — will create one with default settings.
2026-08-15 20:21:15.891 DEBUG  Default settings saved to 'C:\Users\jfran\Documents\GitHub\H.265-SVRT\design\electrical\pcb-hmd-carrier-board\output\production-audit\freerouting-run-ground-detached\freerouting.json'.
2026-08-15 20:21:15.892 DEBUG  Version: 2.3.0,2026-08-07
2026-08-15 20:21:15.892 DEBUG  Command line arguments: '-de C:\Users\jfran\Documents\GitHub\H.265-SVRT\design\electrical\pcb-hmd-carrier-board\output\production-audit\pcb-hmd-carrier-board2-routing-copy.dsn -do C:\Users\jfran\Documents\GitHub\H.265-SVRT\design\electrical\pcb-hmd-carrier-board\output\production-audit\pcb-hmd-carrier-board2.ses -mp 1 -mt 0 --router.fanout.enabled=false --router.optimizer.enabled=false --router.layers.routable=true,false,true,true,false,true --router.layers.preferred_direction_horizontal=true,false,false,true,false,true --api_server.enabled=false --gui.enabled=false --logging.console.level=INFO --user_data_path=C:\Users\jfran\Documents\GitHub\H.265-SVRT\design\electrical\pcb-hmd-carrier-board\output\production-audit\freerouting-run-ground-detached -l en'
2026-08-15 20:21:15.893 DEBUG  Architecture: Windows 11,amd64,10.0
2026-08-15 20:21:15.893 DEBUG  Java: 25.0.4,Eclipse Adoptium
2026-08-15 20:21:15.893 DEBUG  System Language: fr,fr_FR
2026-08-15 20:21:15.893 DEBUG  Hardware: 12 CPU cores,12288 MB RAM
2026-08-15 20:21:15.894 DEBUG  UTC Time: 2026-08-15T18:21:15.892541600Z
2026-08-15 20:21:15.896 DEBUG  GUI Language: en
2026-08-15 20:21:15.896 DEBUG  Host: N/A
2026-08-15 20:21:16.947 DEBUG  Loaded router settings from: C:\Users\jfran\Documents\GitHub\H.265-SVRT\design\electrical\pcb-hmd-carrier-board\output\production-audit\freerouting-run-ground-detached\freerouting.json
2026-08-15 20:21:16.948 DEBUG  Applied CLI router setting: router.max_passes = 1
2026-08-15 20:21:16.948 DEBUG  Applied CLI router setting: router.max_threads = 0
2026-08-15 20:21:16.948 DEBUG  Applied CLI router setting: router.fanout.enabled = false
2026-08-15 20:21:16.948 DEBUG  Applied CLI router setting: router.optimizer.enabled = false
2026-08-15 20:21:16.948 DEBUG  Applied CLI router setting: router.layers.routable = true,false,true,true,false,true
2026-08-15 20:21:16.948 DEBUG  Applied CLI router setting: router.layers.preferred_direction_horizontal = true,false,false,true,false,true
2026-08-15 20:21:16.948 DEBUG  Applied CLI router setting: router.enabled = true (implicit from -de/-do batch mode)
2026-08-15 20:21:16.949 DEBUG  No router settings found in environment variables
2026-08-15 20:21:17.015 DEBUG  Set DEFAULT clearance (all layers): 1500 (0.0375 mm) from DSN value 150.0
2026-08-15 20:21:17.021 DEBUG  Set clearance (all layers): smd_smd = 375 (0.009375 mm), classes [2,2]
2026-08-15 20:21:17.023 DEBUG  Set default trace width (all layers): DSN=150.0 → board=1500 (0.0375 mm)
2026-08-15 20:21:17.097 DEBUG  Loaded router settings from DSN file: pcb-hmd-carrier-board2-routing-copy.dsn (6 layers)
2026-08-15 20:21:17.107 DEBUG  Set DEFAULT clearance (all layers): 1500 (0.0375 mm) from DSN value 150.0
2026-08-15 20:21:17.107 DEBUG  Set clearance (all layers): smd_smd = 375 (0.009375 mm), classes [2,2]
2026-08-15 20:21:17.108 DEBUG  Set default trace width (all layers): DSN=150.0 → board=1500 (0.0375 mm)
2026-08-15 20:21:17.136 DEBUG  Loaded router settings from DSN file: pcb-hmd-carrier-board2-routing-copy.dsn (6 layers)
2026-08-15 20:21:17.137 DEBUG  Merging settings from 5 sources:
2026-08-15 20:21:17.138 DEBUG    - Default Settings (priority 0): base settings
2026-08-15 20:21:17.139 DEBUG    - freerouting.json (priority 10): 0 fields changed
2026-08-15 20:21:17.140 DEBUG    - DSN file: pcb-hmd-carrier-board2-routing-copy.dsn (priority 20): 8 fields changed
2026-08-15 20:21:17.140 DEBUG    - Environment Variables (priority 55): 0 fields changed
2026-08-15 20:21:17.140 DEBUG    - CLI Arguments (priority 60): 10 fields changed
2026-08-15 20:21:17.140 DEBUG  Settings merged successfully from 5 source(s)
2026-08-15 20:21:17.262 DEBUG  No new version available. Current version is up to date: v2.3.0
2026-08-15 20:21:17.353 INFO   [AAADA8\145C8B] Loading board file 'pcb-hmd-carrier-board2-routing-copy.dsn'...
2026-08-15 20:21:17.360 DEBUG  Set DEFAULT clearance (all layers): 1500 (0.0375 mm) from DSN value 150.0
2026-08-15 20:21:17.361 DEBUG  Set clearance (all layers): smd_smd = 375 (0.009375 mm), classes [2,2]
2026-08-15 20:21:17.361 DEBUG  Set default trace width (all layers): DSN=150.0 → board=1500 (0.0375 mm)
2026-08-15 20:21:17.571 DEBUG  applyBoardSpecificOptimizations changed parameters:
  Layer 0: bendCost: null -> 0.0; preferredDirectionTraceCost: 1.0 -> 2.2; undesiredDirectionTraceCost: 1.0 -> 5.1000000000000005;
  Layer 1: bendCost: null -> 0.0; undesiredDirectionTraceCost: 1.0 -> 1.3;
  Layer 2: bendCost: null -> 0.0; undesiredDirectionTraceCost: 1.0 -> 3.9000000000000004;
  Layer 3: bendCost: null -> 0.0; undesiredDirectionTraceCost: 1.0 -> 1.3;
  Layer 4: bendCost: null -> 0.0; undesiredDirectionTraceCost: 1.0 -> 3.9000000000000004;
  Layer 5: bendCost: null -> 0.0; preferredDirectionTraceCost: 1.0 -> 2.2; undesiredDirectionTraceCost: 1.0 -> 2.5;
2026-08-15 20:21:17.586 DEBUG  Applied copper-to-edge clearance override: 500.0 um (5000 board units).
2026-08-15 20:21:17.594 DEBUG  Set DEFAULT clearance (all layers): 1500 (0.0375 mm) from DSN value 150.0
2026-08-15 20:21:17.594 DEBUG  Set clearance (all layers): smd_smd = 375 (0.009375 mm), classes [2,2]
2026-08-15 20:21:17.594 DEBUG  Set default trace width (all layers): DSN=150.0 → board=1500 (0.0375 mm)
2026-08-15 20:21:17.611 DEBUG  Loaded router settings from DSN file: pcb-hmd-carrier-board2-routing-copy.dsn (6 layers)
2026-08-15 20:21:17.612 DEBUG  Merging settings from 6 sources:
2026-08-15 20:21:17.612 DEBUG    - Default Settings (priority 0): base settings
2026-08-15 20:21:17.612 DEBUG    - freerouting.json (priority 10): 0 fields changed
2026-08-15 20:21:17.612 DEBUG    - DSN file: pcb-hmd-carrier-board2-routing-copy.dsn (priority 20): 8 fields changed
2026-08-15 20:21:17.612 DEBUG    - Environment Variables (priority 55): 0 fields changed
2026-08-15 20:21:17.613 DEBUG    - CLI Arguments (priority 60): 10 fields changed
2026-08-15 20:21:17.613 DEBUG    - API Settings (priority 70): 28 fields changed
2026-08-15 20:21:17.613 DEBUG  Settings merged successfully from 6 source(s)
2026-08-15 20:21:17.613 DEBUG  applyBoardSpecificOptimizations changed parameters:
  Layer 0: preferredDirectionTraceCost: 1.0 -> 2.2; undesiredDirectionTraceCost: 1.0 -> 5.1000000000000005;
  Layer 1: undesiredDirectionTraceCost: 1.0 -> 1.3;
  Layer 2: undesiredDirectionTraceCost: 1.0 -> 3.9000000000000004;
  Layer 3: undesiredDirectionTraceCost: 1.0 -> 1.3;
  Layer 4: undesiredDirectionTraceCost: 1.0 -> 3.9000000000000004;
  Layer 5: preferredDirectionTraceCost: 1.0 -> 2.2; undesiredDirectionTraceCost: 1.0 -> 2.5;
2026-08-15 20:21:17.616 INFO   [AAADA8\145C8B] Job 'AAADA8\145C8B' started at 2026-08-15T18:21:17.616613200Z.
2026-08-15 20:21:17.767 DEBUG  [AAADA8\145C8B] Checking fanout pre-pass. settings.fanout.enabled=false, smd_pins=1581
2026-08-15 20:21:17.827 INFO   [AAADA8\145C8B] Auto-routing stage started on board 'aee6a0691c539fbb2a0a88b34d2aa71b' for 606 unrouted items.
2026-08-15 20:21:23.416 DEBUG  Queuing item for routing: Via on net 'nPI_LED_PWR' (connected: 3/12)
2026-08-15 20:21:23.417 DEBUG  Queuing item for routing: Via on net 'nPI_LED_PWR' (connected: 9/12)
2026-08-15 20:21:23.418 DEBUG  Queuing item for routing: Via on net '+3V3' (connected: 12/60)
2026-08-15 20:21:23.429 DEBUG  Queuing item for routing: PolylineTrace on net 'GND' (connected: 14/26)
2026-08-15 20:21:23.430 DEBUG  Queuing item for routing: Pin on net 'SW_5V' (connected: 1/5)
2026-08-15 20:21:23.430 DEBUG  Queuing item for routing: Pin on net 'SW_5V' (connected: 1/5)
2026-08-15 20:21:23.430 DEBUG  Queuing item for routing: Pin on net 'VCC_5V' (connected: 1/3)
2026-08-15 20:21:23.431 DEBUG  Queuing item for routing: Pin on net 'MODE_5V' (connected: 1/3)
2026-08-15 20:21:23.431 DEBUG  Queuing item for routing: Pin on net 'FB_5V' (connected: 1/4)
2026-08-15 20:21:23.431 DEBUG  Queuing item for routing: Pin on net 'VBAT_SYS' (connected: 1/14)
2026-08-15 20:21:23.431 DEBUG  Queuing item for routing: Pin on net 'PGOOD_5V' (connected: 1/2)
2026-08-15 20:21:23.431 DEBUG  Queuing item for routing: Pin on net 'SW_5V' (connected: 1/5)
2026-08-15 20:21:23.431 DEBUG  Queuing item for routing: Pin on net 'VBAT_SYS' (connected: 1/14)
2026-08-15 20:21:23.432 DEBUG  Queuing item for routing: Pin on net 'VBAT_SYS' (connected: 1/14)
2026-08-15 20:21:23.432 DEBUG  Queuing item for routing: Pin on net 'VBAT_SYS' (connected: 1/14)
2026-08-15 20:21:23.432 DEBUG  Queuing item for routing: Pin on net 'VBAT_SYS' (connected: 1/14)
2026-08-15 20:21:23.432 DEBUG  Queuing item for routing: Pin on net 'BST_5V' (connected: 1/2)
2026-08-15 20:21:23.432 DEBUG  Queuing item for routing: Pin on net 'USB1V05_FB' (connected: 1/4)
2026-08-15 20:21:23.432 DEBUG  Queuing item for routing: Pin on net '+1V05_USB' (connected: 1/20)
2026-08-15 20:21:23.432 DEBUG  Queuing item for routing: Pin on net 'LDO_3V3' (connected: 1/8)
2026-08-15 20:21:23.432 DEBUG  Queuing item for routing: Pin on net 'I2Ct_SCL' (connected: 1/3)
2026-08-15 20:21:23.432 DEBUG  Queuing item for routing: Pin on net 'I2Ct_SDA' (connected: 1/3)
2026-08-15 20:21:23.433 DEBUG  Queuing item for routing: Pin on net 'I2C_SCL' (connected: 1/8)
2026-08-15 20:21:23.433 DEBUG  Queuing item for routing: Pin on net 'I2C_SDA' (connected: 1/8)
2026-08-15 20:21:23.433 DEBUG  Queuing item for routing: Pin on net 'DISPLAY_I2C_SDA_1V8' (connected: 1/7)
2026-08-15 20:21:23.433 DEBUG  Queuing item for routing: Pin on net 'DISPLAY_I2C_SCL_1V8' (connected: 1/7)
2026-08-15 20:21:23.433 DEBUG  Queuing item for routing: Pin on net 'DISPLAY_1V8' (connected: 1/28)
2026-08-15 20:21:23.433 DEBUG  Queuing item for routing: Pin on net 'DISPLAY_1V8' (connected: 1/28)
2026-08-15 20:21:23.433 DEBUG  Queuing item for routing: Pin on net '+3V3' (connected: 1/60)
2026-08-15 20:21:23.433 DEBUG  Queuing item for routing: Pin on net '+1V05_USB' (connected: 1/20)
2026-08-15 20:21:23.433 DEBUG  Queuing item for routing: Pin on net 'USB1V05_SW' (connected: 1/2)
2026-08-15 20:21:23.434 DEBUG  Queuing item for routing: Pin on net 'RUN_PG' (connected: 1/2)
2026-08-15 20:21:23.434 DEBUG  Queuing item for routing: Pin on net 'CM4_EXT_RESET_N' (connected: 1/2)
2026-08-15 20:21:23.434 DEBUG  Queuing item for routing: Pin on net 'EMMC_BOOT_N' (connected: 1/2)
2026-08-15 20:21:23.434 DEBUG  Queuing item for routing: Pin on net 'UART_RX' (connected: 1/2)
2026-08-15 20:21:23.434 DEBUG  Queuing item for routing: Pin on net 'UART_TX' (connected: 1/2)
2026-08-15 20:21:23.434 DEBUG  Queuing item for routing: Pin on net 'I2C_SCL' (connected: 1/8)
2026-08-15 20:21:23.434 DEBUG  Queuing item for routing: Pin on net 'I2C_SDA' (connected: 1/8)
2026-08-15 20:21:23.434 DEBUG  Queuing item for routing: Pin on net '+3V3' (connected: 1/60)
2026-08-15 20:21:23.434 DEBUG  Queuing item for routing: Pin on net '+5V_SYS' (connected: 1/34)
2026-08-15 20:21:23.434 DEBUG  Queuing item for routing: Pin on net '+5V_SYS' (connected: 1/34)
2026-08-15 20:21:23.435 DEBUG  Queuing item for routing: Pin on net 'WLED_COMP' (connected: 1/2)
2026-08-15 20:21:23.435 DEBUG  Queuing item for routing: Pin on net 'WLED_SW' (connected: 1/4)
2026-08-15 20:21:23.435 DEBUG  Queuing item for routing: Pin on net 'WLED_SW' (connected: 1/4)
2026-08-15 20:21:23.435 DEBUG  Queuing item for routing: Pin on net 'WLED_OVP' (connected: 1/3)
2026-08-15 20:21:23.435 DEBUG  Queuing item for routing: Pin on net 'L_LED1_N' (connected: 1/2)
2026-08-15 20:21:23.435 DEBUG  Queuing item for routing: Pin on net 'L_LED2_N' (connected: 1/2)
2026-08-15 20:21:23.435 DEBUG  Queuing item for routing: Pin on net 'L_LED3_N' (connected: 1/2)
2026-08-15 20:21:23.435 DEBUG  Queuing item for routing: Pin on net 'R_LED1_N' (connected: 1/2)
2026-08-15 20:21:23.436 DEBUG  Queuing item for routing: Pin on net 'WLED_ISET' (connected: 1/2)
2026-08-15 20:21:23.436 DEBUG  Queuing item for routing: Pin on net 'R_LED2_N' (connected: 1/2)
2026-08-15 20:21:23.436 DEBUG  Queuing item for routing: Pin on net 'R_LED3_N' (connected: 1/2)
2026-08-15 20:21:23.436 DEBUG  Queuing item for routing: Pin on net 'BL_PWM' (connected: 1/5)
2026-08-15 20:21:23.436 DEBUG  Queuing item for routing: Pin on net 'WLED_FREQ' (connected: 1/2)
2026-08-15 20:21:23.436 DEBUG  Queuing item for routing: Pin on net 'BL_EN' (connected: 1/3)
2026-08-15 20:21:23.436 DEBUG  Queuing item for routing: Pin on net 'SD_DETECT_B' (connected: 1/3)
2026-08-15 20:21:23.436 DEBUG  Queuing item for routing: Pin on net 'SD_DETECT_A' (connected: 1/2)
2026-08-15 20:21:23.436 DEBUG  Queuing item for routing: Pin on net 'SD_DAT1' (connected: 1/2)
2026-08-15 20:21:23.436 DEBUG  Queuing item for routing: Pin on net 'SD_DAT0' (connected: 1/2)
2026-08-15 20:21:23.437 DEBUG  Queuing item for routing: Pin on net 'SD_CLK' (connected: 1/2)
2026-08-15 20:21:23.437 DEBUG  Queuing item for routing: Pin on net 'SD_PWR' (connected: 1/3)
2026-08-15 20:21:23.437 DEBUG  Queuing item for routing: Pin on net 'SD_CMD' (connected: 1/2)
2026-08-15 20:21:23.437 DEBUG  Queuing item for routing: Pin on net 'SD_DAT3' (connected: 1/2)
2026-08-15 20:21:23.437 DEBUG  Queuing item for routing: Pin on net 'SD_DAT2' (connected: 1/2)
2026-08-15 20:21:23.437 DEBUG  Queuing item for routing: Pin on net 'unconnected-(U12-DRAIN_PAD-Pad40)' (connected: 1/3)
2026-08-15 20:21:23.437 DEBUG  Queuing item for routing: Pin on net 'unconnected-(U12-DRAIN_PAD-Pad40)' (connected: 1/3)
2026-08-15 20:21:23.437 DEBUG  Queuing item for routing: Pin on net 'unconnected-(U12-DRAIN_PAD-Pad40)' (connected: 1/3)
2026-08-15 20:21:23.438 DEBUG  Queuing item for routing: Pin on net '+3V3' (connected: 1/60)
2026-08-15 20:21:23.438 DEBUG  Queuing item for routing: Pin on net '+5V_SYS' (connected: 1/34)
2026-08-15 20:21:23.438 DEBUG  Queuing item for routing: Pin on net '+5V_SYS' (connected: 1/34)
2026-08-15 20:21:23.438 DEBUG  Queuing item for routing: Pin on net 'VBUS_CHARGE' (connected: 1/16)
2026-08-15 20:21:23.438 DEBUG  Queuing item for routing: Pin on net 'VBUS_CHARGE' (connected: 1/16)
2026-08-15 20:21:23.438 DEBUG  Queuing item for routing: Pin on net 'CC2' (connected: 1/5)
2026-08-15 20:21:23.438 DEBUG  Queuing item for routing: Pin on net 'CC1' (connected: 1/5)
2026-08-15 20:21:23.439 DEBUG  Queuing item for routing: Pin on net 'USB2_SERVICE_DM' (connected: 1/4)
2026-08-15 20:21:23.439 DEBUG  Queuing item for routing: Pin on net 'USB2_SERVICE_DP' (connected: 1/4)
2026-08-15 20:21:23.439 DEBUG  Queuing item for routing: Pin on net 'VBUS_CHARGE' (connected: 1/16)
2026-08-15 20:21:23.439 DEBUG  Queuing item for routing: Pin on net 'VBUS_CHARGE' (connected: 1/16)
2026-08-15 20:21:23.439 DEBUG  Queuing item for routing: Pin on net 'VBUS_CHARGE' (connected: 1/16)
2026-08-15 20:21:23.439 DEBUG  Queuing item for routing: Pin on net 'PPHV' (connected: 1/10)
2026-08-15 20:21:23.439 DEBUG  Queuing item for routing: Pin on net 'PPHV' (connected: 1/10)
2026-08-15 20:21:23.439 DEBUG  Queuing item for routing: Pin on net 'PPHV' (connected: 1/10)
2026-08-15 20:21:23.440 DEBUG  Queuing item for routing: Pin on net 'CHG_IRQ_N' (connected: 1/3)
2026-08-15 20:21:23.440 DEBUG  Queuing item for routing: Pin on net 'CHG_SCL' (connected: 1/3)
2026-08-15 20:21:23.440 DEBUG  Queuing item for routing: Pin on net 'CHG_SDA' (connected: 1/3)
2026-08-15 20:21:23.440 DEBUG  Queuing item for routing: Pin on net 'PD_IRQ_N' (connected: 1/2)
2026-08-15 20:21:23.440 DEBUG  Queuing item for routing: Pin on net 'I2Ct_SCL' (connected: 1/3)
2026-08-15 20:21:23.440 DEBUG  Queuing item for routing: Pin on net 'I2Ct_SDA' (connected: 1/3)
2026-08-15 20:21:23.441 DEBUG  Queuing item for routing: Pin on net 'LDO_1V5' (connected: 1/4)
2026-08-15 20:21:23.441 DEBUG  Queuing item for routing: Pin on net 'LDO_1V5' (connected: 1/4)
2026-08-15 20:21:23.441 DEBUG  Queuing item for routing: Pin on net 'LDO_1V5' (connected: 1/4)
2026-08-15 20:21:23.441 DEBUG  Queuing item for routing: Pin on net 'LDO_3V3' (connected: 1/8)
2026-08-15 20:21:23.441 DEBUG  Queuing item for routing: Pin on net '+3V3' (connected: 1/60)
2026-08-15 20:21:23.441 DEBUG  Queuing item for routing: Pin on net 'USB1V05_SW' (connected: 1/2)
2026-08-15 20:21:23.441 DEBUG  Queuing item for routing: Pin on net 'USB1V05_FB' (connected: 1/4)
2026-08-15 20:21:23.442 DEBUG  Queuing item for routing: Pin on net 'USB1V05_PG' (connected: 1/2)
2026-08-15 20:21:23.442 DEBUG  Queuing item for routing: Pin on net '+3V3' (connected: 1/60)
2026-08-15 20:21:23.442 DEBUG  Queuing item for routing: Pin on net 'PMID' (connected: 1/4)
2026-08-15 20:21:23.442 DEBUG  Queuing item for routing: Pin on net 'SW1' (connected: 1/3)
2026-08-15 20:21:23.442 DEBUG  Queuing item for routing: Pin on net 'SW2' (connected: 1/3)
2026-08-15 20:21:23.442 DEBUG  Queuing item for routing: Pin on net 'VBAT_SYS' (connected: 1/14)
2026-08-15 20:21:23.442 DEBUG  Queuing item for routing: Pin on net 'BAT+' (connected: 1/4)
2026-08-15 20:21:23.442 DEBUG  Queuing item for routing: Pin on net 'BAT+' (connected: 1/4)
2026-08-15 20:21:23.442 DEBUG  Queuing item for routing: Pin on net 'CHG_IRQ_N' (connected: 1/3)
2026-08-15 20:21:23.443 DEBUG  Queuing item for routing: Pin on net 'PROG' (connected: 1/2)
2026-08-15 20:21:23.443 DEBUG  Queuing item for routing: Pin on net 'BST2' (connected: 1/2)
2026-08-15 20:21:23.443 DEBUG  Queuing item for routing: Pin on net 'BATP' (connected: 1/2)
2026-08-15 20:21:23.443 DEBUG  Queuing item for routing: Pin on net 'ILIM_HIZ' (connected: 1/3)
2026-08-15 20:21:23.443 DEBUG  Queuing item for routing: Pin on net 'TS' (connected: 1/3)
2026-08-15 20:21:23.443 DEBUG  Queuing item for routing: Pin on net 'CHG_SDA' (connected: 1/3)
2026-08-15 20:21:23.443 DEBUG  Queuing item for routing: Pin on net 'CHG_SCL' (connected: 1/3)
2026-08-15 20:21:23.443 DEBUG  Queuing item for routing: Pin on net 'PPHV' (connected: 1/10)
2026-08-15 20:21:23.443 DEBUG  Queuing item for routing: Pin on net 'PPHV' (connected: 1/10)
2026-08-15 20:21:23.444 DEBUG  Queuing item for routing: Pin on net 'REGN' (connected: 1/3)
2026-08-15 20:21:23.444 DEBUG  Queuing item for routing: Pin on net 'BST1' (connected: 1/2)
2026-08-15 20:21:23.444 DEBUG  Queuing item for routing: Pin on net 'PPHV' (connected: 1/10)
2026-08-15 20:21:23.444 DEBUG  Queuing item for routing: Pin on net 'PPHV' (connected: 1/10)
2026-08-15 20:21:23.444 DEBUG  Queuing item for routing: Pin on net 'CHG_STAT' (connected: 1/2)
2026-08-15 20:21:23.444 DEBUG  Queuing item for routing: Pin on net '+5V_SYS' (connected: 1/34)
2026-08-15 20:21:23.444 DEBUG  Queuing item for routing: Pin on net 'SW_5V' (connected: 1/5)
2026-08-15 20:21:23.444 DEBUG  Queuing item for routing: Pin on net 'BIAS_SW' (connected: 1/2)
2026-08-15 20:21:23.445 DEBUG  Queuing item for routing: Pin on net '+5V_SYS' (connected: 1/34)
2026-08-15 20:21:23.445 DEBUG  Queuing item for routing: Pin on net 'DISPLAY_1V2' (connected: 1/8)
2026-08-15 20:21:23.445 DEBUG  Queuing item for routing: Pin on net 'REG_1V2_SW' (connected: 1/2)
2026-08-15 20:21:23.445 DEBUG  Queuing item for routing: Pin on net 'REG_3V3_FB' (connected: 1/3)
2026-08-15 20:21:23.445 DEBUG  Queuing item for routing: Pin on net '+5V_SYS' (connected: 1/34)
2026-08-15 20:21:23.445 DEBUG  Queuing item for routing: Pin on net 'REG_3V3_SW' (connected: 1/2)
2026-08-15 20:21:23.445 DEBUG  Queuing item for routing: Pin on net '+5V_SYS' (connected: 1/34)
2026-08-15 20:21:23.446 DEBUG  Queuing item for routing: Pin on net 'REG_1V8_FB' (connected: 1/3)
2026-08-15 20:21:23.446 DEBUG  Queuing item for routing: Pin on net '+5V_SYS' (connected: 1/34)
2026-08-15 20:21:23.446 DEBUG  Queuing item for routing: Pin on net 'REG_1V8_SW' (connected: 1/2)
2026-08-15 20:21:23.446 DEBUG  Queuing item for routing: Pin on net '+5V_SYS' (connected: 1/34)
2026-08-15 20:21:23.446 DEBUG  Queuing item for routing: Pin on net 'REG_1V2_FB' (connected: 1/3)
2026-08-15 20:21:23.446 DEBUG  Queuing item for routing: Pin on net '+5V_SYS' (connected: 1/34)
2026-08-15 20:21:23.446 DEBUG  Queuing item for routing: Pin on net 'REG_1V2_SW' (connected: 1/2)
2026-08-15 20:21:23.446 DEBUG  Queuing item for routing: Pin on net '+5V_SYS' (connected: 1/34)
2026-08-15 20:21:23.447 DEBUG  Queuing item for routing: Pin on net 'WLED_SW' (connected: 1/4)
2026-08-15 20:21:23.447 DEBUG  Queuing item for routing: Pin on net 'LED_BOOST' (connected: 1/6)
2026-08-15 20:21:23.454 DEBUG  Queuing item for routing: Pin on net 'SW2' (connected: 1/3)
2026-08-15 20:21:23.454 DEBUG  Queuing item for routing: Pin on net 'SW1' (connected: 1/3)
2026-08-15 20:21:23.454 DEBUG  Queuing item for routing: Pin on net 'DISPLAY_1V8' (connected: 1/28)
2026-08-15 20:21:23.454 DEBUG  Queuing item for routing: Pin on net 'DISPLAY_I2C_SDA_1V8' (connected: 1/7)
2026-08-15 20:21:23.454 DEBUG  Queuing item for routing: Pin on net 'DISPLAY_I2C_SCL_1V8' (connected: 1/7)
2026-08-15 20:21:23.454 DEBUG  Queuing item for routing: Pin on net 'LCD_BIAS_ENN' (connected: 1/2)
2026-08-15 20:21:23.454 DEBUG  Queuing item for routing: Pin on net 'LCD_BIAS_ENP' (connected: 1/2)
2026-08-15 20:21:23.454 DEBUG  Queuing item for routing: Pin on net 'R_HPDI' (connected: 1/3)
2026-08-15 20:21:23.454 DEBUG  Queuing item for routing: Pin on net 'L_HPDI' (connected: 1/3)
2026-08-15 20:21:23.454 DEBUG  Queuing item for routing: Pin on net 'R_LCD_LEDPWM' (connected: 1/4)
2026-08-15 20:21:23.454 DEBUG  Queuing item for routing: Pin on net 'L_LCD_LEDPWM' (connected: 1/4)
2026-08-15 20:21:23.454 DEBUG  Queuing item for routing: Pin on net 'BL_EN' (connected: 1/3)
2026-08-15 20:21:23.454 DEBUG  Queuing item for routing: Pin on net 'R_LCD_TE' (connected: 1/3)
2026-08-15 20:21:23.455 DEBUG  Queuing item for routing: Pin on net 'L_LCD_TE' (connected: 1/3)
2026-08-15 20:21:23.455 DEBUG  Queuing item for routing: Pin on net 'R_LCD_RESET' (connected: 1/3)
2026-08-15 20:21:23.455 DEBUG  Queuing item for routing: Pin on net 'L_LCD_RESET' (connected: 1/3)
2026-08-15 20:21:23.455 DEBUG  Queuing item for routing: Pin on net 'R_BRIDGE_INT' (connected: 1/3)
2026-08-15 20:21:23.455 DEBUG  Queuing item for routing: Pin on net 'L_BRIDGE_INT' (connected: 1/3)
2026-08-15 20:21:23.455 DEBUG  Queuing item for routing: Pin on net 'R_BRIDGE_RESETN' (connected: 1/2)
2026-08-15 20:21:23.455 DEBUG  Queuing item for routing: Pin on net 'L_BRIDGE_RESETN' (connected: 1/2)
2026-08-15 20:21:23.455 DEBUG  Queuing item for routing: Pin on net 'DISPLAY_GPIO_RESETN' (connected: 1/2)
2026-08-15 20:21:23.455 DEBUG  Queuing item for routing: Pin on net 'DISPLAY_GPIO_INT_N' (connected: 1/2)
2026-08-15 20:21:23.455 DEBUG  Queuing item for routing: Pin on net 'BIAS_REG' (connected: 1/3)
2026-08-15 20:21:23.455 DEBUG  Queuing item for routing: Pin on net 'DISPLAY_1V8' (connected: 1/28)
2026-08-15 20:21:23.455 DEBUG  Queuing item for routing: Pin on net '+5V_SYS' (connected: 1/34)
2026-08-15 20:21:23.455 DEBUG  Queuing item for routing: Pin on net 'BIAS_FLY2' (connected: 1/2)
2026-08-15 20:21:23.455 DEBUG  Queuing item for routing: Pin on net 'BIAS_FLY1' (connected: 1/2)
2026-08-15 20:21:23.455 DEBUG  Queuing item for routing: Pin on net 'DISPLAY_1V2' (connected: 1/8)
2026-08-15 20:21:23.455 DEBUG  Queuing item for routing: Pin on net 'DISPLAY_1V15' (connected: 1/8)
2026-08-15 20:21:23.456 DEBUG  Queuing item for routing: Pin on net 'SD_PWR' (connected: 1/3)
2026-08-15 20:21:23.456 DEBUG  Queuing item for routing: Pin on net 'DISPLAY_3V3' (connected: 1/8)
2026-08-15 20:21:23.456 DEBUG  Queuing item for routing: Pin on net 'LCD_VSN' (connected: 1/7)
2026-08-15 20:21:23.456 DEBUG  Queuing item for routing: Pin on net '+5V_SYS' (connected: 1/34)
2026-08-15 20:21:23.456 DEBUG  Queuing item for routing: Pin on net '+5V_SYS' (connected: 1/34)
2026-08-15 20:21:23.456 DEBUG  Queuing item for routing: Pin on net '+5V_SYS' (connected: 1/34)
2026-08-15 20:21:23.456 DEBUG  Queuing item for routing: Pin on net '+5V_SYS' (connected: 1/34)
2026-08-15 20:21:23.456 DEBUG  Queuing item for routing: Pin on net 'LCD_VSP' (connected: 1/7)
2026-08-15 20:21:23.456 DEBUG  Queuing item for routing: Pin on net '+3V3' (connected: 1/60)
2026-08-15 20:21:23.456 DEBUG  Queuing item for routing: Pin on net 'SD_PWR_ON' (connected: 1/3)
2026-08-15 20:21:23.456 DEBUG  Queuing item for routing: Pin on net 'SD_DETECT_B' (connected: 1/3)
2026-08-15 20:21:23.456 DEBUG  Queuing item for routing: Pin on net 'SD_PWR' (connected: 1/3)
2026-08-15 20:21:23.456 DEBUG  Queuing item for routing: Pin on net 'REG_1V15_FB' (connected: 1/3)
2026-08-15 20:21:23.456 DEBUG  Queuing item for routing: Pin on net '+5V_SYS' (connected: 1/34)
2026-08-15 20:21:23.457 DEBUG  Queuing item for routing: Pin on net 'REG_1V15_SW' (connected: 1/2)
2026-08-15 20:21:23.457 DEBUG  Queuing item for routing: Pin on net '+5V_SYS' (connected: 1/34)
2026-08-15 20:21:23.457 DEBUG  Queuing item for routing: Pin on net 'LCD_VSP' (connected: 1/7)
2026-08-15 20:21:23.457 DEBUG  Queuing item for routing: Pin on net 'BIAS_REG' (connected: 1/3)
2026-08-15 20:21:23.457 DEBUG  Queuing item for routing: Pin on net 'BIAS_REG' (connected: 1/3)
2026-08-15 20:21:23.457 DEBUG  Queuing item for routing: Pin on net 'BIAS_SW' (connected: 1/2)
2026-08-15 20:21:23.457 DEBUG  Queuing item for routing: Pin on net 'BIAS_FLY1' (connected: 1/2)
2026-08-15 20:21:23.457 DEBUG  Queuing item for routing: Pin on net 'DISPLAY_I2C_SDA_1V8' (connected: 1/7)
2026-08-15 20:21:23.457 DEBUG  Queuing item for routing: Pin on net '+5V_SYS' (connected: 1/34)
2026-08-15 20:21:23.457 DEBUG  Queuing item for routing: Pin on net 'DISPLAY_I2C_SCL_1V8' (connected: 1/7)
2026-08-15 20:21:23.457 DEBUG  Queuing item for routing: Pin on net 'LCD_BIAS_ENP' (connected: 1/2)
2026-08-15 20:21:23.457 DEBUG  Queuing item for routing: Pin on net 'BIAS_FLY2' (connected: 1/2)
2026-08-15 20:21:23.457 DEBUG  Queuing item for routing: Pin on net 'LCD_VSN' (connected: 1/7)
2026-08-15 20:21:23.458 DEBUG  Queuing item for routing: Pin on net 'LCD_BIAS_ENN' (connected: 1/2)
2026-08-15 20:21:23.458 DEBUG  Queuing item for routing: Pin on net 'WLED_COMP_RC' (connected: 1/2)
2026-08-15 20:21:23.458 DEBUG  Queuing item for routing: Pin on net 'LED_BOOST' (connected: 1/6)
2026-08-15 20:21:23.458 DEBUG  Queuing item for routing: Pin on net 'LED_BOOST' (connected: 1/6)
2026-08-15 20:21:23.458 DEBUG  Queuing item for routing: Pin on net 'DISPLAY_1V8' (connected: 1/28)
2026-08-15 20:21:23.458 DEBUG  Queuing item for routing: Pin on net '+5V_SYS' (connected: 1/34)
2026-08-15 20:21:23.458 DEBUG  Queuing item for routing: Pin on net 'DISPLAY_1V8' (connected: 1/28)
2026-08-15 20:21:23.458 DEBUG  Queuing item for routing: Pin on net 'REG_1V2_FB' (connected: 1/3)
2026-08-15 20:21:23.458 DEBUG  Queuing item for routing: Pin on net 'DISPLAY_1V2' (connected: 1/8)
2026-08-15 20:21:23.458 DEBUG  Queuing item for routing: Pin on net 'REG_3V3_FB' (connected: 1/3)
2026-08-15 20:21:23.458 DEBUG  Queuing item for routing: Pin on net 'WLED_FREQ' (connected: 1/2)
2026-08-15 20:21:23.458 DEBUG  Queuing item for routing: Pin on net 'WLED_OVP' (connected: 1/3)
2026-08-15 20:21:23.458 DEBUG  Queuing item for routing: Pin on net 'LED_BOOST' (connected: 1/6)
2026-08-15 20:21:23.458 DEBUG  Queuing item for routing: Pin on net 'SD_DETECT_A' (connected: 1/2)
2026-08-15 20:21:23.458 DEBUG  Queuing item for routing: Pin on net 'REG_1V8_FB' (connected: 1/3)
2026-08-15 20:21:23.459 DEBUG  Queuing item for routing: Pin on net 'DISPLAY_1V8' (connected: 1/28)
2026-08-15 20:21:23.459 DEBUG  Queuing item for routing: Pin on net 'REG_3V3_FB' (connected: 1/3)
2026-08-15 20:21:23.459 DEBUG  Queuing item for routing: Pin on net 'DISPLAY_3V3' (connected: 1/8)
2026-08-15 20:21:23.459 DEBUG  Queuing item for routing: Pin on net 'WLED_ISET' (connected: 1/2)
2026-08-15 20:21:23.459 DEBUG  Queuing item for routing: Pin on net 'SD_PWR_ON' (connected: 1/3)
2026-08-15 20:21:23.459 DEBUG  Queuing item for routing: Pin on net '+3V3' (connected: 1/60)
2026-08-15 20:21:23.459 DEBUG  Queuing item for routing: Pin on net 'REG_1V15_FB' (connected: 1/3)
2026-08-15 20:21:23.459 DEBUG  Queuing item for routing: Pin on net 'REG_1V2_FB' (connected: 1/3)
2026-08-15 20:21:23.459 DEBUG  Queuing item for routing: Pin on net 'REG_1V15_FB' (connected: 1/3)
2026-08-15 20:21:23.459 DEBUG  Queuing item for routing: Pin on net 'DISPLAY_1V15' (connected: 1/8)
2026-08-15 20:21:23.459 DEBUG  Queuing item for routing: Pin on net 'WLED_OVP' (connected: 1/3)
2026-08-15 20:21:23.459 DEBUG  Queuing item for routing: Pin on net 'WLED_COMP_RC' (connected: 1/2)
2026-08-15 20:21:23.459 DEBUG  Queuing item for routing: Pin on net 'WLED_COMP' (connected: 1/2)
2026-08-15 20:21:23.459 DEBUG  Queuing item for routing: Pin on net 'REG_1V8_FB' (connected: 1/3)
2026-08-15 20:21:23.460 DEBUG  Queuing item for routing: Pin on net 'SD_DETECT_B' (connected: 1/3)
2026-08-15 20:21:23.460 DEBUG  Queuing item for routing: Pin on net 'USB1V05_FB' (connected: 1/4)
2026-08-15 20:21:23.460 DEBUG  Queuing item for routing: Pin on net 'BT_ENABLE_N' (connected: 1/2)
2026-08-15 20:21:23.460 DEBUG  Queuing item for routing: Pin on net '+3V3' (connected: 1/60)
2026-08-15 20:21:23.460 DEBUG  Queuing item for routing: Pin on net 'PD_IRQ_N' (connected: 1/2)
2026-08-15 20:21:23.460 DEBUG  Queuing item for routing: Pin on net 'LDO_3V3' (connected: 1/8)
2026-08-15 20:21:23.460 DEBUG  Queuing item for routing: Pin on net 'PROG' (connected: 1/2)
2026-08-15 20:21:23.460 DEBUG  Queuing item for routing: Pin on net 'FB_5V' (connected: 1/4)
2026-08-15 20:21:23.460 DEBUG  Queuing item for routing: Pin on net '+5V_SYS' (connected: 1/34)
2026-08-15 20:21:23.460 DEBUG  Queuing item for routing: Pin on net 'ILIM_HIZ' (connected: 1/3)
2026-08-15 20:21:23.460 DEBUG  Queuing item for routing: Pin on net 'REGN' (connected: 1/3)
2026-08-15 20:21:23.460 DEBUG  Queuing item for routing: Pin on net 'I2Ct_SCL' (connected: 1/3)
2026-08-15 20:21:23.460 DEBUG  Queuing item for routing: Pin on net 'LDO_3V3' (connected: 1/8)
2026-08-15 20:21:23.460 DEBUG  Queuing item for routing: Pin on net 'PCIE_CLKREQ_N' (connected: 1/3)
2026-08-15 20:21:23.460 DEBUG  Queuing item for routing: Pin on net '+3V3' (connected: 1/60)
2026-08-15 20:21:23.461 DEBUG  Queuing item for routing: Pin on net 'I2Ct_SDA' (connected: 1/3)
2026-08-15 20:21:23.461 DEBUG  Queuing item for routing: Pin on net 'LDO_3V3' (connected: 1/8)
2026-08-15 20:21:23.461 DEBUG  Queuing item for routing: Pin on net 'TS' (connected: 1/3)
2026-08-15 20:21:23.461 DEBUG  Queuing item for routing: Pin on net 'MODE_5V' (connected: 1/3)
2026-08-15 20:21:23.461 DEBUG  Queuing item for routing: Pin on net 'VCC_5V' (connected: 1/3)
2026-08-15 20:21:23.461 DEBUG  Queuing item for routing: Pin on net 'CHG_SCL' (connected: 1/3)
2026-08-15 20:21:23.461 DEBUG  Queuing item for routing: Pin on net 'LDO_3V3' (connected: 1/8)
2026-08-15 20:21:23.461 DEBUG  Queuing item for routing: Pin on net 'BAT+' (connected: 1/4)
2026-08-15 20:21:23.461 DEBUG  Queuing item for routing: Pin on net 'BATP' (connected: 1/2)
2026-08-15 20:21:23.461 DEBUG  Queuing item for routing: Pin on net 'CHG_SDA' (connected: 1/3)
2026-08-15 20:21:23.461 DEBUG  Queuing item for routing: Pin on net 'LDO_3V3' (connected: 1/8)
2026-08-15 20:21:23.461 DEBUG  Queuing item for routing: Pin on net 'USB1V05_FB' (connected: 1/4)
2026-08-15 20:21:23.461 DEBUG  Queuing item for routing: Pin on net '+1V05_USB' (connected: 1/20)
2026-08-15 20:21:23.461 DEBUG  Queuing item for routing: Pin on net 'ILIM_HIZ' (connected: 1/3)
2026-08-15 20:21:23.462 DEBUG  Queuing item for routing: Pin on net 'MODE_5V' (connected: 1/3)
2026-08-15 20:21:23.462 DEBUG  Queuing item for routing: Pin on net 'FB_5V' (connected: 1/4)
2026-08-15 20:21:23.462 DEBUG  Queuing item for routing: Pin on net 'TS' (connected: 1/3)
2026-08-15 20:21:23.462 DEBUG  Queuing item for routing: Pin on net 'WIFI_ENABLE_N' (connected: 1/2)
2026-08-15 20:21:23.462 DEBUG  Queuing item for routing: Pin on net '+3V3' (connected: 1/60)
2026-08-15 20:21:23.462 DEBUG  Queuing item for routing: Pin on net 'USB1V05_PG' (connected: 1/2)
2026-08-15 20:21:23.462 DEBUG  Queuing item for routing: Pin on net '+3V3' (connected: 1/60)
2026-08-15 20:21:23.462 DEBUG  Queuing item for routing: Pin on net 'CHG_IRQ_N' (connected: 1/3)
2026-08-15 20:21:23.462 DEBUG  Queuing item for routing: Pin on net '+3V3' (connected: 1/60)
2026-08-15 20:21:23.462 DEBUG  Queuing item for routing: Pin on net 'DISPLAY_3V3' (connected: 1/8)
2026-08-15 20:21:23.462 DEBUG  Queuing item for routing: Pin on net 'REG_3V3_SW' (connected: 1/2)
2026-08-15 20:21:23.462 DEBUG  Queuing item for routing: Pin on net 'DISPLAY_1V15' (connected: 1/8)
2026-08-15 20:21:23.462 DEBUG  Queuing item for routing: Pin on net 'REG_1V15_SW' (connected: 1/2)
2026-08-15 20:21:23.462 DEBUG  Queuing item for routing: Pin on net 'WLED_SW' (connected: 1/4)
2026-08-15 20:21:23.463 DEBUG  Queuing item for routing: Pin on net '+5V_SYS' (connected: 1/34)
2026-08-15 20:21:23.463 DEBUG  Queuing item for routing: Pin on net 'DISPLAY_1V8' (connected: 1/28)
2026-08-15 20:21:23.463 DEBUG  Queuing item for routing: Pin on net 'REG_1V8_SW' (connected: 1/2)
2026-08-15 20:21:23.463 DEBUG  Queuing item for routing: Pin on net 'HDMI_L_DDC_SCL' (connected: 1/2)
2026-08-15 20:21:23.463 DEBUG  Queuing item for routing: Pin on net 'HDMI_L_DDC_SDA' (connected: 1/2)
2026-08-15 20:21:23.463 DEBUG  Queuing item for routing: Pin on net 'HDMI_L_CLK_N' (connected: 1/2)
2026-08-15 20:21:23.463 DEBUG  Queuing item for routing: Pin on net 'HDMI_L_CLK_P' (connected: 1/2)
2026-08-15 20:21:23.463 DEBUG  Queuing item for routing: Pin on net 'HDMI_L_D0_N' (connected: 1/2)
2026-08-15 20:21:23.463 DEBUG  Queuing item for routing: Pin on net 'HDMI_L_D0_P' (connected: 1/2)
2026-08-15 20:21:23.463 DEBUG  Queuing item for routing: Pin on net 'HDMI_L_D1_N' (connected: 1/2)
2026-08-15 20:21:23.463 DEBUG  Queuing item for routing: Pin on net 'HDMI_L_D1_P' (connected: 1/2)
2026-08-15 20:21:23.463 DEBUG  Queuing item for routing: Pin on net 'HDMI_L_D2_N' (connected: 1/2)
2026-08-15 20:21:23.463 DEBUG  Queuing item for routing: Pin on net 'HDMI_L_D2_P' (connected: 1/2)
2026-08-15 20:21:23.463 DEBUG  Queuing item for routing: Pin on net 'HDMI_R_CLK_N' (connected: 1/2)
2026-08-15 20:21:23.463 DEBUG  Queuing item for routing: Pin on net 'HDMI_R_CLK_P' (connected: 1/2)
2026-08-15 20:21:23.464 DEBUG  Queuing item for routing: Pin on net 'HDMI_R_D0_N' (connected: 1/2)
2026-08-15 20:21:23.464 DEBUG  Queuing item for routing: Pin on net 'HDMI_R_D0_P' (connected: 1/2)
2026-08-15 20:21:23.464 DEBUG  Queuing item for routing: Pin on net 'HDMI_R_D1_N' (connected: 1/2)
2026-08-15 20:21:23.464 DEBUG  Queuing item for routing: Pin on net 'HDMI_L_HPD' (connected: 1/2)
2026-08-15 20:21:23.464 DEBUG  Queuing item for routing: Pin on net 'HDMI_R_D1_P' (connected: 1/2)
2026-08-15 20:21:23.464 DEBUG  Queuing item for routing: Pin on net 'HDMI_L_CEC' (connected: 1/2)
2026-08-15 20:21:23.464 DEBUG  Queuing item for routing: Pin on net 'HDMI_R_CEC' (connected: 1/2)
2026-08-15 20:21:23.464 DEBUG  Queuing item for routing: Pin on net 'HDMI_R_D2_N' (connected: 1/2)
2026-08-15 20:21:23.464 DEBUG  Queuing item for routing: Pin on net 'HDMI_R_DDC_SCL' (connected: 1/2)
2026-08-15 20:21:23.464 DEBUG  Queuing item for routing: Pin on net 'HDMI_R_D2_P' (connected: 1/2)
2026-08-15 20:21:23.464 DEBUG  Queuing item for routing: Pin on net 'HDMI_R_DDC_SDA' (connected: 1/2)
2026-08-15 20:21:23.464 DEBUG  Queuing item for routing: Pin on net 'HDMI_R_HPD' (connected: 1/2)
2026-08-15 20:21:23.464 DEBUG  Queuing item for routing: Pin on net 'PCIE_RX_N' (connected: 1/2)
2026-08-15 20:21:23.464 DEBUG  Queuing item for routing: Pin on net 'PCIE_RX_P' (connected: 1/2)
2026-08-15 20:21:23.465 DEBUG  Queuing item for routing: Pin on net 'PCIE_TX_N' (connected: 1/2)
2026-08-15 20:21:23.465 DEBUG  Queuing item for routing: Pin on net 'PCIE_TX_P' (connected: 1/2)
2026-08-15 20:21:23.465 DEBUG  Queuing item for routing: Pin on net 'PCIE_CLK_N' (connected: 1/2)
2026-08-15 20:21:23.465 DEBUG  Queuing item for routing: Pin on net 'PCIE_CLK_P' (connected: 1/2)
2026-08-15 20:21:23.465 DEBUG  Queuing item for routing: Pin on net 'PCIE_RST_N' (connected: 1/2)
2026-08-15 20:21:23.465 DEBUG  Queuing item for routing: Pin on net 'USB2_SERVICE_DP' (connected: 1/4)
2026-08-15 20:21:23.465 DEBUG  Queuing item for routing: Pin on net 'USB2_SERVICE_DM' (connected: 1/4)
2026-08-15 20:21:23.465 DEBUG  Queuing item for routing: Pin on net 'PCIE_CLKREQ_N' (connected: 1/3)
2026-08-15 20:21:23.465 DEBUG  Queuing item for routing: Pin on net 'CM4_EXT_RESET_N' (connected: 1/2)
2026-08-15 20:21:23.465 DEBUG  Queuing item for routing: Pin on net 'EMMC_BOOT_N' (connected: 1/2)
2026-08-15 20:21:23.465 DEBUG  Queuing item for routing: Pin on net 'RUN_PG' (connected: 1/2)
2026-08-15 20:21:23.465 DEBUG  Queuing item for routing: Pin on net 'BT_ENABLE_N' (connected: 1/2)
2026-08-15 20:21:23.465 DEBUG  Queuing item for routing: Pin on net '+1V8' (connected: 1/2)
2026-08-15 20:21:23.465 DEBUG  Queuing item for routing: Pin on net 'WIFI_ENABLE_N' (connected: 1/2)
2026-08-15 20:21:23.465 DEBUG  Queuing item for routing: Pin on net '+1V8' (connected: 1/2)
2026-08-15 20:21:23.466 DEBUG  Queuing item for routing: Pin on net '+5V_SYS' (connected: 1/34)
2026-08-15 20:21:23.466 DEBUG  Queuing item for routing: Pin on net '+3V3' (connected: 1/60)
2026-08-15 20:21:23.466 DEBUG  Queuing item for routing: Pin on net '+5V_SYS' (connected: 1/34)
2026-08-15 20:21:23.466 DEBUG  Queuing item for routing: Pin on net '+5V_SYS' (connected: 1/34)
2026-08-15 20:21:23.466 DEBUG  Queuing item for routing: Pin on net '+5V_SYS' (connected: 1/34)
2026-08-15 20:21:23.466 DEBUG  Queuing item for routing: Pin on net '+5V_SYS' (connected: 1/34)
2026-08-15 20:21:23.466 DEBUG  Queuing item for routing: Pin on net '+3V3' (connected: 1/60)
2026-08-15 20:21:23.466 DEBUG  Queuing item for routing: Pin on net '+5V_SYS' (connected: 1/34)
2026-08-15 20:21:23.466 DEBUG  Queuing item for routing: Pin on net 'SD_PWR_ON' (connected: 1/3)
2026-08-15 20:21:23.466 DEBUG  Queuing item for routing: Pin on net 'SD_DAT2' (connected: 1/2)
2026-08-15 20:21:23.466 DEBUG  Queuing item for routing: Pin on net 'SD_DAT1' (connected: 1/2)
2026-08-15 20:21:23.466 DEBUG  Queuing item for routing: Pin on net 'SD_DAT0' (connected: 1/2)
2026-08-15 20:21:23.466 DEBUG  Queuing item for routing: Pin on net 'SD_CMD' (connected: 1/2)
2026-08-15 20:21:23.466 DEBUG  Queuing item for routing: Pin on net 'SD_DAT3' (connected: 1/2)
2026-08-15 20:21:23.467 DEBUG  Queuing item for routing: Pin on net 'I2C_SDA' (connected: 1/8)
2026-08-15 20:21:23.467 DEBUG  Queuing item for routing: Pin on net 'SD_CLK' (connected: 1/2)
2026-08-15 20:21:23.467 DEBUG  Queuing item for routing: Pin on net 'I2C_SCL' (connected: 1/8)
2026-08-15 20:21:23.467 DEBUG  Queuing item for routing: Pin on net 'UART_TX' (connected: 1/2)
2026-08-15 20:21:23.467 DEBUG  Queuing item for routing: Pin on net 'AUDIO_MCLK' (connected: 1/2)
2026-08-15 20:21:23.467 DEBUG  Queuing item for routing: Pin on net 'UART_RX' (connected: 1/2)
2026-08-15 20:21:23.467 DEBUG  Queuing item for routing: Pin on net 'I2S_BCLK' (connected: 1/2)
2026-08-15 20:21:23.467 DEBUG  Queuing item for routing: Pin on net 'TYPEC_FLIP' (connected: 1/2)
2026-08-15 20:21:23.467 DEBUG  Queuing item for routing: Pin on net 'PROX_INT' (connected: 1/2)
2026-08-15 20:21:23.467 DEBUG  Queuing item for routing: Pin on net 'TYPEC_INT_N' (connected: 1/3)
2026-08-15 20:21:23.467 DEBUG  Queuing item for routing: Pin on net 'AUDIO_RESET_N' (connected: 1/2)
2026-08-15 20:21:23.467 DEBUG  Queuing item for routing: Pin on net 'BL_PWM' (connected: 1/5)
2026-08-15 20:21:23.467 DEBUG  Queuing item for routing: Pin on net 'I2S_DIN' (connected: 1/2)
2026-08-15 20:21:23.467 DEBUG  Queuing item for routing: Pin on net 'I2S_LRCLK' (connected: 1/2)
2026-08-15 20:21:23.468 DEBUG  Queuing item for routing: Pin on net 'I2S_DOUT' (connected: 1/2)
2026-08-15 20:21:23.468 DEBUG  Queuing item for routing: Pin on net 'PPHV' (connected: 1/10)
2026-08-15 20:21:23.468 DEBUG  Queuing item for routing: Pin on net 'PMID' (connected: 1/4)
2026-08-15 20:21:23.468 DEBUG  Queuing item for routing: Pin on net 'LDO_3V3' (connected: 1/8)
2026-08-15 20:21:23.468 DEBUG  Queuing item for routing: Pin on net 'SW_5V' (connected: 1/5)
2026-08-15 20:21:23.468 DEBUG  Queuing item for routing: Pin on net 'BST_5V' (connected: 1/2)
2026-08-15 20:21:23.468 DEBUG  Queuing item for routing: Pin on net 'CC2' (connected: 1/5)
2026-08-15 20:21:23.468 DEBUG  Queuing item for routing: Pin on net 'VBAT_SYS' (connected: 1/14)
2026-08-15 20:21:23.468 DEBUG  Queuing item for routing: Pin on net 'VBUS_CHARGE' (connected: 1/16)
2026-08-15 20:21:23.468 DEBUG  Queuing item for routing: Pin on net 'PPHV' (connected: 1/10)
2026-08-15 20:21:23.468 DEBUG  Queuing item for routing: Pin on net 'BAT+' (connected: 1/4)
2026-08-15 20:21:23.468 DEBUG  Queuing item for routing: Pin on net '+5V_SYS' (connected: 1/34)
2026-08-15 20:21:23.468 DEBUG  Queuing item for routing: Pin on net '+1V05_USB' (connected: 1/20)
2026-08-15 20:21:23.468 DEBUG  Queuing item for routing: Pin on net 'VBAT_SYS' (connected: 1/14)
2026-08-15 20:21:23.469 DEBUG  Queuing item for routing: Pin on net 'FB_5V' (connected: 1/4)
2026-08-15 20:21:23.469 DEBUG  Queuing item for routing: Pin on net 'VBUS_CHARGE' (connected: 1/16)
2026-08-15 20:21:23.469 DEBUG  Queuing item for routing: Pin on net 'PPHV' (connected: 1/10)
2026-08-15 20:21:23.469 DEBUG  Queuing item for routing: Pin on net 'LDO_1V5' (connected: 1/4)
2026-08-15 20:21:23.469 DEBUG  Queuing item for routing: Pin on net '+3V3' (connected: 1/60)
2026-08-15 20:21:23.469 DEBUG  Queuing item for routing: Pin on net 'VCC_5V' (connected: 1/3)
2026-08-15 20:21:23.469 DEBUG  Queuing item for routing: Pin on net '+5V_SYS' (connected: 1/34)
2026-08-15 20:21:23.469 DEBUG  Queuing item for routing: Pin on net 'CC1' (connected: 1/5)
2026-08-15 20:21:23.469 DEBUG  Queuing item for routing: Pin on net 'VBUS_CHARGE' (connected: 1/16)
2026-08-15 20:21:23.469 DEBUG  Queuing item for routing: Pin on net '+1V05_USB' (connected: 1/20)
2026-08-15 20:21:23.469 DEBUG  Queuing item for routing: Pin on net 'VBAT_SYS' (connected: 1/14)
2026-08-15 20:21:23.469 DEBUG  Queuing item for routing: Pin on net 'VBAT_SYS' (connected: 1/14)
2026-08-15 20:21:23.469 DEBUG  Queuing item for routing: Pin on net '+3V3' (connected: 1/60)
2026-08-15 20:21:23.469 DEBUG  Queuing item for routing: Pin on net 'SW2' (connected: 1/3)
2026-08-15 20:21:23.469 DEBUG  Queuing item for routing: Pin on net 'BST2' (connected: 1/2)
2026-08-15 20:21:23.470 DEBUG  Queuing item for routing: Pin on net 'REGN' (connected: 1/3)
2026-08-15 20:21:23.470 DEBUG  Queuing item for routing: Pin on net 'VBUS_CHARGE' (connected: 1/16)
2026-08-15 20:21:23.470 DEBUG  Queuing item for routing: Pin on net 'VBAT_SYS' (connected: 1/14)
2026-08-15 20:21:23.470 DEBUG  Queuing item for routing: Pin on net 'PMID' (connected: 1/4)
2026-08-15 20:21:23.470 DEBUG  Queuing item for routing: Pin on net 'PMID' (connected: 1/4)
2026-08-15 20:21:23.470 DEBUG  Queuing item for routing: Pin on net 'SW1' (connected: 1/3)
2026-08-15 20:21:23.470 DEBUG  Queuing item for routing: Pin on net 'BST1' (connected: 1/2)
2026-08-15 20:21:23.470 DEBUG  Queuing item for routing: Pin on net 'VBAT_SYS' (connected: 1/14)
2026-08-15 20:21:23.470 DEBUG  Queuing item for routing: Pin on net 'VBAT_SYS' (connected: 1/14)
2026-08-15 20:21:23.470 DEBUG  Queuing item for routing: Pin on net 'MIC_R_RAW_N' (connected: 1/2)
2026-08-15 20:21:23.470 DEBUG  Queuing item for routing: Pin on net '+2V8_MIC' (connected: 1/4)
2026-08-15 20:21:23.470 DEBUG  Queuing item for routing: Pin on net 'MIC_R_RAW_P' (connected: 1/2)
2026-08-15 20:21:23.470 DEBUG  Queuing item for routing: Pin on net '+2V8_MIC' (connected: 1/4)
2026-08-15 20:21:23.471 DEBUG  Queuing item for routing: Pin on net '+3V3_AUDIO' (connected: 1/7)
2026-08-15 20:21:23.471 DEBUG  Queuing item for routing: Pin on net '+3V3_AUDIO' (connected: 1/7)
2026-08-15 20:21:23.471 DEBUG  Queuing item for routing: Pin on net 'PCIE_RST_N' (connected: 1/2)
2026-08-15 20:21:23.471 DEBUG  Queuing item for routing: Pin on net '+3V3' (connected: 1/60)
2026-08-15 20:21:23.471 DEBUG  Queuing item for routing: Pin on net '+1V05_USB' (connected: 1/20)
2026-08-15 20:21:23.472 DEBUG  Queuing item for routing: Pin on net '+1V05_USB' (connected: 1/20)
2026-08-15 20:21:23.472 DEBUG  Queuing item for routing: Pin on net 'USB2_HOST_DM' (connected: 1/4)
2026-08-15 20:21:23.472 DEBUG  Queuing item for routing: Pin on net 'USB2_HOST_DP' (connected: 1/4)
2026-08-15 20:21:23.472 DEBUG  Queuing item for routing: Pin on net '+3V3' (connected: 1/60)
2026-08-15 20:21:23.472 DEBUG  Queuing item for routing: Pin on net '+1V05_USB' (connected: 1/20)
2026-08-15 20:21:23.472 DEBUG  Queuing item for routing: Pin on net 'USB3_RX_N' (connected: 1/2)
2026-08-15 20:21:23.472 DEBUG  Queuing item for routing: Pin on net 'USB3_RX_P' (connected: 1/2)
2026-08-15 20:21:23.473 DEBUG  Queuing item for routing: Pin on net '+1V05_USB' (connected: 1/20)
2026-08-15 20:21:23.473 DEBUG  Queuing item for routing: Pin on net 'USB3_TX_N' (connected: 1/2)
2026-08-15 20:21:23.473 DEBUG  Queuing item for routing: Pin on net 'USB3_TX_P' (connected: 1/2)
2026-08-15 20:21:23.473 DEBUG  Queuing item for routing: Pin on net 'USB3_RREF' (connected: 1/2)
2026-08-15 20:21:23.473 DEBUG  Queuing item for routing: Pin on net '+3V3' (connected: 1/60)
2026-08-15 20:21:23.473 DEBUG  Queuing item for routing: Pin on net 'USB3_XT1' (connected: 1/2)
2026-08-15 20:21:23.473 DEBUG  Queuing item for routing: Pin on net 'USB3_XT2' (connected: 1/2)
2026-08-15 20:21:23.473 DEBUG  Queuing item for routing: Pin on net '+3V3' (connected: 1/60)
2026-08-15 20:21:23.473 DEBUG  Queuing item for routing: Pin on net '+1V05_USB' (connected: 1/20)
2026-08-15 20:21:23.474 DEBUG  Queuing item for routing: Pin on net 'USB_OC_N' (connected: 1/3)
2026-08-15 20:21:23.474 DEBUG  Queuing item for routing: Pin on net 'SPI_MOSI' (connected: 1/2)
2026-08-15 20:21:23.474 DEBUG  Queuing item for routing: Pin on net 'SPI_CLK' (connected: 1/2)
2026-08-15 20:21:23.474 DEBUG  Queuing item for routing: Pin on net 'SPI_CS_N' (connected: 1/2)
2026-08-15 20:21:23.474 DEBUG  Queuing item for routing: Pin on net 'SPI_MISO' (connected: 1/2)
2026-08-15 20:21:23.474 DEBUG  Queuing item for routing: Pin on net '+3V3' (connected: 1/60)
2026-08-15 20:21:23.474 DEBUG  Queuing item for routing: Pin on net 'USB3_POR_N' (connected: 1/3)
2026-08-15 20:21:23.474 DEBUG  Queuing item for routing: Pin on net 'PCIE_CLKREQ_N' (connected: 1/3)
2026-08-15 20:21:23.474 DEBUG  Queuing item for routing: Pin on net '+1V05_USB' (connected: 1/20)
2026-08-15 20:21:23.475 DEBUG  Queuing item for routing: Pin on net 'PCIE_TX_N' (connected: 1/2)
2026-08-15 20:21:23.475 DEBUG  Queuing item for routing: Pin on net 'PCIE_TX_P' (connected: 1/2)
2026-08-15 20:21:23.475 DEBUG  Queuing item for routing: Pin on net '+1V05_USB' (connected: 1/20)
2026-08-15 20:21:23.475 DEBUG  Queuing item for routing: Pin on net 'PCIE_RX_USB3_N' (connected: 1/2)
2026-08-15 20:21:23.475 DEBUG  Queuing item for routing: Pin on net 'PCIE_RX_USB3_P' (connected: 1/2)
2026-08-15 20:21:23.475 DEBUG  Queuing item for routing: Pin on net '+3V3' (connected: 1/60)
2026-08-15 20:21:23.475 DEBUG  Queuing item for routing: Pin on net 'PCIE_CLK_N' (connected: 1/2)
2026-08-15 20:21:23.475 DEBUG  Queuing item for routing: Pin on net 'PCIE_CLK_P' (connected: 1/2)
2026-08-15 20:21:23.475 DEBUG  Queuing item for routing: Pin on net '+3V3' (connected: 1/60)
2026-08-15 20:21:23.475 DEBUG  Queuing item for routing: Pin on net 'TYPEC_ATTACHED_N' (connected: 1/3)
2026-08-15 20:21:23.476 DEBUG  Queuing item for routing: Pin on net 'I2C_SCL' (connected: 1/8)
2026-08-15 20:21:23.476 DEBUG  Queuing item for routing: Pin on net 'I2C_SDA' (connected: 1/8)
2026-08-15 20:21:23.476 DEBUG  Queuing item for routing: Pin on net 'TYPEC_INT_N' (connected: 1/3)
2026-08-15 20:21:23.476 DEBUG  Queuing item for routing: Pin on net '+3V3' (connected: 1/60)
2026-08-15 20:21:23.476 DEBUG  Queuing item for routing: Pin on net 'CC2' (connected: 1/5)
2026-08-15 20:21:23.476 DEBUG  Queuing item for routing: Pin on net 'CC1' (connected: 1/5)
2026-08-15 20:21:23.476 DEBUG  Queuing item for routing: Pin on net 'R_LED3_N' (connected: 1/2)
2026-08-15 20:21:23.476 DEBUG  Queuing item for routing: Pin on net 'R_LCD_LEDPWM' (connected: 1/4)
2026-08-15 20:21:23.477 DEBUG  Queuing item for routing: Pin on net 'R_LED2_N' (connected: 1/2)
2026-08-15 20:21:23.477 DEBUG  Queuing item for routing: Pin on net 'R_LED1_N' (connected: 1/2)
2026-08-15 20:21:23.477 DEBUG  Queuing item for routing: Pin on net 'R_LCD_TE' (connected: 1/3)
2026-08-15 20:21:23.477 DEBUG  Queuing item for routing: Pin on net 'R_LCD_RESET' (connected: 1/3)
2026-08-15 20:21:23.477 DEBUG  Queuing item for routing: Pin on net 'LED_BOOST' (connected: 1/6)
2026-08-15 20:21:23.477 DEBUG  Queuing item for routing: Pin on net 'R_DSIB_D0_N' (connected: 1/2)
2026-08-15 20:21:23.477 DEBUG  Queuing item for routing: Pin on net 'R_DSIB_D3_N' (connected: 1/2)
2026-08-15 20:21:23.477 DEBUG  Queuing item for routing: Pin on net 'R_DSIB_D0_P' (connected: 1/2)
2026-08-15 20:21:23.477 DEBUG  Queuing item for routing: Pin on net 'R_DSIB_D3_P' (connected: 1/2)
2026-08-15 20:21:23.477 DEBUG  Queuing item for routing: Pin on net 'R_DSIB_D1_N' (connected: 1/2)
2026-08-15 20:21:23.478 DEBUG  Queuing item for routing: Pin on net 'R_DSIB_CLK_N' (connected: 1/2)
2026-08-15 20:21:23.478 DEBUG  Queuing item for routing: Pin on net 'R_DSIB_D1_P' (connected: 1/2)
2026-08-15 20:21:23.478 DEBUG  Queuing item for routing: Pin on net 'R_DSIB_CLK_P' (connected: 1/2)
2026-08-15 20:21:23.478 DEBUG  Queuing item for routing: Pin on net 'R_DSIA_D2_P' (connected: 1/2)
2026-08-15 20:21:23.478 DEBUG  Queuing item for routing: Pin on net 'R_DSIB_D2_N' (connected: 1/2)
2026-08-15 20:21:23.478 DEBUG  Queuing item for routing: Pin on net 'R_DSIA_D2_N' (connected: 1/2)
2026-08-15 20:21:23.478 DEBUG  Queuing item for routing: Pin on net 'R_DSIB_D2_P' (connected: 1/2)
2026-08-15 20:21:23.478 DEBUG  Queuing item for routing: Pin on net 'R_DSIA_CLK_P' (connected: 1/2)
2026-08-15 20:21:23.478 DEBUG  Queuing item for routing: Pin on net 'R_DSIA_D1_P' (connected: 1/2)
2026-08-15 20:21:23.479 DEBUG  Queuing item for routing: Pin on net 'R_DSIA_CLK_N' (connected: 1/2)
2026-08-15 20:21:23.479 DEBUG  Queuing item for routing: Pin on net 'R_DSIA_D1_N' (connected: 1/2)
2026-08-15 20:21:23.479 DEBUG  Queuing item for routing: Pin on net 'R_DSIA_D3_P' (connected: 1/2)
2026-08-15 20:21:23.479 DEBUG  Queuing item for routing: Pin on net 'R_DSIA_D0_P' (connected: 1/2)
2026-08-15 20:21:23.479 DEBUG  Queuing item for routing: Pin on net 'R_DSIA_D3_N' (connected: 1/2)
2026-08-15 20:21:23.479 DEBUG  Queuing item for routing: Pin on net 'R_DSIA_D0_N' (connected: 1/2)
2026-08-15 20:21:23.479 DEBUG  Queuing item for routing: Pin on net 'R_S1_TEST' (connected: 1/2)
2026-08-15 20:21:23.480 DEBUG  Queuing item for routing: Pin on net 'LCD_VSN' (connected: 1/7)
2026-08-15 20:21:23.480 DEBUG  Queuing item for routing: Pin on net 'DISPLAY_1V8' (connected: 1/28)
2026-08-15 20:21:23.480 DEBUG  Queuing item for routing: Pin on net 'LCD_VSP' (connected: 1/7)
2026-08-15 20:21:23.480 DEBUG  Queuing item for routing: Pin on net 'DISPLAY_1V8' (connected: 1/28)
2026-08-15 20:21:23.480 DEBUG  Queuing item for routing: Pin on net '+5V_SYS' (connected: 1/34)
2026-08-15 20:21:23.480 DEBUG  Queuing item for routing: Pin on net 'TYPEC_ATTACHED_N' (connected: 1/3)
2026-08-15 20:21:23.480 DEBUG  Queuing item for routing: Pin on net 'USB_OC_N' (connected: 1/3)
2026-08-15 20:21:23.480 DEBUG  Queuing item for routing: Pin on net 'USB_ILIM' (connected: 1/2)
2026-08-15 20:21:23.480 DEBUG  Queuing item for routing: Pin on net 'VBUS_USB_HOST' (connected: 1/5)
2026-08-15 20:21:23.480 DEBUG  Queuing item for routing: Pin on net 'VBUS_CHARGE' (connected: 1/16)
2026-08-15 20:21:23.480 DEBUG  Queuing item for routing: Pin on net 'VBUS_CHARGE' (connected: 1/16)
2026-08-15 20:21:23.480 DEBUG  Queuing item for routing: Pin on net 'VBUS_CHARGE' (connected: 1/16)
2026-08-15 20:21:23.480 DEBUG  Queuing item for routing: Pin on net 'USB2_HOST_DM' (connected: 1/4)
2026-08-15 20:21:23.480 DEBUG  Queuing item for routing: Pin on net 'USB2_HOST_DP' (connected: 1/4)
2026-08-15 20:21:23.480 DEBUG  Queuing item for routing: Pin on net '+3V3' (connected: 1/60)
2026-08-15 20:21:23.481 DEBUG  Queuing item for routing: Pin on net 'USB3_POR_N' (connected: 1/3)
2026-08-15 20:21:23.481 DEBUG  Queuing item for routing: Pin on net 'MIC_L_RAW_N' (connected: 1/2)
2026-08-15 20:21:23.481 DEBUG  Queuing item for routing: Pin on net '+2V8_MIC' (connected: 1/4)
2026-08-15 20:21:23.481 DEBUG  Queuing item for routing: Pin on net 'MIC_L_RAW_P' (connected: 1/2)
2026-08-15 20:21:23.481 DEBUG  Queuing item for routing: Pin on net 'USB_C_RX1_N' (connected: 1/3)
2026-08-15 20:21:23.481 DEBUG  Queuing item for routing: Pin on net 'USB_C_RX1_P' (connected: 1/3)
2026-08-15 20:21:23.481 DEBUG  Queuing item for routing: Pin on net 'USB_C_TX1_N' (connected: 1/3)
2026-08-15 20:21:23.481 DEBUG  Queuing item for routing: Pin on net 'USB_C_TX1_P' (connected: 1/3)
2026-08-15 20:21:23.481 DEBUG  Queuing item for routing: Pin on net 'DISPLAY_1V8' (connected: 1/28)
2026-08-15 20:21:23.481 DEBUG  Queuing item for routing: Pin on net 'R_REFCLK' (connected: 1/2)
2026-08-15 20:21:23.481 DEBUG  Queuing item for routing: Pin on net 'DISPLAY_1V8' (connected: 1/28)
2026-08-15 20:21:23.481 DEBUG  Queuing item for routing: Pin on net 'DISPLAY_1V8' (connected: 1/28)
2026-08-15 20:21:23.481 DEBUG  Queuing item for routing: Pin on net 'L_REFCLK' (connected: 1/2)
2026-08-15 20:21:23.482 DEBUG  Queuing item for routing: Pin on net 'DISPLAY_1V8' (connected: 1/28)
2026-08-15 20:21:23.482 DEBUG  Queuing item for routing: Pin on net 'R_REFCLK' (connected: 1/2)
2026-08-15 20:21:23.482 DEBUG  Queuing item for routing: Pin on net 'R_BRIDGE_RESETN' (connected: 1/2)
2026-08-15 20:21:23.482 DEBUG  Queuing item for routing: Pin on net 'R_1V15_CORE' (connected: 1/5)
2026-08-15 20:21:23.482 DEBUG  Queuing item for routing: Pin on net 'DISPLAY_I2C_SCL_1V8' (connected: 1/7)
2026-08-15 20:21:23.482 DEBUG  Queuing item for routing: Pin on net 'DISPLAY_I2C_SDA_1V8' (connected: 1/7)
2026-08-15 20:21:23.482 DEBUG  Queuing item for routing: Pin on net 'R_PFIL' (connected: 1/2)
2026-08-15 20:21:23.482 DEBUG  Queuing item for routing: Pin on net 'R_PCKIN' (connected: 1/2)
2026-08-15 20:21:23.482 DEBUG  Queuing item for routing: Pin on net 'R_1V2_MIPI0' (connected: 1/4)
2026-08-15 20:21:23.482 DEBUG  Queuing item for routing: Pin on net 'R_1V8_IO' (connected: 1/4)
2026-08-15 20:21:23.482 DEBUG  Queuing item for routing: Pin on net 'R_BRIDGE_INT' (connected: 1/3)
2026-08-15 20:21:23.482 DEBUG  Queuing item for routing: Pin on net 'R_BIASDA' (connected: 1/2)
2026-08-15 20:21:23.482 DEBUG  Queuing item for routing: Pin on net 'R_DSIA_D0_P' (connected: 1/2)
2026-08-15 20:21:23.482 DEBUG  Queuing item for routing: Pin on net 'R_DSIA_D0_N' (connected: 1/2)
2026-08-15 20:21:23.482 DEBUG  Queuing item for routing: Pin on net 'R_3V3_IO' (connected: 1/3)
2026-08-15 20:21:23.482 DEBUG  Queuing item for routing: Pin on net 'R_DSIA_D1_P' (connected: 1/2)
2026-08-15 20:21:23.482 DEBUG  Queuing item for routing: Pin on net 'R_DSIA_D1_N' (connected: 1/2)
2026-08-15 20:21:23.482 DEBUG  Queuing item for routing: Pin on net 'R_1V15_HDMI' (connected: 1/4)
2026-08-15 20:21:23.483 DEBUG  Queuing item for routing: Pin on net 'R_3V3_HDMI' (connected: 1/7)
2026-08-15 20:21:23.483 DEBUG  Queuing item for routing: Pin on net 'R_DSIA_CLK_P' (connected: 1/2)
2026-08-15 20:21:23.483 DEBUG  Queuing item for routing: Pin on net 'R_DSIA_CLK_N' (connected: 1/2)
2026-08-15 20:21:23.483 DEBUG  Queuing item for routing: Pin on net 'HDMI_R_D2_N' (connected: 1/2)
2026-08-15 20:21:23.483 DEBUG  Queuing item for routing: Pin on net 'HDMI_R_D2_P' (connected: 1/2)
2026-08-15 20:21:23.483 DEBUG  Queuing item for routing: Pin on net 'R_DSIA_D2_P' (connected: 1/2)
2026-08-15 20:21:23.483 DEBUG  Queuing item for routing: Pin on net 'R_DSIA_D2_N' (connected: 1/2)
2026-08-15 20:21:23.483 DEBUG  Queuing item for routing: Pin on net 'HDMI_R_D1_N' (connected: 1/2)
2026-08-15 20:21:23.483 DEBUG  Queuing item for routing: Pin on net 'HDMI_R_D1_P' (connected: 1/2)
2026-08-15 20:21:23.483 DEBUG  Queuing item for routing: Pin on net 'R_DSIA_D3_P' (connected: 1/2)
2026-08-15 20:21:23.483 DEBUG  Queuing item for routing: Pin on net 'R_DSIA_D3_N' (connected: 1/2)
2026-08-15 20:21:23.483 DEBUG  Queuing item for routing: Pin on net 'HDMI_R_D0_N' (connected: 1/2)
2026-08-15 20:21:23.483 DEBUG  Queuing item for routing: Pin on net 'HDMI_R_D0_P' (connected: 1/2)
2026-08-15 20:21:23.483 DEBUG  Queuing item for routing: Pin on net 'R_1V15_CORE' (connected: 1/5)
2026-08-15 20:21:23.483 DEBUG  Queuing item for routing: Pin on net 'HDMI_R_CLK_N' (connected: 1/2)
2026-08-15 20:21:23.483 DEBUG  Queuing item for routing: Pin on net 'HDMI_R_CLK_P' (connected: 1/2)
2026-08-15 20:21:23.483 DEBUG  Queuing item for routing: Pin on net 'R_1V2_MIPI1' (connected: 1/3)
2026-08-15 20:21:23.483 DEBUG  Queuing item for routing: Pin on net 'R_DSIB_D0_N' (connected: 1/2)
2026-08-15 20:21:23.483 DEBUG  Queuing item for routing: Pin on net 'R_DSIB_D1_N' (connected: 1/2)
2026-08-15 20:21:23.484 DEBUG  Queuing item for routing: Pin on net 'R_DSIB_CLK_N' (connected: 1/2)
2026-08-15 20:21:23.484 DEBUG  Queuing item for routing: Pin on net 'R_DSIB_D2_N' (connected: 1/2)
2026-08-15 20:21:23.484 DEBUG  Queuing item for routing: Pin on net 'R_DSIB_D3_N' (connected: 1/2)
2026-08-15 20:21:23.484 DEBUG  Queuing item for routing: Pin on net 'HDMI_R_HPD' (connected: 1/2)
2026-08-15 20:21:23.484 DEBUG  Queuing item for routing: Pin on net 'HDMI_R_DDC_SDA' (connected: 1/2)
2026-08-15 20:21:23.484 DEBUG  Queuing item for routing: Pin on net 'R_1V15_HDMI' (connected: 1/4)
2026-08-15 20:21:23.484 DEBUG  Queuing item for routing: Pin on net 'R_3V3_HDMI' (connected: 1/7)
2026-08-15 20:21:23.484 DEBUG  Queuing item for routing: Pin on net 'R_DSIB_D0_P' (connected: 1/2)
2026-08-15 20:21:23.484 DEBUG  Queuing item for routing: Pin on net 'R_DSIB_D1_P' (connected: 1/2)
2026-08-15 20:21:23.484 DEBUG  Queuing item for routing: Pin on net 'R_DSIB_CLK_P' (connected: 1/2)
2026-08-15 20:21:23.484 DEBUG  Queuing item for routing: Pin on net 'R_DSIB_D2_P' (connected: 1/2)
2026-08-15 20:21:23.484 DEBUG  Queuing item for routing: Pin on net 'R_DSIB_D3_P' (connected: 1/2)
2026-08-15 20:21:23.484 DEBUG  Queuing item for routing: Pin on net 'R_HPDI' (connected: 1/3)
2026-08-15 20:21:23.484 DEBUG  Queuing item for routing: Pin on net 'HDMI_R_DDC_SCL' (connected: 1/2)
2026-08-15 20:21:23.484 DEBUG  Queuing item for routing: Pin on net 'HDMI_R_CEC' (connected: 1/2)
2026-08-15 20:21:23.484 DEBUG  Queuing item for routing: Pin on net 'R_REXT' (connected: 1/2)
2026-08-15 20:21:23.484 DEBUG  Queuing item for routing: Pin on net 'DISPLAY_1V8' (connected: 1/28)
2026-08-15 20:21:23.484 DEBUG  Queuing item for routing: Pin on net 'DISPLAY_I2C_SCL_1V8' (connected: 1/7)
2026-08-15 20:21:23.484 DEBUG  Queuing item for routing: Pin on net '+3V3' (connected: 1/60)
2026-08-15 20:21:23.484 DEBUG  Queuing item for routing: Pin on net 'I2C_SCL' (connected: 1/8)
2026-08-15 20:21:23.484 DEBUG  Queuing item for routing: Pin on net 'DISPLAY_1V8' (connected: 1/28)
2026-08-15 20:21:23.485 DEBUG  Queuing item for routing: Pin on net 'DISPLAY_GPIO_RESETN' (connected: 1/2)
2026-08-15 20:21:23.485 DEBUG  Queuing item for routing: Pin on net 'DISPLAY_1V8' (connected: 1/28)
2026-08-15 20:21:23.485 DEBUG  Queuing item for routing: Pin on net 'DISPLAY_GPIO_INT_N' (connected: 1/2)
2026-08-15 20:21:23.485 DEBUG  Queuing item for routing: Pin on net 'DISPLAY_1V8' (connected: 1/28)
2026-08-15 20:21:23.485 DEBUG  Queuing item for routing: Pin on net 'DISPLAY_I2C_SDA_1V8' (connected: 1/7)
2026-08-15 20:21:23.485 DEBUG  Queuing item for routing: Pin on net '+3V3' (connected: 1/60)
2026-08-15 20:21:23.485 DEBUG  Queuing item for routing: Pin on net 'I2C_SDA' (connected: 1/8)
2026-08-15 20:21:23.485 DEBUG  Queuing item for routing: Pin on net 'USB_C_RX1_P' (connected: 1/3)
2026-08-15 20:21:23.485 DEBUG  Queuing item for routing: Pin on net 'USB_C_RX1_N' (connected: 1/3)
2026-08-15 20:21:23.485 DEBUG  Queuing item for routing: Pin on net 'VBUS_USB_HOST' (connected: 1/5)
2026-08-15 20:21:23.485 DEBUG  Queuing item for routing: Pin on net 'USB2_HOST_DM' (connected: 1/4)
2026-08-15 20:21:23.485 DEBUG  Queuing item for routing: Pin on net 'USB2_HOST_DP' (connected: 1/4)
2026-08-15 20:21:23.485 DEBUG  Queuing item for routing: Pin on net 'CC2' (connected: 1/5)
2026-08-15 20:21:23.485 DEBUG  Queuing item for routing: Pin on net 'VBUS_USB_HOST' (connected: 1/5)
2026-08-15 20:21:23.485 DEBUG  Queuing item for routing: Pin on net 'USB_C_TX2_N' (connected: 1/3)
2026-08-15 20:21:23.485 DEBUG  Queuing item for routing: Pin on net 'USB_C_TX2_P' (connected: 1/3)
2026-08-15 20:21:23.485 DEBUG  Queuing item for routing: Pin on net 'USB_C_RX2_P' (connected: 1/3)
2026-08-15 20:21:23.485 DEBUG  Queuing item for routing: Pin on net 'USB_C_RX2_N' (connected: 1/3)
2026-08-15 20:21:23.485 DEBUG  Queuing item for routing: Pin on net 'VBUS_USB_HOST' (connected: 1/5)
2026-08-15 20:21:23.485 DEBUG  Queuing item for routing: Pin on net 'USB2_HOST_DM' (connected: 1/4)
2026-08-15 20:21:23.485 DEBUG  Queuing item for routing: Pin on net 'USB2_HOST_DP' (connected: 1/4)
2026-08-15 20:21:23.486 DEBUG  Queuing item for routing: Pin on net 'CC1' (connected: 1/5)
2026-08-15 20:21:23.486 DEBUG  Queuing item for routing: Pin on net 'VBUS_USB_HOST' (connected: 1/5)
2026-08-15 20:21:23.486 DEBUG  Queuing item for routing: Pin on net 'USB_C_TX1_N' (connected: 1/3)
2026-08-15 20:21:23.486 DEBUG  Queuing item for routing: Pin on net 'USB_C_TX1_P' (connected: 1/3)
2026-08-15 20:21:23.486 DEBUG  Queuing item for routing: Pin on net 'USB3_XT2' (connected: 1/2)
2026-08-15 20:21:23.486 DEBUG  Queuing item for routing: Pin on net 'USB3_XT1' (connected: 1/2)
2026-08-15 20:21:23.486 DEBUG  Queuing item for routing: Pin on net 'AUDIO_RESET_N' (connected: 1/2)
2026-08-15 20:21:23.486 DEBUG  Queuing item for routing: Pin on net '+3V3' (connected: 1/60)
2026-08-15 20:21:23.486 DEBUG  Queuing item for routing: Pin on net 'AUDIO_1V8_LDO' (connected: 1/3)
2026-08-15 20:21:23.486 DEBUG  Queuing item for routing: Pin on net 'HP_R_CODEC' (connected: 1/2)
2026-08-15 20:21:23.486 DEBUG  Queuing item for routing: Pin on net '+3V3_AUDIO' (connected: 1/7)
2026-08-15 20:21:23.486 DEBUG  Queuing item for routing: Pin on net 'HP_L_CODEC' (connected: 1/2)
2026-08-15 20:21:23.486 DEBUG  Queuing item for routing: Pin on net 'AUDIO_1V8_LDO' (connected: 1/3)
2026-08-15 20:21:23.486 DEBUG  Queuing item for routing: Pin on net 'JACK_MIC_CODEC' (connected: 1/2)
2026-08-15 20:21:23.486 DEBUG  Queuing item for routing: Pin on net 'MICBIAS' (connected: 1/3)
2026-08-15 20:21:23.486 DEBUG  Queuing item for routing: Pin on net 'AUDIO_REF' (connected: 1/2)
2026-08-15 20:21:23.486 DEBUG  Queuing item for routing: Pin on net 'MIC_L_N' (connected: 1/2)
2026-08-15 20:21:23.486 DEBUG  Queuing item for routing: Pin on net 'MIC_L_P' (connected: 1/2)
2026-08-15 20:21:23.486 DEBUG  Queuing item for routing: Pin on net 'MIC_R_P' (connected: 1/2)
2026-08-15 20:21:23.487 DEBUG  Queuing item for routing: Pin on net 'MIC_R_N' (connected: 1/2)
2026-08-15 20:21:23.487 DEBUG  Queuing item for routing: Pin on net 'I2C_SDA' (connected: 1/8)
2026-08-15 20:21:23.487 DEBUG  Queuing item for routing: Pin on net 'I2C_SCL' (connected: 1/8)
2026-08-15 20:21:23.487 DEBUG  Queuing item for routing: Pin on net '+3V3' (connected: 1/60)
2026-08-15 20:21:23.487 DEBUG  Queuing item for routing: Pin on net 'I2S_DIN' (connected: 1/2)
2026-08-15 20:21:23.487 DEBUG  Queuing item for routing: Pin on net 'I2S_DOUT' (connected: 1/2)
2026-08-15 20:21:23.487 DEBUG  Queuing item for routing: Pin on net 'I2S_LRCLK' (connected: 1/2)
2026-08-15 20:21:23.487 DEBUG  Queuing item for routing: Pin on net 'I2S_BCLK' (connected: 1/2)
2026-08-15 20:21:23.487 DEBUG  Queuing item for routing: Pin on net 'AUDIO_MCLK' (connected: 1/2)
2026-08-15 20:21:23.487 DEBUG  Queuing item for routing: Pin on net 'VBUS_CHARGE' (connected: 2/16)
2026-08-15 20:21:23.487 DEBUG  Queuing item for routing: Pin on net 'USB2_SERVICE_DM' (connected: 1/4)
2026-08-15 20:21:23.487 DEBUG  Queuing item for routing: Pin on net 'USB2_SERVICE_DP' (connected: 1/4)
2026-08-15 20:21:23.487 DEBUG  Queuing item for routing: Pin on net 'CC2' (connected: 1/5)
2026-08-15 20:21:23.487 DEBUG  Queuing item for routing: Pin on net 'VBUS_CHARGE' (connected: 2/16)
2026-08-15 20:21:23.487 DEBUG  Queuing item for routing: Pin on net 'USB2_SERVICE_DM' (connected: 1/4)
2026-08-15 20:21:23.488 DEBUG  Queuing item for routing: Pin on net 'USB2_SERVICE_DP' (connected: 1/4)
2026-08-15 20:21:23.488 DEBUG  Queuing item for routing: Pin on net 'CC1' (connected: 1/5)
2026-08-15 20:21:23.488 DEBUG  Queuing item for routing: Pin on net '+3V3' (connected: 1/60)
2026-08-15 20:21:23.488 DEBUG  Queuing item for routing: Pin on net 'I2C_SCL' (connected: 1/8)
2026-08-15 20:21:23.488 DEBUG  Queuing item for routing: Pin on net 'I2C_SDA' (connected: 1/8)
2026-08-15 20:21:23.488 DEBUG  Queuing item for routing: Pin on net 'PROX_INT' (connected: 1/2)
2026-08-15 20:21:23.488 DEBUG  Queuing item for routing: Pin on net 'USB_C_RX2_N' (connected: 1/3)
2026-08-15 20:21:23.488 DEBUG  Queuing item for routing: Pin on net 'USB_C_RX2_P' (connected: 1/3)
2026-08-15 20:21:23.488 DEBUG  Queuing item for routing: Pin on net 'USB_C_TX2_N' (connected: 1/3)
2026-08-15 20:21:23.488 DEBUG  Queuing item for routing: Pin on net 'USB_C_TX2_P' (connected: 1/3)
2026-08-15 20:21:23.488 DEBUG  Queuing item for routing: Pin on net 'JACK_MIC' (connected: 1/3)
2026-08-15 20:21:23.488 DEBUG  Queuing item for routing: Pin on net 'HP_R' (connected: 1/2)
2026-08-15 20:21:23.488 DEBUG  Queuing item for routing: Pin on net 'HP_L' (connected: 1/2)
2026-08-15 20:21:23.488 DEBUG  Queuing item for routing: Pin on net 'L_3V3_HDMI' (connected: 1/7)
2026-08-15 20:21:23.488 DEBUG  Queuing item for routing: Pin on net 'DISPLAY_3V3' (connected: 1/8)
2026-08-15 20:21:23.488 DEBUG  Queuing item for routing: Pin on net 'R_1V2_MIPI0' (connected: 1/4)
2026-08-15 20:21:23.488 DEBUG  Queuing item for routing: Pin on net 'DISPLAY_1V2' (connected: 1/8)
2026-08-15 20:21:23.488 DEBUG  Queuing item for routing: Pin on net 'R_3V3_IO' (connected: 1/3)
2026-08-15 20:21:23.489 DEBUG  Queuing item for routing: Pin on net 'DISPLAY_3V3' (connected: 1/8)
2026-08-15 20:21:23.489 DEBUG  Queuing item for routing: Pin on net 'L_1V2_MIPI0' (connected: 1/4)
2026-08-15 20:21:23.489 DEBUG  Queuing item for routing: Pin on net 'DISPLAY_1V2' (connected: 1/8)
2026-08-15 20:21:23.489 DEBUG  Queuing item for routing: Pin on net 'L_1V2_MIPI1' (connected: 1/3)
2026-08-15 20:21:23.489 DEBUG  Queuing item for routing: Pin on net 'DISPLAY_1V2' (connected: 1/8)
2026-08-15 20:21:23.489 DEBUG  Queuing item for routing: Pin on net 'R_1V2_MIPI1' (connected: 1/3)
2026-08-15 20:21:23.489 DEBUG  Queuing item for routing: Pin on net 'DISPLAY_1V2' (connected: 1/8)
2026-08-15 20:21:23.489 DEBUG  Queuing item for routing: Pin on net 'L_1V8_IO' (connected: 1/4)
2026-08-15 20:21:23.489 DEBUG  Queuing item for routing: Pin on net 'DISPLAY_1V8' (connected: 1/28)
2026-08-15 20:21:23.489 DEBUG  Queuing item for routing: Pin on net 'L_1V15_CORE' (connected: 1/5)
2026-08-15 20:21:23.489 DEBUG  Queuing item for routing: Pin on net 'DISPLAY_1V15' (connected: 1/8)
2026-08-15 20:21:23.489 DEBUG  Queuing item for routing: Pin on net '+3V3_AUDIO' (connected: 1/7)
2026-08-15 20:21:23.489 DEBUG  Queuing item for routing: Pin on net '+3V3' (connected: 1/60)
2026-08-15 20:21:23.489 DEBUG  Queuing item for routing: Pin on net 'R_1V15_CORE' (connected: 1/5)
2026-08-15 20:21:23.489 DEBUG  Queuing item for routing: Pin on net 'DISPLAY_1V15' (connected: 1/8)
2026-08-15 20:21:23.489 DEBUG  Queuing item for routing: Pin on net 'L_3V3_IO' (connected: 1/3)
2026-08-15 20:21:23.489 DEBUG  Queuing item for routing: Pin on net 'DISPLAY_3V3' (connected: 1/8)
2026-08-15 20:21:23.489 DEBUG  Queuing item for routing: Pin on net 'R_1V8_IO' (connected: 1/4)
2026-08-15 20:21:23.489 DEBUG  Queuing item for routing: Pin on net 'DISPLAY_1V8' (connected: 1/28)
2026-08-15 20:21:23.489 DEBUG  Queuing item for routing: Pin on net 'R_1V15_HDMI' (connected: 1/4)
2026-08-15 20:21:23.489 DEBUG  Queuing item for routing: Pin on net 'DISPLAY_1V15' (connected: 1/8)
2026-08-15 20:21:23.490 DEBUG  Queuing item for routing: Pin on net 'L_1V15_HDMI' (connected: 1/4)
2026-08-15 20:21:23.490 DEBUG  Queuing item for routing: Pin on net 'DISPLAY_1V15' (connected: 1/8)
2026-08-15 20:21:23.490 DEBUG  Queuing item for routing: Pin on net 'R_3V3_HDMI' (connected: 1/7)
2026-08-15 20:21:23.490 DEBUG  Queuing item for routing: Pin on net 'DISPLAY_3V3' (connected: 1/8)
2026-08-15 20:21:23.490 DEBUG  Queuing item for routing: Pin on net '+1V05_USB' (connected: 1/20)
2026-08-15 20:21:23.490 DEBUG  Queuing item for routing: Pin on net 'MICBIAS' (connected: 1/3)
2026-08-15 20:21:23.490 DEBUG  Queuing item for routing: Pin on net '+3V3' (connected: 1/60)
2026-08-15 20:21:23.490 DEBUG  Queuing item for routing: Pin on net '+3V3' (connected: 1/60)
2026-08-15 20:21:23.490 DEBUG  Queuing item for routing: Pin on net 'PCIE_RX_N' (connected: 1/2)
2026-08-15 20:21:23.490 DEBUG  Queuing item for routing: Pin on net 'PCIE_RX_USB3_N' (connected: 1/2)
2026-08-15 20:21:23.490 DEBUG  Queuing item for routing: Pin on net '+3V3' (connected: 1/60)
2026-08-15 20:21:23.490 DEBUG  Queuing item for routing: Pin on net '+2V8_MIC' (connected: 1/4)
2026-08-15 20:21:23.490 DEBUG  Queuing item for routing: Pin on net '+3V3' (connected: 1/60)
2026-08-15 20:21:23.490 DEBUG  Queuing item for routing: Pin on net '+3V3' (connected: 1/60)
2026-08-15 20:21:23.490 DEBUG  Queuing item for routing: Pin on net 'PCIE_RX_P' (connected: 1/2)
2026-08-15 20:21:23.490 DEBUG  Queuing item for routing: Pin on net 'PCIE_RX_USB3_P' (connected: 1/2)
2026-08-15 20:21:23.490 DEBUG  Queuing item for routing: Pin on net '+3V3_AUDIO' (connected: 1/7)
2026-08-15 20:21:23.490 DEBUG  Queuing item for routing: Pin on net 'AUDIO_1V8_LDO' (connected: 1/3)
2026-08-15 20:21:23.490 DEBUG  Queuing item for routing: Pin on net '+1V05_USB' (connected: 1/20)
2026-08-15 20:21:23.490 DEBUG  Queuing item for routing: Pin on net '+1V05_USB' (connected: 1/20)
2026-08-15 20:21:23.490 DEBUG  Queuing item for routing: Pin on net '+1V05_USB' (connected: 1/20)
2026-08-15 20:21:23.490 DEBUG  Queuing item for routing: Pin on net '+3V3_AUDIO' (connected: 1/7)
2026-08-15 20:21:23.491 DEBUG  Queuing item for routing: Pin on net '+1V05_USB' (connected: 1/20)
2026-08-15 20:21:23.491 DEBUG  Queuing item for routing: Pin on net 'AUDIO_REF' (connected: 1/2)
2026-08-15 20:21:23.491 DEBUG  Queuing item for routing: Pin on net '+3V3' (connected: 1/60)
2026-08-15 20:21:23.491 DEBUG  Queuing item for routing: Pin on net 'PGOOD_5V' (connected: 1/2)
2026-08-15 20:21:23.491 DEBUG  Queuing item for routing: Pin on net '+5V_SYS' (connected: 1/34)
2026-08-15 20:21:23.491 DEBUG  Queuing item for routing: Pin on net '+1V05_USB' (connected: 1/20)
2026-08-15 20:21:23.491 DEBUG  Queuing item for routing: Pin on net 'VBAT_SYS' (connected: 1/14)
2026-08-15 20:21:23.491 DEBUG  Queuing item for routing: Pin on net 'CHG_STAT' (connected: 1/2)
2026-08-15 20:21:23.491 DEBUG  Queuing item for routing: Pin on net 'BL_EN' (connected: 1/3)
2026-08-15 20:21:23.491 DEBUG  Queuing item for routing: Pin on net 'DISPLAY_1V15' (connected: 1/8)
2026-08-15 20:21:23.491 DEBUG  Queuing item for routing: Pin on net 'DISPLAY_I2C_SDA_1V8' (connected: 1/7)
2026-08-15 20:21:23.491 DEBUG  Queuing item for routing: Pin on net 'LCD_VSN' (connected: 1/7)
2026-08-15 20:21:23.491 DEBUG  Queuing item for routing: Pin on net '+5V_SYS' (connected: 1/34)
2026-08-15 20:21:23.491 DEBUG  Queuing item for routing: Pin on net 'DISPLAY_I2C_SCL_1V8' (connected: 1/7)
2026-08-15 20:21:23.491 DEBUG  Queuing item for routing: Pin on net 'LCD_VSP' (connected: 1/7)
2026-08-15 20:21:23.491 DEBUG  Queuing item for routing: Pin on net 'R_LCD_LEDPWM' (connected: 1/4)
2026-08-15 20:21:23.491 DEBUG  Queuing item for routing: Pin on net 'L_LCD_TE' (connected: 1/3)
2026-08-15 20:21:23.491 DEBUG  Queuing item for routing: Pin on net 'R_LCD_TE' (connected: 1/3)
2026-08-15 20:21:23.491 DEBUG  Queuing item for routing: Pin on net 'L_LCD_LEDPWM' (connected: 1/4)
2026-08-15 20:21:23.491 DEBUG  Queuing item for routing: Pin on net 'L_S1_TEST' (connected: 1/2)
2026-08-15 20:21:23.491 DEBUG  Queuing item for routing: Pin on net 'DISPLAY_3V3' (connected: 1/8)
2026-08-15 20:21:23.491 DEBUG  Queuing item for routing: Pin on net 'DISPLAY_1V2' (connected: 1/8)
2026-08-15 20:21:23.491 DEBUG  Queuing item for routing: Pin on net 'R_S1_TEST' (connected: 1/2)
2026-08-15 20:21:23.492 DEBUG  Queuing item for routing: Pin on net 'DISPLAY_1V8' (connected: 1/28)
2026-08-15 20:21:23.492 DEBUG  Queuing item for routing: Pin on net 'BL_PWM' (connected: 1/5)
2026-08-15 20:21:23.492 DEBUG  Queuing item for routing: Pin on net 'L_REFCLK' (connected: 1/2)
2026-08-15 20:21:23.492 DEBUG  Queuing item for routing: Pin on net 'L_BRIDGE_RESETN' (connected: 1/2)
2026-08-15 20:21:23.492 DEBUG  Queuing item for routing: Pin on net 'L_1V15_CORE' (connected: 1/5)
2026-08-15 20:21:23.492 DEBUG  Queuing item for routing: Pin on net 'DISPLAY_I2C_SCL_1V8' (connected: 1/7)
2026-08-15 20:21:23.492 DEBUG  Queuing item for routing: Pin on net 'DISPLAY_I2C_SDA_1V8' (connected: 1/7)
2026-08-15 20:21:23.492 DEBUG  Queuing item for routing: Pin on net 'L_PFIL' (connected: 1/2)
2026-08-15 20:21:23.492 DEBUG  Queuing item for routing: Pin on net 'L_PCKIN' (connected: 1/2)
2026-08-15 20:21:23.492 DEBUG  Queuing item for routing: Pin on net 'L_1V2_MIPI0' (connected: 1/4)
2026-08-15 20:21:23.492 DEBUG  Queuing item for routing: Pin on net 'L_1V8_IO' (connected: 1/4)
2026-08-15 20:21:23.492 DEBUG  Queuing item for routing: Pin on net 'L_BRIDGE_INT' (connected: 1/3)
2026-08-15 20:21:23.492 DEBUG  Queuing item for routing: Pin on net 'L_BIASDA' (connected: 1/2)
2026-08-15 20:21:23.492 DEBUG  Queuing item for routing: Pin on net 'L_DSIA_D0_P' (connected: 1/2)
2026-08-15 20:21:23.492 DEBUG  Queuing item for routing: Pin on net 'L_DSIA_D0_N' (connected: 1/2)
2026-08-15 20:21:23.492 DEBUG  Queuing item for routing: Pin on net 'L_3V3_IO' (connected: 1/3)
2026-08-15 20:21:23.492 DEBUG  Queuing item for routing: Pin on net 'L_DSIA_D1_P' (connected: 1/2)
2026-08-15 20:21:23.492 DEBUG  Queuing item for routing: Pin on net 'L_DSIA_D1_N' (connected: 1/2)
2026-08-15 20:21:23.492 DEBUG  Queuing item for routing: Pin on net 'L_1V15_HDMI' (connected: 1/4)
2026-08-15 20:21:23.492 DEBUG  Queuing item for routing: Pin on net 'L_3V3_HDMI' (connected: 1/7)
2026-08-15 20:21:23.492 DEBUG  Queuing item for routing: Pin on net 'L_DSIA_CLK_P' (connected: 1/2)
2026-08-15 20:21:23.492 DEBUG  Queuing item for routing: Pin on net 'L_DSIA_CLK_N' (connected: 1/2)
2026-08-15 20:21:23.492 DEBUG  Queuing item for routing: Pin on net 'HDMI_L_D2_N' (connected: 1/2)
2026-08-15 20:21:23.492 DEBUG  Queuing item for routing: Pin on net 'HDMI_L_D2_P' (connected: 1/2)
2026-08-15 20:21:23.493 DEBUG  Queuing item for routing: Pin on net 'L_DSIA_D2_P' (connected: 1/2)
2026-08-15 20:21:23.493 DEBUG  Queuing item for routing: Pin on net 'L_DSIA_D2_N' (connected: 1/2)
2026-08-15 20:21:23.493 DEBUG  Queuing item for routing: Pin on net 'HDMI_L_D1_N' (connected: 1/2)
2026-08-15 20:21:23.493 DEBUG  Queuing item for routing: Pin on net 'HDMI_L_D1_P' (connected: 1/2)
2026-08-15 20:21:23.493 DEBUG  Queuing item for routing: Pin on net 'L_DSIA_D3_P' (connected: 1/2)
2026-08-15 20:21:23.493 DEBUG  Queuing item for routing: Pin on net 'L_DSIA_D3_N' (connected: 1/2)
2026-08-15 20:21:23.493 DEBUG  Queuing item for routing: Pin on net 'HDMI_L_D0_N' (connected: 1/2)
2026-08-15 20:21:23.493 DEBUG  Queuing item for routing: Pin on net 'HDMI_L_D0_P' (connected: 1/2)
2026-08-15 20:21:23.493 DEBUG  Queuing item for routing: Pin on net 'L_1V15_CORE' (connected: 1/5)
2026-08-15 20:21:23.493 DEBUG  Queuing item for routing: Pin on net 'HDMI_L_CLK_N' (connected: 1/2)
2026-08-15 20:21:23.493 DEBUG  Queuing item for routing: Pin on net 'HDMI_L_CLK_P' (connected: 1/2)
2026-08-15 20:21:23.493 DEBUG  Queuing item for routing: Pin on net 'L_1V2_MIPI1' (connected: 1/3)
2026-08-15 20:21:23.493 DEBUG  Queuing item for routing: Pin on net 'L_DSIB_D0_N' (connected: 1/2)
2026-08-15 20:21:23.493 DEBUG  Queuing item for routing: Pin on net 'L_DSIB_D1_N' (connected: 1/2)
2026-08-15 20:21:23.493 DEBUG  Queuing item for routing: Pin on net 'L_DSIB_CLK_N' (connected: 1/2)
2026-08-15 20:21:23.493 DEBUG  Queuing item for routing: Pin on net 'L_DSIB_D2_N' (connected: 1/2)
2026-08-15 20:21:23.493 DEBUG  Queuing item for routing: Pin on net 'L_DSIB_D3_N' (connected: 1/2)
2026-08-15 20:21:23.493 DEBUG  Queuing item for routing: Pin on net 'HDMI_L_HPD' (connected: 1/2)
2026-08-15 20:21:23.493 DEBUG  Queuing item for routing: Pin on net 'HDMI_L_DDC_SDA' (connected: 1/2)
2026-08-15 20:21:23.493 DEBUG  Queuing item for routing: Pin on net 'L_1V15_HDMI' (connected: 1/4)
2026-08-15 20:21:23.493 DEBUG  Queuing item for routing: Pin on net 'L_3V3_HDMI' (connected: 1/7)
2026-08-15 20:21:23.493 DEBUG  Queuing item for routing: Pin on net 'L_DSIB_D0_P' (connected: 1/2)
2026-08-15 20:21:23.493 DEBUG  Queuing item for routing: Pin on net 'L_DSIB_D1_P' (connected: 1/2)
2026-08-15 20:21:23.493 DEBUG  Queuing item for routing: Pin on net 'L_DSIB_CLK_P' (connected: 1/2)
2026-08-15 20:21:23.494 DEBUG  Queuing item for routing: Pin on net 'L_DSIB_D2_P' (connected: 1/2)
2026-08-15 20:21:23.494 DEBUG  Queuing item for routing: Pin on net 'L_DSIB_D3_P' (connected: 1/2)
2026-08-15 20:21:23.494 DEBUG  Queuing item for routing: Pin on net 'L_HPDI' (connected: 1/3)
2026-08-15 20:21:23.494 DEBUG  Queuing item for routing: Pin on net 'HDMI_L_DDC_SCL' (connected: 1/2)
2026-08-15 20:21:23.494 DEBUG  Queuing item for routing: Pin on net 'HDMI_L_CEC' (connected: 1/2)
2026-08-15 20:21:23.494 DEBUG  Queuing item for routing: Pin on net 'L_REXT' (connected: 1/2)
2026-08-15 20:21:23.494 DEBUG  Queuing item for routing: Pin on net 'L_LED3_N' (connected: 1/2)
2026-08-15 20:21:23.494 DEBUG  Queuing item for routing: Pin on net 'L_LCD_LEDPWM' (connected: 1/4)
2026-08-15 20:21:23.494 DEBUG  Queuing item for routing: Pin on net 'L_LED2_N' (connected: 1/2)
2026-08-15 20:21:23.494 DEBUG  Queuing item for routing: Pin on net 'L_LED1_N' (connected: 1/2)
2026-08-15 20:21:23.494 DEBUG  Queuing item for routing: Pin on net 'L_LCD_TE' (connected: 1/3)
2026-08-15 20:21:23.494 DEBUG  Queuing item for routing: Pin on net 'L_LCD_RESET' (connected: 1/3)
2026-08-15 20:21:23.494 DEBUG  Queuing item for routing: Pin on net 'LED_BOOST' (connected: 1/6)
2026-08-15 20:21:23.494 DEBUG  Queuing item for routing: Pin on net 'L_DSIB_D0_N' (connected: 1/2)
2026-08-15 20:21:23.494 DEBUG  Queuing item for routing: Pin on net 'L_DSIB_D3_N' (connected: 1/2)
2026-08-15 20:21:23.494 DEBUG  Queuing item for routing: Pin on net 'L_DSIB_D0_P' (connected: 1/2)
2026-08-15 20:21:23.494 DEBUG  Queuing item for routing: Pin on net 'L_DSIB_D3_P' (connected: 1/2)
2026-08-15 20:21:23.494 DEBUG  Queuing item for routing: Pin on net 'L_DSIB_D1_N' (connected: 1/2)
2026-08-15 20:21:23.494 DEBUG  Queuing item for routing: Pin on net 'L_DSIB_CLK_N' (connected: 1/2)
2026-08-15 20:21:23.494 DEBUG  Queuing item for routing: Pin on net 'L_DSIB_D1_P' (connected: 1/2)
2026-08-15 20:21:23.494 DEBUG  Queuing item for routing: Pin on net 'L_DSIB_CLK_P' (connected: 1/2)
2026-08-15 20:21:23.494 DEBUG  Queuing item for routing: Pin on net 'L_DSIA_D2_P' (connected: 1/2)
2026-08-15 20:21:23.494 DEBUG  Queuing item for routing: Pin on net 'L_DSIB_D2_N' (connected: 1/2)
2026-08-15 20:21:23.494 DEBUG  Queuing item for routing: Pin on net 'L_DSIA_D2_N' (connected: 1/2)
2026-08-15 20:21:23.495 DEBUG  Queuing item for routing: Pin on net 'L_DSIB_D2_P' (connected: 1/2)
2026-08-15 20:21:23.495 DEBUG  Queuing item for routing: Pin on net 'L_DSIA_CLK_P' (connected: 1/2)
2026-08-15 20:21:23.495 DEBUG  Queuing item for routing: Pin on net 'L_DSIA_D1_P' (connected: 1/2)
2026-08-15 20:21:23.495 DEBUG  Queuing item for routing: Pin on net 'L_DSIA_CLK_N' (connected: 1/2)
2026-08-15 20:21:23.495 DEBUG  Queuing item for routing: Pin on net 'L_DSIA_D1_N' (connected: 1/2)
2026-08-15 20:21:23.495 DEBUG  Queuing item for routing: Pin on net 'L_DSIA_D3_P' (connected: 1/2)
2026-08-15 20:21:23.495 DEBUG  Queuing item for routing: Pin on net 'L_DSIA_D0_P' (connected: 1/2)
2026-08-15 20:21:23.495 DEBUG  Queuing item for routing: Pin on net 'L_DSIA_D3_N' (connected: 1/2)
2026-08-15 20:21:23.495 DEBUG  Queuing item for routing: Pin on net 'L_DSIA_D0_N' (connected: 1/2)
2026-08-15 20:21:23.495 DEBUG  Queuing item for routing: Pin on net 'L_S1_TEST' (connected: 1/2)
2026-08-15 20:21:23.495 DEBUG  Queuing item for routing: Pin on net 'LCD_VSN' (connected: 1/7)
2026-08-15 20:21:23.495 DEBUG  Queuing item for routing: Pin on net 'DISPLAY_1V8' (connected: 1/28)
2026-08-15 20:21:23.495 DEBUG  Queuing item for routing: Pin on net 'LCD_VSP' (connected: 1/7)
2026-08-15 20:21:23.495 DEBUG  Queuing item for routing: Pin on net 'DISPLAY_1V8' (connected: 1/28)
2026-08-15 20:21:23.495 DEBUG  Queuing item for routing: Pin on net 'LCD_VSN' (connected: 1/7)
2026-08-15 20:21:23.495 DEBUG  Queuing item for routing: Pin on net 'LCD_VSN' (connected: 1/7)
2026-08-15 20:21:23.495 DEBUG  Queuing item for routing: Pin on net 'DISPLAY_1V8' (connected: 1/28)
2026-08-15 20:21:23.495 DEBUG  Queuing item for routing: Pin on net 'L_3V3_HDMI' (connected: 1/7)
2026-08-15 20:21:23.495 DEBUG  Queuing item for routing: Pin on net 'R_1V2_MIPI0' (connected: 1/4)
2026-08-15 20:21:23.495 DEBUG  Queuing item for routing: Pin on net 'R_1V8_IO' (connected: 1/4)
2026-08-15 20:21:23.495 DEBUG  Queuing item for routing: Pin on net 'LCD_VSP' (connected: 1/7)
2026-08-15 20:21:23.495 DEBUG  Queuing item for routing: Pin on net 'L_1V15_CORE' (connected: 1/5)
2026-08-15 20:21:23.495 DEBUG  Queuing item for routing: Pin on net 'HP_L' (connected: 1/2)
2026-08-15 20:21:23.495 DEBUG  Queuing item for routing: Pin on net 'HP_L_CODEC' (connected: 1/2)
2026-08-15 20:21:23.495 DEBUG  Queuing item for routing: Pin on net 'HP_R' (connected: 1/2)
2026-08-15 20:21:23.495 DEBUG  Queuing item for routing: Pin on net 'HP_R_CODEC' (connected: 1/2)
2026-08-15 20:21:23.496 DEBUG  Queuing item for routing: Pin on net 'LCD_VSP' (connected: 1/7)
2026-08-15 20:21:23.496 DEBUG  Queuing item for routing: Pin on net 'L_1V2_MIPI0' (connected: 1/4)
2026-08-15 20:21:23.496 DEBUG  Queuing item for routing: Pin on net 'L_1V8_IO' (connected: 1/4)
2026-08-15 20:21:23.496 DEBUG  Queuing item for routing: Pin on net 'R_1V15_CORE' (connected: 1/5)
2026-08-15 20:21:23.496 DEBUG  Queuing item for routing: Pin on net 'DISPLAY_1V8' (connected: 1/28)
2026-08-15 20:21:23.496 DEBUG  Queuing item for routing: Pin on net 'R_3V3_HDMI' (connected: 1/7)
2026-08-15 20:21:23.496 DEBUG  Queuing item for routing: Pin on net '+3V3_AUDIO' (connected: 1/7)
2026-08-15 20:21:23.496 DEBUG  Queuing item for routing: Pin on net 'R_1V8_IO' (connected: 1/4)
2026-08-15 20:21:23.496 DEBUG  Queuing item for routing: Pin on net 'R_3V3_IO' (connected: 1/3)
2026-08-15 20:21:23.496 DEBUG  Queuing item for routing: Pin on net 'DISPLAY_1V8' (connected: 1/28)
2026-08-15 20:21:23.496 DEBUG  Queuing item for routing: Pin on net 'MIC_L_P' (connected: 1/2)
2026-08-15 20:21:23.496 DEBUG  Queuing item for routing: Pin on net 'MIC_L_RAW_P' (connected: 1/2)
2026-08-15 20:21:23.496 DEBUG  Queuing item for routing: Pin on net 'L_1V2_MIPI0' (connected: 1/4)
2026-08-15 20:21:23.496 DEBUG  Queuing item for routing: Pin on net 'MIC_R_P' (connected: 1/2)
2026-08-15 20:21:23.496 DEBUG  Queuing item for routing: Pin on net 'MIC_R_RAW_P' (connected: 1/2)
2026-08-15 20:21:23.496 DEBUG  Queuing item for routing: Pin on net 'L_1V15_CORE' (connected: 1/5)
2026-08-15 20:21:23.496 DEBUG  Queuing item for routing: Pin on net 'MIC_L_N' (connected: 1/2)
2026-08-15 20:21:23.496 DEBUG  Queuing item for routing: Pin on net 'MIC_L_RAW_N' (connected: 1/2)
2026-08-15 20:21:23.496 DEBUG  Queuing item for routing: Pin on net 'L_1V8_IO' (connected: 1/4)
2026-08-15 20:21:23.496 DEBUG  Queuing item for routing: Pin on net 'R_1V15_CORE' (connected: 1/5)
2026-08-15 20:21:23.496 DEBUG  Queuing item for routing: Pin on net 'MIC_R_N' (connected: 1/2)
2026-08-15 20:21:23.496 DEBUG  Queuing item for routing: Pin on net 'MIC_R_RAW_N' (connected: 1/2)
2026-08-15 20:21:23.496 DEBUG  Queuing item for routing: Pin on net 'L_1V2_MIPI1' (connected: 1/3)
2026-08-15 20:21:23.496 DEBUG  Queuing item for routing: Pin on net '+3V3' (connected: 1/60)
2026-08-15 20:21:23.496 DEBUG  Queuing item for routing: Pin on net '+1V05_USB' (connected: 1/20)
2026-08-15 20:21:23.496 DEBUG  Queuing item for routing: Pin on net '+3V3' (connected: 1/60)
2026-08-15 20:21:23.496 DEBUG  Queuing item for routing: Pin on net 'R_BIASDA' (connected: 1/2)
2026-08-15 20:21:23.496 DEBUG  Queuing item for routing: Pin on net 'R_1V2_MIPI1' (connected: 1/3)
2026-08-15 20:21:23.496 DEBUG  Queuing item for routing: Pin on net 'L_BIASDA' (connected: 1/2)
2026-08-15 20:21:23.496 DEBUG  Queuing item for routing: Pin on net 'L_3V3_IO' (connected: 1/3)
2026-08-15 20:21:23.496 DEBUG  Queuing item for routing: Pin on net '+3V3' (connected: 1/60)
2026-08-15 20:21:23.496 DEBUG  Queuing item for routing: Pin on net 'JACK_MIC_CODEC' (connected: 1/2)
2026-08-15 20:21:23.496 DEBUG  Queuing item for routing: Pin on net 'JACK_MIC' (connected: 1/3)
2026-08-15 20:21:23.496 DEBUG  Queuing item for routing: Pin on net 'L_PCKIN' (connected: 1/2)
2026-08-15 20:21:23.496 DEBUG  Queuing item for routing: Pin on net 'DISPLAY_1V8' (connected: 1/28)
2026-08-15 20:21:23.496 DEBUG  Queuing item for routing: Pin on net 'L_PFIL' (connected: 1/2)
2026-08-15 20:21:23.496 DEBUG  Queuing item for routing: Pin on net 'R_3V3_HDMI' (connected: 1/7)
2026-08-15 20:21:23.496 DEBUG  Queuing item for routing: Pin on net 'R_1V2_MIPI0' (connected: 1/4)
2026-08-15 20:21:23.496 DEBUG  Queuing item for routing: Pin on net 'L_1V15_HDMI' (connected: 1/4)
2026-08-15 20:21:23.498 DEBUG  Queuing item for routing: Pin on net 'R_PFIL' (connected: 1/2)
2026-08-15 20:21:23.498 DEBUG  Queuing item for routing: Pin on net '+1V05_USB' (connected: 1/20)
2026-08-15 20:21:23.498 DEBUG  Queuing item for routing: Pin on net 'R_PCKIN' (connected: 1/2)
2026-08-15 20:21:23.498 DEBUG  Queuing item for routing: Pin on net 'R_1V15_HDMI' (connected: 1/4)
2026-08-15 20:21:23.498 DEBUG  Queuing item for routing: Pin on net 'L_3V3_HDMI' (connected: 1/7)
2026-08-15 20:21:23.498 DEBUG  Queuing item for routing: Pin on net 'I2C_SDA' (connected: 1/8)
2026-08-15 20:21:23.498 DEBUG  Queuing item for routing: Pin on net '+3V3' (connected: 1/60)
2026-08-15 20:21:23.498 DEBUG  Queuing item for routing: Pin on net 'I2C_SCL' (connected: 1/8)
2026-08-15 20:21:23.498 DEBUG  Queuing item for routing: Pin on net '+3V3' (connected: 1/60)
2026-08-15 20:21:23.498 DEBUG  Queuing item for routing: Pin on net 'USB_C_TX1_P' (connected: 1/3)
2026-08-15 20:21:23.498 DEBUG  Queuing item for routing: Pin on net 'USB_C_TX1_N' (connected: 1/3)
2026-08-15 20:21:23.498 DEBUG  Queuing item for routing: Pin on net 'USB_C_RX1_P' (connected: 1/3)
2026-08-15 20:21:23.498 DEBUG  Queuing item for routing: Pin on net 'USB_C_RX1_N' (connected: 1/3)
2026-08-15 20:21:23.498 DEBUG  Queuing item for routing: Pin on net 'USB_C_TX2_P' (connected: 1/3)
2026-08-15 20:21:23.498 DEBUG  Queuing item for routing: Pin on net 'USB_C_TX2_N' (connected: 1/3)
2026-08-15 20:21:23.498 DEBUG  Queuing item for routing: Pin on net 'USB_C_RX2_P' (connected: 1/3)
2026-08-15 20:21:23.498 DEBUG  Queuing item for routing: Pin on net 'USB_C_RX2_N' (connected: 1/3)
2026-08-15 20:21:23.498 DEBUG  Queuing item for routing: Pin on net 'TYPEC_FLIP' (connected: 1/2)
2026-08-15 20:21:23.498 DEBUG  Queuing item for routing: Pin on net 'USB3_RX_N' (connected: 1/2)
2026-08-15 20:21:23.498 DEBUG  Queuing item for routing: Pin on net 'USB3_RX_P' (connected: 1/2)
2026-08-15 20:21:23.498 DEBUG  Queuing item for routing: Pin on net '+3V3' (connected: 1/60)
2026-08-15 20:21:23.498 DEBUG  Queuing item for routing: Pin on net 'USB3_TX_N' (connected: 1/2)
2026-08-15 20:21:23.498 DEBUG  Queuing item for routing: Pin on net 'USB3_TX_P' (connected: 1/2)
2026-08-15 20:21:23.498 DEBUG  Queuing item for routing: Pin on net 'R_3V3_HDMI' (connected: 1/7)
2026-08-15 20:21:23.499 DEBUG  Queuing item for routing: Pin on net 'R_REXT' (connected: 1/2)
2026-08-15 20:21:23.499 DEBUG  Queuing item for routing: Pin on net 'USB3_RREF' (connected: 1/2)
2026-08-15 20:21:23.499 DEBUG  Queuing item for routing: Pin on net 'SPI_CS_N' (connected: 1/2)
2026-08-15 20:21:23.499 DEBUG  Queuing item for routing: Pin on net 'BL_PWM' (connected: 1/5)
2026-08-15 20:21:23.499 DEBUG  Queuing item for routing: Pin on net 'L_LCD_LEDPWM' (connected: 1/4)
2026-08-15 20:21:23.499 DEBUG  Queuing item for routing: Pin on net 'TYPEC_INT_N' (connected: 1/3)
2026-08-15 20:21:23.499 DEBUG  Queuing item for routing: Pin on net '+3V3' (connected: 1/60)
2026-08-15 20:21:23.499 DEBUG  Queuing item for routing: Pin on net 'L_3V3_HDMI' (connected: 1/7)
2026-08-15 20:21:23.499 DEBUG  Queuing item for routing: Pin on net 'L_HPDI' (connected: 1/3)
2026-08-15 20:21:23.499 DEBUG  Queuing item for routing: Pin on net 'L_BRIDGE_INT' (connected: 1/3)
2026-08-15 20:21:23.499 DEBUG  Queuing item for routing: Pin on net 'USB_OC_N' (connected: 1/3)
2026-08-15 20:21:23.499 DEBUG  Queuing item for routing: Pin on net '+3V3' (connected: 1/60)
2026-08-15 20:21:23.499 DEBUG  Queuing item for routing: Pin on net 'TYPEC_ATTACHED_N' (connected: 1/3)
2026-08-15 20:21:23.499 DEBUG  Queuing item for routing: Pin on net '+3V3' (connected: 1/60)
2026-08-15 20:21:23.499 DEBUG  Queuing item for routing: Pin on net 'JACK_MIC' (connected: 1/3)
2026-08-15 20:21:23.499 DEBUG  Queuing item for routing: Pin on net 'MICBIAS' (connected: 1/3)
2026-08-15 20:21:23.499 DEBUG  Queuing item for routing: Pin on net 'L_LCD_RESET' (connected: 1/3)
2026-08-15 20:21:23.499 DEBUG  Queuing item for routing: Pin on net 'SPI_MOSI' (connected: 1/2)
2026-08-15 20:21:23.499 DEBUG  Queuing item for routing: Pin on net 'R_3V3_HDMI' (connected: 1/7)
2026-08-15 20:21:23.499 DEBUG  Queuing item for routing: Pin on net 'R_HPDI' (connected: 1/3)
2026-08-15 20:21:23.499 DEBUG  Queuing item for routing: Pin on net 'USB3_POR_N' (connected: 1/3)
2026-08-15 20:21:23.499 DEBUG  Queuing item for routing: Pin on net '+3V3' (connected: 1/60)
2026-08-15 20:21:23.499 DEBUG  Queuing item for routing: Pin on net 'L_3V3_HDMI' (connected: 1/7)
2026-08-15 20:21:23.499 DEBUG  Queuing item for routing: Pin on net 'L_REXT' (connected: 1/2)
2026-08-15 20:21:23.499 DEBUG  Queuing item for routing: Pin on net 'USB_ILIM' (connected: 1/2)
2026-08-15 20:21:23.499 DEBUG  Queuing item for routing: Pin on net 'DISPLAY_1V8' (connected: 1/28)
2026-08-15 20:21:23.500 DEBUG  Queuing item for routing: Pin on net 'R_BRIDGE_INT' (connected: 1/3)
2026-08-15 20:21:23.500 DEBUG  Queuing item for routing: Pin on net 'SPI_CLK' (connected: 1/2)
2026-08-15 20:21:23.500 DEBUG  Queuing item for routing: Pin on net 'BL_PWM' (connected: 1/5)
2026-08-15 20:21:23.500 DEBUG  Queuing item for routing: Pin on net 'R_LCD_LEDPWM' (connected: 1/4)
2026-08-15 20:21:23.500 DEBUG  Queuing item for routing: Pin on net 'SPI_MISO' (connected: 1/2)
2026-08-15 20:21:23.500 DEBUG  Queuing item for routing: Pin on net '+3V3' (connected: 1/60)
2026-08-15 20:21:23.500 DEBUG  Queuing item for routing: Pin on net 'R_LCD_RESET' (connected: 1/3)
2026-08-15 20:21:26.136 DEBUG  [AAADA8\145C8B] Pass #1: 606 incompletes across 873 items to route
2026-08-15 20:21:26.137 DEBUG  [AAADA8\145C8B]   Net 'R_LCD_RESET' has 2 incomplete(s)
2026-08-15 20:21:26.137 DEBUG  [AAADA8\145C8B]   Net 'USB3_TX_P' has 1 incomplete(s)
2026-08-15 20:21:26.137 DEBUG  [AAADA8\145C8B]   Net 'USB3_TX_N' has 1 incomplete(s)
2026-08-15 20:21:26.137 DEBUG  [AAADA8\145C8B]   Net '+3V3' has 48 incomplete(s)
2026-08-15 20:21:26.137 DEBUG  [AAADA8\145C8B]   Net 'USB3_RX_P' has 1 incomplete(s)
2026-08-15 20:21:26.137 DEBUG  [AAADA8\145C8B]   Net 'USB3_RX_N' has 1 incomplete(s)
2026-08-15 20:21:26.137 DEBUG  [AAADA8\145C8B]   Net 'TYPEC_FLIP' has 1 incomplete(s)
2026-08-15 20:21:26.137 DEBUG  [AAADA8\145C8B]   Net 'USB_C_RX2_N' has 2 incomplete(s)
2026-08-15 20:21:26.137 DEBUG  [AAADA8\145C8B]   Net 'USB_C_RX2_P' has 2 incomplete(s)
2026-08-15 20:21:26.137 DEBUG  [AAADA8\145C8B]   Net 'USB_C_TX2_N' has 2 incomplete(s)
2026-08-15 20:21:26.137 DEBUG  [AAADA8\145C8B]   Net 'USB_C_TX2_P' has 2 incomplete(s)
2026-08-15 20:21:26.137 DEBUG  [AAADA8\145C8B]   Net 'USB_C_RX1_N' has 2 incomplete(s)
2026-08-15 20:21:26.137 DEBUG  [AAADA8\145C8B]   Net 'USB_C_RX1_P' has 2 incomplete(s)
2026-08-15 20:21:26.137 DEBUG  [AAADA8\145C8B]   Net 'USB_C_TX1_N' has 2 incomplete(s)
2026-08-15 20:21:26.137 DEBUG  [AAADA8\145C8B]   Net 'USB_C_TX1_P' has 2 incomplete(s)
2026-08-15 20:21:26.137 DEBUG  [AAADA8\145C8B]   Net 'L_3V3_HDMI' has 6 incomplete(s)
2026-08-15 20:21:26.137 DEBUG  [AAADA8\145C8B]   Net 'R_3V3_HDMI' has 6 incomplete(s)
2026-08-15 20:21:26.137 DEBUG  [AAADA8\145C8B]   Net 'DISPLAY_1V8' has 27 incomplete(s)
2026-08-15 20:21:26.137 DEBUG  [AAADA8\145C8B]   Net 'LCD_VSP' has 6 incomplete(s)
2026-08-15 20:21:26.137 DEBUG  [AAADA8\145C8B]   Net 'LCD_VSN' has 6 incomplete(s)
2026-08-15 20:21:26.137 DEBUG  [AAADA8\145C8B]   Net 'L_S1_TEST' has 1 incomplete(s)
2026-08-15 20:21:26.137 DEBUG  [AAADA8\145C8B]   Net 'L_DSIA_D0_N' has 1 incomplete(s)
2026-08-15 20:21:26.137 DEBUG  [AAADA8\145C8B]   Net 'L_DSIA_D3_N' has 1 incomplete(s)
2026-08-15 20:21:26.137 DEBUG  [AAADA8\145C8B]   Net 'L_DSIA_D0_P' has 1 incomplete(s)
2026-08-15 20:21:26.137 DEBUG  [AAADA8\145C8B]   Net 'L_DSIA_D3_P' has 1 incomplete(s)
2026-08-15 20:21:26.137 DEBUG  [AAADA8\145C8B]   Net 'L_DSIA_D1_N' has 1 incomplete(s)
2026-08-15 20:21:26.137 DEBUG  [AAADA8\145C8B]   Net 'L_DSIA_CLK_N' has 1 incomplete(s)
2026-08-15 20:21:26.137 DEBUG  [AAADA8\145C8B]   Net 'L_DSIA_D1_P' has 1 incomplete(s)
2026-08-15 20:21:26.137 DEBUG  [AAADA8\145C8B]   Net 'L_DSIA_CLK_P' has 1 incomplete(s)
2026-08-15 20:21:26.137 DEBUG  [AAADA8\145C8B]   Net 'L_DSIB_D2_P' has 1 incomplete(s)
2026-08-15 20:21:26.137 DEBUG  [AAADA8\145C8B]   Net 'L_DSIA_D2_N' has 1 incomplete(s)
2026-08-15 20:21:26.137 DEBUG  [AAADA8\145C8B]   Net 'L_DSIB_D2_N' has 1 incomplete(s)
2026-08-15 20:21:26.137 DEBUG  [AAADA8\145C8B]   Net 'L_DSIA_D2_P' has 1 incomplete(s)
2026-08-15 20:21:26.137 DEBUG  [AAADA8\145C8B]   Net 'L_DSIB_CLK_P' has 1 incomplete(s)
2026-08-15 20:21:26.137 DEBUG  [AAADA8\145C8B]   Net 'L_DSIB_D1_P' has 1 incomplete(s)
2026-08-15 20:21:26.137 DEBUG  [AAADA8\145C8B]   Net 'L_DSIB_CLK_N' has 1 incomplete(s)
2026-08-15 20:21:26.137 DEBUG  [AAADA8\145C8B]   Net 'L_DSIB_D1_N' has 1 incomplete(s)
2026-08-15 20:21:26.137 DEBUG  [AAADA8\145C8B]   Net 'L_DSIB_D3_P' has 1 incomplete(s)
2026-08-15 20:21:26.137 DEBUG  [AAADA8\145C8B]   Net 'L_DSIB_D0_P' has 1 incomplete(s)
2026-08-15 20:21:26.137 DEBUG  [AAADA8\145C8B]   Net 'L_DSIB_D3_N' has 1 incomplete(s)
2026-08-15 20:21:26.137 DEBUG  [AAADA8\145C8B]   Net 'L_DSIB_D0_N' has 1 incomplete(s)
2026-08-15 20:21:26.137 DEBUG  [AAADA8\145C8B]   Net 'LED_BOOST' has 5 incomplete(s)
2026-08-15 20:21:26.137 DEBUG  [AAADA8\145C8B]   Net 'L_LCD_RESET' has 2 incomplete(s)
2026-08-15 20:21:26.137 DEBUG  [AAADA8\145C8B]   Net 'L_LCD_TE' has 2 incomplete(s)
2026-08-15 20:21:26.137 DEBUG  [AAADA8\145C8B]   Net 'L_LED1_N' has 1 incomplete(s)
2026-08-15 20:21:26.137 DEBUG  [AAADA8\145C8B]   Net 'L_LED2_N' has 1 incomplete(s)
2026-08-15 20:21:26.137 DEBUG  [AAADA8\145C8B]   Net 'L_LCD_LEDPWM' has 3 incomplete(s)
2026-08-15 20:21:26.137 DEBUG  [AAADA8\145C8B]   Net 'L_LED3_N' has 1 incomplete(s)
2026-08-15 20:21:26.137 DEBUG  [AAADA8\145C8B]   Net 'L_REXT' has 1 incomplete(s)
2026-08-15 20:21:26.137 DEBUG  [AAADA8\145C8B]   Net 'HDMI_L_CEC' has 1 incomplete(s)
2026-08-15 20:21:26.137 DEBUG  [AAADA8\145C8B]   Net 'HDMI_L_DDC_SCL' has 1 incomplete(s)
2026-08-15 20:21:26.137 DEBUG  [AAADA8\145C8B]   Net 'L_HPDI' has 2 incomplete(s)
2026-08-15 20:21:26.137 DEBUG  [AAADA8\145C8B]   Net 'L_1V15_HDMI' has 3 incomplete(s)
2026-08-15 20:21:26.137 DEBUG  [AAADA8\145C8B]   Net 'HDMI_L_DDC_SDA' has 1 incomplete(s)
2026-08-15 20:21:26.137 DEBUG  [AAADA8\145C8B]   Net 'HDMI_L_HPD' has 1 incomplete(s)
2026-08-15 20:21:26.137 DEBUG  [AAADA8\145C8B]   Net 'L_1V2_MIPI1' has 2 incomplete(s)
2026-08-15 20:21:26.137 DEBUG  [AAADA8\145C8B]   Net 'HDMI_L_CLK_P' has 1 incomplete(s)
2026-08-15 20:21:26.137 DEBUG  [AAADA8\145C8B]   Net 'HDMI_L_CLK_N' has 1 incomplete(s)
2026-08-15 20:21:26.137 DEBUG  [AAADA8\145C8B]   Net 'L_1V15_CORE' has 4 incomplete(s)
2026-08-15 20:21:26.137 DEBUG  [AAADA8\145C8B]   Net 'HDMI_L_D0_P' has 1 incomplete(s)
2026-08-15 20:21:26.137 DEBUG  [AAADA8\145C8B]   Net 'HDMI_L_D0_N' has 1 incomplete(s)
2026-08-15 20:21:26.137 DEBUG  [AAADA8\145C8B]   Net 'HDMI_L_D1_P' has 1 incomplete(s)
2026-08-15 20:21:26.137 DEBUG  [AAADA8\145C8B]   Net 'HDMI_L_D1_N' has 1 incomplete(s)
2026-08-15 20:21:26.137 DEBUG  [AAADA8\145C8B]   Net 'HDMI_L_D2_P' has 1 incomplete(s)
2026-08-15 20:21:26.137 DEBUG  [AAADA8\145C8B]   Net 'HDMI_L_D2_N' has 1 incomplete(s)
2026-08-15 20:21:26.137 DEBUG  [AAADA8\145C8B]   Net 'L_3V3_IO' has 2 incomplete(s)
2026-08-15 20:21:26.137 DEBUG  [AAADA8\145C8B]   Net 'L_BIASDA' has 1 incomplete(s)
2026-08-15 20:21:26.137 DEBUG  [AAADA8\145C8B]   Net 'L_BRIDGE_INT' has 2 incomplete(s)
2026-08-15 20:21:26.137 DEBUG  [AAADA8\145C8B]   Net 'L_1V8_IO' has 3 incomplete(s)
2026-08-15 20:21:26.137 DEBUG  [AAADA8\145C8B]   Net 'L_1V2_MIPI0' has 3 incomplete(s)
2026-08-15 20:21:26.137 DEBUG  [AAADA8\145C8B]   Net 'L_PCKIN' has 1 incomplete(s)
2026-08-15 20:21:26.137 DEBUG  [AAADA8\145C8B]   Net 'L_PFIL' has 1 incomplete(s)
2026-08-15 20:21:26.137 DEBUG  [AAADA8\145C8B]   Net 'DISPLAY_I2C_SDA_1V8' has 6 incomplete(s)
2026-08-15 20:21:26.137 DEBUG  [AAADA8\145C8B]   Net 'DISPLAY_I2C_SCL_1V8' has 6 incomplete(s)
2026-08-15 20:21:26.137 DEBUG  [AAADA8\145C8B]   Net 'L_BRIDGE_RESETN' has 1 incomplete(s)
2026-08-15 20:21:26.137 DEBUG  [AAADA8\145C8B]   Net 'L_REFCLK' has 1 incomplete(s)
2026-08-15 20:21:26.137 DEBUG  [AAADA8\145C8B]   Net 'BL_PWM' has 4 incomplete(s)
2026-08-15 20:21:26.137 DEBUG  [AAADA8\145C8B]   Net 'nPI_LED_PWR' has 1 incomplete(s)
2026-08-15 20:21:26.137 DEBUG  [AAADA8\145C8B]   Net 'R_1V15_HDMI' has 3 incomplete(s)
2026-08-15 20:21:26.138 DEBUG  [AAADA8\145C8B]   Net 'R_PCKIN' has 1 incomplete(s)
2026-08-15 20:21:26.138 DEBUG  [AAADA8\145C8B]   Net 'AUDIO_REF' has 1 incomplete(s)
2026-08-15 20:21:26.138 DEBUG  [AAADA8\145C8B]   Net '+1V05_USB' has 19 incomplete(s)
2026-08-15 20:21:26.138 DEBUG  [AAADA8\145C8B]   Net 'SPI_MISO' has 1 incomplete(s)
2026-08-15 20:21:26.138 DEBUG  [AAADA8\145C8B]   Net 'DISPLAY_3V3' has 7 incomplete(s)
2026-08-15 20:21:26.138 DEBUG  [AAADA8\145C8B]   Net 'R_LCD_LEDPWM' has 3 incomplete(s)
2026-08-15 20:21:26.138 DEBUG  [AAADA8\145C8B]   Net 'HP_L' has 1 incomplete(s)
2026-08-15 20:21:26.138 DEBUG  [AAADA8\145C8B]   Net 'HP_R' has 1 incomplete(s)
2026-08-15 20:21:26.138 DEBUG  [AAADA8\145C8B]   Net 'JACK_MIC' has 2 incomplete(s)
2026-08-15 20:21:26.138 DEBUG  [AAADA8\145C8B]   Net 'R_PFIL' has 1 incomplete(s)
2026-08-15 20:21:26.138 DEBUG  [AAADA8\145C8B]   Net 'PROX_INT' has 1 incomplete(s)
2026-08-15 20:21:26.138 DEBUG  [AAADA8\145C8B]   Net 'I2C_SDA' has 7 incomplete(s)
2026-08-15 20:21:26.138 DEBUG  [AAADA8\145C8B]   Net 'I2C_SCL' has 7 incomplete(s)
2026-08-15 20:21:26.138 DEBUG  [AAADA8\145C8B]   Net 'R_1V15_CORE' has 4 incomplete(s)
2026-08-15 20:21:26.138 DEBUG  [AAADA8\145C8B]   Net 'DISPLAY_1V15' has 7 incomplete(s)
2026-08-15 20:21:26.138 DEBUG  [AAADA8\145C8B]   Net '+3V3_AUDIO' has 6 incomplete(s)
2026-08-15 20:21:26.138 DEBUG  [AAADA8\145C8B]   Net 'SPI_CLK' has 1 incomplete(s)
2026-08-15 20:21:26.138 DEBUG  [AAADA8\145C8B]   Net 'R_1V8_IO' has 3 incomplete(s)
2026-08-15 20:21:26.138 DEBUG  [AAADA8\145C8B]   Net 'R_S1_TEST' has 1 incomplete(s)
2026-08-15 20:21:26.138 DEBUG  [AAADA8\145C8B]   Net 'R_1V2_MIPI0' has 3 incomplete(s)
2026-08-15 20:21:26.138 DEBUG  [AAADA8\145C8B]   Net 'R_BRIDGE_INT' has 2 incomplete(s)
2026-08-15 20:21:26.138 DEBUG  [AAADA8\145C8B]   Net 'VBUS_CHARGE' has 13 incomplete(s)
2026-08-15 20:21:26.138 DEBUG  [AAADA8\145C8B]   Net 'CC1' has 4 incomplete(s)
2026-08-15 20:21:26.138 DEBUG  [AAADA8\145C8B]   Net 'USB2_SERVICE_DP' has 3 incomplete(s)
2026-08-15 20:21:26.138 DEBUG  [AAADA8\145C8B]   Net 'USB2_SERVICE_DM' has 3 incomplete(s)
2026-08-15 20:21:26.138 DEBUG  [AAADA8\145C8B]   Net 'CC2' has 4 incomplete(s)
2026-08-15 20:21:26.138 DEBUG  [AAADA8\145C8B]   Net 'DISPLAY_1V2' has 7 incomplete(s)
2026-08-15 20:21:26.138 DEBUG  [AAADA8\145C8B]   Net 'USB_ILIM' has 1 incomplete(s)
2026-08-15 20:21:26.138 DEBUG  [AAADA8\145C8B]   Net 'AUDIO_1V8_LDO' has 2 incomplete(s)
2026-08-15 20:21:26.138 DEBUG  [AAADA8\145C8B]   Net 'AUDIO_MCLK' has 1 incomplete(s)
2026-08-15 20:21:26.138 DEBUG  [AAADA8\145C8B]   Net 'I2S_BCLK' has 1 incomplete(s)
2026-08-15 20:21:26.138 DEBUG  [AAADA8\145C8B]   Net 'I2S_LRCLK' has 1 incomplete(s)
2026-08-15 20:21:26.138 DEBUG  [AAADA8\145C8B]   Net 'I2S_DOUT' has 1 incomplete(s)
2026-08-15 20:21:26.138 DEBUG  [AAADA8\145C8B]   Net 'I2S_DIN' has 1 incomplete(s)
2026-08-15 20:21:26.138 DEBUG  [AAADA8\145C8B]   Net 'MIC_R_N' has 1 incomplete(s)
2026-08-15 20:21:26.138 DEBUG  [AAADA8\145C8B]   Net 'MIC_R_P' has 1 incomplete(s)
2026-08-15 20:21:26.138 DEBUG  [AAADA8\145C8B]   Net 'MIC_L_P' has 1 incomplete(s)
2026-08-15 20:21:26.138 DEBUG  [AAADA8\145C8B]   Net 'MIC_L_N' has 1 incomplete(s)
2026-08-15 20:21:26.138 DEBUG  [AAADA8\145C8B]   Net 'MICBIAS' has 2 incomplete(s)
2026-08-15 20:21:26.138 DEBUG  [AAADA8\145C8B]   Net 'JACK_MIC_CODEC' has 1 incomplete(s)
2026-08-15 20:21:26.138 DEBUG  [AAADA8\145C8B]   Net 'HP_L_CODEC' has 1 incomplete(s)
2026-08-15 20:21:26.138 DEBUG  [AAADA8\145C8B]   Net 'HP_R_CODEC' has 1 incomplete(s)
2026-08-15 20:21:26.138 DEBUG  [AAADA8\145C8B]   Net 'AUDIO_RESET_N' has 1 incomplete(s)
2026-08-15 20:21:26.138 DEBUG  [AAADA8\145C8B]   Net 'USB3_POR_N' has 2 incomplete(s)
2026-08-15 20:21:26.138 DEBUG  [AAADA8\145C8B]   Net 'USB3_XT1' has 1 incomplete(s)
2026-08-15 20:21:26.138 DEBUG  [AAADA8\145C8B]   Net 'USB3_XT2' has 1 incomplete(s)
2026-08-15 20:21:26.138 DEBUG  [AAADA8\145C8B]   Net 'PCIE_RX_USB3_P' has 1 incomplete(s)
2026-08-15 20:21:26.138 DEBUG  [AAADA8\145C8B]   Net 'PCIE_RX_P' has 1 incomplete(s)
2026-08-15 20:21:26.138 DEBUG  [AAADA8\145C8B]   Net 'VBUS_USB_HOST' has 4 incomplete(s)
2026-08-15 20:21:26.138 DEBUG  [AAADA8\145C8B]   Net 'USB2_HOST_DP' has 3 incomplete(s)
2026-08-15 20:21:26.138 DEBUG  [AAADA8\145C8B]   Net 'USB2_HOST_DM' has 3 incomplete(s)
2026-08-15 20:21:26.138 DEBUG  [AAADA8\145C8B]   Net 'R_HPDI' has 2 incomplete(s)
2026-08-15 20:21:26.138 DEBUG  [AAADA8\145C8B]   Net 'R_LCD_TE' has 2 incomplete(s)
2026-08-15 20:21:26.138 DEBUG  [AAADA8\145C8B]   Net 'SPI_MOSI' has 1 incomplete(s)
2026-08-15 20:21:26.138 DEBUG  [AAADA8\145C8B]   Net 'R_REXT' has 1 incomplete(s)
2026-08-15 20:21:26.138 DEBUG  [AAADA8\145C8B]   Net 'HDMI_R_CEC' has 1 incomplete(s)
2026-08-15 20:21:26.138 DEBUG  [AAADA8\145C8B]   Net 'HDMI_R_DDC_SCL' has 1 incomplete(s)
2026-08-15 20:21:26.138 DEBUG  [AAADA8\145C8B]   Net 'R_DSIB_D3_P' has 1 incomplete(s)
2026-08-15 20:21:26.138 DEBUG  [AAADA8\145C8B]   Net 'R_DSIB_D2_P' has 1 incomplete(s)
2026-08-15 20:21:26.138 DEBUG  [AAADA8\145C8B]   Net 'R_DSIB_CLK_P' has 1 incomplete(s)
2026-08-15 20:21:26.138 DEBUG  [AAADA8\145C8B]   Net 'R_DSIB_D1_P' has 1 incomplete(s)
2026-08-15 20:21:26.138 DEBUG  [AAADA8\145C8B]   Net 'R_DSIB_D0_P' has 1 incomplete(s)
2026-08-15 20:21:26.138 DEBUG  [AAADA8\145C8B]   Net 'HDMI_R_DDC_SDA' has 1 incomplete(s)
2026-08-15 20:21:26.138 DEBUG  [AAADA8\145C8B]   Net 'HDMI_R_HPD' has 1 incomplete(s)
2026-08-15 20:21:26.138 DEBUG  [AAADA8\145C8B]   Net 'R_DSIB_D3_N' has 1 incomplete(s)
2026-08-15 20:21:26.138 DEBUG  [AAADA8\145C8B]   Net 'R_DSIB_D2_N' has 1 incomplete(s)
2026-08-15 20:21:26.138 DEBUG  [AAADA8\145C8B]   Net 'R_DSIB_CLK_N' has 1 incomplete(s)
2026-08-15 20:21:26.138 DEBUG  [AAADA8\145C8B]   Net 'R_DSIB_D1_N' has 1 incomplete(s)
2026-08-15 20:21:26.138 DEBUG  [AAADA8\145C8B]   Net 'R_DSIB_D0_N' has 1 incomplete(s)
2026-08-15 20:21:26.138 DEBUG  [AAADA8\145C8B]   Net 'R_1V2_MIPI1' has 2 incomplete(s)
2026-08-15 20:21:26.138 DEBUG  [AAADA8\145C8B]   Net 'HDMI_R_CLK_P' has 1 incomplete(s)
2026-08-15 20:21:26.138 DEBUG  [AAADA8\145C8B]   Net 'HDMI_R_CLK_N' has 1 incomplete(s)
2026-08-15 20:21:26.138 DEBUG  [AAADA8\145C8B]   Net 'HDMI_R_D0_P' has 1 incomplete(s)
2026-08-15 20:21:26.138 DEBUG  [AAADA8\145C8B]   Net 'HDMI_R_D0_N' has 1 incomplete(s)
2026-08-15 20:21:26.138 DEBUG  [AAADA8\145C8B]   Net 'R_DSIA_D3_N' has 1 incomplete(s)
2026-08-15 20:21:26.138 DEBUG  [AAADA8\145C8B]   Net 'R_DSIA_D3_P' has 1 incomplete(s)
2026-08-15 20:21:26.138 DEBUG  [AAADA8\145C8B]   Net 'HDMI_R_D1_P' has 1 incomplete(s)
2026-08-15 20:21:26.138 DEBUG  [AAADA8\145C8B]   Net 'HDMI_R_D1_N' has 1 incomplete(s)
2026-08-15 20:21:26.138 DEBUG  [AAADA8\145C8B]   Net 'R_DSIA_D2_N' has 1 incomplete(s)
2026-08-15 20:21:26.138 DEBUG  [AAADA8\145C8B]   Net 'R_DSIA_D2_P' has 1 incomplete(s)
2026-08-15 20:21:26.139 DEBUG  [AAADA8\145C8B]   Net 'HDMI_R_D2_P' has 1 incomplete(s)
2026-08-15 20:21:26.139 DEBUG  [AAADA8\145C8B]   Net 'HDMI_R_D2_N' has 1 incomplete(s)
2026-08-15 20:21:26.139 DEBUG  [AAADA8\145C8B]   Net 'R_DSIA_CLK_N' has 1 incomplete(s)
2026-08-15 20:21:26.139 DEBUG  [AAADA8\145C8B]   Net 'R_DSIA_CLK_P' has 1 incomplete(s)
2026-08-15 20:21:26.139 DEBUG  [AAADA8\145C8B]   Net 'R_DSIA_D1_N' has 1 incomplete(s)
2026-08-15 20:21:26.139 DEBUG  [AAADA8\145C8B]   Net 'R_DSIA_D1_P' has 1 incomplete(s)
2026-08-15 20:21:26.139 DEBUG  [AAADA8\145C8B]   Net 'R_3V3_IO' has 2 incomplete(s)
2026-08-15 20:21:26.139 DEBUG  [AAADA8\145C8B]   Net 'R_DSIA_D0_N' has 1 incomplete(s)
2026-08-15 20:21:26.139 DEBUG  [AAADA8\145C8B]   Net 'R_DSIA_D0_P' has 1 incomplete(s)
2026-08-15 20:21:26.139 DEBUG  [AAADA8\145C8B]   Net 'R_BIASDA' has 1 incomplete(s)
2026-08-15 20:21:26.139 DEBUG  [AAADA8\145C8B]   Net 'R_BRIDGE_RESETN' has 1 incomplete(s)
2026-08-15 20:21:26.139 DEBUG  [AAADA8\145C8B]   Net 'R_REFCLK' has 1 incomplete(s)
2026-08-15 20:21:26.139 DEBUG  [AAADA8\145C8B]   Net 'MIC_L_RAW_P' has 1 incomplete(s)
2026-08-15 20:21:26.139 DEBUG  [AAADA8\145C8B]   Net '+2V8_MIC' has 3 incomplete(s)
2026-08-15 20:21:26.139 DEBUG  [AAADA8\145C8B]   Net 'MIC_L_RAW_N' has 1 incomplete(s)
2026-08-15 20:21:26.139 DEBUG  [AAADA8\145C8B]   Net 'TYPEC_ATTACHED_N' has 2 incomplete(s)
2026-08-15 20:21:26.139 DEBUG  [AAADA8\145C8B]   Net 'USB_OC_N' has 2 incomplete(s)
2026-08-15 20:21:26.139 DEBUG  [AAADA8\145C8B]   Net 'R_LED1_N' has 1 incomplete(s)
2026-08-15 20:21:26.139 DEBUG  [AAADA8\145C8B]   Net 'R_LED2_N' has 1 incomplete(s)
2026-08-15 20:21:26.139 DEBUG  [AAADA8\145C8B]   Net 'R_LED3_N' has 1 incomplete(s)
2026-08-15 20:21:26.139 DEBUG  [AAADA8\145C8B]   Net '+5V_SYS' has 33 incomplete(s)
2026-08-15 20:21:26.139 DEBUG  [AAADA8\145C8B]   Net 'PCIE_RX_USB3_N' has 1 incomplete(s)
2026-08-15 20:21:26.139 DEBUG  [AAADA8\145C8B]   Net 'PCIE_RX_N' has 1 incomplete(s)
2026-08-15 20:21:26.139 DEBUG  [AAADA8\145C8B]   Net 'MIC_R_RAW_N' has 1 incomplete(s)
2026-08-15 20:21:26.139 DEBUG  [AAADA8\145C8B]   Net 'TYPEC_INT_N' has 2 incomplete(s)
2026-08-15 20:21:26.139 DEBUG  [AAADA8\145C8B]   Net 'PCIE_CLK_P' has 1 incomplete(s)
2026-08-15 20:21:26.139 DEBUG  [AAADA8\145C8B]   Net 'PCIE_CLK_N' has 1 incomplete(s)
2026-08-15 20:21:26.139 DEBUG  [AAADA8\145C8B]   Net 'PCIE_TX_P' has 1 incomplete(s)
2026-08-15 20:21:26.139 DEBUG  [AAADA8\145C8B]   Net 'PCIE_TX_N' has 1 incomplete(s)
2026-08-15 20:21:26.139 DEBUG  [AAADA8\145C8B]   Net 'PCIE_CLKREQ_N' has 2 incomplete(s)
2026-08-15 20:21:26.139 DEBUG  [AAADA8\145C8B]   Net 'SPI_CS_N' has 1 incomplete(s)
2026-08-15 20:21:26.139 DEBUG  [AAADA8\145C8B]   Net 'USB3_RREF' has 1 incomplete(s)
2026-08-15 20:21:26.139 DEBUG  [AAADA8\145C8B]   Net 'PCIE_RST_N' has 1 incomplete(s)
2026-08-15 20:21:26.139 DEBUG  [AAADA8\145C8B]   Net 'MIC_R_RAW_P' has 1 incomplete(s)
2026-08-15 20:21:26.139 DEBUG  [AAADA8\145C8B]   Net 'BL_EN' has 2 incomplete(s)
2026-08-15 20:21:26.139 DEBUG  [AAADA8\145C8B]   Net 'VBAT_SYS' has 13 incomplete(s)
2026-08-15 20:21:26.139 DEBUG  [AAADA8\145C8B]   Net 'UART_RX' has 1 incomplete(s)
2026-08-15 20:21:26.139 DEBUG  [AAADA8\145C8B]   Net 'UART_TX' has 1 incomplete(s)
2026-08-15 20:21:26.139 DEBUG  [AAADA8\145C8B]   Net 'SD_CLK' has 1 incomplete(s)
2026-08-15 20:21:26.139 DEBUG  [AAADA8\145C8B]   Net 'SD_DAT3' has 1 incomplete(s)
2026-08-15 20:21:26.139 DEBUG  [AAADA8\145C8B]   Net 'SD_CMD' has 1 incomplete(s)
2026-08-15 20:21:26.139 DEBUG  [AAADA8\145C8B]   Net 'SD_DAT0' has 1 incomplete(s)
2026-08-15 20:21:26.139 DEBUG  [AAADA8\145C8B]   Net 'SD_DAT1' has 1 incomplete(s)
2026-08-15 20:21:26.139 DEBUG  [AAADA8\145C8B]   Net 'SD_DAT2' has 1 incomplete(s)
2026-08-15 20:21:26.139 DEBUG  [AAADA8\145C8B]   Net 'SD_PWR_ON' has 2 incomplete(s)
2026-08-15 20:21:26.139 DEBUG  [AAADA8\145C8B]   Net '+1V8' has 1 incomplete(s)
2026-08-15 20:21:26.139 DEBUG  [AAADA8\145C8B]   Net 'WIFI_ENABLE_N' has 1 incomplete(s)
2026-08-15 20:21:26.139 DEBUG  [AAADA8\145C8B]   Net 'BT_ENABLE_N' has 1 incomplete(s)
2026-08-15 20:21:26.139 DEBUG  [AAADA8\145C8B]   Net 'RUN_PG' has 1 incomplete(s)
2026-08-15 20:21:26.139 DEBUG  [AAADA8\145C8B]   Net 'EMMC_BOOT_N' has 1 incomplete(s)
2026-08-15 20:21:26.139 DEBUG  [AAADA8\145C8B]   Net 'CM4_EXT_RESET_N' has 1 incomplete(s)
2026-08-15 20:21:26.139 DEBUG  [AAADA8\145C8B]   Net 'REG_1V8_SW' has 1 incomplete(s)
2026-08-15 20:21:26.139 DEBUG  [AAADA8\145C8B]   Net 'CHG_IRQ_N' has 2 incomplete(s)
2026-08-15 20:21:26.139 DEBUG  [AAADA8\145C8B]   Net 'SD_DETECT_B' has 2 incomplete(s)
2026-08-15 20:21:26.139 DEBUG  [AAADA8\145C8B]   Net 'USB1V05_PG' has 1 incomplete(s)
2026-08-15 20:21:26.139 DEBUG  [AAADA8\145C8B]   Net 'LCD_BIAS_ENN' has 1 incomplete(s)
2026-08-15 20:21:26.139 DEBUG  [AAADA8\145C8B]   Net 'BIAS_FLY2' has 1 incomplete(s)
2026-08-15 20:21:26.139 DEBUG  [AAADA8\145C8B]   Net 'LCD_BIAS_ENP' has 1 incomplete(s)
2026-08-15 20:21:26.139 DEBUG  [AAADA8\145C8B]   Net 'BIAS_FLY1' has 1 incomplete(s)
2026-08-15 20:21:26.139 DEBUG  [AAADA8\145C8B]   Net 'BIAS_SW' has 1 incomplete(s)
2026-08-15 20:21:26.139 DEBUG  [AAADA8\145C8B]   Net 'BIAS_REG' has 2 incomplete(s)
2026-08-15 20:21:26.139 DEBUG  [AAADA8\145C8B]   Net 'REG_1V8_FB' has 2 incomplete(s)
2026-08-15 20:21:26.139 DEBUG  [AAADA8\145C8B]   Net 'CHG_STAT' has 1 incomplete(s)
2026-08-15 20:21:26.139 DEBUG  [AAADA8\145C8B]   Net 'TS' has 2 incomplete(s)
2026-08-15 20:21:26.139 DEBUG  [AAADA8\145C8B]   Net 'REG_1V15_SW' has 1 incomplete(s)
2026-08-15 20:21:26.139 DEBUG  [AAADA8\145C8B]   Net 'REG_1V15_FB' has 2 incomplete(s)
2026-08-15 20:21:26.139 DEBUG  [AAADA8\145C8B]   Net 'WLED_COMP' has 1 incomplete(s)
2026-08-15 20:21:26.139 DEBUG  [AAADA8\145C8B]   Net 'WLED_COMP_RC' has 1 incomplete(s)
2026-08-15 20:21:26.139 DEBUG  [AAADA8\145C8B]   Net 'FB_5V' has 3 incomplete(s)
2026-08-15 20:21:26.139 DEBUG  [AAADA8\145C8B]   Net 'WLED_OVP' has 2 incomplete(s)
2026-08-15 20:21:26.139 DEBUG  [AAADA8\145C8B]   Net 'BST1' has 1 incomplete(s)
2026-08-15 20:21:26.139 DEBUG  [AAADA8\145C8B]   Net 'SW1' has 2 incomplete(s)
2026-08-15 20:21:26.139 DEBUG  [AAADA8\145C8B]   Net 'PMID' has 3 incomplete(s)
2026-08-15 20:21:26.139 DEBUG  [AAADA8\145C8B]   Net 'DISPLAY_GPIO_INT_N' has 1 incomplete(s)
2026-08-15 20:21:26.139 DEBUG  [AAADA8\145C8B]   Net 'DISPLAY_GPIO_RESETN' has 1 incomplete(s)
2026-08-15 20:21:26.139 DEBUG  [AAADA8\145C8B]   Net 'MODE_5V' has 2 incomplete(s)
2026-08-15 20:21:26.139 DEBUG  [AAADA8\145C8B]   Net 'SW2' has 2 incomplete(s)
2026-08-15 20:21:26.140 DEBUG  [AAADA8\145C8B]   Net 'WLED_SW' has 3 incomplete(s)
2026-08-15 20:21:26.140 DEBUG  [AAADA8\145C8B]   Net 'REG_1V2_SW' has 1 incomplete(s)
2026-08-15 20:21:26.140 DEBUG  [AAADA8\145C8B]   Net 'REG_1V2_FB' has 2 incomplete(s)
2026-08-15 20:21:26.140 DEBUG  [AAADA8\145C8B]   Net 'ILIM_HIZ' has 2 incomplete(s)
2026-08-15 20:21:26.140 DEBUG  [AAADA8\145C8B]   Net 'USB1V05_FB' has 3 incomplete(s)
2026-08-15 20:21:26.140 DEBUG  [AAADA8\145C8B]   Net 'REGN' has 2 incomplete(s)
2026-08-15 20:21:26.140 DEBUG  [AAADA8\145C8B]   Net 'BST2' has 1 incomplete(s)
2026-08-15 20:21:26.140 DEBUG  [AAADA8\145C8B]   Net 'LDO_3V3' has 7 incomplete(s)
2026-08-15 20:21:26.140 DEBUG  [AAADA8\145C8B]   Net 'CHG_SDA' has 2 incomplete(s)
2026-08-15 20:21:26.140 DEBUG  [AAADA8\145C8B]   Net 'BATP' has 1 incomplete(s)
2026-08-15 20:21:26.140 DEBUG  [AAADA8\145C8B]   Net 'BAT+' has 3 incomplete(s)
2026-08-15 20:21:26.140 DEBUG  [AAADA8\145C8B]   Net 'CHG_SCL' has 2 incomplete(s)
2026-08-15 20:21:26.140 DEBUG  [AAADA8\145C8B]   Net 'SD_PWR' has 2 incomplete(s)
2026-08-15 20:21:26.140 DEBUG  [AAADA8\145C8B]   Net 'WLED_ISET' has 1 incomplete(s)
2026-08-15 20:21:26.140 DEBUG  [AAADA8\145C8B]   Net 'VCC_5V' has 2 incomplete(s)
2026-08-15 20:21:26.140 DEBUG  [AAADA8\145C8B]   Net 'REG_3V3_SW' has 1 incomplete(s)
2026-08-15 20:21:26.140 DEBUG  [AAADA8\145C8B]   Net 'REG_3V3_FB' has 2 incomplete(s)
2026-08-15 20:21:26.140 DEBUG  [AAADA8\145C8B]   Net 'SW_5V' has 4 incomplete(s)
2026-08-15 20:21:26.140 DEBUG  [AAADA8\145C8B]   Net 'PPHV' has 9 incomplete(s)
2026-08-15 20:21:26.140 DEBUG  [AAADA8\145C8B]   Net 'PROG' has 1 incomplete(s)
2026-08-15 20:21:26.140 DEBUG  [AAADA8\145C8B]   Net 'USB1V05_SW' has 1 incomplete(s)
2026-08-15 20:21:26.140 DEBUG  [AAADA8\145C8B]   Net 'LDO_1V5' has 3 incomplete(s)
2026-08-15 20:21:26.140 DEBUG  [AAADA8\145C8B]   Net 'I2Ct_SDA' has 2 incomplete(s)
2026-08-15 20:21:26.140 DEBUG  [AAADA8\145C8B]   Net 'I2Ct_SCL' has 2 incomplete(s)
2026-08-15 20:21:26.140 DEBUG  [AAADA8\145C8B]   Net 'PD_IRQ_N' has 1 incomplete(s)
2026-08-15 20:21:26.140 DEBUG  [AAADA8\145C8B]   Net 'unconnected-(U12-DRAIN_PAD-Pad40)' has 2 incomplete(s)
2026-08-15 20:21:26.140 DEBUG  [AAADA8\145C8B]   Net 'SD_DETECT_A' has 1 incomplete(s)
2026-08-15 20:21:26.140 DEBUG  [AAADA8\145C8B]   Net 'WLED_FREQ' has 1 incomplete(s)
2026-08-15 20:21:26.140 DEBUG  [AAADA8\145C8B]   Net 'PGOOD_5V' has 1 incomplete(s)
2026-08-15 20:21:26.140 DEBUG  [AAADA8\145C8B]   Net 'BST_5V' has 1 incomplete(s)
2026-08-15 20:21:29.085 DEBUG  PolylineTrace.normalize: max normalization depth (16) reached for trace #3275 on net 83 — stopping recursion, trace kept as-is.
2026-08-15 20:21:31.911 DEBUG  InsertFoundConnectionAlgo: insert trace failed for net #6 at corner 3/3 on layer 5, trace width: 2500, from corner: 0, ok_point: (1599000,-1272200), target: (1595000,-1272200)
2026-08-15 20:21:31.937 DEBUG  [AAADA8\145C8B] Autorouter Failed to route connection between pin #1 of component #308, pin of component #306, pin #37 of component #303, pin #5 of component #302, pin of component #302, pin #4 of component #276, pin of component #259, pin of component #250, pin of component #244, pin of component #232, pin of component #231, pin of component #230, pin #85 of component #223, pin #77 of component #223, pin of component #206, pin of component #198, pin #42 of component #184, pin #33 of component #184, pin #24 of component #184, pin #21 of component #184, pin #11 of component #184, pin #2 of component #184, pin #11 of component #183, pin #2 of component #183, pin #2 of component #178, pin #1 of component #171, pin #1 of component #167, pin #29 of component #162, pin #5 of component #162, pin #3 of component #158, pin of component #147, pin of component #138, pin of component #137, pin of component #135, pin of component #133, pin of component #132, pin of component #122, pin of component #51, pin of component #49, pin of component #44, pin of component #29, pin of component #28, pin #5 of component #26, pin of component #19, pin of component #16, pin of component #14, pin of component #9, pin of component #3 and via, via, polylinetrace, polylinetrace, polylinetrace, polylinetrace, polylinetrace, polylinetrace, polylinetrace, polylinetrace, pin #83 of component #223, pin of component #161, because the new connection could not be inserted.
2026-08-15 20:21:34.674 DEBUG  FloatLine: one or both endpoints are null (degenerate line segment)
2026-08-15 20:21:54.693 DEBUG  [AAADA8\145C8B] Autorouter Failed to route connection between pin #4 of component #311, pin #3 of component #311, pin #2 of component #311, pin #1 of component #311, pin #24 of component #301, pin of component #217, pin of component #211, pin of component #200, pin of component #199, pin of component #194, pin of component #190, pin of component #189, pin of component #117 and pin #11 of component #311, because no connection was found between their nets.
2026-08-15 20:22:13.758 DEBUG  [AAADA8\145C8B] Autorouter Failed to route connection between pin #11 of component #311, pin #24 of component #301, pin of component #217, pin of component #211, pin of component #200, pin of component #199, pin of component #194, pin of component #190, pin of component #189, pin of component #117 and polylinetrace, polylinetrace, polylinetrace, polylinetrace, polylinetrace, pin #4 of component #311, pin #3 of component #311, pin #2 of component #311, pin #1 of component #311, because no connection was found between their nets.
2026-08-15 20:22:49.718 DEBUG  ShapeSearchTree45Degree.complete_shape: non-IntOctagon contained shape, using bounding octagon approximation
2026-08-15 20:22:49.735 DEBUG  InsertFoundConnectionAlgo: insert trace failed for net #6 at corner 23/23 on layer 5, trace width: 2500, from corner: 22, ok_point: (2036504,-971504), target: (2035000,-970000)
2026-08-15 20:22:49.759 DEBUG  [AAADA8\145C8B] Autorouter Failed to route connection between via, via, polylinetrace, polylinetrace, polylinetrace, polylinetrace, polylinetrace, polylinetrace, polylinetrace, polylinetrace, pin of component #306, pin #37 of component #303, pin #5 of component #302, pin of component #302, pin #4 of component #276, pin of component #259, pin of component #250, pin of component #244, pin of component #232, pin of component #231, pin of component #230, pin #85 of component #223, pin #83 of component #223, pin #77 of component #223, pin of component #206, pin of component #198, pin #42 of component #184, pin #33 of component #184, pin #24 of component #184, pin #21 of component #184, pin #11 of component #184, pin #2 of component #184, pin #11 of component #183, pin #2 of component #183, pin #2 of component #178, pin #1 of component #171, pin #1 of component #167, pin #29 of component #162, pin #5 of component #162, pin of component #161, pin #3 of component #158, pin of component #147, pin of component #138, pin of component #137, pin of component #135, pin of component #133, pin of component #132, pin of component #122, pin of component #51, pin of component #49, pin of component #44, pin of component #29, pin of component #28, pin #5 of component #26, pin of component #19, pin of component #16, pin of component #14, pin of component #9, pin of component #3 and pin #1 of component #308, because the new connection could not be inserted.
2026-08-15 20:23:15.700 DEBUG  InsertFoundConnectionAlgo: insert trace failed for net #101 at corner 12/12 on layer 5, trace width: 750, from corner: 8, ok_point: (1093239,-1045673), target: (1083376,-1061461)
2026-08-15 20:23:15.726 DEBUG  [AAADA8\145C8B] Autorouter Failed to route connection between polylinetrace, polylinetrace, polylinetrace, polylinetrace, via, via, via, pin #6 of component #308, pin #57 of component #223, pin #6 of component #183, pin of component #167, pin #9 of component #162, pin #1 of component #158, pin #1 of component #29 and pin #2 of component #306, because the new connection could not be inserted.
2026-08-15 20:23:18.464 DEBUG  ShapeSearchTree45Degree.complete_shape: non-IntOctagon contained shape, using bounding octagon approximation
2026-08-15 20:23:21.179 DEBUG  InsertFoundConnectionAlgo: insert trace failed for net #208 at corner 1/1 on layer 5, trace width: 5000, from corner: 0, ok_point: (2055375,-1175375), target: (2055375,-1170375)
2026-08-15 20:23:21.203 DEBUG  [AAADA8\145C8B] Autorouter Failed to route connection between pin #22 of component #305, pin #34 of component #303, pin #33 of component #303, pin #1 of component #300, pin of component #299, pin #3 of component #297, pin of component #297, pin #3 of component #296, pin of component #296, pin #3 of component #295, pin of component #295, pin of component #288, pin of component #281, pin of component #280, pin of component #279, pin of component #278, pin #3 of component #275, pin of component #275, pin #6 of component #274, pin of component #269, pin of component #247, pin of component #227, pin #86 of component #223, pin #84 of component #223, pin #82 of component #223, pin #80 of component #223, pin #78 of component #223, pin #76 of component #223, pin of component #213, pin of component #204, pin #5 of component #181, pin of component #120, pin of component #104 and pin #23 of component #305, because the new connection could not be inserted.
2026-08-15 20:23:23.873 DEBUG  InsertFoundConnectionAlgo: insert trace failed for net #208 at corner 5/5 on layer 5, trace width: 5000, from corner: 0, ok_point: (2055375,-1170375), target: (2055375,-1175375)
2026-08-15 20:23:23.905 DEBUG  [AAADA8\145C8B] Autorouter Failed to route connection between pin #23 of component #305, pin #34 of component #303, pin #33 of component #303, pin #1 of component #300, pin of component #299, pin #3 of component #297, pin of component #297, pin #3 of component #296, pin of component #296, pin #3 of component #295, pin of component #295, pin of component #288, pin of component #281, pin of component #280, pin of component #279, pin of component #278, pin #3 of component #275, pin of component #275, pin #6 of component #274, pin of component #269, pin of component #247, pin of component #227, pin #86 of component #223, pin #84 of component #223, pin #82 of component #223, pin #80 of component #223, pin #78 of component #223, pin #76 of component #223, pin of component #213, pin of component #204, pin #5 of component #181, pin of component #120, pin of component #104 and pin #22 of component #305, because the new connection could not be inserted.
2026-08-15 20:23:32.112 DEBUG  InsertFoundConnectionAlgo: insert trace failed for net #382 at corner 25/25 on layer 5, trace width: 750, from corner: 7, ok_point: (2088760,-1123250), target: (2280000,-1165000)
2026-08-15 20:23:32.136 DEBUG  [AAADA8\145C8B] Autorouter Failed to route connection between pin #1 of component #294, pin #1 of component #227 and polylinetrace, pin #19 of component #305, pin #18 of component #305, because the new connection could not be inserted.
2026-08-15 20:23:51.676 DEBUG  InsertFoundConnectionAlgo: insert trace failed for net #396 at corner 17/17 on layer 3, trace width: 750, from corner: 4, ok_point: (2098477,-1157252), target: (2172810,-1172564)
2026-08-15 20:23:51.702 DEBUG  [AAADA8\145C8B] Autorouter Failed to route connection between pin of component #260 and pin #10 of component #305, because the new connection could not be inserted.
2026-08-15 20:24:15.467 DEBUG  InsertFoundConnectionAlgo: insert trace failed for net #247 at corner 41/41 on layer 3, trace width: 750, from corner: 25, ok_point: (1712749,-1317348), target: (1631901,-1319900)
2026-08-15 20:24:15.496 DEBUG  [AAADA8\145C8B] Autorouter Failed to route connection between pin #66 of component #223 and pin #7 of component #304, because the new connection could not be inserted.
2026-08-15 20:24:18.448 DEBUG  InsertFoundConnectionAlgo: insert trace failed for net #246 at corner 44/44 on layer 3, trace width: 750, from corner: 25, ok_point: (1712749,-1317348), target: (1640584,-1293822)
2026-08-15 20:24:18.479 DEBUG  [AAADA8\145C8B] Autorouter Failed to route connection between pin #62 of component #223 and pin #6 of component #304, because the new connection could not be inserted.
2026-08-15 20:24:21.363 DEBUG  InsertFoundConnectionAlgo: insert trace failed for net #243 at corner 56/56 on layer 3, trace width: 750, from corner: 40, ok_point: (1711413,-1316012), target: (1660923,-1288350)
2026-08-15 20:24:21.392 DEBUG  [AAADA8\145C8B] Autorouter Failed to route connection between pin #56 of component #223 and pin #4 of component #304, because the new connection could not be inserted.
2026-08-15 20:24:24.428 DEBUG  InsertFoundConnectionAlgo: insert trace failed for net #395 at corner 5/5 on layer 3, trace width: 750, from corner: 2, ok_point: (2230920,-1173250), target: (2329689,-1159572)
2026-08-15 20:24:24.454 DEBUG  [AAADA8\145C8B] Autorouter Failed to route connection between pin of component #284, pin of component #276 and pin #3 of component #304, because the new connection could not be inserted.
2026-08-15 20:24:33.120 DEBUG  InsertFoundConnectionAlgo: insert trace failed for net #248 at corner 22/22 on layer 3, trace width: 750, from corner: 9, ok_point: (1701590,-1316648), target: (1631901,-1319900)
2026-08-15 20:24:33.149 DEBUG  [AAADA8\145C8B] Autorouter Failed to route connection between pin #68 of component #223 and pin of component #304, because the new connection could not be inserted.
2026-08-15 20:24:44.058 DEBUG  ShapeSearchTree45Degree.complete_shape: non-IntOctagon contained shape, using bounding octagon approximation
2026-08-15 20:24:44.064 DEBUG  InsertFoundConnectionAlgo: insert trace failed for net #6 at corner 8/8 on layer 5, trace width: 2500, from corner: 0, ok_point: (2035000,-970000), target: (2036504,-976991)
2026-08-15 20:24:44.093 DEBUG  [AAADA8\145C8B] Autorouter Failed to route connection between polylinetrace, polylinetrace, polylinetrace, via, via, polylinetrace, polylinetrace, polylinetrace, polylinetrace, polylinetrace, polylinetrace, polylinetrace, polylinetrace, pin #1 of component #308, pin of component #306, pin #5 of component #302, pin of component #302, pin #4 of component #276, pin of component #259, pin of component #250, pin of component #244, pin of component #232, pin of component #231, pin of component #230, pin #85 of component #223, pin #83 of component #223, pin #77 of component #223, pin of component #206, pin of component #198, pin #42 of component #184, pin #33 of component #184, pin #24 of component #184, pin #21 of component #184, pin #11 of component #184, pin #2 of component #184, pin #11 of component #183, pin #2 of component #183, pin #2 of component #178, pin #1 of component #171, pin #1 of component #167, pin #29 of component #162, pin #5 of component #162, pin of component #161, pin #3 of component #158, pin of component #147, pin of component #138, pin of component #137, pin of component #135, pin of component #133, pin of component #132, pin of component #122, pin of component #51, pin of component #49, pin of component #44, pin of component #29, pin of component #28, pin #5 of component #26, pin of component #19, pin of component #16, pin of component #14, pin of component #9, pin of component #3 and pin #37 of component #303, because the new connection could not be inserted.
2026-08-15 20:24:47.176 DEBUG  InsertFoundConnectionAlgo: insert trace failed for net #208 at corner 1/1 on layer 5, trace width: 5000, from corner: 0, ok_point: (2023000,-970000), target: (2019000,-970000)
2026-08-15 20:24:47.217 DEBUG  [AAADA8\145C8B] Autorouter Failed to route connection between pin #23 of component #305, pin #22 of component #305, pin #33 of component #303, pin #1 of component #300, pin of component #299, pin #3 of component #297, pin of component #297, pin #3 of component #296, pin of component #296, pin #3 of component #295, pin of component #295, pin of component #288, pin of component #281, pin of component #280, pin of component #279, pin of component #278, pin #3 of component #275, pin of component #275, pin #6 of component #274, pin of component #269, pin of component #247, pin of component #227, pin #86 of component #223, pin #84 of component #223, pin #82 of component #223, pin #80 of component #223, pin #78 of component #223, pin #76 of component #223, pin of component #213, pin of component #204, pin #5 of component #181, pin of component #120, pin of component #104 and pin #34 of component #303, because the new connection could not be inserted.
2026-08-15 20:24:50.348 DEBUG  InsertFoundConnectionAlgo: insert trace failed for net #208 at corner 1/1 on layer 5, trace width: 5000, from corner: 0, ok_point: (2019000,-970000), target: (2023000,-970000)
2026-08-15 20:24:50.375 DEBUG  [AAADA8\145C8B] Autorouter Failed to route connection between pin #23 of component #305, pin #22 of component #305, pin #34 of component #303, pin #1 of component #300, pin of component #299, pin #3 of component #297, pin of component #297, pin #3 of component #296, pin of component #296, pin #3 of component #295, pin of component #295, pin of component #288, pin of component #281, pin of component #280, pin of component #279, pin of component #278, pin #3 of component #275, pin of component #275, pin #6 of component #274, pin of component #269, pin of component #247, pin of component #227, pin #86 of component #223, pin #84 of component #223, pin #82 of component #223, pin #80 of component #223, pin #78 of component #223, pin #76 of component #223, pin of component #213, pin of component #204, pin #5 of component #181, pin of component #120, pin of component #104 and pin #33 of component #303, because the new connection could not be inserted.
2026-08-15 20:24:53.091 DEBUG  InsertFoundConnectionAlgo: insert trace failed for net #111 at corner 1/1 on layer 5, trace width: 5000, from corner: 0, ok_point: (2015000,-970000), target: (2011000,-970000)
2026-08-15 20:24:53.118 DEBUG  [AAADA8\145C8B] Autorouter Failed to route connection between pin #31 of component #303, pin #24 of component #303, pin #23 of component #303, pin #22 of component #303, pin of component #216, pin of component #209, pin of component #202, pin of component #195, pin #5 of component #180, pin #4 of component #180, pin #3 of component #180, pin #17 of component #160, pin #12 of component #160, pin #9 of component #160, pin #4 of component #160 and pin #32 of component #303, because the new connection could not be inserted.
2026-08-15 20:24:56.055 DEBUG  InsertFoundConnectionAlgo: insert trace failed for net #111 at corner 1/1 on layer 5, trace width: 5000, from corner: 0, ok_point: (2011000,-970000), target: (2015000,-970000)
2026-08-15 20:24:56.085 DEBUG  [AAADA8\145C8B] Autorouter Failed to route connection between pin #32 of component #303, pin #24 of component #303, pin #23 of component #303, pin #22 of component #303, pin of component #216, pin of component #209, pin of component #202, pin of component #195, pin #5 of component #180, pin #4 of component #180, pin #3 of component #180, pin #17 of component #160, pin #12 of component #160, pin #9 of component #160, pin #4 of component #160 and pin #31 of component #303, because the new connection could not be inserted.
2026-08-15 20:24:58.862 DEBUG  InsertFoundConnectionAlgo: insert trace failed for net #115 at corner 16/16 on layer 5, trace width: 750, from corner: 4, ok_point: (1998254,-969143), target: (1997250,-1014000)
2026-08-15 20:24:58.889 DEBUG  [AAADA8\145C8B] Autorouter Failed to route connection between pin of component #218, pin #1 of component #183, pin #16 of component #165, pin #13 of component #160 and pin #28 of component #303, because the new connection could not be inserted.
2026-08-15 20:25:12.667 DEBUG  InsertFoundConnectionAlgo: insert trace failed for net #111 at corner 3/3 on layer 5, trace width: 5000, from corner: 2, ok_point: (1979000,-954004), target: (1979000,-950000)
2026-08-15 20:25:12.694 DEBUG  [AAADA8\145C8B] Autorouter Failed to route connection between pin #32 of component #303, pin #31 of component #303, pin #22 of component #303, pin of component #216, pin of component #209, pin of component #202, pin of component #195, pin #5 of component #180, pin #4 of component #180, pin #3 of component #180, pin #17 of component #160, pin #12 of component #160, pin #9 of component #160, pin #4 of component #160 and polylinetrace, pin #24 of component #303, pin #23 of component #303, because the new connection could not be inserted.
2026-08-15 20:25:15.384 DEBUG  InsertFoundConnectionAlgo: insert trace failed for net #111 at corner 3/3 on layer 5, trace width: 5000, from corner: 0, ok_point: (1979000,-950000), target: (1979000,-954000)
2026-08-15 20:25:15.411 DEBUG  [AAADA8\145C8B] Autorouter Failed to route connection between polylinetrace, pin #32 of component #303, pin #31 of component #303, pin #24 of component #303, pin #23 of component #303, pin of component #216, pin of component #209, pin of component #202, pin of component #195, pin #5 of component #180, pin #4 of component #180, pin #3 of component #180, pin #17 of component #160, pin #12 of component #160, pin #9 of component #160, pin #4 of component #160 and pin #22 of component #303, because the new connection could not be inserted.
2026-08-15 20:25:23.506 DEBUG  InsertFoundConnectionAlgo: insert trace failed for net #401 at corner 24/24 on layer 5, trace width: 750, from corner: 5, ok_point: (1984504,-955730), target: (2072250,-950000)
2026-08-15 20:25:23.533 DEBUG  [AAADA8\145C8B] Autorouter Failed to route connection between pin #8 of component #301, pin #7 of component #301, pin #2 of component #301, pin #1 of component #301, pin of component #222, pin of component #215, pin of component #208 and polylinetrace, polylinetrace, pin #21 of component #303, pin #20 of component #303, pin #19 of component #303, because the new connection could not be inserted.
2026-08-15 20:25:29.935 DEBUG  InsertFoundConnectionAlgo: insert trace failed for net #394 at corner 6/15 on layer 5, trace width: 750, from corner: 1, ok_point: (1994269,-927897), target: (1985654,-951426)
2026-08-15 20:25:29.967 DEBUG  [AAADA8\145C8B] Autorouter Failed to route connection between pin #13 of component #301, pin #1 of component #240 and pin #16 of component #303, because the new connection could not be inserted.
2026-08-15 20:25:56.318 DEBUG  ShapeSearchTree45Degree.complete_shape: non-IntOctagon contained shape, using bounding octagon approximation
2026-08-15 20:26:07.514 DEBUG  ShapeSearchTree45Degree.complete_shape: non-IntOctagon contained shape, using bounding octagon approximation
2026-08-15 20:26:22.641 DEBUG  [AAADA8\145C8B] Autorouter Failed to route connection between polylinetrace, polylinetrace, polylinetrace, polylinetrace, polylinetrace, pin #11 of component #311, pin #4 of component #311, pin #3 of component #311, pin #2 of component #311, pin #1 of component #311, pin of component #217, pin of component #211, pin of component #200, pin of component #199, pin of component #194, pin of component #190, pin of component #189, pin of component #117 and pin #24 of component #301, because no connection was found between their nets.
2026-08-15 20:26:25.405 DEBUG  InsertFoundConnectionAlgo: insert trace failed for net #393 at corner 1/1 on layer 5, trace width: 5000, from corner: 0, ok_point: (2199625,-1220250), target: (2199625,-1224250)
2026-08-15 20:26:25.434 DEBUG  [AAADA8\145C8B] Autorouter Failed to route connection between pin #21 of component #301, pin #1 of component #239, pin of component #214 and pin #22 of component #301, because the new connection could not be inserted.
2026-08-15 20:26:28.131 DEBUG  InsertFoundConnectionAlgo: insert trace failed for net #393 at corner 1/1 on layer 5, trace width: 5000, from corner: 0, ok_point: (2199625,-1224250), target: (2199625,-1220250)
2026-08-15 20:26:28.160 DEBUG  [AAADA8\145C8B] Autorouter Failed to route connection between pin #22 of component #301, pin #1 of component #239, pin of component #214 and pin #21 of component #301, because the new connection could not be inserted.
2026-08-15 20:26:31.105 DEBUG  InsertFoundConnectionAlgo: insert trace failed for net #257 at corner 11/11 on layer 3, trace width: 750, from corner: 6, ok_point: (2281750,-1074159), target: (2337585,-993147)
2026-08-15 20:26:31.136 DEBUG  [AAADA8\145C8B] Autorouter Failed to route connection between pin #17 of component #303, pin #1 of component #230 and pin #20 of component #301, because the new connection could not be inserted.
2026-08-15 20:26:33.993 DEBUG  InsertFoundConnectionAlgo: insert trace failed for net #404 at corner 12/12 on layer 5, trace width: 750, from corner: 2, ok_point: (2200302,-1231573), target: (2187182,-1225119)
2026-08-15 20:26:34.022 DEBUG  [AAADA8\145C8B] Autorouter Failed to route connection between pin of component #248 and pin #19 of component #301, because the new connection could not be inserted.
2026-08-15 20:26:41.143 DEBUG  [AAADA8\145C8B] Autorouter Failed to route connection between pin of component #239 and pin #17 of component #301, because no connection was found between their nets.
2026-08-15 20:26:44.118 DEBUG  InsertFoundConnectionAlgo: insert trace failed for net #385 at corner 14/14 on layer 3, trace width: 750, from corner: 8, ok_point: (2281750,-1074159), target: (2315239,-1014810)
2026-08-15 20:26:44.147 DEBUG  [AAADA8\145C8B] Autorouter Failed to route connection between pin #1 of component #246, pin of component #236 and pin #16 of component #301, because the new connection could not be inserted.
2026-08-15 20:26:47.053 DEBUG  InsertFoundConnectionAlgo: insert trace failed for net #268 at corner 16/16 on layer 3, trace width: 750, from corner: 13, ok_point: (2281750,-1074159), target: (2303981,-1038876)
2026-08-15 20:26:47.084 DEBUG  [AAADA8\145C8B] Autorouter Failed to route connection between pin of component #242, pin of component #233 and pin #15 of component #301, because the new connection could not be inserted.
2026-08-15 20:27:01.481 DEBUG  InsertFoundConnectionAlgo: insert trace failed for net #387 at corner 17/17 on layer 3, trace width: 750, from corner: 11, ok_point: (2281750,-1074159), target: (2304050,-1037335)
2026-08-15 20:27:01.512 DEBUG  [AAADA8\145C8B] Autorouter Failed to route connection between pin of component #246, pin of component #196 and pin #4 of component #301, because the new connection could not be inserted.
2026-08-15 20:27:13.759 DEBUG  InsertFoundConnectionAlgo: insert trace failed for net #267 at corner 74/74 on layer 3, trace width: 750, from corner: 28, ok_point: (1836967,-1317028), target: (1068509,-1101462)
2026-08-15 20:27:13.788 DEBUG  [AAADA8\145C8B] Autorouter Failed to route connection between pin of component #115 and pin of component #301, because the new connection could not be inserted.
2026-08-15 20:27:59.145 DEBUG  InsertFoundConnectionAlgo: insert trace failed for net #208 at corner 13/13 on layer 5, trace width: 5000, from corner: 6, ok_point: (1100689,-1183700), target: (1125000,-1155000)
2026-08-15 20:27:59.177 DEBUG  [AAADA8\145C8B] Autorouter Failed to route connection between polylinetrace, polylinetrace, polylinetrace, polylinetrace, polylinetrace, polylinetrace, polylinetrace, polylinetrace, polylinetrace, polylinetrace, polylinetrace, polylinetrace, via, polylinetrace, via, polylinetrace, polylinetrace, pin #23 of component #305, pin #22 of component #305, pin #34 of component #303, pin #33 of component #303, pin #1 of component #300, pin of component #299, pin #3 of component #297, pin of component #297, pin #3 of component #296, pin of component #296, pin of component #295, pin of component #288, pin of component #281, pin of component #280, pin of component #279, pin of component #278, pin #3 of component #275, pin of component #275, pin #6 of component #274, pin of component #269, pin of component #247, pin of component #227, pin #86 of component #223, pin #84 of component #223, pin #82 of component #223, pin #80 of component #223, pin #78 of component #223, pin #76 of component #223, pin of component #213, pin of component #204, pin #5 of component #181, pin of component #120, pin of component #104 and pin #3 of component #295, because the new connection could not be inserted.
2026-08-15 20:28:08.411 DEBUG  [AAADA8\145C8B] Autorouter Failed to route connection between polylinetrace, polylinetrace, polylinetrace, polylinetrace, polylinetrace, polylinetrace, polylinetrace, polylinetrace, polylinetrace, polylinetrace, polylinetrace, polylinetrace, polylinetrace, via, polylinetrace, via, polylinetrace, polylinetrace, pin #23 of component #305, pin #22 of component #305, pin #34 of component #303, pin #33 of component #303, pin #1 of component #300, pin of component #299, pin #3 of component #297, pin of component #297, pin #3 of component #296, pin of component #296, pin #3 of component #295, pin of component #288, pin of component #281, pin of component #280, pin of component #279, pin of component #278, pin #3 of component #275, pin of component #275, pin #6 of component #274, pin of component #269, pin of component #247, pin of component #227, pin #86 of component #223, pin #84 of component #223, pin #82 of component #223, pin #80 of component #223, pin #78 of component #223, pin #76 of component #223, pin of component #213, pin of component #204, pin #5 of component #181, pin of component #120, pin of component #104 and pin of component #295, because no connection was found between their nets.
2026-08-15 20:28:22.279 DEBUG  InsertFoundConnectionAlgo: insert trace failed for net #23 at corner 9/11 on layer 5, trace width: 2500, from corner: 6, ok_point: (2215869,-947715), target: (2222873,-1028006)
2026-08-15 20:28:22.311 DEBUG  [AAADA8\145C8B] Autorouter Failed to route connection between polylinetrace, polylinetrace, polylinetrace, polylinetrace, pin #3 of component #308, pin #2 of component #308, pin of component #289, pin of component #270, pin of component #268, pin of component #262, pin #1 of component #226, pin #3 of component #182, pin #1 of component #182, pin #3 of component #175, pin of component #175, pin #3 of component #174, pin of component #174, pin #1 of component #172, pin #1 of component #170, pin #1 of component #169, pin #1 of component #168, pin of component #149, pin of component #144, pin of component #85, pin #3 of component #81, pin #1 of component #81, pin of component #78, pin of component #66, pin of component #61, pin of component #41, pin #1 of component #6 and pin #23 of component #291, because the new connection could not be inserted.
2026-08-15 20:29:00.897 DEBUG  InsertFoundConnectionAlgo: insert trace failed for net #2 at corner 5/5 on layer 0, trace width: 750, from corner: 2, ok_point: (2138264,-1064931), target: (2138500,-1045000)
2026-08-15 20:29:00.932 DEBUG  [AAADA8\145C8B] Autorouter Failed to route connection between pin #41 of component #182, pin of component #1 and pin #8 of component #291, because the new connection could not be inserted.
2026-08-15 20:29:04.479 DEBUG  InsertFoundConnectionAlgo: insert trace failed for net #48 at corner 2/2 on layer 0, trace width: 750, from corner: 1, ok_point: (1239201,-1029301), target: (1239500,-1029600)
2026-08-15 20:29:04.514 DEBUG  [AAADA8\145C8B] Autorouter Failed to route connection between pin #41 of component #81, pin of component #12 and pin #7 of component #291, because the new connection could not be inserted.
2026-08-15 20:29:45.081 DEBUG  InsertFoundConnectionAlgo: insert trace failed for net #104 at corner 11/11 on layer 5, trace width: 2500, from corner: 7, ok_point: (1378991,-1175101), target: (1345218,-1180506)
2026-08-15 20:29:45.113 DEBUG  [AAADA8\145C8B] Autorouter Failed to route connection between pin of component #256, pin #1 of component #228, pin of component #148, pin of component #146, pin of component #143, pin of component #142, pin of component #108 and pin of component #285, because the new connection could not be inserted.
2026-08-15 20:29:47.936 DEBUG  InsertFoundConnectionAlgo: insert trace failed for net #395 at corner 30/30 on layer 3, trace width: 750, from corner: 8, ok_point: (2337201,-1176750), target: (2136103,-1210917)
2026-08-15 20:29:47.972 DEBUG  [AAADA8\145C8B] Autorouter Failed to route connection between pin #3 of component #304, pin of component #276 and pin of component #284, because the new connection could not be inserted.
2026-08-15 20:29:54.021 DEBUG  InsertFoundConnectionAlgo: insert trace failed for net #25 at corner 4/4 on layer 5, trace width: 2500, from corner: 3, ok_point: (2182000,-1251377), target: (2182000,-1267000)
2026-08-15 20:29:54.057 DEBUG  [AAADA8\145C8B] Autorouter Failed to route connection between pin #1 of component #274, pin #6 of component #182, pin of component #106, pin #6 of component #81, pin of component #80, pin of component #79 and pin of component #282, because the new connection could not be inserted.
2026-08-15 20:30:00.990 DEBUG  [AAADA8\145C8B] Autorouter Failed to route connection between polylinetrace, polylinetrace, polylinetrace, via, polylinetrace, polylinetrace, polylinetrace, polylinetrace, polylinetrace, polylinetrace, polylinetrace, polylinetrace, polylinetrace, polylinetrace, polylinetrace, polylinetrace, polylinetrace, via, polylinetrace, via, polylinetrace, polylinetrace, pin #23 of component #305, pin #22 of component #305, pin #34 of component #303, pin #33 of component #303, pin #1 of component #300, pin of component #299, pin #3 of component #297, pin of component #297, pin #3 of component #296, pin of component #296, pin #3 of component #295, pin of component #295, pin of component #288, pin of component #280, pin of component #279, pin of component #278, pin #3 of component #275, pin of component #275, pin #6 of component #274, pin of component #269, pin of component #247, pin of component #227, pin #86 of component #223, pin #84 of component #223, pin #82 of component #223, pin #80 of component #223, pin #78 of component #223, pin #76 of component #223, pin of component #213, pin of component #204, pin #5 of component #181, pin of component #120, pin of component #104 and pin of component #281, because no connection was found between their nets.
2026-08-15 20:30:13.585 DEBUG  [AAADA8\145C8B] Autorouter Failed to route connection between polylinetrace, polylinetrace, polylinetrace, polylinetrace, polylinetrace, polylinetrace, polylinetrace, via, polylinetrace, polylinetrace, polylinetrace, polylinetrace, polylinetrace, polylinetrace, polylinetrace, polylinetrace, polylinetrace, polylinetrace, polylinetrace, polylinetrace, via, polylinetrace, via, polylinetrace, polylinetrace, pin #23 of component #305, pin #22 of component #305, pin #34 of component #303, pin #33 of component #303, pin #1 of component #300, pin of component #299, pin #3 of component #297, pin of component #297, pin #3 of component #296, pin of component #296, pin #3 of component #295, pin of component #295, pin of component #288, pin of component #281, pin of component #280, pin of component #279, pin #3 of component #275, pin of component #275, pin #6 of component #274, pin of component #269, pin of component #247, pin of component #227, pin #86 of component #223, pin #84 of component #223, pin #82 of component #223, pin #80 of component #223, pin #78 of component #223, pin #76 of component #223, pin of component #213, pin of component #204, pin #5 of component #181, pin of component #120, pin of component #104 and pin of component #278, because no connection was found between their nets.
2026-08-15 20:30:19.758 DEBUG  ShapeSearchTree45Degree.complete_shape: non-IntOctagon contained shape, using bounding octagon approximation
2026-08-15 20:30:28.263 DEBUG  InsertFoundConnectionAlgo: insert trace failed for net #395 at corner 39/39 on layer 3, trace width: 750, from corner: 4, ok_point: (1374666,-1318150), target: (2087876,-1346543)
2026-08-15 20:30:28.298 DEBUG  [AAADA8\145C8B] Autorouter Failed to route connection between polylinetrace, via, pin #3 of component #304, pin of component #284 and pin of component #276, because the new connection could not be inserted.
2026-08-15 20:30:47.852 DEBUG  [AAADA8\145C8B] Autorouter Failed to route connection between polylinetrace, polylinetrace, polylinetrace, polylinetrace, polylinetrace, via, via, via, via, pin of component #277, pin #2 of component #182, pin of component #101, pin #2 of component #81, pin of component #74, pin of component #70 and pin #14 of component #274, because no connection was found between their nets.
2026-08-15 20:31:03.426 DEBUG  [AAADA8\145C8B] Autorouter Failed to route connection between pin of component #287 and pin #8 of component #274, because no connection was found between their nets.
2026-08-15 20:31:13.728 DEBUG  [AAADA8\145C8B] Autorouter Failed to route connection between polylinetrace, polylinetrace, via, polylinetrace, polylinetrace, polylinetrace, polylinetrace, via, via, pin #5 of component #308, pin #22 of component #291, pin #72 of component #173, pin of component #168, pin of component #107, pin #72 of component #82 and pin #7 of component #274, because no connection was found between their nets.
2026-08-15 20:31:20.791 DEBUG  [AAADA8\145C8B] Autorouter Failed to route connection between polylinetrace, polylinetrace, polylinetrace, polylinetrace, via, via, polylinetrace, polylinetrace, polylinetrace, polylinetrace, polylinetrace, polylinetrace, polylinetrace, polylinetrace, via, polylinetrace, polylinetrace, polylinetrace, polylinetrace, polylinetrace, polylinetrace, polylinetrace, polylinetrace, polylinetrace, polylinetrace, polylinetrace, polylinetrace, via, polylinetrace, via, polylinetrace, polylinetrace, pin #23 of component #305, pin #22 of component #305, pin #34 of component #303, pin #33 of component #303, pin #1 of component #300, pin of component #299, pin #3 of component #297, pin of component #297, pin #3 of component #296, pin of component #296, pin #3 of component #295, pin of component #295, pin of component #288, pin of component #281, pin of component #280, pin of component #279, pin of component #278, pin #3 of component #275, pin of component #275, pin of component #269, pin of component #247, pin of component #227, pin #86 of component #223, pin #84 of component #223, pin #82 of component #223, pin #80 of component #223, pin #78 of component #223, pin #76 of component #223, pin of component #213, pin of component #204, pin #5 of component #181, pin of component #120, pin of component #104 and pin #6 of component #274, because no connection was found between their nets.
2026-08-15 20:31:30.943 DEBUG  [AAADA8\145C8B] Autorouter Failed to route connection between polylinetrace, polylinetrace, polylinetrace, via, via, pin #4 of component #308, pin #21 of component #291, pin #73 of component #173, pin of component #172, pin of component #103, pin #73 of component #82 and pin #4 of component #274, because no connection was found between their nets.
2026-08-15 20:31:40.428 DEBUG  InsertFoundConnectionAlgo: insert trace failed for net #25 at corner 6/6 on layer 5, trace width: 2500, from corner: 0, ok_point: (2182000,-1267000), target: (2182869,-1249024)
2026-08-15 20:31:40.464 DEBUG  [AAADA8\145C8B] Autorouter Failed to route connection between pin of component #282, pin #6 of component #182, pin of component #106, pin #6 of component #81, pin of component #80, pin of component #79 and pin #1 of component #274, because the new connection could not be inserted.
2026-08-15 20:31:52.095 DEBUG  InsertFoundConnectionAlgo: insert trace failed for net #47 at corner 29/29 on layer 0, trace width: 5000, from corner: 28, ok_point: (2135000,-1070253), target: (2135000,-1045000)
2026-08-15 20:31:52.133 DEBUG  [AAADA8\145C8B] Autorouter Failed to route connection between pin of component #264, pin #40 of component #182, pin #40 of component #81 and polylinetrace, polylinetrace, polylinetrace, pin of component #294, pin of component #272, pin of component #271, because the new connection could not be inserted.
2026-08-15 20:31:57.653 DEBUG  InsertFoundConnectionAlgo: insert trace failed for net #208 at corner 5/5 on layer 5, trace width: 5000, from corner: 4, ok_point: (2299893,-1214893), target: (2280000,-1195000)
2026-08-15 20:31:57.687 DEBUG  [AAADA8\145C8B] Autorouter Failed to route connection between polylinetrace, polylinetrace, polylinetrace, polylinetrace, via, via, polylinetrace, polylinetrace, polylinetrace, polylinetrace, polylinetrace, polylinetrace, polylinetrace, polylinetrace, via, polylinetrace, polylinetrace, polylinetrace, polylinetrace, polylinetrace, polylinetrace, polylinetrace, polylinetrace, polylinetrace, polylinetrace, polylinetrace, polylinetrace, via, polylinetrace, via, polylinetrace, polylinetrace, pin #23 of component #305, pin #22 of component #305, pin #34 of component #303, pin #33 of component #303, pin #1 of component #300, pin of component #299, pin #3 of component #297, pin of component #297, pin #3 of component #296, pin of component #296, pin #3 of component #295, pin of component #295, pin of component #288, pin of component #281, pin of component #280, pin of component #279, pin of component #278, pin #3 of component #275, pin of component #275, pin #6 of component #274, pin of component #247, pin of component #227, pin #86 of component #223, pin #84 of component #223, pin #82 of component #223, pin #80 of component #223, pin #78 of component #223, pin #76 of component #223, pin of component #213, pin of component #204, pin #5 of component #181, pin of component #120, pin of component #104 and pin of component #269, because the new connection could not be inserted.
2026-08-15 20:32:00.483 DEBUG  InsertFoundConnectionAlgo: insert trace failed for net #23 at corner 38/38 on layer 5, trace width: 2500, from corner: 12, ok_point: (2085440,-1136828), target: (2073673,-1090041)
2026-08-15 20:32:00.520 DEBUG  [AAADA8\145C8B] Autorouter Failed to route connection between polylinetrace, polylinetrace, polylinetrace, polylinetrace, via, polylinetrace, polylinetrace, polylinetrace, polylinetrace, polylinetrace, polylinetrace, pin #3 of component #308, pin #2 of component #308, pin #23 of component #291, pin of component #289, pin of component #270, pin of component #262, pin #1 of component #226, pin #3 of component #182, pin #1 of component #182, pin #3 of component #175, pin of component #175, pin #3 of component #174, pin of component #174, pin #1 of component #172, pin #1 of component #170, pin #1 of component #169, pin #1 of component #168, pin of component #149, pin of component #144, pin of component #85, pin #3 of component #81, pin #1 of component #81, pin of component #78, pin of component #66, pin of component #61, pin of component #41, pin #1 of component #6 and pin of component #268, because the new connection could not be inserted.
2026-08-15 20:32:11.794 DEBUG  InsertFoundConnectionAlgo: insert trace failed for net #422 at corner 25/25 on layer 3, trace width: 750, from corner: 9, ok_point: (2092498,-1192500), target: (2038231,-1201987)
2026-08-15 20:32:11.832 DEBUG  [AAADA8\145C8B] Autorouter Failed to route connection between pin #1 of component #305 and pin of component #265, because the new connection could not be inserted.
2026-08-15 20:32:21.827 DEBUG  [AAADA8\145C8B] Autorouter Failed to route connection between polylinetrace, polylinetrace, polylinetrace, polylinetrace, via, polylinetrace, polylinetrace, pin of component #294, pin of component #272, pin of component #271, pin #40 of component #182, pin #40 of component #81 and pin of component #264, because no connection was found between their nets.
2026-08-15 20:32:44.632 DEBUG  ShapeSearchTree45Degree.complete_shape: non-IntOctagon contained shape, using bounding octagon approximation
2026-08-15 20:32:44.684 DEBUG  InsertFoundConnectionAlgo: insert trace failed for net #6 at corner 26/26 on layer 5, trace width: 2500, from corner: 19, ok_point: (1533022,-1282225), target: (1599000,-1283000)
2026-08-15 20:32:44.723 DEBUG  [AAADA8\145C8B] Autorouter Failed to route connection between polylinetrace, polylinetrace, polylinetrace, via, via, polylinetrace, polylinetrace, polylinetrace, polylinetrace, polylinetrace, polylinetrace, polylinetrace, polylinetrace, pin #1 of component #308, pin of component #306, pin #37 of component #303, pin #5 of component #302, pin of component #302, pin of component #250, pin of component #244, pin of component #232, pin of component #231, pin of component #230, pin #85 of component #223, pin #83 of component #223, pin #77 of component #223, pin of component #206, pin of component #198, pin #42 of component #184, pin #33 of component #184, pin #24 of component #184, pin #21 of component #184, pin #11 of component #184, pin #2 of component #184, pin #11 of component #183, pin #2 of component #183, pin #2 of component #178, pin #1 of component #171, pin #1 of component #167, pin #29 of component #162, pin #5 of component #162, pin of component #161, pin #3 of component #158, pin of component #147, pin of component #138, pin of component #137, pin of component #135, pin of component #133, pin of component #132, pin of component #122, pin of component #51, pin of component #49, pin of component #44, pin of component #29, pin of component #28, pin #5 of component #26, pin of component #19, pin of component #16, pin of component #14, pin of component #9, pin of component #3 and polylinetrace, pin #4 of component #276, pin of component #259, because the new connection could not be inserted.
2026-08-15 20:33:18.488 DEBUG  ShapeSearchTree45Degree.complete_shape: non-IntOctagon contained shape, using bounding octagon approximation
2026-08-15 20:33:27.376 DEBUG  InsertFoundConnectionAlgo: insert trace failed for net #404 at corner 15/15 on layer 5, trace width: 750, from corner: 4, ok_point: (2298857,-1108934), target: (2276080,-1122785)
2026-08-15 20:33:27.415 DEBUG  [AAADA8\145C8B] Autorouter Failed to route connection between pin #19 of component #301 and pin of component #248, because the new connection could not be inserted.
2026-08-15 20:33:41.645 DEBUG  InsertFoundConnectionAlgo: insert trace failed for net #412 at corner 34/34 on layer 5, trace width: 750, from corner: 6, ok_point: (2120993,-937011), target: (2027000,-926000)
2026-08-15 20:33:41.686 DEBUG  [AAADA8\145C8B] Autorouter Failed to route connection between pin #8 of component #303 and polylinetrace, polylinetrace, polylinetrace, polylinetrace, via, via, pin #5 of component #309, pin #1 of component #245, because the new connection could not be inserted.
2026-08-15 20:33:50.230 DEBUG  ShapeSearchTree45Degree.complete_shape: non-IntOctagon contained shape, using bounding octagon approximation
2026-08-15 20:34:13.506 DEBUG  [AAADA8\145C8B] Autorouter Failed to route connection between pin #22 of component #301, pin #21 of component #301, pin of component #214 and pin #1 of component #239, because no connection was found between their nets.
2026-08-15 20:34:16.321 DEBUG  [AAADA8\145C8B] Autorouter Failed to route connection between pin #17 of component #301 and pin of component #239, because no connection was found between their nets.
2026-08-15 20:34:31.270 DEBUG  InsertFoundConnectionAlgo: insert trace failed for net #385 at corner 75/75 on layer 5, trace width: 750, from corner: 3, ok_point: (2338957,-1040934), target: (2200125,-1244250)
2026-08-15 20:34:31.312 DEBUG  [AAADA8\145C8B] Autorouter Failed to route connection between pin #16 of component #301 and polylinetrace, pin #1 of component #246, pin of component #236, because the new connection could not be inserted.
2026-08-15 20:34:39.822 DEBUG  InsertFoundConnectionAlgo: insert trace failed for net #268 at corner 42/42 on layer 3, trace width: 750, from corner: 13, ok_point: (2337201,-1176750), target: (2212256,-1244417)
2026-08-15 20:34:39.861 DEBUG  [AAADA8\145C8B] Autorouter Failed to route connection between pin #15 of component #301 and polylinetrace, polylinetrace, polylinetrace, via, via, pin of component #242, pin of component #233, because the new connection could not be inserted.
2026-08-15 20:34:45.549 DEBUG  ShapeSearchTree45Degree.complete_shape: non-IntOctagon contained shape, using bounding octagon approximation
2026-08-15 20:34:51.140 DEBUG  ShapeSearchTree45Degree.complete_shape: non-IntOctagon contained shape, using bounding octagon approximation
2026-08-15 20:34:51.258 DEBUG  InsertFoundConnectionAlgo: insert trace failed for net #6 at corner 19/19 on layer 5, trace width: 2500, from corner: 15, ok_point: (1338405,-1022707), target: (1350000,-1017363)
2026-08-15 20:34:51.297 DEBUG  [AAADA8\145C8B] Autorouter Failed to route connection between polylinetrace, polylinetrace, polylinetrace, polylinetrace, polylinetrace, polylinetrace, polylinetrace, via, via, polylinetrace, polylinetrace, polylinetrace, polylinetrace, polylinetrace, polylinetrace, polylinetrace, polylinetrace, pin #1 of component #308, pin of component #306, pin #37 of component #303, pin #5 of component #302, pin of component #302, pin #4 of component #276, pin of component #259, pin of component #250, pin of component #244, pin of component #232, pin of component #230, pin #85 of component #223, pin #83 of component #223, pin #77 of component #223, pin of component #206, pin of component #198, pin #42 of component #184, pin #33 of component #184, pin #24 of component #184, pin #21 of component #184, pin #11 of component #184, pin #2 of component #184, pin #11 of component #183, pin #2 of component #183, pin #2 of component #178, pin #1 of component #171, pin #1 of component #167, pin #29 of component #162, pin #5 of component #162, pin of component #161, pin #3 of component #158, pin of component #147, pin of component #138, pin of component #137, pin of component #135, pin of component #133, pin of component #132, pin of component #122, pin of component #51, pin of component #49, pin of component #44, pin of component #29, pin of component #28, pin #5 of component #26, pin of component #19, pin of component #16, pin of component #14, pin of component #9, pin of component #3 and pin of component #231, because the new connection could not be inserted.
2026-08-15 20:34:56.971 DEBUG  ShapeSearchTree45Degree.complete_shape: non-IntOctagon contained shape, using bounding octagon approximation
2026-08-15 20:34:56.980 DEBUG  InsertFoundConnectionAlgo: insert trace failed for net #6 at corner 11/18 on layer 5, trace width: 2500, from corner: 8, ok_point: (2351407,-1006950), target: (2354403,-1036327)
2026-08-15 20:34:57.018 DEBUG  [AAADA8\145C8B] Autorouter Failed to route connection between polylinetrace, polylinetrace, polylinetrace, polylinetrace, polylinetrace, polylinetrace, polylinetrace, via, via, polylinetrace, polylinetrace, polylinetrace, polylinetrace, polylinetrace, polylinetrace, polylinetrace, polylinetrace, pin #1 of component #308, pin of component #306, pin #37 of component #303, pin #5 of component #302, pin of component #302, pin #4 of component #276, pin of component #259, pin of component #250, pin of component #244, pin of component #232, pin of component #231, pin #85 of component #223, pin #83 of component #223, pin #77 of component #223, pin of component #206, pin of component #198, pin #42 of component #184, pin #33 of component #184, pin #24 of component #184, pin #21 of component #184, pin #11 of component #184, pin #2 of component #184, pin #11 of component #183, pin #2 of component #183, pin #2 of component #178, pin #1 of component #171, pin #1 of component #167, pin #29 of component #162, pin #5 of component #162, pin of component #161, pin #3 of component #158, pin of component #147, pin of component #138, pin of component #137, pin of component #135, pin of component #133, pin of component #132, pin of component #122, pin of component #51, pin of component #49, pin of component #44, pin of component #29, pin of component #28, pin #5 of component #26, pin of component #19, pin of component #16, pin of component #14, pin of component #9, pin of component #3 and pin of component #230, because the new connection could not be inserted.
2026-08-15 20:34:59.781 DEBUG  InsertFoundConnectionAlgo: insert trace failed for net #90 at corner 5/13 on layer 5, trace width: 2500, from corner: 1, ok_point: (1326506,-1216402), target: (1326506,-1186713)
2026-08-15 20:34:59.821 DEBUG  [AAADA8\145C8B] Autorouter Failed to route connection between polylinetrace, polylinetrace, via, polylinetrace, polylinetrace, polylinetrace, via, via, pin of component #283, pin of component #261, pin of component #155, pin of component #153, pin of component #145, pin of component #141, pin of component #93 and pin #1 of component #229, because the new connection could not be inserted.
2026-08-15 20:35:16.757 DEBUG  InsertFoundConnectionAlgo: insert trace failed for net #23 at corner 8/9 on layer 5, trace width: 2500, from corner: 5, ok_point: (1269502,-1204196), target: (1276585,-1197498)
2026-08-15 20:35:16.794 DEBUG  [AAADA8\145C8B] Autorouter Failed to route connection between polylinetrace, polylinetrace, polylinetrace, polylinetrace, via, polylinetrace, polylinetrace, polylinetrace, polylinetrace, polylinetrace, polylinetrace, pin #3 of component #308, pin #2 of component #308, pin #23 of component #291, pin of component #289, pin of component #270, pin of component #268, pin #3 of component #182, pin #1 of component #182, pin #3 of component #175, pin of component #175, pin #3 of component #174, pin of component #174, pin #1 of component #172, pin #1 of component #170, pin #1 of component #169, pin #1 of component #168, pin of component #149, pin of component #144, pin of component #85, pin #3 of component #81, pin #1 of component #81, pin of component #78, pin of component #66, pin of component #61, pin of component #41, pin #1 of component #6 and polylinetrace, pin of component #262, pin #1 of component #226, because the new connection could not be inserted.
2026-08-15 20:35:28.392 DEBUG  [AAADA8\145C8B] Autorouter Failed to route connection between pin #21 of component #82 and pin #189 of component #223, because no connection was found between their nets.
2026-08-15 20:35:34.176 DEBUG  [AAADA8\145C8B] Autorouter Failed to route connection between pin #25 of component #82 and pin #183 of component #223, because no connection was found between their nets.
2026-08-15 20:35:40.036 DEBUG  [AAADA8\145C8B] Autorouter Failed to route connection between pin #33 of component #82 and pin #177 of component #223, because no connection was found between their nets.
2026-08-15 20:35:45.805 DEBUG  [AAADA8\145C8B] Autorouter Failed to route connection between pin #41 of component #82 and pin #171 of component #223, because no connection was found between their nets.
2026-08-15 20:35:51.543 DEBUG  [AAADA8\145C8B] Autorouter Failed to route connection between pin #21 of component #173 and pin #165 of component #223, because no connection was found between their nets.
2026-08-15 20:36:27.572 DEBUG  [AAADA8\145C8B] Autorouter Failed to route connection between pin #12 of component #173 and pin #144 of component #223, because no connection was found between their nets.
2026-08-15 20:36:33.540 DEBUG  InsertFoundConnectionAlgo: insert trace failed for net #210 at corner 4/4 on layer 5, trace width: 1000, from corner: 0, ok_point: (1719000,-933000), target: (1709937,-949821)
2026-08-15 20:36:33.585 DEBUG  [AAADA8\145C8B] Autorouter Failed to route connection between pin #1 of component #136 and pin #123 of component #223, because the new connection could not be inserted.
2026-08-15 20:36:36.443 DEBUG  InsertFoundConnectionAlgo: insert trace failed for net #144 at corner 4/4 on layer 5, trace width: 1000, from corner: 0, ok_point: (1723000,-933000), target: (1732353,-949821)
2026-08-15 20:36:36.482 DEBUG  [AAADA8\145C8B] Autorouter Failed to route connection between pin #1 of component #131 and pin #121 of component #223, because the new connection could not be inserted.
2026-08-15 20:36:39.394 DEBUG  InsertFoundConnectionAlgo: insert trace failed for net #219 at corner 4/4 on layer 5, trace width: 1000, from corner: 0, ok_point: (1731000,-933000), target: (1732353,-949821)
2026-08-15 20:36:39.439 DEBUG  [AAADA8\145C8B] Autorouter Failed to route connection between pin #7 of component #184 and pin #117 of component #223, because the new connection could not be inserted.
2026-08-15 20:36:42.333 DEBUG  InsertFoundConnectionAlgo: insert trace failed for net #218 at corner 4/4 on layer 5, trace width: 1000, from corner: 0, ok_point: (1735000,-933000), target: (1748433,-953157)
2026-08-15 20:36:42.372 DEBUG  [AAADA8\145C8B] Autorouter Failed to route connection between pin #6 of component #184 and pin #115 of component #223, because the new connection could not be inserted.
2026-08-15 20:36:45.292 DEBUG  InsertFoundConnectionAlgo: insert trace failed for net #217 at corner 5/5 on layer 5, trace width: 1000, from corner: 0, ok_point: (1743000,-933000), target: (1751156,-945811)
2026-08-15 20:36:45.331 DEBUG  [AAADA8\145C8B] Autorouter Failed to route connection between pin #1 of component #184 and pin #111 of component #223, because the new connection could not be inserted.
2026-08-15 20:36:48.278 DEBUG  InsertFoundConnectionAlgo: insert trace failed for net #216 at corner 4/4 on layer 5, trace width: 1000, from corner: 0, ok_point: (1747000,-933000), target: (1751156,-945811)
2026-08-15 20:36:48.315 DEBUG  [AAADA8\145C8B] Autorouter Failed to route connection between pin of component #184 and pin #109 of component #223, because the new connection could not be inserted.
2026-08-15 20:36:54.808 DEBUG  InsertFoundConnectionAlgo: insert trace failed for net #113 at corner 59/59 on layer 3, trace width: 850, from corner: 45, ok_point: (1405616,-924852), target: (1216785,-961776)
2026-08-15 20:36:54.850 DEBUG  [AAADA8\145C8B] Autorouter Failed to route connection between pin #14 of component #160, pin #6 of component #160 and polylinetrace, polylinetrace, polylinetrace, via, via, pin #25 of component #303, pin #104 of component #223, because the new connection could not be inserted.
2026-08-15 20:36:58.523 DEBUG  InsertFoundConnectionAlgo: insert trace failed for net #114 at corner 51/51 on layer 3, trace width: 850, from corner: 37, ok_point: (1405616,-924852), target: (1149537,-961776)
2026-08-15 20:36:58.566 DEBUG  [AAADA8\145C8B] Autorouter Failed to route connection between pin #15 of component #160, pin #7 of component #160 and polylinetrace, polylinetrace, polylinetrace, polylinetrace, via, via, pin #26 of component #303, pin #102 of component #223, because the new connection could not be inserted.
2026-08-15 20:37:13.078 DEBUG  InsertFoundConnectionAlgo: insert trace failed for net #252 at corner 1/2 on layer 5, trace width: 750, from corner: 0, ok_point: (1583000,-1301770), target: (1583000,-1295360)
2026-08-15 20:37:13.123 DEBUG  [AAADA8\145C8B] Autorouter Failed to route connection between pin #1 of component #250 and pin #90 of component #223, because the new connection could not be inserted.
2026-08-15 20:37:24.585 DEBUG  InsertFoundConnectionAlgo: insert trace failed for net #208 at corner 3/3 on layer 5, trace width: 5000, from corner: 0, ok_point: (1591000,-1303000), target: (1595000,-1303000)
2026-08-15 20:37:24.634 DEBUG  [AAADA8\145C8B] Autorouter Failed to route connection between polylinetrace, polylinetrace, polylinetrace, polylinetrace, polylinetrace, polylinetrace, via, polylinetrace, polylinetrace, polylinetrace, via, via, polylinetrace, polylinetrace, polylinetrace, polylinetrace, polylinetrace, polylinetrace, polylinetrace, polylinetrace, via, polylinetrace, polylinetrace, polylinetrace, polylinetrace, polylinetrace, polylinetrace, polylinetrace, polylinetrace, polylinetrace, polylinetrace, polylinetrace, polylinetrace, via, polylinetrace, via, polylinetrace, polylinetrace, pin #23 of component #305, pin #22 of component #305, pin #34 of component #303, pin #33 of component #303, pin #1 of component #300, pin of component #299, pin #3 of component #297, pin of component #297, pin #3 of component #296, pin of component #296, pin #3 of component #295, pin of component #295, pin of component #288, pin of component #281, pin of component #280, pin of component #279, pin of component #278, pin #3 of component #275, pin of component #275, pin #6 of component #274, pin of component #269, pin of component #247, pin of component #227, pin #84 of component #223, pin #82 of component #223, pin #80 of component #223, pin #78 of component #223, pin #76 of component #223, pin of component #213, pin of component #204, pin #5 of component #181, pin of component #120, pin of component #104 and pin #86 of component #223, because the new connection could not be inserted.
2026-08-15 20:37:27.367 DEBUG  ShapeSearchTree45Degree.complete_shape: non-IntOctagon contained shape, using bounding octagon approximation
2026-08-15 20:37:27.371 DEBUG  InsertFoundConnectionAlgo: insert trace failed for net #6 at corner 3/3 on layer 5, trace width: 2500, from corner: 0, ok_point: (1595000,-1272200), target: (1599000,-1272200)
2026-08-15 20:37:27.411 DEBUG  [AAADA8\145C8B] Autorouter Failed to route connection between polylinetrace, polylinetrace, polylinetrace, polylinetrace, polylinetrace, polylinetrace, polylinetrace, polylinetrace, polylinetrace, via, via, polylinetrace, polylinetrace, polylinetrace, polylinetrace, polylinetrace, polylinetrace, polylinetrace, polylinetrace, pin #1 of component #308, pin of component #306, pin #37 of component #303, pin #5 of component #302, pin of component #302, pin #4 of component #276, pin of component #259, pin of component #250, pin of component #244, pin of component #232, pin of component #231, pin of component #230, pin #83 of component #223, pin #77 of component #223, pin of component #206, pin of component #198, pin #42 of component #184, pin #33 of component #184, pin #24 of component #184, pin #21 of component #184, pin #11 of component #184, pin #2 of component #184, pin #11 of component #183, pin #2 of component #183, pin #2 of component #178, pin #1 of component #171, pin #1 of component #167, pin #29 of component #162, pin #5 of component #162, pin of component #161, pin #3 of component #158, pin of component #147, pin of component #138, pin of component #137, pin of component #135, pin of component #133, pin of component #132, pin of component #122, pin of component #51, pin of component #49, pin of component #44, pin of component #29, pin of component #28, pin #5 of component #26, pin of component #19, pin of component #16, pin of component #14, pin of component #9, pin of component #3 and pin #85 of component #223, because the new connection could not be inserted.
2026-08-15 20:37:38.461 DEBUG  InsertFoundConnectionAlgo: insert trace failed for net #208 at corner 3/3 on layer 5, trace width: 5000, from corner: 2, ok_point: (1605748,-1303000), target: (1611000,-1303000)
2026-08-15 20:37:38.500 DEBUG  [AAADA8\145C8B] Autorouter Failed to route connection between polylinetrace, polylinetrace, polylinetrace, polylinetrace, polylinetrace, polylinetrace, via, polylinetrace, polylinetrace, polylinetrace, via, via, polylinetrace, polylinetrace, polylinetrace, polylinetrace, polylinetrace, polylinetrace, polylinetrace, polylinetrace, via, polylinetrace, polylinetrace, polylinetrace, polylinetrace, polylinetrace, polylinetrace, polylinetrace, polylinetrace, polylinetrace, polylinetrace, polylinetrace, polylinetrace, via, polylinetrace, via, polylinetrace, polylinetrace, pin #23 of component #305, pin #22 of component #305, pin #34 of component #303, pin #33 of component #303, pin #1 of component #300, pin of component #299, pin #3 of component #297, pin of component #297, pin #3 of component #296, pin of component #296, pin #3 of component #295, pin of component #295, pin of component #288, pin of component #281, pin of component #280, pin of component #279, pin of component #278, pin #3 of component #275, pin of component #275, pin #6 of component #274, pin of component #269, pin of component #247, pin of component #227, pin #86 of component #223, pin #76 of component #223, pin of component #213, pin of component #204, pin #5 of component #181, pin of component #120, pin of component #104 and polylinetrace, polylinetrace, polylinetrace, polylinetrace, pin #84 of component #223, pin #82 of component #223, pin #80 of component #223, pin #78 of component #223, because the new connection could not be inserted.
2026-08-15 20:37:41.302 DEBUG  ShapeSearchTree45Degree.complete_shape: non-IntOctagon contained shape, using bounding octagon approximation
2026-08-15 20:37:41.307 DEBUG  InsertFoundConnectionAlgo: insert trace failed for net #6 at corner 5/5 on layer 5, trace width: 2500, from corner: 0, ok_point: (1611000,-1272200), target: (1599000,-1283000)
2026-08-15 20:37:41.347 DEBUG  [AAADA8\145C8B] Autorouter Failed to route connection between polylinetrace, polylinetrace, polylinetrace, polylinetrace, polylinetrace, polylinetrace, polylinetrace, polylinetrace, polylinetrace, via, via, polylinetrace, polylinetrace, polylinetrace, polylinetrace, polylinetrace, polylinetrace, polylinetrace, polylinetrace, pin #1 of component #308, pin of component #306, pin #37 of component #303, pin #5 of component #302, pin of component #302, pin #4 of component #276, pin of component #259, pin of component #250, pin of component #244, pin of component #232, pin of component #231, pin of component #230, pin #85 of component #223, pin #83 of component #223, pin of component #206, pin of component #198, pin #42 of component #184, pin #33 of component #184, pin #24 of component #184, pin #21 of component #184, pin #11 of component #184, pin #2 of component #184, pin #11 of component #183, pin #2 of component #183, pin #2 of component #178, pin #1 of component #171, pin #1 of component #167, pin #29 of component #162, pin #5 of component #162, pin of component #161, pin #3 of component #158, pin of component #147, pin of component #138, pin of component #137, pin of component #135, pin of component #133, pin of component #132, pin of component #122, pin of component #51, pin of component #49, pin of component #44, pin of component #29, pin of component #28, pin #5 of component #26, pin of component #19, pin of component #16, pin of component #14, pin of component #9, pin of component #3 and pin #77 of component #223, because the new connection could not be inserted.
2026-08-15 20:37:44.101 DEBUG  InsertFoundConnectionAlgo: insert trace failed for net #208 at corner 3/3 on layer 5, trace width: 5000, from corner: 0, ok_point: (1611000,-1303000), target: (1607000,-1303000)
2026-08-15 20:37:44.144 DEBUG  [AAADA8\145C8B] Autorouter Failed to route connection between polylinetrace, polylinetrace, polylinetrace, polylinetrace, polylinetrace, polylinetrace, polylinetrace, polylinetrace, polylinetrace, polylinetrace, polylinetrace, polylinetrace, polylinetrace, polylinetrace, via, polylinetrace, polylinetrace, polylinetrace, via, via, polylinetrace, polylinetrace, polylinetrace, polylinetrace, polylinetrace, polylinetrace, polylinetrace, polylinetrace, via, polylinetrace, polylinetrace, polylinetrace, polylinetrace, polylinetrace, polylinetrace, polylinetrace, polylinetrace, polylinetrace, polylinetrace, polylinetrace, polylinetrace, via, polylinetrace, via, polylinetrace, polylinetrace, pin #23 of component #305, pin #22 of component #305, pin #34 of component #303, pin #33 of component #303, pin #1 of component #300, pin of component #299, pin #3 of component #297, pin of component #297, pin #3 of component #296, pin of component #296, pin #3 of component #295, pin of component #295, pin of component #288, pin of component #281, pin of component #280, pin of component #279, pin of component #278, pin #3 of component #275, pin of component #275, pin #6 of component #274, pin of component #269, pin of component #247, pin of component #227, pin #86 of component #223, pin #84 of component #223, pin #82 of component #223, pin #80 of component #223, pin #78 of component #223, pin of component #213, pin of component #204, pin #5 of component #181, pin of component #120, pin of component #104 and pin #76 of component #223, because the new connection could not be inserted.
2026-08-15 20:37:49.717 DEBUG  InsertFoundConnectionAlgo: insert trace failed for net #248 at corner 29/29 on layer 3, trace width: 750, from corner: 12, ok_point: (1899822,-1323252), target: (2049490,-1344017)
2026-08-15 20:37:49.759 DEBUG  [AAADA8\145C8B] Autorouter Failed to route connection between polylinetrace, polylinetrace, via, pin of component #304 and pin #68 of component #223, because the new connection could not be inserted.
2026-08-15 20:37:52.622 DEBUG  InsertFoundConnectionAlgo: insert trace failed for net #247 at corner 19/19 on layer 3, trace width: 750, from corner: 13, ok_point: (1727052,-1317215), target: (1744671,-1320215)
2026-08-15 20:37:52.663 DEBUG  [AAADA8\145C8B] Autorouter Failed to route connection between pin #7 of component #304 and pin #66 of component #223, because the new connection could not be inserted.
2026-08-15 20:37:58.657 DEBUG  InsertFoundConnectionAlgo: insert trace failed for net #245 at corner 61/61 on layer 3, trace width: 750, from corner: 25, ok_point: (1691310,-1298935), target: (2068593,-1323537)
2026-08-15 20:37:58.702 DEBUG  [AAADA8\145C8B] Autorouter Failed to route connection between pin #2 of component #304 and pin #61 of component #223, because the new connection could not be inserted.
2026-08-15 20:38:25.198 DEBUG  InsertFoundConnectionAlgo: insert trace failed for net #9 at corner 40/40 on layer 3, trace width: 750, from corner: 29, ok_point: (2156252,-1188250), target: (2198302,-1182766)
2026-08-15 20:38:25.240 DEBUG  [AAADA8\145C8B] Autorouter Failed to route connection between pin #8 of component #26 and pin #47 of component #223, because the new connection could not be inserted.
2026-08-15 20:38:31.263 DEBUG  InsertFoundConnectionAlgo: insert trace failed for net #212 at corner 6/6 on layer 5, trace width: 750, from corner: 3, ok_point: (1674256,-1267950), target: (1685628,-1264902)
2026-08-15 20:38:31.306 DEBUG  [AAADA8\145C8B] Autorouter Failed to route connection between pin #5 of component #183, pin #1 of component #19 and pin #45 of component #223, because the new connection could not be inserted.
2026-08-15 20:38:41.996 DEBUG  InsertFoundConnectionAlgo: insert trace failed for net #124 at corner 53/53 on layer 3, trace width: 750, from corner: 11, ok_point: (1712199,-1316798), target: (1372819,-1295551)
2026-08-15 20:38:42.036 DEBUG  [AAADA8\145C8B] Autorouter Failed to route connection between pin #4 of component #162 and pin #26 of component #223, because the new connection could not be inserted.
2026-08-15 20:38:45.562 DEBUG  InsertFoundConnectionAlgo: insert trace failed for net #122 at corner 15/15 on layer 3, trace width: 750, from corner: 7, ok_point: (1678263,-1254262), target: (1586291,-1252831)
2026-08-15 20:38:45.603 DEBUG  [AAADA8\145C8B] Autorouter Failed to route connection between pin #2 of component #162 and pin #25 of component #223, because the new connection could not be inserted.
2026-08-15 20:38:49.485 DEBUG  InsertFoundConnectionAlgo: insert trace failed for net #123 at corner 24/24 on layer 5, trace width: 750, from corner: 12, ok_point: (1709500,-1316648), target: (1631901,-1319900)
2026-08-15 20:38:49.527 DEBUG  [AAADA8\145C8B] Autorouter Failed to route connection between pin #3 of component #162 and pin #24 of component #223, because the new connection could not be inserted.
2026-08-15 20:39:11.883 DEBUG  InsertFoundConnectionAlgo: insert trace failed for net #111 at corner 4/4 on layer 5, trace width: 5000, from corner: 3, ok_point: (2015000,-981618), target: (2015000,-970000)
2026-08-15 20:39:11.926 DEBUG  [AAADA8\145C8B] Autorouter Failed to route connection between polylinetrace, pin #32 of component #303, pin #31 of component #303, pin #24 of component #303, pin #23 of component #303, pin #22 of component #303, pin of component #209, pin of component #202, pin of component #195, pin #5 of component #180, pin #4 of component #180, pin #3 of component #180, pin #17 of component #160, pin #12 of component #160, pin #9 of component #160, pin #4 of component #160 and pin of component #216, because the new connection could not be inserted.
2026-08-15 20:39:17.512 DEBUG  [AAADA8\145C8B] Autorouter Failed to route connection between pin #22 of component #301, pin #21 of component #301, pin #1 of component #239 and pin of component #214, because no connection was found between their nets.
2026-08-15 20:39:39.492 DEBUG  ShapeSearchTree45Degree.complete_shape: non-IntOctagon contained shape, using bounding octagon approximation
2026-08-15 20:39:39.497 DEBUG  InsertFoundConnectionAlgo: insert trace failed for net #6 at corner 1/1 on layer 5, trace width: 2500, from corner: 0, ok_point: (2107250,-970000), target: (2035000,-970000)
2026-08-15 20:39:39.536 DEBUG  [AAADA8\145C8B] Autorouter Failed to route connection between polylinetrace, polylinetrace, polylinetrace, polylinetrace, polylinetrace, polylinetrace, polylinetrace, polylinetrace, polylinetrace, via, via, polylinetrace, polylinetrace, polylinetrace, polylinetrace, polylinetrace, polylinetrace, polylinetrace, polylinetrace, pin #1 of component #308, pin of component #306, pin #37 of component #303, pin #5 of component #302, pin of component #302, pin #4 of component #276, pin of component #259, pin of component #250, pin of component #244, pin of component #232, pin of component #231, pin of component #230, pin #85 of component #223, pin #83 of component #223, pin #77 of component #223, pin of component #198, pin #42 of component #184, pin #33 of component #184, pin #24 of component #184, pin #21 of component #184, pin #11 of component #184, pin #2 of component #184, pin #11 of component #183, pin #2 of component #183, pin #2 of component #178, pin #1 of component #171, pin #1 of component #167, pin #29 of component #162, pin #5 of component #162, pin of component #161, pin #3 of component #158, pin of component #147, pin of component #138, pin of component #137, pin of component #135, pin of component #133, pin of component #132, pin of component #122, pin of component #51, pin of component #49, pin of component #44, pin of component #29, pin of component #28, pin #5 of component #26, pin of component #19, pin of component #16, pin of component #14, pin of component #9, pin of component #3 and pin of component #206, because the new connection could not be inserted.
2026-08-15 20:39:58.939 DEBUG  InsertFoundConnectionAlgo: insert trace failed for net #240 at corner 8/13 on layer 5, trace width: 5000, from corner: 7, ok_point: (1052498,-1328574), target: (1052498,-1313876)
2026-08-15 20:39:58.980 DEBUG  [AAADA8\145C8B] Autorouter Failed to route connection between polylinetrace, polylinetrace, polylinetrace, polylinetrace, polylinetrace, polylinetrace, polylinetrace, polylinetrace, pin #11 of component #311, pin #4 of component #311, pin #3 of component #311, pin #2 of component #311, pin #1 of component #311, pin #24 of component #301, pin of component #217, pin of component #211, pin of component #200, pin of component #194, pin of component #190, pin of component #189, pin of component #117 and pin of component #199, because the new connection could not be inserted.
2026-08-15 20:40:01.677 DEBUG  ShapeSearchTree45Degree.complete_shape: non-IntOctagon contained shape, using bounding octagon approximation
2026-08-15 20:40:01.685 DEBUG  InsertFoundConnectionAlgo: insert trace failed for net #6 at corner 12/12 on layer 5, trace width: 2500, from corner: 2, ok_point: (1269109,-970641), target: (1294800,-990000)
2026-08-15 20:40:01.728 DEBUG  [AAADA8\145C8B] Autorouter Failed to route connection between polylinetrace, polylinetrace, polylinetrace, polylinetrace, polylinetrace, polylinetrace, polylinetrace, via, via, polylinetrace, polylinetrace, polylinetrace, polylinetrace, polylinetrace, polylinetrace, polylinetrace, polylinetrace, pin #1 of component #308, pin of component #306, pin #37 of component #303, pin #5 of component #302, pin of component #302, pin #4 of component #276, pin of component #259, pin of component #231, pin of component #230, pin #85 of component #223, pin #83 of component #223, pin #77 of component #223, pin of component #206, pin #42 of component #184, pin #33 of component #184, pin #24 of component #184, pin #21 of component #184, pin #11 of component #184, pin #2 of component #184, pin #11 of component #183, pin #2 of component #183, pin #2 of component #178, pin #1 of component #171, pin #1 of component #167, pin #29 of component #162, pin #5 of component #162, pin of component #161, pin #3 of component #158, pin of component #147, pin of component #138, pin of component #137, pin of component #135, pin of component #133, pin of component #132, pin of component #122, pin of component #51, pin of component #49, pin of component #44, pin of component #29, pin of component #28, pin #5 of component #26, pin of component #19, pin of component #16, pin of component #14, pin of component #9, pin of component #3 and polylinetrace, polylinetrace, polylinetrace, pin of component #250, pin of component #244, pin of component #232, pin of component #198, because the new connection could not be inserted.
2026-08-15 20:40:13.263 DEBUG  InsertFoundConnectionAlgo: insert trace failed for net #111 at corner 72/72 on layer 5, trace width: 5000, from corner: 9, ok_point: (2138800,-1188002), target: (1979000,-958000)
2026-08-15 20:40:13.306 DEBUG  [AAADA8\145C8B] Autorouter Failed to route connection between polylinetrace, polylinetrace, pin #32 of component #303, pin #31 of component #303, pin #24 of component #303, pin #23 of component #303, pin #22 of component #303, pin of component #216, pin #5 of component #180, pin #4 of component #180, pin #3 of component #180, pin #17 of component #160, pin #12 of component #160, pin #9 of component #160, pin #4 of component #160 and polylinetrace, polylinetrace, pin of component #209, pin of component #202, pin of component #195, because the new connection could not be inserted.
2026-08-15 20:40:16.004 DEBUG  InsertFoundConnectionAlgo: insert trace failed for net #240 at corner 16/16 on layer 5, trace width: 5000, from corner: 4, ok_point: (1028064,-1266222), target: (1052498,-1328574)
2026-08-15 20:40:16.044 DEBUG  [AAADA8\145C8B] Autorouter Failed to route connection between polylinetrace, polylinetrace, polylinetrace, polylinetrace, polylinetrace, polylinetrace, pin #11 of component #311, pin #4 of component #311, pin #3 of component #311, pin #2 of component #311, pin #1 of component #311, pin #24 of component #301, pin of component #199, pin of component #190, pin of component #189, pin of component #117 and polylinetrace, polylinetrace, polylinetrace, pin of component #217, pin of component #211, pin of component #200, pin of component #194, because the new connection could not be inserted.
2026-08-15 20:40:37.293 DEBUG  [AAADA8\145C8B] Autorouter Failed to route connection between polylinetrace, polylinetrace, polylinetrace, polylinetrace, polylinetrace, polylinetrace, polylinetrace, polylinetrace, polylinetrace, polylinetrace, pin #11 of component #311, pin #4 of component #311, pin #3 of component #311, pin #2 of component #311, pin #1 of component #311, pin #24 of component #301, pin of component #217, pin of component #211, pin of component #200, pin of component #199, pin of component #194, pin of component #190, pin of component #117 and pin of component #189, because no connection was found between their nets.
2026-08-15 20:40:42.792 DEBUG  InsertFoundConnectionAlgo: insert trace failed for net #196 at corner 6/6 on layer 0, trace width: 2500, from corner: 5, ok_point: (2002786,-1339852), target: (2001345,-1341293)
2026-08-15 20:40:42.834 DEBUG  [AAADA8\145C8B] Autorouter Failed to route connection between pin #4 of component #185, pin #1 of component #177, pin of component #134 and pin #1 of component #187, because the new connection could not be inserted.
2026-08-15 20:40:53.898 DEBUG  InsertFoundConnectionAlgo: insert trace failed for net #105 at corner 15/15 on layer 0, trace width: 2500, from corner: 5, ok_point: (1859758,-1208136), target: (1848625,-1224500)
2026-08-15 20:40:53.941 DEBUG  [AAADA8\145C8B] Autorouter Failed to route connection between polylinetrace, pin #2 of component #185, pin #25 of component #162, pin #1 of component #147, pin of component #130, pin of component #125, pin of component #64 and pin of component #185, because the new connection could not be inserted.
2026-08-15 20:40:59.379 DEBUG  ShapeSearchTree45Degree.complete_shape: non-IntOctagon contained shape, using bounding octagon approximation
2026-08-15 20:41:05.344 DEBUG  [AAADA8\145C8B] Autorouter Failed to route connection between polylinetrace, polylinetrace, polylinetrace, polylinetrace, polylinetrace, polylinetrace, polylinetrace, polylinetrace, polylinetrace, polylinetrace, polylinetrace, via, via, polylinetrace, polylinetrace, polylinetrace, polylinetrace, polylinetrace, polylinetrace, polylinetrace, polylinetrace, pin #1 of component #308, pin of component #306, pin #37 of component #303, pin #5 of component #302, pin of component #302, pin #4 of component #276, pin of component #259, pin of component #250, pin of component #244, pin of component #232, pin of component #231, pin of component #230, pin #85 of component #223, pin #83 of component #223, pin #77 of component #223, pin of component #206, pin of component #198, pin #33 of component #184, pin #24 of component #184, pin #21 of component #184, pin #11 of component #184, pin #2 of component #184, pin #11 of component #183, pin #2 of component #183, pin #2 of component #178, pin #1 of component #171, pin #1 of component #167, pin #29 of component #162, pin #5 of component #162, pin of component #161, pin #3 of component #158, pin of component #147, pin of component #138, pin of component #137, pin of component #135, pin of component #133, pin of component #132, pin of component #122, pin of component #51, pin of component #49, pin of component #44, pin of component #29, pin of component #28, pin #5 of component #26, pin of component #19, pin of component #16, pin of component #14, pin of component #9, pin of component #3 and pin #42 of component #184, because no connection was found between their nets.
2026-08-15 20:41:10.914 DEBUG  InsertFoundConnectionAlgo: insert trace failed for net #88 at corner 18/18 on layer 0, trace width: 2500, from corner: 15, ok_point: (2185274,-1136659), target: (2160000,-1140000)
2026-08-15 20:41:10.957 DEBUG  [AAADA8\145C8B] Autorouter Failed to route connection between polylinetrace, polylinetrace, polylinetrace, polylinetrace, polylinetrace, polylinetrace, polylinetrace, pin of component #310, pin #1 of component #307, pin of component #237, pin of component #212, pin of component #201, pin #32 of component #184, pin #29 of component #184, pin #20 of component #184, pin #8 of component #184, pin #5 of component #184, pin of component #140, pin of component #128, pin of component #127, pin of component #126, pin of component #124, pin of component #118, pin of component #50, pin of component #35 and polylinetrace, polylinetrace, polylinetrace, pin #41 of component #184, pin #38 of component #184, because the new connection could not be inserted.
2026-08-15 20:41:20.794 DEBUG  [AAADA8\145C8B] Autorouter Failed to route connection between pin of component #179, pin #17 of component #165, pin #5 of component #165 and pin #34 of component #184, because no connection was found between their nets.
2026-08-15 20:41:23.506 DEBUG  ShapeSearchTree45Degree.complete_shape: non-IntOctagon contained shape, using bounding octagon approximation
2026-08-15 20:41:29.466 DEBUG  [AAADA8\145C8B] Autorouter Failed to route connection between polylinetrace, polylinetrace, polylinetrace, polylinetrace, polylinetrace, polylinetrace, polylinetrace, polylinetrace, polylinetrace, polylinetrace, polylinetrace, via, via, polylinetrace, polylinetrace, polylinetrace, polylinetrace, polylinetrace, polylinetrace, polylinetrace, polylinetrace, pin #1 of component #308, pin of component #306, pin #37 of component #303, pin #5 of component #302, pin of component #302, pin #4 of component #276, pin of component #259, pin of component #250, pin of component #244, pin of component #232, pin of component #231, pin of component #230, pin #85 of component #223, pin #83 of component #223, pin #77 of component #223, pin of component #206, pin of component #198, pin #42 of component #184, pin #24 of component #184, pin #21 of component #184, pin #11 of component #184, pin #2 of component #184, pin #11 of component #183, pin #2 of component #183, pin #2 of component #178, pin #1 of component #171, pin #1 of component #167, pin #29 of component #162, pin #5 of component #162, pin of component #161, pin #3 of component #158, pin of component #147, pin of component #138, pin of component #137, pin of component #135, pin of component #133, pin of component #132, pin of component #122, pin of component #51, pin of component #49, pin of component #44, pin of component #29, pin of component #28, pin #5 of component #26, pin of component #19, pin of component #16, pin of component #14, pin of component #9, pin of component #3 and pin #33 of component #184, because no connection was found between their nets.
2026-08-15 20:41:37.880 DEBUG  [AAADA8\145C8B] Autorouter Failed to route connection between polylinetrace, polylinetrace, polylinetrace, polylinetrace, polylinetrace, polylinetrace, polylinetrace, polylinetrace, polylinetrace, polylinetrace, polylinetrace, pin of component #310, pin #1 of component #307, pin of component #237, pin of component #212, pin of component #201, pin #41 of component #184, pin #38 of component #184, pin #29 of component #184, pin #20 of component #184, pin #8 of component #184, pin #5 of component #184, pin of component #140, pin of component #128, pin of component #127, pin of component #126, pin of component #124, pin of component #118, pin of component #50, pin of component #35 and pin #32 of component #184, because no connection was found between their nets.
2026-08-15 20:41:40.723 DEBUG  InsertFoundConnectionAlgo: insert trace failed for net #8 at corner 3/4 on layer 5, trace width: 850, from corner: 2, ok_point: (2175848,-1177852), target: (2195125,-1177852)
2026-08-15 20:41:40.764 DEBUG  [AAADA8\145C8B] Autorouter Failed to route connection between pin #7 of component #26 and pin #31 of component #184, because the new connection could not be inserted.
2026-08-15 20:41:51.998 DEBUG  [AAADA8\145C8B] Autorouter Failed to route connection between polylinetrace, polylinetrace, polylinetrace, polylinetrace, polylinetrace, polylinetrace, polylinetrace, polylinetrace, polylinetrace, polylinetrace, polylinetrace, pin of component #310, pin #1 of component #307, pin of component #237, pin of component #212, pin of component #201, pin #41 of component #184, pin #38 of component #184, pin #32 of component #184, pin #20 of component #184, pin #8 of component #184, pin #5 of component #184, pin of component #140, pin of component #128, pin of component #127, pin of component #126, pin of component #124, pin of component #118, pin of component #50, pin of component #35 and pin #29 of component #184, because no connection was found between their nets.
2026-08-15 20:42:03.408 DEBUG  ShapeSearchTree45Degree.complete_shape: non-IntOctagon contained shape, using bounding octagon approximation
2026-08-15 20:42:11.972 DEBUG  ShapeSearchTree45Degree.complete_shape: non-IntOctagon contained shape, using bounding octagon approximation
2026-08-15 20:42:17.744 DEBUG  [AAADA8\145C8B] Autorouter Failed to route connection between polylinetrace, polylinetrace, polylinetrace, polylinetrace, polylinetrace, polylinetrace, polylinetrace, polylinetrace, polylinetrace, polylinetrace, polylinetrace, polylinetrace, via, via, polylinetrace, polylinetrace, polylinetrace, polylinetrace, polylinetrace, polylinetrace, polylinetrace, polylinetrace, pin #1 of component #308, pin of component #306, pin #37 of component #303, pin #5 of component #302, pin of component #302, pin #4 of component #276, pin of component #259, pin of component #250, pin of component #244, pin of component #232, pin of component #231, pin of component #230, pin #85 of component #223, pin #83 of component #223, pin #77 of component #223, pin of component #206, pin of component #198, pin #42 of component #184, pin #33 of component #184, pin #24 of component #184, pin #11 of component #184, pin #2 of component #184, pin #11 of component #183, pin #2 of component #183, pin #2 of component #178, pin #1 of component #171, pin #1 of component #167, pin #29 of component #162, pin #5 of component #162, pin of component #161, pin #3 of component #158, pin of component #147, pin of component #138, pin of component #137, pin of component #135, pin of component #133, pin of component #132, pin of component #122, pin of component #51, pin of component #49, pin of component #44, pin of component #29, pin of component #28, pin #5 of component #26, pin of component #19, pin of component #16, pin of component #14, pin of component #9, pin of component #3 and pin #21 of component #184, because no connection was found between their nets.
2026-08-15 20:42:26.242 DEBUG  [AAADA8\145C8B] Autorouter Failed to route connection between polylinetrace, polylinetrace, polylinetrace, polylinetrace, polylinetrace, polylinetrace, polylinetrace, polylinetrace, polylinetrace, polylinetrace, polylinetrace, pin of component #310, pin #1 of component #307, pin of component #237, pin of component #212, pin of component #201, pin #41 of component #184, pin #38 of component #184, pin #32 of component #184, pin #29 of component #184, pin #8 of component #184, pin #5 of component #184, pin of component #140, pin of component #128, pin of component #127, pin of component #126, pin of component #124, pin of component #118, pin of component #50, pin of component #35 and pin #20 of component #184, because no connection was found between their nets.
2026-08-15 20:42:31.878 DEBUG  InsertFoundConnectionAlgo: insert trace failed for net #150 at corner 8/8 on layer 3, trace width: 750, from corner: 3, ok_point: (2089165,-1195833), target: (2064086,-1206508)
2026-08-15 20:42:31.923 DEBUG  [AAADA8\145C8B] Autorouter Failed to route connection between pin of component #11 and pin #15 of component #184, because the new connection could not be inserted.
2026-08-15 20:42:43.814 DEBUG  ShapeSearchTree45Degree.complete_shape: non-IntOctagon contained shape, using bounding octagon approximation
2026-08-15 20:42:49.627 DEBUG  [AAADA8\145C8B] Autorouter Failed to route connection between polylinetrace, polylinetrace, polylinetrace, polylinetrace, polylinetrace, polylinetrace, polylinetrace, polylinetrace, polylinetrace, polylinetrace, polylinetrace, polylinetrace, via, via, polylinetrace, polylinetrace, polylinetrace, polylinetrace, polylinetrace, polylinetrace, polylinetrace, polylinetrace, pin #1 of component #308, pin of component #306, pin #37 of component #303, pin #5 of component #302, pin of component #302, pin #4 of component #276, pin of component #259, pin of component #250, pin of component #244, pin of component #232, pin of component #231, pin of component #230, pin #85 of component #223, pin #83 of component #223, pin #77 of component #223, pin of component #206, pin of component #198, pin #42 of component #184, pin #33 of component #184, pin #24 of component #184, pin #21 of component #184, pin #2 of component #184, pin #11 of component #183, pin #2 of component #183, pin #2 of component #178, pin #1 of component #171, pin #1 of component #167, pin #29 of component #162, pin #5 of component #162, pin of component #161, pin #3 of component #158, pin of component #147, pin of component #138, pin of component #137, pin of component #135, pin of component #133, pin of component #132, pin of component #122, pin of component #51, pin of component #49, pin of component #44, pin of component #29, pin of component #28, pin #5 of component #26, pin of component #19, pin of component #16, pin of component #14, pin of component #9, pin of component #3 and pin #11 of component #184, because no connection was found between their nets.
2026-08-15 20:43:05.531 DEBUG  [AAADA8\145C8B] Autorouter Failed to route connection between polylinetrace, polylinetrace, polylinetrace, polylinetrace, polylinetrace, polylinetrace, polylinetrace, polylinetrace, polylinetrace, polylinetrace, polylinetrace, pin of component #310, pin #1 of component #307, pin of component #237, pin of component #212, pin of component #201, pin #41 of component #184, pin #38 of component #184, pin #32 of component #184, pin #29 of component #184, pin #20 of component #184, pin #5 of component #184, pin of component #140, pin of component #128, pin of component #127, pin of component #126, pin of component #124, pin of component #118, pin of component #50, pin of component #35 and pin #8 of component #184, because no connection was found between their nets.
2026-08-15 20:43:08.758 DEBUG  InsertFoundConnectionAlgo: insert trace failed for net #219 at corner 2/2 on layer 5, trace width: 1000, from corner: 1, ok_point: (1731000,-949821), target: (1731000,-933000)
2026-08-15 20:43:08.801 DEBUG  [AAADA8\145C8B] Autorouter Failed to route connection between pin #117 of component #223 and pin #7 of component #184, because the new connection could not be inserted.
2026-08-15 20:43:15.591 DEBUG  [AAADA8\145C8B] Autorouter Failed to route connection between pin #115 of component #223 and pin #6 of component #184, because no connection was found between their nets.
2026-08-15 20:43:24.362 DEBUG  [AAADA8\145C8B] Autorouter Failed to route connection between polylinetrace, polylinetrace, polylinetrace, polylinetrace, polylinetrace, polylinetrace, polylinetrace, polylinetrace, polylinetrace, polylinetrace, polylinetrace, pin of component #310, pin #1 of component #307, pin of component #237, pin of component #212, pin of component #201, pin #41 of component #184, pin #38 of component #184, pin #32 of component #184, pin #29 of component #184, pin #20 of component #184, pin #8 of component #184, pin of component #140, pin of component #128, pin of component #127, pin of component #126, pin of component #124, pin of component #118, pin of component #50, pin of component #35 and pin #5 of component #184, because no connection was found between their nets.
2026-08-15 20:43:32.735 DEBUG  ShapeSearchTree45Degree.complete_shape: non-IntOctagon contained shape, using bounding octagon approximation
2026-08-15 20:43:38.548 DEBUG  [AAADA8\145C8B] Autorouter Failed to route connection between polylinetrace, polylinetrace, polylinetrace, polylinetrace, polylinetrace, polylinetrace, polylinetrace, polylinetrace, polylinetrace, polylinetrace, polylinetrace, polylinetrace, via, via, polylinetrace, polylinetrace, polylinetrace, polylinetrace, polylinetrace, polylinetrace, polylinetrace, polylinetrace, pin #1 of component #308, pin of component #306, pin #37 of component #303, pin #5 of component #302, pin of component #302, pin #4 of component #276, pin of component #259, pin of component #250, pin of component #244, pin of component #232, pin of component #231, pin of component #230, pin #85 of component #223, pin #83 of component #223, pin #77 of component #223, pin of component #206, pin of component #198, pin #42 of component #184, pin #33 of component #184, pin #24 of component #184, pin #21 of component #184, pin #11 of component #184, pin #11 of component #183, pin #2 of component #183, pin #2 of component #178, pin #1 of component #171, pin #1 of component #167, pin #29 of component #162, pin #5 of component #162, pin of component #161, pin #3 of component #158, pin of component #147, pin of component #138, pin of component #137, pin of component #135, pin of component #133, pin of component #132, pin of component #122, pin of component #51, pin of component #49, pin of component #44, pin of component #29, pin of component #28, pin #5 of component #26, pin of component #19, pin of component #16, pin of component #14, pin of component #9, pin of component #3 and pin #2 of component #184, because no connection was found between their nets.
2026-08-15 20:43:41.641 DEBUG  InsertFoundConnectionAlgo: insert trace failed for net #217 at corner 3/3 on layer 5, trace width: 1000, from corner: 2, ok_point: (1743000,-924715), target: (1743000,-933000)
2026-08-15 20:43:41.686 DEBUG  [AAADA8\145C8B] Autorouter Failed to route connection between pin #111 of component #223 and pin #1 of component #184, because the new connection could not be inserted.
2026-08-15 20:43:44.800 DEBUG  InsertFoundConnectionAlgo: insert trace failed for net #216 at corner 2/2 on layer 5, trace width: 1000, from corner: 1, ok_point: (1747000,-947396), target: (1747000,-933000)
2026-08-15 20:43:44.845 DEBUG  [AAADA8\145C8B] Autorouter Failed to route connection between pin #109 of component #223 and pin of component #184, because the new connection could not be inserted.
2026-08-15 20:43:47.560 DEBUG  ShapeSearchTree45Degree.complete_shape: non-IntOctagon contained shape, using bounding octagon approximation
2026-08-15 20:43:47.580 DEBUG  InsertFoundConnectionAlgo: insert trace failed for net #6 at corner 15/15 on layer 0, trace width: 2500, from corner: 0, ok_point: (2025000,-1128500), target: (2025000,-1145000)
2026-08-15 20:43:47.624 DEBUG  [AAADA8\145C8B] Autorouter Failed to route connection between polylinetrace, polylinetrace, polylinetrace, polylinetrace, polylinetrace, polylinetrace, polylinetrace, polylinetrace, polylinetrace, polylinetrace, polylinetrace, polylinetrace, via, via, polylinetrace, polylinetrace, polylinetrace, polylinetrace, polylinetrace, polylinetrace, polylinetrace, polylinetrace, pin #1 of component #308, pin of component #306, pin #37 of component #303, pin #5 of component #302, pin of component #302, pin #4 of component #276, pin of component #259, pin of component #250, pin of component #244, pin of component #232, pin of component #231, pin of component #230, pin #85 of component #223, pin #83 of component #223, pin #77 of component #223, pin of component #206, pin of component #198, pin #42 of component #184, pin #33 of component #184, pin #24 of component #184, pin #21 of component #184, pin #11 of component #184, pin #2 of component #184, pin #2 of component #183, pin #2 of component #178, pin #1 of component #171, pin #1 of component #167, pin #29 of component #162, pin #5 of component #162, pin of component #161, pin #3 of component #158, pin of component #147, pin of component #138, pin of component #137, pin of component #135, pin of component #133, pin of component #132, pin of component #122, pin of component #51, pin of component #49, pin of component #44, pin of component #29, pin of component #28, pin #5 of component #26, pin of component #19, pin of component #16, pin of component #14, pin of component #9, pin of component #3 and pin #11 of component #183, because the new connection could not be inserted.
2026-08-15 20:44:01.818 DEBUG  ShapeSearchTree45Degree.complete_shape: non-IntOctagon contained shape, using bounding octagon approximation
2026-08-15 20:44:01.828 DEBUG  InsertFoundConnectionAlgo: insert trace failed for net #6 at corner 14/14 on layer 0, trace width: 2500, from corner: 0, ok_point: (2025000,-1145000), target: (2025000,-1128500)
2026-08-15 20:44:01.872 DEBUG  [AAADA8\145C8B] Autorouter Failed to route connection between polylinetrace, polylinetrace, polylinetrace, polylinetrace, polylinetrace, polylinetrace, polylinetrace, polylinetrace, polylinetrace, polylinetrace, polylinetrace, polylinetrace, via, via, polylinetrace, polylinetrace, polylinetrace, polylinetrace, polylinetrace, polylinetrace, polylinetrace, polylinetrace, pin #1 of component #308, pin of component #306, pin #37 of component #303, pin #5 of component #302, pin of component #302, pin #4 of component #276, pin of component #259, pin of component #250, pin of component #244, pin of component #232, pin of component #231, pin of component #230, pin #85 of component #223, pin #83 of component #223, pin #77 of component #223, pin of component #206, pin of component #198, pin #42 of component #184, pin #33 of component #184, pin #24 of component #184, pin #21 of component #184, pin #11 of component #184, pin #2 of component #184, pin #11 of component #183, pin #2 of component #178, pin #1 of component #171, pin #1 of component #167, pin #29 of component #162, pin #5 of component #162, pin of component #161, pin #3 of component #158, pin of component #147, pin of component #138, pin of component #137, pin of component #135, pin of component #133, pin of component #132, pin of component #122, pin of component #51, pin of component #49, pin of component #44, pin of component #29, pin of component #28, pin #5 of component #26, pin of component #19, pin of component #16, pin of component #14, pin of component #9, pin of component #3 and pin #2 of component #183, because the new connection could not be inserted.
2026-08-15 20:44:04.693 DEBUG  InsertFoundConnectionAlgo: insert trace failed for net #115 at corner 17/17 on layer 0, trace width: 750, from corner: 4, ok_point: (2022896,-1139252), target: (2007709,-1113913)
2026-08-15 20:44:04.739 DEBUG  [AAADA8\145C8B] Autorouter Failed to route connection between polylinetrace, pin #28 of component #303, pin of component #218, pin #16 of component #165, pin #13 of component #160 and pin #1 of component #183, because the new connection could not be inserted.
2026-08-15 20:44:32.529 DEBUG  [AAADA8\145C8B] Autorouter Failed to route connection between pin #8 of component #291, pin of component #1 and pin #41 of component #182, because no connection was found between their nets.
2026-08-15 20:44:39.968 DEBUG  [AAADA8\145C8B] Autorouter Failed to route connection between polylinetrace, polylinetrace, polylinetrace, polylinetrace, pin of component #294, pin of component #272, pin of component #271, pin of component #264, pin #40 of component #81 and pin #40 of component #182, because no connection was found between their nets.
2026-08-15 20:44:42.750 DEBUG  [AAADA8\145C8B] Autorouter Failed to route connection between pin #18 of component #173 and pin #37 of component #182, because no connection was found between their nets.
2026-08-15 20:44:45.524 DEBUG  [AAADA8\145C8B] Autorouter Failed to route connection between pin #14 of component #173 and pin #36 of component #182, because no connection was found between their nets.
2026-08-15 20:44:52.603 DEBUG  [AAADA8\145C8B] Autorouter Failed to route connection between pin #8 of component #173 and pin #35 of component #182, because no connection was found between their nets.
2026-08-15 20:44:59.813 DEBUG  [AAADA8\145C8B] Autorouter Failed to route connection between pin #4 of component #173 and pin #34 of component #182, because no connection was found between their nets.
2026-08-15 20:45:02.623 DEBUG  [AAADA8\145C8B] Autorouter Failed to route connection between pin #17 of component #173 and pin #31 of component #182, because no connection was found between their nets.
2026-08-15 20:45:05.391 DEBUG  [AAADA8\145C8B] Autorouter Failed to route connection between pin #16 of component #173 and pin #30 of component #182, because no connection was found between their nets.
2026-08-15 20:45:12.490 DEBUG  [AAADA8\145C8B] Autorouter Failed to route connection between pin #7 of component #173 and pin #29 of component #182, because no connection was found between their nets.
2026-08-15 20:45:19.608 DEBUG  [AAADA8\145C8B] Autorouter Failed to route connection between pin #6 of component #173 and pin #28 of component #182, because no connection was found between their nets.
2026-08-15 20:45:22.434 DEBUG  InsertFoundConnectionAlgo: insert trace failed for net #178 at corner 6/6 on layer 0, trace width: 615, from corner: 0, ok_point: (2082500,-1045000), target: (2089071,-1058329)
2026-08-15 20:45:22.475 DEBUG  [AAADA8\145C8B] Autorouter Failed to route connection between pin #39 of component #173 and pin #25 of component #182, because the new connection could not be inserted.
2026-08-15 20:45:25.238 DEBUG  [AAADA8\145C8B] Autorouter Failed to route connection between pin #15 of component #173 and pin #24 of component #182, because no connection was found between their nets.
2026-08-15 20:45:28.024 DEBUG  [AAADA8\145C8B] Autorouter Failed to route connection between pin #38 of component #173 and pin #23 of component #182, because no connection was found between their nets.
2026-08-15 20:45:35.415 DEBUG  [AAADA8\145C8B] Autorouter Failed to route connection between pin #5 of component #173 and pin #22 of component #182, because no connection was found between their nets.
2026-08-15 20:45:38.313 DEBUG  InsertFoundConnectionAlgo: insert trace failed for net #182 at corner 5/5 on layer 0, trace width: 615, from corner: 0, ok_point: (2100000,-1029600), target: (2105689,-1023069)
2026-08-15 20:45:38.357 DEBUG  [AAADA8\145C8B] Autorouter Failed to route connection between pin #47 of component #173 and pin #19 of component #182, because the new connection could not be inserted.
2026-08-15 20:45:45.479 DEBUG  [AAADA8\145C8B] Autorouter Failed to route connection between pin #55 of component #173 and pin #18 of component #182, because no connection was found between their nets.
2026-08-15 20:45:48.255 DEBUG  [AAADA8\145C8B] Autorouter Failed to route connection between pin #46 of component #173 and pin #17 of component #182, because no connection was found between their nets.
2026-08-15 20:45:51.058 DEBUG  [AAADA8\145C8B] Autorouter Failed to route connection between pin #54 of component #173 and pin #16 of component #182, because no connection was found between their nets.
2026-08-15 20:45:58.138 DEBUG  [AAADA8\145C8B] Autorouter Failed to route connection between pin #31 of component #173 and pin #13 of component #182, because no connection was found between their nets.
2026-08-15 20:46:05.275 DEBUG  [AAADA8\145C8B] Autorouter Failed to route connection between pin #59 of component #173 and pin #12 of component #182, because no connection was found between their nets.
2026-08-15 20:46:08.061 DEBUG  [AAADA8\145C8B] Autorouter Failed to route connection between pin #30 of component #173 and pin #11 of component #182, because no connection was found between their nets.
2026-08-15 20:46:10.875 DEBUG  [AAADA8\145C8B] Autorouter Failed to route connection between pin #58 of component #173 and pin #10 of component #182, because no connection was found between their nets.
2026-08-15 20:46:13.637 DEBUG  InsertFoundConnectionAlgo: insert trace failed for net #108 at corner 6/6 on layer 0, trace width: 750, from corner: 0, ok_point: (2142000,-1029600), target: (2139857,-1020923)
2026-08-15 20:46:13.681 DEBUG  [AAADA8\145C8B] Autorouter Failed to route connection between pin of component #88 and pin #7 of component #182, because the new connection could not be inserted.
2026-08-15 20:46:16.471 DEBUG  InsertFoundConnectionAlgo: insert trace failed for net #25 at corner 4/4 on layer 0, trace width: 2500, from corner: 0, ok_point: (2145500,-1029600), target: (2143621,-1020712)
2026-08-15 20:46:16.514 DEBUG  [AAADA8\145C8B] Autorouter Failed to route connection between pin of component #282, pin #1 of component #274, pin of component #106, pin #6 of component #81, pin of component #80, pin of component #79 and pin #6 of component #182, because the new connection could not be inserted.
2026-08-15 20:46:19.226 DEBUG  InsertFoundConnectionAlgo: insert trace failed for net #23 at corner 7/7 on layer 0, trace width: 2500, from corner: 0, ok_point: (2156000,-1029600), target: (2163000,-1029600)
2026-08-15 20:46:19.269 DEBUG  [AAADA8\145C8B] Autorouter Failed to route connection between polylinetrace, polylinetrace, polylinetrace, polylinetrace, polylinetrace, polylinetrace, via, polylinetrace, polylinetrace, polylinetrace, polylinetrace, polylinetrace, polylinetrace, pin #3 of component #308, pin #2 of component #308, pin #23 of component #291, pin of component #289, pin of component #270, pin of component #268, pin of component #262, pin #1 of component #226, pin #1 of component #182, pin #3 of component #175, pin of component #175, pin #3 of component #174, pin of component #174, pin #1 of component #172, pin #1 of component #170, pin #1 of component #169, pin #1 of component #168, pin of component #149, pin of component #144, pin of component #85, pin #3 of component #81, pin #1 of component #81, pin of component #78, pin of component #66, pin of component #61, pin of component #41, pin #1 of component #6 and pin #3 of component #182, because the new connection could not be inserted.
2026-08-15 20:46:22.007 DEBUG  InsertFoundConnectionAlgo: insert trace failed for net #24 at corner 5/5 on layer 0, trace width: 2500, from corner: 0, ok_point: (2159500,-1029600), target: (2143621,-1020712)
2026-08-15 20:46:22.050 DEBUG  [AAADA8\145C8B] Autorouter Failed to route connection between pin of component #277, pin #14 of component #274, pin of component #101, pin #2 of component #81, pin of component #74, pin of component #70 and pin #2 of component #182, because the new connection could not be inserted.
2026-08-15 20:46:24.765 DEBUG  InsertFoundConnectionAlgo: insert trace failed for net #23 at corner 7/7 on layer 0, trace width: 2500, from corner: 0, ok_point: (2163000,-1029600), target: (2156000,-1029600)
2026-08-15 20:46:24.808 DEBUG  [AAADA8\145C8B] Autorouter Failed to route connection between polylinetrace, polylinetrace, polylinetrace, polylinetrace, polylinetrace, polylinetrace, via, polylinetrace, polylinetrace, polylinetrace, polylinetrace, polylinetrace, polylinetrace, pin #3 of component #308, pin #2 of component #308, pin #23 of component #291, pin of component #289, pin of component #270, pin of component #268, pin of component #262, pin #1 of component #226, pin #3 of component #182, pin #3 of component #175, pin of component #175, pin #3 of component #174, pin of component #174, pin #1 of component #172, pin #1 of component #170, pin #1 of component #169, pin #1 of component #168, pin of component #149, pin of component #144, pin of component #85, pin #3 of component #81, pin #1 of component #81, pin of component #78, pin of component #66, pin of component #61, pin of component #41, pin #1 of component #6 and pin #1 of component #182, because the new connection could not be inserted.
2026-08-15 20:46:32.291 DEBUG  [AAADA8\145C8B] Autorouter Failed to route connection between polylinetrace, polylinetrace, polylinetrace, polylinetrace, polylinetrace, polylinetrace, polylinetrace, polylinetrace, via, polylinetrace, polylinetrace, polylinetrace, polylinetrace, polylinetrace, polylinetrace, polylinetrace, polylinetrace, polylinetrace, polylinetrace, polylinetrace, polylinetrace, polylinetrace, via, polylinetrace, polylinetrace, polylinetrace, via, via, polylinetrace, polylinetrace, polylinetrace, polylinetrace, polylinetrace, polylinetrace, via, polylinetrace, polylinetrace, polylinetrace, polylinetrace, polylinetrace, polylinetrace, polylinetrace, polylinetrace, polylinetrace, polylinetrace, polylinetrace, via, via, polylinetrace, pin #23 of component #305, pin #22 of component #305, pin #34 of component #303, pin #33 of component #303, pin #1 of component #300, pin of component #299, pin #3 of component #297, pin of component #297, pin #3 of component #296, pin of component #296, pin #3 of component #295, pin of component #295, pin of component #288, pin of component #281, pin of component #280, pin of component #279, pin of component #278, pin #3 of component #275, pin of component #275, pin #6 of component #274, pin of component #269, pin of component #247, pin of component #227, pin #86 of component #223, pin #84 of component #223, pin #82 of component #223, pin #80 of component #223, pin #78 of component #223, pin #76 of component #223, pin of component #213, pin of component #204, pin of component #120, pin of component #104 and pin #5 of component #181, because no connection was found between their nets.
2026-08-15 20:46:47.055 DEBUG  [AAADA8\145C8B] Autorouter Failed to route connection between pin #20 of component #165, pin #15 of component #165, pin #8 of component #165, pin #3 of component #165 and pin of component #181, because no connection was found between their nets.
2026-08-15 20:46:49.768 DEBUG  InsertFoundConnectionAlgo: insert trace failed for net #111 at corner 4/4 on layer 0, trace width: 5000, from corner: 0, ok_point: (1195000,-1122000), target: (1195000,-1128500)
2026-08-15 20:46:49.810 DEBUG  [AAADA8\145C8B] Autorouter Failed to route connection between polylinetrace, polylinetrace, polylinetrace, polylinetrace, pin #32 of component #303, pin #31 of component #303, pin #24 of component #303, pin #23 of component #303, pin #22 of component #303, pin of component #216, pin of component #209, pin of component #202, pin of component #195, pin #4 of component #180, pin #3 of component #180, pin #17 of component #160, pin #12 of component #160, pin #9 of component #160, pin #4 of component #160 and pin #5 of component #180, because the new connection could not be inserted.
2026-08-15 20:46:52.517 DEBUG  InsertFoundConnectionAlgo: insert trace failed for net #111 at corner 4/4 on layer 0, trace width: 5000, from corner: 0, ok_point: (1195000,-1128500), target: (1195000,-1135000)
2026-08-15 20:46:52.559 DEBUG  [AAADA8\145C8B] Autorouter Failed to route connection between polylinetrace, polylinetrace, polylinetrace, polylinetrace, pin #32 of component #303, pin #31 of component #303, pin #24 of component #303, pin #23 of component #303, pin #22 of component #303, pin of component #216, pin of component #209, pin of component #202, pin of component #195, pin #5 of component #180, pin #3 of component #180, pin #17 of component #160, pin #12 of component #160, pin #9 of component #160, pin #4 of component #160 and pin #4 of component #180, because the new connection could not be inserted.
2026-08-15 20:46:55.287 DEBUG  InsertFoundConnectionAlgo: insert trace failed for net #111 at corner 4/4 on layer 0, trace width: 5000, from corner: 0, ok_point: (1195000,-1135000), target: (1195000,-1128500)
2026-08-15 20:46:55.330 DEBUG  [AAADA8\145C8B] Autorouter Failed to route connection between polylinetrace, polylinetrace, polylinetrace, polylinetrace, pin #32 of component #303, pin #31 of component #303, pin #24 of component #303, pin #23 of component #303, pin #22 of component #303, pin of component #216, pin of component #209, pin of component #202, pin of component #195, pin #5 of component #180, pin #4 of component #180, pin #17 of component #160, pin #12 of component #160, pin #9 of component #160, pin #4 of component #160 and pin #3 of component #180, because the new connection could not be inserted.
2026-08-15 20:46:59.733 DEBUG  InsertFoundConnectionAlgo: insert trace failed for net #147 at corner 107/142 on layer 3, trace width: 850, from corner: 106, ok_point: (2051386,-1116853), target: (2059749,-1125216)
2026-08-15 20:46:59.778 DEBUG  [AAADA8\145C8B] Autorouter Failed to route connection between polylinetrace, polylinetrace, polylinetrace, polylinetrace, via, via, pin #35 of component #184, pin #18 of component #165, pin #6 of component #165 and pin #1 of component #179, because the new connection could not be inserted.
2026-08-15 20:47:06.684 DEBUG  ShapeSearchTree45Degree.complete_shape: non-IntOctagon contained shape, using bounding octagon approximation
2026-08-15 20:47:09.564 DEBUG  InsertFoundConnectionAlgo: insert trace failed for net #140 at corner 7/11 on layer 3, trace width: 750, from corner: 6, ok_point: (2056916,-1213883), target: (2064303,-1206496)
2026-08-15 20:47:09.607 DEBUG  [AAADA8\145C8B] Autorouter Failed to route connection between pin #10 of component #184, pin #1 of component #9 and pin #1 of component #178, because the new connection could not be inserted.
2026-08-15 20:47:37.746 DEBUG  InsertFoundConnectionAlgo: insert trace failed for net #23 at corner 4/4 on layer 0, trace width: 2500, from corner: 1, ok_point: (2031230,-1060510), target: (2051943,-1062504)
2026-08-15 20:47:37.793 DEBUG  [AAADA8\145C8B] Autorouter Failed to route connection between polylinetrace, polylinetrace, polylinetrace, polylinetrace, polylinetrace, polylinetrace, via, polylinetrace, polylinetrace, polylinetrace, polylinetrace, polylinetrace, polylinetrace, pin #3 of component #308, pin #2 of component #308, pin #23 of component #291, pin of component #289, pin of component #270, pin of component #268, pin of component #262, pin #1 of component #226, pin #3 of component #182, pin #1 of component #182, pin #3 of component #174, pin of component #174, pin #1 of component #172, pin #1 of component #170, pin #1 of component #169, pin #1 of component #168, pin of component #149, pin of component #144, pin of component #85, pin #3 of component #81, pin #1 of component #81, pin of component #78, pin of component #66, pin of component #61, pin of component #41, pin #1 of component #6 and polylinetrace, pin #3 of component #175, pin of component #175, because the new connection could not be inserted.
2026-08-15 20:47:46.568 DEBUG  InsertFoundConnectionAlgo: insert trace failed for net #23 at corner 14/14 on layer 0, trace width: 2500, from corner: 13, ok_point: (1215000,-1057525), target: (1215000,-1045000)
2026-08-15 20:47:46.611 DEBUG  [AAADA8\145C8B] Autorouter Failed to route connection between polylinetrace, polylinetrace, polylinetrace, polylinetrace, polylinetrace, polylinetrace, polylinetrace, polylinetrace, polylinetrace, via, polylinetrace, polylinetrace, polylinetrace, polylinetrace, polylinetrace, pin #3 of component #308, pin #2 of component #308, pin #23 of component #291, pin of component #289, pin of component #270, pin of component #268, pin of component #262, pin #1 of component #226, pin #3 of component #182, pin #1 of component #182, pin #3 of component #175, pin of component #175, pin #1 of component #172, pin #1 of component #170, pin #1 of component #169, pin #1 of component #168, pin of component #149, pin of component #144, pin of component #85, pin #3 of component #81, pin #1 of component #81, pin of component #78, pin of component #66, pin of component #61, pin of component #41, pin #1 of component #6 and polylinetrace, pin #3 of component #174, pin of component #174, because the new connection could not be inserted.
2026-08-15 20:48:22.202 DEBUG  InsertFoundConnectionAlgo: insert trace failed for net #187 at corner 6/6 on layer 0, trace width: 615, from corner: 5, ok_point: (2124500,-1017211), target: (2124500,-1029600)
2026-08-15 20:48:22.245 DEBUG  [AAADA8\145C8B] Autorouter Failed to route connection between pin #12 of component #182 and pin #59 of component #173, because the new connection could not be inserted.
2026-08-15 20:48:29.482 DEBUG  [AAADA8\145C8B] Autorouter Failed to route connection between pin #10 of component #182 and pin #58 of component #173, because no connection was found between their nets.
2026-08-15 20:48:35.399 DEBUG  InsertFoundConnectionAlgo: insert trace failed for net #184 at corner 5/5 on layer 0, trace width: 615, from corner: 4, ok_point: (2103500,-1023624), target: (2103500,-1029600)
2026-08-15 20:48:35.445 DEBUG  [AAADA8\145C8B] Autorouter Failed to route connection between pin #18 of component #182 and pin #55 of component #173, because the new connection could not be inserted.
2026-08-15 20:48:38.427 DEBUG  InsertFoundConnectionAlgo: insert trace failed for net #183 at corner 7/25 on layer 3, trace width: 615, from corner: 6, ok_point: (1909928,-1022866), target: (1912823,-1022866)
2026-08-15 20:48:38.471 DEBUG  [AAADA8\145C8B] Autorouter Failed to route connection between pin #16 of component #182 and pin #54 of component #173, because the new connection could not be inserted.
2026-08-15 20:48:46.896 DEBUG  InsertFoundConnectionAlgo: insert trace failed for net #182 at corner 5/5 on layer 0, trace width: 615, from corner: 4, ok_point: (2100000,-1024676), target: (2100000,-1029600)
2026-08-15 20:48:46.942 DEBUG  [AAADA8\145C8B] Autorouter Failed to route connection between pin #19 of component #182 and pin #47 of component #173, because the new connection could not be inserted.
2026-08-15 20:48:54.243 DEBUG  [AAADA8\145C8B] Autorouter Failed to route connection between pin #17 of component #182 and pin #46 of component #173, because no connection was found between their nets.
2026-08-15 20:49:01.497 DEBUG  [AAADA8\145C8B] Autorouter Failed to route connection between pin #147 of component #223 and pin #41 of component #173, because no connection was found between their nets.
2026-08-15 20:49:07.613 DEBUG  InsertFoundConnectionAlgo: insert trace failed for net #178 at corner 6/6 on layer 0, trace width: 615, from corner: 3, ok_point: (2084099,-1056745), target: (2082500,-1045000)
2026-08-15 20:49:07.658 DEBUG  [AAADA8\145C8B] Autorouter Failed to route connection between pin #25 of component #182 and pin #39 of component #173, because the new connection could not be inserted.
2026-08-15 20:49:10.602 DEBUG  InsertFoundConnectionAlgo: insert trace failed for net #177 at corner 15/15 on layer 0, trace width: 615, from corner: 14, ok_point: (2086000,-1020512), target: (2086000,-1029600)
2026-08-15 20:49:10.646 DEBUG  [AAADA8\145C8B] Autorouter Failed to route connection between pin #23 of component #182 and pin #38 of component #173, because the new connection could not be inserted.
2026-08-15 20:49:20.451 DEBUG  InsertFoundConnectionAlgo: insert trace failed for net #174 at corner 7/7 on layer 0, trace width: 615, from corner: 6, ok_point: (2121000,-1013289), target: (2121000,-1029600)
2026-08-15 20:49:20.497 DEBUG  [AAADA8\145C8B] Autorouter Failed to route connection between pin #13 of component #182 and pin #31 of component #173, because the new connection could not be inserted.
2026-08-15 20:49:27.986 DEBUG  [AAADA8\145C8B] Autorouter Failed to route connection between pin #11 of component #182 and pin #30 of component #173, because no connection was found between their nets.
2026-08-15 20:49:35.315 DEBUG  [AAADA8\145C8B] Autorouter Failed to route connection between pin #159 of component #223 and pin #25 of component #173, because no connection was found between their nets.
2026-08-15 20:49:49.128 DEBUG  [AAADA8\145C8B] Autorouter Failed to route connection between pin #165 of component #223 and pin #21 of component #173, because no connection was found between their nets.
2026-08-15 20:50:02.756 DEBUG  [AAADA8\145C8B] Autorouter Failed to route connection between pin #37 of component #182 and pin #18 of component #173, because no connection was found between their nets.
2026-08-15 20:50:10.005 DEBUG  [AAADA8\145C8B] Autorouter Failed to route connection between pin #31 of component #182 and pin #17 of component #173, because no connection was found between their nets.
2026-08-15 20:50:17.325 DEBUG  [AAADA8\145C8B] Autorouter Failed to route connection between pin #30 of component #182 and pin #16 of component #173, because no connection was found between their nets.
2026-08-15 20:50:24.763 DEBUG  [AAADA8\145C8B] Autorouter Failed to route connection between pin #24 of component #182 and pin #15 of component #173, because no connection was found between their nets.
2026-08-15 20:50:32.271 DEBUG  [AAADA8\145C8B] Autorouter Failed to route connection between pin #36 of component #182 and pin #14 of component #173, because no connection was found between their nets.
2026-08-15 20:50:40.459 DEBUG  [AAADA8\145C8B] Autorouter Failed to route connection between pin #142 of component #223 and pin #13 of component #173, because no connection was found between their nets.
2026-08-15 20:50:48.466 DEBUG  [AAADA8\145C8B] Autorouter Failed to route connection between pin #144 of component #223 and pin #12 of component #173, because no connection was found between their nets.
2026-08-15 20:50:57.295 DEBUG  InsertFoundConnectionAlgo: insert trace failed for net #160 at corner 5/5 on layer 0, trace width: 615, from corner: 4, ok_point: (2117500,-1078901), target: (2117500,-1045000)
2026-08-15 20:50:57.339 DEBUG  [AAADA8\145C8B] Autorouter Failed to route connection between pin #35 of component #182 and pin #8 of component #173, because the new connection could not be inserted.
2026-08-15 20:51:00.155 DEBUG  InsertFoundConnectionAlgo: insert trace failed for net #159 at corner 6/6 on layer 0, trace width: 615, from corner: 5, ok_point: (2096500,-1079401), target: (2096500,-1045000)
2026-08-15 20:51:00.199 DEBUG  [AAADA8\145C8B] Autorouter Failed to route connection between pin #29 of component #182 and pin #7 of component #173, because the new connection could not be inserted.
2026-08-15 20:51:03.003 DEBUG  InsertFoundConnectionAlgo: insert trace failed for net #158 at corner 19/19 on layer 3, trace width: 615, from corner: 5, ok_point: (1937333,-1065754), target: (2096036,-1053055)
2026-08-15 20:51:03.045 DEBUG  [AAADA8\145C8B] Autorouter Failed to route connection between pin #28 of component #182 and pin #6 of component #173, because the new connection could not be inserted.
2026-08-15 20:51:05.930 DEBUG  InsertFoundConnectionAlgo: insert trace failed for net #157 at corner 4/4 on layer 0, trace width: 615, from corner: 3, ok_point: (2089500,-1023826), target: (2089500,-1029600)
2026-08-15 20:51:05.975 DEBUG  [AAADA8\145C8B] Autorouter Failed to route connection between pin #22 of component #182 and pin #5 of component #173, because the new connection could not be inserted.
2026-08-15 20:51:08.856 DEBUG  InsertFoundConnectionAlgo: insert trace failed for net #156 at corner 7/7 on layer 0, trace width: 615, from corner: 6, ok_point: (2114000,-1059412), target: (2114000,-1045000)
2026-08-15 20:51:08.900 DEBUG  [AAADA8\145C8B] Autorouter Failed to route connection between pin #34 of component #182 and pin #4 of component #173, because the new connection could not be inserted.
2026-08-15 20:51:30.993 DEBUG  ShapeSearchTree45Degree.complete_shape: non-IntOctagon contained shape, using bounding octagon approximation
2026-08-15 20:51:36.704 DEBUG  [AAADA8\145C8B] Autorouter Failed to route connection between polylinetrace, polylinetrace, polylinetrace, polylinetrace, polylinetrace, polylinetrace, polylinetrace, polylinetrace, polylinetrace, polylinetrace, polylinetrace, polylinetrace, polylinetrace, via, via, polylinetrace, polylinetrace, polylinetrace, polylinetrace, polylinetrace, polylinetrace, polylinetrace, polylinetrace, pin #1 of component #308, pin of component #306, pin #37 of component #303, pin #5 of component #302, pin of component #302, pin #4 of component #276, pin of component #259, pin of component #250, pin of component #244, pin of component #232, pin of component #231, pin of component #230, pin #85 of component #223, pin #83 of component #223, pin #77 of component #223, pin of component #206, pin of component #198, pin #42 of component #184, pin #33 of component #184, pin #24 of component #184, pin #21 of component #184, pin #11 of component #184, pin #2 of component #184, pin #11 of component #183, pin #2 of component #183, pin #2 of component #178, pin #1 of component #167, pin #29 of component #162, pin #5 of component #162, pin of component #161, pin #3 of component #158, pin of component #147, pin of component #138, pin of component #137, pin of component #135, pin of component #133, pin of component #132, pin of component #122, pin of component #51, pin of component #49, pin of component #44, pin of component #29, pin of component #28, pin #5 of component #26, pin of component #19, pin of component #16, pin of component #14, pin of component #9, pin of component #3 and pin #1 of component #171, because no connection was found between their nets.
2026-08-15 20:51:54.347 DEBUG  InsertFoundConnectionAlgo: insert trace failed for net #23 at corner 19/20 on layer 5, trace width: 2500, from corner: 15, ok_point: (2145489,-1058124), target: (2142320,-1045550)
2026-08-15 20:51:54.391 DEBUG  [AAADA8\145C8B] Autorouter Failed to route connection between polylinetrace, polylinetrace, polylinetrace, polylinetrace, via, polylinetrace, polylinetrace, polylinetrace, polylinetrace, polylinetrace, polylinetrace, polylinetrace, polylinetrace, polylinetrace, polylinetrace, polylinetrace, via, polylinetrace, polylinetrace, polylinetrace, polylinetrace, polylinetrace, pin #3 of component #308, pin #2 of component #308, pin #23 of component #291, pin of component #289, pin of component #270, pin of component #268, pin of component #262, pin #1 of component #226, pin #3 of component #182, pin #1 of component #182, pin #3 of component #175, pin of component #175, pin #3 of component #174, pin of component #174, pin #1 of component #170, pin #1 of component #169, pin of component #149, pin of component #144, pin of component #85, pin #3 of component #81, pin #1 of component #81, pin of component #78, pin of component #66, pin of component #61, pin of component #41, pin #1 of component #6 and polylinetrace, pin #1 of component #172, pin #1 of component #168, because the new connection could not be inserted.
2026-08-15 20:52:00.154 DEBUG  ShapeSearchTree45Degree.complete_shape: non-IntOctagon contained shape, using bounding octagon approximation
2026-08-15 20:52:00.187 DEBUG  InsertFoundConnectionAlgo: insert trace failed for net #6 at corner 35/35 on layer 5, trace width: 2500, from corner: 18, ok_point: (2114056,-1058277), target: (2040000,-1046500)
2026-08-15 20:52:00.233 DEBUG  [AAADA8\145C8B] Autorouter Failed to route connection between polylinetrace, polylinetrace, polylinetrace, polylinetrace, polylinetrace, polylinetrace, polylinetrace, polylinetrace, polylinetrace, polylinetrace, polylinetrace, polylinetrace, polylinetrace, via, via, polylinetrace, polylinetrace, polylinetrace, polylinetrace, polylinetrace, polylinetrace, polylinetrace, polylinetrace, pin #1 of component #308, pin of component #306, pin #37 of component #303, pin #5 of component #302, pin of component #302, pin #4 of component #276, pin of component #259, pin of component #250, pin of component #244, pin of component #232, pin of component #231, pin of component #230, pin #85 of component #223, pin #83 of component #223, pin #77 of component #223, pin of component #206, pin of component #198, pin #42 of component #184, pin #33 of component #184, pin #24 of component #184, pin #21 of component #184, pin #11 of component #184, pin #2 of component #184, pin #11 of component #183, pin #2 of component #183, pin #2 of component #178, pin #1 of component #171, pin #29 of component #162, pin #5 of component #162, pin of component #161, pin #3 of component #158, pin of component #147, pin of component #138, pin of component #137, pin of component #135, pin of component #133, pin of component #132, pin of component #122, pin of component #51, pin of component #49, pin of component #44, pin of component #29, pin of component #28, pin #5 of component #26, pin of component #19, pin of component #16, pin of component #14, pin of component #9, pin of component #3 and pin #1 of component #167, because the new connection could not be inserted.
2026-08-15 20:52:16.123 DEBUG  [AAADA8\145C8B] Autorouter Failed to route connection between polylinetrace, via, polylinetrace, via, polylinetrace, pin #4 of component #176, pin #15 of component #26 and pin #21 of component #165, because no connection was found between their nets.
2026-08-15 20:52:21.618 DEBUG  [AAADA8\145C8B] Autorouter Failed to route connection between pin of component #181, pin #15 of component #165, pin #8 of component #165, pin #3 of component #165 and pin #20 of component #165, because no connection was found between their nets.
2026-08-15 20:52:33.285 DEBUG  InsertFoundConnectionAlgo: insert trace failed for net #145 at corner 6/6 on layer 0, trace width: 5000, from corner: 2, ok_point: (2214850,-1295302), target: (2225505,-1305874)
2026-08-15 20:52:33.329 DEBUG  [AAADA8\145C8B] Autorouter Failed to route connection between pin of component #181, pin #20 of component #165, pin #8 of component #165, pin #3 of component #165 and pin #15 of component #165, because the new connection could not be inserted.
2026-08-15 20:52:50.876 DEBUG  [AAADA8\145C8B] Autorouter Failed to route connection between pin of component #181, pin #20 of component #165, pin #15 of component #165, pin #3 of component #165 and pin #8 of component #165, because no connection was found between their nets.
2026-08-15 20:53:06.598 DEBUG  [AAADA8\145C8B] Autorouter Failed to route connection between pin of component #181, pin #20 of component #165, pin #15 of component #165, pin #8 of component #165 and pin #3 of component #165, because no connection was found between their nets.
2026-08-15 20:53:18.702 DEBUG  InsertFoundConnectionAlgo: insert trace failed for net #141 at corner 29/29 on layer 3, trace width: 750, from corner: 13, ok_point: (2072604,-1203250), target: (2163954,-1188050)
2026-08-15 20:53:18.750 DEBUG  [AAADA8\145C8B] Autorouter Failed to route connection between pin #23 of component #184 and pin of component #164, because the new connection could not be inserted.
2026-08-15 20:53:25.379 DEBUG  ShapeSearchTree45Degree.complete_shape: non-IntOctagon contained shape, using bounding octagon approximation
2026-08-15 20:53:39.604 DEBUG  [AAADA8\145C8B] Autorouter Failed to route connection between polylinetrace, pin #2 of component #185, pin of component #185, pin #1 of component #147, pin of component #130, pin of component #125, pin of component #64 and pin #25 of component #162, because no connection was found between their nets.
2026-08-15 20:53:59.703 DEBUG  OptViaAlgo.opt_via_location: probably endless loop
2026-08-15 20:54:17.234 DEBUG  ShapeSearchTree45Degree.complete_shape: non-IntOctagon contained shape, using bounding octagon approximation
2026-08-15 20:54:23.109 DEBUG  [AAADA8\145C8B] Autorouter Failed to route connection between polylinetrace, polylinetrace, polylinetrace, via, polylinetrace, polylinetrace, polylinetrace, polylinetrace, polylinetrace, polylinetrace, polylinetrace, polylinetrace, polylinetrace, polylinetrace, polylinetrace, polylinetrace, polylinetrace, via, via, polylinetrace, polylinetrace, polylinetrace, polylinetrace, polylinetrace, polylinetrace, polylinetrace, polylinetrace, pin #1 of component #308, pin of component #306, pin #37 of component #303, pin #5 of component #302, pin of component #302, pin #4 of component #276, pin of component #259, pin of component #250, pin of component #244, pin of component #232, pin of component #231, pin of component #230, pin #85 of component #223, pin #83 of component #223, pin #77 of component #223, pin of component #206, pin of component #198, pin #42 of component #184, pin #33 of component #184, pin #24 of component #184, pin #21 of component #184, pin #11 of component #184, pin #2 of component #184, pin #11 of component #183, pin #2 of component #183, pin #2 of component #178, pin #1 of component #171, pin #1 of component #167, pin #29 of component #162, pin of component #161, pin #3 of component #158, pin of component #147, pin of component #138, pin of component #137, pin of component #135, pin of component #133, pin of component #132, pin of component #122, pin of component #51, pin of component #49, pin of component #44, pin of component #29, pin of component #28, pin #5 of component #26, pin of component #19, pin of component #16, pin of component #14, pin of component #9, pin of component #3 and pin #5 of component #162, because no connection was found between their nets.
2026-08-15 20:54:26.982 DEBUG  InsertFoundConnectionAlgo: insert trace failed for net #124 at corner 27/44 on layer 3, trace width: 750, from corner: 26, ok_point: (1290975,-1323928), target: (1363349,-1323928)
2026-08-15 20:54:27.030 DEBUG  [AAADA8\145C8B] Autorouter Failed to route connection between pin #26 of component #223 and pin #4 of component #162, because the new connection could not be inserted.
2026-08-15 20:54:49.554 DEBUG  [AAADA8\145C8B] Autorouter Failed to route connection between polylinetrace, polylinetrace, polylinetrace, polylinetrace, pin #32 of component #303, pin #31 of component #303, pin #24 of component #303, pin #23 of component #303, pin #22 of component #303, pin of component #216, pin of component #209, pin of component #202, pin of component #195, pin #5 of component #180, pin #4 of component #180, pin #3 of component #180, pin #12 of component #160, pin #9 of component #160 and pin #17 of component #160, pin #4 of component #160, because no connection was found between their nets.
2026-08-15 20:55:06.057 DEBUG  [AAADA8\145C8B] Autorouter Failed to route connection between polylinetrace, polylinetrace, polylinetrace, polylinetrace, pin #32 of component #303, pin #31 of component #303, pin #24 of component #303, pin #23 of component #303, pin #22 of component #303, pin of component #216, pin of component #209, pin of component #202, pin of component #195, pin #5 of component #180, pin #4 of component #180, pin #3 of component #180, pin #17 of component #160, pin #4 of component #160 and pin #12 of component #160, pin #9 of component #160, because no connection was found between their nets.
2026-08-15 20:55:14.064 DEBUG  InsertFoundConnectionAlgo: insert trace failed for net #113 at corner 13/13 on layer 3, trace width: 850, from corner: 8, ok_point: (1711148,-922665), target: (1755000,-955882)
2026-08-15 20:55:14.111 DEBUG  [AAADA8\145C8B] Autorouter Failed to route connection between polylinetrace, polylinetrace, polylinetrace, via, via, pin #25 of component #303, pin #104 of component #223 and polylinetrace, pin #14 of component #160, pin #6 of component #160, because the new connection could not be inserted.
2026-08-15 20:55:17.257 DEBUG  InsertFoundConnectionAlgo: insert trace failed for net #112 at corner 17/61 on layer 3, trace width: 750, from corner: 16, ok_point: (1240661,-1284856), target: (1289509,-1284856)
2026-08-15 20:55:17.305 DEBUG  [AAADA8\145C8B] Autorouter Failed to route connection between polylinetrace, pin #27 of component #303, pin of component #203, pin of component #183, pin #4 of component #165 and pin #5 of component #160, because the new connection could not be inserted.
2026-08-15 20:55:20.045 DEBUG  ShapeSearchTree45Degree.complete_shape: non-IntOctagon contained shape, using bounding octagon approximation
2026-08-15 20:55:28.918 DEBUG  InsertFoundConnectionAlgo: insert trace failed for net #100 at corner 8/8 on layer 5, trace width: 750, from corner: 0, ok_point: (1631901,-1319900), target: (1671000,-1303000)
2026-08-15 20:55:28.965 DEBUG  [AAADA8\145C8B] Autorouter Failed to route connection between pin #46 of component #223 and pin of component #158, because the new connection could not be inserted.
2026-08-15 20:55:31.718 DEBUG  OptViaAlgo.opt_via_location: probably endless loop
2026-08-15 20:56:38.209 DEBUG  InsertFoundConnectionAlgo: insert trace failed for net #105 at corner 13/13 on layer 0, trace width: 2500, from corner: 4, ok_point: (1859758,-1221864), target: (1848625,-1205500)
2026-08-15 20:56:38.257 DEBUG  [AAADA8\145C8B] Autorouter Failed to route connection between pin of component #185, pin #25 of component #162, pin of component #130, pin of component #125, pin of component #64 and polylinetrace, pin #2 of component #185, pin #1 of component #147, because the new connection could not be inserted.
2026-08-15 20:56:40.997 DEBUG  ShapeSearchTree45Degree.complete_shape: non-IntOctagon contained shape, using bounding octagon approximation
2026-08-15 20:57:15.837 DEBUG  [AAADA8\145C8B] Autorouter Failed to route connection between polylinetrace, polylinetrace, via, polylinetrace, polylinetrace, polylinetrace, via, via, polylinetrace, polylinetrace, polylinetrace, polylinetrace, polylinetrace, polylinetrace, via, via, pin of component #285, pin of component #256, pin #1 of component #228, pin of component #148, pin of component #146, pin of component #143, pin of component #108 and pin of component #142, because no connection was found between their nets.
2026-08-15 20:57:30.771 DEBUG  ShapeSearchTree45Degree.complete_shape: non-IntOctagon contained shape, using bounding octagon approximation
2026-08-15 20:57:33.575 DEBUG  ShapeSearchTree45Degree.complete_shape: non-IntOctagon contained shape, using bounding octagon approximation
2026-08-15 20:57:33.581 DEBUG  InsertFoundConnectionAlgo: insert trace failed for net #6 at corner 11/11 on layer 0, trace width: 2500, from corner: 8, ok_point: (2136725,-1322307), target: (2121250,-1324600)
2026-08-15 20:57:33.629 DEBUG  [AAADA8\145C8B] Autorouter Failed to route connection between polylinetrace, polylinetrace, polylinetrace, polylinetrace, polylinetrace, via, polylinetrace, polylinetrace, polylinetrace, polylinetrace, polylinetrace, polylinetrace, polylinetrace, polylinetrace, polylinetrace, polylinetrace, polylinetrace, polylinetrace, polylinetrace, via, via, polylinetrace, polylinetrace, polylinetrace, polylinetrace, polylinetrace, polylinetrace, polylinetrace, polylinetrace, pin #1 of component #308, pin of component #306, pin #37 of component #303, pin #5 of component #302, pin of component #302, pin #4 of component #276, pin of component #259, pin of component #250, pin of component #244, pin of component #232, pin of component #231, pin of component #230, pin #85 of component #223, pin #83 of component #223, pin #77 of component #223, pin of component #206, pin of component #198, pin #42 of component #184, pin #33 of component #184, pin #24 of component #184, pin #21 of component #184, pin #11 of component #184, pin #2 of component #184, pin #11 of component #183, pin #2 of component #183, pin #2 of component #178, pin #1 of component #171, pin #1 of component #167, pin #29 of component #162, pin #5 of component #162, pin of component #161, pin #3 of component #158, pin of component #147, pin of component #135, pin of component #133, pin of component #132, pin of component #122, pin of component #51, pin of component #49, pin of component #44, pin of component #29, pin of component #28, pin #5 of component #26, pin of component #19, pin of component #16, pin of component #14, pin of component #9, pin of component #3 and polylinetrace, pin of component #138, pin of component #137, because the new connection could not be inserted.
2026-08-15 20:57:36.923 DEBUG  InsertFoundConnectionAlgo: insert trace failed for net #210 at corner 2/2 on layer 5, trace width: 1000, from corner: 1, ok_point: (1719000,-923071), target: (1719000,-933000)
2026-08-15 20:57:36.974 DEBUG  [AAADA8\145C8B] Autorouter Failed to route connection between pin #123 of component #223 and pin #1 of component #136, because the new connection could not be inserted.
2026-08-15 20:57:42.527 DEBUG  ShapeSearchTree45Degree.complete_shape: non-IntOctagon contained shape, using bounding octagon approximation
2026-08-15 20:57:42.532 DEBUG  InsertFoundConnectionAlgo: insert trace failed for net #6 at corner 5/5 on layer 0, trace width: 2500, from corner: 2, ok_point: (2136023,-1323271), target: (2121250,-1299400)
2026-08-15 20:57:42.579 DEBUG  [AAADA8\145C8B] Autorouter Failed to route connection between polylinetrace, polylinetrace, polylinetrace, polylinetrace, polylinetrace, polylinetrace, polylinetrace, via, polylinetrace, polylinetrace, polylinetrace, polylinetrace, polylinetrace, polylinetrace, polylinetrace, polylinetrace, polylinetrace, polylinetrace, polylinetrace, polylinetrace, polylinetrace, via, via, polylinetrace, polylinetrace, polylinetrace, polylinetrace, polylinetrace, polylinetrace, polylinetrace, polylinetrace, pin #1 of component #308, pin of component #306, pin #37 of component #303, pin #5 of component #302, pin of component #302, pin #4 of component #276, pin of component #259, pin of component #250, pin of component #244, pin of component #232, pin of component #231, pin of component #230, pin #85 of component #223, pin #83 of component #223, pin #77 of component #223, pin of component #206, pin of component #198, pin #42 of component #184, pin #33 of component #184, pin #24 of component #184, pin #21 of component #184, pin #11 of component #184, pin #2 of component #184, pin #11 of component #183, pin #2 of component #183, pin #2 of component #178, pin #1 of component #171, pin #1 of component #167, pin #29 of component #162, pin #5 of component #162, pin of component #161, pin #3 of component #158, pin of component #147, pin of component #138, pin of component #137, pin of component #133, pin of component #132, pin of component #122, pin of component #51, pin of component #49, pin of component #44, pin of component #29, pin of component #28, pin #5 of component #26, pin of component #19, pin of component #16, pin of component #14, pin of component #9, pin of component #3 and pin of component #135, because the new connection could not be inserted.
2026-08-15 20:57:45.640 DEBUG  InsertFoundConnectionAlgo: insert trace failed for net #196 at corner 8/19 on layer 0, trace width: 2500, from corner: 5, ok_point: (1277607,-1128930), target: (1282049,-1137162)
2026-08-15 20:57:45.689 DEBUG  [AAADA8\145C8B] Autorouter Failed to route connection between polylinetrace, polylinetrace, polylinetrace, via, via, pin #1 of component #187, pin #4 of component #185, pin #1 of component #177 and pin of component #134, because the new connection could not be inserted.
2026-08-15 20:57:48.445 DEBUG  ShapeSearchTree45Degree.complete_shape: non-IntOctagon contained shape, using bounding octagon approximation
2026-08-15 20:57:51.339 DEBUG  ShapeSearchTree45Degree.complete_shape: non-IntOctagon contained shape, using bounding octagon approximation
2026-08-15 20:57:54.961 DEBUG  InsertFoundConnectionAlgo: insert trace failed for net #144 at corner 3/3 on layer 5, trace width: 1000, from corner: 2, ok_point: (1723000,-943032), target: (1723000,-933000)
2026-08-15 20:57:55.014 DEBUG  [AAADA8\145C8B] Autorouter Failed to route connection between pin #121 of component #223 and pin #1 of component #131, because the new connection could not be inserted.
2026-08-15 20:58:00.597 DEBUG  InsertFoundConnectionAlgo: insert trace failed for net #105 at corner 20/25 on layer 0, trace width: 2500, from corner: 2, ok_point: (1268945,-1146055), target: (1262498,-1127502)
2026-08-15 20:58:00.648 DEBUG  [AAADA8\145C8B] Autorouter Failed to route connection between polylinetrace, polylinetrace, pin #2 of component #185, pin of component #185, pin #25 of component #162, pin #1 of component #147, pin of component #125, pin of component #64 and pin of component #130, because the new connection could not be inserted.
2026-08-15 20:58:23.334 DEBUG  ShapeSearchTree45Degree.complete_shape: non-IntOctagon contained shape, using bounding octagon approximation
2026-08-15 20:58:29.015 DEBUG  InsertFoundConnectionAlgo: insert trace failed for net #208 at corner 8/8 on layer 5, trace width: 5000, from corner: 0, ok_point: (1062907,-1165046), target: (1075000,-1203500)
2026-08-15 20:58:29.064 DEBUG  [AAADA8\145C8B] Autorouter Failed to route connection between polylinetrace, polylinetrace, polylinetrace, polylinetrace, polylinetrace, polylinetrace, polylinetrace, polylinetrace, via, polylinetrace, polylinetrace, polylinetrace, polylinetrace, polylinetrace, polylinetrace, polylinetrace, polylinetrace, polylinetrace, polylinetrace, polylinetrace, polylinetrace, polylinetrace, via, polylinetrace, polylinetrace, polylinetrace, via, via, polylinetrace, polylinetrace, polylinetrace, via, polylinetrace, polylinetrace, via, via, pin #23 of component #305, pin #22 of component #305, pin #34 of component #303, pin #33 of component #303, pin of component #299, pin #3 of component #295, pin of component #295, pin of component #288, pin of component #281, pin of component #279, pin of component #278, pin #3 of component #275, pin of component #275, pin #6 of component #274, pin of component #269, pin of component #247, pin of component #227, pin #86 of component #223, pin #84 of component #223, pin #82 of component #223, pin #80 of component #223, pin #78 of component #223, pin #76 of component #223, pin of component #213, pin of component #204, pin #5 of component #181, pin of component #104 and polylinetrace, polylinetrace, polylinetrace, polylinetrace, polylinetrace, polylinetrace, polylinetrace, polylinetrace, polylinetrace, polylinetrace, polylinetrace, polylinetrace, polylinetrace, pin #1 of component #300, pin #3 of component #297, pin of component #297, pin #3 of component #296, pin of component #296, pin of component #280, pin of component #120, because the new connection could not be inserted.
2026-08-15 20:58:39.705 DEBUG  InsertFoundConnectionAlgo: insert trace failed for net #267 at corner 10/10 on layer 5, trace width: 750, from corner: 4, ok_point: (2231130,-1220985), target: (2237625,-1216250)
2026-08-15 20:58:39.756 DEBUG  [AAADA8\145C8B] Autorouter Failed to route connection between pin of component #301 and pin of component #115, because the new connection could not be inserted.
2026-08-15 20:58:52.332 DEBUG  InsertFoundConnectionAlgo: insert trace failed for net #25 at corner 13/13 on layer 0, trace width: 2500, from corner: 12, ok_point: (1232500,-1060232), target: (1232500,-1045000)
2026-08-15 20:58:52.382 DEBUG  [AAADA8\145C8B] Autorouter Failed to route connection between pin of component #282, pin #1 of component #274, pin #6 of component #182, pin #6 of component #81, pin of component #80, pin of component #79 and pin of component #106, because the new connection could not be inserted.
2026-08-15 20:59:01.962 DEBUG  InsertFoundConnectionAlgo: insert trace failed for net #24 at corner 16/16 on layer 0, trace width: 2500, from corner: 15, ok_point: (1218500,-1062565), target: (1218500,-1045000)
2026-08-15 20:59:02.012 DEBUG  [AAADA8\145C8B] Autorouter Failed to route connection between pin of component #277, pin #14 of component #274, pin #2 of component #182, pin #2 of component #81, pin of component #74, pin of component #70 and pin of component #101, because the new connection could not be inserted.
2026-08-15 20:59:16.411 DEBUG  InsertFoundConnectionAlgo: insert trace failed for net #26 at corner 22/22 on layer 0, trace width: 750, from corner: 17, ok_point: (1220897,-1053770), target: (1236000,-1045000)
2026-08-15 20:59:16.461 DEBUG  [AAADA8\145C8B] Autorouter Failed to route connection between pin #7 of component #81 and pin of component #95, because the new connection could not be inserted.
2026-08-15 20:59:24.847 DEBUG  InsertFoundConnectionAlgo: insert trace failed for net #108 at corner 6/6 on layer 0, trace width: 750, from corner: 3, ok_point: (2143349,-1013780), target: (2142000,-1029600)
2026-08-15 20:59:24.897 DEBUG  [AAADA8\145C8B] Autorouter Failed to route connection between pin #7 of component #182 and pin of component #88, because the new connection could not be inserted.
2026-08-15 21:00:00.268 DEBUG  [AAADA8\145C8B] Autorouter Failed to route connection between pin of component #42 and pin #70 of component #82, because no connection was found between their nets.
2026-08-15 21:00:15.298 DEBUG  InsertFoundConnectionAlgo: insert trace failed for net #29 at corner 5/5 on layer 0, trace width: 615, from corner: 4, ok_point: (1253500,-1052789), target: (1253500,-1045000)
2026-08-15 21:00:15.348 DEBUG  [AAADA8\145C8B] Autorouter Failed to route connection between pin #12 of component #81 and pin #59 of component #82, because the new connection could not be inserted.
2026-08-15 21:00:18.331 DEBUG  InsertFoundConnectionAlgo: insert trace failed for net #27 at corner 18/18 on layer 0, trace width: 615, from corner: 17, ok_point: (1246500,-1056809), target: (1246500,-1045000)
2026-08-15 21:00:18.383 DEBUG  [AAADA8\145C8B] Autorouter Failed to route connection between pin #10 of component #81 and pin #58 of component #82, because the new connection could not be inserted.
2026-08-15 21:00:24.452 DEBUG  InsertFoundConnectionAlgo: insert trace failed for net #33 at corner 10/10 on layer 0, trace width: 615, from corner: 9, ok_point: (1274500,-1061374), target: (1274500,-1045000)
2026-08-15 21:00:24.503 DEBUG  [AAADA8\145C8B] Autorouter Failed to route connection between pin #18 of component #81 and pin #55 of component #82, because the new connection could not be inserted.
2026-08-15 21:00:32.411 DEBUG  [AAADA8\145C8B] Autorouter Failed to route connection between pin #16 of component #81 and pin #54 of component #82, because no connection was found between their nets.
2026-08-15 21:00:41.042 DEBUG  InsertFoundConnectionAlgo: insert trace failed for net #34 at corner 7/7 on layer 0, trace width: 615, from corner: 6, ok_point: (1278000,-1048900), target: (1278000,-1045000)
2026-08-15 21:00:41.091 DEBUG  [AAADA8\145C8B] Autorouter Failed to route connection between pin #19 of component #81 and pin #47 of component #82, because the new connection could not be inserted.
2026-08-15 21:00:49.093 DEBUG  [AAADA8\145C8B] Autorouter Failed to route connection between pin #17 of component #81 and pin #46 of component #82, because no connection was found between their nets.
2026-08-15 21:00:57.114 DEBUG  [AAADA8\145C8B] Autorouter Failed to route connection between pin #171 of component #223 and pin #41 of component #82, because no connection was found between their nets.
2026-08-15 21:01:03.560 DEBUG  InsertFoundConnectionAlgo: insert trace failed for net #38 at corner 4/4 on layer 0, trace width: 615, from corner: 3, ok_point: (1297878,-1027222), target: (1295500,-1029600)
2026-08-15 21:01:03.612 DEBUG  [AAADA8\145C8B] Autorouter Failed to route connection between pin #25 of component #81 and pin #39 of component #82, because the new connection could not be inserted.
2026-08-15 21:01:11.586 DEBUG  [AAADA8\145C8B] Autorouter Failed to route connection between pin #23 of component #81 and pin #38 of component #82, because no connection was found between their nets.
2026-08-15 21:01:19.556 DEBUG  [AAADA8\145C8B] Autorouter Failed to route connection between pin #177 of component #223 and pin #33 of component #82, because no connection was found between their nets.
2026-08-15 21:01:25.458 DEBUG  InsertFoundConnectionAlgo: insert trace failed for net #30 at corner 5/5 on layer 0, trace width: 615, from corner: 4, ok_point: (1257000,-1050380), target: (1257000,-1045000)
2026-08-15 21:01:25.510 DEBUG  [AAADA8\145C8B] Autorouter Failed to route connection between pin #13 of component #81 and pin #31 of component #82, because the new connection could not be inserted.
2026-08-15 21:01:33.429 DEBUG  [AAADA8\145C8B] Autorouter Failed to route connection between pin #11 of component #81 and pin #30 of component #82, because no connection was found between their nets.
2026-08-15 21:01:41.349 DEBUG  [AAADA8\145C8B] Autorouter Failed to route connection between pin #183 of component #223 and pin #25 of component #82, because no connection was found between their nets.
2026-08-15 21:02:05.130 DEBUG  [AAADA8\145C8B] Autorouter Failed to route connection between pin #37 of component #81 and pin #18 of component #82, because no connection was found between their nets.
2026-08-15 21:02:08.336 DEBUG  InsertFoundConnectionAlgo: insert trace failed for net #42 at corner 4/4 on layer 0, trace width: 615, from corner: 3, ok_point: (1274500,-1012368), target: (1274500,-1029600)
2026-08-15 21:02:08.384 DEBUG  [AAADA8\145C8B] Autorouter Failed to route connection between pin #31 of component #81 and pin #17 of component #82, because the new connection could not be inserted.
2026-08-15 21:02:12.579 DEBUG  InsertFoundConnectionAlgo: insert trace failed for net #41 at corner 8/8 on layer 0, trace width: 615, from corner: 7, ok_point: (1278000,-1022809), target: (1278000,-1029600)
2026-08-15 21:02:12.630 DEBUG  [AAADA8\145C8B] Autorouter Failed to route connection between pin #30 of component #81 and pin #16 of component #82, because the new connection could not be inserted.
2026-08-15 21:02:15.681 DEBUG  InsertFoundConnectionAlgo: insert trace failed for net #37 at corner 4/4 on layer 0, trace width: 615, from corner: 3, ok_point: (1297878,-1047378), target: (1295500,-1045000)
2026-08-15 21:02:15.732 DEBUG  [AAADA8\145C8B] Autorouter Failed to route connection between pin #24 of component #81 and pin #15 of component #82, because the new connection could not be inserted.
2026-08-15 21:02:19.162 DEBUG  InsertFoundConnectionAlgo: insert trace failed for net #45 at corner 9/9 on layer 0, trace width: 615, from corner: 8, ok_point: (1257000,-1018590), target: (1257000,-1029600)
2026-08-15 21:02:19.214 DEBUG  [AAADA8\145C8B] Autorouter Failed to route connection between pin #36 of component #81 and pin #14 of component #82, because the new connection could not be inserted.
2026-08-15 21:02:35.131 DEBUG  InsertFoundConnectionAlgo: insert trace failed for net #44 at corner 7/7 on layer 0, trace width: 615, from corner: 6, ok_point: (1260500,-1018439), target: (1260500,-1029600)
2026-08-15 21:02:35.182 DEBUG  [AAADA8\145C8B] Autorouter Failed to route connection between pin #35 of component #81 and pin #8 of component #82, because the new connection could not be inserted.
2026-08-15 21:02:38.062 DEBUG  InsertFoundConnectionAlgo: insert trace failed for net #40 at corner 4/4 on layer 0, trace width: 615, from corner: 3, ok_point: (1281500,-1017235), target: (1281500,-1029600)
2026-08-15 21:02:38.113 DEBUG  [AAADA8\145C8B] Autorouter Failed to route connection between pin #29 of component #81 and pin #7 of component #82, because the new connection could not be inserted.
2026-08-15 21:02:40.994 DEBUG  InsertFoundConnectionAlgo: insert trace failed for net #39 at corner 8/8 on layer 0, trace width: 615, from corner: 7, ok_point: (1285000,-1021873), target: (1285000,-1029600)
2026-08-15 21:02:41.044 DEBUG  [AAADA8\145C8B] Autorouter Failed to route connection between pin #28 of component #81 and pin #6 of component #82, because the new connection could not be inserted.
2026-08-15 21:02:43.996 DEBUG  InsertFoundConnectionAlgo: insert trace failed for net #35 at corner 10/10 on layer 0, trace width: 615, from corner: 9, ok_point: (1288500,-1052788), target: (1288500,-1045000)
2026-08-15 21:02:44.046 DEBUG  [AAADA8\145C8B] Autorouter Failed to route connection between pin #22 of component #81 and pin #5 of component #82, because the new connection could not be inserted.
2026-08-15 21:02:52.074 DEBUG  [AAADA8\145C8B] Autorouter Failed to route connection between pin #34 of component #81 and pin #4 of component #82, because no connection was found between their nets.
2026-08-15 21:03:20.536 DEBUG  [AAADA8\145C8B] Autorouter Failed to route connection between polylinetrace, via, polylinetrace, via, polylinetrace, pin #13 of component #291, pin of component #96, pin of component #21 and pin #47 of component #81, because no connection was found between their nets.
2026-08-15 21:03:32.491 DEBUG  InsertFoundConnectionAlgo: insert trace failed for net #49 at corner 25/25 on layer 0, trace width: 750, from corner: 5, ok_point: (1232847,-1029694), target: (1284375,-1010554)
2026-08-15 21:03:32.539 DEBUG  [AAADA8\145C8B] Autorouter Failed to route connection between pin #9 of component #291, pin of component #99 and pin #43 of component #81, because the new connection could not be inserted.
2026-08-15 21:03:35.712 DEBUG  InsertFoundConnectionAlgo: insert trace failed for net #48 at corner 19/19 on layer 0, trace width: 750, from corner: 0, ok_point: (1239500,-1029600), target: (1245464,-1013522)
2026-08-15 21:03:35.765 DEBUG  [AAADA8\145C8B] Autorouter Failed to route connection between pin #7 of component #291, pin of component #12 and pin #41 of component #81, because the new connection could not be inserted.
2026-08-15 21:03:43.593 DEBUG  [AAADA8\145C8B] Autorouter Failed to route connection between polylinetrace, polylinetrace, polylinetrace, polylinetrace, pin of component #294, pin of component #272, pin of component #271, pin of component #264, pin #40 of component #182 and pin #40 of component #81, because no connection was found between their nets.
2026-08-15 21:03:51.519 DEBUG  [AAADA8\145C8B] Autorouter Failed to route connection between pin #18 of component #82 and pin #37 of component #81, because no connection was found between their nets.
2026-08-15 21:03:59.390 DEBUG  [AAADA8\145C8B] Autorouter Failed to route connection between pin #14 of component #82 and pin #36 of component #81, because no connection was found between their nets.
2026-08-15 21:04:07.256 DEBUG  [AAADA8\145C8B] Autorouter Failed to route connection between pin #8 of component #82 and pin #35 of component #81, because no connection was found between their nets.
2026-08-15 21:04:15.171 DEBUG  [AAADA8\145C8B] Autorouter Failed to route connection between pin #4 of component #82 and pin #34 of component #81, because no connection was found between their nets.
2026-08-15 21:04:23.270 DEBUG  [AAADA8\145C8B] Autorouter Failed to route connection between pin #17 of component #82 and pin #31 of component #81, because no connection was found between their nets.
2026-08-15 21:04:31.200 DEBUG  [AAADA8\145C8B] Autorouter Failed to route connection between pin #16 of component #82 and pin #30 of component #81, because no connection was found between their nets.
2026-08-15 21:04:39.139 DEBUG  [AAADA8\145C8B] Autorouter Failed to route connection between pin #7 of component #82 and pin #29 of component #81, because no connection was found between their nets.
2026-08-15 21:04:46.984 DEBUG  [AAADA8\145C8B] Autorouter Failed to route connection between pin #6 of component #82 and pin #28 of component #81, because no connection was found between their nets.
2026-08-15 21:04:49.963 DEBUG  InsertFoundConnectionAlgo: insert trace failed for net #38 at corner 13/13 on layer 0, trace width: 615, from corner: 0, ok_point: (1295500,-1029600), target: (1380195,-1036025)
2026-08-15 21:04:50.012 DEBUG  [AAADA8\145C8B] Autorouter Failed to route connection between pin #39 of component #82 and pin #25 of component #81, because the new connection could not be inserted.
2026-08-15 21:04:52.901 DEBUG  InsertFoundConnectionAlgo: insert trace failed for net #37 at corner 14/14 on layer 0, trace width: 615, from corner: 0, ok_point: (1295500,-1045000), target: (1317399,-1048554)
2026-08-15 21:04:52.949 DEBUG  [AAADA8\145C8B] Autorouter Failed to route connection between pin #15 of component #82 and pin #24 of component #81, because the new connection could not be inserted.
2026-08-15 21:05:00.751 DEBUG  [AAADA8\145C8B] Autorouter Failed to route connection between pin #38 of component #82 and pin #23 of component #81, because no connection was found between their nets.
2026-08-15 21:05:03.743 DEBUG  InsertFoundConnectionAlgo: insert trace failed for net #35 at corner 7/7 on layer 0, trace width: 615, from corner: 0, ok_point: (1288500,-1045000), target: (1301164,-1050461)
2026-08-15 21:05:03.791 DEBUG  [AAADA8\145C8B] Autorouter Failed to route connection between pin #5 of component #82 and pin #22 of component #81, because the new connection could not be inserted.
2026-08-15 21:05:11.753 DEBUG  [AAADA8\145C8B] Autorouter Failed to route connection between pin #47 of component #82 and pin #19 of component #81, because no connection was found between their nets.
2026-08-15 21:05:14.734 DEBUG  InsertFoundConnectionAlgo: insert trace failed for net #33 at corner 15/15 on layer 0, trace width: 615, from corner: 0, ok_point: (1274500,-1045000), target: (1316042,-1050816)
2026-08-15 21:05:14.784 DEBUG  [AAADA8\145C8B] Autorouter Failed to route connection between pin #55 of component #82 and pin #18 of component #81, because the new connection could not be inserted.
2026-08-15 21:05:22.740 DEBUG  [AAADA8\145C8B] Autorouter Failed to route connection between pin #46 of component #82 and pin #17 of component #81, because no connection was found between their nets.
2026-08-15 21:05:30.525 DEBUG  [AAADA8\145C8B] Autorouter Failed to route connection between pin #54 of component #82 and pin #16 of component #81, because no connection was found between their nets.
2026-08-15 21:05:38.405 DEBUG  [AAADA8\145C8B] Autorouter Failed to route connection between pin #31 of component #82 and pin #13 of component #81, because no connection was found between their nets.
2026-08-15 21:05:41.498 DEBUG  InsertFoundConnectionAlgo: insert trace failed for net #29 at corner 15/15 on layer 0, trace width: 615, from corner: 0, ok_point: (1253500,-1045000), target: (1316042,-1050816)
2026-08-15 21:05:41.546 DEBUG  [AAADA8\145C8B] Autorouter Failed to route connection between pin #59 of component #82 and pin #12 of component #81, because the new connection could not be inserted.
2026-08-15 21:05:49.317 DEBUG  [AAADA8\145C8B] Autorouter Failed to route connection between pin #30 of component #82 and pin #11 of component #81, because no connection was found between their nets.
2026-08-15 21:05:57.036 DEBUG  [AAADA8\145C8B] Autorouter Failed to route connection between pin #58 of component #82 and pin #10 of component #81, because no connection was found between their nets.
2026-08-15 21:05:59.819 DEBUG  InsertFoundConnectionAlgo: insert trace failed for net #26 at corner 16/16 on layer 0, trace width: 750, from corner: 0, ok_point: (1236000,-1045000), target: (1170000,-1045000)
2026-08-15 21:05:59.869 DEBUG  [AAADA8\145C8B] Autorouter Failed to route connection between pin of component #95 and pin #7 of component #81, because the new connection could not be inserted.
2026-08-15 21:06:06.546 DEBUG  [AAADA8\145C8B] Autorouter Failed to route connection between pin of component #282, pin #1 of component #274, pin #6 of component #182, pin of component #106, pin of component #80, pin of component #79 and pin #6 of component #81, because no connection was found between their nets.
2026-08-15 21:06:09.324 DEBUG  InsertFoundConnectionAlgo: insert trace failed for net #23 at corner 7/7 on layer 0, trace width: 2500, from corner: 0, ok_point: (1222000,-1045000), target: (1215000,-1045000)
2026-08-15 21:06:09.375 DEBUG  [AAADA8\145C8B] Autorouter Failed to route connection between polylinetrace, polylinetrace, via, polylinetrace, polylinetrace, polylinetrace, polylinetrace, polylinetrace, via, polylinetrace, polylinetrace, polylinetrace, polylinetrace, polylinetrace, polylinetrace, polylinetrace, polylinetrace, polylinetrace, pin #3 of component #308, pin #2 of component #308, pin #23 of component #291, pin of component #289, pin of component #270, pin of component #268, pin of component #262, pin #1 of component #226, pin #3 of component #182, pin #1 of component #182, pin #3 of component #175, pin of component #175, pin #3 of component #174, pin of component #174, pin #1 of component #172, pin #1 of component #170, pin #1 of component #169, pin #1 of component #168, pin of component #149, pin of component #144, pin of component #85, pin #1 of component #81, pin of component #78, pin of component #66, pin of component #61, pin of component #41, pin #1 of component #6 and pin #3 of component #81, because the new connection could not be inserted.
2026-08-15 21:06:16.073 DEBUG  [AAADA8\145C8B] Autorouter Failed to route connection between pin of component #277, pin #14 of component #274, pin #2 of component #182, pin of component #101, pin of component #74, pin of component #70 and pin #2 of component #81, because no connection was found between their nets.
2026-08-15 21:06:18.875 DEBUG  InsertFoundConnectionAlgo: insert trace failed for net #23 at corner 7/7 on layer 0, trace width: 2500, from corner: 0, ok_point: (1215000,-1045000), target: (1222000,-1045000)
2026-08-15 21:06:18.925 DEBUG  [AAADA8\145C8B] Autorouter Failed to route connection between polylinetrace, polylinetrace, via, polylinetrace, polylinetrace, polylinetrace, polylinetrace, polylinetrace, via, polylinetrace, polylinetrace, polylinetrace, polylinetrace, polylinetrace, polylinetrace, polylinetrace, polylinetrace, polylinetrace, pin #3 of component #308, pin #2 of component #308, pin #23 of component #291, pin of component #289, pin of component #270, pin of component #268, pin of component #262, pin #1 of component #226, pin #3 of component #182, pin #1 of component #182, pin #3 of component #175, pin of component #175, pin #3 of component #174, pin of component #174, pin #1 of component #172, pin #1 of component #170, pin #1 of component #169, pin #1 of component #168, pin of component #149, pin of component #144, pin of component #85, pin #3 of component #81, pin of component #78, pin of component #66, pin of component #61, pin of component #41, pin #1 of component #6 and pin #1 of component #81, because the new connection could not be inserted.
2026-08-15 21:06:21.786 DEBUG  InsertFoundConnectionAlgo: insert trace failed for net #25 at corner 7/7 on layer 0, trace width: 2500, from corner: 1, ok_point: (2218761,-1050739), target: (2247921,-1057652)
2026-08-15 21:06:21.835 DEBUG  [AAADA8\145C8B] Autorouter Failed to route connection between pin of component #282, pin #1 of component #274, pin #6 of component #182, pin of component #106, pin #6 of component #81, pin of component #79 and pin of component #80, because the new connection could not be inserted.
2026-08-15 21:06:24.717 DEBUG  InsertFoundConnectionAlgo: insert trace failed for net #25 at corner 4/4 on layer 0, trace width: 2500, from corner: 3, ok_point: (1232500,-1060765), target: (1232500,-1045000)
2026-08-15 21:06:24.769 DEBUG  [AAADA8\145C8B] Autorouter Failed to route connection between pin of component #282, pin #1 of component #274, pin #6 of component #182, pin of component #106, pin #6 of component #81, pin of component #80 and pin of component #79, because the new connection could not be inserted.
2026-08-15 21:06:27.540 DEBUG  InsertFoundConnectionAlgo: insert trace failed for net #23 at corner 11/11 on layer 0, trace width: 2500, from corner: 10, ok_point: (2163000,-984009), target: (2163000,-1029600)
2026-08-15 21:06:27.589 DEBUG  [AAADA8\145C8B] Autorouter Failed to route connection between polylinetrace, polylinetrace, via, polylinetrace, polylinetrace, polylinetrace, polylinetrace, polylinetrace, via, polylinetrace, polylinetrace, polylinetrace, polylinetrace, polylinetrace, polylinetrace, polylinetrace, polylinetrace, polylinetrace, pin #3 of component #308, pin #2 of component #308, pin #23 of component #291, pin of component #289, pin of component #270, pin of component #268, pin of component #262, pin #1 of component #226, pin #3 of component #182, pin #1 of component #182, pin #3 of component #175, pin of component #175, pin #3 of component #174, pin of component #174, pin #1 of component #172, pin #1 of component #170, pin #1 of component #169, pin #1 of component #168, pin of component #149, pin of component #144, pin of component #85, pin #3 of component #81, pin #1 of component #81, pin of component #66, pin of component #61, pin of component #41, pin #1 of component #6 and pin of component #78, because the new connection could not be inserted.
2026-08-15 21:06:33.370 DEBUG  InsertFoundConnectionAlgo: insert trace failed for net #109 at corner 8/11 on layer 0, trace width: 750, from corner: 7, ok_point: (1777034,-1057500), target: (1704027,-1057500)
2026-08-15 21:06:33.419 DEBUG  [AAADA8\145C8B] Autorouter Failed to route connection between pin of component #38 and polylinetrace, polylinetrace, polylinetrace, polylinetrace, polylinetrace, via, via, pin #69 of component #173, pin #1 of component #154, pin of component #76, because the new connection could not be inserted.
2026-08-15 21:06:39.393 DEBUG  InsertFoundConnectionAlgo: insert trace failed for net #24 at corner 7/7 on layer 0, trace width: 2500, from corner: 1, ok_point: (2218761,-1049261), target: (2237505,-1042635)
2026-08-15 21:06:39.443 DEBUG  [AAADA8\145C8B] Autorouter Failed to route connection between pin of component #277, pin #14 of component #274, pin #2 of component #182, pin of component #101, pin #2 of component #81, pin of component #70 and pin of component #74, because the new connection could not be inserted.
2026-08-15 21:06:56.703 DEBUG  InsertFoundConnectionAlgo: insert trace failed for net #24 at corner 4/4 on layer 0, trace width: 2500, from corner: 3, ok_point: (1218500,-1060570), target: (1218500,-1045000)
2026-08-15 21:06:56.754 DEBUG  [AAADA8\145C8B] Autorouter Failed to route connection between pin of component #277, pin #14 of component #274, pin #2 of component #182, pin of component #101, pin #2 of component #81, pin of component #74 and pin of component #70, because the new connection could not be inserted.
2026-08-15 21:07:08.094 DEBUG  InsertFoundConnectionAlgo: insert trace failed for net #23 at corner 31/31 on layer 0, trace width: 2500, from corner: 19, ok_point: (1113404,-998689), target: (1190000,-1070000)
2026-08-15 21:07:08.144 DEBUG  [AAADA8\145C8B] Autorouter Failed to route connection between polylinetrace, polylinetrace, polylinetrace, via, polylinetrace, polylinetrace, polylinetrace, polylinetrace, polylinetrace, via, polylinetrace, polylinetrace, polylinetrace, polylinetrace, polylinetrace, polylinetrace, polylinetrace, polylinetrace, polylinetrace, pin #3 of component #308, pin #2 of component #308, pin #23 of component #291, pin of component #289, pin of component #270, pin of component #268, pin of component #262, pin #1 of component #226, pin #3 of component #182, pin #1 of component #182, pin #3 of component #175, pin of component #175, pin #3 of component #174, pin of component #174, pin #1 of component #172, pin #1 of component #170, pin #1 of component #169, pin #1 of component #168, pin of component #149, pin of component #144, pin of component #85, pin #3 of component #81, pin #1 of component #81, pin of component #78, pin of component #61, pin of component #41, pin #1 of component #6 and pin of component #66, because the new connection could not be inserted.
2026-08-15 21:07:13.860 DEBUG  InsertFoundConnectionAlgo: insert trace failed for net #105 at corner 8/8 on layer 0, trace width: 2500, from corner: 0, ok_point: (1180400,-1150000), target: (1188125,-1193125)
2026-08-15 21:07:13.911 DEBUG  [AAADA8\145C8B] Autorouter Failed to route connection between polylinetrace, pin #2 of component #185, pin of component #185, pin #25 of component #162, pin #1 of component #147, pin of component #130 and polylinetrace, pin of component #125, pin of component #64, because the new connection could not be inserted.
2026-08-15 21:07:34.242 DEBUG  InsertFoundConnectionAlgo: insert trace failed for net #128 at corner 87/87 on layer 3, trace width: 750, from corner: 35, ok_point: (1712199,-1316798), target: (1186393,-1258994)
2026-08-15 21:07:34.294 DEBUG  [AAADA8\145C8B] Autorouter Failed to route connection between pin #13 of component #162 and pin #1 of component #58, because the new connection could not be inserted.
2026-08-15 21:08:03.094 DEBUG  ShapeSearchTree45Degree.complete_shape: non-IntOctagon contained shape, using bounding octagon approximation
2026-08-15 21:08:03.100 DEBUG  InsertFoundConnectionAlgo: insert trace failed for net #6 at corner 5/6 on layer 0, trace width: 2500, from corner: 4, ok_point: (1714028,-1236307), target: (1737372,-1236307)
2026-08-15 21:08:03.148 DEBUG  [AAADA8\145C8B] Autorouter Failed to route connection between polylinetrace, polylinetrace, polylinetrace, via, polylinetrace, polylinetrace, polylinetrace, polylinetrace, polylinetrace, polylinetrace, polylinetrace, polylinetrace, polylinetrace, polylinetrace, polylinetrace, polylinetrace, polylinetrace, polylinetrace, via, via, polylinetrace, polylinetrace, polylinetrace, polylinetrace, polylinetrace, polylinetrace, polylinetrace, polylinetrace, pin #1 of component #308, pin of component #306, pin #37 of component #303, pin #5 of component #302, pin of component #302, pin #4 of component #276, pin of component #259, pin of component #250, pin of component #244, pin of component #232, pin of component #231, pin of component #230, pin #85 of component #223, pin #83 of component #223, pin #77 of component #223, pin of component #206, pin of component #198, pin #42 of component #184, pin #33 of component #184, pin #24 of component #184, pin #21 of component #184, pin #11 of component #184, pin #2 of component #184, pin #11 of component #183, pin #2 of component #183, pin #2 of component #178, pin #1 of component #171, pin #1 of component #167, pin #29 of component #162, pin #5 of component #162, pin of component #161, pin #3 of component #158, pin of component #147, pin of component #138, pin of component #137, pin of component #135, pin of component #133, pin of component #132, pin of component #122, pin of component #49, pin of component #44, pin of component #29, pin of component #28, pin #5 of component #26, pin of component #19, pin of component #16, pin of component #14, pin of component #9, pin of component #3 and pin of component #51, because the new connection could not be inserted.
2026-08-15 21:08:08.753 DEBUG  ShapeSearchTree45Degree.complete_shape: non-IntOctagon contained shape, using bounding octagon approximation
2026-08-15 21:08:23.686 DEBUG  ShapeSearchTree45Degree.complete_shape: non-IntOctagon contained shape, using bounding octagon approximation
2026-08-15 21:08:35.377 DEBUG  InsertFoundConnectionAlgo: insert trace failed for net #23 at corner 7/23 on layer 0, trace width: 2500, from corner: 6, ok_point: (1860378,-1002607), target: (1882057,-1002607)
2026-08-15 21:08:35.430 DEBUG  [AAADA8\145C8B] Autorouter Failed to route connection between polylinetrace, polylinetrace, polylinetrace, polylinetrace, via, polylinetrace, polylinetrace, polylinetrace, polylinetrace, via, polylinetrace, polylinetrace, polylinetrace, polylinetrace, polylinetrace, polylinetrace, polylinetrace, polylinetrace, polylinetrace, pin #3 of component #308, pin #2 of component #308, pin #23 of component #291, pin of component #289, pin of component #270, pin of component #268, pin of component #262, pin #1 of component #226, pin #3 of component #182, pin #1 of component #182, pin #3 of component #175, pin of component #175, pin #3 of component #174, pin of component #174, pin #1 of component #172, pin #1 of component #170, pin #1 of component #169, pin #1 of component #168, pin of component #149, pin of component #85, pin #3 of component #81, pin #1 of component #81, pin of component #78, pin of component #66, pin of component #61, pin #1 of component #6 and polylinetrace, pin of component #144, pin of component #41, because the new connection could not be inserted.
2026-08-15 21:09:10.009 DEBUG  ShapeSearchTree45Degree.complete_shape: non-IntOctagon contained shape, using bounding octagon approximation
2026-08-15 21:09:15.813 DEBUG  ShapeSearchTree45Degree.complete_shape: non-IntOctagon contained shape, using bounding octagon approximation
2026-08-15 21:09:15.844 DEBUG  InsertFoundConnectionAlgo: insert trace failed for net #6 at corner 26/26 on layer 0, trace width: 2500, from corner: 14, ok_point: (1316422,-1144906), target: (1270000,-1120000)
2026-08-15 21:09:15.916 DEBUG  [AAADA8\145C8B] Autorouter Failed to route connection between polylinetrace, polylinetrace, polylinetrace, polylinetrace, polylinetrace, polylinetrace, polylinetrace, via, polylinetrace, polylinetrace, polylinetrace, polylinetrace, polylinetrace, polylinetrace, polylinetrace, polylinetrace, polylinetrace, polylinetrace, polylinetrace, polylinetrace, polylinetrace, via, via, polylinetrace, polylinetrace, polylinetrace, polylinetrace, polylinetrace, polylinetrace, polylinetrace, polylinetrace, pin #1 of component #308, pin of component #306, pin #37 of component #303, pin #5 of component #302, pin of component #302, pin #4 of component #276, pin of component #259, pin of component #250, pin of component #244, pin of component #232, pin of component #231, pin of component #230, pin #85 of component #223, pin #83 of component #223, pin #77 of component #223, pin of component #206, pin of component #198, pin #42 of component #184, pin #33 of component #184, pin #24 of component #184, pin #21 of component #184, pin #11 of component #184, pin #2 of component #184, pin #11 of component #183, pin #2 of component #183, pin #2 of component #178, pin #1 of component #171, pin #1 of component #167, pin #29 of component #162, pin #5 of component #162, pin of component #161, pin #3 of component #158, pin of component #147, pin of component #138, pin of component #137, pin of component #135, pin of component #133, pin of component #132, pin of component #122, pin of component #51, pin of component #49, pin of component #44, pin #5 of component #26, pin of component #19, pin of component #16, pin of component #14, pin of component #9, pin of component #3 and polylinetrace, pin of component #29, pin of component #28, because the new connection could not be inserted.
2026-08-15 21:09:33.131 DEBUG  [AAADA8\145C8B] Autorouter Failed to route connection between pin #14 of component #165 and polylinetrace, pin #1 of component #157, pin #13 of component #26, because no connection was found between their nets.
2026-08-15 21:09:41.730 DEBUG  InsertFoundConnectionAlgo: insert trace failed for net #9 at corner 47/47 on layer 3, trace width: 750, from corner: 8, ok_point: (2180642,-1186525), target: (1683233,-1281095)
2026-08-15 21:09:41.781 DEBUG  [AAADA8\145C8B] Autorouter Failed to route connection between pin #47 of component #223 and pin #8 of component #26, because the new connection could not be inserted.
2026-08-15 21:09:50.509 DEBUG  ShapeSearchTree45Degree.complete_shape: non-IntOctagon contained shape, using bounding octagon approximation
2026-08-15 21:09:50.830 DEBUG  InsertFoundConnectionAlgo: insert trace failed for net #6 at corner 4/5 on layer 3, trace width: 2500, from corner: 3, ok_point: (2165441,-1185502), target: (2092872,-1185502)
2026-08-15 21:09:50.882 DEBUG  [AAADA8\145C8B] Autorouter Failed to route connection between polylinetrace, polylinetrace, polylinetrace, polylinetrace, polylinetrace, polylinetrace, polylinetrace, polylinetrace, polylinetrace, via, polylinetrace, polylinetrace, polylinetrace, polylinetrace, polylinetrace, polylinetrace, polylinetrace, polylinetrace, polylinetrace, polylinetrace, via, via, polylinetrace, polylinetrace, polylinetrace, polylinetrace, polylinetrace, polylinetrace, polylinetrace, polylinetrace, pin #1 of component #308, pin of component #306, pin #37 of component #303, pin #5 of component #302, pin of component #302, pin #4 of component #276, pin of component #259, pin of component #250, pin of component #244, pin of component #232, pin of component #231, pin of component #230, pin #85 of component #223, pin #83 of component #223, pin #77 of component #223, pin of component #206, pin of component #198, pin #42 of component #184, pin #33 of component #184, pin #21 of component #184, pin #11 of component #184, pin #2 of component #184, pin #11 of component #183, pin #2 of component #183, pin #2 of component #178, pin #1 of component #171, pin #1 of component #167, pin #29 of component #162, pin #5 of component #162, pin of component #161, pin #3 of component #158, pin of component #147, pin of component #138, pin of component #137, pin of component #135, pin of component #133, pin of component #132, pin of component #122, pin of component #51, pin of component #49, pin of component #44, pin of component #29, pin of component #28, pin of component #19, pin of component #16, pin of component #14, pin of component #9, pin of component #3 and polylinetrace, polylinetrace, polylinetrace, pin #24 of component #184, pin #5 of component #26, because the new connection could not be inserted.
2026-08-15 21:09:53.747 DEBUG  InsertFoundConnectionAlgo: insert trace failed for net #5 at corner 18/18 on layer 0, trace width: 850, from corner: 4, ok_point: (2203349,-1158854), target: (2160000,-1160000)
2026-08-15 21:09:53.795 DEBUG  [AAADA8\145C8B] Autorouter Failed to route connection between pin #28 of component #184 and pin #3 of component #26, because the new connection could not be inserted.
2026-08-15 21:10:05.742 DEBUG  InsertFoundConnectionAlgo: insert trace failed for net #225 at corner 21/60 on layer 3, trace width: 750, from corner: 20, ok_point: (2048915,-1211091), target: (2049092,-1211091)
2026-08-15 21:10:05.795 DEBUG  [AAADA8\145C8B] Autorouter Failed to route connection between pin #25 of component #184 and pin of component #23, because the new connection could not be inserted.
2026-08-15 21:10:08.926 DEBUG  InsertFoundConnectionAlgo: insert trace failed for net #221 at corner 9/13 on layer 3, trace width: 750, from corner: 8, ok_point: (2049400,-1221964), target: (2067493,-1203871)
2026-08-15 21:10:08.977 DEBUG  [AAADA8\145C8B] Autorouter Failed to route connection between pin #13 of component #184 and pin of component #22, because the new connection could not be inserted.
2026-08-15 21:10:18.226 DEBUG  InsertFoundConnectionAlgo: insert trace failed for net #212 at corner 46/46 on layer 3, trace width: 750, from corner: 38, ok_point: (1664935,-1264748), target: (1687521,-1247761)
2026-08-15 21:10:18.279 DEBUG  [AAADA8\145C8B] Autorouter Failed to route connection between pin #45 of component #223 and polylinetrace, polylinetrace, polylinetrace, via, via, pin #5 of component #183, pin #1 of component #19, because the new connection could not be inserted.
2026-08-15 21:10:21.052 DEBUG  ShapeSearchTree45Degree.complete_shape: non-IntOctagon contained shape, using bounding octagon approximation
2026-08-15 21:10:33.906 DEBUG  InsertFoundConnectionAlgo: insert trace failed for net #200 at corner 71/71 on layer 3, trace width: 750, from corner: 39, ok_point: (1693043,-1311750), target: (2130021,-1204835)
2026-08-15 21:10:33.957 DEBUG  [AAADA8\145C8B] Autorouter Failed to route connection between polylinetrace, polylinetrace, polylinetrace, polylinetrace, via, via, pin #18 of component #184, pin #2 of component #181 and pin #1 of component #16, because the new connection could not be inserted.
2026-08-15 21:10:36.738 DEBUG  ShapeSearchTree45Degree.complete_shape: non-IntOctagon contained shape, using bounding octagon approximation
2026-08-15 21:10:36.751 DEBUG  InsertFoundConnectionAlgo: insert trace failed for net #6 at corner 14/14 on layer 0, trace width: 2500, from corner: 7, ok_point: (1697350,-1166888), target: (1704800,-1180000)
2026-08-15 21:10:36.804 DEBUG  [AAADA8\145C8B] Autorouter Failed to route connection between polylinetrace, polylinetrace, polylinetrace, polylinetrace, via, polylinetrace, polylinetrace, polylinetrace, polylinetrace, polylinetrace, polylinetrace, polylinetrace, polylinetrace, polylinetrace, via, polylinetrace, polylinetrace, polylinetrace, polylinetrace, polylinetrace, polylinetrace, polylinetrace, polylinetrace, polylinetrace, polylinetrace, polylinetrace, polylinetrace, via, via, polylinetrace, polylinetrace, polylinetrace, polylinetrace, polylinetrace, polylinetrace, polylinetrace, polylinetrace, pin #1 of component #308, pin of component #306, pin #37 of component #303, pin #5 of component #302, pin of component #302, pin #4 of component #276, pin of component #259, pin of component #250, pin of component #244, pin of component #232, pin of component #231, pin of component #230, pin #85 of component #223, pin #83 of component #223, pin #77 of component #223, pin of component #206, pin of component #198, pin #42 of component #184, pin #33 of component #184, pin #24 of component #184, pin #21 of component #184, pin #11 of component #184, pin #2 of component #184, pin #11 of component #183, pin #2 of component #183, pin #2 of component #178, pin #1 of component #171, pin #1 of component #167, pin #29 of component #162, pin #5 of component #162, pin of component #161, pin #3 of component #158, pin of component #147, pin of component #138, pin of component #137, pin of component #135, pin of component #133, pin of component #132, pin of component #122, pin of component #51, pin of component #49, pin of component #44, pin of component #29, pin of component #28, pin #5 of component #26, pin of component #19, pin of component #14, pin of component #9, pin of component #3 and pin of component #16, because the new connection could not be inserted.
2026-08-15 21:10:42.584 DEBUG  ShapeSearchTree45Degree.complete_shape: non-IntOctagon contained shape, using bounding octagon approximation
2026-08-15 21:10:42.590 DEBUG  InsertFoundConnectionAlgo: insert trace failed for net #6 at corner 9/9 on layer 0, trace width: 2500, from corner: 8, ok_point: (2011632,-1158368), target: (2025000,-1145000)
2026-08-15 21:10:42.642 DEBUG  [AAADA8\145C8B] Autorouter Failed to route connection between polylinetrace, polylinetrace, polylinetrace, via, polylinetrace, polylinetrace, polylinetrace, polylinetrace, polylinetrace, polylinetrace, polylinetrace, polylinetrace, polylinetrace, via, polylinetrace, polylinetrace, polylinetrace, polylinetrace, polylinetrace, polylinetrace, polylinetrace, polylinetrace, polylinetrace, polylinetrace, polylinetrace, via, via, polylinetrace, polylinetrace, polylinetrace, polylinetrace, polylinetrace, polylinetrace, polylinetrace, polylinetrace, pin #1 of component #308, pin of component #306, pin #37 of component #303, pin #5 of component #302, pin of component #302, pin #4 of component #276, pin of component #259, pin of component #250, pin of component #244, pin of component #232, pin of component #231, pin of component #230, pin #85 of component #223, pin #83 of component #223, pin #77 of component #223, pin of component #206, pin of component #198, pin #42 of component #184, pin #33 of component #184, pin #24 of component #184, pin #21 of component #184, pin #11 of component #184, pin #2 of component #184, pin #11 of component #183, pin #2 of component #183, pin #1 of component #171, pin #1 of component #167, pin #29 of component #162, pin #5 of component #162, pin of component #161, pin #3 of component #158, pin of component #147, pin of component #138, pin of component #137, pin of component #135, pin of component #133, pin of component #132, pin of component #122, pin of component #51, pin of component #49, pin of component #44, pin of component #29, pin of component #28, pin #5 of component #26, pin of component #16, pin of component #9, pin of component #3 and polylinetrace, polylinetrace, pin #2 of component #178, pin of component #19, pin of component #14, because the new connection could not be inserted.
2026-08-15 21:10:51.158 DEBUG  InsertFoundConnectionAlgo: insert trace failed for net #48 at corner 2/2 on layer 0, trace width: 750, from corner: 1, ok_point: (1239201,-1029301), target: (1239500,-1029600)
2026-08-15 21:10:51.208 DEBUG  [AAADA8\145C8B] Autorouter Failed to route connection between pin #7 of component #291, pin #41 of component #81 and pin of component #12, because the new connection could not be inserted.
2026-08-15 21:11:05.751 DEBUG  ShapeSearchTree45Degree.complete_shape: non-IntOctagon contained shape, using bounding octagon approximation
2026-08-15 21:11:23.787 DEBUG  InsertFoundConnectionAlgo: insert trace failed for net #106 at corner 8/12 on layer 3, trace width: 750, from corner: 7, ok_point: (2049400,-1221964), target: (2067493,-1203871)
2026-08-15 21:11:23.839 DEBUG  [AAADA8\145C8B] Autorouter Failed to route connection between pin #14 of component #184 and pin of component #5, because the new connection could not be inserted.
2026-08-15 21:11:32.986 DEBUG  InsertFoundConnectionAlgo: insert trace failed for net #89 at corner 20/20 on layer 3, trace width: 750, from corner: 11, ok_point: (2047655,-1209714), target: (2072412,-1201582)
2026-08-15 21:11:33.040 DEBUG  [AAADA8\145C8B] Autorouter Failed to route connection between pin #12 of component #184 and pin #1 of component #3, because the new connection could not be inserted.
2026-08-15 21:11:33.043 DEBUG  [AAADA8\145C8B] Pass #1: Failed to route Pin on net 'SPI_MISO' (3 items remaining, 1 failures). State: FAILED
2026-08-15 21:11:35.831 DEBUG  ShapeSearchTree45Degree.complete_shape: non-IntOctagon contained shape, using bounding octagon approximation
2026-08-15 21:11:39.359 DEBUG  InsertFoundConnectionAlgo: insert trace failed for net #2 at corner 4/4 on layer 0, trace width: 750, from corner: 1, ok_point: (2137151,-1058115), target: (2138500,-1045000)
2026-08-15 21:11:39.412 DEBUG  [AAADA8\145C8B] Autorouter Failed to route connection between pin #8 of component #291, pin #41 of component #182 and pin of component #1, because the new connection could not be inserted.
2026-08-15 21:11:39.412 DEBUG  [AAADA8\145C8B] Pass #1: Failed to route Pin on net 'R_LCD_RESET' (1 items remaining, 1 failures). State: FAILED
2026-08-15 21:11:47.818 INFO   [AAADA8\145C8B] Auto-routing pass #1 on board 'aee6a0691c539fbb2a0a88b34d2aa71b' was completed in 3024.40 seconds with the score of 357.48 (346 unrouted and 265 violations), using 2998.78 CPU seconds and the job allocated 5673.29 GB of memory so far.
2026-08-15 21:11:50.515 DEBUG  === Performance Profile ===
2026-08-15 21:11:50.515 DEBUG  === Routing Parameters ===
2026-08-15 21:11:50.518 DEBUG    Via Costs: 50, Plane Via Costs: 5
2026-08-15 21:11:50.518 DEBUG    Layer Costs (Preferred / Against):
2026-08-15 21:11:50.519 DEBUG      Layer 1: 2,2 / 5,1
2026-08-15 21:11:50.519 DEBUG      Layer 2: 1,0 / 1,3
2026-08-15 21:11:50.519 DEBUG      Layer 3: 1,0 / 3,9
2026-08-15 21:11:50.519 DEBUG      Layer 4: 1,0 / 1,3
2026-08-15 21:11:50.519 DEBUG      Layer 5: 1,0 / 3,9
2026-08-15 21:11:50.519 DEBUG      Layer 6: 2,2 / 2,5
2026-08-15 21:11:50.519 DEBUG  
2026-08-15 21:11:50.520 DEBUG    autoroute_item                          :   583284 ms total,      873 calls,    668 ms avg
2026-08-15 21:11:50.520 DEBUG  
2026-08-15 21:11:50.520 DEBUG  === Pass History ===
2026-08-15 21:11:50.520 DEBUG    Pass 1  :  346 unrouted items,  3021,76 s,   100 ripup cost
2026-08-15 21:11:50.520 DEBUG  ===========================
2026-08-15 21:11:53.165 INFO   [AAADA8\145C8B] Auto-routing stage completed: started with 606 unrouted nets, completed in 3032.84 seconds, final score: 357.48 (346 unrouted and 265 violations), using 3003.73 total CPU seconds, 5681.75 GB total allocated, and 1878.8 MB peak heap usage.
2026-08-15 21:11:53.166 INFO   [AAADA8\145C8B] Job 'AAADA8\145C8B' finished with state: COMPLETED (elapsed: 50 minutes 35.55 seconds, finished at UTC: 2026-08-15T19:11:53.165792Z).
