2026-08-15 22:29:03.621 INFO   Freerouting v2.3.0 (build-date: 2026-08-07)
2026-08-15 22:29:03.625 DEBUG  [startup] user-data path : C:\Users\jfran\Documents\GitHub\H.265-SVRT\design\electrical\pcb-hmd-carrier-board\output\production-audit\freerouting-run-power-stage2-v2  (source: CLI argument --user_data_path)
2026-08-15 22:29:03.625 DEBUG  [startup] log file       : C:\Users\jfran\Documents\GitHub\H.265-SVRT\design\electrical\pcb-hmd-carrier-board\output\production-audit\freerouting-run-power-stage2-v2\freerouting.log
2026-08-15 22:29:03.627 DEBUG  No freerouting.json found at 'C:\Users\jfran\Documents\GitHub\H.265-SVRT\design\electrical\pcb-hmd-carrier-board\output\production-audit\freerouting-run-power-stage2-v2\freerouting.json' — will create one with default settings.
2026-08-15 22:29:03.679 DEBUG  Default settings saved to 'C:\Users\jfran\Documents\GitHub\H.265-SVRT\design\electrical\pcb-hmd-carrier-board\output\production-audit\freerouting-run-power-stage2-v2\freerouting.json'.
2026-08-15 22:29:03.680 DEBUG  Version: 2.3.0,2026-08-07
2026-08-15 22:29:03.680 DEBUG  Command line arguments: '-de C:\Users\jfran\Documents\GitHub\H.265-SVRT\design\electrical\pcb-hmd-carrier-board\output\production-audit\pcb-hmd-carrier-board2-power-stage2-v2.dsn -do C:\Users\jfran\Documents\GitHub\H.265-SVRT\design\electrical\pcb-hmd-carrier-board\output\production-audit\pcb-hmd-carrier-board2-power-stage2-v2.ses -mp 2 -mt 0 --router.fanout.enabled=true --router.optimizer.enabled=false --router.layers.routable=true,false,true,true,false,true --router.layers.preferred_direction_horizontal=true,false,false,true,false,true --api_server.enabled=false --gui.enabled=false --logging.console.level=INFO --user_data_path=C:\Users\jfran\Documents\GitHub\H.265-SVRT\design\electrical\pcb-hmd-carrier-board\output\production-audit\freerouting-run-power-stage2-v2 -l en'
2026-08-15 22:29:03.680 DEBUG  Architecture: Windows 11,amd64,10.0
2026-08-15 22:29:03.681 DEBUG  Java: 25.0.4,Eclipse Adoptium
2026-08-15 22:29:03.681 DEBUG  System Language: fr,fr_FR
2026-08-15 22:29:03.681 DEBUG  Hardware: 12 CPU cores,4044 MB RAM
2026-08-15 22:29:03.681 DEBUG  UTC Time: 2026-08-15T20:29:03.680223900Z
2026-08-15 22:29:03.684 DEBUG  GUI Language: en
2026-08-15 22:29:03.684 DEBUG  Host: N/A
2026-08-15 22:29:04.743 DEBUG  Loaded router settings from: C:\Users\jfran\Documents\GitHub\H.265-SVRT\design\electrical\pcb-hmd-carrier-board\output\production-audit\freerouting-run-power-stage2-v2\freerouting.json
2026-08-15 22:29:04.744 DEBUG  Applied CLI router setting: router.max_passes = 2
2026-08-15 22:29:04.744 DEBUG  Applied CLI router setting: router.max_threads = 0
2026-08-15 22:29:04.744 DEBUG  Applied CLI router setting: router.fanout.enabled = true
2026-08-15 22:29:04.744 DEBUG  Applied CLI router setting: router.optimizer.enabled = false
2026-08-15 22:29:04.744 DEBUG  Applied CLI router setting: router.layers.routable = true,false,true,true,false,true
2026-08-15 22:29:04.744 DEBUG  Applied CLI router setting: router.layers.preferred_direction_horizontal = true,false,false,true,false,true
2026-08-15 22:29:04.745 DEBUG  Applied CLI router setting: router.enabled = true (implicit from -de/-do batch mode)
2026-08-15 22:29:04.745 DEBUG  No router settings found in environment variables
2026-08-15 22:29:04.831 DEBUG  Set DEFAULT clearance (all layers): 1500 (0.0375 mm) from DSN value 150.0
2026-08-15 22:29:04.837 DEBUG  Set clearance (all layers): smd_smd = 375 (0.009375 mm), classes [2,2]
2026-08-15 22:29:04.839 DEBUG  Set default trace width (all layers): DSN=150.0 → board=1500 (0.0375 mm)
2026-08-15 22:29:04.954 DEBUG  Loaded router settings from DSN file: pcb-hmd-carrier-board2-power-stage2-v2.dsn (6 layers)
2026-08-15 22:29:04.969 DEBUG  Set DEFAULT clearance (all layers): 1500 (0.0375 mm) from DSN value 150.0
2026-08-15 22:29:04.972 DEBUG  Set clearance (all layers): smd_smd = 375 (0.009375 mm), classes [2,2]
2026-08-15 22:29:04.972 DEBUG  Set default trace width (all layers): DSN=150.0 → board=1500 (0.0375 mm)
2026-08-15 22:29:05.017 DEBUG  Loaded router settings from DSN file: pcb-hmd-carrier-board2-power-stage2-v2.dsn (6 layers)
2026-08-15 22:29:05.019 DEBUG  Merging settings from 5 sources:
2026-08-15 22:29:05.019 DEBUG    - Default Settings (priority 0): base settings
2026-08-15 22:29:05.021 DEBUG    - freerouting.json (priority 10): 0 fields changed
2026-08-15 22:29:05.021 DEBUG    - DSN file: pcb-hmd-carrier-board2-power-stage2-v2.dsn (priority 20): 8 fields changed
2026-08-15 22:29:05.022 DEBUG    - Environment Variables (priority 55): 0 fields changed
2026-08-15 22:29:05.022 DEBUG    - CLI Arguments (priority 60): 9 fields changed
2026-08-15 22:29:05.022 DEBUG  Settings merged successfully from 5 source(s)
2026-08-15 22:29:05.069 DEBUG  No new version available. Current version is up to date: v2.3.0
2026-08-15 22:29:05.212 INFO   [DC97D2\DB1F4C] Loading board file 'pcb-hmd-carrier-board2-power-stage2-v2.dsn'...
2026-08-15 22:29:05.223 DEBUG  Set DEFAULT clearance (all layers): 1500 (0.0375 mm) from DSN value 150.0
2026-08-15 22:29:05.224 DEBUG  Set clearance (all layers): smd_smd = 375 (0.009375 mm), classes [2,2]
2026-08-15 22:29:05.224 DEBUG  Set default trace width (all layers): DSN=150.0 → board=1500 (0.0375 mm)
2026-08-15 22:29:05.441 DEBUG  Wiring: degenerate wire trace skipped (all 1 corners are identical — zero-length trace) on layer 'B.Cu'. This is likely a DSN export issue in your EDA tool.
2026-08-15 22:29:05.445 DEBUG  Wiring: degenerate wire trace skipped (all 1 corners are identical — zero-length trace) on layer 'PWR_SIG2'. This is likely a DSN export issue in your EDA tool.
2026-08-15 22:29:05.456 DEBUG  Wiring: degenerate wire trace skipped (all 1 corners are identical — zero-length trace) on layer 'PWR_SIG2'. This is likely a DSN export issue in your EDA tool.
2026-08-15 22:29:05.574 WARN   DSN file 'pcb-hmd-carrier-board2-power-stage2-v2.dsn' was loaded with 3 warning(s).
2026-08-15 22:29:05.576 DEBUG  applyBoardSpecificOptimizations changed parameters:
  Layer 0: bendCost: null -> 0.0; preferredDirectionTraceCost: 1.0 -> 2.2; undesiredDirectionTraceCost: 1.0 -> 5.1000000000000005;
  Layer 1: bendCost: null -> 0.0; undesiredDirectionTraceCost: 1.0 -> 1.3;
  Layer 2: bendCost: null -> 0.0; undesiredDirectionTraceCost: 1.0 -> 3.9000000000000004;
  Layer 3: bendCost: null -> 0.0; undesiredDirectionTraceCost: 1.0 -> 1.3;
  Layer 4: bendCost: null -> 0.0; undesiredDirectionTraceCost: 1.0 -> 3.9000000000000004;
  Layer 5: bendCost: null -> 0.0; preferredDirectionTraceCost: 1.0 -> 2.2; undesiredDirectionTraceCost: 1.0 -> 2.5;
2026-08-15 22:29:05.598 DEBUG  Applied copper-to-edge clearance override: 500.0 um (5000 board units).
2026-08-15 22:29:05.612 DEBUG  Set DEFAULT clearance (all layers): 1500 (0.0375 mm) from DSN value 150.0
2026-08-15 22:29:05.612 DEBUG  Set clearance (all layers): smd_smd = 375 (0.009375 mm), classes [2,2]
2026-08-15 22:29:05.612 DEBUG  Set default trace width (all layers): DSN=150.0 → board=1500 (0.0375 mm)
2026-08-15 22:29:05.645 DEBUG  Loaded router settings from DSN file: pcb-hmd-carrier-board2-power-stage2-v2.dsn (6 layers)
2026-08-15 22:29:05.645 DEBUG  Merging settings from 6 sources:
2026-08-15 22:29:05.645 DEBUG    - Default Settings (priority 0): base settings
2026-08-15 22:29:05.646 DEBUG    - freerouting.json (priority 10): 0 fields changed
2026-08-15 22:29:05.646 DEBUG    - DSN file: pcb-hmd-carrier-board2-power-stage2-v2.dsn (priority 20): 8 fields changed
2026-08-15 22:29:05.646 DEBUG    - Environment Variables (priority 55): 0 fields changed
2026-08-15 22:29:05.646 DEBUG    - CLI Arguments (priority 60): 9 fields changed
2026-08-15 22:29:05.647 DEBUG    - API Settings (priority 70): 28 fields changed
2026-08-15 22:29:05.647 DEBUG  Settings merged successfully from 6 source(s)
2026-08-15 22:29:05.647 DEBUG  applyBoardSpecificOptimizations changed parameters:
  Layer 0: preferredDirectionTraceCost: 1.0 -> 2.2; undesiredDirectionTraceCost: 1.0 -> 5.1000000000000005;
  Layer 1: undesiredDirectionTraceCost: 1.0 -> 1.3;
  Layer 2: undesiredDirectionTraceCost: 1.0 -> 3.9000000000000004;
  Layer 3: undesiredDirectionTraceCost: 1.0 -> 1.3;
  Layer 4: undesiredDirectionTraceCost: 1.0 -> 3.9000000000000004;
  Layer 5: preferredDirectionTraceCost: 1.0 -> 2.2; undesiredDirectionTraceCost: 1.0 -> 2.5;
2026-08-15 22:29:05.652 INFO   [DC97D2\DB1F4C] Job 'DC97D2\DB1F4C' started at 2026-08-15T20:29:05.651597600Z.
2026-08-15 22:29:05.926 DEBUG  [DC97D2\DB1F4C] Checking fanout pre-pass. settings.fanout.enabled=true, smd_pins=1581
2026-08-15 22:29:06.032 INFO   [DC97D2\DB1F4C] Fanout stage started on board 'f0f1e8448807bff469a9a9b6071b9d9b' with 230 of 1581 SMD pins needing fanout (259 already connected, 1092 netless).
2026-08-15 22:29:06.812 DEBUG  InsertFoundConnectionAlgo: insert trace failed for net #21 at corner 4/4 on layer 0, trace width: 2500, from corner: 3, ok_point: (1215000,-1111271), target: (1215000,-1045000)
2026-08-15 22:29:06.874 DEBUG  InsertFoundConnectionAlgo: insert trace failed for net #21 at corner 6/6 on layer 0, trace width: 2500, from corner: 5, ok_point: (1222000,-1109624), target: (1222000,-1045000)
2026-08-15 22:29:07.056 DEBUG  InsertFoundConnectionAlgo: insert trace failed for net #5 at corner 3/3 on layer 5, trace width: 2500, from corner: 0, ok_point: (1599000,-1272200), target: (1595000,-1272200)
2026-08-15 22:29:07.062 DEBUG  InsertFoundConnectionAlgo: insert trace failed for net #5 at corner 3/3 on layer 5, trace width: 2500, from corner: 0, ok_point: (1595000,-1272200), target: (1599000,-1272200)
2026-08-15 22:29:07.068 DEBUG  InsertFoundConnectionAlgo: insert trace failed for net #188 at corner 2/2 on layer 5, trace width: 5000, from corner: 1, ok_point: (1595002,-1303000), target: (1591000,-1303000)
2026-08-15 22:29:07.164 DEBUG  InsertFoundConnectionAlgo: insert trace failed for net #188 at corner 3/3 on layer 5, trace width: 5000, from corner: 0, ok_point: (1611000,-1303000), target: (1607000,-1303000)
2026-08-15 22:29:07.173 DEBUG  InsertFoundConnectionAlgo: insert trace failed for net #188 at corner 2/2 on layer 5, trace width: 5000, from corner: 1, ok_point: (1606998,-1303000), target: (1611000,-1303000)
2026-08-15 22:29:07.245 DEBUG  InsertFoundConnectionAlgo: insert trace failed for net #5 at corner 7/7 on layer 0, trace width: 2500, from corner: 4, ok_point: (2181940,-1140849), target: (2160000,-1135000)
2026-08-15 22:29:07.547 DEBUG  InsertFoundConnectionAlgo: insert trace failed for net #5 at corner 4/4 on layer 0, trace width: 2500, from corner: 1, ok_point: (2065121,-1137853), target: (2091000,-1135000)
2026-08-15 22:29:07.885 DEBUG  InsertFoundConnectionAlgo: insert trace failed for net #5 at corner 16/16 on layer 0, trace width: 2500, from corner: 13, ok_point: (1138932,-1223443), target: (1151250,-1225000)
2026-08-15 22:29:07.984 DEBUG  InsertFoundConnectionAlgo: insert trace failed for net #105 at corner 3/3 on layer 5, trace width: 5000, from corner: 2, ok_point: (1979000,-954004), target: (1979000,-950000)
2026-08-15 22:29:07.989 DEBUG  InsertFoundConnectionAlgo: insert trace failed for net #105 at corner 3/3 on layer 5, trace width: 5000, from corner: 0, ok_point: (1979000,-950000), target: (1979000,-954000)
2026-08-15 22:29:08.004 DEBUG  InsertFoundConnectionAlgo: insert trace failed for net #5 at corner 1/1 on layer 5, trace width: 2500, from corner: 0, ok_point: (2107250,-970000), target: (2035000,-970000)
2026-08-15 22:29:08.009 DEBUG  InsertFoundConnectionAlgo: insert trace failed for net #188 at corner 1/1 on layer 5, trace width: 5000, from corner: 0, ok_point: (2019000,-970000), target: (2023000,-970000)
2026-08-15 22:29:08.013 DEBUG  InsertFoundConnectionAlgo: insert trace failed for net #188 at corner 1/1 on layer 5, trace width: 5000, from corner: 0, ok_point: (2023000,-970000), target: (2019000,-970000)
2026-08-15 22:29:08.017 DEBUG  InsertFoundConnectionAlgo: insert trace failed for net #105 at corner 1/1 on layer 5, trace width: 5000, from corner: 0, ok_point: (2015000,-970000), target: (2011000,-970000)
2026-08-15 22:29:08.021 DEBUG  InsertFoundConnectionAlgo: insert trace failed for net #105 at corner 1/1 on layer 5, trace width: 5000, from corner: 0, ok_point: (2011000,-970000), target: (2015000,-970000)
2026-08-15 22:29:08.098 DEBUG  InsertFoundConnectionAlgo: insert trace failed for net #188 at corner 12/12 on layer 5, trace width: 5000, from corner: 9, ok_point: (2205600,-1267165), target: (2186000,-1275000)
2026-08-15 22:29:08.266 DEBUG  InsertFoundConnectionAlgo: insert trace failed for net #21 at corner 7/7 on layer 0, trace width: 2500, from corner: 0, ok_point: (2156000,-1029600), target: (2163000,-1029600)
2026-08-15 22:29:08.350 DEBUG  InsertFoundConnectionAlgo: insert trace failed for net #21 at corner 7/7 on layer 0, trace width: 2500, from corner: 0, ok_point: (2163000,-1029600), target: (2156000,-1029600)
2026-08-15 22:29:08.516 DEBUG  InsertFoundConnectionAlgo: insert trace failed for net #260 at corner 1/1 on layer 5, trace width: 5000, from corner: 0, ok_point: (2199625,-1224250), target: (2199625,-1220250)
2026-08-15 22:29:08.518 DEBUG  InsertFoundConnectionAlgo: insert trace failed for net #260 at corner 1/1 on layer 5, trace width: 5000, from corner: 0, ok_point: (2199625,-1224250), target: (2199625,-1220250)
2026-08-15 22:29:08.523 DEBUG  InsertFoundConnectionAlgo: insert trace failed for net #260 at corner 1/1 on layer 5, trace width: 5000, from corner: 0, ok_point: (2199625,-1220250), target: (2199625,-1224250)
2026-08-15 22:29:08.524 DEBUG  InsertFoundConnectionAlgo: insert trace failed for net #260 at corner 1/1 on layer 5, trace width: 5000, from corner: 0, ok_point: (2199625,-1220250), target: (2199625,-1224250)
2026-08-15 22:29:08.840 DEBUG  InsertFoundConnectionAlgo: insert trace failed for net #105 at corner 4/4 on layer 0, trace width: 5000, from corner: 0, ok_point: (1195000,-1128500), target: (1195000,-1135000)
2026-08-15 22:29:08.843 DEBUG  InsertFoundConnectionAlgo: insert trace failed for net #105 at corner 4/4 on layer 0, trace width: 5000, from corner: 0, ok_point: (1195000,-1128500), target: (1195000,-1122000)
2026-08-15 22:29:08.846 DEBUG  InsertFoundConnectionAlgo: insert trace failed for net #105 at corner 4/4 on layer 0, trace width: 5000, from corner: 0, ok_point: (1195000,-1135000), target: (1195000,-1128500)
2026-08-15 22:29:08.996 DEBUG  InsertFoundConnectionAlgo: insert trace failed for net #188 at corner 1/1 on layer 5, trace width: 5000, from corner: 0, ok_point: (2055375,-1175375), target: (2055375,-1170375)
2026-08-15 22:29:08.999 DEBUG  InsertFoundConnectionAlgo: insert trace failed for net #188 at corner 5/5 on layer 5, trace width: 5000, from corner: 0, ok_point: (2055375,-1170375), target: (2055375,-1175375)
2026-08-15 22:29:09.017 DEBUG  InsertFoundConnectionAlgo: insert trace failed for net #5 at corner 3/3 on layer 5, trace width: 2500, from corner: 0, ok_point: (2055997,-970000), target: (2040000,-1046500)
2026-08-15 22:29:09.379 DEBUG  InsertFoundConnectionAlgo: insert trace failed for net #188 at corner 4/4 on layer 0, trace width: 5000, from corner: 3, ok_point: (2221472,-1205528), target: (2215000,-1212000)
2026-08-15 22:29:09.393 DEBUG  InsertFoundConnectionAlgo: insert trace failed for net #5 at corner 12/12 on layer 0, trace width: 2500, from corner: 0, ok_point: (2025000,-1128500), target: (2025000,-1145000)
2026-08-15 22:29:09.403 DEBUG  InsertFoundConnectionAlgo: insert trace failed for net #5 at corner 9/9 on layer 0, trace width: 2500, from corner: 0, ok_point: (2025000,-1145000), target: (2025000,-1128500)
2026-08-15 22:29:10.430 DEBUG  InsertFoundConnectionAlgo: insert trace failed for net #5 at corner 11/11 on layer 0, trace width: 2500, from corner: 3, ok_point: (2105945,-1331907), target: (2091250,-1324400)
2026-08-15 22:29:11.025 DEBUG  InsertFoundConnectionAlgo: insert trace failed for net #5 at corner 3/3 on layer 5, trace width: 2500, from corner: 0, ok_point: (2035000,-970000), target: (2050019,-970000)
2026-08-15 22:29:11.165 DEBUG  InsertFoundConnectionAlgo: insert trace failed for net #105 at corner 5/5 on layer 5, trace width: 5000, from corner: 0, ok_point: (2011000,-970000), target: (2025000,-995000)
2026-08-15 22:29:12.447 INFO   [DC97D2\DB1F4C] Fanout pass #1 on board 'afb32bcab8b37028bcc45e9ba74a502a' completed in 6.13 seconds with 102 SMD pins fanouted, 124 not routed, 0 insert errors, +37 extra vias (0 SMD pins still to check in pass, ripup costs=100).
2026-08-15 22:29:12.911 DEBUG  InsertFoundConnectionAlgo: insert trace failed for net #21 at corner 1/1 on layer 0, trace width: 2500, from corner: 0, ok_point: (1215000,-1056494), target: (1215000,-1045000)
2026-08-15 22:29:12.925 DEBUG  InsertFoundConnectionAlgo: insert trace failed for net #21 at corner 1/1 on layer 0, trace width: 2500, from corner: 0, ok_point: (1222000,-1060029), target: (1222000,-1045000)
2026-08-15 22:29:12.971 DEBUG  InsertFoundConnectionAlgo: insert trace failed for net #5 at corner 3/3 on layer 5, trace width: 2500, from corner: 0, ok_point: (1599000,-1272200), target: (1595000,-1272200)
2026-08-15 22:29:12.975 DEBUG  InsertFoundConnectionAlgo: insert trace failed for net #5 at corner 3/3 on layer 5, trace width: 2500, from corner: 0, ok_point: (1595000,-1272200), target: (1599000,-1272200)
2026-08-15 22:29:12.979 DEBUG  InsertFoundConnectionAlgo: insert trace failed for net #188 at corner 2/2 on layer 5, trace width: 5000, from corner: 1, ok_point: (1595002,-1303000), target: (1591000,-1303000)
2026-08-15 22:29:12.993 DEBUG  InsertFoundConnectionAlgo: insert trace failed for net #5 at corner 4/4 on layer 5, trace width: 2500, from corner: 3, ok_point: (1611000,-1286617), target: (1611000,-1272200)
2026-08-15 22:29:12.999 DEBUG  InsertFoundConnectionAlgo: insert trace failed for net #188 at corner 3/3 on layer 5, trace width: 5000, from corner: 0, ok_point: (1611000,-1303000), target: (1607000,-1303000)
2026-08-15 22:29:13.003 DEBUG  InsertFoundConnectionAlgo: insert trace failed for net #188 at corner 3/3 on layer 5, trace width: 5000, from corner: 0, ok_point: (1611000,-1303000), target: (1607000,-1303000)
2026-08-15 22:29:13.009 DEBUG  InsertFoundConnectionAlgo: insert trace failed for net #188 at corner 3/3 on layer 5, trace width: 5000, from corner: 0, ok_point: (1611000,-1303000), target: (1607000,-1303000)
2026-08-15 22:29:13.016 DEBUG  InsertFoundConnectionAlgo: insert trace failed for net #188 at corner 3/3 on layer 5, trace width: 5000, from corner: 0, ok_point: (1611000,-1303000), target: (1607000,-1303000)
2026-08-15 22:29:13.022 DEBUG  InsertFoundConnectionAlgo: insert trace failed for net #188 at corner 2/2 on layer 5, trace width: 5000, from corner: 1, ok_point: (1606998,-1303000), target: (1611000,-1303000)
2026-08-15 22:29:13.027 DEBUG  InsertFoundConnectionAlgo: insert trace failed for net #5 at corner 2/2 on layer 0, trace width: 2500, from corner: 0, ok_point: (2168521,-1137748), target: (2160000,-1135000)
2026-08-15 22:29:13.139 DEBUG  InsertFoundConnectionAlgo: insert trace failed for net #5 at corner 2/2 on layer 0, trace width: 2500, from corner: 0, ok_point: (2082479,-1137748), target: (2091000,-1135000)
2026-08-15 22:29:13.201 DEBUG  InsertFoundConnectionAlgo: insert trace failed for net #5 at corner 2/2 on layer 0, trace width: 2500, from corner: 0, ok_point: (1141052,-1224011), target: (1151250,-1225000)
2026-08-15 22:29:13.297 DEBUG  InsertFoundConnectionAlgo: insert trace failed for net #105 at corner 3/3 on layer 5, trace width: 5000, from corner: 0, ok_point: (1979000,-950000), target: (1979000,-954000)
2026-08-15 22:29:13.302 DEBUG  InsertFoundConnectionAlgo: insert trace failed for net #105 at corner 3/3 on layer 5, trace width: 5000, from corner: 2, ok_point: (1979000,-954004), target: (1979000,-950000)
2026-08-15 22:29:13.305 DEBUG  InsertFoundConnectionAlgo: insert trace failed for net #105 at corner 3/3 on layer 5, trace width: 5000, from corner: 0, ok_point: (1979000,-950000), target: (1979000,-954000)
2026-08-15 22:29:13.310 DEBUG  InsertFoundConnectionAlgo: insert trace failed for net #5 at corner 1/1 on layer 5, trace width: 2500, from corner: 0, ok_point: (2043270,-970000), target: (2035000,-970000)
2026-08-15 22:29:13.313 DEBUG  InsertFoundConnectionAlgo: insert trace failed for net #188 at corner 1/1 on layer 5, trace width: 5000, from corner: 0, ok_point: (2019000,-970000), target: (2023000,-970000)
2026-08-15 22:29:13.315 DEBUG  InsertFoundConnectionAlgo: insert trace failed for net #188 at corner 1/1 on layer 5, trace width: 5000, from corner: 0, ok_point: (2023000,-970000), target: (2019000,-970000)
2026-08-15 22:29:13.319 DEBUG  InsertFoundConnectionAlgo: insert trace failed for net #105 at corner 1/1 on layer 5, trace width: 5000, from corner: 0, ok_point: (2015000,-970000), target: (2011000,-970000)
2026-08-15 22:29:13.321 DEBUG  InsertFoundConnectionAlgo: insert trace failed for net #105 at corner 1/1 on layer 5, trace width: 5000, from corner: 0, ok_point: (2011000,-970000), target: (2015000,-970000)
2026-08-15 22:29:13.368 DEBUG  InsertFoundConnectionAlgo: insert trace failed for net #188 at corner 12/12 on layer 5, trace width: 5000, from corner: 9, ok_point: (2205600,-1267165), target: (2186000,-1275000)
2026-08-15 22:29:13.465 DEBUG  InsertFoundConnectionAlgo: insert trace failed for net #21 at corner 7/7 on layer 0, trace width: 2500, from corner: 0, ok_point: (2156000,-1029600), target: (2163000,-1029600)
2026-08-15 22:29:13.529 DEBUG  InsertFoundConnectionAlgo: insert trace failed for net #21 at corner 7/7 on layer 0, trace width: 2500, from corner: 0, ok_point: (2163000,-1029600), target: (2156000,-1029600)
2026-08-15 22:29:13.676 DEBUG  InsertFoundConnectionAlgo: insert trace failed for net #260 at corner 1/1 on layer 5, trace width: 5000, from corner: 0, ok_point: (2199625,-1224250), target: (2199625,-1220250)
2026-08-15 22:29:13.677 DEBUG  InsertFoundConnectionAlgo: insert trace failed for net #260 at corner 1/1 on layer 5, trace width: 5000, from corner: 0, ok_point: (2199625,-1224250), target: (2199625,-1220250)
2026-08-15 22:29:13.679 DEBUG  InsertFoundConnectionAlgo: insert trace failed for net #260 at corner 1/1 on layer 5, trace width: 5000, from corner: 0, ok_point: (2199625,-1220250), target: (2199625,-1224250)
2026-08-15 22:29:13.679 DEBUG  InsertFoundConnectionAlgo: insert trace failed for net #260 at corner 1/1 on layer 5, trace width: 5000, from corner: 0, ok_point: (2199625,-1220250), target: (2199625,-1224250)
2026-08-15 22:29:13.972 DEBUG  InsertFoundConnectionAlgo: insert trace failed for net #105 at corner 4/4 on layer 0, trace width: 5000, from corner: 0, ok_point: (1195000,-1128500), target: (1195000,-1135000)
2026-08-15 22:29:13.974 DEBUG  InsertFoundConnectionAlgo: insert trace failed for net #105 at corner 4/4 on layer 0, trace width: 5000, from corner: 0, ok_point: (1195000,-1128500), target: (1195000,-1122000)
2026-08-15 22:29:13.979 DEBUG  InsertFoundConnectionAlgo: insert trace failed for net #105 at corner 4/4 on layer 0, trace width: 5000, from corner: 0, ok_point: (1195000,-1135000), target: (1195000,-1128500)
2026-08-15 22:29:14.016 DEBUG  InsertFoundConnectionAlgo: insert trace failed for net #188 at corner 1/1 on layer 5, trace width: 5000, from corner: 0, ok_point: (2055375,-1175375), target: (2055375,-1170375)
2026-08-15 22:29:14.018 DEBUG  InsertFoundConnectionAlgo: insert trace failed for net #188 at corner 5/5 on layer 5, trace width: 5000, from corner: 0, ok_point: (2055375,-1170375), target: (2055375,-1175375)
2026-08-15 22:29:14.020 DEBUG  InsertFoundConnectionAlgo: insert trace failed for net #5 at corner 2/2 on layer 5, trace width: 2500, from corner: 0, ok_point: (2050019,-1043000), target: (2040000,-1046500)
2026-08-15 22:29:14.234 DEBUG  InsertFoundConnectionAlgo: insert trace failed for net #5 at corner 12/12 on layer 0, trace width: 2500, from corner: 0, ok_point: (2025000,-1128500), target: (2025000,-1145000)
2026-08-15 22:29:14.242 DEBUG  InsertFoundConnectionAlgo: insert trace failed for net #5 at corner 9/9 on layer 0, trace width: 2500, from corner: 0, ok_point: (2025000,-1145000), target: (2025000,-1128500)
2026-08-15 22:29:15.537 DEBUG  InsertFoundConnectionAlgo: insert trace failed for net #105 at corner 5/5 on layer 5, trace width: 5000, from corner: 0, ok_point: (2011000,-970000), target: (2025000,-995000)
2026-08-15 22:29:16.317 INFO   [DC97D2\DB1F4C] Fanout pass #2 on board '90513470806ed651658c63b63c366e57' completed in 3.72 seconds with 24 SMD pins fanouted, 143 not routed, 0 insert errors, +1 extra via (0 SMD pins still to check in pass, ripup costs=200).
2026-08-15 22:29:16.731 DEBUG  InsertFoundConnectionAlgo: insert trace failed for net #21 at corner 2/2 on layer 0, trace width: 2500, from corner: 1, ok_point: (1215000,-1060669), target: (1215000,-1045000)
2026-08-15 22:29:16.748 DEBUG  InsertFoundConnectionAlgo: insert trace failed for net #21 at corner 6/6 on layer 0, trace width: 2500, from corner: 5, ok_point: (1222000,-1109624), target: (1222000,-1045000)
2026-08-15 22:29:16.790 DEBUG  InsertFoundConnectionAlgo: insert trace failed for net #5 at corner 3/3 on layer 5, trace width: 2500, from corner: 0, ok_point: (1599000,-1272200), target: (1595000,-1272200)
2026-08-15 22:29:16.793 DEBUG  InsertFoundConnectionAlgo: insert trace failed for net #5 at corner 3/3 on layer 5, trace width: 2500, from corner: 0, ok_point: (1595000,-1272200), target: (1599000,-1272200)
2026-08-15 22:29:16.797 DEBUG  InsertFoundConnectionAlgo: insert trace failed for net #188 at corner 2/2 on layer 5, trace width: 5000, from corner: 1, ok_point: (1595002,-1303000), target: (1591000,-1303000)
2026-08-15 22:29:16.804 DEBUG  InsertFoundConnectionAlgo: insert trace failed for net #5 at corner 4/4 on layer 5, trace width: 2500, from corner: 3, ok_point: (1611000,-1286616), target: (1611000,-1272200)
2026-08-15 22:29:16.809 DEBUG  InsertFoundConnectionAlgo: insert trace failed for net #188 at corner 3/3 on layer 5, trace width: 5000, from corner: 0, ok_point: (1611000,-1303000), target: (1607000,-1303000)
2026-08-15 22:29:16.815 DEBUG  InsertFoundConnectionAlgo: insert trace failed for net #188 at corner 3/3 on layer 5, trace width: 5000, from corner: 0, ok_point: (1611000,-1303000), target: (1607000,-1303000)
2026-08-15 22:29:16.820 DEBUG  InsertFoundConnectionAlgo: insert trace failed for net #188 at corner 3/3 on layer 5, trace width: 5000, from corner: 0, ok_point: (1611000,-1303000), target: (1607000,-1303000)
2026-08-15 22:29:16.826 DEBUG  InsertFoundConnectionAlgo: insert trace failed for net #188 at corner 3/3 on layer 5, trace width: 5000, from corner: 0, ok_point: (1611000,-1303000), target: (1607000,-1303000)
2026-08-15 22:29:16.831 DEBUG  InsertFoundConnectionAlgo: insert trace failed for net #188 at corner 2/2 on layer 5, trace width: 5000, from corner: 1, ok_point: (1606998,-1303000), target: (1611000,-1303000)
2026-08-15 22:29:16.884 DEBUG  InsertFoundConnectionAlgo: insert trace failed for net #5 at corner 11/11 on layer 0, trace width: 2500, from corner: 8, ok_point: (2181940,-1140849), target: (2160000,-1135000)
2026-08-15 22:29:17.125 DEBUG  InsertFoundConnectionAlgo: insert trace failed for net #105 at corner 3/3 on layer 5, trace width: 5000, from corner: 0, ok_point: (1979000,-950000), target: (1979000,-954000)
2026-08-15 22:29:17.130 DEBUG  InsertFoundConnectionAlgo: insert trace failed for net #105 at corner 3/3 on layer 5, trace width: 5000, from corner: 2, ok_point: (1979000,-954004), target: (1979000,-950000)
2026-08-15 22:29:17.133 DEBUG  InsertFoundConnectionAlgo: insert trace failed for net #105 at corner 3/3 on layer 5, trace width: 5000, from corner: 0, ok_point: (1979000,-950000), target: (1979000,-954000)
2026-08-15 22:29:17.143 DEBUG  InsertFoundConnectionAlgo: insert trace failed for net #5 at corner 1/1 on layer 5, trace width: 2500, from corner: 0, ok_point: (2107250,-970000), target: (2035000,-970000)
2026-08-15 22:29:17.145 DEBUG  InsertFoundConnectionAlgo: insert trace failed for net #188 at corner 1/1 on layer 5, trace width: 5000, from corner: 0, ok_point: (2019000,-970000), target: (2023000,-970000)
2026-08-15 22:29:17.148 DEBUG  InsertFoundConnectionAlgo: insert trace failed for net #188 at corner 1/1 on layer 5, trace width: 5000, from corner: 0, ok_point: (2023000,-970000), target: (2019000,-970000)
2026-08-15 22:29:17.150 DEBUG  InsertFoundConnectionAlgo: insert trace failed for net #105 at corner 1/1 on layer 5, trace width: 5000, from corner: 0, ok_point: (2015000,-970000), target: (2011000,-970000)
2026-08-15 22:29:17.152 DEBUG  InsertFoundConnectionAlgo: insert trace failed for net #105 at corner 1/1 on layer 5, trace width: 5000, from corner: 0, ok_point: (2011000,-970000), target: (2015000,-970000)
2026-08-15 22:29:17.168 DEBUG  InsertFoundConnectionAlgo: insert trace failed for net #188 at corner 2/2 on layer 5, trace width: 5000, from corner: 0, ok_point: (2194219,-1273400), target: (2186000,-1275000)
2026-08-15 22:29:17.281 DEBUG  InsertFoundConnectionAlgo: insert trace failed for net #21 at corner 7/7 on layer 0, trace width: 2500, from corner: 0, ok_point: (2156000,-1029600), target: (2163000,-1029600)
2026-08-15 22:29:17.353 DEBUG  InsertFoundConnectionAlgo: insert trace failed for net #21 at corner 7/7 on layer 0, trace width: 2500, from corner: 0, ok_point: (2163000,-1029600), target: (2156000,-1029600)
2026-08-15 22:29:17.494 DEBUG  InsertFoundConnectionAlgo: insert trace failed for net #260 at corner 1/1 on layer 5, trace width: 5000, from corner: 0, ok_point: (2199625,-1224250), target: (2199625,-1220250)
2026-08-15 22:29:17.495 DEBUG  InsertFoundConnectionAlgo: insert trace failed for net #260 at corner 1/1 on layer 5, trace width: 5000, from corner: 0, ok_point: (2199625,-1224250), target: (2199625,-1220250)
2026-08-15 22:29:17.497 DEBUG  InsertFoundConnectionAlgo: insert trace failed for net #260 at corner 1/1 on layer 5, trace width: 5000, from corner: 0, ok_point: (2199625,-1220250), target: (2199625,-1224250)
2026-08-15 22:29:17.499 DEBUG  InsertFoundConnectionAlgo: insert trace failed for net #260 at corner 1/1 on layer 5, trace width: 5000, from corner: 0, ok_point: (2199625,-1220250), target: (2199625,-1224250)
2026-08-15 22:29:17.581 DEBUG  InsertFoundConnectionAlgo: insert trace failed for net #105 at corner 4/4 on layer 0, trace width: 5000, from corner: 0, ok_point: (1195000,-1128500), target: (1195000,-1135000)
2026-08-15 22:29:17.583 DEBUG  InsertFoundConnectionAlgo: insert trace failed for net #105 at corner 4/4 on layer 0, trace width: 5000, from corner: 0, ok_point: (1195000,-1128500), target: (1195000,-1122000)
2026-08-15 22:29:17.584 DEBUG  InsertFoundConnectionAlgo: insert trace failed for net #105 at corner 4/4 on layer 0, trace width: 5000, from corner: 0, ok_point: (1195000,-1135000), target: (1195000,-1128500)
2026-08-15 22:29:17.779 DEBUG  InsertFoundConnectionAlgo: insert trace failed for net #188 at corner 1/1 on layer 5, trace width: 5000, from corner: 0, ok_point: (2055375,-1175375), target: (2055375,-1170375)
2026-08-15 22:29:17.784 DEBUG  InsertFoundConnectionAlgo: insert trace failed for net #188 at corner 5/5 on layer 5, trace width: 5000, from corner: 0, ok_point: (2055375,-1170375), target: (2055375,-1175375)
2026-08-15 22:29:17.958 DEBUG  InsertFoundConnectionAlgo: insert trace failed for net #5 at corner 12/12 on layer 0, trace width: 2500, from corner: 0, ok_point: (2025000,-1128500), target: (2025000,-1145000)
2026-08-15 22:29:17.966 DEBUG  InsertFoundConnectionAlgo: insert trace failed for net #5 at corner 9/9 on layer 0, trace width: 2500, from corner: 0, ok_point: (2025000,-1145000), target: (2025000,-1128500)
2026-08-15 22:29:18.552 DEBUG  InsertFoundConnectionAlgo: insert trace failed for net #86 at corner 19/19 on layer 0, trace width: 2500, from corner: 12, ok_point: (2091555,-1331707), target: (2106250,-1324600)
2026-08-15 22:29:18.970 DEBUG  InsertFoundConnectionAlgo: insert trace failed for net #105 at corner 5/5 on layer 5, trace width: 5000, from corner: 0, ok_point: (2011000,-970000), target: (2025000,-995000)
2026-08-15 22:29:19.475 INFO   [DC97D2\DB1F4C] Fanout pass #3 on board 'd6d44770b26d1221996695ebe3761430' completed in 3.03 seconds with 10 SMD pins fanouted, 144 not routed, 0 insert errors, +1 extra via (0 SMD pins still to check in pass, ripup costs=300).
2026-08-15 22:29:19.865 DEBUG  InsertFoundConnectionAlgo: insert trace failed for net #21 at corner 1/1 on layer 0, trace width: 2500, from corner: 0, ok_point: (1215000,-1056094), target: (1215000,-1045000)
2026-08-15 22:29:19.876 DEBUG  InsertFoundConnectionAlgo: insert trace failed for net #21 at corner 1/1 on layer 0, trace width: 2500, from corner: 0, ok_point: (1222000,-1060029), target: (1222000,-1045000)
2026-08-15 22:29:19.915 DEBUG  InsertFoundConnectionAlgo: insert trace failed for net #5 at corner 3/3 on layer 5, trace width: 2500, from corner: 0, ok_point: (1599000,-1272200), target: (1595000,-1272200)
2026-08-15 22:29:19.917 DEBUG  InsertFoundConnectionAlgo: insert trace failed for net #5 at corner 3/3 on layer 5, trace width: 2500, from corner: 0, ok_point: (1595000,-1272200), target: (1599000,-1272200)
2026-08-15 22:29:19.920 DEBUG  InsertFoundConnectionAlgo: insert trace failed for net #188 at corner 2/2 on layer 5, trace width: 5000, from corner: 1, ok_point: (1595002,-1303000), target: (1591000,-1303000)
2026-08-15 22:29:19.924 DEBUG  InsertFoundConnectionAlgo: insert trace failed for net #5 at corner 2/2 on layer 5, trace width: 2500, from corner: 1, ok_point: (1611000,-1280219), target: (1611000,-1272200)
2026-08-15 22:29:19.926 DEBUG  InsertFoundConnectionAlgo: insert trace failed for net #188 at corner 3/3 on layer 5, trace width: 5000, from corner: 0, ok_point: (1611000,-1303000), target: (1607000,-1303000)
2026-08-15 22:29:19.929 DEBUG  InsertFoundConnectionAlgo: insert trace failed for net #188 at corner 3/3 on layer 5, trace width: 5000, from corner: 0, ok_point: (1611000,-1303000), target: (1607000,-1303000)
2026-08-15 22:29:19.931 DEBUG  InsertFoundConnectionAlgo: insert trace failed for net #188 at corner 3/3 on layer 5, trace width: 5000, from corner: 0, ok_point: (1611000,-1303000), target: (1607000,-1303000)
2026-08-15 22:29:19.934 DEBUG  InsertFoundConnectionAlgo: insert trace failed for net #188 at corner 3/3 on layer 5, trace width: 5000, from corner: 0, ok_point: (1611000,-1303000), target: (1607000,-1303000)
2026-08-15 22:29:19.937 DEBUG  InsertFoundConnectionAlgo: insert trace failed for net #188 at corner 2/2 on layer 5, trace width: 5000, from corner: 1, ok_point: (1606998,-1303000), target: (1611000,-1303000)
2026-08-15 22:29:19.991 DEBUG  InsertFoundConnectionAlgo: insert trace failed for net #5 at corner 11/11 on layer 0, trace width: 2500, from corner: 8, ok_point: (2181940,-1140849), target: (2160000,-1135000)
2026-08-15 22:29:20.194 DEBUG  InsertFoundConnectionAlgo: insert trace failed for net #5 at corner 12/12 on layer 0, trace width: 2500, from corner: 9, ok_point: (1138932,-1223443), target: (1151250,-1225000)
2026-08-15 22:29:20.227 DEBUG  InsertFoundConnectionAlgo: insert trace failed for net #105 at corner 3/3 on layer 5, trace width: 5000, from corner: 0, ok_point: (1979000,-950000), target: (1979000,-954000)
2026-08-15 22:29:20.229 DEBUG  InsertFoundConnectionAlgo: insert trace failed for net #105 at corner 3/3 on layer 5, trace width: 5000, from corner: 2, ok_point: (1979000,-954004), target: (1979000,-950000)
2026-08-15 22:29:20.231 DEBUG  InsertFoundConnectionAlgo: insert trace failed for net #105 at corner 3/3 on layer 5, trace width: 5000, from corner: 0, ok_point: (1979000,-950000), target: (1979000,-954000)
2026-08-15 22:29:20.239 DEBUG  InsertFoundConnectionAlgo: insert trace failed for net #5 at corner 1/1 on layer 5, trace width: 2500, from corner: 0, ok_point: (2107250,-970000), target: (2035000,-970000)
2026-08-15 22:29:20.242 DEBUG  InsertFoundConnectionAlgo: insert trace failed for net #188 at corner 1/1 on layer 5, trace width: 5000, from corner: 0, ok_point: (2019000,-970000), target: (2023000,-970000)
2026-08-15 22:29:20.245 DEBUG  InsertFoundConnectionAlgo: insert trace failed for net #188 at corner 1/1 on layer 5, trace width: 5000, from corner: 0, ok_point: (2023000,-970000), target: (2019000,-970000)
2026-08-15 22:29:20.247 DEBUG  InsertFoundConnectionAlgo: insert trace failed for net #105 at corner 1/1 on layer 5, trace width: 5000, from corner: 0, ok_point: (2015000,-970000), target: (2011000,-970000)
2026-08-15 22:29:20.251 DEBUG  InsertFoundConnectionAlgo: insert trace failed for net #105 at corner 1/1 on layer 5, trace width: 5000, from corner: 0, ok_point: (2011000,-970000), target: (2015000,-970000)
2026-08-15 22:29:20.268 DEBUG  InsertFoundConnectionAlgo: insert trace failed for net #188 at corner 2/2 on layer 5, trace width: 5000, from corner: 0, ok_point: (2194219,-1273400), target: (2186000,-1275000)
2026-08-15 22:29:20.394 DEBUG  InsertFoundConnectionAlgo: insert trace failed for net #21 at corner 7/7 on layer 0, trace width: 2500, from corner: 0, ok_point: (2156000,-1029600), target: (2163000,-1029600)
2026-08-15 22:29:20.457 DEBUG  InsertFoundConnectionAlgo: insert trace failed for net #21 at corner 7/7 on layer 0, trace width: 2500, from corner: 0, ok_point: (2163000,-1029600), target: (2156000,-1029600)
2026-08-15 22:29:20.581 DEBUG  InsertFoundConnectionAlgo: insert trace failed for net #260 at corner 1/1 on layer 5, trace width: 5000, from corner: 0, ok_point: (2199625,-1224250), target: (2199625,-1220250)
2026-08-15 22:29:20.582 DEBUG  InsertFoundConnectionAlgo: insert trace failed for net #260 at corner 1/1 on layer 5, trace width: 5000, from corner: 0, ok_point: (2199625,-1224250), target: (2199625,-1220250)
2026-08-15 22:29:20.584 DEBUG  InsertFoundConnectionAlgo: insert trace failed for net #260 at corner 1/1 on layer 5, trace width: 5000, from corner: 0, ok_point: (2199625,-1220250), target: (2199625,-1224250)
2026-08-15 22:29:20.585 DEBUG  InsertFoundConnectionAlgo: insert trace failed for net #260 at corner 1/1 on layer 5, trace width: 5000, from corner: 0, ok_point: (2199625,-1220250), target: (2199625,-1224250)
2026-08-15 22:29:20.633 DEBUG  InsertFoundConnectionAlgo: insert trace failed for net #105 at corner 4/4 on layer 0, trace width: 5000, from corner: 0, ok_point: (1195000,-1128500), target: (1195000,-1135000)
2026-08-15 22:29:20.636 DEBUG  InsertFoundConnectionAlgo: insert trace failed for net #105 at corner 4/4 on layer 0, trace width: 5000, from corner: 0, ok_point: (1195000,-1128500), target: (1195000,-1122000)
2026-08-15 22:29:20.639 DEBUG  InsertFoundConnectionAlgo: insert trace failed for net #105 at corner 4/4 on layer 0, trace width: 5000, from corner: 0, ok_point: (1195000,-1135000), target: (1195000,-1128500)
2026-08-15 22:29:20.732 DEBUG  InsertFoundConnectionAlgo: insert trace failed for net #188 at corner 1/1 on layer 5, trace width: 5000, from corner: 0, ok_point: (2055375,-1175375), target: (2055375,-1170375)
2026-08-15 22:29:20.735 DEBUG  InsertFoundConnectionAlgo: insert trace failed for net #188 at corner 5/5 on layer 5, trace width: 5000, from corner: 0, ok_point: (2055375,-1170375), target: (2055375,-1175375)
2026-08-15 22:29:21.008 DEBUG  InsertFoundConnectionAlgo: insert trace failed for net #5 at corner 12/12 on layer 0, trace width: 2500, from corner: 0, ok_point: (2025000,-1128500), target: (2025000,-1145000)
2026-08-15 22:29:21.017 DEBUG  InsertFoundConnectionAlgo: insert trace failed for net #5 at corner 9/9 on layer 0, trace width: 2500, from corner: 0, ok_point: (2025000,-1145000), target: (2025000,-1128500)
2026-08-15 22:29:21.874 DEBUG  InsertFoundConnectionAlgo: insert trace failed for net #5 at corner 3/3 on layer 5, trace width: 2500, from corner: 0, ok_point: (2035000,-970000), target: (2036521,-970000)
2026-08-15 22:29:21.929 DEBUG  InsertFoundConnectionAlgo: insert trace failed for net #105 at corner 5/5 on layer 5, trace width: 5000, from corner: 0, ok_point: (2011000,-970000), target: (2025000,-995000)
2026-08-15 22:29:22.466 INFO   [DC97D2\DB1F4C] Fanout pass #4 on board '87e37a25e9b067274b8441b40a503e92' completed in 2.87 seconds with 6 SMD pins fanouted, 146 not routed, 0 insert errors, +2 extra vias (0 SMD pins still to check in pass, ripup costs=400).
2026-08-15 22:29:22.876 DEBUG  InsertFoundConnectionAlgo: insert trace failed for net #21 at corner 2/2 on layer 0, trace width: 2500, from corner: 1, ok_point: (1215000,-1061069), target: (1215000,-1045000)
2026-08-15 22:29:22.889 DEBUG  InsertFoundConnectionAlgo: insert trace failed for net #21 at corner 4/4 on layer 0, trace width: 2500, from corner: 3, ok_point: (1222000,-1064193), target: (1222000,-1045000)
2026-08-15 22:29:22.926 DEBUG  InsertFoundConnectionAlgo: insert trace failed for net #5 at corner 3/3 on layer 5, trace width: 2500, from corner: 0, ok_point: (1599000,-1272200), target: (1595000,-1272200)
2026-08-15 22:29:22.928 DEBUG  InsertFoundConnectionAlgo: insert trace failed for net #5 at corner 3/3 on layer 5, trace width: 2500, from corner: 0, ok_point: (1595000,-1272200), target: (1599000,-1272200)
2026-08-15 22:29:22.932 DEBUG  InsertFoundConnectionAlgo: insert trace failed for net #188 at corner 2/2 on layer 5, trace width: 5000, from corner: 1, ok_point: (1595002,-1303000), target: (1591000,-1303000)
2026-08-15 22:29:22.943 DEBUG  InsertFoundConnectionAlgo: insert trace failed for net #5 at corner 4/4 on layer 5, trace width: 2500, from corner: 3, ok_point: (1611000,-1286617), target: (1611000,-1272200)
2026-08-15 22:29:22.949 DEBUG  InsertFoundConnectionAlgo: insert trace failed for net #188 at corner 3/3 on layer 5, trace width: 5000, from corner: 0, ok_point: (1611000,-1303000), target: (1607000,-1303000)
2026-08-15 22:29:22.952 DEBUG  InsertFoundConnectionAlgo: insert trace failed for net #188 at corner 3/3 on layer 5, trace width: 5000, from corner: 0, ok_point: (1611000,-1303000), target: (1607000,-1303000)
2026-08-15 22:29:22.956 DEBUG  InsertFoundConnectionAlgo: insert trace failed for net #188 at corner 3/3 on layer 5, trace width: 5000, from corner: 0, ok_point: (1611000,-1303000), target: (1607000,-1303000)
2026-08-15 22:29:22.959 DEBUG  InsertFoundConnectionAlgo: insert trace failed for net #188 at corner 3/3 on layer 5, trace width: 5000, from corner: 0, ok_point: (1611000,-1303000), target: (1607000,-1303000)
2026-08-15 22:29:22.961 DEBUG  InsertFoundConnectionAlgo: insert trace failed for net #188 at corner 2/2 on layer 5, trace width: 5000, from corner: 1, ok_point: (1606998,-1303000), target: (1611000,-1303000)
2026-08-15 22:29:22.990 DEBUG  InsertFoundConnectionAlgo: insert trace failed for net #5 at corner 2/2 on layer 0, trace width: 2500, from corner: 0, ok_point: (2168521,-1137748), target: (2160000,-1135000)
2026-08-15 22:29:23.196 DEBUG  InsertFoundConnectionAlgo: insert trace failed for net #5 at corner 2/2 on layer 0, trace width: 2500, from corner: 0, ok_point: (1141052,-1224011), target: (1151250,-1225000)
2026-08-15 22:29:23.223 DEBUG  InsertFoundConnectionAlgo: insert trace failed for net #105 at corner 3/3 on layer 5, trace width: 5000, from corner: 0, ok_point: (1979000,-950000), target: (1979000,-954000)
2026-08-15 22:29:23.227 DEBUG  InsertFoundConnectionAlgo: insert trace failed for net #105 at corner 3/3 on layer 5, trace width: 5000, from corner: 2, ok_point: (1979000,-954004), target: (1979000,-950000)
2026-08-15 22:29:23.229 DEBUG  InsertFoundConnectionAlgo: insert trace failed for net #105 at corner 3/3 on layer 5, trace width: 5000, from corner: 0, ok_point: (1979000,-950000), target: (1979000,-954000)
2026-08-15 22:29:23.232 DEBUG  InsertFoundConnectionAlgo: insert trace failed for net #5 at corner 1/1 on layer 5, trace width: 2500, from corner: 0, ok_point: (2071886,-970000), target: (2035000,-970000)
2026-08-15 22:29:23.235 DEBUG  InsertFoundConnectionAlgo: insert trace failed for net #188 at corner 1/1 on layer 5, trace width: 5000, from corner: 0, ok_point: (2019000,-970000), target: (2023000,-970000)
2026-08-15 22:29:23.236 DEBUG  InsertFoundConnectionAlgo: insert trace failed for net #188 at corner 1/1 on layer 5, trace width: 5000, from corner: 0, ok_point: (2023000,-970000), target: (2019000,-970000)
2026-08-15 22:29:23.238 DEBUG  InsertFoundConnectionAlgo: insert trace failed for net #105 at corner 1/1 on layer 5, trace width: 5000, from corner: 0, ok_point: (2015000,-970000), target: (2011000,-970000)
2026-08-15 22:29:23.239 DEBUG  InsertFoundConnectionAlgo: insert trace failed for net #105 at corner 1/1 on layer 5, trace width: 5000, from corner: 0, ok_point: (2011000,-970000), target: (2015000,-970000)
2026-08-15 22:29:23.252 DEBUG  InsertFoundConnectionAlgo: insert trace failed for net #188 at corner 2/2 on layer 5, trace width: 5000, from corner: 0, ok_point: (2194219,-1273400), target: (2186000,-1275000)
2026-08-15 22:29:23.362 DEBUG  InsertFoundConnectionAlgo: insert trace failed for net #21 at corner 7/7 on layer 0, trace width: 2500, from corner: 0, ok_point: (2156000,-1029600), target: (2163000,-1029600)
2026-08-15 22:29:23.418 DEBUG  InsertFoundConnectionAlgo: insert trace failed for net #21 at corner 7/7 on layer 0, trace width: 2500, from corner: 0, ok_point: (2163000,-1029600), target: (2156000,-1029600)
2026-08-15 22:29:23.534 DEBUG  InsertFoundConnectionAlgo: insert trace failed for net #260 at corner 1/1 on layer 5, trace width: 5000, from corner: 0, ok_point: (2199625,-1224250), target: (2199625,-1220250)
2026-08-15 22:29:23.535 DEBUG  InsertFoundConnectionAlgo: insert trace failed for net #260 at corner 1/1 on layer 5, trace width: 5000, from corner: 0, ok_point: (2199625,-1224250), target: (2199625,-1220250)
2026-08-15 22:29:23.537 DEBUG  InsertFoundConnectionAlgo: insert trace failed for net #260 at corner 1/1 on layer 5, trace width: 5000, from corner: 0, ok_point: (2199625,-1220250), target: (2199625,-1224250)
2026-08-15 22:29:23.537 DEBUG  InsertFoundConnectionAlgo: insert trace failed for net #260 at corner 1/1 on layer 5, trace width: 5000, from corner: 0, ok_point: (2199625,-1220250), target: (2199625,-1224250)
2026-08-15 22:29:23.582 DEBUG  InsertFoundConnectionAlgo: insert trace failed for net #105 at corner 4/4 on layer 0, trace width: 5000, from corner: 0, ok_point: (1195000,-1128500), target: (1195000,-1135000)
2026-08-15 22:29:23.584 DEBUG  InsertFoundConnectionAlgo: insert trace failed for net #105 at corner 4/4 on layer 0, trace width: 5000, from corner: 0, ok_point: (1195000,-1128500), target: (1195000,-1122000)
2026-08-15 22:29:23.586 DEBUG  InsertFoundConnectionAlgo: insert trace failed for net #105 at corner 4/4 on layer 0, trace width: 5000, from corner: 0, ok_point: (1195000,-1135000), target: (1195000,-1128500)
2026-08-15 22:29:23.614 DEBUG  InsertFoundConnectionAlgo: insert trace failed for net #188 at corner 1/1 on layer 5, trace width: 5000, from corner: 0, ok_point: (2055375,-1175375), target: (2055375,-1170375)
2026-08-15 22:29:23.616 DEBUG  InsertFoundConnectionAlgo: insert trace failed for net #188 at corner 5/5 on layer 5, trace width: 5000, from corner: 0, ok_point: (2055375,-1170375), target: (2055375,-1175375)
2026-08-15 22:29:23.756 DEBUG  InsertFoundConnectionAlgo: insert trace failed for net #5 at corner 12/12 on layer 0, trace width: 2500, from corner: 0, ok_point: (2025000,-1128500), target: (2025000,-1145000)
2026-08-15 22:29:23.761 DEBUG  InsertFoundConnectionAlgo: insert trace failed for net #5 at corner 9/9 on layer 0, trace width: 2500, from corner: 0, ok_point: (2025000,-1145000), target: (2025000,-1128500)
2026-08-15 22:29:24.625 DEBUG  InsertFoundConnectionAlgo: insert trace failed for net #105 at corner 5/5 on layer 5, trace width: 5000, from corner: 0, ok_point: (2011000,-970000), target: (2025000,-995000)
2026-08-15 22:29:25.291 INFO   [DC97D2\DB1F4C] Fanout pass #5 on board '084210ba16360143646055a35ad27432' completed in 2.71 seconds with 5 SMD pins fanouted, 146 not routed, 0 insert errors, +1 extra via (0 SMD pins still to check in pass, ripup costs=500).
2026-08-15 22:29:25.725 DEBUG  InsertFoundConnectionAlgo: insert trace failed for net #21 at corner 1/1 on layer 0, trace width: 2500, from corner: 0, ok_point: (1215000,-1056294), target: (1215000,-1045000)
2026-08-15 22:29:25.736 DEBUG  InsertFoundConnectionAlgo: insert trace failed for net #21 at corner 1/1 on layer 0, trace width: 2500, from corner: 0, ok_point: (1222000,-1056511), target: (1222000,-1045000)
2026-08-15 22:29:25.794 DEBUG  InsertFoundConnectionAlgo: insert trace failed for net #5 at corner 3/3 on layer 5, trace width: 2500, from corner: 0, ok_point: (1599000,-1272200), target: (1595000,-1272200)
2026-08-15 22:29:25.797 DEBUG  InsertFoundConnectionAlgo: insert trace failed for net #5 at corner 3/3 on layer 5, trace width: 2500, from corner: 0, ok_point: (1595000,-1272200), target: (1599000,-1272200)
2026-08-15 22:29:25.800 DEBUG  InsertFoundConnectionAlgo: insert trace failed for net #188 at corner 2/2 on layer 5, trace width: 5000, from corner: 1, ok_point: (1595002,-1303000), target: (1591000,-1303000)
2026-08-15 22:29:25.805 DEBUG  InsertFoundConnectionAlgo: insert trace failed for net #5 at corner 2/2 on layer 5, trace width: 2500, from corner: 1, ok_point: (1611000,-1279219), target: (1611000,-1272200)
2026-08-15 22:29:25.810 DEBUG  InsertFoundConnectionAlgo: insert trace failed for net #188 at corner 3/3 on layer 5, trace width: 5000, from corner: 0, ok_point: (1611000,-1303000), target: (1607000,-1303000)
2026-08-15 22:29:25.815 DEBUG  InsertFoundConnectionAlgo: insert trace failed for net #188 at corner 3/3 on layer 5, trace width: 5000, from corner: 0, ok_point: (1611000,-1303000), target: (1607000,-1303000)
2026-08-15 22:29:25.820 DEBUG  InsertFoundConnectionAlgo: insert trace failed for net #188 at corner 3/3 on layer 5, trace width: 5000, from corner: 0, ok_point: (1611000,-1303000), target: (1607000,-1303000)
2026-08-15 22:29:25.824 DEBUG  InsertFoundConnectionAlgo: insert trace failed for net #188 at corner 3/3 on layer 5, trace width: 5000, from corner: 0, ok_point: (1611000,-1303000), target: (1607000,-1303000)
2026-08-15 22:29:25.829 DEBUG  InsertFoundConnectionAlgo: insert trace failed for net #188 at corner 2/2 on layer 5, trace width: 5000, from corner: 1, ok_point: (1606998,-1303000), target: (1611000,-1303000)
2026-08-15 22:29:25.882 DEBUG  InsertFoundConnectionAlgo: insert trace failed for net #5 at corner 11/11 on layer 0, trace width: 2500, from corner: 8, ok_point: (2181940,-1140849), target: (2160000,-1135000)
2026-08-15 22:29:26.088 DEBUG  InsertFoundConnectionAlgo: insert trace failed for net #5 at corner 2/2 on layer 0, trace width: 2500, from corner: 0, ok_point: (1136016,-1223443), target: (1151250,-1225000)
2026-08-15 22:29:26.118 DEBUG  InsertFoundConnectionAlgo: insert trace failed for net #105 at corner 3/3 on layer 5, trace width: 5000, from corner: 0, ok_point: (1979000,-950000), target: (1979000,-954000)
2026-08-15 22:29:26.121 DEBUG  InsertFoundConnectionAlgo: insert trace failed for net #105 at corner 3/3 on layer 5, trace width: 5000, from corner: 2, ok_point: (1979000,-954004), target: (1979000,-950000)
2026-08-15 22:29:26.124 DEBUG  InsertFoundConnectionAlgo: insert trace failed for net #105 at corner 3/3 on layer 5, trace width: 5000, from corner: 0, ok_point: (1979000,-950000), target: (1979000,-954000)
2026-08-15 22:29:26.134 DEBUG  InsertFoundConnectionAlgo: insert trace failed for net #5 at corner 1/1 on layer 5, trace width: 2500, from corner: 0, ok_point: (2107250,-970000), target: (2035000,-970000)
2026-08-15 22:29:26.138 DEBUG  InsertFoundConnectionAlgo: insert trace failed for net #188 at corner 1/1 on layer 5, trace width: 5000, from corner: 0, ok_point: (2019000,-970000), target: (2023000,-970000)
2026-08-15 22:29:26.141 DEBUG  InsertFoundConnectionAlgo: insert trace failed for net #188 at corner 1/1 on layer 5, trace width: 5000, from corner: 0, ok_point: (2023000,-970000), target: (2019000,-970000)
2026-08-15 22:29:26.143 DEBUG  InsertFoundConnectionAlgo: insert trace failed for net #105 at corner 1/1 on layer 5, trace width: 5000, from corner: 0, ok_point: (2015000,-970000), target: (2011000,-970000)
2026-08-15 22:29:26.145 DEBUG  InsertFoundConnectionAlgo: insert trace failed for net #105 at corner 1/1 on layer 5, trace width: 5000, from corner: 0, ok_point: (2011000,-970000), target: (2015000,-970000)
2026-08-15 22:29:26.161 DEBUG  InsertFoundConnectionAlgo: insert trace failed for net #188 at corner 2/2 on layer 5, trace width: 5000, from corner: 0, ok_point: (2194219,-1273400), target: (2186000,-1275000)
2026-08-15 22:29:26.297 DEBUG  InsertFoundConnectionAlgo: insert trace failed for net #21 at corner 7/7 on layer 0, trace width: 2500, from corner: 0, ok_point: (2156000,-1029600), target: (2163000,-1029600)
2026-08-15 22:29:26.363 DEBUG  InsertFoundConnectionAlgo: insert trace failed for net #21 at corner 7/7 on layer 0, trace width: 2500, from corner: 0, ok_point: (2163000,-1029600), target: (2156000,-1029600)
2026-08-15 22:29:26.494 DEBUG  InsertFoundConnectionAlgo: insert trace failed for net #260 at corner 1/1 on layer 5, trace width: 5000, from corner: 0, ok_point: (2199625,-1224250), target: (2199625,-1220250)
2026-08-15 22:29:26.495 DEBUG  InsertFoundConnectionAlgo: insert trace failed for net #260 at corner 1/1 on layer 5, trace width: 5000, from corner: 0, ok_point: (2199625,-1224250), target: (2199625,-1220250)
2026-08-15 22:29:26.496 DEBUG  InsertFoundConnectionAlgo: insert trace failed for net #260 at corner 1/1 on layer 5, trace width: 5000, from corner: 0, ok_point: (2199625,-1220250), target: (2199625,-1224250)
2026-08-15 22:29:26.497 DEBUG  InsertFoundConnectionAlgo: insert trace failed for net #260 at corner 1/1 on layer 5, trace width: 5000, from corner: 0, ok_point: (2199625,-1220250), target: (2199625,-1224250)
2026-08-15 22:29:26.546 DEBUG  InsertFoundConnectionAlgo: insert trace failed for net #105 at corner 4/4 on layer 0, trace width: 5000, from corner: 0, ok_point: (1195000,-1128500), target: (1195000,-1135000)
2026-08-15 22:29:26.548 DEBUG  InsertFoundConnectionAlgo: insert trace failed for net #105 at corner 4/4 on layer 0, trace width: 5000, from corner: 0, ok_point: (1195000,-1128500), target: (1195000,-1122000)
2026-08-15 22:29:26.550 DEBUG  InsertFoundConnectionAlgo: insert trace failed for net #105 at corner 4/4 on layer 0, trace width: 5000, from corner: 0, ok_point: (1195000,-1135000), target: (1195000,-1128500)
2026-08-15 22:29:26.586 DEBUG  InsertFoundConnectionAlgo: insert trace failed for net #188 at corner 1/1 on layer 5, trace width: 5000, from corner: 0, ok_point: (2055375,-1175375), target: (2055375,-1170375)
2026-08-15 22:29:26.588 DEBUG  InsertFoundConnectionAlgo: insert trace failed for net #188 at corner 5/5 on layer 5, trace width: 5000, from corner: 0, ok_point: (2055375,-1170375), target: (2055375,-1175375)
2026-08-15 22:29:26.874 DEBUG  InsertFoundConnectionAlgo: insert trace failed for net #5 at corner 12/12 on layer 0, trace width: 2500, from corner: 0, ok_point: (2025000,-1128500), target: (2025000,-1145000)
2026-08-15 22:29:26.882 DEBUG  InsertFoundConnectionAlgo: insert trace failed for net #5 at corner 9/9 on layer 0, trace width: 2500, from corner: 0, ok_point: (2025000,-1145000), target: (2025000,-1128500)
2026-08-15 22:29:27.782 DEBUG  InsertFoundConnectionAlgo: insert trace failed for net #5 at corner 3/3 on layer 5, trace width: 2500, from corner: 0, ok_point: (2035000,-970000), target: (2036521,-970000)
2026-08-15 22:29:27.843 DEBUG  InsertFoundConnectionAlgo: insert trace failed for net #105 at corner 5/5 on layer 5, trace width: 5000, from corner: 0, ok_point: (2011000,-970000), target: (2025000,-995000)
2026-08-15 22:29:28.395 INFO   [DC97D2\DB1F4C] Fanout pass #6 on board 'aa107f8f5d52ac5c4f69807815ed0aee' completed in 2.97 seconds with 5 SMD pins fanouted, 146 not routed, 0 insert errors, +0 extra vias (0 SMD pins still to check in pass, ripup costs=600).
2026-08-15 22:29:28.786 DEBUG  InsertFoundConnectionAlgo: insert trace failed for net #21 at corner 2/2 on layer 0, trace width: 2500, from corner: 1, ok_point: (1215000,-1061269), target: (1215000,-1045000)
2026-08-15 22:29:28.803 DEBUG  InsertFoundConnectionAlgo: insert trace failed for net #21 at corner 4/4 on layer 0, trace width: 2500, from corner: 3, ok_point: (1222000,-1064193), target: (1222000,-1045000)
2026-08-15 22:29:28.839 DEBUG  InsertFoundConnectionAlgo: insert trace failed for net #5 at corner 3/3 on layer 5, trace width: 2500, from corner: 0, ok_point: (1599000,-1272200), target: (1595000,-1272200)
2026-08-15 22:29:28.841 DEBUG  InsertFoundConnectionAlgo: insert trace failed for net #5 at corner 3/3 on layer 5, trace width: 2500, from corner: 0, ok_point: (1595000,-1272200), target: (1599000,-1272200)
2026-08-15 22:29:28.844 DEBUG  InsertFoundConnectionAlgo: insert trace failed for net #188 at corner 2/2 on layer 5, trace width: 5000, from corner: 1, ok_point: (1595002,-1303000), target: (1591000,-1303000)
2026-08-15 22:29:28.847 DEBUG  InsertFoundConnectionAlgo: insert trace failed for net #5 at corner 2/2 on layer 5, trace width: 2500, from corner: 1, ok_point: (1611000,-1279719), target: (1611000,-1272200)
2026-08-15 22:29:28.851 DEBUG  InsertFoundConnectionAlgo: insert trace failed for net #188 at corner 3/3 on layer 5, trace width: 5000, from corner: 0, ok_point: (1611000,-1303000), target: (1607000,-1303000)
2026-08-15 22:29:28.855 DEBUG  InsertFoundConnectionAlgo: insert trace failed for net #188 at corner 3/3 on layer 5, trace width: 5000, from corner: 0, ok_point: (1611000,-1303000), target: (1607000,-1303000)
2026-08-15 22:29:28.859 DEBUG  InsertFoundConnectionAlgo: insert trace failed for net #188 at corner 3/3 on layer 5, trace width: 5000, from corner: 0, ok_point: (1611000,-1303000), target: (1607000,-1303000)
2026-08-15 22:29:28.863 DEBUG  InsertFoundConnectionAlgo: insert trace failed for net #188 at corner 3/3 on layer 5, trace width: 5000, from corner: 0, ok_point: (1611000,-1303000), target: (1607000,-1303000)
2026-08-15 22:29:28.867 DEBUG  InsertFoundConnectionAlgo: insert trace failed for net #188 at corner 2/2 on layer 5, trace width: 5000, from corner: 1, ok_point: (1606998,-1303000), target: (1611000,-1303000)
2026-08-15 22:29:28.890 DEBUG  InsertFoundConnectionAlgo: insert trace failed for net #5 at corner 2/2 on layer 0, trace width: 2500, from corner: 0, ok_point: (2168521,-1137748), target: (2160000,-1135000)
2026-08-15 22:29:29.118 DEBUG  InsertFoundConnectionAlgo: insert trace failed for net #5 at corner 2/2 on layer 0, trace width: 2500, from corner: 0, ok_point: (1139310,-1223443), target: (1151250,-1225000)
2026-08-15 22:29:29.151 DEBUG  InsertFoundConnectionAlgo: insert trace failed for net #105 at corner 3/3 on layer 5, trace width: 5000, from corner: 0, ok_point: (1979000,-950000), target: (1979000,-954000)
2026-08-15 22:29:29.156 DEBUG  InsertFoundConnectionAlgo: insert trace failed for net #105 at corner 3/3 on layer 5, trace width: 5000, from corner: 2, ok_point: (1979000,-954004), target: (1979000,-950000)
2026-08-15 22:29:29.160 DEBUG  InsertFoundConnectionAlgo: insert trace failed for net #105 at corner 3/3 on layer 5, trace width: 5000, from corner: 0, ok_point: (1979000,-950000), target: (1979000,-954000)
2026-08-15 22:29:29.165 DEBUG  InsertFoundConnectionAlgo: insert trace failed for net #5 at corner 1/1 on layer 5, trace width: 2500, from corner: 0, ok_point: (2071886,-970000), target: (2035000,-970000)
2026-08-15 22:29:29.168 DEBUG  InsertFoundConnectionAlgo: insert trace failed for net #188 at corner 1/1 on layer 5, trace width: 5000, from corner: 0, ok_point: (2019000,-970000), target: (2023000,-970000)
2026-08-15 22:29:29.172 DEBUG  InsertFoundConnectionAlgo: insert trace failed for net #188 at corner 1/1 on layer 5, trace width: 5000, from corner: 0, ok_point: (2023000,-970000), target: (2019000,-970000)
2026-08-15 22:29:29.174 DEBUG  InsertFoundConnectionAlgo: insert trace failed for net #105 at corner 1/1 on layer 5, trace width: 5000, from corner: 0, ok_point: (2015000,-970000), target: (2011000,-970000)
2026-08-15 22:29:29.176 DEBUG  InsertFoundConnectionAlgo: insert trace failed for net #105 at corner 1/1 on layer 5, trace width: 5000, from corner: 0, ok_point: (2011000,-970000), target: (2015000,-970000)
2026-08-15 22:29:29.197 DEBUG  InsertFoundConnectionAlgo: insert trace failed for net #188 at corner 2/2 on layer 5, trace width: 5000, from corner: 0, ok_point: (2194219,-1273400), target: (2186000,-1275000)
2026-08-15 22:29:29.317 DEBUG  InsertFoundConnectionAlgo: insert trace failed for net #21 at corner 7/7 on layer 0, trace width: 2500, from corner: 0, ok_point: (2156000,-1029600), target: (2163000,-1029600)
2026-08-15 22:29:29.374 DEBUG  InsertFoundConnectionAlgo: insert trace failed for net #21 at corner 7/7 on layer 0, trace width: 2500, from corner: 0, ok_point: (2163000,-1029600), target: (2156000,-1029600)
2026-08-15 22:29:29.498 DEBUG  InsertFoundConnectionAlgo: insert trace failed for net #260 at corner 1/1 on layer 5, trace width: 5000, from corner: 0, ok_point: (2199625,-1224250), target: (2199625,-1220250)
2026-08-15 22:29:29.499 DEBUG  InsertFoundConnectionAlgo: insert trace failed for net #260 at corner 1/1 on layer 5, trace width: 5000, from corner: 0, ok_point: (2199625,-1224250), target: (2199625,-1220250)
2026-08-15 22:29:29.501 DEBUG  InsertFoundConnectionAlgo: insert trace failed for net #260 at corner 1/1 on layer 5, trace width: 5000, from corner: 0, ok_point: (2199625,-1220250), target: (2199625,-1224250)
2026-08-15 22:29:29.502 DEBUG  InsertFoundConnectionAlgo: insert trace failed for net #260 at corner 1/1 on layer 5, trace width: 5000, from corner: 0, ok_point: (2199625,-1220250), target: (2199625,-1224250)
2026-08-15 22:29:29.550 DEBUG  InsertFoundConnectionAlgo: insert trace failed for net #105 at corner 4/4 on layer 0, trace width: 5000, from corner: 0, ok_point: (1195000,-1128500), target: (1195000,-1135000)
2026-08-15 22:29:29.552 DEBUG  InsertFoundConnectionAlgo: insert trace failed for net #105 at corner 4/4 on layer 0, trace width: 5000, from corner: 0, ok_point: (1195000,-1128500), target: (1195000,-1122000)
2026-08-15 22:29:29.553 DEBUG  InsertFoundConnectionAlgo: insert trace failed for net #105 at corner 4/4 on layer 0, trace width: 5000, from corner: 0, ok_point: (1195000,-1135000), target: (1195000,-1128500)
2026-08-15 22:29:29.585 DEBUG  InsertFoundConnectionAlgo: insert trace failed for net #188 at corner 1/1 on layer 5, trace width: 5000, from corner: 0, ok_point: (2055375,-1175375), target: (2055375,-1170375)
2026-08-15 22:29:29.587 DEBUG  InsertFoundConnectionAlgo: insert trace failed for net #188 at corner 5/5 on layer 5, trace width: 5000, from corner: 0, ok_point: (2055375,-1170375), target: (2055375,-1175375)
2026-08-15 22:29:29.826 DEBUG  InsertFoundConnectionAlgo: insert trace failed for net #5 at corner 12/12 on layer 0, trace width: 2500, from corner: 0, ok_point: (2025000,-1128500), target: (2025000,-1145000)
2026-08-15 22:29:29.833 DEBUG  InsertFoundConnectionAlgo: insert trace failed for net #5 at corner 9/9 on layer 0, trace width: 2500, from corner: 0, ok_point: (2025000,-1145000), target: (2025000,-1128500)
2026-08-15 22:29:30.596 DEBUG  InsertFoundConnectionAlgo: insert trace failed for net #105 at corner 5/5 on layer 5, trace width: 5000, from corner: 0, ok_point: (2011000,-970000), target: (2025000,-995000)
2026-08-15 22:29:31.332 INFO   [DC97D2\DB1F4C] Fanout pass #7 on board 'fb0312e43c84d0eb344a26b66f8d67a5' completed in 2.79 seconds with 5 SMD pins fanouted, 146 not routed, 0 insert errors, +0 extra vias (0 SMD pins still to check in pass, ripup costs=700).
2026-08-15 22:29:31.811 DEBUG  InsertFoundConnectionAlgo: insert trace failed for net #21 at corner 1/1 on layer 0, trace width: 2500, from corner: 0, ok_point: (1215000,-1056394), target: (1215000,-1045000)
2026-08-15 22:29:31.822 DEBUG  InsertFoundConnectionAlgo: insert trace failed for net #21 at corner 1/1 on layer 0, trace width: 2500, from corner: 0, ok_point: (1222000,-1054752), target: (1222000,-1045000)
2026-08-15 22:29:31.870 DEBUG  InsertFoundConnectionAlgo: insert trace failed for net #5 at corner 3/3 on layer 5, trace width: 2500, from corner: 0, ok_point: (1599000,-1272200), target: (1595000,-1272200)
2026-08-15 22:29:31.874 DEBUG  InsertFoundConnectionAlgo: insert trace failed for net #5 at corner 3/3 on layer 5, trace width: 2500, from corner: 0, ok_point: (1595000,-1272200), target: (1599000,-1272200)
2026-08-15 22:29:31.878 DEBUG  InsertFoundConnectionAlgo: insert trace failed for net #188 at corner 2/2 on layer 5, trace width: 5000, from corner: 1, ok_point: (1595002,-1303000), target: (1591000,-1303000)
2026-08-15 22:29:31.882 DEBUG  InsertFoundConnectionAlgo: insert trace failed for net #5 at corner 2/2 on layer 5, trace width: 2500, from corner: 1, ok_point: (1611000,-1279969), target: (1611000,-1272200)
2026-08-15 22:29:31.888 DEBUG  InsertFoundConnectionAlgo: insert trace failed for net #188 at corner 3/3 on layer 5, trace width: 5000, from corner: 0, ok_point: (1611000,-1303000), target: (1607000,-1303000)
2026-08-15 22:29:31.894 DEBUG  InsertFoundConnectionAlgo: insert trace failed for net #188 at corner 3/3 on layer 5, trace width: 5000, from corner: 0, ok_point: (1611000,-1303000), target: (1607000,-1303000)
2026-08-15 22:29:31.899 DEBUG  InsertFoundConnectionAlgo: insert trace failed for net #188 at corner 3/3 on layer 5, trace width: 5000, from corner: 0, ok_point: (1611000,-1303000), target: (1607000,-1303000)
2026-08-15 22:29:31.903 DEBUG  InsertFoundConnectionAlgo: insert trace failed for net #188 at corner 3/3 on layer 5, trace width: 5000, from corner: 0, ok_point: (1611000,-1303000), target: (1607000,-1303000)
2026-08-15 22:29:31.907 DEBUG  InsertFoundConnectionAlgo: insert trace failed for net #188 at corner 2/2 on layer 5, trace width: 5000, from corner: 1, ok_point: (1606998,-1303000), target: (1611000,-1303000)
2026-08-15 22:29:31.960 DEBUG  InsertFoundConnectionAlgo: insert trace failed for net #5 at corner 11/11 on layer 0, trace width: 2500, from corner: 8, ok_point: (2181940,-1140849), target: (2160000,-1135000)
2026-08-15 22:29:32.178 DEBUG  InsertFoundConnectionAlgo: insert trace failed for net #5 at corner 2/2 on layer 0, trace width: 2500, from corner: 0, ok_point: (1134558,-1223443), target: (1151250,-1225000)
2026-08-15 22:29:32.209 DEBUG  InsertFoundConnectionAlgo: insert trace failed for net #105 at corner 3/3 on layer 5, trace width: 5000, from corner: 0, ok_point: (1979000,-950000), target: (1979000,-954000)
2026-08-15 22:29:32.214 DEBUG  InsertFoundConnectionAlgo: insert trace failed for net #105 at corner 3/3 on layer 5, trace width: 5000, from corner: 2, ok_point: (1979000,-954004), target: (1979000,-950000)
2026-08-15 22:29:32.217 DEBUG  InsertFoundConnectionAlgo: insert trace failed for net #105 at corner 3/3 on layer 5, trace width: 5000, from corner: 0, ok_point: (1979000,-950000), target: (1979000,-954000)
2026-08-15 22:29:32.227 DEBUG  InsertFoundConnectionAlgo: insert trace failed for net #5 at corner 1/1 on layer 5, trace width: 2500, from corner: 0, ok_point: (2107250,-970000), target: (2035000,-970000)
2026-08-15 22:29:32.230 DEBUG  InsertFoundConnectionAlgo: insert trace failed for net #188 at corner 1/1 on layer 5, trace width: 5000, from corner: 0, ok_point: (2019000,-970000), target: (2023000,-970000)
2026-08-15 22:29:32.233 DEBUG  InsertFoundConnectionAlgo: insert trace failed for net #188 at corner 1/1 on layer 5, trace width: 5000, from corner: 0, ok_point: (2023000,-970000), target: (2019000,-970000)
2026-08-15 22:29:32.235 DEBUG  InsertFoundConnectionAlgo: insert trace failed for net #105 at corner 1/1 on layer 5, trace width: 5000, from corner: 0, ok_point: (2015000,-970000), target: (2011000,-970000)
2026-08-15 22:29:32.236 DEBUG  InsertFoundConnectionAlgo: insert trace failed for net #105 at corner 1/1 on layer 5, trace width: 5000, from corner: 0, ok_point: (2011000,-970000), target: (2015000,-970000)
2026-08-15 22:29:32.252 DEBUG  InsertFoundConnectionAlgo: insert trace failed for net #188 at corner 2/2 on layer 5, trace width: 5000, from corner: 0, ok_point: (2194219,-1273400), target: (2186000,-1275000)
2026-08-15 22:29:32.375 DEBUG  InsertFoundConnectionAlgo: insert trace failed for net #21 at corner 7/7 on layer 0, trace width: 2500, from corner: 0, ok_point: (2156000,-1029600), target: (2163000,-1029600)
2026-08-15 22:29:32.439 DEBUG  InsertFoundConnectionAlgo: insert trace failed for net #21 at corner 7/7 on layer 0, trace width: 2500, from corner: 0, ok_point: (2163000,-1029600), target: (2156000,-1029600)
2026-08-15 22:29:32.575 DEBUG  InsertFoundConnectionAlgo: insert trace failed for net #260 at corner 1/1 on layer 5, trace width: 5000, from corner: 0, ok_point: (2199625,-1224250), target: (2199625,-1220250)
2026-08-15 22:29:32.576 DEBUG  InsertFoundConnectionAlgo: insert trace failed for net #260 at corner 1/1 on layer 5, trace width: 5000, from corner: 0, ok_point: (2199625,-1224250), target: (2199625,-1220250)
2026-08-15 22:29:32.578 DEBUG  InsertFoundConnectionAlgo: insert trace failed for net #260 at corner 1/1 on layer 5, trace width: 5000, from corner: 0, ok_point: (2199625,-1220250), target: (2199625,-1224250)
2026-08-15 22:29:32.579 DEBUG  InsertFoundConnectionAlgo: insert trace failed for net #260 at corner 1/1 on layer 5, trace width: 5000, from corner: 0, ok_point: (2199625,-1220250), target: (2199625,-1224250)
2026-08-15 22:29:32.630 DEBUG  InsertFoundConnectionAlgo: insert trace failed for net #105 at corner 4/4 on layer 0, trace width: 5000, from corner: 0, ok_point: (1195000,-1128500), target: (1195000,-1135000)
2026-08-15 22:29:32.633 DEBUG  InsertFoundConnectionAlgo: insert trace failed for net #105 at corner 4/4 on layer 0, trace width: 5000, from corner: 0, ok_point: (1195000,-1128500), target: (1195000,-1122000)
2026-08-15 22:29:32.635 DEBUG  InsertFoundConnectionAlgo: insert trace failed for net #105 at corner 4/4 on layer 0, trace width: 5000, from corner: 0, ok_point: (1195000,-1135000), target: (1195000,-1128500)
2026-08-15 22:29:32.801 DEBUG  InsertFoundConnectionAlgo: insert trace failed for net #188 at corner 1/1 on layer 5, trace width: 5000, from corner: 0, ok_point: (2055375,-1175375), target: (2055375,-1170375)
2026-08-15 22:29:32.803 DEBUG  InsertFoundConnectionAlgo: insert trace failed for net #188 at corner 5/5 on layer 5, trace width: 5000, from corner: 0, ok_point: (2055375,-1170375), target: (2055375,-1175375)
2026-08-15 22:29:32.995 DEBUG  InsertFoundConnectionAlgo: insert trace failed for net #5 at corner 12/12 on layer 0, trace width: 2500, from corner: 0, ok_point: (2025000,-1128500), target: (2025000,-1145000)
2026-08-15 22:29:33.004 DEBUG  InsertFoundConnectionAlgo: insert trace failed for net #5 at corner 9/9 on layer 0, trace width: 2500, from corner: 0, ok_point: (2025000,-1145000), target: (2025000,-1128500)
2026-08-15 22:29:33.787 DEBUG  InsertFoundConnectionAlgo: insert trace failed for net #5 at corner 3/3 on layer 5, trace width: 2500, from corner: 0, ok_point: (2035000,-970000), target: (2036521,-970000)
2026-08-15 22:29:33.834 DEBUG  InsertFoundConnectionAlgo: insert trace failed for net #105 at corner 5/5 on layer 5, trace width: 5000, from corner: 0, ok_point: (2011000,-970000), target: (2025000,-995000)
2026-08-15 22:29:34.304 INFO   [DC97D2\DB1F4C] Fanout pass #8 on board '67fa9a3a0db724b71417d0fd8ddba240' completed in 2.86 seconds with 5 SMD pins fanouted, 146 not routed, 0 insert errors, +0 extra vias (0 SMD pins still to check in pass, ripup costs=800).
2026-08-15 22:29:34.305 INFO   Fanout stopped after 8 passes: no progress for 3 consecutive passes.
2026-08-15 22:29:34.465 INFO   [DC97D2\DB1F4C] Fanout stage completed: started with 489 total SMD pins, completed in 28.28 seconds, escaped pins: 192/489 (39.3%), using 27.41 total CPU seconds, 49.87 GB total allocated, and 387.6 MB peak heap usage.
2026-08-15 22:29:34.541 INFO   [DC97D2\DB1F4C] Auto-routing stage started on board '67fa9a3a0db724b71417d0fd8ddba240' for 136 unrouted items.
2026-08-15 22:29:42.705 DEBUG  Queuing item for routing: Via on net 'TYPEC_INT_N' (connected: 14/16)
2026-08-15 22:29:42.707 DEBUG  Queuing item for routing: Via on net 'HP_R_CODEC' (connected: 9/10)
2026-08-15 22:29:42.708 DEBUG  Queuing item for routing: Via on net 'MIC_L_N' (connected: 9/10)
2026-08-15 22:29:42.709 DEBUG  Queuing item for routing: Via on net 'MIC_L_P' (connected: 8/9)
2026-08-15 22:29:42.711 DEBUG  Queuing item for routing: Via on net 'JACK_MIC' (connected: 13/14)
2026-08-15 22:29:42.712 DEBUG  Queuing item for routing: Via on net 'R_LCD_LEDPWM' (connected: 12/14)
2026-08-15 22:29:42.713 DEBUG  Queuing item for routing: Via on net 'R_1V15_HDMI' (connected: 18/20)
2026-08-15 22:29:42.713 DEBUG  Queuing item for routing: Via on net 'nPI_LED_PWR' (connected: 3/11)
2026-08-15 22:29:42.713 DEBUG  Queuing item for routing: Via on net 'nPI_LED_PWR' (connected: 8/11)
2026-08-15 22:29:42.735 DEBUG  Queuing item for routing: PolylineTrace on net 'TYPEC_INT_N' (connected: 2/16)
2026-08-15 22:29:42.736 DEBUG  Queuing item for routing: PolylineTrace on net 'HP_L_CODEC' (connected: 2/3)
2026-08-15 22:29:42.736 DEBUG  Queuing item for routing: PolylineTrace on net 'JACK_MIC' (connected: 1/14)
2026-08-15 22:29:42.736 DEBUG  Queuing item for routing: PolylineTrace on net 'R_LCD_LEDPWM' (connected: 2/14)
2026-08-15 22:29:42.736 DEBUG  Queuing item for routing: PolylineTrace on net 'R_1V15_HDMI' (connected: 2/20)
2026-08-15 22:29:42.739 DEBUG  Queuing item for routing: PolylineTrace on net 'GND' (connected: 14/27)
2026-08-15 22:29:42.739 DEBUG  Queuing item for routing: Pin on net 'VBAT_SYS' (connected: 1/36)
2026-08-15 22:29:42.739 DEBUG  Queuing item for routing: Pin on net 'VBAT_SYS' (connected: 13/36)
2026-08-15 22:29:42.739 DEBUG  Queuing item for routing: Pin on net '+1V05_USB' (connected: 12/36)
2026-08-15 22:29:42.739 DEBUG  Queuing item for routing: Pin on net 'DISPLAY_1V8' (connected: 16/65)
2026-08-15 22:29:42.739 DEBUG  Queuing item for routing: Pin on net '+3V3' (connected: 1/113)
2026-08-15 22:29:42.739 DEBUG  Queuing item for routing: Pin on net '+3V3' (connected: 1/113)
2026-08-15 22:29:42.740 DEBUG  Queuing item for routing: Pin on net '+5V_SYS' (connected: 1/88)
2026-08-15 22:29:42.740 DEBUG  Queuing item for routing: Pin on net '+5V_SYS' (connected: 1/88)
2026-08-15 22:29:42.740 DEBUG  Queuing item for routing: Pin on net '+3V3' (connected: 1/113)
2026-08-15 22:29:42.740 DEBUG  Queuing item for routing: Pin on net '+5V_SYS' (connected: 1/88)
2026-08-15 22:29:42.740 DEBUG  Queuing item for routing: Pin on net '+5V_SYS' (connected: 1/88)
2026-08-15 22:29:42.740 DEBUG  Queuing item for routing: Pin on net 'VBUS_CHARGE' (connected: 1/20)
2026-08-15 22:29:42.740 DEBUG  Queuing item for routing: Pin on net 'VBUS_CHARGE' (connected: 1/20)
2026-08-15 22:29:42.740 DEBUG  Queuing item for routing: Pin on net 'VBUS_CHARGE' (connected: 4/20)
2026-08-15 22:29:42.741 DEBUG  Queuing item for routing: Pin on net 'VBUS_CHARGE' (connected: 1/20)
2026-08-15 22:29:42.741 DEBUG  Queuing item for routing: Pin on net '+3V3' (connected: 6/113)
2026-08-15 22:29:42.741 DEBUG  Queuing item for routing: Pin on net 'VBAT_SYS' (connected: 5/36)
2026-08-15 22:29:42.741 DEBUG  Queuing item for routing: Pin on net 'BAT+' (connected: 1/4)
2026-08-15 22:29:42.741 DEBUG  Queuing item for routing: Pin on net 'BAT+' (connected: 1/4)
2026-08-15 22:29:42.741 DEBUG  Queuing item for routing: Pin on net 'BATP' (connected: 1/2)
2026-08-15 22:29:42.742 DEBUG  Queuing item for routing: Pin on net '+5V_SYS' (connected: 34/88)
2026-08-15 22:29:42.742 DEBUG  Queuing item for routing: Pin on net '+5V_SYS' (connected: 3/88)
2026-08-15 22:29:42.742 DEBUG  Queuing item for routing: Pin on net 'LED_BOOST' (connected: 6/9)
2026-08-15 22:29:42.743 DEBUG  Queuing item for routing: Pin on net 'DISPLAY_1V8' (connected: 4/65)
2026-08-15 22:29:42.743 DEBUG  Queuing item for routing: Pin on net 'DISPLAY_1V8' (connected: 3/65)
2026-08-15 22:29:42.743 DEBUG  Queuing item for routing: Pin on net '+5V_SYS' (connected: 4/88)
2026-08-15 22:29:42.743 DEBUG  Queuing item for routing: Pin on net 'DISPLAY_1V15' (connected: 5/14)
2026-08-15 22:29:42.743 DEBUG  Queuing item for routing: Pin on net 'DISPLAY_3V3' (connected: 3/22)
2026-08-15 22:29:42.744 DEBUG  Queuing item for routing: Pin on net 'LCD_VSN' (connected: 1/7)
2026-08-15 22:29:42.744 DEBUG  Queuing item for routing: Pin on net '+5V_SYS' (connected: 3/88)
2026-08-15 22:29:42.744 DEBUG  Queuing item for routing: Pin on net '+5V_SYS' (connected: 9/88)
2026-08-15 22:29:42.744 DEBUG  Queuing item for routing: Pin on net 'LCD_VSP' (connected: 1/7)
2026-08-15 22:29:42.744 DEBUG  Queuing item for routing: Pin on net '+3V3' (connected: 3/113)
2026-08-15 22:29:42.745 DEBUG  Queuing item for routing: Pin on net '+5V_SYS' (connected: 1/88)
2026-08-15 22:29:42.745 DEBUG  Queuing item for routing: Pin on net 'LCD_VSP' (connected: 1/7)
2026-08-15 22:29:42.745 DEBUG  Queuing item for routing: Pin on net '+5V_SYS' (connected: 1/88)
2026-08-15 22:29:42.746 DEBUG  Queuing item for routing: Pin on net 'LCD_VSN' (connected: 1/7)
2026-08-15 22:29:42.746 DEBUG  Queuing item for routing: Pin on net '+5V_SYS' (connected: 8/88)
2026-08-15 22:29:42.746 DEBUG  Queuing item for routing: Pin on net 'DISPLAY_1V8' (connected: 3/65)
2026-08-15 22:29:42.746 DEBUG  Queuing item for routing: Pin on net 'LED_BOOST' (connected: 1/9)
2026-08-15 22:29:42.746 DEBUG  Queuing item for routing: Pin on net 'DISPLAY_1V8' (connected: 1/65)
2026-08-15 22:29:42.747 DEBUG  Queuing item for routing: Pin on net 'DISPLAY_3V3' (connected: 3/22)
2026-08-15 22:29:42.747 DEBUG  Queuing item for routing: Pin on net '+3V3' (connected: 3/113)
2026-08-15 22:29:42.747 DEBUG  Queuing item for routing: Pin on net 'DISPLAY_1V15' (connected: 1/14)
2026-08-15 22:29:42.748 DEBUG  Queuing item for routing: Pin on net '+3V3' (connected: 3/113)
2026-08-15 22:29:42.748 DEBUG  Queuing item for routing: Pin on net '+3V3' (connected: 7/113)
2026-08-15 22:29:42.748 DEBUG  Queuing item for routing: Pin on net 'BAT+' (connected: 1/4)
2026-08-15 22:29:42.748 DEBUG  Queuing item for routing: Pin on net 'BATP' (connected: 1/2)
2026-08-15 22:29:42.750 DEBUG  Queuing item for routing: Pin on net '+3V3' (connected: 1/113)
2026-08-15 22:29:42.750 DEBUG  Queuing item for routing: Pin on net 'DISPLAY_3V3' (connected: 3/22)
2026-08-15 22:29:42.750 DEBUG  Queuing item for routing: Pin on net 'DISPLAY_1V15' (connected: 5/14)
2026-08-15 22:29:42.750 DEBUG  Queuing item for routing: Pin on net 'DISPLAY_1V8' (connected: 1/65)
2026-08-15 22:29:42.751 DEBUG  Queuing item for routing: Pin on net '+5V_SYS' (connected: 1/88)
2026-08-15 22:29:42.751 DEBUG  Queuing item for routing: Pin on net '+3V3' (connected: 1/113)
2026-08-15 22:29:42.752 DEBUG  Queuing item for routing: Pin on net '+5V_SYS' (connected: 8/88)
2026-08-15 22:29:42.752 DEBUG  Queuing item for routing: Pin on net '+3V3' (connected: 1/113)
2026-08-15 22:29:42.752 DEBUG  Queuing item for routing: Pin on net '+3V3' (connected: 1/113)
2026-08-15 22:29:42.752 DEBUG  Queuing item for routing: Pin on net '+5V_SYS' (connected: 1/88)
2026-08-15 22:29:42.754 DEBUG  Queuing item for routing: Pin on net 'VBAT_SYS' (connected: 9/36)
2026-08-15 22:29:42.754 DEBUG  Queuing item for routing: Pin on net 'VBUS_CHARGE' (connected: 1/20)
2026-08-15 22:29:42.754 DEBUG  Queuing item for routing: Pin on net 'BAT+' (connected: 1/4)
2026-08-15 22:29:42.754 DEBUG  Queuing item for routing: Pin on net '+5V_SYS' (connected: 5/88)
2026-08-15 22:29:42.754 DEBUG  Queuing item for routing: Pin on net 'VBUS_CHARGE' (connected: 5/20)
2026-08-15 22:29:42.755 DEBUG  Queuing item for routing: Pin on net '+3V3' (connected: 2/113)
2026-08-15 22:29:42.755 DEBUG  Queuing item for routing: Pin on net 'VBAT_SYS' (connected: 3/36)
2026-08-15 22:29:42.755 DEBUG  Queuing item for routing: Pin on net 'VBAT_SYS' (connected: 3/36)
2026-08-15 22:29:42.755 DEBUG  Queuing item for routing: Pin on net 'VBAT_SYS' (connected: 1/36)
2026-08-15 22:29:42.755 DEBUG  Queuing item for routing: Pin on net '+2V8_MIC' (connected: 1/4)
2026-08-15 22:29:42.755 DEBUG  Queuing item for routing: Pin on net '+2V8_MIC' (connected: 1/4)
2026-08-15 22:29:42.755 DEBUG  Queuing item for routing: Pin on net '+3V3_AUDIO' (connected: 10/24)
2026-08-15 22:29:42.756 DEBUG  Queuing item for routing: Pin on net '+3V3' (connected: 8/113)
2026-08-15 22:29:42.756 DEBUG  Queuing item for routing: Pin on net '+1V05_USB' (connected: 1/36)
2026-08-15 22:29:42.756 DEBUG  Queuing item for routing: Pin on net '+1V05_USB' (connected: 1/36)
2026-08-15 22:29:42.756 DEBUG  Queuing item for routing: Pin on net '+3V3' (connected: 1/113)
2026-08-15 22:29:42.756 DEBUG  Queuing item for routing: Pin on net '+1V05_USB' (connected: 1/36)
2026-08-15 22:29:42.756 DEBUG  Queuing item for routing: Pin on net '+1V05_USB' (connected: 1/36)
2026-08-15 22:29:42.756 DEBUG  Queuing item for routing: Pin on net '+3V3' (connected: 12/113)
2026-08-15 22:29:42.757 DEBUG  Queuing item for routing: Pin on net '+1V05_USB' (connected: 1/36)
2026-08-15 22:29:42.757 DEBUG  Queuing item for routing: Pin on net '+3V3' (connected: 1/113)
2026-08-15 22:29:42.757 DEBUG  Queuing item for routing: Pin on net '+1V05_USB' (connected: 1/36)
2026-08-15 22:29:42.757 DEBUG  Queuing item for routing: Pin on net '+1V05_USB' (connected: 1/36)
2026-08-15 22:29:42.757 DEBUG  Queuing item for routing: Pin on net '+3V3' (connected: 1/113)
2026-08-15 22:29:42.758 DEBUG  Queuing item for routing: Pin on net '+3V3' (connected: 1/113)
2026-08-15 22:29:42.758 DEBUG  Queuing item for routing: Pin on net '+3V3' (connected: 1/113)
2026-08-15 22:29:42.758 DEBUG  Queuing item for routing: Pin on net 'LED_BOOST' (connected: 1/9)
2026-08-15 22:29:42.758 DEBUG  Queuing item for routing: Pin on net 'LCD_VSN' (connected: 1/7)
2026-08-15 22:29:42.758 DEBUG  Queuing item for routing: Pin on net 'DISPLAY_1V8' (connected: 1/65)
2026-08-15 22:29:42.758 DEBUG  Queuing item for routing: Pin on net 'LCD_VSP' (connected: 1/7)
2026-08-15 22:29:42.758 DEBUG  Queuing item for routing: Pin on net 'DISPLAY_1V8' (connected: 1/65)
2026-08-15 22:29:42.759 DEBUG  Queuing item for routing: Pin on net '+5V_SYS' (connected: 1/88)
2026-08-15 22:29:42.759 DEBUG  Queuing item for routing: Pin on net 'VBUS_USB_HOST' (connected: 1/12)
2026-08-15 22:29:42.759 DEBUG  Queuing item for routing: Pin on net 'VBUS_CHARGE' (connected: 1/20)
2026-08-15 22:29:42.759 DEBUG  Queuing item for routing: Pin on net 'VBUS_CHARGE' (connected: 1/20)
2026-08-15 22:29:42.759 DEBUG  Queuing item for routing: Pin on net 'VBUS_CHARGE' (connected: 1/20)
2026-08-15 22:29:42.759 DEBUG  Queuing item for routing: Pin on net '+3V3' (connected: 5/113)
2026-08-15 22:29:42.759 DEBUG  Queuing item for routing: Pin on net '+2V8_MIC' (connected: 1/4)
2026-08-15 22:29:42.759 DEBUG  Queuing item for routing: Pin on net 'DISPLAY_1V8' (connected: 3/65)
2026-08-15 22:29:42.759 DEBUG  Queuing item for routing: Pin on net 'DISPLAY_1V8' (connected: 10/65)
2026-08-15 22:29:42.763 DEBUG  Queuing item for routing: Pin on net 'DISPLAY_1V8' (connected: 5/65)
2026-08-15 22:29:42.763 DEBUG  Queuing item for routing: Pin on net 'VBUS_USB_HOST' (connected: 5/12)
2026-08-15 22:29:42.763 DEBUG  Queuing item for routing: Pin on net 'VBUS_USB_HOST' (connected: 6/12)
2026-08-15 22:29:42.763 DEBUG  Queuing item for routing: Pin on net '+3V3' (connected: 6/113)
2026-08-15 22:29:42.764 DEBUG  Queuing item for routing: Pin on net 'HP_R_CODEC' (connected: 1/10)
2026-08-15 22:29:42.764 DEBUG  Queuing item for routing: Pin on net '+3V3_AUDIO' (connected: 14/24)
2026-08-15 22:29:42.764 DEBUG  Queuing item for routing: Pin on net 'HP_L_CODEC' (connected: 1/3)
2026-08-15 22:29:42.764 DEBUG  Queuing item for routing: Pin on net 'MIC_L_N' (connected: 1/10)
2026-08-15 22:29:42.764 DEBUG  Queuing item for routing: Pin on net 'MIC_L_P' (connected: 1/9)
2026-08-15 22:29:42.764 DEBUG  Queuing item for routing: Pin on net '+3V3' (connected: 1/113)
2026-08-15 22:29:42.765 DEBUG  Queuing item for routing: Pin on net '+3V3' (connected: 3/113)
2026-08-15 22:29:42.765 DEBUG  Queuing item for routing: Pin on net 'VBUS_CHARGE' (connected: 2/20)
2026-08-15 22:29:42.765 DEBUG  Queuing item for routing: Pin on net 'VBUS_CHARGE' (connected: 2/20)
2026-08-15 22:29:42.765 DEBUG  Queuing item for routing: Pin on net '+3V3' (connected: 3/113)
2026-08-15 22:29:42.766 DEBUG  Queuing item for routing: Pin on net 'DISPLAY_3V3' (connected: 3/22)
2026-08-15 22:29:42.766 DEBUG  Queuing item for routing: Pin on net 'DISPLAY_3V3' (connected: 6/22)
2026-08-15 22:29:42.767 DEBUG  Queuing item for routing: Pin on net 'DISPLAY_1V8' (connected: 5/65)
2026-08-15 22:29:42.767 DEBUG  Queuing item for routing: Pin on net '+3V3' (connected: 11/113)
2026-08-15 22:29:42.767 DEBUG  Queuing item for routing: Pin on net 'DISPLAY_1V15' (connected: 1/14)
2026-08-15 22:29:42.767 DEBUG  Queuing item for routing: Pin on net 'DISPLAY_3V3' (connected: 1/22)
2026-08-15 22:29:42.768 DEBUG  Queuing item for routing: Pin on net 'DISPLAY_1V8' (connected: 1/65)
2026-08-15 22:29:42.768 DEBUG  Queuing item for routing: Pin on net 'DISPLAY_1V15' (connected: 1/14)
2026-08-15 22:29:42.768 DEBUG  Queuing item for routing: Pin on net '+1V05_USB' (connected: 12/36)
2026-08-15 22:29:42.769 DEBUG  Queuing item for routing: Pin on net '+3V3' (connected: 13/113)
2026-08-15 22:29:42.769 DEBUG  Queuing item for routing: Pin on net '+2V8_MIC' (connected: 1/4)
2026-08-15 22:29:42.769 DEBUG  Queuing item for routing: Pin on net '+3V3' (connected: 1/113)
2026-08-15 22:29:42.770 DEBUG  Queuing item for routing: Pin on net '+1V05_USB' (connected: 3/36)
2026-08-15 22:29:42.770 DEBUG  Queuing item for routing: Pin on net 'VBAT_SYS' (connected: 1/36)
2026-08-15 22:29:42.770 DEBUG  Queuing item for routing: Pin on net 'DISPLAY_1V15' (connected: 1/14)
2026-08-15 22:29:42.771 DEBUG  Queuing item for routing: Pin on net 'LCD_VSN' (connected: 1/7)
2026-08-15 22:29:42.771 DEBUG  Queuing item for routing: Pin on net '+5V_SYS' (connected: 3/88)
2026-08-15 22:29:42.771 DEBUG  Queuing item for routing: Pin on net 'LCD_VSP' (connected: 1/7)
2026-08-15 22:29:42.771 DEBUG  Queuing item for routing: Pin on net 'DISPLAY_3V3' (connected: 3/22)
2026-08-15 22:29:42.772 DEBUG  Queuing item for routing: Pin on net 'DISPLAY_1V8' (connected: 1/65)
2026-08-15 22:29:42.776 DEBUG  Queuing item for routing: Pin on net 'LED_BOOST' (connected: 1/9)
2026-08-15 22:29:42.780 DEBUG  Queuing item for routing: Pin on net 'LCD_VSN' (connected: 1/7)
2026-08-15 22:29:42.780 DEBUG  Queuing item for routing: Pin on net 'DISPLAY_1V8' (connected: 1/65)
2026-08-15 22:29:42.781 DEBUG  Queuing item for routing: Pin on net 'LCD_VSP' (connected: 1/7)
2026-08-15 22:29:42.781 DEBUG  Queuing item for routing: Pin on net 'DISPLAY_1V8' (connected: 1/65)
2026-08-15 22:29:42.781 DEBUG  Queuing item for routing: Pin on net 'LCD_VSN' (connected: 1/7)
2026-08-15 22:29:42.781 DEBUG  Queuing item for routing: Pin on net 'LCD_VSN' (connected: 1/7)
2026-08-15 22:29:42.781 DEBUG  Queuing item for routing: Pin on net 'DISPLAY_1V8' (connected: 1/65)
2026-08-15 22:29:42.782 DEBUG  Queuing item for routing: Pin on net 'LCD_VSP' (connected: 1/7)
2026-08-15 22:29:42.782 DEBUG  Queuing item for routing: Pin on net 'LCD_VSP' (connected: 1/7)
2026-08-15 22:29:42.782 DEBUG  Queuing item for routing: Pin on net 'DISPLAY_1V8' (connected: 3/65)
2026-08-15 22:29:42.782 DEBUG  Queuing item for routing: Pin on net '+1V05_USB' (connected: 1/36)
2026-08-15 22:29:42.783 DEBUG  Queuing item for routing: Pin on net '+3V3' (connected: 1/113)
2026-08-15 22:29:42.783 DEBUG  Queuing item for routing: Pin on net 'DISPLAY_1V8' (connected: 1/65)
2026-08-15 22:29:42.783 DEBUG  Queuing item for routing: Pin on net '+1V05_USB' (connected: 1/36)
2026-08-15 22:29:42.783 DEBUG  Queuing item for routing: Pin on net '+3V3' (connected: 3/113)
2026-08-15 22:29:42.784 DEBUG  Queuing item for routing: Pin on net '+3V3' (connected: 1/113)
2026-08-15 22:29:42.785 DEBUG  Queuing item for routing: Pin on net 'DISPLAY_1V8' (connected: 3/65)
2026-08-15 22:29:42.785 DEBUG  Queuing item for routing: Pin on net 'GND' (connected: 1/27)
2026-08-15 22:29:46.835 DEBUG  [DC97D2\DB1F4C] Pass #1: 136 incompletes across 166 items to route
2026-08-15 22:29:46.835 DEBUG  [DC97D2\DB1F4C]   Net 'GND' has 1 incomplete(s)
2026-08-15 22:29:46.835 DEBUG  [DC97D2\DB1F4C]   Net '+3V3' has 30 incomplete(s)
2026-08-15 22:29:46.835 DEBUG  [DC97D2\DB1F4C]   Net 'DISPLAY_1V8' has 19 incomplete(s)
2026-08-15 22:29:46.835 DEBUG  [DC97D2\DB1F4C]   Net 'LCD_VSP' has 6 incomplete(s)
2026-08-15 22:29:46.835 DEBUG  [DC97D2\DB1F4C]   Net 'LCD_VSN' has 6 incomplete(s)
2026-08-15 22:29:46.835 DEBUG  [DC97D2\DB1F4C]   Net 'LED_BOOST' has 3 incomplete(s)
2026-08-15 22:29:46.835 DEBUG  [DC97D2\DB1F4C]   Net 'nPI_LED_PWR' has 1 incomplete(s)
2026-08-15 22:29:46.835 DEBUG  [DC97D2\DB1F4C]   Net '+1V05_USB' has 11 incomplete(s)
2026-08-15 22:29:46.835 DEBUG  [DC97D2\DB1F4C]   Net 'DISPLAY_3V3' has 6 incomplete(s)
2026-08-15 22:29:46.835 DEBUG  [DC97D2\DB1F4C]   Net 'DISPLAY_1V15' has 5 incomplete(s)
2026-08-15 22:29:46.835 DEBUG  [DC97D2\DB1F4C]   Net '+3V3_AUDIO' has 1 incomplete(s)
2026-08-15 22:29:46.835 DEBUG  [DC97D2\DB1F4C]   Net 'VBUS_CHARGE' has 10 incomplete(s)
2026-08-15 22:29:46.835 DEBUG  [DC97D2\DB1F4C]   Net 'MIC_L_P' has 1 incomplete(s)
2026-08-15 22:29:46.836 DEBUG  [DC97D2\DB1F4C]   Net 'MIC_L_N' has 1 incomplete(s)
2026-08-15 22:29:46.836 DEBUG  [DC97D2\DB1F4C]   Net 'HP_R_CODEC' has 1 incomplete(s)
2026-08-15 22:29:46.836 DEBUG  [DC97D2\DB1F4C]   Net 'VBUS_USB_HOST' has 2 incomplete(s)
2026-08-15 22:29:46.836 DEBUG  [DC97D2\DB1F4C]   Net '+2V8_MIC' has 3 incomplete(s)
2026-08-15 22:29:46.836 DEBUG  [DC97D2\DB1F4C]   Net '+5V_SYS' has 17 incomplete(s)
2026-08-15 22:29:46.836 DEBUG  [DC97D2\DB1F4C]   Net 'TYPEC_INT_N' has 1 incomplete(s)
2026-08-15 22:29:46.836 DEBUG  [DC97D2\DB1F4C]   Net 'VBAT_SYS' has 7 incomplete(s)
2026-08-15 22:29:46.836 DEBUG  [DC97D2\DB1F4C]   Net 'BATP' has 1 incomplete(s)
2026-08-15 22:29:46.836 DEBUG  [DC97D2\DB1F4C]   Net 'BAT+' has 3 incomplete(s)
2026-08-15 22:30:03.562 DEBUG  FloatLine: one or both endpoints are null (degenerate line segment)
2026-08-15 22:30:07.583 DEBUG  FloatLine: one or both endpoints are null (degenerate line segment)
2026-08-15 22:30:07.585 DEBUG  InsertFoundConnectionAlgo: insert trace failed for net #89 at corner 3/3 on layer 0, trace width: 750, from corner: 0, ok_point: (2159500,-1048580), target: (2159500,-1049410)
2026-08-15 22:30:07.640 DEBUG  [DC97D2\DB1F4C] Autorouter Failed to route connection between polylinetrace, polylinetrace and via, via, polylinetrace, polylinetrace, polylinetrace, polylinetrace, polylinetrace, polylinetrace, polylinetrace, polylinetrace, polylinetrace, pin of component #4, because the new connection could not be inserted.
2026-08-15 22:30:11.677 DEBUG  FloatLine: one or both endpoints are null (degenerate line segment)
2026-08-15 22:30:24.296 DEBUG  ShapeSearchTree45Degree.complete_shape: non-IntOctagon contained shape, using bounding octagon approximation
2026-08-15 22:30:24.304 DEBUG  PolylineTrace.normalize: max normalization depth (16) reached for trace #6855 on net 192 — stopping recursion, trace kept as-is.
2026-08-15 22:30:28.346 DEBUG  FloatLine: one or both endpoints are null (degenerate line segment)
2026-08-15 22:30:32.865 DEBUG  FloatLine: one or both endpoints are null (degenerate line segment)
2026-08-15 22:30:32.867 DEBUG  ShapeSearchTree45Degree.complete_shape: non-IntOctagon contained shape, using bounding octagon approximation
2026-08-15 22:30:32.868 DEBUG  ShapeSearchTree45Degree.complete_shape: non-IntOctagon contained shape, using bounding octagon approximation
2026-08-15 22:30:32.869 DEBUG  ShapeSearchTree45Degree.complete_shape: non-IntOctagon contained shape, using bounding octagon approximation
2026-08-15 22:30:32.871 DEBUG  InsertFoundConnectionAlgo: insert trace failed for net #92 at corner 1/1 on layer 0, trace width: 750, from corner: 0, ok_point: (1225000,-1242837), target: (1225000,-1237630)
2026-08-15 22:30:32.936 DEBUG  [DC97D2\DB1F4C] Autorouter Failed to route connection between via, via, polylinetrace, polylinetrace, polylinetrace, polylinetrace, polylinetrace, polylinetrace, polylinetrace, polylinetrace, polylinetrace, polylinetrace, pin #3 of component #156 and polylinetrace, because the new connection could not be inserted.
2026-08-15 22:30:37.149 DEBUG  FloatLine: one or both endpoints are null (degenerate line segment)
2026-08-15 22:30:37.152 DEBUG  ShapeSearchTree45Degree.complete_shape: non-IntOctagon contained shape, using bounding octagon approximation
2026-08-15 22:30:37.152 DEBUG  ShapeSearchTree45Degree.complete_shape: non-IntOctagon contained shape, using bounding octagon approximation
2026-08-15 22:30:37.152 DEBUG  ShapeSearchTree45Degree.complete_shape: non-IntOctagon contained shape, using bounding octagon approximation
2026-08-15 22:30:37.153 DEBUG  ShapeSearchTree45Degree.complete_shape: non-IntOctagon contained shape, using bounding octagon approximation
2026-08-15 22:30:41.133 DEBUG  FloatLine: one or both endpoints are null (degenerate line segment)
2026-08-15 22:30:41.136 DEBUG  ShapeSearchTree45Degree.complete_shape: non-IntOctagon contained shape, using bounding octagon approximation
2026-08-15 22:30:41.136 DEBUG  ShapeSearchTree45Degree.complete_shape: non-IntOctagon contained shape, using bounding octagon approximation
2026-08-15 22:30:41.136 DEBUG  ShapeSearchTree45Degree.complete_shape: non-IntOctagon contained shape, using bounding octagon approximation
2026-08-15 22:30:45.230 DEBUG  FloatLine: one or both endpoints are null (degenerate line segment)
2026-08-15 22:30:46.957 DEBUG  InsertFoundConnectionAlgo: insert trace failed for net #1 at corner 47/47 on layer 3, trace width: 1250, from corner: 6, ok_point: (2288604,-1104480), target: (2106000,-1162000)
2026-08-15 22:30:47.021 DEBUG  [DC97D2\DB1F4C] Autorouter Failed to route connection between polylinetrace, polylinetrace, polylinetrace, polylinetrace, polylinetrace, polylinetrace, polylinetrace, polylinetrace, polylinetrace, polylinetrace, polylinetrace, polylinetrace, polylinetrace, polylinetrace and via, via, polylinetrace, polylinetrace, polylinetrace, polylinetrace, polylinetrace, polylinetrace, polylinetrace, polylinetrace, pin #1 of component #1, conductionarea, conductionarea, because the new connection could not be inserted.
2026-08-15 22:30:54.602 DEBUG  [DC97D2\DB1F4C] Autorouter Failed to route connection between polylinetrace, polylinetrace, polylinetrace, polylinetrace, polylinetrace, polylinetrace, via, polylinetrace, polylinetrace, polylinetrace, via, polylinetrace, polylinetrace, via, polylinetrace, polylinetrace, via, polylinetrace, polylinetrace, via, polylinetrace, polylinetrace, pin #4 of component #311, pin #3 of component #311, pin #2 of component #311, pin #1 of component #311, pin #24 of component #301, pin of component #217, pin of component #211, pin of component #200, pin of component #199, pin of component #194, pin of component #190, pin of component #189, pin of component #117 and pin #11 of component #311, because no connection was found between their nets.
2026-08-15 22:30:58.950 DEBUG  InsertFoundConnectionAlgo: insert trace failed for net #207 at corner 22/22 on layer 5, trace width: 5000, from corner: 0, ok_point: (1155093,-1250864), target: (1055000,-1253039)
2026-08-15 22:30:59.019 DEBUG  [DC97D2\DB1F4C] Autorouter Failed to route connection between polylinetrace, polylinetrace, polylinetrace, via, polylinetrace, polylinetrace, via, polylinetrace, polylinetrace, via, polylinetrace, polylinetrace, via, pin #11 of component #311, pin #24 of component #301, pin of component #217, pin of component #211, pin of component #200, pin of component #199, pin of component #194, pin of component #190, pin of component #189, pin of component #117 and polylinetrace, polylinetrace, polylinetrace, polylinetrace, polylinetrace, polylinetrace, via, polylinetrace, polylinetrace, pin #4 of component #311, pin #3 of component #311, pin #2 of component #311, pin #1 of component #311, because the new connection could not be inserted.
2026-08-15 22:31:11.547 DEBUG  InsertFoundConnectionAlgo: insert trace failed for net #5 at corner 12/12 on layer 5, trace width: 2500, from corner: 11, ok_point: (2050739,-985739), target: (2035000,-970000)
2026-08-15 22:31:11.610 DEBUG  [DC97D2\DB1F4C] Autorouter Failed to route connection between polylinetrace, polylinetrace, polylinetrace, polylinetrace, polylinetrace, polylinetrace, polylinetrace, polylinetrace, polylinetrace, polylinetrace, polylinetrace, via, polylinetrace, polylinetrace, via, polylinetrace, via, polylinetrace, polylinetrace, polylinetrace, polylinetrace, polylinetrace, polylinetrace, polylinetrace, polylinetrace, polylinetrace, via, polylinetrace, polylinetrace, polylinetrace, polylinetrace, polylinetrace, via, polylinetrace, via, polylinetrace, via, polylinetrace, polylinetrace, polylinetrace, polylinetrace, polylinetrace, polylinetrace, via, polylinetrace, polylinetrace, polylinetrace, polylinetrace, polylinetrace, polylinetrace, polylinetrace, polylinetrace, via, polylinetrace, polylinetrace, polylinetrace, polylinetrace, polylinetrace, polylinetrace, polylinetrace, via, polylinetrace, polylinetrace, pin of component #306, pin #37 of component #303, pin #5 of component #302, pin of component #302, pin #4 of component #276, pin of component #259, pin of component #250, pin of component #244, pin of component #232, pin of component #231, pin of component #230, pin #85 of component #223, pin #83 of component #223, pin #77 of component #223, pin of component #206, pin of component #198, pin #42 of component #184, pin #33 of component #184, pin #24 of component #184, pin #21 of component #184, pin #11 of component #184, pin #2 of component #184, pin #11 of component #183, pin #2 of component #183, pin #2 of component #178, pin #1 of component #171, pin #1 of component #167, pin #29 of component #162, pin #5 of component #162, pin of component #161, pin #3 of component #158, pin of component #147, pin of component #138, pin of component #137, pin of component #135, pin of component #133, pin of component #132, pin of component #122, pin of component #51, pin of component #49, pin of component #44, pin of component #29, pin of component #28, pin #5 of component #26, pin of component #19, pin of component #16, pin of component #14, pin of component #9, pin of component #3 and pin #1 of component #308, because the new connection could not be inserted.
2026-08-15 22:31:24.066 DEBUG  InsertFoundConnectionAlgo: insert trace failed for net #188 at corner 1/1 on layer 5, trace width: 5000, from corner: 0, ok_point: (2055375,-1175375), target: (2055375,-1170375)
2026-08-15 22:31:24.124 DEBUG  [DC97D2\DB1F4C] Autorouter Failed to route connection between polylinetrace, polylinetrace, polylinetrace, via, polylinetrace, polylinetrace, polylinetrace, polylinetrace, polylinetrace, polylinetrace, polylinetrace, polylinetrace, polylinetrace, via, polylinetrace, via, polylinetrace, polylinetrace, via, polylinetrace, via, polylinetrace, polylinetrace, via, polylinetrace, via, polylinetrace, polylinetrace, polylinetrace, polylinetrace, polylinetrace, polylinetrace, polylinetrace, polylinetrace, polylinetrace, via, polylinetrace, polylinetrace, polylinetrace, polylinetrace, via, polylinetrace, polylinetrace, polylinetrace, polylinetrace, polylinetrace, polylinetrace, polylinetrace, polylinetrace, polylinetrace, polylinetrace, polylinetrace, polylinetrace, polylinetrace, pin #22 of component #305, pin #34 of component #303, pin #33 of component #303, pin #1 of component #300, pin of component #299, pin #3 of component #297, pin of component #297, pin #3 of component #296, pin of component #296, pin #3 of component #295, pin of component #295, pin of component #288, pin of component #281, pin of component #280, pin of component #279, pin of component #278, pin #3 of component #275, pin of component #275, pin #6 of component #274, pin of component #269, pin of component #247, pin of component #227, pin #86 of component #223, pin #84 of component #223, pin #82 of component #223, pin #80 of component #223, pin #78 of component #223, pin #76 of component #223, pin of component #213, pin of component #204, pin #5 of component #181, pin of component #120, pin of component #104 and pin #23 of component #305, because the new connection could not be inserted.
2026-08-15 22:31:28.595 DEBUG  InsertFoundConnectionAlgo: insert trace failed for net #188 at corner 5/5 on layer 5, trace width: 5000, from corner: 0, ok_point: (2055375,-1170375), target: (2055375,-1175375)
2026-08-15 22:31:28.661 DEBUG  [DC97D2\DB1F4C] Autorouter Failed to route connection between polylinetrace, polylinetrace, polylinetrace, via, polylinetrace, polylinetrace, polylinetrace, polylinetrace, polylinetrace, polylinetrace, polylinetrace, polylinetrace, polylinetrace, via, polylinetrace, via, polylinetrace, polylinetrace, via, polylinetrace, via, polylinetrace, polylinetrace, via, polylinetrace, via, polylinetrace, polylinetrace, polylinetrace, polylinetrace, polylinetrace, polylinetrace, polylinetrace, polylinetrace, polylinetrace, via, polylinetrace, polylinetrace, polylinetrace, polylinetrace, via, polylinetrace, polylinetrace, polylinetrace, polylinetrace, polylinetrace, polylinetrace, polylinetrace, polylinetrace, polylinetrace, polylinetrace, polylinetrace, polylinetrace, polylinetrace, pin #23 of component #305, pin #34 of component #303, pin #33 of component #303, pin #1 of component #300, pin of component #299, pin #3 of component #297, pin of component #297, pin #3 of component #296, pin of component #296, pin #3 of component #295, pin of component #295, pin of component #288, pin of component #281, pin of component #280, pin of component #279, pin of component #278, pin #3 of component #275, pin of component #275, pin #6 of component #274, pin of component #269, pin of component #247, pin of component #227, pin #86 of component #223, pin #84 of component #223, pin #82 of component #223, pin #80 of component #223, pin #78 of component #223, pin #76 of component #223, pin of component #213, pin of component #204, pin #5 of component #181, pin of component #120, pin of component #104 and pin #22 of component #305, because the new connection could not be inserted.
2026-08-15 22:31:32.940 DEBUG  InsertFoundConnectionAlgo: insert trace failed for net #5 at corner 3/3 on layer 5, trace width: 2500, from corner: 0, ok_point: (2035000,-970000), target: (2036521,-970000)
2026-08-15 22:31:33.004 DEBUG  [DC97D2\DB1F4C] Autorouter Failed to route connection between polylinetrace, polylinetrace, polylinetrace, polylinetrace, polylinetrace, polylinetrace, polylinetrace, polylinetrace, polylinetrace, polylinetrace, polylinetrace, via, polylinetrace, polylinetrace, via, polylinetrace, via, polylinetrace, polylinetrace, polylinetrace, polylinetrace, polylinetrace, polylinetrace, polylinetrace, polylinetrace, via, polylinetrace, polylinetrace, polylinetrace, polylinetrace, polylinetrace, via, polylinetrace, via, polylinetrace, via, polylinetrace, polylinetrace, polylinetrace, polylinetrace, polylinetrace, polylinetrace, via, polylinetrace, polylinetrace, polylinetrace, polylinetrace, polylinetrace, polylinetrace, polylinetrace, polylinetrace, via, polylinetrace, polylinetrace, polylinetrace, polylinetrace, polylinetrace, polylinetrace, polylinetrace, via, polylinetrace, polylinetrace, pin #1 of component #308, pin of component #306, pin #5 of component #302, pin of component #302, pin #4 of component #276, pin of component #259, pin of component #250, pin of component #244, pin of component #232, pin of component #231, pin of component #230, pin #85 of component #223, pin #83 of component #223, pin #77 of component #223, pin of component #206, pin of component #198, pin #42 of component #184, pin #33 of component #184, pin #24 of component #184, pin #21 of component #184, pin #11 of component #184, pin #2 of component #184, pin #11 of component #183, pin #2 of component #183, pin #2 of component #178, pin #1 of component #171, pin #1 of component #167, pin #29 of component #162, pin #5 of component #162, pin of component #161, pin #3 of component #158, pin of component #147, pin of component #138, pin of component #137, pin of component #135, pin of component #133, pin of component #132, pin of component #122, pin of component #51, pin of component #49, pin of component #44, pin of component #29, pin of component #28, pin #5 of component #26, pin of component #19, pin of component #16, pin of component #14, pin of component #9, pin of component #3 and pin #37 of component #303, because the new connection could not be inserted.
2026-08-15 22:31:36.921 DEBUG  InsertFoundConnectionAlgo: insert trace failed for net #188 at corner 1/1 on layer 5, trace width: 5000, from corner: 0, ok_point: (2023000,-970000), target: (2019000,-970000)
2026-08-15 22:31:36.979 DEBUG  [DC97D2\DB1F4C] Autorouter Failed to route connection between polylinetrace, polylinetrace, polylinetrace, via, polylinetrace, polylinetrace, polylinetrace, polylinetrace, polylinetrace, polylinetrace, polylinetrace, polylinetrace, polylinetrace, via, polylinetrace, via, polylinetrace, polylinetrace, via, polylinetrace, via, polylinetrace, polylinetrace, via, polylinetrace, via, polylinetrace, polylinetrace, polylinetrace, polylinetrace, polylinetrace, polylinetrace, polylinetrace, polylinetrace, polylinetrace, via, polylinetrace, polylinetrace, polylinetrace, polylinetrace, via, polylinetrace, polylinetrace, polylinetrace, polylinetrace, polylinetrace, polylinetrace, polylinetrace, polylinetrace, polylinetrace, polylinetrace, polylinetrace, polylinetrace, polylinetrace, pin #23 of component #305, pin #22 of component #305, pin #33 of component #303, pin #1 of component #300, pin of component #299, pin #3 of component #297, pin of component #297, pin #3 of component #296, pin of component #296, pin #3 of component #295, pin of component #295, pin of component #288, pin of component #281, pin of component #280, pin of component #279, pin of component #278, pin #3 of component #275, pin of component #275, pin #6 of component #274, pin of component #269, pin of component #247, pin of component #227, pin #86 of component #223, pin #84 of component #223, pin #82 of component #223, pin #80 of component #223, pin #78 of component #223, pin #76 of component #223, pin of component #213, pin of component #204, pin #5 of component #181, pin of component #120, pin of component #104 and pin #34 of component #303, because the new connection could not be inserted.
2026-08-15 22:31:41.041 DEBUG  InsertFoundConnectionAlgo: insert trace failed for net #188 at corner 1/1 on layer 5, trace width: 5000, from corner: 0, ok_point: (2019000,-970000), target: (2023000,-970000)
2026-08-15 22:31:41.102 DEBUG  [DC97D2\DB1F4C] Autorouter Failed to route connection between polylinetrace, polylinetrace, polylinetrace, via, polylinetrace, polylinetrace, polylinetrace, polylinetrace, polylinetrace, polylinetrace, polylinetrace, polylinetrace, polylinetrace, via, polylinetrace, via, polylinetrace, polylinetrace, via, polylinetrace, via, polylinetrace, polylinetrace, via, polylinetrace, via, polylinetrace, polylinetrace, polylinetrace, polylinetrace, polylinetrace, polylinetrace, polylinetrace, polylinetrace, polylinetrace, via, polylinetrace, polylinetrace, polylinetrace, polylinetrace, via, polylinetrace, polylinetrace, polylinetrace, polylinetrace, polylinetrace, polylinetrace, polylinetrace, polylinetrace, polylinetrace, polylinetrace, polylinetrace, polylinetrace, polylinetrace, pin #23 of component #305, pin #22 of component #305, pin #34 of component #303, pin #1 of component #300, pin of component #299, pin #3 of component #297, pin of component #297, pin #3 of component #296, pin of component #296, pin #3 of component #295, pin of component #295, pin of component #288, pin of component #281, pin of component #280, pin of component #279, pin of component #278, pin #3 of component #275, pin of component #275, pin #6 of component #274, pin of component #269, pin of component #247, pin of component #227, pin #86 of component #223, pin #84 of component #223, pin #82 of component #223, pin #80 of component #223, pin #78 of component #223, pin #76 of component #223, pin of component #213, pin of component #204, pin #5 of component #181, pin of component #120, pin of component #104 and pin #33 of component #303, because the new connection could not be inserted.
2026-08-15 22:31:44.940 DEBUG  InsertFoundConnectionAlgo: insert trace failed for net #105 at corner 1/1 on layer 5, trace width: 5000, from corner: 0, ok_point: (2015000,-970000), target: (2011000,-970000)
2026-08-15 22:31:44.999 DEBUG  [DC97D2\DB1F4C] Autorouter Failed to route connection between polylinetrace, polylinetrace, polylinetrace, polylinetrace, pin #31 of component #303, pin #24 of component #303, pin #23 of component #303, pin #22 of component #303, pin of component #216, pin of component #209, pin of component #202, pin of component #195, pin #5 of component #180, pin #4 of component #180, pin #3 of component #180, pin #17 of component #160, pin #12 of component #160, pin #9 of component #160, pin #4 of component #160 and pin #32 of component #303, because the new connection could not be inserted.
2026-08-15 22:31:48.793 DEBUG  InsertFoundConnectionAlgo: insert trace failed for net #105 at corner 1/1 on layer 5, trace width: 5000, from corner: 0, ok_point: (2011000,-970000), target: (2015000,-970000)
2026-08-15 22:31:48.851 DEBUG  [DC97D2\DB1F4C] Autorouter Failed to route connection between polylinetrace, polylinetrace, polylinetrace, polylinetrace, pin #32 of component #303, pin #24 of component #303, pin #23 of component #303, pin #22 of component #303, pin of component #216, pin of component #209, pin of component #202, pin of component #195, pin #5 of component #180, pin #4 of component #180, pin #3 of component #180, pin #17 of component #160, pin #12 of component #160, pin #9 of component #160, pin #4 of component #160 and pin #31 of component #303, because the new connection could not be inserted.
2026-08-15 22:31:53.248 DEBUG  InsertFoundConnectionAlgo: insert trace failed for net #105 at corner 3/3 on layer 5, trace width: 5000, from corner: 2, ok_point: (1979000,-954004), target: (1979000,-950000)
2026-08-15 22:31:53.309 DEBUG  [DC97D2\DB1F4C] Autorouter Failed to route connection between polylinetrace, polylinetrace, pin #32 of component #303, pin #31 of component #303, pin #22 of component #303, pin of component #216, pin of component #209, pin of component #202, pin of component #195, pin #5 of component #180, pin #4 of component #180, pin #3 of component #180, pin #17 of component #160, pin #12 of component #160, pin #9 of component #160, pin #4 of component #160 and polylinetrace, polylinetrace, pin #24 of component #303, pin #23 of component #303, because the new connection could not be inserted.
2026-08-15 22:31:57.602 DEBUG  InsertFoundConnectionAlgo: insert trace failed for net #105 at corner 3/3 on layer 5, trace width: 5000, from corner: 0, ok_point: (1979000,-950000), target: (1979000,-954000)
2026-08-15 22:31:57.662 DEBUG  [DC97D2\DB1F4C] Autorouter Failed to route connection between polylinetrace, polylinetrace, polylinetrace, polylinetrace, pin #32 of component #303, pin #31 of component #303, pin #24 of component #303, pin #23 of component #303, pin of component #216, pin of component #209, pin of component #202, pin of component #195, pin #5 of component #180, pin #4 of component #180, pin #3 of component #180, pin #17 of component #160, pin #12 of component #160, pin #9 of component #160, pin #4 of component #160 and pin #22 of component #303, because the new connection could not be inserted.
2026-08-15 22:32:10.863 DEBUG  InsertFoundConnectionAlgo: insert trace failed for net #260 at corner 1/1 on layer 5, trace width: 5000, from corner: 0, ok_point: (2199625,-1220250), target: (2199625,-1224250)
2026-08-15 22:32:10.915 DEBUG  [DC97D2\DB1F4C] Autorouter Failed to route connection between pin #21 of component #301, pin #1 of component #239, pin of component #214 and pin #22 of component #301, because the new connection could not be inserted.
2026-08-15 22:32:14.757 DEBUG  InsertFoundConnectionAlgo: insert trace failed for net #260 at corner 1/1 on layer 5, trace width: 5000, from corner: 0, ok_point: (2199625,-1224250), target: (2199625,-1220250)
2026-08-15 22:32:14.816 DEBUG  [DC97D2\DB1F4C] Autorouter Failed to route connection between pin #22 of component #301, pin #1 of component #239, pin of component #214 and pin #21 of component #301, because the new connection could not be inserted.
2026-08-15 22:32:21.139 DEBUG  [DC97D2\DB1F4C] Autorouter Failed to route connection between pin of component #239 and pin #17 of component #301, because no connection was found between their nets.
2026-08-15 22:32:33.513 DEBUG  InsertFoundConnectionAlgo: insert trace failed for net #45 at corner 2/2 on layer 5, trace width: 5000, from corner: 1, ok_point: (2319579,-1245783), target: (2319579,-1205017)
2026-08-15 22:32:33.576 DEBUG  [DC97D2\DB1F4C] Autorouter Failed to route connection between pin of component #264, pin #40 of component #182, pin #40 of component #81 and polylinetrace, polylinetrace, polylinetrace, pin of component #294, pin of component #272, pin of component #271, because the new connection could not be inserted.
2026-08-15 22:32:37.682 DEBUG  InsertFoundConnectionAlgo: insert trace failed for net #21 at corner 14/28 on layer 5, trace width: 2500, from corner: 11, ok_point: (2204509,-966252), target: (2189498,-979261)
2026-08-15 22:32:37.737 DEBUG  [DC97D2\DB1F4C] Autorouter Failed to route connection between polylinetrace, polylinetrace, polylinetrace, via, polylinetrace, polylinetrace, polylinetrace, polylinetrace, via, via, polylinetrace, via, polylinetrace, polylinetrace, polylinetrace, polylinetrace, via, polylinetrace, polylinetrace, polylinetrace, via, polylinetrace, polylinetrace, polylinetrace, pin #3 of component #308, pin #2 of component #308, pin of component #289, pin of component #270, pin of component #268, pin of component #262, pin #1 of component #226, pin #3 of component #182, pin #1 of component #182, pin #3 of component #175, pin of component #175, pin #3 of component #174, pin of component #174, pin #1 of component #172, pin #1 of component #170, pin #1 of component #169, pin #1 of component #168, pin of component #149, pin of component #144, pin of component #85, pin #3 of component #81, pin #1 of component #81, pin of component #78, pin of component #66, pin of component #61, pin of component #41, pin #1 of component #6 and pin #23 of component #291, because the new connection could not be inserted.
2026-08-15 22:32:45.831 DEBUG  InsertFoundConnectionAlgo: insert trace failed for net #188 at corner 33/33 on layer 3, trace width: 5000, from corner: 3, ok_point: (2140682,-1116998), target: (2280000,-1207432)
2026-08-15 22:32:45.894 DEBUG  [DC97D2\DB1F4C] Autorouter Failed to route connection between polylinetrace, polylinetrace, polylinetrace, polylinetrace, via, polylinetrace, polylinetrace, polylinetrace, polylinetrace, polylinetrace, polylinetrace, polylinetrace, polylinetrace, polylinetrace, via, polylinetrace, via, polylinetrace, polylinetrace, via, polylinetrace, via, polylinetrace, polylinetrace, polylinetrace, polylinetrace, polylinetrace, polylinetrace, polylinetrace, polylinetrace, polylinetrace, via, polylinetrace, polylinetrace, polylinetrace, polylinetrace, via, polylinetrace, polylinetrace, polylinetrace, polylinetrace, polylinetrace, polylinetrace, polylinetrace, polylinetrace, polylinetrace, polylinetrace, polylinetrace, polylinetrace, polylinetrace, pin #23 of component #305, pin #22 of component #305, pin #34 of component #303, pin #33 of component #303, pin #1 of component #300, pin #3 of component #297, pin of component #297, pin #3 of component #296, pin of component #296, pin #3 of component #295, pin of component #295, pin of component #281, pin of component #280, pin of component #279, pin of component #278, pin #3 of component #275, pin of component #275, pin #6 of component #274, pin of component #269, pin of component #247, pin of component #227, pin #86 of component #223, pin #84 of component #223, pin #82 of component #223, pin #80 of component #223, pin #78 of component #223, pin #76 of component #223, pin of component #213, pin of component #204, pin #5 of component #181, pin of component #120, pin of component #104 and polylinetrace, polylinetrace, polylinetrace, via, polylinetrace, via, pin of component #299, pin of component #288, because the new connection could not be inserted.
2026-08-15 22:32:58.842 DEBUG  InsertFoundConnectionAlgo: insert trace failed for net #23 at corner 8/36 on layer 3, trace width: 2500, from corner: 7, ok_point: (2026089,-1132359), target: (2059950,-1132359)
2026-08-15 22:32:58.904 DEBUG  [DC97D2\DB1F4C] Autorouter Failed to route connection between pin #1 of component #274, pin #6 of component #182, pin of component #106, pin #6 of component #81, pin of component #80, pin of component #79 and pin of component #282, because the new connection could not be inserted.
2026-08-15 22:33:07.600 DEBUG  InsertFoundConnectionAlgo: insert trace failed for net #188 at corner 14/14 on layer 3, trace width: 5000, from corner: 4, ok_point: (1343865,-1338138), target: (1066403,-1302959)
2026-08-15 22:33:07.663 DEBUG  [DC97D2\DB1F4C] Autorouter Failed to route connection between polylinetrace, polylinetrace, polylinetrace, polylinetrace, polylinetrace, polylinetrace, polylinetrace, polylinetrace, via, polylinetrace, via, polylinetrace, via, polylinetrace, via, polylinetrace, via, polylinetrace, polylinetrace, polylinetrace, polylinetrace, polylinetrace, polylinetrace, via, via, polylinetrace, polylinetrace, pin #23 of component #305, pin #22 of component #305, pin #34 of component #303, pin #33 of component #303, pin of component #299, pin of component #288, pin of component #281, pin of component #275, pin #6 of component #274, pin of component #269, pin of component #227, pin #86 of component #223, pin #84 of component #223, pin #82 of component #223, pin #80 of component #223, pin #78 of component #223, pin #76 of component #223, pin of component #213, pin of component #204, pin #5 of component #181, pin of component #104 and polylinetrace, polylinetrace, via, polylinetrace, polylinetrace, polylinetrace, polylinetrace, polylinetrace, polylinetrace, polylinetrace, polylinetrace, polylinetrace, polylinetrace, via, polylinetrace, polylinetrace, polylinetrace, polylinetrace, polylinetrace, polylinetrace, polylinetrace, polylinetrace, polylinetrace, polylinetrace, polylinetrace, polylinetrace, polylinetrace, polylinetrace, polylinetrace, polylinetrace, polylinetrace, pin #1 of component #300, pin #3 of component #297, pin of component #297, pin #3 of component #296, pin of component #296, pin #3 of component #295, pin of component #295, pin of component #280, pin of component #279, pin of component #278, pin #3 of component #275, pin of component #247, pin of component #120, because the new connection could not be inserted.
2026-08-15 22:33:12.270 DEBUG  InsertFoundConnectionAlgo: insert trace failed for net #22 at corner 8/8 on layer 5, trace width: 2500, from corner: 3, ok_point: (1995310,-1136002), target: (2007197,-1150263)
2026-08-15 22:33:12.324 DEBUG  [DC97D2\DB1F4C] Autorouter Failed to route connection between pin #14 of component #274, pin #2 of component #182, pin of component #101, pin #2 of component #81, pin of component #74, pin of component #70 and pin of component #277, because the new connection could not be inserted.
2026-08-15 22:33:28.141 DEBUG  [DC97D2\DB1F4C] Autorouter Failed to route connection between pin of component #277, pin #2 of component #182, pin of component #101, pin #2 of component #81, pin of component #74, pin of component #70 and pin #14 of component #274, because no connection was found between their nets.
2026-08-15 22:33:32.420 DEBUG  InsertFoundConnectionAlgo: insert trace failed for net #188 at corner 5/5 on layer 5, trace width: 5000, from corner: 0, ok_point: (2186000,-1275000), target: (2194219,-1273600)
2026-08-15 22:33:32.482 DEBUG  [DC97D2\DB1F4C] Autorouter Failed to route connection between polylinetrace, via, polylinetrace, polylinetrace, polylinetrace, polylinetrace, polylinetrace, polylinetrace, polylinetrace, polylinetrace, polylinetrace, polylinetrace, via, polylinetrace, polylinetrace, polylinetrace, polylinetrace, polylinetrace, polylinetrace, polylinetrace, polylinetrace, polylinetrace, via, polylinetrace, via, polylinetrace, via, polylinetrace, via, polylinetrace, polylinetrace, via, polylinetrace, via, polylinetrace, polylinetrace, polylinetrace, polylinetrace, polylinetrace, polylinetrace, polylinetrace, polylinetrace, polylinetrace, via, polylinetrace, polylinetrace, polylinetrace, via, polylinetrace, polylinetrace, polylinetrace, polylinetrace, polylinetrace, polylinetrace, polylinetrace, polylinetrace, polylinetrace, polylinetrace, polylinetrace, polylinetrace, polylinetrace, pin #23 of component #305, pin #22 of component #305, pin #34 of component #303, pin #33 of component #303, pin #1 of component #300, pin of component #299, pin #3 of component #297, pin of component #297, pin #3 of component #296, pin of component #296, pin #3 of component #295, pin of component #295, pin of component #288, pin of component #281, pin of component #280, pin of component #279, pin of component #278, pin #3 of component #275, pin of component #275, pin of component #269, pin of component #247, pin of component #227, pin #86 of component #223, pin #84 of component #223, pin #82 of component #223, pin #80 of component #223, pin #78 of component #223, pin #76 of component #223, pin of component #213, pin of component #204, pin #5 of component #181, pin of component #120, pin of component #104 and pin #6 of component #274, because the new connection could not be inserted.
2026-08-15 22:33:36.661 DEBUG  InsertFoundConnectionAlgo: insert trace failed for net #23 at corner 26/26 on layer 5, trace width: 2500, from corner: 0, ok_point: (2182000,-1267000), target: (1989024,-1159915)
2026-08-15 22:33:36.721 DEBUG  [DC97D2\DB1F4C] Autorouter Failed to route connection between polylinetrace, polylinetrace, via, pin of component #282, pin #6 of component #182, pin of component #106, pin #6 of component #81, pin of component #80, pin of component #79 and pin #1 of component #274, because the new connection could not be inserted.
2026-08-15 22:33:45.286 DEBUG  InsertFoundConnectionAlgo: insert trace failed for net #21 at corner 4/12 on layer 3, trace width: 2500, from corner: 3, ok_point: (2082946,-1135276), target: (2065263,-1117593)
2026-08-15 22:33:45.345 DEBUG  [DC97D2\DB1F4C] Autorouter Failed to route connection between polylinetrace, polylinetrace, polylinetrace, polylinetrace, polylinetrace, polylinetrace, polylinetrace, via, polylinetrace, polylinetrace, polylinetrace, via, polylinetrace, via, polylinetrace, polylinetrace, polylinetrace, polylinetrace, via, polylinetrace, polylinetrace, polylinetrace, via, polylinetrace, polylinetrace, polylinetrace, pin #3 of component #308, pin #2 of component #308, pin #23 of component #291, pin of component #289, pin of component #270, pin of component #262, pin #1 of component #226, pin #3 of component #182, pin #1 of component #182, pin #3 of component #175, pin of component #175, pin #3 of component #174, pin of component #174, pin #1 of component #172, pin #1 of component #170, pin #1 of component #169, pin #1 of component #168, pin of component #149, pin of component #144, pin of component #85, pin #3 of component #81, pin #1 of component #81, pin of component #78, pin of component #66, pin of component #61, pin of component #41, pin #1 of component #6 and polylinetrace, via, pin of component #268, because the new connection could not be inserted.
2026-08-15 22:33:53.299 DEBUG  [DC97D2\DB1F4C] Autorouter Failed to route connection between polylinetrace, polylinetrace, polylinetrace, polylinetrace, polylinetrace, pin of component #294, pin of component #272, pin of component #271, pin #40 of component #182, pin #40 of component #81 and pin of component #264, because no connection was found between their nets.
2026-08-15 22:34:02.275 DEBUG  InsertFoundConnectionAlgo: insert trace failed for net #88 at corner 23/23 on layer 3, trace width: 2500, from corner: 16, ok_point: (1251784,-1079825), target: (1347949,-1144788)
2026-08-15 22:34:02.341 DEBUG  [DC97D2\DB1F4C] Autorouter Failed to route connection between polylinetrace, polylinetrace, polylinetrace, via, polylinetrace, via, polylinetrace, via, polylinetrace, via, pin #1 of component #229, pin of component #155, pin of component #153, pin of component #145, pin of component #141, pin of component #93 and polylinetrace, polylinetrace, via, polylinetrace, via, pin of component #283, pin of component #261, because the new connection could not be inserted.
2026-08-15 22:34:15.481 DEBUG  InsertFoundConnectionAlgo: insert trace failed for net #5 at corner 10/32 on layer 5, trace width: 2500, from corner: 6, ok_point: (1357320,-997893), target: (1358713,-979297)
2026-08-15 22:34:15.545 DEBUG  [DC97D2\DB1F4C] Autorouter Failed to route connection between polylinetrace, polylinetrace, polylinetrace, polylinetrace, polylinetrace, polylinetrace, polylinetrace, polylinetrace, polylinetrace, polylinetrace, polylinetrace, polylinetrace, polylinetrace, polylinetrace, polylinetrace, via, polylinetrace, polylinetrace, via, polylinetrace, via, polylinetrace, polylinetrace, polylinetrace, polylinetrace, polylinetrace, polylinetrace, polylinetrace, polylinetrace, via, polylinetrace, polylinetrace, polylinetrace, polylinetrace, polylinetrace, via, polylinetrace, via, polylinetrace, via, polylinetrace, polylinetrace, polylinetrace, polylinetrace, polylinetrace, via, polylinetrace, polylinetrace, polylinetrace, polylinetrace, polylinetrace, polylinetrace, polylinetrace, polylinetrace, via, polylinetrace, polylinetrace, polylinetrace, polylinetrace, polylinetrace, polylinetrace, polylinetrace, via, polylinetrace, polylinetrace, pin #1 of component #308, pin of component #306, pin #37 of component #303, pin #5 of component #302, pin of component #302, pin #4 of component #276, pin of component #259, pin of component #244, pin of component #231, pin of component #230, pin #85 of component #223, pin #83 of component #223, pin #77 of component #223, pin of component #206, pin of component #198, pin #42 of component #184, pin #33 of component #184, pin #24 of component #184, pin #21 of component #184, pin #11 of component #184, pin #2 of component #184, pin #11 of component #183, pin #2 of component #183, pin #2 of component #178, pin #1 of component #171, pin #1 of component #167, pin #29 of component #162, pin #5 of component #162, pin of component #161, pin #3 of component #158, pin of component #147, pin of component #138, pin of component #137, pin of component #135, pin of component #133, pin of component #132, pin of component #122, pin of component #51, pin of component #49, pin of component #44, pin of component #29, pin of component #28, pin #5 of component #26, pin of component #19, pin of component #16, pin of component #14, pin of component #9, pin of component #3 and polylinetrace, pin of component #250, pin of component #232, because the new connection could not be inserted.
2026-08-15 22:34:19.822 DEBUG  InsertFoundConnectionAlgo: insert trace failed for net #5 at corner 26/26 on layer 5, trace width: 2500, from corner: 0, ok_point: (1284351,-977707), target: (1357320,-997893)
2026-08-15 22:34:19.881 DEBUG  [DC97D2\DB1F4C] Autorouter Failed to route connection between polylinetrace, polylinetrace, polylinetrace, polylinetrace, polylinetrace, polylinetrace, polylinetrace, polylinetrace, polylinetrace, polylinetrace, polylinetrace, polylinetrace, polylinetrace, polylinetrace, polylinetrace, polylinetrace, via, polylinetrace, polylinetrace, via, polylinetrace, via, polylinetrace, polylinetrace, polylinetrace, polylinetrace, polylinetrace, polylinetrace, polylinetrace, polylinetrace, via, polylinetrace, polylinetrace, polylinetrace, polylinetrace, polylinetrace, via, polylinetrace, via, polylinetrace, via, polylinetrace, polylinetrace, polylinetrace, polylinetrace, polylinetrace, via, polylinetrace, polylinetrace, polylinetrace, polylinetrace, polylinetrace, via, polylinetrace, polylinetrace, polylinetrace, polylinetrace, polylinetrace, polylinetrace, polylinetrace, via, polylinetrace, polylinetrace, pin #1 of component #308, pin #37 of component #303, pin #5 of component #302, pin of component #302, pin #4 of component #276, pin of component #259, pin of component #250, pin of component #232, pin of component #230, pin #85 of component #223, pin #83 of component #223, pin #77 of component #223, pin of component #206, pin #42 of component #184, pin #33 of component #184, pin #24 of component #184, pin #21 of component #184, pin #11 of component #184, pin #2 of component #184, pin #11 of component #183, pin #2 of component #183, pin #2 of component #178, pin #1 of component #171, pin #1 of component #167, pin #29 of component #162, pin #5 of component #162, pin of component #161, pin #3 of component #158, pin of component #147, pin of component #138, pin of component #137, pin of component #135, pin of component #133, pin of component #132, pin of component #122, pin of component #51, pin of component #49, pin of component #44, pin of component #29, pin of component #28, pin #5 of component #26, pin of component #19, pin of component #16, pin of component #14, pin of component #9, pin of component #3 and polylinetrace, polylinetrace, polylinetrace, polylinetrace, polylinetrace, pin of component #306, pin of component #244, pin of component #231, pin of component #198, because the new connection could not be inserted.
2026-08-15 22:34:24.259 DEBUG  [DC97D2\DB1F4C] Autorouter Failed to route connection between pin #22 of component #301, pin #21 of component #301, pin of component #214 and pin #1 of component #239, because no connection was found between their nets.
2026-08-15 22:34:28.684 DEBUG  [DC97D2\DB1F4C] Autorouter Failed to route connection between pin #17 of component #301 and pin of component #239, because no connection was found between their nets.
2026-08-15 22:34:33.010 DEBUG  InsertFoundConnectionAlgo: insert trace failed for net #5 at corner 14/20 on layer 5, trace width: 2500, from corner: 11, ok_point: (2351407,-1006950), target: (2354403,-1036327)
2026-08-15 22:34:33.078 DEBUG  [DC97D2\DB1F4C] Autorouter Failed to route connection between polylinetrace, polylinetrace, polylinetrace, polylinetrace, polylinetrace, polylinetrace, polylinetrace, polylinetrace, polylinetrace, polylinetrace, polylinetrace, polylinetrace, polylinetrace, polylinetrace, polylinetrace, polylinetrace, polylinetrace, polylinetrace, polylinetrace, via, polylinetrace, polylinetrace, via, polylinetrace, via, polylinetrace, polylinetrace, polylinetrace, polylinetrace, polylinetrace, polylinetrace, polylinetrace, polylinetrace, via, polylinetrace, polylinetrace, polylinetrace, polylinetrace, polylinetrace, via, polylinetrace, via, polylinetrace, via, polylinetrace, polylinetrace, polylinetrace, polylinetrace, polylinetrace, polylinetrace, via, polylinetrace, polylinetrace, polylinetrace, polylinetrace, polylinetrace, polylinetrace, polylinetrace, via, polylinetrace, polylinetrace, polylinetrace, polylinetrace, polylinetrace, polylinetrace, polylinetrace, via, polylinetrace, polylinetrace, pin #1 of component #308, pin of component #306, pin #37 of component #303, pin #5 of component #302, pin of component #302, pin #4 of component #276, pin of component #259, pin of component #250, pin of component #244, pin of component #232, pin of component #231, pin #85 of component #223, pin #83 of component #223, pin #77 of component #223, pin of component #206, pin of component #198, pin #42 of component #184, pin #33 of component #184, pin #24 of component #184, pin #21 of component #184, pin #11 of component #184, pin #2 of component #184, pin #11 of component #183, pin #2 of component #183, pin #2 of component #178, pin #1 of component #171, pin #1 of component #167, pin #29 of component #162, pin #5 of component #162, pin of component #161, pin #3 of component #158, pin of component #147, pin of component #138, pin of component #137, pin of component #135, pin of component #133, pin of component #132, pin of component #122, pin of component #51, pin of component #49, pin of component #44, pin of component #29, pin of component #28, pin #5 of component #26, pin of component #19, pin of component #16, pin of component #14, pin of component #9, pin of component #3 and pin of component #230, because the new connection could not be inserted.
2026-08-15 22:34:41.796 DEBUG  InsertFoundConnectionAlgo: insert trace failed for net #98 at corner 16/16 on layer 3, trace width: 2500, from corner: 13, ok_point: (1522174,-1136129), target: (1481785,-1070726)
2026-08-15 22:34:41.866 DEBUG  [DC97D2\DB1F4C] Autorouter Failed to route connection between pin of component #146, pin of component #143, pin of component #108 and polylinetrace, polylinetrace, polylinetrace, polylinetrace, via, polylinetrace, polylinetrace, via, pin of component #285, pin of component #256, pin #1 of component #228, pin of component #148, pin of component #142, because the new connection could not be inserted.
2026-08-15 22:34:50.635 DEBUG  InsertFoundConnectionAlgo: insert trace failed for net #188 at corner 3/3 on layer 5, trace width: 5000, from corner: 0, ok_point: (1591000,-1303000), target: (1595000,-1303000)
2026-08-15 22:34:50.700 DEBUG  [DC97D2\DB1F4C] Autorouter Failed to route connection between polylinetrace, polylinetrace, via, polylinetrace, polylinetrace, polylinetrace, polylinetrace, polylinetrace, polylinetrace, polylinetrace, polylinetrace, polylinetrace, polylinetrace, via, polylinetrace, polylinetrace, polylinetrace, polylinetrace, polylinetrace, polylinetrace, polylinetrace, polylinetrace, polylinetrace, via, polylinetrace, via, polylinetrace, via, polylinetrace, via, polylinetrace, polylinetrace, via, polylinetrace, via, polylinetrace, polylinetrace, polylinetrace, polylinetrace, polylinetrace, polylinetrace, polylinetrace, polylinetrace, polylinetrace, via, polylinetrace, polylinetrace, polylinetrace, via, polylinetrace, polylinetrace, polylinetrace, polylinetrace, polylinetrace, polylinetrace, polylinetrace, polylinetrace, polylinetrace, polylinetrace, polylinetrace, polylinetrace, polylinetrace, pin #23 of component #305, pin #22 of component #305, pin #34 of component #303, pin #33 of component #303, pin #1 of component #300, pin of component #299, pin #3 of component #297, pin of component #297, pin #3 of component #296, pin of component #296, pin #3 of component #295, pin of component #295, pin of component #288, pin of component #281, pin of component #280, pin of component #279, pin of component #278, pin #3 of component #275, pin of component #275, pin #6 of component #274, pin of component #269, pin of component #247, pin of component #227, pin #84 of component #223, pin #82 of component #223, pin #80 of component #223, pin #78 of component #223, pin #76 of component #223, pin of component #213, pin of component #204, pin #5 of component #181, pin of component #120, pin of component #104 and pin #86 of component #223, because the new connection could not be inserted.
2026-08-15 22:34:55.046 DEBUG  InsertFoundConnectionAlgo: insert trace failed for net #5 at corner 3/3 on layer 5, trace width: 2500, from corner: 0, ok_point: (1595000,-1272200), target: (1599000,-1272200)
2026-08-15 22:34:55.111 DEBUG  [DC97D2\DB1F4C] Autorouter Failed to route connection between polylinetrace, polylinetrace, polylinetrace, polylinetrace, polylinetrace, polylinetrace, polylinetrace, polylinetrace, polylinetrace, polylinetrace, polylinetrace, polylinetrace, polylinetrace, polylinetrace, polylinetrace, polylinetrace, polylinetrace, polylinetrace, polylinetrace, polylinetrace, polylinetrace, via, polylinetrace, polylinetrace, via, polylinetrace, via, polylinetrace, polylinetrace, polylinetrace, polylinetrace, polylinetrace, polylinetrace, polylinetrace, polylinetrace, via, polylinetrace, polylinetrace, polylinetrace, polylinetrace, polylinetrace, via, polylinetrace, via, polylinetrace, via, polylinetrace, polylinetrace, polylinetrace, polylinetrace, polylinetrace, polylinetrace, via, polylinetrace, polylinetrace, polylinetrace, polylinetrace, polylinetrace, polylinetrace, polylinetrace, via, polylinetrace, polylinetrace, polylinetrace, polylinetrace, polylinetrace, polylinetrace, polylinetrace, via, polylinetrace, polylinetrace, pin #1 of component #308, pin of component #306, pin #37 of component #303, pin #5 of component #302, pin of component #302, pin #4 of component #276, pin of component #259, pin of component #250, pin of component #244, pin of component #232, pin of component #231, pin of component #230, pin #83 of component #223, pin #77 of component #223, pin of component #206, pin of component #198, pin #42 of component #184, pin #33 of component #184, pin #24 of component #184, pin #21 of component #184, pin #11 of component #184, pin #2 of component #184, pin #11 of component #183, pin #2 of component #183, pin #2 of component #178, pin #1 of component #171, pin #1 of component #167, pin #29 of component #162, pin #5 of component #162, pin of component #161, pin #3 of component #158, pin of component #147, pin of component #138, pin of component #137, pin of component #135, pin of component #133, pin of component #132, pin of component #122, pin of component #51, pin of component #49, pin of component #44, pin of component #29, pin of component #28, pin #5 of component #26, pin of component #19, pin of component #16, pin of component #14, pin of component #9, pin of component #3 and pin #85 of component #223, because the new connection could not be inserted.
2026-08-15 22:34:59.334 DEBUG  InsertFoundConnectionAlgo: insert trace failed for net #188 at corner 2/2 on layer 5, trace width: 5000, from corner: 1, ok_point: (1606998,-1303000), target: (1611000,-1303000)
2026-08-15 22:34:59.397 DEBUG  [DC97D2\DB1F4C] Autorouter Failed to route connection between polylinetrace, polylinetrace, via, polylinetrace, polylinetrace, polylinetrace, polylinetrace, polylinetrace, polylinetrace, polylinetrace, polylinetrace, via, polylinetrace, polylinetrace, polylinetrace, polylinetrace, polylinetrace, polylinetrace, polylinetrace, polylinetrace, polylinetrace, via, polylinetrace, via, polylinetrace, via, polylinetrace, via, polylinetrace, polylinetrace, via, polylinetrace, via, polylinetrace, polylinetrace, polylinetrace, polylinetrace, polylinetrace, polylinetrace, polylinetrace, polylinetrace, polylinetrace, via, polylinetrace, polylinetrace, polylinetrace, via, polylinetrace, polylinetrace, polylinetrace, polylinetrace, polylinetrace, polylinetrace, polylinetrace, polylinetrace, polylinetrace, polylinetrace, polylinetrace, pin #23 of component #305, pin #22 of component #305, pin #34 of component #303, pin #33 of component #303, pin #1 of component #300, pin of component #299, pin #3 of component #297, pin of component #297, pin #3 of component #296, pin of component #296, pin #3 of component #295, pin of component #295, pin of component #288, pin of component #281, pin of component #280, pin of component #279, pin of component #278, pin #3 of component #275, pin of component #275, pin #6 of component #274, pin of component #269, pin of component #247, pin of component #227, pin #86 of component #223, pin #76 of component #223, pin of component #213, pin of component #204, pin #5 of component #181, pin of component #120, pin of component #104 and polylinetrace, polylinetrace, polylinetrace, polylinetrace, pin #84 of component #223, pin #82 of component #223, pin #80 of component #223, pin #78 of component #223, because the new connection could not be inserted.
2026-08-15 22:35:03.704 DEBUG  InsertFoundConnectionAlgo: insert trace failed for net #5 at corner 3/3 on layer 5, trace width: 2500, from corner: 0, ok_point: (1599000,-1272200), target: (1595000,-1272200)
2026-08-15 22:35:03.767 DEBUG  [DC97D2\DB1F4C] Autorouter Failed to route connection between polylinetrace, polylinetrace, polylinetrace, polylinetrace, polylinetrace, polylinetrace, polylinetrace, polylinetrace, polylinetrace, polylinetrace, polylinetrace, polylinetrace, polylinetrace, polylinetrace, polylinetrace, polylinetrace, polylinetrace, polylinetrace, polylinetrace, polylinetrace, polylinetrace, via, polylinetrace, polylinetrace, via, polylinetrace, via, polylinetrace, polylinetrace, polylinetrace, polylinetrace, polylinetrace, polylinetrace, polylinetrace, polylinetrace, via, polylinetrace, polylinetrace, polylinetrace, polylinetrace, polylinetrace, via, polylinetrace, via, polylinetrace, via, polylinetrace, polylinetrace, polylinetrace, polylinetrace, polylinetrace, polylinetrace, via, polylinetrace, polylinetrace, polylinetrace, polylinetrace, polylinetrace, polylinetrace, polylinetrace, via, polylinetrace, polylinetrace, polylinetrace, polylinetrace, polylinetrace, polylinetrace, polylinetrace, via, polylinetrace, polylinetrace, pin #1 of component #308, pin of component #306, pin #37 of component #303, pin #5 of component #302, pin of component #302, pin #4 of component #276, pin of component #259, pin of component #250, pin of component #244, pin of component #232, pin of component #231, pin of component #230, pin #85 of component #223, pin #77 of component #223, pin of component #206, pin of component #198, pin #42 of component #184, pin #33 of component #184, pin #24 of component #184, pin #21 of component #184, pin #11 of component #184, pin #2 of component #184, pin #11 of component #183, pin #2 of component #183, pin #2 of component #178, pin #1 of component #171, pin #1 of component #167, pin #29 of component #162, pin #5 of component #162, pin of component #161, pin #3 of component #158, pin of component #147, pin of component #138, pin of component #137, pin of component #135, pin of component #133, pin of component #132, pin of component #122, pin of component #51, pin of component #49, pin of component #44, pin of component #29, pin of component #28, pin #5 of component #26, pin of component #19, pin of component #16, pin of component #14, pin of component #9, pin of component #3 and pin #83 of component #223, because the new connection could not be inserted.
2026-08-15 22:35:08.011 DEBUG  InsertFoundConnectionAlgo: insert trace failed for net #5 at corner 3/3 on layer 5, trace width: 2500, from corner: 0, ok_point: (1611000,-1272200), target: (1611000,-1280219)
2026-08-15 22:35:08.084 DEBUG  [DC97D2\DB1F4C] Autorouter Failed to route connection between polylinetrace, polylinetrace, polylinetrace, polylinetrace, polylinetrace, polylinetrace, polylinetrace, polylinetrace, polylinetrace, polylinetrace, polylinetrace, polylinetrace, polylinetrace, polylinetrace, polylinetrace, polylinetrace, polylinetrace, polylinetrace, polylinetrace, polylinetrace, polylinetrace, via, polylinetrace, polylinetrace, via, polylinetrace, via, polylinetrace, polylinetrace, polylinetrace, polylinetrace, polylinetrace, polylinetrace, polylinetrace, polylinetrace, via, polylinetrace, polylinetrace, polylinetrace, polylinetrace, polylinetrace, via, polylinetrace, via, polylinetrace, via, polylinetrace, polylinetrace, polylinetrace, polylinetrace, polylinetrace, polylinetrace, via, polylinetrace, polylinetrace, polylinetrace, polylinetrace, polylinetrace, polylinetrace, polylinetrace, via, polylinetrace, polylinetrace, polylinetrace, polylinetrace, polylinetrace, polylinetrace, polylinetrace, via, polylinetrace, polylinetrace, pin #1 of component #308, pin of component #306, pin #37 of component #303, pin #5 of component #302, pin of component #302, pin #4 of component #276, pin of component #259, pin of component #250, pin of component #244, pin of component #232, pin of component #231, pin of component #230, pin #85 of component #223, pin #83 of component #223, pin of component #206, pin of component #198, pin #42 of component #184, pin #33 of component #184, pin #24 of component #184, pin #21 of component #184, pin #11 of component #184, pin #2 of component #184, pin #11 of component #183, pin #2 of component #183, pin #2 of component #178, pin #1 of component #171, pin #1 of component #167, pin #29 of component #162, pin #5 of component #162, pin of component #161, pin #3 of component #158, pin of component #147, pin of component #138, pin of component #137, pin of component #135, pin of component #133, pin of component #132, pin of component #122, pin of component #51, pin of component #49, pin of component #44, pin of component #29, pin of component #28, pin #5 of component #26, pin of component #19, pin of component #16, pin of component #14, pin of component #9, pin of component #3 and pin #77 of component #223, because the new connection could not be inserted.
2026-08-15 22:35:12.344 DEBUG  InsertFoundConnectionAlgo: insert trace failed for net #188 at corner 3/3 on layer 5, trace width: 5000, from corner: 0, ok_point: (1611000,-1303000), target: (1607000,-1303000)
2026-08-15 22:35:12.405 DEBUG  [DC97D2\DB1F4C] Autorouter Failed to route connection between polylinetrace, polylinetrace, polylinetrace, via, polylinetrace, polylinetrace, polylinetrace, polylinetrace, polylinetrace, polylinetrace, polylinetrace, polylinetrace, polylinetrace, via, polylinetrace, polylinetrace, polylinetrace, polylinetrace, polylinetrace, polylinetrace, polylinetrace, polylinetrace, polylinetrace, via, polylinetrace, via, polylinetrace, via, polylinetrace, via, polylinetrace, polylinetrace, via, polylinetrace, via, polylinetrace, polylinetrace, polylinetrace, polylinetrace, polylinetrace, polylinetrace, polylinetrace, polylinetrace, polylinetrace, via, polylinetrace, polylinetrace, polylinetrace, via, polylinetrace, polylinetrace, polylinetrace, polylinetrace, polylinetrace, polylinetrace, polylinetrace, polylinetrace, polylinetrace, polylinetrace, polylinetrace, polylinetrace, polylinetrace, pin #23 of component #305, pin #22 of component #305, pin #34 of component #303, pin #33 of component #303, pin #1 of component #300, pin of component #299, pin #3 of component #297, pin of component #297, pin #3 of component #296, pin of component #296, pin #3 of component #295, pin of component #295, pin of component #288, pin of component #281, pin of component #280, pin of component #279, pin of component #278, pin #3 of component #275, pin of component #275, pin #6 of component #274, pin of component #269, pin of component #247, pin of component #227, pin #86 of component #223, pin #84 of component #223, pin #82 of component #223, pin #80 of component #223, pin #78 of component #223, pin of component #213, pin of component #204, pin #5 of component #181, pin of component #120, pin of component #104 and pin #76 of component #223, because the new connection could not be inserted.
2026-08-15 22:35:20.944 DEBUG  InsertFoundConnectionAlgo: insert trace failed for net #105 at corner 4/4 on layer 5, trace width: 5000, from corner: 3, ok_point: (2015000,-981080), target: (2015000,-970000)
2026-08-15 22:35:20.999 DEBUG  [DC97D2\DB1F4C] Autorouter Failed to route connection between polylinetrace, polylinetrace, polylinetrace, polylinetrace, pin #32 of component #303, pin #31 of component #303, pin #24 of component #303, pin #23 of component #303, pin #22 of component #303, pin of component #209, pin of component #202, pin of component #195, pin #5 of component #180, pin #4 of component #180, pin #3 of component #180, pin #17 of component #160, pin #12 of component #160, pin #9 of component #160, pin #4 of component #160 and pin of component #216, because the new connection could not be inserted.
2026-08-15 22:35:25.418 DEBUG  [DC97D2\DB1F4C] Autorouter Failed to route connection between pin #22 of component #301, pin #21 of component #301, pin #1 of component #239 and pin of component #214, because no connection was found between their nets.
2026-08-15 22:35:38.403 DEBUG  InsertFoundConnectionAlgo: insert trace failed for net #5 at corner 1/1 on layer 5, trace width: 2500, from corner: 0, ok_point: (2041511,-970000), target: (2035000,-970000)
2026-08-15 22:35:38.465 DEBUG  [DC97D2\DB1F4C] Autorouter Failed to route connection between polylinetrace, polylinetrace, polylinetrace, polylinetrace, polylinetrace, polylinetrace, polylinetrace, polylinetrace, polylinetrace, polylinetrace, polylinetrace, polylinetrace, polylinetrace, polylinetrace, polylinetrace, polylinetrace, polylinetrace, polylinetrace, polylinetrace, polylinetrace, via, polylinetrace, polylinetrace, via, polylinetrace, via, polylinetrace, polylinetrace, polylinetrace, polylinetrace, polylinetrace, polylinetrace, polylinetrace, polylinetrace, via, polylinetrace, polylinetrace, polylinetrace, polylinetrace, polylinetrace, via, polylinetrace, via, polylinetrace, via, polylinetrace, polylinetrace, polylinetrace, polylinetrace, polylinetrace, polylinetrace, via, polylinetrace, polylinetrace, polylinetrace, polylinetrace, polylinetrace, polylinetrace, polylinetrace, via, polylinetrace, polylinetrace, polylinetrace, polylinetrace, polylinetrace, polylinetrace, polylinetrace, via, polylinetrace, polylinetrace, pin #1 of component #308, pin of component #306, pin #37 of component #303, pin #5 of component #302, pin of component #302, pin #4 of component #276, pin of component #259, pin of component #250, pin of component #244, pin of component #232, pin of component #231, pin of component #230, pin #85 of component #223, pin #83 of component #223, pin #77 of component #223, pin of component #198, pin #42 of component #184, pin #33 of component #184, pin #24 of component #184, pin #21 of component #184, pin #11 of component #184, pin #2 of component #184, pin #11 of component #183, pin #2 of component #183, pin #2 of component #178, pin #1 of component #171, pin #1 of component #167, pin #29 of component #162, pin #5 of component #162, pin of component #161, pin #3 of component #158, pin of component #147, pin of component #138, pin of component #137, pin of component #135, pin of component #133, pin of component #132, pin of component #122, pin of component #51, pin of component #49, pin of component #44, pin of component #29, pin of component #28, pin #5 of component #26, pin of component #19, pin of component #16, pin of component #14, pin of component #9, pin of component #3 and polylinetrace, pin of component #206, because the new connection could not be inserted.
2026-08-15 22:35:55.622 DEBUG  InsertFoundConnectionAlgo: insert trace failed for net #207 at corner 12/12 on layer 5, trace width: 5000, from corner: 3, ok_point: (1099993,-1334757), target: (1050512,-1257527)
2026-08-15 22:35:55.681 DEBUG  [DC97D2\DB1F4C] Autorouter Failed to route connection between polylinetrace, polylinetrace, polylinetrace, polylinetrace, polylinetrace, polylinetrace, via, polylinetrace, polylinetrace, polylinetrace, polylinetrace, polylinetrace, polylinetrace, via, polylinetrace, polylinetrace, via, polylinetrace, polylinetrace, via, polylinetrace, polylinetrace, via, polylinetrace, polylinetrace, via, polylinetrace, polylinetrace, pin #11 of component #311, pin #4 of component #311, pin #3 of component #311, pin #2 of component #311, pin #1 of component #311, pin #24 of component #301, pin of component #217, pin of component #211, pin of component #200, pin of component #199, pin of component #194, pin of component #190, pin of component #117 and pin of component #189, because the new connection could not be inserted.
2026-08-15 22:36:00.010 DEBUG  InsertFoundConnectionAlgo: insert trace failed for net #180 at corner 7/7 on layer 0, trace width: 2500, from corner: 6, ok_point: (2002786,-1339852), target: (2001345,-1341293)
2026-08-15 22:36:00.074 DEBUG  [DC97D2\DB1F4C] Autorouter Failed to route connection between pin #4 of component #185, pin #1 of component #177, pin of component #134 and pin #1 of component #187, because the new connection could not be inserted.
2026-08-15 22:36:04.513 DEBUG  InsertFoundConnectionAlgo: insert trace failed for net #180 at corner 2/15 on layer 0, trace width: 2500, from corner: 1, ok_point: (1882508,-1207000), target: (1882508,-1238500)
2026-08-15 22:36:04.573 DEBUG  [DC97D2\DB1F4C] Autorouter Failed to route connection between polylinetrace, pin #1 of component #187, pin #1 of component #177, pin of component #134 and pin #4 of component #185, because the new connection could not be inserted.
2026-08-15 22:36:09.407 DEBUG  InsertFoundConnectionAlgo: insert trace failed for net #99 at corner 5/11 on layer 0, trace width: 2500, from corner: 2, ok_point: (1785704,-1165498), target: (1751568,-1164947)
2026-08-15 22:36:09.460 DEBUG  [DC97D2\DB1F4C] Autorouter Failed to route connection between polylinetrace, polylinetrace, polylinetrace, polylinetrace, polylinetrace, polylinetrace, polylinetrace, polylinetrace, polylinetrace, polylinetrace, pin #25 of component #162, pin of component #130, pin of component #125, pin of component #64 and polylinetrace, polylinetrace, polylinetrace, polylinetrace, polylinetrace, polylinetrace, polylinetrace, pin #2 of component #185, pin of component #185, pin #1 of component #147, because the new connection could not be inserted.
2026-08-15 22:36:13.732 DEBUG  InsertFoundConnectionAlgo: insert trace failed for net #5 at corner 11/11 on layer 0, trace width: 2500, from corner: 8, ok_point: (2068244,-1129578), target: (2091000,-1135000)
2026-08-15 22:36:13.802 DEBUG  [DC97D2\DB1F4C] Autorouter Failed to route connection between polylinetrace, polylinetrace, polylinetrace, polylinetrace, polylinetrace, polylinetrace, polylinetrace, polylinetrace, polylinetrace, polylinetrace, polylinetrace, polylinetrace, polylinetrace, polylinetrace, polylinetrace, polylinetrace, polylinetrace, polylinetrace, polylinetrace, polylinetrace, via, polylinetrace, polylinetrace, via, polylinetrace, via, polylinetrace, polylinetrace, polylinetrace, polylinetrace, polylinetrace, polylinetrace, polylinetrace, polylinetrace, via, polylinetrace, polylinetrace, polylinetrace, polylinetrace, polylinetrace, via, polylinetrace, via, polylinetrace, via, polylinetrace, polylinetrace, polylinetrace, polylinetrace, via, polylinetrace, polylinetrace, polylinetrace, polylinetrace, polylinetrace, polylinetrace, polylinetrace, via, polylinetrace, polylinetrace, polylinetrace, polylinetrace, polylinetrace, polylinetrace, polylinetrace, pin #1 of component #308, pin of component #306, pin #37 of component #303, pin #5 of component #302, pin of component #302, pin #4 of component #276, pin of component #259, pin of component #250, pin of component #244, pin of component #232, pin of component #231, pin of component #230, pin #85 of component #223, pin #83 of component #223, pin #77 of component #223, pin of component #206, pin of component #198, pin #33 of component #184, pin #24 of component #184, pin #21 of component #184, pin #11 of component #184, pin #2 of component #184, pin #11 of component #183, pin #2 of component #183, pin #2 of component #178, pin #29 of component #162, pin #5 of component #162, pin of component #161, pin #3 of component #158, pin of component #147, pin of component #138, pin of component #137, pin of component #135, pin of component #133, pin of component #132, pin of component #122, pin of component #51, pin of component #49, pin of component #44, pin of component #29, pin of component #28, pin #5 of component #26, pin of component #19, pin of component #16, pin of component #14, pin of component #9, pin of component #3 and polylinetrace, polylinetrace, polylinetrace, polylinetrace, via, pin #42 of component #184, pin #1 of component #171, pin #1 of component #167, because the new connection could not be inserted.
2026-08-15 22:36:23.335 DEBUG  [DC97D2\DB1F4C] Autorouter Failed to route connection between polylinetrace, polylinetrace, polylinetrace, polylinetrace, polylinetrace, polylinetrace, polylinetrace, via, polylinetrace, polylinetrace, polylinetrace, polylinetrace, polylinetrace, via, polylinetrace, polylinetrace, polylinetrace, polylinetrace, polylinetrace, pin of component #310, pin #1 of component #307, pin of component #237, pin of component #212, pin of component #201, pin #38 of component #184, pin #32 of component #184, pin #29 of component #184, pin #20 of component #184, pin #8 of component #184, pin #5 of component #184, pin of component #140, pin of component #128, pin of component #127, pin of component #126, pin of component #124, pin of component #118, pin of component #50, pin of component #35 and pin #41 of component #184, because no connection was found between their nets.
2026-08-15 22:36:37.315 DEBUG  [DC97D2\DB1F4C] Autorouter Failed to route connection between polylinetrace, polylinetrace, polylinetrace, polylinetrace, polylinetrace, polylinetrace, polylinetrace, polylinetrace, polylinetrace, polylinetrace, via, polylinetrace, polylinetrace, polylinetrace, polylinetrace, polylinetrace, polylinetrace, polylinetrace, via, polylinetrace, polylinetrace, polylinetrace, polylinetrace, polylinetrace, via, polylinetrace, via, polylinetrace, polylinetrace, polylinetrace, polylinetrace, polylinetrace, polylinetrace, via, polylinetrace, polylinetrace, polylinetrace, polylinetrace, polylinetrace, polylinetrace, polylinetrace, via, polylinetrace, polylinetrace, polylinetrace, polylinetrace, polylinetrace, polylinetrace, via, polylinetrace, polylinetrace, pin #1 of component #308, pin of component #306, pin #37 of component #303, pin #5 of component #302, pin of component #302, pin #4 of component #276, pin of component #259, pin of component #250, pin of component #244, pin of component #232, pin of component #231, pin of component #230, pin #85 of component #223, pin #83 of component #223, pin #77 of component #223, pin of component #206, pin of component #198, pin #42 of component #184, pin #24 of component #184, pin #21 of component #184, pin #11 of component #184, pin #2 of component #184, pin #11 of component #183, pin #2 of component #183, pin #2 of component #178, pin #1 of component #171, pin #1 of component #167, pin #29 of component #162, pin #5 of component #162, pin of component #161, pin #3 of component #158, pin of component #147, pin of component #138, pin of component #137, pin of component #135, pin of component #133, pin of component #132, pin of component #122, pin of component #51, pin of component #49, pin of component #44, pin of component #29, pin of component #28, pin #5 of component #26, pin of component #19, pin of component #16, pin of component #14, pin of component #9, pin of component #3 and pin #33 of component #184, because no connection was found between their nets.
2026-08-15 22:36:46.388 DEBUG  [DC97D2\DB1F4C] Autorouter Failed to route connection between polylinetrace, polylinetrace, polylinetrace, polylinetrace, polylinetrace, polylinetrace, polylinetrace, polylinetrace, polylinetrace, polylinetrace, polylinetrace, polylinetrace, polylinetrace, polylinetrace, polylinetrace, via, polylinetrace, via, polylinetrace, polylinetrace, polylinetrace, polylinetrace, polylinetrace, pin of component #310, pin #1 of component #307, pin of component #237, pin of component #212, pin of component #201, pin #41 of component #184, pin #38 of component #184, pin #29 of component #184, pin #20 of component #184, pin #8 of component #184, pin #5 of component #184, pin of component #140, pin of component #128, pin of component #127, pin of component #126, pin of component #124, pin of component #118, pin of component #50, pin of component #35 and pin #32 of component #184, because no connection was found between their nets.
2026-08-15 22:37:04.555 DEBUG  [DC97D2\DB1F4C] Autorouter Failed to route connection between polylinetrace, polylinetrace, polylinetrace, polylinetrace, polylinetrace, polylinetrace, polylinetrace, polylinetrace, polylinetrace, polylinetrace, polylinetrace, polylinetrace, polylinetrace, polylinetrace, polylinetrace, polylinetrace, polylinetrace, via, polylinetrace, via, polylinetrace, polylinetrace, polylinetrace, polylinetrace, polylinetrace, pin of component #310, pin #1 of component #307, pin of component #237, pin of component #212, pin of component #201, pin #41 of component #184, pin #38 of component #184, pin #32 of component #184, pin #29 of component #184, pin #8 of component #184, pin #5 of component #184, pin of component #140, pin of component #128, pin of component #127, pin of component #126, pin of component #124, pin of component #118, pin of component #50, pin of component #35 and pin #20 of component #184, because no connection was found between their nets.
2026-08-15 22:37:08.767 DEBUG  InsertFoundConnectionAlgo: insert trace failed for net #5 at corner 9/14 on layer 0, trace width: 2500, from corner: 6, ok_point: (2031488,-1215973), target: (2025246,-1185168)
2026-08-15 22:37:08.831 DEBUG  [DC97D2\DB1F4C] Autorouter Failed to route connection between polylinetrace, polylinetrace, polylinetrace, polylinetrace, polylinetrace, polylinetrace, polylinetrace, polylinetrace, polylinetrace, via, polylinetrace, polylinetrace, polylinetrace, polylinetrace, polylinetrace, polylinetrace, polylinetrace, via, polylinetrace, polylinetrace, polylinetrace, polylinetrace, polylinetrace, via, polylinetrace, via, polylinetrace, polylinetrace, polylinetrace, polylinetrace, polylinetrace, polylinetrace, via, polylinetrace, polylinetrace, polylinetrace, polylinetrace, polylinetrace, polylinetrace, polylinetrace, via, polylinetrace, polylinetrace, polylinetrace, polylinetrace, via, pin #1 of component #308, pin of component #306, pin #37 of component #303, pin #5 of component #302, pin of component #302, pin #4 of component #276, pin of component #259, pin of component #250, pin of component #244, pin of component #232, pin of component #231, pin of component #230, pin #85 of component #223, pin #83 of component #223, pin #77 of component #223, pin of component #206, pin of component #198, pin #42 of component #184, pin #33 of component #184, pin #2 of component #184, pin #11 of component #183, pin #2 of component #183, pin #2 of component #178, pin #1 of component #171, pin #1 of component #167, pin #29 of component #162, pin #5 of component #162, pin of component #161, pin #3 of component #158, pin of component #147, pin of component #138, pin of component #137, pin of component #135, pin of component #133, pin of component #132, pin of component #122, pin of component #51, pin of component #49, pin of component #44, pin of component #29, pin of component #28, pin of component #19, pin of component #16, pin of component #14, pin of component #9, pin of component #3 and polylinetrace, polylinetrace, polylinetrace, polylinetrace, polylinetrace, polylinetrace, polylinetrace, polylinetrace, pin #24 of component #184, pin #21 of component #184, pin #11 of component #184, pin #5 of component #26, because the new connection could not be inserted.
2026-08-15 22:37:18.038 DEBUG  [DC97D2\DB1F4C] Autorouter Failed to route connection between polylinetrace, polylinetrace, polylinetrace, polylinetrace, polylinetrace, polylinetrace, polylinetrace, polylinetrace, polylinetrace, polylinetrace, polylinetrace, polylinetrace, polylinetrace, polylinetrace, polylinetrace, polylinetrace, polylinetrace, via, polylinetrace, via, polylinetrace, polylinetrace, polylinetrace, polylinetrace, polylinetrace, pin of component #310, pin #1 of component #307, pin of component #237, pin of component #212, pin of component #201, pin #41 of component #184, pin #38 of component #184, pin #32 of component #184, pin #29 of component #184, pin #20 of component #184, pin #5 of component #184, pin of component #140, pin of component #128, pin of component #127, pin of component #126, pin of component #124, pin of component #118, pin of component #50, pin of component #35 and pin #8 of component #184, because no connection was found between their nets.
2026-08-15 22:37:27.170 DEBUG  [DC97D2\DB1F4C] Autorouter Failed to route connection between polylinetrace, polylinetrace, polylinetrace, polylinetrace, polylinetrace, polylinetrace, polylinetrace, polylinetrace, polylinetrace, polylinetrace, polylinetrace, polylinetrace, polylinetrace, polylinetrace, polylinetrace, polylinetrace, polylinetrace, via, polylinetrace, via, polylinetrace, polylinetrace, polylinetrace, polylinetrace, polylinetrace, pin of component #310, pin #1 of component #307, pin of component #237, pin of component #212, pin of component #201, pin #41 of component #184, pin #38 of component #184, pin #32 of component #184, pin #29 of component #184, pin #20 of component #184, pin #8 of component #184, pin of component #140, pin of component #128, pin of component #127, pin of component #126, pin of component #124, pin of component #118, pin of component #50, pin of component #35 and pin #5 of component #184, because no connection was found between their nets.
2026-08-15 22:37:36.213 DEBUG  [DC97D2\DB1F4C] Autorouter Failed to route connection between polylinetrace, polylinetrace, polylinetrace, polylinetrace, polylinetrace, polylinetrace, polylinetrace, polylinetrace, polylinetrace, polylinetrace, polylinetrace, polylinetrace, polylinetrace, polylinetrace, polylinetrace, polylinetrace, via, polylinetrace, polylinetrace, polylinetrace, polylinetrace, polylinetrace, polylinetrace, polylinetrace, via, polylinetrace, polylinetrace, polylinetrace, polylinetrace, polylinetrace, via, polylinetrace, via, polylinetrace, polylinetrace, polylinetrace, polylinetrace, polylinetrace, polylinetrace, via, polylinetrace, polylinetrace, polylinetrace, polylinetrace, polylinetrace, polylinetrace, polylinetrace, via, polylinetrace, polylinetrace, polylinetrace, polylinetrace, polylinetrace, polylinetrace, via, polylinetrace, pin #1 of component #308, pin of component #306, pin #37 of component #303, pin #5 of component #302, pin of component #302, pin #4 of component #276, pin of component #259, pin of component #250, pin of component #244, pin of component #232, pin of component #231, pin of component #230, pin #85 of component #223, pin #83 of component #223, pin #77 of component #223, pin of component #206, pin of component #198, pin #42 of component #184, pin #33 of component #184, pin #24 of component #184, pin #21 of component #184, pin #11 of component #184, pin #11 of component #183, pin #2 of component #183, pin #2 of component #178, pin #1 of component #171, pin #1 of component #167, pin #29 of component #162, pin #5 of component #162, pin of component #161, pin #3 of component #158, pin of component #147, pin of component #138, pin of component #137, pin of component #135, pin of component #133, pin of component #132, pin of component #122, pin of component #51, pin of component #49, pin of component #44, pin of component #29, pin of component #28, pin #5 of component #26, pin of component #19, pin of component #16, pin of component #14, pin of component #9, pin of component #3 and pin #2 of component #184, because no connection was found between their nets.
2026-08-15 22:37:40.634 DEBUG  InsertFoundConnectionAlgo: insert trace failed for net #5 at corner 10/10 on layer 0, trace width: 2500, from corner: 0, ok_point: (2025000,-1128500), target: (2025000,-1145000)
2026-08-15 22:37:40.696 DEBUG  [DC97D2\DB1F4C] Autorouter Failed to route connection between polylinetrace, polylinetrace, polylinetrace, polylinetrace, polylinetrace, polylinetrace, polylinetrace, polylinetrace, polylinetrace, polylinetrace, polylinetrace, polylinetrace, polylinetrace, polylinetrace, polylinetrace, polylinetrace, via, polylinetrace, polylinetrace, polylinetrace, polylinetrace, polylinetrace, polylinetrace, polylinetrace, via, polylinetrace, polylinetrace, polylinetrace, polylinetrace, polylinetrace, via, polylinetrace, via, polylinetrace, polylinetrace, polylinetrace, polylinetrace, polylinetrace, polylinetrace, via, polylinetrace, polylinetrace, polylinetrace, polylinetrace, polylinetrace, polylinetrace, polylinetrace, via, polylinetrace, polylinetrace, polylinetrace, polylinetrace, polylinetrace, polylinetrace, via, polylinetrace, pin #1 of component #308, pin of component #306, pin #37 of component #303, pin #5 of component #302, pin of component #302, pin #4 of component #276, pin of component #259, pin of component #250, pin of component #244, pin of component #232, pin of component #231, pin of component #230, pin #85 of component #223, pin #83 of component #223, pin #77 of component #223, pin of component #206, pin of component #198, pin #42 of component #184, pin #33 of component #184, pin #24 of component #184, pin #21 of component #184, pin #11 of component #184, pin #2 of component #184, pin #2 of component #183, pin #2 of component #178, pin #1 of component #171, pin #1 of component #167, pin #29 of component #162, pin #5 of component #162, pin of component #161, pin #3 of component #158, pin of component #147, pin of component #138, pin of component #137, pin of component #135, pin of component #133, pin of component #132, pin of component #122, pin of component #51, pin of component #49, pin of component #44, pin of component #29, pin of component #28, pin #5 of component #26, pin of component #19, pin of component #16, pin of component #14, pin of component #9, pin of component #3 and pin #11 of component #183, because the new connection could not be inserted.
2026-08-15 22:37:45.100 DEBUG  InsertFoundConnectionAlgo: insert trace failed for net #5 at corner 11/11 on layer 0, trace width: 2500, from corner: 0, ok_point: (2025000,-1145000), target: (2015000,-1185000)
2026-08-15 22:37:45.164 DEBUG  [DC97D2\DB1F4C] Autorouter Failed to route connection between polylinetrace, polylinetrace, polylinetrace, polylinetrace, polylinetrace, polylinetrace, polylinetrace, polylinetrace, polylinetrace, polylinetrace, polylinetrace, polylinetrace, polylinetrace, polylinetrace, polylinetrace, polylinetrace, via, polylinetrace, polylinetrace, polylinetrace, polylinetrace, polylinetrace, polylinetrace, polylinetrace, via, polylinetrace, polylinetrace, polylinetrace, polylinetrace, polylinetrace, via, polylinetrace, via, polylinetrace, polylinetrace, polylinetrace, polylinetrace, polylinetrace, polylinetrace, via, polylinetrace, polylinetrace, polylinetrace, polylinetrace, polylinetrace, polylinetrace, polylinetrace, via, polylinetrace, polylinetrace, polylinetrace, polylinetrace, polylinetrace, polylinetrace, via, polylinetrace, pin #1 of component #308, pin of component #306, pin #37 of component #303, pin #5 of component #302, pin of component #302, pin #4 of component #276, pin of component #259, pin of component #250, pin of component #244, pin of component #232, pin of component #231, pin of component #230, pin #85 of component #223, pin #83 of component #223, pin #77 of component #223, pin of component #206, pin of component #198, pin #42 of component #184, pin #33 of component #184, pin #24 of component #184, pin #21 of component #184, pin #11 of component #184, pin #2 of component #184, pin #11 of component #183, pin #2 of component #178, pin #1 of component #171, pin #1 of component #167, pin #29 of component #162, pin #5 of component #162, pin of component #161, pin #3 of component #158, pin of component #147, pin of component #138, pin of component #137, pin of component #135, pin of component #133, pin of component #132, pin of component #122, pin of component #51, pin of component #49, pin of component #44, pin of component #29, pin of component #28, pin #5 of component #26, pin of component #19, pin of component #16, pin of component #14, pin of component #9, pin of component #3 and pin #2 of component #183, because the new connection could not be inserted.
2026-08-15 22:37:53.493 DEBUG  [DC97D2\DB1F4C] Autorouter Failed to route connection between polylinetrace, polylinetrace, polylinetrace, polylinetrace, polylinetrace, pin of component #294, pin of component #272, pin of component #271, pin of component #264, pin #40 of component #81 and pin #40 of component #182, because no connection was found between their nets.
2026-08-15 22:38:02.878 DEBUG  [DC97D2\DB1F4C] Autorouter Failed to route connection between polylinetrace, polylinetrace, via, pin of component #282, pin #1 of component #274, pin of component #106, pin #6 of component #81, pin of component #80, pin of component #79 and pin #6 of component #182, because no connection was found between their nets.
2026-08-15 22:38:07.102 DEBUG  InsertFoundConnectionAlgo: insert trace failed for net #21 at corner 7/7 on layer 0, trace width: 2500, from corner: 0, ok_point: (2156000,-1029600), target: (2163000,-1029600)
2026-08-15 22:38:07.162 DEBUG  [DC97D2\DB1F4C] Autorouter Failed to route connection between polylinetrace, polylinetrace, via, polylinetrace, via, polylinetrace, via, polylinetrace, polylinetrace, polylinetrace, polylinetrace, polylinetrace, polylinetrace, polylinetrace, polylinetrace, polylinetrace, via, polylinetrace, polylinetrace, polylinetrace, polylinetrace, via, via, polylinetrace, via, polylinetrace, polylinetrace, polylinetrace, polylinetrace, via, polylinetrace, polylinetrace, polylinetrace, via, polylinetrace, polylinetrace, polylinetrace, pin #3 of component #308, pin #2 of component #308, pin #23 of component #291, pin of component #289, pin of component #270, pin of component #268, pin of component #262, pin #1 of component #226, pin #1 of component #182, pin #3 of component #175, pin of component #175, pin #3 of component #174, pin of component #174, pin #1 of component #172, pin #1 of component #170, pin #1 of component #169, pin #1 of component #168, pin of component #149, pin of component #144, pin of component #85, pin #3 of component #81, pin #1 of component #81, pin of component #78, pin of component #66, pin of component #61, pin of component #41, pin #1 of component #6 and pin #3 of component #182, because the new connection could not be inserted.
2026-08-15 22:38:15.600 DEBUG  [DC97D2\DB1F4C] Autorouter Failed to route connection between pin of component #277, pin #14 of component #274, pin of component #101, pin #2 of component #81, pin of component #74, pin of component #70 and pin #2 of component #182, because no connection was found between their nets.
2026-08-15 22:38:20.287 DEBUG  InsertFoundConnectionAlgo: insert trace failed for net #21 at corner 7/7 on layer 0, trace width: 2500, from corner: 0, ok_point: (2163000,-1029600), target: (2156000,-1029600)
2026-08-15 22:38:20.360 DEBUG  [DC97D2\DB1F4C] Autorouter Failed to route connection between polylinetrace, polylinetrace, via, polylinetrace, via, polylinetrace, via, polylinetrace, polylinetrace, polylinetrace, polylinetrace, polylinetrace, polylinetrace, polylinetrace, polylinetrace, polylinetrace, via, polylinetrace, polylinetrace, polylinetrace, polylinetrace, via, via, polylinetrace, via, polylinetrace, polylinetrace, polylinetrace, polylinetrace, via, polylinetrace, polylinetrace, polylinetrace, via, polylinetrace, polylinetrace, polylinetrace, pin #3 of component #308, pin #2 of component #308, pin #23 of component #291, pin of component #289, pin of component #270, pin of component #268, pin of component #262, pin #1 of component #226, pin #3 of component #182, pin #3 of component #175, pin of component #175, pin #3 of component #174, pin of component #174, pin #1 of component #172, pin #1 of component #170, pin #1 of component #169, pin #1 of component #168, pin of component #149, pin of component #144, pin of component #85, pin #3 of component #81, pin #1 of component #81, pin of component #78, pin of component #66, pin of component #61, pin of component #41, pin #1 of component #6 and pin #1 of component #182, because the new connection could not be inserted.
2026-08-15 22:38:25.302 DEBUG  InsertFoundConnectionAlgo: insert trace failed for net #188 at corner 10/10 on layer 0, trace width: 5000, from corner: 0, ok_point: (2215000,-1212000), target: (2270337,-1211056)
2026-08-15 22:38:25.372 DEBUG  [DC97D2\DB1F4C] Autorouter Failed to route connection between polylinetrace, polylinetrace, polylinetrace, polylinetrace, via, polylinetrace, polylinetrace, polylinetrace, polylinetrace, polylinetrace, polylinetrace, polylinetrace, via, polylinetrace, polylinetrace, polylinetrace, polylinetrace, polylinetrace, polylinetrace, polylinetrace, polylinetrace, polylinetrace, via, polylinetrace, via, polylinetrace, via, polylinetrace, polylinetrace, via, polylinetrace, polylinetrace, polylinetrace, polylinetrace, polylinetrace, polylinetrace, polylinetrace, via, polylinetrace, polylinetrace, polylinetrace, polylinetrace, polylinetrace, polylinetrace, polylinetrace, polylinetrace, polylinetrace, polylinetrace, polylinetrace, polylinetrace, polylinetrace, polylinetrace, polylinetrace, polylinetrace, pin #23 of component #305, pin #22 of component #305, pin #34 of component #303, pin #33 of component #303, pin #1 of component #300, pin of component #299, pin #3 of component #297, pin of component #297, pin #3 of component #296, pin of component #296, pin #3 of component #295, pin of component #295, pin of component #288, pin of component #281, pin of component #280, pin of component #279, pin of component #278, pin #3 of component #275, pin of component #275, pin #6 of component #274, pin of component #269, pin of component #247, pin of component #227, pin #86 of component #223, pin #84 of component #223, pin #82 of component #223, pin #80 of component #223, pin #78 of component #223, pin #76 of component #223, pin of component #213, pin of component #204, pin of component #120, pin of component #104 and pin #5 of component #181, because the new connection could not be inserted.
2026-08-15 22:38:30.012 DEBUG  InsertFoundConnectionAlgo: insert trace failed for net #133 at corner 13/13 on layer 0, trace width: 5000, from corner: 0, ok_point: (2197250,-1212000), target: (2202082,-1255622)
2026-08-15 22:38:30.077 DEBUG  [DC97D2\DB1F4C] Autorouter Failed to route connection between polylinetrace, polylinetrace, polylinetrace, polylinetrace, polylinetrace, polylinetrace, polylinetrace, pin #20 of component #165, pin #15 of component #165, pin #8 of component #165, pin #3 of component #165 and pin of component #181, because the new connection could not be inserted.
2026-08-15 22:38:34.294 DEBUG  InsertFoundConnectionAlgo: insert trace failed for net #105 at corner 4/4 on layer 0, trace width: 5000, from corner: 0, ok_point: (1195000,-1122000), target: (1195000,-1128500)
2026-08-15 22:38:34.356 DEBUG  [DC97D2\DB1F4C] Autorouter Failed to route connection between polylinetrace, polylinetrace, polylinetrace, polylinetrace, polylinetrace, polylinetrace, pin #32 of component #303, pin #31 of component #303, pin #24 of component #303, pin #23 of component #303, pin #22 of component #303, pin of component #216, pin of component #209, pin of component #202, pin of component #195, pin #4 of component #180, pin #3 of component #180, pin #17 of component #160, pin #12 of component #160, pin #9 of component #160, pin #4 of component #160 and pin #5 of component #180, because the new connection could not be inserted.
2026-08-15 22:38:38.596 DEBUG  InsertFoundConnectionAlgo: insert trace failed for net #105 at corner 4/4 on layer 0, trace width: 5000, from corner: 0, ok_point: (1195000,-1128500), target: (1195000,-1135000)
2026-08-15 22:38:38.654 DEBUG  [DC97D2\DB1F4C] Autorouter Failed to route connection between polylinetrace, polylinetrace, polylinetrace, polylinetrace, polylinetrace, polylinetrace, pin #32 of component #303, pin #31 of component #303, pin #24 of component #303, pin #23 of component #303, pin #22 of component #303, pin of component #216, pin of component #209, pin of component #202, pin of component #195, pin #5 of component #180, pin #3 of component #180, pin #17 of component #160, pin #12 of component #160, pin #9 of component #160, pin #4 of component #160 and pin #4 of component #180, because the new connection could not be inserted.
2026-08-15 22:38:42.885 DEBUG  InsertFoundConnectionAlgo: insert trace failed for net #105 at corner 4/4 on layer 0, trace width: 5000, from corner: 0, ok_point: (1195000,-1135000), target: (1195000,-1128500)
2026-08-15 22:38:42.944 DEBUG  [DC97D2\DB1F4C] Autorouter Failed to route connection between polylinetrace, polylinetrace, polylinetrace, polylinetrace, polylinetrace, polylinetrace, pin #32 of component #303, pin #31 of component #303, pin #24 of component #303, pin #23 of component #303, pin #22 of component #303, pin of component #216, pin of component #209, pin of component #202, pin of component #195, pin #5 of component #180, pin #4 of component #180, pin #17 of component #160, pin #12 of component #160, pin #9 of component #160, pin #4 of component #160 and pin #3 of component #180, because the new connection could not be inserted.
2026-08-15 22:38:59.520 DEBUG  InsertFoundConnectionAlgo: insert trace failed for net #21 at corner 4/4 on layer 0, trace width: 2500, from corner: 3, ok_point: (1215000,-1064827), target: (1215000,-1045000)
2026-08-15 22:38:59.576 DEBUG  [DC97D2\DB1F4C] Autorouter Failed to route connection between polylinetrace, polylinetrace, polylinetrace, via, polylinetrace, polylinetrace, polylinetrace, polylinetrace, polylinetrace, polylinetrace, polylinetrace, polylinetrace, via, polylinetrace, polylinetrace, polylinetrace, polylinetrace, via, via, polylinetrace, via, polylinetrace, polylinetrace, polylinetrace, polylinetrace, via, polylinetrace, polylinetrace, via, polylinetrace, polylinetrace, polylinetrace, pin #3 of component #308, pin #2 of component #308, pin #23 of component #291, pin of component #289, pin of component #270, pin of component #268, pin #1 of component #226, pin #3 of component #182, pin #1 of component #182, pin #3 of component #175, pin of component #175, pin #1 of component #172, pin #1 of component #170, pin #1 of component #169, pin #1 of component #168, pin of component #149, pin of component #144, pin of component #85, pin #3 of component #81, pin #1 of component #81, pin of component #78, pin of component #66, pin of component #61, pin of component #41, pin #1 of component #6 and polylinetrace, via, polylinetrace, via, polylinetrace, polylinetrace, pin of component #262, pin #3 of component #174, pin of component #174, because the new connection could not be inserted.
2026-08-15 22:39:11.429 DEBUG  [DC97D2\DB1F4C] Autorouter Failed to route connection between pin of component #181 and polylinetrace, polylinetrace, polylinetrace, polylinetrace, polylinetrace, polylinetrace, via, via, polylinetrace, polylinetrace, polylinetrace, polylinetrace, polylinetrace, pin #20 of component #165, pin #15 of component #165, pin #8 of component #165, pin #3 of component #165, because no connection was found between their nets.
2026-08-15 22:39:15.382 DEBUG  InsertFoundConnectionAlgo: insert trace failed for net #5 at corner 23/23 on layer 3, trace width: 2500, from corner: 13, ok_point: (1255308,-1176893), target: (1246940,-1201424)
2026-08-15 22:39:15.448 DEBUG  [DC97D2\DB1F4C] Autorouter Failed to route connection between polylinetrace, polylinetrace, polylinetrace, polylinetrace, polylinetrace, polylinetrace, polylinetrace, polylinetrace, polylinetrace, polylinetrace, polylinetrace, polylinetrace, polylinetrace, polylinetrace, polylinetrace, polylinetrace, polylinetrace, polylinetrace, via, polylinetrace, polylinetrace, polylinetrace, polylinetrace, polylinetrace, polylinetrace, polylinetrace, via, polylinetrace, polylinetrace, via, polylinetrace, via, polylinetrace, polylinetrace, polylinetrace, polylinetrace, polylinetrace, polylinetrace, polylinetrace, polylinetrace, polylinetrace, polylinetrace, polylinetrace, polylinetrace, via, polylinetrace, polylinetrace, polylinetrace, polylinetrace, polylinetrace, polylinetrace, via, polylinetrace, pin #1 of component #308, pin of component #306, pin #37 of component #303, pin #5 of component #302, pin of component #302, pin #4 of component #276, pin of component #259, pin of component #250, pin of component #244, pin of component #232, pin of component #231, pin of component #230, pin #85 of component #223, pin #83 of component #223, pin #77 of component #223, pin of component #206, pin of component #198, pin #42 of component #184, pin #33 of component #184, pin #24 of component #184, pin #21 of component #184, pin #11 of component #184, pin #2 of component #184, pin #11 of component #183, pin #2 of component #183, pin #2 of component #178, pin #1 of component #171, pin #1 of component #167, pin #5 of component #162, pin of component #161, pin #3 of component #158, pin of component #147, pin of component #138, pin of component #137, pin of component #135, pin of component #133, pin of component #132, pin of component #51, pin of component #49, pin of component #44, pin of component #29, pin of component #28, pin #5 of component #26, pin of component #19, pin of component #16, pin of component #14, pin of component #9, pin of component #3 and polylinetrace, polylinetrace, polylinetrace, via, pin #29 of component #162, pin of component #122, because the new connection could not be inserted.
2026-08-15 22:39:23.340 DEBUG  InsertFoundConnectionAlgo: insert trace failed for net #99 at corner 4/22 on layer 3, trace width: 2500, from corner: 3, ok_point: (1317322,-1201424), target: (1346282,-1201424)
2026-08-15 22:39:23.393 DEBUG  [DC97D2\DB1F4C] Autorouter Failed to route connection between polylinetrace, polylinetrace, polylinetrace, polylinetrace, polylinetrace, polylinetrace, polylinetrace, polylinetrace, polylinetrace, pin #2 of component #185, pin of component #185, pin #1 of component #147 and polylinetrace, polylinetrace, polylinetrace, polylinetrace, polylinetrace, polylinetrace, polylinetrace, polylinetrace, polylinetrace, polylinetrace, pin #25 of component #162, pin of component #130, pin of component #125, pin of component #64, because the new connection could not be inserted.
2026-08-15 22:39:27.288 DEBUG  FloatLine: one or both endpoints are null (degenerate line segment)
2026-08-15 22:39:31.498 DEBUG  ShapeSearchTree45Degree.complete_shape: non-IntOctagon contained shape, using bounding octagon approximation
2026-08-15 22:39:31.498 DEBUG  ShapeSearchTree45Degree.complete_shape: non-IntOctagon contained shape, using bounding octagon approximation
2026-08-15 22:39:31.498 DEBUG  ShapeSearchTree45Degree.complete_shape: non-IntOctagon contained shape, using bounding octagon approximation
2026-08-15 22:39:35.531 DEBUG  ShapeSearchTree45Degree.complete_shape: non-IntOctagon contained shape, using bounding octagon approximation
2026-08-15 22:39:35.531 DEBUG  ShapeSearchTree45Degree.complete_shape: non-IntOctagon contained shape, using bounding octagon approximation
2026-08-15 22:39:35.531 DEBUG  ShapeSearchTree45Degree.complete_shape: non-IntOctagon contained shape, using bounding octagon approximation
2026-08-15 22:39:39.938 DEBUG  InsertFoundConnectionAlgo: insert trace failed for net #5 at corner 10/10 on layer 0, trace width: 2500, from corner: 3, ok_point: (1142621,-1227926), target: (1133815,-1268342)
2026-08-15 22:39:39.998 DEBUG  [DC97D2\DB1F4C] Autorouter Failed to route connection between polylinetrace, polylinetrace, polylinetrace, polylinetrace, polylinetrace, polylinetrace, polylinetrace, polylinetrace, polylinetrace, polylinetrace, polylinetrace, polylinetrace, polylinetrace, polylinetrace, polylinetrace, polylinetrace, polylinetrace, polylinetrace, via, polylinetrace, polylinetrace, polylinetrace, polylinetrace, polylinetrace, polylinetrace, polylinetrace, via, polylinetrace, polylinetrace, polylinetrace, polylinetrace, polylinetrace, via, polylinetrace, via, polylinetrace, polylinetrace, polylinetrace, polylinetrace, polylinetrace, via, polylinetrace, polylinetrace, polylinetrace, polylinetrace, polylinetrace, polylinetrace, polylinetrace, via, polylinetrace, polylinetrace, polylinetrace, polylinetrace, polylinetrace, polylinetrace, via, polylinetrace, pin #1 of component #308, pin of component #306, pin #37 of component #303, pin #5 of component #302, pin of component #302, pin #4 of component #276, pin of component #259, pin of component #250, pin of component #244, pin of component #232, pin of component #231, pin of component #230, pin #85 of component #223, pin #83 of component #223, pin #77 of component #223, pin of component #206, pin of component #198, pin #42 of component #184, pin #33 of component #184, pin #24 of component #184, pin #21 of component #184, pin #11 of component #184, pin #2 of component #184, pin #11 of component #183, pin #2 of component #183, pin #2 of component #178, pin #1 of component #171, pin #1 of component #167, pin #29 of component #162, pin of component #161, pin #3 of component #158, pin of component #147, pin of component #138, pin of component #137, pin of component #135, pin of component #133, pin of component #132, pin of component #122, pin of component #51, pin of component #49, pin of component #44, pin of component #29, pin of component #28, pin #5 of component #26, pin of component #19, pin of component #16, pin of component #14, pin of component #9, pin of component #3 and pin #5 of component #162, because the new connection could not be inserted.
2026-08-15 22:39:43.855 DEBUG  InsertFoundConnectionAlgo: insert trace failed for net #5 at corner 4/11 on layer 5, trace width: 2500, from corner: 1, ok_point: (2351407,-1091714), target: (2354403,-1033672)
2026-08-15 22:39:43.916 DEBUG  [DC97D2\DB1F4C] Autorouter Failed to route connection between polylinetrace, polylinetrace, polylinetrace, polylinetrace, polylinetrace, polylinetrace, polylinetrace, polylinetrace, polylinetrace, polylinetrace, polylinetrace, polylinetrace, polylinetrace, polylinetrace, polylinetrace, polylinetrace, polylinetrace, polylinetrace, via, polylinetrace, polylinetrace, polylinetrace, polylinetrace, polylinetrace, polylinetrace, polylinetrace, via, polylinetrace, polylinetrace, polylinetrace, polylinetrace, polylinetrace, via, polylinetrace, via, polylinetrace, polylinetrace, polylinetrace, polylinetrace, polylinetrace, via, polylinetrace, polylinetrace, polylinetrace, polylinetrace, polylinetrace, polylinetrace, polylinetrace, polylinetrace, polylinetrace, polylinetrace, polylinetrace, polylinetrace, via, polylinetrace, pin #1 of component #308, pin of component #306, pin #37 of component #303, pin #5 of component #302, pin of component #302, pin #4 of component #276, pin of component #259, pin of component #250, pin of component #244, pin of component #232, pin of component #231, pin of component #230, pin #85 of component #223, pin #83 of component #223, pin #77 of component #223, pin of component #206, pin of component #198, pin #42 of component #184, pin #33 of component #184, pin #24 of component #184, pin #21 of component #184, pin #11 of component #184, pin #2 of component #184, pin #11 of component #183, pin #2 of component #183, pin #2 of component #178, pin #1 of component #171, pin #1 of component #167, pin #29 of component #162, pin #5 of component #162, pin #3 of component #158, pin of component #147, pin of component #138, pin of component #137, pin of component #135, pin of component #133, pin of component #132, pin of component #122, pin of component #51, pin of component #49, pin of component #44, pin of component #29, pin of component #28, pin #5 of component #26, pin of component #19, pin of component #16, pin of component #14, pin of component #9, pin of component #3 and polylinetrace, via, pin of component #161, because the new connection could not be inserted.
2026-08-15 22:39:51.839 DEBUG  [DC97D2\DB1F4C] Autorouter Failed to route connection between polylinetrace, polylinetrace, polylinetrace, polylinetrace, polylinetrace, polylinetrace, pin #32 of component #303, pin #31 of component #303, pin #24 of component #303, pin #23 of component #303, pin #22 of component #303, pin of component #216, pin of component #209, pin of component #202, pin of component #195, pin #5 of component #180, pin #4 of component #180, pin #3 of component #180, pin #12 of component #160, pin #9 of component #160 and pin #17 of component #160, pin #4 of component #160, because no connection was found between their nets.
2026-08-15 22:39:59.684 DEBUG  [DC97D2\DB1F4C] Autorouter Failed to route connection between polylinetrace, polylinetrace, polylinetrace, polylinetrace, polylinetrace, polylinetrace, pin #32 of component #303, pin #31 of component #303, pin #24 of component #303, pin #23 of component #303, pin #22 of component #303, pin of component #216, pin of component #209, pin of component #202, pin of component #195, pin #5 of component #180, pin #4 of component #180, pin #3 of component #180, pin #17 of component #160, pin #4 of component #160 and pin #12 of component #160, pin #9 of component #160, because no connection was found between their nets.
2026-08-15 22:40:03.668 DEBUG  InsertFoundConnectionAlgo: insert trace failed for net #5 at corner 4/4 on layer 5, trace width: 2500, from corner: 3, ok_point: (1596502,-1270698), target: (1595000,-1272200)
2026-08-15 22:40:03.723 DEBUG  [DC97D2\DB1F4C] Autorouter Failed to route connection between polylinetrace, polylinetrace, polylinetrace, polylinetrace, polylinetrace, polylinetrace, polylinetrace, polylinetrace, polylinetrace, polylinetrace, polylinetrace, polylinetrace, polylinetrace, polylinetrace, polylinetrace, polylinetrace, polylinetrace, polylinetrace, polylinetrace, via, polylinetrace, polylinetrace, polylinetrace, polylinetrace, polylinetrace, polylinetrace, polylinetrace, polylinetrace, polylinetrace, polylinetrace, via, polylinetrace, polylinetrace, polylinetrace, polylinetrace, polylinetrace, polylinetrace, polylinetrace, via, polylinetrace, polylinetrace, polylinetrace, polylinetrace, polylinetrace, via, polylinetrace, pin #1 of component #308, pin of component #306, pin #37 of component #303, pin of component #250, pin of component #244, pin of component #232, pin of component #231, pin of component #230, pin #85 of component #223, pin #83 of component #223, pin #77 of component #223, pin of component #206, pin of component #198, pin #42 of component #184, pin #33 of component #184, pin #24 of component #184, pin #21 of component #184, pin #11 of component #184, pin #2 of component #184, pin #11 of component #183, pin #2 of component #183, pin #2 of component #178, pin #1 of component #171, pin #1 of component #167, pin #29 of component #162, pin #5 of component #162, pin of component #161, pin of component #147, pin of component #138, pin of component #137, pin of component #135, pin of component #133, pin of component #132, pin of component #122, pin of component #51, pin of component #49, pin of component #44, pin of component #29, pin of component #28, pin #5 of component #26, pin of component #19, pin of component #16, pin of component #14, pin of component #9, pin of component #3 and polylinetrace, polylinetrace, polylinetrace, polylinetrace, polylinetrace, polylinetrace, via, polylinetrace, via, polylinetrace, via, polylinetrace, pin #5 of component #302, pin of component #302, pin #4 of component #276, pin of component #259, pin #3 of component #158, because the new connection could not be inserted.
2026-08-15 22:40:08.254 DEBUG  InsertFoundConnectionAlgo: insert trace failed for net #88 at corner 6/6 on layer 5, trace width: 2500, from corner: 3, ok_point: (1409011,-1216500), target: (1414332,-1226760)
2026-08-15 22:40:08.319 DEBUG  [DC97D2\DB1F4C] Autorouter Failed to route connection between polylinetrace, polylinetrace, via, polylinetrace, polylinetrace, polylinetrace, via, polylinetrace, via, polylinetrace, via, pin of component #283, pin of component #261, pin of component #153, pin of component #145, pin of component #141, pin of component #93 and polylinetrace, polylinetrace, polylinetrace, via, via, pin #1 of component #229, pin of component #155, because the new connection could not be inserted.
2026-08-15 22:40:12.522 DEBUG  InsertFoundConnectionAlgo: insert trace failed for net #88 at corner 28/52 on layer 3, trace width: 2500, from corner: 25, ok_point: (1468000,-1168012), target: (1450308,-1169512)
2026-08-15 22:40:12.583 DEBUG  [DC97D2\DB1F4C] Autorouter Failed to route connection between polylinetrace, polylinetrace, polylinetrace, polylinetrace, polylinetrace, via, polylinetrace, via, polylinetrace, via, polylinetrace, via, via, pin of component #283, pin of component #261, pin #1 of component #229, pin of component #155, pin of component #145, pin of component #93 and polylinetrace, polylinetrace, polylinetrace, via, pin of component #153, pin of component #141, because the new connection could not be inserted.
2026-08-15 22:40:21.008 DEBUG  InsertFoundConnectionAlgo: insert trace failed for net #5 at corner 11/11 on layer 0, trace width: 2500, from corner: 1, ok_point: (1704800,-1175795), target: (1679700,-1165000)
2026-08-15 22:40:21.066 DEBUG  [DC97D2\DB1F4C] Autorouter Failed to route connection between polylinetrace, polylinetrace, polylinetrace, polylinetrace, polylinetrace, polylinetrace, polylinetrace, polylinetrace, polylinetrace, polylinetrace, polylinetrace, polylinetrace, polylinetrace, polylinetrace, polylinetrace, polylinetrace, polylinetrace, polylinetrace, polylinetrace, polylinetrace, via, polylinetrace, polylinetrace, polylinetrace, polylinetrace, polylinetrace, polylinetrace, polylinetrace, via, polylinetrace, polylinetrace, polylinetrace, via, polylinetrace, via, polylinetrace, polylinetrace, polylinetrace, polylinetrace, polylinetrace, via, polylinetrace, polylinetrace, polylinetrace, polylinetrace, via, polylinetrace, polylinetrace, polylinetrace, polylinetrace, polylinetrace, via, polylinetrace, pin #1 of component #308, pin of component #306, pin #37 of component #303, pin #5 of component #302, pin of component #302, pin #4 of component #276, pin of component #259, pin of component #250, pin of component #244, pin of component #232, pin of component #231, pin of component #230, pin #85 of component #223, pin #83 of component #223, pin #77 of component #223, pin of component #206, pin of component #198, pin #42 of component #184, pin #33 of component #184, pin #24 of component #184, pin #21 of component #184, pin #11 of component #184, pin #2 of component #184, pin #11 of component #183, pin #2 of component #183, pin #2 of component #178, pin #1 of component #171, pin #1 of component #167, pin #29 of component #162, pin #5 of component #162, pin of component #161, pin #3 of component #158, pin of component #138, pin of component #137, pin of component #135, pin of component #133, pin of component #132, pin of component #122, pin of component #49, pin of component #29, pin of component #28, pin #5 of component #26, pin of component #19, pin of component #16, pin of component #14 and polylinetrace, polylinetrace, polylinetrace, polylinetrace, polylinetrace, polylinetrace, pin of component #147, pin of component #51, pin of component #44, pin of component #9, pin of component #3, because the new connection could not be inserted.
2026-08-15 22:40:24.907 DEBUG  InsertFoundConnectionAlgo: insert trace failed for net #98 at corner 9/21 on layer 0, trace width: 2500, from corner: 6, ok_point: (1714525,-1072607), target: (1676924,-1075774)
2026-08-15 22:40:24.972 DEBUG  [DC97D2\DB1F4C] Autorouter Failed to route connection between polylinetrace, polylinetrace, polylinetrace, polylinetrace, via, polylinetrace, polylinetrace, via, pin of component #285, pin of component #256, pin #1 of component #228, pin of component #148, pin of component #143, pin of component #142, pin of component #108 and pin of component #146, because the new connection could not be inserted.
2026-08-15 22:40:46.588 DEBUG  InsertFoundConnectionAlgo: insert trace failed for net #86 at corner 8/10 on layer 0, trace width: 2500, from corner: 5, ok_point: (2128857,-1275652), target: (2128857,-1258993)
2026-08-15 22:40:46.648 DEBUG  [DC97D2\DB1F4C] Autorouter Failed to route connection between polylinetrace, polylinetrace, polylinetrace, polylinetrace, polylinetrace, polylinetrace, polylinetrace, polylinetrace, polylinetrace, polylinetrace, polylinetrace, polylinetrace, via, via, polylinetrace, polylinetrace, polylinetrace, pin of component #310, pin #1 of component #307, pin of component #237, pin of component #212, pin of component #201, pin #41 of component #184, pin #38 of component #184, pin #32 of component #184, pin #29 of component #184, pin #20 of component #184, pin #8 of component #184, pin #5 of component #184, pin of component #118, pin of component #50, pin of component #35 and polylinetrace, polylinetrace, polylinetrace, polylinetrace, polylinetrace, polylinetrace, polylinetrace, polylinetrace, pin of component #140, pin of component #128, pin of component #127, pin of component #126, pin of component #124, because the new connection could not be inserted.
2026-08-15 22:40:51.008 DEBUG  InsertFoundConnectionAlgo: insert trace failed for net #5 at corner 6/38 on layer 2, trace width: 2500, from corner: 5, ok_point: (2106248,-1279009), target: (2106248,-1201700)
2026-08-15 22:40:51.066 DEBUG  [DC97D2\DB1F4C] Autorouter Failed to route connection between polylinetrace, polylinetrace, polylinetrace, polylinetrace, polylinetrace, polylinetrace, polylinetrace, polylinetrace, polylinetrace, polylinetrace, polylinetrace, polylinetrace, polylinetrace, polylinetrace, polylinetrace, polylinetrace, polylinetrace, polylinetrace, polylinetrace, polylinetrace, via, polylinetrace, polylinetrace, polylinetrace, polylinetrace, polylinetrace, polylinetrace, via, polylinetrace, via, polylinetrace, polylinetrace, polylinetrace, polylinetrace, via, polylinetrace, polylinetrace, polylinetrace, polylinetrace, polylinetrace, polylinetrace, polylinetrace, via, polylinetrace, polylinetrace, polylinetrace, polylinetrace, polylinetrace, polylinetrace, via, polylinetrace, pin #1 of component #308, pin of component #306, pin #37 of component #303, pin #5 of component #302, pin of component #302, pin #4 of component #276, pin of component #259, pin of component #250, pin of component #244, pin of component #232, pin of component #231, pin of component #230, pin #85 of component #223, pin #83 of component #223, pin #77 of component #223, pin of component #206, pin of component #198, pin #42 of component #184, pin #33 of component #184, pin #24 of component #184, pin #21 of component #184, pin #11 of component #184, pin #2 of component #184, pin #11 of component #183, pin #2 of component #183, pin #2 of component #178, pin #1 of component #171, pin #1 of component #167, pin #29 of component #162, pin #5 of component #162, pin of component #161, pin #3 of component #158, pin of component #147, pin of component #132, pin of component #122, pin of component #51, pin of component #49, pin of component #44, pin of component #29, pin of component #28, pin #5 of component #26, pin of component #19, pin of component #16, pin of component #14, pin of component #9, pin of component #3 and polylinetrace, polylinetrace, polylinetrace, polylinetrace, polylinetrace, polylinetrace, via, polylinetrace, pin of component #138, pin of component #137, pin of component #135, pin of component #133, because the new connection could not be inserted.
2026-08-15 22:40:55.476 DEBUG  InsertFoundConnectionAlgo: insert trace failed for net #180 at corner 4/24 on layer 3, trace width: 2500, from corner: 3, ok_point: (1326666,-1183691), target: (1326666,-1200556)
2026-08-15 22:40:55.542 DEBUG  [DC97D2\DB1F4C] Autorouter Failed to route connection between polylinetrace, polylinetrace, pin #1 of component #187, pin #4 of component #185 and polylinetrace, polylinetrace, polylinetrace, via, via, pin #1 of component #177, pin of component #134, because the new connection could not be inserted.
2026-08-15 22:40:59.815 DEBUG  InsertFoundConnectionAlgo: insert trace failed for net #5 at corner 6/19 on layer 0, trace width: 2500, from corner: 2, ok_point: (1277108,-1116368), target: (1287534,-1115498)
2026-08-15 22:40:59.874 DEBUG  [DC97D2\DB1F4C] Autorouter Failed to route connection between polylinetrace, polylinetrace, polylinetrace, polylinetrace, polylinetrace, polylinetrace, polylinetrace, polylinetrace, polylinetrace, polylinetrace, polylinetrace, polylinetrace, polylinetrace, polylinetrace, polylinetrace, polylinetrace, polylinetrace, polylinetrace, polylinetrace, polylinetrace, polylinetrace, via, polylinetrace, polylinetrace, polylinetrace, polylinetrace, polylinetrace, polylinetrace, polylinetrace, via, polylinetrace, polylinetrace, polylinetrace, polylinetrace, polylinetrace, via, polylinetrace, via, polylinetrace, polylinetrace, polylinetrace, polylinetrace, polylinetrace, via, polylinetrace, polylinetrace, polylinetrace, polylinetrace, polylinetrace, polylinetrace, polylinetrace, via, polylinetrace, polylinetrace, polylinetrace, polylinetrace, polylinetrace, polylinetrace, via, polylinetrace, pin #1 of component #308, pin of component #306, pin #37 of component #303, pin #5 of component #302, pin of component #302, pin #4 of component #276, pin of component #259, pin of component #250, pin of component #244, pin of component #232, pin of component #231, pin of component #230, pin #85 of component #223, pin #83 of component #223, pin #77 of component #223, pin of component #206, pin of component #198, pin #42 of component #184, pin #33 of component #184, pin #24 of component #184, pin #21 of component #184, pin #11 of component #184, pin #2 of component #184, pin #11 of component #183, pin #2 of component #183, pin #2 of component #178, pin #1 of component #171, pin #1 of component #167, pin #29 of component #162, pin #5 of component #162, pin of component #161, pin #3 of component #158, pin of component #147, pin of component #138, pin of component #137, pin of component #135, pin of component #133, pin of component #122, pin of component #51, pin of component #49, pin of component #44, pin of component #29, pin of component #28, pin #5 of component #26, pin of component #19, pin of component #16, pin of component #14, pin of component #9, pin of component #3 and pin of component #132, because the new connection could not be inserted.
2026-08-15 22:41:04.344 DEBUG  InsertFoundConnectionAlgo: insert trace failed for net #86 at corner 36/36 on layer 3, trace width: 2500, from corner: 14, ok_point: (1324324,-1196472), target: (1704405,-1213637)
2026-08-15 22:41:04.414 DEBUG  [DC97D2\DB1F4C] Autorouter Failed to route connection between polylinetrace, polylinetrace, polylinetrace, polylinetrace, polylinetrace, polylinetrace, polylinetrace, polylinetrace, polylinetrace, polylinetrace, polylinetrace, polylinetrace, polylinetrace, polylinetrace, pin #41 of component #184, pin #38 of component #184, pin #32 of component #184, pin #29 of component #184, pin #20 of component #184, pin #8 of component #184, pin #5 of component #184, pin of component #140, pin of component #128, pin of component #127, pin of component #126, pin of component #124, pin of component #50, pin of component #35 and polylinetrace, polylinetrace, polylinetrace, polylinetrace, polylinetrace, polylinetrace, polylinetrace, via, via, polylinetrace, polylinetrace, polylinetrace, pin of component #310, pin #1 of component #307, pin of component #237, pin of component #212, pin of component #201, pin of component #118, because the new connection could not be inserted.
2026-08-15 22:41:13.131 DEBUG  InsertFoundConnectionAlgo: insert trace failed for net #98 at corner 15/15 on layer 3, trace width: 2500, from corner: 7, ok_point: (1628381,-1042642), target: (1759251,-1053138)
2026-08-15 22:41:13.201 DEBUG  [DC97D2\DB1F4C] Autorouter Failed to route connection between polylinetrace, polylinetrace, via, via, polylinetrace, polylinetrace, polylinetrace, polylinetrace, polylinetrace, polylinetrace, via, polylinetrace, polylinetrace, via, pin of component #285, pin of component #256, pin #1 of component #228, pin of component #148, pin of component #146, pin of component #143, pin of component #142 and pin of component #108, because the new connection could not be inserted.
2026-08-15 22:41:18.140 DEBUG  InsertFoundConnectionAlgo: insert trace failed for net #23 at corner 27/27 on layer 3, trace width: 2500, from corner: 11, ok_point: (1762271,-998195), target: (1982160,-1019962)
2026-08-15 22:41:18.204 DEBUG  [DC97D2\DB1F4C] Autorouter Failed to route connection between polylinetrace, polylinetrace, via, pin of component #282, pin #1 of component #274, pin #6 of component #182, pin #6 of component #81, pin of component #80, pin of component #79 and pin of component #106, because the new connection could not be inserted.
2026-08-15 22:41:27.651 DEBUG  InsertFoundConnectionAlgo: insert trace failed for net #22 at corner 7/38 on layer 3, trace width: 2500, from corner: 6, ok_point: (1497879,-973002), target: (1434711,-973002)
2026-08-15 22:41:27.717 DEBUG  [DC97D2\DB1F4C] Autorouter Failed to route connection between pin of component #277, pin #14 of component #274, pin #2 of component #182, pin #2 of component #81, pin of component #74, pin of component #70 and pin of component #101, because the new connection could not be inserted.
2026-08-15 22:41:44.805 DEBUG  [DC97D2\DB1F4C] Autorouter Failed to route connection between polylinetrace, polylinetrace, polylinetrace, polylinetrace, polylinetrace, pin of component #294, pin of component #272, pin of component #271, pin of component #264, pin #40 of component #182 and pin #40 of component #81, because no connection was found between their nets.
2026-08-15 22:41:54.609 DEBUG  [DC97D2\DB1F4C] Autorouter Failed to route connection between polylinetrace, via, polylinetrace, polylinetrace, via, pin of component #282, pin #1 of component #274, pin #6 of component #182, pin of component #106, pin of component #80, pin of component #79 and pin #6 of component #81, because no connection was found between their nets.
2026-08-15 22:41:58.911 DEBUG  InsertFoundConnectionAlgo: insert trace failed for net #21 at corner 7/7 on layer 0, trace width: 2500, from corner: 0, ok_point: (1222000,-1045000), target: (1215000,-1045000)
2026-08-15 22:41:58.977 DEBUG  [DC97D2\DB1F4C] Autorouter Failed to route connection between polylinetrace, polylinetrace, polylinetrace, polylinetrace, polylinetrace, polylinetrace, via, polylinetrace, polylinetrace, polylinetrace, polylinetrace, via, via, polylinetrace, polylinetrace, polylinetrace, polylinetrace, polylinetrace, polylinetrace, polylinetrace, via, via, polylinetrace, via, polylinetrace, polylinetrace, polylinetrace, via, polylinetrace, polylinetrace, polylinetrace, via, polylinetrace, polylinetrace, polylinetrace, pin #3 of component #308, pin #2 of component #308, pin #23 of component #291, pin of component #289, pin of component #270, pin of component #268, pin of component #262, pin #1 of component #226, pin #3 of component #182, pin #1 of component #182, pin #3 of component #175, pin of component #175, pin #3 of component #174, pin of component #174, pin #1 of component #172, pin #1 of component #170, pin #1 of component #169, pin #1 of component #168, pin of component #149, pin of component #144, pin of component #85, pin #1 of component #81, pin of component #78, pin of component #66, pin of component #61, pin of component #41, pin #1 of component #6 and pin #3 of component #81, because the new connection could not be inserted.
2026-08-15 22:42:08.420 DEBUG  [DC97D2\DB1F4C] Autorouter Failed to route connection between polylinetrace, polylinetrace, polylinetrace, via, via, pin of component #277, pin #14 of component #274, pin #2 of component #182, pin of component #101, pin of component #74, pin of component #70 and pin #2 of component #81, because no connection was found between their nets.
2026-08-15 22:42:12.704 DEBUG  InsertFoundConnectionAlgo: insert trace failed for net #21 at corner 7/7 on layer 0, trace width: 2500, from corner: 0, ok_point: (1215000,-1045000), target: (1222000,-1045000)
2026-08-15 22:42:12.778 DEBUG  [DC97D2\DB1F4C] Autorouter Failed to route connection between polylinetrace, polylinetrace, polylinetrace, polylinetrace, polylinetrace, polylinetrace, via, polylinetrace, polylinetrace, polylinetrace, polylinetrace, via, via, polylinetrace, polylinetrace, polylinetrace, polylinetrace, polylinetrace, polylinetrace, polylinetrace, via, via, polylinetrace, via, polylinetrace, polylinetrace, polylinetrace, via, polylinetrace, polylinetrace, polylinetrace, via, polylinetrace, polylinetrace, polylinetrace, pin #3 of component #308, pin #2 of component #308, pin #23 of component #291, pin of component #289, pin of component #270, pin of component #268, pin of component #262, pin #1 of component #226, pin #3 of component #182, pin #1 of component #182, pin #3 of component #175, pin of component #175, pin #3 of component #174, pin of component #174, pin #1 of component #172, pin #1 of component #170, pin #1 of component #169, pin #1 of component #168, pin of component #149, pin of component #144, pin of component #85, pin #3 of component #81, pin of component #78, pin of component #66, pin of component #61, pin of component #41, pin #1 of component #6 and pin #1 of component #81, because the new connection could not be inserted.
2026-08-15 22:42:21.435 DEBUG  InsertFoundConnectionAlgo: insert trace failed for net #23 at corner 5/24 on layer 0, trace width: 2500, from corner: 2, ok_point: (1060222,-1032707), target: (1123843,-1042502)
2026-08-15 22:42:21.496 DEBUG  [DC97D2\DB1F4C] Autorouter Failed to route connection between polylinetrace, polylinetrace, via, polylinetrace, via, polylinetrace, via, pin of component #282, pin #1 of component #274, pin #6 of component #182, pin of component #106, pin #6 of component #81, pin of component #80 and pin of component #79, because the new connection could not be inserted.
2026-08-15 22:42:25.793 DEBUG  InsertFoundConnectionAlgo: insert trace failed for net #21 at corner 11/11 on layer 0, trace width: 2500, from corner: 10, ok_point: (2163000,-1012831), target: (2163000,-1029600)
2026-08-15 22:42:25.854 DEBUG  [DC97D2\DB1F4C] Autorouter Failed to route connection between polylinetrace, polylinetrace, polylinetrace, polylinetrace, polylinetrace, polylinetrace, via, polylinetrace, polylinetrace, polylinetrace, polylinetrace, via, via, polylinetrace, polylinetrace, polylinetrace, polylinetrace, polylinetrace, polylinetrace, polylinetrace, via, via, polylinetrace, via, polylinetrace, polylinetrace, polylinetrace, via, polylinetrace, polylinetrace, polylinetrace, via, polylinetrace, polylinetrace, polylinetrace, pin #3 of component #308, pin #2 of component #308, pin #23 of component #291, pin of component #289, pin of component #270, pin of component #268, pin of component #262, pin #1 of component #226, pin #3 of component #182, pin #1 of component #182, pin #3 of component #175, pin of component #175, pin #3 of component #174, pin of component #174, pin #1 of component #172, pin #1 of component #170, pin #1 of component #169, pin #1 of component #168, pin of component #149, pin of component #144, pin of component #85, pin #3 of component #81, pin #1 of component #81, pin of component #66, pin of component #61, pin of component #41, pin #1 of component #6 and pin of component #78, because the new connection could not be inserted.
2026-08-15 22:42:30.056 DEBUG  InsertFoundConnectionAlgo: insert trace failed for net #22 at corner 5/5 on layer 0, trace width: 2500, from corner: 4, ok_point: (2159500,-1035550), target: (2159500,-1029600)
2026-08-15 22:42:30.120 DEBUG  [DC97D2\DB1F4C] Autorouter Failed to route connection between polylinetrace, polylinetrace, polylinetrace, via, via, pin of component #277, pin #14 of component #274, pin #2 of component #182, pin of component #101, pin #2 of component #81, pin of component #70 and pin of component #74, because the new connection could not be inserted.
2026-08-15 22:42:34.407 DEBUG  InsertFoundConnectionAlgo: insert trace failed for net #22 at corner 35/35 on layer 0, trace width: 2500, from corner: 0, ok_point: (1058000,-1003125), target: (1218500,-1045000)
2026-08-15 22:42:34.477 DEBUG  [DC97D2\DB1F4C] Autorouter Failed to route connection between via, polylinetrace, via, polylinetrace, polylinetrace, polylinetrace, polylinetrace, via, via, pin of component #277, pin #14 of component #274, pin #2 of component #182, pin of component #101, pin #2 of component #81, pin of component #74 and pin of component #70, because the new connection could not be inserted.
2026-08-15 22:42:38.737 DEBUG  InsertFoundConnectionAlgo: insert trace failed for net #21 at corner 32/32 on layer 0, trace width: 2500, from corner: 11, ok_point: (1082210,-996074), target: (1190000,-1070000)
2026-08-15 22:42:38.801 DEBUG  [DC97D2\DB1F4C] Autorouter Failed to route connection between polylinetrace, polylinetrace, polylinetrace, polylinetrace, polylinetrace, polylinetrace, polylinetrace, via, polylinetrace, polylinetrace, polylinetrace, polylinetrace, via, via, polylinetrace, polylinetrace, polylinetrace, polylinetrace, polylinetrace, polylinetrace, polylinetrace, via, via, polylinetrace, via, polylinetrace, polylinetrace, polylinetrace, via, polylinetrace, polylinetrace, polylinetrace, via, polylinetrace, polylinetrace, polylinetrace, pin #3 of component #308, pin #2 of component #308, pin #23 of component #291, pin of component #289, pin of component #270, pin of component #268, pin of component #262, pin #1 of component #226, pin #3 of component #182, pin #1 of component #182, pin #3 of component #175, pin of component #175, pin #3 of component #174, pin of component #174, pin #1 of component #172, pin #1 of component #170, pin #1 of component #169, pin #1 of component #168, pin of component #149, pin of component #144, pin of component #85, pin #3 of component #81, pin #1 of component #81, pin of component #78, pin of component #61, pin of component #41, pin #1 of component #6 and pin of component #66, because the new connection could not be inserted.
2026-08-15 22:42:47.423 DEBUG  InsertFoundConnectionAlgo: insert trace failed for net #5 at corner 15/16 on layer 0, trace width: 2500, from corner: 11, ok_point: (1813990,-1192295), target: (1808432,-1236307)
2026-08-15 22:42:47.484 DEBUG  [DC97D2\DB1F4C] Autorouter Failed to route connection between polylinetrace, polylinetrace, polylinetrace, polylinetrace, polylinetrace, polylinetrace, polylinetrace, polylinetrace, polylinetrace, polylinetrace, polylinetrace, polylinetrace, polylinetrace, polylinetrace, polylinetrace, polylinetrace, polylinetrace, polylinetrace, polylinetrace, polylinetrace, polylinetrace, via, polylinetrace, polylinetrace, polylinetrace, polylinetrace, via, polylinetrace, via, polylinetrace, polylinetrace, polylinetrace, polylinetrace, polylinetrace, via, polylinetrace, polylinetrace, polylinetrace, polylinetrace, polylinetrace, polylinetrace, polylinetrace, via, polylinetrace, polylinetrace, polylinetrace, polylinetrace, polylinetrace, polylinetrace, via, polylinetrace, pin #1 of component #308, pin of component #306, pin #37 of component #303, pin #5 of component #302, pin of component #302, pin #4 of component #276, pin of component #259, pin of component #250, pin of component #244, pin of component #232, pin of component #231, pin of component #230, pin #85 of component #223, pin #83 of component #223, pin #77 of component #223, pin of component #206, pin of component #198, pin #42 of component #184, pin #33 of component #184, pin #24 of component #184, pin #21 of component #184, pin #11 of component #184, pin #2 of component #184, pin #11 of component #183, pin #2 of component #183, pin #2 of component #178, pin #1 of component #171, pin #1 of component #167, pin #29 of component #162, pin #5 of component #162, pin of component #161, pin #3 of component #158, pin of component #147, pin of component #138, pin of component #137, pin of component #135, pin of component #133, pin of component #132, pin of component #122, pin of component #51, pin of component #44, pin of component #29, pin of component #28, pin #5 of component #26, pin of component #19, pin of component #16, pin of component #14, pin of component #9, pin of component #3 and pin of component #49, because the new connection could not be inserted.
2026-08-15 22:43:00.033 DEBUG  InsertFoundConnectionAlgo: insert trace failed for net #5 at corner 20/20 on layer 0, trace width: 2500, from corner: 10, ok_point: (1335144,-1131472), target: (1270000,-1120000)
2026-08-15 22:43:00.090 DEBUG  [DC97D2\DB1F4C] Autorouter Failed to route connection between polylinetrace, polylinetrace, polylinetrace, polylinetrace, polylinetrace, polylinetrace, polylinetrace, polylinetrace, polylinetrace, polylinetrace, polylinetrace, polylinetrace, polylinetrace, polylinetrace, polylinetrace, polylinetrace, polylinetrace, polylinetrace, polylinetrace, polylinetrace, polylinetrace, via, polylinetrace, polylinetrace, polylinetrace, polylinetrace, via, polylinetrace, via, polylinetrace, polylinetrace, polylinetrace, polylinetrace, polylinetrace, via, polylinetrace, polylinetrace, polylinetrace, polylinetrace, polylinetrace, polylinetrace, via, polylinetrace, polylinetrace, polylinetrace, polylinetrace, polylinetrace, polylinetrace, via, polylinetrace, pin #1 of component #308, pin of component #306, pin #37 of component #303, pin #5 of component #302, pin of component #302, pin #4 of component #276, pin of component #259, pin of component #250, pin of component #244, pin of component #232, pin of component #231, pin of component #230, pin #85 of component #223, pin #83 of component #223, pin #77 of component #223, pin of component #206, pin of component #198, pin #42 of component #184, pin #33 of component #184, pin #24 of component #184, pin #21 of component #184, pin #11 of component #184, pin #2 of component #184, pin #11 of component #183, pin #2 of component #183, pin #2 of component #178, pin #1 of component #171, pin #1 of component #167, pin #29 of component #162, pin #5 of component #162, pin of component #161, pin #3 of component #158, pin of component #147, pin of component #138, pin of component #137, pin of component #135, pin of component #133, pin of component #132, pin of component #122, pin of component #51, pin of component #49, pin of component #44, pin #5 of component #26, pin of component #19, pin of component #16, pin of component #14, pin of component #9, pin of component #3 and polylinetrace, pin of component #29, pin of component #28, because the new connection could not be inserted.
2026-08-15 22:43:00.093 DEBUG  [DC97D2\DB1F4C] Pass #1: Failed to route Pin on net '+3V3' (4 items remaining, 1 failures). State: FAILED
2026-08-15 22:43:25.009 INFO   [DC97D2\DB1F4C] Auto-routing pass #1 on board '67fa9a3a0db724b71417d0fd8ddba240' was completed in 822.31 seconds with the score of 219.70 (94 unrouted and 361 violations), using 843.13 CPU seconds and the job allocated 1180.36 GB of memory so far.
2026-08-15 22:43:33.412 DEBUG  Queuing item for routing: Via on net 'TYPEC_INT_N' (connected: 14/16)
2026-08-15 22:43:33.416 DEBUG  Queuing item for routing: Via on net 'JACK_MIC' (connected: 13/14)
2026-08-15 22:43:33.416 DEBUG  Queuing item for routing: Via on net 'R_LCD_LEDPWM' (connected: 12/14)
2026-08-15 22:43:33.417 DEBUG  Queuing item for routing: Via on net 'R_1V15_HDMI' (connected: 18/20)
2026-08-15 22:43:33.417 DEBUG  Queuing item for routing: Via on net 'nPI_LED_PWR' (connected: 3/11)
2026-08-15 22:43:33.417 DEBUG  Queuing item for routing: Via on net 'nPI_LED_PWR' (connected: 8/11)
2026-08-15 22:43:33.429 DEBUG  Queuing item for routing: PolylineTrace on net 'TYPEC_INT_N' (connected: 2/16)
2026-08-15 22:43:33.430 DEBUG  Queuing item for routing: PolylineTrace on net 'HP_L_CODEC' (connected: 2/3)
2026-08-15 22:43:33.430 DEBUG  Queuing item for routing: PolylineTrace on net 'JACK_MIC' (connected: 1/14)
2026-08-15 22:43:33.430 DEBUG  Queuing item for routing: PolylineTrace on net 'R_LCD_LEDPWM' (connected: 2/14)
2026-08-15 22:43:33.430 DEBUG  Queuing item for routing: PolylineTrace on net 'R_1V15_HDMI' (connected: 2/20)
2026-08-15 22:43:33.431 DEBUG  Queuing item for routing: PolylineTrace on net 'GND' (connected: 14/27)
2026-08-15 22:43:33.431 DEBUG  Queuing item for routing: Pin on net 'VBAT_SYS' (connected: 1/38)
2026-08-15 22:43:33.431 DEBUG  Queuing item for routing: Pin on net 'VBAT_SYS' (connected: 26/38)
2026-08-15 22:43:33.431 DEBUG  Queuing item for routing: Pin on net '+1V05_USB' (connected: 24/48)
2026-08-15 22:43:33.431 DEBUG  Queuing item for routing: Pin on net 'DISPLAY_1V8' (connected: 28/69)
2026-08-15 22:43:33.431 DEBUG  Queuing item for routing: Pin on net '+3V3' (connected: 1/102)
2026-08-15 22:43:33.432 DEBUG  Queuing item for routing: Pin on net '+3V3' (connected: 9/102)
2026-08-15 22:43:33.432 DEBUG  Queuing item for routing: Pin on net '+5V_SYS' (connected: 1/89)
2026-08-15 22:43:33.432 DEBUG  Queuing item for routing: Pin on net '+5V_SYS' (connected: 1/89)
2026-08-15 22:43:33.432 DEBUG  Queuing item for routing: Pin on net '+3V3' (connected: 1/102)
2026-08-15 22:43:33.432 DEBUG  Queuing item for routing: Pin on net '+5V_SYS' (connected: 1/89)
2026-08-15 22:43:33.432 DEBUG  Queuing item for routing: Pin on net '+5V_SYS' (connected: 1/89)
2026-08-15 22:43:33.432 DEBUG  Queuing item for routing: Pin on net 'VBUS_CHARGE' (connected: 1/21)
2026-08-15 22:43:33.432 DEBUG  Queuing item for routing: Pin on net 'VBUS_CHARGE' (connected: 1/21)
2026-08-15 22:43:33.432 DEBUG  Queuing item for routing: Pin on net 'VBUS_CHARGE' (connected: 4/21)
2026-08-15 22:43:33.432 DEBUG  Queuing item for routing: Pin on net 'VBUS_CHARGE' (connected: 1/21)
2026-08-15 22:43:33.432 DEBUG  Queuing item for routing: Pin on net '+3V3' (connected: 3/102)
2026-08-15 22:43:33.432 DEBUG  Queuing item for routing: Pin on net 'VBAT_SYS' (connected: 10/38)
2026-08-15 22:43:33.432 DEBUG  Queuing item for routing: Pin on net 'BAT+' (connected: 1/4)
2026-08-15 22:43:33.433 DEBUG  Queuing item for routing: Pin on net 'BAT+' (connected: 1/4)
2026-08-15 22:43:33.433 DEBUG  Queuing item for routing: Pin on net 'BATP' (connected: 1/2)
2026-08-15 22:43:33.434 DEBUG  Queuing item for routing: Pin on net '+5V_SYS' (connected: 59/89)
2026-08-15 22:43:33.434 DEBUG  Queuing item for routing: Pin on net '+5V_SYS' (connected: 8/89)
2026-08-15 22:43:33.434 DEBUG  Queuing item for routing: Pin on net 'LED_BOOST' (connected: 6/9)
2026-08-15 22:43:33.434 DEBUG  Queuing item for routing: Pin on net 'DISPLAY_1V8' (connected: 1/69)
2026-08-15 22:43:33.434 DEBUG  Queuing item for routing: Pin on net 'DISPLAY_1V8' (connected: 28/69)
2026-08-15 22:43:33.434 DEBUG  Queuing item for routing: Pin on net 'DISPLAY_1V15' (connected: 13/23)
2026-08-15 22:43:33.434 DEBUG  Queuing item for routing: Pin on net 'DISPLAY_3V3' (connected: 7/23)
2026-08-15 22:43:33.435 DEBUG  Queuing item for routing: Pin on net 'LCD_VSN' (connected: 7/14)
2026-08-15 22:43:33.435 DEBUG  Queuing item for routing: Pin on net 'LCD_VSP' (connected: 1/11)
2026-08-15 22:43:33.435 DEBUG  Queuing item for routing: Pin on net '+3V3' (connected: 9/102)
2026-08-15 22:43:33.435 DEBUG  Queuing item for routing: Pin on net 'LCD_VSP' (connected: 1/11)
2026-08-15 22:43:33.436 DEBUG  Queuing item for routing: Pin on net '+5V_SYS' (connected: 1/89)
2026-08-15 22:43:33.436 DEBUG  Queuing item for routing: Pin on net 'LCD_VSN' (connected: 1/14)
2026-08-15 22:43:33.436 DEBUG  Queuing item for routing: Pin on net '+5V_SYS' (connected: 5/89)
2026-08-15 22:43:33.436 DEBUG  Queuing item for routing: Pin on net 'LED_BOOST' (connected: 1/9)
2026-08-15 22:43:33.436 DEBUG  Queuing item for routing: Pin on net 'DISPLAY_1V8' (connected: 3/69)
2026-08-15 22:43:33.436 DEBUG  Queuing item for routing: Pin on net '+3V3' (connected: 3/102)
2026-08-15 22:43:33.436 DEBUG  Queuing item for routing: Pin on net 'BAT+' (connected: 1/4)
2026-08-15 22:43:33.436 DEBUG  Queuing item for routing: Pin on net 'BATP' (connected: 1/2)
2026-08-15 22:43:33.437 DEBUG  Queuing item for routing: Pin on net '+3V3' (connected: 1/102)
2026-08-15 22:43:33.437 DEBUG  Queuing item for routing: Pin on net 'DISPLAY_3V3' (connected: 13/23)
2026-08-15 22:43:33.437 DEBUG  Queuing item for routing: Pin on net '+5V_SYS' (connected: 1/89)
2026-08-15 22:43:33.438 DEBUG  Queuing item for routing: Pin on net '+3V3' (connected: 1/102)
2026-08-15 22:43:33.438 DEBUG  Queuing item for routing: Pin on net '+5V_SYS' (connected: 8/89)
2026-08-15 22:43:33.438 DEBUG  Queuing item for routing: Pin on net '+3V3' (connected: 1/102)
2026-08-15 22:43:33.438 DEBUG  Queuing item for routing: Pin on net '+3V3' (connected: 1/102)
2026-08-15 22:43:33.438 DEBUG  Queuing item for routing: Pin on net '+5V_SYS' (connected: 1/89)
2026-08-15 22:43:33.439 DEBUG  Queuing item for routing: Pin on net 'VBUS_CHARGE' (connected: 7/21)
2026-08-15 22:43:33.439 DEBUG  Queuing item for routing: Pin on net 'BAT+' (connected: 1/4)
2026-08-15 22:43:33.439 DEBUG  Queuing item for routing: Pin on net '+5V_SYS' (connected: 1/89)
2026-08-15 22:43:33.439 DEBUG  Queuing item for routing: Pin on net '+3V3' (connected: 1/102)
2026-08-15 22:43:33.439 DEBUG  Queuing item for routing: Pin on net 'VBAT_SYS' (connected: 1/38)
2026-08-15 22:43:33.439 DEBUG  Queuing item for routing: Pin on net '+2V8_MIC' (connected: 1/9)
2026-08-15 22:43:33.439 DEBUG  Queuing item for routing: Pin on net '+2V8_MIC' (connected: 1/9)
2026-08-15 22:43:33.439 DEBUG  Queuing item for routing: Pin on net '+3V3_AUDIO' (connected: 10/24)
2026-08-15 22:43:33.439 DEBUG  Queuing item for routing: Pin on net '+3V3' (connected: 8/102)
2026-08-15 22:43:33.440 DEBUG  Queuing item for routing: Pin on net '+1V05_USB' (connected: 1/48)
2026-08-15 22:43:33.440 DEBUG  Queuing item for routing: Pin on net '+1V05_USB' (connected: 8/48)
2026-08-15 22:43:33.440 DEBUG  Queuing item for routing: Pin on net '+3V3' (connected: 1/102)
2026-08-15 22:43:33.440 DEBUG  Queuing item for routing: Pin on net '+3V3' (connected: 20/102)
2026-08-15 22:43:33.440 DEBUG  Queuing item for routing: Pin on net '+1V05_USB' (connected: 1/48)
2026-08-15 22:43:33.440 DEBUG  Queuing item for routing: Pin on net '+1V05_USB' (connected: 1/48)
2026-08-15 22:43:33.440 DEBUG  Queuing item for routing: Pin on net '+1V05_USB' (connected: 1/48)
2026-08-15 22:43:33.441 DEBUG  Queuing item for routing: Pin on net '+3V3' (connected: 1/102)
2026-08-15 22:43:33.441 DEBUG  Queuing item for routing: Pin on net '+3V3' (connected: 1/102)
2026-08-15 22:43:33.441 DEBUG  Queuing item for routing: Pin on net '+3V3' (connected: 1/102)
2026-08-15 22:43:33.441 DEBUG  Queuing item for routing: Pin on net 'LED_BOOST' (connected: 1/9)
2026-08-15 22:43:33.441 DEBUG  Queuing item for routing: Pin on net 'LCD_VSN' (connected: 1/14)
2026-08-15 22:43:33.441 DEBUG  Queuing item for routing: Pin on net 'DISPLAY_1V8' (connected: 1/69)
2026-08-15 22:43:33.441 DEBUG  Queuing item for routing: Pin on net 'LCD_VSP' (connected: 1/11)
2026-08-15 22:43:33.441 DEBUG  Queuing item for routing: Pin on net 'DISPLAY_1V8' (connected: 1/69)
2026-08-15 22:43:33.441 DEBUG  Queuing item for routing: Pin on net '+5V_SYS' (connected: 1/89)
2026-08-15 22:43:33.441 DEBUG  Queuing item for routing: Pin on net 'VBUS_USB_HOST' (connected: 1/18)
2026-08-15 22:43:33.441 DEBUG  Queuing item for routing: Pin on net 'VBUS_CHARGE' (connected: 1/21)
2026-08-15 22:43:33.442 DEBUG  Queuing item for routing: Pin on net 'VBUS_CHARGE' (connected: 1/21)
2026-08-15 22:43:33.442 DEBUG  Queuing item for routing: Pin on net 'VBUS_CHARGE' (connected: 1/21)
2026-08-15 22:43:33.442 DEBUG  Queuing item for routing: Pin on net '+2V8_MIC' (connected: 7/9)
2026-08-15 22:43:33.442 DEBUG  Queuing item for routing: Pin on net 'DISPLAY_1V8' (connected: 3/69)
2026-08-15 22:43:33.444 DEBUG  Queuing item for routing: Pin on net 'VBUS_USB_HOST' (connected: 17/18)
2026-08-15 22:43:33.444 DEBUG  Queuing item for routing: Pin on net '+3V3' (connected: 6/102)
2026-08-15 22:43:33.445 DEBUG  Queuing item for routing: Pin on net '+3V3_AUDIO' (connected: 14/24)
2026-08-15 22:43:33.445 DEBUG  Queuing item for routing: Pin on net 'HP_L_CODEC' (connected: 1/3)
2026-08-15 22:43:33.445 DEBUG  Queuing item for routing: Pin on net '+3V3' (connected: 1/102)
2026-08-15 22:43:33.445 DEBUG  Queuing item for routing: Pin on net '+3V3' (connected: 3/102)
2026-08-15 22:43:33.445 DEBUG  Queuing item for routing: Pin on net 'VBUS_CHARGE' (connected: 2/21)
2026-08-15 22:43:33.445 DEBUG  Queuing item for routing: Pin on net 'VBUS_CHARGE' (connected: 2/21)
2026-08-15 22:43:33.446 DEBUG  Queuing item for routing: Pin on net 'DISPLAY_3V3' (connected: 3/23)
2026-08-15 22:43:33.446 DEBUG  Queuing item for routing: Pin on net '+3V3' (connected: 9/102)
2026-08-15 22:43:33.446 DEBUG  Queuing item for routing: Pin on net 'DISPLAY_1V15' (connected: 7/23)
2026-08-15 22:43:33.446 DEBUG  Queuing item for routing: Pin on net '+1V05_USB' (connected: 12/48)
2026-08-15 22:43:33.446 DEBUG  Queuing item for routing: Pin on net '+3V3' (connected: 12/102)
2026-08-15 22:43:33.447 DEBUG  Queuing item for routing: Pin on net '+3V3' (connected: 1/102)
2026-08-15 22:43:33.447 DEBUG  Queuing item for routing: Pin on net 'DISPLAY_1V15' (connected: 3/23)
2026-08-15 22:43:33.447 DEBUG  Queuing item for routing: Pin on net 'LCD_VSN' (connected: 3/14)
2026-08-15 22:43:33.447 DEBUG  Queuing item for routing: Pin on net 'LCD_VSP' (connected: 3/11)
2026-08-15 22:43:33.449 DEBUG  Queuing item for routing: Pin on net 'LED_BOOST' (connected: 1/9)
2026-08-15 22:43:33.450 DEBUG  Queuing item for routing: Pin on net 'LCD_VSN' (connected: 1/14)
2026-08-15 22:43:33.450 DEBUG  Queuing item for routing: Pin on net 'DISPLAY_1V8' (connected: 1/69)
2026-08-15 22:43:33.450 DEBUG  Queuing item for routing: Pin on net 'LCD_VSP' (connected: 1/11)
2026-08-15 22:43:33.450 DEBUG  Queuing item for routing: Pin on net 'DISPLAY_1V8' (connected: 1/69)
2026-08-15 22:43:33.450 DEBUG  Queuing item for routing: Pin on net 'LCD_VSN' (connected: 1/14)
2026-08-15 22:43:33.451 DEBUG  Queuing item for routing: Pin on net 'DISPLAY_1V8' (connected: 1/69)
2026-08-15 22:43:33.451 DEBUG  Queuing item for routing: Pin on net 'LCD_VSP' (connected: 3/11)
2026-08-15 22:43:33.451 DEBUG  Queuing item for routing: Pin on net 'LCD_VSP' (connected: 1/11)
2026-08-15 22:43:33.451 DEBUG  Queuing item for routing: Pin on net 'DISPLAY_1V8' (connected: 1/69)
2026-08-15 22:43:33.451 DEBUG  Queuing item for routing: Pin on net '+3V3' (connected: 1/102)
2026-08-15 22:43:33.451 DEBUG  Queuing item for routing: Pin on net '+3V3' (connected: 3/102)
2026-08-15 22:43:33.452 DEBUG  Queuing item for routing: Pin on net '+3V3' (connected: 3/102)
2026-08-15 22:43:33.453 DEBUG  Queuing item for routing: Pin on net 'GND' (connected: 1/27)
2026-08-15 22:43:37.355 DEBUG  [DC97D2\DB1F4C] Pass #2: 94 incompletes across 121 items to route
2026-08-15 22:43:37.355 DEBUG  [DC97D2\DB1F4C]   Net 'GND' has 1 incomplete(s)
2026-08-15 22:43:37.355 DEBUG  [DC97D2\DB1F4C]   Net '+3V3' has 25 incomplete(s)
2026-08-15 22:43:37.355 DEBUG  [DC97D2\DB1F4C]   Net 'DISPLAY_1V8' has 10 incomplete(s)
2026-08-15 22:43:37.355 DEBUG  [DC97D2\DB1F4C]   Net 'LCD_VSP' has 6 incomplete(s)
2026-08-15 22:43:37.355 DEBUG  [DC97D2\DB1F4C]   Net 'LCD_VSN' has 5 incomplete(s)
2026-08-15 22:43:37.355 DEBUG  [DC97D2\DB1F4C]   Net 'LED_BOOST' has 3 incomplete(s)
2026-08-15 22:43:37.355 DEBUG  [DC97D2\DB1F4C]   Net 'nPI_LED_PWR' has 1 incomplete(s)
2026-08-15 22:43:37.355 DEBUG  [DC97D2\DB1F4C]   Net '+1V05_USB' has 6 incomplete(s)
2026-08-15 22:43:37.355 DEBUG  [DC97D2\DB1F4C]   Net 'DISPLAY_3V3' has 2 incomplete(s)
2026-08-15 22:43:37.355 DEBUG  [DC97D2\DB1F4C]   Net 'DISPLAY_1V15' has 2 incomplete(s)
2026-08-15 22:43:37.355 DEBUG  [DC97D2\DB1F4C]   Net '+3V3_AUDIO' has 1 incomplete(s)
2026-08-15 22:43:37.355 DEBUG  [DC97D2\DB1F4C]   Net 'VBUS_CHARGE' has 9 incomplete(s)
2026-08-15 22:43:37.355 DEBUG  [DC97D2\DB1F4C]   Net 'VBUS_USB_HOST' has 1 incomplete(s)
2026-08-15 22:43:37.355 DEBUG  [DC97D2\DB1F4C]   Net '+2V8_MIC' has 2 incomplete(s)
2026-08-15 22:43:37.355 DEBUG  [DC97D2\DB1F4C]   Net '+5V_SYS' has 12 incomplete(s)
2026-08-15 22:43:37.355 DEBUG  [DC97D2\DB1F4C]   Net 'TYPEC_INT_N' has 1 incomplete(s)
2026-08-15 22:43:37.355 DEBUG  [DC97D2\DB1F4C]   Net 'VBAT_SYS' has 3 incomplete(s)
2026-08-15 22:43:37.355 DEBUG  [DC97D2\DB1F4C]   Net 'BATP' has 1 incomplete(s)
2026-08-15 22:43:37.355 DEBUG  [DC97D2\DB1F4C]   Net 'BAT+' has 3 incomplete(s)
2026-08-15 22:43:41.262 DEBUG  FloatLine: one or both endpoints are null (degenerate line segment)
2026-08-15 22:43:45.147 DEBUG  FloatLine: one or both endpoints are null (degenerate line segment)
2026-08-15 22:43:45.149 DEBUG  InsertFoundConnectionAlgo: insert trace failed for net #89 at corner 3/3 on layer 0, trace width: 750, from corner: 0, ok_point: (2159500,-1048580), target: (2159500,-1049410)
2026-08-15 22:43:45.214 DEBUG  [DC97D2\DB1F4C] Autorouter Failed to route connection between polylinetrace, polylinetrace and via, via, polylinetrace, polylinetrace, polylinetrace, polylinetrace, polylinetrace, polylinetrace, polylinetrace, polylinetrace, polylinetrace, pin of component #4, because the new connection could not be inserted.
2026-08-15 22:43:49.096 DEBUG  FloatLine: one or both endpoints are null (degenerate line segment)
2026-08-15 22:44:00.878 DEBUG  ShapeSearchTree45Degree.complete_shape: non-IntOctagon contained shape, using bounding octagon approximation
2026-08-15 22:44:00.885 DEBUG  PolylineTrace.normalize: max normalization depth (16) reached for trace #74072 on net 192 — stopping recursion, trace kept as-is.
2026-08-15 22:44:04.905 DEBUG  FloatLine: one or both endpoints are null (degenerate line segment)
2026-08-15 22:44:08.840 DEBUG  FloatLine: one or both endpoints are null (degenerate line segment)
2026-08-15 22:44:08.842 DEBUG  ShapeSearchTree45Degree.complete_shape: non-IntOctagon contained shape, using bounding octagon approximation
2026-08-15 22:44:08.842 DEBUG  ShapeSearchTree45Degree.complete_shape: non-IntOctagon contained shape, using bounding octagon approximation
2026-08-15 22:44:08.842 DEBUG  ShapeSearchTree45Degree.complete_shape: non-IntOctagon contained shape, using bounding octagon approximation
2026-08-15 22:44:08.843 DEBUG  InsertFoundConnectionAlgo: insert trace failed for net #92 at corner 1/1 on layer 0, trace width: 750, from corner: 0, ok_point: (1225000,-1242837), target: (1225000,-1237630)
2026-08-15 22:44:08.899 DEBUG  [DC97D2\DB1F4C] Autorouter Failed to route connection between via, via, polylinetrace, polylinetrace, polylinetrace, polylinetrace, polylinetrace, polylinetrace, polylinetrace, polylinetrace, polylinetrace, polylinetrace, pin #3 of component #156 and polylinetrace, because the new connection could not be inserted.
2026-08-15 22:44:12.677 DEBUG  FloatLine: one or both endpoints are null (degenerate line segment)
2026-08-15 22:44:12.678 DEBUG  ShapeSearchTree45Degree.complete_shape: non-IntOctagon contained shape, using bounding octagon approximation
2026-08-15 22:44:12.678 DEBUG  ShapeSearchTree45Degree.complete_shape: non-IntOctagon contained shape, using bounding octagon approximation
2026-08-15 22:44:12.679 DEBUG  ShapeSearchTree45Degree.complete_shape: non-IntOctagon contained shape, using bounding octagon approximation
2026-08-15 22:44:12.679 DEBUG  ShapeSearchTree45Degree.complete_shape: non-IntOctagon contained shape, using bounding octagon approximation
2026-08-15 22:44:16.570 DEBUG  FloatLine: one or both endpoints are null (degenerate line segment)
2026-08-15 22:44:16.572 DEBUG  ShapeSearchTree45Degree.complete_shape: non-IntOctagon contained shape, using bounding octagon approximation
2026-08-15 22:44:16.572 DEBUG  ShapeSearchTree45Degree.complete_shape: non-IntOctagon contained shape, using bounding octagon approximation
2026-08-15 22:44:16.572 DEBUG  ShapeSearchTree45Degree.complete_shape: non-IntOctagon contained shape, using bounding octagon approximation
2026-08-15 22:44:20.420 DEBUG  FloatLine: one or both endpoints are null (degenerate line segment)
2026-08-15 22:44:21.708 DEBUG  InsertFoundConnectionAlgo: insert trace failed for net #1 at corner 43/43 on layer 3, trace width: 1250, from corner: 6, ok_point: (2288604,-1104480), target: (2106000,-1162000)
2026-08-15 22:44:21.772 DEBUG  [DC97D2\DB1F4C] Autorouter Failed to route connection between polylinetrace, polylinetrace, polylinetrace, polylinetrace, polylinetrace, polylinetrace, polylinetrace, polylinetrace, polylinetrace, polylinetrace, polylinetrace, polylinetrace, polylinetrace, polylinetrace and via, via, polylinetrace, polylinetrace, polylinetrace, polylinetrace, polylinetrace, polylinetrace, polylinetrace, polylinetrace, pin #1 of component #1, conductionarea, conductionarea, because the new connection could not be inserted.
2026-08-15 22:44:29.571 DEBUG  [DC97D2\DB1F4C] Autorouter Failed to route connection between polylinetrace, polylinetrace, polylinetrace, polylinetrace, polylinetrace, polylinetrace, via, polylinetrace, polylinetrace, polylinetrace, polylinetrace, polylinetrace, via, polylinetrace, polylinetrace, via, polylinetrace, polylinetrace, via, polylinetrace, polylinetrace, via, polylinetrace, polylinetrace, pin #4 of component #311, pin #3 of component #311, pin #2 of component #311, pin #1 of component #311, pin #24 of component #301, pin of component #217, pin of component #211, pin of component #200, pin of component #199, pin of component #194, pin of component #190, pin of component #189, pin of component #117 and pin #11 of component #311, because no connection was found between their nets.
2026-08-15 22:44:33.543 DEBUG  InsertFoundConnectionAlgo: insert trace failed for net #207 at corner 34/34 on layer 3, trace width: 5000, from corner: 8, ok_point: (1039942,-1177412), target: (1382999,-1105897)
2026-08-15 22:44:33.600 DEBUG  [DC97D2\DB1F4C] Autorouter Failed to route connection between polylinetrace, polylinetrace, polylinetrace, polylinetrace, via, polylinetrace, via, pin #11 of component #311, pin #24 of component #301, pin of component #190, pin of component #189, pin of component #117 and polylinetrace, polylinetrace, polylinetrace, polylinetrace, polylinetrace, polylinetrace, polylinetrace, via, polylinetrace, polylinetrace, via, polylinetrace, polylinetrace, via, polylinetrace, polylinetrace, polylinetrace, pin #4 of component #311, pin #3 of component #311, pin #2 of component #311, pin #1 of component #311, pin of component #217, pin of component #211, pin of component #200, pin of component #199, pin of component #194, because the new connection could not be inserted.
2026-08-15 22:44:37.926 DEBUG  InsertFoundConnectionAlgo: insert trace failed for net #86 at corner 21/21 on layer 3, trace width: 2500, from corner: 2, ok_point: (1847792,-1228070), target: (2173983,-1144788)
2026-08-15 22:44:37.995 DEBUG  [DC97D2\DB1F4C] Autorouter Failed to route connection between polylinetrace, polylinetrace, polylinetrace, polylinetrace, polylinetrace, polylinetrace, polylinetrace, polylinetrace, polylinetrace, polylinetrace, polylinetrace, polylinetrace, pin #41 of component #184, pin #38 of component #184, pin #32 of component #184, pin #29 of component #184, pin #20 of component #184, pin #8 of component #184, pin #5 of component #184, pin of component #140, pin of component #128, pin of component #127, pin of component #126, pin of component #124 and polylinetrace, polylinetrace, via, polylinetrace, polylinetrace, polylinetrace, polylinetrace, polylinetrace, polylinetrace, polylinetrace, polylinetrace, via, via, polylinetrace, polylinetrace, polylinetrace, pin of component #310, pin #1 of component #307, pin of component #237, pin of component #212, pin of component #201, pin of component #118, pin of component #50, pin of component #35, because the new connection could not be inserted.
2026-08-15 22:44:41.936 DEBUG  InsertFoundConnectionAlgo: insert trace failed for net #21 at corner 5/5 on layer 0, trace width: 2500, from corner: 4, ok_point: (2156000,-1035550), target: (2156000,-1029600)
2026-08-15 22:44:41.988 DEBUG  [DC97D2\DB1F4C] Autorouter Failed to route connection between polylinetrace, polylinetrace, polylinetrace, via, polylinetrace, via, polylinetrace, polylinetrace, polylinetrace, polylinetrace, polylinetrace, polylinetrace, via, polylinetrace, polylinetrace, via, via, polylinetrace, polylinetrace, via, polylinetrace, polylinetrace, via, pin #23 of component #291, pin of component #289, pin of component #262, pin #1 of component #226, pin #3 of component #182, pin #1 of component #182, pin #3 of component #174, pin of component #174, pin of component #149, pin of component #144, pin of component #85, pin #3 of component #81, pin #1 of component #81, pin of component #78, pin of component #66, pin of component #61, pin of component #41, pin #1 of component #6 and polylinetrace, polylinetrace, polylinetrace, polylinetrace, polylinetrace, polylinetrace, polylinetrace, polylinetrace, via, via, polylinetrace, via, polylinetrace, polylinetrace, polylinetrace, polylinetrace, polylinetrace, polylinetrace, pin #3 of component #308, pin #2 of component #308, pin of component #270, pin of component #268, pin #3 of component #175, pin of component #175, pin #1 of component #172, pin #1 of component #170, pin #1 of component #169, pin #1 of component #168, because the new connection could not be inserted.
2026-08-15 22:44:46.027 DEBUG  InsertFoundConnectionAlgo: insert trace failed for net #5 at corner 12/12 on layer 5, trace width: 2500, from corner: 11, ok_point: (2050739,-985739), target: (2035000,-970000)
2026-08-15 22:44:46.083 DEBUG  [DC97D2\DB1F4C] Autorouter Failed to route connection between polylinetrace, polylinetrace, polylinetrace, polylinetrace, polylinetrace, polylinetrace, polylinetrace, polylinetrace, polylinetrace, polylinetrace, polylinetrace, polylinetrace, polylinetrace, polylinetrace, polylinetrace, polylinetrace, polylinetrace, polylinetrace, polylinetrace, polylinetrace, polylinetrace, polylinetrace, polylinetrace, polylinetrace, via, polylinetrace, polylinetrace, polylinetrace, polylinetrace, via, polylinetrace, via, polylinetrace, polylinetrace, polylinetrace, polylinetrace, polylinetrace, via, polylinetrace, polylinetrace, polylinetrace, polylinetrace, polylinetrace, via, polylinetrace, polylinetrace, polylinetrace, polylinetrace, polylinetrace, polylinetrace, via, polylinetrace, pin of component #306, pin #37 of component #303, pin #5 of component #302, pin of component #302, pin #4 of component #276, pin of component #259, pin of component #250, pin of component #244, pin of component #232, pin of component #231, pin of component #230, pin #85 of component #223, pin #83 of component #223, pin #77 of component #223, pin of component #206, pin of component #198, pin #42 of component #184, pin #33 of component #184, pin #24 of component #184, pin #21 of component #184, pin #11 of component #184, pin #2 of component #184, pin #11 of component #183, pin #2 of component #183, pin #2 of component #178, pin #1 of component #171, pin #1 of component #167, pin #29 of component #162, pin #5 of component #162, pin of component #161, pin #3 of component #158, pin of component #147, pin of component #138, pin of component #137, pin of component #135, pin of component #133, pin of component #132, pin of component #122, pin of component #51, pin of component #49, pin of component #44, pin of component #29, pin of component #28, pin #5 of component #26, pin of component #19, pin of component #16, pin of component #14, pin of component #9, pin of component #3 and pin #1 of component #308, because the new connection could not be inserted.
2026-08-15 22:44:50.064 DEBUG  InsertFoundConnectionAlgo: insert trace failed for net #5 at corner 5/29 on layer 5, trace width: 2500, from corner: 0, ok_point: (1287155,-974356), target: (1288065,-970252)
2026-08-15 22:44:50.128 DEBUG  [DC97D2\DB1F4C] Autorouter Failed to route connection between polylinetrace, polylinetrace, polylinetrace, polylinetrace, polylinetrace, polylinetrace, polylinetrace, polylinetrace, polylinetrace, polylinetrace, polylinetrace, polylinetrace, polylinetrace, polylinetrace, polylinetrace, polylinetrace, polylinetrace, polylinetrace, polylinetrace, polylinetrace, polylinetrace, polylinetrace, polylinetrace, polylinetrace, via, polylinetrace, polylinetrace, polylinetrace, polylinetrace, via, polylinetrace, via, polylinetrace, polylinetrace, polylinetrace, polylinetrace, via, polylinetrace, polylinetrace, polylinetrace, via, polylinetrace, polylinetrace, polylinetrace, polylinetrace, polylinetrace, polylinetrace, via, polylinetrace, pin #1 of component #308, pin #37 of component #303, pin #5 of component #302, pin of component #302, pin #4 of component #276, pin of component #259, pin of component #250, pin of component #232, pin of component #230, pin #85 of component #223, pin #83 of component #223, pin #77 of component #223, pin of component #206, pin #42 of component #184, pin #33 of component #184, pin #24 of component #184, pin #21 of component #184, pin #11 of component #184, pin #2 of component #184, pin #11 of component #183, pin #2 of component #183, pin #2 of component #178, pin #1 of component #171, pin #1 of component #167, pin #29 of component #162, pin #5 of component #162, pin of component #161, pin #3 of component #158, pin of component #147, pin of component #138, pin of component #137, pin of component #135, pin of component #133, pin of component #132, pin of component #122, pin of component #51, pin of component #49, pin of component #44, pin of component #29, pin of component #28, pin #5 of component #26, pin of component #19, pin of component #16, pin of component #14, pin of component #9, pin of component #3 and polylinetrace, polylinetrace, polylinetrace, polylinetrace, polylinetrace, pin of component #306, pin of component #244, pin of component #231, pin of component #198, because the new connection could not be inserted.
2026-08-15 22:44:54.147 DEBUG  InsertFoundConnectionAlgo: insert trace failed for net #188 at corner 1/1 on layer 5, trace width: 5000, from corner: 0, ok_point: (2055375,-1175375), target: (2055375,-1170375)
2026-08-15 22:44:54.207 DEBUG  [DC97D2\DB1F4C] Autorouter Failed to route connection between polylinetrace, polylinetrace, polylinetrace, polylinetrace, polylinetrace, via, polylinetrace, polylinetrace, polylinetrace, polylinetrace, polylinetrace, polylinetrace, polylinetrace, via, polylinetrace, polylinetrace, polylinetrace, polylinetrace, polylinetrace, polylinetrace, polylinetrace, polylinetrace, polylinetrace, via, polylinetrace, via, polylinetrace, via, polylinetrace, polylinetrace, via, polylinetrace, polylinetrace, polylinetrace, polylinetrace, polylinetrace, polylinetrace, polylinetrace, via, polylinetrace, polylinetrace, polylinetrace, polylinetrace, polylinetrace, polylinetrace, polylinetrace, polylinetrace, polylinetrace, polylinetrace, polylinetrace, polylinetrace, polylinetrace, polylinetrace, polylinetrace, polylinetrace, pin #22 of component #305, pin #34 of component #303, pin #33 of component #303, pin #1 of component #300, pin of component #299, pin #3 of component #297, pin of component #297, pin #3 of component #296, pin of component #296, pin #3 of component #295, pin of component #295, pin of component #288, pin of component #281, pin of component #280, pin of component #279, pin of component #278, pin #3 of component #275, pin of component #275, pin #6 of component #274, pin of component #269, pin of component #247, pin of component #227, pin #86 of component #223, pin #84 of component #223, pin #82 of component #223, pin #80 of component #223, pin #78 of component #223, pin #76 of component #223, pin of component #213, pin of component #204, pin #5 of component #181, pin of component #120, pin of component #104 and pin #23 of component #305, because the new connection could not be inserted.
2026-08-15 22:44:58.447 DEBUG  InsertFoundConnectionAlgo: insert trace failed for net #188 at corner 5/5 on layer 5, trace width: 5000, from corner: 0, ok_point: (2055375,-1170375), target: (2055375,-1175375)
2026-08-15 22:44:58.513 DEBUG  [DC97D2\DB1F4C] Autorouter Failed to route connection between polylinetrace, polylinetrace, polylinetrace, polylinetrace, polylinetrace, via, polylinetrace, polylinetrace, polylinetrace, polylinetrace, polylinetrace, polylinetrace, polylinetrace, via, polylinetrace, polylinetrace, polylinetrace, polylinetrace, polylinetrace, polylinetrace, polylinetrace, polylinetrace, polylinetrace, via, polylinetrace, via, polylinetrace, via, polylinetrace, polylinetrace, via, polylinetrace, polylinetrace, polylinetrace, polylinetrace, polylinetrace, polylinetrace, polylinetrace, via, polylinetrace, polylinetrace, polylinetrace, polylinetrace, polylinetrace, polylinetrace, polylinetrace, polylinetrace, polylinetrace, polylinetrace, polylinetrace, polylinetrace, polylinetrace, polylinetrace, polylinetrace, polylinetrace, pin #23 of component #305, pin #34 of component #303, pin #33 of component #303, pin #1 of component #300, pin of component #299, pin #3 of component #297, pin of component #297, pin #3 of component #296, pin of component #296, pin #3 of component #295, pin of component #295, pin of component #288, pin of component #281, pin of component #280, pin of component #279, pin of component #278, pin #3 of component #275, pin of component #275, pin #6 of component #274, pin of component #269, pin of component #247, pin of component #227, pin #86 of component #223, pin #84 of component #223, pin #82 of component #223, pin #80 of component #223, pin #78 of component #223, pin #76 of component #223, pin of component #213, pin of component #204, pin #5 of component #181, pin of component #120, pin of component #104 and pin #22 of component #305, because the new connection could not be inserted.
2026-08-15 22:45:02.620 DEBUG  InsertFoundConnectionAlgo: insert trace failed for net #5 at corner 4/4 on layer 5, trace width: 2500, from corner: 0, ok_point: (2035000,-970000), target: (2037925,-972925)
2026-08-15 22:45:02.685 DEBUG  [DC97D2\DB1F4C] Autorouter Failed to route connection between polylinetrace, polylinetrace, polylinetrace, polylinetrace, polylinetrace, polylinetrace, polylinetrace, polylinetrace, polylinetrace, polylinetrace, polylinetrace, polylinetrace, polylinetrace, polylinetrace, polylinetrace, polylinetrace, polylinetrace, polylinetrace, polylinetrace, polylinetrace, polylinetrace, polylinetrace, polylinetrace, polylinetrace, polylinetrace, polylinetrace, polylinetrace, polylinetrace, polylinetrace, via, polylinetrace, polylinetrace, polylinetrace, polylinetrace, via, polylinetrace, via, polylinetrace, polylinetrace, polylinetrace, polylinetrace, polylinetrace, via, polylinetrace, polylinetrace, polylinetrace, polylinetrace, via, polylinetrace, polylinetrace, polylinetrace, polylinetrace, polylinetrace, polylinetrace, via, polylinetrace, pin #1 of component #308, pin of component #306, pin #5 of component #302, pin of component #302, pin #4 of component #276, pin of component #259, pin of component #250, pin of component #244, pin of component #232, pin of component #231, pin of component #230, pin #85 of component #223, pin #83 of component #223, pin #77 of component #223, pin of component #206, pin of component #198, pin #42 of component #184, pin #33 of component #184, pin #24 of component #184, pin #21 of component #184, pin #11 of component #184, pin #2 of component #184, pin #11 of component #183, pin #2 of component #183, pin #2 of component #178, pin #1 of component #171, pin #1 of component #167, pin #29 of component #162, pin #5 of component #162, pin of component #161, pin #3 of component #158, pin of component #147, pin of component #138, pin of component #137, pin of component #135, pin of component #133, pin of component #132, pin of component #122, pin of component #51, pin of component #49, pin of component #44, pin of component #29, pin of component #28, pin #5 of component #26, pin of component #19, pin of component #16, pin of component #14, pin of component #9, pin of component #3 and pin #37 of component #303, because the new connection could not be inserted.
2026-08-15 22:45:06.654 DEBUG  InsertFoundConnectionAlgo: insert trace failed for net #188 at corner 1/1 on layer 5, trace width: 5000, from corner: 0, ok_point: (2023000,-970000), target: (2019000,-970000)
2026-08-15 22:45:06.715 DEBUG  [DC97D2\DB1F4C] Autorouter Failed to route connection between polylinetrace, polylinetrace, polylinetrace, polylinetrace, polylinetrace, via, polylinetrace, polylinetrace, polylinetrace, polylinetrace, polylinetrace, polylinetrace, polylinetrace, via, polylinetrace, polylinetrace, polylinetrace, polylinetrace, polylinetrace, polylinetrace, polylinetrace, polylinetrace, polylinetrace, via, polylinetrace, via, polylinetrace, via, polylinetrace, polylinetrace, via, polylinetrace, polylinetrace, polylinetrace, polylinetrace, polylinetrace, polylinetrace, polylinetrace, via, polylinetrace, polylinetrace, polylinetrace, polylinetrace, polylinetrace, polylinetrace, polylinetrace, polylinetrace, polylinetrace, polylinetrace, polylinetrace, polylinetrace, polylinetrace, polylinetrace, polylinetrace, polylinetrace, pin #23 of component #305, pin #22 of component #305, pin #33 of component #303, pin #1 of component #300, pin of component #299, pin #3 of component #297, pin of component #297, pin #3 of component #296, pin of component #296, pin #3 of component #295, pin of component #295, pin of component #288, pin of component #281, pin of component #280, pin of component #279, pin of component #278, pin #3 of component #275, pin of component #275, pin #6 of component #274, pin of component #269, pin of component #247, pin of component #227, pin #86 of component #223, pin #84 of component #223, pin #82 of component #223, pin #80 of component #223, pin #78 of component #223, pin #76 of component #223, pin of component #213, pin of component #204, pin #5 of component #181, pin of component #120, pin of component #104 and pin #34 of component #303, because the new connection could not be inserted.
2026-08-15 22:45:10.700 DEBUG  InsertFoundConnectionAlgo: insert trace failed for net #188 at corner 1/1 on layer 5, trace width: 5000, from corner: 0, ok_point: (2019000,-970000), target: (2023000,-970000)
2026-08-15 22:45:10.769 DEBUG  [DC97D2\DB1F4C] Autorouter Failed to route connection between polylinetrace, polylinetrace, polylinetrace, polylinetrace, polylinetrace, via, polylinetrace, polylinetrace, polylinetrace, polylinetrace, polylinetrace, polylinetrace, polylinetrace, via, polylinetrace, polylinetrace, polylinetrace, polylinetrace, polylinetrace, polylinetrace, polylinetrace, polylinetrace, polylinetrace, via, polylinetrace, via, polylinetrace, via, polylinetrace, polylinetrace, via, polylinetrace, polylinetrace, polylinetrace, polylinetrace, polylinetrace, polylinetrace, polylinetrace, via, polylinetrace, polylinetrace, polylinetrace, polylinetrace, polylinetrace, polylinetrace, polylinetrace, polylinetrace, polylinetrace, polylinetrace, polylinetrace, polylinetrace, polylinetrace, polylinetrace, polylinetrace, polylinetrace, pin #23 of component #305, pin #22 of component #305, pin #34 of component #303, pin #1 of component #300, pin of component #299, pin #3 of component #297, pin of component #297, pin #3 of component #296, pin of component #296, pin #3 of component #295, pin of component #295, pin of component #288, pin of component #281, pin of component #280, pin of component #279, pin of component #278, pin #3 of component #275, pin of component #275, pin #6 of component #274, pin of component #269, pin of component #247, pin of component #227, pin #86 of component #223, pin #84 of component #223, pin #82 of component #223, pin #80 of component #223, pin #78 of component #223, pin #76 of component #223, pin of component #213, pin of component #204, pin #5 of component #181, pin of component #120, pin of component #104 and pin #33 of component #303, because the new connection could not be inserted.
2026-08-15 22:45:14.656 DEBUG  InsertFoundConnectionAlgo: insert trace failed for net #105 at corner 1/1 on layer 5, trace width: 5000, from corner: 0, ok_point: (2015000,-970000), target: (2011000,-970000)
2026-08-15 22:45:14.712 DEBUG  [DC97D2\DB1F4C] Autorouter Failed to route connection between polylinetrace, polylinetrace, polylinetrace, polylinetrace, polylinetrace, pin #31 of component #303, pin #24 of component #303, pin #23 of component #303, pin #22 of component #303, pin of component #216, pin of component #209, pin of component #202, pin of component #195, pin #5 of component #180, pin #4 of component #180, pin #3 of component #180, pin #17 of component #160, pin #12 of component #160, pin #9 of component #160, pin #4 of component #160 and pin #32 of component #303, because the new connection could not be inserted.
2026-08-15 22:45:19.563 DEBUG  InsertFoundConnectionAlgo: insert trace failed for net #105 at corner 1/1 on layer 5, trace width: 5000, from corner: 0, ok_point: (2011000,-970000), target: (2015000,-970000)
2026-08-15 22:45:19.626 DEBUG  [DC97D2\DB1F4C] Autorouter Failed to route connection between polylinetrace, polylinetrace, polylinetrace, polylinetrace, polylinetrace, pin #32 of component #303, pin #24 of component #303, pin #23 of component #303, pin #22 of component #303, pin of component #216, pin of component #209, pin of component #202, pin of component #195, pin #5 of component #180, pin #4 of component #180, pin #3 of component #180, pin #17 of component #160, pin #12 of component #160, pin #9 of component #160, pin #4 of component #160 and pin #31 of component #303, because the new connection could not be inserted.
2026-08-15 22:45:24.768 DEBUG  InsertFoundConnectionAlgo: insert trace failed for net #105 at corner 3/3 on layer 5, trace width: 5000, from corner: 2, ok_point: (1979000,-954004), target: (1979000,-950000)
2026-08-15 22:45:24.846 DEBUG  [DC97D2\DB1F4C] Autorouter Failed to route connection between polylinetrace, polylinetrace, polylinetrace, pin #32 of component #303, pin #31 of component #303, pin #22 of component #303, pin of component #216, pin of component #209, pin of component #202, pin of component #195, pin #5 of component #180, pin #4 of component #180, pin #3 of component #180, pin #17 of component #160, pin #12 of component #160, pin #9 of component #160, pin #4 of component #160 and polylinetrace, polylinetrace, pin #24 of component #303, pin #23 of component #303, because the new connection could not be inserted.
2026-08-15 22:45:29.239 DEBUG  InsertFoundConnectionAlgo: insert trace failed for net #105 at corner 3/3 on layer 5, trace width: 5000, from corner: 0, ok_point: (1979000,-950000), target: (1979000,-954000)
2026-08-15 22:45:29.296 DEBUG  [DC97D2\DB1F4C] Autorouter Failed to route connection between polylinetrace, polylinetrace, polylinetrace, polylinetrace, polylinetrace, pin #32 of component #303, pin #31 of component #303, pin #24 of component #303, pin #23 of component #303, pin of component #216, pin of component #209, pin of component #202, pin of component #195, pin #5 of component #180, pin #4 of component #180, pin #3 of component #180, pin #17 of component #160, pin #12 of component #160, pin #9 of component #160, pin #4 of component #160 and pin #22 of component #303, because the new connection could not be inserted.
2026-08-15 22:45:42.066 DEBUG  InsertFoundConnectionAlgo: insert trace failed for net #260 at corner 1/1 on layer 5, trace width: 5000, from corner: 0, ok_point: (2199625,-1220250), target: (2199625,-1224250)
2026-08-15 22:45:42.143 DEBUG  [DC97D2\DB1F4C] Autorouter Failed to route connection between pin #21 of component #301, pin #1 of component #239, pin of component #214 and pin #22 of component #301, because the new connection could not be inserted.
2026-08-15 22:45:46.176 DEBUG  InsertFoundConnectionAlgo: insert trace failed for net #260 at corner 1/1 on layer 5, trace width: 5000, from corner: 0, ok_point: (2199625,-1224250), target: (2199625,-1220250)
2026-08-15 22:45:46.237 DEBUG  [DC97D2\DB1F4C] Autorouter Failed to route connection between pin #22 of component #301, pin #1 of component #239, pin of component #214 and pin #21 of component #301, because the new connection could not be inserted.
2026-08-15 22:45:53.119 DEBUG  [DC97D2\DB1F4C] Autorouter Failed to route connection between pin of component #239 and pin #17 of component #301, because no connection was found between their nets.
2026-08-15 22:46:02.072 DEBUG  InsertFoundConnectionAlgo: insert trace failed for net #188 at corner 45/45 on layer 3, trace width: 5000, from corner: 11, ok_point: (2009974,-1196998), target: (2249025,-1189218)
2026-08-15 22:46:02.134 DEBUG  [DC97D2\DB1F4C] Autorouter Failed to route connection between polylinetrace, polylinetrace, polylinetrace, polylinetrace, polylinetrace, polylinetrace, via, polylinetrace, polylinetrace, polylinetrace, polylinetrace, polylinetrace, via, polylinetrace, polylinetrace, polylinetrace, polylinetrace, polylinetrace, polylinetrace, polylinetrace, polylinetrace, polylinetrace, via, polylinetrace, polylinetrace, via, polylinetrace, polylinetrace, polylinetrace, polylinetrace, polylinetrace, polylinetrace, polylinetrace, via, polylinetrace, polylinetrace, polylinetrace, polylinetrace, polylinetrace, polylinetrace, polylinetrace, polylinetrace, polylinetrace, polylinetrace, polylinetrace, polylinetrace, polylinetrace, polylinetrace, polylinetrace, polylinetrace, pin #23 of component #305, pin #22 of component #305, pin #34 of component #303, pin #33 of component #303, pin #1 of component #300, pin #3 of component #297, pin of component #297, pin #3 of component #296, pin of component #296, pin #3 of component #295, pin of component #295, pin of component #281, pin of component #280, pin of component #279, pin of component #278, pin #3 of component #275, pin of component #275, pin #6 of component #274, pin of component #269, pin of component #247, pin of component #227, pin #86 of component #223, pin #84 of component #223, pin #82 of component #223, pin #80 of component #223, pin #78 of component #223, pin #76 of component #223, pin of component #213, pin of component #204, pin #5 of component #181, pin of component #120, pin of component #104 and polylinetrace, polylinetrace, polylinetrace, via, polylinetrace, via, pin of component #299, pin of component #288, because the new connection could not be inserted.
2026-08-15 22:46:06.259 DEBUG  [DC97D2\DB1F4C] Autorouter Failed to route connection between pin of component #264, pin #40 of component #182, pin #40 of component #81 and polylinetrace, polylinetrace, polylinetrace, pin of component #294, pin of component #272, pin of component #271, because no connection was found between their nets.
2026-08-15 22:46:10.680 DEBUG  InsertFoundConnectionAlgo: insert trace failed for net #21 at corner 11/25 on layer 5, trace width: 2500, from corner: 10, ok_point: (2207937,-966252), target: (2164491,-966252)
2026-08-15 22:46:10.765 DEBUG  [DC97D2\DB1F4C] Autorouter Failed to route connection between via, polylinetrace, polylinetrace, polylinetrace, polylinetrace, polylinetrace, polylinetrace, via, polylinetrace, via, polylinetrace, polylinetrace, polylinetrace, polylinetrace, polylinetrace, polylinetrace, via, polylinetrace, polylinetrace, polylinetrace, polylinetrace, via, via, polylinetrace, polylinetrace, polylinetrace, polylinetrace, polylinetrace, polylinetrace, polylinetrace, via, via, via, polylinetrace, polylinetrace, polylinetrace, via, polylinetrace, polylinetrace, polylinetrace, via, polylinetrace, polylinetrace, polylinetrace, pin #3 of component #308, pin #2 of component #308, pin of component #289, pin of component #270, pin of component #268, pin of component #262, pin #1 of component #226, pin #3 of component #182, pin #1 of component #182, pin #3 of component #175, pin of component #175, pin #3 of component #174, pin of component #174, pin #1 of component #172, pin #1 of component #170, pin #1 of component #169, pin #1 of component #168, pin of component #149, pin of component #144, pin of component #85, pin #3 of component #81, pin #1 of component #81, pin of component #78, pin of component #66, pin of component #61, pin of component #41, pin #1 of component #6 and pin #23 of component #291, because the new connection could not be inserted.
2026-08-15 22:46:28.496 DEBUG  InsertFoundConnectionAlgo: insert trace failed for net #23 at corner 5/5 on layer 5, trace width: 2500, from corner: 4, ok_point: (2182000,-1233240), target: (2182000,-1267000)
2026-08-15 22:46:28.566 DEBUG  [DC97D2\DB1F4C] Autorouter Failed to route connection between polylinetrace, via, pin #1 of component #274, pin #6 of component #182, pin of component #106, pin #6 of component #81, pin of component #79 and polylinetrace, polylinetrace, via, polylinetrace, via, pin of component #282, pin of component #80, because the new connection could not be inserted.
2026-08-15 22:46:38.732 DEBUG  InsertFoundConnectionAlgo: insert trace failed for net #22 at corner 10/10 on layer 5, trace width: 2500, from corner: 6, ok_point: (2025809,-1080704), target: (2008027,-1062000)
2026-08-15 22:46:38.800 DEBUG  [DC97D2\DB1F4C] Autorouter Failed to route connection between polylinetrace, polylinetrace, via, via, pin #14 of component #274, pin #2 of component #182, pin of component #101, pin #2 of component #81, pin of component #74, pin of component #70 and pin of component #277, because the new connection could not be inserted.
2026-08-15 22:46:43.133 DEBUG  InsertFoundConnectionAlgo: insert trace failed for net #5 at corner 4/4 on layer 5, trace width: 2500, from corner: 3, ok_point: (1596502,-1270698), target: (1595000,-1272200)
2026-08-15 22:46:43.197 DEBUG  [DC97D2\DB1F4C] Autorouter Failed to route connection between polylinetrace, polylinetrace, polylinetrace, via, polylinetrace, polylinetrace, polylinetrace, polylinetrace, polylinetrace, polylinetrace, polylinetrace, polylinetrace, polylinetrace, polylinetrace, polylinetrace, polylinetrace, polylinetrace, polylinetrace, polylinetrace, polylinetrace, polylinetrace, polylinetrace, polylinetrace, polylinetrace, polylinetrace, polylinetrace, polylinetrace, polylinetrace, polylinetrace, via, polylinetrace, polylinetrace, polylinetrace, polylinetrace, polylinetrace, polylinetrace, polylinetrace, polylinetrace, polylinetrace, via, polylinetrace, polylinetrace, polylinetrace, polylinetrace, via, polylinetrace, polylinetrace, polylinetrace, polylinetrace, polylinetrace, polylinetrace, via, polylinetrace, pin #1 of component #308, pin of component #306, pin #37 of component #303, pin #5 of component #302, pin of component #302, pin of component #250, pin of component #244, pin of component #232, pin of component #231, pin of component #230, pin #85 of component #223, pin #83 of component #223, pin #77 of component #223, pin of component #206, pin of component #198, pin #42 of component #184, pin #33 of component #184, pin #24 of component #184, pin #21 of component #184, pin #11 of component #184, pin #2 of component #184, pin #11 of component #183, pin #2 of component #183, pin #2 of component #178, pin #1 of component #171, pin #1 of component #167, pin #29 of component #162, pin #5 of component #162, pin of component #161, pin of component #147, pin of component #138, pin of component #137, pin of component #135, pin of component #133, pin of component #132, pin of component #122, pin of component #51, pin of component #49, pin of component #44, pin of component #29, pin of component #28, pin #5 of component #26, pin of component #19, pin of component #16, pin of component #14, pin of component #9, pin of component #3 and polylinetrace, polylinetrace, polylinetrace, via, polylinetrace, via, pin #4 of component #276, pin of component #259, pin #3 of component #158, because the new connection could not be inserted.
2026-08-15 22:46:47.677 DEBUG  InsertFoundConnectionAlgo: insert trace failed for net #22 at corner 33/33 on layer 5, trace width: 2500, from corner: 0, ok_point: (2178000,-1283000), target: (1995000,-1135000)
2026-08-15 22:46:47.746 DEBUG  [DC97D2\DB1F4C] Autorouter Failed to route connection between polylinetrace, polylinetrace, via, via, pin of component #277, pin #2 of component #182, pin of component #101, pin #2 of component #81, pin of component #74, pin of component #70 and pin #14 of component #274, because the new connection could not be inserted.
2026-08-15 22:46:57.055 DEBUG  [DC97D2\DB1F4C] Autorouter Failed to route connection between polylinetrace, polylinetrace, polylinetrace, polylinetrace, polylinetrace, polylinetrace, via, polylinetrace, polylinetrace, polylinetrace, polylinetrace, polylinetrace, polylinetrace, polylinetrace, via, polylinetrace, polylinetrace, polylinetrace, polylinetrace, polylinetrace, polylinetrace, polylinetrace, polylinetrace, polylinetrace, via, polylinetrace, via, polylinetrace, via, polylinetrace, polylinetrace, via, polylinetrace, polylinetrace, polylinetrace, polylinetrace, polylinetrace, polylinetrace, polylinetrace, via, polylinetrace, polylinetrace, polylinetrace, polylinetrace, polylinetrace, polylinetrace, polylinetrace, polylinetrace, polylinetrace, polylinetrace, polylinetrace, polylinetrace, polylinetrace, polylinetrace, polylinetrace, polylinetrace, pin #23 of component #305, pin #22 of component #305, pin #34 of component #303, pin #33 of component #303, pin #1 of component #300, pin of component #299, pin #3 of component #297, pin of component #297, pin #3 of component #296, pin of component #296, pin #3 of component #295, pin of component #295, pin of component #288, pin of component #281, pin of component #280, pin of component #279, pin of component #278, pin #3 of component #275, pin of component #275, pin of component #269, pin of component #247, pin of component #227, pin #86 of component #223, pin #84 of component #223, pin #82 of component #223, pin #80 of component #223, pin #78 of component #223, pin #76 of component #223, pin of component #213, pin of component #204, pin #5 of component #181, pin of component #120, pin of component #104 and pin #6 of component #274, because no connection was found between their nets.
2026-08-15 22:47:01.426 DEBUG  InsertFoundConnectionAlgo: insert trace failed for net #23 at corner 5/5 on layer 5, trace width: 2500, from corner: 0, ok_point: (2182000,-1267000), target: (2182000,-1259298)
2026-08-15 22:47:01.495 DEBUG  [DC97D2\DB1F4C] Autorouter Failed to route connection between polylinetrace, via, polylinetrace, polylinetrace, polylinetrace, via, polylinetrace, via, polylinetrace, via, pin of component #282, pin #6 of component #182, pin of component #106, pin #6 of component #81, pin of component #80, pin of component #79 and pin #1 of component #274, because the new connection could not be inserted.
2026-08-15 22:47:05.900 DEBUG  InsertFoundConnectionAlgo: insert trace failed for net #188 at corner 8/8 on layer 0, trace width: 5000, from corner: 5, ok_point: (2237805,-1222998), target: (2215000,-1212000)
2026-08-15 22:47:05.988 DEBUG  [DC97D2\DB1F4C] Autorouter Failed to route connection between polylinetrace, polylinetrace, polylinetrace, polylinetrace, polylinetrace, polylinetrace, via, polylinetrace, polylinetrace, polylinetrace, polylinetrace, polylinetrace, polylinetrace, polylinetrace, via, polylinetrace, polylinetrace, polylinetrace, polylinetrace, polylinetrace, polylinetrace, polylinetrace, polylinetrace, polylinetrace, via, polylinetrace, via, polylinetrace, via, polylinetrace, polylinetrace, via, polylinetrace, polylinetrace, polylinetrace, polylinetrace, via, polylinetrace, polylinetrace, polylinetrace, polylinetrace, polylinetrace, polylinetrace, polylinetrace, polylinetrace, polylinetrace, polylinetrace, polylinetrace, polylinetrace, polylinetrace, polylinetrace, polylinetrace, polylinetrace, pin #23 of component #305, pin #22 of component #305, pin #34 of component #303, pin #33 of component #303, pin #1 of component #300, pin of component #299, pin #3 of component #297, pin of component #297, pin #3 of component #296, pin of component #296, pin #3 of component #295, pin of component #295, pin of component #288, pin of component #281, pin of component #280, pin of component #279, pin of component #278, pin #3 of component #275, pin of component #275, pin #6 of component #274, pin of component #247, pin #86 of component #223, pin #84 of component #223, pin #82 of component #223, pin #80 of component #223, pin #78 of component #223, pin #76 of component #223, pin of component #213, pin of component #204, pin #5 of component #181, pin of component #120, pin of component #104 and polylinetrace, polylinetrace, polylinetrace, pin of component #269, pin of component #227, because the new connection could not be inserted.
2026-08-15 22:47:14.603 DEBUG  [DC97D2\DB1F4C] Autorouter Failed to route connection between polylinetrace, polylinetrace, polylinetrace, pin of component #294, pin of component #272, pin of component #271, pin #40 of component #182, pin #40 of component #81 and pin of component #264, because no connection was found between their nets.
2026-08-15 22:47:19.149 DEBUG  InsertFoundConnectionAlgo: insert trace failed for net #21 at corner 10/21 on layer 2, trace width: 2500, from corner: 7, ok_point: (1176230,-1244298), target: (1198438,-1236392)
2026-08-15 22:47:19.218 DEBUG  [DC97D2\DB1F4C] Autorouter Failed to route connection between polylinetrace, polylinetrace, polylinetrace, via, polylinetrace, polylinetrace, polylinetrace, polylinetrace, polylinetrace, polylinetrace, via, polylinetrace, via, polylinetrace, polylinetrace, polylinetrace, polylinetrace, polylinetrace, via, polylinetrace, polylinetrace, polylinetrace, polylinetrace, via, polylinetrace, polylinetrace, polylinetrace, polylinetrace, polylinetrace, polylinetrace, polylinetrace, via, via, via, polylinetrace, polylinetrace, polylinetrace, via, polylinetrace, polylinetrace, polylinetrace, via, polylinetrace, polylinetrace, polylinetrace, pin #3 of component #308, pin #2 of component #308, pin #23 of component #291, pin of component #289, pin of component #270, pin of component #268, pin #1 of component #226, pin #3 of component #182, pin #1 of component #182, pin #3 of component #175, pin of component #175, pin #3 of component #174, pin of component #174, pin #1 of component #172, pin #1 of component #170, pin #1 of component #169, pin #1 of component #168, pin of component #149, pin of component #144, pin of component #85, pin #3 of component #81, pin #1 of component #81, pin of component #78, pin of component #66, pin of component #61, pin of component #41, pin #1 of component #6 and polylinetrace, via, pin of component #262, because the new connection could not be inserted.
2026-08-15 22:47:23.580 DEBUG  InsertFoundConnectionAlgo: insert trace failed for net #5 at corner 10/30 on layer 5, trace width: 2500, from corner: 6, ok_point: (1357320,-997893), target: (1359797,-978213)
2026-08-15 22:47:23.655 DEBUG  [DC97D2\DB1F4C] Autorouter Failed to route connection between polylinetrace, polylinetrace, polylinetrace, polylinetrace, via, polylinetrace, polylinetrace, polylinetrace, polylinetrace, polylinetrace, polylinetrace, polylinetrace, polylinetrace, polylinetrace, polylinetrace, polylinetrace, polylinetrace, polylinetrace, polylinetrace, polylinetrace, polylinetrace, polylinetrace, polylinetrace, polylinetrace, polylinetrace, polylinetrace, polylinetrace, polylinetrace, polylinetrace, polylinetrace, polylinetrace, polylinetrace, polylinetrace, via, polylinetrace, polylinetrace, polylinetrace, polylinetrace, via, polylinetrace, via, polylinetrace, polylinetrace, polylinetrace, polylinetrace, via, polylinetrace, polylinetrace, polylinetrace, polylinetrace, via, polylinetrace, polylinetrace, polylinetrace, polylinetrace, polylinetrace, polylinetrace, via, polylinetrace, pin #1 of component #308, pin of component #306, pin #37 of component #303, pin #5 of component #302, pin of component #302, pin #4 of component #276, pin of component #259, pin of component #244, pin of component #231, pin of component #230, pin #85 of component #223, pin #83 of component #223, pin #77 of component #223, pin of component #206, pin of component #198, pin #42 of component #184, pin #33 of component #184, pin #24 of component #184, pin #21 of component #184, pin #11 of component #184, pin #2 of component #184, pin #11 of component #183, pin #2 of component #183, pin #2 of component #178, pin #1 of component #171, pin #1 of component #167, pin #29 of component #162, pin #5 of component #162, pin of component #161, pin #3 of component #158, pin of component #147, pin of component #138, pin of component #137, pin of component #135, pin of component #133, pin of component #132, pin of component #122, pin of component #51, pin of component #49, pin of component #44, pin of component #29, pin of component #28, pin #5 of component #26, pin of component #19, pin of component #16, pin of component #14, pin of component #9, pin of component #3 and polylinetrace, pin of component #250, pin of component #232, because the new connection could not be inserted.
2026-08-15 22:47:27.989 DEBUG  [DC97D2\DB1F4C] Autorouter Failed to route connection between pin #22 of component #301, pin #21 of component #301, pin of component #214 and pin #1 of component #239, because no connection was found between their nets.
2026-08-15 22:47:32.371 DEBUG  [DC97D2\DB1F4C] Autorouter Failed to route connection between pin #17 of component #301 and pin of component #239, because no connection was found between their nets.
2026-08-15 22:47:36.637 DEBUG  InsertFoundConnectionAlgo: insert trace failed for net #5 at corner 14/20 on layer 5, trace width: 2500, from corner: 11, ok_point: (2351407,-1006950), target: (2354403,-1036327)
2026-08-15 22:47:36.707 DEBUG  [DC97D2\DB1F4C] Autorouter Failed to route connection between polylinetrace, polylinetrace, polylinetrace, polylinetrace, polylinetrace, polylinetrace, via, polylinetrace, polylinetrace, polylinetrace, polylinetrace, polylinetrace, polylinetrace, polylinetrace, polylinetrace, polylinetrace, polylinetrace, polylinetrace, polylinetrace, polylinetrace, polylinetrace, polylinetrace, polylinetrace, polylinetrace, polylinetrace, polylinetrace, polylinetrace, polylinetrace, polylinetrace, polylinetrace, polylinetrace, polylinetrace, polylinetrace, polylinetrace, polylinetrace, via, polylinetrace, polylinetrace, polylinetrace, polylinetrace, via, polylinetrace, via, polylinetrace, polylinetrace, polylinetrace, polylinetrace, polylinetrace, via, polylinetrace, polylinetrace, polylinetrace, polylinetrace, via, polylinetrace, polylinetrace, polylinetrace, polylinetrace, polylinetrace, polylinetrace, via, polylinetrace, pin #1 of component #308, pin of component #306, pin #37 of component #303, pin #5 of component #302, pin of component #302, pin #4 of component #276, pin of component #259, pin of component #250, pin of component #244, pin of component #232, pin of component #231, pin #85 of component #223, pin #83 of component #223, pin #77 of component #223, pin of component #206, pin of component #198, pin #42 of component #184, pin #33 of component #184, pin #24 of component #184, pin #21 of component #184, pin #11 of component #184, pin #2 of component #184, pin #11 of component #183, pin #2 of component #183, pin #2 of component #178, pin #1 of component #171, pin #1 of component #167, pin #29 of component #162, pin #5 of component #162, pin of component #161, pin #3 of component #158, pin of component #147, pin of component #138, pin of component #137, pin of component #135, pin of component #133, pin of component #132, pin of component #122, pin of component #51, pin of component #49, pin of component #44, pin of component #29, pin of component #28, pin #5 of component #26, pin of component #19, pin of component #16, pin of component #14, pin of component #9, pin of component #3 and pin of component #230, because the new connection could not be inserted.
2026-08-15 22:47:41.171 DEBUG  InsertFoundConnectionAlgo: insert trace failed for net #88 at corner 7/7 on layer 0, trace width: 2500, from corner: 4, ok_point: (1406570,-1140740), target: (1428265,-1132485)
2026-08-15 22:47:41.252 DEBUG  [DC97D2\DB1F4C] Autorouter Failed to route connection between polylinetrace, pin of component #153, pin of component #141 and polylinetrace, polylinetrace, polylinetrace, polylinetrace, polylinetrace, polylinetrace, polylinetrace, via, polylinetrace, via, polylinetrace, via, polylinetrace, via, via, pin of component #283, pin of component #261, pin #1 of component #229, pin of component #155, pin of component #145, pin of component #93, because the new connection could not be inserted.
2026-08-15 22:47:45.590 DEBUG  InsertFoundConnectionAlgo: insert trace failed for net #188 at corner 3/3 on layer 5, trace width: 5000, from corner: 0, ok_point: (1591000,-1303000), target: (1595000,-1303000)
2026-08-15 22:47:45.667 DEBUG  [DC97D2\DB1F4C] Autorouter Failed to route connection between polylinetrace, polylinetrace, via, polylinetrace, polylinetrace, polylinetrace, polylinetrace, polylinetrace, polylinetrace, polylinetrace, polylinetrace, polylinetrace, via, polylinetrace, polylinetrace, polylinetrace, polylinetrace, polylinetrace, polylinetrace, polylinetrace, via, polylinetrace, polylinetrace, polylinetrace, polylinetrace, polylinetrace, polylinetrace, polylinetrace, polylinetrace, polylinetrace, via, polylinetrace, via, polylinetrace, via, polylinetrace, polylinetrace, via, polylinetrace, polylinetrace, polylinetrace, polylinetrace, polylinetrace, polylinetrace, via, polylinetrace, polylinetrace, polylinetrace, polylinetrace, polylinetrace, polylinetrace, polylinetrace, polylinetrace, polylinetrace, polylinetrace, polylinetrace, polylinetrace, polylinetrace, polylinetrace, polylinetrace, polylinetrace, pin #23 of component #305, pin #22 of component #305, pin #34 of component #303, pin #33 of component #303, pin #1 of component #300, pin of component #299, pin #3 of component #297, pin of component #297, pin #3 of component #296, pin of component #296, pin #3 of component #295, pin of component #295, pin of component #288, pin of component #281, pin of component #280, pin of component #279, pin of component #278, pin #3 of component #275, pin of component #275, pin #6 of component #274, pin of component #269, pin of component #247, pin of component #227, pin #84 of component #223, pin #82 of component #223, pin #80 of component #223, pin #78 of component #223, pin #76 of component #223, pin of component #213, pin of component #204, pin #5 of component #181, pin of component #120, pin of component #104 and pin #86 of component #223, because the new connection could not be inserted.
2026-08-15 22:47:50.003 DEBUG  InsertFoundConnectionAlgo: insert trace failed for net #5 at corner 3/3 on layer 5, trace width: 2500, from corner: 0, ok_point: (1595000,-1272200), target: (1599000,-1272200)
2026-08-15 22:47:50.070 DEBUG  [DC97D2\DB1F4C] Autorouter Failed to route connection between polylinetrace, polylinetrace, polylinetrace, polylinetrace, polylinetrace, polylinetrace, polylinetrace, polylinetrace, via, polylinetrace, polylinetrace, polylinetrace, polylinetrace, polylinetrace, polylinetrace, polylinetrace, polylinetrace, polylinetrace, polylinetrace, polylinetrace, polylinetrace, polylinetrace, polylinetrace, polylinetrace, polylinetrace, polylinetrace, polylinetrace, polylinetrace, polylinetrace, polylinetrace, polylinetrace, polylinetrace, polylinetrace, polylinetrace, polylinetrace, polylinetrace, polylinetrace, via, polylinetrace, polylinetrace, polylinetrace, polylinetrace, via, polylinetrace, via, polylinetrace, polylinetrace, polylinetrace, polylinetrace, polylinetrace, via, polylinetrace, polylinetrace, polylinetrace, polylinetrace, via, polylinetrace, polylinetrace, polylinetrace, polylinetrace, polylinetrace, polylinetrace, via, polylinetrace, pin #1 of component #308, pin of component #306, pin #37 of component #303, pin #5 of component #302, pin of component #302, pin #4 of component #276, pin of component #259, pin of component #250, pin of component #244, pin of component #232, pin of component #231, pin of component #230, pin #83 of component #223, pin #77 of component #223, pin of component #206, pin of component #198, pin #42 of component #184, pin #33 of component #184, pin #24 of component #184, pin #21 of component #184, pin #11 of component #184, pin #2 of component #184, pin #11 of component #183, pin #2 of component #183, pin #2 of component #178, pin #1 of component #171, pin #1 of component #167, pin #29 of component #162, pin #5 of component #162, pin of component #161, pin #3 of component #158, pin of component #147, pin of component #138, pin of component #137, pin of component #135, pin of component #133, pin of component #132, pin of component #122, pin of component #51, pin of component #49, pin of component #44, pin of component #29, pin of component #28, pin #5 of component #26, pin of component #19, pin of component #16, pin of component #14, pin of component #9, pin of component #3 and pin #85 of component #223, because the new connection could not be inserted.
2026-08-15 22:47:54.490 DEBUG  InsertFoundConnectionAlgo: insert trace failed for net #188 at corner 2/2 on layer 5, trace width: 5000, from corner: 1, ok_point: (1606998,-1303000), target: (1611000,-1303000)
2026-08-15 22:47:54.556 DEBUG  [DC97D2\DB1F4C] Autorouter Failed to route connection between polylinetrace, polylinetrace, via, polylinetrace, polylinetrace, polylinetrace, polylinetrace, polylinetrace, polylinetrace, polylinetrace, polylinetrace, via, polylinetrace, polylinetrace, polylinetrace, polylinetrace, polylinetrace, polylinetrace, via, polylinetrace, polylinetrace, polylinetrace, polylinetrace, polylinetrace, polylinetrace, polylinetrace, polylinetrace, polylinetrace, via, polylinetrace, via, polylinetrace, via, polylinetrace, polylinetrace, via, polylinetrace, polylinetrace, polylinetrace, polylinetrace, polylinetrace, polylinetrace, via, polylinetrace, polylinetrace, polylinetrace, polylinetrace, polylinetrace, polylinetrace, polylinetrace, polylinetrace, polylinetrace, polylinetrace, polylinetrace, polylinetrace, polylinetrace, polylinetrace, pin #23 of component #305, pin #22 of component #305, pin #34 of component #303, pin #33 of component #303, pin #1 of component #300, pin of component #299, pin #3 of component #297, pin of component #297, pin #3 of component #296, pin of component #296, pin #3 of component #295, pin of component #295, pin of component #288, pin of component #281, pin of component #280, pin of component #279, pin of component #278, pin #3 of component #275, pin of component #275, pin #6 of component #274, pin of component #269, pin of component #247, pin of component #227, pin #86 of component #223, pin #76 of component #223, pin of component #213, pin of component #204, pin #5 of component #181, pin of component #120, pin of component #104 and polylinetrace, polylinetrace, polylinetrace, polylinetrace, pin #84 of component #223, pin #82 of component #223, pin #80 of component #223, pin #78 of component #223, because the new connection could not be inserted.
2026-08-15 22:47:58.850 DEBUG  InsertFoundConnectionAlgo: insert trace failed for net #5 at corner 3/3 on layer 5, trace width: 2500, from corner: 0, ok_point: (1599000,-1272200), target: (1595000,-1272200)
2026-08-15 22:47:58.919 DEBUG  [DC97D2\DB1F4C] Autorouter Failed to route connection between polylinetrace, polylinetrace, polylinetrace, polylinetrace, polylinetrace, polylinetrace, polylinetrace, polylinetrace, via, polylinetrace, polylinetrace, polylinetrace, polylinetrace, polylinetrace, polylinetrace, polylinetrace, polylinetrace, polylinetrace, polylinetrace, polylinetrace, polylinetrace, polylinetrace, polylinetrace, polylinetrace, polylinetrace, polylinetrace, polylinetrace, polylinetrace, polylinetrace, polylinetrace, polylinetrace, polylinetrace, polylinetrace, polylinetrace, polylinetrace, polylinetrace, polylinetrace, via, polylinetrace, polylinetrace, polylinetrace, polylinetrace, via, polylinetrace, via, polylinetrace, polylinetrace, polylinetrace, polylinetrace, polylinetrace, via, polylinetrace, polylinetrace, polylinetrace, polylinetrace, via, polylinetrace, polylinetrace, polylinetrace, polylinetrace, polylinetrace, polylinetrace, via, polylinetrace, pin #1 of component #308, pin of component #306, pin #37 of component #303, pin #5 of component #302, pin of component #302, pin #4 of component #276, pin of component #259, pin of component #250, pin of component #244, pin of component #232, pin of component #231, pin of component #230, pin #85 of component #223, pin #77 of component #223, pin of component #206, pin of component #198, pin #42 of component #184, pin #33 of component #184, pin #24 of component #184, pin #21 of component #184, pin #11 of component #184, pin #2 of component #184, pin #11 of component #183, pin #2 of component #183, pin #2 of component #178, pin #1 of component #171, pin #1 of component #167, pin #29 of component #162, pin #5 of component #162, pin of component #161, pin #3 of component #158, pin of component #147, pin of component #138, pin of component #137, pin of component #135, pin of component #133, pin of component #132, pin of component #122, pin of component #51, pin of component #49, pin of component #44, pin of component #29, pin of component #28, pin #5 of component #26, pin of component #19, pin of component #16, pin of component #14, pin of component #9, pin of component #3 and pin #83 of component #223, because the new connection could not be inserted.
2026-08-15 22:48:03.282 DEBUG  InsertFoundConnectionAlgo: insert trace failed for net #5 at corner 6/6 on layer 5, trace width: 2500, from corner: 0, ok_point: (1611000,-1272200), target: (1599000,-1272200)
2026-08-15 22:48:03.374 DEBUG  [DC97D2\DB1F4C] Autorouter Failed to route connection between polylinetrace, polylinetrace, polylinetrace, polylinetrace, polylinetrace, polylinetrace, polylinetrace, polylinetrace, via, polylinetrace, polylinetrace, polylinetrace, polylinetrace, polylinetrace, polylinetrace, polylinetrace, polylinetrace, polylinetrace, polylinetrace, polylinetrace, polylinetrace, polylinetrace, polylinetrace, polylinetrace, polylinetrace, polylinetrace, polylinetrace, polylinetrace, polylinetrace, polylinetrace, polylinetrace, polylinetrace, polylinetrace, polylinetrace, polylinetrace, polylinetrace, polylinetrace, via, polylinetrace, polylinetrace, polylinetrace, polylinetrace, via, polylinetrace, via, polylinetrace, polylinetrace, polylinetrace, polylinetrace, polylinetrace, via, polylinetrace, polylinetrace, polylinetrace, polylinetrace, via, polylinetrace, polylinetrace, polylinetrace, polylinetrace, polylinetrace, polylinetrace, via, polylinetrace, pin #1 of component #308, pin of component #306, pin #37 of component #303, pin #5 of component #302, pin of component #302, pin #4 of component #276, pin of component #259, pin of component #250, pin of component #244, pin of component #232, pin of component #231, pin of component #230, pin #85 of component #223, pin #83 of component #223, pin of component #206, pin of component #198, pin #42 of component #184, pin #33 of component #184, pin #24 of component #184, pin #21 of component #184, pin #11 of component #184, pin #2 of component #184, pin #11 of component #183, pin #2 of component #183, pin #2 of component #178, pin #1 of component #171, pin #1 of component #167, pin #29 of component #162, pin #5 of component #162, pin of component #161, pin #3 of component #158, pin of component #147, pin of component #138, pin of component #137, pin of component #135, pin of component #133, pin of component #132, pin of component #122, pin of component #51, pin of component #49, pin of component #44, pin of component #29, pin of component #28, pin #5 of component #26, pin of component #19, pin of component #16, pin of component #14, pin of component #9, pin of component #3 and pin #77 of component #223, because the new connection could not be inserted.
2026-08-15 22:48:07.763 DEBUG  InsertFoundConnectionAlgo: insert trace failed for net #188 at corner 3/3 on layer 5, trace width: 5000, from corner: 0, ok_point: (1611000,-1303000), target: (1607000,-1303000)
2026-08-15 22:48:07.823 DEBUG  [DC97D2\DB1F4C] Autorouter Failed to route connection between polylinetrace, polylinetrace, polylinetrace, via, polylinetrace, polylinetrace, polylinetrace, polylinetrace, polylinetrace, polylinetrace, polylinetrace, polylinetrace, via, polylinetrace, polylinetrace, polylinetrace, polylinetrace, polylinetrace, polylinetrace, polylinetrace, via, polylinetrace, polylinetrace, polylinetrace, polylinetrace, polylinetrace, polylinetrace, polylinetrace, polylinetrace, polylinetrace, via, polylinetrace, via, polylinetrace, via, polylinetrace, polylinetrace, via, polylinetrace, polylinetrace, polylinetrace, polylinetrace, polylinetrace, polylinetrace, via, polylinetrace, polylinetrace, polylinetrace, polylinetrace, polylinetrace, polylinetrace, polylinetrace, polylinetrace, polylinetrace, polylinetrace, polylinetrace, polylinetrace, polylinetrace, polylinetrace, polylinetrace, polylinetrace, pin #23 of component #305, pin #22 of component #305, pin #34 of component #303, pin #33 of component #303, pin #1 of component #300, pin of component #299, pin #3 of component #297, pin of component #297, pin #3 of component #296, pin of component #296, pin #3 of component #295, pin of component #295, pin of component #288, pin of component #281, pin of component #280, pin of component #279, pin of component #278, pin #3 of component #275, pin of component #275, pin #6 of component #274, pin of component #269, pin of component #247, pin of component #227, pin #86 of component #223, pin #84 of component #223, pin #82 of component #223, pin #80 of component #223, pin #78 of component #223, pin of component #213, pin of component #204, pin #5 of component #181, pin of component #120, pin of component #104 and pin #76 of component #223, because the new connection could not be inserted.
2026-08-15 22:48:12.124 DEBUG  InsertFoundConnectionAlgo: insert trace failed for net #105 at corner 4/4 on layer 5, trace width: 5000, from corner: 3, ok_point: (2015000,-981080), target: (2015000,-970000)
2026-08-15 22:48:12.197 DEBUG  [DC97D2\DB1F4C] Autorouter Failed to route connection between polylinetrace, polylinetrace, polylinetrace, polylinetrace, pin #32 of component #303, pin #31 of component #303, pin #24 of component #303, pin #23 of component #303, pin #22 of component #303, pin of component #209, pin of component #202, pin of component #195, pin #5 of component #180, pin #4 of component #180, pin #3 of component #180, pin #17 of component #160, pin #12 of component #160, pin #9 of component #160, pin #4 of component #160 and pin of component #216, because the new connection could not be inserted.
2026-08-15 22:48:16.571 DEBUG  [DC97D2\DB1F4C] Autorouter Failed to route connection between pin #22 of component #301, pin #21 of component #301, pin #1 of component #239 and pin of component #214, because no connection was found between their nets.
2026-08-15 22:48:21.027 DEBUG  InsertFoundConnectionAlgo: insert trace failed for net #188 at corner 25/25 on layer 5, trace width: 5000, from corner: 0, ok_point: (1277155,-1340870), target: (1599000,-1303000)
2026-08-15 22:48:21.095 DEBUG  [DC97D2\DB1F4C] Autorouter Failed to route connection between polylinetrace, polylinetrace, polylinetrace, via, polylinetrace, polylinetrace, polylinetrace, polylinetrace, polylinetrace, polylinetrace, polylinetrace, via, polylinetrace, via, polylinetrace, polylinetrace, polylinetrace, polylinetrace, pin #23 of component #305, pin #22 of component #305, pin #34 of component #303, pin #33 of component #303, pin of component #299, pin of component #288, pin #6 of component #274, pin of component #269, pin of component #227, pin #86 of component #223, pin #84 of component #223, pin #82 of component #223, pin #80 of component #223, pin #78 of component #223, pin #76 of component #223, pin #5 of component #181 and polylinetrace, polylinetrace, polylinetrace, polylinetrace, polylinetrace, via, polylinetrace, polylinetrace, polylinetrace, polylinetrace, via, polylinetrace, polylinetrace, polylinetrace, polylinetrace, polylinetrace, polylinetrace, polylinetrace, polylinetrace, polylinetrace, via, polylinetrace, polylinetrace, via, polylinetrace, polylinetrace, polylinetrace, polylinetrace, via, polylinetrace, polylinetrace, polylinetrace, polylinetrace, polylinetrace, polylinetrace, polylinetrace, polylinetrace, polylinetrace, polylinetrace, polylinetrace, polylinetrace, polylinetrace, polylinetrace, pin #1 of component #300, pin #3 of component #297, pin of component #297, pin #3 of component #296, pin of component #296, pin #3 of component #295, pin of component #295, pin of component #281, pin of component #280, pin of component #279, pin of component #278, pin #3 of component #275, pin of component #275, pin of component #247, pin of component #213, pin of component #204, pin of component #120, pin of component #104, because the new connection could not be inserted.
2026-08-15 22:48:25.454 DEBUG  OptViaAlgo.opt_via_location: probably endless loop
2026-08-15 22:48:34.596 DEBUG  InsertFoundConnectionAlgo: insert trace failed for net #207 at corner 12/12 on layer 5, trace width: 5000, from corner: 3, ok_point: (1099993,-1334757), target: (1050512,-1257527)
2026-08-15 22:48:34.663 DEBUG  [DC97D2\DB1F4C] Autorouter Failed to route connection between polylinetrace, polylinetrace, polylinetrace, polylinetrace, polylinetrace, polylinetrace, polylinetrace, polylinetrace, polylinetrace, polylinetrace, polylinetrace, via, polylinetrace, polylinetrace, polylinetrace, via, polylinetrace, polylinetrace, via, polylinetrace, polylinetrace, via, polylinetrace, polylinetrace, via, polylinetrace, polylinetrace, pin #11 of component #311, pin #4 of component #311, pin #3 of component #311, pin #2 of component #311, pin #1 of component #311, pin #24 of component #301, pin of component #217, pin of component #211, pin of component #200, pin of component #199, pin of component #194, pin of component #190, pin of component #117 and pin of component #189, because the new connection could not be inserted.
2026-08-15 22:48:39.141 DEBUG  InsertFoundConnectionAlgo: insert trace failed for net #180 at corner 29/29 on layer 0, trace width: 2500, from corner: 0, ok_point: (2013000,-1333500), target: (1871375,-1205500)
2026-08-15 22:48:39.207 DEBUG  [DC97D2\DB1F4C] Autorouter Failed to route connection between polylinetrace, polylinetrace, polylinetrace, via, via, pin #4 of component #185, pin #1 of component #177, pin of component #134 and pin #1 of component #187, because the new connection could not be inserted.
2026-08-15 22:48:43.736 DEBUG  InsertFoundConnectionAlgo: insert trace failed for net #180 at corner 2/15 on layer 0, trace width: 2500, from corner: 1, ok_point: (1882508,-1207000), target: (1882508,-1238500)
2026-08-15 22:48:43.802 DEBUG  [DC97D2\DB1F4C] Autorouter Failed to route connection between polylinetrace, polylinetrace, polylinetrace, via, via, pin #1 of component #187, pin #1 of component #177, pin of component #134 and pin #4 of component #185, because the new connection could not be inserted.
2026-08-15 22:48:49.159 DEBUG  InsertFoundConnectionAlgo: insert trace failed for net #99 at corner 32/32 on layer 3, trace width: 2500, from corner: 13, ok_point: (1722953,-1181260), target: (1302727,-1210000)
2026-08-15 22:48:49.232 DEBUG  [DC97D2\DB1F4C] Autorouter Failed to route connection between polylinetrace, polylinetrace, polylinetrace, polylinetrace, polylinetrace, polylinetrace, polylinetrace, polylinetrace, polylinetrace, polylinetrace, pin #25 of component #162, pin of component #130, pin of component #125, pin of component #64 and polylinetrace, polylinetrace, polylinetrace, polylinetrace, polylinetrace, polylinetrace, polylinetrace, pin #2 of component #185, pin of component #185, pin #1 of component #147, because the new connection could not be inserted.
2026-08-15 22:48:53.685 DEBUG  InsertFoundConnectionAlgo: insert trace failed for net #5 at corner 11/11 on layer 0, trace width: 2500, from corner: 8, ok_point: (2068244,-1129578), target: (2091000,-1135000)
2026-08-15 22:48:53.760 DEBUG  [DC97D2\DB1F4C] Autorouter Failed to route connection between polylinetrace, polylinetrace, polylinetrace, polylinetrace, polylinetrace, polylinetrace, polylinetrace, polylinetrace, polylinetrace, via, polylinetrace, polylinetrace, polylinetrace, polylinetrace, polylinetrace, polylinetrace, polylinetrace, polylinetrace, polylinetrace, polylinetrace, polylinetrace, polylinetrace, polylinetrace, polylinetrace, polylinetrace, polylinetrace, polylinetrace, polylinetrace, polylinetrace, polylinetrace, polylinetrace, polylinetrace, polylinetrace, polylinetrace, polylinetrace, polylinetrace, via, polylinetrace, polylinetrace, polylinetrace, polylinetrace, via, polylinetrace, via, polylinetrace, polylinetrace, polylinetrace, via, polylinetrace, polylinetrace, polylinetrace, polylinetrace, via, polylinetrace, polylinetrace, polylinetrace, polylinetrace, polylinetrace, polylinetrace, pin #1 of component #308, pin of component #306, pin #37 of component #303, pin #5 of component #302, pin of component #302, pin #4 of component #276, pin of component #259, pin of component #250, pin of component #244, pin of component #232, pin of component #231, pin of component #230, pin #85 of component #223, pin #83 of component #223, pin #77 of component #223, pin of component #206, pin of component #198, pin #33 of component #184, pin #24 of component #184, pin #21 of component #184, pin #11 of component #184, pin #2 of component #184, pin #11 of component #183, pin #2 of component #183, pin #2 of component #178, pin #29 of component #162, pin #5 of component #162, pin of component #161, pin #3 of component #158, pin of component #147, pin of component #138, pin of component #137, pin of component #135, pin of component #133, pin of component #132, pin of component #122, pin of component #51, pin of component #49, pin of component #44, pin of component #29, pin of component #28, pin #5 of component #26, pin of component #19, pin of component #16, pin of component #14, pin of component #9, pin of component #3 and polylinetrace, polylinetrace, polylinetrace, polylinetrace, via, pin #42 of component #184, pin #1 of component #171, pin #1 of component #167, because the new connection could not be inserted.
2026-08-15 22:49:03.828 DEBUG  [DC97D2\DB1F4C] Autorouter Failed to route connection between polylinetrace, polylinetrace, polylinetrace, via, polylinetrace, polylinetrace, via, polylinetrace, polylinetrace, polylinetrace, polylinetrace, polylinetrace, polylinetrace, polylinetrace, polylinetrace, polylinetrace, polylinetrace, polylinetrace, polylinetrace, polylinetrace, polylinetrace, polylinetrace, polylinetrace, via, polylinetrace, via, polylinetrace, polylinetrace, polylinetrace, polylinetrace, polylinetrace, pin of component #310, pin #1 of component #307, pin of component #237, pin of component #212, pin of component #201, pin #38 of component #184, pin #32 of component #184, pin #29 of component #184, pin #20 of component #184, pin #8 of component #184, pin #5 of component #184, pin of component #140, pin of component #128, pin of component #127, pin of component #126, pin of component #124, pin of component #118, pin of component #50, pin of component #35 and pin #41 of component #184, because no connection was found between their nets.
2026-08-15 22:49:08.338 DEBUG  InsertFoundConnectionAlgo: insert trace failed for net #86 at corner 12/13 on layer 2, trace width: 2500, from corner: 9, ok_point: (2147298,-1207693), target: (2144666,-1266302)
2026-08-15 22:49:08.409 DEBUG  [DC97D2\DB1F4C] Autorouter Failed to route connection between polylinetrace, polylinetrace, polylinetrace, via, polylinetrace, polylinetrace, via, polylinetrace, polylinetrace, polylinetrace, polylinetrace, polylinetrace, polylinetrace, polylinetrace, polylinetrace, polylinetrace, polylinetrace, polylinetrace, via, polylinetrace, via, polylinetrace, polylinetrace, polylinetrace, polylinetrace, polylinetrace, pin of component #310, pin #1 of component #307, pin of component #237, pin of component #212, pin of component #201, pin #41 of component #184, pin #20 of component #184, pin #8 of component #184, pin #5 of component #184, pin of component #140, pin of component #128, pin of component #127, pin of component #126, pin of component #124, pin of component #118, pin of component #50, pin of component #35 and polylinetrace, polylinetrace, polylinetrace, polylinetrace, polylinetrace, pin #38 of component #184, pin #32 of component #184, pin #29 of component #184, because the new connection could not be inserted.
2026-08-15 22:49:17.983 DEBUG  [DC97D2\DB1F4C] Autorouter Failed to route connection between polylinetrace, polylinetrace, polylinetrace, polylinetrace, polylinetrace, polylinetrace, polylinetrace, polylinetrace, polylinetrace, polylinetrace, polylinetrace, polylinetrace, via, polylinetrace, polylinetrace, polylinetrace, polylinetrace, polylinetrace, polylinetrace, polylinetrace, polylinetrace, polylinetrace, polylinetrace, polylinetrace, polylinetrace, polylinetrace, polylinetrace, polylinetrace, polylinetrace, polylinetrace, polylinetrace, polylinetrace, polylinetrace, polylinetrace, polylinetrace, polylinetrace, polylinetrace, polylinetrace, polylinetrace, via, polylinetrace, polylinetrace, polylinetrace, polylinetrace, via, polylinetrace, via, polylinetrace, polylinetrace, polylinetrace, polylinetrace, polylinetrace, via, polylinetrace, polylinetrace, polylinetrace, polylinetrace, via, polylinetrace, polylinetrace, polylinetrace, polylinetrace, polylinetrace, polylinetrace, via, polylinetrace, pin #1 of component #308, pin of component #306, pin #37 of component #303, pin #5 of component #302, pin of component #302, pin #4 of component #276, pin of component #259, pin of component #250, pin of component #244, pin of component #232, pin of component #231, pin of component #230, pin #85 of component #223, pin #83 of component #223, pin #77 of component #223, pin of component #206, pin of component #198, pin #42 of component #184, pin #24 of component #184, pin #21 of component #184, pin #11 of component #184, pin #2 of component #184, pin #11 of component #183, pin #2 of component #183, pin #2 of component #178, pin #1 of component #171, pin #1 of component #167, pin #29 of component #162, pin #5 of component #162, pin of component #161, pin #3 of component #158, pin of component #147, pin of component #138, pin of component #137, pin of component #135, pin of component #133, pin of component #132, pin of component #122, pin of component #51, pin of component #49, pin of component #44, pin of component #29, pin of component #28, pin #5 of component #26, pin of component #19, pin of component #16, pin of component #14, pin of component #9, pin of component #3 and pin #33 of component #184, because no connection was found between their nets.
2026-08-15 22:49:22.246 DEBUG  InsertFoundConnectionAlgo: insert trace failed for net #5 at corner 8/8 on layer 0, trace width: 2500, from corner: 0, ok_point: (2034778,-1202896), target: (2025000,-1145000)
2026-08-15 22:49:22.314 DEBUG  [DC97D2\DB1F4C] Autorouter Failed to route connection between polylinetrace, polylinetrace, polylinetrace, polylinetrace, polylinetrace, polylinetrace, polylinetrace, polylinetrace, polylinetrace, polylinetrace, polylinetrace, polylinetrace, via, polylinetrace, polylinetrace, polylinetrace, polylinetrace, polylinetrace, polylinetrace, polylinetrace, polylinetrace, polylinetrace, polylinetrace, polylinetrace, polylinetrace, polylinetrace, polylinetrace, polylinetrace, polylinetrace, polylinetrace, via, polylinetrace, polylinetrace, polylinetrace, polylinetrace, via, polylinetrace, via, polylinetrace, polylinetrace, polylinetrace, polylinetrace, polylinetrace, via, polylinetrace, polylinetrace, polylinetrace, polylinetrace, via, polylinetrace, polylinetrace, polylinetrace, via, pin #1 of component #308, pin of component #306, pin #37 of component #303, pin #5 of component #302, pin of component #302, pin #4 of component #276, pin of component #259, pin of component #250, pin of component #244, pin of component #232, pin of component #231, pin of component #230, pin #85 of component #223, pin #83 of component #223, pin #77 of component #223, pin of component #206, pin of component #198, pin #42 of component #184, pin #33 of component #184, pin #2 of component #184, pin #11 of component #183, pin #2 of component #183, pin #1 of component #171, pin #1 of component #167, pin #29 of component #162, pin #5 of component #162, pin of component #161, pin #3 of component #158, pin of component #147, pin of component #138, pin of component #137, pin of component #135, pin of component #133, pin of component #132, pin of component #122, pin of component #51, pin of component #49, pin of component #44, pin of component #29, pin of component #28, pin of component #16, pin of component #9, pin of component #3 and polylinetrace, polylinetrace, polylinetrace, polylinetrace, polylinetrace, polylinetrace, polylinetrace, polylinetrace, polylinetrace, polylinetrace, polylinetrace, polylinetrace, polylinetrace, pin #24 of component #184, pin #21 of component #184, pin #11 of component #184, pin #2 of component #178, pin #5 of component #26, pin of component #19, pin of component #14, because the new connection could not be inserted.
2026-08-15 22:49:32.014 DEBUG  [DC97D2\DB1F4C] Autorouter Failed to route connection between via, polylinetrace, polylinetrace, polylinetrace, polylinetrace, polylinetrace, polylinetrace, via, polylinetrace, polylinetrace, via, polylinetrace, polylinetrace, polylinetrace, polylinetrace, polylinetrace, polylinetrace, polylinetrace, polylinetrace, polylinetrace, polylinetrace, polylinetrace, polylinetrace, polylinetrace, polylinetrace, polylinetrace, via, polylinetrace, via, polylinetrace, polylinetrace, polylinetrace, polylinetrace, polylinetrace, pin of component #310, pin #1 of component #307, pin of component #237, pin of component #212, pin of component #201, pin #41 of component #184, pin #38 of component #184, pin #32 of component #184, pin #29 of component #184, pin #8 of component #184, pin #5 of component #184, pin of component #140, pin of component #128, pin of component #127, pin of component #126, pin of component #124, pin of component #118, pin of component #50, pin of component #35 and pin #20 of component #184, because no connection was found between their nets.
2026-08-15 22:49:41.716 DEBUG  [DC97D2\DB1F4C] Autorouter Failed to route connection between via, polylinetrace, polylinetrace, polylinetrace, polylinetrace, polylinetrace, polylinetrace, via, polylinetrace, polylinetrace, via, polylinetrace, polylinetrace, polylinetrace, polylinetrace, polylinetrace, polylinetrace, polylinetrace, polylinetrace, polylinetrace, polylinetrace, polylinetrace, polylinetrace, polylinetrace, polylinetrace, polylinetrace, via, polylinetrace, via, polylinetrace, polylinetrace, polylinetrace, polylinetrace, polylinetrace, pin of component #310, pin #1 of component #307, pin of component #237, pin of component #212, pin of component #201, pin #41 of component #184, pin #38 of component #184, pin #32 of component #184, pin #29 of component #184, pin #20 of component #184, pin #5 of component #184, pin of component #140, pin of component #128, pin of component #127, pin of component #126, pin of component #124, pin of component #118, pin of component #50, pin of component #35 and pin #8 of component #184, because no connection was found between their nets.
2026-08-15 22:49:51.433 DEBUG  [DC97D2\DB1F4C] Autorouter Failed to route connection between via, polylinetrace, polylinetrace, polylinetrace, polylinetrace, polylinetrace, polylinetrace, via, polylinetrace, polylinetrace, via, polylinetrace, polylinetrace, polylinetrace, polylinetrace, polylinetrace, polylinetrace, polylinetrace, polylinetrace, polylinetrace, polylinetrace, polylinetrace, polylinetrace, polylinetrace, polylinetrace, polylinetrace, via, polylinetrace, via, polylinetrace, polylinetrace, polylinetrace, polylinetrace, polylinetrace, pin of component #310, pin #1 of component #307, pin of component #237, pin of component #212, pin of component #201, pin #41 of component #184, pin #38 of component #184, pin #32 of component #184, pin #29 of component #184, pin #20 of component #184, pin #8 of component #184, pin of component #140, pin of component #128, pin of component #127, pin of component #126, pin of component #124, pin of component #118, pin of component #50, pin of component #35 and pin #5 of component #184, because no connection was found between their nets.
2026-08-15 22:50:01.086 DEBUG  [DC97D2\DB1F4C] Autorouter Failed to route connection between polylinetrace, polylinetrace, polylinetrace, polylinetrace, polylinetrace, polylinetrace, polylinetrace, polylinetrace, polylinetrace, polylinetrace, polylinetrace, polylinetrace, polylinetrace, polylinetrace, via, polylinetrace, polylinetrace, polylinetrace, polylinetrace, polylinetrace, polylinetrace, polylinetrace, polylinetrace, polylinetrace, polylinetrace, polylinetrace, polylinetrace, polylinetrace, polylinetrace, polylinetrace, polylinetrace, polylinetrace, polylinetrace, polylinetrace, polylinetrace, polylinetrace, polylinetrace, polylinetrace, polylinetrace, polylinetrace, via, polylinetrace, polylinetrace, polylinetrace, polylinetrace, via, polylinetrace, via, polylinetrace, polylinetrace, polylinetrace, polylinetrace, polylinetrace, via, polylinetrace, polylinetrace, polylinetrace, polylinetrace, via, polylinetrace, polylinetrace, polylinetrace, polylinetrace, polylinetrace, polylinetrace, via, polylinetrace, pin #1 of component #308, pin of component #306, pin #37 of component #303, pin #5 of component #302, pin of component #302, pin #4 of component #276, pin of component #259, pin of component #250, pin of component #244, pin of component #232, pin of component #231, pin of component #230, pin #85 of component #223, pin #83 of component #223, pin #77 of component #223, pin of component #206, pin of component #198, pin #42 of component #184, pin #33 of component #184, pin #24 of component #184, pin #21 of component #184, pin #11 of component #184, pin #11 of component #183, pin #2 of component #183, pin #2 of component #178, pin #1 of component #171, pin #1 of component #167, pin #29 of component #162, pin #5 of component #162, pin of component #161, pin #3 of component #158, pin of component #147, pin of component #138, pin of component #137, pin of component #135, pin of component #133, pin of component #132, pin of component #122, pin of component #51, pin of component #49, pin of component #44, pin of component #29, pin of component #28, pin #5 of component #26, pin of component #19, pin of component #16, pin of component #14, pin of component #9, pin of component #3 and pin #2 of component #184, because no connection was found between their nets.
2026-08-15 22:50:05.451 DEBUG  InsertFoundConnectionAlgo: insert trace failed for net #5 at corner 20/20 on layer 0, trace width: 2500, from corner: 0, ok_point: (2025000,-1128500), target: (2082479,-1121877)
2026-08-15 22:50:05.518 DEBUG  [DC97D2\DB1F4C] Autorouter Failed to route connection between polylinetrace, polylinetrace, polylinetrace, polylinetrace, polylinetrace, polylinetrace, polylinetrace, polylinetrace, polylinetrace, polylinetrace, polylinetrace, polylinetrace, polylinetrace, polylinetrace, via, polylinetrace, polylinetrace, polylinetrace, polylinetrace, polylinetrace, polylinetrace, polylinetrace, polylinetrace, polylinetrace, polylinetrace, polylinetrace, polylinetrace, polylinetrace, polylinetrace, polylinetrace, polylinetrace, polylinetrace, polylinetrace, polylinetrace, polylinetrace, polylinetrace, polylinetrace, polylinetrace, polylinetrace, polylinetrace, via, polylinetrace, polylinetrace, polylinetrace, polylinetrace, via, polylinetrace, via, polylinetrace, polylinetrace, polylinetrace, polylinetrace, polylinetrace, via, polylinetrace, polylinetrace, polylinetrace, polylinetrace, via, polylinetrace, polylinetrace, polylinetrace, polylinetrace, polylinetrace, polylinetrace, via, polylinetrace, pin #1 of component #308, pin of component #306, pin #37 of component #303, pin #5 of component #302, pin of component #302, pin #4 of component #276, pin of component #259, pin of component #250, pin of component #244, pin of component #232, pin of component #231, pin of component #230, pin #85 of component #223, pin #83 of component #223, pin #77 of component #223, pin of component #206, pin of component #198, pin #42 of component #184, pin #33 of component #184, pin #24 of component #184, pin #21 of component #184, pin #11 of component #184, pin #2 of component #184, pin #2 of component #183, pin #2 of component #178, pin #1 of component #171, pin #1 of component #167, pin #29 of component #162, pin #5 of component #162, pin of component #161, pin #3 of component #158, pin of component #147, pin of component #138, pin of component #137, pin of component #135, pin of component #133, pin of component #132, pin of component #122, pin of component #51, pin of component #49, pin of component #44, pin of component #29, pin of component #28, pin #5 of component #26, pin of component #19, pin of component #16, pin of component #14, pin of component #9, pin of component #3 and pin #11 of component #183, because the new connection could not be inserted.
2026-08-15 22:50:09.616 DEBUG  InsertFoundConnectionAlgo: insert trace failed for net #5 at corner 12/12 on layer 0, trace width: 2500, from corner: 0, ok_point: (2025000,-1145000), target: (2025000,-1128500)
2026-08-15 22:50:09.681 DEBUG  [DC97D2\DB1F4C] Autorouter Failed to route connection between polylinetrace, polylinetrace, polylinetrace, polylinetrace, polylinetrace, polylinetrace, polylinetrace, polylinetrace, polylinetrace, polylinetrace, polylinetrace, polylinetrace, polylinetrace, polylinetrace, via, polylinetrace, polylinetrace, polylinetrace, polylinetrace, polylinetrace, polylinetrace, polylinetrace, polylinetrace, polylinetrace, polylinetrace, polylinetrace, polylinetrace, polylinetrace, polylinetrace, polylinetrace, polylinetrace, polylinetrace, polylinetrace, polylinetrace, polylinetrace, polylinetrace, polylinetrace, polylinetrace, polylinetrace, polylinetrace, via, polylinetrace, polylinetrace, polylinetrace, polylinetrace, via, polylinetrace, via, polylinetrace, polylinetrace, polylinetrace, polylinetrace, polylinetrace, via, polylinetrace, polylinetrace, polylinetrace, polylinetrace, via, polylinetrace, polylinetrace, polylinetrace, polylinetrace, polylinetrace, polylinetrace, via, polylinetrace, pin #1 of component #308, pin of component #306, pin #37 of component #303, pin #5 of component #302, pin of component #302, pin #4 of component #276, pin of component #259, pin of component #250, pin of component #244, pin of component #232, pin of component #231, pin of component #230, pin #85 of component #223, pin #83 of component #223, pin #77 of component #223, pin of component #206, pin of component #198, pin #42 of component #184, pin #33 of component #184, pin #24 of component #184, pin #21 of component #184, pin #11 of component #184, pin #2 of component #184, pin #11 of component #183, pin #2 of component #178, pin #1 of component #171, pin #1 of component #167, pin #29 of component #162, pin #5 of component #162, pin of component #161, pin #3 of component #158, pin of component #147, pin of component #138, pin of component #137, pin of component #135, pin of component #133, pin of component #132, pin of component #122, pin of component #51, pin of component #49, pin of component #44, pin of component #29, pin of component #28, pin #5 of component #26, pin of component #19, pin of component #16, pin of component #14, pin of component #9, pin of component #3 and pin #2 of component #183, because the new connection could not be inserted.
2026-08-15 22:50:18.416 DEBUG  [DC97D2\DB1F4C] Autorouter Failed to route connection between polylinetrace, polylinetrace, polylinetrace, pin of component #294, pin of component #272, pin of component #271, pin of component #264, pin #40 of component #81 and pin #40 of component #182, because no connection was found between their nets.
2026-08-15 22:50:28.355 DEBUG  [DC97D2\DB1F4C] Autorouter Failed to route connection between polylinetrace, polylinetrace, via, polylinetrace, polylinetrace, via, polylinetrace, via, polylinetrace, via, pin of component #282, pin #1 of component #274, pin of component #106, pin #6 of component #81, pin of component #80, pin of component #79 and pin #6 of component #182, because no connection was found between their nets.
2026-08-15 22:50:32.754 DEBUG  InsertFoundConnectionAlgo: insert trace failed for net #21 at corner 7/7 on layer 0, trace width: 2500, from corner: 0, ok_point: (2156000,-1029600), target: (2163000,-1029600)
2026-08-15 22:50:32.821 DEBUG  [DC97D2\DB1F4C] Autorouter Failed to route connection between polylinetrace, polylinetrace, polylinetrace, polylinetrace, polylinetrace, polylinetrace, polylinetrace, polylinetrace, via, polylinetrace, polylinetrace, polylinetrace, polylinetrace, polylinetrace, polylinetrace, via, polylinetrace, via, polylinetrace, polylinetrace, polylinetrace, polylinetrace, polylinetrace, via, polylinetrace, polylinetrace, polylinetrace, via, via, polylinetrace, polylinetrace, polylinetrace, polylinetrace, polylinetrace, polylinetrace, via, via, via, polylinetrace, polylinetrace, via, polylinetrace, polylinetrace, polylinetrace, via, polylinetrace, polylinetrace, polylinetrace, pin #3 of component #308, pin #2 of component #308, pin #23 of component #291, pin of component #289, pin of component #270, pin of component #268, pin of component #262, pin #1 of component #226, pin #1 of component #182, pin #3 of component #175, pin of component #175, pin #3 of component #174, pin of component #174, pin #1 of component #172, pin #1 of component #170, pin #1 of component #169, pin #1 of component #168, pin of component #149, pin of component #144, pin of component #85, pin #3 of component #81, pin #1 of component #81, pin of component #78, pin of component #66, pin of component #61, pin of component #41, pin #1 of component #6 and pin #3 of component #182, because the new connection could not be inserted.
2026-08-15 22:50:42.739 DEBUG  [DC97D2\DB1F4C] Autorouter Failed to route connection between polylinetrace, polylinetrace, via, via, pin of component #277, pin #14 of component #274, pin of component #101, pin #2 of component #81, pin of component #74, pin of component #70 and pin #2 of component #182, because no connection was found between their nets.
2026-08-15 22:50:47.097 DEBUG  InsertFoundConnectionAlgo: insert trace failed for net #21 at corner 7/7 on layer 0, trace width: 2500, from corner: 0, ok_point: (2163000,-1029600), target: (2156000,-1029600)
2026-08-15 22:50:47.162 DEBUG  [DC97D2\DB1F4C] Autorouter Failed to route connection between polylinetrace, polylinetrace, polylinetrace, polylinetrace, polylinetrace, polylinetrace, polylinetrace, polylinetrace, via, polylinetrace, polylinetrace, polylinetrace, polylinetrace, polylinetrace, polylinetrace, via, polylinetrace, via, polylinetrace, polylinetrace, polylinetrace, polylinetrace, polylinetrace, via, polylinetrace, polylinetrace, polylinetrace, via, via, polylinetrace, polylinetrace, polylinetrace, polylinetrace, polylinetrace, polylinetrace, via, via, via, polylinetrace, polylinetrace, via, polylinetrace, polylinetrace, polylinetrace, via, polylinetrace, polylinetrace, polylinetrace, pin #3 of component #308, pin #2 of component #308, pin #23 of component #291, pin of component #289, pin of component #270, pin of component #268, pin of component #262, pin #1 of component #226, pin #3 of component #182, pin #3 of component #175, pin of component #175, pin #3 of component #174, pin of component #174, pin #1 of component #172, pin #1 of component #170, pin #1 of component #169, pin #1 of component #168, pin of component #149, pin of component #144, pin of component #85, pin #3 of component #81, pin #1 of component #81, pin of component #78, pin of component #66, pin of component #61, pin of component #41, pin #1 of component #6 and pin #1 of component #182, because the new connection could not be inserted.
2026-08-15 22:50:51.595 DEBUG  InsertFoundConnectionAlgo: insert trace failed for net #188 at corner 10/10 on layer 0, trace width: 5000, from corner: 0, ok_point: (2215000,-1212000), target: (2270337,-1211056)
2026-08-15 22:50:51.665 DEBUG  [DC97D2\DB1F4C] Autorouter Failed to route connection between polylinetrace, polylinetrace, polylinetrace, polylinetrace, polylinetrace, polylinetrace, via, polylinetrace, polylinetrace, polylinetrace, polylinetrace, polylinetrace, polylinetrace, polylinetrace, via, polylinetrace, polylinetrace, polylinetrace, polylinetrace, polylinetrace, polylinetrace, polylinetrace, polylinetrace, polylinetrace, via, polylinetrace, via, polylinetrace, via, polylinetrace, polylinetrace, via, polylinetrace, polylinetrace, polylinetrace, polylinetrace, polylinetrace, polylinetrace, via, polylinetrace, polylinetrace, polylinetrace, polylinetrace, polylinetrace, polylinetrace, polylinetrace, polylinetrace, polylinetrace, polylinetrace, polylinetrace, polylinetrace, polylinetrace, polylinetrace, polylinetrace, polylinetrace, pin #23 of component #305, pin #22 of component #305, pin #34 of component #303, pin #33 of component #303, pin #1 of component #300, pin of component #299, pin #3 of component #297, pin of component #297, pin #3 of component #296, pin of component #296, pin #3 of component #295, pin of component #295, pin of component #288, pin of component #281, pin of component #280, pin of component #279, pin of component #278, pin #3 of component #275, pin of component #275, pin #6 of component #274, pin of component #269, pin of component #247, pin of component #227, pin #86 of component #223, pin #84 of component #223, pin #82 of component #223, pin #80 of component #223, pin #78 of component #223, pin #76 of component #223, pin of component #213, pin of component #204, pin of component #120, pin of component #104 and pin #5 of component #181, because the new connection could not be inserted.
2026-08-15 22:50:56.142 DEBUG  InsertFoundConnectionAlgo: insert trace failed for net #133 at corner 15/15 on layer 0, trace width: 5000, from corner: 0, ok_point: (2197250,-1212000), target: (2202082,-1255622)
2026-08-15 22:50:56.210 DEBUG  [DC97D2\DB1F4C] Autorouter Failed to route connection between polylinetrace, polylinetrace, polylinetrace, polylinetrace, polylinetrace, polylinetrace, via, via, polylinetrace, polylinetrace, polylinetrace, polylinetrace, polylinetrace, pin #20 of component #165, pin #15 of component #165, pin #8 of component #165, pin #3 of component #165 and pin of component #181, because the new connection could not be inserted.
2026-08-15 22:51:00.563 DEBUG  InsertFoundConnectionAlgo: insert trace failed for net #105 at corner 4/4 on layer 0, trace width: 5000, from corner: 0, ok_point: (1195000,-1122000), target: (1195000,-1128500)
2026-08-15 22:51:00.633 DEBUG  [DC97D2\DB1F4C] Autorouter Failed to route connection between polylinetrace, polylinetrace, polylinetrace, polylinetrace, polylinetrace, pin #32 of component #303, pin #31 of component #303, pin #24 of component #303, pin #23 of component #303, pin #22 of component #303, pin of component #216, pin of component #209, pin of component #202, pin of component #195, pin #4 of component #180, pin #3 of component #180, pin #17 of component #160, pin #12 of component #160, pin #9 of component #160, pin #4 of component #160 and pin #5 of component #180, because the new connection could not be inserted.
2026-08-15 22:51:04.949 DEBUG  InsertFoundConnectionAlgo: insert trace failed for net #105 at corner 4/4 on layer 0, trace width: 5000, from corner: 0, ok_point: (1195000,-1128500), target: (1195000,-1135000)
2026-08-15 22:51:05.019 DEBUG  [DC97D2\DB1F4C] Autorouter Failed to route connection between polylinetrace, polylinetrace, polylinetrace, polylinetrace, polylinetrace, pin #32 of component #303, pin #31 of component #303, pin #24 of component #303, pin #23 of component #303, pin #22 of component #303, pin of component #216, pin of component #209, pin of component #202, pin of component #195, pin #5 of component #180, pin #3 of component #180, pin #17 of component #160, pin #12 of component #160, pin #9 of component #160, pin #4 of component #160 and pin #4 of component #180, because the new connection could not be inserted.
2026-08-15 22:51:09.428 DEBUG  InsertFoundConnectionAlgo: insert trace failed for net #105 at corner 4/4 on layer 0, trace width: 5000, from corner: 0, ok_point: (1195000,-1135000), target: (1195000,-1128500)
2026-08-15 22:51:09.492 DEBUG  [DC97D2\DB1F4C] Autorouter Failed to route connection between polylinetrace, polylinetrace, polylinetrace, polylinetrace, polylinetrace, pin #32 of component #303, pin #31 of component #303, pin #24 of component #303, pin #23 of component #303, pin #22 of component #303, pin of component #216, pin of component #209, pin of component #202, pin of component #195, pin #5 of component #180, pin #4 of component #180, pin #17 of component #160, pin #12 of component #160, pin #9 of component #160, pin #4 of component #160 and pin #3 of component #180, because the new connection could not be inserted.
2026-08-15 22:51:14.100 DEBUG  InsertFoundConnectionAlgo: insert trace failed for net #180 at corner 8/25 on layer 3, trace width: 2500, from corner: 5, ok_point: (1329854,-1206272), target: (1353920,-1206767)
2026-08-15 22:51:14.167 DEBUG  [DC97D2\DB1F4C] Autorouter Failed to route connection between polylinetrace, pin #1 of component #187, pin #4 of component #185 and polylinetrace, polylinetrace, polylinetrace, via, via, pin #1 of component #177, pin of component #134, because the new connection could not be inserted.
2026-08-15 22:51:18.491 DEBUG  InsertFoundConnectionAlgo: insert trace failed for net #21 at corner 9/9 on layer 0, trace width: 2500, from corner: 8, ok_point: (1215000,-1061673), target: (1215000,-1045000)
2026-08-15 22:51:18.557 DEBUG  [DC97D2\DB1F4C] Autorouter Failed to route connection between polylinetrace, polylinetrace, polylinetrace, polylinetrace, polylinetrace, polylinetrace, polylinetrace, polylinetrace, via, polylinetrace, polylinetrace, polylinetrace, polylinetrace, polylinetrace, polylinetrace, via, polylinetrace, via, polylinetrace, polylinetrace, polylinetrace, polylinetrace, polylinetrace, via, polylinetrace, polylinetrace, polylinetrace, via, via, polylinetrace, polylinetrace, polylinetrace, polylinetrace, polylinetrace, polylinetrace, via, via, via, polylinetrace, polylinetrace, via, polylinetrace, polylinetrace, via, polylinetrace, polylinetrace, polylinetrace, pin #3 of component #308, pin #2 of component #308, pin #23 of component #291, pin of component #289, pin of component #270, pin of component #268, pin of component #262, pin #1 of component #226, pin #3 of component #182, pin #1 of component #182, pin #3 of component #175, pin of component #175, pin #1 of component #172, pin #1 of component #170, pin #1 of component #169, pin #1 of component #168, pin of component #149, pin of component #144, pin of component #85, pin #3 of component #81, pin #1 of component #81, pin of component #78, pin of component #66, pin of component #61, pin of component #41, pin #1 of component #6 and polylinetrace, pin #3 of component #174, pin of component #174, because the new connection could not be inserted.
2026-08-15 22:51:22.891 DEBUG  InsertFoundConnectionAlgo: insert trace failed for net #133 at corner 16/16 on layer 0, trace width: 5000, from corner: 15, ok_point: (2172008,-1212000), target: (2197250,-1212000)
2026-08-15 22:51:22.954 DEBUG  [DC97D2\DB1F4C] Autorouter Failed to route connection between pin of component #181 and polylinetrace, polylinetrace, polylinetrace, polylinetrace, polylinetrace, polylinetrace, via, via, polylinetrace, polylinetrace, polylinetrace, polylinetrace, polylinetrace, pin #20 of component #165, pin #15 of component #165, pin #8 of component #165, pin #3 of component #165, because the new connection could not be inserted.
2026-08-15 22:51:27.468 DEBUG  InsertFoundConnectionAlgo: insert trace failed for net #5 at corner 26/26 on layer 3, trace width: 2500, from corner: 11, ok_point: (1255308,-1176893), target: (1389546,-1246788)
2026-08-15 22:51:27.532 DEBUG  [DC97D2\DB1F4C] Autorouter Failed to route connection between polylinetrace, polylinetrace, polylinetrace, polylinetrace, polylinetrace, polylinetrace, polylinetrace, polylinetrace, polylinetrace, polylinetrace, polylinetrace, polylinetrace, polylinetrace, polylinetrace, polylinetrace, polylinetrace, polylinetrace, polylinetrace, polylinetrace, polylinetrace, polylinetrace, polylinetrace, polylinetrace, polylinetrace, polylinetrace, polylinetrace, polylinetrace, polylinetrace, polylinetrace, polylinetrace, polylinetrace, polylinetrace, polylinetrace, polylinetrace, polylinetrace, polylinetrace, via, polylinetrace, via, polylinetrace, via, polylinetrace, polylinetrace, polylinetrace, polylinetrace, polylinetrace, polylinetrace, polylinetrace, polylinetrace, polylinetrace, via, polylinetrace, polylinetrace, polylinetrace, polylinetrace, polylinetrace, via, polylinetrace, pin #1 of component #308, pin of component #306, pin #37 of component #303, pin #4 of component #276, pin of component #259, pin of component #250, pin of component #244, pin of component #232, pin of component #231, pin of component #230, pin #85 of component #223, pin #83 of component #223, pin #77 of component #223, pin of component #206, pin of component #198, pin #42 of component #184, pin #33 of component #184, pin #24 of component #184, pin #21 of component #184, pin #11 of component #184, pin #2 of component #184, pin #11 of component #183, pin #2 of component #183, pin #2 of component #178, pin #1 of component #171, pin #1 of component #167, pin #5 of component #162, pin of component #161, pin #3 of component #158, pin of component #147, pin of component #138, pin of component #137, pin of component #135, pin of component #133, pin of component #132, pin of component #51, pin of component #49, pin of component #44, pin of component #29, pin of component #28, pin #5 of component #26, pin of component #19, pin of component #16, pin of component #14, pin of component #9, pin of component #3 and polylinetrace, polylinetrace, via, polylinetrace, polylinetrace, polylinetrace, polylinetrace, via, polylinetrace, pin #5 of component #302, pin of component #302, pin #29 of component #162, pin of component #122, because the new connection could not be inserted.
2026-08-15 22:51:32.055 DEBUG  InsertFoundConnectionAlgo: insert trace failed for net #99 at corner 12/35 on layer 3, trace width: 2500, from corner: 9, ok_point: (1345222,-1206272), target: (1353920,-1206767)
2026-08-15 22:51:32.122 DEBUG  [DC97D2\DB1F4C] Autorouter Failed to route connection between via, polylinetrace, polylinetrace, polylinetrace, polylinetrace, polylinetrace, polylinetrace, polylinetrace, polylinetrace, pin #2 of component #185, pin of component #185, pin #1 of component #147 and polylinetrace, polylinetrace, polylinetrace, polylinetrace, polylinetrace, polylinetrace, polylinetrace, polylinetrace, polylinetrace, polylinetrace, pin #25 of component #162, pin of component #130, pin of component #125, pin of component #64, because the new connection could not be inserted.
2026-08-15 22:51:36.553 DEBUG  FloatLine: one or both endpoints are null (degenerate line segment)
2026-08-15 22:51:41.468 DEBUG  InsertFoundConnectionAlgo: insert trace failed for net #5 at corner 10/10 on layer 0, trace width: 2500, from corner: 3, ok_point: (1142621,-1227926), target: (1117532,-1266155)
2026-08-15 22:51:41.534 DEBUG  [DC97D2\DB1F4C] Autorouter Failed to route connection between polylinetrace, polylinetrace, polylinetrace, polylinetrace, polylinetrace, polylinetrace, polylinetrace, polylinetrace, polylinetrace, polylinetrace, polylinetrace, polylinetrace, polylinetrace, polylinetrace, via, polylinetrace, polylinetrace, polylinetrace, polylinetrace, polylinetrace, polylinetrace, polylinetrace, polylinetrace, polylinetrace, polylinetrace, polylinetrace, polylinetrace, polylinetrace, polylinetrace, polylinetrace, polylinetrace, polylinetrace, polylinetrace, polylinetrace, polylinetrace, polylinetrace, polylinetrace, polylinetrace, polylinetrace, polylinetrace, via, polylinetrace, polylinetrace, polylinetrace, polylinetrace, via, polylinetrace, via, polylinetrace, polylinetrace, polylinetrace, polylinetrace, polylinetrace, via, polylinetrace, polylinetrace, polylinetrace, polylinetrace, via, polylinetrace, polylinetrace, polylinetrace, polylinetrace, polylinetrace, polylinetrace, via, polylinetrace, pin #1 of component #308, pin of component #306, pin #37 of component #303, pin #5 of component #302, pin of component #302, pin #4 of component #276, pin of component #259, pin of component #250, pin of component #244, pin of component #232, pin of component #231, pin of component #230, pin #85 of component #223, pin #83 of component #223, pin #77 of component #223, pin of component #206, pin of component #198, pin #42 of component #184, pin #33 of component #184, pin #24 of component #184, pin #21 of component #184, pin #11 of component #184, pin #2 of component #184, pin #11 of component #183, pin #2 of component #183, pin #2 of component #178, pin #1 of component #171, pin #1 of component #167, pin #29 of component #162, pin of component #161, pin #3 of component #158, pin of component #147, pin of component #138, pin of component #137, pin of component #135, pin of component #133, pin of component #132, pin of component #122, pin of component #51, pin of component #49, pin of component #44, pin of component #29, pin of component #28, pin #5 of component #26, pin of component #19, pin of component #16, pin of component #14, pin of component #9, pin of component #3 and pin #5 of component #162, because the new connection could not be inserted.
2026-08-15 22:51:45.943 DEBUG  InsertFoundConnectionAlgo: insert trace failed for net #5 at corner 4/9 on layer 5, trace width: 2500, from corner: 1, ok_point: (2351407,-1091714), target: (2354403,-1033672)
2026-08-15 22:51:46.008 DEBUG  [DC97D2\DB1F4C] Autorouter Failed to route connection between polylinetrace, polylinetrace, polylinetrace, polylinetrace, polylinetrace, polylinetrace, polylinetrace, polylinetrace, polylinetrace, polylinetrace, polylinetrace, polylinetrace, polylinetrace, polylinetrace, via, polylinetrace, polylinetrace, polylinetrace, polylinetrace, polylinetrace, polylinetrace, polylinetrace, polylinetrace, polylinetrace, polylinetrace, polylinetrace, polylinetrace, polylinetrace, polylinetrace, polylinetrace, polylinetrace, polylinetrace, polylinetrace, polylinetrace, polylinetrace, polylinetrace, polylinetrace, polylinetrace, polylinetrace, polylinetrace, via, polylinetrace, polylinetrace, polylinetrace, polylinetrace, via, polylinetrace, via, polylinetrace, polylinetrace, polylinetrace, polylinetrace, polylinetrace, via, polylinetrace, polylinetrace, polylinetrace, polylinetrace, polylinetrace, polylinetrace, polylinetrace, polylinetrace, polylinetrace, via, polylinetrace, pin #1 of component #308, pin of component #306, pin #37 of component #303, pin #5 of component #302, pin of component #302, pin #4 of component #276, pin of component #259, pin of component #250, pin of component #244, pin of component #232, pin of component #231, pin of component #230, pin #85 of component #223, pin #83 of component #223, pin #77 of component #223, pin of component #206, pin of component #198, pin #42 of component #184, pin #33 of component #184, pin #24 of component #184, pin #21 of component #184, pin #11 of component #184, pin #2 of component #184, pin #11 of component #183, pin #2 of component #183, pin #2 of component #178, pin #1 of component #171, pin #1 of component #167, pin #29 of component #162, pin #5 of component #162, pin #3 of component #158, pin of component #147, pin of component #138, pin of component #137, pin of component #135, pin of component #133, pin of component #132, pin of component #122, pin of component #51, pin of component #49, pin of component #44, pin of component #29, pin of component #28, pin #5 of component #26, pin of component #19, pin of component #16, pin of component #14, pin of component #9, pin of component #3 and polylinetrace, via, pin of component #161, because the new connection could not be inserted.
2026-08-15 22:51:54.628 DEBUG  [DC97D2\DB1F4C] Autorouter Failed to route connection between polylinetrace, polylinetrace, polylinetrace, polylinetrace, polylinetrace, pin #32 of component #303, pin #31 of component #303, pin #24 of component #303, pin #23 of component #303, pin #22 of component #303, pin of component #216, pin of component #209, pin of component #202, pin of component #195, pin #5 of component #180, pin #4 of component #180, pin #3 of component #180, pin #12 of component #160, pin #9 of component #160 and pin #17 of component #160, pin #4 of component #160, because no connection was found between their nets.
2026-08-15 22:52:03.348 DEBUG  [DC97D2\DB1F4C] Autorouter Failed to route connection between polylinetrace, polylinetrace, polylinetrace, polylinetrace, polylinetrace, pin #32 of component #303, pin #31 of component #303, pin #24 of component #303, pin #23 of component #303, pin #22 of component #303, pin of component #216, pin of component #209, pin of component #202, pin of component #195, pin #5 of component #180, pin #4 of component #180, pin #3 of component #180, pin #17 of component #160, pin #4 of component #160 and pin #12 of component #160, pin #9 of component #160, because no connection was found between their nets.
2026-08-15 22:52:17.310 DEBUG  InsertFoundConnectionAlgo: insert trace failed for net #98 at corner 4/16 on layer 3, trace width: 2500, from corner: 1, ok_point: (1757751,-1055192), target: (1703509,-1074433)
2026-08-15 22:52:17.392 DEBUG  [DC97D2\DB1F4C] Autorouter Failed to route connection between polylinetrace, polylinetrace, polylinetrace, via, polylinetrace, polylinetrace, polylinetrace, polylinetrace, via, polylinetrace, via, pin of component #285, pin of component #256, pin #1 of component #228, pin of component #148, pin of component #142, pin of component #108 and polylinetrace, polylinetrace, via, via, polylinetrace, pin of component #146, pin of component #143, because the new connection could not be inserted.
2026-08-15 22:52:21.723 DEBUG  InsertFoundConnectionAlgo: insert trace failed for net #86 at corner 4/5 on layer 2, trace width: 2500, from corner: 1, ok_point: (2158502,-1250791), target: (2160691,-1178498)
2026-08-15 22:52:21.792 DEBUG  [DC97D2\DB1F4C] Autorouter Failed to route connection between polylinetrace, polylinetrace, polylinetrace, polylinetrace, polylinetrace, polylinetrace, polylinetrace, polylinetrace, polylinetrace, polylinetrace, polylinetrace, polylinetrace, polylinetrace, polylinetrace, via, via, polylinetrace, polylinetrace, polylinetrace, pin of component #310, pin #1 of component #307, pin of component #237, pin of component #212, pin of component #201, pin #41 of component #184, pin #38 of component #184, pin #32 of component #184, pin #29 of component #184, pin #20 of component #184, pin #8 of component #184, pin #5 of component #184, pin of component #118, pin of component #50, pin of component #35 and polylinetrace, polylinetrace, polylinetrace, polylinetrace, polylinetrace, polylinetrace, polylinetrace, pin of component #140, pin of component #128, pin of component #127, pin of component #126, pin of component #124, because the new connection could not be inserted.
2026-08-15 22:52:26.210 DEBUG  InsertFoundConnectionAlgo: insert trace failed for net #5 at corner 6/38 on layer 2, trace width: 2500, from corner: 5, ok_point: (2106248,-1279009), target: (2106248,-1201700)
2026-08-15 22:52:26.293 DEBUG  [DC97D2\DB1F4C] Autorouter Failed to route connection between polylinetrace, polylinetrace, polylinetrace, polylinetrace, polylinetrace, polylinetrace, polylinetrace, polylinetrace, polylinetrace, polylinetrace, polylinetrace, polylinetrace, polylinetrace, polylinetrace, polylinetrace, polylinetrace, polylinetrace, via, polylinetrace, polylinetrace, polylinetrace, polylinetrace, polylinetrace, polylinetrace, polylinetrace, polylinetrace, polylinetrace, polylinetrace, polylinetrace, polylinetrace, polylinetrace, polylinetrace, polylinetrace, polylinetrace, polylinetrace, polylinetrace, polylinetrace, polylinetrace, polylinetrace, polylinetrace, via, polylinetrace, via, polylinetrace, polylinetrace, polylinetrace, polylinetrace, via, polylinetrace, polylinetrace, polylinetrace, polylinetrace, via, polylinetrace, polylinetrace, polylinetrace, polylinetrace, polylinetrace, polylinetrace, via, polylinetrace, pin #1 of component #308, pin of component #306, pin #37 of component #303, pin #5 of component #302, pin of component #302, pin #4 of component #276, pin of component #259, pin of component #250, pin of component #244, pin of component #232, pin of component #231, pin of component #230, pin #85 of component #223, pin #83 of component #223, pin #77 of component #223, pin of component #206, pin of component #198, pin #42 of component #184, pin #33 of component #184, pin #24 of component #184, pin #21 of component #184, pin #11 of component #184, pin #2 of component #184, pin #11 of component #183, pin #2 of component #183, pin #2 of component #178, pin #1 of component #171, pin #1 of component #167, pin #29 of component #162, pin #5 of component #162, pin of component #161, pin #3 of component #158, pin of component #147, pin of component #132, pin of component #122, pin of component #51, pin of component #49, pin of component #44, pin of component #29, pin of component #28, pin #5 of component #26, pin of component #19, pin of component #16, pin of component #14, pin of component #9, pin of component #3 and polylinetrace, polylinetrace, polylinetrace, polylinetrace, polylinetrace, polylinetrace, via, polylinetrace, pin of component #138, pin of component #137, pin of component #135, pin of component #133, because the new connection could not be inserted.
2026-08-15 22:52:30.681 DEBUG  InsertFoundConnectionAlgo: insert trace failed for net #5 at corner 5/25 on layer 0, trace width: 2500, from corner: 1, ok_point: (1273503,-1119870), target: (1273301,-1118302)
2026-08-15 22:52:30.756 DEBUG  [DC97D2\DB1F4C] Autorouter Failed to route connection between polylinetrace, polylinetrace, polylinetrace, polylinetrace, polylinetrace, polylinetrace, polylinetrace, polylinetrace, polylinetrace, polylinetrace, polylinetrace, polylinetrace, polylinetrace, polylinetrace, polylinetrace, polylinetrace, polylinetrace, polylinetrace, via, polylinetrace, polylinetrace, polylinetrace, polylinetrace, polylinetrace, polylinetrace, polylinetrace, polylinetrace, polylinetrace, polylinetrace, polylinetrace, polylinetrace, polylinetrace, polylinetrace, polylinetrace, polylinetrace, polylinetrace, polylinetrace, polylinetrace, polylinetrace, polylinetrace, polylinetrace, polylinetrace, polylinetrace, via, polylinetrace, polylinetrace, polylinetrace, polylinetrace, via, polylinetrace, via, polylinetrace, polylinetrace, polylinetrace, polylinetrace, polylinetrace, via, polylinetrace, polylinetrace, polylinetrace, polylinetrace, via, polylinetrace, polylinetrace, polylinetrace, polylinetrace, polylinetrace, polylinetrace, via, polylinetrace, pin #1 of component #308, pin of component #306, pin #37 of component #303, pin #5 of component #302, pin of component #302, pin #4 of component #276, pin of component #259, pin of component #250, pin of component #244, pin of component #232, pin of component #231, pin of component #230, pin #85 of component #223, pin #83 of component #223, pin #77 of component #223, pin of component #206, pin of component #198, pin #42 of component #184, pin #33 of component #184, pin #24 of component #184, pin #21 of component #184, pin #11 of component #184, pin #2 of component #184, pin #11 of component #183, pin #2 of component #183, pin #2 of component #178, pin #1 of component #171, pin #1 of component #167, pin #29 of component #162, pin #5 of component #162, pin of component #161, pin #3 of component #158, pin of component #147, pin of component #138, pin of component #137, pin of component #135, pin of component #133, pin of component #122, pin of component #51, pin of component #49, pin of component #44, pin of component #29, pin of component #28, pin #5 of component #26, pin of component #19, pin of component #16, pin of component #14, pin of component #9, pin of component #3 and pin of component #132, because the new connection could not be inserted.
2026-08-15 22:52:39.544 DEBUG  InsertFoundConnectionAlgo: insert trace failed for net #23 at corner 32/32 on layer 3, trace width: 2500, from corner: 29, ok_point: (1059515,-1007965), target: (1037457,-1015052)
2026-08-15 22:52:39.606 DEBUG  [DC97D2\DB1F4C] Autorouter Failed to route connection between polylinetrace, polylinetrace, via, polylinetrace, polylinetrace, via, polylinetrace, via, pin of component #282, pin #1 of component #274, pin #6 of component #182, pin #6 of component #81, pin of component #80, pin of component #79 and polylinetrace, via, pin of component #106, because the new connection could not be inserted.
2026-08-15 22:52:52.346 DEBUG  [DC97D2\DB1F4C] Autorouter Failed to route connection between polylinetrace, polylinetrace, polylinetrace, pin of component #294, pin of component #272, pin of component #271, pin of component #264, pin #40 of component #182 and pin #40 of component #81, because no connection was found between their nets.
2026-08-15 22:53:01.391 DEBUG  [DC97D2\DB1F4C] Autorouter Failed to route connection between polylinetrace, polylinetrace, via, polylinetrace, polylinetrace, polylinetrace, via, polylinetrace, polylinetrace, via, polylinetrace, via, polylinetrace, via, pin of component #282, pin #1 of component #274, pin #6 of component #182, pin of component #106, pin of component #80, pin of component #79 and pin #6 of component #81, because no connection was found between their nets.
2026-08-15 22:53:10.383 DEBUG  [DC97D2\DB1F4C] Autorouter Failed to route connection between polylinetrace, polylinetrace, polylinetrace, polylinetrace, polylinetrace, polylinetrace, polylinetrace, polylinetrace, polylinetrace, polylinetrace, polylinetrace, polylinetrace, polylinetrace, via, polylinetrace, polylinetrace, via, polylinetrace, via, polylinetrace, polylinetrace, polylinetrace, polylinetrace, polylinetrace, via, polylinetrace, polylinetrace, polylinetrace, via, via, polylinetrace, polylinetrace, polylinetrace, polylinetrace, polylinetrace, polylinetrace, via, via, via, polylinetrace, polylinetrace, via, polylinetrace, polylinetrace, polylinetrace, via, polylinetrace, polylinetrace, polylinetrace, pin #3 of component #308, pin #2 of component #308, pin #23 of component #291, pin of component #289, pin of component #270, pin of component #268, pin of component #262, pin #1 of component #226, pin #3 of component #182, pin #1 of component #182, pin #3 of component #175, pin of component #175, pin #3 of component #174, pin of component #174, pin #1 of component #172, pin #1 of component #170, pin #1 of component #169, pin #1 of component #168, pin of component #149, pin of component #144, pin of component #85, pin #1 of component #81, pin of component #78, pin of component #66, pin of component #61, pin of component #41, pin #1 of component #6 and pin #3 of component #81, because no connection was found between their nets.
2026-08-15 22:53:19.645 DEBUG  [DC97D2\DB1F4C] Autorouter Failed to route connection between polylinetrace, polylinetrace, polylinetrace, via, via, pin of component #277, pin #14 of component #274, pin #2 of component #182, pin of component #101, pin of component #74, pin of component #70 and pin #2 of component #81, because no connection was found between their nets.
2026-08-15 22:53:28.653 DEBUG  [DC97D2\DB1F4C] Autorouter Failed to route connection between polylinetrace, polylinetrace, polylinetrace, polylinetrace, polylinetrace, polylinetrace, polylinetrace, polylinetrace, polylinetrace, polylinetrace, polylinetrace, polylinetrace, polylinetrace, via, polylinetrace, polylinetrace, via, polylinetrace, via, polylinetrace, polylinetrace, polylinetrace, polylinetrace, polylinetrace, via, polylinetrace, polylinetrace, polylinetrace, via, via, polylinetrace, polylinetrace, polylinetrace, polylinetrace, polylinetrace, polylinetrace, via, via, via, polylinetrace, polylinetrace, via, polylinetrace, polylinetrace, polylinetrace, via, polylinetrace, polylinetrace, polylinetrace, pin #3 of component #308, pin #2 of component #308, pin #23 of component #291, pin of component #289, pin of component #270, pin of component #268, pin of component #262, pin #1 of component #226, pin #3 of component #182, pin #1 of component #182, pin #3 of component #175, pin of component #175, pin #3 of component #174, pin of component #174, pin #1 of component #172, pin #1 of component #170, pin #1 of component #169, pin #1 of component #168, pin of component #149, pin of component #144, pin of component #85, pin #3 of component #81, pin of component #78, pin of component #66, pin of component #61, pin of component #41, pin #1 of component #6 and pin #1 of component #81, because no connection was found between their nets.
2026-08-15 22:53:37.429 DEBUG  InsertFoundConnectionAlgo: insert trace failed for net #21 at corner 11/11 on layer 0, trace width: 2500, from corner: 10, ok_point: (2163000,-1012831), target: (2163000,-1029600)
2026-08-15 22:53:37.492 DEBUG  [DC97D2\DB1F4C] Autorouter Failed to route connection between polylinetrace, polylinetrace, polylinetrace, polylinetrace, polylinetrace, polylinetrace, polylinetrace, polylinetrace, polylinetrace, polylinetrace, polylinetrace, polylinetrace, polylinetrace, via, polylinetrace, polylinetrace, via, polylinetrace, via, polylinetrace, polylinetrace, polylinetrace, polylinetrace, polylinetrace, via, polylinetrace, polylinetrace, polylinetrace, via, via, polylinetrace, polylinetrace, polylinetrace, polylinetrace, polylinetrace, polylinetrace, via, via, via, polylinetrace, polylinetrace, via, polylinetrace, polylinetrace, polylinetrace, via, polylinetrace, polylinetrace, polylinetrace, pin #3 of component #308, pin #2 of component #308, pin #23 of component #291, pin of component #289, pin of component #270, pin of component #268, pin of component #262, pin #1 of component #226, pin #3 of component #182, pin #1 of component #182, pin #3 of component #175, pin of component #175, pin #3 of component #174, pin of component #174, pin #1 of component #172, pin #1 of component #170, pin #1 of component #169, pin #1 of component #168, pin of component #149, pin of component #144, pin of component #85, pin #3 of component #81, pin #1 of component #81, pin of component #66, pin of component #61, pin of component #41, pin #1 of component #6 and pin of component #78, because the new connection could not be inserted.
2026-08-15 22:53:41.626 DEBUG  InsertFoundConnectionAlgo: insert trace failed for net #22 at corner 7/7 on layer 0, trace width: 2500, from corner: 6, ok_point: (2159500,-1035550), target: (2159500,-1029600)
2026-08-15 22:53:41.692 DEBUG  [DC97D2\DB1F4C] Autorouter Failed to route connection between polylinetrace, polylinetrace, via, pin of component #277, pin #14 of component #274, pin #2 of component #182, pin of component #101, pin #2 of component #81, pin of component #70 and polylinetrace, via, pin of component #74, because the new connection could not be inserted.
2026-08-15 22:53:45.576 DEBUG  InsertFoundConnectionAlgo: insert trace failed for net #22 at corner 36/36 on layer 0, trace width: 2500, from corner: 0, ok_point: (1058000,-1003125), target: (1218500,-1045000)
2026-08-15 22:53:45.634 DEBUG  [DC97D2\DB1F4C] Autorouter Failed to route connection between via, polylinetrace, polylinetrace, polylinetrace, polylinetrace, via, via, pin of component #277, pin #14 of component #274, pin #2 of component #182, pin of component #101, pin #2 of component #81, pin of component #74 and pin of component #70, because the new connection could not be inserted.
2026-08-15 22:53:49.678 DEBUG  InsertFoundConnectionAlgo: insert trace failed for net #21 at corner 24/25 on layer 0, trace width: 2500, from corner: 23, ok_point: (1141002,-1054502), target: (1174502,-1054502)
2026-08-15 22:53:49.736 DEBUG  [DC97D2\DB1F4C] Autorouter Failed to route connection between polylinetrace, polylinetrace, polylinetrace, polylinetrace, polylinetrace, polylinetrace, polylinetrace, polylinetrace, via, polylinetrace, via, polylinetrace, polylinetrace, polylinetrace, polylinetrace, polylinetrace, via, polylinetrace, polylinetrace, polylinetrace, via, via, polylinetrace, polylinetrace, polylinetrace, polylinetrace, polylinetrace, polylinetrace, via, via, via, polylinetrace, polylinetrace, via, polylinetrace, polylinetrace, polylinetrace, via, polylinetrace, polylinetrace, polylinetrace, pin #3 of component #308, pin #2 of component #308, pin #23 of component #291, pin of component #289, pin of component #270, pin of component #268, pin of component #262, pin #1 of component #226, pin #3 of component #182, pin #1 of component #182, pin #3 of component #175, pin of component #175, pin #3 of component #174, pin of component #174, pin #1 of component #172, pin #1 of component #170, pin #1 of component #169, pin #1 of component #168, pin of component #149, pin of component #144, pin of component #85, pin #3 of component #81, pin #1 of component #81, pin of component #78, pin of component #61, pin of component #41, pin #1 of component #6 and pin of component #66, because the new connection could not be inserted.
2026-08-15 22:53:49.736 DEBUG  [DC97D2\DB1F4C] Pass #2: Failed to route Pin on net 'DISPLAY_1V8' (5 items remaining, 2 failures). State: FAILED
2026-08-15 22:53:53.568 DEBUG  InsertFoundConnectionAlgo: insert trace failed for net #5 at corner 15/16 on layer 0, trace width: 2500, from corner: 11, ok_point: (1813990,-1192295), target: (1808432,-1236307)
2026-08-15 22:53:53.630 DEBUG  [DC97D2\DB1F4C] Autorouter Failed to route connection between polylinetrace, polylinetrace, polylinetrace, polylinetrace, polylinetrace, polylinetrace, polylinetrace, polylinetrace, polylinetrace, polylinetrace, polylinetrace, polylinetrace, polylinetrace, polylinetrace, polylinetrace, polylinetrace, polylinetrace, polylinetrace, polylinetrace, via, polylinetrace, polylinetrace, polylinetrace, polylinetrace, polylinetrace, polylinetrace, polylinetrace, polylinetrace, polylinetrace, polylinetrace, polylinetrace, polylinetrace, polylinetrace, polylinetrace, polylinetrace, polylinetrace, polylinetrace, polylinetrace, polylinetrace, polylinetrace, polylinetrace, polylinetrace, polylinetrace, polylinetrace, via, polylinetrace, polylinetrace, polylinetrace, polylinetrace, via, polylinetrace, via, polylinetrace, polylinetrace, polylinetrace, polylinetrace, polylinetrace, via, polylinetrace, polylinetrace, polylinetrace, polylinetrace, via, polylinetrace, polylinetrace, polylinetrace, polylinetrace, polylinetrace, polylinetrace, via, polylinetrace, pin #1 of component #308, pin of component #306, pin #37 of component #303, pin #5 of component #302, pin of component #302, pin #4 of component #276, pin of component #259, pin of component #250, pin of component #244, pin of component #232, pin of component #231, pin of component #230, pin #85 of component #223, pin #83 of component #223, pin #77 of component #223, pin of component #206, pin of component #198, pin #42 of component #184, pin #33 of component #184, pin #24 of component #184, pin #21 of component #184, pin #11 of component #184, pin #2 of component #184, pin #11 of component #183, pin #2 of component #183, pin #2 of component #178, pin #1 of component #171, pin #1 of component #167, pin #29 of component #162, pin #5 of component #162, pin of component #161, pin #3 of component #158, pin of component #147, pin of component #138, pin of component #137, pin of component #135, pin of component #133, pin of component #132, pin of component #122, pin of component #51, pin of component #44, pin of component #29, pin of component #28, pin #5 of component #26, pin of component #19, pin of component #16, pin of component #14, pin of component #9, pin of component #3 and pin of component #49, because the new connection could not be inserted.
2026-08-15 22:53:53.630 DEBUG  [DC97D2\DB1F4C] Pass #2: Failed to route Pin on net '+3V3' (4 items remaining, 2 failures). State: FAILED
2026-08-15 22:53:57.589 DEBUG  InsertFoundConnectionAlgo: insert trace failed for net #5 at corner 20/20 on layer 0, trace width: 2500, from corner: 10, ok_point: (1336205,-1132533), target: (1273503,-1119870)
2026-08-15 22:53:57.657 DEBUG  [DC97D2\DB1F4C] Autorouter Failed to route connection between polylinetrace, polylinetrace, polylinetrace, polylinetrace, polylinetrace, polylinetrace, polylinetrace, polylinetrace, polylinetrace, polylinetrace, polylinetrace, polylinetrace, polylinetrace, polylinetrace, polylinetrace, polylinetrace, polylinetrace, polylinetrace, polylinetrace, via, polylinetrace, polylinetrace, polylinetrace, polylinetrace, polylinetrace, polylinetrace, polylinetrace, polylinetrace, polylinetrace, polylinetrace, polylinetrace, polylinetrace, polylinetrace, polylinetrace, polylinetrace, polylinetrace, polylinetrace, polylinetrace, polylinetrace, polylinetrace, polylinetrace, polylinetrace, polylinetrace, via, polylinetrace, polylinetrace, polylinetrace, polylinetrace, via, polylinetrace, via, polylinetrace, polylinetrace, polylinetrace, polylinetrace, polylinetrace, via, polylinetrace, polylinetrace, polylinetrace, polylinetrace, via, polylinetrace, polylinetrace, polylinetrace, polylinetrace, polylinetrace, polylinetrace, via, polylinetrace, pin #1 of component #308, pin of component #306, pin #37 of component #303, pin #5 of component #302, pin of component #302, pin #4 of component #276, pin of component #259, pin of component #250, pin of component #244, pin of component #232, pin of component #231, pin of component #230, pin #85 of component #223, pin #83 of component #223, pin #77 of component #223, pin of component #206, pin of component #198, pin #42 of component #184, pin #33 of component #184, pin #24 of component #184, pin #21 of component #184, pin #11 of component #184, pin #2 of component #184, pin #11 of component #183, pin #2 of component #183, pin #2 of component #178, pin #1 of component #171, pin #1 of component #167, pin #29 of component #162, pin #5 of component #162, pin of component #161, pin #3 of component #158, pin of component #147, pin of component #138, pin of component #137, pin of component #135, pin of component #133, pin of component #132, pin of component #122, pin of component #51, pin of component #49, pin of component #44, pin #5 of component #26, pin of component #19, pin of component #16, pin of component #14, pin of component #9, pin of component #3 and polylinetrace, pin of component #29, pin of component #28, because the new connection could not be inserted.
2026-08-15 22:53:57.657 DEBUG  [DC97D2\DB1F4C] Pass #2: Failed to route Pin on net '+3V3' (3 items remaining, 2 failures). State: FAILED
2026-08-15 22:54:18.122 INFO   [DC97D2\DB1F4C] Auto-routing pass #2 on board '862d92da643485a3ac37363bc7635a17' was completed in 644.71 seconds with the score of 261.96 (85 unrouted and 361 violations), using 1483.13 CPU seconds and the job allocated 2127.71 GB of memory so far.
2026-08-15 22:54:21.856 DEBUG  === Performance Profile ===
2026-08-15 22:54:21.856 DEBUG  === Routing Parameters ===
2026-08-15 22:54:21.856 DEBUG    Via Costs: 50, Plane Via Costs: 5
2026-08-15 22:54:21.856 DEBUG    Layer Costs (Preferred / Against):
2026-08-15 22:54:21.856 DEBUG      Layer 1: 2,2 / 5,1
2026-08-15 22:54:21.856 DEBUG      Layer 2: 1,0 / 1,3
2026-08-15 22:54:21.856 DEBUG      Layer 3: 1,0 / 3,9
2026-08-15 22:54:21.856 DEBUG      Layer 4: 1,0 / 1,3
2026-08-15 22:54:21.856 DEBUG      Layer 5: 1,0 / 3,9
2026-08-15 22:54:21.856 DEBUG      Layer 6: 2,2 / 2,5
2026-08-15 22:54:21.856 DEBUG  
2026-08-15 22:54:21.859 DEBUG    autoroute_item                          :   222337 ms total,      287 calls,    774 ms avg
2026-08-15 22:54:21.859 DEBUG  
2026-08-15 22:54:21.859 DEBUG  === Pass History ===
2026-08-15 22:54:21.859 DEBUG    Pass 1  :   94 unrouted items,   818,02 s,   100 ripup cost
2026-08-15 22:54:21.859 DEBUG    Pass 2  :   85 unrouted items,   640,85 s,   200 ripup cost
2026-08-15 22:54:21.859 DEBUG  ===========================
2026-08-15 22:54:25.650 INFO   [DC97D2\DB1F4C] Auto-routing stage completed: started with 208 unrouted nets, completed in 1516.11 seconds, final score: 261.96 (85 unrouted and 361 violations), using 1490.08 total CPU seconds, 2136.53 GB total allocated, and 854.0 MB peak heap usage.
2026-08-15 22:54:25.652 INFO   [DC97D2\DB1F4C] Job 'DC97D2\DB1F4C' finished with state: COMPLETED (elapsed: 25 minutes 20.00 seconds, finished at UTC: 2026-08-15T20:54:25.650782Z).
