2026-08-15 20:15:53.232 INFO   Freerouting v2.3.0 (build-date: 2026-08-07)
2026-08-15 20:15:53.236 DEBUG  [startup] user-data path : C:\Users\jfran\Documents\GitHub\H.265-SVRT\design\electrical\pcb-hmd-carrier-board\output\production-audit\freerouting-run-signal-layers  (source: CLI argument --user_data_path)
2026-08-15 20:15:53.237 DEBUG  [startup] log file       : C:\Users\jfran\Documents\GitHub\H.265-SVRT\design\electrical\pcb-hmd-carrier-board\output\production-audit\freerouting-run-signal-layers\freerouting.log
2026-08-15 20:15:53.238 DEBUG  No freerouting.json found at 'C:\Users\jfran\Documents\GitHub\H.265-SVRT\design\electrical\pcb-hmd-carrier-board\output\production-audit\freerouting-run-signal-layers\freerouting.json' — will create one with default settings.
2026-08-15 20:15:53.288 DEBUG  Default settings saved to 'C:\Users\jfran\Documents\GitHub\H.265-SVRT\design\electrical\pcb-hmd-carrier-board\output\production-audit\freerouting-run-signal-layers\freerouting.json'.
2026-08-15 20:15:53.288 DEBUG  Version: 2.3.0,2026-08-07
2026-08-15 20:15:53.288 DEBUG  Command line arguments: '-de C:\Users\jfran\Documents\GitHub\H.265-SVRT\design\electrical\pcb-hmd-carrier-board\output\production-audit\pcb-hmd-carrier-board2.dsn -do C:\Users\jfran\Documents\GitHub\H.265-SVRT\design\electrical\pcb-hmd-carrier-board\output\production-audit\pcb-hmd-carrier-board2.ses -inc GND_PLANE -mp 1 -mt 0 -im --router.fanout.enabled=false --router.optimizer.enabled=false --router.layers.routable=true,false,true,true,false,true --router.layers.preferred_direction_horizontal=true,false,false,true,false,true --api_server.enabled=false --gui.enabled=false --logging.console.level=INFO --user_data_path=C:\Users\jfran\Documents\GitHub\H.265-SVRT\design\electrical\pcb-hmd-carrier-board\output\production-audit\freerouting-run-signal-layers -l en'
2026-08-15 20:15:53.288 DEBUG  Architecture: Windows 11,amd64,10.0
2026-08-15 20:15:53.289 DEBUG  Java: 25.0.4,Eclipse Adoptium
2026-08-15 20:15:53.289 DEBUG  System Language: fr,fr_FR
2026-08-15 20:15:53.289 DEBUG  Hardware: 12 CPU cores,12288 MB RAM
2026-08-15 20:15:53.289 DEBUG  UTC Time: 2026-08-15T18:15:53.288768Z
2026-08-15 20:15:53.289 WARN   Unknown command line argument: -im
2026-08-15 20:15:53.293 DEBUG  GUI Language: en
2026-08-15 20:15:53.293 DEBUG  Host: N/A
2026-08-15 20:15:54.344 DEBUG  Loaded router settings from: C:\Users\jfran\Documents\GitHub\H.265-SVRT\design\electrical\pcb-hmd-carrier-board\output\production-audit\freerouting-run-signal-layers\freerouting.json
2026-08-15 20:15:54.344 DEBUG  Applied CLI router setting: router.max_passes = 1
2026-08-15 20:15:54.344 DEBUG  Applied CLI router setting: router.max_threads = 0
2026-08-15 20:15:54.344 DEBUG  Applied CLI router setting: router.fanout.enabled = false
2026-08-15 20:15:54.345 DEBUG  Applied CLI router setting: router.optimizer.enabled = false
2026-08-15 20:15:54.345 DEBUG  Applied CLI router setting: router.layers.routable = true,false,true,true,false,true
2026-08-15 20:15:54.345 DEBUG  Applied CLI router setting: router.layers.preferred_direction_horizontal = true,false,false,true,false,true
2026-08-15 20:15:54.345 DEBUG  Applied CLI router setting: router.enabled = true (implicit from -de/-do batch mode)
2026-08-15 20:15:54.345 DEBUG  No router settings found in environment variables
2026-08-15 20:15:54.409 DEBUG  Set DEFAULT clearance (all layers): 1500 (0.0375 mm) from DSN value 150.0
2026-08-15 20:15:54.414 DEBUG  Set clearance (all layers): smd_smd = 375 (0.009375 mm), classes [2,2]
2026-08-15 20:15:54.416 DEBUG  Set default trace width (all layers): DSN=150.0 → board=1500 (0.0375 mm)
2026-08-15 20:15:54.497 DEBUG  Loaded router settings from DSN file: pcb-hmd-carrier-board2.dsn (6 layers)
2026-08-15 20:15:54.507 DEBUG  Set DEFAULT clearance (all layers): 1500 (0.0375 mm) from DSN value 150.0
2026-08-15 20:15:54.507 DEBUG  Set clearance (all layers): smd_smd = 375 (0.009375 mm), classes [2,2]
2026-08-15 20:15:54.507 DEBUG  Set default trace width (all layers): DSN=150.0 → board=1500 (0.0375 mm)
2026-08-15 20:15:54.534 DEBUG  Loaded router settings from DSN file: pcb-hmd-carrier-board2.dsn (6 layers)
2026-08-15 20:15:54.535 DEBUG  Merging settings from 5 sources:
2026-08-15 20:15:54.536 DEBUG    - Default Settings (priority 0): base settings
2026-08-15 20:15:54.537 DEBUG    - freerouting.json (priority 10): 0 fields changed
2026-08-15 20:15:54.537 DEBUG    - DSN file: pcb-hmd-carrier-board2.dsn (priority 20): 8 fields changed
2026-08-15 20:15:54.538 DEBUG    - Environment Variables (priority 55): 0 fields changed
2026-08-15 20:15:54.538 DEBUG    - CLI Arguments (priority 60): 10 fields changed
2026-08-15 20:15:54.538 DEBUG  Settings merged successfully from 5 source(s)
2026-08-15 20:15:54.656 DEBUG  No new version available. Current version is up to date: v2.3.0
2026-08-15 20:15:54.752 INFO   [88C040\74516C] Loading board file 'pcb-hmd-carrier-board2.dsn'...
2026-08-15 20:15:54.760 DEBUG  Set DEFAULT clearance (all layers): 1500 (0.0375 mm) from DSN value 150.0
2026-08-15 20:15:54.760 DEBUG  Set clearance (all layers): smd_smd = 375 (0.009375 mm), classes [2,2]
2026-08-15 20:15:54.760 DEBUG  Set default trace width (all layers): DSN=150.0 → board=1500 (0.0375 mm)
2026-08-15 20:15:54.964 DEBUG  applyBoardSpecificOptimizations changed parameters:
  Layer 0: bendCost: null -> 0.0; preferredDirectionTraceCost: 1.0 -> 2.2; undesiredDirectionTraceCost: 1.0 -> 5.1000000000000005;
  Layer 1: bendCost: null -> 0.0; undesiredDirectionTraceCost: 1.0 -> 1.3;
  Layer 2: bendCost: null -> 0.0; undesiredDirectionTraceCost: 1.0 -> 3.9000000000000004;
  Layer 3: bendCost: null -> 0.0; undesiredDirectionTraceCost: 1.0 -> 1.3;
  Layer 4: bendCost: null -> 0.0; undesiredDirectionTraceCost: 1.0 -> 3.9000000000000004;
  Layer 5: bendCost: null -> 0.0; preferredDirectionTraceCost: 1.0 -> 2.2; undesiredDirectionTraceCost: 1.0 -> 2.5;
2026-08-15 20:15:54.977 DEBUG  Applied copper-to-edge clearance override: 500.0 um (5000 board units).
2026-08-15 20:15:54.985 DEBUG  Set DEFAULT clearance (all layers): 1500 (0.0375 mm) from DSN value 150.0
2026-08-15 20:15:54.985 DEBUG  Set clearance (all layers): smd_smd = 375 (0.009375 mm), classes [2,2]
2026-08-15 20:15:54.985 DEBUG  Set default trace width (all layers): DSN=150.0 → board=1500 (0.0375 mm)
2026-08-15 20:15:54.999 DEBUG  Loaded router settings from DSN file: pcb-hmd-carrier-board2.dsn (6 layers)
2026-08-15 20:15:55.000 DEBUG  Merging settings from 6 sources:
2026-08-15 20:15:55.000 DEBUG    - Default Settings (priority 0): base settings
2026-08-15 20:15:55.000 DEBUG    - freerouting.json (priority 10): 0 fields changed
2026-08-15 20:15:55.001 DEBUG    - DSN file: pcb-hmd-carrier-board2.dsn (priority 20): 8 fields changed
2026-08-15 20:15:55.001 DEBUG    - Environment Variables (priority 55): 0 fields changed
2026-08-15 20:15:55.001 DEBUG    - CLI Arguments (priority 60): 10 fields changed
2026-08-15 20:15:55.001 DEBUG    - API Settings (priority 70): 28 fields changed
2026-08-15 20:15:55.001 DEBUG  Settings merged successfully from 6 source(s)
2026-08-15 20:15:55.001 DEBUG  applyBoardSpecificOptimizations changed parameters:
  Layer 0: preferredDirectionTraceCost: 1.0 -> 2.2; undesiredDirectionTraceCost: 1.0 -> 5.1000000000000005;
  Layer 1: undesiredDirectionTraceCost: 1.0 -> 1.3;
  Layer 2: undesiredDirectionTraceCost: 1.0 -> 3.9000000000000004;
  Layer 3: undesiredDirectionTraceCost: 1.0 -> 1.3;
  Layer 4: undesiredDirectionTraceCost: 1.0 -> 3.9000000000000004;
  Layer 5: preferredDirectionTraceCost: 1.0 -> 2.2; undesiredDirectionTraceCost: 1.0 -> 2.5;
2026-08-15 20:15:55.004 INFO   [88C040\74516C] Job '88C040\74516C' started at 2026-08-15T18:15:55.003689400Z.
2026-08-15 20:15:55.161 DEBUG  [88C040\74516C] Checking fanout pre-pass. settings.fanout.enabled=false, smd_pins=1581
2026-08-15 20:15:55.241 INFO   [88C040\74516C] Auto-routing stage started on board 'ae2fc85cb8ba3047e48e520f7728a8bd' for 956 unrouted items.
2026-08-15 20:16:01.021 DEBUG  Queuing item for routing: Via on net 'nPI_LED_PWR' (connected: 3/12)
2026-08-15 20:16:01.022 DEBUG  Queuing item for routing: Via on net 'nPI_LED_PWR' (connected: 9/12)
2026-08-15 20:16:01.023 DEBUG  Queuing item for routing: Via on net '+3V3' (connected: 12/60)
2026-08-15 20:16:01.034 DEBUG  Queuing item for routing: PolylineTrace on net 'GND' (connected: 14/420)
2026-08-15 20:16:01.034 DEBUG  Queuing item for routing: Pin on net 'SW_5V' (connected: 1/5)
2026-08-15 20:16:01.035 DEBUG  Queuing item for routing: Pin on net 'SW_5V' (connected: 1/5)
2026-08-15 20:16:01.035 DEBUG  Queuing item for routing: Pin on net 'GND' (connected: 1/420)
2026-08-15 20:16:01.035 DEBUG  Queuing item for routing: Pin on net 'VCC_5V' (connected: 1/3)
2026-08-15 20:16:01.035 DEBUG  Queuing item for routing: Pin on net 'MODE_5V' (connected: 1/3)
2026-08-15 20:16:01.035 DEBUG  Queuing item for routing: Pin on net 'FB_5V' (connected: 1/4)
2026-08-15 20:16:01.036 DEBUG  Queuing item for routing: Pin on net 'GND' (connected: 1/420)
2026-08-15 20:16:01.036 DEBUG  Queuing item for routing: Pin on net 'VBAT_SYS' (connected: 1/14)
2026-08-15 20:16:01.036 DEBUG  Queuing item for routing: Pin on net 'PGOOD_5V' (connected: 1/2)
2026-08-15 20:16:01.036 DEBUG  Queuing item for routing: Pin on net 'GND' (connected: 1/420)
2026-08-15 20:16:01.036 DEBUG  Queuing item for routing: Pin on net 'GND' (connected: 1/420)
2026-08-15 20:16:01.036 DEBUG  Queuing item for routing: Pin on net 'SW_5V' (connected: 1/5)
2026-08-15 20:16:01.036 DEBUG  Queuing item for routing: Pin on net 'VBAT_SYS' (connected: 1/14)
2026-08-15 20:16:01.036 DEBUG  Queuing item for routing: Pin on net 'VBAT_SYS' (connected: 1/14)
2026-08-15 20:16:01.037 DEBUG  Queuing item for routing: Pin on net 'VBAT_SYS' (connected: 1/14)
2026-08-15 20:16:01.037 DEBUG  Queuing item for routing: Pin on net 'VBAT_SYS' (connected: 1/14)
2026-08-15 20:16:01.037 DEBUG  Queuing item for routing: Pin on net 'BST_5V' (connected: 1/2)
2026-08-15 20:16:01.037 DEBUG  Queuing item for routing: Pin on net 'USB1V05_FB' (connected: 1/4)
2026-08-15 20:16:01.037 DEBUG  Queuing item for routing: Pin on net '+1V05_USB' (connected: 1/20)
2026-08-15 20:16:01.037 DEBUG  Queuing item for routing: Pin on net 'LDO_3V3' (connected: 1/8)
2026-08-15 20:16:01.037 DEBUG  Queuing item for routing: Pin on net 'GND' (connected: 1/420)
2026-08-15 20:16:01.037 DEBUG  Queuing item for routing: Pin on net 'I2Ct_SCL' (connected: 1/3)
2026-08-15 20:16:01.037 DEBUG  Queuing item for routing: Pin on net 'I2Ct_SDA' (connected: 1/3)
2026-08-15 20:16:01.038 DEBUG  Queuing item for routing: Pin on net 'GND' (connected: 1/420)
2026-08-15 20:16:01.038 DEBUG  Queuing item for routing: Pin on net 'GND' (connected: 1/420)
2026-08-15 20:16:01.038 DEBUG  Queuing item for routing: Pin on net 'GND' (connected: 1/420)
2026-08-15 20:16:01.038 DEBUG  Queuing item for routing: Pin on net 'GND' (connected: 1/420)
2026-08-15 20:16:01.038 DEBUG  Queuing item for routing: Pin on net 'I2C_SCL' (connected: 1/8)
2026-08-15 20:16:01.038 DEBUG  Queuing item for routing: Pin on net 'I2C_SDA' (connected: 1/8)
2026-08-15 20:16:01.038 DEBUG  Queuing item for routing: Pin on net 'DISPLAY_I2C_SDA_1V8' (connected: 1/7)
2026-08-15 20:16:01.038 DEBUG  Queuing item for routing: Pin on net 'DISPLAY_I2C_SCL_1V8' (connected: 1/7)
2026-08-15 20:16:01.039 DEBUG  Queuing item for routing: Pin on net 'DISPLAY_1V8' (connected: 1/28)
2026-08-15 20:16:01.039 DEBUG  Queuing item for routing: Pin on net 'DISPLAY_1V8' (connected: 1/28)
2026-08-15 20:16:01.039 DEBUG  Queuing item for routing: Pin on net '+3V3' (connected: 1/60)
2026-08-15 20:16:01.039 DEBUG  Queuing item for routing: Pin on net 'GND' (connected: 1/420)
2026-08-15 20:16:01.039 DEBUG  Queuing item for routing: Pin on net '+1V05_USB' (connected: 1/20)
2026-08-15 20:16:01.039 DEBUG  Queuing item for routing: Pin on net 'USB1V05_SW' (connected: 1/2)
2026-08-15 20:16:01.039 DEBUG  Queuing item for routing: Pin on net 'GND' (connected: 1/420)
2026-08-15 20:16:01.039 DEBUG  Queuing item for routing: Pin on net 'RUN_PG' (connected: 1/2)
2026-08-15 20:16:01.040 DEBUG  Queuing item for routing: Pin on net 'CM4_EXT_RESET_N' (connected: 1/2)
2026-08-15 20:16:01.040 DEBUG  Queuing item for routing: Pin on net 'EMMC_BOOT_N' (connected: 1/2)
2026-08-15 20:16:01.040 DEBUG  Queuing item for routing: Pin on net 'UART_RX' (connected: 1/2)
2026-08-15 20:16:01.040 DEBUG  Queuing item for routing: Pin on net 'UART_TX' (connected: 1/2)
2026-08-15 20:16:01.040 DEBUG  Queuing item for routing: Pin on net 'I2C_SCL' (connected: 1/8)
2026-08-15 20:16:01.040 DEBUG  Queuing item for routing: Pin on net 'I2C_SDA' (connected: 1/8)
2026-08-15 20:16:01.040 DEBUG  Queuing item for routing: Pin on net 'GND' (connected: 1/420)
2026-08-15 20:16:01.040 DEBUG  Queuing item for routing: Pin on net '+3V3' (connected: 1/60)
2026-08-15 20:16:01.041 DEBUG  Queuing item for routing: Pin on net 'GND' (connected: 1/420)
2026-08-15 20:16:01.041 DEBUG  Queuing item for routing: Pin on net '+5V_SYS' (connected: 1/34)
2026-08-15 20:16:01.041 DEBUG  Queuing item for routing: Pin on net '+5V_SYS' (connected: 1/34)
2026-08-15 20:16:01.041 DEBUG  Queuing item for routing: Pin on net 'WLED_COMP' (connected: 1/2)
2026-08-15 20:16:01.041 DEBUG  Queuing item for routing: Pin on net 'GND' (connected: 1/420)
2026-08-15 20:16:01.041 DEBUG  Queuing item for routing: Pin on net 'WLED_SW' (connected: 1/4)
2026-08-15 20:16:01.041 DEBUG  Queuing item for routing: Pin on net 'WLED_SW' (connected: 1/4)
2026-08-15 20:16:01.041 DEBUG  Queuing item for routing: Pin on net 'GND' (connected: 1/420)
2026-08-15 20:16:01.042 DEBUG  Queuing item for routing: Pin on net 'GND' (connected: 1/420)
2026-08-15 20:16:01.042 DEBUG  Queuing item for routing: Pin on net 'WLED_OVP' (connected: 1/3)
2026-08-15 20:16:01.042 DEBUG  Queuing item for routing: Pin on net 'L_LED1_N' (connected: 1/2)
2026-08-15 20:16:01.042 DEBUG  Queuing item for routing: Pin on net 'L_LED2_N' (connected: 1/2)
2026-08-15 20:16:01.042 DEBUG  Queuing item for routing: Pin on net 'L_LED3_N' (connected: 1/2)
2026-08-15 20:16:01.042 DEBUG  Queuing item for routing: Pin on net 'R_LED1_N' (connected: 1/2)
2026-08-15 20:16:01.042 DEBUG  Queuing item for routing: Pin on net 'WLED_ISET' (connected: 1/2)
2026-08-15 20:16:01.043 DEBUG  Queuing item for routing: Pin on net 'R_LED2_N' (connected: 1/2)
2026-08-15 20:16:01.043 DEBUG  Queuing item for routing: Pin on net 'R_LED3_N' (connected: 1/2)
2026-08-15 20:16:01.043 DEBUG  Queuing item for routing: Pin on net 'GND' (connected: 1/420)
2026-08-15 20:16:01.043 DEBUG  Queuing item for routing: Pin on net 'GND' (connected: 1/420)
2026-08-15 20:16:01.043 DEBUG  Queuing item for routing: Pin on net 'BL_PWM' (connected: 1/5)
2026-08-15 20:16:01.043 DEBUG  Queuing item for routing: Pin on net 'GND' (connected: 1/420)
2026-08-15 20:16:01.044 DEBUG  Queuing item for routing: Pin on net 'GND' (connected: 1/420)
2026-08-15 20:16:01.044 DEBUG  Queuing item for routing: Pin on net 'WLED_FREQ' (connected: 1/2)
2026-08-15 20:16:01.044 DEBUG  Queuing item for routing: Pin on net 'BL_EN' (connected: 1/3)
2026-08-15 20:16:01.044 DEBUG  Queuing item for routing: Pin on net 'GND' (connected: 1/420)
2026-08-15 20:16:01.044 DEBUG  Queuing item for routing: Pin on net 'GND' (connected: 1/420)
2026-08-15 20:16:01.044 DEBUG  Queuing item for routing: Pin on net 'GND' (connected: 1/420)
2026-08-15 20:16:01.044 DEBUG  Queuing item for routing: Pin on net 'GND' (connected: 1/420)
2026-08-15 20:16:01.045 DEBUG  Queuing item for routing: Pin on net 'SD_DETECT_B' (connected: 1/3)
2026-08-15 20:16:01.045 DEBUG  Queuing item for routing: Pin on net 'SD_DETECT_A' (connected: 1/2)
2026-08-15 20:16:01.045 DEBUG  Queuing item for routing: Pin on net 'SD_DAT1' (connected: 1/2)
2026-08-15 20:16:01.045 DEBUG  Queuing item for routing: Pin on net 'SD_DAT0' (connected: 1/2)
2026-08-15 20:16:01.045 DEBUG  Queuing item for routing: Pin on net 'GND' (connected: 1/420)
2026-08-15 20:16:01.045 DEBUG  Queuing item for routing: Pin on net 'SD_CLK' (connected: 1/2)
2026-08-15 20:16:01.045 DEBUG  Queuing item for routing: Pin on net 'SD_PWR' (connected: 1/3)
2026-08-15 20:16:01.045 DEBUG  Queuing item for routing: Pin on net 'SD_CMD' (connected: 1/2)
2026-08-15 20:16:01.046 DEBUG  Queuing item for routing: Pin on net 'SD_DAT3' (connected: 1/2)
2026-08-15 20:16:01.046 DEBUG  Queuing item for routing: Pin on net 'SD_DAT2' (connected: 1/2)
2026-08-15 20:16:01.046 DEBUG  Queuing item for routing: Pin on net 'unconnected-(U12-DRAIN_PAD-Pad40)' (connected: 1/3)
2026-08-15 20:16:01.046 DEBUG  Queuing item for routing: Pin on net 'unconnected-(U12-DRAIN_PAD-Pad40)' (connected: 1/3)
2026-08-15 20:16:01.046 DEBUG  Queuing item for routing: Pin on net 'unconnected-(U12-DRAIN_PAD-Pad40)' (connected: 1/3)
2026-08-15 20:16:01.046 DEBUG  Queuing item for routing: Pin on net 'GND' (connected: 1/420)
2026-08-15 20:16:01.046 DEBUG  Queuing item for routing: Pin on net '+3V3' (connected: 1/60)
2026-08-15 20:16:01.047 DEBUG  Queuing item for routing: Pin on net '+5V_SYS' (connected: 1/34)
2026-08-15 20:16:01.047 DEBUG  Queuing item for routing: Pin on net '+5V_SYS' (connected: 1/34)
2026-08-15 20:16:01.047 DEBUG  Queuing item for routing: Pin on net 'VBUS_CHARGE' (connected: 1/16)
2026-08-15 20:16:01.047 DEBUG  Queuing item for routing: Pin on net 'VBUS_CHARGE' (connected: 1/16)
2026-08-15 20:16:01.047 DEBUG  Queuing item for routing: Pin on net 'GND' (connected: 1/420)
2026-08-15 20:16:01.047 DEBUG  Queuing item for routing: Pin on net 'CC2' (connected: 1/5)
2026-08-15 20:16:01.047 DEBUG  Queuing item for routing: Pin on net 'CC1' (connected: 1/5)
2026-08-15 20:16:01.047 DEBUG  Queuing item for routing: Pin on net 'USB2_SERVICE_DM' (connected: 1/4)
2026-08-15 20:16:01.047 DEBUG  Queuing item for routing: Pin on net 'USB2_SERVICE_DP' (connected: 1/4)
2026-08-15 20:16:01.047 DEBUG  Queuing item for routing: Pin on net 'VBUS_CHARGE' (connected: 1/16)
2026-08-15 20:16:01.047 DEBUG  Queuing item for routing: Pin on net 'VBUS_CHARGE' (connected: 1/16)
2026-08-15 20:16:01.047 DEBUG  Queuing item for routing: Pin on net 'VBUS_CHARGE' (connected: 1/16)
2026-08-15 20:16:01.047 DEBUG  Queuing item for routing: Pin on net 'PPHV' (connected: 1/10)
2026-08-15 20:16:01.048 DEBUG  Queuing item for routing: Pin on net 'PPHV' (connected: 1/10)
2026-08-15 20:16:01.048 DEBUG  Queuing item for routing: Pin on net 'PPHV' (connected: 1/10)
2026-08-15 20:16:01.048 DEBUG  Queuing item for routing: Pin on net 'CHG_IRQ_N' (connected: 1/3)
2026-08-15 20:16:01.048 DEBUG  Queuing item for routing: Pin on net 'CHG_SCL' (connected: 1/3)
2026-08-15 20:16:01.048 DEBUG  Queuing item for routing: Pin on net 'CHG_SDA' (connected: 1/3)
2026-08-15 20:16:01.048 DEBUG  Queuing item for routing: Pin on net 'GND' (connected: 1/420)
2026-08-15 20:16:01.048 DEBUG  Queuing item for routing: Pin on net 'GND' (connected: 1/420)
2026-08-15 20:16:01.048 DEBUG  Queuing item for routing: Pin on net 'GND' (connected: 1/420)
2026-08-15 20:16:01.048 DEBUG  Queuing item for routing: Pin on net 'PD_IRQ_N' (connected: 1/2)
2026-08-15 20:16:01.048 DEBUG  Queuing item for routing: Pin on net 'I2Ct_SCL' (connected: 1/3)
2026-08-15 20:16:01.049 DEBUG  Queuing item for routing: Pin on net 'I2Ct_SDA' (connected: 1/3)
2026-08-15 20:16:01.049 DEBUG  Queuing item for routing: Pin on net 'LDO_1V5' (connected: 1/4)
2026-08-15 20:16:01.049 DEBUG  Queuing item for routing: Pin on net 'LDO_1V5' (connected: 1/4)
2026-08-15 20:16:01.049 DEBUG  Queuing item for routing: Pin on net 'LDO_1V5' (connected: 1/4)
2026-08-15 20:16:01.049 DEBUG  Queuing item for routing: Pin on net 'LDO_3V3' (connected: 1/8)
2026-08-15 20:16:01.049 DEBUG  Queuing item for routing: Pin on net '+3V3' (connected: 1/60)
2026-08-15 20:16:01.049 DEBUG  Queuing item for routing: Pin on net 'USB1V05_SW' (connected: 1/2)
2026-08-15 20:16:01.049 DEBUG  Queuing item for routing: Pin on net 'GND' (connected: 1/420)
2026-08-15 20:16:01.049 DEBUG  Queuing item for routing: Pin on net 'USB1V05_FB' (connected: 1/4)
2026-08-15 20:16:01.049 DEBUG  Queuing item for routing: Pin on net 'USB1V05_PG' (connected: 1/2)
2026-08-15 20:16:01.049 DEBUG  Queuing item for routing: Pin on net '+3V3' (connected: 1/60)
2026-08-15 20:16:01.049 DEBUG  Queuing item for routing: Pin on net 'PMID' (connected: 1/4)
2026-08-15 20:16:01.049 DEBUG  Queuing item for routing: Pin on net 'SW1' (connected: 1/3)
2026-08-15 20:16:01.049 DEBUG  Queuing item for routing: Pin on net 'GND' (connected: 1/420)
2026-08-15 20:16:01.049 DEBUG  Queuing item for routing: Pin on net 'SW2' (connected: 1/3)
2026-08-15 20:16:01.049 DEBUG  Queuing item for routing: Pin on net 'VBAT_SYS' (connected: 1/14)
2026-08-15 20:16:01.051 DEBUG  Queuing item for routing: Pin on net 'BAT+' (connected: 1/4)
2026-08-15 20:16:01.051 DEBUG  Queuing item for routing: Pin on net 'BAT+' (connected: 1/4)
2026-08-15 20:16:01.051 DEBUG  Queuing item for routing: Pin on net 'CHG_IRQ_N' (connected: 1/3)
2026-08-15 20:16:01.051 DEBUG  Queuing item for routing: Pin on net 'PROG' (connected: 1/2)
2026-08-15 20:16:01.051 DEBUG  Queuing item for routing: Pin on net 'BST2' (connected: 1/2)
2026-08-15 20:16:01.051 DEBUG  Queuing item for routing: Pin on net 'BATP' (connected: 1/2)
2026-08-15 20:16:01.051 DEBUG  Queuing item for routing: Pin on net 'ILIM_HIZ' (connected: 1/3)
2026-08-15 20:16:01.051 DEBUG  Queuing item for routing: Pin on net 'TS' (connected: 1/3)
2026-08-15 20:16:01.051 DEBUG  Queuing item for routing: Pin on net 'CHG_SDA' (connected: 1/3)
2026-08-15 20:16:01.051 DEBUG  Queuing item for routing: Pin on net 'CHG_SCL' (connected: 1/3)
2026-08-15 20:16:01.051 DEBUG  Queuing item for routing: Pin on net 'GND' (connected: 1/420)
2026-08-15 20:16:01.051 DEBUG  Queuing item for routing: Pin on net 'GND' (connected: 1/420)
2026-08-15 20:16:01.051 DEBUG  Queuing item for routing: Pin on net 'GND' (connected: 1/420)
2026-08-15 20:16:01.051 DEBUG  Queuing item for routing: Pin on net 'GND' (connected: 1/420)
2026-08-15 20:16:01.052 DEBUG  Queuing item for routing: Pin on net 'PPHV' (connected: 1/10)
2026-08-15 20:16:01.052 DEBUG  Queuing item for routing: Pin on net 'PPHV' (connected: 1/10)
2026-08-15 20:16:01.052 DEBUG  Queuing item for routing: Pin on net 'REGN' (connected: 1/3)
2026-08-15 20:16:01.052 DEBUG  Queuing item for routing: Pin on net 'BST1' (connected: 1/2)
2026-08-15 20:16:01.052 DEBUG  Queuing item for routing: Pin on net 'PPHV' (connected: 1/10)
2026-08-15 20:16:01.052 DEBUG  Queuing item for routing: Pin on net 'PPHV' (connected: 1/10)
2026-08-15 20:16:01.052 DEBUG  Queuing item for routing: Pin on net 'CHG_STAT' (connected: 1/2)
2026-08-15 20:16:01.052 DEBUG  Queuing item for routing: Pin on net '+5V_SYS' (connected: 1/34)
2026-08-15 20:16:01.052 DEBUG  Queuing item for routing: Pin on net 'SW_5V' (connected: 1/5)
2026-08-15 20:16:01.052 DEBUG  Queuing item for routing: Pin on net 'BIAS_SW' (connected: 1/2)
2026-08-15 20:16:01.052 DEBUG  Queuing item for routing: Pin on net '+5V_SYS' (connected: 1/34)
2026-08-15 20:16:01.052 DEBUG  Queuing item for routing: Pin on net 'DISPLAY_1V2' (connected: 1/8)
2026-08-15 20:16:01.052 DEBUG  Queuing item for routing: Pin on net 'REG_1V2_SW' (connected: 1/2)
2026-08-15 20:16:01.053 DEBUG  Queuing item for routing: Pin on net 'REG_3V3_FB' (connected: 1/3)
2026-08-15 20:16:01.053 DEBUG  Queuing item for routing: Pin on net '+5V_SYS' (connected: 1/34)
2026-08-15 20:16:01.053 DEBUG  Queuing item for routing: Pin on net 'REG_3V3_SW' (connected: 1/2)
2026-08-15 20:16:01.053 DEBUG  Queuing item for routing: Pin on net 'GND' (connected: 1/420)
2026-08-15 20:16:01.053 DEBUG  Queuing item for routing: Pin on net '+5V_SYS' (connected: 1/34)
2026-08-15 20:16:01.053 DEBUG  Queuing item for routing: Pin on net 'REG_1V8_FB' (connected: 1/3)
2026-08-15 20:16:01.053 DEBUG  Queuing item for routing: Pin on net '+5V_SYS' (connected: 1/34)
2026-08-15 20:16:01.053 DEBUG  Queuing item for routing: Pin on net 'REG_1V8_SW' (connected: 1/2)
2026-08-15 20:16:01.053 DEBUG  Queuing item for routing: Pin on net 'GND' (connected: 1/420)
2026-08-15 20:16:01.053 DEBUG  Queuing item for routing: Pin on net '+5V_SYS' (connected: 1/34)
2026-08-15 20:16:01.053 DEBUG  Queuing item for routing: Pin on net 'REG_1V2_FB' (connected: 1/3)
2026-08-15 20:16:01.053 DEBUG  Queuing item for routing: Pin on net '+5V_SYS' (connected: 1/34)
2026-08-15 20:16:01.053 DEBUG  Queuing item for routing: Pin on net 'REG_1V2_SW' (connected: 1/2)
2026-08-15 20:16:01.053 DEBUG  Queuing item for routing: Pin on net 'GND' (connected: 1/420)
2026-08-15 20:16:01.054 DEBUG  Queuing item for routing: Pin on net '+5V_SYS' (connected: 1/34)
2026-08-15 20:16:01.054 DEBUG  Queuing item for routing: Pin on net 'WLED_SW' (connected: 1/4)
2026-08-15 20:16:01.054 DEBUG  Queuing item for routing: Pin on net 'LED_BOOST' (connected: 1/6)
2026-08-15 20:16:01.058 DEBUG  Queuing item for routing: Pin on net 'SW2' (connected: 1/3)
2026-08-15 20:16:01.058 DEBUG  Queuing item for routing: Pin on net 'SW1' (connected: 1/3)
2026-08-15 20:16:01.058 DEBUG  Queuing item for routing: Pin on net 'DISPLAY_1V8' (connected: 1/28)
2026-08-15 20:16:01.058 DEBUG  Queuing item for routing: Pin on net 'DISPLAY_I2C_SDA_1V8' (connected: 1/7)
2026-08-15 20:16:01.058 DEBUG  Queuing item for routing: Pin on net 'DISPLAY_I2C_SCL_1V8' (connected: 1/7)
2026-08-15 20:16:01.059 DEBUG  Queuing item for routing: Pin on net 'GND' (connected: 1/420)
2026-08-15 20:16:01.059 DEBUG  Queuing item for routing: Pin on net 'LCD_BIAS_ENN' (connected: 1/2)
2026-08-15 20:16:01.059 DEBUG  Queuing item for routing: Pin on net 'LCD_BIAS_ENP' (connected: 1/2)
2026-08-15 20:16:01.059 DEBUG  Queuing item for routing: Pin on net 'R_HPDI' (connected: 1/3)
2026-08-15 20:16:01.059 DEBUG  Queuing item for routing: Pin on net 'L_HPDI' (connected: 1/3)
2026-08-15 20:16:01.059 DEBUG  Queuing item for routing: Pin on net 'R_LCD_LEDPWM' (connected: 1/4)
2026-08-15 20:16:01.059 DEBUG  Queuing item for routing: Pin on net 'L_LCD_LEDPWM' (connected: 1/4)
2026-08-15 20:16:01.059 DEBUG  Queuing item for routing: Pin on net 'BL_EN' (connected: 1/3)
2026-08-15 20:16:01.059 DEBUG  Queuing item for routing: Pin on net 'GND' (connected: 1/420)
2026-08-15 20:16:01.059 DEBUG  Queuing item for routing: Pin on net 'R_LCD_TE' (connected: 1/3)
2026-08-15 20:16:01.059 DEBUG  Queuing item for routing: Pin on net 'L_LCD_TE' (connected: 1/3)
2026-08-15 20:16:01.059 DEBUG  Queuing item for routing: Pin on net 'R_LCD_RESET' (connected: 1/3)
2026-08-15 20:16:01.060 DEBUG  Queuing item for routing: Pin on net 'L_LCD_RESET' (connected: 1/3)
2026-08-15 20:16:01.060 DEBUG  Queuing item for routing: Pin on net 'R_BRIDGE_INT' (connected: 1/3)
2026-08-15 20:16:01.060 DEBUG  Queuing item for routing: Pin on net 'L_BRIDGE_INT' (connected: 1/3)
2026-08-15 20:16:01.060 DEBUG  Queuing item for routing: Pin on net 'R_BRIDGE_RESETN' (connected: 1/2)
2026-08-15 20:16:01.060 DEBUG  Queuing item for routing: Pin on net 'L_BRIDGE_RESETN' (connected: 1/2)
2026-08-15 20:16:01.060 DEBUG  Queuing item for routing: Pin on net 'DISPLAY_GPIO_RESETN' (connected: 1/2)
2026-08-15 20:16:01.060 DEBUG  Queuing item for routing: Pin on net 'GND' (connected: 1/420)
2026-08-15 20:16:01.060 DEBUG  Queuing item for routing: Pin on net 'DISPLAY_GPIO_INT_N' (connected: 1/2)
2026-08-15 20:16:01.060 DEBUG  Queuing item for routing: Pin on net 'GND' (connected: 1/420)
2026-08-15 20:16:01.060 DEBUG  Queuing item for routing: Pin on net 'BIAS_REG' (connected: 1/3)
2026-08-15 20:16:01.060 DEBUG  Queuing item for routing: Pin on net 'GND' (connected: 1/420)
2026-08-15 20:16:01.060 DEBUG  Queuing item for routing: Pin on net 'DISPLAY_1V8' (connected: 1/28)
2026-08-15 20:16:01.061 DEBUG  Queuing item for routing: Pin on net 'GND' (connected: 1/420)
2026-08-15 20:16:01.061 DEBUG  Queuing item for routing: Pin on net '+5V_SYS' (connected: 1/34)
2026-08-15 20:16:01.061 DEBUG  Queuing item for routing: Pin on net 'BIAS_FLY2' (connected: 1/2)
2026-08-15 20:16:01.061 DEBUG  Queuing item for routing: Pin on net 'BIAS_FLY1' (connected: 1/2)
2026-08-15 20:16:01.061 DEBUG  Queuing item for routing: Pin on net 'GND' (connected: 1/420)
2026-08-15 20:16:01.061 DEBUG  Queuing item for routing: Pin on net 'DISPLAY_1V2' (connected: 1/8)
2026-08-15 20:16:01.061 DEBUG  Queuing item for routing: Pin on net 'GND' (connected: 1/420)
2026-08-15 20:16:01.061 DEBUG  Queuing item for routing: Pin on net 'DISPLAY_1V15' (connected: 1/8)
2026-08-15 20:16:01.061 DEBUG  Queuing item for routing: Pin on net 'GND' (connected: 1/420)
2026-08-15 20:16:01.061 DEBUG  Queuing item for routing: Pin on net 'SD_PWR' (connected: 1/3)
2026-08-15 20:16:01.061 DEBUG  Queuing item for routing: Pin on net 'GND' (connected: 1/420)
2026-08-15 20:16:01.061 DEBUG  Queuing item for routing: Pin on net 'DISPLAY_3V3' (connected: 1/8)
2026-08-15 20:16:01.061 DEBUG  Queuing item for routing: Pin on net 'GND' (connected: 1/420)
2026-08-15 20:16:01.061 DEBUG  Queuing item for routing: Pin on net 'LCD_VSN' (connected: 1/7)
2026-08-15 20:16:01.062 DEBUG  Queuing item for routing: Pin on net 'GND' (connected: 1/420)
2026-08-15 20:16:01.062 DEBUG  Queuing item for routing: Pin on net '+5V_SYS' (connected: 1/34)
2026-08-15 20:16:01.062 DEBUG  Queuing item for routing: Pin on net 'GND' (connected: 1/420)
2026-08-15 20:16:01.062 DEBUG  Queuing item for routing: Pin on net '+5V_SYS' (connected: 1/34)
2026-08-15 20:16:01.062 DEBUG  Queuing item for routing: Pin on net 'GND' (connected: 1/420)
2026-08-15 20:16:01.062 DEBUG  Queuing item for routing: Pin on net '+5V_SYS' (connected: 1/34)
2026-08-15 20:16:01.062 DEBUG  Queuing item for routing: Pin on net 'GND' (connected: 1/420)
2026-08-15 20:16:01.062 DEBUG  Queuing item for routing: Pin on net '+5V_SYS' (connected: 1/34)
2026-08-15 20:16:01.062 DEBUG  Queuing item for routing: Pin on net 'GND' (connected: 1/420)
2026-08-15 20:16:01.062 DEBUG  Queuing item for routing: Pin on net 'LCD_VSP' (connected: 1/7)
2026-08-15 20:16:01.062 DEBUG  Queuing item for routing: Pin on net '+3V3' (connected: 1/60)
2026-08-15 20:16:01.062 DEBUG  Queuing item for routing: Pin on net 'SD_PWR_ON' (connected: 1/3)
2026-08-15 20:16:01.063 DEBUG  Queuing item for routing: Pin on net 'SD_DETECT_B' (connected: 1/3)
2026-08-15 20:16:01.063 DEBUG  Queuing item for routing: Pin on net 'GND' (connected: 1/420)
2026-08-15 20:16:01.063 DEBUG  Queuing item for routing: Pin on net 'SD_PWR' (connected: 1/3)
2026-08-15 20:16:01.063 DEBUG  Queuing item for routing: Pin on net 'REG_1V15_FB' (connected: 1/3)
2026-08-15 20:16:01.063 DEBUG  Queuing item for routing: Pin on net '+5V_SYS' (connected: 1/34)
2026-08-15 20:16:01.063 DEBUG  Queuing item for routing: Pin on net 'REG_1V15_SW' (connected: 1/2)
2026-08-15 20:16:01.063 DEBUG  Queuing item for routing: Pin on net 'GND' (connected: 1/420)
2026-08-15 20:16:01.063 DEBUG  Queuing item for routing: Pin on net '+5V_SYS' (connected: 1/34)
2026-08-15 20:16:01.063 DEBUG  Queuing item for routing: Pin on net 'LCD_VSP' (connected: 1/7)
2026-08-15 20:16:01.063 DEBUG  Queuing item for routing: Pin on net 'BIAS_REG' (connected: 1/3)
2026-08-15 20:16:01.063 DEBUG  Queuing item for routing: Pin on net 'GND' (connected: 1/420)
2026-08-15 20:16:01.064 DEBUG  Queuing item for routing: Pin on net 'BIAS_REG' (connected: 1/3)
2026-08-15 20:16:01.064 DEBUG  Queuing item for routing: Pin on net 'GND' (connected: 1/420)
2026-08-15 20:16:01.064 DEBUG  Queuing item for routing: Pin on net 'BIAS_SW' (connected: 1/2)
2026-08-15 20:16:01.064 DEBUG  Queuing item for routing: Pin on net 'BIAS_FLY1' (connected: 1/2)
2026-08-15 20:16:01.064 DEBUG  Queuing item for routing: Pin on net 'DISPLAY_I2C_SDA_1V8' (connected: 1/7)
2026-08-15 20:16:01.064 DEBUG  Queuing item for routing: Pin on net '+5V_SYS' (connected: 1/34)
2026-08-15 20:16:01.064 DEBUG  Queuing item for routing: Pin on net 'GND' (connected: 1/420)
2026-08-15 20:16:01.064 DEBUG  Queuing item for routing: Pin on net 'DISPLAY_I2C_SCL_1V8' (connected: 1/7)
2026-08-15 20:16:01.064 DEBUG  Queuing item for routing: Pin on net 'LCD_BIAS_ENP' (connected: 1/2)
2026-08-15 20:16:01.064 DEBUG  Queuing item for routing: Pin on net 'BIAS_FLY2' (connected: 1/2)
2026-08-15 20:16:01.064 DEBUG  Queuing item for routing: Pin on net 'LCD_VSN' (connected: 1/7)
2026-08-15 20:16:01.065 DEBUG  Queuing item for routing: Pin on net 'LCD_BIAS_ENN' (connected: 1/2)
2026-08-15 20:16:01.065 DEBUG  Queuing item for routing: Pin on net 'GND' (connected: 1/420)
2026-08-15 20:16:01.065 DEBUG  Queuing item for routing: Pin on net 'WLED_COMP_RC' (connected: 1/2)
2026-08-15 20:16:01.065 DEBUG  Queuing item for routing: Pin on net 'GND' (connected: 1/420)
2026-08-15 20:16:01.065 DEBUG  Queuing item for routing: Pin on net 'LED_BOOST' (connected: 1/6)
2026-08-15 20:16:01.065 DEBUG  Queuing item for routing: Pin on net 'GND' (connected: 1/420)
2026-08-15 20:16:01.065 DEBUG  Queuing item for routing: Pin on net 'LED_BOOST' (connected: 1/6)
2026-08-15 20:16:01.065 DEBUG  Queuing item for routing: Pin on net 'GND' (connected: 1/420)
2026-08-15 20:16:01.065 DEBUG  Queuing item for routing: Pin on net 'DISPLAY_1V8' (connected: 1/28)
2026-08-15 20:16:01.065 DEBUG  Queuing item for routing: Pin on net 'GND' (connected: 1/420)
2026-08-15 20:16:01.065 DEBUG  Queuing item for routing: Pin on net '+5V_SYS' (connected: 1/34)
2026-08-15 20:16:01.066 DEBUG  Queuing item for routing: Pin on net 'GND' (connected: 1/420)
2026-08-15 20:16:01.066 DEBUG  Queuing item for routing: Pin on net 'DISPLAY_1V8' (connected: 1/28)
2026-08-15 20:16:01.066 DEBUG  Queuing item for routing: Pin on net 'REG_1V2_FB' (connected: 1/3)
2026-08-15 20:16:01.066 DEBUG  Queuing item for routing: Pin on net 'DISPLAY_1V2' (connected: 1/8)
2026-08-15 20:16:01.066 DEBUG  Queuing item for routing: Pin on net 'GND' (connected: 1/420)
2026-08-15 20:16:01.066 DEBUG  Queuing item for routing: Pin on net 'REG_3V3_FB' (connected: 1/3)
2026-08-15 20:16:01.066 DEBUG  Queuing item for routing: Pin on net 'GND' (connected: 1/420)
2026-08-15 20:16:01.066 DEBUG  Queuing item for routing: Pin on net 'WLED_FREQ' (connected: 1/2)
2026-08-15 20:16:01.066 DEBUG  Queuing item for routing: Pin on net 'WLED_OVP' (connected: 1/3)
2026-08-15 20:16:01.066 DEBUG  Queuing item for routing: Pin on net 'LED_BOOST' (connected: 1/6)
2026-08-15 20:16:01.066 DEBUG  Queuing item for routing: Pin on net 'GND' (connected: 1/420)
2026-08-15 20:16:01.066 DEBUG  Queuing item for routing: Pin on net 'SD_DETECT_A' (connected: 1/2)
2026-08-15 20:16:01.066 DEBUG  Queuing item for routing: Pin on net 'REG_1V8_FB' (connected: 1/3)
2026-08-15 20:16:01.066 DEBUG  Queuing item for routing: Pin on net 'DISPLAY_1V8' (connected: 1/28)
2026-08-15 20:16:01.066 DEBUG  Queuing item for routing: Pin on net 'REG_3V3_FB' (connected: 1/3)
2026-08-15 20:16:01.067 DEBUG  Queuing item for routing: Pin on net 'DISPLAY_3V3' (connected: 1/8)
2026-08-15 20:16:01.067 DEBUG  Queuing item for routing: Pin on net 'GND' (connected: 1/420)
2026-08-15 20:16:01.067 DEBUG  Queuing item for routing: Pin on net 'WLED_ISET' (connected: 1/2)
2026-08-15 20:16:01.067 DEBUG  Queuing item for routing: Pin on net 'SD_PWR_ON' (connected: 1/3)
2026-08-15 20:16:01.067 DEBUG  Queuing item for routing: Pin on net '+3V3' (connected: 1/60)
2026-08-15 20:16:01.067 DEBUG  Queuing item for routing: Pin on net 'GND' (connected: 1/420)
2026-08-15 20:16:01.067 DEBUG  Queuing item for routing: Pin on net 'REG_1V15_FB' (connected: 1/3)
2026-08-15 20:16:01.067 DEBUG  Queuing item for routing: Pin on net 'GND' (connected: 1/420)
2026-08-15 20:16:01.067 DEBUG  Queuing item for routing: Pin on net 'REG_1V2_FB' (connected: 1/3)
2026-08-15 20:16:01.067 DEBUG  Queuing item for routing: Pin on net 'REG_1V15_FB' (connected: 1/3)
2026-08-15 20:16:01.067 DEBUG  Queuing item for routing: Pin on net 'DISPLAY_1V15' (connected: 1/8)
2026-08-15 20:16:01.067 DEBUG  Queuing item for routing: Pin on net 'GND' (connected: 1/420)
2026-08-15 20:16:01.067 DEBUG  Queuing item for routing: Pin on net 'WLED_OVP' (connected: 1/3)
2026-08-15 20:16:01.067 DEBUG  Queuing item for routing: Pin on net 'WLED_COMP_RC' (connected: 1/2)
2026-08-15 20:16:01.067 DEBUG  Queuing item for routing: Pin on net 'WLED_COMP' (connected: 1/2)
2026-08-15 20:16:01.068 DEBUG  Queuing item for routing: Pin on net 'GND' (connected: 1/420)
2026-08-15 20:16:01.068 DEBUG  Queuing item for routing: Pin on net 'REG_1V8_FB' (connected: 1/3)
2026-08-15 20:16:01.068 DEBUG  Queuing item for routing: Pin on net 'GND' (connected: 1/420)
2026-08-15 20:16:01.068 DEBUG  Queuing item for routing: Pin on net 'SD_DETECT_B' (connected: 1/3)
2026-08-15 20:16:01.068 DEBUG  Queuing item for routing: Pin on net 'GND' (connected: 1/420)
2026-08-15 20:16:01.068 DEBUG  Queuing item for routing: Pin on net 'USB1V05_FB' (connected: 1/4)
2026-08-15 20:16:01.068 DEBUG  Queuing item for routing: Pin on net 'BT_ENABLE_N' (connected: 1/2)
2026-08-15 20:16:01.068 DEBUG  Queuing item for routing: Pin on net '+3V3' (connected: 1/60)
2026-08-15 20:16:01.068 DEBUG  Queuing item for routing: Pin on net 'PD_IRQ_N' (connected: 1/2)
2026-08-15 20:16:01.068 DEBUG  Queuing item for routing: Pin on net 'LDO_3V3' (connected: 1/8)
2026-08-15 20:16:01.068 DEBUG  Queuing item for routing: Pin on net 'GND' (connected: 1/420)
2026-08-15 20:16:01.068 DEBUG  Queuing item for routing: Pin on net 'PROG' (connected: 1/2)
2026-08-15 20:16:01.068 DEBUG  Queuing item for routing: Pin on net 'FB_5V' (connected: 1/4)
2026-08-15 20:16:01.068 DEBUG  Queuing item for routing: Pin on net '+5V_SYS' (connected: 1/34)
2026-08-15 20:16:01.069 DEBUG  Queuing item for routing: Pin on net 'ILIM_HIZ' (connected: 1/3)
2026-08-15 20:16:01.069 DEBUG  Queuing item for routing: Pin on net 'REGN' (connected: 1/3)
2026-08-15 20:16:01.069 DEBUG  Queuing item for routing: Pin on net 'I2Ct_SCL' (connected: 1/3)
2026-08-15 20:16:01.069 DEBUG  Queuing item for routing: Pin on net 'LDO_3V3' (connected: 1/8)
2026-08-15 20:16:01.069 DEBUG  Queuing item for routing: Pin on net 'PCIE_CLKREQ_N' (connected: 1/3)
2026-08-15 20:16:01.069 DEBUG  Queuing item for routing: Pin on net '+3V3' (connected: 1/60)
2026-08-15 20:16:01.069 DEBUG  Queuing item for routing: Pin on net 'I2Ct_SDA' (connected: 1/3)
2026-08-15 20:16:01.069 DEBUG  Queuing item for routing: Pin on net 'LDO_3V3' (connected: 1/8)
2026-08-15 20:16:01.069 DEBUG  Queuing item for routing: Pin on net 'GND' (connected: 1/420)
2026-08-15 20:16:01.069 DEBUG  Queuing item for routing: Pin on net 'TS' (connected: 1/3)
2026-08-15 20:16:01.069 DEBUG  Queuing item for routing: Pin on net 'MODE_5V' (connected: 1/3)
2026-08-15 20:16:01.069 DEBUG  Queuing item for routing: Pin on net 'VCC_5V' (connected: 1/3)
2026-08-15 20:16:01.069 DEBUG  Queuing item for routing: Pin on net 'CHG_SCL' (connected: 1/3)
2026-08-15 20:16:01.069 DEBUG  Queuing item for routing: Pin on net 'LDO_3V3' (connected: 1/8)
2026-08-15 20:16:01.069 DEBUG  Queuing item for routing: Pin on net 'BAT+' (connected: 1/4)
2026-08-15 20:16:01.070 DEBUG  Queuing item for routing: Pin on net 'BATP' (connected: 1/2)
2026-08-15 20:16:01.070 DEBUG  Queuing item for routing: Pin on net 'CHG_SDA' (connected: 1/3)
2026-08-15 20:16:01.070 DEBUG  Queuing item for routing: Pin on net 'LDO_3V3' (connected: 1/8)
2026-08-15 20:16:01.070 DEBUG  Queuing item for routing: Pin on net 'USB1V05_FB' (connected: 1/4)
2026-08-15 20:16:01.070 DEBUG  Queuing item for routing: Pin on net '+1V05_USB' (connected: 1/20)
2026-08-15 20:16:01.070 DEBUG  Queuing item for routing: Pin on net 'GND' (connected: 1/420)
2026-08-15 20:16:01.070 DEBUG  Queuing item for routing: Pin on net 'ILIM_HIZ' (connected: 1/3)
2026-08-15 20:16:01.070 DEBUG  Queuing item for routing: Pin on net 'GND' (connected: 1/420)
2026-08-15 20:16:01.070 DEBUG  Queuing item for routing: Pin on net 'MODE_5V' (connected: 1/3)
2026-08-15 20:16:01.070 DEBUG  Queuing item for routing: Pin on net 'GND' (connected: 1/420)
2026-08-15 20:16:01.070 DEBUG  Queuing item for routing: Pin on net 'FB_5V' (connected: 1/4)
2026-08-15 20:16:01.070 DEBUG  Queuing item for routing: Pin on net 'GND' (connected: 1/420)
2026-08-15 20:16:01.071 DEBUG  Queuing item for routing: Pin on net 'TS' (connected: 1/3)
2026-08-15 20:16:01.071 DEBUG  Queuing item for routing: Pin on net 'WIFI_ENABLE_N' (connected: 1/2)
2026-08-15 20:16:01.071 DEBUG  Queuing item for routing: Pin on net '+3V3' (connected: 1/60)
2026-08-15 20:16:01.071 DEBUG  Queuing item for routing: Pin on net 'USB1V05_PG' (connected: 1/2)
2026-08-15 20:16:01.071 DEBUG  Queuing item for routing: Pin on net '+3V3' (connected: 1/60)
2026-08-15 20:16:01.071 DEBUG  Queuing item for routing: Pin on net 'CHG_IRQ_N' (connected: 1/3)
2026-08-15 20:16:01.071 DEBUG  Queuing item for routing: Pin on net '+3V3' (connected: 1/60)
2026-08-15 20:16:01.071 DEBUG  Queuing item for routing: Pin on net 'DISPLAY_3V3' (connected: 1/8)
2026-08-15 20:16:01.071 DEBUG  Queuing item for routing: Pin on net 'REG_3V3_SW' (connected: 1/2)
2026-08-15 20:16:01.071 DEBUG  Queuing item for routing: Pin on net 'DISPLAY_1V15' (connected: 1/8)
2026-08-15 20:16:01.071 DEBUG  Queuing item for routing: Pin on net 'REG_1V15_SW' (connected: 1/2)
2026-08-15 20:16:01.071 DEBUG  Queuing item for routing: Pin on net 'WLED_SW' (connected: 1/4)
2026-08-15 20:16:01.072 DEBUG  Queuing item for routing: Pin on net '+5V_SYS' (connected: 1/34)
2026-08-15 20:16:01.072 DEBUG  Queuing item for routing: Pin on net 'DISPLAY_1V8' (connected: 1/28)
2026-08-15 20:16:01.072 DEBUG  Queuing item for routing: Pin on net 'REG_1V8_SW' (connected: 1/2)
2026-08-15 20:16:01.072 DEBUG  Queuing item for routing: Pin on net 'HDMI_L_DDC_SCL' (connected: 1/2)
2026-08-15 20:16:01.072 DEBUG  Queuing item for routing: Pin on net 'HDMI_L_DDC_SDA' (connected: 1/2)
2026-08-15 20:16:01.072 DEBUG  Queuing item for routing: Pin on net 'GND' (connected: 1/420)
2026-08-15 20:16:01.072 DEBUG  Queuing item for routing: Pin on net 'GND' (connected: 1/420)
2026-08-15 20:16:01.072 DEBUG  Queuing item for routing: Pin on net 'GND' (connected: 1/420)
2026-08-15 20:16:01.072 DEBUG  Queuing item for routing: Pin on net 'GND' (connected: 1/420)
2026-08-15 20:16:01.072 DEBUG  Queuing item for routing: Pin on net 'HDMI_L_CLK_N' (connected: 1/2)
2026-08-15 20:16:01.072 DEBUG  Queuing item for routing: Pin on net 'HDMI_L_CLK_P' (connected: 1/2)
2026-08-15 20:16:01.072 DEBUG  Queuing item for routing: Pin on net 'GND' (connected: 1/420)
2026-08-15 20:16:01.072 DEBUG  Queuing item for routing: Pin on net 'GND' (connected: 1/420)
2026-08-15 20:16:01.072 DEBUG  Queuing item for routing: Pin on net 'HDMI_L_D0_N' (connected: 1/2)
2026-08-15 20:16:01.072 DEBUG  Queuing item for routing: Pin on net 'HDMI_L_D0_P' (connected: 1/2)
2026-08-15 20:16:01.073 DEBUG  Queuing item for routing: Pin on net 'GND' (connected: 1/420)
2026-08-15 20:16:01.073 DEBUG  Queuing item for routing: Pin on net 'GND' (connected: 1/420)
2026-08-15 20:16:01.073 DEBUG  Queuing item for routing: Pin on net 'HDMI_L_D1_N' (connected: 1/2)
2026-08-15 20:16:01.073 DEBUG  Queuing item for routing: Pin on net 'HDMI_L_D1_P' (connected: 1/2)
2026-08-15 20:16:01.073 DEBUG  Queuing item for routing: Pin on net 'GND' (connected: 1/420)
2026-08-15 20:16:01.073 DEBUG  Queuing item for routing: Pin on net 'GND' (connected: 1/420)
2026-08-15 20:16:01.073 DEBUG  Queuing item for routing: Pin on net 'HDMI_L_D2_N' (connected: 1/2)
2026-08-15 20:16:01.073 DEBUG  Queuing item for routing: Pin on net 'HDMI_L_D2_P' (connected: 1/2)
2026-08-15 20:16:01.073 DEBUG  Queuing item for routing: Pin on net 'GND' (connected: 1/420)
2026-08-15 20:16:01.073 DEBUG  Queuing item for routing: Pin on net 'GND' (connected: 1/420)
2026-08-15 20:16:01.073 DEBUG  Queuing item for routing: Pin on net 'HDMI_R_CLK_N' (connected: 1/2)
2026-08-15 20:16:01.073 DEBUG  Queuing item for routing: Pin on net 'HDMI_R_CLK_P' (connected: 1/2)
2026-08-15 20:16:01.073 DEBUG  Queuing item for routing: Pin on net 'GND' (connected: 1/420)
2026-08-15 20:16:01.074 DEBUG  Queuing item for routing: Pin on net 'GND' (connected: 1/420)
2026-08-15 20:16:01.074 DEBUG  Queuing item for routing: Pin on net 'HDMI_R_D0_N' (connected: 1/2)
2026-08-15 20:16:01.074 DEBUG  Queuing item for routing: Pin on net 'HDMI_R_D0_P' (connected: 1/2)
2026-08-15 20:16:01.074 DEBUG  Queuing item for routing: Pin on net 'GND' (connected: 1/420)
2026-08-15 20:16:01.074 DEBUG  Queuing item for routing: Pin on net 'GND' (connected: 1/420)
2026-08-15 20:16:01.074 DEBUG  Queuing item for routing: Pin on net 'HDMI_R_D1_N' (connected: 1/2)
2026-08-15 20:16:01.074 DEBUG  Queuing item for routing: Pin on net 'HDMI_L_HPD' (connected: 1/2)
2026-08-15 20:16:01.074 DEBUG  Queuing item for routing: Pin on net 'HDMI_R_D1_P' (connected: 1/2)
2026-08-15 20:16:01.074 DEBUG  Queuing item for routing: Pin on net 'HDMI_L_CEC' (connected: 1/2)
2026-08-15 20:16:01.074 DEBUG  Queuing item for routing: Pin on net 'GND' (connected: 1/420)
2026-08-15 20:16:01.074 DEBUG  Queuing item for routing: Pin on net 'HDMI_R_CEC' (connected: 1/2)
2026-08-15 20:16:01.074 DEBUG  Queuing item for routing: Pin on net 'HDMI_R_D2_N' (connected: 1/2)
2026-08-15 20:16:01.074 DEBUG  Queuing item for routing: Pin on net 'HDMI_R_DDC_SCL' (connected: 1/2)
2026-08-15 20:16:01.074 DEBUG  Queuing item for routing: Pin on net 'HDMI_R_D2_P' (connected: 1/2)
2026-08-15 20:16:01.075 DEBUG  Queuing item for routing: Pin on net 'HDMI_R_DDC_SDA' (connected: 1/2)
2026-08-15 20:16:01.075 DEBUG  Queuing item for routing: Pin on net 'GND' (connected: 1/420)
2026-08-15 20:16:01.075 DEBUG  Queuing item for routing: Pin on net 'HDMI_R_HPD' (connected: 1/2)
2026-08-15 20:16:01.075 DEBUG  Queuing item for routing: Pin on net 'GND' (connected: 1/420)
2026-08-15 20:16:01.075 DEBUG  Queuing item for routing: Pin on net 'GND' (connected: 1/420)
2026-08-15 20:16:01.075 DEBUG  Queuing item for routing: Pin on net 'GND' (connected: 1/420)
2026-08-15 20:16:01.075 DEBUG  Queuing item for routing: Pin on net 'GND' (connected: 1/420)
2026-08-15 20:16:01.075 DEBUG  Queuing item for routing: Pin on net 'GND' (connected: 1/420)
2026-08-15 20:16:01.075 DEBUG  Queuing item for routing: Pin on net 'GND' (connected: 1/420)
2026-08-15 20:16:01.075 DEBUG  Queuing item for routing: Pin on net 'PCIE_RX_N' (connected: 1/2)
2026-08-15 20:16:01.075 DEBUG  Queuing item for routing: Pin on net 'PCIE_RX_P' (connected: 1/2)
2026-08-15 20:16:01.075 DEBUG  Queuing item for routing: Pin on net 'GND' (connected: 1/420)
2026-08-15 20:16:01.075 DEBUG  Queuing item for routing: Pin on net 'GND' (connected: 1/420)
2026-08-15 20:16:01.075 DEBUG  Queuing item for routing: Pin on net 'PCIE_TX_N' (connected: 1/2)
2026-08-15 20:16:01.076 DEBUG  Queuing item for routing: Pin on net 'PCIE_TX_P' (connected: 1/2)
2026-08-15 20:16:01.076 DEBUG  Queuing item for routing: Pin on net 'GND' (connected: 1/420)
2026-08-15 20:16:01.076 DEBUG  Queuing item for routing: Pin on net 'GND' (connected: 1/420)
2026-08-15 20:16:01.076 DEBUG  Queuing item for routing: Pin on net 'PCIE_CLK_N' (connected: 1/2)
2026-08-15 20:16:01.076 DEBUG  Queuing item for routing: Pin on net 'PCIE_CLK_P' (connected: 1/2)
2026-08-15 20:16:01.076 DEBUG  Queuing item for routing: Pin on net 'PCIE_RST_N' (connected: 1/2)
2026-08-15 20:16:01.076 DEBUG  Queuing item for routing: Pin on net 'GND' (connected: 1/420)
2026-08-15 20:16:01.076 DEBUG  Queuing item for routing: Pin on net 'GND' (connected: 1/420)
2026-08-15 20:16:01.076 DEBUG  Queuing item for routing: Pin on net 'USB2_SERVICE_DP' (connected: 1/4)
2026-08-15 20:16:01.076 DEBUG  Queuing item for routing: Pin on net 'USB2_SERVICE_DM' (connected: 1/4)
2026-08-15 20:16:01.076 DEBUG  Queuing item for routing: Pin on net 'PCIE_CLKREQ_N' (connected: 1/3)
2026-08-15 20:16:01.076 DEBUG  Queuing item for routing: Pin on net 'CM4_EXT_RESET_N' (connected: 1/2)
2026-08-15 20:16:01.076 DEBUG  Queuing item for routing: Pin on net 'GND' (connected: 1/420)
2026-08-15 20:16:01.076 DEBUG  Queuing item for routing: Pin on net 'EMMC_BOOT_N' (connected: 1/2)
2026-08-15 20:16:01.076 DEBUG  Queuing item for routing: Pin on net 'RUN_PG' (connected: 1/2)
2026-08-15 20:16:01.076 DEBUG  Queuing item for routing: Pin on net 'BT_ENABLE_N' (connected: 1/2)
2026-08-15 20:16:01.077 DEBUG  Queuing item for routing: Pin on net '+1V8' (connected: 1/2)
2026-08-15 20:16:01.077 DEBUG  Queuing item for routing: Pin on net 'WIFI_ENABLE_N' (connected: 1/2)
2026-08-15 20:16:01.077 DEBUG  Queuing item for routing: Pin on net '+1V8' (connected: 1/2)
2026-08-15 20:16:01.077 DEBUG  Queuing item for routing: Pin on net '+5V_SYS' (connected: 1/34)
2026-08-15 20:16:01.077 DEBUG  Queuing item for routing: Pin on net '+3V3' (connected: 1/60)
2026-08-15 20:16:01.077 DEBUG  Queuing item for routing: Pin on net '+5V_SYS' (connected: 1/34)
2026-08-15 20:16:01.077 DEBUG  Queuing item for routing: Pin on net '+5V_SYS' (connected: 1/34)
2026-08-15 20:16:01.077 DEBUG  Queuing item for routing: Pin on net '+5V_SYS' (connected: 1/34)
2026-08-15 20:16:01.077 DEBUG  Queuing item for routing: Pin on net '+5V_SYS' (connected: 1/34)
2026-08-15 20:16:01.077 DEBUG  Queuing item for routing: Pin on net '+3V3' (connected: 1/60)
2026-08-15 20:16:01.077 DEBUG  Queuing item for routing: Pin on net '+5V_SYS' (connected: 1/34)
2026-08-15 20:16:01.077 DEBUG  Queuing item for routing: Pin on net 'SD_PWR_ON' (connected: 1/3)
2026-08-15 20:16:01.077 DEBUG  Queuing item for routing: Pin on net 'GND' (connected: 1/420)
2026-08-15 20:16:01.077 DEBUG  Queuing item for routing: Pin on net 'GND' (connected: 1/420)
2026-08-15 20:16:01.077 DEBUG  Queuing item for routing: Pin on net 'SD_DAT2' (connected: 1/2)
2026-08-15 20:16:01.077 DEBUG  Queuing item for routing: Pin on net 'SD_DAT1' (connected: 1/2)
2026-08-15 20:16:01.078 DEBUG  Queuing item for routing: Pin on net 'GND' (connected: 1/420)
2026-08-15 20:16:01.078 DEBUG  Queuing item for routing: Pin on net 'GND' (connected: 1/420)
2026-08-15 20:16:01.078 DEBUG  Queuing item for routing: Pin on net 'SD_DAT0' (connected: 1/2)
2026-08-15 20:16:01.078 DEBUG  Queuing item for routing: Pin on net 'SD_CMD' (connected: 1/2)
2026-08-15 20:16:01.078 DEBUG  Queuing item for routing: Pin on net 'SD_DAT3' (connected: 1/2)
2026-08-15 20:16:01.078 DEBUG  Queuing item for routing: Pin on net 'GND' (connected: 1/420)
2026-08-15 20:16:01.078 DEBUG  Queuing item for routing: Pin on net 'GND' (connected: 1/420)
2026-08-15 20:16:01.078 DEBUG  Queuing item for routing: Pin on net 'I2C_SDA' (connected: 1/8)
2026-08-15 20:16:01.078 DEBUG  Queuing item for routing: Pin on net 'SD_CLK' (connected: 1/2)
2026-08-15 20:16:01.078 DEBUG  Queuing item for routing: Pin on net 'I2C_SCL' (connected: 1/8)
2026-08-15 20:16:01.078 DEBUG  Queuing item for routing: Pin on net 'UART_TX' (connected: 1/2)
2026-08-15 20:16:01.078 DEBUG  Queuing item for routing: Pin on net 'AUDIO_MCLK' (connected: 1/2)
2026-08-15 20:16:01.078 DEBUG  Queuing item for routing: Pin on net 'GND' (connected: 1/420)
2026-08-15 20:16:01.079 DEBUG  Queuing item for routing: Pin on net 'GND' (connected: 1/420)
2026-08-15 20:16:01.079 DEBUG  Queuing item for routing: Pin on net 'UART_RX' (connected: 1/2)
2026-08-15 20:16:01.079 DEBUG  Queuing item for routing: Pin on net 'I2S_BCLK' (connected: 1/2)
2026-08-15 20:16:01.079 DEBUG  Queuing item for routing: Pin on net 'TYPEC_FLIP' (connected: 1/2)
2026-08-15 20:16:01.079 DEBUG  Queuing item for routing: Pin on net 'PROX_INT' (connected: 1/2)
2026-08-15 20:16:01.079 DEBUG  Queuing item for routing: Pin on net 'TYPEC_INT_N' (connected: 1/3)
2026-08-15 20:16:01.079 DEBUG  Queuing item for routing: Pin on net 'GND' (connected: 1/420)
2026-08-15 20:16:01.079 DEBUG  Queuing item for routing: Pin on net 'GND' (connected: 1/420)
2026-08-15 20:16:01.079 DEBUG  Queuing item for routing: Pin on net 'AUDIO_RESET_N' (connected: 1/2)
2026-08-15 20:16:01.079 DEBUG  Queuing item for routing: Pin on net 'GND' (connected: 1/420)
2026-08-15 20:16:01.079 DEBUG  Queuing item for routing: Pin on net 'GND' (connected: 1/420)
2026-08-15 20:16:01.079 DEBUG  Queuing item for routing: Pin on net 'BL_PWM' (connected: 1/5)
2026-08-15 20:16:01.079 DEBUG  Queuing item for routing: Pin on net 'I2S_DIN' (connected: 1/2)
2026-08-15 20:16:01.079 DEBUG  Queuing item for routing: Pin on net 'I2S_LRCLK' (connected: 1/2)
2026-08-15 20:16:01.079 DEBUG  Queuing item for routing: Pin on net 'I2S_DOUT' (connected: 1/2)
2026-08-15 20:16:01.080 DEBUG  Queuing item for routing: Pin on net 'GND' (connected: 1/420)
2026-08-15 20:16:01.080 DEBUG  Queuing item for routing: Pin on net 'GND' (connected: 1/420)
2026-08-15 20:16:01.080 DEBUG  Queuing item for routing: Pin on net 'GND' (connected: 1/420)
2026-08-15 20:16:01.080 DEBUG  Queuing item for routing: Pin on net 'GND' (connected: 1/420)
2026-08-15 20:16:01.080 DEBUG  Queuing item for routing: Pin on net 'GND' (connected: 1/420)
2026-08-15 20:16:01.080 DEBUG  Queuing item for routing: Pin on net 'GND' (connected: 1/420)
2026-08-15 20:16:01.080 DEBUG  Queuing item for routing: Pin on net 'GND' (connected: 1/420)
2026-08-15 20:16:01.080 DEBUG  Queuing item for routing: Pin on net 'GND' (connected: 1/420)
2026-08-15 20:16:01.080 DEBUG  Queuing item for routing: Pin on net 'GND' (connected: 1/420)
2026-08-15 20:16:01.080 DEBUG  Queuing item for routing: Pin on net 'PPHV' (connected: 1/10)
2026-08-15 20:16:01.080 DEBUG  Queuing item for routing: Pin on net 'GND' (connected: 1/420)
2026-08-15 20:16:01.080 DEBUG  Queuing item for routing: Pin on net 'PMID' (connected: 1/4)
2026-08-15 20:16:01.080 DEBUG  Queuing item for routing: Pin on net 'GND' (connected: 1/420)
2026-08-15 20:16:01.080 DEBUG  Queuing item for routing: Pin on net 'LDO_3V3' (connected: 1/8)
2026-08-15 20:16:01.081 DEBUG  Queuing item for routing: Pin on net 'SW_5V' (connected: 1/5)
2026-08-15 20:16:01.081 DEBUG  Queuing item for routing: Pin on net 'BST_5V' (connected: 1/2)
2026-08-15 20:16:01.081 DEBUG  Queuing item for routing: Pin on net 'GND' (connected: 1/420)
2026-08-15 20:16:01.081 DEBUG  Queuing item for routing: Pin on net 'CC2' (connected: 1/5)
2026-08-15 20:16:01.081 DEBUG  Queuing item for routing: Pin on net 'GND' (connected: 1/420)
2026-08-15 20:16:01.081 DEBUG  Queuing item for routing: Pin on net 'VBAT_SYS' (connected: 1/14)
2026-08-15 20:16:01.081 DEBUG  Queuing item for routing: Pin on net 'GND' (connected: 1/420)
2026-08-15 20:16:01.081 DEBUG  Queuing item for routing: Pin on net 'VBUS_CHARGE' (connected: 1/16)
2026-08-15 20:16:01.081 DEBUG  Queuing item for routing: Pin on net 'GND' (connected: 1/420)
2026-08-15 20:16:01.081 DEBUG  Queuing item for routing: Pin on net 'PPHV' (connected: 1/10)
2026-08-15 20:16:01.081 DEBUG  Queuing item for routing: Pin on net 'GND' (connected: 1/420)
2026-08-15 20:16:01.081 DEBUG  Queuing item for routing: Pin on net 'BAT+' (connected: 1/4)
2026-08-15 20:16:01.081 DEBUG  Queuing item for routing: Pin on net 'GND' (connected: 1/420)
2026-08-15 20:16:01.081 DEBUG  Queuing item for routing: Pin on net '+5V_SYS' (connected: 1/34)
2026-08-15 20:16:01.081 DEBUG  Queuing item for routing: Pin on net 'GND' (connected: 1/420)
2026-08-15 20:16:01.081 DEBUG  Queuing item for routing: Pin on net '+1V05_USB' (connected: 1/20)
2026-08-15 20:16:01.082 DEBUG  Queuing item for routing: Pin on net 'GND' (connected: 1/420)
2026-08-15 20:16:01.082 DEBUG  Queuing item for routing: Pin on net 'VBAT_SYS' (connected: 1/14)
2026-08-15 20:16:01.082 DEBUG  Queuing item for routing: Pin on net 'GND' (connected: 1/420)
2026-08-15 20:16:01.082 DEBUG  Queuing item for routing: Pin on net 'FB_5V' (connected: 1/4)
2026-08-15 20:16:01.082 DEBUG  Queuing item for routing: Pin on net 'GND' (connected: 1/420)
2026-08-15 20:16:01.082 DEBUG  Queuing item for routing: Pin on net 'VBUS_CHARGE' (connected: 1/16)
2026-08-15 20:16:01.082 DEBUG  Queuing item for routing: Pin on net 'GND' (connected: 1/420)
2026-08-15 20:16:01.082 DEBUG  Queuing item for routing: Pin on net 'PPHV' (connected: 1/10)
2026-08-15 20:16:01.082 DEBUG  Queuing item for routing: Pin on net 'GND' (connected: 1/420)
2026-08-15 20:16:01.082 DEBUG  Queuing item for routing: Pin on net 'LDO_1V5' (connected: 1/4)
2026-08-15 20:16:01.082 DEBUG  Queuing item for routing: Pin on net 'GND' (connected: 1/420)
2026-08-15 20:16:01.082 DEBUG  Queuing item for routing: Pin on net '+3V3' (connected: 1/60)
2026-08-15 20:16:01.082 DEBUG  Queuing item for routing: Pin on net 'GND' (connected: 1/420)
2026-08-15 20:16:01.082 DEBUG  Queuing item for routing: Pin on net 'VCC_5V' (connected: 1/3)
2026-08-15 20:16:01.082 DEBUG  Queuing item for routing: Pin on net 'GND' (connected: 1/420)
2026-08-15 20:16:01.083 DEBUG  Queuing item for routing: Pin on net '+5V_SYS' (connected: 1/34)
2026-08-15 20:16:01.083 DEBUG  Queuing item for routing: Pin on net 'GND' (connected: 1/420)
2026-08-15 20:16:01.083 DEBUG  Queuing item for routing: Pin on net 'CC1' (connected: 1/5)
2026-08-15 20:16:01.083 DEBUG  Queuing item for routing: Pin on net 'GND' (connected: 1/420)
2026-08-15 20:16:01.083 DEBUG  Queuing item for routing: Pin on net 'VBUS_CHARGE' (connected: 1/16)
2026-08-15 20:16:01.083 DEBUG  Queuing item for routing: Pin on net 'GND' (connected: 1/420)
2026-08-15 20:16:01.083 DEBUG  Queuing item for routing: Pin on net '+1V05_USB' (connected: 1/20)
2026-08-15 20:16:01.083 DEBUG  Queuing item for routing: Pin on net 'GND' (connected: 1/420)
2026-08-15 20:16:01.083 DEBUG  Queuing item for routing: Pin on net 'VBAT_SYS' (connected: 1/14)
2026-08-15 20:16:01.083 DEBUG  Queuing item for routing: Pin on net 'GND' (connected: 1/420)
2026-08-15 20:16:01.083 DEBUG  Queuing item for routing: Pin on net 'VBAT_SYS' (connected: 1/14)
2026-08-15 20:16:01.083 DEBUG  Queuing item for routing: Pin on net 'GND' (connected: 1/420)
2026-08-15 20:16:01.083 DEBUG  Queuing item for routing: Pin on net '+3V3' (connected: 1/60)
2026-08-15 20:16:01.084 DEBUG  Queuing item for routing: Pin on net 'SW2' (connected: 1/3)
2026-08-15 20:16:01.084 DEBUG  Queuing item for routing: Pin on net 'BST2' (connected: 1/2)
2026-08-15 20:16:01.084 DEBUG  Queuing item for routing: Pin on net 'GND' (connected: 1/420)
2026-08-15 20:16:01.084 DEBUG  Queuing item for routing: Pin on net 'REGN' (connected: 1/3)
2026-08-15 20:16:01.084 DEBUG  Queuing item for routing: Pin on net 'GND' (connected: 1/420)
2026-08-15 20:16:01.084 DEBUG  Queuing item for routing: Pin on net 'VBUS_CHARGE' (connected: 1/16)
2026-08-15 20:16:01.084 DEBUG  Queuing item for routing: Pin on net 'GND' (connected: 1/420)
2026-08-15 20:16:01.084 DEBUG  Queuing item for routing: Pin on net 'VBAT_SYS' (connected: 1/14)
2026-08-15 20:16:01.084 DEBUG  Queuing item for routing: Pin on net 'GND' (connected: 1/420)
2026-08-15 20:16:01.084 DEBUG  Queuing item for routing: Pin on net 'PMID' (connected: 1/4)
2026-08-15 20:16:01.084 DEBUG  Queuing item for routing: Pin on net 'GND' (connected: 1/420)
2026-08-15 20:16:01.084 DEBUG  Queuing item for routing: Pin on net 'PMID' (connected: 1/4)
2026-08-15 20:16:01.085 DEBUG  Queuing item for routing: Pin on net 'SW1' (connected: 1/3)
2026-08-15 20:16:01.085 DEBUG  Queuing item for routing: Pin on net 'BST1' (connected: 1/2)
2026-08-15 20:16:01.085 DEBUG  Queuing item for routing: Pin on net 'GND' (connected: 1/420)
2026-08-15 20:16:01.085 DEBUG  Queuing item for routing: Pin on net 'VBAT_SYS' (connected: 1/14)
2026-08-15 20:16:01.085 DEBUG  Queuing item for routing: Pin on net 'GND' (connected: 1/420)
2026-08-15 20:16:01.085 DEBUG  Queuing item for routing: Pin on net 'VBAT_SYS' (connected: 1/14)
2026-08-15 20:16:01.085 DEBUG  Queuing item for routing: Pin on net 'GND' (connected: 1/420)
2026-08-15 20:16:01.085 DEBUG  Queuing item for routing: Pin on net 'GND' (connected: 1/420)
2026-08-15 20:16:01.085 DEBUG  Queuing item for routing: Pin on net 'MIC_R_RAW_N' (connected: 1/2)
2026-08-15 20:16:01.085 DEBUG  Queuing item for routing: Pin on net '+2V8_MIC' (connected: 1/4)
2026-08-15 20:16:01.085 DEBUG  Queuing item for routing: Pin on net 'MIC_R_RAW_P' (connected: 1/2)
2026-08-15 20:16:01.085 DEBUG  Queuing item for routing: Pin on net '+2V8_MIC' (connected: 1/4)
2026-08-15 20:16:01.085 DEBUG  Queuing item for routing: Pin on net '+3V3_AUDIO' (connected: 1/7)
2026-08-15 20:16:01.085 DEBUG  Queuing item for routing: Pin on net 'GND' (connected: 1/420)
2026-08-15 20:16:01.085 DEBUG  Queuing item for routing: Pin on net '+3V3_AUDIO' (connected: 1/7)
2026-08-15 20:16:01.085 DEBUG  Queuing item for routing: Pin on net 'PCIE_RST_N' (connected: 1/2)
2026-08-15 20:16:01.086 DEBUG  Queuing item for routing: Pin on net '+3V3' (connected: 1/60)
2026-08-15 20:16:01.086 DEBUG  Queuing item for routing: Pin on net '+1V05_USB' (connected: 1/20)
2026-08-15 20:16:01.086 DEBUG  Queuing item for routing: Pin on net '+1V05_USB' (connected: 1/20)
2026-08-15 20:16:01.086 DEBUG  Queuing item for routing: Pin on net 'USB2_HOST_DM' (connected: 1/4)
2026-08-15 20:16:01.086 DEBUG  Queuing item for routing: Pin on net 'USB2_HOST_DP' (connected: 1/4)
2026-08-15 20:16:01.086 DEBUG  Queuing item for routing: Pin on net '+3V3' (connected: 1/60)
2026-08-15 20:16:01.086 DEBUG  Queuing item for routing: Pin on net '+1V05_USB' (connected: 1/20)
2026-08-15 20:16:01.086 DEBUG  Queuing item for routing: Pin on net 'USB3_RX_N' (connected: 1/2)
2026-08-15 20:16:01.086 DEBUG  Queuing item for routing: Pin on net 'USB3_RX_P' (connected: 1/2)
2026-08-15 20:16:01.086 DEBUG  Queuing item for routing: Pin on net '+1V05_USB' (connected: 1/20)
2026-08-15 20:16:01.086 DEBUG  Queuing item for routing: Pin on net 'USB3_TX_N' (connected: 1/2)
2026-08-15 20:16:01.086 DEBUG  Queuing item for routing: Pin on net 'USB3_TX_P' (connected: 1/2)
2026-08-15 20:16:01.086 DEBUG  Queuing item for routing: Pin on net 'GND' (connected: 1/420)
2026-08-15 20:16:01.086 DEBUG  Queuing item for routing: Pin on net 'USB3_RREF' (connected: 1/2)
2026-08-15 20:16:01.087 DEBUG  Queuing item for routing: Pin on net '+3V3' (connected: 1/60)
2026-08-15 20:16:01.087 DEBUG  Queuing item for routing: Pin on net 'USB3_XT1' (connected: 1/2)
2026-08-15 20:16:01.087 DEBUG  Queuing item for routing: Pin on net 'USB3_XT2' (connected: 1/2)
2026-08-15 20:16:01.087 DEBUG  Queuing item for routing: Pin on net '+3V3' (connected: 1/60)
2026-08-15 20:16:01.087 DEBUG  Queuing item for routing: Pin on net '+1V05_USB' (connected: 1/20)
2026-08-15 20:16:01.087 DEBUG  Queuing item for routing: Pin on net 'USB_OC_N' (connected: 1/3)
2026-08-15 20:16:01.087 DEBUG  Queuing item for routing: Pin on net 'SPI_MOSI' (connected: 1/2)
2026-08-15 20:16:01.087 DEBUG  Queuing item for routing: Pin on net 'SPI_CLK' (connected: 1/2)
2026-08-15 20:16:01.087 DEBUG  Queuing item for routing: Pin on net 'SPI_CS_N' (connected: 1/2)
2026-08-15 20:16:01.087 DEBUG  Queuing item for routing: Pin on net 'SPI_MISO' (connected: 1/2)
2026-08-15 20:16:01.087 DEBUG  Queuing item for routing: Pin on net '+3V3' (connected: 1/60)
2026-08-15 20:16:01.088 DEBUG  Queuing item for routing: Pin on net 'USB3_POR_N' (connected: 1/3)
2026-08-15 20:16:01.088 DEBUG  Queuing item for routing: Pin on net 'PCIE_CLKREQ_N' (connected: 1/3)
2026-08-15 20:16:01.088 DEBUG  Queuing item for routing: Pin on net '+1V05_USB' (connected: 1/20)
2026-08-15 20:16:01.088 DEBUG  Queuing item for routing: Pin on net 'PCIE_TX_N' (connected: 1/2)
2026-08-15 20:16:01.088 DEBUG  Queuing item for routing: Pin on net 'PCIE_TX_P' (connected: 1/2)
2026-08-15 20:16:01.088 DEBUG  Queuing item for routing: Pin on net '+1V05_USB' (connected: 1/20)
2026-08-15 20:16:01.088 DEBUG  Queuing item for routing: Pin on net 'PCIE_RX_USB3_N' (connected: 1/2)
2026-08-15 20:16:01.088 DEBUG  Queuing item for routing: Pin on net 'PCIE_RX_USB3_P' (connected: 1/2)
2026-08-15 20:16:01.088 DEBUG  Queuing item for routing: Pin on net '+3V3' (connected: 1/60)
2026-08-15 20:16:01.088 DEBUG  Queuing item for routing: Pin on net 'PCIE_CLK_N' (connected: 1/2)
2026-08-15 20:16:01.088 DEBUG  Queuing item for routing: Pin on net 'PCIE_CLK_P' (connected: 1/2)
2026-08-15 20:16:01.088 DEBUG  Queuing item for routing: Pin on net '+3V3' (connected: 1/60)
2026-08-15 20:16:01.088 DEBUG  Queuing item for routing: Pin on net 'GND' (connected: 1/420)
2026-08-15 20:16:01.088 DEBUG  Queuing item for routing: Pin on net 'GND' (connected: 1/420)
2026-08-15 20:16:01.088 DEBUG  Queuing item for routing: Pin on net 'TYPEC_ATTACHED_N' (connected: 1/3)
2026-08-15 20:16:01.088 DEBUG  Queuing item for routing: Pin on net 'I2C_SCL' (connected: 1/8)
2026-08-15 20:16:01.089 DEBUG  Queuing item for routing: Pin on net 'I2C_SDA' (connected: 1/8)
2026-08-15 20:16:01.089 DEBUG  Queuing item for routing: Pin on net 'TYPEC_INT_N' (connected: 1/3)
2026-08-15 20:16:01.089 DEBUG  Queuing item for routing: Pin on net 'GND' (connected: 1/420)
2026-08-15 20:16:01.089 DEBUG  Queuing item for routing: Pin on net '+3V3' (connected: 1/60)
2026-08-15 20:16:01.089 DEBUG  Queuing item for routing: Pin on net 'CC2' (connected: 1/5)
2026-08-15 20:16:01.089 DEBUG  Queuing item for routing: Pin on net 'CC1' (connected: 1/5)
2026-08-15 20:16:01.089 DEBUG  Queuing item for routing: Pin on net 'GND' (connected: 1/420)
2026-08-15 20:16:01.089 DEBUG  Queuing item for routing: Pin on net 'R_LED3_N' (connected: 1/2)
2026-08-15 20:16:01.089 DEBUG  Queuing item for routing: Pin on net 'R_LCD_LEDPWM' (connected: 1/4)
2026-08-15 20:16:01.089 DEBUG  Queuing item for routing: Pin on net 'R_LED2_N' (connected: 1/2)
2026-08-15 20:16:01.089 DEBUG  Queuing item for routing: Pin on net 'GND' (connected: 1/420)
2026-08-15 20:16:01.089 DEBUG  Queuing item for routing: Pin on net 'R_LED1_N' (connected: 1/2)
2026-08-15 20:16:01.089 DEBUG  Queuing item for routing: Pin on net 'R_LCD_TE' (connected: 1/3)
2026-08-15 20:16:01.089 DEBUG  Queuing item for routing: Pin on net 'GND' (connected: 1/420)
2026-08-15 20:16:01.089 DEBUG  Queuing item for routing: Pin on net 'R_LCD_RESET' (connected: 1/3)
2026-08-15 20:16:01.090 DEBUG  Queuing item for routing: Pin on net 'LED_BOOST' (connected: 1/6)
2026-08-15 20:16:01.090 DEBUG  Queuing item for routing: Pin on net 'GND' (connected: 1/420)
2026-08-15 20:16:01.090 DEBUG  Queuing item for routing: Pin on net 'GND' (connected: 1/420)
2026-08-15 20:16:01.090 DEBUG  Queuing item for routing: Pin on net 'R_DSIB_D0_N' (connected: 1/2)
2026-08-15 20:16:01.090 DEBUG  Queuing item for routing: Pin on net 'R_DSIB_D3_N' (connected: 1/2)
2026-08-15 20:16:01.090 DEBUG  Queuing item for routing: Pin on net 'R_DSIB_D0_P' (connected: 1/2)
2026-08-15 20:16:01.090 DEBUG  Queuing item for routing: Pin on net 'R_DSIB_D3_P' (connected: 1/2)
2026-08-15 20:16:01.090 DEBUG  Queuing item for routing: Pin on net 'GND' (connected: 1/420)
2026-08-15 20:16:01.090 DEBUG  Queuing item for routing: Pin on net 'GND' (connected: 1/420)
2026-08-15 20:16:01.090 DEBUG  Queuing item for routing: Pin on net 'R_DSIB_D1_N' (connected: 1/2)
2026-08-15 20:16:01.090 DEBUG  Queuing item for routing: Pin on net 'R_DSIB_CLK_N' (connected: 1/2)
2026-08-15 20:16:01.090 DEBUG  Queuing item for routing: Pin on net 'R_DSIB_D1_P' (connected: 1/2)
2026-08-15 20:16:01.090 DEBUG  Queuing item for routing: Pin on net 'R_DSIB_CLK_P' (connected: 1/2)
2026-08-15 20:16:01.090 DEBUG  Queuing item for routing: Pin on net 'GND' (connected: 1/420)
2026-08-15 20:16:01.090 DEBUG  Queuing item for routing: Pin on net 'GND' (connected: 1/420)
2026-08-15 20:16:01.090 DEBUG  Queuing item for routing: Pin on net 'R_DSIA_D2_P' (connected: 1/2)
2026-08-15 20:16:01.090 DEBUG  Queuing item for routing: Pin on net 'R_DSIB_D2_N' (connected: 1/2)
2026-08-15 20:16:01.090 DEBUG  Queuing item for routing: Pin on net 'R_DSIA_D2_N' (connected: 1/2)
2026-08-15 20:16:01.090 DEBUG  Queuing item for routing: Pin on net 'R_DSIB_D2_P' (connected: 1/2)
2026-08-15 20:16:01.091 DEBUG  Queuing item for routing: Pin on net 'GND' (connected: 1/420)
2026-08-15 20:16:01.091 DEBUG  Queuing item for routing: Pin on net 'GND' (connected: 1/420)
2026-08-15 20:16:01.091 DEBUG  Queuing item for routing: Pin on net 'R_DSIA_CLK_P' (connected: 1/2)
2026-08-15 20:16:01.091 DEBUG  Queuing item for routing: Pin on net 'R_DSIA_D1_P' (connected: 1/2)
2026-08-15 20:16:01.091 DEBUG  Queuing item for routing: Pin on net 'R_DSIA_CLK_N' (connected: 1/2)
2026-08-15 20:16:01.091 DEBUG  Queuing item for routing: Pin on net 'R_DSIA_D1_N' (connected: 1/2)
2026-08-15 20:16:01.091 DEBUG  Queuing item for routing: Pin on net 'GND' (connected: 1/420)
2026-08-15 20:16:01.091 DEBUG  Queuing item for routing: Pin on net 'GND' (connected: 1/420)
2026-08-15 20:16:01.091 DEBUG  Queuing item for routing: Pin on net 'R_DSIA_D3_P' (connected: 1/2)
2026-08-15 20:16:01.091 DEBUG  Queuing item for routing: Pin on net 'R_DSIA_D0_P' (connected: 1/2)
2026-08-15 20:16:01.091 DEBUG  Queuing item for routing: Pin on net 'R_DSIA_D3_N' (connected: 1/2)
2026-08-15 20:16:01.091 DEBUG  Queuing item for routing: Pin on net 'R_DSIA_D0_N' (connected: 1/2)
2026-08-15 20:16:01.091 DEBUG  Queuing item for routing: Pin on net 'GND' (connected: 1/420)
2026-08-15 20:16:01.091 DEBUG  Queuing item for routing: Pin on net 'GND' (connected: 1/420)
2026-08-15 20:16:01.091 DEBUG  Queuing item for routing: Pin on net 'R_S1_TEST' (connected: 1/2)
2026-08-15 20:16:01.091 DEBUG  Queuing item for routing: Pin on net 'LCD_VSN' (connected: 1/7)
2026-08-15 20:16:01.091 DEBUG  Queuing item for routing: Pin on net 'GND' (connected: 1/420)
2026-08-15 20:16:01.092 DEBUG  Queuing item for routing: Pin on net 'GND' (connected: 1/420)
2026-08-15 20:16:01.092 DEBUG  Queuing item for routing: Pin on net 'DISPLAY_1V8' (connected: 1/28)
2026-08-15 20:16:01.092 DEBUG  Queuing item for routing: Pin on net 'LCD_VSP' (connected: 1/7)
2026-08-15 20:16:01.092 DEBUG  Queuing item for routing: Pin on net 'DISPLAY_1V8' (connected: 1/28)
2026-08-15 20:16:01.092 DEBUG  Queuing item for routing: Pin on net 'GND' (connected: 1/420)
2026-08-15 20:16:01.092 DEBUG  Queuing item for routing: Pin on net 'GND' (connected: 1/420)
2026-08-15 20:16:01.092 DEBUG  Queuing item for routing: Pin on net '+5V_SYS' (connected: 1/34)
2026-08-15 20:16:01.092 DEBUG  Queuing item for routing: Pin on net 'GND' (connected: 1/420)
2026-08-15 20:16:01.092 DEBUG  Queuing item for routing: Pin on net 'TYPEC_ATTACHED_N' (connected: 1/3)
2026-08-15 20:16:01.092 DEBUG  Queuing item for routing: Pin on net 'USB_OC_N' (connected: 1/3)
2026-08-15 20:16:01.092 DEBUG  Queuing item for routing: Pin on net 'USB_ILIM' (connected: 1/2)
2026-08-15 20:16:01.092 DEBUG  Queuing item for routing: Pin on net 'VBUS_USB_HOST' (connected: 1/5)
2026-08-15 20:16:01.092 DEBUG  Queuing item for routing: Pin on net 'GND' (connected: 1/420)
2026-08-15 20:16:01.092 DEBUG  Queuing item for routing: Pin on net 'VBUS_CHARGE' (connected: 1/16)
2026-08-15 20:16:01.092 DEBUG  Queuing item for routing: Pin on net 'VBUS_CHARGE' (connected: 1/16)
2026-08-15 20:16:01.092 DEBUG  Queuing item for routing: Pin on net 'VBUS_CHARGE' (connected: 1/16)
2026-08-15 20:16:01.092 DEBUG  Queuing item for routing: Pin on net 'GND' (connected: 1/420)
2026-08-15 20:16:01.092 DEBUG  Queuing item for routing: Pin on net 'GND' (connected: 1/420)
2026-08-15 20:16:01.093 DEBUG  Queuing item for routing: Pin on net 'GND' (connected: 1/420)
2026-08-15 20:16:01.093 DEBUG  Queuing item for routing: Pin on net 'GND' (connected: 1/420)
2026-08-15 20:16:01.093 DEBUG  Queuing item for routing: Pin on net 'USB2_HOST_DM' (connected: 1/4)
2026-08-15 20:16:01.093 DEBUG  Queuing item for routing: Pin on net 'USB2_HOST_DP' (connected: 1/4)
2026-08-15 20:16:01.093 DEBUG  Queuing item for routing: Pin on net '+3V3' (connected: 1/60)
2026-08-15 20:16:01.093 DEBUG  Queuing item for routing: Pin on net 'USB3_POR_N' (connected: 1/3)
2026-08-15 20:16:01.093 DEBUG  Queuing item for routing: Pin on net 'GND' (connected: 1/420)
2026-08-15 20:16:01.093 DEBUG  Queuing item for routing: Pin on net 'GND' (connected: 1/420)
2026-08-15 20:16:01.093 DEBUG  Queuing item for routing: Pin on net 'GND' (connected: 1/420)
2026-08-15 20:16:01.093 DEBUG  Queuing item for routing: Pin on net 'MIC_L_RAW_N' (connected: 1/2)
2026-08-15 20:16:01.093 DEBUG  Queuing item for routing: Pin on net '+2V8_MIC' (connected: 1/4)
2026-08-15 20:16:01.093 DEBUG  Queuing item for routing: Pin on net 'MIC_L_RAW_P' (connected: 1/2)
2026-08-15 20:16:01.093 DEBUG  Queuing item for routing: Pin on net 'GND' (connected: 1/420)
2026-08-15 20:16:01.093 DEBUG  Queuing item for routing: Pin on net 'USB_C_RX1_N' (connected: 1/3)
2026-08-15 20:16:01.093 DEBUG  Queuing item for routing: Pin on net 'USB_C_RX1_P' (connected: 1/3)
2026-08-15 20:16:01.093 DEBUG  Queuing item for routing: Pin on net 'GND' (connected: 1/420)
2026-08-15 20:16:01.094 DEBUG  Queuing item for routing: Pin on net 'USB_C_TX1_N' (connected: 1/3)
2026-08-15 20:16:01.094 DEBUG  Queuing item for routing: Pin on net 'USB_C_TX1_P' (connected: 1/3)
2026-08-15 20:16:01.094 DEBUG  Queuing item for routing: Pin on net 'DISPLAY_1V8' (connected: 1/28)
2026-08-15 20:16:01.094 DEBUG  Queuing item for routing: Pin on net 'R_REFCLK' (connected: 1/2)
2026-08-15 20:16:01.094 DEBUG  Queuing item for routing: Pin on net 'GND' (connected: 1/420)
2026-08-15 20:16:01.094 DEBUG  Queuing item for routing: Pin on net 'DISPLAY_1V8' (connected: 1/28)
2026-08-15 20:16:01.094 DEBUG  Queuing item for routing: Pin on net 'DISPLAY_1V8' (connected: 1/28)
2026-08-15 20:16:01.094 DEBUG  Queuing item for routing: Pin on net 'L_REFCLK' (connected: 1/2)
2026-08-15 20:16:01.094 DEBUG  Queuing item for routing: Pin on net 'GND' (connected: 1/420)
2026-08-15 20:16:01.094 DEBUG  Queuing item for routing: Pin on net 'DISPLAY_1V8' (connected: 1/28)
2026-08-15 20:16:01.094 DEBUG  Queuing item for routing: Pin on net 'GND' (connected: 1/420)
2026-08-15 20:16:01.094 DEBUG  Queuing item for routing: Pin on net 'R_REFCLK' (connected: 1/2)
2026-08-15 20:16:01.094 DEBUG  Queuing item for routing: Pin on net 'R_BRIDGE_RESETN' (connected: 1/2)
2026-08-15 20:16:01.094 DEBUG  Queuing item for routing: Pin on net 'R_1V15_CORE' (connected: 1/5)
2026-08-15 20:16:01.095 DEBUG  Queuing item for routing: Pin on net 'DISPLAY_I2C_SCL_1V8' (connected: 1/7)
2026-08-15 20:16:01.095 DEBUG  Queuing item for routing: Pin on net 'DISPLAY_I2C_SDA_1V8' (connected: 1/7)
2026-08-15 20:16:01.095 DEBUG  Queuing item for routing: Pin on net 'R_PFIL' (connected: 1/2)
2026-08-15 20:16:01.095 DEBUG  Queuing item for routing: Pin on net 'R_PCKIN' (connected: 1/2)
2026-08-15 20:16:01.095 DEBUG  Queuing item for routing: Pin on net 'R_1V2_MIPI0' (connected: 1/4)
2026-08-15 20:16:01.095 DEBUG  Queuing item for routing: Pin on net 'R_1V8_IO' (connected: 1/4)
2026-08-15 20:16:01.095 DEBUG  Queuing item for routing: Pin on net 'R_BRIDGE_INT' (connected: 1/3)
2026-08-15 20:16:01.095 DEBUG  Queuing item for routing: Pin on net 'R_BIASDA' (connected: 1/2)
2026-08-15 20:16:01.095 DEBUG  Queuing item for routing: Pin on net 'R_DSIA_D0_P' (connected: 1/2)
2026-08-15 20:16:01.095 DEBUG  Queuing item for routing: Pin on net 'R_DSIA_D0_N' (connected: 1/2)
2026-08-15 20:16:01.095 DEBUG  Queuing item for routing: Pin on net 'R_3V3_IO' (connected: 1/3)
2026-08-15 20:16:01.095 DEBUG  Queuing item for routing: Pin on net 'GND' (connected: 1/420)
2026-08-15 20:16:01.095 DEBUG  Queuing item for routing: Pin on net 'R_DSIA_D1_P' (connected: 1/2)
2026-08-15 20:16:01.095 DEBUG  Queuing item for routing: Pin on net 'R_DSIA_D1_N' (connected: 1/2)
2026-08-15 20:16:01.095 DEBUG  Queuing item for routing: Pin on net 'GND' (connected: 1/420)
2026-08-15 20:16:01.096 DEBUG  Queuing item for routing: Pin on net 'GND' (connected: 1/420)
2026-08-15 20:16:01.096 DEBUG  Queuing item for routing: Pin on net 'GND' (connected: 1/420)
2026-08-15 20:16:01.096 DEBUG  Queuing item for routing: Pin on net 'GND' (connected: 1/420)
2026-08-15 20:16:01.096 DEBUG  Queuing item for routing: Pin on net 'R_1V15_HDMI' (connected: 1/4)
2026-08-15 20:16:01.096 DEBUG  Queuing item for routing: Pin on net 'R_3V3_HDMI' (connected: 1/7)
2026-08-15 20:16:01.096 DEBUG  Queuing item for routing: Pin on net 'R_DSIA_CLK_P' (connected: 1/2)
2026-08-15 20:16:01.096 DEBUG  Queuing item for routing: Pin on net 'R_DSIA_CLK_N' (connected: 1/2)
2026-08-15 20:16:01.096 DEBUG  Queuing item for routing: Pin on net 'GND' (connected: 1/420)
2026-08-15 20:16:01.096 DEBUG  Queuing item for routing: Pin on net 'GND' (connected: 1/420)
2026-08-15 20:16:01.096 DEBUG  Queuing item for routing: Pin on net 'GND' (connected: 1/420)
2026-08-15 20:16:01.096 DEBUG  Queuing item for routing: Pin on net 'GND' (connected: 1/420)
2026-08-15 20:16:01.096 DEBUG  Queuing item for routing: Pin on net 'HDMI_R_D2_N' (connected: 1/2)
2026-08-15 20:16:01.096 DEBUG  Queuing item for routing: Pin on net 'HDMI_R_D2_P' (connected: 1/2)
2026-08-15 20:16:01.096 DEBUG  Queuing item for routing: Pin on net 'R_DSIA_D2_P' (connected: 1/2)
2026-08-15 20:16:01.096 DEBUG  Queuing item for routing: Pin on net 'R_DSIA_D2_N' (connected: 1/2)
2026-08-15 20:16:01.096 DEBUG  Queuing item for routing: Pin on net 'GND' (connected: 1/420)
2026-08-15 20:16:01.097 DEBUG  Queuing item for routing: Pin on net 'GND' (connected: 1/420)
2026-08-15 20:16:01.097 DEBUG  Queuing item for routing: Pin on net 'GND' (connected: 1/420)
2026-08-15 20:16:01.097 DEBUG  Queuing item for routing: Pin on net 'GND' (connected: 1/420)
2026-08-15 20:16:01.097 DEBUG  Queuing item for routing: Pin on net 'HDMI_R_D1_N' (connected: 1/2)
2026-08-15 20:16:01.097 DEBUG  Queuing item for routing: Pin on net 'HDMI_R_D1_P' (connected: 1/2)
2026-08-15 20:16:01.097 DEBUG  Queuing item for routing: Pin on net 'R_DSIA_D3_P' (connected: 1/2)
2026-08-15 20:16:01.097 DEBUG  Queuing item for routing: Pin on net 'R_DSIA_D3_N' (connected: 1/2)
2026-08-15 20:16:01.097 DEBUG  Queuing item for routing: Pin on net 'GND' (connected: 1/420)
2026-08-15 20:16:01.097 DEBUG  Queuing item for routing: Pin on net 'GND' (connected: 1/420)
2026-08-15 20:16:01.097 DEBUG  Queuing item for routing: Pin on net 'GND' (connected: 1/420)
2026-08-15 20:16:01.097 DEBUG  Queuing item for routing: Pin on net 'GND' (connected: 1/420)
2026-08-15 20:16:01.097 DEBUG  Queuing item for routing: Pin on net 'HDMI_R_D0_N' (connected: 1/2)
2026-08-15 20:16:01.097 DEBUG  Queuing item for routing: Pin on net 'HDMI_R_D0_P' (connected: 1/2)
2026-08-15 20:16:01.097 DEBUG  Queuing item for routing: Pin on net 'R_1V15_CORE' (connected: 1/5)
2026-08-15 20:16:01.097 DEBUG  Queuing item for routing: Pin on net 'GND' (connected: 1/420)
2026-08-15 20:16:01.097 DEBUG  Queuing item for routing: Pin on net 'HDMI_R_CLK_N' (connected: 1/2)
2026-08-15 20:16:01.097 DEBUG  Queuing item for routing: Pin on net 'HDMI_R_CLK_P' (connected: 1/2)
2026-08-15 20:16:01.097 DEBUG  Queuing item for routing: Pin on net 'R_1V2_MIPI1' (connected: 1/3)
2026-08-15 20:16:01.098 DEBUG  Queuing item for routing: Pin on net 'R_DSIB_D0_N' (connected: 1/2)
2026-08-15 20:16:01.098 DEBUG  Queuing item for routing: Pin on net 'R_DSIB_D1_N' (connected: 1/2)
2026-08-15 20:16:01.098 DEBUG  Queuing item for routing: Pin on net 'R_DSIB_CLK_N' (connected: 1/2)
2026-08-15 20:16:01.098 DEBUG  Queuing item for routing: Pin on net 'R_DSIB_D2_N' (connected: 1/2)
2026-08-15 20:16:01.098 DEBUG  Queuing item for routing: Pin on net 'R_DSIB_D3_N' (connected: 1/2)
2026-08-15 20:16:01.098 DEBUG  Queuing item for routing: Pin on net 'HDMI_R_HPD' (connected: 1/2)
2026-08-15 20:16:01.098 DEBUG  Queuing item for routing: Pin on net 'HDMI_R_DDC_SDA' (connected: 1/2)
2026-08-15 20:16:01.098 DEBUG  Queuing item for routing: Pin on net 'R_1V15_HDMI' (connected: 1/4)
2026-08-15 20:16:01.098 DEBUG  Queuing item for routing: Pin on net 'R_3V3_HDMI' (connected: 1/7)
2026-08-15 20:16:01.098 DEBUG  Queuing item for routing: Pin on net 'GND' (connected: 1/420)
2026-08-15 20:16:01.098 DEBUG  Queuing item for routing: Pin on net 'R_DSIB_D0_P' (connected: 1/2)
2026-08-15 20:16:01.098 DEBUG  Queuing item for routing: Pin on net 'R_DSIB_D1_P' (connected: 1/2)
2026-08-15 20:16:01.098 DEBUG  Queuing item for routing: Pin on net 'R_DSIB_CLK_P' (connected: 1/2)
2026-08-15 20:16:01.098 DEBUG  Queuing item for routing: Pin on net 'R_DSIB_D2_P' (connected: 1/2)
2026-08-15 20:16:01.098 DEBUG  Queuing item for routing: Pin on net 'R_DSIB_D3_P' (connected: 1/2)
2026-08-15 20:16:01.098 DEBUG  Queuing item for routing: Pin on net 'R_HPDI' (connected: 1/3)
2026-08-15 20:16:01.098 DEBUG  Queuing item for routing: Pin on net 'HDMI_R_DDC_SCL' (connected: 1/2)
2026-08-15 20:16:01.098 DEBUG  Queuing item for routing: Pin on net 'HDMI_R_CEC' (connected: 1/2)
2026-08-15 20:16:01.098 DEBUG  Queuing item for routing: Pin on net 'R_REXT' (connected: 1/2)
2026-08-15 20:16:01.098 DEBUG  Queuing item for routing: Pin on net 'DISPLAY_1V8' (connected: 1/28)
2026-08-15 20:16:01.098 DEBUG  Queuing item for routing: Pin on net 'DISPLAY_I2C_SCL_1V8' (connected: 1/7)
2026-08-15 20:16:01.099 DEBUG  Queuing item for routing: Pin on net '+3V3' (connected: 1/60)
2026-08-15 20:16:01.099 DEBUG  Queuing item for routing: Pin on net 'I2C_SCL' (connected: 1/8)
2026-08-15 20:16:01.099 DEBUG  Queuing item for routing: Pin on net 'DISPLAY_1V8' (connected: 1/28)
2026-08-15 20:16:01.099 DEBUG  Queuing item for routing: Pin on net 'DISPLAY_GPIO_RESETN' (connected: 1/2)
2026-08-15 20:16:01.099 DEBUG  Queuing item for routing: Pin on net 'DISPLAY_1V8' (connected: 1/28)
2026-08-15 20:16:01.099 DEBUG  Queuing item for routing: Pin on net 'DISPLAY_GPIO_INT_N' (connected: 1/2)
2026-08-15 20:16:01.099 DEBUG  Queuing item for routing: Pin on net 'DISPLAY_1V8' (connected: 1/28)
2026-08-15 20:16:01.099 DEBUG  Queuing item for routing: Pin on net 'DISPLAY_I2C_SDA_1V8' (connected: 1/7)
2026-08-15 20:16:01.099 DEBUG  Queuing item for routing: Pin on net '+3V3' (connected: 1/60)
2026-08-15 20:16:01.099 DEBUG  Queuing item for routing: Pin on net 'I2C_SDA' (connected: 1/8)
2026-08-15 20:16:01.099 DEBUG  Queuing item for routing: Pin on net 'GND' (connected: 1/420)
2026-08-15 20:16:01.099 DEBUG  Queuing item for routing: Pin on net 'USB_C_RX1_P' (connected: 1/3)
2026-08-15 20:16:01.099 DEBUG  Queuing item for routing: Pin on net 'USB_C_RX1_N' (connected: 1/3)
2026-08-15 20:16:01.099 DEBUG  Queuing item for routing: Pin on net 'VBUS_USB_HOST' (connected: 1/5)
2026-08-15 20:16:01.099 DEBUG  Queuing item for routing: Pin on net 'USB2_HOST_DM' (connected: 1/4)
2026-08-15 20:16:01.099 DEBUG  Queuing item for routing: Pin on net 'USB2_HOST_DP' (connected: 1/4)
2026-08-15 20:16:01.099 DEBUG  Queuing item for routing: Pin on net 'CC2' (connected: 1/5)
2026-08-15 20:16:01.099 DEBUG  Queuing item for routing: Pin on net 'VBUS_USB_HOST' (connected: 1/5)
2026-08-15 20:16:01.099 DEBUG  Queuing item for routing: Pin on net 'USB_C_TX2_N' (connected: 1/3)
2026-08-15 20:16:01.099 DEBUG  Queuing item for routing: Pin on net 'USB_C_TX2_P' (connected: 1/3)
2026-08-15 20:16:01.100 DEBUG  Queuing item for routing: Pin on net 'GND' (connected: 1/420)
2026-08-15 20:16:01.100 DEBUG  Queuing item for routing: Pin on net 'GND' (connected: 1/420)
2026-08-15 20:16:01.100 DEBUG  Queuing item for routing: Pin on net 'USB_C_RX2_P' (connected: 1/3)
2026-08-15 20:16:01.100 DEBUG  Queuing item for routing: Pin on net 'USB_C_RX2_N' (connected: 1/3)
2026-08-15 20:16:01.100 DEBUG  Queuing item for routing: Pin on net 'VBUS_USB_HOST' (connected: 1/5)
2026-08-15 20:16:01.100 DEBUG  Queuing item for routing: Pin on net 'USB2_HOST_DM' (connected: 1/4)
2026-08-15 20:16:01.100 DEBUG  Queuing item for routing: Pin on net 'USB2_HOST_DP' (connected: 1/4)
2026-08-15 20:16:01.100 DEBUG  Queuing item for routing: Pin on net 'CC1' (connected: 1/5)
2026-08-15 20:16:01.100 DEBUG  Queuing item for routing: Pin on net 'VBUS_USB_HOST' (connected: 1/5)
2026-08-15 20:16:01.100 DEBUG  Queuing item for routing: Pin on net 'USB_C_TX1_N' (connected: 1/3)
2026-08-15 20:16:01.100 DEBUG  Queuing item for routing: Pin on net 'USB_C_TX1_P' (connected: 1/3)
2026-08-15 20:16:01.100 DEBUG  Queuing item for routing: Pin on net 'GND' (connected: 1/420)
2026-08-15 20:16:01.100 DEBUG  Queuing item for routing: Pin on net 'GND' (connected: 1/420)
2026-08-15 20:16:01.100 DEBUG  Queuing item for routing: Pin on net 'USB3_XT2' (connected: 1/2)
2026-08-15 20:16:01.100 DEBUG  Queuing item for routing: Pin on net 'GND' (connected: 1/420)
2026-08-15 20:16:01.100 DEBUG  Queuing item for routing: Pin on net 'USB3_XT1' (connected: 1/2)
2026-08-15 20:16:01.100 DEBUG  Queuing item for routing: Pin on net 'AUDIO_RESET_N' (connected: 1/2)
2026-08-15 20:16:01.100 DEBUG  Queuing item for routing: Pin on net '+3V3' (connected: 1/60)
2026-08-15 20:16:01.100 DEBUG  Queuing item for routing: Pin on net 'AUDIO_1V8_LDO' (connected: 1/3)
2026-08-15 20:16:01.101 DEBUG  Queuing item for routing: Pin on net 'GND' (connected: 1/420)
2026-08-15 20:16:01.101 DEBUG  Queuing item for routing: Pin on net 'HP_R_CODEC' (connected: 1/2)
2026-08-15 20:16:01.101 DEBUG  Queuing item for routing: Pin on net '+3V3_AUDIO' (connected: 1/7)
2026-08-15 20:16:01.101 DEBUG  Queuing item for routing: Pin on net 'HP_L_CODEC' (connected: 1/2)
2026-08-15 20:16:01.101 DEBUG  Queuing item for routing: Pin on net 'AUDIO_1V8_LDO' (connected: 1/3)
2026-08-15 20:16:01.101 DEBUG  Queuing item for routing: Pin on net 'JACK_MIC_CODEC' (connected: 1/2)
2026-08-15 20:16:01.101 DEBUG  Queuing item for routing: Pin on net 'MICBIAS' (connected: 1/3)
2026-08-15 20:16:01.101 DEBUG  Queuing item for routing: Pin on net 'AUDIO_REF' (connected: 1/2)
2026-08-15 20:16:01.101 DEBUG  Queuing item for routing: Pin on net 'GND' (connected: 1/420)
2026-08-15 20:16:01.101 DEBUG  Queuing item for routing: Pin on net 'MIC_L_N' (connected: 1/2)
2026-08-15 20:16:01.101 DEBUG  Queuing item for routing: Pin on net 'MIC_L_P' (connected: 1/2)
2026-08-15 20:16:01.101 DEBUG  Queuing item for routing: Pin on net 'MIC_R_P' (connected: 1/2)
2026-08-15 20:16:01.101 DEBUG  Queuing item for routing: Pin on net 'MIC_R_N' (connected: 1/2)
2026-08-15 20:16:01.101 DEBUG  Queuing item for routing: Pin on net 'GND' (connected: 1/420)
2026-08-15 20:16:01.101 DEBUG  Queuing item for routing: Pin on net 'I2C_SDA' (connected: 1/8)
2026-08-15 20:16:01.101 DEBUG  Queuing item for routing: Pin on net 'I2C_SCL' (connected: 1/8)
2026-08-15 20:16:01.102 DEBUG  Queuing item for routing: Pin on net 'GND' (connected: 1/420)
2026-08-15 20:16:01.102 DEBUG  Queuing item for routing: Pin on net '+3V3' (connected: 1/60)
2026-08-15 20:16:01.102 DEBUG  Queuing item for routing: Pin on net 'I2S_DIN' (connected: 1/2)
2026-08-15 20:16:01.102 DEBUG  Queuing item for routing: Pin on net 'I2S_DOUT' (connected: 1/2)
2026-08-15 20:16:01.102 DEBUG  Queuing item for routing: Pin on net 'I2S_LRCLK' (connected: 1/2)
2026-08-15 20:16:01.102 DEBUG  Queuing item for routing: Pin on net 'I2S_BCLK' (connected: 1/2)
2026-08-15 20:16:01.102 DEBUG  Queuing item for routing: Pin on net 'AUDIO_MCLK' (connected: 1/2)
2026-08-15 20:16:01.102 DEBUG  Queuing item for routing: Pin on net 'GND' (connected: 2/420)
2026-08-15 20:16:01.102 DEBUG  Queuing item for routing: Pin on net 'VBUS_CHARGE' (connected: 2/16)
2026-08-15 20:16:01.102 DEBUG  Queuing item for routing: Pin on net 'USB2_SERVICE_DM' (connected: 1/4)
2026-08-15 20:16:01.102 DEBUG  Queuing item for routing: Pin on net 'USB2_SERVICE_DP' (connected: 1/4)
2026-08-15 20:16:01.102 DEBUG  Queuing item for routing: Pin on net 'CC2' (connected: 1/5)
2026-08-15 20:16:01.102 DEBUG  Queuing item for routing: Pin on net 'VBUS_CHARGE' (connected: 2/16)
2026-08-15 20:16:01.102 DEBUG  Queuing item for routing: Pin on net 'GND' (connected: 2/420)
2026-08-15 20:16:01.102 DEBUG  Queuing item for routing: Pin on net 'USB2_SERVICE_DM' (connected: 1/4)
2026-08-15 20:16:01.102 DEBUG  Queuing item for routing: Pin on net 'USB2_SERVICE_DP' (connected: 1/4)
2026-08-15 20:16:01.102 DEBUG  Queuing item for routing: Pin on net 'CC1' (connected: 1/5)
2026-08-15 20:16:01.102 DEBUG  Queuing item for routing: Pin on net 'GND' (connected: 1/420)
2026-08-15 20:16:01.102 DEBUG  Queuing item for routing: Pin on net '+3V3' (connected: 1/60)
2026-08-15 20:16:01.102 DEBUG  Queuing item for routing: Pin on net 'I2C_SCL' (connected: 1/8)
2026-08-15 20:16:01.103 DEBUG  Queuing item for routing: Pin on net 'I2C_SDA' (connected: 1/8)
2026-08-15 20:16:01.103 DEBUG  Queuing item for routing: Pin on net 'PROX_INT' (connected: 1/2)
2026-08-15 20:16:01.103 DEBUG  Queuing item for routing: Pin on net 'GND' (connected: 1/420)
2026-08-15 20:16:01.103 DEBUG  Queuing item for routing: Pin on net 'USB_C_RX2_N' (connected: 1/3)
2026-08-15 20:16:01.103 DEBUG  Queuing item for routing: Pin on net 'USB_C_RX2_P' (connected: 1/3)
2026-08-15 20:16:01.103 DEBUG  Queuing item for routing: Pin on net 'GND' (connected: 1/420)
2026-08-15 20:16:01.103 DEBUG  Queuing item for routing: Pin on net 'USB_C_TX2_N' (connected: 1/3)
2026-08-15 20:16:01.103 DEBUG  Queuing item for routing: Pin on net 'USB_C_TX2_P' (connected: 1/3)
2026-08-15 20:16:01.103 DEBUG  Queuing item for routing: Pin on net 'GND' (connected: 1/420)
2026-08-15 20:16:01.103 DEBUG  Queuing item for routing: Pin on net 'GND' (connected: 1/420)
2026-08-15 20:16:01.104 DEBUG  Queuing item for routing: Pin on net 'JACK_MIC' (connected: 1/3)
2026-08-15 20:16:01.104 DEBUG  Queuing item for routing: Pin on net 'GND' (connected: 1/420)
2026-08-15 20:16:01.104 DEBUG  Queuing item for routing: Pin on net 'HP_R' (connected: 1/2)
2026-08-15 20:16:01.104 DEBUG  Queuing item for routing: Pin on net 'HP_L' (connected: 1/2)
2026-08-15 20:16:01.104 DEBUG  Queuing item for routing: Pin on net 'L_3V3_HDMI' (connected: 1/7)
2026-08-15 20:16:01.104 DEBUG  Queuing item for routing: Pin on net 'DISPLAY_3V3' (connected: 1/8)
2026-08-15 20:16:01.104 DEBUG  Queuing item for routing: Pin on net 'R_1V2_MIPI0' (connected: 1/4)
2026-08-15 20:16:01.104 DEBUG  Queuing item for routing: Pin on net 'DISPLAY_1V2' (connected: 1/8)
2026-08-15 20:16:01.104 DEBUG  Queuing item for routing: Pin on net 'R_3V3_IO' (connected: 1/3)
2026-08-15 20:16:01.104 DEBUG  Queuing item for routing: Pin on net 'DISPLAY_3V3' (connected: 1/8)
2026-08-15 20:16:01.104 DEBUG  Queuing item for routing: Pin on net 'L_1V2_MIPI0' (connected: 1/4)
2026-08-15 20:16:01.104 DEBUG  Queuing item for routing: Pin on net 'DISPLAY_1V2' (connected: 1/8)
2026-08-15 20:16:01.104 DEBUG  Queuing item for routing: Pin on net 'L_1V2_MIPI1' (connected: 1/3)
2026-08-15 20:16:01.104 DEBUG  Queuing item for routing: Pin on net 'DISPLAY_1V2' (connected: 1/8)
2026-08-15 20:16:01.104 DEBUG  Queuing item for routing: Pin on net 'R_1V2_MIPI1' (connected: 1/3)
2026-08-15 20:16:01.104 DEBUG  Queuing item for routing: Pin on net 'DISPLAY_1V2' (connected: 1/8)
2026-08-15 20:16:01.104 DEBUG  Queuing item for routing: Pin on net 'L_1V8_IO' (connected: 1/4)
2026-08-15 20:16:01.105 DEBUG  Queuing item for routing: Pin on net 'DISPLAY_1V8' (connected: 1/28)
2026-08-15 20:16:01.105 DEBUG  Queuing item for routing: Pin on net 'L_1V15_CORE' (connected: 1/5)
2026-08-15 20:16:01.105 DEBUG  Queuing item for routing: Pin on net 'DISPLAY_1V15' (connected: 1/8)
2026-08-15 20:16:01.105 DEBUG  Queuing item for routing: Pin on net '+3V3_AUDIO' (connected: 1/7)
2026-08-15 20:16:01.105 DEBUG  Queuing item for routing: Pin on net '+3V3' (connected: 1/60)
2026-08-15 20:16:01.105 DEBUG  Queuing item for routing: Pin on net 'R_1V15_CORE' (connected: 1/5)
2026-08-15 20:16:01.105 DEBUG  Queuing item for routing: Pin on net 'DISPLAY_1V15' (connected: 1/8)
2026-08-15 20:16:01.105 DEBUG  Queuing item for routing: Pin on net 'L_3V3_IO' (connected: 1/3)
2026-08-15 20:16:01.105 DEBUG  Queuing item for routing: Pin on net 'DISPLAY_3V3' (connected: 1/8)
2026-08-15 20:16:01.105 DEBUG  Queuing item for routing: Pin on net 'R_1V8_IO' (connected: 1/4)
2026-08-15 20:16:01.105 DEBUG  Queuing item for routing: Pin on net 'DISPLAY_1V8' (connected: 1/28)
2026-08-15 20:16:01.105 DEBUG  Queuing item for routing: Pin on net 'R_1V15_HDMI' (connected: 1/4)
2026-08-15 20:16:01.105 DEBUG  Queuing item for routing: Pin on net 'DISPLAY_1V15' (connected: 1/8)
2026-08-15 20:16:01.105 DEBUG  Queuing item for routing: Pin on net 'L_1V15_HDMI' (connected: 1/4)
2026-08-15 20:16:01.105 DEBUG  Queuing item for routing: Pin on net 'DISPLAY_1V15' (connected: 1/8)
2026-08-15 20:16:01.105 DEBUG  Queuing item for routing: Pin on net 'R_3V3_HDMI' (connected: 1/7)
2026-08-15 20:16:01.105 DEBUG  Queuing item for routing: Pin on net 'DISPLAY_3V3' (connected: 1/8)
2026-08-15 20:16:01.105 DEBUG  Queuing item for routing: Pin on net 'GND' (connected: 1/420)
2026-08-15 20:16:01.105 DEBUG  Queuing item for routing: Pin on net '+1V05_USB' (connected: 1/20)
2026-08-15 20:16:01.105 DEBUG  Queuing item for routing: Pin on net 'GND' (connected: 1/420)
2026-08-15 20:16:01.106 DEBUG  Queuing item for routing: Pin on net 'MICBIAS' (connected: 1/3)
2026-08-15 20:16:01.106 DEBUG  Queuing item for routing: Pin on net 'GND' (connected: 1/420)
2026-08-15 20:16:01.106 DEBUG  Queuing item for routing: Pin on net '+3V3' (connected: 1/60)
2026-08-15 20:16:01.106 DEBUG  Queuing item for routing: Pin on net 'GND' (connected: 1/420)
2026-08-15 20:16:01.106 DEBUG  Queuing item for routing: Pin on net '+3V3' (connected: 1/60)
2026-08-15 20:16:01.106 DEBUG  Queuing item for routing: Pin on net 'PCIE_RX_N' (connected: 1/2)
2026-08-15 20:16:01.106 DEBUG  Queuing item for routing: Pin on net 'PCIE_RX_USB3_N' (connected: 1/2)
2026-08-15 20:16:01.106 DEBUG  Queuing item for routing: Pin on net 'GND' (connected: 1/420)
2026-08-15 20:16:01.106 DEBUG  Queuing item for routing: Pin on net '+3V3' (connected: 1/60)
2026-08-15 20:16:01.106 DEBUG  Queuing item for routing: Pin on net 'GND' (connected: 1/420)
2026-08-15 20:16:01.106 DEBUG  Queuing item for routing: Pin on net '+2V8_MIC' (connected: 1/4)
2026-08-15 20:16:01.106 DEBUG  Queuing item for routing: Pin on net 'GND' (connected: 1/420)
2026-08-15 20:16:01.106 DEBUG  Queuing item for routing: Pin on net '+3V3' (connected: 1/60)
2026-08-15 20:16:01.106 DEBUG  Queuing item for routing: Pin on net 'GND' (connected: 1/420)
2026-08-15 20:16:01.106 DEBUG  Queuing item for routing: Pin on net '+3V3' (connected: 1/60)
2026-08-15 20:16:01.106 DEBUG  Queuing item for routing: Pin on net 'PCIE_RX_P' (connected: 1/2)
2026-08-15 20:16:01.106 DEBUG  Queuing item for routing: Pin on net 'PCIE_RX_USB3_P' (connected: 1/2)
2026-08-15 20:16:01.106 DEBUG  Queuing item for routing: Pin on net 'GND' (connected: 1/420)
2026-08-15 20:16:01.106 DEBUG  Queuing item for routing: Pin on net '+3V3_AUDIO' (connected: 1/7)
2026-08-15 20:16:01.107 DEBUG  Queuing item for routing: Pin on net 'GND' (connected: 1/420)
2026-08-15 20:16:01.107 DEBUG  Queuing item for routing: Pin on net 'AUDIO_1V8_LDO' (connected: 1/3)
2026-08-15 20:16:01.107 DEBUG  Queuing item for routing: Pin on net 'GND' (connected: 1/420)
2026-08-15 20:16:01.107 DEBUG  Queuing item for routing: Pin on net '+1V05_USB' (connected: 1/20)
2026-08-15 20:16:01.107 DEBUG  Queuing item for routing: Pin on net 'GND' (connected: 1/420)
2026-08-15 20:16:01.107 DEBUG  Queuing item for routing: Pin on net '+1V05_USB' (connected: 1/20)
2026-08-15 20:16:01.107 DEBUG  Queuing item for routing: Pin on net 'GND' (connected: 1/420)
2026-08-15 20:16:01.107 DEBUG  Queuing item for routing: Pin on net '+1V05_USB' (connected: 1/20)
2026-08-15 20:16:01.107 DEBUG  Queuing item for routing: Pin on net 'GND' (connected: 1/420)
2026-08-15 20:16:01.107 DEBUG  Queuing item for routing: Pin on net '+3V3_AUDIO' (connected: 1/7)
2026-08-15 20:16:01.107 DEBUG  Queuing item for routing: Pin on net 'GND' (connected: 1/420)
2026-08-15 20:16:01.107 DEBUG  Queuing item for routing: Pin on net '+1V05_USB' (connected: 1/20)
2026-08-15 20:16:01.107 DEBUG  Queuing item for routing: Pin on net 'GND' (connected: 1/420)
2026-08-15 20:16:01.107 DEBUG  Queuing item for routing: Pin on net 'AUDIO_REF' (connected: 1/2)
2026-08-15 20:16:01.107 DEBUG  Queuing item for routing: Pin on net '+3V3' (connected: 1/60)
2026-08-15 20:16:01.107 DEBUG  Queuing item for routing: Pin on net 'PGOOD_5V' (connected: 1/2)
2026-08-15 20:16:01.107 DEBUG  Queuing item for routing: Pin on net '+5V_SYS' (connected: 1/34)
2026-08-15 20:16:01.107 DEBUG  Queuing item for routing: Pin on net 'GND' (connected: 1/420)
2026-08-15 20:16:01.107 DEBUG  Queuing item for routing: Pin on net '+1V05_USB' (connected: 1/20)
2026-08-15 20:16:01.108 DEBUG  Queuing item for routing: Pin on net 'VBAT_SYS' (connected: 1/14)
2026-08-15 20:16:01.108 DEBUG  Queuing item for routing: Pin on net 'CHG_STAT' (connected: 1/2)
2026-08-15 20:16:01.108 DEBUG  Queuing item for routing: Pin on net 'BL_EN' (connected: 1/3)
2026-08-15 20:16:01.108 DEBUG  Queuing item for routing: Pin on net 'DISPLAY_1V15' (connected: 1/8)
2026-08-15 20:16:01.108 DEBUG  Queuing item for routing: Pin on net 'DISPLAY_I2C_SDA_1V8' (connected: 1/7)
2026-08-15 20:16:01.108 DEBUG  Queuing item for routing: Pin on net 'LCD_VSN' (connected: 1/7)
2026-08-15 20:16:01.108 DEBUG  Queuing item for routing: Pin on net '+5V_SYS' (connected: 1/34)
2026-08-15 20:16:01.108 DEBUG  Queuing item for routing: Pin on net 'DISPLAY_I2C_SCL_1V8' (connected: 1/7)
2026-08-15 20:16:01.108 DEBUG  Queuing item for routing: Pin on net 'LCD_VSP' (connected: 1/7)
2026-08-15 20:16:01.108 DEBUG  Queuing item for routing: Pin on net 'R_LCD_LEDPWM' (connected: 1/4)
2026-08-15 20:16:01.108 DEBUG  Queuing item for routing: Pin on net 'L_LCD_TE' (connected: 1/3)
2026-08-15 20:16:01.108 DEBUG  Queuing item for routing: Pin on net 'R_LCD_TE' (connected: 1/3)
2026-08-15 20:16:01.108 DEBUG  Queuing item for routing: Pin on net 'L_LCD_LEDPWM' (connected: 1/4)
2026-08-15 20:16:01.108 DEBUG  Queuing item for routing: Pin on net 'L_S1_TEST' (connected: 1/2)
2026-08-15 20:16:01.108 DEBUG  Queuing item for routing: Pin on net 'DISPLAY_3V3' (connected: 1/8)
2026-08-15 20:16:01.108 DEBUG  Queuing item for routing: Pin on net 'DISPLAY_1V2' (connected: 1/8)
2026-08-15 20:16:01.108 DEBUG  Queuing item for routing: Pin on net 'R_S1_TEST' (connected: 1/2)
2026-08-15 20:16:01.108 DEBUG  Queuing item for routing: Pin on net 'DISPLAY_1V8' (connected: 1/28)
2026-08-15 20:16:01.108 DEBUG  Queuing item for routing: Pin on net 'BL_PWM' (connected: 1/5)
2026-08-15 20:16:01.109 DEBUG  Queuing item for routing: Pin on net 'GND' (connected: 1/420)
2026-08-15 20:16:01.109 DEBUG  Queuing item for routing: Pin on net 'L_REFCLK' (connected: 1/2)
2026-08-15 20:16:01.109 DEBUG  Queuing item for routing: Pin on net 'L_BRIDGE_RESETN' (connected: 1/2)
2026-08-15 20:16:01.109 DEBUG  Queuing item for routing: Pin on net 'L_1V15_CORE' (connected: 1/5)
2026-08-15 20:16:01.109 DEBUG  Queuing item for routing: Pin on net 'DISPLAY_I2C_SCL_1V8' (connected: 1/7)
2026-08-15 20:16:01.109 DEBUG  Queuing item for routing: Pin on net 'DISPLAY_I2C_SDA_1V8' (connected: 1/7)
2026-08-15 20:16:01.109 DEBUG  Queuing item for routing: Pin on net 'L_PFIL' (connected: 1/2)
2026-08-15 20:16:01.109 DEBUG  Queuing item for routing: Pin on net 'L_PCKIN' (connected: 1/2)
2026-08-15 20:16:01.109 DEBUG  Queuing item for routing: Pin on net 'L_1V2_MIPI0' (connected: 1/4)
2026-08-15 20:16:01.109 DEBUG  Queuing item for routing: Pin on net 'L_1V8_IO' (connected: 1/4)
2026-08-15 20:16:01.109 DEBUG  Queuing item for routing: Pin on net 'L_BRIDGE_INT' (connected: 1/3)
2026-08-15 20:16:01.109 DEBUG  Queuing item for routing: Pin on net 'L_BIASDA' (connected: 1/2)
2026-08-15 20:16:01.109 DEBUG  Queuing item for routing: Pin on net 'L_DSIA_D0_P' (connected: 1/2)
2026-08-15 20:16:01.109 DEBUG  Queuing item for routing: Pin on net 'L_DSIA_D0_N' (connected: 1/2)
2026-08-15 20:16:01.109 DEBUG  Queuing item for routing: Pin on net 'L_3V3_IO' (connected: 1/3)
2026-08-15 20:16:01.110 DEBUG  Queuing item for routing: Pin on net 'GND' (connected: 1/420)
2026-08-15 20:16:01.110 DEBUG  Queuing item for routing: Pin on net 'L_DSIA_D1_P' (connected: 1/2)
2026-08-15 20:16:01.110 DEBUG  Queuing item for routing: Pin on net 'L_DSIA_D1_N' (connected: 1/2)
2026-08-15 20:16:01.110 DEBUG  Queuing item for routing: Pin on net 'GND' (connected: 1/420)
2026-08-15 20:16:01.110 DEBUG  Queuing item for routing: Pin on net 'GND' (connected: 1/420)
2026-08-15 20:16:01.110 DEBUG  Queuing item for routing: Pin on net 'GND' (connected: 1/420)
2026-08-15 20:16:01.110 DEBUG  Queuing item for routing: Pin on net 'GND' (connected: 1/420)
2026-08-15 20:16:01.110 DEBUG  Queuing item for routing: Pin on net 'L_1V15_HDMI' (connected: 1/4)
2026-08-15 20:16:01.110 DEBUG  Queuing item for routing: Pin on net 'L_3V3_HDMI' (connected: 1/7)
2026-08-15 20:16:01.110 DEBUG  Queuing item for routing: Pin on net 'L_DSIA_CLK_P' (connected: 1/2)
2026-08-15 20:16:01.110 DEBUG  Queuing item for routing: Pin on net 'L_DSIA_CLK_N' (connected: 1/2)
2026-08-15 20:16:01.110 DEBUG  Queuing item for routing: Pin on net 'GND' (connected: 1/420)
2026-08-15 20:16:01.110 DEBUG  Queuing item for routing: Pin on net 'GND' (connected: 1/420)
2026-08-15 20:16:01.110 DEBUG  Queuing item for routing: Pin on net 'GND' (connected: 1/420)
2026-08-15 20:16:01.110 DEBUG  Queuing item for routing: Pin on net 'GND' (connected: 1/420)
2026-08-15 20:16:01.110 DEBUG  Queuing item for routing: Pin on net 'HDMI_L_D2_N' (connected: 1/2)
2026-08-15 20:16:01.110 DEBUG  Queuing item for routing: Pin on net 'HDMI_L_D2_P' (connected: 1/2)
2026-08-15 20:16:01.110 DEBUG  Queuing item for routing: Pin on net 'L_DSIA_D2_P' (connected: 1/2)
2026-08-15 20:16:01.110 DEBUG  Queuing item for routing: Pin on net 'L_DSIA_D2_N' (connected: 1/2)
2026-08-15 20:16:01.111 DEBUG  Queuing item for routing: Pin on net 'GND' (connected: 1/420)
2026-08-15 20:16:01.111 DEBUG  Queuing item for routing: Pin on net 'GND' (connected: 1/420)
2026-08-15 20:16:01.111 DEBUG  Queuing item for routing: Pin on net 'GND' (connected: 1/420)
2026-08-15 20:16:01.111 DEBUG  Queuing item for routing: Pin on net 'GND' (connected: 1/420)
2026-08-15 20:16:01.111 DEBUG  Queuing item for routing: Pin on net 'HDMI_L_D1_N' (connected: 1/2)
2026-08-15 20:16:01.111 DEBUG  Queuing item for routing: Pin on net 'HDMI_L_D1_P' (connected: 1/2)
2026-08-15 20:16:01.111 DEBUG  Queuing item for routing: Pin on net 'L_DSIA_D3_P' (connected: 1/2)
2026-08-15 20:16:01.111 DEBUG  Queuing item for routing: Pin on net 'L_DSIA_D3_N' (connected: 1/2)
2026-08-15 20:16:01.111 DEBUG  Queuing item for routing: Pin on net 'GND' (connected: 1/420)
2026-08-15 20:16:01.111 DEBUG  Queuing item for routing: Pin on net 'GND' (connected: 1/420)
2026-08-15 20:16:01.111 DEBUG  Queuing item for routing: Pin on net 'GND' (connected: 1/420)
2026-08-15 20:16:01.111 DEBUG  Queuing item for routing: Pin on net 'GND' (connected: 1/420)
2026-08-15 20:16:01.111 DEBUG  Queuing item for routing: Pin on net 'HDMI_L_D0_N' (connected: 1/2)
2026-08-15 20:16:01.111 DEBUG  Queuing item for routing: Pin on net 'HDMI_L_D0_P' (connected: 1/2)
2026-08-15 20:16:01.111 DEBUG  Queuing item for routing: Pin on net 'L_1V15_CORE' (connected: 1/5)
2026-08-15 20:16:01.111 DEBUG  Queuing item for routing: Pin on net 'GND' (connected: 1/420)
2026-08-15 20:16:01.111 DEBUG  Queuing item for routing: Pin on net 'HDMI_L_CLK_N' (connected: 1/2)
2026-08-15 20:16:01.111 DEBUG  Queuing item for routing: Pin on net 'HDMI_L_CLK_P' (connected: 1/2)
2026-08-15 20:16:01.111 DEBUG  Queuing item for routing: Pin on net 'L_1V2_MIPI1' (connected: 1/3)
2026-08-15 20:16:01.111 DEBUG  Queuing item for routing: Pin on net 'L_DSIB_D0_N' (connected: 1/2)
2026-08-15 20:16:01.112 DEBUG  Queuing item for routing: Pin on net 'L_DSIB_D1_N' (connected: 1/2)
2026-08-15 20:16:01.112 DEBUG  Queuing item for routing: Pin on net 'L_DSIB_CLK_N' (connected: 1/2)
2026-08-15 20:16:01.112 DEBUG  Queuing item for routing: Pin on net 'L_DSIB_D2_N' (connected: 1/2)
2026-08-15 20:16:01.112 DEBUG  Queuing item for routing: Pin on net 'L_DSIB_D3_N' (connected: 1/2)
2026-08-15 20:16:01.112 DEBUG  Queuing item for routing: Pin on net 'HDMI_L_HPD' (connected: 1/2)
2026-08-15 20:16:01.112 DEBUG  Queuing item for routing: Pin on net 'HDMI_L_DDC_SDA' (connected: 1/2)
2026-08-15 20:16:01.112 DEBUG  Queuing item for routing: Pin on net 'L_1V15_HDMI' (connected: 1/4)
2026-08-15 20:16:01.112 DEBUG  Queuing item for routing: Pin on net 'L_3V3_HDMI' (connected: 1/7)
2026-08-15 20:16:01.112 DEBUG  Queuing item for routing: Pin on net 'GND' (connected: 1/420)
2026-08-15 20:16:01.112 DEBUG  Queuing item for routing: Pin on net 'L_DSIB_D0_P' (connected: 1/2)
2026-08-15 20:16:01.112 DEBUG  Queuing item for routing: Pin on net 'L_DSIB_D1_P' (connected: 1/2)
2026-08-15 20:16:01.112 DEBUG  Queuing item for routing: Pin on net 'L_DSIB_CLK_P' (connected: 1/2)
2026-08-15 20:16:01.112 DEBUG  Queuing item for routing: Pin on net 'L_DSIB_D2_P' (connected: 1/2)
2026-08-15 20:16:01.112 DEBUG  Queuing item for routing: Pin on net 'L_DSIB_D3_P' (connected: 1/2)
2026-08-15 20:16:01.112 DEBUG  Queuing item for routing: Pin on net 'L_HPDI' (connected: 1/3)
2026-08-15 20:16:01.112 DEBUG  Queuing item for routing: Pin on net 'HDMI_L_DDC_SCL' (connected: 1/2)
2026-08-15 20:16:01.112 DEBUG  Queuing item for routing: Pin on net 'HDMI_L_CEC' (connected: 1/2)
2026-08-15 20:16:01.112 DEBUG  Queuing item for routing: Pin on net 'L_REXT' (connected: 1/2)
2026-08-15 20:16:01.112 DEBUG  Queuing item for routing: Pin on net 'GND' (connected: 1/420)
2026-08-15 20:16:01.112 DEBUG  Queuing item for routing: Pin on net 'L_LED3_N' (connected: 1/2)
2026-08-15 20:16:01.113 DEBUG  Queuing item for routing: Pin on net 'L_LCD_LEDPWM' (connected: 1/4)
2026-08-15 20:16:01.113 DEBUG  Queuing item for routing: Pin on net 'L_LED2_N' (connected: 1/2)
2026-08-15 20:16:01.113 DEBUG  Queuing item for routing: Pin on net 'GND' (connected: 1/420)
2026-08-15 20:16:01.113 DEBUG  Queuing item for routing: Pin on net 'L_LED1_N' (connected: 1/2)
2026-08-15 20:16:01.113 DEBUG  Queuing item for routing: Pin on net 'L_LCD_TE' (connected: 1/3)
2026-08-15 20:16:01.113 DEBUG  Queuing item for routing: Pin on net 'GND' (connected: 1/420)
2026-08-15 20:16:01.113 DEBUG  Queuing item for routing: Pin on net 'L_LCD_RESET' (connected: 1/3)
2026-08-15 20:16:01.113 DEBUG  Queuing item for routing: Pin on net 'LED_BOOST' (connected: 1/6)
2026-08-15 20:16:01.113 DEBUG  Queuing item for routing: Pin on net 'GND' (connected: 1/420)
2026-08-15 20:16:01.113 DEBUG  Queuing item for routing: Pin on net 'GND' (connected: 1/420)
2026-08-15 20:16:01.113 DEBUG  Queuing item for routing: Pin on net 'L_DSIB_D0_N' (connected: 1/2)
2026-08-15 20:16:01.113 DEBUG  Queuing item for routing: Pin on net 'L_DSIB_D3_N' (connected: 1/2)
2026-08-15 20:16:01.113 DEBUG  Queuing item for routing: Pin on net 'L_DSIB_D0_P' (connected: 1/2)
2026-08-15 20:16:01.113 DEBUG  Queuing item for routing: Pin on net 'L_DSIB_D3_P' (connected: 1/2)
2026-08-15 20:16:01.113 DEBUG  Queuing item for routing: Pin on net 'GND' (connected: 1/420)
2026-08-15 20:16:01.113 DEBUG  Queuing item for routing: Pin on net 'GND' (connected: 1/420)
2026-08-15 20:16:01.113 DEBUG  Queuing item for routing: Pin on net 'L_DSIB_D1_N' (connected: 1/2)
2026-08-15 20:16:01.113 DEBUG  Queuing item for routing: Pin on net 'L_DSIB_CLK_N' (connected: 1/2)
2026-08-15 20:16:01.113 DEBUG  Queuing item for routing: Pin on net 'L_DSIB_D1_P' (connected: 1/2)
2026-08-15 20:16:01.113 DEBUG  Queuing item for routing: Pin on net 'L_DSIB_CLK_P' (connected: 1/2)
2026-08-15 20:16:01.114 DEBUG  Queuing item for routing: Pin on net 'GND' (connected: 1/420)
2026-08-15 20:16:01.114 DEBUG  Queuing item for routing: Pin on net 'GND' (connected: 1/420)
2026-08-15 20:16:01.114 DEBUG  Queuing item for routing: Pin on net 'L_DSIA_D2_P' (connected: 1/2)
2026-08-15 20:16:01.114 DEBUG  Queuing item for routing: Pin on net 'L_DSIB_D2_N' (connected: 1/2)
2026-08-15 20:16:01.114 DEBUG  Queuing item for routing: Pin on net 'L_DSIA_D2_N' (connected: 1/2)
2026-08-15 20:16:01.114 DEBUG  Queuing item for routing: Pin on net 'L_DSIB_D2_P' (connected: 1/2)
2026-08-15 20:16:01.114 DEBUG  Queuing item for routing: Pin on net 'GND' (connected: 1/420)
2026-08-15 20:16:01.114 DEBUG  Queuing item for routing: Pin on net 'GND' (connected: 1/420)
2026-08-15 20:16:01.114 DEBUG  Queuing item for routing: Pin on net 'L_DSIA_CLK_P' (connected: 1/2)
2026-08-15 20:16:01.114 DEBUG  Queuing item for routing: Pin on net 'L_DSIA_D1_P' (connected: 1/2)
2026-08-15 20:16:01.114 DEBUG  Queuing item for routing: Pin on net 'L_DSIA_CLK_N' (connected: 1/2)
2026-08-15 20:16:01.114 DEBUG  Queuing item for routing: Pin on net 'L_DSIA_D1_N' (connected: 1/2)
2026-08-15 20:16:01.114 DEBUG  Queuing item for routing: Pin on net 'GND' (connected: 1/420)
2026-08-15 20:16:01.114 DEBUG  Queuing item for routing: Pin on net 'GND' (connected: 1/420)
2026-08-15 20:16:01.114 DEBUG  Queuing item for routing: Pin on net 'L_DSIA_D3_P' (connected: 1/2)
2026-08-15 20:16:01.114 DEBUG  Queuing item for routing: Pin on net 'L_DSIA_D0_P' (connected: 1/2)
2026-08-15 20:16:01.114 DEBUG  Queuing item for routing: Pin on net 'L_DSIA_D3_N' (connected: 1/2)
2026-08-15 20:16:01.114 DEBUG  Queuing item for routing: Pin on net 'L_DSIA_D0_N' (connected: 1/2)
2026-08-15 20:16:01.115 DEBUG  Queuing item for routing: Pin on net 'GND' (connected: 1/420)
2026-08-15 20:16:01.115 DEBUG  Queuing item for routing: Pin on net 'GND' (connected: 1/420)
2026-08-15 20:16:01.115 DEBUG  Queuing item for routing: Pin on net 'L_S1_TEST' (connected: 1/2)
2026-08-15 20:16:01.115 DEBUG  Queuing item for routing: Pin on net 'LCD_VSN' (connected: 1/7)
2026-08-15 20:16:01.115 DEBUG  Queuing item for routing: Pin on net 'GND' (connected: 1/420)
2026-08-15 20:16:01.115 DEBUG  Queuing item for routing: Pin on net 'GND' (connected: 1/420)
2026-08-15 20:16:01.115 DEBUG  Queuing item for routing: Pin on net 'DISPLAY_1V8' (connected: 1/28)
2026-08-15 20:16:01.115 DEBUG  Queuing item for routing: Pin on net 'LCD_VSP' (connected: 1/7)
2026-08-15 20:16:01.115 DEBUG  Queuing item for routing: Pin on net 'DISPLAY_1V8' (connected: 1/28)
2026-08-15 20:16:01.115 DEBUG  Queuing item for routing: Pin on net 'GND' (connected: 1/420)
2026-08-15 20:16:01.115 DEBUG  Queuing item for routing: Pin on net 'GND' (connected: 1/420)
2026-08-15 20:16:01.115 DEBUG  Queuing item for routing: Pin on net 'LCD_VSN' (connected: 1/7)
2026-08-15 20:16:01.115 DEBUG  Queuing item for routing: Pin on net 'GND' (connected: 1/420)
2026-08-15 20:16:01.115 DEBUG  Queuing item for routing: Pin on net 'LCD_VSN' (connected: 1/7)
2026-08-15 20:16:01.115 DEBUG  Queuing item for routing: Pin on net 'GND' (connected: 1/420)
2026-08-15 20:16:01.115 DEBUG  Queuing item for routing: Pin on net 'DISPLAY_1V8' (connected: 1/28)
2026-08-15 20:16:01.115 DEBUG  Queuing item for routing: Pin on net 'GND' (connected: 1/420)
2026-08-15 20:16:01.115 DEBUG  Queuing item for routing: Pin on net 'L_3V3_HDMI' (connected: 1/7)
2026-08-15 20:16:01.115 DEBUG  Queuing item for routing: Pin on net 'GND' (connected: 1/420)
2026-08-15 20:16:01.115 DEBUG  Queuing item for routing: Pin on net 'R_1V2_MIPI0' (connected: 1/4)
2026-08-15 20:16:01.116 DEBUG  Queuing item for routing: Pin on net 'GND' (connected: 1/420)
2026-08-15 20:16:01.116 DEBUG  Queuing item for routing: Pin on net 'R_1V8_IO' (connected: 1/4)
2026-08-15 20:16:01.116 DEBUG  Queuing item for routing: Pin on net 'GND' (connected: 1/420)
2026-08-15 20:16:01.116 DEBUG  Queuing item for routing: Pin on net 'LCD_VSP' (connected: 1/7)
2026-08-15 20:16:01.116 DEBUG  Queuing item for routing: Pin on net 'GND' (connected: 1/420)
2026-08-15 20:16:01.116 DEBUG  Queuing item for routing: Pin on net 'L_1V15_CORE' (connected: 1/5)
2026-08-15 20:16:01.116 DEBUG  Queuing item for routing: Pin on net 'HP_L' (connected: 1/2)
2026-08-15 20:16:01.116 DEBUG  Queuing item for routing: Pin on net 'HP_L_CODEC' (connected: 1/2)
2026-08-15 20:16:01.116 DEBUG  Queuing item for routing: Pin on net 'HP_R' (connected: 1/2)
2026-08-15 20:16:01.116 DEBUG  Queuing item for routing: Pin on net 'HP_R_CODEC' (connected: 1/2)
2026-08-15 20:16:01.116 DEBUG  Queuing item for routing: Pin on net 'GND' (connected: 1/420)
2026-08-15 20:16:01.116 DEBUG  Queuing item for routing: Pin on net 'LCD_VSP' (connected: 1/7)
2026-08-15 20:16:01.116 DEBUG  Queuing item for routing: Pin on net 'GND' (connected: 1/420)
2026-08-15 20:16:01.116 DEBUG  Queuing item for routing: Pin on net 'L_1V2_MIPI0' (connected: 1/4)
2026-08-15 20:16:01.116 DEBUG  Queuing item for routing: Pin on net 'GND' (connected: 1/420)
2026-08-15 20:16:01.116 DEBUG  Queuing item for routing: Pin on net 'L_1V8_IO' (connected: 1/4)
2026-08-15 20:16:01.116 DEBUG  Queuing item for routing: Pin on net 'GND' (connected: 1/420)
2026-08-15 20:16:01.116 DEBUG  Queuing item for routing: Pin on net 'R_1V15_CORE' (connected: 1/5)
2026-08-15 20:16:01.116 DEBUG  Queuing item for routing: Pin on net 'GND' (connected: 1/420)
2026-08-15 20:16:01.116 DEBUG  Queuing item for routing: Pin on net 'DISPLAY_1V8' (connected: 1/28)
2026-08-15 20:16:01.117 DEBUG  Queuing item for routing: Pin on net 'GND' (connected: 1/420)
2026-08-15 20:16:01.117 DEBUG  Queuing item for routing: Pin on net 'R_3V3_HDMI' (connected: 1/7)
2026-08-15 20:16:01.117 DEBUG  Queuing item for routing: Pin on net 'GND' (connected: 1/420)
2026-08-15 20:16:01.117 DEBUG  Queuing item for routing: Pin on net '+3V3_AUDIO' (connected: 1/7)
2026-08-15 20:16:01.117 DEBUG  Queuing item for routing: Pin on net 'GND' (connected: 1/420)
2026-08-15 20:16:01.117 DEBUG  Queuing item for routing: Pin on net 'R_1V8_IO' (connected: 1/4)
2026-08-15 20:16:01.117 DEBUG  Queuing item for routing: Pin on net 'GND' (connected: 1/420)
2026-08-15 20:16:01.117 DEBUG  Queuing item for routing: Pin on net 'R_3V3_IO' (connected: 1/3)
2026-08-15 20:16:01.117 DEBUG  Queuing item for routing: Pin on net 'GND' (connected: 1/420)
2026-08-15 20:16:01.117 DEBUG  Queuing item for routing: Pin on net 'DISPLAY_1V8' (connected: 1/28)
2026-08-15 20:16:01.117 DEBUG  Queuing item for routing: Pin on net 'MIC_L_P' (connected: 1/2)
2026-08-15 20:16:01.117 DEBUG  Queuing item for routing: Pin on net 'MIC_L_RAW_P' (connected: 1/2)
2026-08-15 20:16:01.117 DEBUG  Queuing item for routing: Pin on net 'GND' (connected: 1/420)
2026-08-15 20:16:01.117 DEBUG  Queuing item for routing: Pin on net 'L_1V2_MIPI0' (connected: 1/4)
2026-08-15 20:16:01.117 DEBUG  Queuing item for routing: Pin on net 'MIC_R_P' (connected: 1/2)
2026-08-15 20:16:01.117 DEBUG  Queuing item for routing: Pin on net 'MIC_R_RAW_P' (connected: 1/2)
2026-08-15 20:16:01.117 DEBUG  Queuing item for routing: Pin on net 'GND' (connected: 1/420)
2026-08-15 20:16:01.117 DEBUG  Queuing item for routing: Pin on net 'L_1V15_CORE' (connected: 1/5)
2026-08-15 20:16:01.117 DEBUG  Queuing item for routing: Pin on net 'MIC_L_N' (connected: 1/2)
2026-08-15 20:16:01.118 DEBUG  Queuing item for routing: Pin on net 'MIC_L_RAW_N' (connected: 1/2)
2026-08-15 20:16:01.118 DEBUG  Queuing item for routing: Pin on net 'GND' (connected: 1/420)
2026-08-15 20:16:01.118 DEBUG  Queuing item for routing: Pin on net 'L_1V8_IO' (connected: 1/4)
2026-08-15 20:16:01.118 DEBUG  Queuing item for routing: Pin on net 'GND' (connected: 1/420)
2026-08-15 20:16:01.118 DEBUG  Queuing item for routing: Pin on net 'R_1V15_CORE' (connected: 1/5)
2026-08-15 20:16:01.118 DEBUG  Queuing item for routing: Pin on net 'MIC_R_N' (connected: 1/2)
2026-08-15 20:16:01.118 DEBUG  Queuing item for routing: Pin on net 'MIC_R_RAW_N' (connected: 1/2)
2026-08-15 20:16:01.118 DEBUG  Queuing item for routing: Pin on net 'GND' (connected: 1/420)
2026-08-15 20:16:01.118 DEBUG  Queuing item for routing: Pin on net 'L_1V2_MIPI1' (connected: 1/3)
2026-08-15 20:16:01.118 DEBUG  Queuing item for routing: Pin on net 'GND' (connected: 1/420)
2026-08-15 20:16:01.118 DEBUG  Queuing item for routing: Pin on net '+3V3' (connected: 1/60)
2026-08-15 20:16:01.118 DEBUG  Queuing item for routing: Pin on net 'GND' (connected: 1/420)
2026-08-15 20:16:01.118 DEBUG  Queuing item for routing: Pin on net '+1V05_USB' (connected: 1/20)
2026-08-15 20:16:01.118 DEBUG  Queuing item for routing: Pin on net 'GND' (connected: 1/420)
2026-08-15 20:16:01.118 DEBUG  Queuing item for routing: Pin on net '+3V3' (connected: 1/60)
2026-08-15 20:16:01.118 DEBUG  Queuing item for routing: Pin on net 'GND' (connected: 1/420)
2026-08-15 20:16:01.118 DEBUG  Queuing item for routing: Pin on net 'R_BIASDA' (connected: 1/2)
2026-08-15 20:16:01.119 DEBUG  Queuing item for routing: Pin on net 'GND' (connected: 1/420)
2026-08-15 20:16:01.119 DEBUG  Queuing item for routing: Pin on net 'R_1V2_MIPI1' (connected: 1/3)
2026-08-15 20:16:01.119 DEBUG  Queuing item for routing: Pin on net 'GND' (connected: 1/420)
2026-08-15 20:16:01.119 DEBUG  Queuing item for routing: Pin on net 'L_BIASDA' (connected: 1/2)
2026-08-15 20:16:01.119 DEBUG  Queuing item for routing: Pin on net 'GND' (connected: 1/420)
2026-08-15 20:16:01.119 DEBUG  Queuing item for routing: Pin on net 'L_3V3_IO' (connected: 1/3)
2026-08-15 20:16:01.119 DEBUG  Queuing item for routing: Pin on net 'GND' (connected: 1/420)
2026-08-15 20:16:01.119 DEBUG  Queuing item for routing: Pin on net '+3V3' (connected: 1/60)
2026-08-15 20:16:01.119 DEBUG  Queuing item for routing: Pin on net 'JACK_MIC_CODEC' (connected: 1/2)
2026-08-15 20:16:01.119 DEBUG  Queuing item for routing: Pin on net 'JACK_MIC' (connected: 1/3)
2026-08-15 20:16:01.119 DEBUG  Queuing item for routing: Pin on net 'GND' (connected: 1/420)
2026-08-15 20:16:01.119 DEBUG  Queuing item for routing: Pin on net 'L_PCKIN' (connected: 1/2)
2026-08-15 20:16:01.119 DEBUG  Queuing item for routing: Pin on net 'GND' (connected: 1/420)
2026-08-15 20:16:01.119 DEBUG  Queuing item for routing: Pin on net 'DISPLAY_1V8' (connected: 1/28)
2026-08-15 20:16:01.119 DEBUG  Queuing item for routing: Pin on net 'GND' (connected: 1/420)
2026-08-15 20:16:01.119 DEBUG  Queuing item for routing: Pin on net 'L_PFIL' (connected: 1/2)
2026-08-15 20:16:01.119 DEBUG  Queuing item for routing: Pin on net 'GND' (connected: 1/420)
2026-08-15 20:16:01.119 DEBUG  Queuing item for routing: Pin on net 'R_3V3_HDMI' (connected: 1/7)
2026-08-15 20:16:01.119 DEBUG  Queuing item for routing: Pin on net 'GND' (connected: 1/420)
2026-08-15 20:16:01.119 DEBUG  Queuing item for routing: Pin on net 'R_1V2_MIPI0' (connected: 1/4)
2026-08-15 20:16:01.120 DEBUG  Queuing item for routing: Pin on net 'GND' (connected: 1/420)
2026-08-15 20:16:01.120 DEBUG  Queuing item for routing: Pin on net 'L_1V15_HDMI' (connected: 1/4)
2026-08-15 20:16:01.120 DEBUG  Queuing item for routing: Pin on net 'GND' (connected: 1/420)
2026-08-15 20:16:01.120 DEBUG  Queuing item for routing: Pin on net 'R_PFIL' (connected: 1/2)
2026-08-15 20:16:01.120 DEBUG  Queuing item for routing: Pin on net 'GND' (connected: 1/420)
2026-08-15 20:16:01.120 DEBUG  Queuing item for routing: Pin on net '+1V05_USB' (connected: 1/20)
2026-08-15 20:16:01.120 DEBUG  Queuing item for routing: Pin on net 'GND' (connected: 1/420)
2026-08-15 20:16:01.120 DEBUG  Queuing item for routing: Pin on net 'R_PCKIN' (connected: 1/2)
2026-08-15 20:16:01.120 DEBUG  Queuing item for routing: Pin on net 'GND' (connected: 1/420)
2026-08-15 20:16:01.120 DEBUG  Queuing item for routing: Pin on net 'R_1V15_HDMI' (connected: 1/4)
2026-08-15 20:16:01.120 DEBUG  Queuing item for routing: Pin on net 'GND' (connected: 1/420)
2026-08-15 20:16:01.120 DEBUG  Queuing item for routing: Pin on net 'L_3V3_HDMI' (connected: 1/7)
2026-08-15 20:16:01.120 DEBUG  Queuing item for routing: Pin on net 'I2C_SDA' (connected: 1/8)
2026-08-15 20:16:01.120 DEBUG  Queuing item for routing: Pin on net '+3V3' (connected: 1/60)
2026-08-15 20:16:01.120 DEBUG  Queuing item for routing: Pin on net 'I2C_SCL' (connected: 1/8)
2026-08-15 20:16:01.120 DEBUG  Queuing item for routing: Pin on net '+3V3' (connected: 1/60)
2026-08-15 20:16:01.120 DEBUG  Queuing item for routing: Pin on net 'GND' (connected: 1/420)
2026-08-15 20:16:01.120 DEBUG  Queuing item for routing: Pin on net 'USB_C_TX1_P' (connected: 1/3)
2026-08-15 20:16:01.120 DEBUG  Queuing item for routing: Pin on net 'USB_C_TX1_N' (connected: 1/3)
2026-08-15 20:16:01.120 DEBUG  Queuing item for routing: Pin on net 'USB_C_RX1_P' (connected: 1/3)
2026-08-15 20:16:01.121 DEBUG  Queuing item for routing: Pin on net 'USB_C_RX1_N' (connected: 1/3)
2026-08-15 20:16:01.121 DEBUG  Queuing item for routing: Pin on net 'USB_C_TX2_P' (connected: 1/3)
2026-08-15 20:16:01.121 DEBUG  Queuing item for routing: Pin on net 'USB_C_TX2_N' (connected: 1/3)
2026-08-15 20:16:01.121 DEBUG  Queuing item for routing: Pin on net 'USB_C_RX2_P' (connected: 1/3)
2026-08-15 20:16:01.121 DEBUG  Queuing item for routing: Pin on net 'USB_C_RX2_N' (connected: 1/3)
2026-08-15 20:16:01.121 DEBUG  Queuing item for routing: Pin on net 'GND' (connected: 1/420)
2026-08-15 20:16:01.121 DEBUG  Queuing item for routing: Pin on net 'TYPEC_FLIP' (connected: 1/2)
2026-08-15 20:16:01.121 DEBUG  Queuing item for routing: Pin on net 'USB3_RX_N' (connected: 1/2)
2026-08-15 20:16:01.121 DEBUG  Queuing item for routing: Pin on net 'USB3_RX_P' (connected: 1/2)
2026-08-15 20:16:01.121 DEBUG  Queuing item for routing: Pin on net '+3V3' (connected: 1/60)
2026-08-15 20:16:01.121 DEBUG  Queuing item for routing: Pin on net 'GND' (connected: 1/420)
2026-08-15 20:16:01.121 DEBUG  Queuing item for routing: Pin on net 'USB3_TX_N' (connected: 1/2)
2026-08-15 20:16:01.121 DEBUG  Queuing item for routing: Pin on net 'USB3_TX_P' (connected: 1/2)
2026-08-15 20:16:01.121 DEBUG  Queuing item for routing: Pin on net 'GND' (connected: 1/420)
2026-08-15 20:16:01.121 DEBUG  Queuing item for routing: Pin on net 'R_3V3_HDMI' (connected: 1/7)
2026-08-15 20:16:01.121 DEBUG  Queuing item for routing: Pin on net 'R_REXT' (connected: 1/2)
2026-08-15 20:16:01.121 DEBUG  Queuing item for routing: Pin on net 'GND' (connected: 1/420)
2026-08-15 20:16:01.121 DEBUG  Queuing item for routing: Pin on net 'USB3_RREF' (connected: 1/2)
2026-08-15 20:16:01.122 DEBUG  Queuing item for routing: Pin on net 'GND' (connected: 1/420)
2026-08-15 20:16:01.122 DEBUG  Queuing item for routing: Pin on net 'SPI_CS_N' (connected: 1/2)
2026-08-15 20:16:01.122 DEBUG  Queuing item for routing: Pin on net 'BL_PWM' (connected: 1/5)
2026-08-15 20:16:01.122 DEBUG  Queuing item for routing: Pin on net 'L_LCD_LEDPWM' (connected: 1/4)
2026-08-15 20:16:01.122 DEBUG  Queuing item for routing: Pin on net 'TYPEC_INT_N' (connected: 1/3)
2026-08-15 20:16:01.122 DEBUG  Queuing item for routing: Pin on net '+3V3' (connected: 1/60)
2026-08-15 20:16:01.122 DEBUG  Queuing item for routing: Pin on net 'L_3V3_HDMI' (connected: 1/7)
2026-08-15 20:16:01.122 DEBUG  Queuing item for routing: Pin on net 'L_HPDI' (connected: 1/3)
2026-08-15 20:16:01.122 DEBUG  Queuing item for routing: Pin on net 'GND' (connected: 1/420)
2026-08-15 20:16:01.122 DEBUG  Queuing item for routing: Pin on net 'L_BRIDGE_INT' (connected: 1/3)
2026-08-15 20:16:01.122 DEBUG  Queuing item for routing: Pin on net 'USB_OC_N' (connected: 1/3)
2026-08-15 20:16:01.122 DEBUG  Queuing item for routing: Pin on net '+3V3' (connected: 1/60)
2026-08-15 20:16:01.122 DEBUG  Queuing item for routing: Pin on net 'TYPEC_ATTACHED_N' (connected: 1/3)
2026-08-15 20:16:01.122 DEBUG  Queuing item for routing: Pin on net '+3V3' (connected: 1/60)
2026-08-15 20:16:01.122 DEBUG  Queuing item for routing: Pin on net 'JACK_MIC' (connected: 1/3)
2026-08-15 20:16:01.122 DEBUG  Queuing item for routing: Pin on net 'MICBIAS' (connected: 1/3)
2026-08-15 20:16:01.122 DEBUG  Queuing item for routing: Pin on net 'GND' (connected: 1/420)
2026-08-15 20:16:01.122 DEBUG  Queuing item for routing: Pin on net 'L_LCD_RESET' (connected: 1/3)
2026-08-15 20:16:01.122 DEBUG  Queuing item for routing: Pin on net 'GND' (connected: 1/420)
2026-08-15 20:16:01.122 DEBUG  Queuing item for routing: Pin on net 'SPI_MOSI' (connected: 1/2)
2026-08-15 20:16:01.123 DEBUG  Queuing item for routing: Pin on net 'R_3V3_HDMI' (connected: 1/7)
2026-08-15 20:16:01.123 DEBUG  Queuing item for routing: Pin on net 'R_HPDI' (connected: 1/3)
2026-08-15 20:16:01.123 DEBUG  Queuing item for routing: Pin on net 'USB3_POR_N' (connected: 1/3)
2026-08-15 20:16:01.123 DEBUG  Queuing item for routing: Pin on net '+3V3' (connected: 1/60)
2026-08-15 20:16:01.123 DEBUG  Queuing item for routing: Pin on net 'L_3V3_HDMI' (connected: 1/7)
2026-08-15 20:16:01.123 DEBUG  Queuing item for routing: Pin on net 'L_REXT' (connected: 1/2)
2026-08-15 20:16:01.123 DEBUG  Queuing item for routing: Pin on net 'GND' (connected: 1/420)
2026-08-15 20:16:01.123 DEBUG  Queuing item for routing: Pin on net 'USB_ILIM' (connected: 1/2)
2026-08-15 20:16:01.123 DEBUG  Queuing item for routing: Pin on net 'DISPLAY_1V8' (connected: 1/28)
2026-08-15 20:16:01.123 DEBUG  Queuing item for routing: Pin on net 'R_BRIDGE_INT' (connected: 1/3)
2026-08-15 20:16:01.123 DEBUG  Queuing item for routing: Pin on net 'GND' (connected: 1/420)
2026-08-15 20:16:01.123 DEBUG  Queuing item for routing: Pin on net 'SPI_CLK' (connected: 1/2)
2026-08-15 20:16:01.123 DEBUG  Queuing item for routing: Pin on net 'BL_PWM' (connected: 1/5)
2026-08-15 20:16:01.123 DEBUG  Queuing item for routing: Pin on net 'R_LCD_LEDPWM' (connected: 1/4)
2026-08-15 20:16:01.123 DEBUG  Queuing item for routing: Pin on net 'SPI_MISO' (connected: 1/2)
2026-08-15 20:16:01.123 DEBUG  Queuing item for routing: Pin on net '+3V3' (connected: 1/60)
2026-08-15 20:16:01.123 DEBUG  Queuing item for routing: Pin on net 'GND' (connected: 1/420)
2026-08-15 20:16:01.123 DEBUG  Queuing item for routing: Pin on net 'R_LCD_RESET' (connected: 1/3)
2026-08-15 20:16:03.932 DEBUG  [88C040\74516C] Pass #1: 956 incompletes across 1223 items to route
2026-08-15 20:16:03.932 DEBUG  [88C040\74516C]   Net 'GND' has 350 incomplete(s)
2026-08-15 20:16:03.932 DEBUG  [88C040\74516C]   Net 'R_LCD_RESET' has 2 incomplete(s)
2026-08-15 20:16:03.932 DEBUG  [88C040\74516C]   Net 'USB3_TX_P' has 1 incomplete(s)
2026-08-15 20:16:03.932 DEBUG  [88C040\74516C]   Net 'USB3_TX_N' has 1 incomplete(s)
2026-08-15 20:16:03.932 DEBUG  [88C040\74516C]   Net '+3V3' has 48 incomplete(s)
2026-08-15 20:16:03.932 DEBUG  [88C040\74516C]   Net 'USB3_RX_P' has 1 incomplete(s)
2026-08-15 20:16:03.932 DEBUG  [88C040\74516C]   Net 'USB3_RX_N' has 1 incomplete(s)
2026-08-15 20:16:03.932 DEBUG  [88C040\74516C]   Net 'TYPEC_FLIP' has 1 incomplete(s)
2026-08-15 20:16:03.932 DEBUG  [88C040\74516C]   Net 'USB_C_RX2_N' has 2 incomplete(s)
2026-08-15 20:16:03.932 DEBUG  [88C040\74516C]   Net 'USB_C_RX2_P' has 2 incomplete(s)
2026-08-15 20:16:03.932 DEBUG  [88C040\74516C]   Net 'USB_C_TX2_N' has 2 incomplete(s)
2026-08-15 20:16:03.932 DEBUG  [88C040\74516C]   Net 'USB_C_TX2_P' has 2 incomplete(s)
2026-08-15 20:16:03.932 DEBUG  [88C040\74516C]   Net 'USB_C_RX1_N' has 2 incomplete(s)
2026-08-15 20:16:03.932 DEBUG  [88C040\74516C]   Net 'USB_C_RX1_P' has 2 incomplete(s)
2026-08-15 20:16:03.932 DEBUG  [88C040\74516C]   Net 'USB_C_TX1_N' has 2 incomplete(s)
2026-08-15 20:16:03.932 DEBUG  [88C040\74516C]   Net 'USB_C_TX1_P' has 2 incomplete(s)
2026-08-15 20:16:03.932 DEBUG  [88C040\74516C]   Net 'L_3V3_HDMI' has 6 incomplete(s)
2026-08-15 20:16:03.932 DEBUG  [88C040\74516C]   Net 'R_3V3_HDMI' has 6 incomplete(s)
2026-08-15 20:16:03.932 DEBUG  [88C040\74516C]   Net 'DISPLAY_1V8' has 27 incomplete(s)
2026-08-15 20:16:03.932 DEBUG  [88C040\74516C]   Net 'LCD_VSP' has 6 incomplete(s)
2026-08-15 20:16:03.932 DEBUG  [88C040\74516C]   Net 'LCD_VSN' has 6 incomplete(s)
2026-08-15 20:16:03.932 DEBUG  [88C040\74516C]   Net 'L_S1_TEST' has 1 incomplete(s)
2026-08-15 20:16:03.932 DEBUG  [88C040\74516C]   Net 'L_DSIA_D0_N' has 1 incomplete(s)
2026-08-15 20:16:03.932 DEBUG  [88C040\74516C]   Net 'L_DSIA_D3_N' has 1 incomplete(s)
2026-08-15 20:16:03.932 DEBUG  [88C040\74516C]   Net 'L_DSIA_D0_P' has 1 incomplete(s)
2026-08-15 20:16:03.932 DEBUG  [88C040\74516C]   Net 'L_DSIA_D3_P' has 1 incomplete(s)
2026-08-15 20:16:03.932 DEBUG  [88C040\74516C]   Net 'L_DSIA_D1_N' has 1 incomplete(s)
2026-08-15 20:16:03.932 DEBUG  [88C040\74516C]   Net 'L_DSIA_CLK_N' has 1 incomplete(s)
2026-08-15 20:16:03.932 DEBUG  [88C040\74516C]   Net 'L_DSIA_D1_P' has 1 incomplete(s)
2026-08-15 20:16:03.932 DEBUG  [88C040\74516C]   Net 'L_DSIA_CLK_P' has 1 incomplete(s)
2026-08-15 20:16:03.932 DEBUG  [88C040\74516C]   Net 'L_DSIB_D2_P' has 1 incomplete(s)
2026-08-15 20:16:03.932 DEBUG  [88C040\74516C]   Net 'L_DSIA_D2_N' has 1 incomplete(s)
2026-08-15 20:16:03.932 DEBUG  [88C040\74516C]   Net 'L_DSIB_D2_N' has 1 incomplete(s)
2026-08-15 20:16:03.932 DEBUG  [88C040\74516C]   Net 'L_DSIA_D2_P' has 1 incomplete(s)
2026-08-15 20:16:03.932 DEBUG  [88C040\74516C]   Net 'L_DSIB_CLK_P' has 1 incomplete(s)
2026-08-15 20:16:03.932 DEBUG  [88C040\74516C]   Net 'L_DSIB_D1_P' has 1 incomplete(s)
2026-08-15 20:16:03.932 DEBUG  [88C040\74516C]   Net 'L_DSIB_CLK_N' has 1 incomplete(s)
2026-08-15 20:16:03.932 DEBUG  [88C040\74516C]   Net 'L_DSIB_D1_N' has 1 incomplete(s)
2026-08-15 20:16:03.932 DEBUG  [88C040\74516C]   Net 'L_DSIB_D3_P' has 1 incomplete(s)
2026-08-15 20:16:03.932 DEBUG  [88C040\74516C]   Net 'L_DSIB_D0_P' has 1 incomplete(s)
2026-08-15 20:16:03.932 DEBUG  [88C040\74516C]   Net 'L_DSIB_D3_N' has 1 incomplete(s)
2026-08-15 20:16:03.933 DEBUG  [88C040\74516C]   Net 'L_DSIB_D0_N' has 1 incomplete(s)
2026-08-15 20:16:03.933 DEBUG  [88C040\74516C]   Net 'LED_BOOST' has 5 incomplete(s)
2026-08-15 20:16:03.933 DEBUG  [88C040\74516C]   Net 'L_LCD_RESET' has 2 incomplete(s)
2026-08-15 20:16:03.933 DEBUG  [88C040\74516C]   Net 'L_LCD_TE' has 2 incomplete(s)
2026-08-15 20:16:03.933 DEBUG  [88C040\74516C]   Net 'L_LED1_N' has 1 incomplete(s)
2026-08-15 20:16:03.933 DEBUG  [88C040\74516C]   Net 'L_LED2_N' has 1 incomplete(s)
2026-08-15 20:16:03.933 DEBUG  [88C040\74516C]   Net 'L_LCD_LEDPWM' has 3 incomplete(s)
2026-08-15 20:16:03.933 DEBUG  [88C040\74516C]   Net 'L_LED3_N' has 1 incomplete(s)
2026-08-15 20:16:03.933 DEBUG  [88C040\74516C]   Net 'L_REXT' has 1 incomplete(s)
2026-08-15 20:16:03.933 DEBUG  [88C040\74516C]   Net 'HDMI_L_CEC' has 1 incomplete(s)
2026-08-15 20:16:03.933 DEBUG  [88C040\74516C]   Net 'HDMI_L_DDC_SCL' has 1 incomplete(s)
2026-08-15 20:16:03.933 DEBUG  [88C040\74516C]   Net 'L_HPDI' has 2 incomplete(s)
2026-08-15 20:16:03.933 DEBUG  [88C040\74516C]   Net 'L_1V15_HDMI' has 3 incomplete(s)
2026-08-15 20:16:03.933 DEBUG  [88C040\74516C]   Net 'HDMI_L_DDC_SDA' has 1 incomplete(s)
2026-08-15 20:16:03.933 DEBUG  [88C040\74516C]   Net 'HDMI_L_HPD' has 1 incomplete(s)
2026-08-15 20:16:03.933 DEBUG  [88C040\74516C]   Net 'L_1V2_MIPI1' has 2 incomplete(s)
2026-08-15 20:16:03.933 DEBUG  [88C040\74516C]   Net 'HDMI_L_CLK_P' has 1 incomplete(s)
2026-08-15 20:16:03.933 DEBUG  [88C040\74516C]   Net 'HDMI_L_CLK_N' has 1 incomplete(s)
2026-08-15 20:16:03.933 DEBUG  [88C040\74516C]   Net 'L_1V15_CORE' has 4 incomplete(s)
2026-08-15 20:16:03.933 DEBUG  [88C040\74516C]   Net 'HDMI_L_D0_P' has 1 incomplete(s)
2026-08-15 20:16:03.933 DEBUG  [88C040\74516C]   Net 'HDMI_L_D0_N' has 1 incomplete(s)
2026-08-15 20:16:03.933 DEBUG  [88C040\74516C]   Net 'HDMI_L_D1_P' has 1 incomplete(s)
2026-08-15 20:16:03.933 DEBUG  [88C040\74516C]   Net 'HDMI_L_D1_N' has 1 incomplete(s)
2026-08-15 20:16:03.933 DEBUG  [88C040\74516C]   Net 'HDMI_L_D2_P' has 1 incomplete(s)
2026-08-15 20:16:03.933 DEBUG  [88C040\74516C]   Net 'HDMI_L_D2_N' has 1 incomplete(s)
2026-08-15 20:16:03.933 DEBUG  [88C040\74516C]   Net 'L_3V3_IO' has 2 incomplete(s)
2026-08-15 20:16:03.933 DEBUG  [88C040\74516C]   Net 'L_BIASDA' has 1 incomplete(s)
2026-08-15 20:16:03.933 DEBUG  [88C040\74516C]   Net 'L_BRIDGE_INT' has 2 incomplete(s)
2026-08-15 20:16:03.933 DEBUG  [88C040\74516C]   Net 'L_1V8_IO' has 3 incomplete(s)
2026-08-15 20:16:03.933 DEBUG  [88C040\74516C]   Net 'L_1V2_MIPI0' has 3 incomplete(s)
2026-08-15 20:16:03.933 DEBUG  [88C040\74516C]   Net 'L_PCKIN' has 1 incomplete(s)
2026-08-15 20:16:03.933 DEBUG  [88C040\74516C]   Net 'L_PFIL' has 1 incomplete(s)
2026-08-15 20:16:03.933 DEBUG  [88C040\74516C]   Net 'DISPLAY_I2C_SDA_1V8' has 6 incomplete(s)
2026-08-15 20:16:03.933 DEBUG  [88C040\74516C]   Net 'DISPLAY_I2C_SCL_1V8' has 6 incomplete(s)
2026-08-15 20:16:03.933 DEBUG  [88C040\74516C]   Net 'L_BRIDGE_RESETN' has 1 incomplete(s)
2026-08-15 20:16:03.933 DEBUG  [88C040\74516C]   Net 'L_REFCLK' has 1 incomplete(s)
2026-08-15 20:16:03.933 DEBUG  [88C040\74516C]   Net 'BL_PWM' has 4 incomplete(s)
2026-08-15 20:16:03.933 DEBUG  [88C040\74516C]   Net 'nPI_LED_PWR' has 1 incomplete(s)
2026-08-15 20:16:03.933 DEBUG  [88C040\74516C]   Net 'R_1V15_HDMI' has 3 incomplete(s)
2026-08-15 20:16:03.933 DEBUG  [88C040\74516C]   Net 'R_PCKIN' has 1 incomplete(s)
2026-08-15 20:16:03.933 DEBUG  [88C040\74516C]   Net 'AUDIO_REF' has 1 incomplete(s)
2026-08-15 20:16:03.933 DEBUG  [88C040\74516C]   Net '+1V05_USB' has 19 incomplete(s)
2026-08-15 20:16:03.933 DEBUG  [88C040\74516C]   Net 'SPI_MISO' has 1 incomplete(s)
2026-08-15 20:16:03.933 DEBUG  [88C040\74516C]   Net 'DISPLAY_3V3' has 7 incomplete(s)
2026-08-15 20:16:03.933 DEBUG  [88C040\74516C]   Net 'R_LCD_LEDPWM' has 3 incomplete(s)
2026-08-15 20:16:03.933 DEBUG  [88C040\74516C]   Net 'HP_L' has 1 incomplete(s)
2026-08-15 20:16:03.933 DEBUG  [88C040\74516C]   Net 'HP_R' has 1 incomplete(s)
2026-08-15 20:16:03.933 DEBUG  [88C040\74516C]   Net 'JACK_MIC' has 2 incomplete(s)
2026-08-15 20:16:03.933 DEBUG  [88C040\74516C]   Net 'R_PFIL' has 1 incomplete(s)
2026-08-15 20:16:03.933 DEBUG  [88C040\74516C]   Net 'PROX_INT' has 1 incomplete(s)
2026-08-15 20:16:03.933 DEBUG  [88C040\74516C]   Net 'I2C_SDA' has 7 incomplete(s)
2026-08-15 20:16:03.933 DEBUG  [88C040\74516C]   Net 'I2C_SCL' has 7 incomplete(s)
2026-08-15 20:16:03.933 DEBUG  [88C040\74516C]   Net 'R_1V15_CORE' has 4 incomplete(s)
2026-08-15 20:16:03.933 DEBUG  [88C040\74516C]   Net 'DISPLAY_1V15' has 7 incomplete(s)
2026-08-15 20:16:03.933 DEBUG  [88C040\74516C]   Net '+3V3_AUDIO' has 6 incomplete(s)
2026-08-15 20:16:03.933 DEBUG  [88C040\74516C]   Net 'SPI_CLK' has 1 incomplete(s)
2026-08-15 20:16:03.933 DEBUG  [88C040\74516C]   Net 'R_1V8_IO' has 3 incomplete(s)
2026-08-15 20:16:03.933 DEBUG  [88C040\74516C]   Net 'R_S1_TEST' has 1 incomplete(s)
2026-08-15 20:16:03.933 DEBUG  [88C040\74516C]   Net 'R_1V2_MIPI0' has 3 incomplete(s)
2026-08-15 20:16:03.933 DEBUG  [88C040\74516C]   Net 'R_BRIDGE_INT' has 2 incomplete(s)
2026-08-15 20:16:03.933 DEBUG  [88C040\74516C]   Net 'VBUS_CHARGE' has 13 incomplete(s)
2026-08-15 20:16:03.933 DEBUG  [88C040\74516C]   Net 'CC1' has 4 incomplete(s)
2026-08-15 20:16:03.933 DEBUG  [88C040\74516C]   Net 'USB2_SERVICE_DP' has 3 incomplete(s)
2026-08-15 20:16:03.933 DEBUG  [88C040\74516C]   Net 'USB2_SERVICE_DM' has 3 incomplete(s)
2026-08-15 20:16:03.933 DEBUG  [88C040\74516C]   Net 'CC2' has 4 incomplete(s)
2026-08-15 20:16:03.933 DEBUG  [88C040\74516C]   Net 'DISPLAY_1V2' has 7 incomplete(s)
2026-08-15 20:16:03.933 DEBUG  [88C040\74516C]   Net 'USB_ILIM' has 1 incomplete(s)
2026-08-15 20:16:03.933 DEBUG  [88C040\74516C]   Net 'AUDIO_1V8_LDO' has 2 incomplete(s)
2026-08-15 20:16:03.933 DEBUG  [88C040\74516C]   Net 'AUDIO_MCLK' has 1 incomplete(s)
2026-08-15 20:16:03.933 DEBUG  [88C040\74516C]   Net 'I2S_BCLK' has 1 incomplete(s)
2026-08-15 20:16:03.933 DEBUG  [88C040\74516C]   Net 'I2S_LRCLK' has 1 incomplete(s)
2026-08-15 20:16:03.933 DEBUG  [88C040\74516C]   Net 'I2S_DOUT' has 1 incomplete(s)
2026-08-15 20:16:03.933 DEBUG  [88C040\74516C]   Net 'I2S_DIN' has 1 incomplete(s)
2026-08-15 20:16:03.933 DEBUG  [88C040\74516C]   Net 'MIC_R_N' has 1 incomplete(s)
2026-08-15 20:16:03.933 DEBUG  [88C040\74516C]   Net 'MIC_R_P' has 1 incomplete(s)
2026-08-15 20:16:03.933 DEBUG  [88C040\74516C]   Net 'MIC_L_P' has 1 incomplete(s)
2026-08-15 20:16:03.933 DEBUG  [88C040\74516C]   Net 'MIC_L_N' has 1 incomplete(s)
2026-08-15 20:16:03.933 DEBUG  [88C040\74516C]   Net 'MICBIAS' has 2 incomplete(s)
2026-08-15 20:16:03.933 DEBUG  [88C040\74516C]   Net 'JACK_MIC_CODEC' has 1 incomplete(s)
2026-08-15 20:16:03.934 DEBUG  [88C040\74516C]   Net 'HP_L_CODEC' has 1 incomplete(s)
2026-08-15 20:16:03.934 DEBUG  [88C040\74516C]   Net 'HP_R_CODEC' has 1 incomplete(s)
2026-08-15 20:16:03.934 DEBUG  [88C040\74516C]   Net 'AUDIO_RESET_N' has 1 incomplete(s)
2026-08-15 20:16:03.934 DEBUG  [88C040\74516C]   Net 'USB3_POR_N' has 2 incomplete(s)
2026-08-15 20:16:03.934 DEBUG  [88C040\74516C]   Net 'USB3_XT1' has 1 incomplete(s)
2026-08-15 20:16:03.934 DEBUG  [88C040\74516C]   Net 'USB3_XT2' has 1 incomplete(s)
2026-08-15 20:16:03.934 DEBUG  [88C040\74516C]   Net 'PCIE_RX_USB3_P' has 1 incomplete(s)
2026-08-15 20:16:03.934 DEBUG  [88C040\74516C]   Net 'PCIE_RX_P' has 1 incomplete(s)
2026-08-15 20:16:03.934 DEBUG  [88C040\74516C]   Net 'VBUS_USB_HOST' has 4 incomplete(s)
2026-08-15 20:16:03.934 DEBUG  [88C040\74516C]   Net 'USB2_HOST_DP' has 3 incomplete(s)
2026-08-15 20:16:03.934 DEBUG  [88C040\74516C]   Net 'USB2_HOST_DM' has 3 incomplete(s)
2026-08-15 20:16:03.934 DEBUG  [88C040\74516C]   Net 'R_HPDI' has 2 incomplete(s)
2026-08-15 20:16:03.934 DEBUG  [88C040\74516C]   Net 'R_LCD_TE' has 2 incomplete(s)
2026-08-15 20:16:03.934 DEBUG  [88C040\74516C]   Net 'SPI_MOSI' has 1 incomplete(s)
2026-08-15 20:16:03.934 DEBUG  [88C040\74516C]   Net 'R_REXT' has 1 incomplete(s)
2026-08-15 20:16:03.934 DEBUG  [88C040\74516C]   Net 'HDMI_R_CEC' has 1 incomplete(s)
2026-08-15 20:16:03.934 DEBUG  [88C040\74516C]   Net 'HDMI_R_DDC_SCL' has 1 incomplete(s)
2026-08-15 20:16:03.934 DEBUG  [88C040\74516C]   Net 'R_DSIB_D3_P' has 1 incomplete(s)
2026-08-15 20:16:03.934 DEBUG  [88C040\74516C]   Net 'R_DSIB_D2_P' has 1 incomplete(s)
2026-08-15 20:16:03.934 DEBUG  [88C040\74516C]   Net 'R_DSIB_CLK_P' has 1 incomplete(s)
2026-08-15 20:16:03.934 DEBUG  [88C040\74516C]   Net 'R_DSIB_D1_P' has 1 incomplete(s)
2026-08-15 20:16:03.934 DEBUG  [88C040\74516C]   Net 'R_DSIB_D0_P' has 1 incomplete(s)
2026-08-15 20:16:03.934 DEBUG  [88C040\74516C]   Net 'HDMI_R_DDC_SDA' has 1 incomplete(s)
2026-08-15 20:16:03.934 DEBUG  [88C040\74516C]   Net 'HDMI_R_HPD' has 1 incomplete(s)
2026-08-15 20:16:03.934 DEBUG  [88C040\74516C]   Net 'R_DSIB_D3_N' has 1 incomplete(s)
2026-08-15 20:16:03.934 DEBUG  [88C040\74516C]   Net 'R_DSIB_D2_N' has 1 incomplete(s)
2026-08-15 20:16:03.934 DEBUG  [88C040\74516C]   Net 'R_DSIB_CLK_N' has 1 incomplete(s)
2026-08-15 20:16:03.934 DEBUG  [88C040\74516C]   Net 'R_DSIB_D1_N' has 1 incomplete(s)
2026-08-15 20:16:03.934 DEBUG  [88C040\74516C]   Net 'R_DSIB_D0_N' has 1 incomplete(s)
2026-08-15 20:16:03.934 DEBUG  [88C040\74516C]   Net 'R_1V2_MIPI1' has 2 incomplete(s)
2026-08-15 20:16:03.934 DEBUG  [88C040\74516C]   Net 'HDMI_R_CLK_P' has 1 incomplete(s)
2026-08-15 20:16:03.934 DEBUG  [88C040\74516C]   Net 'HDMI_R_CLK_N' has 1 incomplete(s)
2026-08-15 20:16:03.934 DEBUG  [88C040\74516C]   Net 'HDMI_R_D0_P' has 1 incomplete(s)
2026-08-15 20:16:03.934 DEBUG  [88C040\74516C]   Net 'HDMI_R_D0_N' has 1 incomplete(s)
2026-08-15 20:16:03.934 DEBUG  [88C040\74516C]   Net 'R_DSIA_D3_N' has 1 incomplete(s)
2026-08-15 20:16:03.934 DEBUG  [88C040\74516C]   Net 'R_DSIA_D3_P' has 1 incomplete(s)
2026-08-15 20:16:03.934 DEBUG  [88C040\74516C]   Net 'HDMI_R_D1_P' has 1 incomplete(s)
2026-08-15 20:16:03.934 DEBUG  [88C040\74516C]   Net 'HDMI_R_D1_N' has 1 incomplete(s)
2026-08-15 20:16:03.934 DEBUG  [88C040\74516C]   Net 'R_DSIA_D2_N' has 1 incomplete(s)
2026-08-15 20:16:03.934 DEBUG  [88C040\74516C]   Net 'R_DSIA_D2_P' has 1 incomplete(s)
2026-08-15 20:16:03.934 DEBUG  [88C040\74516C]   Net 'HDMI_R_D2_P' has 1 incomplete(s)
2026-08-15 20:16:03.934 DEBUG  [88C040\74516C]   Net 'HDMI_R_D2_N' has 1 incomplete(s)
2026-08-15 20:16:03.934 DEBUG  [88C040\74516C]   Net 'R_DSIA_CLK_N' has 1 incomplete(s)
2026-08-15 20:16:03.934 DEBUG  [88C040\74516C]   Net 'R_DSIA_CLK_P' has 1 incomplete(s)
2026-08-15 20:16:03.934 DEBUG  [88C040\74516C]   Net 'R_DSIA_D1_N' has 1 incomplete(s)
2026-08-15 20:16:03.934 DEBUG  [88C040\74516C]   Net 'R_DSIA_D1_P' has 1 incomplete(s)
2026-08-15 20:16:03.934 DEBUG  [88C040\74516C]   Net 'R_3V3_IO' has 2 incomplete(s)
2026-08-15 20:16:03.934 DEBUG  [88C040\74516C]   Net 'R_DSIA_D0_N' has 1 incomplete(s)
2026-08-15 20:16:03.934 DEBUG  [88C040\74516C]   Net 'R_DSIA_D0_P' has 1 incomplete(s)
2026-08-15 20:16:03.934 DEBUG  [88C040\74516C]   Net 'R_BIASDA' has 1 incomplete(s)
2026-08-15 20:16:03.934 DEBUG  [88C040\74516C]   Net 'R_BRIDGE_RESETN' has 1 incomplete(s)
2026-08-15 20:16:03.934 DEBUG  [88C040\74516C]   Net 'R_REFCLK' has 1 incomplete(s)
2026-08-15 20:16:03.934 DEBUG  [88C040\74516C]   Net 'MIC_L_RAW_P' has 1 incomplete(s)
2026-08-15 20:16:03.934 DEBUG  [88C040\74516C]   Net '+2V8_MIC' has 3 incomplete(s)
2026-08-15 20:16:03.934 DEBUG  [88C040\74516C]   Net 'MIC_L_RAW_N' has 1 incomplete(s)
2026-08-15 20:16:03.934 DEBUG  [88C040\74516C]   Net 'TYPEC_ATTACHED_N' has 2 incomplete(s)
2026-08-15 20:16:03.934 DEBUG  [88C040\74516C]   Net 'USB_OC_N' has 2 incomplete(s)
2026-08-15 20:16:03.934 DEBUG  [88C040\74516C]   Net 'R_LED1_N' has 1 incomplete(s)
2026-08-15 20:16:03.934 DEBUG  [88C040\74516C]   Net 'R_LED2_N' has 1 incomplete(s)
2026-08-15 20:16:03.934 DEBUG  [88C040\74516C]   Net 'R_LED3_N' has 1 incomplete(s)
2026-08-15 20:16:03.934 DEBUG  [88C040\74516C]   Net '+5V_SYS' has 33 incomplete(s)
2026-08-15 20:16:03.934 DEBUG  [88C040\74516C]   Net 'PCIE_RX_USB3_N' has 1 incomplete(s)
2026-08-15 20:16:03.934 DEBUG  [88C040\74516C]   Net 'PCIE_RX_N' has 1 incomplete(s)
2026-08-15 20:16:03.934 DEBUG  [88C040\74516C]   Net 'MIC_R_RAW_N' has 1 incomplete(s)
2026-08-15 20:16:03.934 DEBUG  [88C040\74516C]   Net 'TYPEC_INT_N' has 2 incomplete(s)
2026-08-15 20:16:03.934 DEBUG  [88C040\74516C]   Net 'PCIE_CLK_P' has 1 incomplete(s)
2026-08-15 20:16:03.934 DEBUG  [88C040\74516C]   Net 'PCIE_CLK_N' has 1 incomplete(s)
2026-08-15 20:16:03.934 DEBUG  [88C040\74516C]   Net 'PCIE_TX_P' has 1 incomplete(s)
2026-08-15 20:16:03.934 DEBUG  [88C040\74516C]   Net 'PCIE_TX_N' has 1 incomplete(s)
2026-08-15 20:16:03.934 DEBUG  [88C040\74516C]   Net 'PCIE_CLKREQ_N' has 2 incomplete(s)
2026-08-15 20:16:03.934 DEBUG  [88C040\74516C]   Net 'SPI_CS_N' has 1 incomplete(s)
2026-08-15 20:16:03.934 DEBUG  [88C040\74516C]   Net 'USB3_RREF' has 1 incomplete(s)
2026-08-15 20:16:03.934 DEBUG  [88C040\74516C]   Net 'PCIE_RST_N' has 1 incomplete(s)
2026-08-15 20:16:03.934 DEBUG  [88C040\74516C]   Net 'MIC_R_RAW_P' has 1 incomplete(s)
2026-08-15 20:16:03.934 DEBUG  [88C040\74516C]   Net 'BL_EN' has 2 incomplete(s)
2026-08-15 20:16:03.934 DEBUG  [88C040\74516C]   Net 'VBAT_SYS' has 13 incomplete(s)
2026-08-15 20:16:03.934 DEBUG  [88C040\74516C]   Net 'UART_RX' has 1 incomplete(s)
2026-08-15 20:16:03.934 DEBUG  [88C040\74516C]   Net 'UART_TX' has 1 incomplete(s)
2026-08-15 20:16:03.934 DEBUG  [88C040\74516C]   Net 'SD_CLK' has 1 incomplete(s)
2026-08-15 20:16:03.935 DEBUG  [88C040\74516C]   Net 'SD_DAT3' has 1 incomplete(s)
2026-08-15 20:16:03.935 DEBUG  [88C040\74516C]   Net 'SD_CMD' has 1 incomplete(s)
2026-08-15 20:16:03.935 DEBUG  [88C040\74516C]   Net 'SD_DAT0' has 1 incomplete(s)
2026-08-15 20:16:03.935 DEBUG  [88C040\74516C]   Net 'SD_DAT1' has 1 incomplete(s)
2026-08-15 20:16:03.935 DEBUG  [88C040\74516C]   Net 'SD_DAT2' has 1 incomplete(s)
2026-08-15 20:16:03.935 DEBUG  [88C040\74516C]   Net 'SD_PWR_ON' has 2 incomplete(s)
2026-08-15 20:16:03.935 DEBUG  [88C040\74516C]   Net '+1V8' has 1 incomplete(s)
2026-08-15 20:16:03.935 DEBUG  [88C040\74516C]   Net 'WIFI_ENABLE_N' has 1 incomplete(s)
2026-08-15 20:16:03.935 DEBUG  [88C040\74516C]   Net 'BT_ENABLE_N' has 1 incomplete(s)
2026-08-15 20:16:03.935 DEBUG  [88C040\74516C]   Net 'RUN_PG' has 1 incomplete(s)
2026-08-15 20:16:03.935 DEBUG  [88C040\74516C]   Net 'EMMC_BOOT_N' has 1 incomplete(s)
2026-08-15 20:16:03.935 DEBUG  [88C040\74516C]   Net 'CM4_EXT_RESET_N' has 1 incomplete(s)
2026-08-15 20:16:03.935 DEBUG  [88C040\74516C]   Net 'REG_1V8_SW' has 1 incomplete(s)
2026-08-15 20:16:03.935 DEBUG  [88C040\74516C]   Net 'CHG_IRQ_N' has 2 incomplete(s)
2026-08-15 20:16:03.935 DEBUG  [88C040\74516C]   Net 'SD_DETECT_B' has 2 incomplete(s)
2026-08-15 20:16:03.935 DEBUG  [88C040\74516C]   Net 'USB1V05_PG' has 1 incomplete(s)
2026-08-15 20:16:03.935 DEBUG  [88C040\74516C]   Net 'LCD_BIAS_ENN' has 1 incomplete(s)
2026-08-15 20:16:03.935 DEBUG  [88C040\74516C]   Net 'BIAS_FLY2' has 1 incomplete(s)
2026-08-15 20:16:03.935 DEBUG  [88C040\74516C]   Net 'LCD_BIAS_ENP' has 1 incomplete(s)
2026-08-15 20:16:03.935 DEBUG  [88C040\74516C]   Net 'BIAS_FLY1' has 1 incomplete(s)
2026-08-15 20:16:03.935 DEBUG  [88C040\74516C]   Net 'BIAS_SW' has 1 incomplete(s)
2026-08-15 20:16:03.935 DEBUG  [88C040\74516C]   Net 'BIAS_REG' has 2 incomplete(s)
2026-08-15 20:16:03.935 DEBUG  [88C040\74516C]   Net 'REG_1V8_FB' has 2 incomplete(s)
2026-08-15 20:16:03.935 DEBUG  [88C040\74516C]   Net 'CHG_STAT' has 1 incomplete(s)
2026-08-15 20:16:03.935 DEBUG  [88C040\74516C]   Net 'TS' has 2 incomplete(s)
2026-08-15 20:16:03.935 DEBUG  [88C040\74516C]   Net 'REG_1V15_SW' has 1 incomplete(s)
2026-08-15 20:16:03.935 DEBUG  [88C040\74516C]   Net 'REG_1V15_FB' has 2 incomplete(s)
2026-08-15 20:16:03.935 DEBUG  [88C040\74516C]   Net 'WLED_COMP' has 1 incomplete(s)
2026-08-15 20:16:03.935 DEBUG  [88C040\74516C]   Net 'WLED_COMP_RC' has 1 incomplete(s)
2026-08-15 20:16:03.935 DEBUG  [88C040\74516C]   Net 'FB_5V' has 3 incomplete(s)
2026-08-15 20:16:03.935 DEBUG  [88C040\74516C]   Net 'WLED_OVP' has 2 incomplete(s)
2026-08-15 20:16:03.935 DEBUG  [88C040\74516C]   Net 'BST1' has 1 incomplete(s)
2026-08-15 20:16:03.935 DEBUG  [88C040\74516C]   Net 'SW1' has 2 incomplete(s)
2026-08-15 20:16:03.935 DEBUG  [88C040\74516C]   Net 'PMID' has 3 incomplete(s)
2026-08-15 20:16:03.935 DEBUG  [88C040\74516C]   Net 'DISPLAY_GPIO_INT_N' has 1 incomplete(s)
2026-08-15 20:16:03.935 DEBUG  [88C040\74516C]   Net 'DISPLAY_GPIO_RESETN' has 1 incomplete(s)
2026-08-15 20:16:03.935 DEBUG  [88C040\74516C]   Net 'MODE_5V' has 2 incomplete(s)
2026-08-15 20:16:03.935 DEBUG  [88C040\74516C]   Net 'SW2' has 2 incomplete(s)
2026-08-15 20:16:03.936 DEBUG  [88C040\74516C]   Net 'WLED_SW' has 3 incomplete(s)
2026-08-15 20:16:03.936 DEBUG  [88C040\74516C]   Net 'REG_1V2_SW' has 1 incomplete(s)
2026-08-15 20:16:03.936 DEBUG  [88C040\74516C]   Net 'REG_1V2_FB' has 2 incomplete(s)
2026-08-15 20:16:03.936 DEBUG  [88C040\74516C]   Net 'ILIM_HIZ' has 2 incomplete(s)
2026-08-15 20:16:03.936 DEBUG  [88C040\74516C]   Net 'USB1V05_FB' has 3 incomplete(s)
2026-08-15 20:16:03.936 DEBUG  [88C040\74516C]   Net 'REGN' has 2 incomplete(s)
2026-08-15 20:16:03.936 DEBUG  [88C040\74516C]   Net 'BST2' has 1 incomplete(s)
2026-08-15 20:16:03.936 DEBUG  [88C040\74516C]   Net 'LDO_3V3' has 7 incomplete(s)
2026-08-15 20:16:03.936 DEBUG  [88C040\74516C]   Net 'CHG_SDA' has 2 incomplete(s)
2026-08-15 20:16:03.936 DEBUG  [88C040\74516C]   Net 'BATP' has 1 incomplete(s)
2026-08-15 20:16:03.936 DEBUG  [88C040\74516C]   Net 'BAT+' has 3 incomplete(s)
2026-08-15 20:16:03.936 DEBUG  [88C040\74516C]   Net 'CHG_SCL' has 2 incomplete(s)
2026-08-15 20:16:03.936 DEBUG  [88C040\74516C]   Net 'SD_PWR' has 2 incomplete(s)
2026-08-15 20:16:03.936 DEBUG  [88C040\74516C]   Net 'WLED_ISET' has 1 incomplete(s)
2026-08-15 20:16:03.936 DEBUG  [88C040\74516C]   Net 'VCC_5V' has 2 incomplete(s)
2026-08-15 20:16:03.936 DEBUG  [88C040\74516C]   Net 'REG_3V3_SW' has 1 incomplete(s)
2026-08-15 20:16:03.936 DEBUG  [88C040\74516C]   Net 'REG_3V3_FB' has 2 incomplete(s)
2026-08-15 20:16:03.936 DEBUG  [88C040\74516C]   Net 'SW_5V' has 4 incomplete(s)
2026-08-15 20:16:03.936 DEBUG  [88C040\74516C]   Net 'PPHV' has 9 incomplete(s)
2026-08-15 20:16:03.936 DEBUG  [88C040\74516C]   Net 'PROG' has 1 incomplete(s)
2026-08-15 20:16:03.936 DEBUG  [88C040\74516C]   Net 'USB1V05_SW' has 1 incomplete(s)
2026-08-15 20:16:03.936 DEBUG  [88C040\74516C]   Net 'LDO_1V5' has 3 incomplete(s)
2026-08-15 20:16:03.936 DEBUG  [88C040\74516C]   Net 'I2Ct_SDA' has 2 incomplete(s)
2026-08-15 20:16:03.936 DEBUG  [88C040\74516C]   Net 'I2Ct_SCL' has 2 incomplete(s)
2026-08-15 20:16:03.936 DEBUG  [88C040\74516C]   Net 'PD_IRQ_N' has 1 incomplete(s)
2026-08-15 20:16:03.936 DEBUG  [88C040\74516C]   Net 'unconnected-(U12-DRAIN_PAD-Pad40)' has 2 incomplete(s)
2026-08-15 20:16:03.936 DEBUG  [88C040\74516C]   Net 'SD_DETECT_A' has 1 incomplete(s)
2026-08-15 20:16:03.936 DEBUG  [88C040\74516C]   Net 'WLED_FREQ' has 1 incomplete(s)
2026-08-15 20:16:03.936 DEBUG  [88C040\74516C]   Net 'PGOOD_5V' has 1 incomplete(s)
2026-08-15 20:16:03.936 DEBUG  [88C040\74516C]   Net 'BST_5V' has 1 incomplete(s)
2026-08-15 20:16:07.165 DEBUG  PolylineTrace.normalize: max normalization depth (16) reached for trace #3275 on net 91 — stopping recursion, trace kept as-is.
2026-08-15 20:16:10.068 DEBUG  InsertFoundConnectionAlgo: insert trace failed for net #6 at corner 3/3 on layer 5, trace width: 2500, from corner: 0, ok_point: (1599000,-1272200), target: (1595000,-1272200)
2026-08-15 20:16:10.100 DEBUG  [88C040\74516C] Autorouter Failed to route connection between pin #1 of component #308, pin of component #306, pin #37 of component #303, pin #5 of component #302, pin of component #302, pin #4 of component #276, pin of component #259, pin of component #250, pin of component #244, pin of component #232, pin of component #231, pin of component #230, pin #85 of component #223, pin #77 of component #223, pin of component #206, pin of component #198, pin #42 of component #184, pin #33 of component #184, pin #24 of component #184, pin #21 of component #184, pin #11 of component #184, pin #2 of component #184, pin #11 of component #183, pin #2 of component #183, pin #2 of component #178, pin #1 of component #171, pin #1 of component #167, pin #29 of component #162, pin #5 of component #162, pin #3 of component #158, pin of component #147, pin of component #138, pin of component #137, pin of component #135, pin of component #133, pin of component #132, pin of component #122, pin of component #51, pin of component #49, pin of component #44, pin of component #29, pin of component #28, pin #5 of component #26, pin of component #19, pin of component #16, pin of component #14, pin of component #9, pin of component #3 and via, via, polylinetrace, polylinetrace, polylinetrace, polylinetrace, polylinetrace, polylinetrace, polylinetrace, polylinetrace, pin #83 of component #223, pin of component #161, because the new connection could not be inserted.
2026-08-15 20:16:12.902 DEBUG  FloatLine: one or both endpoints are null (degenerate line segment)
2026-08-15 20:16:38.106 DEBUG  [88C040\74516C] Autorouter Failed to route connection between pin #4 of component #311, pin #3 of component #311, pin #2 of component #311, pin #1 of component #311, pin #24 of component #301, pin of component #217, pin of component #211, pin of component #200, pin of component #199, pin of component #194, pin of component #190, pin of component #189, pin of component #117 and pin #11 of component #311, because no connection was found between their nets.
2026-08-15 20:17:04.639 DEBUG  [88C040\74516C] Autorouter Failed to route connection between pin #11 of component #311, pin #24 of component #301, pin of component #217, pin of component #211, pin of component #200, pin of component #199, pin of component #194, pin of component #190, pin of component #189, pin of component #117 and polylinetrace, polylinetrace, polylinetrace, polylinetrace, polylinetrace, pin #4 of component #311, pin #3 of component #311, pin #2 of component #311, pin #1 of component #311, because no connection was found between their nets.
