ISO-10303-21;
HEADER;
FILE_DESCRIPTION(('Open CASCADE Model'),'2;1');
FILE_NAME('Open CASCADE Shape Model','2026-08-11T23:55:52',('Author'),(
    'Open CASCADE'),'Open CASCADE STEP processor 7.8','Open CASCADE 7.8'
  ,'Unknown');
FILE_SCHEMA(('AUTOMOTIVE_DESIGN { 1 0 10303 214 1 1 1 1 }'));
ENDSEC;
DATA;
#1 = APPLICATION_PROTOCOL_DEFINITION('international standard',
  'automotive_design',2000,#2);
#2 = APPLICATION_CONTEXT(
  'core data for automotive mechanical design processes');
#3 = SHAPE_DEFINITION_REPRESENTATION(#4,#10);
#4 = PRODUCT_DEFINITION_SHAPE('','',#5);
#5 = PRODUCT_DEFINITION('design','',#6,#9);
#6 = PRODUCT_DEFINITION_FORMATION('','',#7);
#7 = PRODUCT('SRP7050TA-2R2M','SRP7050TA-2R2M','',(#8));
#8 = PRODUCT_CONTEXT('',#2,'mechanical');
#9 = PRODUCT_DEFINITION_CONTEXT('part definition',#2,'design');
#10 = SHAPE_REPRESENTATION('',(#11,#15,#19,#23,#27),#31);
#11 = AXIS2_PLACEMENT_3D('',#12,#13,#14);
#12 = CARTESIAN_POINT('',(0.,0.,0.));
#13 = DIRECTION('',(0.,0.,1.));
#14 = DIRECTION('',(1.,0.,-0.));
#15 = AXIS2_PLACEMENT_3D('',#16,#17,#18);
#16 = CARTESIAN_POINT('',(0.,0.,0.));
#17 = DIRECTION('',(0.,0.,1.));
#18 = DIRECTION('',(1.,0.,-0.));
#19 = AXIS2_PLACEMENT_3D('',#20,#21,#22);
#20 = CARTESIAN_POINT('',(0.,0.,0.));
#21 = DIRECTION('',(0.,0.,1.));
#22 = DIRECTION('',(1.,0.,-0.));
#23 = AXIS2_PLACEMENT_3D('',#24,#25,#26);
#24 = CARTESIAN_POINT('',(0.,0.,0.));
#25 = DIRECTION('',(0.,0.,1.));
#26 = DIRECTION('',(1.,0.,-0.));
#27 = AXIS2_PLACEMENT_3D('',#28,#29,#30);
#28 = CARTESIAN_POINT('',(0.,0.,0.));
#29 = DIRECTION('',(0.,0.,1.));
#30 = DIRECTION('',(1.,0.,-0.));
#31 = ( GEOMETRIC_REPRESENTATION_CONTEXT(3) 
GLOBAL_UNCERTAINTY_ASSIGNED_CONTEXT((#35)) GLOBAL_UNIT_ASSIGNED_CONTEXT(
(#32,#33,#34)) REPRESENTATION_CONTEXT('Context #1',
  '3D Context with UNIT and UNCERTAINTY') );
#32 = ( LENGTH_UNIT() NAMED_UNIT(*) SI_UNIT(.MILLI.,.METRE.) );
#33 = ( NAMED_UNIT(*) PLANE_ANGLE_UNIT() SI_UNIT($,.RADIAN.) );
#34 = ( NAMED_UNIT(*) SI_UNIT($,.STERADIAN.) SOLID_ANGLE_UNIT() );
#35 = UNCERTAINTY_MEASURE_WITH_UNIT(LENGTH_MEASURE(1.E-07),#32,
  'distance_accuracy_value','confusion accuracy');
#36 = PRODUCT_RELATED_PRODUCT_CATEGORY('part',$,(#7));
#37 = SHAPE_DEFINITION_REPRESENTATION(#38,#44);
#38 = PRODUCT_DEFINITION_SHAPE('','',#39);
#39 = PRODUCT_DEFINITION('design','',#40,#43);
#40 = PRODUCT_DEFINITION_FORMATION('','',#41);
#41 = PRODUCT('molded_body','molded_body','',(#42));
#42 = PRODUCT_CONTEXT('',#2,'mechanical');
#43 = PRODUCT_DEFINITION_CONTEXT('part definition',#2,'design');
#44 = ADVANCED_BREP_SHAPE_REPRESENTATION('',(#11,#45),#1139);
#45 = MANIFOLD_SOLID_BREP('',#46);
#46 = CLOSED_SHELL('',(#47,#167,#250,#327,#499,#549,#606,#655,#831,#856,
    #905,#955,#1005,#1032,#1057,#1082,#1107,#1132));
#47 = ADVANCED_FACE('',(#48),#62,.F.);
#48 = FACE_BOUND('',#49,.F.);
#49 = EDGE_LOOP('',(#50,#85,#113,#141));
#50 = ORIENTED_EDGE('',*,*,#51,.F.);
#51 = EDGE_CURVE('',#52,#54,#56,.T.);
#52 = VERTEX_POINT('',#53);
#53 = CARTESIAN_POINT('',(-3.35,-2.98,0.12));
#54 = VERTEX_POINT('',#55);
#55 = CARTESIAN_POINT('',(-3.35,-2.98,4.62));
#56 = SURFACE_CURVE('',#57,(#61,#73),.PCURVE_S1.);
#57 = LINE('',#58,#59);
#58 = CARTESIAN_POINT('',(-3.35,-2.98,0.12));
#59 = VECTOR('',#60,1.);
#60 = DIRECTION('',(0.,0.,1.));
#61 = PCURVE('',#62,#67);
#62 = PLANE('',#63);
#63 = AXIS2_PLACEMENT_3D('',#64,#65,#66);
#64 = CARTESIAN_POINT('',(-3.35,-3.3,0.12));
#65 = DIRECTION('',(1.,0.,0.));
#66 = DIRECTION('',(0.,0.,1.));
#67 = DEFINITIONAL_REPRESENTATION('',(#68),#72);
#68 = LINE('',#69,#70);
#69 = CARTESIAN_POINT('',(0.,-0.32));
#70 = VECTOR('',#71,1.);
#71 = DIRECTION('',(1.,0.));
#72 = ( GEOMETRIC_REPRESENTATION_CONTEXT(2) 
PARAMETRIC_REPRESENTATION_CONTEXT() REPRESENTATION_CONTEXT('2D SPACE',''
  ) );
#73 = PCURVE('',#74,#79);
#74 = CYLINDRICAL_SURFACE('',#75,0.32);
#75 = AXIS2_PLACEMENT_3D('',#76,#77,#78);
#76 = CARTESIAN_POINT('',(-3.03,-2.98,0.12));
#77 = DIRECTION('',(0.,0.,1.));
#78 = DIRECTION('',(-1.,-0.,0.));
#79 = DEFINITIONAL_REPRESENTATION('',(#80),#84);
#80 = LINE('',#81,#82);
#81 = CARTESIAN_POINT('',(0.,0.));
#82 = VECTOR('',#83,1.);
#83 = DIRECTION('',(0.,1.));
#84 = ( GEOMETRIC_REPRESENTATION_CONTEXT(2) 
PARAMETRIC_REPRESENTATION_CONTEXT() REPRESENTATION_CONTEXT('2D SPACE',''
  ) );
#85 = ORIENTED_EDGE('',*,*,#86,.T.);
#86 = EDGE_CURVE('',#52,#87,#89,.T.);
#87 = VERTEX_POINT('',#88);
#88 = CARTESIAN_POINT('',(-3.35,2.98,0.12));
#89 = SURFACE_CURVE('',#90,(#94,#101),.PCURVE_S1.);
#90 = LINE('',#91,#92);
#91 = CARTESIAN_POINT('',(-3.35,-3.3,0.12));
#92 = VECTOR('',#93,1.);
#93 = DIRECTION('',(0.,1.,0.));
#94 = PCURVE('',#62,#95);
#95 = DEFINITIONAL_REPRESENTATION('',(#96),#100);
#96 = LINE('',#97,#98);
#97 = CARTESIAN_POINT('',(0.,0.));
#98 = VECTOR('',#99,1.);
#99 = DIRECTION('',(0.,-1.));
#100 = ( GEOMETRIC_REPRESENTATION_CONTEXT(2) 
PARAMETRIC_REPRESENTATION_CONTEXT() REPRESENTATION_CONTEXT('2D SPACE',''
  ) );
#101 = PCURVE('',#102,#107);
#102 = PLANE('',#103);
#103 = AXIS2_PLACEMENT_3D('',#104,#105,#106);
#104 = CARTESIAN_POINT('',(-3.35,-3.3,0.12));
#105 = DIRECTION('',(0.,0.,1.));
#106 = DIRECTION('',(1.,0.,0.));
#107 = DEFINITIONAL_REPRESENTATION('',(#108),#112);
#108 = LINE('',#109,#110);
#109 = CARTESIAN_POINT('',(0.,0.));
#110 = VECTOR('',#111,1.);
#111 = DIRECTION('',(0.,1.));
#112 = ( GEOMETRIC_REPRESENTATION_CONTEXT(2) 
PARAMETRIC_REPRESENTATION_CONTEXT() REPRESENTATION_CONTEXT('2D SPACE',''
  ) );
#113 = ORIENTED_EDGE('',*,*,#114,.T.);
#114 = EDGE_CURVE('',#87,#115,#117,.T.);
#115 = VERTEX_POINT('',#116);
#116 = CARTESIAN_POINT('',(-3.35,2.98,4.62));
#117 = SURFACE_CURVE('',#118,(#122,#129),.PCURVE_S1.);
#118 = LINE('',#119,#120);
#119 = CARTESIAN_POINT('',(-3.35,2.98,0.12));
#120 = VECTOR('',#121,1.);
#121 = DIRECTION('',(0.,0.,1.));
#122 = PCURVE('',#62,#123);
#123 = DEFINITIONAL_REPRESENTATION('',(#124),#128);
#124 = LINE('',#125,#126);
#125 = CARTESIAN_POINT('',(0.,-6.28));
#126 = VECTOR('',#127,1.);
#127 = DIRECTION('',(1.,0.));
#128 = ( GEOMETRIC_REPRESENTATION_CONTEXT(2) 
PARAMETRIC_REPRESENTATION_CONTEXT() REPRESENTATION_CONTEXT('2D SPACE',''
  ) );
#129 = PCURVE('',#130,#135);
#130 = CYLINDRICAL_SURFACE('',#131,0.32);
#131 = AXIS2_PLACEMENT_3D('',#132,#133,#134);
#132 = CARTESIAN_POINT('',(-3.03,2.98,0.12));
#133 = DIRECTION('',(0.,0.,1.));
#134 = DIRECTION('',(-1.,-0.,0.));
#135 = DEFINITIONAL_REPRESENTATION('',(#136),#140);
#136 = LINE('',#137,#138);
#137 = CARTESIAN_POINT('',(-0.,0.));
#138 = VECTOR('',#139,1.);
#139 = DIRECTION('',(-0.,1.));
#140 = ( GEOMETRIC_REPRESENTATION_CONTEXT(2) 
PARAMETRIC_REPRESENTATION_CONTEXT() REPRESENTATION_CONTEXT('2D SPACE',''
  ) );
#141 = ORIENTED_EDGE('',*,*,#142,.F.);
#142 = EDGE_CURVE('',#54,#115,#143,.T.);
#143 = SURFACE_CURVE('',#144,(#148,#155),.PCURVE_S1.);
#144 = LINE('',#145,#146);
#145 = CARTESIAN_POINT('',(-3.35,-2.98,4.62));
#146 = VECTOR('',#147,1.);
#147 = DIRECTION('',(0.,1.,0.));
#148 = PCURVE('',#62,#149);
#149 = DEFINITIONAL_REPRESENTATION('',(#150),#154);
#150 = LINE('',#151,#152);
#151 = CARTESIAN_POINT('',(4.5,-0.32));
#152 = VECTOR('',#153,1.);
#153 = DIRECTION('',(0.,-1.));
#154 = ( GEOMETRIC_REPRESENTATION_CONTEXT(2) 
PARAMETRIC_REPRESENTATION_CONTEXT() REPRESENTATION_CONTEXT('2D SPACE',''
  ) );
#155 = PCURVE('',#156,#161);
#156 = PLANE('',#157);
#157 = AXIS2_PLACEMENT_3D('',#158,#159,#160);
#158 = CARTESIAN_POINT('',(-3.26,-2.98,4.71));
#159 = DIRECTION('',(0.707106781187,0.,-0.707106781187));
#160 = DIRECTION('',(0.,1.,0.));
#161 = DEFINITIONAL_REPRESENTATION('',(#162),#166);
#162 = LINE('',#163,#164);
#163 = CARTESIAN_POINT('',(0.,-0.127279220614));
#164 = VECTOR('',#165,1.);
#165 = DIRECTION('',(1.,0.));
#166 = ( GEOMETRIC_REPRESENTATION_CONTEXT(2) 
PARAMETRIC_REPRESENTATION_CONTEXT() REPRESENTATION_CONTEXT('2D SPACE',''
  ) );
#167 = ADVANCED_FACE('',(#168),#74,.T.);
#168 = FACE_BOUND('',#169,.T.);
#169 = EDGE_LOOP('',(#170,#171,#195,#223));
#170 = ORIENTED_EDGE('',*,*,#51,.F.);
#171 = ORIENTED_EDGE('',*,*,#172,.T.);
#172 = EDGE_CURVE('',#52,#173,#175,.T.);
#173 = VERTEX_POINT('',#174);
#174 = CARTESIAN_POINT('',(-3.03,-3.3,0.12));
#175 = SURFACE_CURVE('',#176,(#181,#188),.PCURVE_S1.);
#176 = CIRCLE('',#177,0.32);
#177 = AXIS2_PLACEMENT_3D('',#178,#179,#180);
#178 = CARTESIAN_POINT('',(-3.03,-2.98,0.12));
#179 = DIRECTION('',(0.,0.,1.));
#180 = DIRECTION('',(0.,-1.,0.));
#181 = PCURVE('',#74,#182);
#182 = DEFINITIONAL_REPRESENTATION('',(#183),#187);
#183 = LINE('',#184,#185);
#184 = CARTESIAN_POINT('',(-4.712388980385,0.));
#185 = VECTOR('',#186,1.);
#186 = DIRECTION('',(1.,0.));
#187 = ( GEOMETRIC_REPRESENTATION_CONTEXT(2) 
PARAMETRIC_REPRESENTATION_CONTEXT() REPRESENTATION_CONTEXT('2D SPACE',''
  ) );
#188 = PCURVE('',#102,#189);
#189 = DEFINITIONAL_REPRESENTATION('',(#190),#194);
#190 = CIRCLE('',#191,0.32);
#191 = AXIS2_PLACEMENT_2D('',#192,#193);
#192 = CARTESIAN_POINT('',(0.32,0.32));
#193 = DIRECTION('',(0.,-1.));
#194 = ( GEOMETRIC_REPRESENTATION_CONTEXT(2) 
PARAMETRIC_REPRESENTATION_CONTEXT() REPRESENTATION_CONTEXT('2D SPACE',''
  ) );
#195 = ORIENTED_EDGE('',*,*,#196,.T.);
#196 = EDGE_CURVE('',#173,#197,#199,.T.);
#197 = VERTEX_POINT('',#198);
#198 = CARTESIAN_POINT('',(-3.03,-3.3,4.62));
#199 = SURFACE_CURVE('',#200,(#204,#211),.PCURVE_S1.);
#200 = LINE('',#201,#202);
#201 = CARTESIAN_POINT('',(-3.03,-3.3,0.12));
#202 = VECTOR('',#203,1.);
#203 = DIRECTION('',(0.,0.,1.));
#204 = PCURVE('',#74,#205);
#205 = DEFINITIONAL_REPRESENTATION('',(#206),#210);
#206 = LINE('',#207,#208);
#207 = CARTESIAN_POINT('',(1.570796326795,0.));
#208 = VECTOR('',#209,1.);
#209 = DIRECTION('',(0.,1.));
#210 = ( GEOMETRIC_REPRESENTATION_CONTEXT(2) 
PARAMETRIC_REPRESENTATION_CONTEXT() REPRESENTATION_CONTEXT('2D SPACE',''
  ) );
#211 = PCURVE('',#212,#217);
#212 = PLANE('',#213);
#213 = AXIS2_PLACEMENT_3D('',#214,#215,#216);
#214 = CARTESIAN_POINT('',(-3.35,-3.3,0.12));
#215 = DIRECTION('',(0.,1.,0.));
#216 = DIRECTION('',(0.,0.,1.));
#217 = DEFINITIONAL_REPRESENTATION('',(#218),#222);
#218 = LINE('',#219,#220);
#219 = CARTESIAN_POINT('',(0.,0.32));
#220 = VECTOR('',#221,1.);
#221 = DIRECTION('',(1.,0.));
#222 = ( GEOMETRIC_REPRESENTATION_CONTEXT(2) 
PARAMETRIC_REPRESENTATION_CONTEXT() REPRESENTATION_CONTEXT('2D SPACE',''
  ) );
#223 = ORIENTED_EDGE('',*,*,#224,.T.);
#224 = EDGE_CURVE('',#197,#54,#225,.T.);
#225 = SURFACE_CURVE('',#226,(#231,#238),.PCURVE_S1.);
#226 = CIRCLE('',#227,0.32);
#227 = AXIS2_PLACEMENT_3D('',#228,#229,#230);
#228 = CARTESIAN_POINT('',(-3.03,-2.98,4.62));
#229 = DIRECTION('',(-0.,-0.,-1.));
#230 = DIRECTION('',(0.,-1.,0.));
#231 = PCURVE('',#74,#232);
#232 = DEFINITIONAL_REPRESENTATION('',(#233),#237);
#233 = LINE('',#234,#235);
#234 = CARTESIAN_POINT('',(1.570796326795,4.5));
#235 = VECTOR('',#236,1.);
#236 = DIRECTION('',(-1.,-0.));
#237 = ( GEOMETRIC_REPRESENTATION_CONTEXT(2) 
PARAMETRIC_REPRESENTATION_CONTEXT() REPRESENTATION_CONTEXT('2D SPACE',''
  ) );
#238 = PCURVE('',#239,#244);
#239 = CONICAL_SURFACE('',#240,0.32,0.785398163397);
#240 = AXIS2_PLACEMENT_3D('',#241,#242,#243);
#241 = CARTESIAN_POINT('',(-3.03,-2.98,4.62));
#242 = DIRECTION('',(-0.,-0.,-1.));
#243 = DIRECTION('',(0.,-1.,0.));
#244 = DEFINITIONAL_REPRESENTATION('',(#245),#249);
#245 = LINE('',#246,#247);
#246 = CARTESIAN_POINT('',(0.,-0.));
#247 = VECTOR('',#248,1.);
#248 = DIRECTION('',(1.,-0.));
#249 = ( GEOMETRIC_REPRESENTATION_CONTEXT(2) 
PARAMETRIC_REPRESENTATION_CONTEXT() REPRESENTATION_CONTEXT('2D SPACE',''
  ) );
#250 = ADVANCED_FACE('',(#251),#156,.F.);
#251 = FACE_BOUND('',#252,.F.);
#252 = EDGE_LOOP('',(#253,#274,#275,#301));
#253 = ORIENTED_EDGE('',*,*,#254,.F.);
#254 = EDGE_CURVE('',#54,#255,#257,.T.);
#255 = VERTEX_POINT('',#256);
#256 = CARTESIAN_POINT('',(-3.17,-2.98,4.8));
#257 = SURFACE_CURVE('',#258,(#262,#268),.PCURVE_S1.);
#258 = LINE('',#259,#260);
#259 = CARTESIAN_POINT('',(-3.26,-2.98,4.71));
#260 = VECTOR('',#261,1.);
#261 = DIRECTION('',(0.707106781187,-0.,0.707106781187));
#262 = PCURVE('',#156,#263);
#263 = DEFINITIONAL_REPRESENTATION('',(#264),#267);
#264 = B_SPLINE_CURVE_WITH_KNOTS('',1,(#265,#266),.UNSPECIFIED.,.F.,.F.,
  (2,2),(-0.127279220614,0.127279220614),.PIECEWISE_BEZIER_KNOTS.);
#265 = CARTESIAN_POINT('',(0.,-0.127279220614));
#266 = CARTESIAN_POINT('',(0.,0.127279220614));
#267 = ( GEOMETRIC_REPRESENTATION_CONTEXT(2) 
PARAMETRIC_REPRESENTATION_CONTEXT() REPRESENTATION_CONTEXT('2D SPACE',''
  ) );
#268 = PCURVE('',#239,#269);
#269 = DEFINITIONAL_REPRESENTATION('',(#270),#273);
#270 = B_SPLINE_CURVE_WITH_KNOTS('',1,(#271,#272),.UNSPECIFIED.,.F.,.F.,
  (2,2),(-0.127279220614,0.127279220614),.PIECEWISE_BEZIER_KNOTS.);
#271 = CARTESIAN_POINT('',(1.570796326795,0.));
#272 = CARTESIAN_POINT('',(1.570796326795,-0.18));
#273 = ( GEOMETRIC_REPRESENTATION_CONTEXT(2) 
PARAMETRIC_REPRESENTATION_CONTEXT() REPRESENTATION_CONTEXT('2D SPACE',''
  ) );
#274 = ORIENTED_EDGE('',*,*,#142,.T.);
#275 = ORIENTED_EDGE('',*,*,#276,.T.);
#276 = EDGE_CURVE('',#115,#277,#279,.T.);
#277 = VERTEX_POINT('',#278);
#278 = CARTESIAN_POINT('',(-3.17,2.98,4.8));
#279 = SURFACE_CURVE('',#280,(#284,#290),.PCURVE_S1.);
#280 = LINE('',#281,#282);
#281 = CARTESIAN_POINT('',(-3.26,2.98,4.71));
#282 = VECTOR('',#283,1.);
#283 = DIRECTION('',(0.707106781187,-0.,0.707106781187));
#284 = PCURVE('',#156,#285);
#285 = DEFINITIONAL_REPRESENTATION('',(#286),#289);
#286 = B_SPLINE_CURVE_WITH_KNOTS('',1,(#287,#288),.UNSPECIFIED.,.F.,.F.,
  (2,2),(-0.127279220614,0.127279220614),.PIECEWISE_BEZIER_KNOTS.);
#287 = CARTESIAN_POINT('',(5.96,-0.127279220614));
#288 = CARTESIAN_POINT('',(5.96,0.127279220614));
#289 = ( GEOMETRIC_REPRESENTATION_CONTEXT(2) 
PARAMETRIC_REPRESENTATION_CONTEXT() REPRESENTATION_CONTEXT('2D SPACE',''
  ) );
#290 = PCURVE('',#291,#296);
#291 = CONICAL_SURFACE('',#292,0.32,0.785398163397);
#292 = AXIS2_PLACEMENT_3D('',#293,#294,#295);
#293 = CARTESIAN_POINT('',(-3.03,2.98,4.62));
#294 = DIRECTION('',(-0.,-0.,-1.));
#295 = DIRECTION('',(-1.,0.,0.));
#296 = DEFINITIONAL_REPRESENTATION('',(#297),#300);
#297 = B_SPLINE_CURVE_WITH_KNOTS('',1,(#298,#299),.UNSPECIFIED.,.F.,.F.,
  (2,2),(-0.127279220614,0.127279220614),.PIECEWISE_BEZIER_KNOTS.);
#298 = CARTESIAN_POINT('',(0.,0.));
#299 = CARTESIAN_POINT('',(0.,-0.18));
#300 = ( GEOMETRIC_REPRESENTATION_CONTEXT(2) 
PARAMETRIC_REPRESENTATION_CONTEXT() REPRESENTATION_CONTEXT('2D SPACE',''
  ) );
#301 = ORIENTED_EDGE('',*,*,#302,.F.);
#302 = EDGE_CURVE('',#255,#277,#303,.T.);
#303 = SURFACE_CURVE('',#304,(#308,#315),.PCURVE_S1.);
#304 = LINE('',#305,#306);
#305 = CARTESIAN_POINT('',(-3.17,-2.98,4.8));
#306 = VECTOR('',#307,1.);
#307 = DIRECTION('',(0.,1.,0.));
#308 = PCURVE('',#156,#309);
#309 = DEFINITIONAL_REPRESENTATION('',(#310),#314);
#310 = LINE('',#311,#312);
#311 = CARTESIAN_POINT('',(0.,0.127279220614));
#312 = VECTOR('',#313,1.);
#313 = DIRECTION('',(1.,0.));
#314 = ( GEOMETRIC_REPRESENTATION_CONTEXT(2) 
PARAMETRIC_REPRESENTATION_CONTEXT() REPRESENTATION_CONTEXT('2D SPACE',''
  ) );
#315 = PCURVE('',#316,#321);
#316 = PLANE('',#317);
#317 = AXIS2_PLACEMENT_3D('',#318,#319,#320);
#318 = CARTESIAN_POINT('',(-3.35,-3.3,4.8));
#319 = DIRECTION('',(0.,0.,1.));
#320 = DIRECTION('',(1.,0.,0.));
#321 = DEFINITIONAL_REPRESENTATION('',(#322),#326);
#322 = LINE('',#323,#324);
#323 = CARTESIAN_POINT('',(0.18,0.32));
#324 = VECTOR('',#325,1.);
#325 = DIRECTION('',(0.,1.));
#326 = ( GEOMETRIC_REPRESENTATION_CONTEXT(2) 
PARAMETRIC_REPRESENTATION_CONTEXT() REPRESENTATION_CONTEXT('2D SPACE',''
  ) );
#327 = ADVANCED_FACE('',(#328),#102,.F.);
#328 = FACE_BOUND('',#329,.F.);
#329 = EDGE_LOOP('',(#330,#331,#332,#355,#388,#416,#445,#473));
#330 = ORIENTED_EDGE('',*,*,#86,.F.);
#331 = ORIENTED_EDGE('',*,*,#172,.T.);
#332 = ORIENTED_EDGE('',*,*,#333,.T.);
#333 = EDGE_CURVE('',#173,#334,#336,.T.);
#334 = VERTEX_POINT('',#335);
#335 = CARTESIAN_POINT('',(3.03,-3.3,0.12));
#336 = SURFACE_CURVE('',#337,(#341,#348),.PCURVE_S1.);
#337 = LINE('',#338,#339);
#338 = CARTESIAN_POINT('',(-3.35,-3.3,0.12));
#339 = VECTOR('',#340,1.);
#340 = DIRECTION('',(1.,0.,0.));
#341 = PCURVE('',#102,#342);
#342 = DEFINITIONAL_REPRESENTATION('',(#343),#347);
#343 = LINE('',#344,#345);
#344 = CARTESIAN_POINT('',(0.,0.));
#345 = VECTOR('',#346,1.);
#346 = DIRECTION('',(1.,0.));
#347 = ( GEOMETRIC_REPRESENTATION_CONTEXT(2) 
PARAMETRIC_REPRESENTATION_CONTEXT() REPRESENTATION_CONTEXT('2D SPACE',''
  ) );
#348 = PCURVE('',#212,#349);
#349 = DEFINITIONAL_REPRESENTATION('',(#350),#354);
#350 = LINE('',#351,#352);
#351 = CARTESIAN_POINT('',(0.,0.));
#352 = VECTOR('',#353,1.);
#353 = DIRECTION('',(0.,1.));
#354 = ( GEOMETRIC_REPRESENTATION_CONTEXT(2) 
PARAMETRIC_REPRESENTATION_CONTEXT() REPRESENTATION_CONTEXT('2D SPACE',''
  ) );
#355 = ORIENTED_EDGE('',*,*,#356,.F.);
#356 = EDGE_CURVE('',#357,#334,#359,.T.);
#357 = VERTEX_POINT('',#358);
#358 = CARTESIAN_POINT('',(3.35,-2.98,0.12));
#359 = SURFACE_CURVE('',#360,(#365,#376),.PCURVE_S1.);
#360 = CIRCLE('',#361,0.32);
#361 = AXIS2_PLACEMENT_3D('',#362,#363,#364);
#362 = CARTESIAN_POINT('',(3.03,-2.98,0.12));
#363 = DIRECTION('',(-0.,-0.,-1.));
#364 = DIRECTION('',(0.,-1.,0.));
#365 = PCURVE('',#102,#366);
#366 = DEFINITIONAL_REPRESENTATION('',(#367),#375);
#367 = ( BOUNDED_CURVE() B_SPLINE_CURVE(2,(#368,#369,#370,#371,#372,#373
,#374),.UNSPECIFIED.,.T.,.F.) B_SPLINE_CURVE_WITH_KNOTS((1,2,2,2,2,1),(
    -2.094395102393,0.,2.094395102393,4.188790204786,6.28318530718,
8.377580409573),.UNSPECIFIED.) CURVE() GEOMETRIC_REPRESENTATION_ITEM() 
RATIONAL_B_SPLINE_CURVE((1.,0.5,1.,0.5,1.,0.5,1.)) REPRESENTATION_ITEM(
  '') );
#368 = CARTESIAN_POINT('',(6.38,0.));
#369 = CARTESIAN_POINT('',(5.825743741578,0.));
#370 = CARTESIAN_POINT('',(6.102871870789,0.48));
#371 = CARTESIAN_POINT('',(6.38,0.96));
#372 = CARTESIAN_POINT('',(6.657128129211,0.48));
#373 = CARTESIAN_POINT('',(6.934256258422,4.996003610813E-16));
#374 = CARTESIAN_POINT('',(6.38,0.));
#375 = ( GEOMETRIC_REPRESENTATION_CONTEXT(2) 
PARAMETRIC_REPRESENTATION_CONTEXT() REPRESENTATION_CONTEXT('2D SPACE',''
  ) );
#376 = PCURVE('',#377,#382);
#377 = CYLINDRICAL_SURFACE('',#378,0.32);
#378 = AXIS2_PLACEMENT_3D('',#379,#380,#381);
#379 = CARTESIAN_POINT('',(3.03,-2.98,0.12));
#380 = DIRECTION('',(0.,0.,1.));
#381 = DIRECTION('',(1.,0.,-0.));
#382 = DEFINITIONAL_REPRESENTATION('',(#383),#387);
#383 = LINE('',#384,#385);
#384 = CARTESIAN_POINT('',(4.712388980385,-0.));
#385 = VECTOR('',#386,1.);
#386 = DIRECTION('',(-1.,0.));
#387 = ( GEOMETRIC_REPRESENTATION_CONTEXT(2) 
PARAMETRIC_REPRESENTATION_CONTEXT() REPRESENTATION_CONTEXT('2D SPACE',''
  ) );
#388 = ORIENTED_EDGE('',*,*,#389,.T.);
#389 = EDGE_CURVE('',#357,#390,#392,.T.);
#390 = VERTEX_POINT('',#391);
#391 = CARTESIAN_POINT('',(3.35,2.98,0.12));
#392 = SURFACE_CURVE('',#393,(#397,#404),.PCURVE_S1.);
#393 = LINE('',#394,#395);
#394 = CARTESIAN_POINT('',(3.35,-3.3,0.12));
#395 = VECTOR('',#396,1.);
#396 = DIRECTION('',(0.,1.,0.));
#397 = PCURVE('',#102,#398);
#398 = DEFINITIONAL_REPRESENTATION('',(#399),#403);
#399 = LINE('',#400,#401);
#400 = CARTESIAN_POINT('',(6.7,0.));
#401 = VECTOR('',#402,1.);
#402 = DIRECTION('',(0.,1.));
#403 = ( GEOMETRIC_REPRESENTATION_CONTEXT(2) 
PARAMETRIC_REPRESENTATION_CONTEXT() REPRESENTATION_CONTEXT('2D SPACE',''
  ) );
#404 = PCURVE('',#405,#410);
#405 = PLANE('',#406);
#406 = AXIS2_PLACEMENT_3D('',#407,#408,#409);
#407 = CARTESIAN_POINT('',(3.35,-3.3,0.12));
#408 = DIRECTION('',(1.,0.,0.));
#409 = DIRECTION('',(0.,0.,1.));
#410 = DEFINITIONAL_REPRESENTATION('',(#411),#415);
#411 = LINE('',#412,#413);
#412 = CARTESIAN_POINT('',(0.,0.));
#413 = VECTOR('',#414,1.);
#414 = DIRECTION('',(0.,-1.));
#415 = ( GEOMETRIC_REPRESENTATION_CONTEXT(2) 
PARAMETRIC_REPRESENTATION_CONTEXT() REPRESENTATION_CONTEXT('2D SPACE',''
  ) );
#416 = ORIENTED_EDGE('',*,*,#417,.T.);
#417 = EDGE_CURVE('',#390,#418,#420,.T.);
#418 = VERTEX_POINT('',#419);
#419 = CARTESIAN_POINT('',(3.03,3.3,0.12));
#420 = SURFACE_CURVE('',#421,(#426,#433),.PCURVE_S1.);
#421 = CIRCLE('',#422,0.32);
#422 = AXIS2_PLACEMENT_3D('',#423,#424,#425);
#423 = CARTESIAN_POINT('',(3.03,2.98,0.12));
#424 = DIRECTION('',(0.,0.,1.));
#425 = DIRECTION('',(0.,-1.,0.));
#426 = PCURVE('',#102,#427);
#427 = DEFINITIONAL_REPRESENTATION('',(#428),#432);
#428 = CIRCLE('',#429,0.32);
#429 = AXIS2_PLACEMENT_2D('',#430,#431);
#430 = CARTESIAN_POINT('',(6.38,6.28));
#431 = DIRECTION('',(0.,-1.));
#432 = ( GEOMETRIC_REPRESENTATION_CONTEXT(2) 
PARAMETRIC_REPRESENTATION_CONTEXT() REPRESENTATION_CONTEXT('2D SPACE',''
  ) );
#433 = PCURVE('',#434,#439);
#434 = CYLINDRICAL_SURFACE('',#435,0.32);
#435 = AXIS2_PLACEMENT_3D('',#436,#437,#438);
#436 = CARTESIAN_POINT('',(3.03,2.98,0.12));
#437 = DIRECTION('',(0.,0.,1.));
#438 = DIRECTION('',(1.,0.,-0.));
#439 = DEFINITIONAL_REPRESENTATION('',(#440),#444);
#440 = LINE('',#441,#442);
#441 = CARTESIAN_POINT('',(-1.570796326795,0.));
#442 = VECTOR('',#443,1.);
#443 = DIRECTION('',(1.,0.));
#444 = ( GEOMETRIC_REPRESENTATION_CONTEXT(2) 
PARAMETRIC_REPRESENTATION_CONTEXT() REPRESENTATION_CONTEXT('2D SPACE',''
  ) );
#445 = ORIENTED_EDGE('',*,*,#446,.F.);
#446 = EDGE_CURVE('',#447,#418,#449,.T.);
#447 = VERTEX_POINT('',#448);
#448 = CARTESIAN_POINT('',(-3.03,3.3,0.12));
#449 = SURFACE_CURVE('',#450,(#454,#461),.PCURVE_S1.);
#450 = LINE('',#451,#452);
#451 = CARTESIAN_POINT('',(-3.35,3.3,0.12));
#452 = VECTOR('',#453,1.);
#453 = DIRECTION('',(1.,0.,0.));
#454 = PCURVE('',#102,#455);
#455 = DEFINITIONAL_REPRESENTATION('',(#456),#460);
#456 = LINE('',#457,#458);
#457 = CARTESIAN_POINT('',(0.,6.6));
#458 = VECTOR('',#459,1.);
#459 = DIRECTION('',(1.,0.));
#460 = ( GEOMETRIC_REPRESENTATION_CONTEXT(2) 
PARAMETRIC_REPRESENTATION_CONTEXT() REPRESENTATION_CONTEXT('2D SPACE',''
  ) );
#461 = PCURVE('',#462,#467);
#462 = PLANE('',#463);
#463 = AXIS2_PLACEMENT_3D('',#464,#465,#466);
#464 = CARTESIAN_POINT('',(-3.35,3.3,0.12));
#465 = DIRECTION('',(0.,1.,0.));
#466 = DIRECTION('',(0.,0.,1.));
#467 = DEFINITIONAL_REPRESENTATION('',(#468),#472);
#468 = LINE('',#469,#470);
#469 = CARTESIAN_POINT('',(0.,0.));
#470 = VECTOR('',#471,1.);
#471 = DIRECTION('',(0.,1.));
#472 = ( GEOMETRIC_REPRESENTATION_CONTEXT(2) 
PARAMETRIC_REPRESENTATION_CONTEXT() REPRESENTATION_CONTEXT('2D SPACE',''
  ) );
#473 = ORIENTED_EDGE('',*,*,#474,.F.);
#474 = EDGE_CURVE('',#87,#447,#475,.T.);
#475 = SURFACE_CURVE('',#476,(#481,#492),.PCURVE_S1.);
#476 = CIRCLE('',#477,0.32);
#477 = AXIS2_PLACEMENT_3D('',#478,#479,#480);
#478 = CARTESIAN_POINT('',(-3.03,2.98,0.12));
#479 = DIRECTION('',(-0.,-0.,-1.));
#480 = DIRECTION('',(0.,-1.,0.));
#481 = PCURVE('',#102,#482);
#482 = DEFINITIONAL_REPRESENTATION('',(#483),#491);
#483 = ( BOUNDED_CURVE() B_SPLINE_CURVE(2,(#484,#485,#486,#487,#488,#489
,#490),.UNSPECIFIED.,.T.,.F.) B_SPLINE_CURVE_WITH_KNOTS((1,2,2,2,2,1),(
    -2.094395102393,0.,2.094395102393,4.188790204786,6.28318530718,
8.377580409573),.UNSPECIFIED.) CURVE() GEOMETRIC_REPRESENTATION_ITEM() 
RATIONAL_B_SPLINE_CURVE((1.,0.5,1.,0.5,1.,0.5,1.)) REPRESENTATION_ITEM(
  '') );
#484 = CARTESIAN_POINT('',(0.32,5.96));
#485 = CARTESIAN_POINT('',(-0.234256258422,5.96));
#486 = CARTESIAN_POINT('',(4.287187078898E-02,6.44));
#487 = CARTESIAN_POINT('',(0.32,6.92));
#488 = CARTESIAN_POINT('',(0.597128129211,6.44));
#489 = CARTESIAN_POINT('',(0.874256258422,5.96));
#490 = CARTESIAN_POINT('',(0.32,5.96));
#491 = ( GEOMETRIC_REPRESENTATION_CONTEXT(2) 
PARAMETRIC_REPRESENTATION_CONTEXT() REPRESENTATION_CONTEXT('2D SPACE',''
  ) );
#492 = PCURVE('',#130,#493);
#493 = DEFINITIONAL_REPRESENTATION('',(#494),#498);
#494 = LINE('',#495,#496);
#495 = CARTESIAN_POINT('',(1.570796326795,-0.));
#496 = VECTOR('',#497,1.);
#497 = DIRECTION('',(-1.,0.));
#498 = ( GEOMETRIC_REPRESENTATION_CONTEXT(2) 
PARAMETRIC_REPRESENTATION_CONTEXT() REPRESENTATION_CONTEXT('2D SPACE',''
  ) );
#499 = ADVANCED_FACE('',(#500),#130,.T.);
#500 = FACE_BOUND('',#501,.F.);
#501 = EDGE_LOOP('',(#502,#503,#504,#527));
#502 = ORIENTED_EDGE('',*,*,#114,.F.);
#503 = ORIENTED_EDGE('',*,*,#474,.T.);
#504 = ORIENTED_EDGE('',*,*,#505,.T.);
#505 = EDGE_CURVE('',#447,#506,#508,.T.);
#506 = VERTEX_POINT('',#507);
#507 = CARTESIAN_POINT('',(-3.03,3.3,4.62));
#508 = SURFACE_CURVE('',#509,(#513,#520),.PCURVE_S1.);
#509 = LINE('',#510,#511);
#510 = CARTESIAN_POINT('',(-3.03,3.3,0.12));
#511 = VECTOR('',#512,1.);
#512 = DIRECTION('',(0.,0.,1.));
#513 = PCURVE('',#130,#514);
#514 = DEFINITIONAL_REPRESENTATION('',(#515),#519);
#515 = LINE('',#516,#517);
#516 = CARTESIAN_POINT('',(-1.570796326795,0.));
#517 = VECTOR('',#518,1.);
#518 = DIRECTION('',(-0.,1.));
#519 = ( GEOMETRIC_REPRESENTATION_CONTEXT(2) 
PARAMETRIC_REPRESENTATION_CONTEXT() REPRESENTATION_CONTEXT('2D SPACE',''
  ) );
#520 = PCURVE('',#462,#521);
#521 = DEFINITIONAL_REPRESENTATION('',(#522),#526);
#522 = LINE('',#523,#524);
#523 = CARTESIAN_POINT('',(0.,0.32));
#524 = VECTOR('',#525,1.);
#525 = DIRECTION('',(1.,0.));
#526 = ( GEOMETRIC_REPRESENTATION_CONTEXT(2) 
PARAMETRIC_REPRESENTATION_CONTEXT() REPRESENTATION_CONTEXT('2D SPACE',''
  ) );
#527 = ORIENTED_EDGE('',*,*,#528,.F.);
#528 = EDGE_CURVE('',#115,#506,#529,.T.);
#529 = SURFACE_CURVE('',#530,(#535,#542),.PCURVE_S1.);
#530 = CIRCLE('',#531,0.32);
#531 = AXIS2_PLACEMENT_3D('',#532,#533,#534);
#532 = CARTESIAN_POINT('',(-3.03,2.98,4.62));
#533 = DIRECTION('',(-0.,0.,-1.));
#534 = DIRECTION('',(-1.,0.,0.));
#535 = PCURVE('',#130,#536);
#536 = DEFINITIONAL_REPRESENTATION('',(#537),#541);
#537 = LINE('',#538,#539);
#538 = CARTESIAN_POINT('',(-0.,4.5));
#539 = VECTOR('',#540,1.);
#540 = DIRECTION('',(-1.,0.));
#541 = ( GEOMETRIC_REPRESENTATION_CONTEXT(2) 
PARAMETRIC_REPRESENTATION_CONTEXT() REPRESENTATION_CONTEXT('2D SPACE',''
  ) );
#542 = PCURVE('',#291,#543);
#543 = DEFINITIONAL_REPRESENTATION('',(#544),#548);
#544 = LINE('',#545,#546);
#545 = CARTESIAN_POINT('',(0.,-0.));
#546 = VECTOR('',#547,1.);
#547 = DIRECTION('',(1.,-0.));
#548 = ( GEOMETRIC_REPRESENTATION_CONTEXT(2) 
PARAMETRIC_REPRESENTATION_CONTEXT() REPRESENTATION_CONTEXT('2D SPACE',''
  ) );
#549 = ADVANCED_FACE('',(#550),#239,.T.);
#550 = FACE_BOUND('',#551,.F.);
#551 = EDGE_LOOP('',(#552,#578,#579,#580));
#552 = ORIENTED_EDGE('',*,*,#553,.F.);
#553 = EDGE_CURVE('',#197,#554,#556,.T.);
#554 = VERTEX_POINT('',#555);
#555 = CARTESIAN_POINT('',(-3.03,-3.12,4.8));
#556 = SURFACE_CURVE('',#557,(#561,#567),.PCURVE_S1.);
#557 = LINE('',#558,#559);
#558 = CARTESIAN_POINT('',(-3.03,-3.21,4.71));
#559 = VECTOR('',#560,1.);
#560 = DIRECTION('',(0.,0.707106781187,0.707106781187));
#561 = PCURVE('',#239,#562);
#562 = DEFINITIONAL_REPRESENTATION('',(#563),#566);
#563 = B_SPLINE_CURVE_WITH_KNOTS('',1,(#564,#565),.UNSPECIFIED.,.F.,.F.,
  (2,2),(-0.127279220614,0.127279220614),.PIECEWISE_BEZIER_KNOTS.);
#564 = CARTESIAN_POINT('',(0.,0.));
#565 = CARTESIAN_POINT('',(0.,-0.18));
#566 = ( GEOMETRIC_REPRESENTATION_CONTEXT(2) 
PARAMETRIC_REPRESENTATION_CONTEXT() REPRESENTATION_CONTEXT('2D SPACE',''
  ) );
#567 = PCURVE('',#568,#573);
#568 = PLANE('',#569);
#569 = AXIS2_PLACEMENT_3D('',#570,#571,#572);
#570 = CARTESIAN_POINT('',(3.03,-3.21,4.71));
#571 = DIRECTION('',(0.,0.707106781187,-0.707106781187));
#572 = DIRECTION('',(-1.,0.,-0.));
#573 = DEFINITIONAL_REPRESENTATION('',(#574),#577);
#574 = B_SPLINE_CURVE_WITH_KNOTS('',1,(#575,#576),.UNSPECIFIED.,.F.,.F.,
  (2,2),(-0.127279220614,0.127279220614),.PIECEWISE_BEZIER_KNOTS.);
#575 = CARTESIAN_POINT('',(6.06,-0.127279220614));
#576 = CARTESIAN_POINT('',(6.06,0.127279220614));
#577 = ( GEOMETRIC_REPRESENTATION_CONTEXT(2) 
PARAMETRIC_REPRESENTATION_CONTEXT() REPRESENTATION_CONTEXT('2D SPACE',''
  ) );
#578 = ORIENTED_EDGE('',*,*,#224,.T.);
#579 = ORIENTED_EDGE('',*,*,#254,.T.);
#580 = ORIENTED_EDGE('',*,*,#581,.F.);
#581 = EDGE_CURVE('',#554,#255,#582,.T.);
#582 = SURFACE_CURVE('',#583,(#588,#595),.PCURVE_S1.);
#583 = CIRCLE('',#584,0.14);
#584 = AXIS2_PLACEMENT_3D('',#585,#586,#587);
#585 = CARTESIAN_POINT('',(-3.03,-2.98,4.8));
#586 = DIRECTION('',(-0.,-0.,-1.));
#587 = DIRECTION('',(0.,-1.,0.));
#588 = PCURVE('',#239,#589);
#589 = DEFINITIONAL_REPRESENTATION('',(#590),#594);
#590 = LINE('',#591,#592);
#591 = CARTESIAN_POINT('',(0.,-0.18));
#592 = VECTOR('',#593,1.);
#593 = DIRECTION('',(1.,-0.));
#594 = ( GEOMETRIC_REPRESENTATION_CONTEXT(2) 
PARAMETRIC_REPRESENTATION_CONTEXT() REPRESENTATION_CONTEXT('2D SPACE',''
  ) );
#595 = PCURVE('',#316,#596);
#596 = DEFINITIONAL_REPRESENTATION('',(#597),#605);
#597 = ( BOUNDED_CURVE() B_SPLINE_CURVE(2,(#598,#599,#600,#601,#602,#603
,#604),.UNSPECIFIED.,.T.,.F.) B_SPLINE_CURVE_WITH_KNOTS((1,2,2,2,2,1),(
    -2.094395102393,0.,2.094395102393,4.188790204786,6.28318530718,
8.377580409573),.UNSPECIFIED.) CURVE() GEOMETRIC_REPRESENTATION_ITEM() 
RATIONAL_B_SPLINE_CURVE((1.,0.5,1.,0.5,1.,0.5,1.)) REPRESENTATION_ITEM(
  '') );
#598 = CARTESIAN_POINT('',(0.32,0.18));
#599 = CARTESIAN_POINT('',(7.751288694036E-02,0.18));
#600 = CARTESIAN_POINT('',(0.19875644347,0.39));
#601 = CARTESIAN_POINT('',(0.32,0.6));
#602 = CARTESIAN_POINT('',(0.44124355653,0.39));
#603 = CARTESIAN_POINT('',(0.56248711306,0.18));
#604 = CARTESIAN_POINT('',(0.32,0.18));
#605 = ( GEOMETRIC_REPRESENTATION_CONTEXT(2) 
PARAMETRIC_REPRESENTATION_CONTEXT() REPRESENTATION_CONTEXT('2D SPACE',''
  ) );
#606 = ADVANCED_FACE('',(#607),#212,.F.);
#607 = FACE_BOUND('',#608,.F.);
#608 = EDGE_LOOP('',(#609,#610,#633,#654));
#609 = ORIENTED_EDGE('',*,*,#196,.T.);
#610 = ORIENTED_EDGE('',*,*,#611,.F.);
#611 = EDGE_CURVE('',#612,#197,#614,.T.);
#612 = VERTEX_POINT('',#613);
#613 = CARTESIAN_POINT('',(3.03,-3.3,4.62));
#614 = SURFACE_CURVE('',#615,(#619,#626),.PCURVE_S1.);
#615 = LINE('',#616,#617);
#616 = CARTESIAN_POINT('',(3.03,-3.3,4.62));
#617 = VECTOR('',#618,1.);
#618 = DIRECTION('',(-1.,-0.,-0.));
#619 = PCURVE('',#212,#620);
#620 = DEFINITIONAL_REPRESENTATION('',(#621),#625);
#621 = LINE('',#622,#623);
#622 = CARTESIAN_POINT('',(4.5,6.38));
#623 = VECTOR('',#624,1.);
#624 = DIRECTION('',(-0.,-1.));
#625 = ( GEOMETRIC_REPRESENTATION_CONTEXT(2) 
PARAMETRIC_REPRESENTATION_CONTEXT() REPRESENTATION_CONTEXT('2D SPACE',''
  ) );
#626 = PCURVE('',#568,#627);
#627 = DEFINITIONAL_REPRESENTATION('',(#628),#632);
#628 = LINE('',#629,#630);
#629 = CARTESIAN_POINT('',(0.,-0.127279220614));
#630 = VECTOR('',#631,1.);
#631 = DIRECTION('',(1.,0.));
#632 = ( GEOMETRIC_REPRESENTATION_CONTEXT(2) 
PARAMETRIC_REPRESENTATION_CONTEXT() REPRESENTATION_CONTEXT('2D SPACE',''
  ) );
#633 = ORIENTED_EDGE('',*,*,#634,.F.);
#634 = EDGE_CURVE('',#334,#612,#635,.T.);
#635 = SURFACE_CURVE('',#636,(#640,#647),.PCURVE_S1.);
#636 = LINE('',#637,#638);
#637 = CARTESIAN_POINT('',(3.03,-3.3,0.12));
#638 = VECTOR('',#639,1.);
#639 = DIRECTION('',(0.,0.,1.));
#640 = PCURVE('',#212,#641);
#641 = DEFINITIONAL_REPRESENTATION('',(#642),#646);
#642 = LINE('',#643,#644);
#643 = CARTESIAN_POINT('',(0.,6.38));
#644 = VECTOR('',#645,1.);
#645 = DIRECTION('',(1.,0.));
#646 = ( GEOMETRIC_REPRESENTATION_CONTEXT(2) 
PARAMETRIC_REPRESENTATION_CONTEXT() REPRESENTATION_CONTEXT('2D SPACE',''
  ) );
#647 = PCURVE('',#377,#648);
#648 = DEFINITIONAL_REPRESENTATION('',(#649),#653);
#649 = LINE('',#650,#651);
#650 = CARTESIAN_POINT('',(-1.570796326795,0.));
#651 = VECTOR('',#652,1.);
#652 = DIRECTION('',(-0.,1.));
#653 = ( GEOMETRIC_REPRESENTATION_CONTEXT(2) 
PARAMETRIC_REPRESENTATION_CONTEXT() REPRESENTATION_CONTEXT('2D SPACE',''
  ) );
#654 = ORIENTED_EDGE('',*,*,#333,.F.);
#655 = ADVANCED_FACE('',(#656),#316,.T.);
#656 = FACE_BOUND('',#657,.T.);
#657 = EDGE_LOOP('',(#658,#659,#660,#683,#716,#744,#777,#805));
#658 = ORIENTED_EDGE('',*,*,#302,.F.);
#659 = ORIENTED_EDGE('',*,*,#581,.F.);
#660 = ORIENTED_EDGE('',*,*,#661,.F.);
#661 = EDGE_CURVE('',#662,#554,#664,.T.);
#662 = VERTEX_POINT('',#663);
#663 = CARTESIAN_POINT('',(3.03,-3.12,4.8));
#664 = SURFACE_CURVE('',#665,(#669,#676),.PCURVE_S1.);
#665 = LINE('',#666,#667);
#666 = CARTESIAN_POINT('',(3.03,-3.12,4.8));
#667 = VECTOR('',#668,1.);
#668 = DIRECTION('',(-1.,-0.,-0.));
#669 = PCURVE('',#316,#670);
#670 = DEFINITIONAL_REPRESENTATION('',(#671),#675);
#671 = LINE('',#672,#673);
#672 = CARTESIAN_POINT('',(6.38,0.18));
#673 = VECTOR('',#674,1.);
#674 = DIRECTION('',(-1.,-0.));
#675 = ( GEOMETRIC_REPRESENTATION_CONTEXT(2) 
PARAMETRIC_REPRESENTATION_CONTEXT() REPRESENTATION_CONTEXT('2D SPACE',''
  ) );
#676 = PCURVE('',#568,#677);
#677 = DEFINITIONAL_REPRESENTATION('',(#678),#682);
#678 = LINE('',#679,#680);
#679 = CARTESIAN_POINT('',(0.,0.127279220614));
#680 = VECTOR('',#681,1.);
#681 = DIRECTION('',(1.,0.));
#682 = ( GEOMETRIC_REPRESENTATION_CONTEXT(2) 
PARAMETRIC_REPRESENTATION_CONTEXT() REPRESENTATION_CONTEXT('2D SPACE',''
  ) );
#683 = ORIENTED_EDGE('',*,*,#684,.F.);
#684 = EDGE_CURVE('',#685,#662,#687,.T.);
#685 = VERTEX_POINT('',#686);
#686 = CARTESIAN_POINT('',(3.17,-2.98,4.8));
#687 = SURFACE_CURVE('',#688,(#693,#704),.PCURVE_S1.);
#688 = CIRCLE('',#689,0.14);
#689 = AXIS2_PLACEMENT_3D('',#690,#691,#692);
#690 = CARTESIAN_POINT('',(3.03,-2.98,4.8));
#691 = DIRECTION('',(0.,0.,-1.));
#692 = DIRECTION('',(1.,0.,0.));
#693 = PCURVE('',#316,#694);
#694 = DEFINITIONAL_REPRESENTATION('',(#695),#703);
#695 = ( BOUNDED_CURVE() B_SPLINE_CURVE(2,(#696,#697,#698,#699,#700,#701
,#702),.UNSPECIFIED.,.T.,.F.) B_SPLINE_CURVE_WITH_KNOTS((1,2,2,2,2,1),(
    -2.094395102393,0.,2.094395102393,4.188790204786,6.28318530718,
8.377580409573),.UNSPECIFIED.) CURVE() GEOMETRIC_REPRESENTATION_ITEM() 
RATIONAL_B_SPLINE_CURVE((1.,0.5,1.,0.5,1.,0.5,1.)) REPRESENTATION_ITEM(
  '') );
#696 = CARTESIAN_POINT('',(6.52,0.32));
#697 = CARTESIAN_POINT('',(6.52,7.751288694036E-02));
#698 = CARTESIAN_POINT('',(6.31,0.19875644347));
#699 = CARTESIAN_POINT('',(6.1,0.32));
#700 = CARTESIAN_POINT('',(6.31,0.44124355653));
#701 = CARTESIAN_POINT('',(6.52,0.56248711306));
#702 = CARTESIAN_POINT('',(6.52,0.32));
#703 = ( GEOMETRIC_REPRESENTATION_CONTEXT(2) 
PARAMETRIC_REPRESENTATION_CONTEXT() REPRESENTATION_CONTEXT('2D SPACE',''
  ) );
#704 = PCURVE('',#705,#710);
#705 = CONICAL_SURFACE('',#706,0.32,0.785398163397);
#706 = AXIS2_PLACEMENT_3D('',#707,#708,#709);
#707 = CARTESIAN_POINT('',(3.03,-2.98,4.62));
#708 = DIRECTION('',(-0.,-0.,-1.));
#709 = DIRECTION('',(1.,0.,0.));
#710 = DEFINITIONAL_REPRESENTATION('',(#711),#715);
#711 = LINE('',#712,#713);
#712 = CARTESIAN_POINT('',(0.,-0.18));
#713 = VECTOR('',#714,1.);
#714 = DIRECTION('',(1.,-0.));
#715 = ( GEOMETRIC_REPRESENTATION_CONTEXT(2) 
PARAMETRIC_REPRESENTATION_CONTEXT() REPRESENTATION_CONTEXT('2D SPACE',''
  ) );
#716 = ORIENTED_EDGE('',*,*,#717,.F.);
#717 = EDGE_CURVE('',#718,#685,#720,.T.);
#718 = VERTEX_POINT('',#719);
#719 = CARTESIAN_POINT('',(3.17,2.98,4.8));
#720 = SURFACE_CURVE('',#721,(#725,#732),.PCURVE_S1.);
#721 = LINE('',#722,#723);
#722 = CARTESIAN_POINT('',(3.17,2.98,4.8));
#723 = VECTOR('',#724,1.);
#724 = DIRECTION('',(-0.,-1.,-0.));
#725 = PCURVE('',#316,#726);
#726 = DEFINITIONAL_REPRESENTATION('',(#727),#731);
#727 = LINE('',#728,#729);
#728 = CARTESIAN_POINT('',(6.52,6.28));
#729 = VECTOR('',#730,1.);
#730 = DIRECTION('',(-0.,-1.));
#731 = ( GEOMETRIC_REPRESENTATION_CONTEXT(2) 
PARAMETRIC_REPRESENTATION_CONTEXT() REPRESENTATION_CONTEXT('2D SPACE',''
  ) );
#732 = PCURVE('',#733,#738);
#733 = PLANE('',#734);
#734 = AXIS2_PLACEMENT_3D('',#735,#736,#737);
#735 = CARTESIAN_POINT('',(3.26,2.98,4.71));
#736 = DIRECTION('',(0.707106781187,0.,0.707106781187));
#737 = DIRECTION('',(-0.,1.,-0.));
#738 = DEFINITIONAL_REPRESENTATION('',(#739),#743);
#739 = LINE('',#740,#741);
#740 = CARTESIAN_POINT('',(-0.,0.127279220614));
#741 = VECTOR('',#742,1.);
#742 = DIRECTION('',(-1.,0.));
#743 = ( GEOMETRIC_REPRESENTATION_CONTEXT(2) 
PARAMETRIC_REPRESENTATION_CONTEXT() REPRESENTATION_CONTEXT('2D SPACE',''
  ) );
#744 = ORIENTED_EDGE('',*,*,#745,.F.);
#745 = EDGE_CURVE('',#746,#718,#748,.T.);
#746 = VERTEX_POINT('',#747);
#747 = CARTESIAN_POINT('',(3.03,3.12,4.8));
#748 = SURFACE_CURVE('',#749,(#754,#765),.PCURVE_S1.);
#749 = CIRCLE('',#750,0.14);
#750 = AXIS2_PLACEMENT_3D('',#751,#752,#753);
#751 = CARTESIAN_POINT('',(3.03,2.98,4.8));
#752 = DIRECTION('',(-0.,0.,-1.));
#753 = DIRECTION('',(-1.387778780781E-15,1.,0.));
#754 = PCURVE('',#316,#755);
#755 = DEFINITIONAL_REPRESENTATION('',(#756),#764);
#756 = ( BOUNDED_CURVE() B_SPLINE_CURVE(2,(#757,#758,#759,#760,#761,#762
,#763),.UNSPECIFIED.,.T.,.F.) B_SPLINE_CURVE_WITH_KNOTS((1,2,2,2,2,1),(
    -2.094395102393,0.,2.094395102393,4.188790204786,6.28318530718,
8.377580409573),.UNSPECIFIED.) CURVE() GEOMETRIC_REPRESENTATION_ITEM() 
RATIONAL_B_SPLINE_CURVE((1.,0.5,1.,0.5,1.,0.5,1.)) REPRESENTATION_ITEM(
  '') );
#757 = CARTESIAN_POINT('',(6.38,6.42));
#758 = CARTESIAN_POINT('',(6.62248711306,6.42));
#759 = CARTESIAN_POINT('',(6.50124355653,6.21));
#760 = CARTESIAN_POINT('',(6.38,6.));
#761 = CARTESIAN_POINT('',(6.25875644347,6.21));
#762 = CARTESIAN_POINT('',(6.13751288694,6.42));
#763 = CARTESIAN_POINT('',(6.38,6.42));
#764 = ( GEOMETRIC_REPRESENTATION_CONTEXT(2) 
PARAMETRIC_REPRESENTATION_CONTEXT() REPRESENTATION_CONTEXT('2D SPACE',''
  ) );
#765 = PCURVE('',#766,#771);
#766 = CONICAL_SURFACE('',#767,0.32,0.785398163397);
#767 = AXIS2_PLACEMENT_3D('',#768,#769,#770);
#768 = CARTESIAN_POINT('',(3.03,2.98,4.62));
#769 = DIRECTION('',(-0.,-0.,-1.));
#770 = DIRECTION('',(-1.387778780781E-15,1.,0.));
#771 = DEFINITIONAL_REPRESENTATION('',(#772),#776);
#772 = LINE('',#773,#774);
#773 = CARTESIAN_POINT('',(0.,-0.18));
#774 = VECTOR('',#775,1.);
#775 = DIRECTION('',(1.,-0.));
#776 = ( GEOMETRIC_REPRESENTATION_CONTEXT(2) 
PARAMETRIC_REPRESENTATION_CONTEXT() REPRESENTATION_CONTEXT('2D SPACE',''
  ) );
#777 = ORIENTED_EDGE('',*,*,#778,.F.);
#778 = EDGE_CURVE('',#779,#746,#781,.T.);
#779 = VERTEX_POINT('',#780);
#780 = CARTESIAN_POINT('',(-3.03,3.12,4.8));
#781 = SURFACE_CURVE('',#782,(#786,#793),.PCURVE_S1.);
#782 = LINE('',#783,#784);
#783 = CARTESIAN_POINT('',(-3.03,3.12,4.8));
#784 = VECTOR('',#785,1.);
#785 = DIRECTION('',(1.,0.,0.));
#786 = PCURVE('',#316,#787);
#787 = DEFINITIONAL_REPRESENTATION('',(#788),#792);
#788 = LINE('',#789,#790);
#789 = CARTESIAN_POINT('',(0.32,6.42));
#790 = VECTOR('',#791,1.);
#791 = DIRECTION('',(1.,0.));
#792 = ( GEOMETRIC_REPRESENTATION_CONTEXT(2) 
PARAMETRIC_REPRESENTATION_CONTEXT() REPRESENTATION_CONTEXT('2D SPACE',''
  ) );
#793 = PCURVE('',#794,#799);
#794 = PLANE('',#795);
#795 = AXIS2_PLACEMENT_3D('',#796,#797,#798);
#796 = CARTESIAN_POINT('',(-3.03,3.21,4.71));
#797 = DIRECTION('',(0.,0.707106781187,0.707106781187));
#798 = DIRECTION('',(-1.,-0.,0.));
#799 = DEFINITIONAL_REPRESENTATION('',(#800),#804);
#800 = LINE('',#801,#802);
#801 = CARTESIAN_POINT('',(-0.,0.127279220614));
#802 = VECTOR('',#803,1.);
#803 = DIRECTION('',(-1.,0.));
#804 = ( GEOMETRIC_REPRESENTATION_CONTEXT(2) 
PARAMETRIC_REPRESENTATION_CONTEXT() REPRESENTATION_CONTEXT('2D SPACE',''
  ) );
#805 = ORIENTED_EDGE('',*,*,#806,.F.);
#806 = EDGE_CURVE('',#277,#779,#807,.T.);
#807 = SURFACE_CURVE('',#808,(#813,#824),.PCURVE_S1.);
#808 = CIRCLE('',#809,0.14);
#809 = AXIS2_PLACEMENT_3D('',#810,#811,#812);
#810 = CARTESIAN_POINT('',(-3.03,2.98,4.8));
#811 = DIRECTION('',(-0.,0.,-1.));
#812 = DIRECTION('',(-1.,0.,0.));
#813 = PCURVE('',#316,#814);
#814 = DEFINITIONAL_REPRESENTATION('',(#815),#823);
#815 = ( BOUNDED_CURVE() B_SPLINE_CURVE(2,(#816,#817,#818,#819,#820,#821
,#822),.UNSPECIFIED.,.T.,.F.) B_SPLINE_CURVE_WITH_KNOTS((1,2,2,2,2,1),(
    -2.094395102393,0.,2.094395102393,4.188790204786,6.28318530718,
8.377580409573),.UNSPECIFIED.) CURVE() GEOMETRIC_REPRESENTATION_ITEM() 
RATIONAL_B_SPLINE_CURVE((1.,0.5,1.,0.5,1.,0.5,1.)) REPRESENTATION_ITEM(
  '') );
#816 = CARTESIAN_POINT('',(0.18,6.28));
#817 = CARTESIAN_POINT('',(0.18,6.52248711306));
#818 = CARTESIAN_POINT('',(0.39,6.40124355653));
#819 = CARTESIAN_POINT('',(0.6,6.28));
#820 = CARTESIAN_POINT('',(0.39,6.15875644347));
#821 = CARTESIAN_POINT('',(0.18,6.03751288694));
#822 = CARTESIAN_POINT('',(0.18,6.28));
#823 = ( GEOMETRIC_REPRESENTATION_CONTEXT(2) 
PARAMETRIC_REPRESENTATION_CONTEXT() REPRESENTATION_CONTEXT('2D SPACE',''
  ) );
#824 = PCURVE('',#291,#825);
#825 = DEFINITIONAL_REPRESENTATION('',(#826),#830);
#826 = LINE('',#827,#828);
#827 = CARTESIAN_POINT('',(0.,-0.18));
#828 = VECTOR('',#829,1.);
#829 = DIRECTION('',(1.,-0.));
#830 = ( GEOMETRIC_REPRESENTATION_CONTEXT(2) 
PARAMETRIC_REPRESENTATION_CONTEXT() REPRESENTATION_CONTEXT('2D SPACE',''
  ) );
#831 = ADVANCED_FACE('',(#832),#291,.T.);
#832 = FACE_BOUND('',#833,.F.);
#833 = EDGE_LOOP('',(#834,#835,#836,#855));
#834 = ORIENTED_EDGE('',*,*,#276,.F.);
#835 = ORIENTED_EDGE('',*,*,#528,.T.);
#836 = ORIENTED_EDGE('',*,*,#837,.T.);
#837 = EDGE_CURVE('',#506,#779,#838,.T.);
#838 = SURFACE_CURVE('',#839,(#843,#849),.PCURVE_S1.);
#839 = LINE('',#840,#841);
#840 = CARTESIAN_POINT('',(-3.03,3.3,4.62));
#841 = VECTOR('',#842,1.);
#842 = DIRECTION('',(4.329780281177E-17,-0.707106781187,0.707106781187)
  );
#843 = PCURVE('',#291,#844);
#844 = DEFINITIONAL_REPRESENTATION('',(#845),#848);
#845 = B_SPLINE_CURVE_WITH_KNOTS('',1,(#846,#847),.UNSPECIFIED.,.F.,.F.,
  (2,2),(0.,0.254558441227),.PIECEWISE_BEZIER_KNOTS.);
#846 = CARTESIAN_POINT('',(1.570796326795,0.));
#847 = CARTESIAN_POINT('',(1.570796326795,-0.18));
#848 = ( GEOMETRIC_REPRESENTATION_CONTEXT(2) 
PARAMETRIC_REPRESENTATION_CONTEXT() REPRESENTATION_CONTEXT('2D SPACE',''
  ) );
#849 = PCURVE('',#794,#850);
#850 = DEFINITIONAL_REPRESENTATION('',(#851),#854);
#851 = B_SPLINE_CURVE_WITH_KNOTS('',1,(#852,#853),.UNSPECIFIED.,.F.,.F.,
  (2,2),(0.,0.254558441227),.PIECEWISE_BEZIER_KNOTS.);
#852 = CARTESIAN_POINT('',(0.,-0.127279220614));
#853 = CARTESIAN_POINT('',(0.,0.127279220614));
#854 = ( GEOMETRIC_REPRESENTATION_CONTEXT(2) 
PARAMETRIC_REPRESENTATION_CONTEXT() REPRESENTATION_CONTEXT('2D SPACE',''
  ) );
#855 = ORIENTED_EDGE('',*,*,#806,.F.);
#856 = ADVANCED_FACE('',(#857),#462,.T.);
#857 = FACE_BOUND('',#858,.T.);
#858 = EDGE_LOOP('',(#859,#860,#883,#904));
#859 = ORIENTED_EDGE('',*,*,#505,.T.);
#860 = ORIENTED_EDGE('',*,*,#861,.T.);
#861 = EDGE_CURVE('',#506,#862,#864,.T.);
#862 = VERTEX_POINT('',#863);
#863 = CARTESIAN_POINT('',(3.03,3.3,4.62));
#864 = SURFACE_CURVE('',#865,(#869,#876),.PCURVE_S1.);
#865 = LINE('',#866,#867);
#866 = CARTESIAN_POINT('',(-3.03,3.3,4.62));
#867 = VECTOR('',#868,1.);
#868 = DIRECTION('',(1.,0.,0.));
#869 = PCURVE('',#462,#870);
#870 = DEFINITIONAL_REPRESENTATION('',(#871),#875);
#871 = LINE('',#872,#873);
#872 = CARTESIAN_POINT('',(4.5,0.32));
#873 = VECTOR('',#874,1.);
#874 = DIRECTION('',(0.,1.));
#875 = ( GEOMETRIC_REPRESENTATION_CONTEXT(2) 
PARAMETRIC_REPRESENTATION_CONTEXT() REPRESENTATION_CONTEXT('2D SPACE',''
  ) );
#876 = PCURVE('',#794,#877);
#877 = DEFINITIONAL_REPRESENTATION('',(#878),#882);
#878 = LINE('',#879,#880);
#879 = CARTESIAN_POINT('',(-0.,-0.127279220614));
#880 = VECTOR('',#881,1.);
#881 = DIRECTION('',(-1.,0.));
#882 = ( GEOMETRIC_REPRESENTATION_CONTEXT(2) 
PARAMETRIC_REPRESENTATION_CONTEXT() REPRESENTATION_CONTEXT('2D SPACE',''
  ) );
#883 = ORIENTED_EDGE('',*,*,#884,.F.);
#884 = EDGE_CURVE('',#418,#862,#885,.T.);
#885 = SURFACE_CURVE('',#886,(#890,#897),.PCURVE_S1.);
#886 = LINE('',#887,#888);
#887 = CARTESIAN_POINT('',(3.03,3.3,0.12));
#888 = VECTOR('',#889,1.);
#889 = DIRECTION('',(0.,0.,1.));
#890 = PCURVE('',#462,#891);
#891 = DEFINITIONAL_REPRESENTATION('',(#892),#896);
#892 = LINE('',#893,#894);
#893 = CARTESIAN_POINT('',(0.,6.38));
#894 = VECTOR('',#895,1.);
#895 = DIRECTION('',(1.,0.));
#896 = ( GEOMETRIC_REPRESENTATION_CONTEXT(2) 
PARAMETRIC_REPRESENTATION_CONTEXT() REPRESENTATION_CONTEXT('2D SPACE',''
  ) );
#897 = PCURVE('',#434,#898);
#898 = DEFINITIONAL_REPRESENTATION('',(#899),#903);
#899 = LINE('',#900,#901);
#900 = CARTESIAN_POINT('',(1.570796326795,0.));
#901 = VECTOR('',#902,1.);
#902 = DIRECTION('',(0.,1.));
#903 = ( GEOMETRIC_REPRESENTATION_CONTEXT(2) 
PARAMETRIC_REPRESENTATION_CONTEXT() REPRESENTATION_CONTEXT('2D SPACE',''
  ) );
#904 = ORIENTED_EDGE('',*,*,#446,.F.);
#905 = ADVANCED_FACE('',(#906),#377,.T.);
#906 = FACE_BOUND('',#907,.F.);
#907 = EDGE_LOOP('',(#908,#931,#932,#933));
#908 = ORIENTED_EDGE('',*,*,#909,.F.);
#909 = EDGE_CURVE('',#357,#910,#912,.T.);
#910 = VERTEX_POINT('',#911);
#911 = CARTESIAN_POINT('',(3.35,-2.98,4.62));
#912 = SURFACE_CURVE('',#913,(#917,#924),.PCURVE_S1.);
#913 = LINE('',#914,#915);
#914 = CARTESIAN_POINT('',(3.35,-2.98,0.12));
#915 = VECTOR('',#916,1.);
#916 = DIRECTION('',(0.,0.,1.));
#917 = PCURVE('',#377,#918);
#918 = DEFINITIONAL_REPRESENTATION('',(#919),#923);
#919 = LINE('',#920,#921);
#920 = CARTESIAN_POINT('',(-0.,0.));
#921 = VECTOR('',#922,1.);
#922 = DIRECTION('',(-0.,1.));
#923 = ( GEOMETRIC_REPRESENTATION_CONTEXT(2) 
PARAMETRIC_REPRESENTATION_CONTEXT() REPRESENTATION_CONTEXT('2D SPACE',''
  ) );
#924 = PCURVE('',#405,#925);
#925 = DEFINITIONAL_REPRESENTATION('',(#926),#930);
#926 = LINE('',#927,#928);
#927 = CARTESIAN_POINT('',(0.,-0.32));
#928 = VECTOR('',#929,1.);
#929 = DIRECTION('',(1.,0.));
#930 = ( GEOMETRIC_REPRESENTATION_CONTEXT(2) 
PARAMETRIC_REPRESENTATION_CONTEXT() REPRESENTATION_CONTEXT('2D SPACE',''
  ) );
#931 = ORIENTED_EDGE('',*,*,#356,.T.);
#932 = ORIENTED_EDGE('',*,*,#634,.T.);
#933 = ORIENTED_EDGE('',*,*,#934,.F.);
#934 = EDGE_CURVE('',#910,#612,#935,.T.);
#935 = SURFACE_CURVE('',#936,(#941,#948),.PCURVE_S1.);
#936 = CIRCLE('',#937,0.32);
#937 = AXIS2_PLACEMENT_3D('',#938,#939,#940);
#938 = CARTESIAN_POINT('',(3.03,-2.98,4.62));
#939 = DIRECTION('',(0.,0.,-1.));
#940 = DIRECTION('',(1.,0.,0.));
#941 = PCURVE('',#377,#942);
#942 = DEFINITIONAL_REPRESENTATION('',(#943),#947);
#943 = LINE('',#944,#945);
#944 = CARTESIAN_POINT('',(-0.,4.5));
#945 = VECTOR('',#946,1.);
#946 = DIRECTION('',(-1.,0.));
#947 = ( GEOMETRIC_REPRESENTATION_CONTEXT(2) 
PARAMETRIC_REPRESENTATION_CONTEXT() REPRESENTATION_CONTEXT('2D SPACE',''
  ) );
#948 = PCURVE('',#705,#949);
#949 = DEFINITIONAL_REPRESENTATION('',(#950),#954);
#950 = LINE('',#951,#952);
#951 = CARTESIAN_POINT('',(0.,-0.));
#952 = VECTOR('',#953,1.);
#953 = DIRECTION('',(1.,-0.));
#954 = ( GEOMETRIC_REPRESENTATION_CONTEXT(2) 
PARAMETRIC_REPRESENTATION_CONTEXT() REPRESENTATION_CONTEXT('2D SPACE',''
  ) );
#955 = ADVANCED_FACE('',(#956),#434,.T.);
#956 = FACE_BOUND('',#957,.T.);
#957 = EDGE_LOOP('',(#958,#981,#982,#983));
#958 = ORIENTED_EDGE('',*,*,#959,.F.);
#959 = EDGE_CURVE('',#390,#960,#962,.T.);
#960 = VERTEX_POINT('',#961);
#961 = CARTESIAN_POINT('',(3.35,2.98,4.62));
#962 = SURFACE_CURVE('',#963,(#967,#974),.PCURVE_S1.);
#963 = LINE('',#964,#965);
#964 = CARTESIAN_POINT('',(3.35,2.98,0.12));
#965 = VECTOR('',#966,1.);
#966 = DIRECTION('',(0.,0.,1.));
#967 = PCURVE('',#434,#968);
#968 = DEFINITIONAL_REPRESENTATION('',(#969),#973);
#969 = LINE('',#970,#971);
#970 = CARTESIAN_POINT('',(0.,0.));
#971 = VECTOR('',#972,1.);
#972 = DIRECTION('',(0.,1.));
#973 = ( GEOMETRIC_REPRESENTATION_CONTEXT(2) 
PARAMETRIC_REPRESENTATION_CONTEXT() REPRESENTATION_CONTEXT('2D SPACE',''
  ) );
#974 = PCURVE('',#405,#975);
#975 = DEFINITIONAL_REPRESENTATION('',(#976),#980);
#976 = LINE('',#977,#978);
#977 = CARTESIAN_POINT('',(0.,-6.28));
#978 = VECTOR('',#979,1.);
#979 = DIRECTION('',(1.,0.));
#980 = ( GEOMETRIC_REPRESENTATION_CONTEXT(2) 
PARAMETRIC_REPRESENTATION_CONTEXT() REPRESENTATION_CONTEXT('2D SPACE',''
  ) );
#981 = ORIENTED_EDGE('',*,*,#417,.T.);
#982 = ORIENTED_EDGE('',*,*,#884,.T.);
#983 = ORIENTED_EDGE('',*,*,#984,.T.);
#984 = EDGE_CURVE('',#862,#960,#985,.T.);
#985 = SURFACE_CURVE('',#986,(#991,#998),.PCURVE_S1.);
#986 = CIRCLE('',#987,0.32);
#987 = AXIS2_PLACEMENT_3D('',#988,#989,#990);
#988 = CARTESIAN_POINT('',(3.03,2.98,4.62));
#989 = DIRECTION('',(-0.,0.,-1.));
#990 = DIRECTION('',(-1.387778780781E-15,1.,0.));
#991 = PCURVE('',#434,#992);
#992 = DEFINITIONAL_REPRESENTATION('',(#993),#997);
#993 = LINE('',#994,#995);
#994 = CARTESIAN_POINT('',(1.570796326795,4.5));
#995 = VECTOR('',#996,1.);
#996 = DIRECTION('',(-1.,-0.));
#997 = ( GEOMETRIC_REPRESENTATION_CONTEXT(2) 
PARAMETRIC_REPRESENTATION_CONTEXT() REPRESENTATION_CONTEXT('2D SPACE',''
  ) );
#998 = PCURVE('',#766,#999);
#999 = DEFINITIONAL_REPRESENTATION('',(#1000),#1004);
#1000 = LINE('',#1001,#1002);
#1001 = CARTESIAN_POINT('',(0.,-0.));
#1002 = VECTOR('',#1003,1.);
#1003 = DIRECTION('',(1.,-0.));
#1004 = ( GEOMETRIC_REPRESENTATION_CONTEXT(2) 
PARAMETRIC_REPRESENTATION_CONTEXT() REPRESENTATION_CONTEXT('2D SPACE',''
  ) );
#1005 = ADVANCED_FACE('',(#1006),#405,.T.);
#1006 = FACE_BOUND('',#1007,.T.);
#1007 = EDGE_LOOP('',(#1008,#1009,#1010,#1011));
#1008 = ORIENTED_EDGE('',*,*,#909,.F.);
#1009 = ORIENTED_EDGE('',*,*,#389,.T.);
#1010 = ORIENTED_EDGE('',*,*,#959,.T.);
#1011 = ORIENTED_EDGE('',*,*,#1012,.T.);
#1012 = EDGE_CURVE('',#960,#910,#1013,.T.);
#1013 = SURFACE_CURVE('',#1014,(#1018,#1025),.PCURVE_S1.);
#1014 = LINE('',#1015,#1016);
#1015 = CARTESIAN_POINT('',(3.35,2.98,4.62));
#1016 = VECTOR('',#1017,1.);
#1017 = DIRECTION('',(-0.,-1.,-0.));
#1018 = PCURVE('',#405,#1019);
#1019 = DEFINITIONAL_REPRESENTATION('',(#1020),#1024);
#1020 = LINE('',#1021,#1022);
#1021 = CARTESIAN_POINT('',(4.5,-6.28));
#1022 = VECTOR('',#1023,1.);
#1023 = DIRECTION('',(-0.,1.));
#1024 = ( GEOMETRIC_REPRESENTATION_CONTEXT(2) 
PARAMETRIC_REPRESENTATION_CONTEXT() REPRESENTATION_CONTEXT('2D SPACE',''
  ) );
#1025 = PCURVE('',#733,#1026);
#1026 = DEFINITIONAL_REPRESENTATION('',(#1027),#1031);
#1027 = LINE('',#1028,#1029);
#1028 = CARTESIAN_POINT('',(-0.,-0.127279220614));
#1029 = VECTOR('',#1030,1.);
#1030 = DIRECTION('',(-1.,0.));
#1031 = ( GEOMETRIC_REPRESENTATION_CONTEXT(2) 
PARAMETRIC_REPRESENTATION_CONTEXT() REPRESENTATION_CONTEXT('2D SPACE',''
  ) );
#1032 = ADVANCED_FACE('',(#1033),#568,.F.);
#1033 = FACE_BOUND('',#1034,.F.);
#1034 = EDGE_LOOP('',(#1035,#1054,#1055,#1056));
#1035 = ORIENTED_EDGE('',*,*,#1036,.F.);
#1036 = EDGE_CURVE('',#612,#662,#1037,.T.);
#1037 = SURFACE_CURVE('',#1038,(#1042,#1048),.PCURVE_S1.);
#1038 = LINE('',#1039,#1040);
#1039 = CARTESIAN_POINT('',(3.03,-3.3,4.62));
#1040 = VECTOR('',#1041,1.);
#1041 = DIRECTION('',(-4.329780281177E-17,0.707106781187,0.707106781187)
  );
#1042 = PCURVE('',#568,#1043);
#1043 = DEFINITIONAL_REPRESENTATION('',(#1044),#1047);
#1044 = B_SPLINE_CURVE_WITH_KNOTS('',1,(#1045,#1046),.UNSPECIFIED.,.F.,
  .F.,(2,2),(0.,0.254558441227),.PIECEWISE_BEZIER_KNOTS.);
#1045 = CARTESIAN_POINT('',(0.,-0.127279220614));
#1046 = CARTESIAN_POINT('',(0.,0.127279220614));
#1047 = ( GEOMETRIC_REPRESENTATION_CONTEXT(2) 
PARAMETRIC_REPRESENTATION_CONTEXT() REPRESENTATION_CONTEXT('2D SPACE',''
  ) );
#1048 = PCURVE('',#705,#1049);
#1049 = DEFINITIONAL_REPRESENTATION('',(#1050),#1053);
#1050 = B_SPLINE_CURVE_WITH_KNOTS('',1,(#1051,#1052),.UNSPECIFIED.,.F.,
  .F.,(2,2),(0.,0.254558441227),.PIECEWISE_BEZIER_KNOTS.);
#1051 = CARTESIAN_POINT('',(1.570796326795,0.));
#1052 = CARTESIAN_POINT('',(1.570796326795,-0.18));
#1053 = ( GEOMETRIC_REPRESENTATION_CONTEXT(2) 
PARAMETRIC_REPRESENTATION_CONTEXT() REPRESENTATION_CONTEXT('2D SPACE',''
  ) );
#1054 = ORIENTED_EDGE('',*,*,#611,.T.);
#1055 = ORIENTED_EDGE('',*,*,#553,.T.);
#1056 = ORIENTED_EDGE('',*,*,#661,.F.);
#1057 = ADVANCED_FACE('',(#1058),#794,.T.);
#1058 = FACE_BOUND('',#1059,.F.);
#1059 = EDGE_LOOP('',(#1060,#1061,#1062,#1081));
#1060 = ORIENTED_EDGE('',*,*,#837,.F.);
#1061 = ORIENTED_EDGE('',*,*,#861,.T.);
#1062 = ORIENTED_EDGE('',*,*,#1063,.T.);
#1063 = EDGE_CURVE('',#862,#746,#1064,.T.);
#1064 = SURFACE_CURVE('',#1065,(#1069,#1075),.PCURVE_S1.);
#1065 = LINE('',#1066,#1067);
#1066 = CARTESIAN_POINT('',(3.03,3.21,4.71));
#1067 = VECTOR('',#1068,1.);
#1068 = DIRECTION('',(0.,-0.707106781187,0.707106781187));
#1069 = PCURVE('',#794,#1070);
#1070 = DEFINITIONAL_REPRESENTATION('',(#1071),#1074);
#1071 = B_SPLINE_CURVE_WITH_KNOTS('',1,(#1072,#1073),.UNSPECIFIED.,.F.,
  .F.,(2,2),(-0.127279220614,0.127279220614),.PIECEWISE_BEZIER_KNOTS.);
#1072 = CARTESIAN_POINT('',(-6.06,-0.127279220614));
#1073 = CARTESIAN_POINT('',(-6.06,0.127279220614));
#1074 = ( GEOMETRIC_REPRESENTATION_CONTEXT(2) 
PARAMETRIC_REPRESENTATION_CONTEXT() REPRESENTATION_CONTEXT('2D SPACE',''
  ) );
#1075 = PCURVE('',#766,#1076);
#1076 = DEFINITIONAL_REPRESENTATION('',(#1077),#1080);
#1077 = B_SPLINE_CURVE_WITH_KNOTS('',1,(#1078,#1079),.UNSPECIFIED.,.F.,
  .F.,(2,2),(-0.127279220614,0.127279220614),.PIECEWISE_BEZIER_KNOTS.);
#1078 = CARTESIAN_POINT('',(0.,0.));
#1079 = CARTESIAN_POINT('',(0.,-0.18));
#1080 = ( GEOMETRIC_REPRESENTATION_CONTEXT(2) 
PARAMETRIC_REPRESENTATION_CONTEXT() REPRESENTATION_CONTEXT('2D SPACE',''
  ) );
#1081 = ORIENTED_EDGE('',*,*,#778,.F.);
#1082 = ADVANCED_FACE('',(#1083),#705,.T.);
#1083 = FACE_BOUND('',#1084,.F.);
#1084 = EDGE_LOOP('',(#1085,#1104,#1105,#1106));
#1085 = ORIENTED_EDGE('',*,*,#1086,.F.);
#1086 = EDGE_CURVE('',#910,#685,#1087,.T.);
#1087 = SURFACE_CURVE('',#1088,(#1092,#1098),.PCURVE_S1.);
#1088 = LINE('',#1089,#1090);
#1089 = CARTESIAN_POINT('',(3.26,-2.98,4.71));
#1090 = VECTOR('',#1091,1.);
#1091 = DIRECTION('',(-0.707106781187,-0.,0.707106781187));
#1092 = PCURVE('',#705,#1093);
#1093 = DEFINITIONAL_REPRESENTATION('',(#1094),#1097);
#1094 = B_SPLINE_CURVE_WITH_KNOTS('',1,(#1095,#1096),.UNSPECIFIED.,.F.,
  .F.,(2,2),(-0.127279220614,0.127279220614),.PIECEWISE_BEZIER_KNOTS.);
#1095 = CARTESIAN_POINT('',(0.,0.));
#1096 = CARTESIAN_POINT('',(0.,-0.18));
#1097 = ( GEOMETRIC_REPRESENTATION_CONTEXT(2) 
PARAMETRIC_REPRESENTATION_CONTEXT() REPRESENTATION_CONTEXT('2D SPACE',''
  ) );
#1098 = PCURVE('',#733,#1099);
#1099 = DEFINITIONAL_REPRESENTATION('',(#1100),#1103);
#1100 = B_SPLINE_CURVE_WITH_KNOTS('',1,(#1101,#1102),.UNSPECIFIED.,.F.,
  .F.,(2,2),(-0.127279220614,0.127279220614),.PIECEWISE_BEZIER_KNOTS.);
#1101 = CARTESIAN_POINT('',(-5.96,-0.127279220614));
#1102 = CARTESIAN_POINT('',(-5.96,0.127279220614));
#1103 = ( GEOMETRIC_REPRESENTATION_CONTEXT(2) 
PARAMETRIC_REPRESENTATION_CONTEXT() REPRESENTATION_CONTEXT('2D SPACE',''
  ) );
#1104 = ORIENTED_EDGE('',*,*,#934,.T.);
#1105 = ORIENTED_EDGE('',*,*,#1036,.T.);
#1106 = ORIENTED_EDGE('',*,*,#684,.F.);
#1107 = ADVANCED_FACE('',(#1108),#766,.T.);
#1108 = FACE_BOUND('',#1109,.F.);
#1109 = EDGE_LOOP('',(#1110,#1111,#1112,#1131));
#1110 = ORIENTED_EDGE('',*,*,#1063,.F.);
#1111 = ORIENTED_EDGE('',*,*,#984,.T.);
#1112 = ORIENTED_EDGE('',*,*,#1113,.T.);
#1113 = EDGE_CURVE('',#960,#718,#1114,.T.);
#1114 = SURFACE_CURVE('',#1115,(#1119,#1125),.PCURVE_S1.);
#1115 = LINE('',#1116,#1117);
#1116 = CARTESIAN_POINT('',(3.35,2.98,4.62));
#1117 = VECTOR('',#1118,1.);
#1118 = DIRECTION('',(-0.707106781187,-1.024605589489E-15,0.707106781187
    ));
#1119 = PCURVE('',#766,#1120);
#1120 = DEFINITIONAL_REPRESENTATION('',(#1121),#1124);
#1121 = B_SPLINE_CURVE_WITH_KNOTS('',1,(#1122,#1123),.UNSPECIFIED.,.F.,
  .F.,(2,2),(0.,0.254558441227),.PIECEWISE_BEZIER_KNOTS.);
#1122 = CARTESIAN_POINT('',(1.570796326795,0.));
#1123 = CARTESIAN_POINT('',(1.570796326795,-0.18));
#1124 = ( GEOMETRIC_REPRESENTATION_CONTEXT(2) 
PARAMETRIC_REPRESENTATION_CONTEXT() REPRESENTATION_CONTEXT('2D SPACE',''
  ) );
#1125 = PCURVE('',#733,#1126);
#1126 = DEFINITIONAL_REPRESENTATION('',(#1127),#1130);
#1127 = B_SPLINE_CURVE_WITH_KNOTS('',1,(#1128,#1129),.UNSPECIFIED.,.F.,
  .F.,(2,2),(0.,0.254558441227),.PIECEWISE_BEZIER_KNOTS.);
#1128 = CARTESIAN_POINT('',(0.,-0.127279220614));
#1129 = CARTESIAN_POINT('',(0.,0.127279220614));
#1130 = ( GEOMETRIC_REPRESENTATION_CONTEXT(2) 
PARAMETRIC_REPRESENTATION_CONTEXT() REPRESENTATION_CONTEXT('2D SPACE',''
  ) );
#1131 = ORIENTED_EDGE('',*,*,#745,.F.);
#1132 = ADVANCED_FACE('',(#1133),#733,.T.);
#1133 = FACE_BOUND('',#1134,.F.);
#1134 = EDGE_LOOP('',(#1135,#1136,#1137,#1138));
#1135 = ORIENTED_EDGE('',*,*,#1113,.F.);
#1136 = ORIENTED_EDGE('',*,*,#1012,.T.);
#1137 = ORIENTED_EDGE('',*,*,#1086,.T.);
#1138 = ORIENTED_EDGE('',*,*,#717,.F.);
#1139 = ( GEOMETRIC_REPRESENTATION_CONTEXT(3) 
GLOBAL_UNCERTAINTY_ASSIGNED_CONTEXT((#1143)) 
GLOBAL_UNIT_ASSIGNED_CONTEXT((#1140,#1141,#1142)) REPRESENTATION_CONTEXT
('Context #1','3D Context with UNIT and UNCERTAINTY') );
#1140 = ( LENGTH_UNIT() NAMED_UNIT(*) SI_UNIT(.MILLI.,.METRE.) );
#1141 = ( NAMED_UNIT(*) PLANE_ANGLE_UNIT() SI_UNIT($,.RADIAN.) );
#1142 = ( NAMED_UNIT(*) SI_UNIT($,.STERADIAN.) SOLID_ANGLE_UNIT() );
#1143 = UNCERTAINTY_MEASURE_WITH_UNIT(LENGTH_MEASURE(1.E-07),#1140,
  'distance_accuracy_value','confusion accuracy');
#1144 = CONTEXT_DEPENDENT_SHAPE_REPRESENTATION(#1145,#1147);
#1145 = ( REPRESENTATION_RELATIONSHIP('','',#44,#10) 
REPRESENTATION_RELATIONSHIP_WITH_TRANSFORMATION(#1146) 
SHAPE_REPRESENTATION_RELATIONSHIP() );
#1146 = ITEM_DEFINED_TRANSFORMATION('','',#11,#15);
#1147 = PRODUCT_DEFINITION_SHAPE('Placement','Placement of an item',
  #1148);
#1148 = NEXT_ASSEMBLY_USAGE_OCCURRENCE('16','molded_body','',#5,#39,$);
#1149 = PRODUCT_RELATED_PRODUCT_CATEGORY('part',$,(#41));
#1150 = SHAPE_DEFINITION_REPRESENTATION(#1151,#1157);
#1151 = PRODUCT_DEFINITION_SHAPE('','',#1152);
#1152 = PRODUCT_DEFINITION('design','',#1153,#1156);
#1153 = PRODUCT_DEFINITION_FORMATION('','',#1154);
#1154 = PRODUCT('terminal_1','terminal_1','',(#1155));
#1155 = PRODUCT_CONTEXT('',#2,'mechanical');
#1156 = PRODUCT_DEFINITION_CONTEXT('part definition',#2,'design');
#1157 = ADVANCED_BREP_SHAPE_REPRESENTATION('',(#11,#1158),#1488);
#1158 = MANIFOLD_SOLID_BREP('',#1159);
#1159 = CLOSED_SHELL('',(#1160,#1280,#1380,#1427,#1474,#1481));
#1160 = ADVANCED_FACE('',(#1161),#1175,.F.);
#1161 = FACE_BOUND('',#1162,.F.);
#1162 = EDGE_LOOP('',(#1163,#1198,#1226,#1254));
#1163 = ORIENTED_EDGE('',*,*,#1164,.F.);
#1164 = EDGE_CURVE('',#1165,#1167,#1169,.T.);
#1165 = VERTEX_POINT('',#1166);
#1166 = CARTESIAN_POINT('',(-3.35,-1.5,0.));
#1167 = VERTEX_POINT('',#1168);
#1168 = CARTESIAN_POINT('',(-3.35,-1.5,0.12));
#1169 = SURFACE_CURVE('',#1170,(#1174,#1186),.PCURVE_S1.);
#1170 = LINE('',#1171,#1172);
#1171 = CARTESIAN_POINT('',(-3.35,-1.5,0.));
#1172 = VECTOR('',#1173,1.);
#1173 = DIRECTION('',(0.,0.,1.));
#1174 = PCURVE('',#1175,#1180);
#1175 = PLANE('',#1176);
#1176 = AXIS2_PLACEMENT_3D('',#1177,#1178,#1179);
#1177 = CARTESIAN_POINT('',(-3.35,-1.5,0.));
#1178 = DIRECTION('',(1.,0.,0.));
#1179 = DIRECTION('',(0.,0.,1.));
#1180 = DEFINITIONAL_REPRESENTATION('',(#1181),#1185);
#1181 = LINE('',#1182,#1183);
#1182 = CARTESIAN_POINT('',(0.,0.));
#1183 = VECTOR('',#1184,1.);
#1184 = DIRECTION('',(1.,0.));
#1185 = ( GEOMETRIC_REPRESENTATION_CONTEXT(2) 
PARAMETRIC_REPRESENTATION_CONTEXT() REPRESENTATION_CONTEXT('2D SPACE',''
  ) );
#1186 = PCURVE('',#1187,#1192);
#1187 = PLANE('',#1188);
#1188 = AXIS2_PLACEMENT_3D('',#1189,#1190,#1191);
#1189 = CARTESIAN_POINT('',(-3.35,-1.5,0.));
#1190 = DIRECTION('',(0.,1.,0.));
#1191 = DIRECTION('',(0.,0.,1.));
#1192 = DEFINITIONAL_REPRESENTATION('',(#1193),#1197);
#1193 = LINE('',#1194,#1195);
#1194 = CARTESIAN_POINT('',(0.,0.));
#1195 = VECTOR('',#1196,1.);
#1196 = DIRECTION('',(1.,0.));
#1197 = ( GEOMETRIC_REPRESENTATION_CONTEXT(2) 
PARAMETRIC_REPRESENTATION_CONTEXT() REPRESENTATION_CONTEXT('2D SPACE',''
  ) );
#1198 = ORIENTED_EDGE('',*,*,#1199,.T.);
#1199 = EDGE_CURVE('',#1165,#1200,#1202,.T.);
#1200 = VERTEX_POINT('',#1201);
#1201 = CARTESIAN_POINT('',(-3.35,1.5,0.));
#1202 = SURFACE_CURVE('',#1203,(#1207,#1214),.PCURVE_S1.);
#1203 = LINE('',#1204,#1205);
#1204 = CARTESIAN_POINT('',(-3.35,-1.5,0.));
#1205 = VECTOR('',#1206,1.);
#1206 = DIRECTION('',(0.,1.,0.));
#1207 = PCURVE('',#1175,#1208);
#1208 = DEFINITIONAL_REPRESENTATION('',(#1209),#1213);
#1209 = LINE('',#1210,#1211);
#1210 = CARTESIAN_POINT('',(0.,0.));
#1211 = VECTOR('',#1212,1.);
#1212 = DIRECTION('',(0.,-1.));
#1213 = ( GEOMETRIC_REPRESENTATION_CONTEXT(2) 
PARAMETRIC_REPRESENTATION_CONTEXT() REPRESENTATION_CONTEXT('2D SPACE',''
  ) );
#1214 = PCURVE('',#1215,#1220);
#1215 = PLANE('',#1216);
#1216 = AXIS2_PLACEMENT_3D('',#1217,#1218,#1219);
#1217 = CARTESIAN_POINT('',(-3.35,-1.5,0.));
#1218 = DIRECTION('',(0.,0.,1.));
#1219 = DIRECTION('',(1.,0.,0.));
#1220 = DEFINITIONAL_REPRESENTATION('',(#1221),#1225);
#1221 = LINE('',#1222,#1223);
#1222 = CARTESIAN_POINT('',(0.,0.));
#1223 = VECTOR('',#1224,1.);
#1224 = DIRECTION('',(0.,1.));
#1225 = ( GEOMETRIC_REPRESENTATION_CONTEXT(2) 
PARAMETRIC_REPRESENTATION_CONTEXT() REPRESENTATION_CONTEXT('2D SPACE',''
  ) );
#1226 = ORIENTED_EDGE('',*,*,#1227,.T.);
#1227 = EDGE_CURVE('',#1200,#1228,#1230,.T.);
#1228 = VERTEX_POINT('',#1229);
#1229 = CARTESIAN_POINT('',(-3.35,1.5,0.12));
#1230 = SURFACE_CURVE('',#1231,(#1235,#1242),.PCURVE_S1.);
#1231 = LINE('',#1232,#1233);
#1232 = CARTESIAN_POINT('',(-3.35,1.5,0.));
#1233 = VECTOR('',#1234,1.);
#1234 = DIRECTION('',(0.,0.,1.));
#1235 = PCURVE('',#1175,#1236);
#1236 = DEFINITIONAL_REPRESENTATION('',(#1237),#1241);
#1237 = LINE('',#1238,#1239);
#1238 = CARTESIAN_POINT('',(0.,-3.));
#1239 = VECTOR('',#1240,1.);
#1240 = DIRECTION('',(1.,0.));
#1241 = ( GEOMETRIC_REPRESENTATION_CONTEXT(2) 
PARAMETRIC_REPRESENTATION_CONTEXT() REPRESENTATION_CONTEXT('2D SPACE',''
  ) );
#1242 = PCURVE('',#1243,#1248);
#1243 = PLANE('',#1244);
#1244 = AXIS2_PLACEMENT_3D('',#1245,#1246,#1247);
#1245 = CARTESIAN_POINT('',(-3.35,1.5,0.));
#1246 = DIRECTION('',(0.,1.,0.));
#1247 = DIRECTION('',(0.,0.,1.));
#1248 = DEFINITIONAL_REPRESENTATION('',(#1249),#1253);
#1249 = LINE('',#1250,#1251);
#1250 = CARTESIAN_POINT('',(0.,0.));
#1251 = VECTOR('',#1252,1.);
#1252 = DIRECTION('',(1.,0.));
#1253 = ( GEOMETRIC_REPRESENTATION_CONTEXT(2) 
PARAMETRIC_REPRESENTATION_CONTEXT() REPRESENTATION_CONTEXT('2D SPACE',''
  ) );
#1254 = ORIENTED_EDGE('',*,*,#1255,.F.);
#1255 = EDGE_CURVE('',#1167,#1228,#1256,.T.);
#1256 = SURFACE_CURVE('',#1257,(#1261,#1268),.PCURVE_S1.);
#1257 = LINE('',#1258,#1259);
#1258 = CARTESIAN_POINT('',(-3.35,-1.5,0.12));
#1259 = VECTOR('',#1260,1.);
#1260 = DIRECTION('',(0.,1.,0.));
#1261 = PCURVE('',#1175,#1262);
#1262 = DEFINITIONAL_REPRESENTATION('',(#1263),#1267);
#1263 = LINE('',#1264,#1265);
#1264 = CARTESIAN_POINT('',(0.12,0.));
#1265 = VECTOR('',#1266,1.);
#1266 = DIRECTION('',(0.,-1.));
#1267 = ( GEOMETRIC_REPRESENTATION_CONTEXT(2) 
PARAMETRIC_REPRESENTATION_CONTEXT() REPRESENTATION_CONTEXT('2D SPACE',''
  ) );
#1268 = PCURVE('',#1269,#1274);
#1269 = PLANE('',#1270);
#1270 = AXIS2_PLACEMENT_3D('',#1271,#1272,#1273);
#1271 = CARTESIAN_POINT('',(-3.35,-1.5,0.12));
#1272 = DIRECTION('',(0.,0.,1.));
#1273 = DIRECTION('',(1.,0.,0.));
#1274 = DEFINITIONAL_REPRESENTATION('',(#1275),#1279);
#1275 = LINE('',#1276,#1277);
#1276 = CARTESIAN_POINT('',(0.,0.));
#1277 = VECTOR('',#1278,1.);
#1278 = DIRECTION('',(0.,1.));
#1279 = ( GEOMETRIC_REPRESENTATION_CONTEXT(2) 
PARAMETRIC_REPRESENTATION_CONTEXT() REPRESENTATION_CONTEXT('2D SPACE',''
  ) );
#1280 = ADVANCED_FACE('',(#1281),#1295,.T.);
#1281 = FACE_BOUND('',#1282,.T.);
#1282 = EDGE_LOOP('',(#1283,#1313,#1336,#1359));
#1283 = ORIENTED_EDGE('',*,*,#1284,.F.);
#1284 = EDGE_CURVE('',#1285,#1287,#1289,.T.);
#1285 = VERTEX_POINT('',#1286);
#1286 = CARTESIAN_POINT('',(-1.55,-1.5,0.));
#1287 = VERTEX_POINT('',#1288);
#1288 = CARTESIAN_POINT('',(-1.55,-1.5,0.12));
#1289 = SURFACE_CURVE('',#1290,(#1294,#1306),.PCURVE_S1.);
#1290 = LINE('',#1291,#1292);
#1291 = CARTESIAN_POINT('',(-1.55,-1.5,0.));
#1292 = VECTOR('',#1293,1.);
#1293 = DIRECTION('',(0.,0.,1.));
#1294 = PCURVE('',#1295,#1300);
#1295 = PLANE('',#1296);
#1296 = AXIS2_PLACEMENT_3D('',#1297,#1298,#1299);
#1297 = CARTESIAN_POINT('',(-1.55,-1.5,0.));
#1298 = DIRECTION('',(1.,0.,0.));
#1299 = DIRECTION('',(0.,0.,1.));
#1300 = DEFINITIONAL_REPRESENTATION('',(#1301),#1305);
#1301 = LINE('',#1302,#1303);
#1302 = CARTESIAN_POINT('',(0.,0.));
#1303 = VECTOR('',#1304,1.);
#1304 = DIRECTION('',(1.,0.));
#1305 = ( GEOMETRIC_REPRESENTATION_CONTEXT(2) 
PARAMETRIC_REPRESENTATION_CONTEXT() REPRESENTATION_CONTEXT('2D SPACE',''
  ) );
#1306 = PCURVE('',#1187,#1307);
#1307 = DEFINITIONAL_REPRESENTATION('',(#1308),#1312);
#1308 = LINE('',#1309,#1310);
#1309 = CARTESIAN_POINT('',(0.,1.8));
#1310 = VECTOR('',#1311,1.);
#1311 = DIRECTION('',(1.,0.));
#1312 = ( GEOMETRIC_REPRESENTATION_CONTEXT(2) 
PARAMETRIC_REPRESENTATION_CONTEXT() REPRESENTATION_CONTEXT('2D SPACE',''
  ) );
#1313 = ORIENTED_EDGE('',*,*,#1314,.T.);
#1314 = EDGE_CURVE('',#1285,#1315,#1317,.T.);
#1315 = VERTEX_POINT('',#1316);
#1316 = CARTESIAN_POINT('',(-1.55,1.5,0.));
#1317 = SURFACE_CURVE('',#1318,(#1322,#1329),.PCURVE_S1.);
#1318 = LINE('',#1319,#1320);
#1319 = CARTESIAN_POINT('',(-1.55,-1.5,0.));
#1320 = VECTOR('',#1321,1.);
#1321 = DIRECTION('',(0.,1.,0.));
#1322 = PCURVE('',#1295,#1323);
#1323 = DEFINITIONAL_REPRESENTATION('',(#1324),#1328);
#1324 = LINE('',#1325,#1326);
#1325 = CARTESIAN_POINT('',(0.,0.));
#1326 = VECTOR('',#1327,1.);
#1327 = DIRECTION('',(0.,-1.));
#1328 = ( GEOMETRIC_REPRESENTATION_CONTEXT(2) 
PARAMETRIC_REPRESENTATION_CONTEXT() REPRESENTATION_CONTEXT('2D SPACE',''
  ) );
#1329 = PCURVE('',#1215,#1330);
#1330 = DEFINITIONAL_REPRESENTATION('',(#1331),#1335);
#1331 = LINE('',#1332,#1333);
#1332 = CARTESIAN_POINT('',(1.8,0.));
#1333 = VECTOR('',#1334,1.);
#1334 = DIRECTION('',(0.,1.));
#1335 = ( GEOMETRIC_REPRESENTATION_CONTEXT(2) 
PARAMETRIC_REPRESENTATION_CONTEXT() REPRESENTATION_CONTEXT('2D SPACE',''
  ) );
#1336 = ORIENTED_EDGE('',*,*,#1337,.T.);
#1337 = EDGE_CURVE('',#1315,#1338,#1340,.T.);
#1338 = VERTEX_POINT('',#1339);
#1339 = CARTESIAN_POINT('',(-1.55,1.5,0.12));
#1340 = SURFACE_CURVE('',#1341,(#1345,#1352),.PCURVE_S1.);
#1341 = LINE('',#1342,#1343);
#1342 = CARTESIAN_POINT('',(-1.55,1.5,0.));
#1343 = VECTOR('',#1344,1.);
#1344 = DIRECTION('',(0.,0.,1.));
#1345 = PCURVE('',#1295,#1346);
#1346 = DEFINITIONAL_REPRESENTATION('',(#1347),#1351);
#1347 = LINE('',#1348,#1349);
#1348 = CARTESIAN_POINT('',(0.,-3.));
#1349 = VECTOR('',#1350,1.);
#1350 = DIRECTION('',(1.,0.));
#1351 = ( GEOMETRIC_REPRESENTATION_CONTEXT(2) 
PARAMETRIC_REPRESENTATION_CONTEXT() REPRESENTATION_CONTEXT('2D SPACE',''
  ) );
#1352 = PCURVE('',#1243,#1353);
#1353 = DEFINITIONAL_REPRESENTATION('',(#1354),#1358);
#1354 = LINE('',#1355,#1356);
#1355 = CARTESIAN_POINT('',(0.,1.8));
#1356 = VECTOR('',#1357,1.);
#1357 = DIRECTION('',(1.,0.));
#1358 = ( GEOMETRIC_REPRESENTATION_CONTEXT(2) 
PARAMETRIC_REPRESENTATION_CONTEXT() REPRESENTATION_CONTEXT('2D SPACE',''
  ) );
#1359 = ORIENTED_EDGE('',*,*,#1360,.F.);
#1360 = EDGE_CURVE('',#1287,#1338,#1361,.T.);
#1361 = SURFACE_CURVE('',#1362,(#1366,#1373),.PCURVE_S1.);
#1362 = LINE('',#1363,#1364);
#1363 = CARTESIAN_POINT('',(-1.55,-1.5,0.12));
#1364 = VECTOR('',#1365,1.);
#1365 = DIRECTION('',(0.,1.,0.));
#1366 = PCURVE('',#1295,#1367);
#1367 = DEFINITIONAL_REPRESENTATION('',(#1368),#1372);
#1368 = LINE('',#1369,#1370);
#1369 = CARTESIAN_POINT('',(0.12,0.));
#1370 = VECTOR('',#1371,1.);
#1371 = DIRECTION('',(0.,-1.));
#1372 = ( GEOMETRIC_REPRESENTATION_CONTEXT(2) 
PARAMETRIC_REPRESENTATION_CONTEXT() REPRESENTATION_CONTEXT('2D SPACE',''
  ) );
#1373 = PCURVE('',#1269,#1374);
#1374 = DEFINITIONAL_REPRESENTATION('',(#1375),#1379);
#1375 = LINE('',#1376,#1377);
#1376 = CARTESIAN_POINT('',(1.8,0.));
#1377 = VECTOR('',#1378,1.);
#1378 = DIRECTION('',(0.,1.));
#1379 = ( GEOMETRIC_REPRESENTATION_CONTEXT(2) 
PARAMETRIC_REPRESENTATION_CONTEXT() REPRESENTATION_CONTEXT('2D SPACE',''
  ) );
#1380 = ADVANCED_FACE('',(#1381),#1187,.F.);
#1381 = FACE_BOUND('',#1382,.F.);
#1382 = EDGE_LOOP('',(#1383,#1404,#1405,#1426));
#1383 = ORIENTED_EDGE('',*,*,#1384,.F.);
#1384 = EDGE_CURVE('',#1165,#1285,#1385,.T.);
#1385 = SURFACE_CURVE('',#1386,(#1390,#1397),.PCURVE_S1.);
#1386 = LINE('',#1387,#1388);
#1387 = CARTESIAN_POINT('',(-3.35,-1.5,0.));
#1388 = VECTOR('',#1389,1.);
#1389 = DIRECTION('',(1.,0.,0.));
#1390 = PCURVE('',#1187,#1391);
#1391 = DEFINITIONAL_REPRESENTATION('',(#1392),#1396);
#1392 = LINE('',#1393,#1394);
#1393 = CARTESIAN_POINT('',(0.,0.));
#1394 = VECTOR('',#1395,1.);
#1395 = DIRECTION('',(0.,1.));
#1396 = ( GEOMETRIC_REPRESENTATION_CONTEXT(2) 
PARAMETRIC_REPRESENTATION_CONTEXT() REPRESENTATION_CONTEXT('2D SPACE',''
  ) );
#1397 = PCURVE('',#1215,#1398);
#1398 = DEFINITIONAL_REPRESENTATION('',(#1399),#1403);
#1399 = LINE('',#1400,#1401);
#1400 = CARTESIAN_POINT('',(0.,0.));
#1401 = VECTOR('',#1402,1.);
#1402 = DIRECTION('',(1.,0.));
#1403 = ( GEOMETRIC_REPRESENTATION_CONTEXT(2) 
PARAMETRIC_REPRESENTATION_CONTEXT() REPRESENTATION_CONTEXT('2D SPACE',''
  ) );
#1404 = ORIENTED_EDGE('',*,*,#1164,.T.);
#1405 = ORIENTED_EDGE('',*,*,#1406,.T.);
#1406 = EDGE_CURVE('',#1167,#1287,#1407,.T.);
#1407 = SURFACE_CURVE('',#1408,(#1412,#1419),.PCURVE_S1.);
#1408 = LINE('',#1409,#1410);
#1409 = CARTESIAN_POINT('',(-3.35,-1.5,0.12));
#1410 = VECTOR('',#1411,1.);
#1411 = DIRECTION('',(1.,0.,0.));
#1412 = PCURVE('',#1187,#1413);
#1413 = DEFINITIONAL_REPRESENTATION('',(#1414),#1418);
#1414 = LINE('',#1415,#1416);
#1415 = CARTESIAN_POINT('',(0.12,0.));
#1416 = VECTOR('',#1417,1.);
#1417 = DIRECTION('',(0.,1.));
#1418 = ( GEOMETRIC_REPRESENTATION_CONTEXT(2) 
PARAMETRIC_REPRESENTATION_CONTEXT() REPRESENTATION_CONTEXT('2D SPACE',''
  ) );
#1419 = PCURVE('',#1269,#1420);
#1420 = DEFINITIONAL_REPRESENTATION('',(#1421),#1425);
#1421 = LINE('',#1422,#1423);
#1422 = CARTESIAN_POINT('',(0.,0.));
#1423 = VECTOR('',#1424,1.);
#1424 = DIRECTION('',(1.,0.));
#1425 = ( GEOMETRIC_REPRESENTATION_CONTEXT(2) 
PARAMETRIC_REPRESENTATION_CONTEXT() REPRESENTATION_CONTEXT('2D SPACE',''
  ) );
#1426 = ORIENTED_EDGE('',*,*,#1284,.F.);
#1427 = ADVANCED_FACE('',(#1428),#1243,.T.);
#1428 = FACE_BOUND('',#1429,.T.);
#1429 = EDGE_LOOP('',(#1430,#1451,#1452,#1473));
#1430 = ORIENTED_EDGE('',*,*,#1431,.F.);
#1431 = EDGE_CURVE('',#1200,#1315,#1432,.T.);
#1432 = SURFACE_CURVE('',#1433,(#1437,#1444),.PCURVE_S1.);
#1433 = LINE('',#1434,#1435);
#1434 = CARTESIAN_POINT('',(-3.35,1.5,0.));
#1435 = VECTOR('',#1436,1.);
#1436 = DIRECTION('',(1.,0.,0.));
#1437 = PCURVE('',#1243,#1438);
#1438 = DEFINITIONAL_REPRESENTATION('',(#1439),#1443);
#1439 = LINE('',#1440,#1441);
#1440 = CARTESIAN_POINT('',(0.,0.));
#1441 = VECTOR('',#1442,1.);
#1442 = DIRECTION('',(0.,1.));
#1443 = ( GEOMETRIC_REPRESENTATION_CONTEXT(2) 
PARAMETRIC_REPRESENTATION_CONTEXT() REPRESENTATION_CONTEXT('2D SPACE',''
  ) );
#1444 = PCURVE('',#1215,#1445);
#1445 = DEFINITIONAL_REPRESENTATION('',(#1446),#1450);
#1446 = LINE('',#1447,#1448);
#1447 = CARTESIAN_POINT('',(0.,3.));
#1448 = VECTOR('',#1449,1.);
#1449 = DIRECTION('',(1.,0.));
#1450 = ( GEOMETRIC_REPRESENTATION_CONTEXT(2) 
PARAMETRIC_REPRESENTATION_CONTEXT() REPRESENTATION_CONTEXT('2D SPACE',''
  ) );
#1451 = ORIENTED_EDGE('',*,*,#1227,.T.);
#1452 = ORIENTED_EDGE('',*,*,#1453,.T.);
#1453 = EDGE_CURVE('',#1228,#1338,#1454,.T.);
#1454 = SURFACE_CURVE('',#1455,(#1459,#1466),.PCURVE_S1.);
#1455 = LINE('',#1456,#1457);
#1456 = CARTESIAN_POINT('',(-3.35,1.5,0.12));
#1457 = VECTOR('',#1458,1.);
#1458 = DIRECTION('',(1.,0.,0.));
#1459 = PCURVE('',#1243,#1460);
#1460 = DEFINITIONAL_REPRESENTATION('',(#1461),#1465);
#1461 = LINE('',#1462,#1463);
#1462 = CARTESIAN_POINT('',(0.12,0.));
#1463 = VECTOR('',#1464,1.);
#1464 = DIRECTION('',(0.,1.));
#1465 = ( GEOMETRIC_REPRESENTATION_CONTEXT(2) 
PARAMETRIC_REPRESENTATION_CONTEXT() REPRESENTATION_CONTEXT('2D SPACE',''
  ) );
#1466 = PCURVE('',#1269,#1467);
#1467 = DEFINITIONAL_REPRESENTATION('',(#1468),#1472);
#1468 = LINE('',#1469,#1470);
#1469 = CARTESIAN_POINT('',(0.,3.));
#1470 = VECTOR('',#1471,1.);
#1471 = DIRECTION('',(1.,0.));
#1472 = ( GEOMETRIC_REPRESENTATION_CONTEXT(2) 
PARAMETRIC_REPRESENTATION_CONTEXT() REPRESENTATION_CONTEXT('2D SPACE',''
  ) );
#1473 = ORIENTED_EDGE('',*,*,#1337,.F.);
#1474 = ADVANCED_FACE('',(#1475),#1215,.F.);
#1475 = FACE_BOUND('',#1476,.F.);
#1476 = EDGE_LOOP('',(#1477,#1478,#1479,#1480));
#1477 = ORIENTED_EDGE('',*,*,#1199,.F.);
#1478 = ORIENTED_EDGE('',*,*,#1384,.T.);
#1479 = ORIENTED_EDGE('',*,*,#1314,.T.);
#1480 = ORIENTED_EDGE('',*,*,#1431,.F.);
#1481 = ADVANCED_FACE('',(#1482),#1269,.T.);
#1482 = FACE_BOUND('',#1483,.T.);
#1483 = EDGE_LOOP('',(#1484,#1485,#1486,#1487));
#1484 = ORIENTED_EDGE('',*,*,#1255,.F.);
#1485 = ORIENTED_EDGE('',*,*,#1406,.T.);
#1486 = ORIENTED_EDGE('',*,*,#1360,.T.);
#1487 = ORIENTED_EDGE('',*,*,#1453,.F.);
#1488 = ( GEOMETRIC_REPRESENTATION_CONTEXT(3) 
GLOBAL_UNCERTAINTY_ASSIGNED_CONTEXT((#1492)) 
GLOBAL_UNIT_ASSIGNED_CONTEXT((#1489,#1490,#1491)) REPRESENTATION_CONTEXT
('Context #1','3D Context with UNIT and UNCERTAINTY') );
#1489 = ( LENGTH_UNIT() NAMED_UNIT(*) SI_UNIT(.MILLI.,.METRE.) );
#1490 = ( NAMED_UNIT(*) PLANE_ANGLE_UNIT() SI_UNIT($,.RADIAN.) );
#1491 = ( NAMED_UNIT(*) SI_UNIT($,.STERADIAN.) SOLID_ANGLE_UNIT() );
#1492 = UNCERTAINTY_MEASURE_WITH_UNIT(LENGTH_MEASURE(1.E-07),#1489,
  'distance_accuracy_value','confusion accuracy');
#1493 = CONTEXT_DEPENDENT_SHAPE_REPRESENTATION(#1494,#1496);
#1494 = ( REPRESENTATION_RELATIONSHIP('','',#1157,#10) 
REPRESENTATION_RELATIONSHIP_WITH_TRANSFORMATION(#1495) 
SHAPE_REPRESENTATION_RELATIONSHIP() );
#1495 = ITEM_DEFINED_TRANSFORMATION('','',#11,#19);
#1496 = PRODUCT_DEFINITION_SHAPE('Placement','Placement of an item',
  #1497);
#1497 = NEXT_ASSEMBLY_USAGE_OCCURRENCE('17','terminal_1','',#5,#1152,$);
#1498 = PRODUCT_RELATED_PRODUCT_CATEGORY('part',$,(#1154));
#1499 = SHAPE_DEFINITION_REPRESENTATION(#1500,#1506);
#1500 = PRODUCT_DEFINITION_SHAPE('','',#1501);
#1501 = PRODUCT_DEFINITION('design','',#1502,#1505);
#1502 = PRODUCT_DEFINITION_FORMATION('','',#1503);
#1503 = PRODUCT('terminal_2','terminal_2','',(#1504));
#1504 = PRODUCT_CONTEXT('',#2,'mechanical');
#1505 = PRODUCT_DEFINITION_CONTEXT('part definition',#2,'design');
#1506 = ADVANCED_BREP_SHAPE_REPRESENTATION('',(#11,#1507),#1837);
#1507 = MANIFOLD_SOLID_BREP('',#1508);
#1508 = CLOSED_SHELL('',(#1509,#1629,#1729,#1776,#1823,#1830));
#1509 = ADVANCED_FACE('',(#1510),#1524,.F.);
#1510 = FACE_BOUND('',#1511,.T.);
#1511 = EDGE_LOOP('',(#1512,#1547,#1575,#1603));
#1512 = ORIENTED_EDGE('',*,*,#1513,.F.);
#1513 = EDGE_CURVE('',#1514,#1516,#1518,.T.);
#1514 = VERTEX_POINT('',#1515);
#1515 = CARTESIAN_POINT('',(3.35,-1.5,0.));
#1516 = VERTEX_POINT('',#1517);
#1517 = CARTESIAN_POINT('',(3.35,-1.5,0.12));
#1518 = SURFACE_CURVE('',#1519,(#1523,#1535),.PCURVE_S1.);
#1519 = LINE('',#1520,#1521);
#1520 = CARTESIAN_POINT('',(3.35,-1.5,0.));
#1521 = VECTOR('',#1522,1.);
#1522 = DIRECTION('',(0.,0.,1.));
#1523 = PCURVE('',#1524,#1529);
#1524 = PLANE('',#1525);
#1525 = AXIS2_PLACEMENT_3D('',#1526,#1527,#1528);
#1526 = CARTESIAN_POINT('',(3.35,-1.5,0.));
#1527 = DIRECTION('',(-1.,-0.,0.));
#1528 = DIRECTION('',(0.,0.,-1.));
#1529 = DEFINITIONAL_REPRESENTATION('',(#1530),#1534);
#1530 = LINE('',#1531,#1532);
#1531 = CARTESIAN_POINT('',(-0.,-0.));
#1532 = VECTOR('',#1533,1.);
#1533 = DIRECTION('',(-1.,-0.));
#1534 = ( GEOMETRIC_REPRESENTATION_CONTEXT(2) 
PARAMETRIC_REPRESENTATION_CONTEXT() REPRESENTATION_CONTEXT('2D SPACE',''
  ) );
#1535 = PCURVE('',#1536,#1541);
#1536 = PLANE('',#1537);
#1537 = AXIS2_PLACEMENT_3D('',#1538,#1539,#1540);
#1538 = CARTESIAN_POINT('',(3.35,-1.5,0.));
#1539 = DIRECTION('',(-0.,1.,0.));
#1540 = DIRECTION('',(0.,0.,-1.));
#1541 = DEFINITIONAL_REPRESENTATION('',(#1542),#1546);
#1542 = LINE('',#1543,#1544);
#1543 = CARTESIAN_POINT('',(-0.,-0.));
#1544 = VECTOR('',#1545,1.);
#1545 = DIRECTION('',(-1.,0.));
#1546 = ( GEOMETRIC_REPRESENTATION_CONTEXT(2) 
PARAMETRIC_REPRESENTATION_CONTEXT() REPRESENTATION_CONTEXT('2D SPACE',''
  ) );
#1547 = ORIENTED_EDGE('',*,*,#1548,.T.);
#1548 = EDGE_CURVE('',#1514,#1549,#1551,.T.);
#1549 = VERTEX_POINT('',#1550);
#1550 = CARTESIAN_POINT('',(3.35,1.5,0.));
#1551 = SURFACE_CURVE('',#1552,(#1556,#1563),.PCURVE_S1.);
#1552 = LINE('',#1553,#1554);
#1553 = CARTESIAN_POINT('',(3.35,-1.5,0.));
#1554 = VECTOR('',#1555,1.);
#1555 = DIRECTION('',(-0.,1.,0.));
#1556 = PCURVE('',#1524,#1557);
#1557 = DEFINITIONAL_REPRESENTATION('',(#1558),#1562);
#1558 = LINE('',#1559,#1560);
#1559 = CARTESIAN_POINT('',(-0.,-0.));
#1560 = VECTOR('',#1561,1.);
#1561 = DIRECTION('',(-0.,-1.));
#1562 = ( GEOMETRIC_REPRESENTATION_CONTEXT(2) 
PARAMETRIC_REPRESENTATION_CONTEXT() REPRESENTATION_CONTEXT('2D SPACE',''
  ) );
#1563 = PCURVE('',#1564,#1569);
#1564 = PLANE('',#1565);
#1565 = AXIS2_PLACEMENT_3D('',#1566,#1567,#1568);
#1566 = CARTESIAN_POINT('',(3.35,-1.5,0.));
#1567 = DIRECTION('',(0.,0.,1.));
#1568 = DIRECTION('',(1.,0.,0.));
#1569 = DEFINITIONAL_REPRESENTATION('',(#1570),#1574);
#1570 = LINE('',#1571,#1572);
#1571 = CARTESIAN_POINT('',(0.,-0.));
#1572 = VECTOR('',#1573,1.);
#1573 = DIRECTION('',(-0.,1.));
#1574 = ( GEOMETRIC_REPRESENTATION_CONTEXT(2) 
PARAMETRIC_REPRESENTATION_CONTEXT() REPRESENTATION_CONTEXT('2D SPACE',''
  ) );
#1575 = ORIENTED_EDGE('',*,*,#1576,.T.);
#1576 = EDGE_CURVE('',#1549,#1577,#1579,.T.);
#1577 = VERTEX_POINT('',#1578);
#1578 = CARTESIAN_POINT('',(3.35,1.5,0.12));
#1579 = SURFACE_CURVE('',#1580,(#1584,#1591),.PCURVE_S1.);
#1580 = LINE('',#1581,#1582);
#1581 = CARTESIAN_POINT('',(3.35,1.5,0.));
#1582 = VECTOR('',#1583,1.);
#1583 = DIRECTION('',(0.,0.,1.));
#1584 = PCURVE('',#1524,#1585);
#1585 = DEFINITIONAL_REPRESENTATION('',(#1586),#1590);
#1586 = LINE('',#1587,#1588);
#1587 = CARTESIAN_POINT('',(-0.,-3.));
#1588 = VECTOR('',#1589,1.);
#1589 = DIRECTION('',(-1.,-0.));
#1590 = ( GEOMETRIC_REPRESENTATION_CONTEXT(2) 
PARAMETRIC_REPRESENTATION_CONTEXT() REPRESENTATION_CONTEXT('2D SPACE',''
  ) );
#1591 = PCURVE('',#1592,#1597);
#1592 = PLANE('',#1593);
#1593 = AXIS2_PLACEMENT_3D('',#1594,#1595,#1596);
#1594 = CARTESIAN_POINT('',(3.35,1.5,0.));
#1595 = DIRECTION('',(-0.,1.,0.));
#1596 = DIRECTION('',(0.,0.,-1.));
#1597 = DEFINITIONAL_REPRESENTATION('',(#1598),#1602);
#1598 = LINE('',#1599,#1600);
#1599 = CARTESIAN_POINT('',(-0.,-0.));
#1600 = VECTOR('',#1601,1.);
#1601 = DIRECTION('',(-1.,0.));
#1602 = ( GEOMETRIC_REPRESENTATION_CONTEXT(2) 
PARAMETRIC_REPRESENTATION_CONTEXT() REPRESENTATION_CONTEXT('2D SPACE',''
  ) );
#1603 = ORIENTED_EDGE('',*,*,#1604,.F.);
#1604 = EDGE_CURVE('',#1516,#1577,#1605,.T.);
#1605 = SURFACE_CURVE('',#1606,(#1610,#1617),.PCURVE_S1.);
#1606 = LINE('',#1607,#1608);
#1607 = CARTESIAN_POINT('',(3.35,-1.5,0.12));
#1608 = VECTOR('',#1609,1.);
#1609 = DIRECTION('',(-0.,1.,0.));
#1610 = PCURVE('',#1524,#1611);
#1611 = DEFINITIONAL_REPRESENTATION('',(#1612),#1616);
#1612 = LINE('',#1613,#1614);
#1613 = CARTESIAN_POINT('',(-0.12,-0.));
#1614 = VECTOR('',#1615,1.);
#1615 = DIRECTION('',(-0.,-1.));
#1616 = ( GEOMETRIC_REPRESENTATION_CONTEXT(2) 
PARAMETRIC_REPRESENTATION_CONTEXT() REPRESENTATION_CONTEXT('2D SPACE',''
  ) );
#1617 = PCURVE('',#1618,#1623);
#1618 = PLANE('',#1619);
#1619 = AXIS2_PLACEMENT_3D('',#1620,#1621,#1622);
#1620 = CARTESIAN_POINT('',(3.35,-1.5,0.12));
#1621 = DIRECTION('',(0.,0.,1.));
#1622 = DIRECTION('',(1.,0.,0.));
#1623 = DEFINITIONAL_REPRESENTATION('',(#1624),#1628);
#1624 = LINE('',#1625,#1626);
#1625 = CARTESIAN_POINT('',(0.,-0.));
#1626 = VECTOR('',#1627,1.);
#1627 = DIRECTION('',(-0.,1.));
#1628 = ( GEOMETRIC_REPRESENTATION_CONTEXT(2) 
PARAMETRIC_REPRESENTATION_CONTEXT() REPRESENTATION_CONTEXT('2D SPACE',''
  ) );
#1629 = ADVANCED_FACE('',(#1630),#1644,.T.);
#1630 = FACE_BOUND('',#1631,.F.);
#1631 = EDGE_LOOP('',(#1632,#1662,#1685,#1708));
#1632 = ORIENTED_EDGE('',*,*,#1633,.F.);
#1633 = EDGE_CURVE('',#1634,#1636,#1638,.T.);
#1634 = VERTEX_POINT('',#1635);
#1635 = CARTESIAN_POINT('',(1.55,-1.5,0.));
#1636 = VERTEX_POINT('',#1637);
#1637 = CARTESIAN_POINT('',(1.55,-1.5,0.12));
#1638 = SURFACE_CURVE('',#1639,(#1643,#1655),.PCURVE_S1.);
#1639 = LINE('',#1640,#1641);
#1640 = CARTESIAN_POINT('',(1.55,-1.5,0.));
#1641 = VECTOR('',#1642,1.);
#1642 = DIRECTION('',(0.,0.,1.));
#1643 = PCURVE('',#1644,#1649);
#1644 = PLANE('',#1645);
#1645 = AXIS2_PLACEMENT_3D('',#1646,#1647,#1648);
#1646 = CARTESIAN_POINT('',(1.55,-1.5,0.));
#1647 = DIRECTION('',(-1.,-0.,0.));
#1648 = DIRECTION('',(0.,0.,-1.));
#1649 = DEFINITIONAL_REPRESENTATION('',(#1650),#1654);
#1650 = LINE('',#1651,#1652);
#1651 = CARTESIAN_POINT('',(-0.,-0.));
#1652 = VECTOR('',#1653,1.);
#1653 = DIRECTION('',(-1.,-0.));
#1654 = ( GEOMETRIC_REPRESENTATION_CONTEXT(2) 
PARAMETRIC_REPRESENTATION_CONTEXT() REPRESENTATION_CONTEXT('2D SPACE',''
  ) );
#1655 = PCURVE('',#1536,#1656);
#1656 = DEFINITIONAL_REPRESENTATION('',(#1657),#1661);
#1657 = LINE('',#1658,#1659);
#1658 = CARTESIAN_POINT('',(-0.,1.8));
#1659 = VECTOR('',#1660,1.);
#1660 = DIRECTION('',(-1.,0.));
#1661 = ( GEOMETRIC_REPRESENTATION_CONTEXT(2) 
PARAMETRIC_REPRESENTATION_CONTEXT() REPRESENTATION_CONTEXT('2D SPACE',''
  ) );
#1662 = ORIENTED_EDGE('',*,*,#1663,.T.);
#1663 = EDGE_CURVE('',#1634,#1664,#1666,.T.);
#1664 = VERTEX_POINT('',#1665);
#1665 = CARTESIAN_POINT('',(1.55,1.5,0.));
#1666 = SURFACE_CURVE('',#1667,(#1671,#1678),.PCURVE_S1.);
#1667 = LINE('',#1668,#1669);
#1668 = CARTESIAN_POINT('',(1.55,-1.5,0.));
#1669 = VECTOR('',#1670,1.);
#1670 = DIRECTION('',(-0.,1.,0.));
#1671 = PCURVE('',#1644,#1672);
#1672 = DEFINITIONAL_REPRESENTATION('',(#1673),#1677);
#1673 = LINE('',#1674,#1675);
#1674 = CARTESIAN_POINT('',(-0.,-0.));
#1675 = VECTOR('',#1676,1.);
#1676 = DIRECTION('',(-0.,-1.));
#1677 = ( GEOMETRIC_REPRESENTATION_CONTEXT(2) 
PARAMETRIC_REPRESENTATION_CONTEXT() REPRESENTATION_CONTEXT('2D SPACE',''
  ) );
#1678 = PCURVE('',#1564,#1679);
#1679 = DEFINITIONAL_REPRESENTATION('',(#1680),#1684);
#1680 = LINE('',#1681,#1682);
#1681 = CARTESIAN_POINT('',(-1.8,0.));
#1682 = VECTOR('',#1683,1.);
#1683 = DIRECTION('',(-0.,1.));
#1684 = ( GEOMETRIC_REPRESENTATION_CONTEXT(2) 
PARAMETRIC_REPRESENTATION_CONTEXT() REPRESENTATION_CONTEXT('2D SPACE',''
  ) );
#1685 = ORIENTED_EDGE('',*,*,#1686,.T.);
#1686 = EDGE_CURVE('',#1664,#1687,#1689,.T.);
#1687 = VERTEX_POINT('',#1688);
#1688 = CARTESIAN_POINT('',(1.55,1.5,0.12));
#1689 = SURFACE_CURVE('',#1690,(#1694,#1701),.PCURVE_S1.);
#1690 = LINE('',#1691,#1692);
#1691 = CARTESIAN_POINT('',(1.55,1.5,0.));
#1692 = VECTOR('',#1693,1.);
#1693 = DIRECTION('',(0.,0.,1.));
#1694 = PCURVE('',#1644,#1695);
#1695 = DEFINITIONAL_REPRESENTATION('',(#1696),#1700);
#1696 = LINE('',#1697,#1698);
#1697 = CARTESIAN_POINT('',(-0.,-3.));
#1698 = VECTOR('',#1699,1.);
#1699 = DIRECTION('',(-1.,-0.));
#1700 = ( GEOMETRIC_REPRESENTATION_CONTEXT(2) 
PARAMETRIC_REPRESENTATION_CONTEXT() REPRESENTATION_CONTEXT('2D SPACE',''
  ) );
#1701 = PCURVE('',#1592,#1702);
#1702 = DEFINITIONAL_REPRESENTATION('',(#1703),#1707);
#1703 = LINE('',#1704,#1705);
#1704 = CARTESIAN_POINT('',(-0.,1.8));
#1705 = VECTOR('',#1706,1.);
#1706 = DIRECTION('',(-1.,0.));
#1707 = ( GEOMETRIC_REPRESENTATION_CONTEXT(2) 
PARAMETRIC_REPRESENTATION_CONTEXT() REPRESENTATION_CONTEXT('2D SPACE',''
  ) );
#1708 = ORIENTED_EDGE('',*,*,#1709,.F.);
#1709 = EDGE_CURVE('',#1636,#1687,#1710,.T.);
#1710 = SURFACE_CURVE('',#1711,(#1715,#1722),.PCURVE_S1.);
#1711 = LINE('',#1712,#1713);
#1712 = CARTESIAN_POINT('',(1.55,-1.5,0.12));
#1713 = VECTOR('',#1714,1.);
#1714 = DIRECTION('',(-0.,1.,0.));
#1715 = PCURVE('',#1644,#1716);
#1716 = DEFINITIONAL_REPRESENTATION('',(#1717),#1721);
#1717 = LINE('',#1718,#1719);
#1718 = CARTESIAN_POINT('',(-0.12,-0.));
#1719 = VECTOR('',#1720,1.);
#1720 = DIRECTION('',(-0.,-1.));
#1721 = ( GEOMETRIC_REPRESENTATION_CONTEXT(2) 
PARAMETRIC_REPRESENTATION_CONTEXT() REPRESENTATION_CONTEXT('2D SPACE',''
  ) );
#1722 = PCURVE('',#1618,#1723);
#1723 = DEFINITIONAL_REPRESENTATION('',(#1724),#1728);
#1724 = LINE('',#1725,#1726);
#1725 = CARTESIAN_POINT('',(-1.8,0.));
#1726 = VECTOR('',#1727,1.);
#1727 = DIRECTION('',(-0.,1.));
#1728 = ( GEOMETRIC_REPRESENTATION_CONTEXT(2) 
PARAMETRIC_REPRESENTATION_CONTEXT() REPRESENTATION_CONTEXT('2D SPACE',''
  ) );
#1729 = ADVANCED_FACE('',(#1730),#1536,.F.);
#1730 = FACE_BOUND('',#1731,.T.);
#1731 = EDGE_LOOP('',(#1732,#1753,#1754,#1775));
#1732 = ORIENTED_EDGE('',*,*,#1733,.F.);
#1733 = EDGE_CURVE('',#1514,#1634,#1734,.T.);
#1734 = SURFACE_CURVE('',#1735,(#1739,#1746),.PCURVE_S1.);
#1735 = LINE('',#1736,#1737);
#1736 = CARTESIAN_POINT('',(3.35,-1.5,0.));
#1737 = VECTOR('',#1738,1.);
#1738 = DIRECTION('',(-1.,-0.,0.));
#1739 = PCURVE('',#1536,#1740);
#1740 = DEFINITIONAL_REPRESENTATION('',(#1741),#1745);
#1741 = LINE('',#1742,#1743);
#1742 = CARTESIAN_POINT('',(-0.,-0.));
#1743 = VECTOR('',#1744,1.);
#1744 = DIRECTION('',(-0.,1.));
#1745 = ( GEOMETRIC_REPRESENTATION_CONTEXT(2) 
PARAMETRIC_REPRESENTATION_CONTEXT() REPRESENTATION_CONTEXT('2D SPACE',''
  ) );
#1746 = PCURVE('',#1564,#1747);
#1747 = DEFINITIONAL_REPRESENTATION('',(#1748),#1752);
#1748 = LINE('',#1749,#1750);
#1749 = CARTESIAN_POINT('',(0.,-0.));
#1750 = VECTOR('',#1751,1.);
#1751 = DIRECTION('',(-1.,0.));
#1752 = ( GEOMETRIC_REPRESENTATION_CONTEXT(2) 
PARAMETRIC_REPRESENTATION_CONTEXT() REPRESENTATION_CONTEXT('2D SPACE',''
  ) );
#1753 = ORIENTED_EDGE('',*,*,#1513,.T.);
#1754 = ORIENTED_EDGE('',*,*,#1755,.T.);
#1755 = EDGE_CURVE('',#1516,#1636,#1756,.T.);
#1756 = SURFACE_CURVE('',#1757,(#1761,#1768),.PCURVE_S1.);
#1757 = LINE('',#1758,#1759);
#1758 = CARTESIAN_POINT('',(3.35,-1.5,0.12));
#1759 = VECTOR('',#1760,1.);
#1760 = DIRECTION('',(-1.,-0.,0.));
#1761 = PCURVE('',#1536,#1762);
#1762 = DEFINITIONAL_REPRESENTATION('',(#1763),#1767);
#1763 = LINE('',#1764,#1765);
#1764 = CARTESIAN_POINT('',(-0.12,-0.));
#1765 = VECTOR('',#1766,1.);
#1766 = DIRECTION('',(-0.,1.));
#1767 = ( GEOMETRIC_REPRESENTATION_CONTEXT(2) 
PARAMETRIC_REPRESENTATION_CONTEXT() REPRESENTATION_CONTEXT('2D SPACE',''
  ) );
#1768 = PCURVE('',#1618,#1769);
#1769 = DEFINITIONAL_REPRESENTATION('',(#1770),#1774);
#1770 = LINE('',#1771,#1772);
#1771 = CARTESIAN_POINT('',(0.,-0.));
#1772 = VECTOR('',#1773,1.);
#1773 = DIRECTION('',(-1.,0.));
#1774 = ( GEOMETRIC_REPRESENTATION_CONTEXT(2) 
PARAMETRIC_REPRESENTATION_CONTEXT() REPRESENTATION_CONTEXT('2D SPACE',''
  ) );
#1775 = ORIENTED_EDGE('',*,*,#1633,.F.);
#1776 = ADVANCED_FACE('',(#1777),#1592,.T.);
#1777 = FACE_BOUND('',#1778,.F.);
#1778 = EDGE_LOOP('',(#1779,#1800,#1801,#1822));
#1779 = ORIENTED_EDGE('',*,*,#1780,.F.);
#1780 = EDGE_CURVE('',#1549,#1664,#1781,.T.);
#1781 = SURFACE_CURVE('',#1782,(#1786,#1793),.PCURVE_S1.);
#1782 = LINE('',#1783,#1784);
#1783 = CARTESIAN_POINT('',(3.35,1.5,0.));
#1784 = VECTOR('',#1785,1.);
#1785 = DIRECTION('',(-1.,-0.,0.));
#1786 = PCURVE('',#1592,#1787);
#1787 = DEFINITIONAL_REPRESENTATION('',(#1788),#1792);
#1788 = LINE('',#1789,#1790);
#1789 = CARTESIAN_POINT('',(-0.,-0.));
#1790 = VECTOR('',#1791,1.);
#1791 = DIRECTION('',(-0.,1.));
#1792 = ( GEOMETRIC_REPRESENTATION_CONTEXT(2) 
PARAMETRIC_REPRESENTATION_CONTEXT() REPRESENTATION_CONTEXT('2D SPACE',''
  ) );
#1793 = PCURVE('',#1564,#1794);
#1794 = DEFINITIONAL_REPRESENTATION('',(#1795),#1799);
#1795 = LINE('',#1796,#1797);
#1796 = CARTESIAN_POINT('',(0.,3.));
#1797 = VECTOR('',#1798,1.);
#1798 = DIRECTION('',(-1.,0.));
#1799 = ( GEOMETRIC_REPRESENTATION_CONTEXT(2) 
PARAMETRIC_REPRESENTATION_CONTEXT() REPRESENTATION_CONTEXT('2D SPACE',''
  ) );
#1800 = ORIENTED_EDGE('',*,*,#1576,.T.);
#1801 = ORIENTED_EDGE('',*,*,#1802,.T.);
#1802 = EDGE_CURVE('',#1577,#1687,#1803,.T.);
#1803 = SURFACE_CURVE('',#1804,(#1808,#1815),.PCURVE_S1.);
#1804 = LINE('',#1805,#1806);
#1805 = CARTESIAN_POINT('',(3.35,1.5,0.12));
#1806 = VECTOR('',#1807,1.);
#1807 = DIRECTION('',(-1.,-0.,0.));
#1808 = PCURVE('',#1592,#1809);
#1809 = DEFINITIONAL_REPRESENTATION('',(#1810),#1814);
#1810 = LINE('',#1811,#1812);
#1811 = CARTESIAN_POINT('',(-0.12,-0.));
#1812 = VECTOR('',#1813,1.);
#1813 = DIRECTION('',(-0.,1.));
#1814 = ( GEOMETRIC_REPRESENTATION_CONTEXT(2) 
PARAMETRIC_REPRESENTATION_CONTEXT() REPRESENTATION_CONTEXT('2D SPACE',''
  ) );
#1815 = PCURVE('',#1618,#1816);
#1816 = DEFINITIONAL_REPRESENTATION('',(#1817),#1821);
#1817 = LINE('',#1818,#1819);
#1818 = CARTESIAN_POINT('',(0.,3.));
#1819 = VECTOR('',#1820,1.);
#1820 = DIRECTION('',(-1.,0.));
#1821 = ( GEOMETRIC_REPRESENTATION_CONTEXT(2) 
PARAMETRIC_REPRESENTATION_CONTEXT() REPRESENTATION_CONTEXT('2D SPACE',''
  ) );
#1822 = ORIENTED_EDGE('',*,*,#1686,.F.);
#1823 = ADVANCED_FACE('',(#1824),#1564,.F.);
#1824 = FACE_BOUND('',#1825,.T.);
#1825 = EDGE_LOOP('',(#1826,#1827,#1828,#1829));
#1826 = ORIENTED_EDGE('',*,*,#1548,.F.);
#1827 = ORIENTED_EDGE('',*,*,#1733,.T.);
#1828 = ORIENTED_EDGE('',*,*,#1663,.T.);
#1829 = ORIENTED_EDGE('',*,*,#1780,.F.);
#1830 = ADVANCED_FACE('',(#1831),#1618,.T.);
#1831 = FACE_BOUND('',#1832,.F.);
#1832 = EDGE_LOOP('',(#1833,#1834,#1835,#1836));
#1833 = ORIENTED_EDGE('',*,*,#1604,.F.);
#1834 = ORIENTED_EDGE('',*,*,#1755,.T.);
#1835 = ORIENTED_EDGE('',*,*,#1709,.T.);
#1836 = ORIENTED_EDGE('',*,*,#1802,.F.);
#1837 = ( GEOMETRIC_REPRESENTATION_CONTEXT(3) 
GLOBAL_UNCERTAINTY_ASSIGNED_CONTEXT((#1841)) 
GLOBAL_UNIT_ASSIGNED_CONTEXT((#1838,#1839,#1840)) REPRESENTATION_CONTEXT
('Context #1','3D Context with UNIT and UNCERTAINTY') );
#1838 = ( LENGTH_UNIT() NAMED_UNIT(*) SI_UNIT(.MILLI.,.METRE.) );
#1839 = ( NAMED_UNIT(*) PLANE_ANGLE_UNIT() SI_UNIT($,.RADIAN.) );
#1840 = ( NAMED_UNIT(*) SI_UNIT($,.STERADIAN.) SOLID_ANGLE_UNIT() );
#1841 = UNCERTAINTY_MEASURE_WITH_UNIT(LENGTH_MEASURE(1.E-07),#1838,
  'distance_accuracy_value','confusion accuracy');
#1842 = CONTEXT_DEPENDENT_SHAPE_REPRESENTATION(#1843,#1845);
#1843 = ( REPRESENTATION_RELATIONSHIP('','',#1506,#10) 
REPRESENTATION_RELATIONSHIP_WITH_TRANSFORMATION(#1844) 
SHAPE_REPRESENTATION_RELATIONSHIP() );
#1844 = ITEM_DEFINED_TRANSFORMATION('','',#11,#23);
#1845 = PRODUCT_DEFINITION_SHAPE('Placement','Placement of an item',
  #1846);
#1846 = NEXT_ASSEMBLY_USAGE_OCCURRENCE('18','terminal_2','',#5,#1501,$);
#1847 = PRODUCT_RELATED_PRODUCT_CATEGORY('part',$,(#1503));
#1848 = SHAPE_DEFINITION_REPRESENTATION(#1849,#1855);
#1849 = PRODUCT_DEFINITION_SHAPE('','',#1850);
#1850 = PRODUCT_DEFINITION('design','',#1851,#1854);
#1851 = PRODUCT_DEFINITION_FORMATION('','',#1852);
#1852 = PRODUCT('top_marking','top_marking','',(#1853));
#1853 = PRODUCT_CONTEXT('',#2,'mechanical');
#1854 = PRODUCT_DEFINITION_CONTEXT('part definition',#2,'design');
#1855 = SHAPE_REPRESENTATION('',(#11,#1856,#3626,#5786),#7556);
#1856 = MANIFOLD_SOLID_BREP('',#1857);
#1857 = CLOSED_SHELL('',(#1858,#1980,#2056,#2134,#2212,#2290,#2368,#2446
    ,#2524,#2602,#2680,#2758,#2834,#2912,#2990,#3068,#3146,#3224,#3302,
    #3380,#3458,#3529,#3576,#3601));
#1858 = ADVANCED_FACE('',(#1859),#1873,.T.);
#1859 = FACE_BOUND('',#1860,.T.);
#1860 = EDGE_LOOP('',(#1861,#1898,#1926,#1954));
#1861 = ORIENTED_EDGE('',*,*,#1862,.T.);
#1862 = EDGE_CURVE('',#1863,#1865,#1867,.T.);
#1863 = VERTEX_POINT('',#1864);
#1864 = CARTESIAN_POINT('',(-1.363038574219,-0.438104003906,4.79));
#1865 = VERTEX_POINT('',#1866);
#1866 = CARTESIAN_POINT('',(-1.363038574219,-0.438104003906,4.83));
#1867 = SURFACE_CURVE('',#1868,(#1872,#1884),.PCURVE_S1.);
#1868 = LINE('',#1869,#1870);
#1869 = CARTESIAN_POINT('',(-1.363038574219,-0.438104003906,4.79));
#1870 = VECTOR('',#1871,1.);
#1871 = DIRECTION('',(0.,0.,1.));
#1872 = PCURVE('',#1873,#1878);
#1873 = PLANE('',#1874);
#1874 = AXIS2_PLACEMENT_3D('',#1875,#1876,#1877);
#1875 = CARTESIAN_POINT('',(-1.363038574219,-0.438104003906,4.79));
#1876 = DIRECTION('',(0.,1.,0.));
#1877 = DIRECTION('',(1.,0.,0.));
#1878 = DEFINITIONAL_REPRESENTATION('',(#1879),#1883);
#1879 = LINE('',#1880,#1881);
#1880 = CARTESIAN_POINT('',(0.,0.));
#1881 = VECTOR('',#1882,1.);
#1882 = DIRECTION('',(0.,-1.));
#1883 = ( GEOMETRIC_REPRESENTATION_CONTEXT(2) 
PARAMETRIC_REPRESENTATION_CONTEXT() REPRESENTATION_CONTEXT('2D SPACE',''
  ) );
#1884 = PCURVE('',#1885,#1892);
#1885 = SURFACE_OF_LINEAR_EXTRUSION('',#1886,#1890);
#1886 = B_SPLINE_CURVE_WITH_KNOTS('',2,(#1887,#1888,#1889),
  .UNSPECIFIED.,.F.,.F.,(3,3),(0.,1.),.PIECEWISE_BEZIER_KNOTS.);
#1887 = CARTESIAN_POINT('',(-1.296909667969,-0.353267578125,4.79));
#1888 = CARTESIAN_POINT('',(-1.336935058594,-0.395468261719,4.79));
#1889 = CARTESIAN_POINT('',(-1.363038574219,-0.438104003906,4.79));
#1890 = VECTOR('',#1891,1.);
#1891 = DIRECTION('',(-0.,-0.,-1.));
#1892 = DEFINITIONAL_REPRESENTATION('',(#1893),#1897);
#1893 = LINE('',#1894,#1895);
#1894 = CARTESIAN_POINT('',(1.,0.));
#1895 = VECTOR('',#1896,1.);
#1896 = DIRECTION('',(0.,-1.));
#1897 = ( GEOMETRIC_REPRESENTATION_CONTEXT(2) 
PARAMETRIC_REPRESENTATION_CONTEXT() REPRESENTATION_CONTEXT('2D SPACE',''
  ) );
#1898 = ORIENTED_EDGE('',*,*,#1899,.T.);
#1899 = EDGE_CURVE('',#1865,#1900,#1902,.T.);
#1900 = VERTEX_POINT('',#1901);
#1901 = CARTESIAN_POINT('',(-0.737424316406,-0.438104003906,4.83));
#1902 = SURFACE_CURVE('',#1903,(#1907,#1914),.PCURVE_S1.);
#1903 = LINE('',#1904,#1905);
#1904 = CARTESIAN_POINT('',(-1.363038574219,-0.438104003906,4.83));
#1905 = VECTOR('',#1906,1.);
#1906 = DIRECTION('',(1.,0.,0.));
#1907 = PCURVE('',#1873,#1908);
#1908 = DEFINITIONAL_REPRESENTATION('',(#1909),#1913);
#1909 = LINE('',#1910,#1911);
#1910 = CARTESIAN_POINT('',(0.,-4.E-02));
#1911 = VECTOR('',#1912,1.);
#1912 = DIRECTION('',(1.,0.));
#1913 = ( GEOMETRIC_REPRESENTATION_CONTEXT(2) 
PARAMETRIC_REPRESENTATION_CONTEXT() REPRESENTATION_CONTEXT('2D SPACE',''
  ) );
#1914 = PCURVE('',#1915,#1920);
#1915 = PLANE('',#1916);
#1916 = AXIS2_PLACEMENT_3D('',#1917,#1918,#1919);
#1917 = CARTESIAN_POINT('',(-1.634515136719,-0.588634277344,4.83));
#1918 = DIRECTION('',(0.,0.,1.));
#1919 = DIRECTION('',(1.,0.,0.));
#1920 = DEFINITIONAL_REPRESENTATION('',(#1921),#1925);
#1921 = LINE('',#1922,#1923);
#1922 = CARTESIAN_POINT('',(0.2714765625,0.150530273438));
#1923 = VECTOR('',#1924,1.);
#1924 = DIRECTION('',(1.,0.));
#1925 = ( GEOMETRIC_REPRESENTATION_CONTEXT(2) 
PARAMETRIC_REPRESENTATION_CONTEXT() REPRESENTATION_CONTEXT('2D SPACE',''
  ) );
#1926 = ORIENTED_EDGE('',*,*,#1927,.F.);
#1927 = EDGE_CURVE('',#1928,#1900,#1930,.T.);
#1928 = VERTEX_POINT('',#1929);
#1929 = CARTESIAN_POINT('',(-0.737424316406,-0.438104003906,4.79));
#1930 = SURFACE_CURVE('',#1931,(#1935,#1942),.PCURVE_S1.);
#1931 = LINE('',#1932,#1933);
#1932 = CARTESIAN_POINT('',(-0.737424316406,-0.438104003906,4.79));
#1933 = VECTOR('',#1934,1.);
#1934 = DIRECTION('',(0.,0.,1.));
#1935 = PCURVE('',#1873,#1936);
#1936 = DEFINITIONAL_REPRESENTATION('',(#1937),#1941);
#1937 = LINE('',#1938,#1939);
#1938 = CARTESIAN_POINT('',(0.625614257812,0.));
#1939 = VECTOR('',#1940,1.);
#1940 = DIRECTION('',(0.,-1.));
#1941 = ( GEOMETRIC_REPRESENTATION_CONTEXT(2) 
PARAMETRIC_REPRESENTATION_CONTEXT() REPRESENTATION_CONTEXT('2D SPACE',''
  ) );
#1942 = PCURVE('',#1943,#1948);
#1943 = PLANE('',#1944);
#1944 = AXIS2_PLACEMENT_3D('',#1945,#1946,#1947);
#1945 = CARTESIAN_POINT('',(-0.737424316406,-0.438104003906,4.79));
#1946 = DIRECTION('',(1.,0.,0.));
#1947 = DIRECTION('',(0.,-1.,0.));
#1948 = DEFINITIONAL_REPRESENTATION('',(#1949),#1953);
#1949 = LINE('',#1950,#1951);
#1950 = CARTESIAN_POINT('',(0.,0.));
#1951 = VECTOR('',#1952,1.);
#1952 = DIRECTION('',(0.,-1.));
#1953 = ( GEOMETRIC_REPRESENTATION_CONTEXT(2) 
PARAMETRIC_REPRESENTATION_CONTEXT() REPRESENTATION_CONTEXT('2D SPACE',''
  ) );
#1954 = ORIENTED_EDGE('',*,*,#1955,.F.);
#1955 = EDGE_CURVE('',#1863,#1928,#1956,.T.);
#1956 = SURFACE_CURVE('',#1957,(#1961,#1968),.PCURVE_S1.);
#1957 = LINE('',#1958,#1959);
#1958 = CARTESIAN_POINT('',(-1.363038574219,-0.438104003906,4.79));
#1959 = VECTOR('',#1960,1.);
#1960 = DIRECTION('',(1.,0.,0.));
#1961 = PCURVE('',#1873,#1962);
#1962 = DEFINITIONAL_REPRESENTATION('',(#1963),#1967);
#1963 = LINE('',#1964,#1965);
#1964 = CARTESIAN_POINT('',(0.,0.));
#1965 = VECTOR('',#1966,1.);
#1966 = DIRECTION('',(1.,0.));
#1967 = ( GEOMETRIC_REPRESENTATION_CONTEXT(2) 
PARAMETRIC_REPRESENTATION_CONTEXT() REPRESENTATION_CONTEXT('2D SPACE',''
  ) );
#1968 = PCURVE('',#1969,#1974);
#1969 = PLANE('',#1970);
#1970 = AXIS2_PLACEMENT_3D('',#1971,#1972,#1973);
#1971 = CARTESIAN_POINT('',(-1.634515136719,-0.588634277344,4.79));
#1972 = DIRECTION('',(0.,0.,1.));
#1973 = DIRECTION('',(1.,0.,0.));
#1974 = DEFINITIONAL_REPRESENTATION('',(#1975),#1979);
#1975 = LINE('',#1976,#1977);
#1976 = CARTESIAN_POINT('',(0.2714765625,0.150530273438));
#1977 = VECTOR('',#1978,1.);
#1978 = DIRECTION('',(1.,0.));
#1979 = ( GEOMETRIC_REPRESENTATION_CONTEXT(2) 
PARAMETRIC_REPRESENTATION_CONTEXT() REPRESENTATION_CONTEXT('2D SPACE',''
  ) );
#1980 = ADVANCED_FACE('',(#1981),#1943,.T.);
#1981 = FACE_BOUND('',#1982,.T.);
#1982 = EDGE_LOOP('',(#1983,#1984,#2007,#2035));
#1983 = ORIENTED_EDGE('',*,*,#1927,.T.);
#1984 = ORIENTED_EDGE('',*,*,#1985,.T.);
#1985 = EDGE_CURVE('',#1900,#1986,#1988,.T.);
#1986 = VERTEX_POINT('',#1987);
#1987 = CARTESIAN_POINT('',(-0.737424316406,-0.588634277344,4.83));
#1988 = SURFACE_CURVE('',#1989,(#1993,#2000),.PCURVE_S1.);
#1989 = LINE('',#1990,#1991);
#1990 = CARTESIAN_POINT('',(-0.737424316406,-0.438104003906,4.83));
#1991 = VECTOR('',#1992,1.);
#1992 = DIRECTION('',(0.,-1.,0.));
#1993 = PCURVE('',#1943,#1994);
#1994 = DEFINITIONAL_REPRESENTATION('',(#1995),#1999);
#1995 = LINE('',#1996,#1997);
#1996 = CARTESIAN_POINT('',(0.,-4.E-02));
#1997 = VECTOR('',#1998,1.);
#1998 = DIRECTION('',(1.,0.));
#1999 = ( GEOMETRIC_REPRESENTATION_CONTEXT(2) 
PARAMETRIC_REPRESENTATION_CONTEXT() REPRESENTATION_CONTEXT('2D SPACE',''
  ) );
#2000 = PCURVE('',#1915,#2001);
#2001 = DEFINITIONAL_REPRESENTATION('',(#2002),#2006);
#2002 = LINE('',#2003,#2004);
#2003 = CARTESIAN_POINT('',(0.897090820312,0.150530273438));
#2004 = VECTOR('',#2005,1.);
#2005 = DIRECTION('',(0.,-1.));
#2006 = ( GEOMETRIC_REPRESENTATION_CONTEXT(2) 
PARAMETRIC_REPRESENTATION_CONTEXT() REPRESENTATION_CONTEXT('2D SPACE',''
  ) );
#2007 = ORIENTED_EDGE('',*,*,#2008,.F.);
#2008 = EDGE_CURVE('',#2009,#1986,#2011,.T.);
#2009 = VERTEX_POINT('',#2010);
#2010 = CARTESIAN_POINT('',(-0.737424316406,-0.588634277344,4.79));
#2011 = SURFACE_CURVE('',#2012,(#2016,#2023),.PCURVE_S1.);
#2012 = LINE('',#2013,#2014);
#2013 = CARTESIAN_POINT('',(-0.737424316406,-0.588634277344,4.79));
#2014 = VECTOR('',#2015,1.);
#2015 = DIRECTION('',(0.,0.,1.));
#2016 = PCURVE('',#1943,#2017);
#2017 = DEFINITIONAL_REPRESENTATION('',(#2018),#2022);
#2018 = LINE('',#2019,#2020);
#2019 = CARTESIAN_POINT('',(0.150530273438,0.));
#2020 = VECTOR('',#2021,1.);
#2021 = DIRECTION('',(0.,-1.));
#2022 = ( GEOMETRIC_REPRESENTATION_CONTEXT(2) 
PARAMETRIC_REPRESENTATION_CONTEXT() REPRESENTATION_CONTEXT('2D SPACE',''
  ) );
#2023 = PCURVE('',#2024,#2029);
#2024 = PLANE('',#2025);
#2025 = AXIS2_PLACEMENT_3D('',#2026,#2027,#2028);
#2026 = CARTESIAN_POINT('',(-0.737424316406,-0.588634277344,4.79));
#2027 = DIRECTION('',(0.,-1.,0.));
#2028 = DIRECTION('',(-1.,0.,0.));
#2029 = DEFINITIONAL_REPRESENTATION('',(#2030),#2034);
#2030 = LINE('',#2031,#2032);
#2031 = CARTESIAN_POINT('',(0.,-0.));
#2032 = VECTOR('',#2033,1.);
#2033 = DIRECTION('',(0.,-1.));
#2034 = ( GEOMETRIC_REPRESENTATION_CONTEXT(2) 
PARAMETRIC_REPRESENTATION_CONTEXT() REPRESENTATION_CONTEXT('2D SPACE',''
  ) );
#2035 = ORIENTED_EDGE('',*,*,#2036,.F.);
#2036 = EDGE_CURVE('',#1928,#2009,#2037,.T.);
#2037 = SURFACE_CURVE('',#2038,(#2042,#2049),.PCURVE_S1.);
#2038 = LINE('',#2039,#2040);
#2039 = CARTESIAN_POINT('',(-0.737424316406,-0.438104003906,4.79));
#2040 = VECTOR('',#2041,1.);
#2041 = DIRECTION('',(0.,-1.,0.));
#2042 = PCURVE('',#1943,#2043);
#2043 = DEFINITIONAL_REPRESENTATION('',(#2044),#2048);
#2044 = LINE('',#2045,#2046);
#2045 = CARTESIAN_POINT('',(0.,0.));
#2046 = VECTOR('',#2047,1.);
#2047 = DIRECTION('',(1.,0.));
#2048 = ( GEOMETRIC_REPRESENTATION_CONTEXT(2) 
PARAMETRIC_REPRESENTATION_CONTEXT() REPRESENTATION_CONTEXT('2D SPACE',''
  ) );
#2049 = PCURVE('',#1969,#2050);
#2050 = DEFINITIONAL_REPRESENTATION('',(#2051),#2055);
#2051 = LINE('',#2052,#2053);
#2052 = CARTESIAN_POINT('',(0.897090820312,0.150530273438));
#2053 = VECTOR('',#2054,1.);
#2054 = DIRECTION('',(0.,-1.));
#2055 = ( GEOMETRIC_REPRESENTATION_CONTEXT(2) 
PARAMETRIC_REPRESENTATION_CONTEXT() REPRESENTATION_CONTEXT('2D SPACE',''
  ) );
#2056 = ADVANCED_FACE('',(#2057),#2024,.T.);
#2057 = FACE_BOUND('',#2058,.T.);
#2058 = EDGE_LOOP('',(#2059,#2060,#2083,#2113));
#2059 = ORIENTED_EDGE('',*,*,#2008,.T.);
#2060 = ORIENTED_EDGE('',*,*,#2061,.T.);
#2061 = EDGE_CURVE('',#1986,#2062,#2064,.T.);
#2062 = VERTEX_POINT('',#2063);
#2063 = CARTESIAN_POINT('',(-1.580567871094,-0.588634277344,4.83));
#2064 = SURFACE_CURVE('',#2065,(#2069,#2076),.PCURVE_S1.);
#2065 = LINE('',#2066,#2067);
#2066 = CARTESIAN_POINT('',(-0.737424316406,-0.588634277344,4.83));
#2067 = VECTOR('',#2068,1.);
#2068 = DIRECTION('',(-1.,0.,0.));
#2069 = PCURVE('',#2024,#2070);
#2070 = DEFINITIONAL_REPRESENTATION('',(#2071),#2075);
#2071 = LINE('',#2072,#2073);
#2072 = CARTESIAN_POINT('',(0.,-4.E-02));
#2073 = VECTOR('',#2074,1.);
#2074 = DIRECTION('',(1.,0.));
#2075 = ( GEOMETRIC_REPRESENTATION_CONTEXT(2) 
PARAMETRIC_REPRESENTATION_CONTEXT() REPRESENTATION_CONTEXT('2D SPACE',''
  ) );
#2076 = PCURVE('',#1915,#2077);
#2077 = DEFINITIONAL_REPRESENTATION('',(#2078),#2082);
#2078 = LINE('',#2079,#2080);
#2079 = CARTESIAN_POINT('',(0.897090820312,0.));
#2080 = VECTOR('',#2081,1.);
#2081 = DIRECTION('',(-1.,0.));
#2082 = ( GEOMETRIC_REPRESENTATION_CONTEXT(2) 
PARAMETRIC_REPRESENTATION_CONTEXT() REPRESENTATION_CONTEXT('2D SPACE',''
  ) );
#2083 = ORIENTED_EDGE('',*,*,#2084,.F.);
#2084 = EDGE_CURVE('',#2085,#2062,#2087,.T.);
#2085 = VERTEX_POINT('',#2086);
#2086 = CARTESIAN_POINT('',(-1.580567871094,-0.588634277344,4.79));
#2087 = SURFACE_CURVE('',#2088,(#2092,#2099),.PCURVE_S1.);
#2088 = LINE('',#2089,#2090);
#2089 = CARTESIAN_POINT('',(-1.580567871094,-0.588634277344,4.79));
#2090 = VECTOR('',#2091,1.);
#2091 = DIRECTION('',(0.,0.,1.));
#2092 = PCURVE('',#2024,#2093);
#2093 = DEFINITIONAL_REPRESENTATION('',(#2094),#2098);
#2094 = LINE('',#2095,#2096);
#2095 = CARTESIAN_POINT('',(0.843143554688,0.));
#2096 = VECTOR('',#2097,1.);
#2097 = DIRECTION('',(0.,-1.));
#2098 = ( GEOMETRIC_REPRESENTATION_CONTEXT(2) 
PARAMETRIC_REPRESENTATION_CONTEXT() REPRESENTATION_CONTEXT('2D SPACE',''
  ) );
#2099 = PCURVE('',#2100,#2107);
#2100 = SURFACE_OF_LINEAR_EXTRUSION('',#2101,#2105);
#2101 = B_SPLINE_CURVE_WITH_KNOTS('',2,(#2102,#2103,#2104),
  .UNSPECIFIED.,.F.,.F.,(3,3),(0.,1.),.PIECEWISE_BEZIER_KNOTS.);
#2102 = CARTESIAN_POINT('',(-1.580567871094,-0.588634277344,4.79));
#2103 = CARTESIAN_POINT('',(-1.582308105469,-0.532076660156,4.79));
#2104 = CARTESIAN_POINT('',(-1.562295410156,-0.479869628906,4.79));
#2105 = VECTOR('',#2106,1.);
#2106 = DIRECTION('',(-0.,-0.,-1.));
#2107 = DEFINITIONAL_REPRESENTATION('',(#2108),#2112);
#2108 = LINE('',#2109,#2110);
#2109 = CARTESIAN_POINT('',(0.,0.));
#2110 = VECTOR('',#2111,1.);
#2111 = DIRECTION('',(0.,-1.));
#2112 = ( GEOMETRIC_REPRESENTATION_CONTEXT(2) 
PARAMETRIC_REPRESENTATION_CONTEXT() REPRESENTATION_CONTEXT('2D SPACE',''
  ) );
#2113 = ORIENTED_EDGE('',*,*,#2114,.F.);
#2114 = EDGE_CURVE('',#2009,#2085,#2115,.T.);
#2115 = SURFACE_CURVE('',#2116,(#2120,#2127),.PCURVE_S1.);
#2116 = LINE('',#2117,#2118);
#2117 = CARTESIAN_POINT('',(-0.737424316406,-0.588634277344,4.79));
#2118 = VECTOR('',#2119,1.);
#2119 = DIRECTION('',(-1.,0.,0.));
#2120 = PCURVE('',#2024,#2121);
#2121 = DEFINITIONAL_REPRESENTATION('',(#2122),#2126);
#2122 = LINE('',#2123,#2124);
#2123 = CARTESIAN_POINT('',(0.,-0.));
#2124 = VECTOR('',#2125,1.);
#2125 = DIRECTION('',(1.,0.));
#2126 = ( GEOMETRIC_REPRESENTATION_CONTEXT(2) 
PARAMETRIC_REPRESENTATION_CONTEXT() REPRESENTATION_CONTEXT('2D SPACE',''
  ) );
#2127 = PCURVE('',#1969,#2128);
#2128 = DEFINITIONAL_REPRESENTATION('',(#2129),#2133);
#2129 = LINE('',#2130,#2131);
#2130 = CARTESIAN_POINT('',(0.897090820312,0.));
#2131 = VECTOR('',#2132,1.);
#2132 = DIRECTION('',(-1.,0.));
#2133 = ( GEOMETRIC_REPRESENTATION_CONTEXT(2) 
PARAMETRIC_REPRESENTATION_CONTEXT() REPRESENTATION_CONTEXT('2D SPACE',''
  ) );
#2134 = ADVANCED_FACE('',(#2135),#2100,.T.);
#2135 = FACE_BOUND('',#2136,.T.);
#2136 = EDGE_LOOP('',(#2137,#2138,#2161,#2191));
#2137 = ORIENTED_EDGE('',*,*,#2084,.T.);
#2138 = ORIENTED_EDGE('',*,*,#2139,.T.);
#2139 = EDGE_CURVE('',#2062,#2140,#2142,.T.);
#2140 = VERTEX_POINT('',#2141);
#2141 = CARTESIAN_POINT('',(-1.562295410156,-0.479869628906,4.83));
#2142 = SURFACE_CURVE('',#2143,(#2147,#2154),.PCURVE_S1.);
#2143 = B_SPLINE_CURVE_WITH_KNOTS('',2,(#2144,#2145,#2146),
  .UNSPECIFIED.,.F.,.F.,(3,3),(0.,1.),.PIECEWISE_BEZIER_KNOTS.);
#2144 = CARTESIAN_POINT('',(-1.580567871094,-0.588634277344,4.83));
#2145 = CARTESIAN_POINT('',(-1.582308105469,-0.532076660156,4.83));
#2146 = CARTESIAN_POINT('',(-1.562295410156,-0.479869628906,4.83));
#2147 = PCURVE('',#2100,#2148);
#2148 = DEFINITIONAL_REPRESENTATION('',(#2149),#2153);
#2149 = LINE('',#2150,#2151);
#2150 = CARTESIAN_POINT('',(0.,-4.E-02));
#2151 = VECTOR('',#2152,1.);
#2152 = DIRECTION('',(1.,0.));
#2153 = ( GEOMETRIC_REPRESENTATION_CONTEXT(2) 
PARAMETRIC_REPRESENTATION_CONTEXT() REPRESENTATION_CONTEXT('2D SPACE',''
  ) );
#2154 = PCURVE('',#1915,#2155);
#2155 = DEFINITIONAL_REPRESENTATION('',(#2156),#2160);
#2156 = B_SPLINE_CURVE_WITH_KNOTS('',2,(#2157,#2158,#2159),
  .UNSPECIFIED.,.F.,.F.,(3,3),(0.,1.),.PIECEWISE_BEZIER_KNOTS.);
#2157 = CARTESIAN_POINT('',(5.3947265625E-02,0.));
#2158 = CARTESIAN_POINT('',(5.220703125E-02,5.65576171875E-02));
#2159 = CARTESIAN_POINT('',(7.22197265625E-02,0.108764648438));
#2160 = ( GEOMETRIC_REPRESENTATION_CONTEXT(2) 
PARAMETRIC_REPRESENTATION_CONTEXT() REPRESENTATION_CONTEXT('2D SPACE',''
  ) );
#2161 = ORIENTED_EDGE('',*,*,#2162,.F.);
#2162 = EDGE_CURVE('',#2163,#2140,#2165,.T.);
#2163 = VERTEX_POINT('',#2164);
#2164 = CARTESIAN_POINT('',(-1.562295410156,-0.479869628906,4.79));
#2165 = SURFACE_CURVE('',#2166,(#2170,#2177),.PCURVE_S1.);
#2166 = LINE('',#2167,#2168);
#2167 = CARTESIAN_POINT('',(-1.562295410156,-0.479869628906,4.79));
#2168 = VECTOR('',#2169,1.);
#2169 = DIRECTION('',(0.,0.,1.));
#2170 = PCURVE('',#2100,#2171);
#2171 = DEFINITIONAL_REPRESENTATION('',(#2172),#2176);
#2172 = LINE('',#2173,#2174);
#2173 = CARTESIAN_POINT('',(1.,0.));
#2174 = VECTOR('',#2175,1.);
#2175 = DIRECTION('',(0.,-1.));
#2176 = ( GEOMETRIC_REPRESENTATION_CONTEXT(2) 
PARAMETRIC_REPRESENTATION_CONTEXT() REPRESENTATION_CONTEXT('2D SPACE',''
  ) );
#2177 = PCURVE('',#2178,#2185);
#2178 = SURFACE_OF_LINEAR_EXTRUSION('',#2179,#2183);
#2179 = B_SPLINE_CURVE_WITH_KNOTS('',2,(#2180,#2181,#2182),
  .UNSPECIFIED.,.F.,.F.,(3,3),(0.,1.),.PIECEWISE_BEZIER_KNOTS.);
#2180 = CARTESIAN_POINT('',(-1.562295410156,-0.479869628906,4.79));
#2181 = CARTESIAN_POINT('',(-1.530101074219,-0.393728027344,4.79));
#2182 = CARTESIAN_POINT('',(-1.459186523438,-0.310196777344,4.79));
#2183 = VECTOR('',#2184,1.);
#2184 = DIRECTION('',(-0.,-0.,-1.));
#2185 = DEFINITIONAL_REPRESENTATION('',(#2186),#2190);
#2186 = LINE('',#2187,#2188);
#2187 = CARTESIAN_POINT('',(0.,0.));
#2188 = VECTOR('',#2189,1.);
#2189 = DIRECTION('',(0.,-1.));
#2190 = ( GEOMETRIC_REPRESENTATION_CONTEXT(2) 
PARAMETRIC_REPRESENTATION_CONTEXT() REPRESENTATION_CONTEXT('2D SPACE',''
  ) );
#2191 = ORIENTED_EDGE('',*,*,#2192,.F.);
#2192 = EDGE_CURVE('',#2085,#2163,#2193,.T.);
#2193 = SURFACE_CURVE('',#2194,(#2198,#2205),.PCURVE_S1.);
#2194 = B_SPLINE_CURVE_WITH_KNOTS('',2,(#2195,#2196,#2197),
  .UNSPECIFIED.,.F.,.F.,(3,3),(0.,1.),.PIECEWISE_BEZIER_KNOTS.);
#2195 = CARTESIAN_POINT('',(-1.580567871094,-0.588634277344,4.79));
#2196 = CARTESIAN_POINT('',(-1.582308105469,-0.532076660156,4.79));
#2197 = CARTESIAN_POINT('',(-1.562295410156,-0.479869628906,4.79));
#2198 = PCURVE('',#2100,#2199);
#2199 = DEFINITIONAL_REPRESENTATION('',(#2200),#2204);
#2200 = LINE('',#2201,#2202);
#2201 = CARTESIAN_POINT('',(0.,0.));
#2202 = VECTOR('',#2203,1.);
#2203 = DIRECTION('',(1.,0.));
#2204 = ( GEOMETRIC_REPRESENTATION_CONTEXT(2) 
PARAMETRIC_REPRESENTATION_CONTEXT() REPRESENTATION_CONTEXT('2D SPACE',''
  ) );
#2205 = PCURVE('',#1969,#2206);
#2206 = DEFINITIONAL_REPRESENTATION('',(#2207),#2211);
#2207 = B_SPLINE_CURVE_WITH_KNOTS('',2,(#2208,#2209,#2210),
  .UNSPECIFIED.,.F.,.F.,(3,3),(0.,1.),.PIECEWISE_BEZIER_KNOTS.);
#2208 = CARTESIAN_POINT('',(5.3947265625E-02,0.));
#2209 = CARTESIAN_POINT('',(5.220703125E-02,5.65576171875E-02));
#2210 = CARTESIAN_POINT('',(7.22197265625E-02,0.108764648438));
#2211 = ( GEOMETRIC_REPRESENTATION_CONTEXT(2) 
PARAMETRIC_REPRESENTATION_CONTEXT() REPRESENTATION_CONTEXT('2D SPACE',''
  ) );
#2212 = ADVANCED_FACE('',(#2213),#2178,.T.);
#2213 = FACE_BOUND('',#2214,.T.);
#2214 = EDGE_LOOP('',(#2215,#2216,#2239,#2269));
#2215 = ORIENTED_EDGE('',*,*,#2162,.T.);
#2216 = ORIENTED_EDGE('',*,*,#2217,.T.);
#2217 = EDGE_CURVE('',#2140,#2218,#2220,.T.);
#2218 = VERTEX_POINT('',#2219);
#2219 = CARTESIAN_POINT('',(-1.459186523438,-0.310196777344,4.83));
#2220 = SURFACE_CURVE('',#2221,(#2225,#2232),.PCURVE_S1.);
#2221 = B_SPLINE_CURVE_WITH_KNOTS('',2,(#2222,#2223,#2224),
  .UNSPECIFIED.,.F.,.F.,(3,3),(0.,1.),.PIECEWISE_BEZIER_KNOTS.);
#2222 = CARTESIAN_POINT('',(-1.562295410156,-0.479869628906,4.83));
#2223 = CARTESIAN_POINT('',(-1.530101074219,-0.393728027344,4.83));
#2224 = CARTESIAN_POINT('',(-1.459186523438,-0.310196777344,4.83));
#2225 = PCURVE('',#2178,#2226);
#2226 = DEFINITIONAL_REPRESENTATION('',(#2227),#2231);
#2227 = LINE('',#2228,#2229);
#2228 = CARTESIAN_POINT('',(0.,-4.E-02));
#2229 = VECTOR('',#2230,1.);
#2230 = DIRECTION('',(1.,0.));
#2231 = ( GEOMETRIC_REPRESENTATION_CONTEXT(2) 
PARAMETRIC_REPRESENTATION_CONTEXT() REPRESENTATION_CONTEXT('2D SPACE',''
  ) );
#2232 = PCURVE('',#1915,#2233);
#2233 = DEFINITIONAL_REPRESENTATION('',(#2234),#2238);
#2234 = B_SPLINE_CURVE_WITH_KNOTS('',2,(#2235,#2236,#2237),
  .UNSPECIFIED.,.F.,.F.,(3,3),(0.,1.),.PIECEWISE_BEZIER_KNOTS.);
#2235 = CARTESIAN_POINT('',(7.22197265625E-02,0.108764648438));
#2236 = CARTESIAN_POINT('',(0.1044140625,0.19490625));
#2237 = CARTESIAN_POINT('',(0.175328613281,0.2784375));
#2238 = ( GEOMETRIC_REPRESENTATION_CONTEXT(2) 
PARAMETRIC_REPRESENTATION_CONTEXT() REPRESENTATION_CONTEXT('2D SPACE',''
  ) );
#2239 = ORIENTED_EDGE('',*,*,#2240,.F.);
#2240 = EDGE_CURVE('',#2241,#2218,#2243,.T.);
#2241 = VERTEX_POINT('',#2242);
#2242 = CARTESIAN_POINT('',(-1.459186523438,-0.310196777344,4.79));
#2243 = SURFACE_CURVE('',#2244,(#2248,#2255),.PCURVE_S1.);
#2244 = LINE('',#2245,#2246);
#2245 = CARTESIAN_POINT('',(-1.459186523438,-0.310196777344,4.79));
#2246 = VECTOR('',#2247,1.);
#2247 = DIRECTION('',(0.,0.,1.));
#2248 = PCURVE('',#2178,#2249);
#2249 = DEFINITIONAL_REPRESENTATION('',(#2250),#2254);
#2250 = LINE('',#2251,#2252);
#2251 = CARTESIAN_POINT('',(1.,0.));
#2252 = VECTOR('',#2253,1.);
#2253 = DIRECTION('',(0.,-1.));
#2254 = ( GEOMETRIC_REPRESENTATION_CONTEXT(2) 
PARAMETRIC_REPRESENTATION_CONTEXT() REPRESENTATION_CONTEXT('2D SPACE',''
  ) );
#2255 = PCURVE('',#2256,#2263);
#2256 = SURFACE_OF_LINEAR_EXTRUSION('',#2257,#2261);
#2257 = B_SPLINE_CURVE_WITH_KNOTS('',2,(#2258,#2259,#2260),
  .UNSPECIFIED.,.F.,.F.,(3,3),(0.,1.),.PIECEWISE_BEZIER_KNOTS.);
#2258 = CARTESIAN_POINT('',(-1.459186523438,-0.310196777344,4.79));
#2259 = CARTESIAN_POINT('',(-1.388271972656,-0.226665527344,4.79));
#2260 = CARTESIAN_POINT('',(-1.254273925781,-0.117030761719,4.79));
#2261 = VECTOR('',#2262,1.);
#2262 = DIRECTION('',(-0.,-0.,-1.));
#2263 = DEFINITIONAL_REPRESENTATION('',(#2264),#2268);
#2264 = LINE('',#2265,#2266);
#2265 = CARTESIAN_POINT('',(0.,0.));
#2266 = VECTOR('',#2267,1.);
#2267 = DIRECTION('',(0.,-1.));
#2268 = ( GEOMETRIC_REPRESENTATION_CONTEXT(2) 
PARAMETRIC_REPRESENTATION_CONTEXT() REPRESENTATION_CONTEXT('2D SPACE',''
  ) );
#2269 = ORIENTED_EDGE('',*,*,#2270,.F.);
#2270 = EDGE_CURVE('',#2163,#2241,#2271,.T.);
#2271 = SURFACE_CURVE('',#2272,(#2276,#2283),.PCURVE_S1.);
#2272 = B_SPLINE_CURVE_WITH_KNOTS('',2,(#2273,#2274,#2275),
  .UNSPECIFIED.,.F.,.F.,(3,3),(0.,1.),.PIECEWISE_BEZIER_KNOTS.);
#2273 = CARTESIAN_POINT('',(-1.562295410156,-0.479869628906,4.79));
#2274 = CARTESIAN_POINT('',(-1.530101074219,-0.393728027344,4.79));
#2275 = CARTESIAN_POINT('',(-1.459186523438,-0.310196777344,4.79));
#2276 = PCURVE('',#2178,#2277);
#2277 = DEFINITIONAL_REPRESENTATION('',(#2278),#2282);
#2278 = LINE('',#2279,#2280);
#2279 = CARTESIAN_POINT('',(0.,0.));
#2280 = VECTOR('',#2281,1.);
#2281 = DIRECTION('',(1.,0.));
#2282 = ( GEOMETRIC_REPRESENTATION_CONTEXT(2) 
PARAMETRIC_REPRESENTATION_CONTEXT() REPRESENTATION_CONTEXT('2D SPACE',''
  ) );
#2283 = PCURVE('',#1969,#2284);
#2284 = DEFINITIONAL_REPRESENTATION('',(#2285),#2289);
#2285 = B_SPLINE_CURVE_WITH_KNOTS('',2,(#2286,#2287,#2288),
  .UNSPECIFIED.,.F.,.F.,(3,3),(0.,1.),.PIECEWISE_BEZIER_KNOTS.);
#2286 = CARTESIAN_POINT('',(7.22197265625E-02,0.108764648438));
#2287 = CARTESIAN_POINT('',(0.1044140625,0.19490625));
#2288 = CARTESIAN_POINT('',(0.175328613281,0.2784375));
#2289 = ( GEOMETRIC_REPRESENTATION_CONTEXT(2) 
PARAMETRIC_REPRESENTATION_CONTEXT() REPRESENTATION_CONTEXT('2D SPACE',''
  ) );
#2290 = ADVANCED_FACE('',(#2291),#2256,.T.);
#2291 = FACE_BOUND('',#2292,.T.);
#2292 = EDGE_LOOP('',(#2293,#2294,#2317,#2347));
#2293 = ORIENTED_EDGE('',*,*,#2240,.T.);
#2294 = ORIENTED_EDGE('',*,*,#2295,.T.);
#2295 = EDGE_CURVE('',#2218,#2296,#2298,.T.);
#2296 = VERTEX_POINT('',#2297);
#2297 = CARTESIAN_POINT('',(-1.254273925781,-0.117030761719,4.83));
#2298 = SURFACE_CURVE('',#2299,(#2303,#2310),.PCURVE_S1.);
#2299 = B_SPLINE_CURVE_WITH_KNOTS('',2,(#2300,#2301,#2302),
  .UNSPECIFIED.,.F.,.F.,(3,3),(0.,1.),.PIECEWISE_BEZIER_KNOTS.);
#2300 = CARTESIAN_POINT('',(-1.459186523438,-0.310196777344,4.83));
#2301 = CARTESIAN_POINT('',(-1.388271972656,-0.226665527344,4.83));
#2302 = CARTESIAN_POINT('',(-1.254273925781,-0.117030761719,4.83));
#2303 = PCURVE('',#2256,#2304);
#2304 = DEFINITIONAL_REPRESENTATION('',(#2305),#2309);
#2305 = LINE('',#2306,#2307);
#2306 = CARTESIAN_POINT('',(0.,-4.E-02));
#2307 = VECTOR('',#2308,1.);
#2308 = DIRECTION('',(1.,0.));
#2309 = ( GEOMETRIC_REPRESENTATION_CONTEXT(2) 
PARAMETRIC_REPRESENTATION_CONTEXT() REPRESENTATION_CONTEXT('2D SPACE',''
  ) );
#2310 = PCURVE('',#1915,#2311);
#2311 = DEFINITIONAL_REPRESENTATION('',(#2312),#2316);
#2312 = B_SPLINE_CURVE_WITH_KNOTS('',2,(#2313,#2314,#2315),
  .UNSPECIFIED.,.F.,.F.,(3,3),(0.,1.),.PIECEWISE_BEZIER_KNOTS.);
#2313 = CARTESIAN_POINT('',(0.175328613281,0.2784375));
#2314 = CARTESIAN_POINT('',(0.246243164062,0.36196875));
#2315 = CARTESIAN_POINT('',(0.380241210938,0.471603515625));
#2316 = ( GEOMETRIC_REPRESENTATION_CONTEXT(2) 
PARAMETRIC_REPRESENTATION_CONTEXT() REPRESENTATION_CONTEXT('2D SPACE',''
  ) );
#2317 = ORIENTED_EDGE('',*,*,#2318,.F.);
#2318 = EDGE_CURVE('',#2319,#2296,#2321,.T.);
#2319 = VERTEX_POINT('',#2320);
#2320 = CARTESIAN_POINT('',(-1.254273925781,-0.117030761719,4.79));
#2321 = SURFACE_CURVE('',#2322,(#2326,#2333),.PCURVE_S1.);
#2322 = LINE('',#2323,#2324);
#2323 = CARTESIAN_POINT('',(-1.254273925781,-0.117030761719,4.79));
#2324 = VECTOR('',#2325,1.);
#2325 = DIRECTION('',(0.,0.,1.));
#2326 = PCURVE('',#2256,#2327);
#2327 = DEFINITIONAL_REPRESENTATION('',(#2328),#2332);
#2328 = LINE('',#2329,#2330);
#2329 = CARTESIAN_POINT('',(1.,0.));
#2330 = VECTOR('',#2331,1.);
#2331 = DIRECTION('',(0.,-1.));
#2332 = ( GEOMETRIC_REPRESENTATION_CONTEXT(2) 
PARAMETRIC_REPRESENTATION_CONTEXT() REPRESENTATION_CONTEXT('2D SPACE',''
  ) );
#2333 = PCURVE('',#2334,#2341);
#2334 = SURFACE_OF_LINEAR_EXTRUSION('',#2335,#2339);
#2335 = B_SPLINE_CURVE_WITH_KNOTS('',2,(#2336,#2337,#2338),
  .UNSPECIFIED.,.F.,.F.,(3,3),(0.,1.),.PIECEWISE_BEZIER_KNOTS.);
#2336 = CARTESIAN_POINT('',(-1.254273925781,-0.117030761719,4.79));
#2337 = CARTESIAN_POINT('',(-1.046315917969,5.351220703125E-02,4.79));
#2338 = CARTESIAN_POINT('',(-0.973226074219,0.153140625,4.79));
#2339 = VECTOR('',#2340,1.);
#2340 = DIRECTION('',(-0.,-0.,-1.));
#2341 = DEFINITIONAL_REPRESENTATION('',(#2342),#2346);
#2342 = LINE('',#2343,#2344);
#2343 = CARTESIAN_POINT('',(0.,0.));
#2344 = VECTOR('',#2345,1.);
#2345 = DIRECTION('',(0.,-1.));
#2346 = ( GEOMETRIC_REPRESENTATION_CONTEXT(2) 
PARAMETRIC_REPRESENTATION_CONTEXT() REPRESENTATION_CONTEXT('2D SPACE',''
  ) );
#2347 = ORIENTED_EDGE('',*,*,#2348,.F.);
#2348 = EDGE_CURVE('',#2241,#2319,#2349,.T.);
#2349 = SURFACE_CURVE('',#2350,(#2354,#2361),.PCURVE_S1.);
#2350 = B_SPLINE_CURVE_WITH_KNOTS('',2,(#2351,#2352,#2353),
  .UNSPECIFIED.,.F.,.F.,(3,3),(0.,1.),.PIECEWISE_BEZIER_KNOTS.);
#2351 = CARTESIAN_POINT('',(-1.459186523438,-0.310196777344,4.79));
#2352 = CARTESIAN_POINT('',(-1.388271972656,-0.226665527344,4.79));
#2353 = CARTESIAN_POINT('',(-1.254273925781,-0.117030761719,4.79));
#2354 = PCURVE('',#2256,#2355);
#2355 = DEFINITIONAL_REPRESENTATION('',(#2356),#2360);
#2356 = LINE('',#2357,#2358);
#2357 = CARTESIAN_POINT('',(0.,0.));
#2358 = VECTOR('',#2359,1.);
#2359 = DIRECTION('',(1.,0.));
#2360 = ( GEOMETRIC_REPRESENTATION_CONTEXT(2) 
PARAMETRIC_REPRESENTATION_CONTEXT() REPRESENTATION_CONTEXT('2D SPACE',''
  ) );
#2361 = PCURVE('',#1969,#2362);
#2362 = DEFINITIONAL_REPRESENTATION('',(#2363),#2367);
#2363 = B_SPLINE_CURVE_WITH_KNOTS('',2,(#2364,#2365,#2366),
  .UNSPECIFIED.,.F.,.F.,(3,3),(0.,1.),.PIECEWISE_BEZIER_KNOTS.);
#2364 = CARTESIAN_POINT('',(0.175328613281,0.2784375));
#2365 = CARTESIAN_POINT('',(0.246243164062,0.36196875));
#2366 = CARTESIAN_POINT('',(0.380241210938,0.471603515625));
#2367 = ( GEOMETRIC_REPRESENTATION_CONTEXT(2) 
PARAMETRIC_REPRESENTATION_CONTEXT() REPRESENTATION_CONTEXT('2D SPACE',''
  ) );
#2368 = ADVANCED_FACE('',(#2369),#2334,.T.);
#2369 = FACE_BOUND('',#2370,.T.);
#2370 = EDGE_LOOP('',(#2371,#2372,#2395,#2425));
#2371 = ORIENTED_EDGE('',*,*,#2318,.T.);
#2372 = ORIENTED_EDGE('',*,*,#2373,.T.);
#2373 = EDGE_CURVE('',#2296,#2374,#2376,.T.);
#2374 = VERTEX_POINT('',#2375);
#2375 = CARTESIAN_POINT('',(-0.973226074219,0.153140625,4.83));
#2376 = SURFACE_CURVE('',#2377,(#2381,#2388),.PCURVE_S1.);
#2377 = B_SPLINE_CURVE_WITH_KNOTS('',2,(#2378,#2379,#2380),
  .UNSPECIFIED.,.F.,.F.,(3,3),(0.,1.),.PIECEWISE_BEZIER_KNOTS.);
#2378 = CARTESIAN_POINT('',(-1.254273925781,-0.117030761719,4.83));
#2379 = CARTESIAN_POINT('',(-1.046315917969,5.351220703125E-02,4.83));
#2380 = CARTESIAN_POINT('',(-0.973226074219,0.153140625,4.83));
#2381 = PCURVE('',#2334,#2382);
#2382 = DEFINITIONAL_REPRESENTATION('',(#2383),#2387);
#2383 = LINE('',#2384,#2385);
#2384 = CARTESIAN_POINT('',(0.,-4.E-02));
#2385 = VECTOR('',#2386,1.);
#2386 = DIRECTION('',(1.,0.));
#2387 = ( GEOMETRIC_REPRESENTATION_CONTEXT(2) 
PARAMETRIC_REPRESENTATION_CONTEXT() REPRESENTATION_CONTEXT('2D SPACE',''
  ) );
#2388 = PCURVE('',#1915,#2389);
#2389 = DEFINITIONAL_REPRESENTATION('',(#2390),#2394);
#2390 = B_SPLINE_CURVE_WITH_KNOTS('',2,(#2391,#2392,#2393),
  .UNSPECIFIED.,.F.,.F.,(3,3),(0.,1.),.PIECEWISE_BEZIER_KNOTS.);
#2391 = CARTESIAN_POINT('',(0.380241210938,0.471603515625));
#2392 = CARTESIAN_POINT('',(0.58819921875,0.642146484375));
#2393 = CARTESIAN_POINT('',(0.6612890625,0.741774902344));
#2394 = ( GEOMETRIC_REPRESENTATION_CONTEXT(2) 
PARAMETRIC_REPRESENTATION_CONTEXT() REPRESENTATION_CONTEXT('2D SPACE',''
  ) );
#2395 = ORIENTED_EDGE('',*,*,#2396,.F.);
#2396 = EDGE_CURVE('',#2397,#2374,#2399,.T.);
#2397 = VERTEX_POINT('',#2398);
#2398 = CARTESIAN_POINT('',(-0.973226074219,0.153140625,4.79));
#2399 = SURFACE_CURVE('',#2400,(#2404,#2411),.PCURVE_S1.);
#2400 = LINE('',#2401,#2402);
#2401 = CARTESIAN_POINT('',(-0.973226074219,0.153140625,4.79));
#2402 = VECTOR('',#2403,1.);
#2403 = DIRECTION('',(0.,0.,1.));
#2404 = PCURVE('',#2334,#2405);
#2405 = DEFINITIONAL_REPRESENTATION('',(#2406),#2410);
#2406 = LINE('',#2407,#2408);
#2407 = CARTESIAN_POINT('',(1.,0.));
#2408 = VECTOR('',#2409,1.);
#2409 = DIRECTION('',(0.,-1.));
#2410 = ( GEOMETRIC_REPRESENTATION_CONTEXT(2) 
PARAMETRIC_REPRESENTATION_CONTEXT() REPRESENTATION_CONTEXT('2D SPACE',''
  ) );
#2411 = PCURVE('',#2412,#2419);
#2412 = SURFACE_OF_LINEAR_EXTRUSION('',#2413,#2417);
#2413 = B_SPLINE_CURVE_WITH_KNOTS('',2,(#2414,#2415,#2416),
  .UNSPECIFIED.,.F.,.F.,(3,3),(0.,1.),.PIECEWISE_BEZIER_KNOTS.);
#2414 = CARTESIAN_POINT('',(-0.973226074219,0.153140625,4.79));
#2415 = CARTESIAN_POINT('',(-0.900136230469,0.252769042969,4.79));
#2416 = CARTESIAN_POINT('',(-0.900136230469,0.341520996094,4.79));
#2417 = VECTOR('',#2418,1.);
#2418 = DIRECTION('',(-0.,-0.,-1.));
#2419 = DEFINITIONAL_REPRESENTATION('',(#2420),#2424);
#2420 = LINE('',#2421,#2422);
#2421 = CARTESIAN_POINT('',(0.,0.));
#2422 = VECTOR('',#2423,1.);
#2423 = DIRECTION('',(0.,-1.));
#2424 = ( GEOMETRIC_REPRESENTATION_CONTEXT(2) 
PARAMETRIC_REPRESENTATION_CONTEXT() REPRESENTATION_CONTEXT('2D SPACE',''
  ) );
#2425 = ORIENTED_EDGE('',*,*,#2426,.F.);
#2426 = EDGE_CURVE('',#2319,#2397,#2427,.T.);
#2427 = SURFACE_CURVE('',#2428,(#2432,#2439),.PCURVE_S1.);
#2428 = B_SPLINE_CURVE_WITH_KNOTS('',2,(#2429,#2430,#2431),
  .UNSPECIFIED.,.F.,.F.,(3,3),(0.,1.),.PIECEWISE_BEZIER_KNOTS.);
#2429 = CARTESIAN_POINT('',(-1.254273925781,-0.117030761719,4.79));
#2430 = CARTESIAN_POINT('',(-1.046315917969,5.351220703125E-02,4.79));
#2431 = CARTESIAN_POINT('',(-0.973226074219,0.153140625,4.79));
#2432 = PCURVE('',#2334,#2433);
#2433 = DEFINITIONAL_REPRESENTATION('',(#2434),#2438);
#2434 = LINE('',#2435,#2436);
#2435 = CARTESIAN_POINT('',(0.,0.));
#2436 = VECTOR('',#2437,1.);
#2437 = DIRECTION('',(1.,0.));
#2438 = ( GEOMETRIC_REPRESENTATION_CONTEXT(2) 
PARAMETRIC_REPRESENTATION_CONTEXT() REPRESENTATION_CONTEXT('2D SPACE',''
  ) );
#2439 = PCURVE('',#1969,#2440);
#2440 = DEFINITIONAL_REPRESENTATION('',(#2441),#2445);
#2441 = B_SPLINE_CURVE_WITH_KNOTS('',2,(#2442,#2443,#2444),
  .UNSPECIFIED.,.F.,.F.,(3,3),(0.,1.),.PIECEWISE_BEZIER_KNOTS.);
#2442 = CARTESIAN_POINT('',(0.380241210938,0.471603515625));
#2443 = CARTESIAN_POINT('',(0.58819921875,0.642146484375));
#2444 = CARTESIAN_POINT('',(0.6612890625,0.741774902344));
#2445 = ( GEOMETRIC_REPRESENTATION_CONTEXT(2) 
PARAMETRIC_REPRESENTATION_CONTEXT() REPRESENTATION_CONTEXT('2D SPACE',''
  ) );
#2446 = ADVANCED_FACE('',(#2447),#2412,.T.);
#2447 = FACE_BOUND('',#2448,.T.);
#2448 = EDGE_LOOP('',(#2449,#2450,#2473,#2503));
#2449 = ORIENTED_EDGE('',*,*,#2396,.T.);
#2450 = ORIENTED_EDGE('',*,*,#2451,.T.);
#2451 = EDGE_CURVE('',#2374,#2452,#2454,.T.);
#2452 = VERTEX_POINT('',#2453);
#2453 = CARTESIAN_POINT('',(-0.900136230469,0.341520996094,4.83));
#2454 = SURFACE_CURVE('',#2455,(#2459,#2466),.PCURVE_S1.);
#2455 = B_SPLINE_CURVE_WITH_KNOTS('',2,(#2456,#2457,#2458),
  .UNSPECIFIED.,.F.,.F.,(3,3),(0.,1.),.PIECEWISE_BEZIER_KNOTS.);
#2456 = CARTESIAN_POINT('',(-0.973226074219,0.153140625,4.83));
#2457 = CARTESIAN_POINT('',(-0.900136230469,0.252769042969,4.83));
#2458 = CARTESIAN_POINT('',(-0.900136230469,0.341520996094,4.83));
#2459 = PCURVE('',#2412,#2460);
#2460 = DEFINITIONAL_REPRESENTATION('',(#2461),#2465);
#2461 = LINE('',#2462,#2463);
#2462 = CARTESIAN_POINT('',(0.,-4.E-02));
#2463 = VECTOR('',#2464,1.);
#2464 = DIRECTION('',(1.,0.));
#2465 = ( GEOMETRIC_REPRESENTATION_CONTEXT(2) 
PARAMETRIC_REPRESENTATION_CONTEXT() REPRESENTATION_CONTEXT('2D SPACE',''
  ) );
#2466 = PCURVE('',#1915,#2467);
#2467 = DEFINITIONAL_REPRESENTATION('',(#2468),#2472);
#2468 = B_SPLINE_CURVE_WITH_KNOTS('',2,(#2469,#2470,#2471),
  .UNSPECIFIED.,.F.,.F.,(3,3),(0.,1.),.PIECEWISE_BEZIER_KNOTS.);
#2469 = CARTESIAN_POINT('',(0.6612890625,0.741774902344));
#2470 = CARTESIAN_POINT('',(0.73437890625,0.841403320312));
#2471 = CARTESIAN_POINT('',(0.73437890625,0.930155273438));
#2472 = ( GEOMETRIC_REPRESENTATION_CONTEXT(2) 
PARAMETRIC_REPRESENTATION_CONTEXT() REPRESENTATION_CONTEXT('2D SPACE',''
  ) );
#2473 = ORIENTED_EDGE('',*,*,#2474,.F.);
#2474 = EDGE_CURVE('',#2475,#2452,#2477,.T.);
#2475 = VERTEX_POINT('',#2476);
#2476 = CARTESIAN_POINT('',(-0.900136230469,0.341520996094,4.79));
#2477 = SURFACE_CURVE('',#2478,(#2482,#2489),.PCURVE_S1.);
#2478 = LINE('',#2479,#2480);
#2479 = CARTESIAN_POINT('',(-0.900136230469,0.341520996094,4.79));
#2480 = VECTOR('',#2481,1.);
#2481 = DIRECTION('',(0.,0.,1.));
#2482 = PCURVE('',#2412,#2483);
#2483 = DEFINITIONAL_REPRESENTATION('',(#2484),#2488);
#2484 = LINE('',#2485,#2486);
#2485 = CARTESIAN_POINT('',(1.,0.));
#2486 = VECTOR('',#2487,1.);
#2487 = DIRECTION('',(0.,-1.));
#2488 = ( GEOMETRIC_REPRESENTATION_CONTEXT(2) 
PARAMETRIC_REPRESENTATION_CONTEXT() REPRESENTATION_CONTEXT('2D SPACE',''
  ) );
#2489 = PCURVE('',#2490,#2497);
#2490 = SURFACE_OF_LINEAR_EXTRUSION('',#2491,#2495);
#2491 = B_SPLINE_CURVE_WITH_KNOTS('',2,(#2492,#2493,#2494),
  .UNSPECIFIED.,.F.,.F.,(3,3),(0.,1.),.PIECEWISE_BEZIER_KNOTS.);
#2492 = CARTESIAN_POINT('',(-0.900136230469,0.341520996094,4.79));
#2493 = CARTESIAN_POINT('',(-0.900136230469,0.434623535156,4.79));
#2494 = CARTESIAN_POINT('',(-0.966700195313,0.498577148438,4.79));
#2495 = VECTOR('',#2496,1.);
#2496 = DIRECTION('',(-0.,-0.,-1.));
#2497 = DEFINITIONAL_REPRESENTATION('',(#2498),#2502);
#2498 = LINE('',#2499,#2500);
#2499 = CARTESIAN_POINT('',(0.,0.));
#2500 = VECTOR('',#2501,1.);
#2501 = DIRECTION('',(0.,-1.));
#2502 = ( GEOMETRIC_REPRESENTATION_CONTEXT(2) 
PARAMETRIC_REPRESENTATION_CONTEXT() REPRESENTATION_CONTEXT('2D SPACE',''
  ) );
#2503 = ORIENTED_EDGE('',*,*,#2504,.F.);
#2504 = EDGE_CURVE('',#2397,#2475,#2505,.T.);
#2505 = SURFACE_CURVE('',#2506,(#2510,#2517),.PCURVE_S1.);
#2506 = B_SPLINE_CURVE_WITH_KNOTS('',2,(#2507,#2508,#2509),
  .UNSPECIFIED.,.F.,.F.,(3,3),(0.,1.),.PIECEWISE_BEZIER_KNOTS.);
#2507 = CARTESIAN_POINT('',(-0.973226074219,0.153140625,4.79));
#2508 = CARTESIAN_POINT('',(-0.900136230469,0.252769042969,4.79));
#2509 = CARTESIAN_POINT('',(-0.900136230469,0.341520996094,4.79));
#2510 = PCURVE('',#2412,#2511);
#2511 = DEFINITIONAL_REPRESENTATION('',(#2512),#2516);
#2512 = LINE('',#2513,#2514);
#2513 = CARTESIAN_POINT('',(0.,0.));
#2514 = VECTOR('',#2515,1.);
#2515 = DIRECTION('',(1.,0.));
#2516 = ( GEOMETRIC_REPRESENTATION_CONTEXT(2) 
PARAMETRIC_REPRESENTATION_CONTEXT() REPRESENTATION_CONTEXT('2D SPACE',''
  ) );
#2517 = PCURVE('',#1969,#2518);
#2518 = DEFINITIONAL_REPRESENTATION('',(#2519),#2523);
#2519 = B_SPLINE_CURVE_WITH_KNOTS('',2,(#2520,#2521,#2522),
  .UNSPECIFIED.,.F.,.F.,(3,3),(0.,1.),.PIECEWISE_BEZIER_KNOTS.);
#2520 = CARTESIAN_POINT('',(0.6612890625,0.741774902344));
#2521 = CARTESIAN_POINT('',(0.73437890625,0.841403320312));
#2522 = CARTESIAN_POINT('',(0.73437890625,0.930155273438));
#2523 = ( GEOMETRIC_REPRESENTATION_CONTEXT(2) 
PARAMETRIC_REPRESENTATION_CONTEXT() REPRESENTATION_CONTEXT('2D SPACE',''
  ) );
#2524 = ADVANCED_FACE('',(#2525),#2490,.T.);
#2525 = FACE_BOUND('',#2526,.T.);
#2526 = EDGE_LOOP('',(#2527,#2528,#2551,#2581));
#2527 = ORIENTED_EDGE('',*,*,#2474,.T.);
#2528 = ORIENTED_EDGE('',*,*,#2529,.T.);
#2529 = EDGE_CURVE('',#2452,#2530,#2532,.T.);
#2530 = VERTEX_POINT('',#2531);
#2531 = CARTESIAN_POINT('',(-0.966700195313,0.498577148438,4.83));
#2532 = SURFACE_CURVE('',#2533,(#2537,#2544),.PCURVE_S1.);
#2533 = B_SPLINE_CURVE_WITH_KNOTS('',2,(#2534,#2535,#2536),
  .UNSPECIFIED.,.F.,.F.,(3,3),(0.,1.),.PIECEWISE_BEZIER_KNOTS.);
#2534 = CARTESIAN_POINT('',(-0.900136230469,0.341520996094,4.83));
#2535 = CARTESIAN_POINT('',(-0.900136230469,0.434623535156,4.83));
#2536 = CARTESIAN_POINT('',(-0.966700195313,0.498577148438,4.83));
#2537 = PCURVE('',#2490,#2538);
#2538 = DEFINITIONAL_REPRESENTATION('',(#2539),#2543);
#2539 = LINE('',#2540,#2541);
#2540 = CARTESIAN_POINT('',(0.,-4.E-02));
#2541 = VECTOR('',#2542,1.);
#2542 = DIRECTION('',(1.,0.));
#2543 = ( GEOMETRIC_REPRESENTATION_CONTEXT(2) 
PARAMETRIC_REPRESENTATION_CONTEXT() REPRESENTATION_CONTEXT('2D SPACE',''
  ) );
#2544 = PCURVE('',#1915,#2545);
#2545 = DEFINITIONAL_REPRESENTATION('',(#2546),#2550);
#2546 = B_SPLINE_CURVE_WITH_KNOTS('',2,(#2547,#2548,#2549),
  .UNSPECIFIED.,.F.,.F.,(3,3),(0.,1.),.PIECEWISE_BEZIER_KNOTS.);
#2547 = CARTESIAN_POINT('',(0.73437890625,0.930155273438));
#2548 = CARTESIAN_POINT('',(0.73437890625,1.0232578125));
#2549 = CARTESIAN_POINT('',(0.667814941406,1.087211425781));
#2550 = ( GEOMETRIC_REPRESENTATION_CONTEXT(2) 
PARAMETRIC_REPRESENTATION_CONTEXT() REPRESENTATION_CONTEXT('2D SPACE',''
  ) );
#2551 = ORIENTED_EDGE('',*,*,#2552,.F.);
#2552 = EDGE_CURVE('',#2553,#2530,#2555,.T.);
#2553 = VERTEX_POINT('',#2554);
#2554 = CARTESIAN_POINT('',(-0.966700195313,0.498577148438,4.79));
#2555 = SURFACE_CURVE('',#2556,(#2560,#2567),.PCURVE_S1.);
#2556 = LINE('',#2557,#2558);
#2557 = CARTESIAN_POINT('',(-0.966700195313,0.498577148438,4.79));
#2558 = VECTOR('',#2559,1.);
#2559 = DIRECTION('',(0.,0.,1.));
#2560 = PCURVE('',#2490,#2561);
#2561 = DEFINITIONAL_REPRESENTATION('',(#2562),#2566);
#2562 = LINE('',#2563,#2564);
#2563 = CARTESIAN_POINT('',(1.,0.));
#2564 = VECTOR('',#2565,1.);
#2565 = DIRECTION('',(0.,-1.));
#2566 = ( GEOMETRIC_REPRESENTATION_CONTEXT(2) 
PARAMETRIC_REPRESENTATION_CONTEXT() REPRESENTATION_CONTEXT('2D SPACE',''
  ) );
#2567 = PCURVE('',#2568,#2575);
#2568 = SURFACE_OF_LINEAR_EXTRUSION('',#2569,#2573);
#2569 = B_SPLINE_CURVE_WITH_KNOTS('',2,(#2570,#2571,#2572),
  .UNSPECIFIED.,.F.,.F.,(3,3),(0.,1.),.PIECEWISE_BEZIER_KNOTS.);
#2570 = CARTESIAN_POINT('',(-0.966700195313,0.498577148438,4.79));
#2571 = CARTESIAN_POINT('',(-1.033264160156,0.562530761719,4.79));
#2572 = CARTESIAN_POINT('',(-1.140288574219,0.562530761719,4.79));
#2573 = VECTOR('',#2574,1.);
#2574 = DIRECTION('',(-0.,-0.,-1.));
#2575 = DEFINITIONAL_REPRESENTATION('',(#2576),#2580);
#2576 = LINE('',#2577,#2578);
#2577 = CARTESIAN_POINT('',(0.,0.));
#2578 = VECTOR('',#2579,1.);
#2579 = DIRECTION('',(0.,-1.));
#2580 = ( GEOMETRIC_REPRESENTATION_CONTEXT(2) 
PARAMETRIC_REPRESENTATION_CONTEXT() REPRESENTATION_CONTEXT('2D SPACE',''
  ) );
#2581 = ORIENTED_EDGE('',*,*,#2582,.F.);
#2582 = EDGE_CURVE('',#2475,#2553,#2583,.T.);
#2583 = SURFACE_CURVE('',#2584,(#2588,#2595),.PCURVE_S1.);
#2584 = B_SPLINE_CURVE_WITH_KNOTS('',2,(#2585,#2586,#2587),
  .UNSPECIFIED.,.F.,.F.,(3,3),(0.,1.),.PIECEWISE_BEZIER_KNOTS.);
#2585 = CARTESIAN_POINT('',(-0.900136230469,0.341520996094,4.79));
#2586 = CARTESIAN_POINT('',(-0.900136230469,0.434623535156,4.79));
#2587 = CARTESIAN_POINT('',(-0.966700195313,0.498577148438,4.79));
#2588 = PCURVE('',#2490,#2589);
#2589 = DEFINITIONAL_REPRESENTATION('',(#2590),#2594);
#2590 = LINE('',#2591,#2592);
#2591 = CARTESIAN_POINT('',(0.,0.));
#2592 = VECTOR('',#2593,1.);
#2593 = DIRECTION('',(1.,0.));
#2594 = ( GEOMETRIC_REPRESENTATION_CONTEXT(2) 
PARAMETRIC_REPRESENTATION_CONTEXT() REPRESENTATION_CONTEXT('2D SPACE',''
  ) );
#2595 = PCURVE('',#1969,#2596);
#2596 = DEFINITIONAL_REPRESENTATION('',(#2597),#2601);
#2597 = B_SPLINE_CURVE_WITH_KNOTS('',2,(#2598,#2599,#2600),
  .UNSPECIFIED.,.F.,.F.,(3,3),(0.,1.),.PIECEWISE_BEZIER_KNOTS.);
#2598 = CARTESIAN_POINT('',(0.73437890625,0.930155273438));
#2599 = CARTESIAN_POINT('',(0.73437890625,1.0232578125));
#2600 = CARTESIAN_POINT('',(0.667814941406,1.087211425781));
#2601 = ( GEOMETRIC_REPRESENTATION_CONTEXT(2) 
PARAMETRIC_REPRESENTATION_CONTEXT() REPRESENTATION_CONTEXT('2D SPACE',''
  ) );
#2602 = ADVANCED_FACE('',(#2603),#2568,.T.);
#2603 = FACE_BOUND('',#2604,.T.);
#2604 = EDGE_LOOP('',(#2605,#2606,#2629,#2659));
#2605 = ORIENTED_EDGE('',*,*,#2552,.T.);
#2606 = ORIENTED_EDGE('',*,*,#2607,.T.);
#2607 = EDGE_CURVE('',#2530,#2608,#2610,.T.);
#2608 = VERTEX_POINT('',#2609);
#2609 = CARTESIAN_POINT('',(-1.140288574219,0.562530761719,4.83));
#2610 = SURFACE_CURVE('',#2611,(#2615,#2622),.PCURVE_S1.);
#2611 = B_SPLINE_CURVE_WITH_KNOTS('',2,(#2612,#2613,#2614),
  .UNSPECIFIED.,.F.,.F.,(3,3),(0.,1.),.PIECEWISE_BEZIER_KNOTS.);
#2612 = CARTESIAN_POINT('',(-0.966700195313,0.498577148438,4.83));
#2613 = CARTESIAN_POINT('',(-1.033264160156,0.562530761719,4.83));
#2614 = CARTESIAN_POINT('',(-1.140288574219,0.562530761719,4.83));
#2615 = PCURVE('',#2568,#2616);
#2616 = DEFINITIONAL_REPRESENTATION('',(#2617),#2621);
#2617 = LINE('',#2618,#2619);
#2618 = CARTESIAN_POINT('',(0.,-4.E-02));
#2619 = VECTOR('',#2620,1.);
#2620 = DIRECTION('',(1.,0.));
#2621 = ( GEOMETRIC_REPRESENTATION_CONTEXT(2) 
PARAMETRIC_REPRESENTATION_CONTEXT() REPRESENTATION_CONTEXT('2D SPACE',''
  ) );
#2622 = PCURVE('',#1915,#2623);
#2623 = DEFINITIONAL_REPRESENTATION('',(#2624),#2628);
#2624 = B_SPLINE_CURVE_WITH_KNOTS('',2,(#2625,#2626,#2627),
  .UNSPECIFIED.,.F.,.F.,(3,3),(0.,1.),.PIECEWISE_BEZIER_KNOTS.);
#2625 = CARTESIAN_POINT('',(0.667814941406,1.087211425781));
#2626 = CARTESIAN_POINT('',(0.601250976563,1.151165039062));
#2627 = CARTESIAN_POINT('',(0.4942265625,1.151165039062));
#2628 = ( GEOMETRIC_REPRESENTATION_CONTEXT(2) 
PARAMETRIC_REPRESENTATION_CONTEXT() REPRESENTATION_CONTEXT('2D SPACE',''
  ) );
#2629 = ORIENTED_EDGE('',*,*,#2630,.F.);
#2630 = EDGE_CURVE('',#2631,#2608,#2633,.T.);
#2631 = VERTEX_POINT('',#2632);
#2632 = CARTESIAN_POINT('',(-1.140288574219,0.562530761719,4.79));
#2633 = SURFACE_CURVE('',#2634,(#2638,#2645),.PCURVE_S1.);
#2634 = LINE('',#2635,#2636);
#2635 = CARTESIAN_POINT('',(-1.140288574219,0.562530761719,4.79));
#2636 = VECTOR('',#2637,1.);
#2637 = DIRECTION('',(0.,0.,1.));
#2638 = PCURVE('',#2568,#2639);
#2639 = DEFINITIONAL_REPRESENTATION('',(#2640),#2644);
#2640 = LINE('',#2641,#2642);
#2641 = CARTESIAN_POINT('',(1.,0.));
#2642 = VECTOR('',#2643,1.);
#2643 = DIRECTION('',(0.,-1.));
#2644 = ( GEOMETRIC_REPRESENTATION_CONTEXT(2) 
PARAMETRIC_REPRESENTATION_CONTEXT() REPRESENTATION_CONTEXT('2D SPACE',''
  ) );
#2645 = PCURVE('',#2646,#2653);
#2646 = SURFACE_OF_LINEAR_EXTRUSION('',#2647,#2651);
#2647 = B_SPLINE_CURVE_WITH_KNOTS('',2,(#2648,#2649,#2650),
  .UNSPECIFIED.,.F.,.F.,(3,3),(0.,1.),.PIECEWISE_BEZIER_KNOTS.);
#2648 = CARTESIAN_POINT('',(-1.140288574219,0.562530761719,4.79));
#2649 = CARTESIAN_POINT('',(-1.253403808594,0.562530761719,4.79));
#2650 = CARTESIAN_POINT('',(-1.321272949219,0.494661621094,4.79));
#2651 = VECTOR('',#2652,1.);
#2652 = DIRECTION('',(-0.,-0.,-1.));
#2653 = DEFINITIONAL_REPRESENTATION('',(#2654),#2658);
#2654 = LINE('',#2655,#2656);
#2655 = CARTESIAN_POINT('',(0.,0.));
#2656 = VECTOR('',#2657,1.);
#2657 = DIRECTION('',(0.,-1.));
#2658 = ( GEOMETRIC_REPRESENTATION_CONTEXT(2) 
PARAMETRIC_REPRESENTATION_CONTEXT() REPRESENTATION_CONTEXT('2D SPACE',''
  ) );
#2659 = ORIENTED_EDGE('',*,*,#2660,.F.);
#2660 = EDGE_CURVE('',#2553,#2631,#2661,.T.);
#2661 = SURFACE_CURVE('',#2662,(#2666,#2673),.PCURVE_S1.);
#2662 = B_SPLINE_CURVE_WITH_KNOTS('',2,(#2663,#2664,#2665),
  .UNSPECIFIED.,.F.,.F.,(3,3),(0.,1.),.PIECEWISE_BEZIER_KNOTS.);
#2663 = CARTESIAN_POINT('',(-0.966700195313,0.498577148438,4.79));
#2664 = CARTESIAN_POINT('',(-1.033264160156,0.562530761719,4.79));
#2665 = CARTESIAN_POINT('',(-1.140288574219,0.562530761719,4.79));
#2666 = PCURVE('',#2568,#2667);
#2667 = DEFINITIONAL_REPRESENTATION('',(#2668),#2672);
#2668 = LINE('',#2669,#2670);
#2669 = CARTESIAN_POINT('',(0.,0.));
#2670 = VECTOR('',#2671,1.);
#2671 = DIRECTION('',(1.,0.));
#2672 = ( GEOMETRIC_REPRESENTATION_CONTEXT(2) 
PARAMETRIC_REPRESENTATION_CONTEXT() REPRESENTATION_CONTEXT('2D SPACE',''
  ) );
#2673 = PCURVE('',#1969,#2674);
#2674 = DEFINITIONAL_REPRESENTATION('',(#2675),#2679);
#2675 = B_SPLINE_CURVE_WITH_KNOTS('',2,(#2676,#2677,#2678),
  .UNSPECIFIED.,.F.,.F.,(3,3),(0.,1.),.PIECEWISE_BEZIER_KNOTS.);
#2676 = CARTESIAN_POINT('',(0.667814941406,1.087211425781));
#2677 = CARTESIAN_POINT('',(0.601250976563,1.151165039062));
#2678 = CARTESIAN_POINT('',(0.4942265625,1.151165039062));
#2679 = ( GEOMETRIC_REPRESENTATION_CONTEXT(2) 
PARAMETRIC_REPRESENTATION_CONTEXT() REPRESENTATION_CONTEXT('2D SPACE',''
  ) );
#2680 = ADVANCED_FACE('',(#2681),#2646,.T.);
#2681 = FACE_BOUND('',#2682,.T.);
#2682 = EDGE_LOOP('',(#2683,#2684,#2707,#2737));
#2683 = ORIENTED_EDGE('',*,*,#2630,.T.);
#2684 = ORIENTED_EDGE('',*,*,#2685,.T.);
#2685 = EDGE_CURVE('',#2608,#2686,#2688,.T.);
#2686 = VERTEX_POINT('',#2687);
#2687 = CARTESIAN_POINT('',(-1.321272949219,0.494661621094,4.83));
#2688 = SURFACE_CURVE('',#2689,(#2693,#2700),.PCURVE_S1.);
#2689 = B_SPLINE_CURVE_WITH_KNOTS('',2,(#2690,#2691,#2692),
  .UNSPECIFIED.,.F.,.F.,(3,3),(0.,1.),.PIECEWISE_BEZIER_KNOTS.);
#2690 = CARTESIAN_POINT('',(-1.140288574219,0.562530761719,4.83));
#2691 = CARTESIAN_POINT('',(-1.253403808594,0.562530761719,4.83));
#2692 = CARTESIAN_POINT('',(-1.321272949219,0.494661621094,4.83));
#2693 = PCURVE('',#2646,#2694);
#2694 = DEFINITIONAL_REPRESENTATION('',(#2695),#2699);
#2695 = LINE('',#2696,#2697);
#2696 = CARTESIAN_POINT('',(0.,-4.E-02));
#2697 = VECTOR('',#2698,1.);
#2698 = DIRECTION('',(1.,0.));
#2699 = ( GEOMETRIC_REPRESENTATION_CONTEXT(2) 
PARAMETRIC_REPRESENTATION_CONTEXT() REPRESENTATION_CONTEXT('2D SPACE',''
  ) );
#2700 = PCURVE('',#1915,#2701);
#2701 = DEFINITIONAL_REPRESENTATION('',(#2702),#2706);
#2702 = B_SPLINE_CURVE_WITH_KNOTS('',2,(#2703,#2704,#2705),
  .UNSPECIFIED.,.F.,.F.,(3,3),(0.,1.),.PIECEWISE_BEZIER_KNOTS.);
#2703 = CARTESIAN_POINT('',(0.4942265625,1.151165039062));
#2704 = CARTESIAN_POINT('',(0.381111328125,1.151165039062));
#2705 = CARTESIAN_POINT('',(0.3132421875,1.083295898438));
#2706 = ( GEOMETRIC_REPRESENTATION_CONTEXT(2) 
PARAMETRIC_REPRESENTATION_CONTEXT() REPRESENTATION_CONTEXT('2D SPACE',''
  ) );
#2707 = ORIENTED_EDGE('',*,*,#2708,.F.);
#2708 = EDGE_CURVE('',#2709,#2686,#2711,.T.);
#2709 = VERTEX_POINT('',#2710);
#2710 = CARTESIAN_POINT('',(-1.321272949219,0.494661621094,4.79));
#2711 = SURFACE_CURVE('',#2712,(#2716,#2723),.PCURVE_S1.);
#2712 = LINE('',#2713,#2714);
#2713 = CARTESIAN_POINT('',(-1.321272949219,0.494661621094,4.79));
#2714 = VECTOR('',#2715,1.);
#2715 = DIRECTION('',(0.,0.,1.));
#2716 = PCURVE('',#2646,#2717);
#2717 = DEFINITIONAL_REPRESENTATION('',(#2718),#2722);
#2718 = LINE('',#2719,#2720);
#2719 = CARTESIAN_POINT('',(1.,0.));
#2720 = VECTOR('',#2721,1.);
#2721 = DIRECTION('',(0.,-1.));
#2722 = ( GEOMETRIC_REPRESENTATION_CONTEXT(2) 
PARAMETRIC_REPRESENTATION_CONTEXT() REPRESENTATION_CONTEXT('2D SPACE',''
  ) );
#2723 = PCURVE('',#2724,#2731);
#2724 = SURFACE_OF_LINEAR_EXTRUSION('',#2725,#2729);
#2725 = B_SPLINE_CURVE_WITH_KNOTS('',2,(#2726,#2727,#2728),
  .UNSPECIFIED.,.F.,.F.,(3,3),(0.,1.),.PIECEWISE_BEZIER_KNOTS.);
#2726 = CARTESIAN_POINT('',(-1.321272949219,0.494661621094,4.79));
#2727 = CARTESIAN_POINT('',(-1.389142089844,0.426792480469,4.79));
#2728 = CARTESIAN_POINT('',(-1.390012207031,0.306716308594,4.79));
#2729 = VECTOR('',#2730,1.);
#2730 = DIRECTION('',(-0.,-0.,-1.));
#2731 = DEFINITIONAL_REPRESENTATION('',(#2732),#2736);
#2732 = LINE('',#2733,#2734);
#2733 = CARTESIAN_POINT('',(0.,0.));
#2734 = VECTOR('',#2735,1.);
#2735 = DIRECTION('',(0.,-1.));
#2736 = ( GEOMETRIC_REPRESENTATION_CONTEXT(2) 
PARAMETRIC_REPRESENTATION_CONTEXT() REPRESENTATION_CONTEXT('2D SPACE',''
  ) );
#2737 = ORIENTED_EDGE('',*,*,#2738,.F.);
#2738 = EDGE_CURVE('',#2631,#2709,#2739,.T.);
#2739 = SURFACE_CURVE('',#2740,(#2744,#2751),.PCURVE_S1.);
#2740 = B_SPLINE_CURVE_WITH_KNOTS('',2,(#2741,#2742,#2743),
  .UNSPECIFIED.,.F.,.F.,(3,3),(0.,1.),.PIECEWISE_BEZIER_KNOTS.);
#2741 = CARTESIAN_POINT('',(-1.140288574219,0.562530761719,4.79));
#2742 = CARTESIAN_POINT('',(-1.253403808594,0.562530761719,4.79));
#2743 = CARTESIAN_POINT('',(-1.321272949219,0.494661621094,4.79));
#2744 = PCURVE('',#2646,#2745);
#2745 = DEFINITIONAL_REPRESENTATION('',(#2746),#2750);
#2746 = LINE('',#2747,#2748);
#2747 = CARTESIAN_POINT('',(0.,0.));
#2748 = VECTOR('',#2749,1.);
#2749 = DIRECTION('',(1.,0.));
#2750 = ( GEOMETRIC_REPRESENTATION_CONTEXT(2) 
PARAMETRIC_REPRESENTATION_CONTEXT() REPRESENTATION_CONTEXT('2D SPACE',''
  ) );
#2751 = PCURVE('',#1969,#2752);
#2752 = DEFINITIONAL_REPRESENTATION('',(#2753),#2757);
#2753 = B_SPLINE_CURVE_WITH_KNOTS('',2,(#2754,#2755,#2756),
  .UNSPECIFIED.,.F.,.F.,(3,3),(0.,1.),.PIECEWISE_BEZIER_KNOTS.);
#2754 = CARTESIAN_POINT('',(0.4942265625,1.151165039062));
#2755 = CARTESIAN_POINT('',(0.381111328125,1.151165039062));
#2756 = CARTESIAN_POINT('',(0.3132421875,1.083295898438));
#2757 = ( GEOMETRIC_REPRESENTATION_CONTEXT(2) 
PARAMETRIC_REPRESENTATION_CONTEXT() REPRESENTATION_CONTEXT('2D SPACE',''
  ) );
#2758 = ADVANCED_FACE('',(#2759),#2724,.T.);
#2759 = FACE_BOUND('',#2760,.T.);
#2760 = EDGE_LOOP('',(#2761,#2762,#2785,#2813));
#2761 = ORIENTED_EDGE('',*,*,#2708,.T.);
#2762 = ORIENTED_EDGE('',*,*,#2763,.T.);
#2763 = EDGE_CURVE('',#2686,#2764,#2766,.T.);
#2764 = VERTEX_POINT('',#2765);
#2765 = CARTESIAN_POINT('',(-1.390012207031,0.306716308594,4.83));
#2766 = SURFACE_CURVE('',#2767,(#2771,#2778),.PCURVE_S1.);
#2767 = B_SPLINE_CURVE_WITH_KNOTS('',2,(#2768,#2769,#2770),
  .UNSPECIFIED.,.F.,.F.,(3,3),(0.,1.),.PIECEWISE_BEZIER_KNOTS.);
#2768 = CARTESIAN_POINT('',(-1.321272949219,0.494661621094,4.83));
#2769 = CARTESIAN_POINT('',(-1.389142089844,0.426792480469,4.83));
#2770 = CARTESIAN_POINT('',(-1.390012207031,0.306716308594,4.83));
#2771 = PCURVE('',#2724,#2772);
#2772 = DEFINITIONAL_REPRESENTATION('',(#2773),#2777);
#2773 = LINE('',#2774,#2775);
#2774 = CARTESIAN_POINT('',(0.,-4.E-02));
#2775 = VECTOR('',#2776,1.);
#2776 = DIRECTION('',(1.,0.));
#2777 = ( GEOMETRIC_REPRESENTATION_CONTEXT(2) 
PARAMETRIC_REPRESENTATION_CONTEXT() REPRESENTATION_CONTEXT('2D SPACE',''
  ) );
#2778 = PCURVE('',#1915,#2779);
#2779 = DEFINITIONAL_REPRESENTATION('',(#2780),#2784);
#2780 = B_SPLINE_CURVE_WITH_KNOTS('',2,(#2781,#2782,#2783),
  .UNSPECIFIED.,.F.,.F.,(3,3),(0.,1.),.PIECEWISE_BEZIER_KNOTS.);
#2781 = CARTESIAN_POINT('',(0.3132421875,1.083295898438));
#2782 = CARTESIAN_POINT('',(0.245373046875,1.015426757813));
#2783 = CARTESIAN_POINT('',(0.244502929688,0.895350585937));
#2784 = ( GEOMETRIC_REPRESENTATION_CONTEXT(2) 
PARAMETRIC_REPRESENTATION_CONTEXT() REPRESENTATION_CONTEXT('2D SPACE',''
  ) );
#2785 = ORIENTED_EDGE('',*,*,#2786,.F.);
#2786 = EDGE_CURVE('',#2787,#2764,#2789,.T.);
#2787 = VERTEX_POINT('',#2788);
#2788 = CARTESIAN_POINT('',(-1.390012207031,0.306716308594,4.79));
#2789 = SURFACE_CURVE('',#2790,(#2794,#2801),.PCURVE_S1.);
#2790 = LINE('',#2791,#2792);
#2791 = CARTESIAN_POINT('',(-1.390012207031,0.306716308594,4.79));
#2792 = VECTOR('',#2793,1.);
#2793 = DIRECTION('',(0.,0.,1.));
#2794 = PCURVE('',#2724,#2795);
#2795 = DEFINITIONAL_REPRESENTATION('',(#2796),#2800);
#2796 = LINE('',#2797,#2798);
#2797 = CARTESIAN_POINT('',(1.,0.));
#2798 = VECTOR('',#2799,1.);
#2799 = DIRECTION('',(0.,-1.));
#2800 = ( GEOMETRIC_REPRESENTATION_CONTEXT(2) 
PARAMETRIC_REPRESENTATION_CONTEXT() REPRESENTATION_CONTEXT('2D SPACE',''
  ) );
#2801 = PCURVE('',#2802,#2807);
#2802 = PLANE('',#2803);
#2803 = AXIS2_PLACEMENT_3D('',#2804,#2805,#2806);
#2804 = CARTESIAN_POINT('',(-1.390012207031,0.306716308594,4.79));
#2805 = DIRECTION('',(-0.102165304181,-0.994767435445,0.));
#2806 = DIRECTION('',(-0.994767435445,0.102165304181,0.));
#2807 = DEFINITIONAL_REPRESENTATION('',(#2808),#2812);
#2808 = LINE('',#2809,#2810);
#2809 = CARTESIAN_POINT('',(0.,0.));
#2810 = VECTOR('',#2811,1.);
#2811 = DIRECTION('',(0.,-1.));
#2812 = ( GEOMETRIC_REPRESENTATION_CONTEXT(2) 
PARAMETRIC_REPRESENTATION_CONTEXT() REPRESENTATION_CONTEXT('2D SPACE',''
  ) );
#2813 = ORIENTED_EDGE('',*,*,#2814,.F.);
#2814 = EDGE_CURVE('',#2709,#2787,#2815,.T.);
#2815 = SURFACE_CURVE('',#2816,(#2820,#2827),.PCURVE_S1.);
#2816 = B_SPLINE_CURVE_WITH_KNOTS('',2,(#2817,#2818,#2819),
  .UNSPECIFIED.,.F.,.F.,(3,3),(0.,1.),.PIECEWISE_BEZIER_KNOTS.);
#2817 = CARTESIAN_POINT('',(-1.321272949219,0.494661621094,4.79));
#2818 = CARTESIAN_POINT('',(-1.389142089844,0.426792480469,4.79));
#2819 = CARTESIAN_POINT('',(-1.390012207031,0.306716308594,4.79));
#2820 = PCURVE('',#2724,#2821);
#2821 = DEFINITIONAL_REPRESENTATION('',(#2822),#2826);
#2822 = LINE('',#2823,#2824);
#2823 = CARTESIAN_POINT('',(0.,0.));
#2824 = VECTOR('',#2825,1.);
#2825 = DIRECTION('',(1.,0.));
#2826 = ( GEOMETRIC_REPRESENTATION_CONTEXT(2) 
PARAMETRIC_REPRESENTATION_CONTEXT() REPRESENTATION_CONTEXT('2D SPACE',''
  ) );
#2827 = PCURVE('',#1969,#2828);
#2828 = DEFINITIONAL_REPRESENTATION('',(#2829),#2833);
#2829 = B_SPLINE_CURVE_WITH_KNOTS('',2,(#2830,#2831,#2832),
  .UNSPECIFIED.,.F.,.F.,(3,3),(0.,1.),.PIECEWISE_BEZIER_KNOTS.);
#2830 = CARTESIAN_POINT('',(0.3132421875,1.083295898438));
#2831 = CARTESIAN_POINT('',(0.245373046875,1.015426757813));
#2832 = CARTESIAN_POINT('',(0.244502929688,0.895350585937));
#2833 = ( GEOMETRIC_REPRESENTATION_CONTEXT(2) 
PARAMETRIC_REPRESENTATION_CONTEXT() REPRESENTATION_CONTEXT('2D SPACE',''
  ) );
#2834 = ADVANCED_FACE('',(#2835),#2802,.T.);
#2835 = FACE_BOUND('',#2836,.T.);
#2836 = EDGE_LOOP('',(#2837,#2838,#2861,#2891));
#2837 = ORIENTED_EDGE('',*,*,#2786,.T.);
#2838 = ORIENTED_EDGE('',*,*,#2839,.T.);
#2839 = EDGE_CURVE('',#2764,#2840,#2842,.T.);
#2840 = VERTEX_POINT('',#2841);
#2841 = CARTESIAN_POINT('',(-1.550983886719,0.323248535156,4.83));
#2842 = SURFACE_CURVE('',#2843,(#2847,#2854),.PCURVE_S1.);
#2843 = LINE('',#2844,#2845);
#2844 = CARTESIAN_POINT('',(-1.390012207031,0.306716308594,4.83));
#2845 = VECTOR('',#2846,1.);
#2846 = DIRECTION('',(-0.994767435445,0.102165304181,0.));
#2847 = PCURVE('',#2802,#2848);
#2848 = DEFINITIONAL_REPRESENTATION('',(#2849),#2853);
#2849 = LINE('',#2850,#2851);
#2850 = CARTESIAN_POINT('',(0.,-4.E-02));
#2851 = VECTOR('',#2852,1.);
#2852 = DIRECTION('',(1.,0.));
#2853 = ( GEOMETRIC_REPRESENTATION_CONTEXT(2) 
PARAMETRIC_REPRESENTATION_CONTEXT() REPRESENTATION_CONTEXT('2D SPACE',''
  ) );
#2854 = PCURVE('',#1915,#2855);
#2855 = DEFINITIONAL_REPRESENTATION('',(#2856),#2860);
#2856 = LINE('',#2857,#2858);
#2857 = CARTESIAN_POINT('',(0.244502929688,0.895350585937));
#2858 = VECTOR('',#2859,1.);
#2859 = DIRECTION('',(-0.994767435445,0.102165304181));
#2860 = ( GEOMETRIC_REPRESENTATION_CONTEXT(2) 
PARAMETRIC_REPRESENTATION_CONTEXT() REPRESENTATION_CONTEXT('2D SPACE',''
  ) );
#2861 = ORIENTED_EDGE('',*,*,#2862,.F.);
#2862 = EDGE_CURVE('',#2863,#2840,#2865,.T.);
#2863 = VERTEX_POINT('',#2864);
#2864 = CARTESIAN_POINT('',(-1.550983886719,0.323248535156,4.79));
#2865 = SURFACE_CURVE('',#2866,(#2870,#2877),.PCURVE_S1.);
#2866 = LINE('',#2867,#2868);
#2867 = CARTESIAN_POINT('',(-1.550983886719,0.323248535156,4.79));
#2868 = VECTOR('',#2869,1.);
#2869 = DIRECTION('',(0.,0.,1.));
#2870 = PCURVE('',#2802,#2871);
#2871 = DEFINITIONAL_REPRESENTATION('',(#2872),#2876);
#2872 = LINE('',#2873,#2874);
#2873 = CARTESIAN_POINT('',(0.161818404938,0.));
#2874 = VECTOR('',#2875,1.);
#2875 = DIRECTION('',(0.,-1.));
#2876 = ( GEOMETRIC_REPRESENTATION_CONTEXT(2) 
PARAMETRIC_REPRESENTATION_CONTEXT() REPRESENTATION_CONTEXT('2D SPACE',''
  ) );
#2877 = PCURVE('',#2878,#2885);
#2878 = SURFACE_OF_LINEAR_EXTRUSION('',#2879,#2883);
#2879 = B_SPLINE_CURVE_WITH_KNOTS('',2,(#2880,#2881,#2882),
  .UNSPECIFIED.,.F.,.F.,(3,3),(0.,1.),.PIECEWISE_BEZIER_KNOTS.);
#2880 = CARTESIAN_POINT('',(-1.550983886719,0.323248535156,4.79));
#2881 = CARTESIAN_POINT('',(-1.534451660156,0.503362792969,4.79));
#2882 = CARTESIAN_POINT('',(-1.426557128906,0.597770507812,4.79));
#2883 = VECTOR('',#2884,1.);
#2884 = DIRECTION('',(-0.,-0.,-1.));
#2885 = DEFINITIONAL_REPRESENTATION('',(#2886),#2890);
#2886 = LINE('',#2887,#2888);
#2887 = CARTESIAN_POINT('',(0.,0.));
#2888 = VECTOR('',#2889,1.);
#2889 = DIRECTION('',(0.,-1.));
#2890 = ( GEOMETRIC_REPRESENTATION_CONTEXT(2) 
PARAMETRIC_REPRESENTATION_CONTEXT() REPRESENTATION_CONTEXT('2D SPACE',''
  ) );
#2891 = ORIENTED_EDGE('',*,*,#2892,.F.);
#2892 = EDGE_CURVE('',#2787,#2863,#2893,.T.);
#2893 = SURFACE_CURVE('',#2894,(#2898,#2905),.PCURVE_S1.);
#2894 = LINE('',#2895,#2896);
#2895 = CARTESIAN_POINT('',(-1.390012207031,0.306716308594,4.79));
#2896 = VECTOR('',#2897,1.);
#2897 = DIRECTION('',(-0.994767435445,0.102165304181,0.));
#2898 = PCURVE('',#2802,#2899);
#2899 = DEFINITIONAL_REPRESENTATION('',(#2900),#2904);
#2900 = LINE('',#2901,#2902);
#2901 = CARTESIAN_POINT('',(0.,0.));
#2902 = VECTOR('',#2903,1.);
#2903 = DIRECTION('',(1.,0.));
#2904 = ( GEOMETRIC_REPRESENTATION_CONTEXT(2) 
PARAMETRIC_REPRESENTATION_CONTEXT() REPRESENTATION_CONTEXT('2D SPACE',''
  ) );
#2905 = PCURVE('',#1969,#2906);
#2906 = DEFINITIONAL_REPRESENTATION('',(#2907),#2911);
#2907 = LINE('',#2908,#2909);
#2908 = CARTESIAN_POINT('',(0.244502929688,0.895350585937));
#2909 = VECTOR('',#2910,1.);
#2910 = DIRECTION('',(-0.994767435445,0.102165304181));
#2911 = ( GEOMETRIC_REPRESENTATION_CONTEXT(2) 
PARAMETRIC_REPRESENTATION_CONTEXT() REPRESENTATION_CONTEXT('2D SPACE',''
  ) );
#2912 = ADVANCED_FACE('',(#2913),#2878,.T.);
#2913 = FACE_BOUND('',#2914,.T.);
#2914 = EDGE_LOOP('',(#2915,#2916,#2939,#2969));
#2915 = ORIENTED_EDGE('',*,*,#2862,.T.);
#2916 = ORIENTED_EDGE('',*,*,#2917,.T.);
#2917 = EDGE_CURVE('',#2840,#2918,#2920,.T.);
#2918 = VERTEX_POINT('',#2919);
#2919 = CARTESIAN_POINT('',(-1.426557128906,0.597770507812,4.83));
#2920 = SURFACE_CURVE('',#2921,(#2925,#2932),.PCURVE_S1.);
#2921 = B_SPLINE_CURVE_WITH_KNOTS('',2,(#2922,#2923,#2924),
  .UNSPECIFIED.,.F.,.F.,(3,3),(0.,1.),.PIECEWISE_BEZIER_KNOTS.);
#2922 = CARTESIAN_POINT('',(-1.550983886719,0.323248535156,4.83));
#2923 = CARTESIAN_POINT('',(-1.534451660156,0.503362792969,4.83));
#2924 = CARTESIAN_POINT('',(-1.426557128906,0.597770507812,4.83));
#2925 = PCURVE('',#2878,#2926);
#2926 = DEFINITIONAL_REPRESENTATION('',(#2927),#2931);
#2927 = LINE('',#2928,#2929);
#2928 = CARTESIAN_POINT('',(0.,-4.E-02));
#2929 = VECTOR('',#2930,1.);
#2930 = DIRECTION('',(1.,0.));
#2931 = ( GEOMETRIC_REPRESENTATION_CONTEXT(2) 
PARAMETRIC_REPRESENTATION_CONTEXT() REPRESENTATION_CONTEXT('2D SPACE',''
  ) );
#2932 = PCURVE('',#1915,#2933);
#2933 = DEFINITIONAL_REPRESENTATION('',(#2934),#2938);
#2934 = B_SPLINE_CURVE_WITH_KNOTS('',2,(#2935,#2936,#2937),
  .UNSPECIFIED.,.F.,.F.,(3,3),(0.,1.),.PIECEWISE_BEZIER_KNOTS.);
#2935 = CARTESIAN_POINT('',(8.353125E-02,0.9118828125));
#2936 = CARTESIAN_POINT('',(0.100063476563,1.091997070312));
#2937 = CARTESIAN_POINT('',(0.207958007813,1.186404785156));
#2938 = ( GEOMETRIC_REPRESENTATION_CONTEXT(2) 
PARAMETRIC_REPRESENTATION_CONTEXT() REPRESENTATION_CONTEXT('2D SPACE',''
  ) );
#2939 = ORIENTED_EDGE('',*,*,#2940,.F.);
#2940 = EDGE_CURVE('',#2941,#2918,#2943,.T.);
#2941 = VERTEX_POINT('',#2942);
#2942 = CARTESIAN_POINT('',(-1.426557128906,0.597770507812,4.79));
#2943 = SURFACE_CURVE('',#2944,(#2948,#2955),.PCURVE_S1.);
#2944 = LINE('',#2945,#2946);
#2945 = CARTESIAN_POINT('',(-1.426557128906,0.597770507812,4.79));
#2946 = VECTOR('',#2947,1.);
#2947 = DIRECTION('',(0.,0.,1.));
#2948 = PCURVE('',#2878,#2949);
#2949 = DEFINITIONAL_REPRESENTATION('',(#2950),#2954);
#2950 = LINE('',#2951,#2952);
#2951 = CARTESIAN_POINT('',(1.,0.));
#2952 = VECTOR('',#2953,1.);
#2953 = DIRECTION('',(0.,-1.));
#2954 = ( GEOMETRIC_REPRESENTATION_CONTEXT(2) 
PARAMETRIC_REPRESENTATION_CONTEXT() REPRESENTATION_CONTEXT('2D SPACE',''
  ) );
#2955 = PCURVE('',#2956,#2963);
#2956 = SURFACE_OF_LINEAR_EXTRUSION('',#2957,#2961);
#2957 = B_SPLINE_CURVE_WITH_KNOTS('',2,(#2958,#2959,#2960),
  .UNSPECIFIED.,.F.,.F.,(3,3),(0.,1.),.PIECEWISE_BEZIER_KNOTS.);
#2958 = CARTESIAN_POINT('',(-1.426557128906,0.597770507812,4.79));
#2959 = CARTESIAN_POINT('',(-1.318662597656,0.692178222656,4.79));
#2960 = CARTESIAN_POINT('',(-1.136808105469,0.692178222656,4.79));
#2961 = VECTOR('',#2962,1.);
#2962 = DIRECTION('',(-0.,-0.,-1.));
#2963 = DEFINITIONAL_REPRESENTATION('',(#2964),#2968);
#2964 = LINE('',#2965,#2966);
#2965 = CARTESIAN_POINT('',(0.,0.));
#2966 = VECTOR('',#2967,1.);
#2967 = DIRECTION('',(0.,-1.));
#2968 = ( GEOMETRIC_REPRESENTATION_CONTEXT(2) 
PARAMETRIC_REPRESENTATION_CONTEXT() REPRESENTATION_CONTEXT('2D SPACE',''
  ) );
#2969 = ORIENTED_EDGE('',*,*,#2970,.F.);
#2970 = EDGE_CURVE('',#2863,#2941,#2971,.T.);
#2971 = SURFACE_CURVE('',#2972,(#2976,#2983),.PCURVE_S1.);
#2972 = B_SPLINE_CURVE_WITH_KNOTS('',2,(#2973,#2974,#2975),
  .UNSPECIFIED.,.F.,.F.,(3,3),(0.,1.),.PIECEWISE_BEZIER_KNOTS.);
#2973 = CARTESIAN_POINT('',(-1.550983886719,0.323248535156,4.79));
#2974 = CARTESIAN_POINT('',(-1.534451660156,0.503362792969,4.79));
#2975 = CARTESIAN_POINT('',(-1.426557128906,0.597770507812,4.79));
#2976 = PCURVE('',#2878,#2977);
#2977 = DEFINITIONAL_REPRESENTATION('',(#2978),#2982);
#2978 = LINE('',#2979,#2980);
#2979 = CARTESIAN_POINT('',(0.,0.));
#2980 = VECTOR('',#2981,1.);
#2981 = DIRECTION('',(1.,0.));
#2982 = ( GEOMETRIC_REPRESENTATION_CONTEXT(2) 
PARAMETRIC_REPRESENTATION_CONTEXT() REPRESENTATION_CONTEXT('2D SPACE',''
  ) );
#2983 = PCURVE('',#1969,#2984);
#2984 = DEFINITIONAL_REPRESENTATION('',(#2985),#2989);
#2985 = B_SPLINE_CURVE_WITH_KNOTS('',2,(#2986,#2987,#2988),
  .UNSPECIFIED.,.F.,.F.,(3,3),(0.,1.),.PIECEWISE_BEZIER_KNOTS.);
#2986 = CARTESIAN_POINT('',(8.353125E-02,0.9118828125));
#2987 = CARTESIAN_POINT('',(0.100063476563,1.091997070312));
#2988 = CARTESIAN_POINT('',(0.207958007813,1.186404785156));
#2989 = ( GEOMETRIC_REPRESENTATION_CONTEXT(2) 
PARAMETRIC_REPRESENTATION_CONTEXT() REPRESENTATION_CONTEXT('2D SPACE',''
  ) );
#2990 = ADVANCED_FACE('',(#2991),#2956,.T.);
#2991 = FACE_BOUND('',#2992,.T.);
#2992 = EDGE_LOOP('',(#2993,#2994,#3017,#3047));
#2993 = ORIENTED_EDGE('',*,*,#2940,.T.);
#2994 = ORIENTED_EDGE('',*,*,#2995,.T.);
#2995 = EDGE_CURVE('',#2918,#2996,#2998,.T.);
#2996 = VERTEX_POINT('',#2997);
#2997 = CARTESIAN_POINT('',(-1.136808105469,0.692178222656,4.83));
#2998 = SURFACE_CURVE('',#2999,(#3003,#3010),.PCURVE_S1.);
#2999 = B_SPLINE_CURVE_WITH_KNOTS('',2,(#3000,#3001,#3002),
  .UNSPECIFIED.,.F.,.F.,(3,3),(0.,1.),.PIECEWISE_BEZIER_KNOTS.);
#3000 = CARTESIAN_POINT('',(-1.426557128906,0.597770507812,4.83));
#3001 = CARTESIAN_POINT('',(-1.318662597656,0.692178222656,4.83));
#3002 = CARTESIAN_POINT('',(-1.136808105469,0.692178222656,4.83));
#3003 = PCURVE('',#2956,#3004);
#3004 = DEFINITIONAL_REPRESENTATION('',(#3005),#3009);
#3005 = LINE('',#3006,#3007);
#3006 = CARTESIAN_POINT('',(0.,-4.E-02));
#3007 = VECTOR('',#3008,1.);
#3008 = DIRECTION('',(1.,0.));
#3009 = ( GEOMETRIC_REPRESENTATION_CONTEXT(2) 
PARAMETRIC_REPRESENTATION_CONTEXT() REPRESENTATION_CONTEXT('2D SPACE',''
  ) );
#3010 = PCURVE('',#1915,#3011);
#3011 = DEFINITIONAL_REPRESENTATION('',(#3012),#3016);
#3012 = B_SPLINE_CURVE_WITH_KNOTS('',2,(#3013,#3014,#3015),
  .UNSPECIFIED.,.F.,.F.,(3,3),(0.,1.),.PIECEWISE_BEZIER_KNOTS.);
#3013 = CARTESIAN_POINT('',(0.207958007813,1.186404785156));
#3014 = CARTESIAN_POINT('',(0.315852539062,1.2808125));
#3015 = CARTESIAN_POINT('',(0.49770703125,1.2808125));
#3016 = ( GEOMETRIC_REPRESENTATION_CONTEXT(2) 
PARAMETRIC_REPRESENTATION_CONTEXT() REPRESENTATION_CONTEXT('2D SPACE',''
  ) );
#3017 = ORIENTED_EDGE('',*,*,#3018,.F.);
#3018 = EDGE_CURVE('',#3019,#2996,#3021,.T.);
#3019 = VERTEX_POINT('',#3020);
#3020 = CARTESIAN_POINT('',(-1.136808105469,0.692178222656,4.79));
#3021 = SURFACE_CURVE('',#3022,(#3026,#3033),.PCURVE_S1.);
#3022 = LINE('',#3023,#3024);
#3023 = CARTESIAN_POINT('',(-1.136808105469,0.692178222656,4.79));
#3024 = VECTOR('',#3025,1.);
#3025 = DIRECTION('',(0.,0.,1.));
#3026 = PCURVE('',#2956,#3027);
#3027 = DEFINITIONAL_REPRESENTATION('',(#3028),#3032);
#3028 = LINE('',#3029,#3030);
#3029 = CARTESIAN_POINT('',(1.,0.));
#3030 = VECTOR('',#3031,1.);
#3031 = DIRECTION('',(0.,-1.));
#3032 = ( GEOMETRIC_REPRESENTATION_CONTEXT(2) 
PARAMETRIC_REPRESENTATION_CONTEXT() REPRESENTATION_CONTEXT('2D SPACE',''
  ) );
#3033 = PCURVE('',#3034,#3041);
#3034 = SURFACE_OF_LINEAR_EXTRUSION('',#3035,#3039);
#3035 = B_SPLINE_CURVE_WITH_KNOTS('',2,(#3036,#3037,#3038),
  .UNSPECIFIED.,.F.,.F.,(3,3),(0.,1.),.PIECEWISE_BEZIER_KNOTS.);
#3036 = CARTESIAN_POINT('',(-1.136808105469,0.692178222656,4.79));
#3037 = CARTESIAN_POINT('',(-0.953213378906,0.692178222656,4.79));
#3038 = CARTESIAN_POINT('',(-0.846188964844,0.590374511719,4.79));
#3039 = VECTOR('',#3040,1.);
#3040 = DIRECTION('',(-0.,-0.,-1.));
#3041 = DEFINITIONAL_REPRESENTATION('',(#3042),#3046);
#3042 = LINE('',#3043,#3044);
#3043 = CARTESIAN_POINT('',(0.,0.));
#3044 = VECTOR('',#3045,1.);
#3045 = DIRECTION('',(0.,-1.));
#3046 = ( GEOMETRIC_REPRESENTATION_CONTEXT(2) 
PARAMETRIC_REPRESENTATION_CONTEXT() REPRESENTATION_CONTEXT('2D SPACE',''
  ) );
#3047 = ORIENTED_EDGE('',*,*,#3048,.F.);
#3048 = EDGE_CURVE('',#2941,#3019,#3049,.T.);
#3049 = SURFACE_CURVE('',#3050,(#3054,#3061),.PCURVE_S1.);
#3050 = B_SPLINE_CURVE_WITH_KNOTS('',2,(#3051,#3052,#3053),
  .UNSPECIFIED.,.F.,.F.,(3,3),(0.,1.),.PIECEWISE_BEZIER_KNOTS.);
#3051 = CARTESIAN_POINT('',(-1.426557128906,0.597770507812,4.79));
#3052 = CARTESIAN_POINT('',(-1.318662597656,0.692178222656,4.79));
#3053 = CARTESIAN_POINT('',(-1.136808105469,0.692178222656,4.79));
#3054 = PCURVE('',#2956,#3055);
#3055 = DEFINITIONAL_REPRESENTATION('',(#3056),#3060);
#3056 = LINE('',#3057,#3058);
#3057 = CARTESIAN_POINT('',(0.,0.));
#3058 = VECTOR('',#3059,1.);
#3059 = DIRECTION('',(1.,0.));
#3060 = ( GEOMETRIC_REPRESENTATION_CONTEXT(2) 
PARAMETRIC_REPRESENTATION_CONTEXT() REPRESENTATION_CONTEXT('2D SPACE',''
  ) );
#3061 = PCURVE('',#1969,#3062);
#3062 = DEFINITIONAL_REPRESENTATION('',(#3063),#3067);
#3063 = B_SPLINE_CURVE_WITH_KNOTS('',2,(#3064,#3065,#3066),
  .UNSPECIFIED.,.F.,.F.,(3,3),(0.,1.),.PIECEWISE_BEZIER_KNOTS.);
#3064 = CARTESIAN_POINT('',(0.207958007813,1.186404785156));
#3065 = CARTESIAN_POINT('',(0.315852539062,1.2808125));
#3066 = CARTESIAN_POINT('',(0.49770703125,1.2808125));
#3067 = ( GEOMETRIC_REPRESENTATION_CONTEXT(2) 
PARAMETRIC_REPRESENTATION_CONTEXT() REPRESENTATION_CONTEXT('2D SPACE',''
  ) );
#3068 = ADVANCED_FACE('',(#3069),#3034,.T.);
#3069 = FACE_BOUND('',#3070,.T.);
#3070 = EDGE_LOOP('',(#3071,#3072,#3095,#3125));
#3071 = ORIENTED_EDGE('',*,*,#3018,.T.);
#3072 = ORIENTED_EDGE('',*,*,#3073,.T.);
#3073 = EDGE_CURVE('',#2996,#3074,#3076,.T.);
#3074 = VERTEX_POINT('',#3075);
#3075 = CARTESIAN_POINT('',(-0.846188964844,0.590374511719,4.83));
#3076 = SURFACE_CURVE('',#3077,(#3081,#3088),.PCURVE_S1.);
#3077 = B_SPLINE_CURVE_WITH_KNOTS('',2,(#3078,#3079,#3080),
  .UNSPECIFIED.,.F.,.F.,(3,3),(0.,1.),.PIECEWISE_BEZIER_KNOTS.);
#3078 = CARTESIAN_POINT('',(-1.136808105469,0.692178222656,4.83));
#3079 = CARTESIAN_POINT('',(-0.953213378906,0.692178222656,4.83));
#3080 = CARTESIAN_POINT('',(-0.846188964844,0.590374511719,4.83));
#3081 = PCURVE('',#3034,#3082);
#3082 = DEFINITIONAL_REPRESENTATION('',(#3083),#3087);
#3083 = LINE('',#3084,#3085);
#3084 = CARTESIAN_POINT('',(0.,-4.E-02));
#3085 = VECTOR('',#3086,1.);
#3086 = DIRECTION('',(1.,0.));
#3087 = ( GEOMETRIC_REPRESENTATION_CONTEXT(2) 
PARAMETRIC_REPRESENTATION_CONTEXT() REPRESENTATION_CONTEXT('2D SPACE',''
  ) );
#3088 = PCURVE('',#1915,#3089);
#3089 = DEFINITIONAL_REPRESENTATION('',(#3090),#3094);
#3090 = B_SPLINE_CURVE_WITH_KNOTS('',2,(#3091,#3092,#3093),
  .UNSPECIFIED.,.F.,.F.,(3,3),(0.,1.),.PIECEWISE_BEZIER_KNOTS.);
#3091 = CARTESIAN_POINT('',(0.49770703125,1.2808125));
#3092 = CARTESIAN_POINT('',(0.681301757813,1.2808125));
#3093 = CARTESIAN_POINT('',(0.788326171875,1.179008789062));
#3094 = ( GEOMETRIC_REPRESENTATION_CONTEXT(2) 
PARAMETRIC_REPRESENTATION_CONTEXT() REPRESENTATION_CONTEXT('2D SPACE',''
  ) );
#3095 = ORIENTED_EDGE('',*,*,#3096,.F.);
#3096 = EDGE_CURVE('',#3097,#3074,#3099,.T.);
#3097 = VERTEX_POINT('',#3098);
#3098 = CARTESIAN_POINT('',(-0.846188964844,0.590374511719,4.79));
#3099 = SURFACE_CURVE('',#3100,(#3104,#3111),.PCURVE_S1.);
#3100 = LINE('',#3101,#3102);
#3101 = CARTESIAN_POINT('',(-0.846188964844,0.590374511719,4.79));
#3102 = VECTOR('',#3103,1.);
#3103 = DIRECTION('',(0.,0.,1.));
#3104 = PCURVE('',#3034,#3105);
#3105 = DEFINITIONAL_REPRESENTATION('',(#3106),#3110);
#3106 = LINE('',#3107,#3108);
#3107 = CARTESIAN_POINT('',(1.,0.));
#3108 = VECTOR('',#3109,1.);
#3109 = DIRECTION('',(0.,-1.));
#3110 = ( GEOMETRIC_REPRESENTATION_CONTEXT(2) 
PARAMETRIC_REPRESENTATION_CONTEXT() REPRESENTATION_CONTEXT('2D SPACE',''
  ) );
#3111 = PCURVE('',#3112,#3119);
#3112 = SURFACE_OF_LINEAR_EXTRUSION('',#3113,#3117);
#3113 = B_SPLINE_CURVE_WITH_KNOTS('',2,(#3114,#3115,#3116),
  .UNSPECIFIED.,.F.,.F.,(3,3),(0.,1.),.PIECEWISE_BEZIER_KNOTS.);
#3114 = CARTESIAN_POINT('',(-0.846188964844,0.590374511719,4.79));
#3115 = CARTESIAN_POINT('',(-0.739164550781,0.488570800781,4.79));
#3116 = CARTESIAN_POINT('',(-0.739164550781,0.338040527344,4.79));
#3117 = VECTOR('',#3118,1.);
#3118 = DIRECTION('',(-0.,-0.,-1.));
#3119 = DEFINITIONAL_REPRESENTATION('',(#3120),#3124);
#3120 = LINE('',#3121,#3122);
#3121 = CARTESIAN_POINT('',(0.,0.));
#3122 = VECTOR('',#3123,1.);
#3123 = DIRECTION('',(0.,-1.));
#3124 = ( GEOMETRIC_REPRESENTATION_CONTEXT(2) 
PARAMETRIC_REPRESENTATION_CONTEXT() REPRESENTATION_CONTEXT('2D SPACE',''
  ) );
#3125 = ORIENTED_EDGE('',*,*,#3126,.F.);
#3126 = EDGE_CURVE('',#3019,#3097,#3127,.T.);
#3127 = SURFACE_CURVE('',#3128,(#3132,#3139),.PCURVE_S1.);
#3128 = B_SPLINE_CURVE_WITH_KNOTS('',2,(#3129,#3130,#3131),
  .UNSPECIFIED.,.F.,.F.,(3,3),(0.,1.),.PIECEWISE_BEZIER_KNOTS.);
#3129 = CARTESIAN_POINT('',(-1.136808105469,0.692178222656,4.79));
#3130 = CARTESIAN_POINT('',(-0.953213378906,0.692178222656,4.79));
#3131 = CARTESIAN_POINT('',(-0.846188964844,0.590374511719,4.79));
#3132 = PCURVE('',#3034,#3133);
#3133 = DEFINITIONAL_REPRESENTATION('',(#3134),#3138);
#3134 = LINE('',#3135,#3136);
#3135 = CARTESIAN_POINT('',(0.,0.));
#3136 = VECTOR('',#3137,1.);
#3137 = DIRECTION('',(1.,0.));
#3138 = ( GEOMETRIC_REPRESENTATION_CONTEXT(2) 
PARAMETRIC_REPRESENTATION_CONTEXT() REPRESENTATION_CONTEXT('2D SPACE',''
  ) );
#3139 = PCURVE('',#1969,#3140);
#3140 = DEFINITIONAL_REPRESENTATION('',(#3141),#3145);
#3141 = B_SPLINE_CURVE_WITH_KNOTS('',2,(#3142,#3143,#3144),
  .UNSPECIFIED.,.F.,.F.,(3,3),(0.,1.),.PIECEWISE_BEZIER_KNOTS.);
#3142 = CARTESIAN_POINT('',(0.49770703125,1.2808125));
#3143 = CARTESIAN_POINT('',(0.681301757813,1.2808125));
#3144 = CARTESIAN_POINT('',(0.788326171875,1.179008789062));
#3145 = ( GEOMETRIC_REPRESENTATION_CONTEXT(2) 
PARAMETRIC_REPRESENTATION_CONTEXT() REPRESENTATION_CONTEXT('2D SPACE',''
  ) );
#3146 = ADVANCED_FACE('',(#3147),#3112,.T.);
#3147 = FACE_BOUND('',#3148,.T.);
#3148 = EDGE_LOOP('',(#3149,#3150,#3173,#3203));
#3149 = ORIENTED_EDGE('',*,*,#3096,.T.);
#3150 = ORIENTED_EDGE('',*,*,#3151,.T.);
#3151 = EDGE_CURVE('',#3074,#3152,#3154,.T.);
#3152 = VERTEX_POINT('',#3153);
#3153 = CARTESIAN_POINT('',(-0.739164550781,0.338040527344,4.83));
#3154 = SURFACE_CURVE('',#3155,(#3159,#3166),.PCURVE_S1.);
#3155 = B_SPLINE_CURVE_WITH_KNOTS('',2,(#3156,#3157,#3158),
  .UNSPECIFIED.,.F.,.F.,(3,3),(0.,1.),.PIECEWISE_BEZIER_KNOTS.);
#3156 = CARTESIAN_POINT('',(-0.846188964844,0.590374511719,4.83));
#3157 = CARTESIAN_POINT('',(-0.739164550781,0.488570800781,4.83));
#3158 = CARTESIAN_POINT('',(-0.739164550781,0.338040527344,4.83));
#3159 = PCURVE('',#3112,#3160);
#3160 = DEFINITIONAL_REPRESENTATION('',(#3161),#3165);
#3161 = LINE('',#3162,#3163);
#3162 = CARTESIAN_POINT('',(0.,-4.E-02));
#3163 = VECTOR('',#3164,1.);
#3164 = DIRECTION('',(1.,0.));
#3165 = ( GEOMETRIC_REPRESENTATION_CONTEXT(2) 
PARAMETRIC_REPRESENTATION_CONTEXT() REPRESENTATION_CONTEXT('2D SPACE',''
  ) );
#3166 = PCURVE('',#1915,#3167);
#3167 = DEFINITIONAL_REPRESENTATION('',(#3168),#3172);
#3168 = B_SPLINE_CURVE_WITH_KNOTS('',2,(#3169,#3170,#3171),
  .UNSPECIFIED.,.F.,.F.,(3,3),(0.,1.),.PIECEWISE_BEZIER_KNOTS.);
#3169 = CARTESIAN_POINT('',(0.788326171875,1.179008789062));
#3170 = CARTESIAN_POINT('',(0.895350585937,1.077205078125));
#3171 = CARTESIAN_POINT('',(0.895350585937,0.926674804687));
#3172 = ( GEOMETRIC_REPRESENTATION_CONTEXT(2) 
PARAMETRIC_REPRESENTATION_CONTEXT() REPRESENTATION_CONTEXT('2D SPACE',''
  ) );
#3173 = ORIENTED_EDGE('',*,*,#3174,.F.);
#3174 = EDGE_CURVE('',#3175,#3152,#3177,.T.);
#3175 = VERTEX_POINT('',#3176);
#3176 = CARTESIAN_POINT('',(-0.739164550781,0.338040527344,4.79));
#3177 = SURFACE_CURVE('',#3178,(#3182,#3189),.PCURVE_S1.);
#3178 = LINE('',#3179,#3180);
#3179 = CARTESIAN_POINT('',(-0.739164550781,0.338040527344,4.79));
#3180 = VECTOR('',#3181,1.);
#3181 = DIRECTION('',(0.,0.,1.));
#3182 = PCURVE('',#3112,#3183);
#3183 = DEFINITIONAL_REPRESENTATION('',(#3184),#3188);
#3184 = LINE('',#3185,#3186);
#3185 = CARTESIAN_POINT('',(1.,0.));
#3186 = VECTOR('',#3187,1.);
#3187 = DIRECTION('',(0.,-1.));
#3188 = ( GEOMETRIC_REPRESENTATION_CONTEXT(2) 
PARAMETRIC_REPRESENTATION_CONTEXT() REPRESENTATION_CONTEXT('2D SPACE',''
  ) );
#3189 = PCURVE('',#3190,#3197);
#3190 = SURFACE_OF_LINEAR_EXTRUSION('',#3191,#3195);
#3191 = B_SPLINE_CURVE_WITH_KNOTS('',2,(#3192,#3193,#3194),
  .UNSPECIFIED.,.F.,.F.,(3,3),(0.,1.),.PIECEWISE_BEZIER_KNOTS.);
#3192 = CARTESIAN_POINT('',(-0.739164550781,0.338040527344,4.79));
#3193 = CARTESIAN_POINT('',(-0.739164550781,0.261470214844,4.79));
#3194 = CARTESIAN_POINT('',(-0.770488769531,0.187510253906,4.79));
#3195 = VECTOR('',#3196,1.);
#3196 = DIRECTION('',(-0.,-0.,-1.));
#3197 = DEFINITIONAL_REPRESENTATION('',(#3198),#3202);
#3198 = LINE('',#3199,#3200);
#3199 = CARTESIAN_POINT('',(0.,0.));
#3200 = VECTOR('',#3201,1.);
#3201 = DIRECTION('',(0.,-1.));
#3202 = ( GEOMETRIC_REPRESENTATION_CONTEXT(2) 
PARAMETRIC_REPRESENTATION_CONTEXT() REPRESENTATION_CONTEXT('2D SPACE',''
  ) );
#3203 = ORIENTED_EDGE('',*,*,#3204,.F.);
#3204 = EDGE_CURVE('',#3097,#3175,#3205,.T.);
#3205 = SURFACE_CURVE('',#3206,(#3210,#3217),.PCURVE_S1.);
#3206 = B_SPLINE_CURVE_WITH_KNOTS('',2,(#3207,#3208,#3209),
  .UNSPECIFIED.,.F.,.F.,(3,3),(0.,1.),.PIECEWISE_BEZIER_KNOTS.);
#3207 = CARTESIAN_POINT('',(-0.846188964844,0.590374511719,4.79));
#3208 = CARTESIAN_POINT('',(-0.739164550781,0.488570800781,4.79));
#3209 = CARTESIAN_POINT('',(-0.739164550781,0.338040527344,4.79));
#3210 = PCURVE('',#3112,#3211);
#3211 = DEFINITIONAL_REPRESENTATION('',(#3212),#3216);
#3212 = LINE('',#3213,#3214);
#3213 = CARTESIAN_POINT('',(0.,0.));
#3214 = VECTOR('',#3215,1.);
#3215 = DIRECTION('',(1.,0.));
#3216 = ( GEOMETRIC_REPRESENTATION_CONTEXT(2) 
PARAMETRIC_REPRESENTATION_CONTEXT() REPRESENTATION_CONTEXT('2D SPACE',''
  ) );
#3217 = PCURVE('',#1969,#3218);
#3218 = DEFINITIONAL_REPRESENTATION('',(#3219),#3223);
#3219 = B_SPLINE_CURVE_WITH_KNOTS('',2,(#3220,#3221,#3222),
  .UNSPECIFIED.,.F.,.F.,(3,3),(0.,1.),.PIECEWISE_BEZIER_KNOTS.);
#3220 = CARTESIAN_POINT('',(0.788326171875,1.179008789062));
#3221 = CARTESIAN_POINT('',(0.895350585937,1.077205078125));
#3222 = CARTESIAN_POINT('',(0.895350585937,0.926674804687));
#3223 = ( GEOMETRIC_REPRESENTATION_CONTEXT(2) 
PARAMETRIC_REPRESENTATION_CONTEXT() REPRESENTATION_CONTEXT('2D SPACE',''
  ) );
#3224 = ADVANCED_FACE('',(#3225),#3190,.T.);
#3225 = FACE_BOUND('',#3226,.T.);
#3226 = EDGE_LOOP('',(#3227,#3228,#3251,#3281));
#3227 = ORIENTED_EDGE('',*,*,#3174,.T.);
#3228 = ORIENTED_EDGE('',*,*,#3229,.T.);
#3229 = EDGE_CURVE('',#3152,#3230,#3232,.T.);
#3230 = VERTEX_POINT('',#3231);
#3231 = CARTESIAN_POINT('',(-0.770488769531,0.187510253906,4.83));
#3232 = SURFACE_CURVE('',#3233,(#3237,#3244),.PCURVE_S1.);
#3233 = B_SPLINE_CURVE_WITH_KNOTS('',2,(#3234,#3235,#3236),
  .UNSPECIFIED.,.F.,.F.,(3,3),(0.,1.),.PIECEWISE_BEZIER_KNOTS.);
#3234 = CARTESIAN_POINT('',(-0.739164550781,0.338040527344,4.83));
#3235 = CARTESIAN_POINT('',(-0.739164550781,0.261470214844,4.83));
#3236 = CARTESIAN_POINT('',(-0.770488769531,0.187510253906,4.83));
#3237 = PCURVE('',#3190,#3238);
#3238 = DEFINITIONAL_REPRESENTATION('',(#3239),#3243);
#3239 = LINE('',#3240,#3241);
#3240 = CARTESIAN_POINT('',(0.,-4.E-02));
#3241 = VECTOR('',#3242,1.);
#3242 = DIRECTION('',(1.,0.));
#3243 = ( GEOMETRIC_REPRESENTATION_CONTEXT(2) 
PARAMETRIC_REPRESENTATION_CONTEXT() REPRESENTATION_CONTEXT('2D SPACE',''
  ) );
#3244 = PCURVE('',#1915,#3245);
#3245 = DEFINITIONAL_REPRESENTATION('',(#3246),#3250);
#3246 = B_SPLINE_CURVE_WITH_KNOTS('',2,(#3247,#3248,#3249),
  .UNSPECIFIED.,.F.,.F.,(3,3),(0.,1.),.PIECEWISE_BEZIER_KNOTS.);
#3247 = CARTESIAN_POINT('',(0.895350585937,0.926674804687));
#3248 = CARTESIAN_POINT('',(0.895350585937,0.850104492187));
#3249 = CARTESIAN_POINT('',(0.864026367187,0.77614453125));
#3250 = ( GEOMETRIC_REPRESENTATION_CONTEXT(2) 
PARAMETRIC_REPRESENTATION_CONTEXT() REPRESENTATION_CONTEXT('2D SPACE',''
  ) );
#3251 = ORIENTED_EDGE('',*,*,#3252,.F.);
#3252 = EDGE_CURVE('',#3253,#3230,#3255,.T.);
#3253 = VERTEX_POINT('',#3254);
#3254 = CARTESIAN_POINT('',(-0.770488769531,0.187510253906,4.79));
#3255 = SURFACE_CURVE('',#3256,(#3260,#3267),.PCURVE_S1.);
#3256 = LINE('',#3257,#3258);
#3257 = CARTESIAN_POINT('',(-0.770488769531,0.187510253906,4.79));
#3258 = VECTOR('',#3259,1.);
#3259 = DIRECTION('',(0.,0.,1.));
#3260 = PCURVE('',#3190,#3261);
#3261 = DEFINITIONAL_REPRESENTATION('',(#3262),#3266);
#3262 = LINE('',#3263,#3264);
#3263 = CARTESIAN_POINT('',(1.,0.));
#3264 = VECTOR('',#3265,1.);
#3265 = DIRECTION('',(0.,-1.));
#3266 = ( GEOMETRIC_REPRESENTATION_CONTEXT(2) 
PARAMETRIC_REPRESENTATION_CONTEXT() REPRESENTATION_CONTEXT('2D SPACE',''
  ) );
#3267 = PCURVE('',#3268,#3275);
#3268 = SURFACE_OF_LINEAR_EXTRUSION('',#3269,#3273);
#3269 = B_SPLINE_CURVE_WITH_KNOTS('',2,(#3270,#3271,#3272),
  .UNSPECIFIED.,.F.,.F.,(3,3),(0.,1.),.PIECEWISE_BEZIER_KNOTS.);
#3270 = CARTESIAN_POINT('',(-0.770488769531,0.187510253906,4.79));
#3271 = CARTESIAN_POINT('',(-0.801812988281,0.113550292969,4.79));
#3272 = CARTESIAN_POINT('',(-0.874467773438,3.175927734375E-02,4.79));
#3273 = VECTOR('',#3274,1.);
#3274 = DIRECTION('',(-0.,-0.,-1.));
#3275 = DEFINITIONAL_REPRESENTATION('',(#3276),#3280);
#3276 = LINE('',#3277,#3278);
#3277 = CARTESIAN_POINT('',(0.,0.));
#3278 = VECTOR('',#3279,1.);
#3279 = DIRECTION('',(0.,-1.));
#3280 = ( GEOMETRIC_REPRESENTATION_CONTEXT(2) 
PARAMETRIC_REPRESENTATION_CONTEXT() REPRESENTATION_CONTEXT('2D SPACE',''
  ) );
#3281 = ORIENTED_EDGE('',*,*,#3282,.F.);
#3282 = EDGE_CURVE('',#3175,#3253,#3283,.T.);
#3283 = SURFACE_CURVE('',#3284,(#3288,#3295),.PCURVE_S1.);
#3284 = B_SPLINE_CURVE_WITH_KNOTS('',2,(#3285,#3286,#3287),
  .UNSPECIFIED.,.F.,.F.,(3,3),(0.,1.),.PIECEWISE_BEZIER_KNOTS.);
#3285 = CARTESIAN_POINT('',(-0.739164550781,0.338040527344,4.79));
#3286 = CARTESIAN_POINT('',(-0.739164550781,0.261470214844,4.79));
#3287 = CARTESIAN_POINT('',(-0.770488769531,0.187510253906,4.79));
#3288 = PCURVE('',#3190,#3289);
#3289 = DEFINITIONAL_REPRESENTATION('',(#3290),#3294);
#3290 = LINE('',#3291,#3292);
#3291 = CARTESIAN_POINT('',(0.,0.));
#3292 = VECTOR('',#3293,1.);
#3293 = DIRECTION('',(1.,0.));
#3294 = ( GEOMETRIC_REPRESENTATION_CONTEXT(2) 
PARAMETRIC_REPRESENTATION_CONTEXT() REPRESENTATION_CONTEXT('2D SPACE',''
  ) );
#3295 = PCURVE('',#1969,#3296);
#3296 = DEFINITIONAL_REPRESENTATION('',(#3297),#3301);
#3297 = B_SPLINE_CURVE_WITH_KNOTS('',2,(#3298,#3299,#3300),
  .UNSPECIFIED.,.F.,.F.,(3,3),(0.,1.),.PIECEWISE_BEZIER_KNOTS.);
#3298 = CARTESIAN_POINT('',(0.895350585937,0.926674804687));
#3299 = CARTESIAN_POINT('',(0.895350585937,0.850104492187));
#3300 = CARTESIAN_POINT('',(0.864026367187,0.77614453125));
#3301 = ( GEOMETRIC_REPRESENTATION_CONTEXT(2) 
PARAMETRIC_REPRESENTATION_CONTEXT() REPRESENTATION_CONTEXT('2D SPACE',''
  ) );
#3302 = ADVANCED_FACE('',(#3303),#3268,.T.);
#3303 = FACE_BOUND('',#3304,.T.);
#3304 = EDGE_LOOP('',(#3305,#3306,#3329,#3359));
#3305 = ORIENTED_EDGE('',*,*,#3252,.T.);
#3306 = ORIENTED_EDGE('',*,*,#3307,.T.);
#3307 = EDGE_CURVE('',#3230,#3308,#3310,.T.);
#3308 = VERTEX_POINT('',#3309);
#3309 = CARTESIAN_POINT('',(-0.874467773438,3.175927734375E-02,4.83));
#3310 = SURFACE_CURVE('',#3311,(#3315,#3322),.PCURVE_S1.);
#3311 = B_SPLINE_CURVE_WITH_KNOTS('',2,(#3312,#3313,#3314),
  .UNSPECIFIED.,.F.,.F.,(3,3),(0.,1.),.PIECEWISE_BEZIER_KNOTS.);
#3312 = CARTESIAN_POINT('',(-0.770488769531,0.187510253906,4.83));
#3313 = CARTESIAN_POINT('',(-0.801812988281,0.113550292969,4.83));
#3314 = CARTESIAN_POINT('',(-0.874467773438,3.175927734375E-02,4.83));
#3315 = PCURVE('',#3268,#3316);
#3316 = DEFINITIONAL_REPRESENTATION('',(#3317),#3321);
#3317 = LINE('',#3318,#3319);
#3318 = CARTESIAN_POINT('',(0.,-4.E-02));
#3319 = VECTOR('',#3320,1.);
#3320 = DIRECTION('',(1.,0.));
#3321 = ( GEOMETRIC_REPRESENTATION_CONTEXT(2) 
PARAMETRIC_REPRESENTATION_CONTEXT() REPRESENTATION_CONTEXT('2D SPACE',''
  ) );
#3322 = PCURVE('',#1915,#3323);
#3323 = DEFINITIONAL_REPRESENTATION('',(#3324),#3328);
#3324 = B_SPLINE_CURVE_WITH_KNOTS('',2,(#3325,#3326,#3327),
  .UNSPECIFIED.,.F.,.F.,(3,3),(0.,1.),.PIECEWISE_BEZIER_KNOTS.);
#3325 = CARTESIAN_POINT('',(0.864026367187,0.77614453125));
#3326 = CARTESIAN_POINT('',(0.832702148438,0.702184570313));
#3327 = CARTESIAN_POINT('',(0.760047363281,0.620393554688));
#3328 = ( GEOMETRIC_REPRESENTATION_CONTEXT(2) 
PARAMETRIC_REPRESENTATION_CONTEXT() REPRESENTATION_CONTEXT('2D SPACE',''
  ) );
#3329 = ORIENTED_EDGE('',*,*,#3330,.F.);
#3330 = EDGE_CURVE('',#3331,#3308,#3333,.T.);
#3331 = VERTEX_POINT('',#3332);
#3332 = CARTESIAN_POINT('',(-0.874467773438,3.175927734375E-02,4.79));
#3333 = SURFACE_CURVE('',#3334,(#3338,#3345),.PCURVE_S1.);
#3334 = LINE('',#3335,#3336);
#3335 = CARTESIAN_POINT('',(-0.874467773438,3.175927734375E-02,4.79));
#3336 = VECTOR('',#3337,1.);
#3337 = DIRECTION('',(0.,0.,1.));
#3338 = PCURVE('',#3268,#3339);
#3339 = DEFINITIONAL_REPRESENTATION('',(#3340),#3344);
#3340 = LINE('',#3341,#3342);
#3341 = CARTESIAN_POINT('',(1.,0.));
#3342 = VECTOR('',#3343,1.);
#3343 = DIRECTION('',(0.,-1.));
#3344 = ( GEOMETRIC_REPRESENTATION_CONTEXT(2) 
PARAMETRIC_REPRESENTATION_CONTEXT() REPRESENTATION_CONTEXT('2D SPACE',''
  ) );
#3345 = PCURVE('',#3346,#3353);
#3346 = SURFACE_OF_LINEAR_EXTRUSION('',#3347,#3351);
#3347 = B_SPLINE_CURVE_WITH_KNOTS('',2,(#3348,#3349,#3350),
  .UNSPECIFIED.,.F.,.F.,(3,3),(0.,1.),.PIECEWISE_BEZIER_KNOTS.);
#3348 = CARTESIAN_POINT('',(-0.874467773438,3.175927734375E-02,4.79));
#3349 = CARTESIAN_POINT('',(-0.947122558594,-5.003173828125E-02,4.79));
#3350 = CARTESIAN_POINT('',(-1.115925292969,-0.192730957031,4.79));
#3351 = VECTOR('',#3352,1.);
#3352 = DIRECTION('',(-0.,-0.,-1.));
#3353 = DEFINITIONAL_REPRESENTATION('',(#3354),#3358);
#3354 = LINE('',#3355,#3356);
#3355 = CARTESIAN_POINT('',(0.,0.));
#3356 = VECTOR('',#3357,1.);
#3357 = DIRECTION('',(0.,-1.));
#3358 = ( GEOMETRIC_REPRESENTATION_CONTEXT(2) 
PARAMETRIC_REPRESENTATION_CONTEXT() REPRESENTATION_CONTEXT('2D SPACE',''
  ) );
#3359 = ORIENTED_EDGE('',*,*,#3360,.F.);
#3360 = EDGE_CURVE('',#3253,#3331,#3361,.T.);
#3361 = SURFACE_CURVE('',#3362,(#3366,#3373),.PCURVE_S1.);
#3362 = B_SPLINE_CURVE_WITH_KNOTS('',2,(#3363,#3364,#3365),
  .UNSPECIFIED.,.F.,.F.,(3,3),(0.,1.),.PIECEWISE_BEZIER_KNOTS.);
#3363 = CARTESIAN_POINT('',(-0.770488769531,0.187510253906,4.79));
#3364 = CARTESIAN_POINT('',(-0.801812988281,0.113550292969,4.79));
#3365 = CARTESIAN_POINT('',(-0.874467773438,3.175927734375E-02,4.79));
#3366 = PCURVE('',#3268,#3367);
#3367 = DEFINITIONAL_REPRESENTATION('',(#3368),#3372);
#3368 = LINE('',#3369,#3370);
#3369 = CARTESIAN_POINT('',(0.,0.));
#3370 = VECTOR('',#3371,1.);
#3371 = DIRECTION('',(1.,0.));
#3372 = ( GEOMETRIC_REPRESENTATION_CONTEXT(2) 
PARAMETRIC_REPRESENTATION_CONTEXT() REPRESENTATION_CONTEXT('2D SPACE',''
  ) );
#3373 = PCURVE('',#1969,#3374);
#3374 = DEFINITIONAL_REPRESENTATION('',(#3375),#3379);
#3375 = B_SPLINE_CURVE_WITH_KNOTS('',2,(#3376,#3377,#3378),
  .UNSPECIFIED.,.F.,.F.,(3,3),(0.,1.),.PIECEWISE_BEZIER_KNOTS.);
#3376 = CARTESIAN_POINT('',(0.864026367187,0.77614453125));
#3377 = CARTESIAN_POINT('',(0.832702148438,0.702184570313));
#3378 = CARTESIAN_POINT('',(0.760047363281,0.620393554688));
#3379 = ( GEOMETRIC_REPRESENTATION_CONTEXT(2) 
PARAMETRIC_REPRESENTATION_CONTEXT() REPRESENTATION_CONTEXT('2D SPACE',''
  ) );
#3380 = ADVANCED_FACE('',(#3381),#3346,.T.);
#3381 = FACE_BOUND('',#3382,.T.);
#3382 = EDGE_LOOP('',(#3383,#3384,#3407,#3437));
#3383 = ORIENTED_EDGE('',*,*,#3330,.T.);
#3384 = ORIENTED_EDGE('',*,*,#3385,.T.);
#3385 = EDGE_CURVE('',#3308,#3386,#3388,.T.);
#3386 = VERTEX_POINT('',#3387);
#3387 = CARTESIAN_POINT('',(-1.115925292969,-0.192730957031,4.83));
#3388 = SURFACE_CURVE('',#3389,(#3393,#3400),.PCURVE_S1.);
#3389 = B_SPLINE_CURVE_WITH_KNOTS('',2,(#3390,#3391,#3392),
  .UNSPECIFIED.,.F.,.F.,(3,3),(0.,1.),.PIECEWISE_BEZIER_KNOTS.);
#3390 = CARTESIAN_POINT('',(-0.874467773438,3.175927734375E-02,4.83));
#3391 = CARTESIAN_POINT('',(-0.947122558594,-5.003173828125E-02,4.83));
#3392 = CARTESIAN_POINT('',(-1.115925292969,-0.192730957031,4.83));
#3393 = PCURVE('',#3346,#3394);
#3394 = DEFINITIONAL_REPRESENTATION('',(#3395),#3399);
#3395 = LINE('',#3396,#3397);
#3396 = CARTESIAN_POINT('',(0.,-4.E-02));
#3397 = VECTOR('',#3398,1.);
#3398 = DIRECTION('',(1.,0.));
#3399 = ( GEOMETRIC_REPRESENTATION_CONTEXT(2) 
PARAMETRIC_REPRESENTATION_CONTEXT() REPRESENTATION_CONTEXT('2D SPACE',''
  ) );
#3400 = PCURVE('',#1915,#3401);
#3401 = DEFINITIONAL_REPRESENTATION('',(#3402),#3406);
#3402 = B_SPLINE_CURVE_WITH_KNOTS('',2,(#3403,#3404,#3405),
  .UNSPECIFIED.,.F.,.F.,(3,3),(0.,1.),.PIECEWISE_BEZIER_KNOTS.);
#3403 = CARTESIAN_POINT('',(0.760047363281,0.620393554688));
#3404 = CARTESIAN_POINT('',(0.687392578125,0.538602539062));
#3405 = CARTESIAN_POINT('',(0.51858984375,0.395903320312));
#3406 = ( GEOMETRIC_REPRESENTATION_CONTEXT(2) 
PARAMETRIC_REPRESENTATION_CONTEXT() REPRESENTATION_CONTEXT('2D SPACE',''
  ) );
#3407 = ORIENTED_EDGE('',*,*,#3408,.F.);
#3408 = EDGE_CURVE('',#3409,#3386,#3411,.T.);
#3409 = VERTEX_POINT('',#3410);
#3410 = CARTESIAN_POINT('',(-1.115925292969,-0.192730957031,4.79));
#3411 = SURFACE_CURVE('',#3412,(#3416,#3423),.PCURVE_S1.);
#3412 = LINE('',#3413,#3414);
#3413 = CARTESIAN_POINT('',(-1.115925292969,-0.192730957031,4.79));
#3414 = VECTOR('',#3415,1.);
#3415 = DIRECTION('',(0.,0.,1.));
#3416 = PCURVE('',#3346,#3417);
#3417 = DEFINITIONAL_REPRESENTATION('',(#3418),#3422);
#3418 = LINE('',#3419,#3420);
#3419 = CARTESIAN_POINT('',(1.,0.));
#3420 = VECTOR('',#3421,1.);
#3421 = DIRECTION('',(0.,-1.));
#3422 = ( GEOMETRIC_REPRESENTATION_CONTEXT(2) 
PARAMETRIC_REPRESENTATION_CONTEXT() REPRESENTATION_CONTEXT('2D SPACE',''
  ) );
#3423 = PCURVE('',#3424,#3431);
#3424 = SURFACE_OF_LINEAR_EXTRUSION('',#3425,#3429);
#3425 = B_SPLINE_CURVE_WITH_KNOTS('',2,(#3426,#3427,#3428),
  .UNSPECIFIED.,.F.,.F.,(3,3),(0.,1.),.PIECEWISE_BEZIER_KNOTS.);
#3426 = CARTESIAN_POINT('',(-1.115925292969,-0.192730957031,4.79));
#3427 = CARTESIAN_POINT('',(-1.256884277344,-0.311066894531,4.79));
#3428 = CARTESIAN_POINT('',(-1.296909667969,-0.353267578125,4.79));
#3429 = VECTOR('',#3430,1.);
#3430 = DIRECTION('',(-0.,-0.,-1.));
#3431 = DEFINITIONAL_REPRESENTATION('',(#3432),#3436);
#3432 = LINE('',#3433,#3434);
#3433 = CARTESIAN_POINT('',(0.,0.));
#3434 = VECTOR('',#3435,1.);
#3435 = DIRECTION('',(0.,-1.));
#3436 = ( GEOMETRIC_REPRESENTATION_CONTEXT(2) 
PARAMETRIC_REPRESENTATION_CONTEXT() REPRESENTATION_CONTEXT('2D SPACE',''
  ) );
#3437 = ORIENTED_EDGE('',*,*,#3438,.F.);
#3438 = EDGE_CURVE('',#3331,#3409,#3439,.T.);
#3439 = SURFACE_CURVE('',#3440,(#3444,#3451),.PCURVE_S1.);
#3440 = B_SPLINE_CURVE_WITH_KNOTS('',2,(#3441,#3442,#3443),
  .UNSPECIFIED.,.F.,.F.,(3,3),(0.,1.),.PIECEWISE_BEZIER_KNOTS.);
#3441 = CARTESIAN_POINT('',(-0.874467773438,3.175927734375E-02,4.79));
#3442 = CARTESIAN_POINT('',(-0.947122558594,-5.003173828125E-02,4.79));
#3443 = CARTESIAN_POINT('',(-1.115925292969,-0.192730957031,4.79));
#3444 = PCURVE('',#3346,#3445);
#3445 = DEFINITIONAL_REPRESENTATION('',(#3446),#3450);
#3446 = LINE('',#3447,#3448);
#3447 = CARTESIAN_POINT('',(0.,0.));
#3448 = VECTOR('',#3449,1.);
#3449 = DIRECTION('',(1.,0.));
#3450 = ( GEOMETRIC_REPRESENTATION_CONTEXT(2) 
PARAMETRIC_REPRESENTATION_CONTEXT() REPRESENTATION_CONTEXT('2D SPACE',''
  ) );
#3451 = PCURVE('',#1969,#3452);
#3452 = DEFINITIONAL_REPRESENTATION('',(#3453),#3457);
#3453 = B_SPLINE_CURVE_WITH_KNOTS('',2,(#3454,#3455,#3456),
  .UNSPECIFIED.,.F.,.F.,(3,3),(0.,1.),.PIECEWISE_BEZIER_KNOTS.);
#3454 = CARTESIAN_POINT('',(0.760047363281,0.620393554688));
#3455 = CARTESIAN_POINT('',(0.687392578125,0.538602539062));
#3456 = CARTESIAN_POINT('',(0.51858984375,0.395903320312));
#3457 = ( GEOMETRIC_REPRESENTATION_CONTEXT(2) 
PARAMETRIC_REPRESENTATION_CONTEXT() REPRESENTATION_CONTEXT('2D SPACE',''
  ) );
#3458 = ADVANCED_FACE('',(#3459),#3424,.T.);
#3459 = FACE_BOUND('',#3460,.T.);
#3460 = EDGE_LOOP('',(#3461,#3462,#3485,#3508));
#3461 = ORIENTED_EDGE('',*,*,#3408,.T.);
#3462 = ORIENTED_EDGE('',*,*,#3463,.T.);
#3463 = EDGE_CURVE('',#3386,#3464,#3466,.T.);
#3464 = VERTEX_POINT('',#3465);
#3465 = CARTESIAN_POINT('',(-1.296909667969,-0.353267578125,4.83));
#3466 = SURFACE_CURVE('',#3467,(#3471,#3478),.PCURVE_S1.);
#3467 = B_SPLINE_CURVE_WITH_KNOTS('',2,(#3468,#3469,#3470),
  .UNSPECIFIED.,.F.,.F.,(3,3),(0.,1.),.PIECEWISE_BEZIER_KNOTS.);
#3468 = CARTESIAN_POINT('',(-1.115925292969,-0.192730957031,4.83));
#3469 = CARTESIAN_POINT('',(-1.256884277344,-0.311066894531,4.83));
#3470 = CARTESIAN_POINT('',(-1.296909667969,-0.353267578125,4.83));
#3471 = PCURVE('',#3424,#3472);
#3472 = DEFINITIONAL_REPRESENTATION('',(#3473),#3477);
#3473 = LINE('',#3474,#3475);
#3474 = CARTESIAN_POINT('',(0.,-4.E-02));
#3475 = VECTOR('',#3476,1.);
#3476 = DIRECTION('',(1.,0.));
#3477 = ( GEOMETRIC_REPRESENTATION_CONTEXT(2) 
PARAMETRIC_REPRESENTATION_CONTEXT() REPRESENTATION_CONTEXT('2D SPACE',''
  ) );
#3478 = PCURVE('',#1915,#3479);
#3479 = DEFINITIONAL_REPRESENTATION('',(#3480),#3484);
#3480 = B_SPLINE_CURVE_WITH_KNOTS('',2,(#3481,#3482,#3483),
  .UNSPECIFIED.,.F.,.F.,(3,3),(0.,1.),.PIECEWISE_BEZIER_KNOTS.);
#3481 = CARTESIAN_POINT('',(0.51858984375,0.395903320312));
#3482 = CARTESIAN_POINT('',(0.377630859375,0.277567382812));
#3483 = CARTESIAN_POINT('',(0.33760546875,0.235366699219));
#3484 = ( GEOMETRIC_REPRESENTATION_CONTEXT(2) 
PARAMETRIC_REPRESENTATION_CONTEXT() REPRESENTATION_CONTEXT('2D SPACE',''
  ) );
#3485 = ORIENTED_EDGE('',*,*,#3486,.F.);
#3486 = EDGE_CURVE('',#3487,#3464,#3489,.T.);
#3487 = VERTEX_POINT('',#3488);
#3488 = CARTESIAN_POINT('',(-1.296909667969,-0.353267578125,4.79));
#3489 = SURFACE_CURVE('',#3490,(#3494,#3501),.PCURVE_S1.);
#3490 = LINE('',#3491,#3492);
#3491 = CARTESIAN_POINT('',(-1.296909667969,-0.353267578125,4.79));
#3492 = VECTOR('',#3493,1.);
#3493 = DIRECTION('',(0.,0.,1.));
#3494 = PCURVE('',#3424,#3495);
#3495 = DEFINITIONAL_REPRESENTATION('',(#3496),#3500);
#3496 = LINE('',#3497,#3498);
#3497 = CARTESIAN_POINT('',(1.,0.));
#3498 = VECTOR('',#3499,1.);
#3499 = DIRECTION('',(0.,-1.));
#3500 = ( GEOMETRIC_REPRESENTATION_CONTEXT(2) 
PARAMETRIC_REPRESENTATION_CONTEXT() REPRESENTATION_CONTEXT('2D SPACE',''
  ) );
#3501 = PCURVE('',#1885,#3502);
#3502 = DEFINITIONAL_REPRESENTATION('',(#3503),#3507);
#3503 = LINE('',#3504,#3505);
#3504 = CARTESIAN_POINT('',(0.,0.));
#3505 = VECTOR('',#3506,1.);
#3506 = DIRECTION('',(0.,-1.));
#3507 = ( GEOMETRIC_REPRESENTATION_CONTEXT(2) 
PARAMETRIC_REPRESENTATION_CONTEXT() REPRESENTATION_CONTEXT('2D SPACE',''
  ) );
#3508 = ORIENTED_EDGE('',*,*,#3509,.F.);
#3509 = EDGE_CURVE('',#3409,#3487,#3510,.T.);
#3510 = SURFACE_CURVE('',#3511,(#3515,#3522),.PCURVE_S1.);
#3511 = B_SPLINE_CURVE_WITH_KNOTS('',2,(#3512,#3513,#3514),
  .UNSPECIFIED.,.F.,.F.,(3,3),(0.,1.),.PIECEWISE_BEZIER_KNOTS.);
#3512 = CARTESIAN_POINT('',(-1.115925292969,-0.192730957031,4.79));
#3513 = CARTESIAN_POINT('',(-1.256884277344,-0.311066894531,4.79));
#3514 = CARTESIAN_POINT('',(-1.296909667969,-0.353267578125,4.79));
#3515 = PCURVE('',#3424,#3516);
#3516 = DEFINITIONAL_REPRESENTATION('',(#3517),#3521);
#3517 = LINE('',#3518,#3519);
#3518 = CARTESIAN_POINT('',(0.,0.));
#3519 = VECTOR('',#3520,1.);
#3520 = DIRECTION('',(1.,0.));
#3521 = ( GEOMETRIC_REPRESENTATION_CONTEXT(2) 
PARAMETRIC_REPRESENTATION_CONTEXT() REPRESENTATION_CONTEXT('2D SPACE',''
  ) );
#3522 = PCURVE('',#1969,#3523);
#3523 = DEFINITIONAL_REPRESENTATION('',(#3524),#3528);
#3524 = B_SPLINE_CURVE_WITH_KNOTS('',2,(#3525,#3526,#3527),
  .UNSPECIFIED.,.F.,.F.,(3,3),(0.,1.),.PIECEWISE_BEZIER_KNOTS.);
#3525 = CARTESIAN_POINT('',(0.51858984375,0.395903320312));
#3526 = CARTESIAN_POINT('',(0.377630859375,0.277567382812));
#3527 = CARTESIAN_POINT('',(0.33760546875,0.235366699219));
#3528 = ( GEOMETRIC_REPRESENTATION_CONTEXT(2) 
PARAMETRIC_REPRESENTATION_CONTEXT() REPRESENTATION_CONTEXT('2D SPACE',''
  ) );
#3529 = ADVANCED_FACE('',(#3530),#1885,.T.);
#3530 = FACE_BOUND('',#3531,.T.);
#3531 = EDGE_LOOP('',(#3532,#3533,#3554,#3555));
#3532 = ORIENTED_EDGE('',*,*,#3486,.T.);
#3533 = ORIENTED_EDGE('',*,*,#3534,.T.);
#3534 = EDGE_CURVE('',#3464,#1865,#3535,.T.);
#3535 = SURFACE_CURVE('',#3536,(#3540,#3547),.PCURVE_S1.);
#3536 = B_SPLINE_CURVE_WITH_KNOTS('',2,(#3537,#3538,#3539),
  .UNSPECIFIED.,.F.,.F.,(3,3),(0.,1.),.PIECEWISE_BEZIER_KNOTS.);
#3537 = CARTESIAN_POINT('',(-1.296909667969,-0.353267578125,4.83));
#3538 = CARTESIAN_POINT('',(-1.336935058594,-0.395468261719,4.83));
#3539 = CARTESIAN_POINT('',(-1.363038574219,-0.438104003906,4.83));
#3540 = PCURVE('',#1885,#3541);
#3541 = DEFINITIONAL_REPRESENTATION('',(#3542),#3546);
#3542 = LINE('',#3543,#3544);
#3543 = CARTESIAN_POINT('',(0.,-4.E-02));
#3544 = VECTOR('',#3545,1.);
#3545 = DIRECTION('',(1.,0.));
#3546 = ( GEOMETRIC_REPRESENTATION_CONTEXT(2) 
PARAMETRIC_REPRESENTATION_CONTEXT() REPRESENTATION_CONTEXT('2D SPACE',''
  ) );
#3547 = PCURVE('',#1915,#3548);
#3548 = DEFINITIONAL_REPRESENTATION('',(#3549),#3553);
#3549 = B_SPLINE_CURVE_WITH_KNOTS('',2,(#3550,#3551,#3552),
  .UNSPECIFIED.,.F.,.F.,(3,3),(0.,1.),.PIECEWISE_BEZIER_KNOTS.);
#3550 = CARTESIAN_POINT('',(0.33760546875,0.235366699219));
#3551 = CARTESIAN_POINT('',(0.297580078125,0.193166015625));
#3552 = CARTESIAN_POINT('',(0.2714765625,0.150530273438));
#3553 = ( GEOMETRIC_REPRESENTATION_CONTEXT(2) 
PARAMETRIC_REPRESENTATION_CONTEXT() REPRESENTATION_CONTEXT('2D SPACE',''
  ) );
#3554 = ORIENTED_EDGE('',*,*,#1862,.F.);
#3555 = ORIENTED_EDGE('',*,*,#3556,.F.);
#3556 = EDGE_CURVE('',#3487,#1863,#3557,.T.);
#3557 = SURFACE_CURVE('',#3558,(#3562,#3569),.PCURVE_S1.);
#3558 = B_SPLINE_CURVE_WITH_KNOTS('',2,(#3559,#3560,#3561),
  .UNSPECIFIED.,.F.,.F.,(3,3),(0.,1.),.PIECEWISE_BEZIER_KNOTS.);
#3559 = CARTESIAN_POINT('',(-1.296909667969,-0.353267578125,4.79));
#3560 = CARTESIAN_POINT('',(-1.336935058594,-0.395468261719,4.79));
#3561 = CARTESIAN_POINT('',(-1.363038574219,-0.438104003906,4.79));
#3562 = PCURVE('',#1885,#3563);
#3563 = DEFINITIONAL_REPRESENTATION('',(#3564),#3568);
#3564 = LINE('',#3565,#3566);
#3565 = CARTESIAN_POINT('',(0.,0.));
#3566 = VECTOR('',#3567,1.);
#3567 = DIRECTION('',(1.,0.));
#3568 = ( GEOMETRIC_REPRESENTATION_CONTEXT(2) 
PARAMETRIC_REPRESENTATION_CONTEXT() REPRESENTATION_CONTEXT('2D SPACE',''
  ) );
#3569 = PCURVE('',#1969,#3570);
#3570 = DEFINITIONAL_REPRESENTATION('',(#3571),#3575);
#3571 = B_SPLINE_CURVE_WITH_KNOTS('',2,(#3572,#3573,#3574),
  .UNSPECIFIED.,.F.,.F.,(3,3),(0.,1.),.PIECEWISE_BEZIER_KNOTS.);
#3572 = CARTESIAN_POINT('',(0.33760546875,0.235366699219));
#3573 = CARTESIAN_POINT('',(0.297580078125,0.193166015625));
#3574 = CARTESIAN_POINT('',(0.2714765625,0.150530273438));
#3575 = ( GEOMETRIC_REPRESENTATION_CONTEXT(2) 
PARAMETRIC_REPRESENTATION_CONTEXT() REPRESENTATION_CONTEXT('2D SPACE',''
  ) );
#3576 = ADVANCED_FACE('',(#3577),#1969,.F.);
#3577 = FACE_BOUND('',#3578,.T.);
#3578 = EDGE_LOOP('',(#3579,#3580,#3581,#3582,#3583,#3584,#3585,#3586,
    #3587,#3588,#3589,#3590,#3591,#3592,#3593,#3594,#3595,#3596,#3597,
    #3598,#3599,#3600));
#3579 = ORIENTED_EDGE('',*,*,#1955,.T.);
#3580 = ORIENTED_EDGE('',*,*,#2036,.T.);
#3581 = ORIENTED_EDGE('',*,*,#2114,.T.);
#3582 = ORIENTED_EDGE('',*,*,#2192,.T.);
#3583 = ORIENTED_EDGE('',*,*,#2270,.T.);
#3584 = ORIENTED_EDGE('',*,*,#2348,.T.);
#3585 = ORIENTED_EDGE('',*,*,#2426,.T.);
#3586 = ORIENTED_EDGE('',*,*,#2504,.T.);
#3587 = ORIENTED_EDGE('',*,*,#2582,.T.);
#3588 = ORIENTED_EDGE('',*,*,#2660,.T.);
#3589 = ORIENTED_EDGE('',*,*,#2738,.T.);
#3590 = ORIENTED_EDGE('',*,*,#2814,.T.);
#3591 = ORIENTED_EDGE('',*,*,#2892,.T.);
#3592 = ORIENTED_EDGE('',*,*,#2970,.T.);
#3593 = ORIENTED_EDGE('',*,*,#3048,.T.);
#3594 = ORIENTED_EDGE('',*,*,#3126,.T.);
#3595 = ORIENTED_EDGE('',*,*,#3204,.T.);
#3596 = ORIENTED_EDGE('',*,*,#3282,.T.);
#3597 = ORIENTED_EDGE('',*,*,#3360,.T.);
#3598 = ORIENTED_EDGE('',*,*,#3438,.T.);
#3599 = ORIENTED_EDGE('',*,*,#3509,.T.);
#3600 = ORIENTED_EDGE('',*,*,#3556,.T.);
#3601 = ADVANCED_FACE('',(#3602),#1915,.T.);
#3602 = FACE_BOUND('',#3603,.F.);
#3603 = EDGE_LOOP('',(#3604,#3605,#3606,#3607,#3608,#3609,#3610,#3611,
    #3612,#3613,#3614,#3615,#3616,#3617,#3618,#3619,#3620,#3621,#3622,
    #3623,#3624,#3625));
#3604 = ORIENTED_EDGE('',*,*,#1899,.T.);
#3605 = ORIENTED_EDGE('',*,*,#1985,.T.);
#3606 = ORIENTED_EDGE('',*,*,#2061,.T.);
#3607 = ORIENTED_EDGE('',*,*,#2139,.T.);
#3608 = ORIENTED_EDGE('',*,*,#2217,.T.);
#3609 = ORIENTED_EDGE('',*,*,#2295,.T.);
#3610 = ORIENTED_EDGE('',*,*,#2373,.T.);
#3611 = ORIENTED_EDGE('',*,*,#2451,.T.);
#3612 = ORIENTED_EDGE('',*,*,#2529,.T.);
#3613 = ORIENTED_EDGE('',*,*,#2607,.T.);
#3614 = ORIENTED_EDGE('',*,*,#2685,.T.);
#3615 = ORIENTED_EDGE('',*,*,#2763,.T.);
#3616 = ORIENTED_EDGE('',*,*,#2839,.T.);
#3617 = ORIENTED_EDGE('',*,*,#2917,.T.);
#3618 = ORIENTED_EDGE('',*,*,#2995,.T.);
#3619 = ORIENTED_EDGE('',*,*,#3073,.T.);
#3620 = ORIENTED_EDGE('',*,*,#3151,.T.);
#3621 = ORIENTED_EDGE('',*,*,#3229,.T.);
#3622 = ORIENTED_EDGE('',*,*,#3307,.T.);
#3623 = ORIENTED_EDGE('',*,*,#3385,.T.);
#3624 = ORIENTED_EDGE('',*,*,#3463,.T.);
#3625 = ORIENTED_EDGE('',*,*,#3534,.T.);
#3626 = MANIFOLD_SOLID_BREP('',#3627);
#3627 = CLOSED_SHELL('',(#3628,#3748,#3824,#3902,#3980,#4058,#4136,#4214
    ,#4292,#4370,#4446,#4522,#4598,#4676,#4754,#4832,#4910,#4986,#5057,
    #5104,#5214,#5292,#5370,#5448,#5526,#5604,#5675,#5722,#5754));
#3628 = ADVANCED_FACE('',(#3629),#3643,.T.);
#3629 = FACE_BOUND('',#3630,.T.);
#3630 = EDGE_LOOP('',(#3631,#3666,#3694,#3722));
#3631 = ORIENTED_EDGE('',*,*,#3632,.T.);
#3632 = EDGE_CURVE('',#3633,#3635,#3637,.T.);
#3633 = VERTEX_POINT('',#3634);
#3634 = CARTESIAN_POINT('',(-0.334560058594,-0.588634277344,4.79));
#3635 = VERTEX_POINT('',#3636);
#3636 = CARTESIAN_POINT('',(-0.334560058594,-0.588634277344,4.83));
#3637 = SURFACE_CURVE('',#3638,(#3642,#3654),.PCURVE_S1.);
#3638 = LINE('',#3639,#3640);
#3639 = CARTESIAN_POINT('',(-0.334560058594,-0.588634277344,4.79));
#3640 = VECTOR('',#3641,1.);
#3641 = DIRECTION('',(0.,0.,1.));
#3642 = PCURVE('',#3643,#3648);
#3643 = PLANE('',#3644);
#3644 = AXIS2_PLACEMENT_3D('',#3645,#3646,#3647);
#3645 = CARTESIAN_POINT('',(-0.334560058594,-0.588634277344,4.79));
#3646 = DIRECTION('',(0.,-1.,0.));
#3647 = DIRECTION('',(-1.,0.,0.));
#3648 = DEFINITIONAL_REPRESENTATION('',(#3649),#3653);
#3649 = LINE('',#3650,#3651);
#3650 = CARTESIAN_POINT('',(0.,-0.));
#3651 = VECTOR('',#3652,1.);
#3652 = DIRECTION('',(0.,-1.));
#3653 = ( GEOMETRIC_REPRESENTATION_CONTEXT(2) 
PARAMETRIC_REPRESENTATION_CONTEXT() REPRESENTATION_CONTEXT('2D SPACE',''
  ) );
#3654 = PCURVE('',#3655,#3660);
#3655 = PLANE('',#3656);
#3656 = AXIS2_PLACEMENT_3D('',#3657,#3658,#3659);
#3657 = CARTESIAN_POINT('',(-0.334560058594,-2.218798828125E-02,4.79));
#3658 = DIRECTION('',(1.,0.,0.));
#3659 = DIRECTION('',(0.,-1.,0.));
#3660 = DEFINITIONAL_REPRESENTATION('',(#3661),#3665);
#3661 = LINE('',#3662,#3663);
#3662 = CARTESIAN_POINT('',(0.566446289063,0.));
#3663 = VECTOR('',#3664,1.);
#3664 = DIRECTION('',(0.,-1.));
#3665 = ( GEOMETRIC_REPRESENTATION_CONTEXT(2) 
PARAMETRIC_REPRESENTATION_CONTEXT() REPRESENTATION_CONTEXT('2D SPACE',''
  ) );
#3666 = ORIENTED_EDGE('',*,*,#3667,.T.);
#3667 = EDGE_CURVE('',#3635,#3668,#3670,.T.);
#3668 = VERTEX_POINT('',#3669);
#3669 = CARTESIAN_POINT('',(-0.503362792969,-0.588634277344,4.83));
#3670 = SURFACE_CURVE('',#3671,(#3675,#3682),.PCURVE_S1.);
#3671 = LINE('',#3672,#3673);
#3672 = CARTESIAN_POINT('',(-0.334560058594,-0.588634277344,4.83));
#3673 = VECTOR('',#3674,1.);
#3674 = DIRECTION('',(-1.,0.,0.));
#3675 = PCURVE('',#3643,#3676);
#3676 = DEFINITIONAL_REPRESENTATION('',(#3677),#3681);
#3677 = LINE('',#3678,#3679);
#3678 = CARTESIAN_POINT('',(0.,-4.E-02));
#3679 = VECTOR('',#3680,1.);
#3680 = DIRECTION('',(1.,0.));
#3681 = ( GEOMETRIC_REPRESENTATION_CONTEXT(2) 
PARAMETRIC_REPRESENTATION_CONTEXT() REPRESENTATION_CONTEXT('2D SPACE',''
  ) );
#3682 = PCURVE('',#3683,#3688);
#3683 = PLANE('',#3684);
#3684 = AXIS2_PLACEMENT_3D('',#3685,#3686,#3687);
#3685 = CARTESIAN_POINT('',(-0.643451660156,-0.588634277344,4.83));
#3686 = DIRECTION('',(0.,0.,1.));
#3687 = DIRECTION('',(1.,0.,0.));
#3688 = DEFINITIONAL_REPRESENTATION('',(#3689),#3693);
#3689 = LINE('',#3690,#3691);
#3690 = CARTESIAN_POINT('',(0.308891601563,0.));
#3691 = VECTOR('',#3692,1.);
#3692 = DIRECTION('',(-1.,0.));
#3693 = ( GEOMETRIC_REPRESENTATION_CONTEXT(2) 
PARAMETRIC_REPRESENTATION_CONTEXT() REPRESENTATION_CONTEXT('2D SPACE',''
  ) );
#3694 = ORIENTED_EDGE('',*,*,#3695,.F.);
#3695 = EDGE_CURVE('',#3696,#3668,#3698,.T.);
#3696 = VERTEX_POINT('',#3697);
#3697 = CARTESIAN_POINT('',(-0.503362792969,-0.588634277344,4.79));
#3698 = SURFACE_CURVE('',#3699,(#3703,#3710),.PCURVE_S1.);
#3699 = LINE('',#3700,#3701);
#3700 = CARTESIAN_POINT('',(-0.503362792969,-0.588634277344,4.79));
#3701 = VECTOR('',#3702,1.);
#3702 = DIRECTION('',(0.,0.,1.));
#3703 = PCURVE('',#3643,#3704);
#3704 = DEFINITIONAL_REPRESENTATION('',(#3705),#3709);
#3705 = LINE('',#3706,#3707);
#3706 = CARTESIAN_POINT('',(0.168802734375,0.));
#3707 = VECTOR('',#3708,1.);
#3708 = DIRECTION('',(0.,-1.));
#3709 = ( GEOMETRIC_REPRESENTATION_CONTEXT(2) 
PARAMETRIC_REPRESENTATION_CONTEXT() REPRESENTATION_CONTEXT('2D SPACE',''
  ) );
#3710 = PCURVE('',#3711,#3716);
#3711 = PLANE('',#3712);
#3712 = AXIS2_PLACEMENT_3D('',#3713,#3714,#3715);
#3713 = CARTESIAN_POINT('',(-0.503362792969,-0.588634277344,4.79));
#3714 = DIRECTION('',(-1.,0.,0.));
#3715 = DIRECTION('',(0.,1.,0.));
#3716 = DEFINITIONAL_REPRESENTATION('',(#3717),#3721);
#3717 = LINE('',#3718,#3719);
#3718 = CARTESIAN_POINT('',(0.,0.));
#3719 = VECTOR('',#3720,1.);
#3720 = DIRECTION('',(0.,-1.));
#3721 = ( GEOMETRIC_REPRESENTATION_CONTEXT(2) 
PARAMETRIC_REPRESENTATION_CONTEXT() REPRESENTATION_CONTEXT('2D SPACE',''
  ) );
#3722 = ORIENTED_EDGE('',*,*,#3723,.F.);
#3723 = EDGE_CURVE('',#3633,#3696,#3724,.T.);
#3724 = SURFACE_CURVE('',#3725,(#3729,#3736),.PCURVE_S1.);
#3725 = LINE('',#3726,#3727);
#3726 = CARTESIAN_POINT('',(-0.334560058594,-0.588634277344,4.79));
#3727 = VECTOR('',#3728,1.);
#3728 = DIRECTION('',(-1.,0.,0.));
#3729 = PCURVE('',#3643,#3730);
#3730 = DEFINITIONAL_REPRESENTATION('',(#3731),#3735);
#3731 = LINE('',#3732,#3733);
#3732 = CARTESIAN_POINT('',(0.,-0.));
#3733 = VECTOR('',#3734,1.);
#3734 = DIRECTION('',(1.,0.));
#3735 = ( GEOMETRIC_REPRESENTATION_CONTEXT(2) 
PARAMETRIC_REPRESENTATION_CONTEXT() REPRESENTATION_CONTEXT('2D SPACE',''
  ) );
#3736 = PCURVE('',#3737,#3742);
#3737 = PLANE('',#3738);
#3738 = AXIS2_PLACEMENT_3D('',#3739,#3740,#3741);
#3739 = CARTESIAN_POINT('',(-0.643451660156,-0.588634277344,4.79));
#3740 = DIRECTION('',(0.,0.,1.));
#3741 = DIRECTION('',(1.,0.,0.));
#3742 = DEFINITIONAL_REPRESENTATION('',(#3743),#3747);
#3743 = LINE('',#3744,#3745);
#3744 = CARTESIAN_POINT('',(0.308891601563,0.));
#3745 = VECTOR('',#3746,1.);
#3746 = DIRECTION('',(-1.,0.));
#3747 = ( GEOMETRIC_REPRESENTATION_CONTEXT(2) 
PARAMETRIC_REPRESENTATION_CONTEXT() REPRESENTATION_CONTEXT('2D SPACE',''
  ) );
#3748 = ADVANCED_FACE('',(#3749),#3711,.T.);
#3749 = FACE_BOUND('',#3750,.T.);
#3750 = EDGE_LOOP('',(#3751,#3752,#3775,#3803));
#3751 = ORIENTED_EDGE('',*,*,#3695,.T.);
#3752 = ORIENTED_EDGE('',*,*,#3753,.T.);
#3753 = EDGE_CURVE('',#3668,#3754,#3756,.T.);
#3754 = VERTEX_POINT('',#3755);
#3755 = CARTESIAN_POINT('',(-0.503362792969,0.686957519531,4.83));
#3756 = SURFACE_CURVE('',#3757,(#3761,#3768),.PCURVE_S1.);
#3757 = LINE('',#3758,#3759);
#3758 = CARTESIAN_POINT('',(-0.503362792969,-0.588634277344,4.83));
#3759 = VECTOR('',#3760,1.);
#3760 = DIRECTION('',(0.,1.,0.));
#3761 = PCURVE('',#3711,#3762);
#3762 = DEFINITIONAL_REPRESENTATION('',(#3763),#3767);
#3763 = LINE('',#3764,#3765);
#3764 = CARTESIAN_POINT('',(0.,-4.E-02));
#3765 = VECTOR('',#3766,1.);
#3766 = DIRECTION('',(1.,0.));
#3767 = ( GEOMETRIC_REPRESENTATION_CONTEXT(2) 
PARAMETRIC_REPRESENTATION_CONTEXT() REPRESENTATION_CONTEXT('2D SPACE',''
  ) );
#3768 = PCURVE('',#3683,#3769);
#3769 = DEFINITIONAL_REPRESENTATION('',(#3770),#3774);
#3770 = LINE('',#3771,#3772);
#3771 = CARTESIAN_POINT('',(0.140088867187,0.));
#3772 = VECTOR('',#3773,1.);
#3773 = DIRECTION('',(0.,1.));
#3774 = ( GEOMETRIC_REPRESENTATION_CONTEXT(2) 
PARAMETRIC_REPRESENTATION_CONTEXT() REPRESENTATION_CONTEXT('2D SPACE',''
  ) );
#3775 = ORIENTED_EDGE('',*,*,#3776,.F.);
#3776 = EDGE_CURVE('',#3777,#3754,#3779,.T.);
#3777 = VERTEX_POINT('',#3778);
#3778 = CARTESIAN_POINT('',(-0.503362792969,0.686957519531,4.79));
#3779 = SURFACE_CURVE('',#3780,(#3784,#3791),.PCURVE_S1.);
#3780 = LINE('',#3781,#3782);
#3781 = CARTESIAN_POINT('',(-0.503362792969,0.686957519531,4.79));
#3782 = VECTOR('',#3783,1.);
#3783 = DIRECTION('',(0.,0.,1.));
#3784 = PCURVE('',#3711,#3785);
#3785 = DEFINITIONAL_REPRESENTATION('',(#3786),#3790);
#3786 = LINE('',#3787,#3788);
#3787 = CARTESIAN_POINT('',(1.275591796875,0.));
#3788 = VECTOR('',#3789,1.);
#3789 = DIRECTION('',(0.,-1.));
#3790 = ( GEOMETRIC_REPRESENTATION_CONTEXT(2) 
PARAMETRIC_REPRESENTATION_CONTEXT() REPRESENTATION_CONTEXT('2D SPACE',''
  ) );
#3791 = PCURVE('',#3792,#3797);
#3792 = PLANE('',#3793);
#3793 = AXIS2_PLACEMENT_3D('',#3794,#3795,#3796);
#3794 = CARTESIAN_POINT('',(-0.503362792969,0.686957519531,4.79));
#3795 = DIRECTION('',(0.,1.,0.));
#3796 = DIRECTION('',(1.,0.,0.));
#3797 = DEFINITIONAL_REPRESENTATION('',(#3798),#3802);
#3798 = LINE('',#3799,#3800);
#3799 = CARTESIAN_POINT('',(0.,0.));
#3800 = VECTOR('',#3801,1.);
#3801 = DIRECTION('',(0.,-1.));
#3802 = ( GEOMETRIC_REPRESENTATION_CONTEXT(2) 
PARAMETRIC_REPRESENTATION_CONTEXT() REPRESENTATION_CONTEXT('2D SPACE',''
  ) );
#3803 = ORIENTED_EDGE('',*,*,#3804,.F.);
#3804 = EDGE_CURVE('',#3696,#3777,#3805,.T.);
#3805 = SURFACE_CURVE('',#3806,(#3810,#3817),.PCURVE_S1.);
#3806 = LINE('',#3807,#3808);
#3807 = CARTESIAN_POINT('',(-0.503362792969,-0.588634277344,4.79));
#3808 = VECTOR('',#3809,1.);
#3809 = DIRECTION('',(0.,1.,0.));
#3810 = PCURVE('',#3711,#3811);
#3811 = DEFINITIONAL_REPRESENTATION('',(#3812),#3816);
#3812 = LINE('',#3813,#3814);
#3813 = CARTESIAN_POINT('',(0.,0.));
#3814 = VECTOR('',#3815,1.);
#3815 = DIRECTION('',(1.,0.));
#3816 = ( GEOMETRIC_REPRESENTATION_CONTEXT(2) 
PARAMETRIC_REPRESENTATION_CONTEXT() REPRESENTATION_CONTEXT('2D SPACE',''
  ) );
#3817 = PCURVE('',#3737,#3818);
#3818 = DEFINITIONAL_REPRESENTATION('',(#3819),#3823);
#3819 = LINE('',#3820,#3821);
#3820 = CARTESIAN_POINT('',(0.140088867187,0.));
#3821 = VECTOR('',#3822,1.);
#3822 = DIRECTION('',(0.,1.));
#3823 = ( GEOMETRIC_REPRESENTATION_CONTEXT(2) 
PARAMETRIC_REPRESENTATION_CONTEXT() REPRESENTATION_CONTEXT('2D SPACE',''
  ) );
#3824 = ADVANCED_FACE('',(#3825),#3792,.T.);
#3825 = FACE_BOUND('',#3826,.T.);
#3826 = EDGE_LOOP('',(#3827,#3828,#3851,#3881));
#3827 = ORIENTED_EDGE('',*,*,#3776,.T.);
#3828 = ORIENTED_EDGE('',*,*,#3829,.T.);
#3829 = EDGE_CURVE('',#3754,#3830,#3832,.T.);
#3830 = VERTEX_POINT('',#3831);
#3831 = CARTESIAN_POINT('',(6.221337890625E-02,0.686957519531,4.83));
#3832 = SURFACE_CURVE('',#3833,(#3837,#3844),.PCURVE_S1.);
#3833 = LINE('',#3834,#3835);
#3834 = CARTESIAN_POINT('',(-0.503362792969,0.686957519531,4.83));
#3835 = VECTOR('',#3836,1.);
#3836 = DIRECTION('',(1.,0.,0.));
#3837 = PCURVE('',#3792,#3838);
#3838 = DEFINITIONAL_REPRESENTATION('',(#3839),#3843);
#3839 = LINE('',#3840,#3841);
#3840 = CARTESIAN_POINT('',(0.,-4.E-02));
#3841 = VECTOR('',#3842,1.);
#3842 = DIRECTION('',(1.,0.));
#3843 = ( GEOMETRIC_REPRESENTATION_CONTEXT(2) 
PARAMETRIC_REPRESENTATION_CONTEXT() REPRESENTATION_CONTEXT('2D SPACE',''
  ) );
#3844 = PCURVE('',#3683,#3845);
#3845 = DEFINITIONAL_REPRESENTATION('',(#3846),#3850);
#3846 = LINE('',#3847,#3848);
#3847 = CARTESIAN_POINT('',(0.140088867187,1.275591796875));
#3848 = VECTOR('',#3849,1.);
#3849 = DIRECTION('',(1.,0.));
#3850 = ( GEOMETRIC_REPRESENTATION_CONTEXT(2) 
PARAMETRIC_REPRESENTATION_CONTEXT() REPRESENTATION_CONTEXT('2D SPACE',''
  ) );
#3851 = ORIENTED_EDGE('',*,*,#3852,.F.);
#3852 = EDGE_CURVE('',#3853,#3830,#3855,.T.);
#3853 = VERTEX_POINT('',#3854);
#3854 = CARTESIAN_POINT('',(6.221337890625E-02,0.686957519531,4.79));
#3855 = SURFACE_CURVE('',#3856,(#3860,#3867),.PCURVE_S1.);
#3856 = LINE('',#3857,#3858);
#3857 = CARTESIAN_POINT('',(6.221337890625E-02,0.686957519531,4.79));
#3858 = VECTOR('',#3859,1.);
#3859 = DIRECTION('',(0.,0.,1.));
#3860 = PCURVE('',#3792,#3861);
#3861 = DEFINITIONAL_REPRESENTATION('',(#3862),#3866);
#3862 = LINE('',#3863,#3864);
#3863 = CARTESIAN_POINT('',(0.565576171875,0.));
#3864 = VECTOR('',#3865,1.);
#3865 = DIRECTION('',(0.,-1.));
#3866 = ( GEOMETRIC_REPRESENTATION_CONTEXT(2) 
PARAMETRIC_REPRESENTATION_CONTEXT() REPRESENTATION_CONTEXT('2D SPACE',''
  ) );
#3867 = PCURVE('',#3868,#3875);
#3868 = SURFACE_OF_LINEAR_EXTRUSION('',#3869,#3873);
#3869 = B_SPLINE_CURVE_WITH_KNOTS('',2,(#3870,#3871,#3872),
  .UNSPECIFIED.,.F.,.F.,(3,3),(0.,1.),.PIECEWISE_BEZIER_KNOTS.);
#3870 = CARTESIAN_POINT('',(6.221337890625E-02,0.686957519531,4.79));
#3871 = CARTESIAN_POINT('',(0.232756347656,0.686957519531,4.79));
#3872 = CARTESIAN_POINT('',(0.321508300781,0.652587890625,4.79));
#3873 = VECTOR('',#3874,1.);
#3874 = DIRECTION('',(-0.,-0.,-1.));
#3875 = DEFINITIONAL_REPRESENTATION('',(#3876),#3880);
#3876 = LINE('',#3877,#3878);
#3877 = CARTESIAN_POINT('',(0.,0.));
#3878 = VECTOR('',#3879,1.);
#3879 = DIRECTION('',(0.,-1.));
#3880 = ( GEOMETRIC_REPRESENTATION_CONTEXT(2) 
PARAMETRIC_REPRESENTATION_CONTEXT() REPRESENTATION_CONTEXT('2D SPACE',''
  ) );
#3881 = ORIENTED_EDGE('',*,*,#3882,.F.);
#3882 = EDGE_CURVE('',#3777,#3853,#3883,.T.);
#3883 = SURFACE_CURVE('',#3884,(#3888,#3895),.PCURVE_S1.);
#3884 = LINE('',#3885,#3886);
#3885 = CARTESIAN_POINT('',(-0.503362792969,0.686957519531,4.79));
#3886 = VECTOR('',#3887,1.);
#3887 = DIRECTION('',(1.,0.,0.));
#3888 = PCURVE('',#3792,#3889);
#3889 = DEFINITIONAL_REPRESENTATION('',(#3890),#3894);
#3890 = LINE('',#3891,#3892);
#3891 = CARTESIAN_POINT('',(0.,0.));
#3892 = VECTOR('',#3893,1.);
#3893 = DIRECTION('',(1.,0.));
#3894 = ( GEOMETRIC_REPRESENTATION_CONTEXT(2) 
PARAMETRIC_REPRESENTATION_CONTEXT() REPRESENTATION_CONTEXT('2D SPACE',''
  ) );
#3895 = PCURVE('',#3737,#3896);
#3896 = DEFINITIONAL_REPRESENTATION('',(#3897),#3901);
#3897 = LINE('',#3898,#3899);
#3898 = CARTESIAN_POINT('',(0.140088867187,1.275591796875));
#3899 = VECTOR('',#3900,1.);
#3900 = DIRECTION('',(1.,0.));
#3901 = ( GEOMETRIC_REPRESENTATION_CONTEXT(2) 
PARAMETRIC_REPRESENTATION_CONTEXT() REPRESENTATION_CONTEXT('2D SPACE',''
  ) );
#3902 = ADVANCED_FACE('',(#3903),#3868,.T.);
#3903 = FACE_BOUND('',#3904,.T.);
#3904 = EDGE_LOOP('',(#3905,#3906,#3929,#3959));
#3905 = ORIENTED_EDGE('',*,*,#3852,.T.);
#3906 = ORIENTED_EDGE('',*,*,#3907,.T.);
#3907 = EDGE_CURVE('',#3830,#3908,#3910,.T.);
#3908 = VERTEX_POINT('',#3909);
#3909 = CARTESIAN_POINT('',(0.321508300781,0.652587890625,4.83));
#3910 = SURFACE_CURVE('',#3911,(#3915,#3922),.PCURVE_S1.);
#3911 = B_SPLINE_CURVE_WITH_KNOTS('',2,(#3912,#3913,#3914),
  .UNSPECIFIED.,.F.,.F.,(3,3),(0.,1.),.PIECEWISE_BEZIER_KNOTS.);
#3912 = CARTESIAN_POINT('',(6.221337890625E-02,0.686957519531,4.83));
#3913 = CARTESIAN_POINT('',(0.232756347656,0.686957519531,4.83));
#3914 = CARTESIAN_POINT('',(0.321508300781,0.652587890625,4.83));
#3915 = PCURVE('',#3868,#3916);
#3916 = DEFINITIONAL_REPRESENTATION('',(#3917),#3921);
#3917 = LINE('',#3918,#3919);
#3918 = CARTESIAN_POINT('',(0.,-4.E-02));
#3919 = VECTOR('',#3920,1.);
#3920 = DIRECTION('',(1.,0.));
#3921 = ( GEOMETRIC_REPRESENTATION_CONTEXT(2) 
PARAMETRIC_REPRESENTATION_CONTEXT() REPRESENTATION_CONTEXT('2D SPACE',''
  ) );
#3922 = PCURVE('',#3683,#3923);
#3923 = DEFINITIONAL_REPRESENTATION('',(#3924),#3928);
#3924 = B_SPLINE_CURVE_WITH_KNOTS('',2,(#3925,#3926,#3927),
  .UNSPECIFIED.,.F.,.F.,(3,3),(0.,1.),.PIECEWISE_BEZIER_KNOTS.);
#3925 = CARTESIAN_POINT('',(0.705665039062,1.275591796875));
#3926 = CARTESIAN_POINT('',(0.876208007812,1.275591796875));
#3927 = CARTESIAN_POINT('',(0.964959960937,1.241222167969));
#3928 = ( GEOMETRIC_REPRESENTATION_CONTEXT(2) 
PARAMETRIC_REPRESENTATION_CONTEXT() REPRESENTATION_CONTEXT('2D SPACE',''
  ) );
#3929 = ORIENTED_EDGE('',*,*,#3930,.F.);
#3930 = EDGE_CURVE('',#3931,#3908,#3933,.T.);
#3931 = VERTEX_POINT('',#3932);
#3932 = CARTESIAN_POINT('',(0.321508300781,0.652587890625,4.79));
#3933 = SURFACE_CURVE('',#3934,(#3938,#3945),.PCURVE_S1.);
#3934 = LINE('',#3935,#3936);
#3935 = CARTESIAN_POINT('',(0.321508300781,0.652587890625,4.79));
#3936 = VECTOR('',#3937,1.);
#3937 = DIRECTION('',(0.,0.,1.));
#3938 = PCURVE('',#3868,#3939);
#3939 = DEFINITIONAL_REPRESENTATION('',(#3940),#3944);
#3940 = LINE('',#3941,#3942);
#3941 = CARTESIAN_POINT('',(1.,0.));
#3942 = VECTOR('',#3943,1.);
#3943 = DIRECTION('',(0.,-1.));
#3944 = ( GEOMETRIC_REPRESENTATION_CONTEXT(2) 
PARAMETRIC_REPRESENTATION_CONTEXT() REPRESENTATION_CONTEXT('2D SPACE',''
  ) );
#3945 = PCURVE('',#3946,#3953);
#3946 = SURFACE_OF_LINEAR_EXTRUSION('',#3947,#3951);
#3947 = B_SPLINE_CURVE_WITH_KNOTS('',2,(#3948,#3949,#3950),
  .UNSPECIFIED.,.F.,.F.,(3,3),(0.,1.),.PIECEWISE_BEZIER_KNOTS.);
#3948 = CARTESIAN_POINT('',(0.321508300781,0.652587890625,4.79));
#3949 = CARTESIAN_POINT('',(0.410260253906,0.618218261719,4.79));
#3950 = CARTESIAN_POINT('',(0.463337402344,0.531206542969,4.79));
#3951 = VECTOR('',#3952,1.);
#3952 = DIRECTION('',(-0.,-0.,-1.));
#3953 = DEFINITIONAL_REPRESENTATION('',(#3954),#3958);
#3954 = LINE('',#3955,#3956);
#3955 = CARTESIAN_POINT('',(0.,0.));
#3956 = VECTOR('',#3957,1.);
#3957 = DIRECTION('',(0.,-1.));
#3958 = ( GEOMETRIC_REPRESENTATION_CONTEXT(2) 
PARAMETRIC_REPRESENTATION_CONTEXT() REPRESENTATION_CONTEXT('2D SPACE',''
  ) );
#3959 = ORIENTED_EDGE('',*,*,#3960,.F.);
#3960 = EDGE_CURVE('',#3853,#3931,#3961,.T.);
#3961 = SURFACE_CURVE('',#3962,(#3966,#3973),.PCURVE_S1.);
#3962 = B_SPLINE_CURVE_WITH_KNOTS('',2,(#3963,#3964,#3965),
  .UNSPECIFIED.,.F.,.F.,(3,3),(0.,1.),.PIECEWISE_BEZIER_KNOTS.);
#3963 = CARTESIAN_POINT('',(6.221337890625E-02,0.686957519531,4.79));
#3964 = CARTESIAN_POINT('',(0.232756347656,0.686957519531,4.79));
#3965 = CARTESIAN_POINT('',(0.321508300781,0.652587890625,4.79));
#3966 = PCURVE('',#3868,#3967);
#3967 = DEFINITIONAL_REPRESENTATION('',(#3968),#3972);
#3968 = LINE('',#3969,#3970);
#3969 = CARTESIAN_POINT('',(0.,0.));
#3970 = VECTOR('',#3971,1.);
#3971 = DIRECTION('',(1.,0.));
#3972 = ( GEOMETRIC_REPRESENTATION_CONTEXT(2) 
PARAMETRIC_REPRESENTATION_CONTEXT() REPRESENTATION_CONTEXT('2D SPACE',''
  ) );
#3973 = PCURVE('',#3737,#3974);
#3974 = DEFINITIONAL_REPRESENTATION('',(#3975),#3979);
#3975 = B_SPLINE_CURVE_WITH_KNOTS('',2,(#3976,#3977,#3978),
  .UNSPECIFIED.,.F.,.F.,(3,3),(0.,1.),.PIECEWISE_BEZIER_KNOTS.);
#3976 = CARTESIAN_POINT('',(0.705665039062,1.275591796875));
#3977 = CARTESIAN_POINT('',(0.876208007812,1.275591796875));
#3978 = CARTESIAN_POINT('',(0.964959960937,1.241222167969));
#3979 = ( GEOMETRIC_REPRESENTATION_CONTEXT(2) 
PARAMETRIC_REPRESENTATION_CONTEXT() REPRESENTATION_CONTEXT('2D SPACE',''
  ) );
#3980 = ADVANCED_FACE('',(#3981),#3946,.T.);
#3981 = FACE_BOUND('',#3982,.T.);
#3982 = EDGE_LOOP('',(#3983,#3984,#4007,#4037));
#3983 = ORIENTED_EDGE('',*,*,#3930,.T.);
#3984 = ORIENTED_EDGE('',*,*,#3985,.T.);
#3985 = EDGE_CURVE('',#3908,#3986,#3988,.T.);
#3986 = VERTEX_POINT('',#3987);
#3987 = CARTESIAN_POINT('',(0.463337402344,0.531206542969,4.83));
#3988 = SURFACE_CURVE('',#3989,(#3993,#4000),.PCURVE_S1.);
#3989 = B_SPLINE_CURVE_WITH_KNOTS('',2,(#3990,#3991,#3992),
  .UNSPECIFIED.,.F.,.F.,(3,3),(0.,1.),.PIECEWISE_BEZIER_KNOTS.);
#3990 = CARTESIAN_POINT('',(0.321508300781,0.652587890625,4.83));
#3991 = CARTESIAN_POINT('',(0.410260253906,0.618218261719,4.83));
#3992 = CARTESIAN_POINT('',(0.463337402344,0.531206542969,4.83));
#3993 = PCURVE('',#3946,#3994);
#3994 = DEFINITIONAL_REPRESENTATION('',(#3995),#3999);
#3995 = LINE('',#3996,#3997);
#3996 = CARTESIAN_POINT('',(0.,-4.E-02));
#3997 = VECTOR('',#3998,1.);
#3998 = DIRECTION('',(1.,0.));
#3999 = ( GEOMETRIC_REPRESENTATION_CONTEXT(2) 
PARAMETRIC_REPRESENTATION_CONTEXT() REPRESENTATION_CONTEXT('2D SPACE',''
  ) );
#4000 = PCURVE('',#3683,#4001);
#4001 = DEFINITIONAL_REPRESENTATION('',(#4002),#4006);
#4002 = B_SPLINE_CURVE_WITH_KNOTS('',2,(#4003,#4004,#4005),
  .UNSPECIFIED.,.F.,.F.,(3,3),(0.,1.),.PIECEWISE_BEZIER_KNOTS.);
#4003 = CARTESIAN_POINT('',(0.964959960937,1.241222167969));
#4004 = CARTESIAN_POINT('',(1.053711914062,1.206852539063));
#4005 = CARTESIAN_POINT('',(1.1067890625,1.119840820313));
#4006 = ( GEOMETRIC_REPRESENTATION_CONTEXT(2) 
PARAMETRIC_REPRESENTATION_CONTEXT() REPRESENTATION_CONTEXT('2D SPACE',''
  ) );
#4007 = ORIENTED_EDGE('',*,*,#4008,.F.);
#4008 = EDGE_CURVE('',#4009,#3986,#4011,.T.);
#4009 = VERTEX_POINT('',#4010);
#4010 = CARTESIAN_POINT('',(0.463337402344,0.531206542969,4.79));
#4011 = SURFACE_CURVE('',#4012,(#4016,#4023),.PCURVE_S1.);
#4012 = LINE('',#4013,#4014);
#4013 = CARTESIAN_POINT('',(0.463337402344,0.531206542969,4.79));
#4014 = VECTOR('',#4015,1.);
#4015 = DIRECTION('',(0.,0.,1.));
#4016 = PCURVE('',#3946,#4017);
#4017 = DEFINITIONAL_REPRESENTATION('',(#4018),#4022);
#4018 = LINE('',#4019,#4020);
#4019 = CARTESIAN_POINT('',(1.,0.));
#4020 = VECTOR('',#4021,1.);
#4021 = DIRECTION('',(0.,-1.));
#4022 = ( GEOMETRIC_REPRESENTATION_CONTEXT(2) 
PARAMETRIC_REPRESENTATION_CONTEXT() REPRESENTATION_CONTEXT('2D SPACE',''
  ) );
#4023 = PCURVE('',#4024,#4031);
#4024 = SURFACE_OF_LINEAR_EXTRUSION('',#4025,#4029);
#4025 = B_SPLINE_CURVE_WITH_KNOTS('',2,(#4026,#4027,#4028),
  .UNSPECIFIED.,.F.,.F.,(3,3),(0.,1.),.PIECEWISE_BEZIER_KNOTS.);
#4026 = CARTESIAN_POINT('',(0.463337402344,0.531206542969,4.79));
#4027 = CARTESIAN_POINT('',(0.516414550781,0.444194824219,4.79));
#4028 = CARTESIAN_POINT('',(0.516414550781,0.338910644531,4.79));
#4029 = VECTOR('',#4030,1.);
#4030 = DIRECTION('',(-0.,-0.,-1.));
#4031 = DEFINITIONAL_REPRESENTATION('',(#4032),#4036);
#4032 = LINE('',#4033,#4034);
#4033 = CARTESIAN_POINT('',(0.,0.));
#4034 = VECTOR('',#4035,1.);
#4035 = DIRECTION('',(0.,-1.));
#4036 = ( GEOMETRIC_REPRESENTATION_CONTEXT(2) 
PARAMETRIC_REPRESENTATION_CONTEXT() REPRESENTATION_CONTEXT('2D SPACE',''
  ) );
#4037 = ORIENTED_EDGE('',*,*,#4038,.F.);
#4038 = EDGE_CURVE('',#3931,#4009,#4039,.T.);
#4039 = SURFACE_CURVE('',#4040,(#4044,#4051),.PCURVE_S1.);
#4040 = B_SPLINE_CURVE_WITH_KNOTS('',2,(#4041,#4042,#4043),
  .UNSPECIFIED.,.F.,.F.,(3,3),(0.,1.),.PIECEWISE_BEZIER_KNOTS.);
#4041 = CARTESIAN_POINT('',(0.321508300781,0.652587890625,4.79));
#4042 = CARTESIAN_POINT('',(0.410260253906,0.618218261719,4.79));
#4043 = CARTESIAN_POINT('',(0.463337402344,0.531206542969,4.79));
#4044 = PCURVE('',#3946,#4045);
#4045 = DEFINITIONAL_REPRESENTATION('',(#4046),#4050);
#4046 = LINE('',#4047,#4048);
#4047 = CARTESIAN_POINT('',(0.,0.));
#4048 = VECTOR('',#4049,1.);
#4049 = DIRECTION('',(1.,0.));
#4050 = ( GEOMETRIC_REPRESENTATION_CONTEXT(2) 
PARAMETRIC_REPRESENTATION_CONTEXT() REPRESENTATION_CONTEXT('2D SPACE',''
  ) );
#4051 = PCURVE('',#3737,#4052);
#4052 = DEFINITIONAL_REPRESENTATION('',(#4053),#4057);
#4053 = B_SPLINE_CURVE_WITH_KNOTS('',2,(#4054,#4055,#4056),
  .UNSPECIFIED.,.F.,.F.,(3,3),(0.,1.),.PIECEWISE_BEZIER_KNOTS.);
#4054 = CARTESIAN_POINT('',(0.964959960937,1.241222167969));
#4055 = CARTESIAN_POINT('',(1.053711914062,1.206852539063));
#4056 = CARTESIAN_POINT('',(1.1067890625,1.119840820313));
#4057 = ( GEOMETRIC_REPRESENTATION_CONTEXT(2) 
PARAMETRIC_REPRESENTATION_CONTEXT() REPRESENTATION_CONTEXT('2D SPACE',''
  ) );
#4058 = ADVANCED_FACE('',(#4059),#4024,.T.);
#4059 = FACE_BOUND('',#4060,.T.);
#4060 = EDGE_LOOP('',(#4061,#4062,#4085,#4115));
#4061 = ORIENTED_EDGE('',*,*,#4008,.T.);
#4062 = ORIENTED_EDGE('',*,*,#4063,.T.);
#4063 = EDGE_CURVE('',#3986,#4064,#4066,.T.);
#4064 = VERTEX_POINT('',#4065);
#4065 = CARTESIAN_POINT('',(0.516414550781,0.338910644531,4.83));
#4066 = SURFACE_CURVE('',#4067,(#4071,#4078),.PCURVE_S1.);
#4067 = B_SPLINE_CURVE_WITH_KNOTS('',2,(#4068,#4069,#4070),
  .UNSPECIFIED.,.F.,.F.,(3,3),(0.,1.),.PIECEWISE_BEZIER_KNOTS.);
#4068 = CARTESIAN_POINT('',(0.463337402344,0.531206542969,4.83));
#4069 = CARTESIAN_POINT('',(0.516414550781,0.444194824219,4.83));
#4070 = CARTESIAN_POINT('',(0.516414550781,0.338910644531,4.83));
#4071 = PCURVE('',#4024,#4072);
#4072 = DEFINITIONAL_REPRESENTATION('',(#4073),#4077);
#4073 = LINE('',#4074,#4075);
#4074 = CARTESIAN_POINT('',(0.,-4.E-02));
#4075 = VECTOR('',#4076,1.);
#4076 = DIRECTION('',(1.,0.));
#4077 = ( GEOMETRIC_REPRESENTATION_CONTEXT(2) 
PARAMETRIC_REPRESENTATION_CONTEXT() REPRESENTATION_CONTEXT('2D SPACE',''
  ) );
#4078 = PCURVE('',#3683,#4079);
#4079 = DEFINITIONAL_REPRESENTATION('',(#4080),#4084);
#4080 = B_SPLINE_CURVE_WITH_KNOTS('',2,(#4081,#4082,#4083),
  .UNSPECIFIED.,.F.,.F.,(3,3),(0.,1.),.PIECEWISE_BEZIER_KNOTS.);
#4081 = CARTESIAN_POINT('',(1.1067890625,1.119840820313));
#4082 = CARTESIAN_POINT('',(1.159866210937,1.032829101562));
#4083 = CARTESIAN_POINT('',(1.159866210937,0.927544921875));
#4084 = ( GEOMETRIC_REPRESENTATION_CONTEXT(2) 
PARAMETRIC_REPRESENTATION_CONTEXT() REPRESENTATION_CONTEXT('2D SPACE',''
  ) );
#4085 = ORIENTED_EDGE('',*,*,#4086,.F.);
#4086 = EDGE_CURVE('',#4087,#4064,#4089,.T.);
#4087 = VERTEX_POINT('',#4088);
#4088 = CARTESIAN_POINT('',(0.516414550781,0.338910644531,4.79));
#4089 = SURFACE_CURVE('',#4090,(#4094,#4101),.PCURVE_S1.);
#4090 = LINE('',#4091,#4092);
#4091 = CARTESIAN_POINT('',(0.516414550781,0.338910644531,4.79));
#4092 = VECTOR('',#4093,1.);
#4093 = DIRECTION('',(0.,0.,1.));
#4094 = PCURVE('',#4024,#4095);
#4095 = DEFINITIONAL_REPRESENTATION('',(#4096),#4100);
#4096 = LINE('',#4097,#4098);
#4097 = CARTESIAN_POINT('',(1.,0.));
#4098 = VECTOR('',#4099,1.);
#4099 = DIRECTION('',(0.,-1.));
#4100 = ( GEOMETRIC_REPRESENTATION_CONTEXT(2) 
PARAMETRIC_REPRESENTATION_CONTEXT() REPRESENTATION_CONTEXT('2D SPACE',''
  ) );
#4101 = PCURVE('',#4102,#4109);
#4102 = SURFACE_OF_LINEAR_EXTRUSION('',#4103,#4107);
#4103 = B_SPLINE_CURVE_WITH_KNOTS('',2,(#4104,#4105,#4106),
  .UNSPECIFIED.,.F.,.F.,(3,3),(0.,1.),.PIECEWISE_BEZIER_KNOTS.);
#4104 = CARTESIAN_POINT('',(0.516414550781,0.338910644531,4.79));
#4105 = CARTESIAN_POINT('',(0.516414550781,0.203172363281,4.79));
#4106 = CARTESIAN_POINT('',(0.428532714844,0.110069824219,4.79));
#4107 = VECTOR('',#4108,1.);
#4108 = DIRECTION('',(-0.,-0.,-1.));
#4109 = DEFINITIONAL_REPRESENTATION('',(#4110),#4114);
#4110 = LINE('',#4111,#4112);
#4111 = CARTESIAN_POINT('',(0.,0.));
#4112 = VECTOR('',#4113,1.);
#4113 = DIRECTION('',(0.,-1.));
#4114 = ( GEOMETRIC_REPRESENTATION_CONTEXT(2) 
PARAMETRIC_REPRESENTATION_CONTEXT() REPRESENTATION_CONTEXT('2D SPACE',''
  ) );
#4115 = ORIENTED_EDGE('',*,*,#4116,.F.);
#4116 = EDGE_CURVE('',#4009,#4087,#4117,.T.);
#4117 = SURFACE_CURVE('',#4118,(#4122,#4129),.PCURVE_S1.);
#4118 = B_SPLINE_CURVE_WITH_KNOTS('',2,(#4119,#4120,#4121),
  .UNSPECIFIED.,.F.,.F.,(3,3),(0.,1.),.PIECEWISE_BEZIER_KNOTS.);
#4119 = CARTESIAN_POINT('',(0.463337402344,0.531206542969,4.79));
#4120 = CARTESIAN_POINT('',(0.516414550781,0.444194824219,4.79));
#4121 = CARTESIAN_POINT('',(0.516414550781,0.338910644531,4.79));
#4122 = PCURVE('',#4024,#4123);
#4123 = DEFINITIONAL_REPRESENTATION('',(#4124),#4128);
#4124 = LINE('',#4125,#4126);
#4125 = CARTESIAN_POINT('',(0.,0.));
#4126 = VECTOR('',#4127,1.);
#4127 = DIRECTION('',(1.,0.));
#4128 = ( GEOMETRIC_REPRESENTATION_CONTEXT(2) 
PARAMETRIC_REPRESENTATION_CONTEXT() REPRESENTATION_CONTEXT('2D SPACE',''
  ) );
#4129 = PCURVE('',#3737,#4130);
#4130 = DEFINITIONAL_REPRESENTATION('',(#4131),#4135);
#4131 = B_SPLINE_CURVE_WITH_KNOTS('',2,(#4132,#4133,#4134),
  .UNSPECIFIED.,.F.,.F.,(3,3),(0.,1.),.PIECEWISE_BEZIER_KNOTS.);
#4132 = CARTESIAN_POINT('',(1.1067890625,1.119840820313));
#4133 = CARTESIAN_POINT('',(1.159866210937,1.032829101562));
#4134 = CARTESIAN_POINT('',(1.159866210937,0.927544921875));
#4135 = ( GEOMETRIC_REPRESENTATION_CONTEXT(2) 
PARAMETRIC_REPRESENTATION_CONTEXT() REPRESENTATION_CONTEXT('2D SPACE',''
  ) );
#4136 = ADVANCED_FACE('',(#4137),#4102,.T.);
#4137 = FACE_BOUND('',#4138,.T.);
#4138 = EDGE_LOOP('',(#4139,#4140,#4163,#4193));
#4139 = ORIENTED_EDGE('',*,*,#4086,.T.);
#4140 = ORIENTED_EDGE('',*,*,#4141,.T.);
#4141 = EDGE_CURVE('',#4064,#4142,#4144,.T.);
#4142 = VERTEX_POINT('',#4143);
#4143 = CARTESIAN_POINT('',(0.428532714844,0.110069824219,4.83));
#4144 = SURFACE_CURVE('',#4145,(#4149,#4156),.PCURVE_S1.);
#4145 = B_SPLINE_CURVE_WITH_KNOTS('',2,(#4146,#4147,#4148),
  .UNSPECIFIED.,.F.,.F.,(3,3),(0.,1.),.PIECEWISE_BEZIER_KNOTS.);
#4146 = CARTESIAN_POINT('',(0.516414550781,0.338910644531,4.83));
#4147 = CARTESIAN_POINT('',(0.516414550781,0.203172363281,4.83));
#4148 = CARTESIAN_POINT('',(0.428532714844,0.110069824219,4.83));
#4149 = PCURVE('',#4102,#4150);
#4150 = DEFINITIONAL_REPRESENTATION('',(#4151),#4155);
#4151 = LINE('',#4152,#4153);
#4152 = CARTESIAN_POINT('',(0.,-4.E-02));
#4153 = VECTOR('',#4154,1.);
#4154 = DIRECTION('',(1.,0.));
#4155 = ( GEOMETRIC_REPRESENTATION_CONTEXT(2) 
PARAMETRIC_REPRESENTATION_CONTEXT() REPRESENTATION_CONTEXT('2D SPACE',''
  ) );
#4156 = PCURVE('',#3683,#4157);
#4157 = DEFINITIONAL_REPRESENTATION('',(#4158),#4162);
#4158 = B_SPLINE_CURVE_WITH_KNOTS('',2,(#4159,#4160,#4161),
  .UNSPECIFIED.,.F.,.F.,(3,3),(0.,1.),.PIECEWISE_BEZIER_KNOTS.);
#4159 = CARTESIAN_POINT('',(1.159866210937,0.927544921875));
#4160 = CARTESIAN_POINT('',(1.159866210937,0.791806640625));
#4161 = CARTESIAN_POINT('',(1.071984375,0.698704101562));
#4162 = ( GEOMETRIC_REPRESENTATION_CONTEXT(2) 
PARAMETRIC_REPRESENTATION_CONTEXT() REPRESENTATION_CONTEXT('2D SPACE',''
  ) );
#4163 = ORIENTED_EDGE('',*,*,#4164,.F.);
#4164 = EDGE_CURVE('',#4165,#4142,#4167,.T.);
#4165 = VERTEX_POINT('',#4166);
#4166 = CARTESIAN_POINT('',(0.428532714844,0.110069824219,4.79));
#4167 = SURFACE_CURVE('',#4168,(#4172,#4179),.PCURVE_S1.);
#4168 = LINE('',#4169,#4170);
#4169 = CARTESIAN_POINT('',(0.428532714844,0.110069824219,4.79));
#4170 = VECTOR('',#4171,1.);
#4171 = DIRECTION('',(0.,0.,1.));
#4172 = PCURVE('',#4102,#4173);
#4173 = DEFINITIONAL_REPRESENTATION('',(#4174),#4178);
#4174 = LINE('',#4175,#4176);
#4175 = CARTESIAN_POINT('',(1.,0.));
#4176 = VECTOR('',#4177,1.);
#4177 = DIRECTION('',(0.,-1.));
#4178 = ( GEOMETRIC_REPRESENTATION_CONTEXT(2) 
PARAMETRIC_REPRESENTATION_CONTEXT() REPRESENTATION_CONTEXT('2D SPACE',''
  ) );
#4179 = PCURVE('',#4180,#4187);
#4180 = SURFACE_OF_LINEAR_EXTRUSION('',#4181,#4185);
#4181 = B_SPLINE_CURVE_WITH_KNOTS('',2,(#4182,#4183,#4184),
  .UNSPECIFIED.,.F.,.F.,(3,3),(0.,1.),.PIECEWISE_BEZIER_KNOTS.);
#4182 = CARTESIAN_POINT('',(0.428532714844,0.110069824219,4.79));
#4183 = CARTESIAN_POINT('',(0.340650878906,1.696728515625E-02,4.79));
#4184 = CARTESIAN_POINT('',(0.157056152344,-8.26611328125E-03,4.79));
#4185 = VECTOR('',#4186,1.);
#4186 = DIRECTION('',(-0.,-0.,-1.));
#4187 = DEFINITIONAL_REPRESENTATION('',(#4188),#4192);
#4188 = LINE('',#4189,#4190);
#4189 = CARTESIAN_POINT('',(0.,0.));
#4190 = VECTOR('',#4191,1.);
#4191 = DIRECTION('',(0.,-1.));
#4192 = ( GEOMETRIC_REPRESENTATION_CONTEXT(2) 
PARAMETRIC_REPRESENTATION_CONTEXT() REPRESENTATION_CONTEXT('2D SPACE',''
  ) );
#4193 = ORIENTED_EDGE('',*,*,#4194,.F.);
#4194 = EDGE_CURVE('',#4087,#4165,#4195,.T.);
#4195 = SURFACE_CURVE('',#4196,(#4200,#4207),.PCURVE_S1.);
#4196 = B_SPLINE_CURVE_WITH_KNOTS('',2,(#4197,#4198,#4199),
  .UNSPECIFIED.,.F.,.F.,(3,3),(0.,1.),.PIECEWISE_BEZIER_KNOTS.);
#4197 = CARTESIAN_POINT('',(0.516414550781,0.338910644531,4.79));
#4198 = CARTESIAN_POINT('',(0.516414550781,0.203172363281,4.79));
#4199 = CARTESIAN_POINT('',(0.428532714844,0.110069824219,4.79));
#4200 = PCURVE('',#4102,#4201);
#4201 = DEFINITIONAL_REPRESENTATION('',(#4202),#4206);
#4202 = LINE('',#4203,#4204);
#4203 = CARTESIAN_POINT('',(0.,0.));
#4204 = VECTOR('',#4205,1.);
#4205 = DIRECTION('',(1.,0.));
#4206 = ( GEOMETRIC_REPRESENTATION_CONTEXT(2) 
PARAMETRIC_REPRESENTATION_CONTEXT() REPRESENTATION_CONTEXT('2D SPACE',''
  ) );
#4207 = PCURVE('',#3737,#4208);
#4208 = DEFINITIONAL_REPRESENTATION('',(#4209),#4213);
#4209 = B_SPLINE_CURVE_WITH_KNOTS('',2,(#4210,#4211,#4212),
  .UNSPECIFIED.,.F.,.F.,(3,3),(0.,1.),.PIECEWISE_BEZIER_KNOTS.);
#4210 = CARTESIAN_POINT('',(1.159866210937,0.927544921875));
#4211 = CARTESIAN_POINT('',(1.159866210937,0.791806640625));
#4212 = CARTESIAN_POINT('',(1.071984375,0.698704101562));
#4213 = ( GEOMETRIC_REPRESENTATION_CONTEXT(2) 
PARAMETRIC_REPRESENTATION_CONTEXT() REPRESENTATION_CONTEXT('2D SPACE',''
  ) );
#4214 = ADVANCED_FACE('',(#4215),#4180,.T.);
#4215 = FACE_BOUND('',#4216,.T.);
#4216 = EDGE_LOOP('',(#4217,#4218,#4241,#4271));
#4217 = ORIENTED_EDGE('',*,*,#4164,.T.);
#4218 = ORIENTED_EDGE('',*,*,#4219,.T.);
#4219 = EDGE_CURVE('',#4142,#4220,#4222,.T.);
#4220 = VERTEX_POINT('',#4221);
#4221 = CARTESIAN_POINT('',(0.157056152344,-8.26611328125E-03,4.83));
#4222 = SURFACE_CURVE('',#4223,(#4227,#4234),.PCURVE_S1.);
#4223 = B_SPLINE_CURVE_WITH_KNOTS('',2,(#4224,#4225,#4226),
  .UNSPECIFIED.,.F.,.F.,(3,3),(0.,1.),.PIECEWISE_BEZIER_KNOTS.);
#4224 = CARTESIAN_POINT('',(0.428532714844,0.110069824219,4.83));
#4225 = CARTESIAN_POINT('',(0.340650878906,1.696728515625E-02,4.83));
#4226 = CARTESIAN_POINT('',(0.157056152344,-8.26611328125E-03,4.83));
#4227 = PCURVE('',#4180,#4228);
#4228 = DEFINITIONAL_REPRESENTATION('',(#4229),#4233);
#4229 = LINE('',#4230,#4231);
#4230 = CARTESIAN_POINT('',(0.,-4.E-02));
#4231 = VECTOR('',#4232,1.);
#4232 = DIRECTION('',(1.,0.));
#4233 = ( GEOMETRIC_REPRESENTATION_CONTEXT(2) 
PARAMETRIC_REPRESENTATION_CONTEXT() REPRESENTATION_CONTEXT('2D SPACE',''
  ) );
#4234 = PCURVE('',#3683,#4235);
#4235 = DEFINITIONAL_REPRESENTATION('',(#4236),#4240);
#4236 = B_SPLINE_CURVE_WITH_KNOTS('',2,(#4237,#4238,#4239),
  .UNSPECIFIED.,.F.,.F.,(3,3),(0.,1.),.PIECEWISE_BEZIER_KNOTS.);
#4237 = CARTESIAN_POINT('',(1.071984375,0.698704101562));
#4238 = CARTESIAN_POINT('',(0.984102539063,0.6056015625));
#4239 = CARTESIAN_POINT('',(0.8005078125,0.580368164063));
#4240 = ( GEOMETRIC_REPRESENTATION_CONTEXT(2) 
PARAMETRIC_REPRESENTATION_CONTEXT() REPRESENTATION_CONTEXT('2D SPACE',''
  ) );
#4241 = ORIENTED_EDGE('',*,*,#4242,.F.);
#4242 = EDGE_CURVE('',#4243,#4220,#4245,.T.);
#4243 = VERTEX_POINT('',#4244);
#4244 = CARTESIAN_POINT('',(0.157056152344,-8.26611328125E-03,4.79));
#4245 = SURFACE_CURVE('',#4246,(#4250,#4257),.PCURVE_S1.);
#4246 = LINE('',#4247,#4248);
#4247 = CARTESIAN_POINT('',(0.157056152344,-8.26611328125E-03,4.79));
#4248 = VECTOR('',#4249,1.);
#4249 = DIRECTION('',(0.,0.,1.));
#4250 = PCURVE('',#4180,#4251);
#4251 = DEFINITIONAL_REPRESENTATION('',(#4252),#4256);
#4252 = LINE('',#4253,#4254);
#4253 = CARTESIAN_POINT('',(1.,0.));
#4254 = VECTOR('',#4255,1.);
#4255 = DIRECTION('',(0.,-1.));
#4256 = ( GEOMETRIC_REPRESENTATION_CONTEXT(2) 
PARAMETRIC_REPRESENTATION_CONTEXT() REPRESENTATION_CONTEXT('2D SPACE',''
  ) );
#4257 = PCURVE('',#4258,#4265);
#4258 = SURFACE_OF_LINEAR_EXTRUSION('',#4259,#4263);
#4259 = B_SPLINE_CURVE_WITH_KNOTS('',2,(#4260,#4261,#4262),
  .UNSPECIFIED.,.F.,.F.,(3,3),(0.,1.),.PIECEWISE_BEZIER_KNOTS.);
#4260 = CARTESIAN_POINT('',(0.157056152344,-8.26611328125E-03,4.79));
#4261 = CARTESIAN_POINT('',(0.224055175781,-4.046044921875E-02,4.79));
#4262 = CARTESIAN_POINT('',(0.258859863281,-7.178466796875E-02,4.79));
#4263 = VECTOR('',#4264,1.);
#4264 = DIRECTION('',(-0.,-0.,-1.));
#4265 = DEFINITIONAL_REPRESENTATION('',(#4266),#4270);
#4266 = LINE('',#4267,#4268);
#4267 = CARTESIAN_POINT('',(0.,0.));
#4268 = VECTOR('',#4269,1.);
#4269 = DIRECTION('',(0.,-1.));
#4270 = ( GEOMETRIC_REPRESENTATION_CONTEXT(2) 
PARAMETRIC_REPRESENTATION_CONTEXT() REPRESENTATION_CONTEXT('2D SPACE',''
  ) );
#4271 = ORIENTED_EDGE('',*,*,#4272,.F.);
#4272 = EDGE_CURVE('',#4165,#4243,#4273,.T.);
#4273 = SURFACE_CURVE('',#4274,(#4278,#4285),.PCURVE_S1.);
#4274 = B_SPLINE_CURVE_WITH_KNOTS('',2,(#4275,#4276,#4277),
  .UNSPECIFIED.,.F.,.F.,(3,3),(0.,1.),.PIECEWISE_BEZIER_KNOTS.);
#4275 = CARTESIAN_POINT('',(0.428532714844,0.110069824219,4.79));
#4276 = CARTESIAN_POINT('',(0.340650878906,1.696728515625E-02,4.79));
#4277 = CARTESIAN_POINT('',(0.157056152344,-8.26611328125E-03,4.79));
#4278 = PCURVE('',#4180,#4279);
#4279 = DEFINITIONAL_REPRESENTATION('',(#4280),#4284);
#4280 = LINE('',#4281,#4282);
#4281 = CARTESIAN_POINT('',(0.,0.));
#4282 = VECTOR('',#4283,1.);
#4283 = DIRECTION('',(1.,0.));
#4284 = ( GEOMETRIC_REPRESENTATION_CONTEXT(2) 
PARAMETRIC_REPRESENTATION_CONTEXT() REPRESENTATION_CONTEXT('2D SPACE',''
  ) );
#4285 = PCURVE('',#3737,#4286);
#4286 = DEFINITIONAL_REPRESENTATION('',(#4287),#4291);
#4287 = B_SPLINE_CURVE_WITH_KNOTS('',2,(#4288,#4289,#4290),
  .UNSPECIFIED.,.F.,.F.,(3,3),(0.,1.),.PIECEWISE_BEZIER_KNOTS.);
#4288 = CARTESIAN_POINT('',(1.071984375,0.698704101562));
#4289 = CARTESIAN_POINT('',(0.984102539063,0.6056015625));
#4290 = CARTESIAN_POINT('',(0.8005078125,0.580368164063));
#4291 = ( GEOMETRIC_REPRESENTATION_CONTEXT(2) 
PARAMETRIC_REPRESENTATION_CONTEXT() REPRESENTATION_CONTEXT('2D SPACE',''
  ) );
#4292 = ADVANCED_FACE('',(#4293),#4258,.T.);
#4293 = FACE_BOUND('',#4294,.T.);
#4294 = EDGE_LOOP('',(#4295,#4296,#4319,#4349));
#4295 = ORIENTED_EDGE('',*,*,#4242,.T.);
#4296 = ORIENTED_EDGE('',*,*,#4297,.T.);
#4297 = EDGE_CURVE('',#4220,#4298,#4300,.T.);
#4298 = VERTEX_POINT('',#4299);
#4299 = CARTESIAN_POINT('',(0.258859863281,-7.178466796875E-02,4.83));
#4300 = SURFACE_CURVE('',#4301,(#4305,#4312),.PCURVE_S1.);
#4301 = B_SPLINE_CURVE_WITH_KNOTS('',2,(#4302,#4303,#4304),
  .UNSPECIFIED.,.F.,.F.,(3,3),(0.,1.),.PIECEWISE_BEZIER_KNOTS.);
#4302 = CARTESIAN_POINT('',(0.157056152344,-8.26611328125E-03,4.83));
#4303 = CARTESIAN_POINT('',(0.224055175781,-4.046044921875E-02,4.83));
#4304 = CARTESIAN_POINT('',(0.258859863281,-7.178466796875E-02,4.83));
#4305 = PCURVE('',#4258,#4306);
#4306 = DEFINITIONAL_REPRESENTATION('',(#4307),#4311);
#4307 = LINE('',#4308,#4309);
#4308 = CARTESIAN_POINT('',(0.,-4.E-02));
#4309 = VECTOR('',#4310,1.);
#4310 = DIRECTION('',(1.,0.));
#4311 = ( GEOMETRIC_REPRESENTATION_CONTEXT(2) 
PARAMETRIC_REPRESENTATION_CONTEXT() REPRESENTATION_CONTEXT('2D SPACE',''
  ) );
#4312 = PCURVE('',#3683,#4313);
#4313 = DEFINITIONAL_REPRESENTATION('',(#4314),#4318);
#4314 = B_SPLINE_CURVE_WITH_KNOTS('',2,(#4315,#4316,#4317),
  .UNSPECIFIED.,.F.,.F.,(3,3),(0.,1.),.PIECEWISE_BEZIER_KNOTS.);
#4315 = CARTESIAN_POINT('',(0.8005078125,0.580368164063));
#4316 = CARTESIAN_POINT('',(0.867506835937,0.548173828125));
#4317 = CARTESIAN_POINT('',(0.902311523437,0.516849609375));
#4318 = ( GEOMETRIC_REPRESENTATION_CONTEXT(2) 
PARAMETRIC_REPRESENTATION_CONTEXT() REPRESENTATION_CONTEXT('2D SPACE',''
  ) );
#4319 = ORIENTED_EDGE('',*,*,#4320,.F.);
#4320 = EDGE_CURVE('',#4321,#4298,#4323,.T.);
#4321 = VERTEX_POINT('',#4322);
#4322 = CARTESIAN_POINT('',(0.258859863281,-7.178466796875E-02,4.79));
#4323 = SURFACE_CURVE('',#4324,(#4328,#4335),.PCURVE_S1.);
#4324 = LINE('',#4325,#4326);
#4325 = CARTESIAN_POINT('',(0.258859863281,-7.178466796875E-02,4.79));
#4326 = VECTOR('',#4327,1.);
#4327 = DIRECTION('',(0.,0.,1.));
#4328 = PCURVE('',#4258,#4329);
#4329 = DEFINITIONAL_REPRESENTATION('',(#4330),#4334);
#4330 = LINE('',#4331,#4332);
#4331 = CARTESIAN_POINT('',(1.,0.));
#4332 = VECTOR('',#4333,1.);
#4333 = DIRECTION('',(0.,-1.));
#4334 = ( GEOMETRIC_REPRESENTATION_CONTEXT(2) 
PARAMETRIC_REPRESENTATION_CONTEXT() REPRESENTATION_CONTEXT('2D SPACE',''
  ) );
#4335 = PCURVE('',#4336,#4343);
#4336 = SURFACE_OF_LINEAR_EXTRUSION('',#4337,#4341);
#4337 = B_SPLINE_CURVE_WITH_KNOTS('',2,(#4338,#4339,#4340),
  .UNSPECIFIED.,.F.,.F.,(3,3),(0.,1.),.PIECEWISE_BEZIER_KNOTS.);
#4338 = CARTESIAN_POINT('',(0.258859863281,-7.178466796875E-02,4.79));
#4339 = CARTESIAN_POINT('',(0.332819824219,-0.139653808594,4.79));
#4340 = CARTESIAN_POINT('',(0.398948730469,-0.241457519531,4.79));
#4341 = VECTOR('',#4342,1.);
#4342 = DIRECTION('',(-0.,-0.,-1.));
#4343 = DEFINITIONAL_REPRESENTATION('',(#4344),#4348);
#4344 = LINE('',#4345,#4346);
#4345 = CARTESIAN_POINT('',(0.,0.));
#4346 = VECTOR('',#4347,1.);
#4347 = DIRECTION('',(0.,-1.));
#4348 = ( GEOMETRIC_REPRESENTATION_CONTEXT(2) 
PARAMETRIC_REPRESENTATION_CONTEXT() REPRESENTATION_CONTEXT('2D SPACE',''
  ) );
#4349 = ORIENTED_EDGE('',*,*,#4350,.F.);
#4350 = EDGE_CURVE('',#4243,#4321,#4351,.T.);
#4351 = SURFACE_CURVE('',#4352,(#4356,#4363),.PCURVE_S1.);
#4352 = B_SPLINE_CURVE_WITH_KNOTS('',2,(#4353,#4354,#4355),
  .UNSPECIFIED.,.F.,.F.,(3,3),(0.,1.),.PIECEWISE_BEZIER_KNOTS.);
#4353 = CARTESIAN_POINT('',(0.157056152344,-8.26611328125E-03,4.79));
#4354 = CARTESIAN_POINT('',(0.224055175781,-4.046044921875E-02,4.79));
#4355 = CARTESIAN_POINT('',(0.258859863281,-7.178466796875E-02,4.79));
#4356 = PCURVE('',#4258,#4357);
#4357 = DEFINITIONAL_REPRESENTATION('',(#4358),#4362);
#4358 = LINE('',#4359,#4360);
#4359 = CARTESIAN_POINT('',(0.,0.));
#4360 = VECTOR('',#4361,1.);
#4361 = DIRECTION('',(1.,0.));
#4362 = ( GEOMETRIC_REPRESENTATION_CONTEXT(2) 
PARAMETRIC_REPRESENTATION_CONTEXT() REPRESENTATION_CONTEXT('2D SPACE',''
  ) );
#4363 = PCURVE('',#3737,#4364);
#4364 = DEFINITIONAL_REPRESENTATION('',(#4365),#4369);
#4365 = B_SPLINE_CURVE_WITH_KNOTS('',2,(#4366,#4367,#4368),
  .UNSPECIFIED.,.F.,.F.,(3,3),(0.,1.),.PIECEWISE_BEZIER_KNOTS.);
#4366 = CARTESIAN_POINT('',(0.8005078125,0.580368164063));
#4367 = CARTESIAN_POINT('',(0.867506835937,0.548173828125));
#4368 = CARTESIAN_POINT('',(0.902311523437,0.516849609375));
#4369 = ( GEOMETRIC_REPRESENTATION_CONTEXT(2) 
PARAMETRIC_REPRESENTATION_CONTEXT() REPRESENTATION_CONTEXT('2D SPACE',''
  ) );
#4370 = ADVANCED_FACE('',(#4371),#4336,.T.);
#4371 = FACE_BOUND('',#4372,.T.);
#4372 = EDGE_LOOP('',(#4373,#4374,#4397,#4425));
#4373 = ORIENTED_EDGE('',*,*,#4320,.T.);
#4374 = ORIENTED_EDGE('',*,*,#4375,.T.);
#4375 = EDGE_CURVE('',#4298,#4376,#4378,.T.);
#4376 = VERTEX_POINT('',#4377);
#4377 = CARTESIAN_POINT('',(0.398948730469,-0.241457519531,4.83));
#4378 = SURFACE_CURVE('',#4379,(#4383,#4390),.PCURVE_S1.);
#4379 = B_SPLINE_CURVE_WITH_KNOTS('',2,(#4380,#4381,#4382),
  .UNSPECIFIED.,.F.,.F.,(3,3),(0.,1.),.PIECEWISE_BEZIER_KNOTS.);
#4380 = CARTESIAN_POINT('',(0.258859863281,-7.178466796875E-02,4.83));
#4381 = CARTESIAN_POINT('',(0.332819824219,-0.139653808594,4.83));
#4382 = CARTESIAN_POINT('',(0.398948730469,-0.241457519531,4.83));
#4383 = PCURVE('',#4336,#4384);
#4384 = DEFINITIONAL_REPRESENTATION('',(#4385),#4389);
#4385 = LINE('',#4386,#4387);
#4386 = CARTESIAN_POINT('',(0.,-4.E-02));
#4387 = VECTOR('',#4388,1.);
#4388 = DIRECTION('',(1.,0.));
#4389 = ( GEOMETRIC_REPRESENTATION_CONTEXT(2) 
PARAMETRIC_REPRESENTATION_CONTEXT() REPRESENTATION_CONTEXT('2D SPACE',''
  ) );
#4390 = PCURVE('',#3683,#4391);
#4391 = DEFINITIONAL_REPRESENTATION('',(#4392),#4396);
#4392 = B_SPLINE_CURVE_WITH_KNOTS('',2,(#4393,#4394,#4395),
  .UNSPECIFIED.,.F.,.F.,(3,3),(0.,1.),.PIECEWISE_BEZIER_KNOTS.);
#4393 = CARTESIAN_POINT('',(0.902311523437,0.516849609375));
#4394 = CARTESIAN_POINT('',(0.976271484375,0.44898046875));
#4395 = CARTESIAN_POINT('',(1.042400390625,0.347176757813));
#4396 = ( GEOMETRIC_REPRESENTATION_CONTEXT(2) 
PARAMETRIC_REPRESENTATION_CONTEXT() REPRESENTATION_CONTEXT('2D SPACE',''
  ) );
#4397 = ORIENTED_EDGE('',*,*,#4398,.F.);
#4398 = EDGE_CURVE('',#4399,#4376,#4401,.T.);
#4399 = VERTEX_POINT('',#4400);
#4400 = CARTESIAN_POINT('',(0.398948730469,-0.241457519531,4.79));
#4401 = SURFACE_CURVE('',#4402,(#4406,#4413),.PCURVE_S1.);
#4402 = LINE('',#4403,#4404);
#4403 = CARTESIAN_POINT('',(0.398948730469,-0.241457519531,4.79));
#4404 = VECTOR('',#4405,1.);
#4405 = DIRECTION('',(0.,0.,1.));
#4406 = PCURVE('',#4336,#4407);
#4407 = DEFINITIONAL_REPRESENTATION('',(#4408),#4412);
#4408 = LINE('',#4409,#4410);
#4409 = CARTESIAN_POINT('',(1.,0.));
#4410 = VECTOR('',#4411,1.);
#4411 = DIRECTION('',(0.,-1.));
#4412 = ( GEOMETRIC_REPRESENTATION_CONTEXT(2) 
PARAMETRIC_REPRESENTATION_CONTEXT() REPRESENTATION_CONTEXT('2D SPACE',''
  ) );
#4413 = PCURVE('',#4414,#4419);
#4414 = PLANE('',#4415);
#4415 = AXIS2_PLACEMENT_3D('',#4416,#4417,#4418);
#4416 = CARTESIAN_POINT('',(0.398948730469,-0.241457519531,4.79));
#4417 = DIRECTION('',(0.84261640637,0.538514244673,0.));
#4418 = DIRECTION('',(0.538514244673,-0.84261640637,0.));
#4419 = DEFINITIONAL_REPRESENTATION('',(#4420),#4424);
#4420 = LINE('',#4421,#4422);
#4421 = CARTESIAN_POINT('',(0.,0.));
#4422 = VECTOR('',#4423,1.);
#4423 = DIRECTION('',(0.,-1.));
#4424 = ( GEOMETRIC_REPRESENTATION_CONTEXT(2) 
PARAMETRIC_REPRESENTATION_CONTEXT() REPRESENTATION_CONTEXT('2D SPACE',''
  ) );
#4425 = ORIENTED_EDGE('',*,*,#4426,.F.);
#4426 = EDGE_CURVE('',#4321,#4399,#4427,.T.);
#4427 = SURFACE_CURVE('',#4428,(#4432,#4439),.PCURVE_S1.);
#4428 = B_SPLINE_CURVE_WITH_KNOTS('',2,(#4429,#4430,#4431),
  .UNSPECIFIED.,.F.,.F.,(3,3),(0.,1.),.PIECEWISE_BEZIER_KNOTS.);
#4429 = CARTESIAN_POINT('',(0.258859863281,-7.178466796875E-02,4.79));
#4430 = CARTESIAN_POINT('',(0.332819824219,-0.139653808594,4.79));
#4431 = CARTESIAN_POINT('',(0.398948730469,-0.241457519531,4.79));
#4432 = PCURVE('',#4336,#4433);
#4433 = DEFINITIONAL_REPRESENTATION('',(#4434),#4438);
#4434 = LINE('',#4435,#4436);
#4435 = CARTESIAN_POINT('',(0.,0.));
#4436 = VECTOR('',#4437,1.);
#4437 = DIRECTION('',(1.,0.));
#4438 = ( GEOMETRIC_REPRESENTATION_CONTEXT(2) 
PARAMETRIC_REPRESENTATION_CONTEXT() REPRESENTATION_CONTEXT('2D SPACE',''
  ) );
#4439 = PCURVE('',#3737,#4440);
#4440 = DEFINITIONAL_REPRESENTATION('',(#4441),#4445);
#4441 = B_SPLINE_CURVE_WITH_KNOTS('',2,(#4442,#4443,#4444),
  .UNSPECIFIED.,.F.,.F.,(3,3),(0.,1.),.PIECEWISE_BEZIER_KNOTS.);
#4442 = CARTESIAN_POINT('',(0.902311523437,0.516849609375));
#4443 = CARTESIAN_POINT('',(0.976271484375,0.44898046875));
#4444 = CARTESIAN_POINT('',(1.042400390625,0.347176757813));
#4445 = ( GEOMETRIC_REPRESENTATION_CONTEXT(2) 
PARAMETRIC_REPRESENTATION_CONTEXT() REPRESENTATION_CONTEXT('2D SPACE',''
  ) );
#4446 = ADVANCED_FACE('',(#4447),#4414,.T.);
#4447 = FACE_BOUND('',#4448,.T.);
#4448 = EDGE_LOOP('',(#4449,#4450,#4473,#4501));
#4449 = ORIENTED_EDGE('',*,*,#4398,.T.);
#4450 = ORIENTED_EDGE('',*,*,#4451,.T.);
#4451 = EDGE_CURVE('',#4376,#4452,#4454,.T.);
#4452 = VERTEX_POINT('',#4453);
#4453 = CARTESIAN_POINT('',(0.620828613281,-0.588634277344,4.83));
#4454 = SURFACE_CURVE('',#4455,(#4459,#4466),.PCURVE_S1.);
#4455 = LINE('',#4456,#4457);
#4456 = CARTESIAN_POINT('',(0.398948730469,-0.241457519531,4.83));
#4457 = VECTOR('',#4458,1.);
#4458 = DIRECTION('',(0.538514244673,-0.84261640637,0.));
#4459 = PCURVE('',#4414,#4460);
#4460 = DEFINITIONAL_REPRESENTATION('',(#4461),#4465);
#4461 = LINE('',#4462,#4463);
#4462 = CARTESIAN_POINT('',(0.,-4.E-02));
#4463 = VECTOR('',#4464,1.);
#4464 = DIRECTION('',(1.,0.));
#4465 = ( GEOMETRIC_REPRESENTATION_CONTEXT(2) 
PARAMETRIC_REPRESENTATION_CONTEXT() REPRESENTATION_CONTEXT('2D SPACE',''
  ) );
#4466 = PCURVE('',#3683,#4467);
#4467 = DEFINITIONAL_REPRESENTATION('',(#4468),#4472);
#4468 = LINE('',#4469,#4470);
#4469 = CARTESIAN_POINT('',(1.042400390625,0.347176757813));
#4470 = VECTOR('',#4471,1.);
#4471 = DIRECTION('',(0.538514244673,-0.84261640637));
#4472 = ( GEOMETRIC_REPRESENTATION_CONTEXT(2) 
PARAMETRIC_REPRESENTATION_CONTEXT() REPRESENTATION_CONTEXT('2D SPACE',''
  ) );
#4473 = ORIENTED_EDGE('',*,*,#4474,.F.);
#4474 = EDGE_CURVE('',#4475,#4452,#4477,.T.);
#4475 = VERTEX_POINT('',#4476);
#4476 = CARTESIAN_POINT('',(0.620828613281,-0.588634277344,4.79));
#4477 = SURFACE_CURVE('',#4478,(#4482,#4489),.PCURVE_S1.);
#4478 = LINE('',#4479,#4480);
#4479 = CARTESIAN_POINT('',(0.620828613281,-0.588634277344,4.79));
#4480 = VECTOR('',#4481,1.);
#4481 = DIRECTION('',(0.,0.,1.));
#4482 = PCURVE('',#4414,#4483);
#4483 = DEFINITIONAL_REPRESENTATION('',(#4484),#4488);
#4484 = LINE('',#4485,#4486);
#4485 = CARTESIAN_POINT('',(0.412022309544,0.));
#4486 = VECTOR('',#4487,1.);
#4487 = DIRECTION('',(0.,-1.));
#4488 = ( GEOMETRIC_REPRESENTATION_CONTEXT(2) 
PARAMETRIC_REPRESENTATION_CONTEXT() REPRESENTATION_CONTEXT('2D SPACE',''
  ) );
#4489 = PCURVE('',#4490,#4495);
#4490 = PLANE('',#4491);
#4491 = AXIS2_PLACEMENT_3D('',#4492,#4493,#4494);
#4492 = CARTESIAN_POINT('',(0.620828613281,-0.588634277344,4.79));
#4493 = DIRECTION('',(0.,-1.,0.));
#4494 = DIRECTION('',(-1.,0.,0.));
#4495 = DEFINITIONAL_REPRESENTATION('',(#4496),#4500);
#4496 = LINE('',#4497,#4498);
#4497 = CARTESIAN_POINT('',(0.,-0.));
#4498 = VECTOR('',#4499,1.);
#4499 = DIRECTION('',(0.,-1.));
#4500 = ( GEOMETRIC_REPRESENTATION_CONTEXT(2) 
PARAMETRIC_REPRESENTATION_CONTEXT() REPRESENTATION_CONTEXT('2D SPACE',''
  ) );
#4501 = ORIENTED_EDGE('',*,*,#4502,.F.);
#4502 = EDGE_CURVE('',#4399,#4475,#4503,.T.);
#4503 = SURFACE_CURVE('',#4504,(#4508,#4515),.PCURVE_S1.);
#4504 = LINE('',#4505,#4506);
#4505 = CARTESIAN_POINT('',(0.398948730469,-0.241457519531,4.79));
#4506 = VECTOR('',#4507,1.);
#4507 = DIRECTION('',(0.538514244673,-0.84261640637,0.));
#4508 = PCURVE('',#4414,#4509);
#4509 = DEFINITIONAL_REPRESENTATION('',(#4510),#4514);
#4510 = LINE('',#4511,#4512);
#4511 = CARTESIAN_POINT('',(0.,0.));
#4512 = VECTOR('',#4513,1.);
#4513 = DIRECTION('',(1.,0.));
#4514 = ( GEOMETRIC_REPRESENTATION_CONTEXT(2) 
PARAMETRIC_REPRESENTATION_CONTEXT() REPRESENTATION_CONTEXT('2D SPACE',''
  ) );
#4515 = PCURVE('',#3737,#4516);
#4516 = DEFINITIONAL_REPRESENTATION('',(#4517),#4521);
#4517 = LINE('',#4518,#4519);
#4518 = CARTESIAN_POINT('',(1.042400390625,0.347176757813));
#4519 = VECTOR('',#4520,1.);
#4520 = DIRECTION('',(0.538514244673,-0.84261640637));
#4521 = ( GEOMETRIC_REPRESENTATION_CONTEXT(2) 
PARAMETRIC_REPRESENTATION_CONTEXT() REPRESENTATION_CONTEXT('2D SPACE',''
  ) );
#4522 = ADVANCED_FACE('',(#4523),#4490,.T.);
#4523 = FACE_BOUND('',#4524,.T.);
#4524 = EDGE_LOOP('',(#4525,#4526,#4549,#4577));
#4525 = ORIENTED_EDGE('',*,*,#4474,.T.);
#4526 = ORIENTED_EDGE('',*,*,#4527,.T.);
#4527 = EDGE_CURVE('',#4452,#4528,#4530,.T.);
#4528 = VERTEX_POINT('',#4529);
#4529 = CARTESIAN_POINT('',(0.408520019531,-0.588634277344,4.83));
#4530 = SURFACE_CURVE('',#4531,(#4535,#4542),.PCURVE_S1.);
#4531 = LINE('',#4532,#4533);
#4532 = CARTESIAN_POINT('',(0.620828613281,-0.588634277344,4.83));
#4533 = VECTOR('',#4534,1.);
#4534 = DIRECTION('',(-1.,0.,0.));
#4535 = PCURVE('',#4490,#4536);
#4536 = DEFINITIONAL_REPRESENTATION('',(#4537),#4541);
#4537 = LINE('',#4538,#4539);
#4538 = CARTESIAN_POINT('',(0.,-4.E-02));
#4539 = VECTOR('',#4540,1.);
#4540 = DIRECTION('',(1.,0.));
#4541 = ( GEOMETRIC_REPRESENTATION_CONTEXT(2) 
PARAMETRIC_REPRESENTATION_CONTEXT() REPRESENTATION_CONTEXT('2D SPACE',''
  ) );
#4542 = PCURVE('',#3683,#4543);
#4543 = DEFINITIONAL_REPRESENTATION('',(#4544),#4548);
#4544 = LINE('',#4545,#4546);
#4545 = CARTESIAN_POINT('',(1.264280273438,0.));
#4546 = VECTOR('',#4547,1.);
#4547 = DIRECTION('',(-1.,0.));
#4548 = ( GEOMETRIC_REPRESENTATION_CONTEXT(2) 
PARAMETRIC_REPRESENTATION_CONTEXT() REPRESENTATION_CONTEXT('2D SPACE',''
  ) );
#4549 = ORIENTED_EDGE('',*,*,#4550,.F.);
#4550 = EDGE_CURVE('',#4551,#4528,#4553,.T.);
#4551 = VERTEX_POINT('',#4552);
#4552 = CARTESIAN_POINT('',(0.408520019531,-0.588634277344,4.79));
#4553 = SURFACE_CURVE('',#4554,(#4558,#4565),.PCURVE_S1.);
#4554 = LINE('',#4555,#4556);
#4555 = CARTESIAN_POINT('',(0.408520019531,-0.588634277344,4.79));
#4556 = VECTOR('',#4557,1.);
#4557 = DIRECTION('',(0.,0.,1.));
#4558 = PCURVE('',#4490,#4559);
#4559 = DEFINITIONAL_REPRESENTATION('',(#4560),#4564);
#4560 = LINE('',#4561,#4562);
#4561 = CARTESIAN_POINT('',(0.21230859375,0.));
#4562 = VECTOR('',#4563,1.);
#4563 = DIRECTION('',(0.,-1.));
#4564 = ( GEOMETRIC_REPRESENTATION_CONTEXT(2) 
PARAMETRIC_REPRESENTATION_CONTEXT() REPRESENTATION_CONTEXT('2D SPACE',''
  ) );
#4565 = PCURVE('',#4566,#4571);
#4566 = PLANE('',#4567);
#4567 = AXIS2_PLACEMENT_3D('',#4568,#4569,#4570);
#4568 = CARTESIAN_POINT('',(0.408520019531,-0.588634277344,4.79));
#4569 = DIRECTION('',(-0.843775382486,-0.536696472795,0.));
#4570 = DIRECTION('',(-0.536696472795,0.843775382486,0.));
#4571 = DEFINITIONAL_REPRESENTATION('',(#4572),#4576);
#4572 = LINE('',#4573,#4574);
#4573 = CARTESIAN_POINT('',(0.,0.));
#4574 = VECTOR('',#4575,1.);
#4575 = DIRECTION('',(0.,-1.));
#4576 = ( GEOMETRIC_REPRESENTATION_CONTEXT(2) 
PARAMETRIC_REPRESENTATION_CONTEXT() REPRESENTATION_CONTEXT('2D SPACE',''
  ) );
#4577 = ORIENTED_EDGE('',*,*,#4578,.F.);
#4578 = EDGE_CURVE('',#4475,#4551,#4579,.T.);
#4579 = SURFACE_CURVE('',#4580,(#4584,#4591),.PCURVE_S1.);
#4580 = LINE('',#4581,#4582);
#4581 = CARTESIAN_POINT('',(0.620828613281,-0.588634277344,4.79));
#4582 = VECTOR('',#4583,1.);
#4583 = DIRECTION('',(-1.,0.,0.));
#4584 = PCURVE('',#4490,#4585);
#4585 = DEFINITIONAL_REPRESENTATION('',(#4586),#4590);
#4586 = LINE('',#4587,#4588);
#4587 = CARTESIAN_POINT('',(0.,-0.));
#4588 = VECTOR('',#4589,1.);
#4589 = DIRECTION('',(1.,0.));
#4590 = ( GEOMETRIC_REPRESENTATION_CONTEXT(2) 
PARAMETRIC_REPRESENTATION_CONTEXT() REPRESENTATION_CONTEXT('2D SPACE',''
  ) );
#4591 = PCURVE('',#3737,#4592);
#4592 = DEFINITIONAL_REPRESENTATION('',(#4593),#4597);
#4593 = LINE('',#4594,#4595);
#4594 = CARTESIAN_POINT('',(1.264280273438,0.));
#4595 = VECTOR('',#4596,1.);
#4596 = DIRECTION('',(-1.,0.));
#4597 = ( GEOMETRIC_REPRESENTATION_CONTEXT(2) 
PARAMETRIC_REPRESENTATION_CONTEXT() REPRESENTATION_CONTEXT('2D SPACE',''
  ) );
#4598 = ADVANCED_FACE('',(#4599),#4566,.T.);
#4599 = FACE_BOUND('',#4600,.T.);
#4600 = EDGE_LOOP('',(#4601,#4602,#4625,#4655));
#4601 = ORIENTED_EDGE('',*,*,#4550,.T.);
#4602 = ORIENTED_EDGE('',*,*,#4603,.T.);
#4603 = EDGE_CURVE('',#4528,#4604,#4606,.T.);
#4604 = VERTEX_POINT('',#4605);
#4605 = CARTESIAN_POINT('',(0.239717285156,-0.323248535156,4.83));
#4606 = SURFACE_CURVE('',#4607,(#4611,#4618),.PCURVE_S1.);
#4607 = LINE('',#4608,#4609);
#4608 = CARTESIAN_POINT('',(0.408520019531,-0.588634277344,4.83));
#4609 = VECTOR('',#4610,1.);
#4610 = DIRECTION('',(-0.536696472795,0.843775382486,0.));
#4611 = PCURVE('',#4566,#4612);
#4612 = DEFINITIONAL_REPRESENTATION('',(#4613),#4617);
#4613 = LINE('',#4614,#4615);
#4614 = CARTESIAN_POINT('',(0.,-4.E-02));
#4615 = VECTOR('',#4616,1.);
#4616 = DIRECTION('',(1.,0.));
#4617 = ( GEOMETRIC_REPRESENTATION_CONTEXT(2) 
PARAMETRIC_REPRESENTATION_CONTEXT() REPRESENTATION_CONTEXT('2D SPACE',''
  ) );
#4618 = PCURVE('',#3683,#4619);
#4619 = DEFINITIONAL_REPRESENTATION('',(#4620),#4624);
#4620 = LINE('',#4621,#4622);
#4621 = CARTESIAN_POINT('',(1.051971679688,0.));
#4622 = VECTOR('',#4623,1.);
#4623 = DIRECTION('',(-0.536696472795,0.843775382486));
#4624 = ( GEOMETRIC_REPRESENTATION_CONTEXT(2) 
PARAMETRIC_REPRESENTATION_CONTEXT() REPRESENTATION_CONTEXT('2D SPACE',''
  ) );
#4625 = ORIENTED_EDGE('',*,*,#4626,.F.);
#4626 = EDGE_CURVE('',#4627,#4604,#4629,.T.);
#4627 = VERTEX_POINT('',#4628);
#4628 = CARTESIAN_POINT('',(0.239717285156,-0.323248535156,4.79));
#4629 = SURFACE_CURVE('',#4630,(#4634,#4641),.PCURVE_S1.);
#4630 = LINE('',#4631,#4632);
#4631 = CARTESIAN_POINT('',(0.239717285156,-0.323248535156,4.79));
#4632 = VECTOR('',#4633,1.);
#4633 = DIRECTION('',(0.,0.,1.));
#4634 = PCURVE('',#4566,#4635);
#4635 = DEFINITIONAL_REPRESENTATION('',(#4636),#4640);
#4636 = LINE('',#4637,#4638);
#4637 = CARTESIAN_POINT('',(0.314521788258,0.));
#4638 = VECTOR('',#4639,1.);
#4639 = DIRECTION('',(0.,-1.));
#4640 = ( GEOMETRIC_REPRESENTATION_CONTEXT(2) 
PARAMETRIC_REPRESENTATION_CONTEXT() REPRESENTATION_CONTEXT('2D SPACE',''
  ) );
#4641 = PCURVE('',#4642,#4649);
#4642 = SURFACE_OF_LINEAR_EXTRUSION('',#4643,#4647);
#4643 = B_SPLINE_CURVE_WITH_KNOTS('',2,(#4644,#4645,#4646),
  .UNSPECIFIED.,.F.,.F.,(3,3),(0.,1.),.PIECEWISE_BEZIER_KNOTS.);
#4644 = CARTESIAN_POINT('',(0.239717285156,-0.323248535156,4.79));
#4645 = CARTESIAN_POINT('',(0.165757324219,-0.208393066406,4.79));
#4646 = CARTESIAN_POINT('',(0.117900878906,-0.147484863281,4.79));
#4647 = VECTOR('',#4648,1.);
#4648 = DIRECTION('',(-0.,-0.,-1.));
#4649 = DEFINITIONAL_REPRESENTATION('',(#4650),#4654);
#4650 = LINE('',#4651,#4652);
#4651 = CARTESIAN_POINT('',(0.,0.));
#4652 = VECTOR('',#4653,1.);
#4653 = DIRECTION('',(0.,-1.));
#4654 = ( GEOMETRIC_REPRESENTATION_CONTEXT(2) 
PARAMETRIC_REPRESENTATION_CONTEXT() REPRESENTATION_CONTEXT('2D SPACE',''
  ) );
#4655 = ORIENTED_EDGE('',*,*,#4656,.F.);
#4656 = EDGE_CURVE('',#4551,#4627,#4657,.T.);
#4657 = SURFACE_CURVE('',#4658,(#4662,#4669),.PCURVE_S1.);
#4658 = LINE('',#4659,#4660);
#4659 = CARTESIAN_POINT('',(0.408520019531,-0.588634277344,4.79));
#4660 = VECTOR('',#4661,1.);
#4661 = DIRECTION('',(-0.536696472795,0.843775382486,0.));
#4662 = PCURVE('',#4566,#4663);
#4663 = DEFINITIONAL_REPRESENTATION('',(#4664),#4668);
#4664 = LINE('',#4665,#4666);
#4665 = CARTESIAN_POINT('',(0.,0.));
#4666 = VECTOR('',#4667,1.);
#4667 = DIRECTION('',(1.,0.));
#4668 = ( GEOMETRIC_REPRESENTATION_CONTEXT(2) 
PARAMETRIC_REPRESENTATION_CONTEXT() REPRESENTATION_CONTEXT('2D SPACE',''
  ) );
#4669 = PCURVE('',#3737,#4670);
#4670 = DEFINITIONAL_REPRESENTATION('',(#4671),#4675);
#4671 = LINE('',#4672,#4673);
#4672 = CARTESIAN_POINT('',(1.051971679688,0.));
#4673 = VECTOR('',#4674,1.);
#4674 = DIRECTION('',(-0.536696472795,0.843775382486));
#4675 = ( GEOMETRIC_REPRESENTATION_CONTEXT(2) 
PARAMETRIC_REPRESENTATION_CONTEXT() REPRESENTATION_CONTEXT('2D SPACE',''
  ) );
#4676 = ADVANCED_FACE('',(#4677),#4642,.T.);
#4677 = FACE_BOUND('',#4678,.T.);
#4678 = EDGE_LOOP('',(#4679,#4680,#4703,#4733));
#4679 = ORIENTED_EDGE('',*,*,#4626,.T.);
#4680 = ORIENTED_EDGE('',*,*,#4681,.T.);
#4681 = EDGE_CURVE('',#4604,#4682,#4684,.T.);
#4682 = VERTEX_POINT('',#4683);
#4683 = CARTESIAN_POINT('',(0.117900878906,-0.147484863281,4.83));
#4684 = SURFACE_CURVE('',#4685,(#4689,#4696),.PCURVE_S1.);
#4685 = B_SPLINE_CURVE_WITH_KNOTS('',2,(#4686,#4687,#4688),
  .UNSPECIFIED.,.F.,.F.,(3,3),(0.,1.),.PIECEWISE_BEZIER_KNOTS.);
#4686 = CARTESIAN_POINT('',(0.239717285156,-0.323248535156,4.83));
#4687 = CARTESIAN_POINT('',(0.165757324219,-0.208393066406,4.83));
#4688 = CARTESIAN_POINT('',(0.117900878906,-0.147484863281,4.83));
#4689 = PCURVE('',#4642,#4690);
#4690 = DEFINITIONAL_REPRESENTATION('',(#4691),#4695);
#4691 = LINE('',#4692,#4693);
#4692 = CARTESIAN_POINT('',(0.,-4.E-02));
#4693 = VECTOR('',#4694,1.);
#4694 = DIRECTION('',(1.,0.));
#4695 = ( GEOMETRIC_REPRESENTATION_CONTEXT(2) 
PARAMETRIC_REPRESENTATION_CONTEXT() REPRESENTATION_CONTEXT('2D SPACE',''
  ) );
#4696 = PCURVE('',#3683,#4697);
#4697 = DEFINITIONAL_REPRESENTATION('',(#4698),#4702);
#4698 = B_SPLINE_CURVE_WITH_KNOTS('',2,(#4699,#4700,#4701),
  .UNSPECIFIED.,.F.,.F.,(3,3),(0.,1.),.PIECEWISE_BEZIER_KNOTS.);
#4699 = CARTESIAN_POINT('',(0.883168945313,0.265385742187));
#4700 = CARTESIAN_POINT('',(0.809208984375,0.380241210938));
#4701 = CARTESIAN_POINT('',(0.761352539062,0.441149414062));
#4702 = ( GEOMETRIC_REPRESENTATION_CONTEXT(2) 
PARAMETRIC_REPRESENTATION_CONTEXT() REPRESENTATION_CONTEXT('2D SPACE',''
  ) );
#4703 = ORIENTED_EDGE('',*,*,#4704,.F.);
#4704 = EDGE_CURVE('',#4705,#4682,#4707,.T.);
#4705 = VERTEX_POINT('',#4706);
#4706 = CARTESIAN_POINT('',(0.117900878906,-0.147484863281,4.79));
#4707 = SURFACE_CURVE('',#4708,(#4712,#4719),.PCURVE_S1.);
#4708 = LINE('',#4709,#4710);
#4709 = CARTESIAN_POINT('',(0.117900878906,-0.147484863281,4.79));
#4710 = VECTOR('',#4711,1.);
#4711 = DIRECTION('',(0.,0.,1.));
#4712 = PCURVE('',#4642,#4713);
#4713 = DEFINITIONAL_REPRESENTATION('',(#4714),#4718);
#4714 = LINE('',#4715,#4716);
#4715 = CARTESIAN_POINT('',(1.,0.));
#4716 = VECTOR('',#4717,1.);
#4717 = DIRECTION('',(0.,-1.));
#4718 = ( GEOMETRIC_REPRESENTATION_CONTEXT(2) 
PARAMETRIC_REPRESENTATION_CONTEXT() REPRESENTATION_CONTEXT('2D SPACE',''
  ) );
#4719 = PCURVE('',#4720,#4727);
#4720 = SURFACE_OF_LINEAR_EXTRUSION('',#4721,#4725);
#4721 = B_SPLINE_CURVE_WITH_KNOTS('',2,(#4722,#4723,#4724),
  .UNSPECIFIED.,.F.,.F.,(3,3),(0.,1.),.PIECEWISE_BEZIER_KNOTS.);
#4722 = CARTESIAN_POINT('',(0.117900878906,-0.147484863281,4.79));
#4723 = CARTESIAN_POINT('',(7.004443359375E-02,-8.657666015625E-02,4.79)
  );
#4724 = CARTESIAN_POINT('',(3.21943359375E-02,-6.221337890625E-02,4.79)
  );
#4725 = VECTOR('',#4726,1.);
#4726 = DIRECTION('',(-0.,-0.,-1.));
#4727 = DEFINITIONAL_REPRESENTATION('',(#4728),#4732);
#4728 = LINE('',#4729,#4730);
#4729 = CARTESIAN_POINT('',(0.,0.));
#4730 = VECTOR('',#4731,1.);
#4731 = DIRECTION('',(0.,-1.));
#4732 = ( GEOMETRIC_REPRESENTATION_CONTEXT(2) 
PARAMETRIC_REPRESENTATION_CONTEXT() REPRESENTATION_CONTEXT('2D SPACE',''
  ) );
#4733 = ORIENTED_EDGE('',*,*,#4734,.F.);
#4734 = EDGE_CURVE('',#4627,#4705,#4735,.T.);
#4735 = SURFACE_CURVE('',#4736,(#4740,#4747),.PCURVE_S1.);
#4736 = B_SPLINE_CURVE_WITH_KNOTS('',2,(#4737,#4738,#4739),
  .UNSPECIFIED.,.F.,.F.,(3,3),(0.,1.),.PIECEWISE_BEZIER_KNOTS.);
#4737 = CARTESIAN_POINT('',(0.239717285156,-0.323248535156,4.79));
#4738 = CARTESIAN_POINT('',(0.165757324219,-0.208393066406,4.79));
#4739 = CARTESIAN_POINT('',(0.117900878906,-0.147484863281,4.79));
#4740 = PCURVE('',#4642,#4741);
#4741 = DEFINITIONAL_REPRESENTATION('',(#4742),#4746);
#4742 = LINE('',#4743,#4744);
#4743 = CARTESIAN_POINT('',(0.,0.));
#4744 = VECTOR('',#4745,1.);
#4745 = DIRECTION('',(1.,0.));
#4746 = ( GEOMETRIC_REPRESENTATION_CONTEXT(2) 
PARAMETRIC_REPRESENTATION_CONTEXT() REPRESENTATION_CONTEXT('2D SPACE',''
  ) );
#4747 = PCURVE('',#3737,#4748);
#4748 = DEFINITIONAL_REPRESENTATION('',(#4749),#4753);
#4749 = B_SPLINE_CURVE_WITH_KNOTS('',2,(#4750,#4751,#4752),
  .UNSPECIFIED.,.F.,.F.,(3,3),(0.,1.),.PIECEWISE_BEZIER_KNOTS.);
#4750 = CARTESIAN_POINT('',(0.883168945313,0.265385742187));
#4751 = CARTESIAN_POINT('',(0.809208984375,0.380241210938));
#4752 = CARTESIAN_POINT('',(0.761352539062,0.441149414062));
#4753 = ( GEOMETRIC_REPRESENTATION_CONTEXT(2) 
PARAMETRIC_REPRESENTATION_CONTEXT() REPRESENTATION_CONTEXT('2D SPACE',''
  ) );
#4754 = ADVANCED_FACE('',(#4755),#4720,.T.);
#4755 = FACE_BOUND('',#4756,.T.);
#4756 = EDGE_LOOP('',(#4757,#4758,#4781,#4811));
#4757 = ORIENTED_EDGE('',*,*,#4704,.T.);
#4758 = ORIENTED_EDGE('',*,*,#4759,.T.);
#4759 = EDGE_CURVE('',#4682,#4760,#4762,.T.);
#4760 = VERTEX_POINT('',#4761);
#4761 = CARTESIAN_POINT('',(3.21943359375E-02,-6.221337890625E-02,4.83)
  );
#4762 = SURFACE_CURVE('',#4763,(#4767,#4774),.PCURVE_S1.);
#4763 = B_SPLINE_CURVE_WITH_KNOTS('',2,(#4764,#4765,#4766),
  .UNSPECIFIED.,.F.,.F.,(3,3),(0.,1.),.PIECEWISE_BEZIER_KNOTS.);
#4764 = CARTESIAN_POINT('',(0.117900878906,-0.147484863281,4.83));
#4765 = CARTESIAN_POINT('',(7.004443359375E-02,-8.657666015625E-02,4.83)
  );
#4766 = CARTESIAN_POINT('',(3.21943359375E-02,-6.221337890625E-02,4.83)
  );
#4767 = PCURVE('',#4720,#4768);
#4768 = DEFINITIONAL_REPRESENTATION('',(#4769),#4773);
#4769 = LINE('',#4770,#4771);
#4770 = CARTESIAN_POINT('',(0.,-4.E-02));
#4771 = VECTOR('',#4772,1.);
#4772 = DIRECTION('',(1.,0.));
#4773 = ( GEOMETRIC_REPRESENTATION_CONTEXT(2) 
PARAMETRIC_REPRESENTATION_CONTEXT() REPRESENTATION_CONTEXT('2D SPACE',''
  ) );
#4774 = PCURVE('',#3683,#4775);
#4775 = DEFINITIONAL_REPRESENTATION('',(#4776),#4780);
#4776 = B_SPLINE_CURVE_WITH_KNOTS('',2,(#4777,#4778,#4779),
  .UNSPECIFIED.,.F.,.F.,(3,3),(0.,1.),.PIECEWISE_BEZIER_KNOTS.);
#4777 = CARTESIAN_POINT('',(0.761352539062,0.441149414062));
#4778 = CARTESIAN_POINT('',(0.71349609375,0.502057617187));
#4779 = CARTESIAN_POINT('',(0.675645996094,0.526420898438));
#4780 = ( GEOMETRIC_REPRESENTATION_CONTEXT(2) 
PARAMETRIC_REPRESENTATION_CONTEXT() REPRESENTATION_CONTEXT('2D SPACE',''
  ) );
#4781 = ORIENTED_EDGE('',*,*,#4782,.F.);
#4782 = EDGE_CURVE('',#4783,#4760,#4785,.T.);
#4783 = VERTEX_POINT('',#4784);
#4784 = CARTESIAN_POINT('',(3.21943359375E-02,-6.221337890625E-02,4.79)
  );
#4785 = SURFACE_CURVE('',#4786,(#4790,#4797),.PCURVE_S1.);
#4786 = LINE('',#4787,#4788);
#4787 = CARTESIAN_POINT('',(3.21943359375E-02,-6.221337890625E-02,4.79)
  );
#4788 = VECTOR('',#4789,1.);
#4789 = DIRECTION('',(0.,0.,1.));
#4790 = PCURVE('',#4720,#4791);
#4791 = DEFINITIONAL_REPRESENTATION('',(#4792),#4796);
#4792 = LINE('',#4793,#4794);
#4793 = CARTESIAN_POINT('',(1.,0.));
#4794 = VECTOR('',#4795,1.);
#4795 = DIRECTION('',(0.,-1.));
#4796 = ( GEOMETRIC_REPRESENTATION_CONTEXT(2) 
PARAMETRIC_REPRESENTATION_CONTEXT() REPRESENTATION_CONTEXT('2D SPACE',''
  ) );
#4797 = PCURVE('',#4798,#4805);
#4798 = SURFACE_OF_LINEAR_EXTRUSION('',#4799,#4803);
#4799 = B_SPLINE_CURVE_WITH_KNOTS('',2,(#4800,#4801,#4802),
  .UNSPECIFIED.,.F.,.F.,(3,3),(0.,1.),.PIECEWISE_BEZIER_KNOTS.);
#4800 = CARTESIAN_POINT('',(3.21943359375E-02,-6.221337890625E-02,4.79)
  );
#4801 = CARTESIAN_POINT('',(-5.65576171875E-03,-3.785009765625E-02,4.79)
  );
#4802 = CARTESIAN_POINT('',(-4.481103515625E-02,-2.827880859375E-02,4.79
    ));
#4803 = VECTOR('',#4804,1.);
#4804 = DIRECTION('',(-0.,-0.,-1.));
#4805 = DEFINITIONAL_REPRESENTATION('',(#4806),#4810);
#4806 = LINE('',#4807,#4808);
#4807 = CARTESIAN_POINT('',(0.,0.));
#4808 = VECTOR('',#4809,1.);
#4809 = DIRECTION('',(0.,-1.));
#4810 = ( GEOMETRIC_REPRESENTATION_CONTEXT(2) 
PARAMETRIC_REPRESENTATION_CONTEXT() REPRESENTATION_CONTEXT('2D SPACE',''
  ) );
#4811 = ORIENTED_EDGE('',*,*,#4812,.F.);
#4812 = EDGE_CURVE('',#4705,#4783,#4813,.T.);
#4813 = SURFACE_CURVE('',#4814,(#4818,#4825),.PCURVE_S1.);
#4814 = B_SPLINE_CURVE_WITH_KNOTS('',2,(#4815,#4816,#4817),
  .UNSPECIFIED.,.F.,.F.,(3,3),(0.,1.),.PIECEWISE_BEZIER_KNOTS.);
#4815 = CARTESIAN_POINT('',(0.117900878906,-0.147484863281,4.79));
#4816 = CARTESIAN_POINT('',(7.004443359375E-02,-8.657666015625E-02,4.79)
  );
#4817 = CARTESIAN_POINT('',(3.21943359375E-02,-6.221337890625E-02,4.79)
  );
#4818 = PCURVE('',#4720,#4819);
#4819 = DEFINITIONAL_REPRESENTATION('',(#4820),#4824);
#4820 = LINE('',#4821,#4822);
#4821 = CARTESIAN_POINT('',(0.,0.));
#4822 = VECTOR('',#4823,1.);
#4823 = DIRECTION('',(1.,0.));
#4824 = ( GEOMETRIC_REPRESENTATION_CONTEXT(2) 
PARAMETRIC_REPRESENTATION_CONTEXT() REPRESENTATION_CONTEXT('2D SPACE',''
  ) );
#4825 = PCURVE('',#3737,#4826);
#4826 = DEFINITIONAL_REPRESENTATION('',(#4827),#4831);
#4827 = B_SPLINE_CURVE_WITH_KNOTS('',2,(#4828,#4829,#4830),
  .UNSPECIFIED.,.F.,.F.,(3,3),(0.,1.),.PIECEWISE_BEZIER_KNOTS.);
#4828 = CARTESIAN_POINT('',(0.761352539062,0.441149414062));
#4829 = CARTESIAN_POINT('',(0.71349609375,0.502057617187));
#4830 = CARTESIAN_POINT('',(0.675645996094,0.526420898438));
#4831 = ( GEOMETRIC_REPRESENTATION_CONTEXT(2) 
PARAMETRIC_REPRESENTATION_CONTEXT() REPRESENTATION_CONTEXT('2D SPACE',''
  ) );
#4832 = ADVANCED_FACE('',(#4833),#4798,.T.);
#4833 = FACE_BOUND('',#4834,.T.);
#4834 = EDGE_LOOP('',(#4835,#4836,#4859,#4889));
#4835 = ORIENTED_EDGE('',*,*,#4782,.T.);
#4836 = ORIENTED_EDGE('',*,*,#4837,.T.);
#4837 = EDGE_CURVE('',#4760,#4838,#4840,.T.);
#4838 = VERTEX_POINT('',#4839);
#4839 = CARTESIAN_POINT('',(-4.481103515625E-02,-2.827880859375E-02,4.83
    ));
#4840 = SURFACE_CURVE('',#4841,(#4845,#4852),.PCURVE_S1.);
#4841 = B_SPLINE_CURVE_WITH_KNOTS('',2,(#4842,#4843,#4844),
  .UNSPECIFIED.,.F.,.F.,(3,3),(0.,1.),.PIECEWISE_BEZIER_KNOTS.);
#4842 = CARTESIAN_POINT('',(3.21943359375E-02,-6.221337890625E-02,4.83)
  );
#4843 = CARTESIAN_POINT('',(-5.65576171875E-03,-3.785009765625E-02,4.83)
  );
#4844 = CARTESIAN_POINT('',(-4.481103515625E-02,-2.827880859375E-02,4.83
    ));
#4845 = PCURVE('',#4798,#4846);
#4846 = DEFINITIONAL_REPRESENTATION('',(#4847),#4851);
#4847 = LINE('',#4848,#4849);
#4848 = CARTESIAN_POINT('',(0.,-4.E-02));
#4849 = VECTOR('',#4850,1.);
#4850 = DIRECTION('',(1.,0.));
#4851 = ( GEOMETRIC_REPRESENTATION_CONTEXT(2) 
PARAMETRIC_REPRESENTATION_CONTEXT() REPRESENTATION_CONTEXT('2D SPACE',''
  ) );
#4852 = PCURVE('',#3683,#4853);
#4853 = DEFINITIONAL_REPRESENTATION('',(#4854),#4858);
#4854 = B_SPLINE_CURVE_WITH_KNOTS('',2,(#4855,#4856,#4857),
  .UNSPECIFIED.,.F.,.F.,(3,3),(0.,1.),.PIECEWISE_BEZIER_KNOTS.);
#4855 = CARTESIAN_POINT('',(0.675645996094,0.526420898438));
#4856 = CARTESIAN_POINT('',(0.637795898437,0.550784179688));
#4857 = CARTESIAN_POINT('',(0.598640625,0.56035546875));
#4858 = ( GEOMETRIC_REPRESENTATION_CONTEXT(2) 
PARAMETRIC_REPRESENTATION_CONTEXT() REPRESENTATION_CONTEXT('2D SPACE',''
  ) );
#4859 = ORIENTED_EDGE('',*,*,#4860,.F.);
#4860 = EDGE_CURVE('',#4861,#4838,#4863,.T.);
#4861 = VERTEX_POINT('',#4862);
#4862 = CARTESIAN_POINT('',(-4.481103515625E-02,-2.827880859375E-02,4.79
    ));
#4863 = SURFACE_CURVE('',#4864,(#4868,#4875),.PCURVE_S1.);
#4864 = LINE('',#4865,#4866);
#4865 = CARTESIAN_POINT('',(-4.481103515625E-02,-2.827880859375E-02,4.79
    ));
#4866 = VECTOR('',#4867,1.);
#4867 = DIRECTION('',(0.,0.,1.));
#4868 = PCURVE('',#4798,#4869);
#4869 = DEFINITIONAL_REPRESENTATION('',(#4870),#4874);
#4870 = LINE('',#4871,#4872);
#4871 = CARTESIAN_POINT('',(1.,0.));
#4872 = VECTOR('',#4873,1.);
#4873 = DIRECTION('',(0.,-1.));
#4874 = ( GEOMETRIC_REPRESENTATION_CONTEXT(2) 
PARAMETRIC_REPRESENTATION_CONTEXT() REPRESENTATION_CONTEXT('2D SPACE',''
  ) );
#4875 = PCURVE('',#4876,#4883);
#4876 = SURFACE_OF_LINEAR_EXTRUSION('',#4877,#4881);
#4877 = B_SPLINE_CURVE_WITH_KNOTS('',2,(#4878,#4879,#4880),
  .UNSPECIFIED.,.F.,.F.,(3,3),(0.,1.),.PIECEWISE_BEZIER_KNOTS.);
#4878 = CARTESIAN_POINT('',(-4.481103515625E-02,-2.827880859375E-02,4.79
    ));
#4879 = CARTESIAN_POINT('',(-7.352490234375E-02,-2.218798828125E-02,4.79
    ));
#4880 = CARTESIAN_POINT('',(-0.138783691406,-2.218798828125E-02,4.79));
#4881 = VECTOR('',#4882,1.);
#4882 = DIRECTION('',(-0.,-0.,-1.));
#4883 = DEFINITIONAL_REPRESENTATION('',(#4884),#4888);
#4884 = LINE('',#4885,#4886);
#4885 = CARTESIAN_POINT('',(0.,0.));
#4886 = VECTOR('',#4887,1.);
#4887 = DIRECTION('',(0.,-1.));
#4888 = ( GEOMETRIC_REPRESENTATION_CONTEXT(2) 
PARAMETRIC_REPRESENTATION_CONTEXT() REPRESENTATION_CONTEXT('2D SPACE',''
  ) );
#4889 = ORIENTED_EDGE('',*,*,#4890,.F.);
#4890 = EDGE_CURVE('',#4783,#4861,#4891,.T.);
#4891 = SURFACE_CURVE('',#4892,(#4896,#4903),.PCURVE_S1.);
#4892 = B_SPLINE_CURVE_WITH_KNOTS('',2,(#4893,#4894,#4895),
  .UNSPECIFIED.,.F.,.F.,(3,3),(0.,1.),.PIECEWISE_BEZIER_KNOTS.);
#4893 = CARTESIAN_POINT('',(3.21943359375E-02,-6.221337890625E-02,4.79)
  );
#4894 = CARTESIAN_POINT('',(-5.65576171875E-03,-3.785009765625E-02,4.79)
  );
#4895 = CARTESIAN_POINT('',(-4.481103515625E-02,-2.827880859375E-02,4.79
    ));
#4896 = PCURVE('',#4798,#4897);
#4897 = DEFINITIONAL_REPRESENTATION('',(#4898),#4902);
#4898 = LINE('',#4899,#4900);
#4899 = CARTESIAN_POINT('',(0.,0.));
#4900 = VECTOR('',#4901,1.);
#4901 = DIRECTION('',(1.,0.));
#4902 = ( GEOMETRIC_REPRESENTATION_CONTEXT(2) 
PARAMETRIC_REPRESENTATION_CONTEXT() REPRESENTATION_CONTEXT('2D SPACE',''
  ) );
#4903 = PCURVE('',#3737,#4904);
#4904 = DEFINITIONAL_REPRESENTATION('',(#4905),#4909);
#4905 = B_SPLINE_CURVE_WITH_KNOTS('',2,(#4906,#4907,#4908),
  .UNSPECIFIED.,.F.,.F.,(3,3),(0.,1.),.PIECEWISE_BEZIER_KNOTS.);
#4906 = CARTESIAN_POINT('',(0.675645996094,0.526420898438));
#4907 = CARTESIAN_POINT('',(0.637795898437,0.550784179688));
#4908 = CARTESIAN_POINT('',(0.598640625,0.56035546875));
#4909 = ( GEOMETRIC_REPRESENTATION_CONTEXT(2) 
PARAMETRIC_REPRESENTATION_CONTEXT() REPRESENTATION_CONTEXT('2D SPACE',''
  ) );
#4910 = ADVANCED_FACE('',(#4911),#4876,.T.);
#4911 = FACE_BOUND('',#4912,.T.);
#4912 = EDGE_LOOP('',(#4913,#4914,#4937,#4965));
#4913 = ORIENTED_EDGE('',*,*,#4860,.T.);
#4914 = ORIENTED_EDGE('',*,*,#4915,.T.);
#4915 = EDGE_CURVE('',#4838,#4916,#4918,.T.);
#4916 = VERTEX_POINT('',#4917);
#4917 = CARTESIAN_POINT('',(-0.138783691406,-2.218798828125E-02,4.83));
#4918 = SURFACE_CURVE('',#4919,(#4923,#4930),.PCURVE_S1.);
#4919 = B_SPLINE_CURVE_WITH_KNOTS('',2,(#4920,#4921,#4922),
  .UNSPECIFIED.,.F.,.F.,(3,3),(0.,1.),.PIECEWISE_BEZIER_KNOTS.);
#4920 = CARTESIAN_POINT('',(-4.481103515625E-02,-2.827880859375E-02,4.83
    ));
#4921 = CARTESIAN_POINT('',(-7.352490234375E-02,-2.218798828125E-02,4.83
    ));
#4922 = CARTESIAN_POINT('',(-0.138783691406,-2.218798828125E-02,4.83));
#4923 = PCURVE('',#4876,#4924);
#4924 = DEFINITIONAL_REPRESENTATION('',(#4925),#4929);
#4925 = LINE('',#4926,#4927);
#4926 = CARTESIAN_POINT('',(0.,-4.E-02));
#4927 = VECTOR('',#4928,1.);
#4928 = DIRECTION('',(1.,0.));
#4929 = ( GEOMETRIC_REPRESENTATION_CONTEXT(2) 
PARAMETRIC_REPRESENTATION_CONTEXT() REPRESENTATION_CONTEXT('2D SPACE',''
  ) );
#4930 = PCURVE('',#3683,#4931);
#4931 = DEFINITIONAL_REPRESENTATION('',(#4932),#4936);
#4932 = B_SPLINE_CURVE_WITH_KNOTS('',2,(#4933,#4934,#4935),
  .UNSPECIFIED.,.F.,.F.,(3,3),(0.,1.),.PIECEWISE_BEZIER_KNOTS.);
#4933 = CARTESIAN_POINT('',(0.598640625,0.56035546875));
#4934 = CARTESIAN_POINT('',(0.569926757813,0.566446289063));
#4935 = CARTESIAN_POINT('',(0.50466796875,0.566446289063));
#4936 = ( GEOMETRIC_REPRESENTATION_CONTEXT(2) 
PARAMETRIC_REPRESENTATION_CONTEXT() REPRESENTATION_CONTEXT('2D SPACE',''
  ) );
#4937 = ORIENTED_EDGE('',*,*,#4938,.F.);
#4938 = EDGE_CURVE('',#4939,#4916,#4941,.T.);
#4939 = VERTEX_POINT('',#4940);
#4940 = CARTESIAN_POINT('',(-0.138783691406,-2.218798828125E-02,4.79));
#4941 = SURFACE_CURVE('',#4942,(#4946,#4953),.PCURVE_S1.);
#4942 = LINE('',#4943,#4944);
#4943 = CARTESIAN_POINT('',(-0.138783691406,-2.218798828125E-02,4.79));
#4944 = VECTOR('',#4945,1.);
#4945 = DIRECTION('',(0.,0.,1.));
#4946 = PCURVE('',#4876,#4947);
#4947 = DEFINITIONAL_REPRESENTATION('',(#4948),#4952);
#4948 = LINE('',#4949,#4950);
#4949 = CARTESIAN_POINT('',(1.,0.));
#4950 = VECTOR('',#4951,1.);
#4951 = DIRECTION('',(0.,-1.));
#4952 = ( GEOMETRIC_REPRESENTATION_CONTEXT(2) 
PARAMETRIC_REPRESENTATION_CONTEXT() REPRESENTATION_CONTEXT('2D SPACE',''
  ) );
#4953 = PCURVE('',#4954,#4959);
#4954 = PLANE('',#4955);
#4955 = AXIS2_PLACEMENT_3D('',#4956,#4957,#4958);
#4956 = CARTESIAN_POINT('',(-0.138783691406,-2.218798828125E-02,4.79));
#4957 = DIRECTION('',(0.,-1.,0.));
#4958 = DIRECTION('',(-1.,0.,0.));
#4959 = DEFINITIONAL_REPRESENTATION('',(#4960),#4964);
#4960 = LINE('',#4961,#4962);
#4961 = CARTESIAN_POINT('',(0.,-0.));
#4962 = VECTOR('',#4963,1.);
#4963 = DIRECTION('',(0.,-1.));
#4964 = ( GEOMETRIC_REPRESENTATION_CONTEXT(2) 
PARAMETRIC_REPRESENTATION_CONTEXT() REPRESENTATION_CONTEXT('2D SPACE',''
  ) );
#4965 = ORIENTED_EDGE('',*,*,#4966,.F.);
#4966 = EDGE_CURVE('',#4861,#4939,#4967,.T.);
#4967 = SURFACE_CURVE('',#4968,(#4972,#4979),.PCURVE_S1.);
#4968 = B_SPLINE_CURVE_WITH_KNOTS('',2,(#4969,#4970,#4971),
  .UNSPECIFIED.,.F.,.F.,(3,3),(0.,1.),.PIECEWISE_BEZIER_KNOTS.);
#4969 = CARTESIAN_POINT('',(-4.481103515625E-02,-2.827880859375E-02,4.79
    ));
#4970 = CARTESIAN_POINT('',(-7.352490234375E-02,-2.218798828125E-02,4.79
    ));
#4971 = CARTESIAN_POINT('',(-0.138783691406,-2.218798828125E-02,4.79));
#4972 = PCURVE('',#4876,#4973);
#4973 = DEFINITIONAL_REPRESENTATION('',(#4974),#4978);
#4974 = LINE('',#4975,#4976);
#4975 = CARTESIAN_POINT('',(0.,0.));
#4976 = VECTOR('',#4977,1.);
#4977 = DIRECTION('',(1.,0.));
#4978 = ( GEOMETRIC_REPRESENTATION_CONTEXT(2) 
PARAMETRIC_REPRESENTATION_CONTEXT() REPRESENTATION_CONTEXT('2D SPACE',''
  ) );
#4979 = PCURVE('',#3737,#4980);
#4980 = DEFINITIONAL_REPRESENTATION('',(#4981),#4985);
#4981 = B_SPLINE_CURVE_WITH_KNOTS('',2,(#4982,#4983,#4984),
  .UNSPECIFIED.,.F.,.F.,(3,3),(0.,1.),.PIECEWISE_BEZIER_KNOTS.);
#4982 = CARTESIAN_POINT('',(0.598640625,0.56035546875));
#4983 = CARTESIAN_POINT('',(0.569926757813,0.566446289063));
#4984 = CARTESIAN_POINT('',(0.50466796875,0.566446289063));
#4985 = ( GEOMETRIC_REPRESENTATION_CONTEXT(2) 
PARAMETRIC_REPRESENTATION_CONTEXT() REPRESENTATION_CONTEXT('2D SPACE',''
  ) );
#4986 = ADVANCED_FACE('',(#4987),#4954,.T.);
#4987 = FACE_BOUND('',#4988,.T.);
#4988 = EDGE_LOOP('',(#4989,#4990,#5013,#5036));
#4989 = ORIENTED_EDGE('',*,*,#4938,.T.);
#4990 = ORIENTED_EDGE('',*,*,#4991,.T.);
#4991 = EDGE_CURVE('',#4916,#4992,#4994,.T.);
#4992 = VERTEX_POINT('',#4993);
#4993 = CARTESIAN_POINT('',(-0.334560058594,-2.218798828125E-02,4.83));
#4994 = SURFACE_CURVE('',#4995,(#4999,#5006),.PCURVE_S1.);
#4995 = LINE('',#4996,#4997);
#4996 = CARTESIAN_POINT('',(-0.138783691406,-2.218798828125E-02,4.83));
#4997 = VECTOR('',#4998,1.);
#4998 = DIRECTION('',(-1.,0.,0.));
#4999 = PCURVE('',#4954,#5000);
#5000 = DEFINITIONAL_REPRESENTATION('',(#5001),#5005);
#5001 = LINE('',#5002,#5003);
#5002 = CARTESIAN_POINT('',(0.,-4.E-02));
#5003 = VECTOR('',#5004,1.);
#5004 = DIRECTION('',(1.,0.));
#5005 = ( GEOMETRIC_REPRESENTATION_CONTEXT(2) 
PARAMETRIC_REPRESENTATION_CONTEXT() REPRESENTATION_CONTEXT('2D SPACE',''
  ) );
#5006 = PCURVE('',#3683,#5007);
#5007 = DEFINITIONAL_REPRESENTATION('',(#5008),#5012);
#5008 = LINE('',#5009,#5010);
#5009 = CARTESIAN_POINT('',(0.50466796875,0.566446289063));
#5010 = VECTOR('',#5011,1.);
#5011 = DIRECTION('',(-1.,0.));
#5012 = ( GEOMETRIC_REPRESENTATION_CONTEXT(2) 
PARAMETRIC_REPRESENTATION_CONTEXT() REPRESENTATION_CONTEXT('2D SPACE',''
  ) );
#5013 = ORIENTED_EDGE('',*,*,#5014,.F.);
#5014 = EDGE_CURVE('',#5015,#4992,#5017,.T.);
#5015 = VERTEX_POINT('',#5016);
#5016 = CARTESIAN_POINT('',(-0.334560058594,-2.218798828125E-02,4.79));
#5017 = SURFACE_CURVE('',#5018,(#5022,#5029),.PCURVE_S1.);
#5018 = LINE('',#5019,#5020);
#5019 = CARTESIAN_POINT('',(-0.334560058594,-2.218798828125E-02,4.79));
#5020 = VECTOR('',#5021,1.);
#5021 = DIRECTION('',(0.,0.,1.));
#5022 = PCURVE('',#4954,#5023);
#5023 = DEFINITIONAL_REPRESENTATION('',(#5024),#5028);
#5024 = LINE('',#5025,#5026);
#5025 = CARTESIAN_POINT('',(0.195776367187,0.));
#5026 = VECTOR('',#5027,1.);
#5027 = DIRECTION('',(0.,-1.));
#5028 = ( GEOMETRIC_REPRESENTATION_CONTEXT(2) 
PARAMETRIC_REPRESENTATION_CONTEXT() REPRESENTATION_CONTEXT('2D SPACE',''
  ) );
#5029 = PCURVE('',#3655,#5030);
#5030 = DEFINITIONAL_REPRESENTATION('',(#5031),#5035);
#5031 = LINE('',#5032,#5033);
#5032 = CARTESIAN_POINT('',(0.,0.));
#5033 = VECTOR('',#5034,1.);
#5034 = DIRECTION('',(0.,-1.));
#5035 = ( GEOMETRIC_REPRESENTATION_CONTEXT(2) 
PARAMETRIC_REPRESENTATION_CONTEXT() REPRESENTATION_CONTEXT('2D SPACE',''
  ) );
#5036 = ORIENTED_EDGE('',*,*,#5037,.F.);
#5037 = EDGE_CURVE('',#4939,#5015,#5038,.T.);
#5038 = SURFACE_CURVE('',#5039,(#5043,#5050),.PCURVE_S1.);
#5039 = LINE('',#5040,#5041);
#5040 = CARTESIAN_POINT('',(-0.138783691406,-2.218798828125E-02,4.79));
#5041 = VECTOR('',#5042,1.);
#5042 = DIRECTION('',(-1.,0.,0.));
#5043 = PCURVE('',#4954,#5044);
#5044 = DEFINITIONAL_REPRESENTATION('',(#5045),#5049);
#5045 = LINE('',#5046,#5047);
#5046 = CARTESIAN_POINT('',(0.,-0.));
#5047 = VECTOR('',#5048,1.);
#5048 = DIRECTION('',(1.,0.));
#5049 = ( GEOMETRIC_REPRESENTATION_CONTEXT(2) 
PARAMETRIC_REPRESENTATION_CONTEXT() REPRESENTATION_CONTEXT('2D SPACE',''
  ) );
#5050 = PCURVE('',#3737,#5051);
#5051 = DEFINITIONAL_REPRESENTATION('',(#5052),#5056);
#5052 = LINE('',#5053,#5054);
#5053 = CARTESIAN_POINT('',(0.50466796875,0.566446289063));
#5054 = VECTOR('',#5055,1.);
#5055 = DIRECTION('',(-1.,0.));
#5056 = ( GEOMETRIC_REPRESENTATION_CONTEXT(2) 
PARAMETRIC_REPRESENTATION_CONTEXT() REPRESENTATION_CONTEXT('2D SPACE',''
  ) );
#5057 = ADVANCED_FACE('',(#5058),#3655,.T.);
#5058 = FACE_BOUND('',#5059,.T.);
#5059 = EDGE_LOOP('',(#5060,#5061,#5082,#5083));
#5060 = ORIENTED_EDGE('',*,*,#5014,.T.);
#5061 = ORIENTED_EDGE('',*,*,#5062,.T.);
#5062 = EDGE_CURVE('',#4992,#3635,#5063,.T.);
#5063 = SURFACE_CURVE('',#5064,(#5068,#5075),.PCURVE_S1.);
#5064 = LINE('',#5065,#5066);
#5065 = CARTESIAN_POINT('',(-0.334560058594,-2.218798828125E-02,4.83));
#5066 = VECTOR('',#5067,1.);
#5067 = DIRECTION('',(0.,-1.,0.));
#5068 = PCURVE('',#3655,#5069);
#5069 = DEFINITIONAL_REPRESENTATION('',(#5070),#5074);
#5070 = LINE('',#5071,#5072);
#5071 = CARTESIAN_POINT('',(0.,-4.E-02));
#5072 = VECTOR('',#5073,1.);
#5073 = DIRECTION('',(1.,0.));
#5074 = ( GEOMETRIC_REPRESENTATION_CONTEXT(2) 
PARAMETRIC_REPRESENTATION_CONTEXT() REPRESENTATION_CONTEXT('2D SPACE',''
  ) );
#5075 = PCURVE('',#3683,#5076);
#5076 = DEFINITIONAL_REPRESENTATION('',(#5077),#5081);
#5077 = LINE('',#5078,#5079);
#5078 = CARTESIAN_POINT('',(0.308891601563,0.566446289063));
#5079 = VECTOR('',#5080,1.);
#5080 = DIRECTION('',(0.,-1.));
#5081 = ( GEOMETRIC_REPRESENTATION_CONTEXT(2) 
PARAMETRIC_REPRESENTATION_CONTEXT() REPRESENTATION_CONTEXT('2D SPACE',''
  ) );
#5082 = ORIENTED_EDGE('',*,*,#3632,.F.);
#5083 = ORIENTED_EDGE('',*,*,#5084,.F.);
#5084 = EDGE_CURVE('',#5015,#3633,#5085,.T.);
#5085 = SURFACE_CURVE('',#5086,(#5090,#5097),.PCURVE_S1.);
#5086 = LINE('',#5087,#5088);
#5087 = CARTESIAN_POINT('',(-0.334560058594,-2.218798828125E-02,4.79));
#5088 = VECTOR('',#5089,1.);
#5089 = DIRECTION('',(0.,-1.,0.));
#5090 = PCURVE('',#3655,#5091);
#5091 = DEFINITIONAL_REPRESENTATION('',(#5092),#5096);
#5092 = LINE('',#5093,#5094);
#5093 = CARTESIAN_POINT('',(0.,0.));
#5094 = VECTOR('',#5095,1.);
#5095 = DIRECTION('',(1.,0.));
#5096 = ( GEOMETRIC_REPRESENTATION_CONTEXT(2) 
PARAMETRIC_REPRESENTATION_CONTEXT() REPRESENTATION_CONTEXT('2D SPACE',''
  ) );
#5097 = PCURVE('',#3737,#5098);
#5098 = DEFINITIONAL_REPRESENTATION('',(#5099),#5103);
#5099 = LINE('',#5100,#5101);
#5100 = CARTESIAN_POINT('',(0.308891601563,0.566446289063));
#5101 = VECTOR('',#5102,1.);
#5102 = DIRECTION('',(0.,-1.));
#5103 = ( GEOMETRIC_REPRESENTATION_CONTEXT(2) 
PARAMETRIC_REPRESENTATION_CONTEXT() REPRESENTATION_CONTEXT('2D SPACE',''
  ) );
#5104 = ADVANCED_FACE('',(#5105),#5119,.T.);
#5105 = FACE_BOUND('',#5106,.T.);
#5106 = EDGE_LOOP('',(#5107,#5142,#5165,#5193));
#5107 = ORIENTED_EDGE('',*,*,#5108,.T.);
#5108 = EDGE_CURVE('',#5109,#5111,#5113,.T.);
#5109 = VERTEX_POINT('',#5110);
#5110 = CARTESIAN_POINT('',(-0.334560058594,0.545998535156,4.79));
#5111 = VERTEX_POINT('',#5112);
#5112 = CARTESIAN_POINT('',(-0.334560058594,0.545998535156,4.83));
#5113 = SURFACE_CURVE('',#5114,(#5118,#5130),.PCURVE_S1.);
#5114 = LINE('',#5115,#5116);
#5115 = CARTESIAN_POINT('',(-0.334560058594,0.545998535156,4.79));
#5116 = VECTOR('',#5117,1.);
#5117 = DIRECTION('',(0.,0.,1.));
#5118 = PCURVE('',#5119,#5124);
#5119 = PLANE('',#5120);
#5120 = AXIS2_PLACEMENT_3D('',#5121,#5122,#5123);
#5121 = CARTESIAN_POINT('',(-0.334560058594,0.545998535156,4.79));
#5122 = DIRECTION('',(1.,0.,0.));
#5123 = DIRECTION('',(0.,-1.,0.));
#5124 = DEFINITIONAL_REPRESENTATION('',(#5125),#5129);
#5125 = LINE('',#5126,#5127);
#5126 = CARTESIAN_POINT('',(0.,0.));
#5127 = VECTOR('',#5128,1.);
#5128 = DIRECTION('',(0.,-1.));
#5129 = ( GEOMETRIC_REPRESENTATION_CONTEXT(2) 
PARAMETRIC_REPRESENTATION_CONTEXT() REPRESENTATION_CONTEXT('2D SPACE',''
  ) );
#5130 = PCURVE('',#5131,#5136);
#5131 = PLANE('',#5132);
#5132 = AXIS2_PLACEMENT_3D('',#5133,#5134,#5135);
#5133 = CARTESIAN_POINT('',(6.917431640625E-02,0.545998535156,4.79));
#5134 = DIRECTION('',(0.,-1.,0.));
#5135 = DIRECTION('',(-1.,0.,0.));
#5136 = DEFINITIONAL_REPRESENTATION('',(#5137),#5141);
#5137 = LINE('',#5138,#5139);
#5138 = CARTESIAN_POINT('',(0.403734375,0.));
#5139 = VECTOR('',#5140,1.);
#5140 = DIRECTION('',(0.,-1.));
#5141 = ( GEOMETRIC_REPRESENTATION_CONTEXT(2) 
PARAMETRIC_REPRESENTATION_CONTEXT() REPRESENTATION_CONTEXT('2D SPACE',''
  ) );
#5142 = ORIENTED_EDGE('',*,*,#5143,.T.);
#5143 = EDGE_CURVE('',#5111,#5144,#5146,.T.);
#5144 = VERTEX_POINT('',#5145);
#5145 = CARTESIAN_POINT('',(-0.334560058594,0.123991699219,4.83));
#5146 = SURFACE_CURVE('',#5147,(#5151,#5158),.PCURVE_S1.);
#5147 = LINE('',#5148,#5149);
#5148 = CARTESIAN_POINT('',(-0.334560058594,0.545998535156,4.83));
#5149 = VECTOR('',#5150,1.);
#5150 = DIRECTION('',(0.,-1.,0.));
#5151 = PCURVE('',#5119,#5152);
#5152 = DEFINITIONAL_REPRESENTATION('',(#5153),#5157);
#5153 = LINE('',#5154,#5155);
#5154 = CARTESIAN_POINT('',(0.,-4.E-02));
#5155 = VECTOR('',#5156,1.);
#5156 = DIRECTION('',(1.,0.));
#5157 = ( GEOMETRIC_REPRESENTATION_CONTEXT(2) 
PARAMETRIC_REPRESENTATION_CONTEXT() REPRESENTATION_CONTEXT('2D SPACE',''
  ) );
#5158 = PCURVE('',#3683,#5159);
#5159 = DEFINITIONAL_REPRESENTATION('',(#5160),#5164);
#5160 = LINE('',#5161,#5162);
#5161 = CARTESIAN_POINT('',(0.308891601563,1.1346328125));
#5162 = VECTOR('',#5163,1.);
#5163 = DIRECTION('',(0.,-1.));
#5164 = ( GEOMETRIC_REPRESENTATION_CONTEXT(2) 
PARAMETRIC_REPRESENTATION_CONTEXT() REPRESENTATION_CONTEXT('2D SPACE',''
  ) );
#5165 = ORIENTED_EDGE('',*,*,#5166,.F.);
#5166 = EDGE_CURVE('',#5167,#5144,#5169,.T.);
#5167 = VERTEX_POINT('',#5168);
#5168 = CARTESIAN_POINT('',(-0.334560058594,0.123991699219,4.79));
#5169 = SURFACE_CURVE('',#5170,(#5174,#5181),.PCURVE_S1.);
#5170 = LINE('',#5171,#5172);
#5171 = CARTESIAN_POINT('',(-0.334560058594,0.123991699219,4.79));
#5172 = VECTOR('',#5173,1.);
#5173 = DIRECTION('',(0.,0.,1.));
#5174 = PCURVE('',#5119,#5175);
#5175 = DEFINITIONAL_REPRESENTATION('',(#5176),#5180);
#5176 = LINE('',#5177,#5178);
#5177 = CARTESIAN_POINT('',(0.422006835937,0.));
#5178 = VECTOR('',#5179,1.);
#5179 = DIRECTION('',(0.,-1.));
#5180 = ( GEOMETRIC_REPRESENTATION_CONTEXT(2) 
PARAMETRIC_REPRESENTATION_CONTEXT() REPRESENTATION_CONTEXT('2D SPACE',''
  ) );
#5181 = PCURVE('',#5182,#5187);
#5182 = PLANE('',#5183);
#5183 = AXIS2_PLACEMENT_3D('',#5184,#5185,#5186);
#5184 = CARTESIAN_POINT('',(-0.334560058594,0.123991699219,4.79));
#5185 = DIRECTION('',(0.,1.,0.));
#5186 = DIRECTION('',(1.,0.,0.));
#5187 = DEFINITIONAL_REPRESENTATION('',(#5188),#5192);
#5188 = LINE('',#5189,#5190);
#5189 = CARTESIAN_POINT('',(0.,0.));
#5190 = VECTOR('',#5191,1.);
#5191 = DIRECTION('',(0.,-1.));
#5192 = ( GEOMETRIC_REPRESENTATION_CONTEXT(2) 
PARAMETRIC_REPRESENTATION_CONTEXT() REPRESENTATION_CONTEXT('2D SPACE',''
  ) );
#5193 = ORIENTED_EDGE('',*,*,#5194,.F.);
#5194 = EDGE_CURVE('',#5109,#5167,#5195,.T.);
#5195 = SURFACE_CURVE('',#5196,(#5200,#5207),.PCURVE_S1.);
#5196 = LINE('',#5197,#5198);
#5197 = CARTESIAN_POINT('',(-0.334560058594,0.545998535156,4.79));
#5198 = VECTOR('',#5199,1.);
#5199 = DIRECTION('',(0.,-1.,0.));
#5200 = PCURVE('',#5119,#5201);
#5201 = DEFINITIONAL_REPRESENTATION('',(#5202),#5206);
#5202 = LINE('',#5203,#5204);
#5203 = CARTESIAN_POINT('',(0.,0.));
#5204 = VECTOR('',#5205,1.);
#5205 = DIRECTION('',(1.,0.));
#5206 = ( GEOMETRIC_REPRESENTATION_CONTEXT(2) 
PARAMETRIC_REPRESENTATION_CONTEXT() REPRESENTATION_CONTEXT('2D SPACE',''
  ) );
#5207 = PCURVE('',#3737,#5208);
#5208 = DEFINITIONAL_REPRESENTATION('',(#5209),#5213);
#5209 = LINE('',#5210,#5211);
#5210 = CARTESIAN_POINT('',(0.308891601563,1.1346328125));
#5211 = VECTOR('',#5212,1.);
#5212 = DIRECTION('',(0.,-1.));
#5213 = ( GEOMETRIC_REPRESENTATION_CONTEXT(2) 
PARAMETRIC_REPRESENTATION_CONTEXT() REPRESENTATION_CONTEXT('2D SPACE',''
  ) );
#5214 = ADVANCED_FACE('',(#5215),#5182,.T.);
#5215 = FACE_BOUND('',#5216,.T.);
#5216 = EDGE_LOOP('',(#5217,#5218,#5241,#5271));
#5217 = ORIENTED_EDGE('',*,*,#5166,.T.);
#5218 = ORIENTED_EDGE('',*,*,#5219,.T.);
#5219 = EDGE_CURVE('',#5144,#5220,#5222,.T.);
#5220 = VERTEX_POINT('',#5221);
#5221 = CARTESIAN_POINT('',(2.827880859375E-02,0.123991699219,4.83));
#5222 = SURFACE_CURVE('',#5223,(#5227,#5234),.PCURVE_S1.);
#5223 = LINE('',#5224,#5225);
#5224 = CARTESIAN_POINT('',(-0.334560058594,0.123991699219,4.83));
#5225 = VECTOR('',#5226,1.);
#5226 = DIRECTION('',(1.,0.,0.));
#5227 = PCURVE('',#5182,#5228);
#5228 = DEFINITIONAL_REPRESENTATION('',(#5229),#5233);
#5229 = LINE('',#5230,#5231);
#5230 = CARTESIAN_POINT('',(0.,-4.E-02));
#5231 = VECTOR('',#5232,1.);
#5232 = DIRECTION('',(1.,0.));
#5233 = ( GEOMETRIC_REPRESENTATION_CONTEXT(2) 
PARAMETRIC_REPRESENTATION_CONTEXT() REPRESENTATION_CONTEXT('2D SPACE',''
  ) );
#5234 = PCURVE('',#3683,#5235);
#5235 = DEFINITIONAL_REPRESENTATION('',(#5236),#5240);
#5236 = LINE('',#5237,#5238);
#5237 = CARTESIAN_POINT('',(0.308891601563,0.712625976563));
#5238 = VECTOR('',#5239,1.);
#5239 = DIRECTION('',(1.,0.));
#5240 = ( GEOMETRIC_REPRESENTATION_CONTEXT(2) 
PARAMETRIC_REPRESENTATION_CONTEXT() REPRESENTATION_CONTEXT('2D SPACE',''
  ) );
#5241 = ORIENTED_EDGE('',*,*,#5242,.F.);
#5242 = EDGE_CURVE('',#5243,#5220,#5245,.T.);
#5243 = VERTEX_POINT('',#5244);
#5244 = CARTESIAN_POINT('',(2.827880859375E-02,0.123991699219,4.79));
#5245 = SURFACE_CURVE('',#5246,(#5250,#5257),.PCURVE_S1.);
#5246 = LINE('',#5247,#5248);
#5247 = CARTESIAN_POINT('',(2.827880859375E-02,0.123991699219,4.79));
#5248 = VECTOR('',#5249,1.);
#5249 = DIRECTION('',(0.,0.,1.));
#5250 = PCURVE('',#5182,#5251);
#5251 = DEFINITIONAL_REPRESENTATION('',(#5252),#5256);
#5252 = LINE('',#5253,#5254);
#5253 = CARTESIAN_POINT('',(0.362838867187,0.));
#5254 = VECTOR('',#5255,1.);
#5255 = DIRECTION('',(0.,-1.));
#5256 = ( GEOMETRIC_REPRESENTATION_CONTEXT(2) 
PARAMETRIC_REPRESENTATION_CONTEXT() REPRESENTATION_CONTEXT('2D SPACE',''
  ) );
#5257 = PCURVE('',#5258,#5265);
#5258 = SURFACE_OF_LINEAR_EXTRUSION('',#5259,#5263);
#5259 = B_SPLINE_CURVE_WITH_KNOTS('',2,(#5260,#5261,#5262),
  .UNSPECIFIED.,.F.,.F.,(3,3),(0.,1.),.PIECEWISE_BEZIER_KNOTS.);
#5260 = CARTESIAN_POINT('',(2.827880859375E-02,0.123991699219,4.79));
#5261 = CARTESIAN_POINT('',(0.144004394531,0.123991699219,4.79));
#5262 = CARTESIAN_POINT('',(0.209263183594,0.147919921875,4.79));
#5263 = VECTOR('',#5264,1.);
#5264 = DIRECTION('',(-0.,-0.,-1.));
#5265 = DEFINITIONAL_REPRESENTATION('',(#5266),#5270);
#5266 = LINE('',#5267,#5268);
#5267 = CARTESIAN_POINT('',(0.,0.));
#5268 = VECTOR('',#5269,1.);
#5269 = DIRECTION('',(0.,-1.));
#5270 = ( GEOMETRIC_REPRESENTATION_CONTEXT(2) 
PARAMETRIC_REPRESENTATION_CONTEXT() REPRESENTATION_CONTEXT('2D SPACE',''
  ) );
#5271 = ORIENTED_EDGE('',*,*,#5272,.F.);
#5272 = EDGE_CURVE('',#5167,#5243,#5273,.T.);
#5273 = SURFACE_CURVE('',#5274,(#5278,#5285),.PCURVE_S1.);
#5274 = LINE('',#5275,#5276);
#5275 = CARTESIAN_POINT('',(-0.334560058594,0.123991699219,4.79));
#5276 = VECTOR('',#5277,1.);
#5277 = DIRECTION('',(1.,0.,0.));
#5278 = PCURVE('',#5182,#5279);
#5279 = DEFINITIONAL_REPRESENTATION('',(#5280),#5284);
#5280 = LINE('',#5281,#5282);
#5281 = CARTESIAN_POINT('',(0.,0.));
#5282 = VECTOR('',#5283,1.);
#5283 = DIRECTION('',(1.,0.));
#5284 = ( GEOMETRIC_REPRESENTATION_CONTEXT(2) 
PARAMETRIC_REPRESENTATION_CONTEXT() REPRESENTATION_CONTEXT('2D SPACE',''
  ) );
#5285 = PCURVE('',#3737,#5286);
#5286 = DEFINITIONAL_REPRESENTATION('',(#5287),#5291);
#5287 = LINE('',#5288,#5289);
#5288 = CARTESIAN_POINT('',(0.308891601563,0.712625976563));
#5289 = VECTOR('',#5290,1.);
#5290 = DIRECTION('',(1.,0.));
#5291 = ( GEOMETRIC_REPRESENTATION_CONTEXT(2) 
PARAMETRIC_REPRESENTATION_CONTEXT() REPRESENTATION_CONTEXT('2D SPACE',''
  ) );
#5292 = ADVANCED_FACE('',(#5293),#5258,.T.);
#5293 = FACE_BOUND('',#5294,.T.);
#5294 = EDGE_LOOP('',(#5295,#5296,#5319,#5349));
#5295 = ORIENTED_EDGE('',*,*,#5242,.T.);
#5296 = ORIENTED_EDGE('',*,*,#5297,.T.);
#5297 = EDGE_CURVE('',#5220,#5298,#5300,.T.);
#5298 = VERTEX_POINT('',#5299);
#5299 = CARTESIAN_POINT('',(0.209263183594,0.147919921875,4.83));
#5300 = SURFACE_CURVE('',#5301,(#5305,#5312),.PCURVE_S1.);
#5301 = B_SPLINE_CURVE_WITH_KNOTS('',2,(#5302,#5303,#5304),
  .UNSPECIFIED.,.F.,.F.,(3,3),(0.,1.),.PIECEWISE_BEZIER_KNOTS.);
#5302 = CARTESIAN_POINT('',(2.827880859375E-02,0.123991699219,4.83));
#5303 = CARTESIAN_POINT('',(0.144004394531,0.123991699219,4.83));
#5304 = CARTESIAN_POINT('',(0.209263183594,0.147919921875,4.83));
#5305 = PCURVE('',#5258,#5306);
#5306 = DEFINITIONAL_REPRESENTATION('',(#5307),#5311);
#5307 = LINE('',#5308,#5309);
#5308 = CARTESIAN_POINT('',(0.,-4.E-02));
#5309 = VECTOR('',#5310,1.);
#5310 = DIRECTION('',(1.,0.));
#5311 = ( GEOMETRIC_REPRESENTATION_CONTEXT(2) 
PARAMETRIC_REPRESENTATION_CONTEXT() REPRESENTATION_CONTEXT('2D SPACE',''
  ) );
#5312 = PCURVE('',#3683,#5313);
#5313 = DEFINITIONAL_REPRESENTATION('',(#5314),#5318);
#5314 = B_SPLINE_CURVE_WITH_KNOTS('',2,(#5315,#5316,#5317),
  .UNSPECIFIED.,.F.,.F.,(3,3),(0.,1.),.PIECEWISE_BEZIER_KNOTS.);
#5315 = CARTESIAN_POINT('',(0.67173046875,0.712625976563));
#5316 = CARTESIAN_POINT('',(0.787456054688,0.712625976563));
#5317 = CARTESIAN_POINT('',(0.85271484375,0.736554199219));
#5318 = ( GEOMETRIC_REPRESENTATION_CONTEXT(2) 
PARAMETRIC_REPRESENTATION_CONTEXT() REPRESENTATION_CONTEXT('2D SPACE',''
  ) );
#5319 = ORIENTED_EDGE('',*,*,#5320,.F.);
#5320 = EDGE_CURVE('',#5321,#5298,#5323,.T.);
#5321 = VERTEX_POINT('',#5322);
#5322 = CARTESIAN_POINT('',(0.209263183594,0.147919921875,4.79));
#5323 = SURFACE_CURVE('',#5324,(#5328,#5335),.PCURVE_S1.);
#5324 = LINE('',#5325,#5326);
#5325 = CARTESIAN_POINT('',(0.209263183594,0.147919921875,4.79));
#5326 = VECTOR('',#5327,1.);
#5327 = DIRECTION('',(0.,0.,1.));
#5328 = PCURVE('',#5258,#5329);
#5329 = DEFINITIONAL_REPRESENTATION('',(#5330),#5334);
#5330 = LINE('',#5331,#5332);
#5331 = CARTESIAN_POINT('',(1.,0.));
#5332 = VECTOR('',#5333,1.);
#5333 = DIRECTION('',(0.,-1.));
#5334 = ( GEOMETRIC_REPRESENTATION_CONTEXT(2) 
PARAMETRIC_REPRESENTATION_CONTEXT() REPRESENTATION_CONTEXT('2D SPACE',''
  ) );
#5335 = PCURVE('',#5336,#5343);
#5336 = SURFACE_OF_LINEAR_EXTRUSION('',#5337,#5341);
#5337 = B_SPLINE_CURVE_WITH_KNOTS('',2,(#5338,#5339,#5340),
  .UNSPECIFIED.,.F.,.F.,(3,3),(0.,1.),.PIECEWISE_BEZIER_KNOTS.);
#5338 = CARTESIAN_POINT('',(0.209263183594,0.147919921875,4.79));
#5339 = CARTESIAN_POINT('',(0.274521972656,0.171848144531,4.79));
#5340 = CARTESIAN_POINT('',(0.308456542969,0.224490234375,4.79));
#5341 = VECTOR('',#5342,1.);
#5342 = DIRECTION('',(-0.,-0.,-1.));
#5343 = DEFINITIONAL_REPRESENTATION('',(#5344),#5348);
#5344 = LINE('',#5345,#5346);
#5345 = CARTESIAN_POINT('',(0.,0.));
#5346 = VECTOR('',#5347,1.);
#5347 = DIRECTION('',(0.,-1.));
#5348 = ( GEOMETRIC_REPRESENTATION_CONTEXT(2) 
PARAMETRIC_REPRESENTATION_CONTEXT() REPRESENTATION_CONTEXT('2D SPACE',''
  ) );
#5349 = ORIENTED_EDGE('',*,*,#5350,.F.);
#5350 = EDGE_CURVE('',#5243,#5321,#5351,.T.);
#5351 = SURFACE_CURVE('',#5352,(#5356,#5363),.PCURVE_S1.);
#5352 = B_SPLINE_CURVE_WITH_KNOTS('',2,(#5353,#5354,#5355),
  .UNSPECIFIED.,.F.,.F.,(3,3),(0.,1.),.PIECEWISE_BEZIER_KNOTS.);
#5353 = CARTESIAN_POINT('',(2.827880859375E-02,0.123991699219,4.79));
#5354 = CARTESIAN_POINT('',(0.144004394531,0.123991699219,4.79));
#5355 = CARTESIAN_POINT('',(0.209263183594,0.147919921875,4.79));
#5356 = PCURVE('',#5258,#5357);
#5357 = DEFINITIONAL_REPRESENTATION('',(#5358),#5362);
#5358 = LINE('',#5359,#5360);
#5359 = CARTESIAN_POINT('',(0.,0.));
#5360 = VECTOR('',#5361,1.);
#5361 = DIRECTION('',(1.,0.));
#5362 = ( GEOMETRIC_REPRESENTATION_CONTEXT(2) 
PARAMETRIC_REPRESENTATION_CONTEXT() REPRESENTATION_CONTEXT('2D SPACE',''
  ) );
#5363 = PCURVE('',#3737,#5364);
#5364 = DEFINITIONAL_REPRESENTATION('',(#5365),#5369);
#5365 = B_SPLINE_CURVE_WITH_KNOTS('',2,(#5366,#5367,#5368),
  .UNSPECIFIED.,.F.,.F.,(3,3),(0.,1.),.PIECEWISE_BEZIER_KNOTS.);
#5366 = CARTESIAN_POINT('',(0.67173046875,0.712625976563));
#5367 = CARTESIAN_POINT('',(0.787456054688,0.712625976563));
#5368 = CARTESIAN_POINT('',(0.85271484375,0.736554199219));
#5369 = ( GEOMETRIC_REPRESENTATION_CONTEXT(2) 
PARAMETRIC_REPRESENTATION_CONTEXT() REPRESENTATION_CONTEXT('2D SPACE',''
  ) );
#5370 = ADVANCED_FACE('',(#5371),#5336,.T.);
#5371 = FACE_BOUND('',#5372,.T.);
#5372 = EDGE_LOOP('',(#5373,#5374,#5397,#5427));
#5373 = ORIENTED_EDGE('',*,*,#5320,.T.);
#5374 = ORIENTED_EDGE('',*,*,#5375,.T.);
#5375 = EDGE_CURVE('',#5298,#5376,#5378,.T.);
#5376 = VERTEX_POINT('',#5377);
#5377 = CARTESIAN_POINT('',(0.308456542969,0.224490234375,4.83));
#5378 = SURFACE_CURVE('',#5379,(#5383,#5390),.PCURVE_S1.);
#5379 = B_SPLINE_CURVE_WITH_KNOTS('',2,(#5380,#5381,#5382),
  .UNSPECIFIED.,.F.,.F.,(3,3),(0.,1.),.PIECEWISE_BEZIER_KNOTS.);
#5380 = CARTESIAN_POINT('',(0.209263183594,0.147919921875,4.83));
#5381 = CARTESIAN_POINT('',(0.274521972656,0.171848144531,4.83));
#5382 = CARTESIAN_POINT('',(0.308456542969,0.224490234375,4.83));
#5383 = PCURVE('',#5336,#5384);
#5384 = DEFINITIONAL_REPRESENTATION('',(#5385),#5389);
#5385 = LINE('',#5386,#5387);
#5386 = CARTESIAN_POINT('',(0.,-4.E-02));
#5387 = VECTOR('',#5388,1.);
#5388 = DIRECTION('',(1.,0.));
#5389 = ( GEOMETRIC_REPRESENTATION_CONTEXT(2) 
PARAMETRIC_REPRESENTATION_CONTEXT() REPRESENTATION_CONTEXT('2D SPACE',''
  ) );
#5390 = PCURVE('',#3683,#5391);
#5391 = DEFINITIONAL_REPRESENTATION('',(#5392),#5396);
#5392 = B_SPLINE_CURVE_WITH_KNOTS('',2,(#5393,#5394,#5395),
  .UNSPECIFIED.,.F.,.F.,(3,3),(0.,1.),.PIECEWISE_BEZIER_KNOTS.);
#5393 = CARTESIAN_POINT('',(0.85271484375,0.736554199219));
#5394 = CARTESIAN_POINT('',(0.917973632812,0.760482421875));
#5395 = CARTESIAN_POINT('',(0.951908203125,0.813124511719));
#5396 = ( GEOMETRIC_REPRESENTATION_CONTEXT(2) 
PARAMETRIC_REPRESENTATION_CONTEXT() REPRESENTATION_CONTEXT('2D SPACE',''
  ) );
#5397 = ORIENTED_EDGE('',*,*,#5398,.F.);
#5398 = EDGE_CURVE('',#5399,#5376,#5401,.T.);
#5399 = VERTEX_POINT('',#5400);
#5400 = CARTESIAN_POINT('',(0.308456542969,0.224490234375,4.79));
#5401 = SURFACE_CURVE('',#5402,(#5406,#5413),.PCURVE_S1.);
#5402 = LINE('',#5403,#5404);
#5403 = CARTESIAN_POINT('',(0.308456542969,0.224490234375,4.79));
#5404 = VECTOR('',#5405,1.);
#5405 = DIRECTION('',(0.,0.,1.));
#5406 = PCURVE('',#5336,#5407);
#5407 = DEFINITIONAL_REPRESENTATION('',(#5408),#5412);
#5408 = LINE('',#5409,#5410);
#5409 = CARTESIAN_POINT('',(1.,0.));
#5410 = VECTOR('',#5411,1.);
#5411 = DIRECTION('',(0.,-1.));
#5412 = ( GEOMETRIC_REPRESENTATION_CONTEXT(2) 
PARAMETRIC_REPRESENTATION_CONTEXT() REPRESENTATION_CONTEXT('2D SPACE',''
  ) );
#5413 = PCURVE('',#5414,#5421);
#5414 = SURFACE_OF_LINEAR_EXTRUSION('',#5415,#5419);
#5415 = B_SPLINE_CURVE_WITH_KNOTS('',2,(#5416,#5417,#5418),
  .UNSPECIFIED.,.F.,.F.,(3,3),(0.,1.),.PIECEWISE_BEZIER_KNOTS.);
#5416 = CARTESIAN_POINT('',(0.308456542969,0.224490234375,4.79));
#5417 = CARTESIAN_POINT('',(0.342391113281,0.277132324219,4.79));
#5418 = CARTESIAN_POINT('',(0.342391113281,0.338910644531,4.79));
#5419 = VECTOR('',#5420,1.);
#5420 = DIRECTION('',(-0.,-0.,-1.));
#5421 = DEFINITIONAL_REPRESENTATION('',(#5422),#5426);
#5422 = LINE('',#5423,#5424);
#5423 = CARTESIAN_POINT('',(0.,0.));
#5424 = VECTOR('',#5425,1.);
#5425 = DIRECTION('',(0.,-1.));
#5426 = ( GEOMETRIC_REPRESENTATION_CONTEXT(2) 
PARAMETRIC_REPRESENTATION_CONTEXT() REPRESENTATION_CONTEXT('2D SPACE',''
  ) );
#5427 = ORIENTED_EDGE('',*,*,#5428,.F.);
#5428 = EDGE_CURVE('',#5321,#5399,#5429,.T.);
#5429 = SURFACE_CURVE('',#5430,(#5434,#5441),.PCURVE_S1.);
#5430 = B_SPLINE_CURVE_WITH_KNOTS('',2,(#5431,#5432,#5433),
  .UNSPECIFIED.,.F.,.F.,(3,3),(0.,1.),.PIECEWISE_BEZIER_KNOTS.);
#5431 = CARTESIAN_POINT('',(0.209263183594,0.147919921875,4.79));
#5432 = CARTESIAN_POINT('',(0.274521972656,0.171848144531,4.79));
#5433 = CARTESIAN_POINT('',(0.308456542969,0.224490234375,4.79));
#5434 = PCURVE('',#5336,#5435);
#5435 = DEFINITIONAL_REPRESENTATION('',(#5436),#5440);
#5436 = LINE('',#5437,#5438);
#5437 = CARTESIAN_POINT('',(0.,0.));
#5438 = VECTOR('',#5439,1.);
#5439 = DIRECTION('',(1.,0.));
#5440 = ( GEOMETRIC_REPRESENTATION_CONTEXT(2) 
PARAMETRIC_REPRESENTATION_CONTEXT() REPRESENTATION_CONTEXT('2D SPACE',''
  ) );
#5441 = PCURVE('',#3737,#5442);
#5442 = DEFINITIONAL_REPRESENTATION('',(#5443),#5447);
#5443 = B_SPLINE_CURVE_WITH_KNOTS('',2,(#5444,#5445,#5446),
  .UNSPECIFIED.,.F.,.F.,(3,3),(0.,1.),.PIECEWISE_BEZIER_KNOTS.);
#5444 = CARTESIAN_POINT('',(0.85271484375,0.736554199219));
#5445 = CARTESIAN_POINT('',(0.917973632812,0.760482421875));
#5446 = CARTESIAN_POINT('',(0.951908203125,0.813124511719));
#5447 = ( GEOMETRIC_REPRESENTATION_CONTEXT(2) 
PARAMETRIC_REPRESENTATION_CONTEXT() REPRESENTATION_CONTEXT('2D SPACE',''
  ) );
#5448 = ADVANCED_FACE('',(#5449),#5414,.T.);
#5449 = FACE_BOUND('',#5450,.T.);
#5450 = EDGE_LOOP('',(#5451,#5452,#5475,#5505));
#5451 = ORIENTED_EDGE('',*,*,#5398,.T.);
#5452 = ORIENTED_EDGE('',*,*,#5453,.T.);
#5453 = EDGE_CURVE('',#5376,#5454,#5456,.T.);
#5454 = VERTEX_POINT('',#5455);
#5455 = CARTESIAN_POINT('',(0.342391113281,0.338910644531,4.83));
#5456 = SURFACE_CURVE('',#5457,(#5461,#5468),.PCURVE_S1.);
#5457 = B_SPLINE_CURVE_WITH_KNOTS('',2,(#5458,#5459,#5460),
  .UNSPECIFIED.,.F.,.F.,(3,3),(0.,1.),.PIECEWISE_BEZIER_KNOTS.);
#5458 = CARTESIAN_POINT('',(0.308456542969,0.224490234375,4.83));
#5459 = CARTESIAN_POINT('',(0.342391113281,0.277132324219,4.83));
#5460 = CARTESIAN_POINT('',(0.342391113281,0.338910644531,4.83));
#5461 = PCURVE('',#5414,#5462);
#5462 = DEFINITIONAL_REPRESENTATION('',(#5463),#5467);
#5463 = LINE('',#5464,#5465);
#5464 = CARTESIAN_POINT('',(0.,-4.E-02));
#5465 = VECTOR('',#5466,1.);
#5466 = DIRECTION('',(1.,0.));
#5467 = ( GEOMETRIC_REPRESENTATION_CONTEXT(2) 
PARAMETRIC_REPRESENTATION_CONTEXT() REPRESENTATION_CONTEXT('2D SPACE',''
  ) );
#5468 = PCURVE('',#3683,#5469);
#5469 = DEFINITIONAL_REPRESENTATION('',(#5470),#5474);
#5470 = B_SPLINE_CURVE_WITH_KNOTS('',2,(#5471,#5472,#5473),
  .UNSPECIFIED.,.F.,.F.,(3,3),(0.,1.),.PIECEWISE_BEZIER_KNOTS.);
#5471 = CARTESIAN_POINT('',(0.951908203125,0.813124511719));
#5472 = CARTESIAN_POINT('',(0.985842773438,0.865766601562));
#5473 = CARTESIAN_POINT('',(0.985842773438,0.927544921875));
#5474 = ( GEOMETRIC_REPRESENTATION_CONTEXT(2) 
PARAMETRIC_REPRESENTATION_CONTEXT() REPRESENTATION_CONTEXT('2D SPACE',''
  ) );
#5475 = ORIENTED_EDGE('',*,*,#5476,.F.);
#5476 = EDGE_CURVE('',#5477,#5454,#5479,.T.);
#5477 = VERTEX_POINT('',#5478);
#5478 = CARTESIAN_POINT('',(0.342391113281,0.338910644531,4.79));
#5479 = SURFACE_CURVE('',#5480,(#5484,#5491),.PCURVE_S1.);
#5480 = LINE('',#5481,#5482);
#5481 = CARTESIAN_POINT('',(0.342391113281,0.338910644531,4.79));
#5482 = VECTOR('',#5483,1.);
#5483 = DIRECTION('',(0.,0.,1.));
#5484 = PCURVE('',#5414,#5485);
#5485 = DEFINITIONAL_REPRESENTATION('',(#5486),#5490);
#5486 = LINE('',#5487,#5488);
#5487 = CARTESIAN_POINT('',(1.,0.));
#5488 = VECTOR('',#5489,1.);
#5489 = DIRECTION('',(0.,-1.));
#5490 = ( GEOMETRIC_REPRESENTATION_CONTEXT(2) 
PARAMETRIC_REPRESENTATION_CONTEXT() REPRESENTATION_CONTEXT('2D SPACE',''
  ) );
#5491 = PCURVE('',#5492,#5499);
#5492 = SURFACE_OF_LINEAR_EXTRUSION('',#5493,#5497);
#5493 = B_SPLINE_CURVE_WITH_KNOTS('',2,(#5494,#5495,#5496),
  .UNSPECIFIED.,.F.,.F.,(3,3),(0.,1.),.PIECEWISE_BEZIER_KNOTS.);
#5494 = CARTESIAN_POINT('',(0.342391113281,0.338910644531,4.79));
#5495 = CARTESIAN_POINT('',(0.342391113281,0.429402832031,4.79));
#5496 = CARTESIAN_POINT('',(0.276697265625,0.487700683594,4.79));
#5497 = VECTOR('',#5498,1.);
#5498 = DIRECTION('',(-0.,-0.,-1.));
#5499 = DEFINITIONAL_REPRESENTATION('',(#5500),#5504);
#5500 = LINE('',#5501,#5502);
#5501 = CARTESIAN_POINT('',(0.,0.));
#5502 = VECTOR('',#5503,1.);
#5503 = DIRECTION('',(0.,-1.));
#5504 = ( GEOMETRIC_REPRESENTATION_CONTEXT(2) 
PARAMETRIC_REPRESENTATION_CONTEXT() REPRESENTATION_CONTEXT('2D SPACE',''
  ) );
#5505 = ORIENTED_EDGE('',*,*,#5506,.F.);
#5506 = EDGE_CURVE('',#5399,#5477,#5507,.T.);
#5507 = SURFACE_CURVE('',#5508,(#5512,#5519),.PCURVE_S1.);
#5508 = B_SPLINE_CURVE_WITH_KNOTS('',2,(#5509,#5510,#5511),
  .UNSPECIFIED.,.F.,.F.,(3,3),(0.,1.),.PIECEWISE_BEZIER_KNOTS.);
#5509 = CARTESIAN_POINT('',(0.308456542969,0.224490234375,4.79));
#5510 = CARTESIAN_POINT('',(0.342391113281,0.277132324219,4.79));
#5511 = CARTESIAN_POINT('',(0.342391113281,0.338910644531,4.79));
#5512 = PCURVE('',#5414,#5513);
#5513 = DEFINITIONAL_REPRESENTATION('',(#5514),#5518);
#5514 = LINE('',#5515,#5516);
#5515 = CARTESIAN_POINT('',(0.,0.));
#5516 = VECTOR('',#5517,1.);
#5517 = DIRECTION('',(1.,0.));
#5518 = ( GEOMETRIC_REPRESENTATION_CONTEXT(2) 
PARAMETRIC_REPRESENTATION_CONTEXT() REPRESENTATION_CONTEXT('2D SPACE',''
  ) );
#5519 = PCURVE('',#3737,#5520);
#5520 = DEFINITIONAL_REPRESENTATION('',(#5521),#5525);
#5521 = B_SPLINE_CURVE_WITH_KNOTS('',2,(#5522,#5523,#5524),
  .UNSPECIFIED.,.F.,.F.,(3,3),(0.,1.),.PIECEWISE_BEZIER_KNOTS.);
#5522 = CARTESIAN_POINT('',(0.951908203125,0.813124511719));
#5523 = CARTESIAN_POINT('',(0.985842773438,0.865766601562));
#5524 = CARTESIAN_POINT('',(0.985842773438,0.927544921875));
#5525 = ( GEOMETRIC_REPRESENTATION_CONTEXT(2) 
PARAMETRIC_REPRESENTATION_CONTEXT() REPRESENTATION_CONTEXT('2D SPACE',''
  ) );
#5526 = ADVANCED_FACE('',(#5527),#5492,.T.);
#5527 = FACE_BOUND('',#5528,.T.);
#5528 = EDGE_LOOP('',(#5529,#5530,#5553,#5583));
#5529 = ORIENTED_EDGE('',*,*,#5476,.T.);
#5530 = ORIENTED_EDGE('',*,*,#5531,.T.);
#5531 = EDGE_CURVE('',#5454,#5532,#5534,.T.);
#5532 = VERTEX_POINT('',#5533);
#5533 = CARTESIAN_POINT('',(0.276697265625,0.487700683594,4.83));
#5534 = SURFACE_CURVE('',#5535,(#5539,#5546),.PCURVE_S1.);
#5535 = B_SPLINE_CURVE_WITH_KNOTS('',2,(#5536,#5537,#5538),
  .UNSPECIFIED.,.F.,.F.,(3,3),(0.,1.),.PIECEWISE_BEZIER_KNOTS.);
#5536 = CARTESIAN_POINT('',(0.342391113281,0.338910644531,4.83));
#5537 = CARTESIAN_POINT('',(0.342391113281,0.429402832031,4.83));
#5538 = CARTESIAN_POINT('',(0.276697265625,0.487700683594,4.83));
#5539 = PCURVE('',#5492,#5540);
#5540 = DEFINITIONAL_REPRESENTATION('',(#5541),#5545);
#5541 = LINE('',#5542,#5543);
#5542 = CARTESIAN_POINT('',(0.,-4.E-02));
#5543 = VECTOR('',#5544,1.);
#5544 = DIRECTION('',(1.,0.));
#5545 = ( GEOMETRIC_REPRESENTATION_CONTEXT(2) 
PARAMETRIC_REPRESENTATION_CONTEXT() REPRESENTATION_CONTEXT('2D SPACE',''
  ) );
#5546 = PCURVE('',#3683,#5547);
#5547 = DEFINITIONAL_REPRESENTATION('',(#5548),#5552);
#5548 = B_SPLINE_CURVE_WITH_KNOTS('',2,(#5549,#5550,#5551),
  .UNSPECIFIED.,.F.,.F.,(3,3),(0.,1.),.PIECEWISE_BEZIER_KNOTS.);
#5549 = CARTESIAN_POINT('',(0.985842773438,0.927544921875));
#5550 = CARTESIAN_POINT('',(0.985842773438,1.018037109375));
#5551 = CARTESIAN_POINT('',(0.920148925781,1.076334960937));
#5552 = ( GEOMETRIC_REPRESENTATION_CONTEXT(2) 
PARAMETRIC_REPRESENTATION_CONTEXT() REPRESENTATION_CONTEXT('2D SPACE',''
  ) );
#5553 = ORIENTED_EDGE('',*,*,#5554,.F.);
#5554 = EDGE_CURVE('',#5555,#5532,#5557,.T.);
#5555 = VERTEX_POINT('',#5556);
#5556 = CARTESIAN_POINT('',(0.276697265625,0.487700683594,4.79));
#5557 = SURFACE_CURVE('',#5558,(#5562,#5569),.PCURVE_S1.);
#5558 = LINE('',#5559,#5560);
#5559 = CARTESIAN_POINT('',(0.276697265625,0.487700683594,4.79));
#5560 = VECTOR('',#5561,1.);
#5561 = DIRECTION('',(0.,0.,1.));
#5562 = PCURVE('',#5492,#5563);
#5563 = DEFINITIONAL_REPRESENTATION('',(#5564),#5568);
#5564 = LINE('',#5565,#5566);
#5565 = CARTESIAN_POINT('',(1.,0.));
#5566 = VECTOR('',#5567,1.);
#5567 = DIRECTION('',(0.,-1.));
#5568 = ( GEOMETRIC_REPRESENTATION_CONTEXT(2) 
PARAMETRIC_REPRESENTATION_CONTEXT() REPRESENTATION_CONTEXT('2D SPACE',''
  ) );
#5569 = PCURVE('',#5570,#5577);
#5570 = SURFACE_OF_LINEAR_EXTRUSION('',#5571,#5575);
#5571 = B_SPLINE_CURVE_WITH_KNOTS('',2,(#5572,#5573,#5574),
  .UNSPECIFIED.,.F.,.F.,(3,3),(0.,1.),.PIECEWISE_BEZIER_KNOTS.);
#5572 = CARTESIAN_POINT('',(0.276697265625,0.487700683594,4.79));
#5573 = CARTESIAN_POINT('',(0.211003417969,0.545998535156,4.79));
#5574 = CARTESIAN_POINT('',(6.917431640625E-02,0.545998535156,4.79));
#5575 = VECTOR('',#5576,1.);
#5576 = DIRECTION('',(-0.,-0.,-1.));
#5577 = DEFINITIONAL_REPRESENTATION('',(#5578),#5582);
#5578 = LINE('',#5579,#5580);
#5579 = CARTESIAN_POINT('',(0.,0.));
#5580 = VECTOR('',#5581,1.);
#5581 = DIRECTION('',(0.,-1.));
#5582 = ( GEOMETRIC_REPRESENTATION_CONTEXT(2) 
PARAMETRIC_REPRESENTATION_CONTEXT() REPRESENTATION_CONTEXT('2D SPACE',''
  ) );
#5583 = ORIENTED_EDGE('',*,*,#5584,.F.);
#5584 = EDGE_CURVE('',#5477,#5555,#5585,.T.);
#5585 = SURFACE_CURVE('',#5586,(#5590,#5597),.PCURVE_S1.);
#5586 = B_SPLINE_CURVE_WITH_KNOTS('',2,(#5587,#5588,#5589),
  .UNSPECIFIED.,.F.,.F.,(3,3),(0.,1.),.PIECEWISE_BEZIER_KNOTS.);
#5587 = CARTESIAN_POINT('',(0.342391113281,0.338910644531,4.79));
#5588 = CARTESIAN_POINT('',(0.342391113281,0.429402832031,4.79));
#5589 = CARTESIAN_POINT('',(0.276697265625,0.487700683594,4.79));
#5590 = PCURVE('',#5492,#5591);
#5591 = DEFINITIONAL_REPRESENTATION('',(#5592),#5596);
#5592 = LINE('',#5593,#5594);
#5593 = CARTESIAN_POINT('',(0.,0.));
#5594 = VECTOR('',#5595,1.);
#5595 = DIRECTION('',(1.,0.));
#5596 = ( GEOMETRIC_REPRESENTATION_CONTEXT(2) 
PARAMETRIC_REPRESENTATION_CONTEXT() REPRESENTATION_CONTEXT('2D SPACE',''
  ) );
#5597 = PCURVE('',#3737,#5598);
#5598 = DEFINITIONAL_REPRESENTATION('',(#5599),#5603);
#5599 = B_SPLINE_CURVE_WITH_KNOTS('',2,(#5600,#5601,#5602),
  .UNSPECIFIED.,.F.,.F.,(3,3),(0.,1.),.PIECEWISE_BEZIER_KNOTS.);
#5600 = CARTESIAN_POINT('',(0.985842773438,0.927544921875));
#5601 = CARTESIAN_POINT('',(0.985842773438,1.018037109375));
#5602 = CARTESIAN_POINT('',(0.920148925781,1.076334960937));
#5603 = ( GEOMETRIC_REPRESENTATION_CONTEXT(2) 
PARAMETRIC_REPRESENTATION_CONTEXT() REPRESENTATION_CONTEXT('2D SPACE',''
  ) );
#5604 = ADVANCED_FACE('',(#5605),#5570,.T.);
#5605 = FACE_BOUND('',#5606,.T.);
#5606 = EDGE_LOOP('',(#5607,#5608,#5631,#5654));
#5607 = ORIENTED_EDGE('',*,*,#5554,.T.);
#5608 = ORIENTED_EDGE('',*,*,#5609,.T.);
#5609 = EDGE_CURVE('',#5532,#5610,#5612,.T.);
#5610 = VERTEX_POINT('',#5611);
#5611 = CARTESIAN_POINT('',(6.917431640625E-02,0.545998535156,4.83));
#5612 = SURFACE_CURVE('',#5613,(#5617,#5624),.PCURVE_S1.);
#5613 = B_SPLINE_CURVE_WITH_KNOTS('',2,(#5614,#5615,#5616),
  .UNSPECIFIED.,.F.,.F.,(3,3),(0.,1.),.PIECEWISE_BEZIER_KNOTS.);
#5614 = CARTESIAN_POINT('',(0.276697265625,0.487700683594,4.83));
#5615 = CARTESIAN_POINT('',(0.211003417969,0.545998535156,4.83));
#5616 = CARTESIAN_POINT('',(6.917431640625E-02,0.545998535156,4.83));
#5617 = PCURVE('',#5570,#5618);
#5618 = DEFINITIONAL_REPRESENTATION('',(#5619),#5623);
#5619 = LINE('',#5620,#5621);
#5620 = CARTESIAN_POINT('',(0.,-4.E-02));
#5621 = VECTOR('',#5622,1.);
#5622 = DIRECTION('',(1.,0.));
#5623 = ( GEOMETRIC_REPRESENTATION_CONTEXT(2) 
PARAMETRIC_REPRESENTATION_CONTEXT() REPRESENTATION_CONTEXT('2D SPACE',''
  ) );
#5624 = PCURVE('',#3683,#5625);
#5625 = DEFINITIONAL_REPRESENTATION('',(#5626),#5630);
#5626 = B_SPLINE_CURVE_WITH_KNOTS('',2,(#5627,#5628,#5629),
  .UNSPECIFIED.,.F.,.F.,(3,3),(0.,1.),.PIECEWISE_BEZIER_KNOTS.);
#5627 = CARTESIAN_POINT('',(0.920148925781,1.076334960937));
#5628 = CARTESIAN_POINT('',(0.854455078125,1.1346328125));
#5629 = CARTESIAN_POINT('',(0.712625976563,1.1346328125));
#5630 = ( GEOMETRIC_REPRESENTATION_CONTEXT(2) 
PARAMETRIC_REPRESENTATION_CONTEXT() REPRESENTATION_CONTEXT('2D SPACE',''
  ) );
#5631 = ORIENTED_EDGE('',*,*,#5632,.F.);
#5632 = EDGE_CURVE('',#5633,#5610,#5635,.T.);
#5633 = VERTEX_POINT('',#5634);
#5634 = CARTESIAN_POINT('',(6.917431640625E-02,0.545998535156,4.79));
#5635 = SURFACE_CURVE('',#5636,(#5640,#5647),.PCURVE_S1.);
#5636 = LINE('',#5637,#5638);
#5637 = CARTESIAN_POINT('',(6.917431640625E-02,0.545998535156,4.79));
#5638 = VECTOR('',#5639,1.);
#5639 = DIRECTION('',(0.,0.,1.));
#5640 = PCURVE('',#5570,#5641);
#5641 = DEFINITIONAL_REPRESENTATION('',(#5642),#5646);
#5642 = LINE('',#5643,#5644);
#5643 = CARTESIAN_POINT('',(1.,0.));
#5644 = VECTOR('',#5645,1.);
#5645 = DIRECTION('',(0.,-1.));
#5646 = ( GEOMETRIC_REPRESENTATION_CONTEXT(2) 
PARAMETRIC_REPRESENTATION_CONTEXT() REPRESENTATION_CONTEXT('2D SPACE',''
  ) );
#5647 = PCURVE('',#5131,#5648);
#5648 = DEFINITIONAL_REPRESENTATION('',(#5649),#5653);
#5649 = LINE('',#5650,#5651);
#5650 = CARTESIAN_POINT('',(0.,-0.));
#5651 = VECTOR('',#5652,1.);
#5652 = DIRECTION('',(0.,-1.));
#5653 = ( GEOMETRIC_REPRESENTATION_CONTEXT(2) 
PARAMETRIC_REPRESENTATION_CONTEXT() REPRESENTATION_CONTEXT('2D SPACE',''
  ) );
#5654 = ORIENTED_EDGE('',*,*,#5655,.F.);
#5655 = EDGE_CURVE('',#5555,#5633,#5656,.T.);
#5656 = SURFACE_CURVE('',#5657,(#5661,#5668),.PCURVE_S1.);
#5657 = B_SPLINE_CURVE_WITH_KNOTS('',2,(#5658,#5659,#5660),
  .UNSPECIFIED.,.F.,.F.,(3,3),(0.,1.),.PIECEWISE_BEZIER_KNOTS.);
#5658 = CARTESIAN_POINT('',(0.276697265625,0.487700683594,4.79));
#5659 = CARTESIAN_POINT('',(0.211003417969,0.545998535156,4.79));
#5660 = CARTESIAN_POINT('',(6.917431640625E-02,0.545998535156,4.79));
#5661 = PCURVE('',#5570,#5662);
#5662 = DEFINITIONAL_REPRESENTATION('',(#5663),#5667);
#5663 = LINE('',#5664,#5665);
#5664 = CARTESIAN_POINT('',(0.,0.));
#5665 = VECTOR('',#5666,1.);
#5666 = DIRECTION('',(1.,0.));
#5667 = ( GEOMETRIC_REPRESENTATION_CONTEXT(2) 
PARAMETRIC_REPRESENTATION_CONTEXT() REPRESENTATION_CONTEXT('2D SPACE',''
  ) );
#5668 = PCURVE('',#3737,#5669);
#5669 = DEFINITIONAL_REPRESENTATION('',(#5670),#5674);
#5670 = B_SPLINE_CURVE_WITH_KNOTS('',2,(#5671,#5672,#5673),
  .UNSPECIFIED.,.F.,.F.,(3,3),(0.,1.),.PIECEWISE_BEZIER_KNOTS.);
#5671 = CARTESIAN_POINT('',(0.920148925781,1.076334960937));
#5672 = CARTESIAN_POINT('',(0.854455078125,1.1346328125));
#5673 = CARTESIAN_POINT('',(0.712625976563,1.1346328125));
#5674 = ( GEOMETRIC_REPRESENTATION_CONTEXT(2) 
PARAMETRIC_REPRESENTATION_CONTEXT() REPRESENTATION_CONTEXT('2D SPACE',''
  ) );
#5675 = ADVANCED_FACE('',(#5676),#5131,.T.);
#5676 = FACE_BOUND('',#5677,.T.);
#5677 = EDGE_LOOP('',(#5678,#5679,#5700,#5701));
#5678 = ORIENTED_EDGE('',*,*,#5632,.T.);
#5679 = ORIENTED_EDGE('',*,*,#5680,.T.);
#5680 = EDGE_CURVE('',#5610,#5111,#5681,.T.);
#5681 = SURFACE_CURVE('',#5682,(#5686,#5693),.PCURVE_S1.);
#5682 = LINE('',#5683,#5684);
#5683 = CARTESIAN_POINT('',(6.917431640625E-02,0.545998535156,4.83));
#5684 = VECTOR('',#5685,1.);
#5685 = DIRECTION('',(-1.,0.,0.));
#5686 = PCURVE('',#5131,#5687);
#5687 = DEFINITIONAL_REPRESENTATION('',(#5688),#5692);
#5688 = LINE('',#5689,#5690);
#5689 = CARTESIAN_POINT('',(0.,-4.E-02));
#5690 = VECTOR('',#5691,1.);
#5691 = DIRECTION('',(1.,0.));
#5692 = ( GEOMETRIC_REPRESENTATION_CONTEXT(2) 
PARAMETRIC_REPRESENTATION_CONTEXT() REPRESENTATION_CONTEXT('2D SPACE',''
  ) );
#5693 = PCURVE('',#3683,#5694);
#5694 = DEFINITIONAL_REPRESENTATION('',(#5695),#5699);
#5695 = LINE('',#5696,#5697);
#5696 = CARTESIAN_POINT('',(0.712625976563,1.1346328125));
#5697 = VECTOR('',#5698,1.);
#5698 = DIRECTION('',(-1.,0.));
#5699 = ( GEOMETRIC_REPRESENTATION_CONTEXT(2) 
PARAMETRIC_REPRESENTATION_CONTEXT() REPRESENTATION_CONTEXT('2D SPACE',''
  ) );
#5700 = ORIENTED_EDGE('',*,*,#5108,.F.);
#5701 = ORIENTED_EDGE('',*,*,#5702,.F.);
#5702 = EDGE_CURVE('',#5633,#5109,#5703,.T.);
#5703 = SURFACE_CURVE('',#5704,(#5708,#5715),.PCURVE_S1.);
#5704 = LINE('',#5705,#5706);
#5705 = CARTESIAN_POINT('',(6.917431640625E-02,0.545998535156,4.79));
#5706 = VECTOR('',#5707,1.);
#5707 = DIRECTION('',(-1.,0.,0.));
#5708 = PCURVE('',#5131,#5709);
#5709 = DEFINITIONAL_REPRESENTATION('',(#5710),#5714);
#5710 = LINE('',#5711,#5712);
#5711 = CARTESIAN_POINT('',(0.,-0.));
#5712 = VECTOR('',#5713,1.);
#5713 = DIRECTION('',(1.,0.));
#5714 = ( GEOMETRIC_REPRESENTATION_CONTEXT(2) 
PARAMETRIC_REPRESENTATION_CONTEXT() REPRESENTATION_CONTEXT('2D SPACE',''
  ) );
#5715 = PCURVE('',#3737,#5716);
#5716 = DEFINITIONAL_REPRESENTATION('',(#5717),#5721);
#5717 = LINE('',#5718,#5719);
#5718 = CARTESIAN_POINT('',(0.712625976563,1.1346328125));
#5719 = VECTOR('',#5720,1.);
#5720 = DIRECTION('',(-1.,0.));
#5721 = ( GEOMETRIC_REPRESENTATION_CONTEXT(2) 
PARAMETRIC_REPRESENTATION_CONTEXT() REPRESENTATION_CONTEXT('2D SPACE',''
  ) );
#5722 = ADVANCED_FACE('',(#5723,#5744),#3737,.F.);
#5723 = FACE_BOUND('',#5724,.T.);
#5724 = EDGE_LOOP('',(#5725,#5726,#5727,#5728,#5729,#5730,#5731,#5732,
    #5733,#5734,#5735,#5736,#5737,#5738,#5739,#5740,#5741,#5742,#5743));
#5725 = ORIENTED_EDGE('',*,*,#3723,.T.);
#5726 = ORIENTED_EDGE('',*,*,#3804,.T.);
#5727 = ORIENTED_EDGE('',*,*,#3882,.T.);
#5728 = ORIENTED_EDGE('',*,*,#3960,.T.);
#5729 = ORIENTED_EDGE('',*,*,#4038,.T.);
#5730 = ORIENTED_EDGE('',*,*,#4116,.T.);
#5731 = ORIENTED_EDGE('',*,*,#4194,.T.);
#5732 = ORIENTED_EDGE('',*,*,#4272,.T.);
#5733 = ORIENTED_EDGE('',*,*,#4350,.T.);
#5734 = ORIENTED_EDGE('',*,*,#4426,.T.);
#5735 = ORIENTED_EDGE('',*,*,#4502,.T.);
#5736 = ORIENTED_EDGE('',*,*,#4578,.T.);
#5737 = ORIENTED_EDGE('',*,*,#4656,.T.);
#5738 = ORIENTED_EDGE('',*,*,#4734,.T.);
#5739 = ORIENTED_EDGE('',*,*,#4812,.T.);
#5740 = ORIENTED_EDGE('',*,*,#4890,.T.);
#5741 = ORIENTED_EDGE('',*,*,#4966,.T.);
#5742 = ORIENTED_EDGE('',*,*,#5037,.T.);
#5743 = ORIENTED_EDGE('',*,*,#5084,.T.);
#5744 = FACE_BOUND('',#5745,.T.);
#5745 = EDGE_LOOP('',(#5746,#5747,#5748,#5749,#5750,#5751,#5752,#5753));
#5746 = ORIENTED_EDGE('',*,*,#5194,.T.);
#5747 = ORIENTED_EDGE('',*,*,#5272,.T.);
#5748 = ORIENTED_EDGE('',*,*,#5350,.T.);
#5749 = ORIENTED_EDGE('',*,*,#5428,.T.);
#5750 = ORIENTED_EDGE('',*,*,#5506,.T.);
#5751 = ORIENTED_EDGE('',*,*,#5584,.T.);
#5752 = ORIENTED_EDGE('',*,*,#5655,.T.);
#5753 = ORIENTED_EDGE('',*,*,#5702,.T.);
#5754 = ADVANCED_FACE('',(#5755,#5776),#3683,.T.);
#5755 = FACE_BOUND('',#5756,.F.);
#5756 = EDGE_LOOP('',(#5757,#5758,#5759,#5760,#5761,#5762,#5763,#5764,
    #5765,#5766,#5767,#5768,#5769,#5770,#5771,#5772,#5773,#5774,#5775));
#5757 = ORIENTED_EDGE('',*,*,#3667,.T.);
#5758 = ORIENTED_EDGE('',*,*,#3753,.T.);
#5759 = ORIENTED_EDGE('',*,*,#3829,.T.);
#5760 = ORIENTED_EDGE('',*,*,#3907,.T.);
#5761 = ORIENTED_EDGE('',*,*,#3985,.T.);
#5762 = ORIENTED_EDGE('',*,*,#4063,.T.);
#5763 = ORIENTED_EDGE('',*,*,#4141,.T.);
#5764 = ORIENTED_EDGE('',*,*,#4219,.T.);
#5765 = ORIENTED_EDGE('',*,*,#4297,.T.);
#5766 = ORIENTED_EDGE('',*,*,#4375,.T.);
#5767 = ORIENTED_EDGE('',*,*,#4451,.T.);
#5768 = ORIENTED_EDGE('',*,*,#4527,.T.);
#5769 = ORIENTED_EDGE('',*,*,#4603,.T.);
#5770 = ORIENTED_EDGE('',*,*,#4681,.T.);
#5771 = ORIENTED_EDGE('',*,*,#4759,.T.);
#5772 = ORIENTED_EDGE('',*,*,#4837,.T.);
#5773 = ORIENTED_EDGE('',*,*,#4915,.T.);
#5774 = ORIENTED_EDGE('',*,*,#4991,.T.);
#5775 = ORIENTED_EDGE('',*,*,#5062,.T.);
#5776 = FACE_BOUND('',#5777,.F.);
#5777 = EDGE_LOOP('',(#5778,#5779,#5780,#5781,#5782,#5783,#5784,#5785));
#5778 = ORIENTED_EDGE('',*,*,#5143,.T.);
#5779 = ORIENTED_EDGE('',*,*,#5219,.T.);
#5780 = ORIENTED_EDGE('',*,*,#5297,.T.);
#5781 = ORIENTED_EDGE('',*,*,#5375,.T.);
#5782 = ORIENTED_EDGE('',*,*,#5453,.T.);
#5783 = ORIENTED_EDGE('',*,*,#5531,.T.);
#5784 = ORIENTED_EDGE('',*,*,#5609,.T.);
#5785 = ORIENTED_EDGE('',*,*,#5680,.T.);
#5786 = MANIFOLD_SOLID_BREP('',#5787);
#5787 = CLOSED_SHELL('',(#5788,#5910,#5986,#6064,#6142,#6220,#6298,#6376
    ,#6454,#6532,#6610,#6688,#6764,#6842,#6920,#6998,#7076,#7154,#7232,
    #7310,#7388,#7459,#7506,#7531));
#5788 = ADVANCED_FACE('',(#5789),#5803,.T.);
#5789 = FACE_BOUND('',#5790,.T.);
#5790 = EDGE_LOOP('',(#5791,#5828,#5856,#5884));
#5791 = ORIENTED_EDGE('',*,*,#5792,.T.);
#5792 = EDGE_CURVE('',#5793,#5795,#5797,.T.);
#5793 = VERTEX_POINT('',#5794);
#5794 = CARTESIAN_POINT('',(0.914928222656,-0.438104003906,4.79));
#5795 = VERTEX_POINT('',#5796);
#5796 = CARTESIAN_POINT('',(0.914928222656,-0.438104003906,4.83));
#5797 = SURFACE_CURVE('',#5798,(#5802,#5814),.PCURVE_S1.);
#5798 = LINE('',#5799,#5800);
#5799 = CARTESIAN_POINT('',(0.914928222656,-0.438104003906,4.79));
#5800 = VECTOR('',#5801,1.);
#5801 = DIRECTION('',(0.,0.,1.));
#5802 = PCURVE('',#5803,#5808);
#5803 = PLANE('',#5804);
#5804 = AXIS2_PLACEMENT_3D('',#5805,#5806,#5807);
#5805 = CARTESIAN_POINT('',(0.914928222656,-0.438104003906,4.79));
#5806 = DIRECTION('',(0.,1.,0.));
#5807 = DIRECTION('',(1.,0.,0.));
#5808 = DEFINITIONAL_REPRESENTATION('',(#5809),#5813);
#5809 = LINE('',#5810,#5811);
#5810 = CARTESIAN_POINT('',(0.,0.));
#5811 = VECTOR('',#5812,1.);
#5812 = DIRECTION('',(0.,-1.));
#5813 = ( GEOMETRIC_REPRESENTATION_CONTEXT(2) 
PARAMETRIC_REPRESENTATION_CONTEXT() REPRESENTATION_CONTEXT('2D SPACE',''
  ) );
#5814 = PCURVE('',#5815,#5822);
#5815 = SURFACE_OF_LINEAR_EXTRUSION('',#5816,#5820);
#5816 = B_SPLINE_CURVE_WITH_KNOTS('',2,(#5817,#5818,#5819),
  .UNSPECIFIED.,.F.,.F.,(3,3),(0.,1.),.PIECEWISE_BEZIER_KNOTS.);
#5817 = CARTESIAN_POINT('',(0.981057128906,-0.353267578125,4.79));
#5818 = CARTESIAN_POINT('',(0.941031738281,-0.395468261719,4.79));
#5819 = CARTESIAN_POINT('',(0.914928222656,-0.438104003906,4.79));
#5820 = VECTOR('',#5821,1.);
#5821 = DIRECTION('',(-0.,-0.,-1.));
#5822 = DEFINITIONAL_REPRESENTATION('',(#5823),#5827);
#5823 = LINE('',#5824,#5825);
#5824 = CARTESIAN_POINT('',(1.,0.));
#5825 = VECTOR('',#5826,1.);
#5826 = DIRECTION('',(0.,-1.));
#5827 = ( GEOMETRIC_REPRESENTATION_CONTEXT(2) 
PARAMETRIC_REPRESENTATION_CONTEXT() REPRESENTATION_CONTEXT('2D SPACE',''
  ) );
#5828 = ORIENTED_EDGE('',*,*,#5829,.T.);
#5829 = EDGE_CURVE('',#5795,#5830,#5832,.T.);
#5830 = VERTEX_POINT('',#5831);
#5831 = CARTESIAN_POINT('',(1.540542480469,-0.438104003906,4.83));
#5832 = SURFACE_CURVE('',#5833,(#5837,#5844),.PCURVE_S1.);
#5833 = LINE('',#5834,#5835);
#5834 = CARTESIAN_POINT('',(0.914928222656,-0.438104003906,4.83));
#5835 = VECTOR('',#5836,1.);
#5836 = DIRECTION('',(1.,0.,0.));
#5837 = PCURVE('',#5803,#5838);
#5838 = DEFINITIONAL_REPRESENTATION('',(#5839),#5843);
#5839 = LINE('',#5840,#5841);
#5840 = CARTESIAN_POINT('',(0.,-4.E-02));
#5841 = VECTOR('',#5842,1.);
#5842 = DIRECTION('',(1.,0.));
#5843 = ( GEOMETRIC_REPRESENTATION_CONTEXT(2) 
PARAMETRIC_REPRESENTATION_CONTEXT() REPRESENTATION_CONTEXT('2D SPACE',''
  ) );
#5844 = PCURVE('',#5845,#5850);
#5845 = PLANE('',#5846);
#5846 = AXIS2_PLACEMENT_3D('',#5847,#5848,#5849);
#5847 = CARTESIAN_POINT('',(0.643451660156,-0.588634277344,4.83));
#5848 = DIRECTION('',(0.,0.,1.));
#5849 = DIRECTION('',(1.,0.,0.));
#5850 = DEFINITIONAL_REPRESENTATION('',(#5851),#5855);
#5851 = LINE('',#5852,#5853);
#5852 = CARTESIAN_POINT('',(0.2714765625,0.150530273438));
#5853 = VECTOR('',#5854,1.);
#5854 = DIRECTION('',(1.,0.));
#5855 = ( GEOMETRIC_REPRESENTATION_CONTEXT(2) 
PARAMETRIC_REPRESENTATION_CONTEXT() REPRESENTATION_CONTEXT('2D SPACE',''
  ) );
#5856 = ORIENTED_EDGE('',*,*,#5857,.F.);
#5857 = EDGE_CURVE('',#5858,#5830,#5860,.T.);
#5858 = VERTEX_POINT('',#5859);
#5859 = CARTESIAN_POINT('',(1.540542480469,-0.438104003906,4.79));
#5860 = SURFACE_CURVE('',#5861,(#5865,#5872),.PCURVE_S1.);
#5861 = LINE('',#5862,#5863);
#5862 = CARTESIAN_POINT('',(1.540542480469,-0.438104003906,4.79));
#5863 = VECTOR('',#5864,1.);
#5864 = DIRECTION('',(0.,0.,1.));
#5865 = PCURVE('',#5803,#5866);
#5866 = DEFINITIONAL_REPRESENTATION('',(#5867),#5871);
#5867 = LINE('',#5868,#5869);
#5868 = CARTESIAN_POINT('',(0.625614257812,0.));
#5869 = VECTOR('',#5870,1.);
#5870 = DIRECTION('',(0.,-1.));
#5871 = ( GEOMETRIC_REPRESENTATION_CONTEXT(2) 
PARAMETRIC_REPRESENTATION_CONTEXT() REPRESENTATION_CONTEXT('2D SPACE',''
  ) );
#5872 = PCURVE('',#5873,#5878);
#5873 = PLANE('',#5874);
#5874 = AXIS2_PLACEMENT_3D('',#5875,#5876,#5877);
#5875 = CARTESIAN_POINT('',(1.540542480469,-0.438104003906,4.79));
#5876 = DIRECTION('',(1.,0.,0.));
#5877 = DIRECTION('',(0.,-1.,0.));
#5878 = DEFINITIONAL_REPRESENTATION('',(#5879),#5883);
#5879 = LINE('',#5880,#5881);
#5880 = CARTESIAN_POINT('',(0.,0.));
#5881 = VECTOR('',#5882,1.);
#5882 = DIRECTION('',(0.,-1.));
#5883 = ( GEOMETRIC_REPRESENTATION_CONTEXT(2) 
PARAMETRIC_REPRESENTATION_CONTEXT() REPRESENTATION_CONTEXT('2D SPACE',''
  ) );
#5884 = ORIENTED_EDGE('',*,*,#5885,.F.);
#5885 = EDGE_CURVE('',#5793,#5858,#5886,.T.);
#5886 = SURFACE_CURVE('',#5887,(#5891,#5898),.PCURVE_S1.);
#5887 = LINE('',#5888,#5889);
#5888 = CARTESIAN_POINT('',(0.914928222656,-0.438104003906,4.79));
#5889 = VECTOR('',#5890,1.);
#5890 = DIRECTION('',(1.,0.,0.));
#5891 = PCURVE('',#5803,#5892);
#5892 = DEFINITIONAL_REPRESENTATION('',(#5893),#5897);
#5893 = LINE('',#5894,#5895);
#5894 = CARTESIAN_POINT('',(0.,0.));
#5895 = VECTOR('',#5896,1.);
#5896 = DIRECTION('',(1.,0.));
#5897 = ( GEOMETRIC_REPRESENTATION_CONTEXT(2) 
PARAMETRIC_REPRESENTATION_CONTEXT() REPRESENTATION_CONTEXT('2D SPACE',''
  ) );
#5898 = PCURVE('',#5899,#5904);
#5899 = PLANE('',#5900);
#5900 = AXIS2_PLACEMENT_3D('',#5901,#5902,#5903);
#5901 = CARTESIAN_POINT('',(0.643451660156,-0.588634277344,4.79));
#5902 = DIRECTION('',(0.,0.,1.));
#5903 = DIRECTION('',(1.,0.,0.));
#5904 = DEFINITIONAL_REPRESENTATION('',(#5905),#5909);
#5905 = LINE('',#5906,#5907);
#5906 = CARTESIAN_POINT('',(0.2714765625,0.150530273438));
#5907 = VECTOR('',#5908,1.);
#5908 = DIRECTION('',(1.,0.));
#5909 = ( GEOMETRIC_REPRESENTATION_CONTEXT(2) 
PARAMETRIC_REPRESENTATION_CONTEXT() REPRESENTATION_CONTEXT('2D SPACE',''
  ) );
#5910 = ADVANCED_FACE('',(#5911),#5873,.T.);
#5911 = FACE_BOUND('',#5912,.T.);
#5912 = EDGE_LOOP('',(#5913,#5914,#5937,#5965));
#5913 = ORIENTED_EDGE('',*,*,#5857,.T.);
#5914 = ORIENTED_EDGE('',*,*,#5915,.T.);
#5915 = EDGE_CURVE('',#5830,#5916,#5918,.T.);
#5916 = VERTEX_POINT('',#5917);
#5917 = CARTESIAN_POINT('',(1.540542480469,-0.588634277344,4.83));
#5918 = SURFACE_CURVE('',#5919,(#5923,#5930),.PCURVE_S1.);
#5919 = LINE('',#5920,#5921);
#5920 = CARTESIAN_POINT('',(1.540542480469,-0.438104003906,4.83));
#5921 = VECTOR('',#5922,1.);
#5922 = DIRECTION('',(0.,-1.,0.));
#5923 = PCURVE('',#5873,#5924);
#5924 = DEFINITIONAL_REPRESENTATION('',(#5925),#5929);
#5925 = LINE('',#5926,#5927);
#5926 = CARTESIAN_POINT('',(0.,-4.E-02));
#5927 = VECTOR('',#5928,1.);
#5928 = DIRECTION('',(1.,0.));
#5929 = ( GEOMETRIC_REPRESENTATION_CONTEXT(2) 
PARAMETRIC_REPRESENTATION_CONTEXT() REPRESENTATION_CONTEXT('2D SPACE',''
  ) );
#5930 = PCURVE('',#5845,#5931);
#5931 = DEFINITIONAL_REPRESENTATION('',(#5932),#5936);
#5932 = LINE('',#5933,#5934);
#5933 = CARTESIAN_POINT('',(0.897090820312,0.150530273438));
#5934 = VECTOR('',#5935,1.);
#5935 = DIRECTION('',(0.,-1.));
#5936 = ( GEOMETRIC_REPRESENTATION_CONTEXT(2) 
PARAMETRIC_REPRESENTATION_CONTEXT() REPRESENTATION_CONTEXT('2D SPACE',''
  ) );
#5937 = ORIENTED_EDGE('',*,*,#5938,.F.);
#5938 = EDGE_CURVE('',#5939,#5916,#5941,.T.);
#5939 = VERTEX_POINT('',#5940);
#5940 = CARTESIAN_POINT('',(1.540542480469,-0.588634277344,4.79));
#5941 = SURFACE_CURVE('',#5942,(#5946,#5953),.PCURVE_S1.);
#5942 = LINE('',#5943,#5944);
#5943 = CARTESIAN_POINT('',(1.540542480469,-0.588634277344,4.79));
#5944 = VECTOR('',#5945,1.);
#5945 = DIRECTION('',(0.,0.,1.));
#5946 = PCURVE('',#5873,#5947);
#5947 = DEFINITIONAL_REPRESENTATION('',(#5948),#5952);
#5948 = LINE('',#5949,#5950);
#5949 = CARTESIAN_POINT('',(0.150530273438,0.));
#5950 = VECTOR('',#5951,1.);
#5951 = DIRECTION('',(0.,-1.));
#5952 = ( GEOMETRIC_REPRESENTATION_CONTEXT(2) 
PARAMETRIC_REPRESENTATION_CONTEXT() REPRESENTATION_CONTEXT('2D SPACE',''
  ) );
#5953 = PCURVE('',#5954,#5959);
#5954 = PLANE('',#5955);
#5955 = AXIS2_PLACEMENT_3D('',#5956,#5957,#5958);
#5956 = CARTESIAN_POINT('',(1.540542480469,-0.588634277344,4.79));
#5957 = DIRECTION('',(0.,-1.,0.));
#5958 = DIRECTION('',(-1.,0.,0.));
#5959 = DEFINITIONAL_REPRESENTATION('',(#5960),#5964);
#5960 = LINE('',#5961,#5962);
#5961 = CARTESIAN_POINT('',(0.,-0.));
#5962 = VECTOR('',#5963,1.);
#5963 = DIRECTION('',(0.,-1.));
#5964 = ( GEOMETRIC_REPRESENTATION_CONTEXT(2) 
PARAMETRIC_REPRESENTATION_CONTEXT() REPRESENTATION_CONTEXT('2D SPACE',''
  ) );
#5965 = ORIENTED_EDGE('',*,*,#5966,.F.);
#5966 = EDGE_CURVE('',#5858,#5939,#5967,.T.);
#5967 = SURFACE_CURVE('',#5968,(#5972,#5979),.PCURVE_S1.);
#5968 = LINE('',#5969,#5970);
#5969 = CARTESIAN_POINT('',(1.540542480469,-0.438104003906,4.79));
#5970 = VECTOR('',#5971,1.);
#5971 = DIRECTION('',(0.,-1.,0.));
#5972 = PCURVE('',#5873,#5973);
#5973 = DEFINITIONAL_REPRESENTATION('',(#5974),#5978);
#5974 = LINE('',#5975,#5976);
#5975 = CARTESIAN_POINT('',(0.,0.));
#5976 = VECTOR('',#5977,1.);
#5977 = DIRECTION('',(1.,0.));
#5978 = ( GEOMETRIC_REPRESENTATION_CONTEXT(2) 
PARAMETRIC_REPRESENTATION_CONTEXT() REPRESENTATION_CONTEXT('2D SPACE',''
  ) );
#5979 = PCURVE('',#5899,#5980);
#5980 = DEFINITIONAL_REPRESENTATION('',(#5981),#5985);
#5981 = LINE('',#5982,#5983);
#5982 = CARTESIAN_POINT('',(0.897090820312,0.150530273438));
#5983 = VECTOR('',#5984,1.);
#5984 = DIRECTION('',(0.,-1.));
#5985 = ( GEOMETRIC_REPRESENTATION_CONTEXT(2) 
PARAMETRIC_REPRESENTATION_CONTEXT() REPRESENTATION_CONTEXT('2D SPACE',''
  ) );
#5986 = ADVANCED_FACE('',(#5987),#5954,.T.);
#5987 = FACE_BOUND('',#5988,.T.);
#5988 = EDGE_LOOP('',(#5989,#5990,#6013,#6043));
#5989 = ORIENTED_EDGE('',*,*,#5938,.T.);
#5990 = ORIENTED_EDGE('',*,*,#5991,.T.);
#5991 = EDGE_CURVE('',#5916,#5992,#5994,.T.);
#5992 = VERTEX_POINT('',#5993);
#5993 = CARTESIAN_POINT('',(0.697398925781,-0.588634277344,4.83));
#5994 = SURFACE_CURVE('',#5995,(#5999,#6006),.PCURVE_S1.);
#5995 = LINE('',#5996,#5997);
#5996 = CARTESIAN_POINT('',(1.540542480469,-0.588634277344,4.83));
#5997 = VECTOR('',#5998,1.);
#5998 = DIRECTION('',(-1.,0.,0.));
#5999 = PCURVE('',#5954,#6000);
#6000 = DEFINITIONAL_REPRESENTATION('',(#6001),#6005);
#6001 = LINE('',#6002,#6003);
#6002 = CARTESIAN_POINT('',(0.,-4.E-02));
#6003 = VECTOR('',#6004,1.);
#6004 = DIRECTION('',(1.,0.));
#6005 = ( GEOMETRIC_REPRESENTATION_CONTEXT(2) 
PARAMETRIC_REPRESENTATION_CONTEXT() REPRESENTATION_CONTEXT('2D SPACE',''
  ) );
#6006 = PCURVE('',#5845,#6007);
#6007 = DEFINITIONAL_REPRESENTATION('',(#6008),#6012);
#6008 = LINE('',#6009,#6010);
#6009 = CARTESIAN_POINT('',(0.897090820312,0.));
#6010 = VECTOR('',#6011,1.);
#6011 = DIRECTION('',(-1.,0.));
#6012 = ( GEOMETRIC_REPRESENTATION_CONTEXT(2) 
PARAMETRIC_REPRESENTATION_CONTEXT() REPRESENTATION_CONTEXT('2D SPACE',''
  ) );
#6013 = ORIENTED_EDGE('',*,*,#6014,.F.);
#6014 = EDGE_CURVE('',#6015,#5992,#6017,.T.);
#6015 = VERTEX_POINT('',#6016);
#6016 = CARTESIAN_POINT('',(0.697398925781,-0.588634277344,4.79));
#6017 = SURFACE_CURVE('',#6018,(#6022,#6029),.PCURVE_S1.);
#6018 = LINE('',#6019,#6020);
#6019 = CARTESIAN_POINT('',(0.697398925781,-0.588634277344,4.79));
#6020 = VECTOR('',#6021,1.);
#6021 = DIRECTION('',(0.,0.,1.));
#6022 = PCURVE('',#5954,#6023);
#6023 = DEFINITIONAL_REPRESENTATION('',(#6024),#6028);
#6024 = LINE('',#6025,#6026);
#6025 = CARTESIAN_POINT('',(0.843143554688,0.));
#6026 = VECTOR('',#6027,1.);
#6027 = DIRECTION('',(0.,-1.));
#6028 = ( GEOMETRIC_REPRESENTATION_CONTEXT(2) 
PARAMETRIC_REPRESENTATION_CONTEXT() REPRESENTATION_CONTEXT('2D SPACE',''
  ) );
#6029 = PCURVE('',#6030,#6037);
#6030 = SURFACE_OF_LINEAR_EXTRUSION('',#6031,#6035);
#6031 = B_SPLINE_CURVE_WITH_KNOTS('',2,(#6032,#6033,#6034),
  .UNSPECIFIED.,.F.,.F.,(3,3),(0.,1.),.PIECEWISE_BEZIER_KNOTS.);
#6032 = CARTESIAN_POINT('',(0.697398925781,-0.588634277344,4.79));
#6033 = CARTESIAN_POINT('',(0.695658691406,-0.532076660156,4.79));
#6034 = CARTESIAN_POINT('',(0.715671386719,-0.479869628906,4.79));
#6035 = VECTOR('',#6036,1.);
#6036 = DIRECTION('',(-0.,-0.,-1.));
#6037 = DEFINITIONAL_REPRESENTATION('',(#6038),#6042);
#6038 = LINE('',#6039,#6040);
#6039 = CARTESIAN_POINT('',(0.,0.));
#6040 = VECTOR('',#6041,1.);
#6041 = DIRECTION('',(0.,-1.));
#6042 = ( GEOMETRIC_REPRESENTATION_CONTEXT(2) 
PARAMETRIC_REPRESENTATION_CONTEXT() REPRESENTATION_CONTEXT('2D SPACE',''
  ) );
#6043 = ORIENTED_EDGE('',*,*,#6044,.F.);
#6044 = EDGE_CURVE('',#5939,#6015,#6045,.T.);
#6045 = SURFACE_CURVE('',#6046,(#6050,#6057),.PCURVE_S1.);
#6046 = LINE('',#6047,#6048);
#6047 = CARTESIAN_POINT('',(1.540542480469,-0.588634277344,4.79));
#6048 = VECTOR('',#6049,1.);
#6049 = DIRECTION('',(-1.,0.,0.));
#6050 = PCURVE('',#5954,#6051);
#6051 = DEFINITIONAL_REPRESENTATION('',(#6052),#6056);
#6052 = LINE('',#6053,#6054);
#6053 = CARTESIAN_POINT('',(0.,-0.));
#6054 = VECTOR('',#6055,1.);
#6055 = DIRECTION('',(1.,0.));
#6056 = ( GEOMETRIC_REPRESENTATION_CONTEXT(2) 
PARAMETRIC_REPRESENTATION_CONTEXT() REPRESENTATION_CONTEXT('2D SPACE',''
  ) );
#6057 = PCURVE('',#5899,#6058);
#6058 = DEFINITIONAL_REPRESENTATION('',(#6059),#6063);
#6059 = LINE('',#6060,#6061);
#6060 = CARTESIAN_POINT('',(0.897090820312,0.));
#6061 = VECTOR('',#6062,1.);
#6062 = DIRECTION('',(-1.,0.));
#6063 = ( GEOMETRIC_REPRESENTATION_CONTEXT(2) 
PARAMETRIC_REPRESENTATION_CONTEXT() REPRESENTATION_CONTEXT('2D SPACE',''
  ) );
#6064 = ADVANCED_FACE('',(#6065),#6030,.T.);
#6065 = FACE_BOUND('',#6066,.T.);
#6066 = EDGE_LOOP('',(#6067,#6068,#6091,#6121));
#6067 = ORIENTED_EDGE('',*,*,#6014,.T.);
#6068 = ORIENTED_EDGE('',*,*,#6069,.T.);
#6069 = EDGE_CURVE('',#5992,#6070,#6072,.T.);
#6070 = VERTEX_POINT('',#6071);
#6071 = CARTESIAN_POINT('',(0.715671386719,-0.479869628906,4.83));
#6072 = SURFACE_CURVE('',#6073,(#6077,#6084),.PCURVE_S1.);
#6073 = B_SPLINE_CURVE_WITH_KNOTS('',2,(#6074,#6075,#6076),
  .UNSPECIFIED.,.F.,.F.,(3,3),(0.,1.),.PIECEWISE_BEZIER_KNOTS.);
#6074 = CARTESIAN_POINT('',(0.697398925781,-0.588634277344,4.83));
#6075 = CARTESIAN_POINT('',(0.695658691406,-0.532076660156,4.83));
#6076 = CARTESIAN_POINT('',(0.715671386719,-0.479869628906,4.83));
#6077 = PCURVE('',#6030,#6078);
#6078 = DEFINITIONAL_REPRESENTATION('',(#6079),#6083);
#6079 = LINE('',#6080,#6081);
#6080 = CARTESIAN_POINT('',(0.,-4.E-02));
#6081 = VECTOR('',#6082,1.);
#6082 = DIRECTION('',(1.,0.));
#6083 = ( GEOMETRIC_REPRESENTATION_CONTEXT(2) 
PARAMETRIC_REPRESENTATION_CONTEXT() REPRESENTATION_CONTEXT('2D SPACE',''
  ) );
#6084 = PCURVE('',#5845,#6085);
#6085 = DEFINITIONAL_REPRESENTATION('',(#6086),#6090);
#6086 = B_SPLINE_CURVE_WITH_KNOTS('',2,(#6087,#6088,#6089),
  .UNSPECIFIED.,.F.,.F.,(3,3),(0.,1.),.PIECEWISE_BEZIER_KNOTS.);
#6087 = CARTESIAN_POINT('',(5.3947265625E-02,0.));
#6088 = CARTESIAN_POINT('',(5.220703125E-02,5.65576171875E-02));
#6089 = CARTESIAN_POINT('',(7.22197265625E-02,0.108764648438));
#6090 = ( GEOMETRIC_REPRESENTATION_CONTEXT(2) 
PARAMETRIC_REPRESENTATION_CONTEXT() REPRESENTATION_CONTEXT('2D SPACE',''
  ) );
#6091 = ORIENTED_EDGE('',*,*,#6092,.F.);
#6092 = EDGE_CURVE('',#6093,#6070,#6095,.T.);
#6093 = VERTEX_POINT('',#6094);
#6094 = CARTESIAN_POINT('',(0.715671386719,-0.479869628906,4.79));
#6095 = SURFACE_CURVE('',#6096,(#6100,#6107),.PCURVE_S1.);
#6096 = LINE('',#6097,#6098);
#6097 = CARTESIAN_POINT('',(0.715671386719,-0.479869628906,4.79));
#6098 = VECTOR('',#6099,1.);
#6099 = DIRECTION('',(0.,0.,1.));
#6100 = PCURVE('',#6030,#6101);
#6101 = DEFINITIONAL_REPRESENTATION('',(#6102),#6106);
#6102 = LINE('',#6103,#6104);
#6103 = CARTESIAN_POINT('',(1.,0.));
#6104 = VECTOR('',#6105,1.);
#6105 = DIRECTION('',(0.,-1.));
#6106 = ( GEOMETRIC_REPRESENTATION_CONTEXT(2) 
PARAMETRIC_REPRESENTATION_CONTEXT() REPRESENTATION_CONTEXT('2D SPACE',''
  ) );
#6107 = PCURVE('',#6108,#6115);
#6108 = SURFACE_OF_LINEAR_EXTRUSION('',#6109,#6113);
#6109 = B_SPLINE_CURVE_WITH_KNOTS('',2,(#6110,#6111,#6112),
  .UNSPECIFIED.,.F.,.F.,(3,3),(0.,1.),.PIECEWISE_BEZIER_KNOTS.);
#6110 = CARTESIAN_POINT('',(0.715671386719,-0.479869628906,4.79));
#6111 = CARTESIAN_POINT('',(0.747865722656,-0.393728027344,4.79));
#6112 = CARTESIAN_POINT('',(0.818780273438,-0.310196777344,4.79));
#6113 = VECTOR('',#6114,1.);
#6114 = DIRECTION('',(-0.,-0.,-1.));
#6115 = DEFINITIONAL_REPRESENTATION('',(#6116),#6120);
#6116 = LINE('',#6117,#6118);
#6117 = CARTESIAN_POINT('',(0.,0.));
#6118 = VECTOR('',#6119,1.);
#6119 = DIRECTION('',(0.,-1.));
#6120 = ( GEOMETRIC_REPRESENTATION_CONTEXT(2) 
PARAMETRIC_REPRESENTATION_CONTEXT() REPRESENTATION_CONTEXT('2D SPACE',''
  ) );
#6121 = ORIENTED_EDGE('',*,*,#6122,.F.);
#6122 = EDGE_CURVE('',#6015,#6093,#6123,.T.);
#6123 = SURFACE_CURVE('',#6124,(#6128,#6135),.PCURVE_S1.);
#6124 = B_SPLINE_CURVE_WITH_KNOTS('',2,(#6125,#6126,#6127),
  .UNSPECIFIED.,.F.,.F.,(3,3),(0.,1.),.PIECEWISE_BEZIER_KNOTS.);
#6125 = CARTESIAN_POINT('',(0.697398925781,-0.588634277344,4.79));
#6126 = CARTESIAN_POINT('',(0.695658691406,-0.532076660156,4.79));
#6127 = CARTESIAN_POINT('',(0.715671386719,-0.479869628906,4.79));
#6128 = PCURVE('',#6030,#6129);
#6129 = DEFINITIONAL_REPRESENTATION('',(#6130),#6134);
#6130 = LINE('',#6131,#6132);
#6131 = CARTESIAN_POINT('',(0.,0.));
#6132 = VECTOR('',#6133,1.);
#6133 = DIRECTION('',(1.,0.));
#6134 = ( GEOMETRIC_REPRESENTATION_CONTEXT(2) 
PARAMETRIC_REPRESENTATION_CONTEXT() REPRESENTATION_CONTEXT('2D SPACE',''
  ) );
#6135 = PCURVE('',#5899,#6136);
#6136 = DEFINITIONAL_REPRESENTATION('',(#6137),#6141);
#6137 = B_SPLINE_CURVE_WITH_KNOTS('',2,(#6138,#6139,#6140),
  .UNSPECIFIED.,.F.,.F.,(3,3),(0.,1.),.PIECEWISE_BEZIER_KNOTS.);
#6138 = CARTESIAN_POINT('',(5.3947265625E-02,0.));
#6139 = CARTESIAN_POINT('',(5.220703125E-02,5.65576171875E-02));
#6140 = CARTESIAN_POINT('',(7.22197265625E-02,0.108764648438));
#6141 = ( GEOMETRIC_REPRESENTATION_CONTEXT(2) 
PARAMETRIC_REPRESENTATION_CONTEXT() REPRESENTATION_CONTEXT('2D SPACE',''
  ) );
#6142 = ADVANCED_FACE('',(#6143),#6108,.T.);
#6143 = FACE_BOUND('',#6144,.T.);
#6144 = EDGE_LOOP('',(#6145,#6146,#6169,#6199));
#6145 = ORIENTED_EDGE('',*,*,#6092,.T.);
#6146 = ORIENTED_EDGE('',*,*,#6147,.T.);
#6147 = EDGE_CURVE('',#6070,#6148,#6150,.T.);
#6148 = VERTEX_POINT('',#6149);
#6149 = CARTESIAN_POINT('',(0.818780273438,-0.310196777344,4.83));
#6150 = SURFACE_CURVE('',#6151,(#6155,#6162),.PCURVE_S1.);
#6151 = B_SPLINE_CURVE_WITH_KNOTS('',2,(#6152,#6153,#6154),
  .UNSPECIFIED.,.F.,.F.,(3,3),(0.,1.),.PIECEWISE_BEZIER_KNOTS.);
#6152 = CARTESIAN_POINT('',(0.715671386719,-0.479869628906,4.83));
#6153 = CARTESIAN_POINT('',(0.747865722656,-0.393728027344,4.83));
#6154 = CARTESIAN_POINT('',(0.818780273438,-0.310196777344,4.83));
#6155 = PCURVE('',#6108,#6156);
#6156 = DEFINITIONAL_REPRESENTATION('',(#6157),#6161);
#6157 = LINE('',#6158,#6159);
#6158 = CARTESIAN_POINT('',(0.,-4.E-02));
#6159 = VECTOR('',#6160,1.);
#6160 = DIRECTION('',(1.,0.));
#6161 = ( GEOMETRIC_REPRESENTATION_CONTEXT(2) 
PARAMETRIC_REPRESENTATION_CONTEXT() REPRESENTATION_CONTEXT('2D SPACE',''
  ) );
#6162 = PCURVE('',#5845,#6163);
#6163 = DEFINITIONAL_REPRESENTATION('',(#6164),#6168);
#6164 = B_SPLINE_CURVE_WITH_KNOTS('',2,(#6165,#6166,#6167),
  .UNSPECIFIED.,.F.,.F.,(3,3),(0.,1.),.PIECEWISE_BEZIER_KNOTS.);
#6165 = CARTESIAN_POINT('',(7.22197265625E-02,0.108764648438));
#6166 = CARTESIAN_POINT('',(0.1044140625,0.19490625));
#6167 = CARTESIAN_POINT('',(0.175328613281,0.2784375));
#6168 = ( GEOMETRIC_REPRESENTATION_CONTEXT(2) 
PARAMETRIC_REPRESENTATION_CONTEXT() REPRESENTATION_CONTEXT('2D SPACE',''
  ) );
#6169 = ORIENTED_EDGE('',*,*,#6170,.F.);
#6170 = EDGE_CURVE('',#6171,#6148,#6173,.T.);
#6171 = VERTEX_POINT('',#6172);
#6172 = CARTESIAN_POINT('',(0.818780273438,-0.310196777344,4.79));
#6173 = SURFACE_CURVE('',#6174,(#6178,#6185),.PCURVE_S1.);
#6174 = LINE('',#6175,#6176);
#6175 = CARTESIAN_POINT('',(0.818780273438,-0.310196777344,4.79));
#6176 = VECTOR('',#6177,1.);
#6177 = DIRECTION('',(0.,0.,1.));
#6178 = PCURVE('',#6108,#6179);
#6179 = DEFINITIONAL_REPRESENTATION('',(#6180),#6184);
#6180 = LINE('',#6181,#6182);
#6181 = CARTESIAN_POINT('',(1.,0.));
#6182 = VECTOR('',#6183,1.);
#6183 = DIRECTION('',(0.,-1.));
#6184 = ( GEOMETRIC_REPRESENTATION_CONTEXT(2) 
PARAMETRIC_REPRESENTATION_CONTEXT() REPRESENTATION_CONTEXT('2D SPACE',''
  ) );
#6185 = PCURVE('',#6186,#6193);
#6186 = SURFACE_OF_LINEAR_EXTRUSION('',#6187,#6191);
#6187 = B_SPLINE_CURVE_WITH_KNOTS('',2,(#6188,#6189,#6190),
  .UNSPECIFIED.,.F.,.F.,(3,3),(0.,1.),.PIECEWISE_BEZIER_KNOTS.);
#6188 = CARTESIAN_POINT('',(0.818780273438,-0.310196777344,4.79));
#6189 = CARTESIAN_POINT('',(0.889694824219,-0.226665527344,4.79));
#6190 = CARTESIAN_POINT('',(1.023692871094,-0.117030761719,4.79));
#6191 = VECTOR('',#6192,1.);
#6192 = DIRECTION('',(-0.,-0.,-1.));
#6193 = DEFINITIONAL_REPRESENTATION('',(#6194),#6198);
#6194 = LINE('',#6195,#6196);
#6195 = CARTESIAN_POINT('',(0.,0.));
#6196 = VECTOR('',#6197,1.);
#6197 = DIRECTION('',(0.,-1.));
#6198 = ( GEOMETRIC_REPRESENTATION_CONTEXT(2) 
PARAMETRIC_REPRESENTATION_CONTEXT() REPRESENTATION_CONTEXT('2D SPACE',''
  ) );
#6199 = ORIENTED_EDGE('',*,*,#6200,.F.);
#6200 = EDGE_CURVE('',#6093,#6171,#6201,.T.);
#6201 = SURFACE_CURVE('',#6202,(#6206,#6213),.PCURVE_S1.);
#6202 = B_SPLINE_CURVE_WITH_KNOTS('',2,(#6203,#6204,#6205),
  .UNSPECIFIED.,.F.,.F.,(3,3),(0.,1.),.PIECEWISE_BEZIER_KNOTS.);
#6203 = CARTESIAN_POINT('',(0.715671386719,-0.479869628906,4.79));
#6204 = CARTESIAN_POINT('',(0.747865722656,-0.393728027344,4.79));
#6205 = CARTESIAN_POINT('',(0.818780273438,-0.310196777344,4.79));
#6206 = PCURVE('',#6108,#6207);
#6207 = DEFINITIONAL_REPRESENTATION('',(#6208),#6212);
#6208 = LINE('',#6209,#6210);
#6209 = CARTESIAN_POINT('',(0.,0.));
#6210 = VECTOR('',#6211,1.);
#6211 = DIRECTION('',(1.,0.));
#6212 = ( GEOMETRIC_REPRESENTATION_CONTEXT(2) 
PARAMETRIC_REPRESENTATION_CONTEXT() REPRESENTATION_CONTEXT('2D SPACE',''
  ) );
#6213 = PCURVE('',#5899,#6214);
#6214 = DEFINITIONAL_REPRESENTATION('',(#6215),#6219);
#6215 = B_SPLINE_CURVE_WITH_KNOTS('',2,(#6216,#6217,#6218),
  .UNSPECIFIED.,.F.,.F.,(3,3),(0.,1.),.PIECEWISE_BEZIER_KNOTS.);
#6216 = CARTESIAN_POINT('',(7.22197265625E-02,0.108764648438));
#6217 = CARTESIAN_POINT('',(0.1044140625,0.19490625));
#6218 = CARTESIAN_POINT('',(0.175328613281,0.2784375));
#6219 = ( GEOMETRIC_REPRESENTATION_CONTEXT(2) 
PARAMETRIC_REPRESENTATION_CONTEXT() REPRESENTATION_CONTEXT('2D SPACE',''
  ) );
#6220 = ADVANCED_FACE('',(#6221),#6186,.T.);
#6221 = FACE_BOUND('',#6222,.T.);
#6222 = EDGE_LOOP('',(#6223,#6224,#6247,#6277));
#6223 = ORIENTED_EDGE('',*,*,#6170,.T.);
#6224 = ORIENTED_EDGE('',*,*,#6225,.T.);
#6225 = EDGE_CURVE('',#6148,#6226,#6228,.T.);
#6226 = VERTEX_POINT('',#6227);
#6227 = CARTESIAN_POINT('',(1.023692871094,-0.117030761719,4.83));
#6228 = SURFACE_CURVE('',#6229,(#6233,#6240),.PCURVE_S1.);
#6229 = B_SPLINE_CURVE_WITH_KNOTS('',2,(#6230,#6231,#6232),
  .UNSPECIFIED.,.F.,.F.,(3,3),(0.,1.),.PIECEWISE_BEZIER_KNOTS.);
#6230 = CARTESIAN_POINT('',(0.818780273438,-0.310196777344,4.83));
#6231 = CARTESIAN_POINT('',(0.889694824219,-0.226665527344,4.83));
#6232 = CARTESIAN_POINT('',(1.023692871094,-0.117030761719,4.83));
#6233 = PCURVE('',#6186,#6234);
#6234 = DEFINITIONAL_REPRESENTATION('',(#6235),#6239);
#6235 = LINE('',#6236,#6237);
#6236 = CARTESIAN_POINT('',(0.,-4.E-02));
#6237 = VECTOR('',#6238,1.);
#6238 = DIRECTION('',(1.,0.));
#6239 = ( GEOMETRIC_REPRESENTATION_CONTEXT(2) 
PARAMETRIC_REPRESENTATION_CONTEXT() REPRESENTATION_CONTEXT('2D SPACE',''
  ) );
#6240 = PCURVE('',#5845,#6241);
#6241 = DEFINITIONAL_REPRESENTATION('',(#6242),#6246);
#6242 = B_SPLINE_CURVE_WITH_KNOTS('',2,(#6243,#6244,#6245),
  .UNSPECIFIED.,.F.,.F.,(3,3),(0.,1.),.PIECEWISE_BEZIER_KNOTS.);
#6243 = CARTESIAN_POINT('',(0.175328613281,0.2784375));
#6244 = CARTESIAN_POINT('',(0.246243164062,0.36196875));
#6245 = CARTESIAN_POINT('',(0.380241210938,0.471603515625));
#6246 = ( GEOMETRIC_REPRESENTATION_CONTEXT(2) 
PARAMETRIC_REPRESENTATION_CONTEXT() REPRESENTATION_CONTEXT('2D SPACE',''
  ) );
#6247 = ORIENTED_EDGE('',*,*,#6248,.F.);
#6248 = EDGE_CURVE('',#6249,#6226,#6251,.T.);
#6249 = VERTEX_POINT('',#6250);
#6250 = CARTESIAN_POINT('',(1.023692871094,-0.117030761719,4.79));
#6251 = SURFACE_CURVE('',#6252,(#6256,#6263),.PCURVE_S1.);
#6252 = LINE('',#6253,#6254);
#6253 = CARTESIAN_POINT('',(1.023692871094,-0.117030761719,4.79));
#6254 = VECTOR('',#6255,1.);
#6255 = DIRECTION('',(0.,0.,1.));
#6256 = PCURVE('',#6186,#6257);
#6257 = DEFINITIONAL_REPRESENTATION('',(#6258),#6262);
#6258 = LINE('',#6259,#6260);
#6259 = CARTESIAN_POINT('',(1.,0.));
#6260 = VECTOR('',#6261,1.);
#6261 = DIRECTION('',(0.,-1.));
#6262 = ( GEOMETRIC_REPRESENTATION_CONTEXT(2) 
PARAMETRIC_REPRESENTATION_CONTEXT() REPRESENTATION_CONTEXT('2D SPACE',''
  ) );
#6263 = PCURVE('',#6264,#6271);
#6264 = SURFACE_OF_LINEAR_EXTRUSION('',#6265,#6269);
#6265 = B_SPLINE_CURVE_WITH_KNOTS('',2,(#6266,#6267,#6268),
  .UNSPECIFIED.,.F.,.F.,(3,3),(0.,1.),.PIECEWISE_BEZIER_KNOTS.);
#6266 = CARTESIAN_POINT('',(1.023692871094,-0.117030761719,4.79));
#6267 = CARTESIAN_POINT('',(1.231650878906,5.351220703125E-02,4.79));
#6268 = CARTESIAN_POINT('',(1.304740722656,0.153140625,4.79));
#6269 = VECTOR('',#6270,1.);
#6270 = DIRECTION('',(-0.,-0.,-1.));
#6271 = DEFINITIONAL_REPRESENTATION('',(#6272),#6276);
#6272 = LINE('',#6273,#6274);
#6273 = CARTESIAN_POINT('',(0.,0.));
#6274 = VECTOR('',#6275,1.);
#6275 = DIRECTION('',(0.,-1.));
#6276 = ( GEOMETRIC_REPRESENTATION_CONTEXT(2) 
PARAMETRIC_REPRESENTATION_CONTEXT() REPRESENTATION_CONTEXT('2D SPACE',''
  ) );
#6277 = ORIENTED_EDGE('',*,*,#6278,.F.);
#6278 = EDGE_CURVE('',#6171,#6249,#6279,.T.);
#6279 = SURFACE_CURVE('',#6280,(#6284,#6291),.PCURVE_S1.);
#6280 = B_SPLINE_CURVE_WITH_KNOTS('',2,(#6281,#6282,#6283),
  .UNSPECIFIED.,.F.,.F.,(3,3),(0.,1.),.PIECEWISE_BEZIER_KNOTS.);
#6281 = CARTESIAN_POINT('',(0.818780273438,-0.310196777344,4.79));
#6282 = CARTESIAN_POINT('',(0.889694824219,-0.226665527344,4.79));
#6283 = CARTESIAN_POINT('',(1.023692871094,-0.117030761719,4.79));
#6284 = PCURVE('',#6186,#6285);
#6285 = DEFINITIONAL_REPRESENTATION('',(#6286),#6290);
#6286 = LINE('',#6287,#6288);
#6287 = CARTESIAN_POINT('',(0.,0.));
#6288 = VECTOR('',#6289,1.);
#6289 = DIRECTION('',(1.,0.));
#6290 = ( GEOMETRIC_REPRESENTATION_CONTEXT(2) 
PARAMETRIC_REPRESENTATION_CONTEXT() REPRESENTATION_CONTEXT('2D SPACE',''
  ) );
#6291 = PCURVE('',#5899,#6292);
#6292 = DEFINITIONAL_REPRESENTATION('',(#6293),#6297);
#6293 = B_SPLINE_CURVE_WITH_KNOTS('',2,(#6294,#6295,#6296),
  .UNSPECIFIED.,.F.,.F.,(3,3),(0.,1.),.PIECEWISE_BEZIER_KNOTS.);
#6294 = CARTESIAN_POINT('',(0.175328613281,0.2784375));
#6295 = CARTESIAN_POINT('',(0.246243164062,0.36196875));
#6296 = CARTESIAN_POINT('',(0.380241210938,0.471603515625));
#6297 = ( GEOMETRIC_REPRESENTATION_CONTEXT(2) 
PARAMETRIC_REPRESENTATION_CONTEXT() REPRESENTATION_CONTEXT('2D SPACE',''
  ) );
#6298 = ADVANCED_FACE('',(#6299),#6264,.T.);
#6299 = FACE_BOUND('',#6300,.T.);
#6300 = EDGE_LOOP('',(#6301,#6302,#6325,#6355));
#6301 = ORIENTED_EDGE('',*,*,#6248,.T.);
#6302 = ORIENTED_EDGE('',*,*,#6303,.T.);
#6303 = EDGE_CURVE('',#6226,#6304,#6306,.T.);
#6304 = VERTEX_POINT('',#6305);
#6305 = CARTESIAN_POINT('',(1.304740722656,0.153140625,4.83));
#6306 = SURFACE_CURVE('',#6307,(#6311,#6318),.PCURVE_S1.);
#6307 = B_SPLINE_CURVE_WITH_KNOTS('',2,(#6308,#6309,#6310),
  .UNSPECIFIED.,.F.,.F.,(3,3),(0.,1.),.PIECEWISE_BEZIER_KNOTS.);
#6308 = CARTESIAN_POINT('',(1.023692871094,-0.117030761719,4.83));
#6309 = CARTESIAN_POINT('',(1.231650878906,5.351220703125E-02,4.83));
#6310 = CARTESIAN_POINT('',(1.304740722656,0.153140625,4.83));
#6311 = PCURVE('',#6264,#6312);
#6312 = DEFINITIONAL_REPRESENTATION('',(#6313),#6317);
#6313 = LINE('',#6314,#6315);
#6314 = CARTESIAN_POINT('',(0.,-4.E-02));
#6315 = VECTOR('',#6316,1.);
#6316 = DIRECTION('',(1.,0.));
#6317 = ( GEOMETRIC_REPRESENTATION_CONTEXT(2) 
PARAMETRIC_REPRESENTATION_CONTEXT() REPRESENTATION_CONTEXT('2D SPACE',''
  ) );
#6318 = PCURVE('',#5845,#6319);
#6319 = DEFINITIONAL_REPRESENTATION('',(#6320),#6324);
#6320 = B_SPLINE_CURVE_WITH_KNOTS('',2,(#6321,#6322,#6323),
  .UNSPECIFIED.,.F.,.F.,(3,3),(0.,1.),.PIECEWISE_BEZIER_KNOTS.);
#6321 = CARTESIAN_POINT('',(0.380241210938,0.471603515625));
#6322 = CARTESIAN_POINT('',(0.58819921875,0.642146484375));
#6323 = CARTESIAN_POINT('',(0.6612890625,0.741774902344));
#6324 = ( GEOMETRIC_REPRESENTATION_CONTEXT(2) 
PARAMETRIC_REPRESENTATION_CONTEXT() REPRESENTATION_CONTEXT('2D SPACE',''
  ) );
#6325 = ORIENTED_EDGE('',*,*,#6326,.F.);
#6326 = EDGE_CURVE('',#6327,#6304,#6329,.T.);
#6327 = VERTEX_POINT('',#6328);
#6328 = CARTESIAN_POINT('',(1.304740722656,0.153140625,4.79));
#6329 = SURFACE_CURVE('',#6330,(#6334,#6341),.PCURVE_S1.);
#6330 = LINE('',#6331,#6332);
#6331 = CARTESIAN_POINT('',(1.304740722656,0.153140625,4.79));
#6332 = VECTOR('',#6333,1.);
#6333 = DIRECTION('',(0.,0.,1.));
#6334 = PCURVE('',#6264,#6335);
#6335 = DEFINITIONAL_REPRESENTATION('',(#6336),#6340);
#6336 = LINE('',#6337,#6338);
#6337 = CARTESIAN_POINT('',(1.,0.));
#6338 = VECTOR('',#6339,1.);
#6339 = DIRECTION('',(0.,-1.));
#6340 = ( GEOMETRIC_REPRESENTATION_CONTEXT(2) 
PARAMETRIC_REPRESENTATION_CONTEXT() REPRESENTATION_CONTEXT('2D SPACE',''
  ) );
#6341 = PCURVE('',#6342,#6349);
#6342 = SURFACE_OF_LINEAR_EXTRUSION('',#6343,#6347);
#6343 = B_SPLINE_CURVE_WITH_KNOTS('',2,(#6344,#6345,#6346),
  .UNSPECIFIED.,.F.,.F.,(3,3),(0.,1.),.PIECEWISE_BEZIER_KNOTS.);
#6344 = CARTESIAN_POINT('',(1.304740722656,0.153140625,4.79));
#6345 = CARTESIAN_POINT('',(1.377830566406,0.252769042969,4.79));
#6346 = CARTESIAN_POINT('',(1.377830566406,0.341520996094,4.79));
#6347 = VECTOR('',#6348,1.);
#6348 = DIRECTION('',(-0.,-0.,-1.));
#6349 = DEFINITIONAL_REPRESENTATION('',(#6350),#6354);
#6350 = LINE('',#6351,#6352);
#6351 = CARTESIAN_POINT('',(0.,0.));
#6352 = VECTOR('',#6353,1.);
#6353 = DIRECTION('',(0.,-1.));
#6354 = ( GEOMETRIC_REPRESENTATION_CONTEXT(2) 
PARAMETRIC_REPRESENTATION_CONTEXT() REPRESENTATION_CONTEXT('2D SPACE',''
  ) );
#6355 = ORIENTED_EDGE('',*,*,#6356,.F.);
#6356 = EDGE_CURVE('',#6249,#6327,#6357,.T.);
#6357 = SURFACE_CURVE('',#6358,(#6362,#6369),.PCURVE_S1.);
#6358 = B_SPLINE_CURVE_WITH_KNOTS('',2,(#6359,#6360,#6361),
  .UNSPECIFIED.,.F.,.F.,(3,3),(0.,1.),.PIECEWISE_BEZIER_KNOTS.);
#6359 = CARTESIAN_POINT('',(1.023692871094,-0.117030761719,4.79));
#6360 = CARTESIAN_POINT('',(1.231650878906,5.351220703125E-02,4.79));
#6361 = CARTESIAN_POINT('',(1.304740722656,0.153140625,4.79));
#6362 = PCURVE('',#6264,#6363);
#6363 = DEFINITIONAL_REPRESENTATION('',(#6364),#6368);
#6364 = LINE('',#6365,#6366);
#6365 = CARTESIAN_POINT('',(0.,0.));
#6366 = VECTOR('',#6367,1.);
#6367 = DIRECTION('',(1.,0.));
#6368 = ( GEOMETRIC_REPRESENTATION_CONTEXT(2) 
PARAMETRIC_REPRESENTATION_CONTEXT() REPRESENTATION_CONTEXT('2D SPACE',''
  ) );
#6369 = PCURVE('',#5899,#6370);
#6370 = DEFINITIONAL_REPRESENTATION('',(#6371),#6375);
#6371 = B_SPLINE_CURVE_WITH_KNOTS('',2,(#6372,#6373,#6374),
  .UNSPECIFIED.,.F.,.F.,(3,3),(0.,1.),.PIECEWISE_BEZIER_KNOTS.);
#6372 = CARTESIAN_POINT('',(0.380241210938,0.471603515625));
#6373 = CARTESIAN_POINT('',(0.58819921875,0.642146484375));
#6374 = CARTESIAN_POINT('',(0.6612890625,0.741774902344));
#6375 = ( GEOMETRIC_REPRESENTATION_CONTEXT(2) 
PARAMETRIC_REPRESENTATION_CONTEXT() REPRESENTATION_CONTEXT('2D SPACE',''
  ) );
#6376 = ADVANCED_FACE('',(#6377),#6342,.T.);
#6377 = FACE_BOUND('',#6378,.T.);
#6378 = EDGE_LOOP('',(#6379,#6380,#6403,#6433));
#6379 = ORIENTED_EDGE('',*,*,#6326,.T.);
#6380 = ORIENTED_EDGE('',*,*,#6381,.T.);
#6381 = EDGE_CURVE('',#6304,#6382,#6384,.T.);
#6382 = VERTEX_POINT('',#6383);
#6383 = CARTESIAN_POINT('',(1.377830566406,0.341520996094,4.83));
#6384 = SURFACE_CURVE('',#6385,(#6389,#6396),.PCURVE_S1.);
#6385 = B_SPLINE_CURVE_WITH_KNOTS('',2,(#6386,#6387,#6388),
  .UNSPECIFIED.,.F.,.F.,(3,3),(0.,1.),.PIECEWISE_BEZIER_KNOTS.);
#6386 = CARTESIAN_POINT('',(1.304740722656,0.153140625,4.83));
#6387 = CARTESIAN_POINT('',(1.377830566406,0.252769042969,4.83));
#6388 = CARTESIAN_POINT('',(1.377830566406,0.341520996094,4.83));
#6389 = PCURVE('',#6342,#6390);
#6390 = DEFINITIONAL_REPRESENTATION('',(#6391),#6395);
#6391 = LINE('',#6392,#6393);
#6392 = CARTESIAN_POINT('',(0.,-4.E-02));
#6393 = VECTOR('',#6394,1.);
#6394 = DIRECTION('',(1.,0.));
#6395 = ( GEOMETRIC_REPRESENTATION_CONTEXT(2) 
PARAMETRIC_REPRESENTATION_CONTEXT() REPRESENTATION_CONTEXT('2D SPACE',''
  ) );
#6396 = PCURVE('',#5845,#6397);
#6397 = DEFINITIONAL_REPRESENTATION('',(#6398),#6402);
#6398 = B_SPLINE_CURVE_WITH_KNOTS('',2,(#6399,#6400,#6401),
  .UNSPECIFIED.,.F.,.F.,(3,3),(0.,1.),.PIECEWISE_BEZIER_KNOTS.);
#6399 = CARTESIAN_POINT('',(0.6612890625,0.741774902344));
#6400 = CARTESIAN_POINT('',(0.73437890625,0.841403320312));
#6401 = CARTESIAN_POINT('',(0.73437890625,0.930155273438));
#6402 = ( GEOMETRIC_REPRESENTATION_CONTEXT(2) 
PARAMETRIC_REPRESENTATION_CONTEXT() REPRESENTATION_CONTEXT('2D SPACE',''
  ) );
#6403 = ORIENTED_EDGE('',*,*,#6404,.F.);
#6404 = EDGE_CURVE('',#6405,#6382,#6407,.T.);
#6405 = VERTEX_POINT('',#6406);
#6406 = CARTESIAN_POINT('',(1.377830566406,0.341520996094,4.79));
#6407 = SURFACE_CURVE('',#6408,(#6412,#6419),.PCURVE_S1.);
#6408 = LINE('',#6409,#6410);
#6409 = CARTESIAN_POINT('',(1.377830566406,0.341520996094,4.79));
#6410 = VECTOR('',#6411,1.);
#6411 = DIRECTION('',(0.,0.,1.));
#6412 = PCURVE('',#6342,#6413);
#6413 = DEFINITIONAL_REPRESENTATION('',(#6414),#6418);
#6414 = LINE('',#6415,#6416);
#6415 = CARTESIAN_POINT('',(1.,0.));
#6416 = VECTOR('',#6417,1.);
#6417 = DIRECTION('',(0.,-1.));
#6418 = ( GEOMETRIC_REPRESENTATION_CONTEXT(2) 
PARAMETRIC_REPRESENTATION_CONTEXT() REPRESENTATION_CONTEXT('2D SPACE',''
  ) );
#6419 = PCURVE('',#6420,#6427);
#6420 = SURFACE_OF_LINEAR_EXTRUSION('',#6421,#6425);
#6421 = B_SPLINE_CURVE_WITH_KNOTS('',2,(#6422,#6423,#6424),
  .UNSPECIFIED.,.F.,.F.,(3,3),(0.,1.),.PIECEWISE_BEZIER_KNOTS.);
#6422 = CARTESIAN_POINT('',(1.377830566406,0.341520996094,4.79));
#6423 = CARTESIAN_POINT('',(1.377830566406,0.434623535156,4.79));
#6424 = CARTESIAN_POINT('',(1.311266601563,0.498577148438,4.79));
#6425 = VECTOR('',#6426,1.);
#6426 = DIRECTION('',(-0.,-0.,-1.));
#6427 = DEFINITIONAL_REPRESENTATION('',(#6428),#6432);
#6428 = LINE('',#6429,#6430);
#6429 = CARTESIAN_POINT('',(0.,0.));
#6430 = VECTOR('',#6431,1.);
#6431 = DIRECTION('',(0.,-1.));
#6432 = ( GEOMETRIC_REPRESENTATION_CONTEXT(2) 
PARAMETRIC_REPRESENTATION_CONTEXT() REPRESENTATION_CONTEXT('2D SPACE',''
  ) );
#6433 = ORIENTED_EDGE('',*,*,#6434,.F.);
#6434 = EDGE_CURVE('',#6327,#6405,#6435,.T.);
#6435 = SURFACE_CURVE('',#6436,(#6440,#6447),.PCURVE_S1.);
#6436 = B_SPLINE_CURVE_WITH_KNOTS('',2,(#6437,#6438,#6439),
  .UNSPECIFIED.,.F.,.F.,(3,3),(0.,1.),.PIECEWISE_BEZIER_KNOTS.);
#6437 = CARTESIAN_POINT('',(1.304740722656,0.153140625,4.79));
#6438 = CARTESIAN_POINT('',(1.377830566406,0.252769042969,4.79));
#6439 = CARTESIAN_POINT('',(1.377830566406,0.341520996094,4.79));
#6440 = PCURVE('',#6342,#6441);
#6441 = DEFINITIONAL_REPRESENTATION('',(#6442),#6446);
#6442 = LINE('',#6443,#6444);
#6443 = CARTESIAN_POINT('',(0.,0.));
#6444 = VECTOR('',#6445,1.);
#6445 = DIRECTION('',(1.,0.));
#6446 = ( GEOMETRIC_REPRESENTATION_CONTEXT(2) 
PARAMETRIC_REPRESENTATION_CONTEXT() REPRESENTATION_CONTEXT('2D SPACE',''
  ) );
#6447 = PCURVE('',#5899,#6448);
#6448 = DEFINITIONAL_REPRESENTATION('',(#6449),#6453);
#6449 = B_SPLINE_CURVE_WITH_KNOTS('',2,(#6450,#6451,#6452),
  .UNSPECIFIED.,.F.,.F.,(3,3),(0.,1.),.PIECEWISE_BEZIER_KNOTS.);
#6450 = CARTESIAN_POINT('',(0.6612890625,0.741774902344));
#6451 = CARTESIAN_POINT('',(0.73437890625,0.841403320312));
#6452 = CARTESIAN_POINT('',(0.73437890625,0.930155273438));
#6453 = ( GEOMETRIC_REPRESENTATION_CONTEXT(2) 
PARAMETRIC_REPRESENTATION_CONTEXT() REPRESENTATION_CONTEXT('2D SPACE',''
  ) );
#6454 = ADVANCED_FACE('',(#6455),#6420,.T.);
#6455 = FACE_BOUND('',#6456,.T.);
#6456 = EDGE_LOOP('',(#6457,#6458,#6481,#6511));
#6457 = ORIENTED_EDGE('',*,*,#6404,.T.);
#6458 = ORIENTED_EDGE('',*,*,#6459,.T.);
#6459 = EDGE_CURVE('',#6382,#6460,#6462,.T.);
#6460 = VERTEX_POINT('',#6461);
#6461 = CARTESIAN_POINT('',(1.311266601563,0.498577148438,4.83));
#6462 = SURFACE_CURVE('',#6463,(#6467,#6474),.PCURVE_S1.);
#6463 = B_SPLINE_CURVE_WITH_KNOTS('',2,(#6464,#6465,#6466),
  .UNSPECIFIED.,.F.,.F.,(3,3),(0.,1.),.PIECEWISE_BEZIER_KNOTS.);
#6464 = CARTESIAN_POINT('',(1.377830566406,0.341520996094,4.83));
#6465 = CARTESIAN_POINT('',(1.377830566406,0.434623535156,4.83));
#6466 = CARTESIAN_POINT('',(1.311266601563,0.498577148438,4.83));
#6467 = PCURVE('',#6420,#6468);
#6468 = DEFINITIONAL_REPRESENTATION('',(#6469),#6473);
#6469 = LINE('',#6470,#6471);
#6470 = CARTESIAN_POINT('',(0.,-4.E-02));
#6471 = VECTOR('',#6472,1.);
#6472 = DIRECTION('',(1.,0.));
#6473 = ( GEOMETRIC_REPRESENTATION_CONTEXT(2) 
PARAMETRIC_REPRESENTATION_CONTEXT() REPRESENTATION_CONTEXT('2D SPACE',''
  ) );
#6474 = PCURVE('',#5845,#6475);
#6475 = DEFINITIONAL_REPRESENTATION('',(#6476),#6480);
#6476 = B_SPLINE_CURVE_WITH_KNOTS('',2,(#6477,#6478,#6479),
  .UNSPECIFIED.,.F.,.F.,(3,3),(0.,1.),.PIECEWISE_BEZIER_KNOTS.);
#6477 = CARTESIAN_POINT('',(0.73437890625,0.930155273438));
#6478 = CARTESIAN_POINT('',(0.73437890625,1.0232578125));
#6479 = CARTESIAN_POINT('',(0.667814941406,1.087211425781));
#6480 = ( GEOMETRIC_REPRESENTATION_CONTEXT(2) 
PARAMETRIC_REPRESENTATION_CONTEXT() REPRESENTATION_CONTEXT('2D SPACE',''
  ) );
#6481 = ORIENTED_EDGE('',*,*,#6482,.F.);
#6482 = EDGE_CURVE('',#6483,#6460,#6485,.T.);
#6483 = VERTEX_POINT('',#6484);
#6484 = CARTESIAN_POINT('',(1.311266601563,0.498577148438,4.79));
#6485 = SURFACE_CURVE('',#6486,(#6490,#6497),.PCURVE_S1.);
#6486 = LINE('',#6487,#6488);
#6487 = CARTESIAN_POINT('',(1.311266601563,0.498577148438,4.79));
#6488 = VECTOR('',#6489,1.);
#6489 = DIRECTION('',(0.,0.,1.));
#6490 = PCURVE('',#6420,#6491);
#6491 = DEFINITIONAL_REPRESENTATION('',(#6492),#6496);
#6492 = LINE('',#6493,#6494);
#6493 = CARTESIAN_POINT('',(1.,0.));
#6494 = VECTOR('',#6495,1.);
#6495 = DIRECTION('',(0.,-1.));
#6496 = ( GEOMETRIC_REPRESENTATION_CONTEXT(2) 
PARAMETRIC_REPRESENTATION_CONTEXT() REPRESENTATION_CONTEXT('2D SPACE',''
  ) );
#6497 = PCURVE('',#6498,#6505);
#6498 = SURFACE_OF_LINEAR_EXTRUSION('',#6499,#6503);
#6499 = B_SPLINE_CURVE_WITH_KNOTS('',2,(#6500,#6501,#6502),
  .UNSPECIFIED.,.F.,.F.,(3,3),(0.,1.),.PIECEWISE_BEZIER_KNOTS.);
#6500 = CARTESIAN_POINT('',(1.311266601563,0.498577148438,4.79));
#6501 = CARTESIAN_POINT('',(1.244702636719,0.562530761719,4.79));
#6502 = CARTESIAN_POINT('',(1.137678222656,0.562530761719,4.79));
#6503 = VECTOR('',#6504,1.);
#6504 = DIRECTION('',(-0.,-0.,-1.));
#6505 = DEFINITIONAL_REPRESENTATION('',(#6506),#6510);
#6506 = LINE('',#6507,#6508);
#6507 = CARTESIAN_POINT('',(0.,0.));
#6508 = VECTOR('',#6509,1.);
#6509 = DIRECTION('',(0.,-1.));
#6510 = ( GEOMETRIC_REPRESENTATION_CONTEXT(2) 
PARAMETRIC_REPRESENTATION_CONTEXT() REPRESENTATION_CONTEXT('2D SPACE',''
  ) );
#6511 = ORIENTED_EDGE('',*,*,#6512,.F.);
#6512 = EDGE_CURVE('',#6405,#6483,#6513,.T.);
#6513 = SURFACE_CURVE('',#6514,(#6518,#6525),.PCURVE_S1.);
#6514 = B_SPLINE_CURVE_WITH_KNOTS('',2,(#6515,#6516,#6517),
  .UNSPECIFIED.,.F.,.F.,(3,3),(0.,1.),.PIECEWISE_BEZIER_KNOTS.);
#6515 = CARTESIAN_POINT('',(1.377830566406,0.341520996094,4.79));
#6516 = CARTESIAN_POINT('',(1.377830566406,0.434623535156,4.79));
#6517 = CARTESIAN_POINT('',(1.311266601563,0.498577148438,4.79));
#6518 = PCURVE('',#6420,#6519);
#6519 = DEFINITIONAL_REPRESENTATION('',(#6520),#6524);
#6520 = LINE('',#6521,#6522);
#6521 = CARTESIAN_POINT('',(0.,0.));
#6522 = VECTOR('',#6523,1.);
#6523 = DIRECTION('',(1.,0.));
#6524 = ( GEOMETRIC_REPRESENTATION_CONTEXT(2) 
PARAMETRIC_REPRESENTATION_CONTEXT() REPRESENTATION_CONTEXT('2D SPACE',''
  ) );
#6525 = PCURVE('',#5899,#6526);
#6526 = DEFINITIONAL_REPRESENTATION('',(#6527),#6531);
#6527 = B_SPLINE_CURVE_WITH_KNOTS('',2,(#6528,#6529,#6530),
  .UNSPECIFIED.,.F.,.F.,(3,3),(0.,1.),.PIECEWISE_BEZIER_KNOTS.);
#6528 = CARTESIAN_POINT('',(0.73437890625,0.930155273438));
#6529 = CARTESIAN_POINT('',(0.73437890625,1.0232578125));
#6530 = CARTESIAN_POINT('',(0.667814941406,1.087211425781));
#6531 = ( GEOMETRIC_REPRESENTATION_CONTEXT(2) 
PARAMETRIC_REPRESENTATION_CONTEXT() REPRESENTATION_CONTEXT('2D SPACE',''
  ) );
#6532 = ADVANCED_FACE('',(#6533),#6498,.T.);
#6533 = FACE_BOUND('',#6534,.T.);
#6534 = EDGE_LOOP('',(#6535,#6536,#6559,#6589));
#6535 = ORIENTED_EDGE('',*,*,#6482,.T.);
#6536 = ORIENTED_EDGE('',*,*,#6537,.T.);
#6537 = EDGE_CURVE('',#6460,#6538,#6540,.T.);
#6538 = VERTEX_POINT('',#6539);
#6539 = CARTESIAN_POINT('',(1.137678222656,0.562530761719,4.83));
#6540 = SURFACE_CURVE('',#6541,(#6545,#6552),.PCURVE_S1.);
#6541 = B_SPLINE_CURVE_WITH_KNOTS('',2,(#6542,#6543,#6544),
  .UNSPECIFIED.,.F.,.F.,(3,3),(0.,1.),.PIECEWISE_BEZIER_KNOTS.);
#6542 = CARTESIAN_POINT('',(1.311266601563,0.498577148438,4.83));
#6543 = CARTESIAN_POINT('',(1.244702636719,0.562530761719,4.83));
#6544 = CARTESIAN_POINT('',(1.137678222656,0.562530761719,4.83));
#6545 = PCURVE('',#6498,#6546);
#6546 = DEFINITIONAL_REPRESENTATION('',(#6547),#6551);
#6547 = LINE('',#6548,#6549);
#6548 = CARTESIAN_POINT('',(0.,-4.E-02));
#6549 = VECTOR('',#6550,1.);
#6550 = DIRECTION('',(1.,0.));
#6551 = ( GEOMETRIC_REPRESENTATION_CONTEXT(2) 
PARAMETRIC_REPRESENTATION_CONTEXT() REPRESENTATION_CONTEXT('2D SPACE',''
  ) );
#6552 = PCURVE('',#5845,#6553);
#6553 = DEFINITIONAL_REPRESENTATION('',(#6554),#6558);
#6554 = B_SPLINE_CURVE_WITH_KNOTS('',2,(#6555,#6556,#6557),
  .UNSPECIFIED.,.F.,.F.,(3,3),(0.,1.),.PIECEWISE_BEZIER_KNOTS.);
#6555 = CARTESIAN_POINT('',(0.667814941406,1.087211425781));
#6556 = CARTESIAN_POINT('',(0.601250976563,1.151165039062));
#6557 = CARTESIAN_POINT('',(0.4942265625,1.151165039062));
#6558 = ( GEOMETRIC_REPRESENTATION_CONTEXT(2) 
PARAMETRIC_REPRESENTATION_CONTEXT() REPRESENTATION_CONTEXT('2D SPACE',''
  ) );
#6559 = ORIENTED_EDGE('',*,*,#6560,.F.);
#6560 = EDGE_CURVE('',#6561,#6538,#6563,.T.);
#6561 = VERTEX_POINT('',#6562);
#6562 = CARTESIAN_POINT('',(1.137678222656,0.562530761719,4.79));
#6563 = SURFACE_CURVE('',#6564,(#6568,#6575),.PCURVE_S1.);
#6564 = LINE('',#6565,#6566);
#6565 = CARTESIAN_POINT('',(1.137678222656,0.562530761719,4.79));
#6566 = VECTOR('',#6567,1.);
#6567 = DIRECTION('',(0.,0.,1.));
#6568 = PCURVE('',#6498,#6569);
#6569 = DEFINITIONAL_REPRESENTATION('',(#6570),#6574);
#6570 = LINE('',#6571,#6572);
#6571 = CARTESIAN_POINT('',(1.,0.));
#6572 = VECTOR('',#6573,1.);
#6573 = DIRECTION('',(0.,-1.));
#6574 = ( GEOMETRIC_REPRESENTATION_CONTEXT(2) 
PARAMETRIC_REPRESENTATION_CONTEXT() REPRESENTATION_CONTEXT('2D SPACE',''
  ) );
#6575 = PCURVE('',#6576,#6583);
#6576 = SURFACE_OF_LINEAR_EXTRUSION('',#6577,#6581);
#6577 = B_SPLINE_CURVE_WITH_KNOTS('',2,(#6578,#6579,#6580),
  .UNSPECIFIED.,.F.,.F.,(3,3),(0.,1.),.PIECEWISE_BEZIER_KNOTS.);
#6578 = CARTESIAN_POINT('',(1.137678222656,0.562530761719,4.79));
#6579 = CARTESIAN_POINT('',(1.024562988281,0.562530761719,4.79));
#6580 = CARTESIAN_POINT('',(0.956693847656,0.494661621094,4.79));
#6581 = VECTOR('',#6582,1.);
#6582 = DIRECTION('',(-0.,-0.,-1.));
#6583 = DEFINITIONAL_REPRESENTATION('',(#6584),#6588);
#6584 = LINE('',#6585,#6586);
#6585 = CARTESIAN_POINT('',(0.,0.));
#6586 = VECTOR('',#6587,1.);
#6587 = DIRECTION('',(0.,-1.));
#6588 = ( GEOMETRIC_REPRESENTATION_CONTEXT(2) 
PARAMETRIC_REPRESENTATION_CONTEXT() REPRESENTATION_CONTEXT('2D SPACE',''
  ) );
#6589 = ORIENTED_EDGE('',*,*,#6590,.F.);
#6590 = EDGE_CURVE('',#6483,#6561,#6591,.T.);
#6591 = SURFACE_CURVE('',#6592,(#6596,#6603),.PCURVE_S1.);
#6592 = B_SPLINE_CURVE_WITH_KNOTS('',2,(#6593,#6594,#6595),
  .UNSPECIFIED.,.F.,.F.,(3,3),(0.,1.),.PIECEWISE_BEZIER_KNOTS.);
#6593 = CARTESIAN_POINT('',(1.311266601563,0.498577148438,4.79));
#6594 = CARTESIAN_POINT('',(1.244702636719,0.562530761719,4.79));
#6595 = CARTESIAN_POINT('',(1.137678222656,0.562530761719,4.79));
#6596 = PCURVE('',#6498,#6597);
#6597 = DEFINITIONAL_REPRESENTATION('',(#6598),#6602);
#6598 = LINE('',#6599,#6600);
#6599 = CARTESIAN_POINT('',(0.,0.));
#6600 = VECTOR('',#6601,1.);
#6601 = DIRECTION('',(1.,0.));
#6602 = ( GEOMETRIC_REPRESENTATION_CONTEXT(2) 
PARAMETRIC_REPRESENTATION_CONTEXT() REPRESENTATION_CONTEXT('2D SPACE',''
  ) );
#6603 = PCURVE('',#5899,#6604);
#6604 = DEFINITIONAL_REPRESENTATION('',(#6605),#6609);
#6605 = B_SPLINE_CURVE_WITH_KNOTS('',2,(#6606,#6607,#6608),
  .UNSPECIFIED.,.F.,.F.,(3,3),(0.,1.),.PIECEWISE_BEZIER_KNOTS.);
#6606 = CARTESIAN_POINT('',(0.667814941406,1.087211425781));
#6607 = CARTESIAN_POINT('',(0.601250976563,1.151165039062));
#6608 = CARTESIAN_POINT('',(0.4942265625,1.151165039062));
#6609 = ( GEOMETRIC_REPRESENTATION_CONTEXT(2) 
PARAMETRIC_REPRESENTATION_CONTEXT() REPRESENTATION_CONTEXT('2D SPACE',''
  ) );
#6610 = ADVANCED_FACE('',(#6611),#6576,.T.);
#6611 = FACE_BOUND('',#6612,.T.);
#6612 = EDGE_LOOP('',(#6613,#6614,#6637,#6667));
#6613 = ORIENTED_EDGE('',*,*,#6560,.T.);
#6614 = ORIENTED_EDGE('',*,*,#6615,.T.);
#6615 = EDGE_CURVE('',#6538,#6616,#6618,.T.);
#6616 = VERTEX_POINT('',#6617);
#6617 = CARTESIAN_POINT('',(0.956693847656,0.494661621094,4.83));
#6618 = SURFACE_CURVE('',#6619,(#6623,#6630),.PCURVE_S1.);
#6619 = B_SPLINE_CURVE_WITH_KNOTS('',2,(#6620,#6621,#6622),
  .UNSPECIFIED.,.F.,.F.,(3,3),(0.,1.),.PIECEWISE_BEZIER_KNOTS.);
#6620 = CARTESIAN_POINT('',(1.137678222656,0.562530761719,4.83));
#6621 = CARTESIAN_POINT('',(1.024562988281,0.562530761719,4.83));
#6622 = CARTESIAN_POINT('',(0.956693847656,0.494661621094,4.83));
#6623 = PCURVE('',#6576,#6624);
#6624 = DEFINITIONAL_REPRESENTATION('',(#6625),#6629);
#6625 = LINE('',#6626,#6627);
#6626 = CARTESIAN_POINT('',(0.,-4.E-02));
#6627 = VECTOR('',#6628,1.);
#6628 = DIRECTION('',(1.,0.));
#6629 = ( GEOMETRIC_REPRESENTATION_CONTEXT(2) 
PARAMETRIC_REPRESENTATION_CONTEXT() REPRESENTATION_CONTEXT('2D SPACE',''
  ) );
#6630 = PCURVE('',#5845,#6631);
#6631 = DEFINITIONAL_REPRESENTATION('',(#6632),#6636);
#6632 = B_SPLINE_CURVE_WITH_KNOTS('',2,(#6633,#6634,#6635),
  .UNSPECIFIED.,.F.,.F.,(3,3),(0.,1.),.PIECEWISE_BEZIER_KNOTS.);
#6633 = CARTESIAN_POINT('',(0.4942265625,1.151165039062));
#6634 = CARTESIAN_POINT('',(0.381111328125,1.151165039062));
#6635 = CARTESIAN_POINT('',(0.3132421875,1.083295898438));
#6636 = ( GEOMETRIC_REPRESENTATION_CONTEXT(2) 
PARAMETRIC_REPRESENTATION_CONTEXT() REPRESENTATION_CONTEXT('2D SPACE',''
  ) );
#6637 = ORIENTED_EDGE('',*,*,#6638,.F.);
#6638 = EDGE_CURVE('',#6639,#6616,#6641,.T.);
#6639 = VERTEX_POINT('',#6640);
#6640 = CARTESIAN_POINT('',(0.956693847656,0.494661621094,4.79));
#6641 = SURFACE_CURVE('',#6642,(#6646,#6653),.PCURVE_S1.);
#6642 = LINE('',#6643,#6644);
#6643 = CARTESIAN_POINT('',(0.956693847656,0.494661621094,4.79));
#6644 = VECTOR('',#6645,1.);
#6645 = DIRECTION('',(0.,0.,1.));
#6646 = PCURVE('',#6576,#6647);
#6647 = DEFINITIONAL_REPRESENTATION('',(#6648),#6652);
#6648 = LINE('',#6649,#6650);
#6649 = CARTESIAN_POINT('',(1.,0.));
#6650 = VECTOR('',#6651,1.);
#6651 = DIRECTION('',(0.,-1.));
#6652 = ( GEOMETRIC_REPRESENTATION_CONTEXT(2) 
PARAMETRIC_REPRESENTATION_CONTEXT() REPRESENTATION_CONTEXT('2D SPACE',''
  ) );
#6653 = PCURVE('',#6654,#6661);
#6654 = SURFACE_OF_LINEAR_EXTRUSION('',#6655,#6659);
#6655 = B_SPLINE_CURVE_WITH_KNOTS('',2,(#6656,#6657,#6658),
  .UNSPECIFIED.,.F.,.F.,(3,3),(0.,1.),.PIECEWISE_BEZIER_KNOTS.);
#6656 = CARTESIAN_POINT('',(0.956693847656,0.494661621094,4.79));
#6657 = CARTESIAN_POINT('',(0.888824707031,0.426792480469,4.79));
#6658 = CARTESIAN_POINT('',(0.887954589844,0.306716308594,4.79));
#6659 = VECTOR('',#6660,1.);
#6660 = DIRECTION('',(-0.,-0.,-1.));
#6661 = DEFINITIONAL_REPRESENTATION('',(#6662),#6666);
#6662 = LINE('',#6663,#6664);
#6663 = CARTESIAN_POINT('',(0.,0.));
#6664 = VECTOR('',#6665,1.);
#6665 = DIRECTION('',(0.,-1.));
#6666 = ( GEOMETRIC_REPRESENTATION_CONTEXT(2) 
PARAMETRIC_REPRESENTATION_CONTEXT() REPRESENTATION_CONTEXT('2D SPACE',''
  ) );
#6667 = ORIENTED_EDGE('',*,*,#6668,.F.);
#6668 = EDGE_CURVE('',#6561,#6639,#6669,.T.);
#6669 = SURFACE_CURVE('',#6670,(#6674,#6681),.PCURVE_S1.);
#6670 = B_SPLINE_CURVE_WITH_KNOTS('',2,(#6671,#6672,#6673),
  .UNSPECIFIED.,.F.,.F.,(3,3),(0.,1.),.PIECEWISE_BEZIER_KNOTS.);
#6671 = CARTESIAN_POINT('',(1.137678222656,0.562530761719,4.79));
#6672 = CARTESIAN_POINT('',(1.024562988281,0.562530761719,4.79));
#6673 = CARTESIAN_POINT('',(0.956693847656,0.494661621094,4.79));
#6674 = PCURVE('',#6576,#6675);
#6675 = DEFINITIONAL_REPRESENTATION('',(#6676),#6680);
#6676 = LINE('',#6677,#6678);
#6677 = CARTESIAN_POINT('',(0.,0.));
#6678 = VECTOR('',#6679,1.);
#6679 = DIRECTION('',(1.,0.));
#6680 = ( GEOMETRIC_REPRESENTATION_CONTEXT(2) 
PARAMETRIC_REPRESENTATION_CONTEXT() REPRESENTATION_CONTEXT('2D SPACE',''
  ) );
#6681 = PCURVE('',#5899,#6682);
#6682 = DEFINITIONAL_REPRESENTATION('',(#6683),#6687);
#6683 = B_SPLINE_CURVE_WITH_KNOTS('',2,(#6684,#6685,#6686),
  .UNSPECIFIED.,.F.,.F.,(3,3),(0.,1.),.PIECEWISE_BEZIER_KNOTS.);
#6684 = CARTESIAN_POINT('',(0.4942265625,1.151165039062));
#6685 = CARTESIAN_POINT('',(0.381111328125,1.151165039062));
#6686 = CARTESIAN_POINT('',(0.3132421875,1.083295898438));
#6687 = ( GEOMETRIC_REPRESENTATION_CONTEXT(2) 
PARAMETRIC_REPRESENTATION_CONTEXT() REPRESENTATION_CONTEXT('2D SPACE',''
  ) );
#6688 = ADVANCED_FACE('',(#6689),#6654,.T.);
#6689 = FACE_BOUND('',#6690,.T.);
#6690 = EDGE_LOOP('',(#6691,#6692,#6715,#6743));
#6691 = ORIENTED_EDGE('',*,*,#6638,.T.);
#6692 = ORIENTED_EDGE('',*,*,#6693,.T.);
#6693 = EDGE_CURVE('',#6616,#6694,#6696,.T.);
#6694 = VERTEX_POINT('',#6695);
#6695 = CARTESIAN_POINT('',(0.887954589844,0.306716308594,4.83));
#6696 = SURFACE_CURVE('',#6697,(#6701,#6708),.PCURVE_S1.);
#6697 = B_SPLINE_CURVE_WITH_KNOTS('',2,(#6698,#6699,#6700),
  .UNSPECIFIED.,.F.,.F.,(3,3),(0.,1.),.PIECEWISE_BEZIER_KNOTS.);
#6698 = CARTESIAN_POINT('',(0.956693847656,0.494661621094,4.83));
#6699 = CARTESIAN_POINT('',(0.888824707031,0.426792480469,4.83));
#6700 = CARTESIAN_POINT('',(0.887954589844,0.306716308594,4.83));
#6701 = PCURVE('',#6654,#6702);
#6702 = DEFINITIONAL_REPRESENTATION('',(#6703),#6707);
#6703 = LINE('',#6704,#6705);
#6704 = CARTESIAN_POINT('',(0.,-4.E-02));
#6705 = VECTOR('',#6706,1.);
#6706 = DIRECTION('',(1.,0.));
#6707 = ( GEOMETRIC_REPRESENTATION_CONTEXT(2) 
PARAMETRIC_REPRESENTATION_CONTEXT() REPRESENTATION_CONTEXT('2D SPACE',''
  ) );
#6708 = PCURVE('',#5845,#6709);
#6709 = DEFINITIONAL_REPRESENTATION('',(#6710),#6714);
#6710 = B_SPLINE_CURVE_WITH_KNOTS('',2,(#6711,#6712,#6713),
  .UNSPECIFIED.,.F.,.F.,(3,3),(0.,1.),.PIECEWISE_BEZIER_KNOTS.);
#6711 = CARTESIAN_POINT('',(0.3132421875,1.083295898438));
#6712 = CARTESIAN_POINT('',(0.245373046875,1.015426757813));
#6713 = CARTESIAN_POINT('',(0.244502929688,0.895350585937));
#6714 = ( GEOMETRIC_REPRESENTATION_CONTEXT(2) 
PARAMETRIC_REPRESENTATION_CONTEXT() REPRESENTATION_CONTEXT('2D SPACE',''
  ) );
#6715 = ORIENTED_EDGE('',*,*,#6716,.F.);
#6716 = EDGE_CURVE('',#6717,#6694,#6719,.T.);
#6717 = VERTEX_POINT('',#6718);
#6718 = CARTESIAN_POINT('',(0.887954589844,0.306716308594,4.79));
#6719 = SURFACE_CURVE('',#6720,(#6724,#6731),.PCURVE_S1.);
#6720 = LINE('',#6721,#6722);
#6721 = CARTESIAN_POINT('',(0.887954589844,0.306716308594,4.79));
#6722 = VECTOR('',#6723,1.);
#6723 = DIRECTION('',(0.,0.,1.));
#6724 = PCURVE('',#6654,#6725);
#6725 = DEFINITIONAL_REPRESENTATION('',(#6726),#6730);
#6726 = LINE('',#6727,#6728);
#6727 = CARTESIAN_POINT('',(1.,0.));
#6728 = VECTOR('',#6729,1.);
#6729 = DIRECTION('',(0.,-1.));
#6730 = ( GEOMETRIC_REPRESENTATION_CONTEXT(2) 
PARAMETRIC_REPRESENTATION_CONTEXT() REPRESENTATION_CONTEXT('2D SPACE',''
  ) );
#6731 = PCURVE('',#6732,#6737);
#6732 = PLANE('',#6733);
#6733 = AXIS2_PLACEMENT_3D('',#6734,#6735,#6736);
#6734 = CARTESIAN_POINT('',(0.887954589844,0.306716308594,4.79));
#6735 = DIRECTION('',(-0.102165304181,-0.994767435445,0.));
#6736 = DIRECTION('',(-0.994767435445,0.102165304181,0.));
#6737 = DEFINITIONAL_REPRESENTATION('',(#6738),#6742);
#6738 = LINE('',#6739,#6740);
#6739 = CARTESIAN_POINT('',(0.,0.));
#6740 = VECTOR('',#6741,1.);
#6741 = DIRECTION('',(0.,-1.));
#6742 = ( GEOMETRIC_REPRESENTATION_CONTEXT(2) 
PARAMETRIC_REPRESENTATION_CONTEXT() REPRESENTATION_CONTEXT('2D SPACE',''
  ) );
#6743 = ORIENTED_EDGE('',*,*,#6744,.F.);
#6744 = EDGE_CURVE('',#6639,#6717,#6745,.T.);
#6745 = SURFACE_CURVE('',#6746,(#6750,#6757),.PCURVE_S1.);
#6746 = B_SPLINE_CURVE_WITH_KNOTS('',2,(#6747,#6748,#6749),
  .UNSPECIFIED.,.F.,.F.,(3,3),(0.,1.),.PIECEWISE_BEZIER_KNOTS.);
#6747 = CARTESIAN_POINT('',(0.956693847656,0.494661621094,4.79));
#6748 = CARTESIAN_POINT('',(0.888824707031,0.426792480469,4.79));
#6749 = CARTESIAN_POINT('',(0.887954589844,0.306716308594,4.79));
#6750 = PCURVE('',#6654,#6751);
#6751 = DEFINITIONAL_REPRESENTATION('',(#6752),#6756);
#6752 = LINE('',#6753,#6754);
#6753 = CARTESIAN_POINT('',(0.,0.));
#6754 = VECTOR('',#6755,1.);
#6755 = DIRECTION('',(1.,0.));
#6756 = ( GEOMETRIC_REPRESENTATION_CONTEXT(2) 
PARAMETRIC_REPRESENTATION_CONTEXT() REPRESENTATION_CONTEXT('2D SPACE',''
  ) );
#6757 = PCURVE('',#5899,#6758);
#6758 = DEFINITIONAL_REPRESENTATION('',(#6759),#6763);
#6759 = B_SPLINE_CURVE_WITH_KNOTS('',2,(#6760,#6761,#6762),
  .UNSPECIFIED.,.F.,.F.,(3,3),(0.,1.),.PIECEWISE_BEZIER_KNOTS.);
#6760 = CARTESIAN_POINT('',(0.3132421875,1.083295898438));
#6761 = CARTESIAN_POINT('',(0.245373046875,1.015426757813));
#6762 = CARTESIAN_POINT('',(0.244502929688,0.895350585937));
#6763 = ( GEOMETRIC_REPRESENTATION_CONTEXT(2) 
PARAMETRIC_REPRESENTATION_CONTEXT() REPRESENTATION_CONTEXT('2D SPACE',''
  ) );
#6764 = ADVANCED_FACE('',(#6765),#6732,.T.);
#6765 = FACE_BOUND('',#6766,.T.);
#6766 = EDGE_LOOP('',(#6767,#6768,#6791,#6821));
#6767 = ORIENTED_EDGE('',*,*,#6716,.T.);
#6768 = ORIENTED_EDGE('',*,*,#6769,.T.);
#6769 = EDGE_CURVE('',#6694,#6770,#6772,.T.);
#6770 = VERTEX_POINT('',#6771);
#6771 = CARTESIAN_POINT('',(0.726982910156,0.323248535156,4.83));
#6772 = SURFACE_CURVE('',#6773,(#6777,#6784),.PCURVE_S1.);
#6773 = LINE('',#6774,#6775);
#6774 = CARTESIAN_POINT('',(0.887954589844,0.306716308594,4.83));
#6775 = VECTOR('',#6776,1.);
#6776 = DIRECTION('',(-0.994767435445,0.102165304181,0.));
#6777 = PCURVE('',#6732,#6778);
#6778 = DEFINITIONAL_REPRESENTATION('',(#6779),#6783);
#6779 = LINE('',#6780,#6781);
#6780 = CARTESIAN_POINT('',(0.,-4.E-02));
#6781 = VECTOR('',#6782,1.);
#6782 = DIRECTION('',(1.,0.));
#6783 = ( GEOMETRIC_REPRESENTATION_CONTEXT(2) 
PARAMETRIC_REPRESENTATION_CONTEXT() REPRESENTATION_CONTEXT('2D SPACE',''
  ) );
#6784 = PCURVE('',#5845,#6785);
#6785 = DEFINITIONAL_REPRESENTATION('',(#6786),#6790);
#6786 = LINE('',#6787,#6788);
#6787 = CARTESIAN_POINT('',(0.244502929688,0.895350585937));
#6788 = VECTOR('',#6789,1.);
#6789 = DIRECTION('',(-0.994767435445,0.102165304181));
#6790 = ( GEOMETRIC_REPRESENTATION_CONTEXT(2) 
PARAMETRIC_REPRESENTATION_CONTEXT() REPRESENTATION_CONTEXT('2D SPACE',''
  ) );
#6791 = ORIENTED_EDGE('',*,*,#6792,.F.);
#6792 = EDGE_CURVE('',#6793,#6770,#6795,.T.);
#6793 = VERTEX_POINT('',#6794);
#6794 = CARTESIAN_POINT('',(0.726982910156,0.323248535156,4.79));
#6795 = SURFACE_CURVE('',#6796,(#6800,#6807),.PCURVE_S1.);
#6796 = LINE('',#6797,#6798);
#6797 = CARTESIAN_POINT('',(0.726982910156,0.323248535156,4.79));
#6798 = VECTOR('',#6799,1.);
#6799 = DIRECTION('',(0.,0.,1.));
#6800 = PCURVE('',#6732,#6801);
#6801 = DEFINITIONAL_REPRESENTATION('',(#6802),#6806);
#6802 = LINE('',#6803,#6804);
#6803 = CARTESIAN_POINT('',(0.161818404938,0.));
#6804 = VECTOR('',#6805,1.);
#6805 = DIRECTION('',(0.,-1.));
#6806 = ( GEOMETRIC_REPRESENTATION_CONTEXT(2) 
PARAMETRIC_REPRESENTATION_CONTEXT() REPRESENTATION_CONTEXT('2D SPACE',''
  ) );
#6807 = PCURVE('',#6808,#6815);
#6808 = SURFACE_OF_LINEAR_EXTRUSION('',#6809,#6813);
#6809 = B_SPLINE_CURVE_WITH_KNOTS('',2,(#6810,#6811,#6812),
  .UNSPECIFIED.,.F.,.F.,(3,3),(0.,1.),.PIECEWISE_BEZIER_KNOTS.);
#6810 = CARTESIAN_POINT('',(0.726982910156,0.323248535156,4.79));
#6811 = CARTESIAN_POINT('',(0.743515136719,0.503362792969,4.79));
#6812 = CARTESIAN_POINT('',(0.851409667969,0.597770507812,4.79));
#6813 = VECTOR('',#6814,1.);
#6814 = DIRECTION('',(-0.,-0.,-1.));
#6815 = DEFINITIONAL_REPRESENTATION('',(#6816),#6820);
#6816 = LINE('',#6817,#6818);
#6817 = CARTESIAN_POINT('',(0.,0.));
#6818 = VECTOR('',#6819,1.);
#6819 = DIRECTION('',(0.,-1.));
#6820 = ( GEOMETRIC_REPRESENTATION_CONTEXT(2) 
PARAMETRIC_REPRESENTATION_CONTEXT() REPRESENTATION_CONTEXT('2D SPACE',''
  ) );
#6821 = ORIENTED_EDGE('',*,*,#6822,.F.);
#6822 = EDGE_CURVE('',#6717,#6793,#6823,.T.);
#6823 = SURFACE_CURVE('',#6824,(#6828,#6835),.PCURVE_S1.);
#6824 = LINE('',#6825,#6826);
#6825 = CARTESIAN_POINT('',(0.887954589844,0.306716308594,4.79));
#6826 = VECTOR('',#6827,1.);
#6827 = DIRECTION('',(-0.994767435445,0.102165304181,0.));
#6828 = PCURVE('',#6732,#6829);
#6829 = DEFINITIONAL_REPRESENTATION('',(#6830),#6834);
#6830 = LINE('',#6831,#6832);
#6831 = CARTESIAN_POINT('',(0.,0.));
#6832 = VECTOR('',#6833,1.);
#6833 = DIRECTION('',(1.,0.));
#6834 = ( GEOMETRIC_REPRESENTATION_CONTEXT(2) 
PARAMETRIC_REPRESENTATION_CONTEXT() REPRESENTATION_CONTEXT('2D SPACE',''
  ) );
#6835 = PCURVE('',#5899,#6836);
#6836 = DEFINITIONAL_REPRESENTATION('',(#6837),#6841);
#6837 = LINE('',#6838,#6839);
#6838 = CARTESIAN_POINT('',(0.244502929688,0.895350585937));
#6839 = VECTOR('',#6840,1.);
#6840 = DIRECTION('',(-0.994767435445,0.102165304181));
#6841 = ( GEOMETRIC_REPRESENTATION_CONTEXT(2) 
PARAMETRIC_REPRESENTATION_CONTEXT() REPRESENTATION_CONTEXT('2D SPACE',''
  ) );
#6842 = ADVANCED_FACE('',(#6843),#6808,.T.);
#6843 = FACE_BOUND('',#6844,.T.);
#6844 = EDGE_LOOP('',(#6845,#6846,#6869,#6899));
#6845 = ORIENTED_EDGE('',*,*,#6792,.T.);
#6846 = ORIENTED_EDGE('',*,*,#6847,.T.);
#6847 = EDGE_CURVE('',#6770,#6848,#6850,.T.);
#6848 = VERTEX_POINT('',#6849);
#6849 = CARTESIAN_POINT('',(0.851409667969,0.597770507812,4.83));
#6850 = SURFACE_CURVE('',#6851,(#6855,#6862),.PCURVE_S1.);
#6851 = B_SPLINE_CURVE_WITH_KNOTS('',2,(#6852,#6853,#6854),
  .UNSPECIFIED.,.F.,.F.,(3,3),(0.,1.),.PIECEWISE_BEZIER_KNOTS.);
#6852 = CARTESIAN_POINT('',(0.726982910156,0.323248535156,4.83));
#6853 = CARTESIAN_POINT('',(0.743515136719,0.503362792969,4.83));
#6854 = CARTESIAN_POINT('',(0.851409667969,0.597770507812,4.83));
#6855 = PCURVE('',#6808,#6856);
#6856 = DEFINITIONAL_REPRESENTATION('',(#6857),#6861);
#6857 = LINE('',#6858,#6859);
#6858 = CARTESIAN_POINT('',(0.,-4.E-02));
#6859 = VECTOR('',#6860,1.);
#6860 = DIRECTION('',(1.,0.));
#6861 = ( GEOMETRIC_REPRESENTATION_CONTEXT(2) 
PARAMETRIC_REPRESENTATION_CONTEXT() REPRESENTATION_CONTEXT('2D SPACE',''
  ) );
#6862 = PCURVE('',#5845,#6863);
#6863 = DEFINITIONAL_REPRESENTATION('',(#6864),#6868);
#6864 = B_SPLINE_CURVE_WITH_KNOTS('',2,(#6865,#6866,#6867),
  .UNSPECIFIED.,.F.,.F.,(3,3),(0.,1.),.PIECEWISE_BEZIER_KNOTS.);
#6865 = CARTESIAN_POINT('',(8.353125E-02,0.9118828125));
#6866 = CARTESIAN_POINT('',(0.100063476563,1.091997070312));
#6867 = CARTESIAN_POINT('',(0.207958007813,1.186404785156));
#6868 = ( GEOMETRIC_REPRESENTATION_CONTEXT(2) 
PARAMETRIC_REPRESENTATION_CONTEXT() REPRESENTATION_CONTEXT('2D SPACE',''
  ) );
#6869 = ORIENTED_EDGE('',*,*,#6870,.F.);
#6870 = EDGE_CURVE('',#6871,#6848,#6873,.T.);
#6871 = VERTEX_POINT('',#6872);
#6872 = CARTESIAN_POINT('',(0.851409667969,0.597770507812,4.79));
#6873 = SURFACE_CURVE('',#6874,(#6878,#6885),.PCURVE_S1.);
#6874 = LINE('',#6875,#6876);
#6875 = CARTESIAN_POINT('',(0.851409667969,0.597770507812,4.79));
#6876 = VECTOR('',#6877,1.);
#6877 = DIRECTION('',(0.,0.,1.));
#6878 = PCURVE('',#6808,#6879);
#6879 = DEFINITIONAL_REPRESENTATION('',(#6880),#6884);
#6880 = LINE('',#6881,#6882);
#6881 = CARTESIAN_POINT('',(1.,0.));
#6882 = VECTOR('',#6883,1.);
#6883 = DIRECTION('',(0.,-1.));
#6884 = ( GEOMETRIC_REPRESENTATION_CONTEXT(2) 
PARAMETRIC_REPRESENTATION_CONTEXT() REPRESENTATION_CONTEXT('2D SPACE',''
  ) );
#6885 = PCURVE('',#6886,#6893);
#6886 = SURFACE_OF_LINEAR_EXTRUSION('',#6887,#6891);
#6887 = B_SPLINE_CURVE_WITH_KNOTS('',2,(#6888,#6889,#6890),
  .UNSPECIFIED.,.F.,.F.,(3,3),(0.,1.),.PIECEWISE_BEZIER_KNOTS.);
#6888 = CARTESIAN_POINT('',(0.851409667969,0.597770507812,4.79));
#6889 = CARTESIAN_POINT('',(0.959304199219,0.692178222656,4.79));
#6890 = CARTESIAN_POINT('',(1.141158691406,0.692178222656,4.79));
#6891 = VECTOR('',#6892,1.);
#6892 = DIRECTION('',(-0.,-0.,-1.));
#6893 = DEFINITIONAL_REPRESENTATION('',(#6894),#6898);
#6894 = LINE('',#6895,#6896);
#6895 = CARTESIAN_POINT('',(0.,0.));
#6896 = VECTOR('',#6897,1.);
#6897 = DIRECTION('',(0.,-1.));
#6898 = ( GEOMETRIC_REPRESENTATION_CONTEXT(2) 
PARAMETRIC_REPRESENTATION_CONTEXT() REPRESENTATION_CONTEXT('2D SPACE',''
  ) );
#6899 = ORIENTED_EDGE('',*,*,#6900,.F.);
#6900 = EDGE_CURVE('',#6793,#6871,#6901,.T.);
#6901 = SURFACE_CURVE('',#6902,(#6906,#6913),.PCURVE_S1.);
#6902 = B_SPLINE_CURVE_WITH_KNOTS('',2,(#6903,#6904,#6905),
  .UNSPECIFIED.,.F.,.F.,(3,3),(0.,1.),.PIECEWISE_BEZIER_KNOTS.);
#6903 = CARTESIAN_POINT('',(0.726982910156,0.323248535156,4.79));
#6904 = CARTESIAN_POINT('',(0.743515136719,0.503362792969,4.79));
#6905 = CARTESIAN_POINT('',(0.851409667969,0.597770507812,4.79));
#6906 = PCURVE('',#6808,#6907);
#6907 = DEFINITIONAL_REPRESENTATION('',(#6908),#6912);
#6908 = LINE('',#6909,#6910);
#6909 = CARTESIAN_POINT('',(0.,0.));
#6910 = VECTOR('',#6911,1.);
#6911 = DIRECTION('',(1.,0.));
#6912 = ( GEOMETRIC_REPRESENTATION_CONTEXT(2) 
PARAMETRIC_REPRESENTATION_CONTEXT() REPRESENTATION_CONTEXT('2D SPACE',''
  ) );
#6913 = PCURVE('',#5899,#6914);
#6914 = DEFINITIONAL_REPRESENTATION('',(#6915),#6919);
#6915 = B_SPLINE_CURVE_WITH_KNOTS('',2,(#6916,#6917,#6918),
  .UNSPECIFIED.,.F.,.F.,(3,3),(0.,1.),.PIECEWISE_BEZIER_KNOTS.);
#6916 = CARTESIAN_POINT('',(8.353125E-02,0.9118828125));
#6917 = CARTESIAN_POINT('',(0.100063476563,1.091997070312));
#6918 = CARTESIAN_POINT('',(0.207958007813,1.186404785156));
#6919 = ( GEOMETRIC_REPRESENTATION_CONTEXT(2) 
PARAMETRIC_REPRESENTATION_CONTEXT() REPRESENTATION_CONTEXT('2D SPACE',''
  ) );
#6920 = ADVANCED_FACE('',(#6921),#6886,.T.);
#6921 = FACE_BOUND('',#6922,.T.);
#6922 = EDGE_LOOP('',(#6923,#6924,#6947,#6977));
#6923 = ORIENTED_EDGE('',*,*,#6870,.T.);
#6924 = ORIENTED_EDGE('',*,*,#6925,.T.);
#6925 = EDGE_CURVE('',#6848,#6926,#6928,.T.);
#6926 = VERTEX_POINT('',#6927);
#6927 = CARTESIAN_POINT('',(1.141158691406,0.692178222656,4.83));
#6928 = SURFACE_CURVE('',#6929,(#6933,#6940),.PCURVE_S1.);
#6929 = B_SPLINE_CURVE_WITH_KNOTS('',2,(#6930,#6931,#6932),
  .UNSPECIFIED.,.F.,.F.,(3,3),(0.,1.),.PIECEWISE_BEZIER_KNOTS.);
#6930 = CARTESIAN_POINT('',(0.851409667969,0.597770507812,4.83));
#6931 = CARTESIAN_POINT('',(0.959304199219,0.692178222656,4.83));
#6932 = CARTESIAN_POINT('',(1.141158691406,0.692178222656,4.83));
#6933 = PCURVE('',#6886,#6934);
#6934 = DEFINITIONAL_REPRESENTATION('',(#6935),#6939);
#6935 = LINE('',#6936,#6937);
#6936 = CARTESIAN_POINT('',(0.,-4.E-02));
#6937 = VECTOR('',#6938,1.);
#6938 = DIRECTION('',(1.,0.));
#6939 = ( GEOMETRIC_REPRESENTATION_CONTEXT(2) 
PARAMETRIC_REPRESENTATION_CONTEXT() REPRESENTATION_CONTEXT('2D SPACE',''
  ) );
#6940 = PCURVE('',#5845,#6941);
#6941 = DEFINITIONAL_REPRESENTATION('',(#6942),#6946);
#6942 = B_SPLINE_CURVE_WITH_KNOTS('',2,(#6943,#6944,#6945),
  .UNSPECIFIED.,.F.,.F.,(3,3),(0.,1.),.PIECEWISE_BEZIER_KNOTS.);
#6943 = CARTESIAN_POINT('',(0.207958007813,1.186404785156));
#6944 = CARTESIAN_POINT('',(0.315852539062,1.2808125));
#6945 = CARTESIAN_POINT('',(0.49770703125,1.2808125));
#6946 = ( GEOMETRIC_REPRESENTATION_CONTEXT(2) 
PARAMETRIC_REPRESENTATION_CONTEXT() REPRESENTATION_CONTEXT('2D SPACE',''
  ) );
#6947 = ORIENTED_EDGE('',*,*,#6948,.F.);
#6948 = EDGE_CURVE('',#6949,#6926,#6951,.T.);
#6949 = VERTEX_POINT('',#6950);
#6950 = CARTESIAN_POINT('',(1.141158691406,0.692178222656,4.79));
#6951 = SURFACE_CURVE('',#6952,(#6956,#6963),.PCURVE_S1.);
#6952 = LINE('',#6953,#6954);
#6953 = CARTESIAN_POINT('',(1.141158691406,0.692178222656,4.79));
#6954 = VECTOR('',#6955,1.);
#6955 = DIRECTION('',(0.,0.,1.));
#6956 = PCURVE('',#6886,#6957);
#6957 = DEFINITIONAL_REPRESENTATION('',(#6958),#6962);
#6958 = LINE('',#6959,#6960);
#6959 = CARTESIAN_POINT('',(1.,0.));
#6960 = VECTOR('',#6961,1.);
#6961 = DIRECTION('',(0.,-1.));
#6962 = ( GEOMETRIC_REPRESENTATION_CONTEXT(2) 
PARAMETRIC_REPRESENTATION_CONTEXT() REPRESENTATION_CONTEXT('2D SPACE',''
  ) );
#6963 = PCURVE('',#6964,#6971);
#6964 = SURFACE_OF_LINEAR_EXTRUSION('',#6965,#6969);
#6965 = B_SPLINE_CURVE_WITH_KNOTS('',2,(#6966,#6967,#6968),
  .UNSPECIFIED.,.F.,.F.,(3,3),(0.,1.),.PIECEWISE_BEZIER_KNOTS.);
#6966 = CARTESIAN_POINT('',(1.141158691406,0.692178222656,4.79));
#6967 = CARTESIAN_POINT('',(1.324753417969,0.692178222656,4.79));
#6968 = CARTESIAN_POINT('',(1.431777832031,0.590374511719,4.79));
#6969 = VECTOR('',#6970,1.);
#6970 = DIRECTION('',(-0.,-0.,-1.));
#6971 = DEFINITIONAL_REPRESENTATION('',(#6972),#6976);
#6972 = LINE('',#6973,#6974);
#6973 = CARTESIAN_POINT('',(0.,0.));
#6974 = VECTOR('',#6975,1.);
#6975 = DIRECTION('',(0.,-1.));
#6976 = ( GEOMETRIC_REPRESENTATION_CONTEXT(2) 
PARAMETRIC_REPRESENTATION_CONTEXT() REPRESENTATION_CONTEXT('2D SPACE',''
  ) );
#6977 = ORIENTED_EDGE('',*,*,#6978,.F.);
#6978 = EDGE_CURVE('',#6871,#6949,#6979,.T.);
#6979 = SURFACE_CURVE('',#6980,(#6984,#6991),.PCURVE_S1.);
#6980 = B_SPLINE_CURVE_WITH_KNOTS('',2,(#6981,#6982,#6983),
  .UNSPECIFIED.,.F.,.F.,(3,3),(0.,1.),.PIECEWISE_BEZIER_KNOTS.);
#6981 = CARTESIAN_POINT('',(0.851409667969,0.597770507812,4.79));
#6982 = CARTESIAN_POINT('',(0.959304199219,0.692178222656,4.79));
#6983 = CARTESIAN_POINT('',(1.141158691406,0.692178222656,4.79));
#6984 = PCURVE('',#6886,#6985);
#6985 = DEFINITIONAL_REPRESENTATION('',(#6986),#6990);
#6986 = LINE('',#6987,#6988);
#6987 = CARTESIAN_POINT('',(0.,0.));
#6988 = VECTOR('',#6989,1.);
#6989 = DIRECTION('',(1.,0.));
#6990 = ( GEOMETRIC_REPRESENTATION_CONTEXT(2) 
PARAMETRIC_REPRESENTATION_CONTEXT() REPRESENTATION_CONTEXT('2D SPACE',''
  ) );
#6991 = PCURVE('',#5899,#6992);
#6992 = DEFINITIONAL_REPRESENTATION('',(#6993),#6997);
#6993 = B_SPLINE_CURVE_WITH_KNOTS('',2,(#6994,#6995,#6996),
  .UNSPECIFIED.,.F.,.F.,(3,3),(0.,1.),.PIECEWISE_BEZIER_KNOTS.);
#6994 = CARTESIAN_POINT('',(0.207958007813,1.186404785156));
#6995 = CARTESIAN_POINT('',(0.315852539062,1.2808125));
#6996 = CARTESIAN_POINT('',(0.49770703125,1.2808125));
#6997 = ( GEOMETRIC_REPRESENTATION_CONTEXT(2) 
PARAMETRIC_REPRESENTATION_CONTEXT() REPRESENTATION_CONTEXT('2D SPACE',''
  ) );
#6998 = ADVANCED_FACE('',(#6999),#6964,.T.);
#6999 = FACE_BOUND('',#7000,.T.);
#7000 = EDGE_LOOP('',(#7001,#7002,#7025,#7055));
#7001 = ORIENTED_EDGE('',*,*,#6948,.T.);
#7002 = ORIENTED_EDGE('',*,*,#7003,.T.);
#7003 = EDGE_CURVE('',#6926,#7004,#7006,.T.);
#7004 = VERTEX_POINT('',#7005);
#7005 = CARTESIAN_POINT('',(1.431777832031,0.590374511719,4.83));
#7006 = SURFACE_CURVE('',#7007,(#7011,#7018),.PCURVE_S1.);
#7007 = B_SPLINE_CURVE_WITH_KNOTS('',2,(#7008,#7009,#7010),
  .UNSPECIFIED.,.F.,.F.,(3,3),(0.,1.),.PIECEWISE_BEZIER_KNOTS.);
#7008 = CARTESIAN_POINT('',(1.141158691406,0.692178222656,4.83));
#7009 = CARTESIAN_POINT('',(1.324753417969,0.692178222656,4.83));
#7010 = CARTESIAN_POINT('',(1.431777832031,0.590374511719,4.83));
#7011 = PCURVE('',#6964,#7012);
#7012 = DEFINITIONAL_REPRESENTATION('',(#7013),#7017);
#7013 = LINE('',#7014,#7015);
#7014 = CARTESIAN_POINT('',(0.,-4.E-02));
#7015 = VECTOR('',#7016,1.);
#7016 = DIRECTION('',(1.,0.));
#7017 = ( GEOMETRIC_REPRESENTATION_CONTEXT(2) 
PARAMETRIC_REPRESENTATION_CONTEXT() REPRESENTATION_CONTEXT('2D SPACE',''
  ) );
#7018 = PCURVE('',#5845,#7019);
#7019 = DEFINITIONAL_REPRESENTATION('',(#7020),#7024);
#7020 = B_SPLINE_CURVE_WITH_KNOTS('',2,(#7021,#7022,#7023),
  .UNSPECIFIED.,.F.,.F.,(3,3),(0.,1.),.PIECEWISE_BEZIER_KNOTS.);
#7021 = CARTESIAN_POINT('',(0.49770703125,1.2808125));
#7022 = CARTESIAN_POINT('',(0.681301757813,1.2808125));
#7023 = CARTESIAN_POINT('',(0.788326171875,1.179008789062));
#7024 = ( GEOMETRIC_REPRESENTATION_CONTEXT(2) 
PARAMETRIC_REPRESENTATION_CONTEXT() REPRESENTATION_CONTEXT('2D SPACE',''
  ) );
#7025 = ORIENTED_EDGE('',*,*,#7026,.F.);
#7026 = EDGE_CURVE('',#7027,#7004,#7029,.T.);
#7027 = VERTEX_POINT('',#7028);
#7028 = CARTESIAN_POINT('',(1.431777832031,0.590374511719,4.79));
#7029 = SURFACE_CURVE('',#7030,(#7034,#7041),.PCURVE_S1.);
#7030 = LINE('',#7031,#7032);
#7031 = CARTESIAN_POINT('',(1.431777832031,0.590374511719,4.79));
#7032 = VECTOR('',#7033,1.);
#7033 = DIRECTION('',(0.,0.,1.));
#7034 = PCURVE('',#6964,#7035);
#7035 = DEFINITIONAL_REPRESENTATION('',(#7036),#7040);
#7036 = LINE('',#7037,#7038);
#7037 = CARTESIAN_POINT('',(1.,0.));
#7038 = VECTOR('',#7039,1.);
#7039 = DIRECTION('',(0.,-1.));
#7040 = ( GEOMETRIC_REPRESENTATION_CONTEXT(2) 
PARAMETRIC_REPRESENTATION_CONTEXT() REPRESENTATION_CONTEXT('2D SPACE',''
  ) );
#7041 = PCURVE('',#7042,#7049);
#7042 = SURFACE_OF_LINEAR_EXTRUSION('',#7043,#7047);
#7043 = B_SPLINE_CURVE_WITH_KNOTS('',2,(#7044,#7045,#7046),
  .UNSPECIFIED.,.F.,.F.,(3,3),(0.,1.),.PIECEWISE_BEZIER_KNOTS.);
#7044 = CARTESIAN_POINT('',(1.431777832031,0.590374511719,4.79));
#7045 = CARTESIAN_POINT('',(1.538802246094,0.488570800781,4.79));
#7046 = CARTESIAN_POINT('',(1.538802246094,0.338040527344,4.79));
#7047 = VECTOR('',#7048,1.);
#7048 = DIRECTION('',(-0.,-0.,-1.));
#7049 = DEFINITIONAL_REPRESENTATION('',(#7050),#7054);
#7050 = LINE('',#7051,#7052);
#7051 = CARTESIAN_POINT('',(0.,0.));
#7052 = VECTOR('',#7053,1.);
#7053 = DIRECTION('',(0.,-1.));
#7054 = ( GEOMETRIC_REPRESENTATION_CONTEXT(2) 
PARAMETRIC_REPRESENTATION_CONTEXT() REPRESENTATION_CONTEXT('2D SPACE',''
  ) );
#7055 = ORIENTED_EDGE('',*,*,#7056,.F.);
#7056 = EDGE_CURVE('',#6949,#7027,#7057,.T.);
#7057 = SURFACE_CURVE('',#7058,(#7062,#7069),.PCURVE_S1.);
#7058 = B_SPLINE_CURVE_WITH_KNOTS('',2,(#7059,#7060,#7061),
  .UNSPECIFIED.,.F.,.F.,(3,3),(0.,1.),.PIECEWISE_BEZIER_KNOTS.);
#7059 = CARTESIAN_POINT('',(1.141158691406,0.692178222656,4.79));
#7060 = CARTESIAN_POINT('',(1.324753417969,0.692178222656,4.79));
#7061 = CARTESIAN_POINT('',(1.431777832031,0.590374511719,4.79));
#7062 = PCURVE('',#6964,#7063);
#7063 = DEFINITIONAL_REPRESENTATION('',(#7064),#7068);
#7064 = LINE('',#7065,#7066);
#7065 = CARTESIAN_POINT('',(0.,0.));
#7066 = VECTOR('',#7067,1.);
#7067 = DIRECTION('',(1.,0.));
#7068 = ( GEOMETRIC_REPRESENTATION_CONTEXT(2) 
PARAMETRIC_REPRESENTATION_CONTEXT() REPRESENTATION_CONTEXT('2D SPACE',''
  ) );
#7069 = PCURVE('',#5899,#7070);
#7070 = DEFINITIONAL_REPRESENTATION('',(#7071),#7075);
#7071 = B_SPLINE_CURVE_WITH_KNOTS('',2,(#7072,#7073,#7074),
  .UNSPECIFIED.,.F.,.F.,(3,3),(0.,1.),.PIECEWISE_BEZIER_KNOTS.);
#7072 = CARTESIAN_POINT('',(0.49770703125,1.2808125));
#7073 = CARTESIAN_POINT('',(0.681301757813,1.2808125));
#7074 = CARTESIAN_POINT('',(0.788326171875,1.179008789062));
#7075 = ( GEOMETRIC_REPRESENTATION_CONTEXT(2) 
PARAMETRIC_REPRESENTATION_CONTEXT() REPRESENTATION_CONTEXT('2D SPACE',''
  ) );
#7076 = ADVANCED_FACE('',(#7077),#7042,.T.);
#7077 = FACE_BOUND('',#7078,.T.);
#7078 = EDGE_LOOP('',(#7079,#7080,#7103,#7133));
#7079 = ORIENTED_EDGE('',*,*,#7026,.T.);
#7080 = ORIENTED_EDGE('',*,*,#7081,.T.);
#7081 = EDGE_CURVE('',#7004,#7082,#7084,.T.);
#7082 = VERTEX_POINT('',#7083);
#7083 = CARTESIAN_POINT('',(1.538802246094,0.338040527344,4.83));
#7084 = SURFACE_CURVE('',#7085,(#7089,#7096),.PCURVE_S1.);
#7085 = B_SPLINE_CURVE_WITH_KNOTS('',2,(#7086,#7087,#7088),
  .UNSPECIFIED.,.F.,.F.,(3,3),(0.,1.),.PIECEWISE_BEZIER_KNOTS.);
#7086 = CARTESIAN_POINT('',(1.431777832031,0.590374511719,4.83));
#7087 = CARTESIAN_POINT('',(1.538802246094,0.488570800781,4.83));
#7088 = CARTESIAN_POINT('',(1.538802246094,0.338040527344,4.83));
#7089 = PCURVE('',#7042,#7090);
#7090 = DEFINITIONAL_REPRESENTATION('',(#7091),#7095);
#7091 = LINE('',#7092,#7093);
#7092 = CARTESIAN_POINT('',(0.,-4.E-02));
#7093 = VECTOR('',#7094,1.);
#7094 = DIRECTION('',(1.,0.));
#7095 = ( GEOMETRIC_REPRESENTATION_CONTEXT(2) 
PARAMETRIC_REPRESENTATION_CONTEXT() REPRESENTATION_CONTEXT('2D SPACE',''
  ) );
#7096 = PCURVE('',#5845,#7097);
#7097 = DEFINITIONAL_REPRESENTATION('',(#7098),#7102);
#7098 = B_SPLINE_CURVE_WITH_KNOTS('',2,(#7099,#7100,#7101),
  .UNSPECIFIED.,.F.,.F.,(3,3),(0.,1.),.PIECEWISE_BEZIER_KNOTS.);
#7099 = CARTESIAN_POINT('',(0.788326171875,1.179008789062));
#7100 = CARTESIAN_POINT('',(0.895350585937,1.077205078125));
#7101 = CARTESIAN_POINT('',(0.895350585937,0.926674804687));
#7102 = ( GEOMETRIC_REPRESENTATION_CONTEXT(2) 
PARAMETRIC_REPRESENTATION_CONTEXT() REPRESENTATION_CONTEXT('2D SPACE',''
  ) );
#7103 = ORIENTED_EDGE('',*,*,#7104,.F.);
#7104 = EDGE_CURVE('',#7105,#7082,#7107,.T.);
#7105 = VERTEX_POINT('',#7106);
#7106 = CARTESIAN_POINT('',(1.538802246094,0.338040527344,4.79));
#7107 = SURFACE_CURVE('',#7108,(#7112,#7119),.PCURVE_S1.);
#7108 = LINE('',#7109,#7110);
#7109 = CARTESIAN_POINT('',(1.538802246094,0.338040527344,4.79));
#7110 = VECTOR('',#7111,1.);
#7111 = DIRECTION('',(0.,0.,1.));
#7112 = PCURVE('',#7042,#7113);
#7113 = DEFINITIONAL_REPRESENTATION('',(#7114),#7118);
#7114 = LINE('',#7115,#7116);
#7115 = CARTESIAN_POINT('',(1.,0.));
#7116 = VECTOR('',#7117,1.);
#7117 = DIRECTION('',(0.,-1.));
#7118 = ( GEOMETRIC_REPRESENTATION_CONTEXT(2) 
PARAMETRIC_REPRESENTATION_CONTEXT() REPRESENTATION_CONTEXT('2D SPACE',''
  ) );
#7119 = PCURVE('',#7120,#7127);
#7120 = SURFACE_OF_LINEAR_EXTRUSION('',#7121,#7125);
#7121 = B_SPLINE_CURVE_WITH_KNOTS('',2,(#7122,#7123,#7124),
  .UNSPECIFIED.,.F.,.F.,(3,3),(0.,1.),.PIECEWISE_BEZIER_KNOTS.);
#7122 = CARTESIAN_POINT('',(1.538802246094,0.338040527344,4.79));
#7123 = CARTESIAN_POINT('',(1.538802246094,0.261470214844,4.79));
#7124 = CARTESIAN_POINT('',(1.507478027344,0.187510253906,4.79));
#7125 = VECTOR('',#7126,1.);
#7126 = DIRECTION('',(-0.,-0.,-1.));
#7127 = DEFINITIONAL_REPRESENTATION('',(#7128),#7132);
#7128 = LINE('',#7129,#7130);
#7129 = CARTESIAN_POINT('',(0.,0.));
#7130 = VECTOR('',#7131,1.);
#7131 = DIRECTION('',(0.,-1.));
#7132 = ( GEOMETRIC_REPRESENTATION_CONTEXT(2) 
PARAMETRIC_REPRESENTATION_CONTEXT() REPRESENTATION_CONTEXT('2D SPACE',''
  ) );
#7133 = ORIENTED_EDGE('',*,*,#7134,.F.);
#7134 = EDGE_CURVE('',#7027,#7105,#7135,.T.);
#7135 = SURFACE_CURVE('',#7136,(#7140,#7147),.PCURVE_S1.);
#7136 = B_SPLINE_CURVE_WITH_KNOTS('',2,(#7137,#7138,#7139),
  .UNSPECIFIED.,.F.,.F.,(3,3),(0.,1.),.PIECEWISE_BEZIER_KNOTS.);
#7137 = CARTESIAN_POINT('',(1.431777832031,0.590374511719,4.79));
#7138 = CARTESIAN_POINT('',(1.538802246094,0.488570800781,4.79));
#7139 = CARTESIAN_POINT('',(1.538802246094,0.338040527344,4.79));
#7140 = PCURVE('',#7042,#7141);
#7141 = DEFINITIONAL_REPRESENTATION('',(#7142),#7146);
#7142 = LINE('',#7143,#7144);
#7143 = CARTESIAN_POINT('',(0.,0.));
#7144 = VECTOR('',#7145,1.);
#7145 = DIRECTION('',(1.,0.));
#7146 = ( GEOMETRIC_REPRESENTATION_CONTEXT(2) 
PARAMETRIC_REPRESENTATION_CONTEXT() REPRESENTATION_CONTEXT('2D SPACE',''
  ) );
#7147 = PCURVE('',#5899,#7148);
#7148 = DEFINITIONAL_REPRESENTATION('',(#7149),#7153);
#7149 = B_SPLINE_CURVE_WITH_KNOTS('',2,(#7150,#7151,#7152),
  .UNSPECIFIED.,.F.,.F.,(3,3),(0.,1.),.PIECEWISE_BEZIER_KNOTS.);
#7150 = CARTESIAN_POINT('',(0.788326171875,1.179008789062));
#7151 = CARTESIAN_POINT('',(0.895350585937,1.077205078125));
#7152 = CARTESIAN_POINT('',(0.895350585937,0.926674804687));
#7153 = ( GEOMETRIC_REPRESENTATION_CONTEXT(2) 
PARAMETRIC_REPRESENTATION_CONTEXT() REPRESENTATION_CONTEXT('2D SPACE',''
  ) );
#7154 = ADVANCED_FACE('',(#7155),#7120,.T.);
#7155 = FACE_BOUND('',#7156,.T.);
#7156 = EDGE_LOOP('',(#7157,#7158,#7181,#7211));
#7157 = ORIENTED_EDGE('',*,*,#7104,.T.);
#7158 = ORIENTED_EDGE('',*,*,#7159,.T.);
#7159 = EDGE_CURVE('',#7082,#7160,#7162,.T.);
#7160 = VERTEX_POINT('',#7161);
#7161 = CARTESIAN_POINT('',(1.507478027344,0.187510253906,4.83));
#7162 = SURFACE_CURVE('',#7163,(#7167,#7174),.PCURVE_S1.);
#7163 = B_SPLINE_CURVE_WITH_KNOTS('',2,(#7164,#7165,#7166),
  .UNSPECIFIED.,.F.,.F.,(3,3),(0.,1.),.PIECEWISE_BEZIER_KNOTS.);
#7164 = CARTESIAN_POINT('',(1.538802246094,0.338040527344,4.83));
#7165 = CARTESIAN_POINT('',(1.538802246094,0.261470214844,4.83));
#7166 = CARTESIAN_POINT('',(1.507478027344,0.187510253906,4.83));
#7167 = PCURVE('',#7120,#7168);
#7168 = DEFINITIONAL_REPRESENTATION('',(#7169),#7173);
#7169 = LINE('',#7170,#7171);
#7170 = CARTESIAN_POINT('',(0.,-4.E-02));
#7171 = VECTOR('',#7172,1.);
#7172 = DIRECTION('',(1.,0.));
#7173 = ( GEOMETRIC_REPRESENTATION_CONTEXT(2) 
PARAMETRIC_REPRESENTATION_CONTEXT() REPRESENTATION_CONTEXT('2D SPACE',''
  ) );
#7174 = PCURVE('',#5845,#7175);
#7175 = DEFINITIONAL_REPRESENTATION('',(#7176),#7180);
#7176 = B_SPLINE_CURVE_WITH_KNOTS('',2,(#7177,#7178,#7179),
  .UNSPECIFIED.,.F.,.F.,(3,3),(0.,1.),.PIECEWISE_BEZIER_KNOTS.);
#7177 = CARTESIAN_POINT('',(0.895350585937,0.926674804687));
#7178 = CARTESIAN_POINT('',(0.895350585937,0.850104492187));
#7179 = CARTESIAN_POINT('',(0.864026367187,0.77614453125));
#7180 = ( GEOMETRIC_REPRESENTATION_CONTEXT(2) 
PARAMETRIC_REPRESENTATION_CONTEXT() REPRESENTATION_CONTEXT('2D SPACE',''
  ) );
#7181 = ORIENTED_EDGE('',*,*,#7182,.F.);
#7182 = EDGE_CURVE('',#7183,#7160,#7185,.T.);
#7183 = VERTEX_POINT('',#7184);
#7184 = CARTESIAN_POINT('',(1.507478027344,0.187510253906,4.79));
#7185 = SURFACE_CURVE('',#7186,(#7190,#7197),.PCURVE_S1.);
#7186 = LINE('',#7187,#7188);
#7187 = CARTESIAN_POINT('',(1.507478027344,0.187510253906,4.79));
#7188 = VECTOR('',#7189,1.);
#7189 = DIRECTION('',(0.,0.,1.));
#7190 = PCURVE('',#7120,#7191);
#7191 = DEFINITIONAL_REPRESENTATION('',(#7192),#7196);
#7192 = LINE('',#7193,#7194);
#7193 = CARTESIAN_POINT('',(1.,0.));
#7194 = VECTOR('',#7195,1.);
#7195 = DIRECTION('',(0.,-1.));
#7196 = ( GEOMETRIC_REPRESENTATION_CONTEXT(2) 
PARAMETRIC_REPRESENTATION_CONTEXT() REPRESENTATION_CONTEXT('2D SPACE',''
  ) );
#7197 = PCURVE('',#7198,#7205);
#7198 = SURFACE_OF_LINEAR_EXTRUSION('',#7199,#7203);
#7199 = B_SPLINE_CURVE_WITH_KNOTS('',2,(#7200,#7201,#7202),
  .UNSPECIFIED.,.F.,.F.,(3,3),(0.,1.),.PIECEWISE_BEZIER_KNOTS.);
#7200 = CARTESIAN_POINT('',(1.507478027344,0.187510253906,4.79));
#7201 = CARTESIAN_POINT('',(1.476153808594,0.113550292969,4.79));
#7202 = CARTESIAN_POINT('',(1.403499023437,3.175927734375E-02,4.79));
#7203 = VECTOR('',#7204,1.);
#7204 = DIRECTION('',(-0.,-0.,-1.));
#7205 = DEFINITIONAL_REPRESENTATION('',(#7206),#7210);
#7206 = LINE('',#7207,#7208);
#7207 = CARTESIAN_POINT('',(0.,0.));
#7208 = VECTOR('',#7209,1.);
#7209 = DIRECTION('',(0.,-1.));
#7210 = ( GEOMETRIC_REPRESENTATION_CONTEXT(2) 
PARAMETRIC_REPRESENTATION_CONTEXT() REPRESENTATION_CONTEXT('2D SPACE',''
  ) );
#7211 = ORIENTED_EDGE('',*,*,#7212,.F.);
#7212 = EDGE_CURVE('',#7105,#7183,#7213,.T.);
#7213 = SURFACE_CURVE('',#7214,(#7218,#7225),.PCURVE_S1.);
#7214 = B_SPLINE_CURVE_WITH_KNOTS('',2,(#7215,#7216,#7217),
  .UNSPECIFIED.,.F.,.F.,(3,3),(0.,1.),.PIECEWISE_BEZIER_KNOTS.);
#7215 = CARTESIAN_POINT('',(1.538802246094,0.338040527344,4.79));
#7216 = CARTESIAN_POINT('',(1.538802246094,0.261470214844,4.79));
#7217 = CARTESIAN_POINT('',(1.507478027344,0.187510253906,4.79));
#7218 = PCURVE('',#7120,#7219);
#7219 = DEFINITIONAL_REPRESENTATION('',(#7220),#7224);
#7220 = LINE('',#7221,#7222);
#7221 = CARTESIAN_POINT('',(0.,0.));
#7222 = VECTOR('',#7223,1.);
#7223 = DIRECTION('',(1.,0.));
#7224 = ( GEOMETRIC_REPRESENTATION_CONTEXT(2) 
PARAMETRIC_REPRESENTATION_CONTEXT() REPRESENTATION_CONTEXT('2D SPACE',''
  ) );
#7225 = PCURVE('',#5899,#7226);
#7226 = DEFINITIONAL_REPRESENTATION('',(#7227),#7231);
#7227 = B_SPLINE_CURVE_WITH_KNOTS('',2,(#7228,#7229,#7230),
  .UNSPECIFIED.,.F.,.F.,(3,3),(0.,1.),.PIECEWISE_BEZIER_KNOTS.);
#7228 = CARTESIAN_POINT('',(0.895350585937,0.926674804687));
#7229 = CARTESIAN_POINT('',(0.895350585937,0.850104492187));
#7230 = CARTESIAN_POINT('',(0.864026367187,0.77614453125));
#7231 = ( GEOMETRIC_REPRESENTATION_CONTEXT(2) 
PARAMETRIC_REPRESENTATION_CONTEXT() REPRESENTATION_CONTEXT('2D SPACE',''
  ) );
#7232 = ADVANCED_FACE('',(#7233),#7198,.T.);
#7233 = FACE_BOUND('',#7234,.T.);
#7234 = EDGE_LOOP('',(#7235,#7236,#7259,#7289));
#7235 = ORIENTED_EDGE('',*,*,#7182,.T.);
#7236 = ORIENTED_EDGE('',*,*,#7237,.T.);
#7237 = EDGE_CURVE('',#7160,#7238,#7240,.T.);
#7238 = VERTEX_POINT('',#7239);
#7239 = CARTESIAN_POINT('',(1.403499023437,3.175927734375E-02,4.83));
#7240 = SURFACE_CURVE('',#7241,(#7245,#7252),.PCURVE_S1.);
#7241 = B_SPLINE_CURVE_WITH_KNOTS('',2,(#7242,#7243,#7244),
  .UNSPECIFIED.,.F.,.F.,(3,3),(0.,1.),.PIECEWISE_BEZIER_KNOTS.);
#7242 = CARTESIAN_POINT('',(1.507478027344,0.187510253906,4.83));
#7243 = CARTESIAN_POINT('',(1.476153808594,0.113550292969,4.83));
#7244 = CARTESIAN_POINT('',(1.403499023437,3.175927734375E-02,4.83));
#7245 = PCURVE('',#7198,#7246);
#7246 = DEFINITIONAL_REPRESENTATION('',(#7247),#7251);
#7247 = LINE('',#7248,#7249);
#7248 = CARTESIAN_POINT('',(0.,-4.E-02));
#7249 = VECTOR('',#7250,1.);
#7250 = DIRECTION('',(1.,0.));
#7251 = ( GEOMETRIC_REPRESENTATION_CONTEXT(2) 
PARAMETRIC_REPRESENTATION_CONTEXT() REPRESENTATION_CONTEXT('2D SPACE',''
  ) );
#7252 = PCURVE('',#5845,#7253);
#7253 = DEFINITIONAL_REPRESENTATION('',(#7254),#7258);
#7254 = B_SPLINE_CURVE_WITH_KNOTS('',2,(#7255,#7256,#7257),
  .UNSPECIFIED.,.F.,.F.,(3,3),(0.,1.),.PIECEWISE_BEZIER_KNOTS.);
#7255 = CARTESIAN_POINT('',(0.864026367187,0.77614453125));
#7256 = CARTESIAN_POINT('',(0.832702148438,0.702184570313));
#7257 = CARTESIAN_POINT('',(0.760047363281,0.620393554688));
#7258 = ( GEOMETRIC_REPRESENTATION_CONTEXT(2) 
PARAMETRIC_REPRESENTATION_CONTEXT() REPRESENTATION_CONTEXT('2D SPACE',''
  ) );
#7259 = ORIENTED_EDGE('',*,*,#7260,.F.);
#7260 = EDGE_CURVE('',#7261,#7238,#7263,.T.);
#7261 = VERTEX_POINT('',#7262);
#7262 = CARTESIAN_POINT('',(1.403499023437,3.175927734375E-02,4.79));
#7263 = SURFACE_CURVE('',#7264,(#7268,#7275),.PCURVE_S1.);
#7264 = LINE('',#7265,#7266);
#7265 = CARTESIAN_POINT('',(1.403499023437,3.175927734375E-02,4.79));
#7266 = VECTOR('',#7267,1.);
#7267 = DIRECTION('',(0.,0.,1.));
#7268 = PCURVE('',#7198,#7269);
#7269 = DEFINITIONAL_REPRESENTATION('',(#7270),#7274);
#7270 = LINE('',#7271,#7272);
#7271 = CARTESIAN_POINT('',(1.,0.));
#7272 = VECTOR('',#7273,1.);
#7273 = DIRECTION('',(0.,-1.));
#7274 = ( GEOMETRIC_REPRESENTATION_CONTEXT(2) 
PARAMETRIC_REPRESENTATION_CONTEXT() REPRESENTATION_CONTEXT('2D SPACE',''
  ) );
#7275 = PCURVE('',#7276,#7283);
#7276 = SURFACE_OF_LINEAR_EXTRUSION('',#7277,#7281);
#7277 = B_SPLINE_CURVE_WITH_KNOTS('',2,(#7278,#7279,#7280),
  .UNSPECIFIED.,.F.,.F.,(3,3),(0.,1.),.PIECEWISE_BEZIER_KNOTS.);
#7278 = CARTESIAN_POINT('',(1.403499023437,3.175927734375E-02,4.79));
#7279 = CARTESIAN_POINT('',(1.330844238281,-5.003173828125E-02,4.79));
#7280 = CARTESIAN_POINT('',(1.162041503906,-0.192730957031,4.79));
#7281 = VECTOR('',#7282,1.);
#7282 = DIRECTION('',(-0.,-0.,-1.));
#7283 = DEFINITIONAL_REPRESENTATION('',(#7284),#7288);
#7284 = LINE('',#7285,#7286);
#7285 = CARTESIAN_POINT('',(0.,0.));
#7286 = VECTOR('',#7287,1.);
#7287 = DIRECTION('',(0.,-1.));
#7288 = ( GEOMETRIC_REPRESENTATION_CONTEXT(2) 
PARAMETRIC_REPRESENTATION_CONTEXT() REPRESENTATION_CONTEXT('2D SPACE',''
  ) );
#7289 = ORIENTED_EDGE('',*,*,#7290,.F.);
#7290 = EDGE_CURVE('',#7183,#7261,#7291,.T.);
#7291 = SURFACE_CURVE('',#7292,(#7296,#7303),.PCURVE_S1.);
#7292 = B_SPLINE_CURVE_WITH_KNOTS('',2,(#7293,#7294,#7295),
  .UNSPECIFIED.,.F.,.F.,(3,3),(0.,1.),.PIECEWISE_BEZIER_KNOTS.);
#7293 = CARTESIAN_POINT('',(1.507478027344,0.187510253906,4.79));
#7294 = CARTESIAN_POINT('',(1.476153808594,0.113550292969,4.79));
#7295 = CARTESIAN_POINT('',(1.403499023437,3.175927734375E-02,4.79));
#7296 = PCURVE('',#7198,#7297);
#7297 = DEFINITIONAL_REPRESENTATION('',(#7298),#7302);
#7298 = LINE('',#7299,#7300);
#7299 = CARTESIAN_POINT('',(0.,0.));
#7300 = VECTOR('',#7301,1.);
#7301 = DIRECTION('',(1.,0.));
#7302 = ( GEOMETRIC_REPRESENTATION_CONTEXT(2) 
PARAMETRIC_REPRESENTATION_CONTEXT() REPRESENTATION_CONTEXT('2D SPACE',''
  ) );
#7303 = PCURVE('',#5899,#7304);
#7304 = DEFINITIONAL_REPRESENTATION('',(#7305),#7309);
#7305 = B_SPLINE_CURVE_WITH_KNOTS('',2,(#7306,#7307,#7308),
  .UNSPECIFIED.,.F.,.F.,(3,3),(0.,1.),.PIECEWISE_BEZIER_KNOTS.);
#7306 = CARTESIAN_POINT('',(0.864026367187,0.77614453125));
#7307 = CARTESIAN_POINT('',(0.832702148438,0.702184570313));
#7308 = CARTESIAN_POINT('',(0.760047363281,0.620393554688));
#7309 = ( GEOMETRIC_REPRESENTATION_CONTEXT(2) 
PARAMETRIC_REPRESENTATION_CONTEXT() REPRESENTATION_CONTEXT('2D SPACE',''
  ) );
#7310 = ADVANCED_FACE('',(#7311),#7276,.T.);
#7311 = FACE_BOUND('',#7312,.T.);
#7312 = EDGE_LOOP('',(#7313,#7314,#7337,#7367));
#7313 = ORIENTED_EDGE('',*,*,#7260,.T.);
#7314 = ORIENTED_EDGE('',*,*,#7315,.T.);
#7315 = EDGE_CURVE('',#7238,#7316,#7318,.T.);
#7316 = VERTEX_POINT('',#7317);
#7317 = CARTESIAN_POINT('',(1.162041503906,-0.192730957031,4.83));
#7318 = SURFACE_CURVE('',#7319,(#7323,#7330),.PCURVE_S1.);
#7319 = B_SPLINE_CURVE_WITH_KNOTS('',2,(#7320,#7321,#7322),
  .UNSPECIFIED.,.F.,.F.,(3,3),(0.,1.),.PIECEWISE_BEZIER_KNOTS.);
#7320 = CARTESIAN_POINT('',(1.403499023437,3.175927734375E-02,4.83));
#7321 = CARTESIAN_POINT('',(1.330844238281,-5.003173828125E-02,4.83));
#7322 = CARTESIAN_POINT('',(1.162041503906,-0.192730957031,4.83));
#7323 = PCURVE('',#7276,#7324);
#7324 = DEFINITIONAL_REPRESENTATION('',(#7325),#7329);
#7325 = LINE('',#7326,#7327);
#7326 = CARTESIAN_POINT('',(0.,-4.E-02));
#7327 = VECTOR('',#7328,1.);
#7328 = DIRECTION('',(1.,0.));
#7329 = ( GEOMETRIC_REPRESENTATION_CONTEXT(2) 
PARAMETRIC_REPRESENTATION_CONTEXT() REPRESENTATION_CONTEXT('2D SPACE',''
  ) );
#7330 = PCURVE('',#5845,#7331);
#7331 = DEFINITIONAL_REPRESENTATION('',(#7332),#7336);
#7332 = B_SPLINE_CURVE_WITH_KNOTS('',2,(#7333,#7334,#7335),
  .UNSPECIFIED.,.F.,.F.,(3,3),(0.,1.),.PIECEWISE_BEZIER_KNOTS.);
#7333 = CARTESIAN_POINT('',(0.760047363281,0.620393554688));
#7334 = CARTESIAN_POINT('',(0.687392578125,0.538602539062));
#7335 = CARTESIAN_POINT('',(0.51858984375,0.395903320312));
#7336 = ( GEOMETRIC_REPRESENTATION_CONTEXT(2) 
PARAMETRIC_REPRESENTATION_CONTEXT() REPRESENTATION_CONTEXT('2D SPACE',''
  ) );
#7337 = ORIENTED_EDGE('',*,*,#7338,.F.);
#7338 = EDGE_CURVE('',#7339,#7316,#7341,.T.);
#7339 = VERTEX_POINT('',#7340);
#7340 = CARTESIAN_POINT('',(1.162041503906,-0.192730957031,4.79));
#7341 = SURFACE_CURVE('',#7342,(#7346,#7353),.PCURVE_S1.);
#7342 = LINE('',#7343,#7344);
#7343 = CARTESIAN_POINT('',(1.162041503906,-0.192730957031,4.79));
#7344 = VECTOR('',#7345,1.);
#7345 = DIRECTION('',(0.,0.,1.));
#7346 = PCURVE('',#7276,#7347);
#7347 = DEFINITIONAL_REPRESENTATION('',(#7348),#7352);
#7348 = LINE('',#7349,#7350);
#7349 = CARTESIAN_POINT('',(1.,0.));
#7350 = VECTOR('',#7351,1.);
#7351 = DIRECTION('',(0.,-1.));
#7352 = ( GEOMETRIC_REPRESENTATION_CONTEXT(2) 
PARAMETRIC_REPRESENTATION_CONTEXT() REPRESENTATION_CONTEXT('2D SPACE',''
  ) );
#7353 = PCURVE('',#7354,#7361);
#7354 = SURFACE_OF_LINEAR_EXTRUSION('',#7355,#7359);
#7355 = B_SPLINE_CURVE_WITH_KNOTS('',2,(#7356,#7357,#7358),
  .UNSPECIFIED.,.F.,.F.,(3,3),(0.,1.),.PIECEWISE_BEZIER_KNOTS.);
#7356 = CARTESIAN_POINT('',(1.162041503906,-0.192730957031,4.79));
#7357 = CARTESIAN_POINT('',(1.021082519531,-0.311066894531,4.79));
#7358 = CARTESIAN_POINT('',(0.981057128906,-0.353267578125,4.79));
#7359 = VECTOR('',#7360,1.);
#7360 = DIRECTION('',(-0.,-0.,-1.));
#7361 = DEFINITIONAL_REPRESENTATION('',(#7362),#7366);
#7362 = LINE('',#7363,#7364);
#7363 = CARTESIAN_POINT('',(0.,0.));
#7364 = VECTOR('',#7365,1.);
#7365 = DIRECTION('',(0.,-1.));
#7366 = ( GEOMETRIC_REPRESENTATION_CONTEXT(2) 
PARAMETRIC_REPRESENTATION_CONTEXT() REPRESENTATION_CONTEXT('2D SPACE',''
  ) );
#7367 = ORIENTED_EDGE('',*,*,#7368,.F.);
#7368 = EDGE_CURVE('',#7261,#7339,#7369,.T.);
#7369 = SURFACE_CURVE('',#7370,(#7374,#7381),.PCURVE_S1.);
#7370 = B_SPLINE_CURVE_WITH_KNOTS('',2,(#7371,#7372,#7373),
  .UNSPECIFIED.,.F.,.F.,(3,3),(0.,1.),.PIECEWISE_BEZIER_KNOTS.);
#7371 = CARTESIAN_POINT('',(1.403499023437,3.175927734375E-02,4.79));
#7372 = CARTESIAN_POINT('',(1.330844238281,-5.003173828125E-02,4.79));
#7373 = CARTESIAN_POINT('',(1.162041503906,-0.192730957031,4.79));
#7374 = PCURVE('',#7276,#7375);
#7375 = DEFINITIONAL_REPRESENTATION('',(#7376),#7380);
#7376 = LINE('',#7377,#7378);
#7377 = CARTESIAN_POINT('',(0.,0.));
#7378 = VECTOR('',#7379,1.);
#7379 = DIRECTION('',(1.,0.));
#7380 = ( GEOMETRIC_REPRESENTATION_CONTEXT(2) 
PARAMETRIC_REPRESENTATION_CONTEXT() REPRESENTATION_CONTEXT('2D SPACE',''
  ) );
#7381 = PCURVE('',#5899,#7382);
#7382 = DEFINITIONAL_REPRESENTATION('',(#7383),#7387);
#7383 = B_SPLINE_CURVE_WITH_KNOTS('',2,(#7384,#7385,#7386),
  .UNSPECIFIED.,.F.,.F.,(3,3),(0.,1.),.PIECEWISE_BEZIER_KNOTS.);
#7384 = CARTESIAN_POINT('',(0.760047363281,0.620393554688));
#7385 = CARTESIAN_POINT('',(0.687392578125,0.538602539062));
#7386 = CARTESIAN_POINT('',(0.51858984375,0.395903320312));
#7387 = ( GEOMETRIC_REPRESENTATION_CONTEXT(2) 
PARAMETRIC_REPRESENTATION_CONTEXT() REPRESENTATION_CONTEXT('2D SPACE',''
  ) );
#7388 = ADVANCED_FACE('',(#7389),#7354,.T.);
#7389 = FACE_BOUND('',#7390,.T.);
#7390 = EDGE_LOOP('',(#7391,#7392,#7415,#7438));
#7391 = ORIENTED_EDGE('',*,*,#7338,.T.);
#7392 = ORIENTED_EDGE('',*,*,#7393,.T.);
#7393 = EDGE_CURVE('',#7316,#7394,#7396,.T.);
#7394 = VERTEX_POINT('',#7395);
#7395 = CARTESIAN_POINT('',(0.981057128906,-0.353267578125,4.83));
#7396 = SURFACE_CURVE('',#7397,(#7401,#7408),.PCURVE_S1.);
#7397 = B_SPLINE_CURVE_WITH_KNOTS('',2,(#7398,#7399,#7400),
  .UNSPECIFIED.,.F.,.F.,(3,3),(0.,1.),.PIECEWISE_BEZIER_KNOTS.);
#7398 = CARTESIAN_POINT('',(1.162041503906,-0.192730957031,4.83));
#7399 = CARTESIAN_POINT('',(1.021082519531,-0.311066894531,4.83));
#7400 = CARTESIAN_POINT('',(0.981057128906,-0.353267578125,4.83));
#7401 = PCURVE('',#7354,#7402);
#7402 = DEFINITIONAL_REPRESENTATION('',(#7403),#7407);
#7403 = LINE('',#7404,#7405);
#7404 = CARTESIAN_POINT('',(0.,-4.E-02));
#7405 = VECTOR('',#7406,1.);
#7406 = DIRECTION('',(1.,0.));
#7407 = ( GEOMETRIC_REPRESENTATION_CONTEXT(2) 
PARAMETRIC_REPRESENTATION_CONTEXT() REPRESENTATION_CONTEXT('2D SPACE',''
  ) );
#7408 = PCURVE('',#5845,#7409);
#7409 = DEFINITIONAL_REPRESENTATION('',(#7410),#7414);
#7410 = B_SPLINE_CURVE_WITH_KNOTS('',2,(#7411,#7412,#7413),
  .UNSPECIFIED.,.F.,.F.,(3,3),(0.,1.),.PIECEWISE_BEZIER_KNOTS.);
#7411 = CARTESIAN_POINT('',(0.51858984375,0.395903320312));
#7412 = CARTESIAN_POINT('',(0.377630859375,0.277567382812));
#7413 = CARTESIAN_POINT('',(0.33760546875,0.235366699219));
#7414 = ( GEOMETRIC_REPRESENTATION_CONTEXT(2) 
PARAMETRIC_REPRESENTATION_CONTEXT() REPRESENTATION_CONTEXT('2D SPACE',''
  ) );
#7415 = ORIENTED_EDGE('',*,*,#7416,.F.);
#7416 = EDGE_CURVE('',#7417,#7394,#7419,.T.);
#7417 = VERTEX_POINT('',#7418);
#7418 = CARTESIAN_POINT('',(0.981057128906,-0.353267578125,4.79));
#7419 = SURFACE_CURVE('',#7420,(#7424,#7431),.PCURVE_S1.);
#7420 = LINE('',#7421,#7422);
#7421 = CARTESIAN_POINT('',(0.981057128906,-0.353267578125,4.79));
#7422 = VECTOR('',#7423,1.);
#7423 = DIRECTION('',(0.,0.,1.));
#7424 = PCURVE('',#7354,#7425);
#7425 = DEFINITIONAL_REPRESENTATION('',(#7426),#7430);
#7426 = LINE('',#7427,#7428);
#7427 = CARTESIAN_POINT('',(1.,0.));
#7428 = VECTOR('',#7429,1.);
#7429 = DIRECTION('',(0.,-1.));
#7430 = ( GEOMETRIC_REPRESENTATION_CONTEXT(2) 
PARAMETRIC_REPRESENTATION_CONTEXT() REPRESENTATION_CONTEXT('2D SPACE',''
  ) );
#7431 = PCURVE('',#5815,#7432);
#7432 = DEFINITIONAL_REPRESENTATION('',(#7433),#7437);
#7433 = LINE('',#7434,#7435);
#7434 = CARTESIAN_POINT('',(0.,0.));
#7435 = VECTOR('',#7436,1.);
#7436 = DIRECTION('',(0.,-1.));
#7437 = ( GEOMETRIC_REPRESENTATION_CONTEXT(2) 
PARAMETRIC_REPRESENTATION_CONTEXT() REPRESENTATION_CONTEXT('2D SPACE',''
  ) );
#7438 = ORIENTED_EDGE('',*,*,#7439,.F.);
#7439 = EDGE_CURVE('',#7339,#7417,#7440,.T.);
#7440 = SURFACE_CURVE('',#7441,(#7445,#7452),.PCURVE_S1.);
#7441 = B_SPLINE_CURVE_WITH_KNOTS('',2,(#7442,#7443,#7444),
  .UNSPECIFIED.,.F.,.F.,(3,3),(0.,1.),.PIECEWISE_BEZIER_KNOTS.);
#7442 = CARTESIAN_POINT('',(1.162041503906,-0.192730957031,4.79));
#7443 = CARTESIAN_POINT('',(1.021082519531,-0.311066894531,4.79));
#7444 = CARTESIAN_POINT('',(0.981057128906,-0.353267578125,4.79));
#7445 = PCURVE('',#7354,#7446);
#7446 = DEFINITIONAL_REPRESENTATION('',(#7447),#7451);
#7447 = LINE('',#7448,#7449);
#7448 = CARTESIAN_POINT('',(0.,0.));
#7449 = VECTOR('',#7450,1.);
#7450 = DIRECTION('',(1.,0.));
#7451 = ( GEOMETRIC_REPRESENTATION_CONTEXT(2) 
PARAMETRIC_REPRESENTATION_CONTEXT() REPRESENTATION_CONTEXT('2D SPACE',''
  ) );
#7452 = PCURVE('',#5899,#7453);
#7453 = DEFINITIONAL_REPRESENTATION('',(#7454),#7458);
#7454 = B_SPLINE_CURVE_WITH_KNOTS('',2,(#7455,#7456,#7457),
  .UNSPECIFIED.,.F.,.F.,(3,3),(0.,1.),.PIECEWISE_BEZIER_KNOTS.);
#7455 = CARTESIAN_POINT('',(0.51858984375,0.395903320312));
#7456 = CARTESIAN_POINT('',(0.377630859375,0.277567382812));
#7457 = CARTESIAN_POINT('',(0.33760546875,0.235366699219));
#7458 = ( GEOMETRIC_REPRESENTATION_CONTEXT(2) 
PARAMETRIC_REPRESENTATION_CONTEXT() REPRESENTATION_CONTEXT('2D SPACE',''
  ) );
#7459 = ADVANCED_FACE('',(#7460),#5815,.T.);
#7460 = FACE_BOUND('',#7461,.T.);
#7461 = EDGE_LOOP('',(#7462,#7463,#7484,#7485));
#7462 = ORIENTED_EDGE('',*,*,#7416,.T.);
#7463 = ORIENTED_EDGE('',*,*,#7464,.T.);
#7464 = EDGE_CURVE('',#7394,#5795,#7465,.T.);
#7465 = SURFACE_CURVE('',#7466,(#7470,#7477),.PCURVE_S1.);
#7466 = B_SPLINE_CURVE_WITH_KNOTS('',2,(#7467,#7468,#7469),
  .UNSPECIFIED.,.F.,.F.,(3,3),(0.,1.),.PIECEWISE_BEZIER_KNOTS.);
#7467 = CARTESIAN_POINT('',(0.981057128906,-0.353267578125,4.83));
#7468 = CARTESIAN_POINT('',(0.941031738281,-0.395468261719,4.83));
#7469 = CARTESIAN_POINT('',(0.914928222656,-0.438104003906,4.83));
#7470 = PCURVE('',#5815,#7471);
#7471 = DEFINITIONAL_REPRESENTATION('',(#7472),#7476);
#7472 = LINE('',#7473,#7474);
#7473 = CARTESIAN_POINT('',(0.,-4.E-02));
#7474 = VECTOR('',#7475,1.);
#7475 = DIRECTION('',(1.,0.));
#7476 = ( GEOMETRIC_REPRESENTATION_CONTEXT(2) 
PARAMETRIC_REPRESENTATION_CONTEXT() REPRESENTATION_CONTEXT('2D SPACE',''
  ) );
#7477 = PCURVE('',#5845,#7478);
#7478 = DEFINITIONAL_REPRESENTATION('',(#7479),#7483);
#7479 = B_SPLINE_CURVE_WITH_KNOTS('',2,(#7480,#7481,#7482),
  .UNSPECIFIED.,.F.,.F.,(3,3),(0.,1.),.PIECEWISE_BEZIER_KNOTS.);
#7480 = CARTESIAN_POINT('',(0.33760546875,0.235366699219));
#7481 = CARTESIAN_POINT('',(0.297580078125,0.193166015625));
#7482 = CARTESIAN_POINT('',(0.2714765625,0.150530273438));
#7483 = ( GEOMETRIC_REPRESENTATION_CONTEXT(2) 
PARAMETRIC_REPRESENTATION_CONTEXT() REPRESENTATION_CONTEXT('2D SPACE',''
  ) );
#7484 = ORIENTED_EDGE('',*,*,#5792,.F.);
#7485 = ORIENTED_EDGE('',*,*,#7486,.F.);
#7486 = EDGE_CURVE('',#7417,#5793,#7487,.T.);
#7487 = SURFACE_CURVE('',#7488,(#7492,#7499),.PCURVE_S1.);
#7488 = B_SPLINE_CURVE_WITH_KNOTS('',2,(#7489,#7490,#7491),
  .UNSPECIFIED.,.F.,.F.,(3,3),(0.,1.),.PIECEWISE_BEZIER_KNOTS.);
#7489 = CARTESIAN_POINT('',(0.981057128906,-0.353267578125,4.79));
#7490 = CARTESIAN_POINT('',(0.941031738281,-0.395468261719,4.79));
#7491 = CARTESIAN_POINT('',(0.914928222656,-0.438104003906,4.79));
#7492 = PCURVE('',#5815,#7493);
#7493 = DEFINITIONAL_REPRESENTATION('',(#7494),#7498);
#7494 = LINE('',#7495,#7496);
#7495 = CARTESIAN_POINT('',(0.,0.));
#7496 = VECTOR('',#7497,1.);
#7497 = DIRECTION('',(1.,0.));
#7498 = ( GEOMETRIC_REPRESENTATION_CONTEXT(2) 
PARAMETRIC_REPRESENTATION_CONTEXT() REPRESENTATION_CONTEXT('2D SPACE',''
  ) );
#7499 = PCURVE('',#5899,#7500);
#7500 = DEFINITIONAL_REPRESENTATION('',(#7501),#7505);
#7501 = B_SPLINE_CURVE_WITH_KNOTS('',2,(#7502,#7503,#7504),
  .UNSPECIFIED.,.F.,.F.,(3,3),(0.,1.),.PIECEWISE_BEZIER_KNOTS.);
#7502 = CARTESIAN_POINT('',(0.33760546875,0.235366699219));
#7503 = CARTESIAN_POINT('',(0.297580078125,0.193166015625));
#7504 = CARTESIAN_POINT('',(0.2714765625,0.150530273438));
#7505 = ( GEOMETRIC_REPRESENTATION_CONTEXT(2) 
PARAMETRIC_REPRESENTATION_CONTEXT() REPRESENTATION_CONTEXT('2D SPACE',''
  ) );
#7506 = ADVANCED_FACE('',(#7507),#5899,.F.);
#7507 = FACE_BOUND('',#7508,.T.);
#7508 = EDGE_LOOP('',(#7509,#7510,#7511,#7512,#7513,#7514,#7515,#7516,
    #7517,#7518,#7519,#7520,#7521,#7522,#7523,#7524,#7525,#7526,#7527,
    #7528,#7529,#7530));
#7509 = ORIENTED_EDGE('',*,*,#5885,.T.);
#7510 = ORIENTED_EDGE('',*,*,#5966,.T.);
#7511 = ORIENTED_EDGE('',*,*,#6044,.T.);
#7512 = ORIENTED_EDGE('',*,*,#6122,.T.);
#7513 = ORIENTED_EDGE('',*,*,#6200,.T.);
#7514 = ORIENTED_EDGE('',*,*,#6278,.T.);
#7515 = ORIENTED_EDGE('',*,*,#6356,.T.);
#7516 = ORIENTED_EDGE('',*,*,#6434,.T.);
#7517 = ORIENTED_EDGE('',*,*,#6512,.T.);
#7518 = ORIENTED_EDGE('',*,*,#6590,.T.);
#7519 = ORIENTED_EDGE('',*,*,#6668,.T.);
#7520 = ORIENTED_EDGE('',*,*,#6744,.T.);
#7521 = ORIENTED_EDGE('',*,*,#6822,.T.);
#7522 = ORIENTED_EDGE('',*,*,#6900,.T.);
#7523 = ORIENTED_EDGE('',*,*,#6978,.T.);
#7524 = ORIENTED_EDGE('',*,*,#7056,.T.);
#7525 = ORIENTED_EDGE('',*,*,#7134,.T.);
#7526 = ORIENTED_EDGE('',*,*,#7212,.T.);
#7527 = ORIENTED_EDGE('',*,*,#7290,.T.);
#7528 = ORIENTED_EDGE('',*,*,#7368,.T.);
#7529 = ORIENTED_EDGE('',*,*,#7439,.T.);
#7530 = ORIENTED_EDGE('',*,*,#7486,.T.);
#7531 = ADVANCED_FACE('',(#7532),#5845,.T.);
#7532 = FACE_BOUND('',#7533,.F.);
#7533 = EDGE_LOOP('',(#7534,#7535,#7536,#7537,#7538,#7539,#7540,#7541,
    #7542,#7543,#7544,#7545,#7546,#7547,#7548,#7549,#7550,#7551,#7552,
    #7553,#7554,#7555));
#7534 = ORIENTED_EDGE('',*,*,#5829,.T.);
#7535 = ORIENTED_EDGE('',*,*,#5915,.T.);
#7536 = ORIENTED_EDGE('',*,*,#5991,.T.);
#7537 = ORIENTED_EDGE('',*,*,#6069,.T.);
#7538 = ORIENTED_EDGE('',*,*,#6147,.T.);
#7539 = ORIENTED_EDGE('',*,*,#6225,.T.);
#7540 = ORIENTED_EDGE('',*,*,#6303,.T.);
#7541 = ORIENTED_EDGE('',*,*,#6381,.T.);
#7542 = ORIENTED_EDGE('',*,*,#6459,.T.);
#7543 = ORIENTED_EDGE('',*,*,#6537,.T.);
#7544 = ORIENTED_EDGE('',*,*,#6615,.T.);
#7545 = ORIENTED_EDGE('',*,*,#6693,.T.);
#7546 = ORIENTED_EDGE('',*,*,#6769,.T.);
#7547 = ORIENTED_EDGE('',*,*,#6847,.T.);
#7548 = ORIENTED_EDGE('',*,*,#6925,.T.);
#7549 = ORIENTED_EDGE('',*,*,#7003,.T.);
#7550 = ORIENTED_EDGE('',*,*,#7081,.T.);
#7551 = ORIENTED_EDGE('',*,*,#7159,.T.);
#7552 = ORIENTED_EDGE('',*,*,#7237,.T.);
#7553 = ORIENTED_EDGE('',*,*,#7315,.T.);
#7554 = ORIENTED_EDGE('',*,*,#7393,.T.);
#7555 = ORIENTED_EDGE('',*,*,#7464,.T.);
#7556 = ( GEOMETRIC_REPRESENTATION_CONTEXT(3) 
GLOBAL_UNCERTAINTY_ASSIGNED_CONTEXT((#7560)) 
GLOBAL_UNIT_ASSIGNED_CONTEXT((#7557,#7558,#7559)) REPRESENTATION_CONTEXT
('Context #1','3D Context with UNIT and UNCERTAINTY') );
#7557 = ( LENGTH_UNIT() NAMED_UNIT(*) SI_UNIT(.MILLI.,.METRE.) );
#7558 = ( NAMED_UNIT(*) PLANE_ANGLE_UNIT() SI_UNIT($,.RADIAN.) );
#7559 = ( NAMED_UNIT(*) SI_UNIT($,.STERADIAN.) SOLID_ANGLE_UNIT() );
#7560 = UNCERTAINTY_MEASURE_WITH_UNIT(LENGTH_MEASURE(1.E-07),#7557,
  'distance_accuracy_value','confusion accuracy');
#7561 = CONTEXT_DEPENDENT_SHAPE_REPRESENTATION(#7562,#7564);
#7562 = ( REPRESENTATION_RELATIONSHIP('','',#1855,#10) 
REPRESENTATION_RELATIONSHIP_WITH_TRANSFORMATION(#7563) 
SHAPE_REPRESENTATION_RELATIONSHIP() );
#7563 = ITEM_DEFINED_TRANSFORMATION('','',#11,#27);
#7564 = PRODUCT_DEFINITION_SHAPE('Placement','Placement of an item',
  #7565);
#7565 = NEXT_ASSEMBLY_USAGE_OCCURRENCE('19','top_marking','',#5,#1850,$
  );
#7566 = PRODUCT_RELATED_PRODUCT_CATEGORY('part',$,(#1852));
#7567 = MECHANICAL_DESIGN_GEOMETRIC_PRESENTATION_REPRESENTATION('',(
    #7568),#1488);
#7568 = STYLED_ITEM('color',(#7569),#1158);
#7569 = PRESENTATION_STYLE_ASSIGNMENT((#7570));
#7570 = SURFACE_STYLE_USAGE(.BOTH.,#7571);
#7571 = SURFACE_SIDE_STYLE('',(#7572));
#7572 = SURFACE_STYLE_FILL_AREA(#7573);
#7573 = FILL_AREA_STYLE('',(#7574));
#7574 = FILL_AREA_STYLE_COLOUR('',#7575);
#7575 = COLOUR_RGB('',0.720000003324,0.729999995167,0.740000011925);
#7576 = MECHANICAL_DESIGN_GEOMETRIC_PRESENTATION_REPRESENTATION('',(
    #7577),#1837);
#7577 = STYLED_ITEM('color',(#7578),#1507);
#7578 = PRESENTATION_STYLE_ASSIGNMENT((#7579));
#7579 = SURFACE_STYLE_USAGE(.BOTH.,#7580);
#7580 = SURFACE_SIDE_STYLE('',(#7581));
#7581 = SURFACE_STYLE_FILL_AREA(#7582);
#7582 = FILL_AREA_STYLE('',(#7583));
#7583 = FILL_AREA_STYLE_COLOUR('',#7575);
#7584 = MECHANICAL_DESIGN_GEOMETRIC_PRESENTATION_REPRESENTATION('',(
    #7585),#1139);
#7585 = STYLED_ITEM('color',(#7586),#45);
#7586 = PRESENTATION_STYLE_ASSIGNMENT((#7587));
#7587 = SURFACE_STYLE_USAGE(.BOTH.,#7588);
#7588 = SURFACE_SIDE_STYLE('',(#7589));
#7589 = SURFACE_STYLE_FILL_AREA(#7590);
#7590 = FILL_AREA_STYLE('',(#7591));
#7591 = FILL_AREA_STYLE_COLOUR('',#7592);
#7592 = COLOUR_RGB('',0.1599999992,0.1599999992,0.170000001676);
#7593 = MECHANICAL_DESIGN_GEOMETRIC_PRESENTATION_REPRESENTATION('',(
    #7594,#7602,#7609),#7556);
#7594 = STYLED_ITEM('color',(#7595),#1856);
#7595 = PRESENTATION_STYLE_ASSIGNMENT((#7596));
#7596 = SURFACE_STYLE_USAGE(.BOTH.,#7597);
#7597 = SURFACE_SIDE_STYLE('',(#7598));
#7598 = SURFACE_STYLE_FILL_AREA(#7599);
#7599 = FILL_AREA_STYLE('',(#7600));
#7600 = FILL_AREA_STYLE_COLOUR('',#7601);
#7601 = COLOUR_RGB('',0.720000003324,0.720000003324,0.679999990811);
#7602 = STYLED_ITEM('color',(#7603),#3626);
#7603 = PRESENTATION_STYLE_ASSIGNMENT((#7604));
#7604 = SURFACE_STYLE_USAGE(.BOTH.,#7605);
#7605 = SURFACE_SIDE_STYLE('',(#7606));
#7606 = SURFACE_STYLE_FILL_AREA(#7607);
#7607 = FILL_AREA_STYLE('',(#7608));
#7608 = FILL_AREA_STYLE_COLOUR('',#7601);
#7609 = STYLED_ITEM('color',(#7610),#5786);
#7610 = PRESENTATION_STYLE_ASSIGNMENT((#7611));
#7611 = SURFACE_STYLE_USAGE(.BOTH.,#7612);
#7612 = SURFACE_SIDE_STYLE('',(#7613));
#7613 = SURFACE_STYLE_FILL_AREA(#7614);
#7614 = FILL_AREA_STYLE('',(#7615));
#7615 = FILL_AREA_STYLE_COLOUR('',#7601);
ENDSEC;
END-ISO-10303-21;
