#VRML V2.0 utf8
Shape {
  appearance Appearance { material Material { diffuseColor 0.68 0.70 0.72 specularColor 0.35 0.35 0.35 shininess 0.55 } }
  geometry IndexedFaceSet {
    solid FALSE
    coord Coordinate { point [
      -0.79724412 0.52165353 0.039370078,
      -0.91535433 0.40354331 0.039370078,
      -0.79724412 0.52165353 0,
      -0.91535433 0.40354331 0,
      -0.91535433 -0.52165353 0,
      -0.91535433 0.40354331 0,
      -0.91535433 -0.52165353 0.039370078,
      -0.91535433 0.40354331 0.039370078,
      -0.98425195 0.59055119 0.039370078,
      -0.98425195 -0.59055119 0.039370078,
      0.98425195 -0.59055119 0.039370078,
      0.98425195 0.59055119 0.039370078,
      0.91535433 0.52165353 0.039370078,
      0.91535433 -0.52165353 0.039370078,
      0.31299213 -0.52165353 0.039370078,
      0.31299213 0.52165353 0.039370078,
      -0.91535433 -0.52165353 0.039370078,
      -0.91535433 0.40354331 0.039370078,
      -0.79724412 0.52165353 0.039370078,
      0.15551181 0.52165353 0.039370078,
      0.15551181 -0.52165353 0.039370078,
      -0.98425195 -0.59055119 0.039370078,
      -0.98425195 -0.59055119 0.078740155,
      -0.98425195 0.59055119 0.078740155,
      -0.98425195 0.59055119 0.039370078,
      -0.98425195 0.59055119 0.039370078,
      -0.98425195 0.59055119 0.078740155,
      0.98425195 0.59055119 0.078740155,
      0.98425195 0.59055119 0.039370078,
      0.98425195 0.59055119 0.039370078,
      0.98425195 0.59055119 0.078740155,
      0.98425195 -0.59055119 0.078740155,
      0.98425195 -0.59055119 0.039370078,
      0.98425195 -0.59055119 0.039370078,
      0.98425195 -0.59055119 0.078740155,
      -0.98425195 -0.59055119 0.078740155,
      -0.98425195 -0.59055119 0.039370078,
      -0.98425195 -0.59055119 0.078740155,
      0.98425195 -0.59055119 0.078740155,
      0.98425195 0.59055119 0.078740155,
      -0.98425195 0.59055119 0.078740155,
      0.91535433 -0.52165353 0.039370078,
      0.91535433 -0.52165353 0,
      0.91535433 0.52165353 0,
      0.91535433 0.52165353 0.039370078,
      0.91535433 0.52165353 0.039370078,
      0.91535433 0.52165353 0,
      0.31299213 0.52165353 0,
      0.31299213 0.52165353 0.039370078,
      0.31299213 0.52165353 0.039370078,
      0.31299213 0.52165353 0,
      0.31299213 -0.52165353 0,
      0.31299213 -0.52165353 0.039370078,
      0.31299213 -0.52165353 0.039370078,
      0.31299213 -0.52165353 0,
      0.91535433 -0.52165353 0,
      0.91535433 -0.52165353 0.039370078,
      0.91535433 -0.52165353 0,
      0.31299213 -0.52165353 0,
      0.31299213 0.52165353 0,
      0.91535433 0.52165353 0,
      -0.79724412 0.52165353 0.039370078,
      0.15551181 0.52165353 0.039370078,
      0.15551181 0.52165353 0,
      -0.79724412 0.52165353 0,
      -0.79724412 0.52165353 0,
      0.15551181 0.52165353 0,
      0.15551181 -0.52165353 0,
      -0.91535433 -0.52165353 0,
      -0.91535433 0.40354331 0,
      -0.91535433 -0.52165353 0.039370078,
      -0.91535433 -0.52165353 0,
      0.15551181 -0.52165353 0,
      0.15551181 -0.52165353 0.039370078,
      0.15551181 -0.52165353 0.039370078,
      0.15551181 -0.52165353 0,
      0.15551181 0.52165353 0,
      0.15551181 0.52165353 0.039370078,
      1.0826772 -0.47244097 0.078740155,
      1.0826772 -0.47244097 0,
      1.0433071 -0.43307086 0.078740155,
      1.0439052 -0.43990742 0.078740155,
      1.0456814 -0.44653622 0.078740155,
      1.0485817 -0.45275592 0.078740155,
      1.0525179 -0.45837745 0.078740155,
      1.0573706 -0.46323009 0.078740155,
      1.0629922 -0.46716634 0.078740155,
      1.0692118 -0.47006664 0.078740155,
      1.0758406 -0.4718428 0.078740155,
      1.0433071 -0.43307086 0,
      1.0439052 -0.43990742 0,
      1.0456814 -0.44653622 0,
      1.0485817 -0.45275592 0,
      1.0525179 -0.45837745 0,
      1.0573706 -0.46323009 0,
      1.0629922 -0.46716634 0,
      1.0692118 -0.47006664 0,
      1.0758406 -0.4718428 0,
      1.0433071 -0.43307086 0,
      1.0439052 -0.43990742 0,
      1.0456814 -0.44653622 0,
      1.0485817 -0.45275592 0,
      1.0525179 -0.45837745 0,
      1.0573706 -0.46323009 0,
      1.0629922 -0.46716634 0,
      1.0692118 -0.47006664 0,
      1.0758406 -0.4718428 0,
      1.0826772 -0.47244097 0,
      1.1811024 -0.47244097 0,
      1.1811024 -0.39370081 0,
      1.1220473 -0.39370081 0,
      1.1220473 -0.29527559 0,
      1.1811024 -0.29527559 0,
      1.1811024 -0.21653543 0,
      1.1220473 -0.21653543 0,
      1.1220473 -0.11811024 0,
      1.1811024 -0.11811024 0,
      1.1811024 -0.039370078 0,
      1.0826772 -0.039370078 0,
      1.0433071 -0.078740155 0,
      1.0439052 -0.071903614 0,
      1.0456814 -0.065274799 0,
      1.0485817 -0.059055121 0,
      1.0525179 -0.053433561 0,
      1.0573706 -0.048580927 0,
      1.0629922 -0.044644669 0,
      1.0692118 -0.041744386 0,
      1.0758406 -0.039968199 0,
      1.1811024 -0.47244097 0,
      1.1811024 -0.47244097 0.078740155,
      1.0826772 -0.47244097 0.078740155,
      1.0826772 -0.47244097 0,
      1.0826772 -0.47244097 0.078740155,
      1.1811024 -0.47244097 0.078740155,
      1.1811024 -0.39370081 0.078740155,
      1.1220473 -0.39370081 0.078740155,
      1.1220473 -0.29527559 0.078740155,
      1.1811024 -0.29527559 0.078740155,
      1.1811024 -0.21653543 0.078740155,
      1.1220473 -0.21653543 0.078740155,
      1.1220473 -0.11811024 0.078740155,
      1.1811024 -0.11811024 0.078740155,
      1.1811024 -0.039370078 0.078740155,
      1.0826772 -0.039370078 0.078740155,
      1.0433071 -0.078740155 0.078740155,
      1.0439052 -0.071903614 0.078740155,
      1.0456814 -0.065274799 0.078740155,
      1.0485817 -0.059055121 0.078740155,
      1.0525179 -0.053433561 0.078740155,
      1.0573706 -0.048580927 0.078740155,
      1.0629922 -0.044644669 0.078740155,
      1.0692118 -0.041744386 0.078740155,
      1.0758406 -0.039968199 0.078740155,
      1.0433071 -0.43307086 0.078740155,
      1.0439052 -0.43990742 0.078740155,
      1.0456814 -0.44653622 0.078740155,
      1.0485817 -0.45275592 0.078740155,
      1.0525179 -0.45837745 0.078740155,
      1.0573706 -0.46323009 0.078740155,
      1.0629922 -0.46716634 0.078740155,
      1.0692118 -0.47006664 0.078740155,
      1.0758406 -0.4718428 0.078740155,
      1.0433071 -0.43307086 0.078740155,
      1.0433071 -0.078740155 0.078740155,
      1.0433071 -0.078740155 0,
      1.0433071 -0.43307086 0,
      1.0433071 -0.078740155 0,
      1.0433071 -0.078740155 0.078740155,
      1.0439052 -0.071903614 0.078740155,
      1.0456814 -0.065274799 0.078740155,
      1.0485817 -0.059055121 0.078740155,
      1.0525179 -0.053433561 0.078740155,
      1.0573706 -0.048580927 0.078740155,
      1.0629922 -0.044644669 0.078740155,
      1.0692118 -0.041744386 0.078740155,
      1.0758406 -0.039968199 0.078740155,
      1.0826772 -0.039370078 0.078740155,
      1.0826772 -0.039370078 0,
      1.0439052 -0.071903614 0,
      1.0456814 -0.065274799 0,
      1.0485817 -0.059055121 0,
      1.0525179 -0.053433561 0,
      1.0573706 -0.048580927 0,
      1.0629922 -0.044644669 0,
      1.0692118 -0.041744386 0,
      1.0758406 -0.039968199 0,
      1.0826772 -0.039370078 0,
      1.0826772 -0.039370078 0.078740155,
      1.1811024 -0.039370078 0.078740155,
      1.1811024 -0.039370078 0,
      1.1811024 -0.039370078 0,
      1.1811024 -0.039370078 0.078740155,
      1.1811024 -0.11811024 0.078740155,
      1.1811024 -0.11811024 0,
      1.1811024 -0.11811024 0,
      1.1811024 -0.11811024 0.078740155,
      1.1220473 -0.11811024 0.078740155,
      1.1220473 -0.11811024 0,
      1.1220473 -0.11811024 0,
      1.1220473 -0.11811024 0.078740155,
      1.1220473 -0.21653543 0.078740155,
      1.1220473 -0.21653543 0,
      1.1220473 -0.21653543 0,
      1.1220473 -0.21653543 0.078740155,
      1.1811024 -0.21653543 0.078740155,
      1.1811024 -0.21653543 0,
      1.1811024 -0.21653543 0,
      1.1811024 -0.21653543 0.078740155,
      1.1811024 -0.29527559 0.078740155,
      1.1811024 -0.29527559 0,
      1.1811024 -0.29527559 0,
      1.1811024 -0.29527559 0.078740155,
      1.1220473 -0.29527559 0.078740155,
      1.1220473 -0.29527559 0,
      1.1220473 -0.29527559 0,
      1.1220473 -0.39370081 0,
      1.1220473 -0.29527559 0.078740155,
      1.1220473 -0.39370081 0.078740155,
      1.1811024 -0.39370081 0.078740155,
      1.1220473 -0.39370081 0.078740155,
      1.1811024 -0.39370081 0,
      1.1220473 -0.39370081 0,
      1.1811024 -0.39370081 0,
      1.1811024 -0.39370081 0.078740155,
      1.1811024 -0.47244097 0.078740155,
      1.1811024 -0.47244097 0,
      -0.98425195 0.78740161 0,
      -0.98425195 0.6889764 0,
      -0.98365383 0.68213984 0,
      -0.98187762 0.675511 0,
      -0.97897742 0.66929135 0,
      -0.97504111 0.66366977 0,
      -0.97018852 0.65881713 0,
      -0.96456694 0.65488087 0,
      -0.95834725 0.65198062 0,
      -0.95171845 0.65020441 0,
      -0.94488193 0.6496063 0,
      -0.93804533 0.65020441 0,
      -0.93141653 0.65198062 0,
      -0.92519684 0.65488087 0,
      -0.91957526 0.65881713 0,
      -0.91472267 0.66366977 0,
      -0.91078636 0.66929135 0,
      -0.90788615 0.675511 0,
      -0.90610995 0.68213984 0,
      -0.90551183 0.6889764 0,
      -0.90551183 0.78740161 0,
      -0.98425195 0.6889764 0,
      -0.98425195 0.6889764 0.078740155,
      -0.98425195 0.78740161 0.078740155,
      -0.98425195 0.78740161 0,
      -0.98425195 0.78740161 0,
      -0.98425195 0.78740161 0.078740155,
      -0.90551183 0.78740161 0.078740155,
      -0.90551183 0.78740161 0,
      -0.90551183 0.78740161 0,
      -0.90551183 0.78740161 0.078740155,
      -0.90551183 0.6889764 0.078740155,
      -0.90551183 0.6889764 0,
      -0.90551183 0.6889764 0,
      -0.90551183 0.6889764 0.078740155,
      -0.98425195 0.6889764 0.078740155,
      -0.98365383 0.68213984 0.078740155,
      -0.98187762 0.675511 0.078740155,
      -0.97897742 0.66929135 0.078740155,
      -0.97504111 0.66366977 0.078740155,
      -0.97018852 0.65881713 0.078740155,
      -0.96456694 0.65488087 0.078740155,
      -0.95834725 0.65198062 0.078740155,
      -0.95171845 0.65020441 0.078740155,
      -0.94488193 0.6496063 0.078740155,
      -0.93804533 0.65020441 0.078740155,
      -0.93141653 0.65198062 0.078740155,
      -0.92519684 0.65488087 0.078740155,
      -0.91957526 0.65881713 0.078740155,
      -0.91472267 0.66366977 0.078740155,
      -0.91078636 0.66929135 0.078740155,
      -0.90788615 0.675511 0.078740155,
      -0.90610995 0.68213984 0.078740155,
      -0.98425195 0.6889764 0,
      -0.98365383 0.68213984 0,
      -0.98187762 0.675511 0,
      -0.97897742 0.66929135 0,
      -0.97504111 0.66366977 0,
      -0.97018852 0.65881713 0,
      -0.96456694 0.65488087 0,
      -0.95834725 0.65198062 0,
      -0.95171845 0.65020441 0,
      -0.94488193 0.6496063 0,
      -0.93804533 0.65020441 0,
      -0.93141653 0.65198062 0,
      -0.92519684 0.65488087 0,
      -0.91957526 0.65881713 0,
      -0.91472267 0.66366977 0,
      -0.91078636 0.66929135 0,
      -0.90788615 0.675511 0,
      -0.90610995 0.68213984 0,
      -0.98425195 0.6889764 0.078740155,
      -0.98365383 0.68213984 0.078740155,
      -0.98187762 0.675511 0.078740155,
      -0.97897742 0.66929135 0.078740155,
      -0.97504111 0.66366977 0.078740155,
      -0.97018852 0.65881713 0.078740155,
      -0.96456694 0.65488087 0.078740155,
      -0.95834725 0.65198062 0.078740155,
      -0.95171845 0.65020441 0.078740155,
      -0.94488193 0.6496063 0.078740155,
      -0.93804533 0.65020441 0.078740155,
      -0.93141653 0.65198062 0.078740155,
      -0.92519684 0.65488087 0.078740155,
      -0.91957526 0.65881713 0.078740155,
      -0.91472267 0.66366977 0.078740155,
      -0.91078636 0.66929135 0.078740155,
      -0.90788615 0.675511 0.078740155,
      -0.90610995 0.68213984 0.078740155,
      -0.90551183 0.6889764 0.078740155,
      -0.90551183 0.78740161 0.078740155,
      -0.98425195 0.78740161 0.078740155,
      -0.82677162 0.78740161 0,
      -0.82677162 0.6889764 0,
      -0.82617351 0.68213984 0,
      -0.8243973 0.675511 0,
      -0.82149709 0.66929135 0,
      -0.81756079 0.66366977 0,
      -0.81270819 0.65881713 0,
      -0.80708662 0.65488087 0,
      -0.80086692 0.65198062 0,
      -0.79423812 0.65020441 0,
      -0.78740161 0.6496063 0,
      -0.78056501 0.65020441 0,
      -0.77393621 0.65198062 0,
      -0.76771651 0.65488087 0,
      -0.76209498 0.65881713 0,
      -0.75724234 0.66366977 0,
      -0.75330609 0.66929135 0,
      -0.75040579 0.675511 0,
      -0.74862963 0.68213984 0,
      -0.74803151 0.6889764 0,
      -0.74803151 0.78740161 0,
      -0.82677162 0.6889764 0,
      -0.82677162 0.6889764 0.078740155,
      -0.82677162 0.78740161 0.078740155,
      -0.82677162 0.78740161 0,
      -0.82677162 0.78740161 0,
      -0.82677162 0.78740161 0.078740155,
      -0.74803151 0.78740161 0.078740155,
      -0.74803151 0.78740161 0,
      -0.74803151 0.78740161 0,
      -0.74803151 0.78740161 0.078740155,
      -0.74803151 0.6889764 0.078740155,
      -0.74803151 0.6889764 0,
      -0.74803151 0.6889764 0,
      -0.74803151 0.6889764 0.078740155,
      -0.82677162 0.6889764 0.078740155,
      -0.82617351 0.68213984 0.078740155,
      -0.8243973 0.675511 0.078740155,
      -0.82149709 0.66929135 0.078740155,
      -0.81756079 0.66366977 0.078740155,
      -0.81270819 0.65881713 0.078740155,
      -0.80708662 0.65488087 0.078740155,
      -0.80086692 0.65198062 0.078740155,
      -0.79423812 0.65020441 0.078740155,
      -0.78740161 0.6496063 0.078740155,
      -0.78056501 0.65020441 0.078740155,
      -0.77393621 0.65198062 0.078740155,
      -0.76771651 0.65488087 0.078740155,
      -0.76209498 0.65881713 0.078740155,
      -0.75724234 0.66366977 0.078740155,
      -0.75330609 0.66929135 0.078740155,
      -0.75040579 0.675511 0.078740155,
      -0.74862963 0.68213984 0.078740155,
      -0.82677162 0.6889764 0,
      -0.82617351 0.68213984 0,
      -0.8243973 0.675511 0,
      -0.82149709 0.66929135 0,
      -0.81756079 0.66366977 0,
      -0.81270819 0.65881713 0,
      -0.80708662 0.65488087 0,
      -0.80086692 0.65198062 0,
      -0.79423812 0.65020441 0,
      -0.78740161 0.6496063 0,
      -0.78056501 0.65020441 0,
      -0.77393621 0.65198062 0,
      -0.76771651 0.65488087 0,
      -0.76209498 0.65881713 0,
      -0.75724234 0.66366977 0,
      -0.75330609 0.66929135 0,
      -0.75040579 0.675511 0,
      -0.74862963 0.68213984 0,
      -0.82677162 0.6889764 0.078740155,
      -0.82617351 0.68213984 0.078740155,
      -0.8243973 0.675511 0.078740155,
      -0.82149709 0.66929135 0.078740155,
      -0.81756079 0.66366977 0.078740155,
      -0.81270819 0.65881713 0.078740155,
      -0.80708662 0.65488087 0.078740155,
      -0.80086692 0.65198062 0.078740155,
      -0.79423812 0.65020441 0.078740155,
      -0.78740161 0.6496063 0.078740155,
      -0.78056501 0.65020441 0.078740155,
      -0.77393621 0.65198062 0.078740155,
      -0.76771651 0.65488087 0.078740155,
      -0.76209498 0.65881713 0.078740155,
      -0.75724234 0.66366977 0.078740155,
      -0.75330609 0.66929135 0.078740155,
      -0.75040579 0.675511 0.078740155,
      -0.74862963 0.68213984 0.078740155,
      -0.74803151 0.6889764 0.078740155,
      -0.74803151 0.78740161 0.078740155,
      -0.82677162 0.78740161 0.078740155,
      -0.66929135 0.78740161 0,
      -0.66929135 0.6889764 0,
      -0.66869323 0.68213984 0,
      -0.66691702 0.675511 0,
      -0.66401677 0.66929135 0,
      -0.66008051 0.66366977 0,
      -0.65522787 0.65881713 0,
      -0.6496063 0.65488087 0,
      -0.6433866 0.65198062 0,
      -0.6367578 0.65020441 0,
      -0.62992124 0.6496063 0,
      -0.62308473 0.65020441 0,
      -0.61645589 0.65198062 0,
      -0.61023624 0.65488087 0,
      -0.60461466 0.65881713 0,
      -0.59976202 0.66366977 0,
      -0.59582576 0.66929135 0,
      -0.59292551 0.675511 0,
      -0.5911493 0.68213984 0,
      -0.59055119 0.6889764 0,
      -0.59055119 0.78740161 0,
      -0.66929135 0.6889764 0,
      -0.66929135 0.6889764 0.078740155,
      -0.66929135 0.78740161 0.078740155,
      -0.66929135 0.78740161 0,
      -0.66929135 0.78740161 0,
      -0.66929135 0.78740161 0.078740155,
      -0.59055119 0.78740161 0.078740155,
      -0.59055119 0.78740161 0,
      -0.59055119 0.78740161 0,
      -0.59055119 0.78740161 0.078740155,
      -0.59055119 0.6889764 0.078740155,
      -0.59055119 0.6889764 0,
      -0.59055119 0.6889764 0,
      -0.59055119 0.6889764 0.078740155,
      -0.66929135 0.6889764 0.078740155,
      -0.66869323 0.68213984 0.078740155,
      -0.66691702 0.675511 0.078740155,
      -0.66401677 0.66929135 0.078740155,
      -0.66008051 0.66366977 0.078740155,
      -0.65522787 0.65881713 0.078740155,
      -0.6496063 0.65488087 0.078740155,
      -0.6433866 0.65198062 0.078740155,
      -0.6367578 0.65020441 0.078740155,
      -0.62992124 0.6496063 0.078740155,
      -0.62308473 0.65020441 0.078740155,
      -0.61645589 0.65198062 0.078740155,
      -0.61023624 0.65488087 0.078740155,
      -0.60461466 0.65881713 0.078740155,
      -0.59976202 0.66366977 0.078740155,
      -0.59582576 0.66929135 0.078740155,
      -0.59292551 0.675511 0.078740155,
      -0.5911493 0.68213984 0.078740155,
      -0.66929135 0.6889764 0,
      -0.66869323 0.68213984 0,
      -0.66691702 0.675511 0,
      -0.66401677 0.66929135 0,
      -0.66008051 0.66366977 0,
      -0.65522787 0.65881713 0,
      -0.6496063 0.65488087 0,
      -0.6433866 0.65198062 0,
      -0.6367578 0.65020441 0,
      -0.62992124 0.6496063 0,
      -0.62308473 0.65020441 0,
      -0.61645589 0.65198062 0,
      -0.61023624 0.65488087 0,
      -0.60461466 0.65881713 0,
      -0.59976202 0.66366977 0,
      -0.59582576 0.66929135 0,
      -0.59292551 0.675511 0,
      -0.5911493 0.68213984 0,
      -0.66929135 0.6889764 0.078740155,
      -0.66869323 0.68213984 0.078740155,
      -0.66691702 0.675511 0.078740155,
      -0.66401677 0.66929135 0.078740155,
      -0.66008051 0.66366977 0.078740155,
      -0.65522787 0.65881713 0.078740155,
      -0.6496063 0.65488087 0.078740155,
      -0.6433866 0.65198062 0.078740155,
      -0.6367578 0.65020441 0.078740155,
      -0.62992124 0.6496063 0.078740155,
      -0.62308473 0.65020441 0.078740155,
      -0.61645589 0.65198062 0.078740155,
      -0.61023624 0.65488087 0.078740155,
      -0.60461466 0.65881713 0.078740155,
      -0.59976202 0.66366977 0.078740155,
      -0.59582576 0.66929135 0.078740155,
      -0.59292551 0.675511 0.078740155,
      -0.5911493 0.68213984 0.078740155,
      -0.59055119 0.6889764 0.078740155,
      -0.59055119 0.78740161 0.078740155,
      -0.66929135 0.78740161 0.078740155,
      -0.43307086 0.72834646 0.078740155,
      -0.3543307 0.72834646 0.078740155,
      -0.3543307 0.72834646 0,
      -0.43307086 0.72834646 0,
      -0.43307086 0.72834646 0,
      -0.43307086 0.78740161 0,
      -0.43307086 0.78740161 0.078740155,
      -0.43307086 0.72834646 0.078740155,
      -0.43307086 0.72834646 0.078740155,
      -0.43307086 0.78740161 0.078740155,
      -0.51181103 0.78740161 0.078740155,
      -0.51181103 0.6889764 0.078740155,
      -0.51121291 0.68213984 0.078740155,
      -0.5094367 0.675511 0.078740155,
      -0.50653645 0.66929135 0.078740155,
      -0.50260019 0.66366977 0.078740155,
      -0.49774755 0.65881713 0.078740155,
      -0.49212597 0.65488087 0.078740155,
      -0.48590632 0.65198062 0.078740155,
      -0.47927748 0.65020441 0.078740155,
      -0.47244097 0.6496063 0.078740155,
      -0.31496062 0.6496063 0.078740155,
      -0.30812409 0.65020441 0.078740155,
      -0.30149527 0.65198062 0.078740155,
      -0.29527559 0.65488087 0.078740155,
      -0.28965404 0.65881713 0.078740155,
      -0.2848014 0.66366977 0.078740155,
      -0.28086514 0.66929135 0.078740155,
      -0.27796486 0.675511 0.078740155,
      -0.27618868 0.68213984 0.078740155,
      -0.27559054 0.6889764 0.078740155,
      -0.27559054 0.78740161 0.078740155,
      -0.3543307 0.78740161 0.078740155,
      -0.3543307 0.72834646 0.078740155,
      -0.3543307 0.78740161 0.078740155,
      -0.3543307 0.72834646 0.078740155,
      -0.3543307 0.78740161 0,
      -0.3543307 0.72834646 0,
      -0.31496062 0.6496063 0,
      -0.47244097 0.6496063 0,
      -0.30812409 0.65020441 0,
      -0.30149527 0.65198062 0,
      -0.29527559 0.65488087 0,
      -0.28965404 0.65881713 0,
      -0.2848014 0.66366977 0,
      -0.28086514 0.66929135 0,
      -0.27796486 0.675511 0,
      -0.27618868 0.68213984 0,
      -0.27559054 0.6889764 0,
      -0.27559054 0.78740161 0,
      -0.3543307 0.78740161 0,
      -0.3543307 0.72834646 0,
      -0.43307086 0.72834646 0,
      -0.43307086 0.78740161 0,
      -0.51181103 0.78740161 0,
      -0.51181103 0.6889764 0,
      -0.51121291 0.68213984 0,
      -0.5094367 0.675511 0,
      -0.50653645 0.66929135 0,
      -0.50260019 0.66366977 0,
      -0.49774755 0.65881713 0,
      -0.49212597 0.65488087 0,
      -0.48590632 0.65198062 0,
      -0.47927748 0.65020441 0,
      -0.31496062 0.6496063 0,
      -0.47244097 0.6496063 0,
      -0.31496062 0.6496063 0.078740155,
      -0.47244097 0.6496063 0.078740155,
      -0.51181103 0.6889764 0.078740155,
      -0.51121291 0.68213984 0.078740155,
      -0.5094367 0.675511 0.078740155,
      -0.50653645 0.66929135 0.078740155,
      -0.50260019 0.66366977 0.078740155,
      -0.49774755 0.65881713 0.078740155,
      -0.49212597 0.65488087 0.078740155,
      -0.48590632 0.65198062 0.078740155,
      -0.47927748 0.65020441 0.078740155,
      -0.47244097 0.6496063 0.078740155,
      -0.51181103 0.6889764 0,
      -0.51121291 0.68213984 0,
      -0.5094367 0.675511 0,
      -0.50653645 0.66929135 0,
      -0.50260019 0.66366977 0,
      -0.49774755 0.65881713 0,
      -0.49212597 0.65488087 0,
      -0.48590632 0.65198062 0,
      -0.47927748 0.65020441 0,
      -0.47244097 0.6496063 0,
      -0.51181103 0.6889764 0,
      -0.51181103 0.6889764 0.078740155,
      -0.51181103 0.78740161 0.078740155,
      -0.51181103 0.78740161 0,
      -0.51181103 0.78740161 0,
      -0.51181103 0.78740161 0.078740155,
      -0.43307086 0.78740161 0.078740155,
      -0.43307086 0.78740161 0,
      -0.31496062 0.6496063 0,
      -0.30812409 0.65020441 0,
      -0.30149527 0.65198062 0,
      -0.29527559 0.65488087 0,
      -0.28965404 0.65881713 0,
      -0.2848014 0.66366977 0,
      -0.28086514 0.66929135 0,
      -0.27796486 0.675511 0,
      -0.27618868 0.68213984 0,
      -0.27559054 0.6889764 0,
      -0.27559054 0.6889764 0.078740155,
      -0.31496062 0.6496063 0.078740155,
      -0.30812409 0.65020441 0.078740155,
      -0.30149527 0.65198062 0.078740155,
      -0.29527559 0.65488087 0.078740155,
      -0.28965404 0.65881713 0.078740155,
      -0.2848014 0.66366977 0.078740155,
      -0.28086514 0.66929135 0.078740155,
      -0.27796486 0.675511 0.078740155,
      -0.27618868 0.68213984 0.078740155,
      -0.27559054 0.78740161 0,
      -0.27559054 0.78740161 0.078740155,
      -0.27559054 0.6889764 0.078740155,
      -0.27559054 0.6889764 0,
      -0.3543307 0.78740161 0,
      -0.3543307 0.78740161 0.078740155,
      -0.27559054 0.78740161 0.078740155,
      -0.27559054 0.78740161 0,
      -0.11811024 0.72834646 0.078740155,
      -0.039370078 0.72834646 0.078740155,
      -0.039370078 0.72834646 0,
      -0.11811024 0.72834646 0,
      -0.11811024 0.72834646 0,
      -0.11811024 0.78740161 0,
      -0.11811024 0.78740161 0.078740155,
      -0.11811024 0.72834646 0.078740155,
      -0.11811024 0.72834646 0.078740155,
      -0.11811024 0.78740161 0.078740155,
      -0.1968504 0.78740161 0.078740155,
      -0.1968504 0.6889764 0.078740155,
      -0.19625228 0.68213984 0.078740155,
      -0.19447608 0.675511 0.078740155,
      -0.1915758 0.66929135 0.078740155,
      -0.18763954 0.66366977 0.078740155,
      -0.18278692 0.65881713 0.078740155,
      -0.17716535 0.65488087 0.078740155,
      -0.17094568 0.65198062 0.078740155,
      -0.16431686 0.65020441 0.078740155,
      -0.15748031 0.6496063 0.078740155,
      0 0.6496063 0.078740155,
      0.0061588374 0.65009102 0.078740155,
      0.012166023 0.6515332 0.078740155,
      0.017873642 0.65389739 0.078740155,
      0.023141152 0.6571253 0.078740155,
      0.027838851 0.66113751 0.078740155,
      0.031851063 0.66583523 0.078740155,
      0.035078996 0.67110275 0.078740155,
      0.037443169 0.67681036 0.078740155,
      0.038885367 0.68281752 0.078740155,
      0.039370078 0.6889764 0.078740155,
      0.039370078 0.78740161 0.078740155,
      -0.039370078 0.78740161 0.078740155,
      -0.039370078 0.72834646 0.078740155,
      -0.039370078 0.78740161 0.078740155,
      -0.039370078 0.72834646 0.078740155,
      -0.039370078 0.78740161 0,
      -0.039370078 0.72834646 0,
      0 0.6496063 0,
      -0.15748031 0.6496063 0,
      0.0061588374 0.65009102 0,
      0.012166023 0.6515332 0,
      0.017873642 0.65389739 0,
      0.023141152 0.6571253 0,
      0.027838851 0.66113751 0,
      0.031851063 0.66583523 0,
      0.035078996 0.67110275 0,
      0.037443169 0.67681036 0,
      0.038885367 0.68281752 0,
      0.039370078 0.6889764 0,
      0.039370078 0.78740161 0,
      -0.039370078 0.78740161 0,
      -0.039370078 0.72834646 0,
      -0.11811024 0.72834646 0,
      -0.11811024 0.78740161 0,
      -0.1968504 0.78740161 0,
      -0.1968504 0.6889764 0,
      -0.19625228 0.68213984 0,
      -0.19447608 0.675511 0,
      -0.1915758 0.66929135 0,
      -0.18763954 0.66366977 0,
      -0.18278692 0.65881713 0,
      -0.17716535 0.65488087 0,
      -0.17094568 0.65198062 0,
      -0.16431686 0.65020441 0,
      0 0.6496063 0,
      -0.15748031 0.6496063 0,
      0 0.6496063 0.078740155,
      -0.15748031 0.6496063 0.078740155,
      -0.1968504 0.6889764 0.078740155,
      -0.19625228 0.68213984 0.078740155,
      -0.19447608 0.675511 0.078740155,
      -0.1915758 0.66929135 0.078740155,
      -0.18763954 0.66366977 0.078740155,
      -0.18278692 0.65881713 0.078740155,
      -0.17716535 0.65488087 0.078740155,
      -0.17094568 0.65198062 0.078740155,
      -0.16431686 0.65020441 0.078740155,
      -0.15748031 0.6496063 0.078740155,
      -0.1968504 0.6889764 0,
      -0.19625228 0.68213984 0,
      -0.19447608 0.675511 0,
      -0.1915758 0.66929135 0,
      -0.18763954 0.66366977 0,
      -0.18278692 0.65881713 0,
      -0.17716535 0.65488087 0,
      -0.17094568 0.65198062 0,
      -0.16431686 0.65020441 0,
      -0.15748031 0.6496063 0,
      -0.1968504 0.6889764 0,
      -0.1968504 0.6889764 0.078740155,
      -0.1968504 0.78740161 0.078740155,
      -0.1968504 0.78740161 0,
      -0.1968504 0.78740161 0,
      -0.1968504 0.78740161 0.078740155,
      -0.11811024 0.78740161 0.078740155,
      -0.11811024 0.78740161 0,
      0 0.6496063 0,
      0.0061588374 0.65009102 0,
      0.012166023 0.6515332 0,
      0.017873642 0.65389739 0,
      0.023141152 0.6571253 0,
      0.027838851 0.66113751 0,
      0.031851063 0.66583523 0,
      0.035078996 0.67110275 0,
      0.037443169 0.67681036 0,
      0.038885367 0.68281752 0,
      0.039370078 0.6889764 0,
      0.039370078 0.6889764 0.078740155,
      0 0.6496063 0.078740155,
      0.0061588374 0.65009102 0.078740155,
      0.012166023 0.6515332 0.078740155,
      0.017873642 0.65389739 0.078740155,
      0.023141152 0.6571253 0.078740155,
      0.027838851 0.66113751 0.078740155,
      0.031851063 0.66583523 0.078740155,
      0.035078996 0.67110275 0.078740155,
      0.037443169 0.67681036 0.078740155,
      0.038885367 0.68281752 0.078740155,
      0.039370078 0.78740161 0,
      0.039370078 0.78740161 0.078740155,
      0.039370078 0.6889764 0.078740155,
      0.039370078 0.6889764 0,
      -0.039370078 0.78740161 0,
      -0.039370078 0.78740161 0.078740155,
      0.039370078 0.78740161 0.078740155,
      0.039370078 0.78740161 0,
      0.11811024 0.78740161 0,
      0.11811024 0.6889764 0,
      0.11870836 0.68213984 0,
      0.12048454 0.675511 0,
      0.12338483 0.66929135 0,
      0.12732109 0.66366977 0,
      0.13217372 0.65881713 0,
      0.13779527 0.65488087 0,
      0.14401495 0.65198062 0,
      0.15064378 0.65020441 0,
      0.15748031 0.6496063 0,
      0.16431686 0.65020441 0,
      0.17094568 0.65198062 0,
      0.17716535 0.65488087 0,
      0.18278692 0.65881713 0,
      0.18763954 0.66366977 0,
      0.1915758 0.66929135 0,
      0.19447608 0.675511 0,
      0.19625228 0.68213984 0,
      0.1968504 0.6889764 0,
      0.1968504 0.78740161 0,
      0.11811024 0.6889764 0,
      0.11811024 0.6889764 0.078740155,
      0.11811024 0.78740161 0.078740155,
      0.11811024 0.78740161 0,
      0.11811024 0.78740161 0,
      0.11811024 0.78740161 0.078740155,
      0.1968504 0.78740161 0.078740155,
      0.1968504 0.78740161 0,
      0.1968504 0.78740161 0,
      0.1968504 0.78740161 0.078740155,
      0.1968504 0.6889764 0.078740155,
      0.1968504 0.6889764 0,
      0.1968504 0.6889764 0,
      0.1968504 0.6889764 0.078740155,
      0.11811024 0.6889764 0.078740155,
      0.11870836 0.68213984 0.078740155,
      0.12048454 0.675511 0.078740155,
      0.12338483 0.66929135 0.078740155,
      0.12732109 0.66366977 0.078740155,
      0.13217372 0.65881713 0.078740155,
      0.13779527 0.65488087 0.078740155,
      0.14401495 0.65198062 0.078740155,
      0.15064378 0.65020441 0.078740155,
      0.15748031 0.6496063 0.078740155,
      0.16431686 0.65020441 0.078740155,
      0.17094568 0.65198062 0.078740155,
      0.17716535 0.65488087 0.078740155,
      0.18278692 0.65881713 0.078740155,
      0.18763954 0.66366977 0.078740155,
      0.1915758 0.66929135 0.078740155,
      0.19447608 0.675511 0.078740155,
      0.19625228 0.68213984 0.078740155,
      0.11811024 0.6889764 0,
      0.11870836 0.68213984 0,
      0.12048454 0.675511 0,
      0.12338483 0.66929135 0,
      0.12732109 0.66366977 0,
      0.13217372 0.65881713 0,
      0.13779527 0.65488087 0,
      0.14401495 0.65198062 0,
      0.15064378 0.65020441 0,
      0.15748031 0.6496063 0,
      0.16431686 0.65020441 0,
      0.17094568 0.65198062 0,
      0.17716535 0.65488087 0,
      0.18278692 0.65881713 0,
      0.18763954 0.66366977 0,
      0.1915758 0.66929135 0,
      0.19447608 0.675511 0,
      0.19625228 0.68213984 0,
      0.11811024 0.6889764 0.078740155,
      0.11870836 0.68213984 0.078740155,
      0.12048454 0.675511 0.078740155,
      0.12338483 0.66929135 0.078740155,
      0.12732109 0.66366977 0.078740155,
      0.13217372 0.65881713 0.078740155,
      0.13779527 0.65488087 0.078740155,
      0.14401495 0.65198062 0.078740155,
      0.15064378 0.65020441 0.078740155,
      0.15748031 0.6496063 0.078740155,
      0.16431686 0.65020441 0.078740155,
      0.17094568 0.65198062 0.078740155,
      0.17716535 0.65488087 0.078740155,
      0.18278692 0.65881713 0.078740155,
      0.18763954 0.66366977 0.078740155,
      0.1915758 0.66929135 0.078740155,
      0.19447608 0.675511 0.078740155,
      0.19625228 0.68213984 0.078740155,
      0.1968504 0.6889764 0.078740155,
      0.1968504 0.78740161 0.078740155,
      0.11811024 0.78740161 0.078740155,
      -0.98425195 -0.6889764 0,
      -0.98365383 -0.68213984 0,
      -0.98187762 -0.675511 0,
      -0.97897742 -0.66929135 0,
      -0.97504111 -0.66366977 0,
      -0.97018852 -0.65881713 0,
      -0.96456694 -0.65488087 0,
      -0.95834725 -0.65198062 0,
      -0.95171845 -0.65020441 0,
      -0.94488193 -0.6496063 0,
      -0.93804533 -0.65020441 0,
      -0.93141653 -0.65198062 0,
      -0.92519684 -0.65488087 0,
      -0.91957526 -0.65881713 0,
      -0.91472267 -0.66366977 0,
      -0.91078636 -0.66929135 0,
      -0.90788615 -0.675511 0,
      -0.90610995 -0.68213984 0,
      -0.90551183 -0.6889764 0,
      -0.90551183 -0.78740161 0,
      -0.98425195 -0.78740161 0,
      -0.98425195 -0.78740161 0,
      -0.98425195 -0.6889764 0,
      -0.98425195 -0.6889764 0.078740155,
      -0.98425195 -0.78740161 0.078740155,
      -0.98425195 -0.6889764 0,
      -0.98425195 -0.6889764 0.078740155,
      -0.98365383 -0.68213984 0.078740155,
      -0.98187762 -0.675511 0.078740155,
      -0.97897742 -0.66929135 0.078740155,
      -0.97504111 -0.66366977 0.078740155,
      -0.97018852 -0.65881713 0.078740155,
      -0.96456694 -0.65488087 0.078740155,
      -0.95834725 -0.65198062 0.078740155,
      -0.95171845 -0.65020441 0.078740155,
      -0.94488193 -0.6496063 0.078740155,
      -0.93804533 -0.65020441 0.078740155,
      -0.93141653 -0.65198062 0.078740155,
      -0.92519684 -0.65488087 0.078740155,
      -0.91957526 -0.65881713 0.078740155,
      -0.91472267 -0.66366977 0.078740155,
      -0.91078636 -0.66929135 0.078740155,
      -0.90788615 -0.675511 0.078740155,
      -0.90610995 -0.68213984 0.078740155,
      -0.90551183 -0.6889764 0.078740155,
      -0.90551183 -0.6889764 0,
      -0.98365383 -0.68213984 0,
      -0.98187762 -0.675511 0,
      -0.97897742 -0.66929135 0,
      -0.97504111 -0.66366977 0,
      -0.97018852 -0.65881713 0,
      -0.96456694 -0.65488087 0,
      -0.95834725 -0.65198062 0,
      -0.95171845 -0.65020441 0,
      -0.94488193 -0.6496063 0,
      -0.93804533 -0.65020441 0,
      -0.93141653 -0.65198062 0,
      -0.92519684 -0.65488087 0,
      -0.91957526 -0.65881713 0,
      -0.91472267 -0.66366977 0,
      -0.91078636 -0.66929135 0,
      -0.90788615 -0.675511 0,
      -0.90610995 -0.68213984 0,
      -0.90551183 -0.6889764 0,
      -0.90551183 -0.78740161 0,
      -0.90551183 -0.78740161 0.078740155,
      -0.90551183 -0.6889764 0.078740155,
      -0.90551183 -0.78740161 0,
      -0.98425195 -0.78740161 0,
      -0.98425195 -0.78740161 0.078740155,
      -0.90551183 -0.78740161 0.078740155,
      -0.98425195 -0.78740161 0.078740155,
      -0.98425195 -0.6889764 0.078740155,
      -0.98365383 -0.68213984 0.078740155,
      -0.98187762 -0.675511 0.078740155,
      -0.97897742 -0.66929135 0.078740155,
      -0.97504111 -0.66366977 0.078740155,
      -0.97018852 -0.65881713 0.078740155,
      -0.96456694 -0.65488087 0.078740155,
      -0.95834725 -0.65198062 0.078740155,
      -0.95171845 -0.65020441 0.078740155,
      -0.94488193 -0.6496063 0.078740155,
      -0.93804533 -0.65020441 0.078740155,
      -0.93141653 -0.65198062 0.078740155,
      -0.92519684 -0.65488087 0.078740155,
      -0.91957526 -0.65881713 0.078740155,
      -0.91472267 -0.66366977 0.078740155,
      -0.91078636 -0.66929135 0.078740155,
      -0.90788615 -0.675511 0.078740155,
      -0.90610995 -0.68213984 0.078740155,
      -0.90551183 -0.6889764 0.078740155,
      -0.90551183 -0.78740161 0.078740155,
      -0.82677162 -0.6889764 0,
      -0.82617351 -0.68213984 0,
      -0.8243973 -0.675511 0,
      -0.82149709 -0.66929135 0,
      -0.81756079 -0.66366977 0,
      -0.81270819 -0.65881713 0,
      -0.80708662 -0.65488087 0,
      -0.80086692 -0.65198062 0,
      -0.79423812 -0.65020441 0,
      -0.78740161 -0.6496063 0,
      -0.78056501 -0.65020441 0,
      -0.77393621 -0.65198062 0,
      -0.76771651 -0.65488087 0,
      -0.76209498 -0.65881713 0,
      -0.75724234 -0.66366977 0,
      -0.75330609 -0.66929135 0,
      -0.75040579 -0.675511 0,
      -0.74862963 -0.68213984 0,
      -0.74803151 -0.6889764 0,
      -0.74803151 -0.78740161 0,
      -0.82677162 -0.78740161 0,
      -0.82677162 -0.78740161 0,
      -0.82677162 -0.6889764 0,
      -0.82677162 -0.6889764 0.078740155,
      -0.82677162 -0.78740161 0.078740155,
      -0.82677162 -0.6889764 0,
      -0.82677162 -0.6889764 0.078740155,
      -0.82617351 -0.68213984 0.078740155,
      -0.8243973 -0.675511 0.078740155,
      -0.82149709 -0.66929135 0.078740155,
      -0.81756079 -0.66366977 0.078740155,
      -0.81270819 -0.65881713 0.078740155,
      -0.80708662 -0.65488087 0.078740155,
      -0.80086692 -0.65198062 0.078740155,
      -0.79423812 -0.65020441 0.078740155,
      -0.78740161 -0.6496063 0.078740155,
      -0.78056501 -0.65020441 0.078740155,
      -0.77393621 -0.65198062 0.078740155,
      -0.76771651 -0.65488087 0.078740155,
      -0.76209498 -0.65881713 0.078740155,
      -0.75724234 -0.66366977 0.078740155,
      -0.75330609 -0.66929135 0.078740155,
      -0.75040579 -0.675511 0.078740155,
      -0.74862963 -0.68213984 0.078740155,
      -0.74803151 -0.6889764 0.078740155,
      -0.74803151 -0.6889764 0,
      -0.82617351 -0.68213984 0,
      -0.8243973 -0.675511 0,
      -0.82149709 -0.66929135 0,
      -0.81756079 -0.66366977 0,
      -0.81270819 -0.65881713 0,
      -0.80708662 -0.65488087 0,
      -0.80086692 -0.65198062 0,
      -0.79423812 -0.65020441 0,
      -0.78740161 -0.6496063 0,
      -0.78056501 -0.65020441 0,
      -0.77393621 -0.65198062 0,
      -0.76771651 -0.65488087 0,
      -0.76209498 -0.65881713 0,
      -0.75724234 -0.66366977 0,
      -0.75330609 -0.66929135 0,
      -0.75040579 -0.675511 0,
      -0.74862963 -0.68213984 0,
      -0.74803151 -0.6889764 0,
      -0.74803151 -0.78740161 0,
      -0.74803151 -0.78740161 0.078740155,
      -0.74803151 -0.6889764 0.078740155,
      -0.74803151 -0.78740161 0,
      -0.82677162 -0.78740161 0,
      -0.82677162 -0.78740161 0.078740155,
      -0.74803151 -0.78740161 0.078740155,
      -0.82677162 -0.78740161 0.078740155,
      -0.82677162 -0.6889764 0.078740155,
      -0.82617351 -0.68213984 0.078740155,
      -0.8243973 -0.675511 0.078740155,
      -0.82149709 -0.66929135 0.078740155,
      -0.81756079 -0.66366977 0.078740155,
      -0.81270819 -0.65881713 0.078740155,
      -0.80708662 -0.65488087 0.078740155,
      -0.80086692 -0.65198062 0.078740155,
      -0.79423812 -0.65020441 0.078740155,
      -0.78740161 -0.6496063 0.078740155,
      -0.78056501 -0.65020441 0.078740155,
      -0.77393621 -0.65198062 0.078740155,
      -0.76771651 -0.65488087 0.078740155,
      -0.76209498 -0.65881713 0.078740155,
      -0.75724234 -0.66366977 0.078740155,
      -0.75330609 -0.66929135 0.078740155,
      -0.75040579 -0.675511 0.078740155,
      -0.74862963 -0.68213984 0.078740155,
      -0.74803151 -0.6889764 0.078740155,
      -0.74803151 -0.78740161 0.078740155,
      -0.66929135 -0.6889764 0,
      -0.66869323 -0.68213984 0,
      -0.66691702 -0.675511 0,
      -0.66401677 -0.66929135 0,
      -0.66008051 -0.66366977 0,
      -0.65522787 -0.65881713 0,
      -0.6496063 -0.65488087 0,
      -0.6433866 -0.65198062 0,
      -0.6367578 -0.65020441 0,
      -0.62992124 -0.6496063 0,
      -0.62308473 -0.65020441 0,
      -0.61645589 -0.65198062 0,
      -0.61023624 -0.65488087 0,
      -0.60461466 -0.65881713 0,
      -0.59976202 -0.66366977 0,
      -0.59582576 -0.66929135 0,
      -0.59292551 -0.675511 0,
      -0.5911493 -0.68213984 0,
      -0.59055119 -0.6889764 0,
      -0.59055119 -0.78740161 0,
      -0.66929135 -0.78740161 0,
      -0.66929135 -0.78740161 0,
      -0.66929135 -0.6889764 0,
      -0.66929135 -0.6889764 0.078740155,
      -0.66929135 -0.78740161 0.078740155,
      -0.66929135 -0.6889764 0,
      -0.66929135 -0.6889764 0.078740155,
      -0.66869323 -0.68213984 0.078740155,
      -0.66691702 -0.675511 0.078740155,
      -0.66401677 -0.66929135 0.078740155,
      -0.66008051 -0.66366977 0.078740155,
      -0.65522787 -0.65881713 0.078740155,
      -0.6496063 -0.65488087 0.078740155,
      -0.6433866 -0.65198062 0.078740155,
      -0.6367578 -0.65020441 0.078740155,
      -0.62992124 -0.6496063 0.078740155,
      -0.62308473 -0.65020441 0.078740155,
      -0.61645589 -0.65198062 0.078740155,
      -0.61023624 -0.65488087 0.078740155,
      -0.60461466 -0.65881713 0.078740155,
      -0.59976202 -0.66366977 0.078740155,
      -0.59582576 -0.66929135 0.078740155,
      -0.59292551 -0.675511 0.078740155,
      -0.5911493 -0.68213984 0.078740155,
      -0.59055119 -0.6889764 0.078740155,
      -0.59055119 -0.6889764 0,
      -0.66869323 -0.68213984 0,
      -0.66691702 -0.675511 0,
      -0.66401677 -0.66929135 0,
      -0.66008051 -0.66366977 0,
      -0.65522787 -0.65881713 0,
      -0.6496063 -0.65488087 0,
      -0.6433866 -0.65198062 0,
      -0.6367578 -0.65020441 0,
      -0.62992124 -0.6496063 0,
      -0.62308473 -0.65020441 0,
      -0.61645589 -0.65198062 0,
      -0.61023624 -0.65488087 0,
      -0.60461466 -0.65881713 0,
      -0.59976202 -0.66366977 0,
      -0.59582576 -0.66929135 0,
      -0.59292551 -0.675511 0,
      -0.5911493 -0.68213984 0,
      -0.59055119 -0.6889764 0,
      -0.59055119 -0.78740161 0,
      -0.59055119 -0.78740161 0.078740155,
      -0.59055119 -0.6889764 0.078740155,
      -0.59055119 -0.78740161 0,
      -0.66929135 -0.78740161 0,
      -0.66929135 -0.78740161 0.078740155,
      -0.59055119 -0.78740161 0.078740155,
      -0.66929135 -0.78740161 0.078740155,
      -0.66929135 -0.6889764 0.078740155,
      -0.66869323 -0.68213984 0.078740155,
      -0.66691702 -0.675511 0.078740155,
      -0.66401677 -0.66929135 0.078740155,
      -0.66008051 -0.66366977 0.078740155,
      -0.65522787 -0.65881713 0.078740155,
      -0.6496063 -0.65488087 0.078740155,
      -0.6433866 -0.65198062 0.078740155,
      -0.6367578 -0.65020441 0.078740155,
      -0.62992124 -0.6496063 0.078740155,
      -0.62308473 -0.65020441 0.078740155,
      -0.61645589 -0.65198062 0.078740155,
      -0.61023624 -0.65488087 0.078740155,
      -0.60461466 -0.65881713 0.078740155,
      -0.59976202 -0.66366977 0.078740155,
      -0.59582576 -0.66929135 0.078740155,
      -0.59292551 -0.675511 0.078740155,
      -0.5911493 -0.68213984 0.078740155,
      -0.59055119 -0.6889764 0.078740155,
      -0.59055119 -0.78740161 0.078740155,
      -0.51181103 -0.6889764 0,
      -0.51121291 -0.68213984 0,
      -0.5094367 -0.675511 0,
      -0.50653645 -0.66929135 0,
      -0.50260019 -0.66366977 0,
      -0.49774755 -0.65881713 0,
      -0.49212597 -0.65488087 0,
      -0.48590632 -0.65198062 0,
      -0.47927748 -0.65020441 0,
      -0.47244097 -0.6496063 0,
      -0.46560441 -0.65020441 0,
      -0.45897556 -0.65198062 0,
      -0.45275592 -0.65488087 0,
      -0.44713434 -0.65881713 0,
      -0.4422817 -0.66366977 0,
      -0.43834544 -0.66929135 0,
      -0.43544519 -0.675511 0,
      -0.43366898 -0.68213984 0,
      -0.43307086 -0.6889764 0,
      -0.43307086 -0.78740161 0,
      -0.51181103 -0.78740161 0,
      -0.51181103 -0.78740161 0,
      -0.51181103 -0.6889764 0,
      -0.51181103 -0.6889764 0.078740155,
      -0.51181103 -0.78740161 0.078740155,
      -0.51181103 -0.6889764 0,
      -0.51181103 -0.6889764 0.078740155,
      -0.51121291 -0.68213984 0.078740155,
      -0.5094367 -0.675511 0.078740155,
      -0.50653645 -0.66929135 0.078740155,
      -0.50260019 -0.66366977 0.078740155,
      -0.49774755 -0.65881713 0.078740155,
      -0.49212597 -0.65488087 0.078740155,
      -0.48590632 -0.65198062 0.078740155,
      -0.47927748 -0.65020441 0.078740155,
      -0.47244097 -0.6496063 0.078740155,
      -0.46560441 -0.65020441 0.078740155,
      -0.45897556 -0.65198062 0.078740155,
      -0.45275592 -0.65488087 0.078740155,
      -0.44713434 -0.65881713 0.078740155,
      -0.4422817 -0.66366977 0.078740155,
      -0.43834544 -0.66929135 0.078740155,
      -0.43544519 -0.675511 0.078740155,
      -0.43366898 -0.68213984 0.078740155,
      -0.43307086 -0.6889764 0.078740155,
      -0.43307086 -0.6889764 0,
      -0.51121291 -0.68213984 0,
      -0.5094367 -0.675511 0,
      -0.50653645 -0.66929135 0,
      -0.50260019 -0.66366977 0,
      -0.49774755 -0.65881713 0,
      -0.49212597 -0.65488087 0,
      -0.48590632 -0.65198062 0,
      -0.47927748 -0.65020441 0,
      -0.47244097 -0.6496063 0,
      -0.46560441 -0.65020441 0,
      -0.45897556 -0.65198062 0,
      -0.45275592 -0.65488087 0,
      -0.44713434 -0.65881713 0,
      -0.4422817 -0.66366977 0,
      -0.43834544 -0.66929135 0,
      -0.43544519 -0.675511 0,
      -0.43366898 -0.68213984 0,
      -0.43307086 -0.6889764 0,
      -0.43307086 -0.78740161 0,
      -0.43307086 -0.78740161 0.078740155,
      -0.43307086 -0.6889764 0.078740155,
      -0.43307086 -0.78740161 0,
      -0.51181103 -0.78740161 0,
      -0.51181103 -0.78740161 0.078740155,
      -0.43307086 -0.78740161 0.078740155,
      -0.51181103 -0.78740161 0.078740155,
      -0.51181103 -0.6889764 0.078740155,
      -0.51121291 -0.68213984 0.078740155,
      -0.5094367 -0.675511 0.078740155,
      -0.50653645 -0.66929135 0.078740155,
      -0.50260019 -0.66366977 0.078740155,
      -0.49774755 -0.65881713 0.078740155,
      -0.49212597 -0.65488087 0.078740155,
      -0.48590632 -0.65198062 0.078740155,
      -0.47927748 -0.65020441 0.078740155,
      -0.47244097 -0.6496063 0.078740155,
      -0.46560441 -0.65020441 0.078740155,
      -0.45897556 -0.65198062 0.078740155,
      -0.45275592 -0.65488087 0.078740155,
      -0.44713434 -0.65881713 0.078740155,
      -0.4422817 -0.66366977 0.078740155,
      -0.43834544 -0.66929135 0.078740155,
      -0.43544519 -0.675511 0.078740155,
      -0.43366898 -0.68213984 0.078740155,
      -0.43307086 -0.6889764 0.078740155,
      -0.43307086 -0.78740161 0.078740155,
      -0.3543307 -0.6889764 0,
      -0.35373258 -0.68213984 0,
      -0.3519564 -0.675511 0,
      -0.34905613 -0.66929135 0,
      -0.34511987 -0.66366977 0,
      -0.34026723 -0.65881713 0,
      -0.33464567 -0.65488087 0,
      -0.32842598 -0.65198062 0,
      -0.32179718 -0.65020441 0,
      -0.31496062 -0.6496063 0,
      -0.30812409 -0.65020441 0,
      -0.30149527 -0.65198062 0,
      -0.29527559 -0.65488087 0,
      -0.28965404 -0.65881713 0,
      -0.2848014 -0.66366977 0,
      -0.28086514 -0.66929135 0,
      -0.27796486 -0.675511 0,
      -0.27618868 -0.68213984 0,
      -0.27559054 -0.6889764 0,
      -0.27559054 -0.78740161 0,
      -0.3543307 -0.78740161 0,
      -0.3543307 -0.78740161 0,
      -0.3543307 -0.6889764 0,
      -0.3543307 -0.6889764 0.078740155,
      -0.3543307 -0.78740161 0.078740155,
      -0.3543307 -0.6889764 0,
      -0.3543307 -0.6889764 0.078740155,
      -0.35373258 -0.68213984 0.078740155,
      -0.3519564 -0.675511 0.078740155,
      -0.34905613 -0.66929135 0.078740155,
      -0.34511987 -0.66366977 0.078740155,
      -0.34026723 -0.65881713 0.078740155,
      -0.33464567 -0.65488087 0.078740155,
      -0.32842598 -0.65198062 0.078740155,
      -0.32179718 -0.65020441 0.078740155,
      -0.31496062 -0.6496063 0.078740155,
      -0.30812409 -0.65020441 0.078740155,
      -0.30149527 -0.65198062 0.078740155,
      -0.29527559 -0.65488087 0.078740155,
      -0.28965404 -0.65881713 0.078740155,
      -0.2848014 -0.66366977 0.078740155,
      -0.28086514 -0.66929135 0.078740155,
      -0.27796486 -0.675511 0.078740155,
      -0.27618868 -0.68213984 0.078740155,
      -0.27559054 -0.6889764 0.078740155,
      -0.27559054 -0.6889764 0,
      -0.35373258 -0.68213984 0,
      -0.3519564 -0.675511 0,
      -0.34905613 -0.66929135 0,
      -0.34511987 -0.66366977 0,
      -0.34026723 -0.65881713 0,
      -0.33464567 -0.65488087 0,
      -0.32842598 -0.65198062 0,
      -0.32179718 -0.65020441 0,
      -0.31496062 -0.6496063 0,
      -0.30812409 -0.65020441 0,
      -0.30149527 -0.65198062 0,
      -0.29527559 -0.65488087 0,
      -0.28965404 -0.65881713 0,
      -0.2848014 -0.66366977 0,
      -0.28086514 -0.66929135 0,
      -0.27796486 -0.675511 0,
      -0.27618868 -0.68213984 0,
      -0.27559054 -0.6889764 0,
      -0.27559054 -0.78740161 0,
      -0.27559054 -0.78740161 0.078740155,
      -0.27559054 -0.6889764 0.078740155,
      -0.27559054 -0.78740161 0,
      -0.3543307 -0.78740161 0,
      -0.3543307 -0.78740161 0.078740155,
      -0.27559054 -0.78740161 0.078740155,
      -0.3543307 -0.78740161 0.078740155,
      -0.3543307 -0.6889764 0.078740155,
      -0.35373258 -0.68213984 0.078740155,
      -0.3519564 -0.675511 0.078740155,
      -0.34905613 -0.66929135 0.078740155,
      -0.34511987 -0.66366977 0.078740155,
      -0.34026723 -0.65881713 0.078740155,
      -0.33464567 -0.65488087 0.078740155,
      -0.32842598 -0.65198062 0.078740155,
      -0.32179718 -0.65020441 0.078740155,
      -0.31496062 -0.6496063 0.078740155,
      -0.30812409 -0.65020441 0.078740155,
      -0.30149527 -0.65198062 0.078740155,
      -0.29527559 -0.65488087 0.078740155,
      -0.28965404 -0.65881713 0.078740155,
      -0.2848014 -0.66366977 0.078740155,
      -0.28086514 -0.66929135 0.078740155,
      -0.27796486 -0.675511 0.078740155,
      -0.27618868 -0.68213984 0.078740155,
      -0.27559054 -0.6889764 0.078740155,
      -0.27559054 -0.78740161 0.078740155,
      -0.1968504 -0.6889764 0,
      -0.19625228 -0.68213984 0,
      -0.19447608 -0.675511 0,
      -0.1915758 -0.66929135 0,
      -0.18763954 -0.66366977 0,
      -0.18278692 -0.65881713 0,
      -0.17716535 -0.65488087 0,
      -0.17094568 -0.65198062 0,
      -0.16431686 -0.65020441 0,
      -0.15748031 -0.6496063 0,
      -0.15064378 -0.65020441 0,
      -0.14401495 -0.65198062 0,
      -0.13779527 -0.65488087 0,
      -0.13217372 -0.65881713 0,
      -0.12732109 -0.66366977 0,
      -0.12338483 -0.66929135 0,
      -0.12048454 -0.675511 0,
      -0.11870836 -0.68213984 0,
      -0.11811024 -0.6889764 0,
      -0.11811024 -0.78740161 0,
      -0.1968504 -0.78740161 0,
      -0.1968504 -0.78740161 0,
      -0.1968504 -0.6889764 0,
      -0.1968504 -0.6889764 0.078740155,
      -0.1968504 -0.78740161 0.078740155,
      -0.1968504 -0.6889764 0,
      -0.1968504 -0.6889764 0.078740155,
      -0.19625228 -0.68213984 0.078740155,
      -0.19447608 -0.675511 0.078740155,
      -0.1915758 -0.66929135 0.078740155,
      -0.18763954 -0.66366977 0.078740155,
      -0.18278692 -0.65881713 0.078740155,
      -0.17716535 -0.65488087 0.078740155,
      -0.17094568 -0.65198062 0.078740155,
      -0.16431686 -0.65020441 0.078740155,
      -0.15748031 -0.6496063 0.078740155,
      -0.15064378 -0.65020441 0.078740155,
      -0.14401495 -0.65198062 0.078740155,
      -0.13779527 -0.65488087 0.078740155,
      -0.13217372 -0.65881713 0.078740155,
      -0.12732109 -0.66366977 0.078740155,
      -0.12338483 -0.66929135 0.078740155,
      -0.12048454 -0.675511 0.078740155,
      -0.11870836 -0.68213984 0.078740155,
      -0.11811024 -0.6889764 0.078740155,
      -0.11811024 -0.6889764 0,
      -0.19625228 -0.68213984 0,
      -0.19447608 -0.675511 0,
      -0.1915758 -0.66929135 0,
      -0.18763954 -0.66366977 0,
      -0.18278692 -0.65881713 0,
      -0.17716535 -0.65488087 0,
      -0.17094568 -0.65198062 0,
      -0.16431686 -0.65020441 0,
      -0.15748031 -0.6496063 0,
      -0.15064378 -0.65020441 0,
      -0.14401495 -0.65198062 0,
      -0.13779527 -0.65488087 0,
      -0.13217372 -0.65881713 0,
      -0.12732109 -0.66366977 0,
      -0.12338483 -0.66929135 0,
      -0.12048454 -0.675511 0,
      -0.11870836 -0.68213984 0,
      -0.11811024 -0.6889764 0,
      -0.11811024 -0.78740161 0,
      -0.11811024 -0.78740161 0.078740155,
      -0.11811024 -0.6889764 0.078740155,
      -0.11811024 -0.78740161 0,
      -0.1968504 -0.78740161 0,
      -0.1968504 -0.78740161 0.078740155,
      -0.11811024 -0.78740161 0.078740155,
      -0.1968504 -0.78740161 0.078740155,
      -0.1968504 -0.6889764 0.078740155,
      -0.19625228 -0.68213984 0.078740155,
      -0.19447608 -0.675511 0.078740155,
      -0.1915758 -0.66929135 0.078740155,
      -0.18763954 -0.66366977 0.078740155,
      -0.18278692 -0.65881713 0.078740155,
      -0.17716535 -0.65488087 0.078740155,
      -0.17094568 -0.65198062 0.078740155,
      -0.16431686 -0.65020441 0.078740155,
      -0.15748031 -0.6496063 0.078740155,
      -0.15064378 -0.65020441 0.078740155,
      -0.14401495 -0.65198062 0.078740155,
      -0.13779527 -0.65488087 0.078740155,
      -0.13217372 -0.65881713 0.078740155,
      -0.12732109 -0.66366977 0.078740155,
      -0.12338483 -0.66929135 0.078740155,
      -0.12048454 -0.675511 0.078740155,
      -0.11870836 -0.68213984 0.078740155,
      -0.11811024 -0.6889764 0.078740155,
      -0.11811024 -0.78740161 0.078740155,
      -0.039370078 -0.6889764 0,
      -0.03877196 -0.68213984 0,
      -0.036995772 -0.675511 0,
      -0.03409549 -0.66929135 0,
      -0.030159231 -0.66366977 0,
      -0.0253066 -0.65881713 0,
      -0.019685039 -0.65488087 0,
      -0.01346536 -0.65198062 0,
      -0.0068365428 -0.65020441 0,
      -2.410722e-18 -0.6496063 0,
      0.0068365428 -0.65020441 0,
      0.01346536 -0.65198062 0,
      0.019685039 -0.65488087 0,
      0.0253066 -0.65881713 0,
      0.030159231 -0.66366977 0,
      0.03409549 -0.66929135 0,
      0.036995772 -0.675511 0,
      0.03877196 -0.68213984 0,
      0.039370078 -0.6889764 0,
      0.039370078 -0.78740161 0,
      -0.039370078 -0.78740161 0,
      -0.039370078 -0.78740161 0,
      -0.039370078 -0.6889764 0,
      -0.039370078 -0.6889764 0.078740155,
      -0.039370078 -0.78740161 0.078740155,
      -0.039370078 -0.6889764 0,
      -0.039370078 -0.6889764 0.078740155,
      -0.03877196 -0.68213984 0.078740155,
      -0.036995772 -0.675511 0.078740155,
      -0.03409549 -0.66929135 0.078740155,
      -0.030159231 -0.66366977 0.078740155,
      -0.0253066 -0.65881713 0.078740155,
      -0.019685039 -0.65488087 0.078740155,
      -0.01346536 -0.65198062 0.078740155,
      -0.0068365428 -0.65020441 0.078740155,
      -2.410722e-18 -0.6496063 0.078740155,
      0.0068365428 -0.65020441 0.078740155,
      0.01346536 -0.65198062 0.078740155,
      0.019685039 -0.65488087 0.078740155,
      0.0253066 -0.65881713 0.078740155,
      0.030159231 -0.66366977 0.078740155,
      0.03409549 -0.66929135 0.078740155,
      0.036995772 -0.675511 0.078740155,
      0.03877196 -0.68213984 0.078740155,
      0.039370078 -0.6889764 0.078740155,
      0.039370078 -0.6889764 0,
      -0.03877196 -0.68213984 0,
      -0.036995772 -0.675511 0,
      -0.03409549 -0.66929135 0,
      -0.030159231 -0.66366977 0,
      -0.0253066 -0.65881713 0,
      -0.019685039 -0.65488087 0,
      -0.01346536 -0.65198062 0,
      -0.0068365428 -0.65020441 0,
      -2.410722e-18 -0.6496063 0,
      0.0068365428 -0.65020441 0,
      0.01346536 -0.65198062 0,
      0.019685039 -0.65488087 0,
      0.0253066 -0.65881713 0,
      0.030159231 -0.66366977 0,
      0.03409549 -0.66929135 0,
      0.036995772 -0.675511 0,
      0.03877196 -0.68213984 0,
      0.039370078 -0.6889764 0,
      0.039370078 -0.78740161 0,
      0.039370078 -0.78740161 0.078740155,
      0.039370078 -0.6889764 0.078740155,
      0.039370078 -0.78740161 0,
      -0.039370078 -0.78740161 0,
      -0.039370078 -0.78740161 0.078740155,
      0.039370078 -0.78740161 0.078740155,
      -0.039370078 -0.78740161 0.078740155,
      -0.039370078 -0.6889764 0.078740155,
      -0.03877196 -0.68213984 0.078740155,
      -0.036995772 -0.675511 0.078740155,
      -0.03409549 -0.66929135 0.078740155,
      -0.030159231 -0.66366977 0.078740155,
      -0.0253066 -0.65881713 0.078740155,
      -0.019685039 -0.65488087 0.078740155,
      -0.01346536 -0.65198062 0.078740155,
      -0.0068365428 -0.65020441 0.078740155,
      -2.410722e-18 -0.6496063 0.078740155,
      0.0068365428 -0.65020441 0.078740155,
      0.01346536 -0.65198062 0.078740155,
      0.019685039 -0.65488087 0.078740155,
      0.0253066 -0.65881713 0.078740155,
      0.030159231 -0.66366977 0.078740155,
      0.03409549 -0.66929135 0.078740155,
      0.036995772 -0.675511 0.078740155,
      0.03877196 -0.68213984 0.078740155,
      0.039370078 -0.6889764 0.078740155,
      0.039370078 -0.78740161 0.078740155,
      0.11811024 -0.6889764 0,
      0.11870836 -0.68213984 0,
      0.12048454 -0.675511 0,
      0.12338483 -0.66929135 0,
      0.12732109 -0.66366977 0,
      0.13217372 -0.65881713 0,
      0.13779527 -0.65488087 0,
      0.14401495 -0.65198062 0,
      0.15064378 -0.65020441 0,
      0.15748031 -0.6496063 0,
      0.16431686 -0.65020441 0,
      0.17094568 -0.65198062 0,
      0.17716535 -0.65488087 0,
      0.18278692 -0.65881713 0,
      0.18763954 -0.66366977 0,
      0.1915758 -0.66929135 0,
      0.19447608 -0.675511 0,
      0.19625228 -0.68213984 0,
      0.1968504 -0.6889764 0,
      0.1968504 -0.78740161 0,
      0.11811024 -0.78740161 0,
      0.11811024 -0.78740161 0,
      0.11811024 -0.6889764 0,
      0.11811024 -0.6889764 0.078740155,
      0.11811024 -0.78740161 0.078740155,
      0.11811024 -0.6889764 0,
      0.11811024 -0.6889764 0.078740155,
      0.11870836 -0.68213984 0.078740155,
      0.12048454 -0.675511 0.078740155,
      0.12338483 -0.66929135 0.078740155,
      0.12732109 -0.66366977 0.078740155,
      0.13217372 -0.65881713 0.078740155,
      0.13779527 -0.65488087 0.078740155,
      0.14401495 -0.65198062 0.078740155,
      0.15064378 -0.65020441 0.078740155,
      0.15748031 -0.6496063 0.078740155,
      0.16431686 -0.65020441 0.078740155,
      0.17094568 -0.65198062 0.078740155,
      0.17716535 -0.65488087 0.078740155,
      0.18278692 -0.65881713 0.078740155,
      0.18763954 -0.66366977 0.078740155,
      0.1915758 -0.66929135 0.078740155,
      0.19447608 -0.675511 0.078740155,
      0.19625228 -0.68213984 0.078740155,
      0.1968504 -0.6889764 0.078740155,
      0.1968504 -0.6889764 0,
      0.11870836 -0.68213984 0,
      0.12048454 -0.675511 0,
      0.12338483 -0.66929135 0,
      0.12732109 -0.66366977 0,
      0.13217372 -0.65881713 0,
      0.13779527 -0.65488087 0,
      0.14401495 -0.65198062 0,
      0.15064378 -0.65020441 0,
      0.15748031 -0.6496063 0,
      0.16431686 -0.65020441 0,
      0.17094568 -0.65198062 0,
      0.17716535 -0.65488087 0,
      0.18278692 -0.65881713 0,
      0.18763954 -0.66366977 0,
      0.1915758 -0.66929135 0,
      0.19447608 -0.675511 0,
      0.19625228 -0.68213984 0,
      0.1968504 -0.6889764 0,
      0.1968504 -0.78740161 0,
      0.1968504 -0.78740161 0.078740155,
      0.1968504 -0.6889764 0.078740155,
      0.1968504 -0.78740161 0,
      0.11811024 -0.78740161 0,
      0.11811024 -0.78740161 0.078740155,
      0.1968504 -0.78740161 0.078740155,
      0.11811024 -0.78740161 0.078740155,
      0.11811024 -0.6889764 0.078740155,
      0.11870836 -0.68213984 0.078740155,
      0.12048454 -0.675511 0.078740155,
      0.12338483 -0.66929135 0.078740155,
      0.12732109 -0.66366977 0.078740155,
      0.13217372 -0.65881713 0.078740155,
      0.13779527 -0.65488087 0.078740155,
      0.14401495 -0.65198062 0.078740155,
      0.15064378 -0.65020441 0.078740155,
      0.15748031 -0.6496063 0.078740155,
      0.16431686 -0.65020441 0.078740155,
      0.17094568 -0.65198062 0.078740155,
      0.17716535 -0.65488087 0.078740155,
      0.18278692 -0.65881713 0.078740155,
      0.18763954 -0.66366977 0.078740155,
      0.1915758 -0.66929135 0.078740155,
      0.19447608 -0.675511 0.078740155,
      0.19625228 -0.68213984 0.078740155,
      0.1968504 -0.6889764 0.078740155,
      0.1968504 -0.78740161 0.078740155,
      0.27559054 0.78740161 0,
      0.27559054 0.6889764 0,
      0.27618868 0.68213984 0,
      0.27796486 0.675511 0,
      0.28086514 0.66929135 0,
      0.2848014 0.66366977 0,
      0.28965404 0.65881713 0,
      0.29527559 0.65488087 0,
      0.30149527 0.65198062 0,
      0.30812409 0.65020441 0,
      0.31496062 0.6496063 0,
      0.32179718 0.65020441 0,
      0.32842598 0.65198062 0,
      0.33464567 0.65488087 0,
      0.34026723 0.65881713 0,
      0.34511987 0.66366977 0,
      0.34905613 0.66929135 0,
      0.3519564 0.675511 0,
      0.35373258 0.68213984 0,
      0.3543307 0.6889764 0,
      0.3543307 0.78740161 0,
      0.27559054 0.6889764 0,
      0.27559054 0.6889764 0.078740155,
      0.27559054 0.78740161 0.078740155,
      0.27559054 0.78740161 0,
      0.27559054 0.78740161 0,
      0.27559054 0.78740161 0.078740155,
      0.3543307 0.78740161 0.078740155,
      0.3543307 0.78740161 0,
      0.3543307 0.78740161 0,
      0.3543307 0.78740161 0.078740155,
      0.3543307 0.6889764 0.078740155,
      0.3543307 0.6889764 0,
      0.3543307 0.6889764 0,
      0.3543307 0.6889764 0.078740155,
      0.27559054 0.6889764 0.078740155,
      0.27618868 0.68213984 0.078740155,
      0.27796486 0.675511 0.078740155,
      0.28086514 0.66929135 0.078740155,
      0.2848014 0.66366977 0.078740155,
      0.28965404 0.65881713 0.078740155,
      0.29527559 0.65488087 0.078740155,
      0.30149527 0.65198062 0.078740155,
      0.30812409 0.65020441 0.078740155,
      0.31496062 0.6496063 0.078740155,
      0.32179718 0.65020441 0.078740155,
      0.32842598 0.65198062 0.078740155,
      0.33464567 0.65488087 0.078740155,
      0.34026723 0.65881713 0.078740155,
      0.34511987 0.66366977 0.078740155,
      0.34905613 0.66929135 0.078740155,
      0.3519564 0.675511 0.078740155,
      0.35373258 0.68213984 0.078740155,
      0.27559054 0.6889764 0,
      0.27618868 0.68213984 0,
      0.27796486 0.675511 0,
      0.28086514 0.66929135 0,
      0.2848014 0.66366977 0,
      0.28965404 0.65881713 0,
      0.29527559 0.65488087 0,
      0.30149527 0.65198062 0,
      0.30812409 0.65020441 0,
      0.31496062 0.6496063 0,
      0.32179718 0.65020441 0,
      0.32842598 0.65198062 0,
      0.33464567 0.65488087 0,
      0.34026723 0.65881713 0,
      0.34511987 0.66366977 0,
      0.34905613 0.66929135 0,
      0.3519564 0.675511 0,
      0.35373258 0.68213984 0,
      0.27559054 0.6889764 0.078740155,
      0.27618868 0.68213984 0.078740155,
      0.27796486 0.675511 0.078740155,
      0.28086514 0.66929135 0.078740155,
      0.2848014 0.66366977 0.078740155,
      0.28965404 0.65881713 0.078740155,
      0.29527559 0.65488087 0.078740155,
      0.30149527 0.65198062 0.078740155,
      0.30812409 0.65020441 0.078740155,
      0.31496062 0.6496063 0.078740155,
      0.32179718 0.65020441 0.078740155,
      0.32842598 0.65198062 0.078740155,
      0.33464567 0.65488087 0.078740155,
      0.34026723 0.65881713 0.078740155,
      0.34511987 0.66366977 0.078740155,
      0.34905613 0.66929135 0.078740155,
      0.3519564 0.675511 0.078740155,
      0.35373258 0.68213984 0.078740155,
      0.3543307 0.6889764 0.078740155,
      0.3543307 0.78740161 0.078740155,
      0.27559054 0.78740161 0.078740155,
      0.43307086 0.78740161 0,
      0.43307086 0.6889764 0,
      0.43366898 0.68213984 0,
      0.43544519 0.675511 0,
      0.43834544 0.66929135 0,
      0.4422817 0.66366977 0,
      0.44713434 0.65881713 0,
      0.45275592 0.65488087 0,
      0.45897556 0.65198062 0,
      0.46560441 0.65020441 0,
      0.47244097 0.6496063 0,
      0.47927748 0.65020441 0,
      0.48590632 0.65198062 0,
      0.49212597 0.65488087 0,
      0.49774755 0.65881713 0,
      0.50260019 0.66366977 0,
      0.50653645 0.66929135 0,
      0.5094367 0.675511 0,
      0.51121291 0.68213984 0,
      0.51181103 0.6889764 0,
      0.51181103 0.78740161 0,
      0.43307086 0.6889764 0,
      0.43307086 0.6889764 0.078740155,
      0.43307086 0.78740161 0.078740155,
      0.43307086 0.78740161 0,
      0.43307086 0.78740161 0,
      0.43307086 0.78740161 0.078740155,
      0.51181103 0.78740161 0.078740155,
      0.51181103 0.78740161 0,
      0.51181103 0.78740161 0,
      0.51181103 0.78740161 0.078740155,
      0.51181103 0.6889764 0.078740155,
      0.51181103 0.6889764 0,
      0.51181103 0.6889764 0,
      0.51181103 0.6889764 0.078740155,
      0.43307086 0.6889764 0.078740155,
      0.43366898 0.68213984 0.078740155,
      0.43544519 0.675511 0.078740155,
      0.43834544 0.66929135 0.078740155,
      0.4422817 0.66366977 0.078740155,
      0.44713434 0.65881713 0.078740155,
      0.45275592 0.65488087 0.078740155,
      0.45897556 0.65198062 0.078740155,
      0.46560441 0.65020441 0.078740155,
      0.47244097 0.6496063 0.078740155,
      0.47927748 0.65020441 0.078740155,
      0.48590632 0.65198062 0.078740155,
      0.49212597 0.65488087 0.078740155,
      0.49774755 0.65881713 0.078740155,
      0.50260019 0.66366977 0.078740155,
      0.50653645 0.66929135 0.078740155,
      0.5094367 0.675511 0.078740155,
      0.51121291 0.68213984 0.078740155,
      0.43307086 0.6889764 0,
      0.43366898 0.68213984 0,
      0.43544519 0.675511 0,
      0.43834544 0.66929135 0,
      0.4422817 0.66366977 0,
      0.44713434 0.65881713 0,
      0.45275592 0.65488087 0,
      0.45897556 0.65198062 0,
      0.46560441 0.65020441 0,
      0.47244097 0.6496063 0,
      0.47927748 0.65020441 0,
      0.48590632 0.65198062 0,
      0.49212597 0.65488087 0,
      0.49774755 0.65881713 0,
      0.50260019 0.66366977 0,
      0.50653645 0.66929135 0,
      0.5094367 0.675511 0,
      0.51121291 0.68213984 0,
      0.43307086 0.6889764 0.078740155,
      0.43366898 0.68213984 0.078740155,
      0.43544519 0.675511 0.078740155,
      0.43834544 0.66929135 0.078740155,
      0.4422817 0.66366977 0.078740155,
      0.44713434 0.65881713 0.078740155,
      0.45275592 0.65488087 0.078740155,
      0.45897556 0.65198062 0.078740155,
      0.46560441 0.65020441 0.078740155,
      0.47244097 0.6496063 0.078740155,
      0.47927748 0.65020441 0.078740155,
      0.48590632 0.65198062 0.078740155,
      0.49212597 0.65488087 0.078740155,
      0.49774755 0.65881713 0.078740155,
      0.50260019 0.66366977 0.078740155,
      0.50653645 0.66929135 0.078740155,
      0.5094367 0.675511 0.078740155,
      0.51121291 0.68213984 0.078740155,
      0.51181103 0.6889764 0.078740155,
      0.51181103 0.78740161 0.078740155,
      0.43307086 0.78740161 0.078740155,
      0.27559054 -0.6889764 0,
      0.27618868 -0.68213984 0,
      0.27796486 -0.675511 0,
      0.28086514 -0.66929135 0,
      0.2848014 -0.66366977 0,
      0.28965404 -0.65881713 0,
      0.29527559 -0.65488087 0,
      0.30149527 -0.65198062 0,
      0.30812409 -0.65020441 0,
      0.31496062 -0.6496063 0,
      0.32179718 -0.65020441 0,
      0.32842598 -0.65198062 0,
      0.33464567 -0.65488087 0,
      0.34026723 -0.65881713 0,
      0.34511987 -0.66366977 0,
      0.34905613 -0.66929135 0,
      0.3519564 -0.675511 0,
      0.35373258 -0.68213984 0,
      0.3543307 -0.6889764 0,
      0.3543307 -0.78740161 0,
      0.27559054 -0.78740161 0,
      0.27559054 -0.78740161 0,
      0.27559054 -0.6889764 0,
      0.27559054 -0.6889764 0.078740155,
      0.27559054 -0.78740161 0.078740155,
      0.27559054 -0.6889764 0,
      0.27559054 -0.6889764 0.078740155,
      0.27618868 -0.68213984 0.078740155,
      0.27796486 -0.675511 0.078740155,
      0.28086514 -0.66929135 0.078740155,
      0.2848014 -0.66366977 0.078740155,
      0.28965404 -0.65881713 0.078740155,
      0.29527559 -0.65488087 0.078740155,
      0.30149527 -0.65198062 0.078740155,
      0.30812409 -0.65020441 0.078740155,
      0.31496062 -0.6496063 0.078740155,
      0.32179718 -0.65020441 0.078740155,
      0.32842598 -0.65198062 0.078740155,
      0.33464567 -0.65488087 0.078740155,
      0.34026723 -0.65881713 0.078740155,
      0.34511987 -0.66366977 0.078740155,
      0.34905613 -0.66929135 0.078740155,
      0.3519564 -0.675511 0.078740155,
      0.35373258 -0.68213984 0.078740155,
      0.3543307 -0.6889764 0.078740155,
      0.3543307 -0.6889764 0,
      0.27618868 -0.68213984 0,
      0.27796486 -0.675511 0,
      0.28086514 -0.66929135 0,
      0.2848014 -0.66366977 0,
      0.28965404 -0.65881713 0,
      0.29527559 -0.65488087 0,
      0.30149527 -0.65198062 0,
      0.30812409 -0.65020441 0,
      0.31496062 -0.6496063 0,
      0.32179718 -0.65020441 0,
      0.32842598 -0.65198062 0,
      0.33464567 -0.65488087 0,
      0.34026723 -0.65881713 0,
      0.34511987 -0.66366977 0,
      0.34905613 -0.66929135 0,
      0.3519564 -0.675511 0,
      0.35373258 -0.68213984 0,
      0.3543307 -0.6889764 0,
      0.3543307 -0.78740161 0,
      0.3543307 -0.78740161 0.078740155,
      0.3543307 -0.6889764 0.078740155,
      0.3543307 -0.78740161 0,
      0.27559054 -0.78740161 0,
      0.27559054 -0.78740161 0.078740155,
      0.3543307 -0.78740161 0.078740155,
      0.27559054 -0.78740161 0.078740155,
      0.27559054 -0.6889764 0.078740155,
      0.27618868 -0.68213984 0.078740155,
      0.27796486 -0.675511 0.078740155,
      0.28086514 -0.66929135 0.078740155,
      0.2848014 -0.66366977 0.078740155,
      0.28965404 -0.65881713 0.078740155,
      0.29527559 -0.65488087 0.078740155,
      0.30149527 -0.65198062 0.078740155,
      0.30812409 -0.65020441 0.078740155,
      0.31496062 -0.6496063 0.078740155,
      0.32179718 -0.65020441 0.078740155,
      0.32842598 -0.65198062 0.078740155,
      0.33464567 -0.65488087 0.078740155,
      0.34026723 -0.65881713 0.078740155,
      0.34511987 -0.66366977 0.078740155,
      0.34905613 -0.66929135 0.078740155,
      0.3519564 -0.675511 0.078740155,
      0.35373258 -0.68213984 0.078740155,
      0.3543307 -0.6889764 0.078740155,
      0.3543307 -0.78740161 0.078740155,
      0.43307086 -0.6889764 0,
      0.43366898 -0.68213984 0,
      0.43544519 -0.675511 0,
      0.43834544 -0.66929135 0,
      0.4422817 -0.66366977 0,
      0.44713434 -0.65881713 0,
      0.45275592 -0.65488087 0,
      0.45897556 -0.65198062 0,
      0.46560441 -0.65020441 0,
      0.47244097 -0.6496063 0,
      0.47927748 -0.65020441 0,
      0.48590632 -0.65198062 0,
      0.49212597 -0.65488087 0,
      0.49774755 -0.65881713 0,
      0.50260019 -0.66366977 0,
      0.50653645 -0.66929135 0,
      0.5094367 -0.675511 0,
      0.51121291 -0.68213984 0,
      0.51181103 -0.6889764 0,
      0.51181103 -0.78740161 0,
      0.43307086 -0.78740161 0,
      0.43307086 -0.78740161 0,
      0.43307086 -0.6889764 0,
      0.43307086 -0.6889764 0.078740155,
      0.43307086 -0.78740161 0.078740155,
      0.43307086 -0.6889764 0,
      0.43307086 -0.6889764 0.078740155,
      0.43366898 -0.68213984 0.078740155,
      0.43544519 -0.675511 0.078740155,
      0.43834544 -0.66929135 0.078740155,
      0.4422817 -0.66366977 0.078740155,
      0.44713434 -0.65881713 0.078740155,
      0.45275592 -0.65488087 0.078740155,
      0.45897556 -0.65198062 0.078740155,
      0.46560441 -0.65020441 0.078740155,
      0.47244097 -0.6496063 0.078740155,
      0.47927748 -0.65020441 0.078740155,
      0.48590632 -0.65198062 0.078740155,
      0.49212597 -0.65488087 0.078740155,
      0.49774755 -0.65881713 0.078740155,
      0.50260019 -0.66366977 0.078740155,
      0.50653645 -0.66929135 0.078740155,
      0.5094367 -0.675511 0.078740155,
      0.51121291 -0.68213984 0.078740155,
      0.51181103 -0.6889764 0.078740155,
      0.51181103 -0.6889764 0,
      0.43366898 -0.68213984 0,
      0.43544519 -0.675511 0,
      0.43834544 -0.66929135 0,
      0.4422817 -0.66366977 0,
      0.44713434 -0.65881713 0,
      0.45275592 -0.65488087 0,
      0.45897556 -0.65198062 0,
      0.46560441 -0.65020441 0,
      0.47244097 -0.6496063 0,
      0.47927748 -0.65020441 0,
      0.48590632 -0.65198062 0,
      0.49212597 -0.65488087 0,
      0.49774755 -0.65881713 0,
      0.50260019 -0.66366977 0,
      0.50653645 -0.66929135 0,
      0.5094367 -0.675511 0,
      0.51121291 -0.68213984 0,
      0.51181103 -0.6889764 0,
      0.51181103 -0.78740161 0,
      0.51181103 -0.78740161 0.078740155,
      0.51181103 -0.6889764 0.078740155,
      0.51181103 -0.78740161 0,
      0.43307086 -0.78740161 0,
      0.43307086 -0.78740161 0.078740155,
      0.51181103 -0.78740161 0.078740155,
      0.43307086 -0.78740161 0.078740155,
      0.43307086 -0.6889764 0.078740155,
      0.43366898 -0.68213984 0.078740155,
      0.43544519 -0.675511 0.078740155,
      0.43834544 -0.66929135 0.078740155,
      0.4422817 -0.66366977 0.078740155,
      0.44713434 -0.65881713 0.078740155,
      0.45275592 -0.65488087 0.078740155,
      0.45897556 -0.65198062 0.078740155,
      0.46560441 -0.65020441 0.078740155,
      0.47244097 -0.6496063 0.078740155,
      0.47927748 -0.65020441 0.078740155,
      0.48590632 -0.65198062 0.078740155,
      0.49212597 -0.65488087 0.078740155,
      0.49774755 -0.65881713 0.078740155,
      0.50260019 -0.66366977 0.078740155,
      0.50653645 -0.66929135 0.078740155,
      0.5094367 -0.675511 0.078740155,
      0.51121291 -0.68213984 0.078740155,
      0.51181103 -0.6889764 0.078740155,
      0.51181103 -0.78740161 0.078740155,
      0.59055119 0.78740161 0,
      0.59055119 0.6889764 0,
      0.5911493 0.68213984 0,
      0.59292551 0.675511 0,
      0.59582576 0.66929135 0,
      0.59976202 0.66366977 0,
      0.60461466 0.65881713 0,
      0.61023624 0.65488087 0,
      0.61645589 0.65198062 0,
      0.62308473 0.65020441 0,
      0.62992124 0.6496063 0,
      0.6367578 0.65020441 0,
      0.6433866 0.65198062 0,
      0.6496063 0.65488087 0,
      0.65522787 0.65881713 0,
      0.66008051 0.66366977 0,
      0.66401677 0.66929135 0,
      0.66691702 0.675511 0,
      0.66869323 0.68213984 0,
      0.66929135 0.6889764 0,
      0.66929135 0.78740161 0,
      0.59055119 0.6889764 0,
      0.59055119 0.6889764 0.078740155,
      0.59055119 0.78740161 0.078740155,
      0.59055119 0.78740161 0,
      0.59055119 0.78740161 0,
      0.59055119 0.78740161 0.078740155,
      0.66929135 0.78740161 0.078740155,
      0.66929135 0.78740161 0,
      0.66929135 0.78740161 0,
      0.66929135 0.78740161 0.078740155,
      0.66929135 0.6889764 0.078740155,
      0.66929135 0.6889764 0,
      0.66929135 0.6889764 0,
      0.66929135 0.6889764 0.078740155,
      0.59055119 0.6889764 0.078740155,
      0.5911493 0.68213984 0.078740155,
      0.59292551 0.675511 0.078740155,
      0.59582576 0.66929135 0.078740155,
      0.59976202 0.66366977 0.078740155,
      0.60461466 0.65881713 0.078740155,
      0.61023624 0.65488087 0.078740155,
      0.61645589 0.65198062 0.078740155,
      0.62308473 0.65020441 0.078740155,
      0.62992124 0.6496063 0.078740155,
      0.6367578 0.65020441 0.078740155,
      0.6433866 0.65198062 0.078740155,
      0.6496063 0.65488087 0.078740155,
      0.65522787 0.65881713 0.078740155,
      0.66008051 0.66366977 0.078740155,
      0.66401677 0.66929135 0.078740155,
      0.66691702 0.675511 0.078740155,
      0.66869323 0.68213984 0.078740155,
      0.59055119 0.6889764 0,
      0.5911493 0.68213984 0,
      0.59292551 0.675511 0,
      0.59582576 0.66929135 0,
      0.59976202 0.66366977 0,
      0.60461466 0.65881713 0,
      0.61023624 0.65488087 0,
      0.61645589 0.65198062 0,
      0.62308473 0.65020441 0,
      0.62992124 0.6496063 0,
      0.6367578 0.65020441 0,
      0.6433866 0.65198062 0,
      0.6496063 0.65488087 0,
      0.65522787 0.65881713 0,
      0.66008051 0.66366977 0,
      0.66401677 0.66929135 0,
      0.66691702 0.675511 0,
      0.66869323 0.68213984 0,
      0.59055119 0.6889764 0.078740155,
      0.5911493 0.68213984 0.078740155,
      0.59292551 0.675511 0.078740155,
      0.59582576 0.66929135 0.078740155,
      0.59976202 0.66366977 0.078740155,
      0.60461466 0.65881713 0.078740155,
      0.61023624 0.65488087 0.078740155,
      0.61645589 0.65198062 0.078740155,
      0.62308473 0.65020441 0.078740155,
      0.62992124 0.6496063 0.078740155,
      0.6367578 0.65020441 0.078740155,
      0.6433866 0.65198062 0.078740155,
      0.6496063 0.65488087 0.078740155,
      0.65522787 0.65881713 0.078740155,
      0.66008051 0.66366977 0.078740155,
      0.66401677 0.66929135 0.078740155,
      0.66691702 0.675511 0.078740155,
      0.66869323 0.68213984 0.078740155,
      0.66929135 0.6889764 0.078740155,
      0.66929135 0.78740161 0.078740155,
      0.59055119 0.78740161 0.078740155,
      0.74803151 0.78740161 0,
      0.74803151 0.6889764 0,
      0.74862963 0.68213984 0,
      0.75040579 0.675511 0,
      0.75330609 0.66929135 0,
      0.75724234 0.66366977 0,
      0.76209498 0.65881713 0,
      0.76771651 0.65488087 0,
      0.77393621 0.65198062 0,
      0.78056501 0.65020441 0,
      0.78740161 0.6496063 0,
      0.79423812 0.65020441 0,
      0.80086692 0.65198062 0,
      0.80708662 0.65488087 0,
      0.81270819 0.65881713 0,
      0.81756079 0.66366977 0,
      0.82149709 0.66929135 0,
      0.8243973 0.675511 0,
      0.82617351 0.68213984 0,
      0.82677162 0.6889764 0,
      0.82677162 0.78740161 0,
      0.74803151 0.6889764 0,
      0.74803151 0.6889764 0.078740155,
      0.74803151 0.78740161 0.078740155,
      0.74803151 0.78740161 0,
      0.74803151 0.78740161 0,
      0.74803151 0.78740161 0.078740155,
      0.82677162 0.78740161 0.078740155,
      0.82677162 0.78740161 0,
      0.82677162 0.78740161 0,
      0.82677162 0.78740161 0.078740155,
      0.82677162 0.6889764 0.078740155,
      0.82677162 0.6889764 0,
      0.82677162 0.6889764 0,
      0.82677162 0.6889764 0.078740155,
      0.74803151 0.6889764 0.078740155,
      0.74862963 0.68213984 0.078740155,
      0.75040579 0.675511 0.078740155,
      0.75330609 0.66929135 0.078740155,
      0.75724234 0.66366977 0.078740155,
      0.76209498 0.65881713 0.078740155,
      0.76771651 0.65488087 0.078740155,
      0.77393621 0.65198062 0.078740155,
      0.78056501 0.65020441 0.078740155,
      0.78740161 0.6496063 0.078740155,
      0.79423812 0.65020441 0.078740155,
      0.80086692 0.65198062 0.078740155,
      0.80708662 0.65488087 0.078740155,
      0.81270819 0.65881713 0.078740155,
      0.81756079 0.66366977 0.078740155,
      0.82149709 0.66929135 0.078740155,
      0.8243973 0.675511 0.078740155,
      0.82617351 0.68213984 0.078740155,
      0.74803151 0.6889764 0,
      0.74862963 0.68213984 0,
      0.75040579 0.675511 0,
      0.75330609 0.66929135 0,
      0.75724234 0.66366977 0,
      0.76209498 0.65881713 0,
      0.76771651 0.65488087 0,
      0.77393621 0.65198062 0,
      0.78056501 0.65020441 0,
      0.78740161 0.6496063 0,
      0.79423812 0.65020441 0,
      0.80086692 0.65198062 0,
      0.80708662 0.65488087 0,
      0.81270819 0.65881713 0,
      0.81756079 0.66366977 0,
      0.82149709 0.66929135 0,
      0.8243973 0.675511 0,
      0.82617351 0.68213984 0,
      0.74803151 0.6889764 0.078740155,
      0.74862963 0.68213984 0.078740155,
      0.75040579 0.675511 0.078740155,
      0.75330609 0.66929135 0.078740155,
      0.75724234 0.66366977 0.078740155,
      0.76209498 0.65881713 0.078740155,
      0.76771651 0.65488087 0.078740155,
      0.77393621 0.65198062 0.078740155,
      0.78056501 0.65020441 0.078740155,
      0.78740161 0.6496063 0.078740155,
      0.79423812 0.65020441 0.078740155,
      0.80086692 0.65198062 0.078740155,
      0.80708662 0.65488087 0.078740155,
      0.81270819 0.65881713 0.078740155,
      0.81756079 0.66366977 0.078740155,
      0.82149709 0.66929135 0.078740155,
      0.8243973 0.675511 0.078740155,
      0.82617351 0.68213984 0.078740155,
      0.82677162 0.6889764 0.078740155,
      0.82677162 0.78740161 0.078740155,
      0.74803151 0.78740161 0.078740155,
      0.90551183 0.78740161 0,
      0.90551183 0.6889764 0,
      0.90610995 0.68213984 0,
      0.90788615 0.675511 0,
      0.91078636 0.66929135 0,
      0.91472267 0.66366977 0,
      0.91957526 0.65881713 0,
      0.92519684 0.65488087 0,
      0.93141653 0.65198062 0,
      0.93804533 0.65020441 0,
      0.94488193 0.6496063 0,
      0.95171845 0.65020441 0,
      0.95834725 0.65198062 0,
      0.96456694 0.65488087 0,
      0.97018852 0.65881713 0,
      0.97504111 0.66366977 0,
      0.97897742 0.66929135 0,
      0.98187762 0.675511 0,
      0.98365383 0.68213984 0,
      0.98425195 0.6889764 0,
      0.98425195 0.78740161 0,
      0.90551183 0.6889764 0,
      0.90551183 0.6889764 0.078740155,
      0.90551183 0.78740161 0.078740155,
      0.90551183 0.78740161 0,
      0.90551183 0.78740161 0,
      0.90551183 0.78740161 0.078740155,
      0.98425195 0.78740161 0.078740155,
      0.98425195 0.78740161 0,
      0.98425195 0.78740161 0,
      0.98425195 0.78740161 0.078740155,
      0.98425195 0.6889764 0.078740155,
      0.98425195 0.6889764 0,
      0.98425195 0.6889764 0,
      0.98425195 0.6889764 0.078740155,
      0.90551183 0.6889764 0.078740155,
      0.90610995 0.68213984 0.078740155,
      0.90788615 0.675511 0.078740155,
      0.91078636 0.66929135 0.078740155,
      0.91472267 0.66366977 0.078740155,
      0.91957526 0.65881713 0.078740155,
      0.92519684 0.65488087 0.078740155,
      0.93141653 0.65198062 0.078740155,
      0.93804533 0.65020441 0.078740155,
      0.94488193 0.6496063 0.078740155,
      0.95171845 0.65020441 0.078740155,
      0.95834725 0.65198062 0.078740155,
      0.96456694 0.65488087 0.078740155,
      0.97018852 0.65881713 0.078740155,
      0.97504111 0.66366977 0.078740155,
      0.97897742 0.66929135 0.078740155,
      0.98187762 0.675511 0.078740155,
      0.98365383 0.68213984 0.078740155,
      0.90551183 0.6889764 0,
      0.90610995 0.68213984 0,
      0.90788615 0.675511 0,
      0.91078636 0.66929135 0,
      0.91472267 0.66366977 0,
      0.91957526 0.65881713 0,
      0.92519684 0.65488087 0,
      0.93141653 0.65198062 0,
      0.93804533 0.65020441 0,
      0.94488193 0.6496063 0,
      0.95171845 0.65020441 0,
      0.95834725 0.65198062 0,
      0.96456694 0.65488087 0,
      0.97018852 0.65881713 0,
      0.97504111 0.66366977 0,
      0.97897742 0.66929135 0,
      0.98187762 0.675511 0,
      0.98365383 0.68213984 0,
      0.90551183 0.6889764 0.078740155,
      0.90610995 0.68213984 0.078740155,
      0.90788615 0.675511 0.078740155,
      0.91078636 0.66929135 0.078740155,
      0.91472267 0.66366977 0.078740155,
      0.91957526 0.65881713 0.078740155,
      0.92519684 0.65488087 0.078740155,
      0.93141653 0.65198062 0.078740155,
      0.93804533 0.65020441 0.078740155,
      0.94488193 0.6496063 0.078740155,
      0.95171845 0.65020441 0.078740155,
      0.95834725 0.65198062 0.078740155,
      0.96456694 0.65488087 0.078740155,
      0.97018852 0.65881713 0.078740155,
      0.97504111 0.66366977 0.078740155,
      0.97897742 0.66929135 0.078740155,
      0.98187762 0.675511 0.078740155,
      0.98365383 0.68213984 0.078740155,
      0.98425195 0.6889764 0.078740155,
      0.98425195 0.78740161 0.078740155,
      0.90551183 0.78740161 0.078740155,
      0.59055119 -0.6889764 0,
      0.5911493 -0.68213984 0,
      0.59292551 -0.675511 0,
      0.59582576 -0.66929135 0,
      0.59976202 -0.66366977 0,
      0.60461466 -0.65881713 0,
      0.61023624 -0.65488087 0,
      0.61645589 -0.65198062 0,
      0.62308473 -0.65020441 0,
      0.62992124 -0.6496063 0,
      0.6367578 -0.65020441 0,
      0.6433866 -0.65198062 0,
      0.6496063 -0.65488087 0,
      0.65522787 -0.65881713 0,
      0.66008051 -0.66366977 0,
      0.66401677 -0.66929135 0,
      0.66691702 -0.675511 0,
      0.66869323 -0.68213984 0,
      0.66929135 -0.6889764 0,
      0.66929135 -0.78740161 0,
      0.59055119 -0.78740161 0,
      0.59055119 -0.78740161 0,
      0.59055119 -0.6889764 0,
      0.59055119 -0.6889764 0.078740155,
      0.59055119 -0.78740161 0.078740155,
      0.59055119 -0.6889764 0,
      0.59055119 -0.6889764 0.078740155,
      0.5911493 -0.68213984 0.078740155,
      0.59292551 -0.675511 0.078740155,
      0.59582576 -0.66929135 0.078740155,
      0.59976202 -0.66366977 0.078740155,
      0.60461466 -0.65881713 0.078740155,
      0.61023624 -0.65488087 0.078740155,
      0.61645589 -0.65198062 0.078740155,
      0.62308473 -0.65020441 0.078740155,
      0.62992124 -0.6496063 0.078740155,
      0.6367578 -0.65020441 0.078740155,
      0.6433866 -0.65198062 0.078740155,
      0.6496063 -0.65488087 0.078740155,
      0.65522787 -0.65881713 0.078740155,
      0.66008051 -0.66366977 0.078740155,
      0.66401677 -0.66929135 0.078740155,
      0.66691702 -0.675511 0.078740155,
      0.66869323 -0.68213984 0.078740155,
      0.66929135 -0.6889764 0.078740155,
      0.66929135 -0.6889764 0,
      0.5911493 -0.68213984 0,
      0.59292551 -0.675511 0,
      0.59582576 -0.66929135 0,
      0.59976202 -0.66366977 0,
      0.60461466 -0.65881713 0,
      0.61023624 -0.65488087 0,
      0.61645589 -0.65198062 0,
      0.62308473 -0.65020441 0,
      0.62992124 -0.6496063 0,
      0.6367578 -0.65020441 0,
      0.6433866 -0.65198062 0,
      0.6496063 -0.65488087 0,
      0.65522787 -0.65881713 0,
      0.66008051 -0.66366977 0,
      0.66401677 -0.66929135 0,
      0.66691702 -0.675511 0,
      0.66869323 -0.68213984 0,
      0.66929135 -0.6889764 0,
      0.66929135 -0.78740161 0,
      0.66929135 -0.78740161 0.078740155,
      0.66929135 -0.6889764 0.078740155,
      0.66929135 -0.78740161 0,
      0.59055119 -0.78740161 0,
      0.59055119 -0.78740161 0.078740155,
      0.66929135 -0.78740161 0.078740155,
      0.59055119 -0.78740161 0.078740155,
      0.59055119 -0.6889764 0.078740155,
      0.5911493 -0.68213984 0.078740155,
      0.59292551 -0.675511 0.078740155,
      0.59582576 -0.66929135 0.078740155,
      0.59976202 -0.66366977 0.078740155,
      0.60461466 -0.65881713 0.078740155,
      0.61023624 -0.65488087 0.078740155,
      0.61645589 -0.65198062 0.078740155,
      0.62308473 -0.65020441 0.078740155,
      0.62992124 -0.6496063 0.078740155,
      0.6367578 -0.65020441 0.078740155,
      0.6433866 -0.65198062 0.078740155,
      0.6496063 -0.65488087 0.078740155,
      0.65522787 -0.65881713 0.078740155,
      0.66008051 -0.66366977 0.078740155,
      0.66401677 -0.66929135 0.078740155,
      0.66691702 -0.675511 0.078740155,
      0.66869323 -0.68213984 0.078740155,
      0.66929135 -0.6889764 0.078740155,
      0.66929135 -0.78740161 0.078740155,
      0.74803151 -0.6889764 0,
      0.74862963 -0.68213984 0,
      0.75040579 -0.675511 0,
      0.75330609 -0.66929135 0,
      0.75724234 -0.66366977 0,
      0.76209498 -0.65881713 0,
      0.76771651 -0.65488087 0,
      0.77393621 -0.65198062 0,
      0.78056501 -0.65020441 0,
      0.78740161 -0.6496063 0,
      0.79423812 -0.65020441 0,
      0.80086692 -0.65198062 0,
      0.80708662 -0.65488087 0,
      0.81270819 -0.65881713 0,
      0.81756079 -0.66366977 0,
      0.82149709 -0.66929135 0,
      0.8243973 -0.675511 0,
      0.82617351 -0.68213984 0,
      0.82677162 -0.6889764 0,
      0.82677162 -0.78740161 0,
      0.74803151 -0.78740161 0,
      0.74803151 -0.78740161 0,
      0.74803151 -0.6889764 0,
      0.74803151 -0.6889764 0.078740155,
      0.74803151 -0.78740161 0.078740155,
      0.74803151 -0.6889764 0,
      0.74803151 -0.6889764 0.078740155,
      0.74862963 -0.68213984 0.078740155,
      0.75040579 -0.675511 0.078740155,
      0.75330609 -0.66929135 0.078740155,
      0.75724234 -0.66366977 0.078740155,
      0.76209498 -0.65881713 0.078740155,
      0.76771651 -0.65488087 0.078740155,
      0.77393621 -0.65198062 0.078740155,
      0.78056501 -0.65020441 0.078740155,
      0.78740161 -0.6496063 0.078740155,
      0.79423812 -0.65020441 0.078740155,
      0.80086692 -0.65198062 0.078740155,
      0.80708662 -0.65488087 0.078740155,
      0.81270819 -0.65881713 0.078740155,
      0.81756079 -0.66366977 0.078740155,
      0.82149709 -0.66929135 0.078740155,
      0.8243973 -0.675511 0.078740155,
      0.82617351 -0.68213984 0.078740155,
      0.82677162 -0.6889764 0.078740155,
      0.82677162 -0.6889764 0,
      0.74862963 -0.68213984 0,
      0.75040579 -0.675511 0,
      0.75330609 -0.66929135 0,
      0.75724234 -0.66366977 0,
      0.76209498 -0.65881713 0,
      0.76771651 -0.65488087 0,
      0.77393621 -0.65198062 0,
      0.78056501 -0.65020441 0,
      0.78740161 -0.6496063 0,
      0.79423812 -0.65020441 0,
      0.80086692 -0.65198062 0,
      0.80708662 -0.65488087 0,
      0.81270819 -0.65881713 0,
      0.81756079 -0.66366977 0,
      0.82149709 -0.66929135 0,
      0.8243973 -0.675511 0,
      0.82617351 -0.68213984 0,
      0.82677162 -0.6889764 0,
      0.82677162 -0.78740161 0,
      0.82677162 -0.78740161 0.078740155,
      0.82677162 -0.6889764 0.078740155,
      0.82677162 -0.78740161 0,
      0.74803151 -0.78740161 0,
      0.74803151 -0.78740161 0.078740155,
      0.82677162 -0.78740161 0.078740155,
      0.74803151 -0.78740161 0.078740155,
      0.74803151 -0.6889764 0.078740155,
      0.74862963 -0.68213984 0.078740155,
      0.75040579 -0.675511 0.078740155,
      0.75330609 -0.66929135 0.078740155,
      0.75724234 -0.66366977 0.078740155,
      0.76209498 -0.65881713 0.078740155,
      0.76771651 -0.65488087 0.078740155,
      0.77393621 -0.65198062 0.078740155,
      0.78056501 -0.65020441 0.078740155,
      0.78740161 -0.6496063 0.078740155,
      0.79423812 -0.65020441 0.078740155,
      0.80086692 -0.65198062 0.078740155,
      0.80708662 -0.65488087 0.078740155,
      0.81270819 -0.65881713 0.078740155,
      0.81756079 -0.66366977 0.078740155,
      0.82149709 -0.66929135 0.078740155,
      0.8243973 -0.675511 0.078740155,
      0.82617351 -0.68213984 0.078740155,
      0.82677162 -0.6889764 0.078740155,
      0.82677162 -0.78740161 0.078740155,
      0.90551183 -0.6889764 0,
      0.90610995 -0.68213984 0,
      0.90788615 -0.675511 0,
      0.91078636 -0.66929135 0,
      0.91472267 -0.66366977 0,
      0.91957526 -0.65881713 0,
      0.92519684 -0.65488087 0,
      0.93141653 -0.65198062 0,
      0.93804533 -0.65020441 0,
      0.94488193 -0.6496063 0,
      0.95171845 -0.65020441 0,
      0.95834725 -0.65198062 0,
      0.96456694 -0.65488087 0,
      0.97018852 -0.65881713 0,
      0.97504111 -0.66366977 0,
      0.97897742 -0.66929135 0,
      0.98187762 -0.675511 0,
      0.98365383 -0.68213984 0,
      0.98425195 -0.6889764 0,
      0.98425195 -0.78740161 0,
      0.90551183 -0.78740161 0,
      0.90551183 -0.78740161 0,
      0.90551183 -0.6889764 0,
      0.90551183 -0.6889764 0.078740155,
      0.90551183 -0.78740161 0.078740155,
      0.90551183 -0.6889764 0,
      0.90551183 -0.6889764 0.078740155,
      0.90610995 -0.68213984 0.078740155,
      0.90788615 -0.675511 0.078740155,
      0.91078636 -0.66929135 0.078740155,
      0.91472267 -0.66366977 0.078740155,
      0.91957526 -0.65881713 0.078740155,
      0.92519684 -0.65488087 0.078740155,
      0.93141653 -0.65198062 0.078740155,
      0.93804533 -0.65020441 0.078740155,
      0.94488193 -0.6496063 0.078740155,
      0.95171845 -0.65020441 0.078740155,
      0.95834725 -0.65198062 0.078740155,
      0.96456694 -0.65488087 0.078740155,
      0.97018852 -0.65881713 0.078740155,
      0.97504111 -0.66366977 0.078740155,
      0.97897742 -0.66929135 0.078740155,
      0.98187762 -0.675511 0.078740155,
      0.98365383 -0.68213984 0.078740155,
      0.98425195 -0.6889764 0.078740155,
      0.98425195 -0.6889764 0,
      0.90610995 -0.68213984 0,
      0.90788615 -0.675511 0,
      0.91078636 -0.66929135 0,
      0.91472267 -0.66366977 0,
      0.91957526 -0.65881713 0,
      0.92519684 -0.65488087 0,
      0.93141653 -0.65198062 0,
      0.93804533 -0.65020441 0,
      0.94488193 -0.6496063 0,
      0.95171845 -0.65020441 0,
      0.95834725 -0.65198062 0,
      0.96456694 -0.65488087 0,
      0.97018852 -0.65881713 0,
      0.97504111 -0.66366977 0,
      0.97897742 -0.66929135 0,
      0.98187762 -0.675511 0,
      0.98365383 -0.68213984 0,
      0.98425195 -0.6889764 0,
      0.98425195 -0.78740161 0,
      0.98425195 -0.78740161 0.078740155,
      0.98425195 -0.6889764 0.078740155,
      0.98425195 -0.78740161 0,
      0.90551183 -0.78740161 0,
      0.90551183 -0.78740161 0.078740155,
      0.98425195 -0.78740161 0.078740155,
      0.90551183 -0.78740161 0.078740155,
      0.90551183 -0.6889764 0.078740155,
      0.90610995 -0.68213984 0.078740155,
      0.90788615 -0.675511 0.078740155,
      0.91078636 -0.66929135 0.078740155,
      0.91472267 -0.66366977 0.078740155,
      0.91957526 -0.65881713 0.078740155,
      0.92519684 -0.65488087 0.078740155,
      0.93141653 -0.65198062 0.078740155,
      0.93804533 -0.65020441 0.078740155,
      0.94488193 -0.6496063 0.078740155,
      0.95171845 -0.65020441 0.078740155,
      0.95834725 -0.65198062 0.078740155,
      0.96456694 -0.65488087 0.078740155,
      0.97018852 -0.65881713 0.078740155,
      0.97504111 -0.66366977 0.078740155,
      0.97897742 -0.66929135 0.078740155,
      0.98187762 -0.675511 0.078740155,
      0.98365383 -0.68213984 0.078740155,
      0.98425195 -0.6889764 0.078740155,
      0.98425195 -0.78740161 0.078740155,
      -1.0433071 -0.39370081 0,
      -1.0439052 -0.40053732 0,
      -1.0456814 -0.40716616 0,
      -1.0485817 -0.41338581 0,
      -1.0525179 -0.41900739 0,
      -1.0573706 -0.42386003 0,
      -1.0629922 -0.42779629 0,
      -1.0692118 -0.43069654 0,
      -1.0758406 -0.43247275 0,
      -1.0826772 -0.43307086 0,
      -1.1811024 -0.43307086 0,
      -1.1811024 -0.3543307 0,
      -1.0826772 -0.3543307 0,
      -1.0758406 -0.35492882 0,
      -1.0692118 -0.35670503 0,
      -1.0629922 -0.3596053 0,
      -1.0573706 -0.36354156 0,
      -1.0525179 -0.36839418 0,
      -1.0485817 -0.37401575 0,
      -1.0456814 -0.38023543 0,
      -1.0439052 -0.38686425 0,
      -1.0826772 -0.3543307 0,
      -1.0826772 -0.3543307 0.078740155,
      -1.0758406 -0.35492882 0.078740155,
      -1.0692118 -0.35670503 0.078740155,
      -1.0629922 -0.3596053 0.078740155,
      -1.0573706 -0.36354156 0.078740155,
      -1.0525179 -0.36839418 0.078740155,
      -1.0485817 -0.37401575 0.078740155,
      -1.0456814 -0.38023543 0.078740155,
      -1.0439052 -0.38686425 0.078740155,
      -1.0433071 -0.39370081 0.078740155,
      -1.0433071 -0.39370081 0,
      -1.0758406 -0.35492882 0,
      -1.0692118 -0.35670503 0,
      -1.0629922 -0.3596053 0,
      -1.0573706 -0.36354156 0,
      -1.0525179 -0.36839418 0,
      -1.0485817 -0.37401575 0,
      -1.0456814 -0.38023543 0,
      -1.0439052 -0.38686425 0,
      -1.0433071 -0.39370081 0,
      -1.0433071 -0.39370081 0.078740155,
      -1.0439052 -0.40053732 0.078740155,
      -1.0456814 -0.40716616 0.078740155,
      -1.0485817 -0.41338581 0.078740155,
      -1.0525179 -0.41900739 0.078740155,
      -1.0573706 -0.42386003 0.078740155,
      -1.0629922 -0.42779629 0.078740155,
      -1.0692118 -0.43069654 0.078740155,
      -1.0758406 -0.43247275 0.078740155,
      -1.0826772 -0.43307086 0.078740155,
      -1.0826772 -0.43307086 0,
      -1.0439052 -0.40053732 0,
      -1.0456814 -0.40716616 0,
      -1.0485817 -0.41338581 0,
      -1.0525179 -0.41900739 0,
      -1.0573706 -0.42386003 0,
      -1.0629922 -0.42779629 0,
      -1.0692118 -0.43069654 0,
      -1.0758406 -0.43247275 0,
      -1.0826772 -0.43307086 0,
      -1.0826772 -0.43307086 0.078740155,
      -1.1811024 -0.43307086 0.078740155,
      -1.1811024 -0.43307086 0,
      -1.1811024 -0.43307086 0,
      -1.1811024 -0.43307086 0.078740155,
      -1.1811024 -0.3543307 0.078740155,
      -1.1811024 -0.3543307 0,
      -1.1811024 -0.3543307 0,
      -1.1811024 -0.3543307 0.078740155,
      -1.0826772 -0.3543307 0.078740155,
      -1.0826772 -0.3543307 0,
      -1.0826772 -0.3543307 0.078740155,
      -1.0758406 -0.35492882 0.078740155,
      -1.0692118 -0.35670503 0.078740155,
      -1.0629922 -0.3596053 0.078740155,
      -1.0573706 -0.36354156 0.078740155,
      -1.0525179 -0.36839418 0.078740155,
      -1.0485817 -0.37401575 0.078740155,
      -1.0456814 -0.38023543 0.078740155,
      -1.0439052 -0.38686425 0.078740155,
      -1.0433071 -0.39370081 0.078740155,
      -1.0439052 -0.40053732 0.078740155,
      -1.0456814 -0.40716616 0.078740155,
      -1.0485817 -0.41338581 0.078740155,
      -1.0525179 -0.41900739 0.078740155,
      -1.0573706 -0.42386003 0.078740155,
      -1.0629922 -0.42779629 0.078740155,
      -1.0692118 -0.43069654 0.078740155,
      -1.0758406 -0.43247275 0.078740155,
      -1.0826772 -0.43307086 0.078740155,
      -1.1811024 -0.43307086 0.078740155,
      -1.1811024 -0.3543307 0.078740155,
      -1.0433071 -0.23622048 0,
      -1.0439052 -0.24305702 0,
      -1.0456814 -0.24968584 0,
      -1.0485817 -0.25590551 0,
      -1.0525179 -0.26152707 0,
      -1.0573706 -0.26637971 0,
      -1.0629922 -0.27031596 0,
      -1.0692118 -0.27321624 0,
      -1.0758406 -0.27499242 0,
      -1.0826772 -0.27559054 0,
      -1.1811024 -0.27559054 0,
      -1.1811024 -0.1968504 0,
      -1.0826772 -0.1968504 0,
      -1.0758406 -0.19744852 0,
      -1.0692118 -0.1992247 0,
      -1.0629922 -0.20212498 0,
      -1.0573706 -0.20606124 0,
      -1.0525179 -0.21091388 0,
      -1.0485817 -0.21653543 0,
      -1.0456814 -0.2227551 0,
      -1.0439052 -0.22938393 0,
      -1.0826772 -0.1968504 0,
      -1.0826772 -0.1968504 0.078740155,
      -1.0758406 -0.19744852 0.078740155,
      -1.0692118 -0.1992247 0.078740155,
      -1.0629922 -0.20212498 0.078740155,
      -1.0573706 -0.20606124 0.078740155,
      -1.0525179 -0.21091388 0.078740155,
      -1.0485817 -0.21653543 0.078740155,
      -1.0456814 -0.2227551 0.078740155,
      -1.0439052 -0.22938393 0.078740155,
      -1.0433071 -0.23622048 0.078740155,
      -1.0433071 -0.23622048 0,
      -1.0758406 -0.19744852 0,
      -1.0692118 -0.1992247 0,
      -1.0629922 -0.20212498 0,
      -1.0573706 -0.20606124 0,
      -1.0525179 -0.21091388 0,
      -1.0485817 -0.21653543 0,
      -1.0456814 -0.2227551 0,
      -1.0439052 -0.22938393 0,
      -1.0433071 -0.23622048 0,
      -1.0433071 -0.23622048 0.078740155,
      -1.0439052 -0.24305702 0.078740155,
      -1.0456814 -0.24968584 0.078740155,
      -1.0485817 -0.25590551 0.078740155,
      -1.0525179 -0.26152707 0.078740155,
      -1.0573706 -0.26637971 0.078740155,
      -1.0629922 -0.27031596 0.078740155,
      -1.0692118 -0.27321624 0.078740155,
      -1.0758406 -0.27499242 0.078740155,
      -1.0826772 -0.27559054 0.078740155,
      -1.0826772 -0.27559054 0,
      -1.0439052 -0.24305702 0,
      -1.0456814 -0.24968584 0,
      -1.0485817 -0.25590551 0,
      -1.0525179 -0.26152707 0,
      -1.0573706 -0.26637971 0,
      -1.0629922 -0.27031596 0,
      -1.0692118 -0.27321624 0,
      -1.0758406 -0.27499242 0,
      -1.0826772 -0.27559054 0,
      -1.0826772 -0.27559054 0.078740155,
      -1.1811024 -0.27559054 0.078740155,
      -1.1811024 -0.27559054 0,
      -1.1811024 -0.27559054 0,
      -1.1811024 -0.27559054 0.078740155,
      -1.1811024 -0.1968504 0.078740155,
      -1.1811024 -0.1968504 0,
      -1.1811024 -0.1968504 0,
      -1.1811024 -0.1968504 0.078740155,
      -1.0826772 -0.1968504 0.078740155,
      -1.0826772 -0.1968504 0,
      -1.0826772 -0.1968504 0.078740155,
      -1.0758406 -0.19744852 0.078740155,
      -1.0692118 -0.1992247 0.078740155,
      -1.0629922 -0.20212498 0.078740155,
      -1.0573706 -0.20606124 0.078740155,
      -1.0525179 -0.21091388 0.078740155,
      -1.0485817 -0.21653543 0.078740155,
      -1.0456814 -0.2227551 0.078740155,
      -1.0439052 -0.22938393 0.078740155,
      -1.0433071 -0.23622048 0.078740155,
      -1.0439052 -0.24305702 0.078740155,
      -1.0456814 -0.24968584 0.078740155,
      -1.0485817 -0.25590551 0.078740155,
      -1.0525179 -0.26152707 0.078740155,
      -1.0573706 -0.26637971 0.078740155,
      -1.0629922 -0.27031596 0.078740155,
      -1.0692118 -0.27321624 0.078740155,
      -1.0758406 -0.27499242 0.078740155,
      -1.0826772 -0.27559054 0.078740155,
      -1.1811024 -0.27559054 0.078740155,
      -1.1811024 -0.1968504 0.078740155,
      -1.0433071 -0.078740155 0,
      -1.0439052 -0.085576703 0,
      -1.0456814 -0.092205518 0,
      -1.0485817 -0.098425202 0,
      -1.0525179 -0.10404676 0,
      -1.0573706 -0.10889938 0,
      -1.0629922 -0.11283564 0,
      -1.0692118 -0.11573593 0,
      -1.0758406 -0.11751211 0,
      -1.0826772 -0.11811024 0,
      -1.1811024 -0.11811024 0,
      -1.1811024 -0.039370078 0,
      -1.0826772 -0.039370078 0,
      -1.0758406 -0.039968199 0,
      -1.0692118 -0.041744386 0,
      -1.0629922 -0.044644669 0,
      -1.0573706 -0.048580927 0,
      -1.0525179 -0.053433561 0,
      -1.0485817 -0.059055121 0,
      -1.0456814 -0.065274799 0,
      -1.0439052 -0.071903614 0,
      -1.0826772 -0.039370078 0,
      -1.0826772 -0.039370078 0.078740155,
      -1.0758406 -0.039968199 0.078740155,
      -1.0692118 -0.041744386 0.078740155,
      -1.0629922 -0.044644669 0.078740155,
      -1.0573706 -0.048580927 0.078740155,
      -1.0525179 -0.053433561 0.078740155,
      -1.0485817 -0.059055121 0.078740155,
      -1.0456814 -0.065274799 0.078740155,
      -1.0439052 -0.071903614 0.078740155,
      -1.0433071 -0.078740155 0.078740155,
      -1.0433071 -0.078740155 0,
      -1.0758406 -0.039968199 0,
      -1.0692118 -0.041744386 0,
      -1.0629922 -0.044644669 0,
      -1.0573706 -0.048580927 0,
      -1.0525179 -0.053433561 0,
      -1.0485817 -0.059055121 0,
      -1.0456814 -0.065274799 0,
      -1.0439052 -0.071903614 0,
      -1.0433071 -0.078740155 0,
      -1.0433071 -0.078740155 0.078740155,
      -1.0439052 -0.085576703 0.078740155,
      -1.0456814 -0.092205518 0.078740155,
      -1.0485817 -0.098425202 0.078740155,
      -1.0525179 -0.10404676 0.078740155,
      -1.0573706 -0.10889938 0.078740155,
      -1.0629922 -0.11283564 0.078740155,
      -1.0692118 -0.11573593 0.078740155,
      -1.0758406 -0.11751211 0.078740155,
      -1.0826772 -0.11811024 0.078740155,
      -1.0826772 -0.11811024 0,
      -1.0439052 -0.085576703 0,
      -1.0456814 -0.092205518 0,
      -1.0485817 -0.098425202 0,
      -1.0525179 -0.10404676 0,
      -1.0573706 -0.10889938 0,
      -1.0629922 -0.11283564 0,
      -1.0692118 -0.11573593 0,
      -1.0758406 -0.11751211 0,
      -1.0826772 -0.11811024 0,
      -1.0826772 -0.11811024 0.078740155,
      -1.1811024 -0.11811024 0.078740155,
      -1.1811024 -0.11811024 0,
      -1.1811024 -0.11811024 0,
      -1.1811024 -0.11811024 0.078740155,
      -1.1811024 -0.039370078 0.078740155,
      -1.1811024 -0.039370078 0,
      -1.1811024 -0.039370078 0,
      -1.1811024 -0.039370078 0.078740155,
      -1.0826772 -0.039370078 0.078740155,
      -1.0826772 -0.039370078 0,
      -1.0826772 -0.039370078 0.078740155,
      -1.0758406 -0.039968199 0.078740155,
      -1.0692118 -0.041744386 0.078740155,
      -1.0629922 -0.044644669 0.078740155,
      -1.0573706 -0.048580927 0.078740155,
      -1.0525179 -0.053433561 0.078740155,
      -1.0485817 -0.059055121 0.078740155,
      -1.0456814 -0.065274799 0.078740155,
      -1.0439052 -0.071903614 0.078740155,
      -1.0433071 -0.078740155 0.078740155,
      -1.0439052 -0.085576703 0.078740155,
      -1.0456814 -0.092205518 0.078740155,
      -1.0485817 -0.098425202 0.078740155,
      -1.0525179 -0.10404676 0.078740155,
      -1.0573706 -0.10889938 0.078740155,
      -1.0629922 -0.11283564 0.078740155,
      -1.0692118 -0.11573593 0.078740155,
      -1.0758406 -0.11751211 0.078740155,
      -1.0826772 -0.11811024 0.078740155,
      -1.1811024 -0.11811024 0.078740155,
      -1.1811024 -0.039370078 0.078740155,
      -1.0433071 0.078740155 0,
      -1.0439052 0.071903614 0,
      -1.0456814 0.065274799 0,
      -1.0485817 0.059055121 0,
      -1.0525179 0.053433561 0,
      -1.0573706 0.048580927 0,
      -1.0629922 0.044644669 0,
      -1.0692118 0.041744386 0,
      -1.0758406 0.039968199 0,
      -1.0826772 0.039370078 0,
      -1.1811024 0.039370078 0,
      -1.1811024 0.11811024 0,
      -1.0826772 0.11811024 0,
      -1.0758406 0.11751211 0,
      -1.0692118 0.11573593 0,
      -1.0629922 0.11283564 0,
      -1.0573706 0.10889938 0,
      -1.0525179 0.10404676 0,
      -1.0485817 0.098425202 0,
      -1.0456814 0.092205518 0,
      -1.0439052 0.085576703 0,
      -1.0826772 0.11811024 0,
      -1.0826772 0.11811024 0.078740155,
      -1.0758406 0.11751211 0.078740155,
      -1.0692118 0.11573593 0.078740155,
      -1.0629922 0.11283564 0.078740155,
      -1.0573706 0.10889938 0.078740155,
      -1.0525179 0.10404676 0.078740155,
      -1.0485817 0.098425202 0.078740155,
      -1.0456814 0.092205518 0.078740155,
      -1.0439052 0.085576703 0.078740155,
      -1.0433071 0.078740155 0.078740155,
      -1.0433071 0.078740155 0,
      -1.0758406 0.11751211 0,
      -1.0692118 0.11573593 0,
      -1.0629922 0.11283564 0,
      -1.0573706 0.10889938 0,
      -1.0525179 0.10404676 0,
      -1.0485817 0.098425202 0,
      -1.0456814 0.092205518 0,
      -1.0439052 0.085576703 0,
      -1.0433071 0.078740155 0,
      -1.0433071 0.078740155 0.078740155,
      -1.0439052 0.071903614 0.078740155,
      -1.0456814 0.065274799 0.078740155,
      -1.0485817 0.059055121 0.078740155,
      -1.0525179 0.053433561 0.078740155,
      -1.0573706 0.048580927 0.078740155,
      -1.0629922 0.044644669 0.078740155,
      -1.0692118 0.041744386 0.078740155,
      -1.0758406 0.039968199 0.078740155,
      -1.0826772 0.039370078 0.078740155,
      -1.0826772 0.039370078 0,
      -1.0439052 0.071903614 0,
      -1.0456814 0.065274799 0,
      -1.0485817 0.059055121 0,
      -1.0525179 0.053433561 0,
      -1.0573706 0.048580927 0,
      -1.0629922 0.044644669 0,
      -1.0692118 0.041744386 0,
      -1.0758406 0.039968199 0,
      -1.0826772 0.039370078 0,
      -1.0826772 0.039370078 0.078740155,
      -1.1811024 0.039370078 0.078740155,
      -1.1811024 0.039370078 0,
      -1.1811024 0.039370078 0,
      -1.1811024 0.039370078 0.078740155,
      -1.1811024 0.11811024 0.078740155,
      -1.1811024 0.11811024 0,
      -1.1811024 0.11811024 0,
      -1.1811024 0.11811024 0.078740155,
      -1.0826772 0.11811024 0.078740155,
      -1.0826772 0.11811024 0,
      -1.0826772 0.11811024 0.078740155,
      -1.0758406 0.11751211 0.078740155,
      -1.0692118 0.11573593 0.078740155,
      -1.0629922 0.11283564 0.078740155,
      -1.0573706 0.10889938 0.078740155,
      -1.0525179 0.10404676 0.078740155,
      -1.0485817 0.098425202 0.078740155,
      -1.0456814 0.092205518 0.078740155,
      -1.0439052 0.085576703 0.078740155,
      -1.0433071 0.078740155 0.078740155,
      -1.0439052 0.071903614 0.078740155,
      -1.0456814 0.065274799 0.078740155,
      -1.0485817 0.059055121 0.078740155,
      -1.0525179 0.053433561 0.078740155,
      -1.0573706 0.048580927 0.078740155,
      -1.0629922 0.044644669 0.078740155,
      -1.0692118 0.041744386 0.078740155,
      -1.0758406 0.039968199 0.078740155,
      -1.0826772 0.039370078 0.078740155,
      -1.1811024 0.039370078 0.078740155,
      -1.1811024 0.11811024 0.078740155,
      -1.0433071 0.23622048 0,
      -1.0439052 0.22938393 0,
      -1.0456814 0.2227551 0,
      -1.0485817 0.21653543 0,
      -1.0525179 0.21091388 0,
      -1.0573706 0.20606124 0,
      -1.0629922 0.20212498 0,
      -1.0692118 0.1992247 0,
      -1.0758406 0.19744852 0,
      -1.0826772 0.1968504 0,
      -1.1811024 0.1968504 0,
      -1.1811024 0.27559054 0,
      -1.0826772 0.27559054 0,
      -1.0758406 0.27499242 0,
      -1.0692118 0.27321624 0,
      -1.0629922 0.27031596 0,
      -1.0573706 0.26637971 0,
      -1.0525179 0.26152707 0,
      -1.0485817 0.25590551 0,
      -1.0456814 0.24968584 0,
      -1.0439052 0.24305702 0,
      -1.0826772 0.27559054 0,
      -1.0826772 0.27559054 0.078740155,
      -1.0758406 0.27499242 0.078740155,
      -1.0692118 0.27321624 0.078740155,
      -1.0629922 0.27031596 0.078740155,
      -1.0573706 0.26637971 0.078740155,
      -1.0525179 0.26152707 0.078740155,
      -1.0485817 0.25590551 0.078740155,
      -1.0456814 0.24968584 0.078740155,
      -1.0439052 0.24305702 0.078740155,
      -1.0433071 0.23622048 0.078740155,
      -1.0433071 0.23622048 0,
      -1.0758406 0.27499242 0,
      -1.0692118 0.27321624 0,
      -1.0629922 0.27031596 0,
      -1.0573706 0.26637971 0,
      -1.0525179 0.26152707 0,
      -1.0485817 0.25590551 0,
      -1.0456814 0.24968584 0,
      -1.0439052 0.24305702 0,
      -1.0433071 0.23622048 0,
      -1.0433071 0.23622048 0.078740155,
      -1.0439052 0.22938393 0.078740155,
      -1.0456814 0.2227551 0.078740155,
      -1.0485817 0.21653543 0.078740155,
      -1.0525179 0.21091388 0.078740155,
      -1.0573706 0.20606124 0.078740155,
      -1.0629922 0.20212498 0.078740155,
      -1.0692118 0.1992247 0.078740155,
      -1.0758406 0.19744852 0.078740155,
      -1.0826772 0.1968504 0.078740155,
      -1.0826772 0.1968504 0,
      -1.0439052 0.22938393 0,
      -1.0456814 0.2227551 0,
      -1.0485817 0.21653543 0,
      -1.0525179 0.21091388 0,
      -1.0573706 0.20606124 0,
      -1.0629922 0.20212498 0,
      -1.0692118 0.1992247 0,
      -1.0758406 0.19744852 0,
      -1.0826772 0.1968504 0,
      -1.0826772 0.1968504 0.078740155,
      -1.1811024 0.1968504 0.078740155,
      -1.1811024 0.1968504 0,
      -1.1811024 0.1968504 0,
      -1.1811024 0.1968504 0.078740155,
      -1.1811024 0.27559054 0.078740155,
      -1.1811024 0.27559054 0,
      -1.1811024 0.27559054 0,
      -1.1811024 0.27559054 0.078740155,
      -1.0826772 0.27559054 0.078740155,
      -1.0826772 0.27559054 0,
      -1.0826772 0.27559054 0.078740155,
      -1.0758406 0.27499242 0.078740155,
      -1.0692118 0.27321624 0.078740155,
      -1.0629922 0.27031596 0.078740155,
      -1.0573706 0.26637971 0.078740155,
      -1.0525179 0.26152707 0.078740155,
      -1.0485817 0.25590551 0.078740155,
      -1.0456814 0.24968584 0.078740155,
      -1.0439052 0.24305702 0.078740155,
      -1.0433071 0.23622048 0.078740155,
      -1.0439052 0.22938393 0.078740155,
      -1.0456814 0.2227551 0.078740155,
      -1.0485817 0.21653543 0.078740155,
      -1.0525179 0.21091388 0.078740155,
      -1.0573706 0.20606124 0.078740155,
      -1.0629922 0.20212498 0.078740155,
      -1.0692118 0.1992247 0.078740155,
      -1.0758406 0.19744852 0.078740155,
      -1.0826772 0.1968504 0.078740155,
      -1.1811024 0.1968504 0.078740155,
      -1.1811024 0.27559054 0.078740155,
      -1.0433071 0.39370081 0,
      -1.0439052 0.38686425 0,
      -1.0456814 0.38023543 0,
      -1.0485817 0.37401575 0,
      -1.0525179 0.36839418 0,
      -1.0573706 0.36354156 0,
      -1.0629922 0.3596053 0,
      -1.0692118 0.35670503 0,
      -1.0758406 0.35492882 0,
      -1.0826772 0.3543307 0,
      -1.1811024 0.3543307 0,
      -1.1811024 0.43307086 0,
      -1.0826772 0.43307086 0,
      -1.0758406 0.43247275 0,
      -1.0692118 0.43069654 0,
      -1.0629922 0.42779629 0,
      -1.0573706 0.42386003 0,
      -1.0525179 0.41900739 0,
      -1.0485817 0.41338581 0,
      -1.0456814 0.40716616 0,
      -1.0439052 0.40053732 0,
      -1.0826772 0.43307086 0,
      -1.0826772 0.43307086 0.078740155,
      -1.0758406 0.43247275 0.078740155,
      -1.0692118 0.43069654 0.078740155,
      -1.0629922 0.42779629 0.078740155,
      -1.0573706 0.42386003 0.078740155,
      -1.0525179 0.41900739 0.078740155,
      -1.0485817 0.41338581 0.078740155,
      -1.0456814 0.40716616 0.078740155,
      -1.0439052 0.40053732 0.078740155,
      -1.0433071 0.39370081 0.078740155,
      -1.0433071 0.39370081 0,
      -1.0758406 0.43247275 0,
      -1.0692118 0.43069654 0,
      -1.0629922 0.42779629 0,
      -1.0573706 0.42386003 0,
      -1.0525179 0.41900739 0,
      -1.0485817 0.41338581 0,
      -1.0456814 0.40716616 0,
      -1.0439052 0.40053732 0,
      -1.0433071 0.39370081 0,
      -1.0433071 0.39370081 0.078740155,
      -1.0439052 0.38686425 0.078740155,
      -1.0456814 0.38023543 0.078740155,
      -1.0485817 0.37401575 0.078740155,
      -1.0525179 0.36839418 0.078740155,
      -1.0573706 0.36354156 0.078740155,
      -1.0629922 0.3596053 0.078740155,
      -1.0692118 0.35670503 0.078740155,
      -1.0758406 0.35492882 0.078740155,
      -1.0826772 0.3543307 0.078740155,
      -1.0826772 0.3543307 0,
      -1.0439052 0.38686425 0,
      -1.0456814 0.38023543 0,
      -1.0485817 0.37401575 0,
      -1.0525179 0.36839418 0,
      -1.0573706 0.36354156 0,
      -1.0629922 0.3596053 0,
      -1.0692118 0.35670503 0,
      -1.0758406 0.35492882 0,
      -1.0826772 0.3543307 0,
      -1.0826772 0.3543307 0.078740155,
      -1.1811024 0.3543307 0.078740155,
      -1.1811024 0.3543307 0,
      -1.1811024 0.3543307 0,
      -1.1811024 0.3543307 0.078740155,
      -1.1811024 0.43307086 0.078740155,
      -1.1811024 0.43307086 0,
      -1.1811024 0.43307086 0,
      -1.1811024 0.43307086 0.078740155,
      -1.0826772 0.43307086 0.078740155,
      -1.0826772 0.43307086 0,
      -1.0826772 0.43307086 0.078740155,
      -1.0758406 0.43247275 0.078740155,
      -1.0692118 0.43069654 0.078740155,
      -1.0629922 0.42779629 0.078740155,
      -1.0573706 0.42386003 0.078740155,
      -1.0525179 0.41900739 0.078740155,
      -1.0485817 0.41338581 0.078740155,
      -1.0456814 0.40716616 0.078740155,
      -1.0439052 0.40053732 0.078740155,
      -1.0433071 0.39370081 0.078740155,
      -1.0439052 0.38686425 0.078740155,
      -1.0456814 0.38023543 0.078740155,
      -1.0485817 0.37401575 0.078740155,
      -1.0525179 0.36839418 0.078740155,
      -1.0573706 0.36354156 0.078740155,
      -1.0629922 0.3596053 0.078740155,
      -1.0692118 0.35670503 0.078740155,
      -1.0758406 0.35492882 0.078740155,
      -1.0826772 0.3543307 0.078740155,
      -1.1811024 0.3543307 0.078740155,
      -1.1811024 0.43307086 0.078740155,
      1.0433071 0.43307086 0,
      1.0433071 0.43307086 0.078740155,
      1.0826772 0.47244097 0.078740155,
      1.0758406 0.4718428 0.078740155,
      1.0692118 0.47006664 0.078740155,
      1.0629922 0.46716634 0.078740155,
      1.0573706 0.46323009 0.078740155,
      1.0525179 0.45837745 0.078740155,
      1.0485817 0.45275592 0.078740155,
      1.0456814 0.44653622 0.078740155,
      1.0439052 0.43990742 0.078740155,
      1.0826772 0.47244097 0,
      1.0758406 0.4718428 0,
      1.0692118 0.47006664 0,
      1.0629922 0.46716634 0,
      1.0573706 0.46323009 0,
      1.0525179 0.45837745 0,
      1.0485817 0.45275592 0,
      1.0456814 0.44653622 0,
      1.0439052 0.43990742 0,
      1.0826772 0.47244097 0,
      1.1811024 0.47244097 0,
      1.0758406 0.4718428 0,
      1.0692118 0.47006664 0,
      1.0629922 0.46716634 0,
      1.0573706 0.46323009 0,
      1.0525179 0.45837745 0,
      1.0485817 0.45275592 0,
      1.0456814 0.44653622 0,
      1.0439052 0.43990742 0,
      1.0433071 0.43307086 0,
      1.0433071 0.078740155 0,
      1.0439052 0.071903614 0,
      1.0456814 0.065274799 0,
      1.0485817 0.059055121 0,
      1.0525179 0.053433561 0,
      1.0573706 0.048580927 0,
      1.0629922 0.044644669 0,
      1.0692118 0.041744386 0,
      1.0758406 0.039968199 0,
      1.0826772 0.039370078 0,
      1.1811024 0.039370078 0,
      1.1811024 0.11811024 0,
      1.1220473 0.11811024 0,
      1.1220473 0.21653543 0,
      1.1811024 0.21653543 0,
      1.1811024 0.29527559 0,
      1.1220473 0.29527559 0,
      1.1220473 0.39370081 0,
      1.1811024 0.39370081 0,
      1.1811024 0.47244097 0.078740155,
      1.0826772 0.47244097 0.078740155,
      1.0826772 0.47244097 0,
      1.1811024 0.47244097 0,
      1.0826772 0.47244097 0.078740155,
      1.0758406 0.4718428 0.078740155,
      1.0692118 0.47006664 0.078740155,
      1.0629922 0.46716634 0.078740155,
      1.0573706 0.46323009 0.078740155,
      1.0525179 0.45837745 0.078740155,
      1.0485817 0.45275592 0.078740155,
      1.0456814 0.44653622 0.078740155,
      1.0439052 0.43990742 0.078740155,
      1.0433071 0.43307086 0.078740155,
      1.0433071 0.078740155 0.078740155,
      1.0439052 0.071903614 0.078740155,
      1.0456814 0.065274799 0.078740155,
      1.0485817 0.059055121 0.078740155,
      1.0525179 0.053433561 0.078740155,
      1.0573706 0.048580927 0.078740155,
      1.0629922 0.044644669 0.078740155,
      1.0692118 0.041744386 0.078740155,
      1.0758406 0.039968199 0.078740155,
      1.0826772 0.039370078 0.078740155,
      1.1811024 0.039370078 0.078740155,
      1.1811024 0.11811024 0.078740155,
      1.1220473 0.11811024 0.078740155,
      1.1220473 0.21653543 0.078740155,
      1.1811024 0.21653543 0.078740155,
      1.1811024 0.29527559 0.078740155,
      1.1220473 0.29527559 0.078740155,
      1.1220473 0.39370081 0.078740155,
      1.1811024 0.39370081 0.078740155,
      1.1811024 0.47244097 0.078740155,
      1.1811024 0.39370081 0,
      1.1811024 0.47244097 0,
      1.1811024 0.39370081 0.078740155,
      1.1811024 0.47244097 0.078740155,
      1.1220473 0.39370081 0,
      1.1811024 0.39370081 0,
      1.1220473 0.39370081 0.078740155,
      1.1811024 0.39370081 0.078740155,
      1.1220473 0.29527559 0,
      1.1220473 0.39370081 0,
      1.1220473 0.29527559 0.078740155,
      1.1220473 0.39370081 0.078740155,
      1.1811024 0.29527559 0,
      1.1220473 0.29527559 0,
      1.1811024 0.29527559 0.078740155,
      1.1220473 0.29527559 0.078740155,
      1.1811024 0.21653543 0,
      1.1811024 0.29527559 0,
      1.1811024 0.21653543 0.078740155,
      1.1811024 0.29527559 0.078740155,
      1.1220473 0.21653543 0,
      1.1811024 0.21653543 0,
      1.1220473 0.21653543 0.078740155,
      1.1811024 0.21653543 0.078740155,
      1.1220473 0.11811024 0,
      1.1220473 0.21653543 0,
      1.1220473 0.11811024 0.078740155,
      1.1220473 0.21653543 0.078740155,
      1.1811024 0.11811024 0,
      1.1220473 0.11811024 0,
      1.1811024 0.11811024 0.078740155,
      1.1220473 0.11811024 0.078740155,
      1.1811024 0.039370078 0,
      1.1811024 0.11811024 0,
      1.1811024 0.039370078 0.078740155,
      1.1811024 0.11811024 0.078740155,
      1.0826772 0.039370078 0,
      1.1811024 0.039370078 0,
      1.0826772 0.039370078 0.078740155,
      1.1811024 0.039370078 0.078740155,
      1.0826772 0.039370078 0,
      1.0826772 0.039370078 0.078740155,
      1.0433071 0.078740155 0.078740155,
      1.0439052 0.071903614 0.078740155,
      1.0456814 0.065274799 0.078740155,
      1.0485817 0.059055121 0.078740155,
      1.0525179 0.053433561 0.078740155,
      1.0573706 0.048580927 0.078740155,
      1.0629922 0.044644669 0.078740155,
      1.0692118 0.041744386 0.078740155,
      1.0758406 0.039968199 0.078740155,
      1.0433071 0.078740155 0,
      1.0439052 0.071903614 0,
      1.0456814 0.065274799 0,
      1.0485817 0.059055121 0,
      1.0525179 0.053433561 0,
      1.0573706 0.048580927 0,
      1.0629922 0.044644669 0,
      1.0692118 0.041744386 0,
      1.0758406 0.039968199 0,
      1.0433071 0.43307086 0,
      1.0433071 0.43307086 0.078740155,
      1.0433071 0.078740155 0.078740155,
      1.0433071 0.078740155 0,
      -1.1220473 0.78740161 0.078740155,
      -1.1220473 0.62007874 0.078740155,
      -1.1811024 0.62007874 0.078740155,
      -1.1811024 0.56102363 0.078740155,
      -1.0629922 0.56102363 0.078740155,
      -1.0629922 0.78740161 0.078740155,
      -1.0629922 0.78740161 0.078740155,
      -1.0629922 0.78740161 0.039370078,
      -1.1220473 0.78740161 0.039370078,
      -1.1220473 0.78740161 0.078740155,
      -1.1220473 0.78740161 0.078740155,
      -1.1220473 0.78740161 0.039370078,
      -1.1220473 0.62007874 0.039370078,
      -1.1220473 0.62007874 0.078740155,
      -1.1220473 0.62007874 0.078740155,
      -1.1220473 0.62007874 0.039370078,
      -1.1811024 0.62007874 0.039370078,
      -1.1811024 0.62007874 0.078740155,
      -1.1811024 0.62007874 0.078740155,
      -1.1811024 0.62007874 0.039370078,
      -1.1811024 0.56102363 0.039370078,
      -1.1811024 0.56102363 0.078740155,
      -1.1811024 0.56102363 0.078740155,
      -1.1811024 0.56102363 0.039370078,
      -1.0629922 0.56102363 0.039370078,
      -1.0629922 0.56102363 0.078740155,
      -1.0629922 0.56102363 0.078740155,
      -1.0629922 0.56102363 0.039370078,
      -1.0629922 0.78740161 0.039370078,
      -1.0629922 0.78740161 0.078740155,
      -1.0629922 0.78740161 0.039370078,
      -1.1220473 0.78740161 0.039370078,
      -1.1220473 0.62007874 0.039370078,
      -1.1811024 0.62007874 0.039370078,
      -1.1811024 0.56102363 0.039370078,
      -1.0629922 0.56102363 0.039370078,
      -1.0629922 -0.78740161 0.078740155,
      -1.1220473 -0.78740161 0.078740155,
      -1.1220473 -0.62007874 0.078740155,
      -1.1811024 -0.62007874 0.078740155,
      -1.1811024 -0.56102363 0.078740155,
      -1.0629922 -0.56102363 0.078740155,
      -1.0629922 -0.78740161 0.078740155,
      -1.1220473 -0.78740161 0.078740155,
      -1.0629922 -0.78740161 0.039370078,
      -1.1220473 -0.78740161 0.039370078,
      -1.0629922 -0.56102363 0.078740155,
      -1.0629922 -0.78740161 0.078740155,
      -1.0629922 -0.56102363 0.039370078,
      -1.0629922 -0.78740161 0.039370078,
      -1.1811024 -0.56102363 0.078740155,
      -1.0629922 -0.56102363 0.078740155,
      -1.1811024 -0.56102363 0.039370078,
      -1.0629922 -0.56102363 0.039370078,
      -1.1811024 -0.62007874 0.078740155,
      -1.1811024 -0.56102363 0.078740155,
      -1.1811024 -0.62007874 0.039370078,
      -1.1811024 -0.56102363 0.039370078,
      -1.1220473 -0.62007874 0.078740155,
      -1.1811024 -0.62007874 0.078740155,
      -1.1220473 -0.62007874 0.039370078,
      -1.1811024 -0.62007874 0.039370078,
      -1.1220473 -0.78740161 0.078740155,
      -1.1220473 -0.62007874 0.078740155,
      -1.1220473 -0.78740161 0.039370078,
      -1.1220473 -0.62007874 0.039370078,
      -1.1220473 -0.78740161 0.039370078,
      -1.1220473 -0.62007874 0.039370078,
      -1.1811024 -0.62007874 0.039370078,
      -1.1811024 -0.56102363 0.039370078,
      -1.0629922 -0.56102363 0.039370078,
      -1.0629922 -0.78740161 0.039370078,
      1.0629922 0.78740161 0.078740155,
      1.1220473 0.78740161 0.078740155,
      1.1220473 0.62007874 0.078740155,
      1.1811024 0.62007874 0.078740155,
      1.1811024 0.56102363 0.078740155,
      1.0629922 0.56102363 0.078740155,
      1.0629922 0.78740161 0.078740155,
      1.1220473 0.78740161 0.078740155,
      1.0629922 0.78740161 0.039370078,
      1.1220473 0.78740161 0.039370078,
      1.0629922 0.56102363 0.078740155,
      1.0629922 0.78740161 0.078740155,
      1.0629922 0.56102363 0.039370078,
      1.0629922 0.78740161 0.039370078,
      1.1811024 0.56102363 0.078740155,
      1.0629922 0.56102363 0.078740155,
      1.1811024 0.56102363 0.039370078,
      1.0629922 0.56102363 0.039370078,
      1.1811024 0.62007874 0.078740155,
      1.1811024 0.56102363 0.078740155,
      1.1811024 0.62007874 0.039370078,
      1.1811024 0.56102363 0.039370078,
      1.1220473 0.62007874 0.078740155,
      1.1811024 0.62007874 0.078740155,
      1.1220473 0.62007874 0.039370078,
      1.1811024 0.62007874 0.039370078,
      1.1220473 0.78740161 0.078740155,
      1.1220473 0.62007874 0.078740155,
      1.1220473 0.78740161 0.039370078,
      1.1220473 0.62007874 0.039370078,
      1.1220473 0.78740161 0.039370078,
      1.1220473 0.62007874 0.039370078,
      1.1811024 0.62007874 0.039370078,
      1.1811024 0.56102363 0.039370078,
      1.0629922 0.56102363 0.039370078,
      1.0629922 0.78740161 0.039370078,
      1.1220473 -0.78740161 0.078740155,
      1.1220473 -0.62007874 0.078740155,
      1.1811024 -0.62007874 0.078740155,
      1.1811024 -0.56102363 0.078740155,
      1.0629922 -0.56102363 0.078740155,
      1.0629922 -0.78740161 0.078740155,
      1.0629922 -0.78740161 0.078740155,
      1.0629922 -0.78740161 0.039370078,
      1.1220473 -0.78740161 0.039370078,
      1.1220473 -0.78740161 0.078740155,
      1.1220473 -0.78740161 0.078740155,
      1.1220473 -0.78740161 0.039370078,
      1.1220473 -0.62007874 0.039370078,
      1.1220473 -0.62007874 0.078740155,
      1.1220473 -0.62007874 0.078740155,
      1.1220473 -0.62007874 0.039370078,
      1.1811024 -0.62007874 0.039370078,
      1.1811024 -0.62007874 0.078740155,
      1.1811024 -0.62007874 0.078740155,
      1.1811024 -0.62007874 0.039370078,
      1.1811024 -0.56102363 0.039370078,
      1.1811024 -0.56102363 0.078740155,
      1.1811024 -0.56102363 0.078740155,
      1.1811024 -0.56102363 0.039370078,
      1.0629922 -0.56102363 0.039370078,
      1.0629922 -0.56102363 0.078740155,
      1.0629922 -0.56102363 0.078740155,
      1.0629922 -0.56102363 0.039370078,
      1.0629922 -0.78740161 0.039370078,
      1.0629922 -0.78740161 0.078740155,
      1.0629922 -0.78740161 0.039370078,
      1.1220473 -0.78740161 0.039370078,
      1.1220473 -0.62007874 0.039370078,
      1.1811024 -0.62007874 0.039370078,
      1.1811024 -0.56102363 0.039370078,
      1.0629922 -0.56102363 0.039370078,
      -0.98425195 0.78740161 0.0098425197,
      -0.98425195 0.6889764 0.0098425197,
      -1.1811024 0.78740161 0.0098425197,
      -1.1811024 0.43307086 0.0098425197,
      -1.0826772 0.43307086 0.0098425197,
      -1.0826772 0.3543307 0.0098425197,
      -1.0758406 0.35492882 0.0098425197,
      -1.0692118 0.35670503 0.0098425197,
      -1.0629922 0.3596053 0.0098425197,
      -1.0573706 0.36354156 0.0098425197,
      -1.0525179 0.36839418 0.0098425197,
      -1.0485817 0.37401575 0.0098425197,
      -1.0456814 0.38023543 0.0098425197,
      -1.0439052 0.38686425 0.0098425197,
      -1.0433071 0.39370081 0.0098425197,
      -1.0439052 0.40053732 0.0098425197,
      -1.0456814 0.40716616 0.0098425197,
      -1.0485817 0.41338581 0.0098425197,
      -1.0525179 0.41900739 0.0098425197,
      -1.0573706 0.42386003 0.0098425197,
      -1.0629922 0.42779629 0.0098425197,
      -1.0692118 0.43069654 0.0098425197,
      -1.0758406 0.43247275 0.0098425197,
      -1.1811024 0.3543307 0.0098425197,
      -1.1811024 0.27559054 0.0098425197,
      -1.0826772 0.27559054 0.0098425197,
      -1.0826772 0.1968504 0.0098425197,
      -1.0758406 0.19744852 0.0098425197,
      -1.0692118 0.1992247 0.0098425197,
      -1.0629922 0.20212498 0.0098425197,
      -1.0573706 0.20606124 0.0098425197,
      -1.0525179 0.21091388 0.0098425197,
      -1.0485817 0.21653543 0.0098425197,
      -1.0456814 0.2227551 0.0098425197,
      -1.0439052 0.22938393 0.0098425197,
      -1.0433071 0.23622048 0.0098425197,
      -1.0439052 0.24305702 0.0098425197,
      -1.0456814 0.24968584 0.0098425197,
      -1.0485817 0.25590551 0.0098425197,
      -1.0525179 0.26152707 0.0098425197,
      -1.0573706 0.26637971 0.0098425197,
      -1.0629922 0.27031596 0.0098425197,
      -1.0692118 0.27321624 0.0098425197,
      -1.0758406 0.27499242 0.0098425197,
      -1.1811024 0.1968504 0.0098425197,
      -1.1811024 0.11811024 0.0098425197,
      -1.0826772 0.11811024 0.0098425197,
      -1.0826772 0.039370078 0.0098425197,
      -1.0758406 0.039968199 0.0098425197,
      -1.0692118 0.041744386 0.0098425197,
      -1.0629922 0.044644669 0.0098425197,
      -1.0573706 0.048580927 0.0098425197,
      -1.0525179 0.053433561 0.0098425197,
      -1.0485817 0.059055121 0.0098425197,
      -1.0456814 0.065274799 0.0098425197,
      -1.0439052 0.071903614 0.0098425197,
      -1.0433071 0.078740155 0.0098425197,
      -1.0439052 0.085576703 0.0098425197,
      -1.0456814 0.092205518 0.0098425197,
      -1.0485817 0.098425202 0.0098425197,
      -1.0525179 0.10404676 0.0098425197,
      -1.0573706 0.10889938 0.0098425197,
      -1.0629922 0.11283564 0.0098425197,
      -1.0692118 0.11573593 0.0098425197,
      -1.0758406 0.11751211 0.0098425197,
      -1.1811024 0.039370078 0.0098425197,
      -1.1811024 -0.039370078 0.0098425197,
      -1.0826772 -0.039370078 0.0098425197,
      -1.0826772 -0.11811024 0.0098425197,
      -1.0758406 -0.11751211 0.0098425197,
      -1.0692118 -0.11573593 0.0098425197,
      -1.0629922 -0.11283564 0.0098425197,
      -1.0573706 -0.10889938 0.0098425197,
      -1.0525179 -0.10404676 0.0098425197,
      -1.0485817 -0.098425202 0.0098425197,
      -1.0456814 -0.092205518 0.0098425197,
      -1.0439052 -0.085576703 0.0098425197,
      -1.0433071 -0.078740155 0.0098425197,
      -1.0439052 -0.071903614 0.0098425197,
      -1.0456814 -0.065274799 0.0098425197,
      -1.0485817 -0.059055121 0.0098425197,
      -1.0525179 -0.053433561 0.0098425197,
      -1.0573706 -0.048580927 0.0098425197,
      -1.0629922 -0.044644669 0.0098425197,
      -1.0692118 -0.041744386 0.0098425197,
      -1.0758406 -0.039968199 0.0098425197,
      -1.1811024 -0.11811024 0.0098425197,
      -1.1811024 -0.1968504 0.0098425197,
      -1.0826772 -0.1968504 0.0098425197,
      -1.0826772 -0.27559054 0.0098425197,
      -1.0758406 -0.27499242 0.0098425197,
      -1.0692118 -0.27321624 0.0098425197,
      -1.0629922 -0.27031596 0.0098425197,
      -1.0573706 -0.26637971 0.0098425197,
      -1.0525179 -0.26152707 0.0098425197,
      -1.0485817 -0.25590551 0.0098425197,
      -1.0456814 -0.24968584 0.0098425197,
      -1.0439052 -0.24305702 0.0098425197,
      -1.0433071 -0.23622048 0.0098425197,
      -1.0439052 -0.22938393 0.0098425197,
      -1.0456814 -0.2227551 0.0098425197,
      -1.0485817 -0.21653543 0.0098425197,
      -1.0525179 -0.21091388 0.0098425197,
      -1.0573706 -0.20606124 0.0098425197,
      -1.0629922 -0.20212498 0.0098425197,
      -1.0692118 -0.1992247 0.0098425197,
      -1.0758406 -0.19744852 0.0098425197,
      -1.1811024 -0.27559054 0.0098425197,
      -1.1811024 -0.3543307 0.0098425197,
      -1.0826772 -0.3543307 0.0098425197,
      -1.0826772 -0.43307086 0.0098425197,
      -1.0758406 -0.43247275 0.0098425197,
      -1.0692118 -0.43069654 0.0098425197,
      -1.0629922 -0.42779629 0.0098425197,
      -1.0573706 -0.42386003 0.0098425197,
      -1.0525179 -0.41900739 0.0098425197,
      -1.0485817 -0.41338581 0.0098425197,
      -1.0456814 -0.40716616 0.0098425197,
      -1.0439052 -0.40053732 0.0098425197,
      -1.0433071 -0.39370081 0.0098425197,
      -1.0439052 -0.38686425 0.0098425197,
      -1.0456814 -0.38023543 0.0098425197,
      -1.0485817 -0.37401575 0.0098425197,
      -1.0525179 -0.36839418 0.0098425197,
      -1.0573706 -0.36354156 0.0098425197,
      -1.0629922 -0.3596053 0.0098425197,
      -1.0692118 -0.35670503 0.0098425197,
      -1.0758406 -0.35492882 0.0098425197,
      -1.1811024 -0.43307086 0.0098425197,
      -1.1811024 -0.78740161 0.0098425197,
      -0.98425195 -0.78740161 0.0098425197,
      -0.98425195 -0.6889764 0.0098425197,
      -0.98365383 -0.68213984 0.0098425197,
      -0.98187762 -0.675511 0.0098425197,
      -0.97897742 -0.66929135 0.0098425197,
      -0.97504111 -0.66366977 0.0098425197,
      -0.97018852 -0.65881713 0.0098425197,
      -0.96456694 -0.65488087 0.0098425197,
      -0.95834725 -0.65198062 0.0098425197,
      -0.95171845 -0.65020441 0.0098425197,
      -0.94488193 -0.6496063 0.0098425197,
      -0.93804533 -0.65020441 0.0098425197,
      -0.93141653 -0.65198062 0.0098425197,
      -0.92519684 -0.65488087 0.0098425197,
      -0.91957526 -0.65881713 0.0098425197,
      -0.91472267 -0.66366977 0.0098425197,
      -0.91078636 -0.66929135 0.0098425197,
      -0.90788615 -0.675511 0.0098425197,
      -0.90610995 -0.68213984 0.0098425197,
      -0.90551183 -0.6889764 0.0098425197,
      -0.90551183 -0.78740161 0.0098425197,
      -0.82677162 -0.78740161 0.0098425197,
      -0.82677162 -0.6889764 0.0098425197,
      -0.82617351 -0.68213984 0.0098425197,
      -0.8243973 -0.675511 0.0098425197,
      -0.82149709 -0.66929135 0.0098425197,
      -0.81756079 -0.66366977 0.0098425197,
      -0.81270819 -0.65881713 0.0098425197,
      -0.80708662 -0.65488087 0.0098425197,
      -0.80086692 -0.65198062 0.0098425197,
      -0.79423812 -0.65020441 0.0098425197,
      -0.78740161 -0.6496063 0.0098425197,
      -0.78056501 -0.65020441 0.0098425197,
      -0.77393621 -0.65198062 0.0098425197,
      -0.76771651 -0.65488087 0.0098425197,
      -0.76209498 -0.65881713 0.0098425197,
      -0.75724234 -0.66366977 0.0098425197,
      -0.75330609 -0.66929135 0.0098425197,
      -0.75040579 -0.675511 0.0098425197,
      -0.74862963 -0.68213984 0.0098425197,
      -0.74803151 -0.6889764 0.0098425197,
      -0.74803151 -0.78740161 0.0098425197,
      -0.66929135 -0.78740161 0.0098425197,
      -0.66929135 -0.6889764 0.0098425197,
      -0.66869323 -0.68213984 0.0098425197,
      -0.66691702 -0.675511 0.0098425197,
      -0.66401677 -0.66929135 0.0098425197,
      -0.66008051 -0.66366977 0.0098425197,
      -0.65522787 -0.65881713 0.0098425197,
      -0.6496063 -0.65488087 0.0098425197,
      -0.6433866 -0.65198062 0.0098425197,
      -0.6367578 -0.65020441 0.0098425197,
      -0.62992124 -0.6496063 0.0098425197,
      -0.62308473 -0.65020441 0.0098425197,
      -0.61645589 -0.65198062 0.0098425197,
      -0.61023624 -0.65488087 0.0098425197,
      -0.60461466 -0.65881713 0.0098425197,
      -0.59976202 -0.66366977 0.0098425197,
      -0.59582576 -0.66929135 0.0098425197,
      -0.59292551 -0.675511 0.0098425197,
      -0.5911493 -0.68213984 0.0098425197,
      -0.59055119 -0.6889764 0.0098425197,
      -0.59055119 -0.78740161 0.0098425197,
      -0.51181103 -0.78740161 0.0098425197,
      -0.51181103 -0.6889764 0.0098425197,
      -0.51121291 -0.68213984 0.0098425197,
      -0.5094367 -0.675511 0.0098425197,
      -0.50653645 -0.66929135 0.0098425197,
      -0.50260019 -0.66366977 0.0098425197,
      -0.49774755 -0.65881713 0.0098425197,
      -0.49212597 -0.65488087 0.0098425197,
      -0.48590632 -0.65198062 0.0098425197,
      -0.47927748 -0.65020441 0.0098425197,
      -0.47244097 -0.6496063 0.0098425197,
      -0.46560441 -0.65020441 0.0098425197,
      -0.45897556 -0.65198062 0.0098425197,
      -0.45275592 -0.65488087 0.0098425197,
      -0.44713434 -0.65881713 0.0098425197,
      -0.4422817 -0.66366977 0.0098425197,
      -0.43834544 -0.66929135 0.0098425197,
      -0.43544519 -0.675511 0.0098425197,
      -0.43366898 -0.68213984 0.0098425197,
      -0.43307086 -0.6889764 0.0098425197,
      -0.43307086 -0.78740161 0.0098425197,
      -0.3543307 -0.78740161 0.0098425197,
      -0.3543307 -0.6889764 0.0098425197,
      -0.35373258 -0.68213984 0.0098425197,
      -0.3519564 -0.675511 0.0098425197,
      -0.34905613 -0.66929135 0.0098425197,
      -0.34511987 -0.66366977 0.0098425197,
      -0.34026723 -0.65881713 0.0098425197,
      -0.33464567 -0.65488087 0.0098425197,
      -0.32842598 -0.65198062 0.0098425197,
      -0.32179718 -0.65020441 0.0098425197,
      -0.31496062 -0.6496063 0.0098425197,
      -0.30812409 -0.65020441 0.0098425197,
      -0.30149527 -0.65198062 0.0098425197,
      -0.29527559 -0.65488087 0.0098425197,
      -0.28965404 -0.65881713 0.0098425197,
      -0.2848014 -0.66366977 0.0098425197,
      -0.28086514 -0.66929135 0.0098425197,
      -0.27796486 -0.675511 0.0098425197,
      -0.27618868 -0.68213984 0.0098425197,
      -0.27559054 -0.6889764 0.0098425197,
      -0.27559054 -0.78740161 0.0098425197,
      -0.1968504 -0.78740161 0.0098425197,
      -0.1968504 -0.6889764 0.0098425197,
      -0.19625228 -0.68213984 0.0098425197,
      -0.19447608 -0.675511 0.0098425197,
      -0.1915758 -0.66929135 0.0098425197,
      -0.18763954 -0.66366977 0.0098425197,
      -0.18278692 -0.65881713 0.0098425197,
      -0.17716535 -0.65488087 0.0098425197,
      -0.17094568 -0.65198062 0.0098425197,
      -0.16431686 -0.65020441 0.0098425197,
      -0.15748031 -0.6496063 0.0098425197,
      -0.15064378 -0.65020441 0.0098425197,
      -0.14401495 -0.65198062 0.0098425197,
      -0.13779527 -0.65488087 0.0098425197,
      -0.13217372 -0.65881713 0.0098425197,
      -0.12732109 -0.66366977 0.0098425197,
      -0.12338483 -0.66929135 0.0098425197,
      -0.12048454 -0.675511 0.0098425197,
      -0.11870836 -0.68213984 0.0098425197,
      -0.11811024 -0.6889764 0.0098425197,
      -0.11811024 -0.78740161 0.0098425197,
      -0.039370078 -0.78740161 0.0098425197,
      -0.039370078 -0.6889764 0.0098425197,
      -0.03877196 -0.68213984 0.0098425197,
      -0.036995772 -0.675511 0.0098425197,
      -0.03409549 -0.66929135 0.0098425197,
      -0.030159231 -0.66366977 0.0098425197,
      -0.0253066 -0.65881713 0.0098425197,
      -0.019685039 -0.65488087 0.0098425197,
      -0.01346536 -0.65198062 0.0098425197,
      -0.0068365428 -0.65020441 0.0098425197,
      -2.410722e-18 -0.6496063 0.0098425197,
      0.0068365428 -0.65020441 0.0098425197,
      0.01346536 -0.65198062 0.0098425197,
      0.019685039 -0.65488087 0.0098425197,
      0.0253066 -0.65881713 0.0098425197,
      0.030159231 -0.66366977 0.0098425197,
      0.03409549 -0.66929135 0.0098425197,
      0.036995772 -0.675511 0.0098425197,
      0.03877196 -0.68213984 0.0098425197,
      0.039370078 -0.6889764 0.0098425197,
      0.039370078 -0.78740161 0.0098425197,
      0.11811024 -0.78740161 0.0098425197,
      0.11811024 -0.6889764 0.0098425197,
      0.11870836 -0.68213984 0.0098425197,
      0.12048454 -0.675511 0.0098425197,
      0.12338483 -0.66929135 0.0098425197,
      0.12732109 -0.66366977 0.0098425197,
      0.13217372 -0.65881713 0.0098425197,
      0.13779527 -0.65488087 0.0098425197,
      0.14401495 -0.65198062 0.0098425197,
      0.15064378 -0.65020441 0.0098425197,
      0.15748031 -0.6496063 0.0098425197,
      0.16431686 -0.65020441 0.0098425197,
      0.17094568 -0.65198062 0.0098425197,
      0.17716535 -0.65488087 0.0098425197,
      0.18278692 -0.65881713 0.0098425197,
      0.18763954 -0.66366977 0.0098425197,
      0.1915758 -0.66929135 0.0098425197,
      0.19447608 -0.675511 0.0098425197,
      0.19625228 -0.68213984 0.0098425197,
      0.1968504 -0.6889764 0.0098425197,
      0.1968504 -0.78740161 0.0098425197,
      0.27559054 -0.78740161 0.0098425197,
      0.27559054 -0.6889764 0.0098425197,
      0.27618868 -0.68213984 0.0098425197,
      0.27796486 -0.675511 0.0098425197,
      0.28086514 -0.66929135 0.0098425197,
      0.2848014 -0.66366977 0.0098425197,
      0.28965404 -0.65881713 0.0098425197,
      0.29527559 -0.65488087 0.0098425197,
      0.30149527 -0.65198062 0.0098425197,
      0.30812409 -0.65020441 0.0098425197,
      0.31496062 -0.6496063 0.0098425197,
      0.32179718 -0.65020441 0.0098425197,
      0.32842598 -0.65198062 0.0098425197,
      0.33464567 -0.65488087 0.0098425197,
      0.34026723 -0.65881713 0.0098425197,
      0.34511987 -0.66366977 0.0098425197,
      0.34905613 -0.66929135 0.0098425197,
      0.3519564 -0.675511 0.0098425197,
      0.35373258 -0.68213984 0.0098425197,
      0.3543307 -0.6889764 0.0098425197,
      0.3543307 -0.78740161 0.0098425197,
      0.43307086 -0.78740161 0.0098425197,
      0.43307086 -0.6889764 0.0098425197,
      0.43366898 -0.68213984 0.0098425197,
      0.43544519 -0.675511 0.0098425197,
      0.43834544 -0.66929135 0.0098425197,
      0.4422817 -0.66366977 0.0098425197,
      0.44713434 -0.65881713 0.0098425197,
      0.45275592 -0.65488087 0.0098425197,
      0.45897556 -0.65198062 0.0098425197,
      0.46560441 -0.65020441 0.0098425197,
      0.47244097 -0.6496063 0.0098425197,
      0.47927748 -0.65020441 0.0098425197,
      0.48590632 -0.65198062 0.0098425197,
      0.49212597 -0.65488087 0.0098425197,
      0.49774755 -0.65881713 0.0098425197,
      0.50260019 -0.66366977 0.0098425197,
      0.50653645 -0.66929135 0.0098425197,
      0.5094367 -0.675511 0.0098425197,
      0.51121291 -0.68213984 0.0098425197,
      0.51181103 -0.6889764 0.0098425197,
      0.51181103 -0.78740161 0.0098425197,
      0.59055119 -0.78740161 0.0098425197,
      0.59055119 -0.6889764 0.0098425197,
      0.5911493 -0.68213984 0.0098425197,
      0.59292551 -0.675511 0.0098425197,
      0.59582576 -0.66929135 0.0098425197,
      0.59976202 -0.66366977 0.0098425197,
      0.60461466 -0.65881713 0.0098425197,
      0.61023624 -0.65488087 0.0098425197,
      0.61645589 -0.65198062 0.0098425197,
      0.62308473 -0.65020441 0.0098425197,
      0.62992124 -0.6496063 0.0098425197,
      0.6367578 -0.65020441 0.0098425197,
      0.6433866 -0.65198062 0.0098425197,
      0.6496063 -0.65488087 0.0098425197,
      0.65522787 -0.65881713 0.0098425197,
      0.66008051 -0.66366977 0.0098425197,
      0.66401677 -0.66929135 0.0098425197,
      0.66691702 -0.675511 0.0098425197,
      0.66869323 -0.68213984 0.0098425197,
      0.66929135 -0.6889764 0.0098425197,
      0.66929135 -0.78740161 0.0098425197,
      0.74803151 -0.78740161 0.0098425197,
      0.74803151 -0.6889764 0.0098425197,
      0.74862963 -0.68213984 0.0098425197,
      0.75040579 -0.675511 0.0098425197,
      0.75330609 -0.66929135 0.0098425197,
      0.75724234 -0.66366977 0.0098425197,
      0.76209498 -0.65881713 0.0098425197,
      0.76771651 -0.65488087 0.0098425197,
      0.77393621 -0.65198062 0.0098425197,
      0.78056501 -0.65020441 0.0098425197,
      0.78740161 -0.6496063 0.0098425197,
      0.79423812 -0.65020441 0.0098425197,
      0.80086692 -0.65198062 0.0098425197,
      0.80708662 -0.65488087 0.0098425197,
      0.81270819 -0.65881713 0.0098425197,
      0.81756079 -0.66366977 0.0098425197,
      0.82149709 -0.66929135 0.0098425197,
      0.8243973 -0.675511 0.0098425197,
      0.82617351 -0.68213984 0.0098425197,
      0.82677162 -0.6889764 0.0098425197,
      0.82677162 -0.78740161 0.0098425197,
      0.90551183 -0.78740161 0.0098425197,
      0.90551183 -0.6889764 0.0098425197,
      0.90610995 -0.68213984 0.0098425197,
      0.90788615 -0.675511 0.0098425197,
      0.91078636 -0.66929135 0.0098425197,
      0.91472267 -0.66366977 0.0098425197,
      0.91957526 -0.65881713 0.0098425197,
      0.92519684 -0.65488087 0.0098425197,
      0.93141653 -0.65198062 0.0098425197,
      0.93804533 -0.65020441 0.0098425197,
      0.94488193 -0.6496063 0.0098425197,
      0.95171845 -0.65020441 0.0098425197,
      0.95834725 -0.65198062 0.0098425197,
      0.96456694 -0.65488087 0.0098425197,
      0.97018852 -0.65881713 0.0098425197,
      0.97504111 -0.66366977 0.0098425197,
      0.97897742 -0.66929135 0.0098425197,
      0.98187762 -0.675511 0.0098425197,
      0.98365383 -0.68213984 0.0098425197,
      0.98425195 -0.6889764 0.0098425197,
      0.98425195 -0.78740161 0.0098425197,
      1.1811024 -0.78740161 0.0098425197,
      1.1811024 -0.47244097 0.0098425197,
      1.0826772 -0.47244097 0.0098425197,
      1.0433071 -0.43307086 0.0098425197,
      1.0439052 -0.43990742 0.0098425197,
      1.0456814 -0.44653622 0.0098425197,
      1.0485817 -0.45275592 0.0098425197,
      1.0525179 -0.45837745 0.0098425197,
      1.0573706 -0.46323009 0.0098425197,
      1.0629922 -0.46716634 0.0098425197,
      1.0692118 -0.47006664 0.0098425197,
      1.0758406 -0.4718428 0.0098425197,
      1.0433071 -0.078740155 0.0098425197,
      1.0439052 -0.071903614 0.0098425197,
      1.0456814 -0.065274799 0.0098425197,
      1.0485817 -0.059055121 0.0098425197,
      1.0525179 -0.053433561 0.0098425197,
      1.0573706 -0.048580927 0.0098425197,
      1.0629922 -0.044644669 0.0098425197,
      1.0692118 -0.041744386 0.0098425197,
      1.0758406 -0.039968199 0.0098425197,
      1.0826772 -0.039370078 0.0098425197,
      1.1811024 -0.039370078 0.0098425197,
      1.1811024 0.039370078 0.0098425197,
      1.0826772 0.039370078 0.0098425197,
      1.0433071 0.078740155 0.0098425197,
      1.0439052 0.071903614 0.0098425197,
      1.0456814 0.065274799 0.0098425197,
      1.0485817 0.059055121 0.0098425197,
      1.0525179 0.053433561 0.0098425197,
      1.0573706 0.048580927 0.0098425197,
      1.0629922 0.044644669 0.0098425197,
      1.0692118 0.041744386 0.0098425197,
      1.0758406 0.039968199 0.0098425197,
      1.0433071 0.43307086 0.0098425197,
      1.0826772 0.47244097 0.0098425197,
      1.0758406 0.4718428 0.0098425197,
      1.0692118 0.47006664 0.0098425197,
      1.0629922 0.46716634 0.0098425197,
      1.0573706 0.46323009 0.0098425197,
      1.0525179 0.45837745 0.0098425197,
      1.0485817 0.45275592 0.0098425197,
      1.0456814 0.44653622 0.0098425197,
      1.0439052 0.43990742 0.0098425197,
      1.1811024 0.47244097 0.0098425197,
      1.1811024 0.78740161 0.0098425197,
      0.98425195 0.78740161 0.0098425197,
      0.98425195 0.6889764 0.0098425197,
      0.90551183 0.6889764 0.0098425197,
      0.90610995 0.68213984 0.0098425197,
      0.90788615 0.675511 0.0098425197,
      0.91078636 0.66929135 0.0098425197,
      0.91472267 0.66366977 0.0098425197,
      0.91957526 0.65881713 0.0098425197,
      0.92519684 0.65488087 0.0098425197,
      0.93141653 0.65198062 0.0098425197,
      0.93804533 0.65020441 0.0098425197,
      0.94488193 0.6496063 0.0098425197,
      0.95171845 0.65020441 0.0098425197,
      0.95834725 0.65198062 0.0098425197,
      0.96456694 0.65488087 0.0098425197,
      0.97018852 0.65881713 0.0098425197,
      0.97504111 0.66366977 0.0098425197,
      0.97897742 0.66929135 0.0098425197,
      0.98187762 0.675511 0.0098425197,
      0.98365383 0.68213984 0.0098425197,
      0.90551183 0.78740161 0.0098425197,
      0.82677162 0.78740161 0.0098425197,
      0.82677162 0.6889764 0.0098425197,
      0.74803151 0.6889764 0.0098425197,
      0.74862963 0.68213984 0.0098425197,
      0.75040579 0.675511 0.0098425197,
      0.75330609 0.66929135 0.0098425197,
      0.75724234 0.66366977 0.0098425197,
      0.76209498 0.65881713 0.0098425197,
      0.76771651 0.65488087 0.0098425197,
      0.77393621 0.65198062 0.0098425197,
      0.78056501 0.65020441 0.0098425197,
      0.78740161 0.6496063 0.0098425197,
      0.79423812 0.65020441 0.0098425197,
      0.80086692 0.65198062 0.0098425197,
      0.80708662 0.65488087 0.0098425197,
      0.81270819 0.65881713 0.0098425197,
      0.81756079 0.66366977 0.0098425197,
      0.82149709 0.66929135 0.0098425197,
      0.8243973 0.675511 0.0098425197,
      0.82617351 0.68213984 0.0098425197,
      0.74803151 0.78740161 0.0098425197,
      0.66929135 0.78740161 0.0098425197,
      0.66929135 0.6889764 0.0098425197,
      0.59055119 0.6889764 0.0098425197,
      0.5911493 0.68213984 0.0098425197,
      0.59292551 0.675511 0.0098425197,
      0.59582576 0.66929135 0.0098425197,
      0.59976202 0.66366977 0.0098425197,
      0.60461466 0.65881713 0.0098425197,
      0.61023624 0.65488087 0.0098425197,
      0.61645589 0.65198062 0.0098425197,
      0.62308473 0.65020441 0.0098425197,
      0.62992124 0.6496063 0.0098425197,
      0.6367578 0.65020441 0.0098425197,
      0.6433866 0.65198062 0.0098425197,
      0.6496063 0.65488087 0.0098425197,
      0.65522787 0.65881713 0.0098425197,
      0.66008051 0.66366977 0.0098425197,
      0.66401677 0.66929135 0.0098425197,
      0.66691702 0.675511 0.0098425197,
      0.66869323 0.68213984 0.0098425197,
      0.59055119 0.78740161 0.0098425197,
      0.51181103 0.78740161 0.0098425197,
      0.51181103 0.6889764 0.0098425197,
      0.43307086 0.6889764 0.0098425197,
      0.43366898 0.68213984 0.0098425197,
      0.43544519 0.675511 0.0098425197,
      0.43834544 0.66929135 0.0098425197,
      0.4422817 0.66366977 0.0098425197,
      0.44713434 0.65881713 0.0098425197,
      0.45275592 0.65488087 0.0098425197,
      0.45897556 0.65198062 0.0098425197,
      0.46560441 0.65020441 0.0098425197,
      0.47244097 0.6496063 0.0098425197,
      0.47927748 0.65020441 0.0098425197,
      0.48590632 0.65198062 0.0098425197,
      0.49212597 0.65488087 0.0098425197,
      0.49774755 0.65881713 0.0098425197,
      0.50260019 0.66366977 0.0098425197,
      0.50653645 0.66929135 0.0098425197,
      0.5094367 0.675511 0.0098425197,
      0.51121291 0.68213984 0.0098425197,
      0.43307086 0.78740161 0.0098425197,
      0.3543307 0.78740161 0.0098425197,
      0.3543307 0.6889764 0.0098425197,
      0.27559054 0.6889764 0.0098425197,
      0.27618868 0.68213984 0.0098425197,
      0.27796486 0.675511 0.0098425197,
      0.28086514 0.66929135 0.0098425197,
      0.2848014 0.66366977 0.0098425197,
      0.28965404 0.65881713 0.0098425197,
      0.29527559 0.65488087 0.0098425197,
      0.30149527 0.65198062 0.0098425197,
      0.30812409 0.65020441 0.0098425197,
      0.31496062 0.6496063 0.0098425197,
      0.32179718 0.65020441 0.0098425197,
      0.32842598 0.65198062 0.0098425197,
      0.33464567 0.65488087 0.0098425197,
      0.34026723 0.65881713 0.0098425197,
      0.34511987 0.66366977 0.0098425197,
      0.34905613 0.66929135 0.0098425197,
      0.3519564 0.675511 0.0098425197,
      0.35373258 0.68213984 0.0098425197,
      0.27559054 0.78740161 0.0098425197,
      0.1968504 0.78740161 0.0098425197,
      0.1968504 0.6889764 0.0098425197,
      0.11811024 0.6889764 0.0098425197,
      0.11870836 0.68213984 0.0098425197,
      0.12048454 0.675511 0.0098425197,
      0.12338483 0.66929135 0.0098425197,
      0.12732109 0.66366977 0.0098425197,
      0.13217372 0.65881713 0.0098425197,
      0.13779527 0.65488087 0.0098425197,
      0.14401495 0.65198062 0.0098425197,
      0.15064378 0.65020441 0.0098425197,
      0.15748031 0.6496063 0.0098425197,
      0.16431686 0.65020441 0.0098425197,
      0.17094568 0.65198062 0.0098425197,
      0.17716535 0.65488087 0.0098425197,
      0.18278692 0.65881713 0.0098425197,
      0.18763954 0.66366977 0.0098425197,
      0.1915758 0.66929135 0.0098425197,
      0.19447608 0.675511 0.0098425197,
      0.19625228 0.68213984 0.0098425197,
      0.11811024 0.78740161 0.0098425197,
      0.039370078 0.78740161 0.0098425197,
      0.039370078 0.6889764 0.0098425197,
      0 0.6496063 0.0098425197,
      0.0068365428 0.65020441 0.0098425197,
      0.01346536 0.65198062 0.0098425197,
      0.019685039 0.65488087 0.0098425197,
      0.0253066 0.65881713 0.0098425197,
      0.030159231 0.66366977 0.0098425197,
      0.03409549 0.66929135 0.0098425197,
      0.036995772 0.675511 0.0098425197,
      0.03877196 0.68213984 0.0098425197,
      -0.15748031 0.6496063 0.0098425197,
      -0.1968504 0.6889764 0.0098425197,
      -0.19625228 0.68213984 0.0098425197,
      -0.19447608 0.675511 0.0098425197,
      -0.1915758 0.66929135 0.0098425197,
      -0.18763954 0.66366977 0.0098425197,
      -0.18278692 0.65881713 0.0098425197,
      -0.17716535 0.65488087 0.0098425197,
      -0.17094568 0.65198062 0.0098425197,
      -0.16431686 0.65020441 0.0098425197,
      -0.1968504 0.78740161 0.0098425197,
      -0.27559054 0.78740161 0.0098425197,
      -0.27559054 0.6889764 0.0098425197,
      -0.31496062 0.6496063 0.0098425197,
      -0.30812409 0.65020441 0.0098425197,
      -0.30149527 0.65198062 0.0098425197,
      -0.29527559 0.65488087 0.0098425197,
      -0.28965404 0.65881713 0.0098425197,
      -0.2848014 0.66366977 0.0098425197,
      -0.28086514 0.66929135 0.0098425197,
      -0.27796486 0.675511 0.0098425197,
      -0.27618868 0.68213984 0.0098425197,
      -0.47244097 0.6496063 0.0098425197,
      -0.51181103 0.6889764 0.0098425197,
      -0.51121291 0.68213984 0.0098425197,
      -0.5094367 0.675511 0.0098425197,
      -0.50653645 0.66929135 0.0098425197,
      -0.50260019 0.66366977 0.0098425197,
      -0.49774755 0.65881713 0.0098425197,
      -0.49212597 0.65488087 0.0098425197,
      -0.48590632 0.65198062 0.0098425197,
      -0.47927748 0.65020441 0.0098425197,
      -0.51181103 0.78740161 0.0098425197,
      -0.59055119 0.78740161 0.0098425197,
      -0.59055119 0.6889764 0.0098425197,
      -0.66929135 0.6889764 0.0098425197,
      -0.66869323 0.68213984 0.0098425197,
      -0.66691702 0.675511 0.0098425197,
      -0.66401677 0.66929135 0.0098425197,
      -0.66008051 0.66366977 0.0098425197,
      -0.65522787 0.65881713 0.0098425197,
      -0.6496063 0.65488087 0.0098425197,
      -0.6433866 0.65198062 0.0098425197,
      -0.6367578 0.65020441 0.0098425197,
      -0.62992124 0.6496063 0.0098425197,
      -0.62308473 0.65020441 0.0098425197,
      -0.61645589 0.65198062 0.0098425197,
      -0.61023624 0.65488087 0.0098425197,
      -0.60461466 0.65881713 0.0098425197,
      -0.59976202 0.66366977 0.0098425197,
      -0.59582576 0.66929135 0.0098425197,
      -0.59292551 0.675511 0.0098425197,
      -0.5911493 0.68213984 0.0098425197,
      -0.66929135 0.78740161 0.0098425197,
      -0.74803151 0.78740161 0.0098425197,
      -0.74803151 0.6889764 0.0098425197,
      -0.82677162 0.6889764 0.0098425197,
      -0.82617351 0.68213984 0.0098425197,
      -0.8243973 0.675511 0.0098425197,
      -0.82149709 0.66929135 0.0098425197,
      -0.81756079 0.66366977 0.0098425197,
      -0.81270819 0.65881713 0.0098425197,
      -0.80708662 0.65488087 0.0098425197,
      -0.80086692 0.65198062 0.0098425197,
      -0.79423812 0.65020441 0.0098425197,
      -0.78740161 0.6496063 0.0098425197,
      -0.78056501 0.65020441 0.0098425197,
      -0.77393621 0.65198062 0.0098425197,
      -0.76771651 0.65488087 0.0098425197,
      -0.76209498 0.65881713 0.0098425197,
      -0.75724234 0.66366977 0.0098425197,
      -0.75330609 0.66929135 0.0098425197,
      -0.75040579 0.675511 0.0098425197,
      -0.74862963 0.68213984 0.0098425197,
      -0.82677162 0.78740161 0.0098425197,
      -0.90551183 0.78740161 0.0098425197,
      -0.90551183 0.6889764 0.0098425197,
      -0.98365383 0.68213984 0.0098425197,
      -0.98187762 0.675511 0.0098425197,
      -0.97897742 0.66929135 0.0098425197,
      -0.97504111 0.66366977 0.0098425197,
      -0.97018852 0.65881713 0.0098425197,
      -0.96456694 0.65488087 0.0098425197,
      -0.95834725 0.65198062 0.0098425197,
      -0.95171845 0.65020441 0.0098425197,
      -0.94488193 0.6496063 0.0098425197,
      -0.93804533 0.65020441 0.0098425197,
      -0.93141653 0.65198062 0.0098425197,
      -0.92519684 0.65488087 0.0098425197,
      -0.91957526 0.65881713 0.0098425197,
      -0.91472267 0.66366977 0.0098425197,
      -0.91078636 0.66929135 0.0098425197,
      -0.90788615 0.675511 0.0098425197,
      -0.90610995 0.68213984 0.0098425197,
      -0.79724412 0.52165353 0.0098425197,
      0.15551181 0.52165353 0.0098425197,
      0.15551181 -0.52165353 0.0098425197,
      -0.91535433 -0.52165353 0.0098425197,
      -0.91535433 0.40354331 0.0098425197,
      0.91535433 0.52165353 0.0098425197,
      0.91535433 -0.52165353 0.0098425197,
      0.31299213 -0.52165353 0.0098425197,
      0.31299213 0.52165353 0.0098425197,
      -0.43307086 0.78740161 0.0098425197,
      -0.43307086 0.72834646 0.0098425197,
      -0.3543307 0.72834646 0.0098425197,
      -0.3543307 0.78740161 0.0098425197,
      -0.11811024 0.78740161 0.0098425197,
      -0.11811024 0.72834646 0.0098425197,
      -0.039370078 0.72834646 0.0098425197,
      -0.039370078 0.78740161 0.0098425197,
      1.1811024 -0.39370081 0.0098425197,
      1.1220473 -0.39370081 0.0098425197,
      1.1811024 -0.29527559 0.0098425197,
      1.1220473 -0.29527559 0.0098425197,
      1.1811024 -0.21653543 0.0098425197,
      1.1811024 -0.11811024 0.0098425197,
      1.1220473 -0.11811024 0.0098425197,
      1.1220473 -0.21653543 0.0098425197,
      1.1811024 0.11811024 0.0098425197,
      1.1811024 0.21653543 0.0098425197,
      1.1220473 0.21653543 0.0098425197,
      1.1220473 0.11811024 0.0098425197,
      1.1811024 0.29527559 0.0098425197,
      1.1811024 0.39370081 0.0098425197,
      1.1220473 0.39370081 0.0098425197,
      1.1220473 0.29527559 0.0098425197,
      -0.79724412 0.52165353 0.0098425197,
      0.15551181 0.52165353 0.0098425197,
      -0.79724412 0.52165353 0.03937008,
      0.15551181 0.52165353 0.03937008,
      -0.79724412 0.52165353 0.0098425197,
      -0.91535433 0.40354331 0.0098425197,
      -0.91535433 0.40354331 0.03937008,
      -0.79724412 0.52165353 0.03937008,
      -0.91535433 -0.52165353 0.0098425197,
      -0.91535433 0.40354331 0.0098425197,
      -0.91535433 -0.52165353 0.03937008,
      -0.91535433 0.40354331 0.03937008,
      0.15551181 -0.52165353 0.0098425197,
      -0.91535433 -0.52165353 0.0098425197,
      0.15551181 -0.52165353 0.03937008,
      -0.91535433 -0.52165353 0.03937008,
      0.15551181 0.52165353 0.0098425197,
      0.15551181 -0.52165353 0.0098425197,
      0.15551181 0.52165353 0.03937008,
      0.15551181 -0.52165353 0.03937008,
      -0.98425195 -0.59055119 0.03937008,
      0.98425195 -0.59055119 0.03937008,
      0.98425195 0.59055119 0.03937008,
      -0.98425195 0.59055119 0.03937008,
      0.91535433 -0.52165353 0.03937008,
      0.31299213 -0.52165353 0.03937008,
      0.31299213 0.52165353 0.03937008,
      0.91535433 0.52165353 0.03937008,
      -0.79724412 0.52165353 0.03937008,
      -0.91535433 0.40354331 0.03937008,
      0.15551181 0.52165353 0.03937008,
      0.15551181 -0.52165353 0.03937008,
      -0.91535433 -0.52165353 0.03937008,
      -0.98425195 0.59055119 0.03937008,
      -0.98425195 -0.59055119 0.03937008,
      -0.98425195 -0.59055119 0.078740155,
      -0.98425195 0.59055119 0.078740155,
      -0.98425195 -0.59055119 0.03937008,
      0.98425195 -0.59055119 0.03937008,
      0.98425195 -0.59055119 0.078740155,
      -0.98425195 -0.59055119 0.078740155,
      0.98425195 -0.59055119 0.03937008,
      0.98425195 0.59055119 0.03937008,
      0.98425195 0.59055119 0.078740155,
      0.98425195 -0.59055119 0.078740155,
      0.98425195 0.59055119 0.03937008,
      -0.98425195 0.59055119 0.03937008,
      -0.98425195 0.59055119 0.078740155,
      0.98425195 0.59055119 0.078740155,
      -0.98425195 0.59055119 0.078740155,
      -0.98425195 -0.59055119 0.078740155,
      0.98425195 -0.59055119 0.078740155,
      0.98425195 0.59055119 0.078740155,
      0.91535433 0.52165353 0.0098425197,
      0.91535433 -0.52165353 0.0098425197,
      0.91535433 0.52165353 0.03937008,
      0.91535433 -0.52165353 0.03937008,
      0.31299213 0.52165353 0.0098425197,
      0.91535433 0.52165353 0.0098425197,
      0.31299213 0.52165353 0.03937008,
      0.91535433 0.52165353 0.03937008,
      0.31299213 -0.52165353 0.0098425197,
      0.31299213 0.52165353 0.0098425197,
      0.31299213 -0.52165353 0.03937008,
      0.31299213 0.52165353 0.03937008,
      0.91535433 -0.52165353 0.0098425197,
      0.31299213 -0.52165353 0.0098425197,
      0.91535433 -0.52165353 0.03937008,
      0.31299213 -0.52165353 0.03937008,
      -0.98425195 0.78740161 0.0098425197,
      -0.98425195 0.78740161 0.078740155,
      -0.98425195 0.6889764 0.0098425197,
      -0.98425195 0.6889764 0.078740155,
      -0.98425195 0.78740161 0.0098425197,
      -0.98425195 0.78740161 0.078740155,
      -1.1811024 0.78740161 0.0098425197,
      -1.1811024 0.78740161 0.31496064,
      1.1811024 0.78740161 0.31496064,
      1.1811024 0.78740161 0.0098425197,
      0.98425195 0.78740161 0.0098425197,
      0.98425195 0.78740161 0.078740155,
      0.90551183 0.78740161 0.078740155,
      0.90551183 0.78740161 0.0098425197,
      0.82677162 0.78740161 0.0098425197,
      0.82677162 0.78740161 0.078740155,
      0.74803151 0.78740161 0.078740155,
      0.74803151 0.78740161 0.0098425197,
      0.66929135 0.78740161 0.0098425197,
      0.66929135 0.78740161 0.078740155,
      0.59055119 0.78740161 0.078740155,
      0.59055119 0.78740161 0.0098425197,
      0.51181103 0.78740161 0.0098425197,
      0.51181103 0.78740161 0.078740155,
      0.43307086 0.78740161 0.078740155,
      0.43307086 0.78740161 0.0098425197,
      0.3543307 0.78740161 0.0098425197,
      0.3543307 0.78740161 0.078740155,
      0.27559054 0.78740161 0.078740155,
      0.27559054 0.78740161 0.0098425197,
      0.1968504 0.78740161 0.0098425197,
      0.1968504 0.78740161 0.078740155,
      0.11811024 0.78740161 0.078740155,
      0.11811024 0.78740161 0.0098425197,
      0.039370078 0.78740161 0.0098425197,
      0.039370078 0.78740161 0.078740155,
      -0.039370078 0.78740161 0.078740155,
      -0.039370078 0.78740161 0.0098425197,
      -0.11811024 0.78740161 0.0098425197,
      -0.11811024 0.78740161 0.078740155,
      -0.1968504 0.78740161 0.078740155,
      -0.1968504 0.78740161 0.0098425197,
      -0.27559054 0.78740161 0.0098425197,
      -0.27559054 0.78740161 0.078740155,
      -0.3543307 0.78740161 0.078740155,
      -0.3543307 0.78740161 0.0098425197,
      -0.43307086 0.78740161 0.0098425197,
      -0.43307086 0.78740161 0.078740155,
      -0.51181103 0.78740161 0.078740155,
      -0.51181103 0.78740161 0.0098425197,
      -0.59055119 0.78740161 0.0098425197,
      -0.59055119 0.78740161 0.078740155,
      -0.66929135 0.78740161 0.078740155,
      -0.66929135 0.78740161 0.0098425197,
      -0.74803151 0.78740161 0.0098425197,
      -0.74803151 0.78740161 0.078740155,
      -0.82677162 0.78740161 0.078740155,
      -0.82677162 0.78740161 0.0098425197,
      -0.90551183 0.78740161 0.0098425197,
      -0.90551183 0.78740161 0.078740155,
      -1.1220473 0.78740161 0.03937008,
      -1.1220473 0.78740161 0.078740155,
      -1.0629922 0.78740161 0.03937008,
      -1.0629922 0.78740161 0.078740155,
      1.0629922 0.78740161 0.03937008,
      1.0629922 0.78740161 0.078740155,
      1.1220473 0.78740161 0.03937008,
      1.1220473 0.78740161 0.078740155,
      -0.98425195 0.78740161 0.078740155,
      -0.90551183 0.78740161 0.078740155,
      -0.98425195 0.6889764 0.078740155,
      -0.98365383 0.68213984 0.078740155,
      -0.98187762 0.675511 0.078740155,
      -0.97897742 0.66929135 0.078740155,
      -0.97504111 0.66366977 0.078740155,
      -0.97018852 0.65881713 0.078740155,
      -0.96456694 0.65488087 0.078740155,
      -0.95834725 0.65198062 0.078740155,
      -0.95171845 0.65020441 0.078740155,
      -0.94488193 0.6496063 0.078740155,
      -0.93804533 0.65020441 0.078740155,
      -0.93141653 0.65198062 0.078740155,
      -0.92519684 0.65488087 0.078740155,
      -0.91957526 0.65881713 0.078740155,
      -0.91472267 0.66366977 0.078740155,
      -0.91078636 0.66929135 0.078740155,
      -0.90788615 0.675511 0.078740155,
      -0.90610995 0.68213984 0.078740155,
      -0.90551183 0.6889764 0.078740155,
      -0.98425195 0.6889764 0.0098425197,
      -0.98425195 0.6889764 0.078740155,
      -0.98365383 0.68213984 0.0098425197,
      -0.98187762 0.675511 0.0098425197,
      -0.97897742 0.66929135 0.0098425197,
      -0.97504111 0.66366977 0.0098425197,
      -0.97018852 0.65881713 0.0098425197,
      -0.96456694 0.65488087 0.0098425197,
      -0.95834725 0.65198062 0.0098425197,
      -0.95171845 0.65020441 0.0098425197,
      -0.94488193 0.6496063 0.0098425197,
      -0.93804533 0.65020441 0.0098425197,
      -0.93141653 0.65198062 0.0098425197,
      -0.92519684 0.65488087 0.0098425197,
      -0.91957526 0.65881713 0.0098425197,
      -0.91472267 0.66366977 0.0098425197,
      -0.91078636 0.66929135 0.0098425197,
      -0.90788615 0.675511 0.0098425197,
      -0.90610995 0.68213984 0.0098425197,
      -0.90551183 0.6889764 0.0098425197,
      -0.90551183 0.6889764 0.078740155,
      -0.98365383 0.68213984 0.078740155,
      -0.98187762 0.675511 0.078740155,
      -0.97897742 0.66929135 0.078740155,
      -0.97504111 0.66366977 0.078740155,
      -0.97018852 0.65881713 0.078740155,
      -0.96456694 0.65488087 0.078740155,
      -0.95834725 0.65198062 0.078740155,
      -0.95171845 0.65020441 0.078740155,
      -0.94488193 0.6496063 0.078740155,
      -0.93804533 0.65020441 0.078740155,
      -0.93141653 0.65198062 0.078740155,
      -0.92519684 0.65488087 0.078740155,
      -0.91957526 0.65881713 0.078740155,
      -0.91472267 0.66366977 0.078740155,
      -0.91078636 0.66929135 0.078740155,
      -0.90788615 0.675511 0.078740155,
      -0.90610995 0.68213984 0.078740155,
      -0.90551183 0.78740161 0.0098425197,
      -0.90551183 0.78740161 0.078740155,
      -0.90551183 0.6889764 0.078740155,
      -0.90551183 0.6889764 0.0098425197,
      -0.82677162 0.78740161 0.0098425197,
      -0.82677162 0.78740161 0.078740155,
      -0.82677162 0.6889764 0.0098425197,
      -0.82677162 0.6889764 0.078740155,
      -0.82677162 0.6889764 0.0098425197,
      -0.82677162 0.6889764 0.078740155,
      -0.82617351 0.68213984 0.0098425197,
      -0.8243973 0.675511 0.0098425197,
      -0.82149709 0.66929135 0.0098425197,
      -0.81756079 0.66366977 0.0098425197,
      -0.81270819 0.65881713 0.0098425197,
      -0.80708662 0.65488087 0.0098425197,
      -0.80086692 0.65198062 0.0098425197,
      -0.79423812 0.65020441 0.0098425197,
      -0.78740161 0.6496063 0.0098425197,
      -0.78056501 0.65020441 0.0098425197,
      -0.77393621 0.65198062 0.0098425197,
      -0.76771651 0.65488087 0.0098425197,
      -0.76209498 0.65881713 0.0098425197,
      -0.75724234 0.66366977 0.0098425197,
      -0.75330609 0.66929135 0.0098425197,
      -0.75040579 0.675511 0.0098425197,
      -0.74862963 0.68213984 0.0098425197,
      -0.74803151 0.6889764 0.0098425197,
      -0.74803151 0.6889764 0.078740155,
      -0.82617351 0.68213984 0.078740155,
      -0.8243973 0.675511 0.078740155,
      -0.82149709 0.66929135 0.078740155,
      -0.81756079 0.66366977 0.078740155,
      -0.81270819 0.65881713 0.078740155,
      -0.80708662 0.65488087 0.078740155,
      -0.80086692 0.65198062 0.078740155,
      -0.79423812 0.65020441 0.078740155,
      -0.78740161 0.6496063 0.078740155,
      -0.78056501 0.65020441 0.078740155,
      -0.77393621 0.65198062 0.078740155,
      -0.76771651 0.65488087 0.078740155,
      -0.76209498 0.65881713 0.078740155,
      -0.75724234 0.66366977 0.078740155,
      -0.75330609 0.66929135 0.078740155,
      -0.75040579 0.675511 0.078740155,
      -0.74862963 0.68213984 0.078740155,
      -0.74803151 0.78740161 0.0098425197,
      -0.74803151 0.78740161 0.078740155,
      -0.74803151 0.6889764 0.078740155,
      -0.74803151 0.6889764 0.0098425197,
      -0.82677162 0.78740161 0.078740155,
      -0.74803151 0.78740161 0.078740155,
      -0.82677162 0.6889764 0.078740155,
      -0.82617351 0.68213984 0.078740155,
      -0.8243973 0.675511 0.078740155,
      -0.82149709 0.66929135 0.078740155,
      -0.81756079 0.66366977 0.078740155,
      -0.81270819 0.65881713 0.078740155,
      -0.80708662 0.65488087 0.078740155,
      -0.80086692 0.65198062 0.078740155,
      -0.79423812 0.65020441 0.078740155,
      -0.78740161 0.6496063 0.078740155,
      -0.78056501 0.65020441 0.078740155,
      -0.77393621 0.65198062 0.078740155,
      -0.76771651 0.65488087 0.078740155,
      -0.76209498 0.65881713 0.078740155,
      -0.75724234 0.66366977 0.078740155,
      -0.75330609 0.66929135 0.078740155,
      -0.75040579 0.675511 0.078740155,
      -0.74862963 0.68213984 0.078740155,
      -0.74803151 0.6889764 0.078740155,
      -0.66929135 0.78740161 0.0098425197,
      -0.66929135 0.78740161 0.078740155,
      -0.66929135 0.6889764 0.0098425197,
      -0.66929135 0.6889764 0.078740155,
      -0.66929135 0.6889764 0.0098425197,
      -0.66929135 0.6889764 0.078740155,
      -0.66869323 0.68213984 0.0098425197,
      -0.66691702 0.675511 0.0098425197,
      -0.66401677 0.66929135 0.0098425197,
      -0.66008051 0.66366977 0.0098425197,
      -0.65522787 0.65881713 0.0098425197,
      -0.6496063 0.65488087 0.0098425197,
      -0.6433866 0.65198062 0.0098425197,
      -0.6367578 0.65020441 0.0098425197,
      -0.62992124 0.6496063 0.0098425197,
      -0.62308473 0.65020441 0.0098425197,
      -0.61645589 0.65198062 0.0098425197,
      -0.61023624 0.65488087 0.0098425197,
      -0.60461466 0.65881713 0.0098425197,
      -0.59976202 0.66366977 0.0098425197,
      -0.59582576 0.66929135 0.0098425197,
      -0.59292551 0.675511 0.0098425197,
      -0.5911493 0.68213984 0.0098425197,
      -0.59055119 0.6889764 0.0098425197,
      -0.59055119 0.6889764 0.078740155,
      -0.66869323 0.68213984 0.078740155,
      -0.66691702 0.675511 0.078740155,
      -0.66401677 0.66929135 0.078740155,
      -0.66008051 0.66366977 0.078740155,
      -0.65522787 0.65881713 0.078740155,
      -0.6496063 0.65488087 0.078740155,
      -0.6433866 0.65198062 0.078740155,
      -0.6367578 0.65020441 0.078740155,
      -0.62992124 0.6496063 0.078740155,
      -0.62308473 0.65020441 0.078740155,
      -0.61645589 0.65198062 0.078740155,
      -0.61023624 0.65488087 0.078740155,
      -0.60461466 0.65881713 0.078740155,
      -0.59976202 0.66366977 0.078740155,
      -0.59582576 0.66929135 0.078740155,
      -0.59292551 0.675511 0.078740155,
      -0.5911493 0.68213984 0.078740155,
      -0.59055119 0.78740161 0.0098425197,
      -0.59055119 0.78740161 0.078740155,
      -0.59055119 0.6889764 0.078740155,
      -0.59055119 0.6889764 0.0098425197,
      -0.66929135 0.78740161 0.078740155,
      -0.59055119 0.78740161 0.078740155,
      -0.66929135 0.6889764 0.078740155,
      -0.66869323 0.68213984 0.078740155,
      -0.66691702 0.675511 0.078740155,
      -0.66401677 0.66929135 0.078740155,
      -0.66008051 0.66366977 0.078740155,
      -0.65522787 0.65881713 0.078740155,
      -0.6496063 0.65488087 0.078740155,
      -0.6433866 0.65198062 0.078740155,
      -0.6367578 0.65020441 0.078740155,
      -0.62992124 0.6496063 0.078740155,
      -0.62308473 0.65020441 0.078740155,
      -0.61645589 0.65198062 0.078740155,
      -0.61023624 0.65488087 0.078740155,
      -0.60461466 0.65881713 0.078740155,
      -0.59976202 0.66366977 0.078740155,
      -0.59582576 0.66929135 0.078740155,
      -0.59292551 0.675511 0.078740155,
      -0.5911493 0.68213984 0.078740155,
      -0.59055119 0.6889764 0.078740155,
      -0.51181103 0.78740161 0.0098425197,
      -0.51181103 0.78740161 0.078740155,
      -0.51181103 0.6889764 0.0098425197,
      -0.51181103 0.6889764 0.078740155,
      -0.51181103 0.6889764 0.0098425197,
      -0.51181103 0.6889764 0.078740155,
      -0.51121291 0.68213984 0.0098425197,
      -0.5094367 0.675511 0.0098425197,
      -0.50653645 0.66929135 0.0098425197,
      -0.50260019 0.66366977 0.0098425197,
      -0.49774755 0.65881713 0.0098425197,
      -0.49212597 0.65488087 0.0098425197,
      -0.48590632 0.65198062 0.0098425197,
      -0.47927748 0.65020441 0.0098425197,
      -0.47244097 0.6496063 0.0098425197,
      -0.47244097 0.6496063 0.078740155,
      -0.51121291 0.68213984 0.078740155,
      -0.5094367 0.675511 0.078740155,
      -0.50653645 0.66929135 0.078740155,
      -0.50260019 0.66366977 0.078740155,
      -0.49774755 0.65881713 0.078740155,
      -0.49212597 0.65488087 0.078740155,
      -0.48590632 0.65198062 0.078740155,
      -0.47927748 0.65020441 0.078740155,
      -0.31496062 0.6496063 0.0098425197,
      -0.47244097 0.6496063 0.0098425197,
      -0.31496062 0.6496063 0.078740155,
      -0.47244097 0.6496063 0.078740155,
      -0.27559054 0.6889764 0.0098425197,
      -0.27559054 0.6889764 0.078740155,
      -0.31496062 0.6496063 0.078740155,
      -0.30812409 0.65020441 0.078740155,
      -0.30149527 0.65198062 0.078740155,
      -0.29527559 0.65488087 0.078740155,
      -0.28965404 0.65881713 0.078740155,
      -0.2848014 0.66366977 0.078740155,
      -0.28086514 0.66929135 0.078740155,
      -0.27796486 0.675511 0.078740155,
      -0.27618868 0.68213984 0.078740155,
      -0.31496062 0.6496063 0.0098425197,
      -0.30812409 0.65020441 0.0098425197,
      -0.30149527 0.65198062 0.0098425197,
      -0.29527559 0.65488087 0.0098425197,
      -0.28965404 0.65881713 0.0098425197,
      -0.2848014 0.66366977 0.0098425197,
      -0.28086514 0.66929135 0.0098425197,
      -0.27796486 0.675511 0.0098425197,
      -0.27618868 0.68213984 0.0098425197,
      -0.27559054 0.78740161 0.0098425197,
      -0.27559054 0.78740161 0.078740155,
      -0.27559054 0.6889764 0.078740155,
      -0.27559054 0.6889764 0.0098425197,
      -0.3543307 0.78740161 0.078740155,
      -0.27559054 0.78740161 0.078740155,
      -0.3543307 0.72834646 0.078740155,
      -0.43307086 0.72834646 0.078740155,
      -0.43307086 0.78740161 0.078740155,
      -0.51181103 0.78740161 0.078740155,
      -0.51181103 0.6889764 0.078740155,
      -0.51121291 0.68213984 0.078740155,
      -0.5094367 0.675511 0.078740155,
      -0.50653645 0.66929135 0.078740155,
      -0.50260019 0.66366977 0.078740155,
      -0.49774755 0.65881713 0.078740155,
      -0.49212597 0.65488087 0.078740155,
      -0.48590632 0.65198062 0.078740155,
      -0.47927748 0.65020441 0.078740155,
      -0.47244097 0.6496063 0.078740155,
      -0.31496062 0.6496063 0.078740155,
      -0.30812409 0.65020441 0.078740155,
      -0.30149527 0.65198062 0.078740155,
      -0.29527559 0.65488087 0.078740155,
      -0.28965404 0.65881713 0.078740155,
      -0.2848014 0.66366977 0.078740155,
      -0.28086514 0.66929135 0.078740155,
      -0.27796486 0.675511 0.078740155,
      -0.27618868 0.68213984 0.078740155,
      -0.27559054 0.6889764 0.078740155,
      -0.3543307 0.78740161 0.0098425197,
      -0.3543307 0.78740161 0.078740155,
      -0.3543307 0.72834646 0.0098425197,
      -0.3543307 0.72834646 0.078740155,
      -0.43307086 0.72834646 0.0098425197,
      -0.3543307 0.72834646 0.0098425197,
      -0.43307086 0.72834646 0.078740155,
      -0.3543307 0.72834646 0.078740155,
      -0.43307086 0.78740161 0.0098425197,
      -0.43307086 0.78740161 0.078740155,
      -0.43307086 0.72834646 0.078740155,
      -0.43307086 0.72834646 0.0098425197,
      -0.1968504 0.78740161 0.0098425197,
      -0.1968504 0.78740161 0.078740155,
      -0.1968504 0.6889764 0.0098425197,
      -0.1968504 0.6889764 0.078740155,
      -0.1968504 0.6889764 0.0098425197,
      -0.1968504 0.6889764 0.078740155,
      -0.19625228 0.68213984 0.0098425197,
      -0.19447608 0.675511 0.0098425197,
      -0.1915758 0.66929135 0.0098425197,
      -0.18763954 0.66366977 0.0098425197,
      -0.18278692 0.65881713 0.0098425197,
      -0.17716535 0.65488087 0.0098425197,
      -0.17094568 0.65198062 0.0098425197,
      -0.16431686 0.65020441 0.0098425197,
      -0.15748031 0.6496063 0.0098425197,
      -0.15748031 0.6496063 0.078740155,
      -0.19625228 0.68213984 0.078740155,
      -0.19447608 0.675511 0.078740155,
      -0.1915758 0.66929135 0.078740155,
      -0.18763954 0.66366977 0.078740155,
      -0.18278692 0.65881713 0.078740155,
      -0.17716535 0.65488087 0.078740155,
      -0.17094568 0.65198062 0.078740155,
      -0.16431686 0.65020441 0.078740155,
      0 0.6496063 0.0098425197,
      -0.15748031 0.6496063 0.0098425197,
      0 0.6496063 0.078740155,
      -0.15748031 0.6496063 0.078740155,
      0.039370078 0.6889764 0.0098425197,
      0.039370078 0.6889764 0.078740155,
      0 0.6496063 0.078740155,
      0.0061588374 0.65009102 0.078740155,
      0.012166023 0.6515332 0.078740155,
      0.017873642 0.65389739 0.078740155,
      0.023141152 0.6571253 0.078740155,
      0.027838851 0.66113751 0.078740155,
      0.031851063 0.66583523 0.078740155,
      0.035078996 0.67110275 0.078740155,
      0.037443169 0.67681036 0.078740155,
      0.038885367 0.68281752 0.078740155,
      0 0.6496063 0.0098425197,
      0.0068365428 0.65020441 0.0098425197,
      0.01346536 0.65198062 0.0098425197,
      0.019685039 0.65488087 0.0098425197,
      0.0253066 0.65881713 0.0098425197,
      0.030159231 0.66366977 0.0098425197,
      0.03409549 0.66929135 0.0098425197,
      0.036995772 0.675511 0.0098425197,
      0.03877196 0.68213984 0.0098425197,
      0.039370078 0.78740161 0.0098425197,
      0.039370078 0.78740161 0.078740155,
      0.039370078 0.6889764 0.078740155,
      0.039370078 0.6889764 0.0098425197,
      -0.1968504 0.78740161 0.078740155,
      -0.11811024 0.78740161 0.078740155,
      -0.1968504 0.6889764 0.078740155,
      -0.19625228 0.68213984 0.078740155,
      -0.19447608 0.675511 0.078740155,
      -0.1915758 0.66929135 0.078740155,
      -0.18763954 0.66366977 0.078740155,
      -0.18278692 0.65881713 0.078740155,
      -0.17716535 0.65488087 0.078740155,
      -0.17094568 0.65198062 0.078740155,
      -0.16431686 0.65020441 0.078740155,
      -0.15748031 0.6496063 0.078740155,
      0 0.6496063 0.078740155,
      0.0061588374 0.65009102 0.078740155,
      0.012166023 0.6515332 0.078740155,
      0.017873642 0.65389739 0.078740155,
      0.023141152 0.6571253 0.078740155,
      0.027838851 0.66113751 0.078740155,
      0.031851063 0.66583523 0.078740155,
      0.035078996 0.67110275 0.078740155,
      0.037443169 0.67681036 0.078740155,
      0.038885367 0.68281752 0.078740155,
      0.039370078 0.6889764 0.078740155,
      0.039370078 0.78740161 0.078740155,
      -0.039370078 0.78740161 0.078740155,
      -0.039370078 0.72834646 0.078740155,
      -0.11811024 0.72834646 0.078740155,
      -0.039370078 0.78740161 0.0098425197,
      -0.039370078 0.78740161 0.078740155,
      -0.039370078 0.72834646 0.0098425197,
      -0.039370078 0.72834646 0.078740155,
      -0.11811024 0.72834646 0.0098425197,
      -0.039370078 0.72834646 0.0098425197,
      -0.11811024 0.72834646 0.078740155,
      -0.039370078 0.72834646 0.078740155,
      -0.11811024 0.78740161 0.0098425197,
      -0.11811024 0.78740161 0.078740155,
      -0.11811024 0.72834646 0.078740155,
      -0.11811024 0.72834646 0.0098425197,
      0.11811024 0.78740161 0.0098425197,
      0.11811024 0.78740161 0.078740155,
      0.11811024 0.6889764 0.0098425197,
      0.11811024 0.6889764 0.078740155,
      0.11811024 0.6889764 0.0098425197,
      0.11811024 0.6889764 0.078740155,
      0.11870836 0.68213984 0.0098425197,
      0.12048454 0.675511 0.0098425197,
      0.12338483 0.66929135 0.0098425197,
      0.12732109 0.66366977 0.0098425197,
      0.13217372 0.65881713 0.0098425197,
      0.13779527 0.65488087 0.0098425197,
      0.14401495 0.65198062 0.0098425197,
      0.15064378 0.65020441 0.0098425197,
      0.15748031 0.6496063 0.0098425197,
      0.16431686 0.65020441 0.0098425197,
      0.17094568 0.65198062 0.0098425197,
      0.17716535 0.65488087 0.0098425197,
      0.18278692 0.65881713 0.0098425197,
      0.18763954 0.66366977 0.0098425197,
      0.1915758 0.66929135 0.0098425197,
      0.19447608 0.675511 0.0098425197,
      0.19625228 0.68213984 0.0098425197,
      0.1968504 0.6889764 0.0098425197,
      0.1968504 0.6889764 0.078740155,
      0.11870836 0.68213984 0.078740155,
      0.12048454 0.675511 0.078740155,
      0.12338483 0.66929135 0.078740155,
      0.12732109 0.66366977 0.078740155,
      0.13217372 0.65881713 0.078740155,
      0.13779527 0.65488087 0.078740155,
      0.14401495 0.65198062 0.078740155,
      0.15064378 0.65020441 0.078740155,
      0.15748031 0.6496063 0.078740155,
      0.16431686 0.65020441 0.078740155,
      0.17094568 0.65198062 0.078740155,
      0.17716535 0.65488087 0.078740155,
      0.18278692 0.65881713 0.078740155,
      0.18763954 0.66366977 0.078740155,
      0.1915758 0.66929135 0.078740155,
      0.19447608 0.675511 0.078740155,
      0.19625228 0.68213984 0.078740155,
      0.1968504 0.78740161 0.0098425197,
      0.1968504 0.78740161 0.078740155,
      0.1968504 0.6889764 0.078740155,
      0.1968504 0.6889764 0.0098425197,
      0.11811024 0.78740161 0.078740155,
      0.1968504 0.78740161 0.078740155,
      0.11811024 0.6889764 0.078740155,
      0.11870836 0.68213984 0.078740155,
      0.12048454 0.675511 0.078740155,
      0.12338483 0.66929135 0.078740155,
      0.12732109 0.66366977 0.078740155,
      0.13217372 0.65881713 0.078740155,
      0.13779527 0.65488087 0.078740155,
      0.14401495 0.65198062 0.078740155,
      0.15064378 0.65020441 0.078740155,
      0.15748031 0.6496063 0.078740155,
      0.16431686 0.65020441 0.078740155,
      0.17094568 0.65198062 0.078740155,
      0.17716535 0.65488087 0.078740155,
      0.18278692 0.65881713 0.078740155,
      0.18763954 0.66366977 0.078740155,
      0.1915758 0.66929135 0.078740155,
      0.19447608 0.675511 0.078740155,
      0.19625228 0.68213984 0.078740155,
      0.1968504 0.6889764 0.078740155,
      0.27559054 0.78740161 0.0098425197,
      0.27559054 0.78740161 0.078740155,
      0.27559054 0.6889764 0.0098425197,
      0.27559054 0.6889764 0.078740155,
      0.27559054 0.6889764 0.0098425197,
      0.27559054 0.6889764 0.078740155,
      0.27618868 0.68213984 0.0098425197,
      0.27796486 0.675511 0.0098425197,
      0.28086514 0.66929135 0.0098425197,
      0.2848014 0.66366977 0.0098425197,
      0.28965404 0.65881713 0.0098425197,
      0.29527559 0.65488087 0.0098425197,
      0.30149527 0.65198062 0.0098425197,
      0.30812409 0.65020441 0.0098425197,
      0.31496062 0.6496063 0.0098425197,
      0.32179718 0.65020441 0.0098425197,
      0.32842598 0.65198062 0.0098425197,
      0.33464567 0.65488087 0.0098425197,
      0.34026723 0.65881713 0.0098425197,
      0.34511987 0.66366977 0.0098425197,
      0.34905613 0.66929135 0.0098425197,
      0.3519564 0.675511 0.0098425197,
      0.35373258 0.68213984 0.0098425197,
      0.3543307 0.6889764 0.0098425197,
      0.3543307 0.6889764 0.078740155,
      0.27618868 0.68213984 0.078740155,
      0.27796486 0.675511 0.078740155,
      0.28086514 0.66929135 0.078740155,
      0.2848014 0.66366977 0.078740155,
      0.28965404 0.65881713 0.078740155,
      0.29527559 0.65488087 0.078740155,
      0.30149527 0.65198062 0.078740155,
      0.30812409 0.65020441 0.078740155,
      0.31496062 0.6496063 0.078740155,
      0.32179718 0.65020441 0.078740155,
      0.32842598 0.65198062 0.078740155,
      0.33464567 0.65488087 0.078740155,
      0.34026723 0.65881713 0.078740155,
      0.34511987 0.66366977 0.078740155,
      0.34905613 0.66929135 0.078740155,
      0.3519564 0.675511 0.078740155,
      0.35373258 0.68213984 0.078740155,
      0.3543307 0.78740161 0.0098425197,
      0.3543307 0.78740161 0.078740155,
      0.3543307 0.6889764 0.078740155,
      0.3543307 0.6889764 0.0098425197,
      0.27559054 0.78740161 0.078740155,
      0.3543307 0.78740161 0.078740155,
      0.27559054 0.6889764 0.078740155,
      0.27618868 0.68213984 0.078740155,
      0.27796486 0.675511 0.078740155,
      0.28086514 0.66929135 0.078740155,
      0.2848014 0.66366977 0.078740155,
      0.28965404 0.65881713 0.078740155,
      0.29527559 0.65488087 0.078740155,
      0.30149527 0.65198062 0.078740155,
      0.30812409 0.65020441 0.078740155,
      0.31496062 0.6496063 0.078740155,
      0.32179718 0.65020441 0.078740155,
      0.32842598 0.65198062 0.078740155,
      0.33464567 0.65488087 0.078740155,
      0.34026723 0.65881713 0.078740155,
      0.34511987 0.66366977 0.078740155,
      0.34905613 0.66929135 0.078740155,
      0.3519564 0.675511 0.078740155,
      0.35373258 0.68213984 0.078740155,
      0.3543307 0.6889764 0.078740155,
      0.43307086 0.78740161 0.0098425197,
      0.43307086 0.78740161 0.078740155,
      0.43307086 0.6889764 0.0098425197,
      0.43307086 0.6889764 0.078740155,
      0.43307086 0.6889764 0.0098425197,
      0.43307086 0.6889764 0.078740155,
      0.43366898 0.68213984 0.0098425197,
      0.43544519 0.675511 0.0098425197,
      0.43834544 0.66929135 0.0098425197,
      0.4422817 0.66366977 0.0098425197,
      0.44713434 0.65881713 0.0098425197,
      0.45275592 0.65488087 0.0098425197,
      0.45897556 0.65198062 0.0098425197,
      0.46560441 0.65020441 0.0098425197,
      0.47244097 0.6496063 0.0098425197,
      0.47927748 0.65020441 0.0098425197,
      0.48590632 0.65198062 0.0098425197,
      0.49212597 0.65488087 0.0098425197,
      0.49774755 0.65881713 0.0098425197,
      0.50260019 0.66366977 0.0098425197,
      0.50653645 0.66929135 0.0098425197,
      0.5094367 0.675511 0.0098425197,
      0.51121291 0.68213984 0.0098425197,
      0.51181103 0.6889764 0.0098425197,
      0.51181103 0.6889764 0.078740155,
      0.43366898 0.68213984 0.078740155,
      0.43544519 0.675511 0.078740155,
      0.43834544 0.66929135 0.078740155,
      0.4422817 0.66366977 0.078740155,
      0.44713434 0.65881713 0.078740155,
      0.45275592 0.65488087 0.078740155,
      0.45897556 0.65198062 0.078740155,
      0.46560441 0.65020441 0.078740155,
      0.47244097 0.6496063 0.078740155,
      0.47927748 0.65020441 0.078740155,
      0.48590632 0.65198062 0.078740155,
      0.49212597 0.65488087 0.078740155,
      0.49774755 0.65881713 0.078740155,
      0.50260019 0.66366977 0.078740155,
      0.50653645 0.66929135 0.078740155,
      0.5094367 0.675511 0.078740155,
      0.51121291 0.68213984 0.078740155,
      0.51181103 0.78740161 0.0098425197,
      0.51181103 0.78740161 0.078740155,
      0.51181103 0.6889764 0.078740155,
      0.51181103 0.6889764 0.0098425197,
      0.43307086 0.78740161 0.078740155,
      0.51181103 0.78740161 0.078740155,
      0.43307086 0.6889764 0.078740155,
      0.43366898 0.68213984 0.078740155,
      0.43544519 0.675511 0.078740155,
      0.43834544 0.66929135 0.078740155,
      0.4422817 0.66366977 0.078740155,
      0.44713434 0.65881713 0.078740155,
      0.45275592 0.65488087 0.078740155,
      0.45897556 0.65198062 0.078740155,
      0.46560441 0.65020441 0.078740155,
      0.47244097 0.6496063 0.078740155,
      0.47927748 0.65020441 0.078740155,
      0.48590632 0.65198062 0.078740155,
      0.49212597 0.65488087 0.078740155,
      0.49774755 0.65881713 0.078740155,
      0.50260019 0.66366977 0.078740155,
      0.50653645 0.66929135 0.078740155,
      0.5094367 0.675511 0.078740155,
      0.51121291 0.68213984 0.078740155,
      0.51181103 0.6889764 0.078740155,
      0.59055119 0.78740161 0.0098425197,
      0.59055119 0.78740161 0.078740155,
      0.59055119 0.6889764 0.0098425197,
      0.59055119 0.6889764 0.078740155,
      0.59055119 0.6889764 0.0098425197,
      0.59055119 0.6889764 0.078740155,
      0.5911493 0.68213984 0.0098425197,
      0.59292551 0.675511 0.0098425197,
      0.59582576 0.66929135 0.0098425197,
      0.59976202 0.66366977 0.0098425197,
      0.60461466 0.65881713 0.0098425197,
      0.61023624 0.65488087 0.0098425197,
      0.61645589 0.65198062 0.0098425197,
      0.62308473 0.65020441 0.0098425197,
      0.62992124 0.6496063 0.0098425197,
      0.6367578 0.65020441 0.0098425197,
      0.6433866 0.65198062 0.0098425197,
      0.6496063 0.65488087 0.0098425197,
      0.65522787 0.65881713 0.0098425197,
      0.66008051 0.66366977 0.0098425197,
      0.66401677 0.66929135 0.0098425197,
      0.66691702 0.675511 0.0098425197,
      0.66869323 0.68213984 0.0098425197,
      0.66929135 0.6889764 0.0098425197,
      0.66929135 0.6889764 0.078740155,
      0.5911493 0.68213984 0.078740155,
      0.59292551 0.675511 0.078740155,
      0.59582576 0.66929135 0.078740155,
      0.59976202 0.66366977 0.078740155,
      0.60461466 0.65881713 0.078740155,
      0.61023624 0.65488087 0.078740155,
      0.61645589 0.65198062 0.078740155,
      0.62308473 0.65020441 0.078740155,
      0.62992124 0.6496063 0.078740155,
      0.6367578 0.65020441 0.078740155,
      0.6433866 0.65198062 0.078740155,
      0.6496063 0.65488087 0.078740155,
      0.65522787 0.65881713 0.078740155,
      0.66008051 0.66366977 0.078740155,
      0.66401677 0.66929135 0.078740155,
      0.66691702 0.675511 0.078740155,
      0.66869323 0.68213984 0.078740155,
      0.66929135 0.78740161 0.0098425197,
      0.66929135 0.78740161 0.078740155,
      0.66929135 0.6889764 0.078740155,
      0.66929135 0.6889764 0.0098425197,
      0.59055119 0.78740161 0.078740155,
      0.66929135 0.78740161 0.078740155,
      0.59055119 0.6889764 0.078740155,
      0.5911493 0.68213984 0.078740155,
      0.59292551 0.675511 0.078740155,
      0.59582576 0.66929135 0.078740155,
      0.59976202 0.66366977 0.078740155,
      0.60461466 0.65881713 0.078740155,
      0.61023624 0.65488087 0.078740155,
      0.61645589 0.65198062 0.078740155,
      0.62308473 0.65020441 0.078740155,
      0.62992124 0.6496063 0.078740155,
      0.6367578 0.65020441 0.078740155,
      0.6433866 0.65198062 0.078740155,
      0.6496063 0.65488087 0.078740155,
      0.65522787 0.65881713 0.078740155,
      0.66008051 0.66366977 0.078740155,
      0.66401677 0.66929135 0.078740155,
      0.66691702 0.675511 0.078740155,
      0.66869323 0.68213984 0.078740155,
      0.66929135 0.6889764 0.078740155,
      0.74803151 0.78740161 0.0098425197,
      0.74803151 0.78740161 0.078740155,
      0.74803151 0.6889764 0.0098425197,
      0.74803151 0.6889764 0.078740155,
      0.74803151 0.6889764 0.0098425197,
      0.74803151 0.6889764 0.078740155,
      0.74862963 0.68213984 0.0098425197,
      0.75040579 0.675511 0.0098425197,
      0.75330609 0.66929135 0.0098425197,
      0.75724234 0.66366977 0.0098425197,
      0.76209498 0.65881713 0.0098425197,
      0.76771651 0.65488087 0.0098425197,
      0.77393621 0.65198062 0.0098425197,
      0.78056501 0.65020441 0.0098425197,
      0.78740161 0.6496063 0.0098425197,
      0.79423812 0.65020441 0.0098425197,
      0.80086692 0.65198062 0.0098425197,
      0.80708662 0.65488087 0.0098425197,
      0.81270819 0.65881713 0.0098425197,
      0.81756079 0.66366977 0.0098425197,
      0.82149709 0.66929135 0.0098425197,
      0.8243973 0.675511 0.0098425197,
      0.82617351 0.68213984 0.0098425197,
      0.82677162 0.6889764 0.0098425197,
      0.82677162 0.6889764 0.078740155,
      0.74862963 0.68213984 0.078740155,
      0.75040579 0.675511 0.078740155,
      0.75330609 0.66929135 0.078740155,
      0.75724234 0.66366977 0.078740155,
      0.76209498 0.65881713 0.078740155,
      0.76771651 0.65488087 0.078740155,
      0.77393621 0.65198062 0.078740155,
      0.78056501 0.65020441 0.078740155,
      0.78740161 0.6496063 0.078740155,
      0.79423812 0.65020441 0.078740155,
      0.80086692 0.65198062 0.078740155,
      0.80708662 0.65488087 0.078740155,
      0.81270819 0.65881713 0.078740155,
      0.81756079 0.66366977 0.078740155,
      0.82149709 0.66929135 0.078740155,
      0.8243973 0.675511 0.078740155,
      0.82617351 0.68213984 0.078740155,
      0.82677162 0.78740161 0.0098425197,
      0.82677162 0.78740161 0.078740155,
      0.82677162 0.6889764 0.078740155,
      0.82677162 0.6889764 0.0098425197,
      0.74803151 0.78740161 0.078740155,
      0.82677162 0.78740161 0.078740155,
      0.74803151 0.6889764 0.078740155,
      0.74862963 0.68213984 0.078740155,
      0.75040579 0.675511 0.078740155,
      0.75330609 0.66929135 0.078740155,
      0.75724234 0.66366977 0.078740155,
      0.76209498 0.65881713 0.078740155,
      0.76771651 0.65488087 0.078740155,
      0.77393621 0.65198062 0.078740155,
      0.78056501 0.65020441 0.078740155,
      0.78740161 0.6496063 0.078740155,
      0.79423812 0.65020441 0.078740155,
      0.80086692 0.65198062 0.078740155,
      0.80708662 0.65488087 0.078740155,
      0.81270819 0.65881713 0.078740155,
      0.81756079 0.66366977 0.078740155,
      0.82149709 0.66929135 0.078740155,
      0.8243973 0.675511 0.078740155,
      0.82617351 0.68213984 0.078740155,
      0.82677162 0.6889764 0.078740155,
      0.90551183 0.78740161 0.0098425197,
      0.90551183 0.78740161 0.078740155,
      0.90551183 0.6889764 0.0098425197,
      0.90551183 0.6889764 0.078740155,
      0.90551183 0.6889764 0.0098425197,
      0.90551183 0.6889764 0.078740155,
      0.90610995 0.68213984 0.0098425197,
      0.90788615 0.675511 0.0098425197,
      0.91078636 0.66929135 0.0098425197,
      0.91472267 0.66366977 0.0098425197,
      0.91957526 0.65881713 0.0098425197,
      0.92519684 0.65488087 0.0098425197,
      0.93141653 0.65198062 0.0098425197,
      0.93804533 0.65020441 0.0098425197,
      0.94488193 0.6496063 0.0098425197,
      0.95171845 0.65020441 0.0098425197,
      0.95834725 0.65198062 0.0098425197,
      0.96456694 0.65488087 0.0098425197,
      0.97018852 0.65881713 0.0098425197,
      0.97504111 0.66366977 0.0098425197,
      0.97897742 0.66929135 0.0098425197,
      0.98187762 0.675511 0.0098425197,
      0.98365383 0.68213984 0.0098425197,
      0.98425195 0.6889764 0.0098425197,
      0.98425195 0.6889764 0.078740155,
      0.90610995 0.68213984 0.078740155,
      0.90788615 0.675511 0.078740155,
      0.91078636 0.66929135 0.078740155,
      0.91472267 0.66366977 0.078740155,
      0.91957526 0.65881713 0.078740155,
      0.92519684 0.65488087 0.078740155,
      0.93141653 0.65198062 0.078740155,
      0.93804533 0.65020441 0.078740155,
      0.94488193 0.6496063 0.078740155,
      0.95171845 0.65020441 0.078740155,
      0.95834725 0.65198062 0.078740155,
      0.96456694 0.65488087 0.078740155,
      0.97018852 0.65881713 0.078740155,
      0.97504111 0.66366977 0.078740155,
      0.97897742 0.66929135 0.078740155,
      0.98187762 0.675511 0.078740155,
      0.98365383 0.68213984 0.078740155,
      0.98425195 0.78740161 0.0098425197,
      0.98425195 0.78740161 0.078740155,
      0.98425195 0.6889764 0.078740155,
      0.98425195 0.6889764 0.0098425197,
      0.90551183 0.78740161 0.078740155,
      0.90551183 0.6889764 0.078740155,
      0.90610995 0.68213984 0.078740155,
      0.90788615 0.675511 0.078740155,
      0.91078636 0.66929135 0.078740155,
      0.91472267 0.66366977 0.078740155,
      0.91957526 0.65881713 0.078740155,
      0.92519684 0.65488087 0.078740155,
      0.93141653 0.65198062 0.078740155,
      0.93804533 0.65020441 0.078740155,
      0.94488193 0.6496063 0.078740155,
      0.95171845 0.65020441 0.078740155,
      0.95834725 0.65198062 0.078740155,
      0.96456694 0.65488087 0.078740155,
      0.97018852 0.65881713 0.078740155,
      0.97504111 0.66366977 0.078740155,
      0.97897742 0.66929135 0.078740155,
      0.98187762 0.675511 0.078740155,
      0.98365383 0.68213984 0.078740155,
      0.98425195 0.6889764 0.078740155,
      0.98425195 0.78740161 0.078740155,
      1.1811024 -0.39370081 0.0098425197,
      1.1811024 -0.29527559 0.0098425197,
      1.1811024 -0.29527559 0.078740155,
      1.1811024 -0.21653543 0.078740155,
      1.1811024 -0.21653543 0.0098425197,
      1.1811024 -0.11811024 0.0098425197,
      1.1811024 -0.11811024 0.078740155,
      1.1811024 -0.039370078 0.078740155,
      1.1811024 -0.039370078 0.0098425197,
      1.1811024 0.039370078 0.0098425197,
      1.1811024 0.039370078 0.078740155,
      1.1811024 0.11811024 0.078740155,
      1.1811024 0.11811024 0.0098425197,
      1.1811024 0.21653543 0.0098425197,
      1.1811024 0.21653543 0.078740155,
      1.1811024 0.29527559 0.078740155,
      1.1811024 0.29527559 0.0098425197,
      1.1811024 0.39370081 0.0098425197,
      1.1811024 0.39370081 0.078740155,
      1.1811024 0.47244097 0.078740155,
      1.1811024 0.47244097 0.0098425197,
      1.1811024 0.78740161 0.0098425197,
      1.1811024 0.78740161 0.31496064,
      1.1811024 -0.78740161 0.31496064,
      1.1811024 -0.78740161 0.0098425197,
      1.1811024 -0.47244097 0.0098425197,
      1.1811024 -0.47244097 0.078740155,
      1.1811024 -0.39370081 0.078740155,
      1.1811024 0.62007874 0.03937008,
      1.1811024 0.62007874 0.078740155,
      1.1811024 0.56102363 0.03937008,
      1.1811024 0.56102363 0.078740155,
      1.1811024 -0.56102363 0.03937008,
      1.1811024 -0.56102363 0.078740155,
      1.1811024 -0.62007874 0.03937008,
      1.1811024 -0.62007874 0.078740155,
      1.1811024 -0.39370081 0.0098425197,
      1.1811024 -0.39370081 0.078740155,
      1.1220473 -0.39370081 0.0098425197,
      1.1220473 -0.39370081 0.078740155,
      1.1220473 -0.29527559 0.0098425197,
      1.1220473 -0.39370081 0.0098425197,
      1.1220473 -0.29527559 0.078740155,
      1.1220473 -0.39370081 0.078740155,
      1.1811024 -0.29527559 0.0098425197,
      1.1220473 -0.29527559 0.0098425197,
      1.1811024 -0.29527559 0.078740155,
      1.1220473 -0.29527559 0.078740155,
      1.1811024 -0.47244097 0.078740155,
      1.1811024 -0.39370081 0.078740155,
      1.1220473 -0.39370081 0.078740155,
      1.1220473 -0.29527559 0.078740155,
      1.1811024 -0.29527559 0.078740155,
      1.1811024 -0.21653543 0.078740155,
      1.1220473 -0.21653543 0.078740155,
      1.1220473 -0.11811024 0.078740155,
      1.1811024 -0.11811024 0.078740155,
      1.1811024 -0.039370078 0.078740155,
      1.0826772 -0.039370078 0.078740155,
      1.0433071 -0.078740155 0.078740155,
      1.0439052 -0.071903614 0.078740155,
      1.0456814 -0.065274799 0.078740155,
      1.0485817 -0.059055121 0.078740155,
      1.0525179 -0.053433561 0.078740155,
      1.0573706 -0.048580927 0.078740155,
      1.0629922 -0.044644669 0.078740155,
      1.0692118 -0.041744386 0.078740155,
      1.0758406 -0.039968199 0.078740155,
      1.0433071 -0.43307086 0.078740155,
      1.0439052 -0.43990742 0.078740155,
      1.0456814 -0.44653622 0.078740155,
      1.0485817 -0.45275592 0.078740155,
      1.0525179 -0.45837745 0.078740155,
      1.0573706 -0.46323009 0.078740155,
      1.0629922 -0.46716634 0.078740155,
      1.0692118 -0.47006664 0.078740155,
      1.0758406 -0.4718428 0.078740155,
      1.0826772 -0.47244097 0.078740155,
      1.1811024 -0.21653543 0.0098425197,
      1.1220473 -0.21653543 0.0098425197,
      1.1220473 -0.21653543 0.078740155,
      1.1811024 -0.21653543 0.078740155,
      1.1220473 -0.11811024 0.0098425197,
      1.1220473 -0.21653543 0.0098425197,
      1.1220473 -0.11811024 0.078740155,
      1.1220473 -0.21653543 0.078740155,
      1.1811024 -0.11811024 0.0098425197,
      1.1220473 -0.11811024 0.0098425197,
      1.1811024 -0.11811024 0.078740155,
      1.1220473 -0.11811024 0.078740155,
      1.1811024 -0.039370078 0.0098425197,
      1.0826772 -0.039370078 0.0098425197,
      1.0826772 -0.039370078 0.078740155,
      1.1811024 -0.039370078 0.078740155,
      1.0433071 -0.078740155 0.0098425197,
      1.0439052 -0.071903614 0.0098425197,
      1.0456814 -0.065274799 0.0098425197,
      1.0485817 -0.059055121 0.0098425197,
      1.0525179 -0.053433561 0.0098425197,
      1.0573706 -0.048580927 0.0098425197,
      1.0629922 -0.044644669 0.0098425197,
      1.0692118 -0.041744386 0.0098425197,
      1.0758406 -0.039968199 0.0098425197,
      1.0826772 -0.039370078 0.0098425197,
      1.0433071 -0.078740155 0.078740155,
      1.0439052 -0.071903614 0.078740155,
      1.0456814 -0.065274799 0.078740155,
      1.0485817 -0.059055121 0.078740155,
      1.0525179 -0.053433561 0.078740155,
      1.0573706 -0.048580927 0.078740155,
      1.0629922 -0.044644669 0.078740155,
      1.0692118 -0.041744386 0.078740155,
      1.0758406 -0.039968199 0.078740155,
      1.0826772 -0.039370078 0.078740155,
      1.0433071 -0.43307086 0.0098425197,
      1.0433071 -0.078740155 0.0098425197,
      1.0433071 -0.43307086 0.078740155,
      1.0433071 -0.078740155 0.078740155,
      1.0433071 -0.43307086 0.0098425197,
      1.0439052 -0.43990742 0.0098425197,
      1.0456814 -0.44653622 0.0098425197,
      1.0485817 -0.45275592 0.0098425197,
      1.0525179 -0.45837745 0.0098425197,
      1.0573706 -0.46323009 0.0098425197,
      1.0629922 -0.46716634 0.0098425197,
      1.0692118 -0.47006664 0.0098425197,
      1.0758406 -0.4718428 0.0098425197,
      1.0826772 -0.47244097 0.0098425197,
      1.0826772 -0.47244097 0.078740155,
      1.0433071 -0.43307086 0.078740155,
      1.0439052 -0.43990742 0.078740155,
      1.0456814 -0.44653622 0.078740155,
      1.0485817 -0.45275592 0.078740155,
      1.0525179 -0.45837745 0.078740155,
      1.0573706 -0.46323009 0.078740155,
      1.0629922 -0.46716634 0.078740155,
      1.0692118 -0.47006664 0.078740155,
      1.0758406 -0.4718428 0.078740155,
      1.1811024 -0.47244097 0.0098425197,
      1.1811024 -0.47244097 0.078740155,
      1.0826772 -0.47244097 0.078740155,
      1.0826772 -0.47244097 0.0098425197,
      -0.90551183 -0.78740161 0.0098425197,
      -0.90551183 -0.78740161 0.078740155,
      -0.82677162 -0.78740161 0.0098425197,
      -0.82677162 -0.78740161 0.078740155,
      -0.74803151 -0.78740161 0.078740155,
      -0.74803151 -0.78740161 0.0098425197,
      -0.66929135 -0.78740161 0.0098425197,
      -0.66929135 -0.78740161 0.078740155,
      -0.59055119 -0.78740161 0.078740155,
      -0.59055119 -0.78740161 0.0098425197,
      -0.51181103 -0.78740161 0.0098425197,
      -0.51181103 -0.78740161 0.078740155,
      -0.43307086 -0.78740161 0.078740155,
      -0.43307086 -0.78740161 0.0098425197,
      -0.3543307 -0.78740161 0.0098425197,
      -0.3543307 -0.78740161 0.078740155,
      -0.27559054 -0.78740161 0.078740155,
      -0.27559054 -0.78740161 0.0098425197,
      -0.1968504 -0.78740161 0.0098425197,
      -0.1968504 -0.78740161 0.078740155,
      -0.11811024 -0.78740161 0.078740155,
      -0.11811024 -0.78740161 0.0098425197,
      -0.039370078 -0.78740161 0.0098425197,
      -0.039370078 -0.78740161 0.078740155,
      0.039370078 -0.78740161 0.078740155,
      0.039370078 -0.78740161 0.0098425197,
      0.11811024 -0.78740161 0.0098425197,
      0.11811024 -0.78740161 0.078740155,
      0.1968504 -0.78740161 0.078740155,
      0.1968504 -0.78740161 0.0098425197,
      0.27559054 -0.78740161 0.0098425197,
      0.27559054 -0.78740161 0.078740155,
      0.3543307 -0.78740161 0.078740155,
      0.3543307 -0.78740161 0.0098425197,
      0.43307086 -0.78740161 0.0098425197,
      0.43307086 -0.78740161 0.078740155,
      0.51181103 -0.78740161 0.078740155,
      0.51181103 -0.78740161 0.0098425197,
      0.59055119 -0.78740161 0.0098425197,
      0.59055119 -0.78740161 0.078740155,
      0.66929135 -0.78740161 0.078740155,
      0.66929135 -0.78740161 0.0098425197,
      0.74803151 -0.78740161 0.0098425197,
      0.74803151 -0.78740161 0.078740155,
      0.82677162 -0.78740161 0.078740155,
      0.82677162 -0.78740161 0.0098425197,
      0.90551183 -0.78740161 0.0098425197,
      0.90551183 -0.78740161 0.078740155,
      0.98425195 -0.78740161 0.078740155,
      0.98425195 -0.78740161 0.0098425197,
      1.1811024 -0.78740161 0.0098425197,
      1.1811024 -0.78740161 0.31496064,
      -1.1811024 -0.78740161 0.31496064,
      -1.1811024 -0.78740161 0.0098425197,
      -0.98425195 -0.78740161 0.0098425197,
      -0.98425195 -0.78740161 0.078740155,
      -1.0629922 -0.78740161 0.03937008,
      -1.0629922 -0.78740161 0.078740155,
      -1.1220473 -0.78740161 0.03937008,
      -1.1220473 -0.78740161 0.078740155,
      1.1220473 -0.78740161 0.03937008,
      1.1220473 -0.78740161 0.078740155,
      1.0629922 -0.78740161 0.03937008,
      1.0629922 -0.78740161 0.078740155,
      -0.98425195 -0.78740161 0.078740155,
      -0.98425195 -0.6889764 0.078740155,
      -0.98365383 -0.68213984 0.078740155,
      -0.98187762 -0.675511 0.078740155,
      -0.97897742 -0.66929135 0.078740155,
      -0.97504111 -0.66366977 0.078740155,
      -0.97018852 -0.65881713 0.078740155,
      -0.96456694 -0.65488087 0.078740155,
      -0.95834725 -0.65198062 0.078740155,
      -0.95171845 -0.65020441 0.078740155,
      -0.94488193 -0.6496063 0.078740155,
      -0.93804533 -0.65020441 0.078740155,
      -0.93141653 -0.65198062 0.078740155,
      -0.92519684 -0.65488087 0.078740155,
      -0.91957526 -0.65881713 0.078740155,
      -0.91472267 -0.66366977 0.078740155,
      -0.91078636 -0.66929135 0.078740155,
      -0.90788615 -0.675511 0.078740155,
      -0.90610995 -0.68213984 0.078740155,
      -0.90551183 -0.6889764 0.078740155,
      -0.90551183 -0.78740161 0.078740155,
      -0.90551183 -0.6889764 0.078740155,
      -0.90551183 -0.78740161 0.078740155,
      -0.90551183 -0.6889764 0.0098425197,
      -0.90551183 -0.78740161 0.0098425197,
      -0.98425195 -0.6889764 0.0098425197,
      -0.98425195 -0.6889764 0.078740155,
      -0.98365383 -0.68213984 0.078740155,
      -0.98187762 -0.675511 0.078740155,
      -0.97897742 -0.66929135 0.078740155,
      -0.97504111 -0.66366977 0.078740155,
      -0.97018852 -0.65881713 0.078740155,
      -0.96456694 -0.65488087 0.078740155,
      -0.95834725 -0.65198062 0.078740155,
      -0.95171845 -0.65020441 0.078740155,
      -0.94488193 -0.6496063 0.078740155,
      -0.93804533 -0.65020441 0.078740155,
      -0.93141653 -0.65198062 0.078740155,
      -0.92519684 -0.65488087 0.078740155,
      -0.91957526 -0.65881713 0.078740155,
      -0.91472267 -0.66366977 0.078740155,
      -0.91078636 -0.66929135 0.078740155,
      -0.90788615 -0.675511 0.078740155,
      -0.90610995 -0.68213984 0.078740155,
      -0.90551183 -0.6889764 0.078740155,
      -0.90551183 -0.6889764 0.0098425197,
      -0.98365383 -0.68213984 0.0098425197,
      -0.98187762 -0.675511 0.0098425197,
      -0.97897742 -0.66929135 0.0098425197,
      -0.97504111 -0.66366977 0.0098425197,
      -0.97018852 -0.65881713 0.0098425197,
      -0.96456694 -0.65488087 0.0098425197,
      -0.95834725 -0.65198062 0.0098425197,
      -0.95171845 -0.65020441 0.0098425197,
      -0.94488193 -0.6496063 0.0098425197,
      -0.93804533 -0.65020441 0.0098425197,
      -0.93141653 -0.65198062 0.0098425197,
      -0.92519684 -0.65488087 0.0098425197,
      -0.91957526 -0.65881713 0.0098425197,
      -0.91472267 -0.66366977 0.0098425197,
      -0.91078636 -0.66929135 0.0098425197,
      -0.90788615 -0.675511 0.0098425197,
      -0.90610995 -0.68213984 0.0098425197,
      -0.98425195 -0.78740161 0.0098425197,
      -0.98425195 -0.6889764 0.0098425197,
      -0.98425195 -0.6889764 0.078740155,
      -0.98425195 -0.78740161 0.078740155,
      -1.1811024 0.43307086 0.0098425197,
      -1.1811024 0.43307086 0.078740155,
      -1.1811024 0.3543307 0.078740155,
      -1.1811024 0.3543307 0.0098425197,
      -1.1811024 0.27559054 0.0098425197,
      -1.1811024 0.27559054 0.078740155,
      -1.1811024 0.1968504 0.078740155,
      -1.1811024 0.1968504 0.0098425197,
      -1.1811024 0.11811024 0.0098425197,
      -1.1811024 0.11811024 0.078740155,
      -1.1811024 0.039370078 0.078740155,
      -1.1811024 0.039370078 0.0098425197,
      -1.1811024 -0.039370078 0.0098425197,
      -1.1811024 -0.039370078 0.078740155,
      -1.1811024 -0.11811024 0.078740155,
      -1.1811024 -0.11811024 0.0098425197,
      -1.1811024 -0.1968504 0.0098425197,
      -1.1811024 -0.1968504 0.078740155,
      -1.1811024 -0.27559054 0.078740155,
      -1.1811024 -0.27559054 0.0098425197,
      -1.1811024 -0.3543307 0.0098425197,
      -1.1811024 -0.3543307 0.078740155,
      -1.1811024 -0.43307086 0.078740155,
      -1.1811024 -0.43307086 0.0098425197,
      -1.1811024 -0.78740161 0.0098425197,
      -1.1811024 -0.78740161 0.31496064,
      -1.1811024 0.78740161 0.31496064,
      -1.1811024 0.78740161 0.0098425197,
      -1.1811024 0.56102363 0.03937008,
      -1.1811024 0.56102363 0.078740155,
      -1.1811024 0.62007874 0.03937008,
      -1.1811024 0.62007874 0.078740155,
      -1.1811024 -0.62007874 0.03937008,
      -1.1811024 -0.62007874 0.078740155,
      -1.1811024 -0.56102363 0.03937008,
      -1.1811024 -0.56102363 0.078740155,
      -1.1811024 -0.78740161 0.31496064,
      1.1811024 -0.78740161 0.31496064,
      1.1811024 0.78740161 0.31496064,
      -1.1811024 0.78740161 0.31496064,
      -1.1811024 -0.43307086 0.0098425197,
      -1.0826772 -0.43307086 0.0098425197,
      -1.0826772 -0.43307086 0.078740155,
      -1.1811024 -0.43307086 0.078740155,
      -1.0826772 -0.3543307 0.078740155,
      -1.0758406 -0.35492882 0.078740155,
      -1.0692118 -0.35670503 0.078740155,
      -1.0629922 -0.3596053 0.078740155,
      -1.0573706 -0.36354156 0.078740155,
      -1.0525179 -0.36839418 0.078740155,
      -1.0485817 -0.37401575 0.078740155,
      -1.0456814 -0.38023543 0.078740155,
      -1.0439052 -0.38686425 0.078740155,
      -1.0433071 -0.39370081 0.078740155,
      -1.0439052 -0.40053732 0.078740155,
      -1.0456814 -0.40716616 0.078740155,
      -1.0485817 -0.41338581 0.078740155,
      -1.0525179 -0.41900739 0.078740155,
      -1.0573706 -0.42386003 0.078740155,
      -1.0629922 -0.42779629 0.078740155,
      -1.0692118 -0.43069654 0.078740155,
      -1.0758406 -0.43247275 0.078740155,
      -1.0826772 -0.43307086 0.078740155,
      -1.0826772 -0.43307086 0.0098425197,
      -1.0758406 -0.43247275 0.0098425197,
      -1.0692118 -0.43069654 0.0098425197,
      -1.0629922 -0.42779629 0.0098425197,
      -1.0573706 -0.42386003 0.0098425197,
      -1.0525179 -0.41900739 0.0098425197,
      -1.0485817 -0.41338581 0.0098425197,
      -1.0456814 -0.40716616 0.0098425197,
      -1.0439052 -0.40053732 0.0098425197,
      -1.0433071 -0.39370081 0.0098425197,
      -1.0439052 -0.38686425 0.0098425197,
      -1.0456814 -0.38023543 0.0098425197,
      -1.0485817 -0.37401575 0.0098425197,
      -1.0525179 -0.36839418 0.0098425197,
      -1.0573706 -0.36354156 0.0098425197,
      -1.0629922 -0.3596053 0.0098425197,
      -1.0692118 -0.35670503 0.0098425197,
      -1.0758406 -0.35492882 0.0098425197,
      -1.0826772 -0.3543307 0.0098425197,
      -1.1811024 -0.3543307 0.078740155,
      -1.0826772 -0.3543307 0.078740155,
      -1.0758406 -0.35492882 0.078740155,
      -1.0692118 -0.35670503 0.078740155,
      -1.0629922 -0.3596053 0.078740155,
      -1.0573706 -0.36354156 0.078740155,
      -1.0525179 -0.36839418 0.078740155,
      -1.0485817 -0.37401575 0.078740155,
      -1.0456814 -0.38023543 0.078740155,
      -1.0439052 -0.38686425 0.078740155,
      -1.0433071 -0.39370081 0.078740155,
      -1.0439052 -0.40053732 0.078740155,
      -1.0456814 -0.40716616 0.078740155,
      -1.0485817 -0.41338581 0.078740155,
      -1.0525179 -0.41900739 0.078740155,
      -1.0573706 -0.42386003 0.078740155,
      -1.0629922 -0.42779629 0.078740155,
      -1.0692118 -0.43069654 0.078740155,
      -1.0758406 -0.43247275 0.078740155,
      -1.0826772 -0.43307086 0.078740155,
      -1.1811024 -0.43307086 0.078740155,
      -1.1811024 -0.3543307 0.0098425197,
      -1.0826772 -0.3543307 0.0098425197,
      -1.1811024 -0.3543307 0.078740155,
      -1.0826772 -0.3543307 0.078740155,
      -1.1811024 -0.27559054 0.0098425197,
      -1.0826772 -0.27559054 0.0098425197,
      -1.0826772 -0.27559054 0.078740155,
      -1.1811024 -0.27559054 0.078740155,
      -1.0826772 -0.1968504 0.078740155,
      -1.0758406 -0.19744852 0.078740155,
      -1.0692118 -0.1992247 0.078740155,
      -1.0629922 -0.20212498 0.078740155,
      -1.0573706 -0.20606124 0.078740155,
      -1.0525179 -0.21091388 0.078740155,
      -1.0485817 -0.21653543 0.078740155,
      -1.0456814 -0.2227551 0.078740155,
      -1.0439052 -0.22938393 0.078740155,
      -1.0433071 -0.23622048 0.078740155,
      -1.0439052 -0.24305702 0.078740155,
      -1.0456814 -0.24968584 0.078740155,
      -1.0485817 -0.25590551 0.078740155,
      -1.0525179 -0.26152707 0.078740155,
      -1.0573706 -0.26637971 0.078740155,
      -1.0629922 -0.27031596 0.078740155,
      -1.0692118 -0.27321624 0.078740155,
      -1.0758406 -0.27499242 0.078740155,
      -1.0826772 -0.27559054 0.078740155,
      -1.0826772 -0.27559054 0.0098425197,
      -1.0758406 -0.27499242 0.0098425197,
      -1.0692118 -0.27321624 0.0098425197,
      -1.0629922 -0.27031596 0.0098425197,
      -1.0573706 -0.26637971 0.0098425197,
      -1.0525179 -0.26152707 0.0098425197,
      -1.0485817 -0.25590551 0.0098425197,
      -1.0456814 -0.24968584 0.0098425197,
      -1.0439052 -0.24305702 0.0098425197,
      -1.0433071 -0.23622048 0.0098425197,
      -1.0439052 -0.22938393 0.0098425197,
      -1.0456814 -0.2227551 0.0098425197,
      -1.0485817 -0.21653543 0.0098425197,
      -1.0525179 -0.21091388 0.0098425197,
      -1.0573706 -0.20606124 0.0098425197,
      -1.0629922 -0.20212498 0.0098425197,
      -1.0692118 -0.1992247 0.0098425197,
      -1.0758406 -0.19744852 0.0098425197,
      -1.0826772 -0.1968504 0.0098425197,
      -1.1811024 -0.1968504 0.078740155,
      -1.0826772 -0.1968504 0.078740155,
      -1.0758406 -0.19744852 0.078740155,
      -1.0692118 -0.1992247 0.078740155,
      -1.0629922 -0.20212498 0.078740155,
      -1.0573706 -0.20606124 0.078740155,
      -1.0525179 -0.21091388 0.078740155,
      -1.0485817 -0.21653543 0.078740155,
      -1.0456814 -0.2227551 0.078740155,
      -1.0439052 -0.22938393 0.078740155,
      -1.0433071 -0.23622048 0.078740155,
      -1.0439052 -0.24305702 0.078740155,
      -1.0456814 -0.24968584 0.078740155,
      -1.0485817 -0.25590551 0.078740155,
      -1.0525179 -0.26152707 0.078740155,
      -1.0573706 -0.26637971 0.078740155,
      -1.0629922 -0.27031596 0.078740155,
      -1.0692118 -0.27321624 0.078740155,
      -1.0758406 -0.27499242 0.078740155,
      -1.0826772 -0.27559054 0.078740155,
      -1.1811024 -0.27559054 0.078740155,
      -1.1811024 -0.1968504 0.0098425197,
      -1.0826772 -0.1968504 0.0098425197,
      -1.1811024 -0.1968504 0.078740155,
      -1.0826772 -0.1968504 0.078740155,
      -1.1811024 -0.11811024 0.0098425197,
      -1.0826772 -0.11811024 0.0098425197,
      -1.0826772 -0.11811024 0.078740155,
      -1.1811024 -0.11811024 0.078740155,
      -1.0826772 -0.039370078 0.078740155,
      -1.0758406 -0.039968199 0.078740155,
      -1.0692118 -0.041744386 0.078740155,
      -1.0629922 -0.044644669 0.078740155,
      -1.0573706 -0.048580927 0.078740155,
      -1.0525179 -0.053433561 0.078740155,
      -1.0485817 -0.059055121 0.078740155,
      -1.0456814 -0.065274799 0.078740155,
      -1.0439052 -0.071903614 0.078740155,
      -1.0433071 -0.078740155 0.078740155,
      -1.0439052 -0.085576703 0.078740155,
      -1.0456814 -0.092205518 0.078740155,
      -1.0485817 -0.098425202 0.078740155,
      -1.0525179 -0.10404676 0.078740155,
      -1.0573706 -0.10889938 0.078740155,
      -1.0629922 -0.11283564 0.078740155,
      -1.0692118 -0.11573593 0.078740155,
      -1.0758406 -0.11751211 0.078740155,
      -1.0826772 -0.11811024 0.078740155,
      -1.0826772 -0.11811024 0.0098425197,
      -1.0758406 -0.11751211 0.0098425197,
      -1.0692118 -0.11573593 0.0098425197,
      -1.0629922 -0.11283564 0.0098425197,
      -1.0573706 -0.10889938 0.0098425197,
      -1.0525179 -0.10404676 0.0098425197,
      -1.0485817 -0.098425202 0.0098425197,
      -1.0456814 -0.092205518 0.0098425197,
      -1.0439052 -0.085576703 0.0098425197,
      -1.0433071 -0.078740155 0.0098425197,
      -1.0439052 -0.071903614 0.0098425197,
      -1.0456814 -0.065274799 0.0098425197,
      -1.0485817 -0.059055121 0.0098425197,
      -1.0525179 -0.053433561 0.0098425197,
      -1.0573706 -0.048580927 0.0098425197,
      -1.0629922 -0.044644669 0.0098425197,
      -1.0692118 -0.041744386 0.0098425197,
      -1.0758406 -0.039968199 0.0098425197,
      -1.0826772 -0.039370078 0.0098425197,
      -1.1811024 -0.039370078 0.078740155,
      -1.0826772 -0.039370078 0.078740155,
      -1.0758406 -0.039968199 0.078740155,
      -1.0692118 -0.041744386 0.078740155,
      -1.0629922 -0.044644669 0.078740155,
      -1.0573706 -0.048580927 0.078740155,
      -1.0525179 -0.053433561 0.078740155,
      -1.0485817 -0.059055121 0.078740155,
      -1.0456814 -0.065274799 0.078740155,
      -1.0439052 -0.071903614 0.078740155,
      -1.0433071 -0.078740155 0.078740155,
      -1.0439052 -0.085576703 0.078740155,
      -1.0456814 -0.092205518 0.078740155,
      -1.0485817 -0.098425202 0.078740155,
      -1.0525179 -0.10404676 0.078740155,
      -1.0573706 -0.10889938 0.078740155,
      -1.0629922 -0.11283564 0.078740155,
      -1.0692118 -0.11573593 0.078740155,
      -1.0758406 -0.11751211 0.078740155,
      -1.0826772 -0.11811024 0.078740155,
      -1.1811024 -0.11811024 0.078740155,
      -1.1811024 -0.039370078 0.0098425197,
      -1.0826772 -0.039370078 0.0098425197,
      -1.1811024 -0.039370078 0.078740155,
      -1.0826772 -0.039370078 0.078740155,
      -1.1811024 0.039370078 0.0098425197,
      -1.0826772 0.039370078 0.0098425197,
      -1.0826772 0.039370078 0.078740155,
      -1.1811024 0.039370078 0.078740155,
      -1.0826772 0.11811024 0.078740155,
      -1.0758406 0.11751211 0.078740155,
      -1.0692118 0.11573593 0.078740155,
      -1.0629922 0.11283564 0.078740155,
      -1.0573706 0.10889938 0.078740155,
      -1.0525179 0.10404676 0.078740155,
      -1.0485817 0.098425202 0.078740155,
      -1.0456814 0.092205518 0.078740155,
      -1.0439052 0.085576703 0.078740155,
      -1.0433071 0.078740155 0.078740155,
      -1.0439052 0.071903614 0.078740155,
      -1.0456814 0.065274799 0.078740155,
      -1.0485817 0.059055121 0.078740155,
      -1.0525179 0.053433561 0.078740155,
      -1.0573706 0.048580927 0.078740155,
      -1.0629922 0.044644669 0.078740155,
      -1.0692118 0.041744386 0.078740155,
      -1.0758406 0.039968199 0.078740155,
      -1.0826772 0.039370078 0.078740155,
      -1.0826772 0.039370078 0.0098425197,
      -1.0758406 0.039968199 0.0098425197,
      -1.0692118 0.041744386 0.0098425197,
      -1.0629922 0.044644669 0.0098425197,
      -1.0573706 0.048580927 0.0098425197,
      -1.0525179 0.053433561 0.0098425197,
      -1.0485817 0.059055121 0.0098425197,
      -1.0456814 0.065274799 0.0098425197,
      -1.0439052 0.071903614 0.0098425197,
      -1.0433071 0.078740155 0.0098425197,
      -1.0439052 0.085576703 0.0098425197,
      -1.0456814 0.092205518 0.0098425197,
      -1.0485817 0.098425202 0.0098425197,
      -1.0525179 0.10404676 0.0098425197,
      -1.0573706 0.10889938 0.0098425197,
      -1.0629922 0.11283564 0.0098425197,
      -1.0692118 0.11573593 0.0098425197,
      -1.0758406 0.11751211 0.0098425197,
      -1.0826772 0.11811024 0.0098425197,
      -1.1811024 0.11811024 0.078740155,
      -1.0826772 0.11811024 0.078740155,
      -1.0758406 0.11751211 0.078740155,
      -1.0692118 0.11573593 0.078740155,
      -1.0629922 0.11283564 0.078740155,
      -1.0573706 0.10889938 0.078740155,
      -1.0525179 0.10404676 0.078740155,
      -1.0485817 0.098425202 0.078740155,
      -1.0456814 0.092205518 0.078740155,
      -1.0439052 0.085576703 0.078740155,
      -1.0433071 0.078740155 0.078740155,
      -1.0439052 0.071903614 0.078740155,
      -1.0456814 0.065274799 0.078740155,
      -1.0485817 0.059055121 0.078740155,
      -1.0525179 0.053433561 0.078740155,
      -1.0573706 0.048580927 0.078740155,
      -1.0629922 0.044644669 0.078740155,
      -1.0692118 0.041744386 0.078740155,
      -1.0758406 0.039968199 0.078740155,
      -1.0826772 0.039370078 0.078740155,
      -1.1811024 0.039370078 0.078740155,
      -1.1811024 0.11811024 0.0098425197,
      -1.0826772 0.11811024 0.0098425197,
      -1.1811024 0.11811024 0.078740155,
      -1.0826772 0.11811024 0.078740155,
      -1.1811024 0.1968504 0.0098425197,
      -1.0826772 0.1968504 0.0098425197,
      -1.0826772 0.1968504 0.078740155,
      -1.1811024 0.1968504 0.078740155,
      -1.0826772 0.27559054 0.078740155,
      -1.0758406 0.27499242 0.078740155,
      -1.0692118 0.27321624 0.078740155,
      -1.0629922 0.27031596 0.078740155,
      -1.0573706 0.26637971 0.078740155,
      -1.0525179 0.26152707 0.078740155,
      -1.0485817 0.25590551 0.078740155,
      -1.0456814 0.24968584 0.078740155,
      -1.0439052 0.24305702 0.078740155,
      -1.0433071 0.23622048 0.078740155,
      -1.0439052 0.22938393 0.078740155,
      -1.0456814 0.2227551 0.078740155,
      -1.0485817 0.21653543 0.078740155,
      -1.0525179 0.21091388 0.078740155,
      -1.0573706 0.20606124 0.078740155,
      -1.0629922 0.20212498 0.078740155,
      -1.0692118 0.1992247 0.078740155,
      -1.0758406 0.19744852 0.078740155,
      -1.0826772 0.1968504 0.078740155,
      -1.0826772 0.1968504 0.0098425197,
      -1.0758406 0.19744852 0.0098425197,
      -1.0692118 0.1992247 0.0098425197,
      -1.0629922 0.20212498 0.0098425197,
      -1.0573706 0.20606124 0.0098425197,
      -1.0525179 0.21091388 0.0098425197,
      -1.0485817 0.21653543 0.0098425197,
      -1.0456814 0.2227551 0.0098425197,
      -1.0439052 0.22938393 0.0098425197,
      -1.0433071 0.23622048 0.0098425197,
      -1.0439052 0.24305702 0.0098425197,
      -1.0456814 0.24968584 0.0098425197,
      -1.0485817 0.25590551 0.0098425197,
      -1.0525179 0.26152707 0.0098425197,
      -1.0573706 0.26637971 0.0098425197,
      -1.0629922 0.27031596 0.0098425197,
      -1.0692118 0.27321624 0.0098425197,
      -1.0758406 0.27499242 0.0098425197,
      -1.0826772 0.27559054 0.0098425197,
      -1.1811024 0.27559054 0.078740155,
      -1.0826772 0.27559054 0.078740155,
      -1.0758406 0.27499242 0.078740155,
      -1.0692118 0.27321624 0.078740155,
      -1.0629922 0.27031596 0.078740155,
      -1.0573706 0.26637971 0.078740155,
      -1.0525179 0.26152707 0.078740155,
      -1.0485817 0.25590551 0.078740155,
      -1.0456814 0.24968584 0.078740155,
      -1.0439052 0.24305702 0.078740155,
      -1.0433071 0.23622048 0.078740155,
      -1.0439052 0.22938393 0.078740155,
      -1.0456814 0.2227551 0.078740155,
      -1.0485817 0.21653543 0.078740155,
      -1.0525179 0.21091388 0.078740155,
      -1.0573706 0.20606124 0.078740155,
      -1.0629922 0.20212498 0.078740155,
      -1.0692118 0.1992247 0.078740155,
      -1.0758406 0.19744852 0.078740155,
      -1.0826772 0.1968504 0.078740155,
      -1.1811024 0.1968504 0.078740155,
      -1.1811024 0.27559054 0.0098425197,
      -1.0826772 0.27559054 0.0098425197,
      -1.1811024 0.27559054 0.078740155,
      -1.0826772 0.27559054 0.078740155,
      -1.1811024 0.3543307 0.0098425197,
      -1.0826772 0.3543307 0.0098425197,
      -1.0826772 0.3543307 0.078740155,
      -1.1811024 0.3543307 0.078740155,
      -1.0826772 0.43307086 0.078740155,
      -1.0758406 0.43247275 0.078740155,
      -1.0692118 0.43069654 0.078740155,
      -1.0629922 0.42779629 0.078740155,
      -1.0573706 0.42386003 0.078740155,
      -1.0525179 0.41900739 0.078740155,
      -1.0485817 0.41338581 0.078740155,
      -1.0456814 0.40716616 0.078740155,
      -1.0439052 0.40053732 0.078740155,
      -1.0433071 0.39370081 0.078740155,
      -1.0439052 0.38686425 0.078740155,
      -1.0456814 0.38023543 0.078740155,
      -1.0485817 0.37401575 0.078740155,
      -1.0525179 0.36839418 0.078740155,
      -1.0573706 0.36354156 0.078740155,
      -1.0629922 0.3596053 0.078740155,
      -1.0692118 0.35670503 0.078740155,
      -1.0758406 0.35492882 0.078740155,
      -1.0826772 0.3543307 0.078740155,
      -1.0826772 0.3543307 0.0098425197,
      -1.0758406 0.35492882 0.0098425197,
      -1.0692118 0.35670503 0.0098425197,
      -1.0629922 0.3596053 0.0098425197,
      -1.0573706 0.36354156 0.0098425197,
      -1.0525179 0.36839418 0.0098425197,
      -1.0485817 0.37401575 0.0098425197,
      -1.0456814 0.38023543 0.0098425197,
      -1.0439052 0.38686425 0.0098425197,
      -1.0433071 0.39370081 0.0098425197,
      -1.0439052 0.40053732 0.0098425197,
      -1.0456814 0.40716616 0.0098425197,
      -1.0485817 0.41338581 0.0098425197,
      -1.0525179 0.41900739 0.0098425197,
      -1.0573706 0.42386003 0.0098425197,
      -1.0629922 0.42779629 0.0098425197,
      -1.0692118 0.43069654 0.0098425197,
      -1.0758406 0.43247275 0.0098425197,
      -1.0826772 0.43307086 0.0098425197,
      -1.1811024 0.43307086 0.078740155,
      -1.0826772 0.43307086 0.078740155,
      -1.0758406 0.43247275 0.078740155,
      -1.0692118 0.43069654 0.078740155,
      -1.0629922 0.42779629 0.078740155,
      -1.0573706 0.42386003 0.078740155,
      -1.0525179 0.41900739 0.078740155,
      -1.0485817 0.41338581 0.078740155,
      -1.0456814 0.40716616 0.078740155,
      -1.0439052 0.40053732 0.078740155,
      -1.0433071 0.39370081 0.078740155,
      -1.0439052 0.38686425 0.078740155,
      -1.0456814 0.38023543 0.078740155,
      -1.0485817 0.37401575 0.078740155,
      -1.0525179 0.36839418 0.078740155,
      -1.0573706 0.36354156 0.078740155,
      -1.0629922 0.3596053 0.078740155,
      -1.0692118 0.35670503 0.078740155,
      -1.0758406 0.35492882 0.078740155,
      -1.0826772 0.3543307 0.078740155,
      -1.1811024 0.3543307 0.078740155,
      -1.1811024 0.43307086 0.0098425197,
      -1.0826772 0.43307086 0.0098425197,
      -1.1811024 0.43307086 0.078740155,
      -1.0826772 0.43307086 0.078740155,
      -1.1811024 0.62007874 0.078740155,
      -1.1811024 0.56102363 0.078740155,
      -1.0629922 0.56102363 0.078740155,
      -1.0629922 0.78740161 0.078740155,
      -1.1220473 0.78740161 0.078740155,
      -1.1220473 0.62007874 0.078740155,
      -1.1811024 0.56102363 0.03937008,
      -1.1811024 0.56102363 0.078740155,
      -1.0629922 0.56102363 0.03937008,
      -1.0629922 0.56102363 0.078740155,
      -1.1811024 0.56102363 0.03937008,
      -1.0629922 0.56102363 0.03937008,
      -1.0629922 0.78740161 0.03937008,
      -1.1220473 0.78740161 0.03937008,
      -1.1220473 0.62007874 0.03937008,
      -1.1811024 0.62007874 0.03937008,
      -1.1811024 0.62007874 0.03937008,
      -1.1811024 0.62007874 0.078740155,
      -1.1220473 0.62007874 0.078740155,
      -1.1220473 0.62007874 0.03937008,
      -1.1220473 0.78740161 0.03937008,
      -1.1220473 0.78740161 0.078740155,
      -1.1220473 0.62007874 0.03937008,
      -1.1220473 0.62007874 0.078740155,
      -1.0629922 0.78740161 0.03937008,
      -1.0629922 0.78740161 0.078740155,
      -1.0629922 0.56102363 0.078740155,
      -1.0629922 0.56102363 0.03937008,
      -1.1811024 -0.56102363 0.078740155,
      -1.0629922 -0.56102363 0.078740155,
      -1.0629922 -0.78740161 0.078740155,
      -1.1220473 -0.78740161 0.078740155,
      -1.1220473 -0.62007874 0.078740155,
      -1.1811024 -0.62007874 0.078740155,
      -1.1220473 -0.62007874 0.078740155,
      -1.1811024 -0.62007874 0.078740155,
      -1.1220473 -0.62007874 0.03937008,
      -1.1811024 -0.62007874 0.03937008,
      -1.1811024 -0.62007874 0.03937008,
      -1.1811024 -0.56102363 0.03937008,
      -1.0629922 -0.56102363 0.03937008,
      -1.0629922 -0.78740161 0.03937008,
      -1.1220473 -0.78740161 0.03937008,
      -1.1220473 -0.62007874 0.03937008,
      -1.1811024 -0.56102363 0.03937008,
      -1.0629922 -0.56102363 0.03937008,
      -1.0629922 -0.56102363 0.078740155,
      -1.1811024 -0.56102363 0.078740155,
      -1.0629922 -0.56102363 0.078740155,
      -1.0629922 -0.78740161 0.078740155,
      -1.0629922 -0.56102363 0.03937008,
      -1.0629922 -0.78740161 0.03937008,
      -1.1220473 -0.78740161 0.03937008,
      -1.1220473 -0.62007874 0.03937008,
      -1.1220473 -0.62007874 0.078740155,
      -1.1220473 -0.78740161 0.078740155,
      0.98425195 -0.6889764 0.078740155,
      0.98425195 -0.78740161 0.078740155,
      0.98425195 -0.6889764 0.0098425197,
      0.98425195 -0.78740161 0.0098425197,
      0.90551183 -0.6889764 0.0098425197,
      0.90551183 -0.6889764 0.078740155,
      0.90610995 -0.68213984 0.078740155,
      0.90788615 -0.675511 0.078740155,
      0.91078636 -0.66929135 0.078740155,
      0.91472267 -0.66366977 0.078740155,
      0.91957526 -0.65881713 0.078740155,
      0.92519684 -0.65488087 0.078740155,
      0.93141653 -0.65198062 0.078740155,
      0.93804533 -0.65020441 0.078740155,
      0.94488193 -0.6496063 0.078740155,
      0.95171845 -0.65020441 0.078740155,
      0.95834725 -0.65198062 0.078740155,
      0.96456694 -0.65488087 0.078740155,
      0.97018852 -0.65881713 0.078740155,
      0.97504111 -0.66366977 0.078740155,
      0.97897742 -0.66929135 0.078740155,
      0.98187762 -0.675511 0.078740155,
      0.98365383 -0.68213984 0.078740155,
      0.98425195 -0.6889764 0.078740155,
      0.98425195 -0.6889764 0.0098425197,
      0.90610995 -0.68213984 0.0098425197,
      0.90788615 -0.675511 0.0098425197,
      0.91078636 -0.66929135 0.0098425197,
      0.91472267 -0.66366977 0.0098425197,
      0.91957526 -0.65881713 0.0098425197,
      0.92519684 -0.65488087 0.0098425197,
      0.93141653 -0.65198062 0.0098425197,
      0.93804533 -0.65020441 0.0098425197,
      0.94488193 -0.6496063 0.0098425197,
      0.95171845 -0.65020441 0.0098425197,
      0.95834725 -0.65198062 0.0098425197,
      0.96456694 -0.65488087 0.0098425197,
      0.97018852 -0.65881713 0.0098425197,
      0.97504111 -0.66366977 0.0098425197,
      0.97897742 -0.66929135 0.0098425197,
      0.98187762 -0.675511 0.0098425197,
      0.98365383 -0.68213984 0.0098425197,
      0.90551183 -0.78740161 0.0098425197,
      0.90551183 -0.6889764 0.0098425197,
      0.90551183 -0.6889764 0.078740155,
      0.90551183 -0.78740161 0.078740155,
      0.90551183 -0.78740161 0.078740155,
      0.90551183 -0.6889764 0.078740155,
      0.90610995 -0.68213984 0.078740155,
      0.90788615 -0.675511 0.078740155,
      0.91078636 -0.66929135 0.078740155,
      0.91472267 -0.66366977 0.078740155,
      0.91957526 -0.65881713 0.078740155,
      0.92519684 -0.65488087 0.078740155,
      0.93141653 -0.65198062 0.078740155,
      0.93804533 -0.65020441 0.078740155,
      0.94488193 -0.6496063 0.078740155,
      0.95171845 -0.65020441 0.078740155,
      0.95834725 -0.65198062 0.078740155,
      0.96456694 -0.65488087 0.078740155,
      0.97018852 -0.65881713 0.078740155,
      0.97504111 -0.66366977 0.078740155,
      0.97897742 -0.66929135 0.078740155,
      0.98187762 -0.675511 0.078740155,
      0.98365383 -0.68213984 0.078740155,
      0.98425195 -0.6889764 0.078740155,
      0.98425195 -0.78740161 0.078740155,
      0.82677162 -0.6889764 0.078740155,
      0.82677162 -0.78740161 0.078740155,
      0.82677162 -0.6889764 0.0098425197,
      0.82677162 -0.78740161 0.0098425197,
      0.74803151 -0.6889764 0.0098425197,
      0.74803151 -0.6889764 0.078740155,
      0.74862963 -0.68213984 0.078740155,
      0.75040579 -0.675511 0.078740155,
      0.75330609 -0.66929135 0.078740155,
      0.75724234 -0.66366977 0.078740155,
      0.76209498 -0.65881713 0.078740155,
      0.76771651 -0.65488087 0.078740155,
      0.77393621 -0.65198062 0.078740155,
      0.78056501 -0.65020441 0.078740155,
      0.78740161 -0.6496063 0.078740155,
      0.79423812 -0.65020441 0.078740155,
      0.80086692 -0.65198062 0.078740155,
      0.80708662 -0.65488087 0.078740155,
      0.81270819 -0.65881713 0.078740155,
      0.81756079 -0.66366977 0.078740155,
      0.82149709 -0.66929135 0.078740155,
      0.8243973 -0.675511 0.078740155,
      0.82617351 -0.68213984 0.078740155,
      0.82677162 -0.6889764 0.078740155,
      0.82677162 -0.6889764 0.0098425197,
      0.74862963 -0.68213984 0.0098425197,
      0.75040579 -0.675511 0.0098425197,
      0.75330609 -0.66929135 0.0098425197,
      0.75724234 -0.66366977 0.0098425197,
      0.76209498 -0.65881713 0.0098425197,
      0.76771651 -0.65488087 0.0098425197,
      0.77393621 -0.65198062 0.0098425197,
      0.78056501 -0.65020441 0.0098425197,
      0.78740161 -0.6496063 0.0098425197,
      0.79423812 -0.65020441 0.0098425197,
      0.80086692 -0.65198062 0.0098425197,
      0.80708662 -0.65488087 0.0098425197,
      0.81270819 -0.65881713 0.0098425197,
      0.81756079 -0.66366977 0.0098425197,
      0.82149709 -0.66929135 0.0098425197,
      0.8243973 -0.675511 0.0098425197,
      0.82617351 -0.68213984 0.0098425197,
      0.74803151 -0.78740161 0.0098425197,
      0.74803151 -0.6889764 0.0098425197,
      0.74803151 -0.6889764 0.078740155,
      0.74803151 -0.78740161 0.078740155,
      0.74803151 -0.78740161 0.078740155,
      0.74803151 -0.6889764 0.078740155,
      0.74862963 -0.68213984 0.078740155,
      0.75040579 -0.675511 0.078740155,
      0.75330609 -0.66929135 0.078740155,
      0.75724234 -0.66366977 0.078740155,
      0.76209498 -0.65881713 0.078740155,
      0.76771651 -0.65488087 0.078740155,
      0.77393621 -0.65198062 0.078740155,
      0.78056501 -0.65020441 0.078740155,
      0.78740161 -0.6496063 0.078740155,
      0.79423812 -0.65020441 0.078740155,
      0.80086692 -0.65198062 0.078740155,
      0.80708662 -0.65488087 0.078740155,
      0.81270819 -0.65881713 0.078740155,
      0.81756079 -0.66366977 0.078740155,
      0.82149709 -0.66929135 0.078740155,
      0.8243973 -0.675511 0.078740155,
      0.82617351 -0.68213984 0.078740155,
      0.82677162 -0.6889764 0.078740155,
      0.82677162 -0.78740161 0.078740155,
      0.66929135 -0.6889764 0.078740155,
      0.66929135 -0.78740161 0.078740155,
      0.66929135 -0.6889764 0.0098425197,
      0.66929135 -0.78740161 0.0098425197,
      0.59055119 -0.6889764 0.0098425197,
      0.59055119 -0.6889764 0.078740155,
      0.5911493 -0.68213984 0.078740155,
      0.59292551 -0.675511 0.078740155,
      0.59582576 -0.66929135 0.078740155,
      0.59976202 -0.66366977 0.078740155,
      0.60461466 -0.65881713 0.078740155,
      0.61023624 -0.65488087 0.078740155,
      0.61645589 -0.65198062 0.078740155,
      0.62308473 -0.65020441 0.078740155,
      0.62992124 -0.6496063 0.078740155,
      0.6367578 -0.65020441 0.078740155,
      0.6433866 -0.65198062 0.078740155,
      0.6496063 -0.65488087 0.078740155,
      0.65522787 -0.65881713 0.078740155,
      0.66008051 -0.66366977 0.078740155,
      0.66401677 -0.66929135 0.078740155,
      0.66691702 -0.675511 0.078740155,
      0.66869323 -0.68213984 0.078740155,
      0.66929135 -0.6889764 0.078740155,
      0.66929135 -0.6889764 0.0098425197,
      0.5911493 -0.68213984 0.0098425197,
      0.59292551 -0.675511 0.0098425197,
      0.59582576 -0.66929135 0.0098425197,
      0.59976202 -0.66366977 0.0098425197,
      0.60461466 -0.65881713 0.0098425197,
      0.61023624 -0.65488087 0.0098425197,
      0.61645589 -0.65198062 0.0098425197,
      0.62308473 -0.65020441 0.0098425197,
      0.62992124 -0.6496063 0.0098425197,
      0.6367578 -0.65020441 0.0098425197,
      0.6433866 -0.65198062 0.0098425197,
      0.6496063 -0.65488087 0.0098425197,
      0.65522787 -0.65881713 0.0098425197,
      0.66008051 -0.66366977 0.0098425197,
      0.66401677 -0.66929135 0.0098425197,
      0.66691702 -0.675511 0.0098425197,
      0.66869323 -0.68213984 0.0098425197,
      0.59055119 -0.78740161 0.0098425197,
      0.59055119 -0.6889764 0.0098425197,
      0.59055119 -0.6889764 0.078740155,
      0.59055119 -0.78740161 0.078740155,
      0.59055119 -0.78740161 0.078740155,
      0.59055119 -0.6889764 0.078740155,
      0.5911493 -0.68213984 0.078740155,
      0.59292551 -0.675511 0.078740155,
      0.59582576 -0.66929135 0.078740155,
      0.59976202 -0.66366977 0.078740155,
      0.60461466 -0.65881713 0.078740155,
      0.61023624 -0.65488087 0.078740155,
      0.61645589 -0.65198062 0.078740155,
      0.62308473 -0.65020441 0.078740155,
      0.62992124 -0.6496063 0.078740155,
      0.6367578 -0.65020441 0.078740155,
      0.6433866 -0.65198062 0.078740155,
      0.6496063 -0.65488087 0.078740155,
      0.65522787 -0.65881713 0.078740155,
      0.66008051 -0.66366977 0.078740155,
      0.66401677 -0.66929135 0.078740155,
      0.66691702 -0.675511 0.078740155,
      0.66869323 -0.68213984 0.078740155,
      0.66929135 -0.6889764 0.078740155,
      0.66929135 -0.78740161 0.078740155,
      0.51181103 -0.6889764 0.078740155,
      0.51181103 -0.78740161 0.078740155,
      0.51181103 -0.6889764 0.0098425197,
      0.51181103 -0.78740161 0.0098425197,
      0.43307086 -0.6889764 0.0098425197,
      0.43307086 -0.6889764 0.078740155,
      0.43366898 -0.68213984 0.078740155,
      0.43544519 -0.675511 0.078740155,
      0.43834544 -0.66929135 0.078740155,
      0.4422817 -0.66366977 0.078740155,
      0.44713434 -0.65881713 0.078740155,
      0.45275592 -0.65488087 0.078740155,
      0.45897556 -0.65198062 0.078740155,
      0.46560441 -0.65020441 0.078740155,
      0.47244097 -0.6496063 0.078740155,
      0.47927748 -0.65020441 0.078740155,
      0.48590632 -0.65198062 0.078740155,
      0.49212597 -0.65488087 0.078740155,
      0.49774755 -0.65881713 0.078740155,
      0.50260019 -0.66366977 0.078740155,
      0.50653645 -0.66929135 0.078740155,
      0.5094367 -0.675511 0.078740155,
      0.51121291 -0.68213984 0.078740155,
      0.51181103 -0.6889764 0.078740155,
      0.51181103 -0.6889764 0.0098425197,
      0.43366898 -0.68213984 0.0098425197,
      0.43544519 -0.675511 0.0098425197,
      0.43834544 -0.66929135 0.0098425197,
      0.4422817 -0.66366977 0.0098425197,
      0.44713434 -0.65881713 0.0098425197,
      0.45275592 -0.65488087 0.0098425197,
      0.45897556 -0.65198062 0.0098425197,
      0.46560441 -0.65020441 0.0098425197,
      0.47244097 -0.6496063 0.0098425197,
      0.47927748 -0.65020441 0.0098425197,
      0.48590632 -0.65198062 0.0098425197,
      0.49212597 -0.65488087 0.0098425197,
      0.49774755 -0.65881713 0.0098425197,
      0.50260019 -0.66366977 0.0098425197,
      0.50653645 -0.66929135 0.0098425197,
      0.5094367 -0.675511 0.0098425197,
      0.51121291 -0.68213984 0.0098425197,
      0.43307086 -0.78740161 0.0098425197,
      0.43307086 -0.6889764 0.0098425197,
      0.43307086 -0.6889764 0.078740155,
      0.43307086 -0.78740161 0.078740155,
      0.43307086 -0.78740161 0.078740155,
      0.43307086 -0.6889764 0.078740155,
      0.43366898 -0.68213984 0.078740155,
      0.43544519 -0.675511 0.078740155,
      0.43834544 -0.66929135 0.078740155,
      0.4422817 -0.66366977 0.078740155,
      0.44713434 -0.65881713 0.078740155,
      0.45275592 -0.65488087 0.078740155,
      0.45897556 -0.65198062 0.078740155,
      0.46560441 -0.65020441 0.078740155,
      0.47244097 -0.6496063 0.078740155,
      0.47927748 -0.65020441 0.078740155,
      0.48590632 -0.65198062 0.078740155,
      0.49212597 -0.65488087 0.078740155,
      0.49774755 -0.65881713 0.078740155,
      0.50260019 -0.66366977 0.078740155,
      0.50653645 -0.66929135 0.078740155,
      0.5094367 -0.675511 0.078740155,
      0.51121291 -0.68213984 0.078740155,
      0.51181103 -0.6889764 0.078740155,
      0.51181103 -0.78740161 0.078740155,
      0.3543307 -0.6889764 0.078740155,
      0.3543307 -0.78740161 0.078740155,
      0.3543307 -0.6889764 0.0098425197,
      0.3543307 -0.78740161 0.0098425197,
      0.27559054 -0.6889764 0.0098425197,
      0.27559054 -0.6889764 0.078740155,
      0.27618868 -0.68213984 0.078740155,
      0.27796486 -0.675511 0.078740155,
      0.28086514 -0.66929135 0.078740155,
      0.2848014 -0.66366977 0.078740155,
      0.28965404 -0.65881713 0.078740155,
      0.29527559 -0.65488087 0.078740155,
      0.30149527 -0.65198062 0.078740155,
      0.30812409 -0.65020441 0.078740155,
      0.31496062 -0.6496063 0.078740155,
      0.32179718 -0.65020441 0.078740155,
      0.32842598 -0.65198062 0.078740155,
      0.33464567 -0.65488087 0.078740155,
      0.34026723 -0.65881713 0.078740155,
      0.34511987 -0.66366977 0.078740155,
      0.34905613 -0.66929135 0.078740155,
      0.3519564 -0.675511 0.078740155,
      0.35373258 -0.68213984 0.078740155,
      0.3543307 -0.6889764 0.078740155,
      0.3543307 -0.6889764 0.0098425197,
      0.27618868 -0.68213984 0.0098425197,
      0.27796486 -0.675511 0.0098425197,
      0.28086514 -0.66929135 0.0098425197,
      0.2848014 -0.66366977 0.0098425197,
      0.28965404 -0.65881713 0.0098425197,
      0.29527559 -0.65488087 0.0098425197,
      0.30149527 -0.65198062 0.0098425197,
      0.30812409 -0.65020441 0.0098425197,
      0.31496062 -0.6496063 0.0098425197,
      0.32179718 -0.65020441 0.0098425197,
      0.32842598 -0.65198062 0.0098425197,
      0.33464567 -0.65488087 0.0098425197,
      0.34026723 -0.65881713 0.0098425197,
      0.34511987 -0.66366977 0.0098425197,
      0.34905613 -0.66929135 0.0098425197,
      0.3519564 -0.675511 0.0098425197,
      0.35373258 -0.68213984 0.0098425197,
      0.27559054 -0.78740161 0.0098425197,
      0.27559054 -0.6889764 0.0098425197,
      0.27559054 -0.6889764 0.078740155,
      0.27559054 -0.78740161 0.078740155,
      0.27559054 -0.78740161 0.078740155,
      0.27559054 -0.6889764 0.078740155,
      0.27618868 -0.68213984 0.078740155,
      0.27796486 -0.675511 0.078740155,
      0.28086514 -0.66929135 0.078740155,
      0.2848014 -0.66366977 0.078740155,
      0.28965404 -0.65881713 0.078740155,
      0.29527559 -0.65488087 0.078740155,
      0.30149527 -0.65198062 0.078740155,
      0.30812409 -0.65020441 0.078740155,
      0.31496062 -0.6496063 0.078740155,
      0.32179718 -0.65020441 0.078740155,
      0.32842598 -0.65198062 0.078740155,
      0.33464567 -0.65488087 0.078740155,
      0.34026723 -0.65881713 0.078740155,
      0.34511987 -0.66366977 0.078740155,
      0.34905613 -0.66929135 0.078740155,
      0.3519564 -0.675511 0.078740155,
      0.35373258 -0.68213984 0.078740155,
      0.3543307 -0.6889764 0.078740155,
      0.3543307 -0.78740161 0.078740155,
      0.1968504 -0.6889764 0.078740155,
      0.1968504 -0.78740161 0.078740155,
      0.1968504 -0.6889764 0.0098425197,
      0.1968504 -0.78740161 0.0098425197,
      0.11811024 -0.6889764 0.0098425197,
      0.11811024 -0.6889764 0.078740155,
      0.11870836 -0.68213984 0.078740155,
      0.12048454 -0.675511 0.078740155,
      0.12338483 -0.66929135 0.078740155,
      0.12732109 -0.66366977 0.078740155,
      0.13217372 -0.65881713 0.078740155,
      0.13779527 -0.65488087 0.078740155,
      0.14401495 -0.65198062 0.078740155,
      0.15064378 -0.65020441 0.078740155,
      0.15748031 -0.6496063 0.078740155,
      0.16431686 -0.65020441 0.078740155,
      0.17094568 -0.65198062 0.078740155,
      0.17716535 -0.65488087 0.078740155,
      0.18278692 -0.65881713 0.078740155,
      0.18763954 -0.66366977 0.078740155,
      0.1915758 -0.66929135 0.078740155,
      0.19447608 -0.675511 0.078740155,
      0.19625228 -0.68213984 0.078740155,
      0.1968504 -0.6889764 0.078740155,
      0.1968504 -0.6889764 0.0098425197,
      0.11870836 -0.68213984 0.0098425197,
      0.12048454 -0.675511 0.0098425197,
      0.12338483 -0.66929135 0.0098425197,
      0.12732109 -0.66366977 0.0098425197,
      0.13217372 -0.65881713 0.0098425197,
      0.13779527 -0.65488087 0.0098425197,
      0.14401495 -0.65198062 0.0098425197,
      0.15064378 -0.65020441 0.0098425197,
      0.15748031 -0.6496063 0.0098425197,
      0.16431686 -0.65020441 0.0098425197,
      0.17094568 -0.65198062 0.0098425197,
      0.17716535 -0.65488087 0.0098425197,
      0.18278692 -0.65881713 0.0098425197,
      0.18763954 -0.66366977 0.0098425197,
      0.1915758 -0.66929135 0.0098425197,
      0.19447608 -0.675511 0.0098425197,
      0.19625228 -0.68213984 0.0098425197,
      0.11811024 -0.78740161 0.0098425197,
      0.11811024 -0.6889764 0.0098425197,
      0.11811024 -0.6889764 0.078740155,
      0.11811024 -0.78740161 0.078740155,
      0.11811024 -0.78740161 0.078740155,
      0.11811024 -0.6889764 0.078740155,
      0.11870836 -0.68213984 0.078740155,
      0.12048454 -0.675511 0.078740155,
      0.12338483 -0.66929135 0.078740155,
      0.12732109 -0.66366977 0.078740155,
      0.13217372 -0.65881713 0.078740155,
      0.13779527 -0.65488087 0.078740155,
      0.14401495 -0.65198062 0.078740155,
      0.15064378 -0.65020441 0.078740155,
      0.15748031 -0.6496063 0.078740155,
      0.16431686 -0.65020441 0.078740155,
      0.17094568 -0.65198062 0.078740155,
      0.17716535 -0.65488087 0.078740155,
      0.18278692 -0.65881713 0.078740155,
      0.18763954 -0.66366977 0.078740155,
      0.1915758 -0.66929135 0.078740155,
      0.19447608 -0.675511 0.078740155,
      0.19625228 -0.68213984 0.078740155,
      0.1968504 -0.6889764 0.078740155,
      0.1968504 -0.78740161 0.078740155,
      0.039370078 -0.6889764 0.078740155,
      0.039370078 -0.78740161 0.078740155,
      0.039370078 -0.6889764 0.0098425197,
      0.039370078 -0.78740161 0.0098425197,
      -0.039370078 -0.6889764 0.0098425197,
      -0.039370078 -0.6889764 0.078740155,
      -0.03877196 -0.68213984 0.078740155,
      -0.036995772 -0.675511 0.078740155,
      -0.03409549 -0.66929135 0.078740155,
      -0.030159231 -0.66366977 0.078740155,
      -0.0253066 -0.65881713 0.078740155,
      -0.019685039 -0.65488087 0.078740155,
      -0.01346536 -0.65198062 0.078740155,
      -0.0068365428 -0.65020441 0.078740155,
      -2.410722e-18 -0.6496063 0.078740155,
      0.0068365428 -0.65020441 0.078740155,
      0.01346536 -0.65198062 0.078740155,
      0.019685039 -0.65488087 0.078740155,
      0.0253066 -0.65881713 0.078740155,
      0.030159231 -0.66366977 0.078740155,
      0.03409549 -0.66929135 0.078740155,
      0.036995772 -0.675511 0.078740155,
      0.03877196 -0.68213984 0.078740155,
      0.039370078 -0.6889764 0.078740155,
      0.039370078 -0.6889764 0.0098425197,
      -0.03877196 -0.68213984 0.0098425197,
      -0.036995772 -0.675511 0.0098425197,
      -0.03409549 -0.66929135 0.0098425197,
      -0.030159231 -0.66366977 0.0098425197,
      -0.0253066 -0.65881713 0.0098425197,
      -0.019685039 -0.65488087 0.0098425197,
      -0.01346536 -0.65198062 0.0098425197,
      -0.0068365428 -0.65020441 0.0098425197,
      -2.410722e-18 -0.6496063 0.0098425197,
      0.0068365428 -0.65020441 0.0098425197,
      0.01346536 -0.65198062 0.0098425197,
      0.019685039 -0.65488087 0.0098425197,
      0.0253066 -0.65881713 0.0098425197,
      0.030159231 -0.66366977 0.0098425197,
      0.03409549 -0.66929135 0.0098425197,
      0.036995772 -0.675511 0.0098425197,
      0.03877196 -0.68213984 0.0098425197,
      -0.039370078 -0.78740161 0.0098425197,
      -0.039370078 -0.6889764 0.0098425197,
      -0.039370078 -0.6889764 0.078740155,
      -0.039370078 -0.78740161 0.078740155,
      -0.039370078 -0.78740161 0.078740155,
      -0.039370078 -0.6889764 0.078740155,
      -0.03877196 -0.68213984 0.078740155,
      -0.036995772 -0.675511 0.078740155,
      -0.03409549 -0.66929135 0.078740155,
      -0.030159231 -0.66366977 0.078740155,
      -0.0253066 -0.65881713 0.078740155,
      -0.019685039 -0.65488087 0.078740155,
      -0.01346536 -0.65198062 0.078740155,
      -0.0068365428 -0.65020441 0.078740155,
      -2.410722e-18 -0.6496063 0.078740155,
      0.0068365428 -0.65020441 0.078740155,
      0.01346536 -0.65198062 0.078740155,
      0.019685039 -0.65488087 0.078740155,
      0.0253066 -0.65881713 0.078740155,
      0.030159231 -0.66366977 0.078740155,
      0.03409549 -0.66929135 0.078740155,
      0.036995772 -0.675511 0.078740155,
      0.03877196 -0.68213984 0.078740155,
      0.039370078 -0.6889764 0.078740155,
      0.039370078 -0.78740161 0.078740155,
      -0.11811024 -0.6889764 0.078740155,
      -0.11811024 -0.78740161 0.078740155,
      -0.11811024 -0.6889764 0.0098425197,
      -0.11811024 -0.78740161 0.0098425197,
      -0.1968504 -0.6889764 0.0098425197,
      -0.1968504 -0.6889764 0.078740155,
      -0.19625228 -0.68213984 0.078740155,
      -0.19447608 -0.675511 0.078740155,
      -0.1915758 -0.66929135 0.078740155,
      -0.18763954 -0.66366977 0.078740155,
      -0.18278692 -0.65881713 0.078740155,
      -0.17716535 -0.65488087 0.078740155,
      -0.17094568 -0.65198062 0.078740155,
      -0.16431686 -0.65020441 0.078740155,
      -0.15748031 -0.6496063 0.078740155,
      -0.15064378 -0.65020441 0.078740155,
      -0.14401495 -0.65198062 0.078740155,
      -0.13779527 -0.65488087 0.078740155,
      -0.13217372 -0.65881713 0.078740155,
      -0.12732109 -0.66366977 0.078740155,
      -0.12338483 -0.66929135 0.078740155,
      -0.12048454 -0.675511 0.078740155,
      -0.11870836 -0.68213984 0.078740155,
      -0.11811024 -0.6889764 0.078740155,
      -0.11811024 -0.6889764 0.0098425197,
      -0.19625228 -0.68213984 0.0098425197,
      -0.19447608 -0.675511 0.0098425197,
      -0.1915758 -0.66929135 0.0098425197,
      -0.18763954 -0.66366977 0.0098425197,
      -0.18278692 -0.65881713 0.0098425197,
      -0.17716535 -0.65488087 0.0098425197,
      -0.17094568 -0.65198062 0.0098425197,
      -0.16431686 -0.65020441 0.0098425197,
      -0.15748031 -0.6496063 0.0098425197,
      -0.15064378 -0.65020441 0.0098425197,
      -0.14401495 -0.65198062 0.0098425197,
      -0.13779527 -0.65488087 0.0098425197,
      -0.13217372 -0.65881713 0.0098425197,
      -0.12732109 -0.66366977 0.0098425197,
      -0.12338483 -0.66929135 0.0098425197,
      -0.12048454 -0.675511 0.0098425197,
      -0.11870836 -0.68213984 0.0098425197,
      -0.1968504 -0.78740161 0.0098425197,
      -0.1968504 -0.6889764 0.0098425197,
      -0.1968504 -0.6889764 0.078740155,
      -0.1968504 -0.78740161 0.078740155,
      -0.1968504 -0.78740161 0.078740155,
      -0.1968504 -0.6889764 0.078740155,
      -0.19625228 -0.68213984 0.078740155,
      -0.19447608 -0.675511 0.078740155,
      -0.1915758 -0.66929135 0.078740155,
      -0.18763954 -0.66366977 0.078740155,
      -0.18278692 -0.65881713 0.078740155,
      -0.17716535 -0.65488087 0.078740155,
      -0.17094568 -0.65198062 0.078740155,
      -0.16431686 -0.65020441 0.078740155,
      -0.15748031 -0.6496063 0.078740155,
      -0.15064378 -0.65020441 0.078740155,
      -0.14401495 -0.65198062 0.078740155,
      -0.13779527 -0.65488087 0.078740155,
      -0.13217372 -0.65881713 0.078740155,
      -0.12732109 -0.66366977 0.078740155,
      -0.12338483 -0.66929135 0.078740155,
      -0.12048454 -0.675511 0.078740155,
      -0.11870836 -0.68213984 0.078740155,
      -0.11811024 -0.6889764 0.078740155,
      -0.11811024 -0.78740161 0.078740155,
      -0.27559054 -0.6889764 0.078740155,
      -0.27559054 -0.78740161 0.078740155,
      -0.27559054 -0.6889764 0.0098425197,
      -0.27559054 -0.78740161 0.0098425197,
      -0.3543307 -0.6889764 0.0098425197,
      -0.3543307 -0.6889764 0.078740155,
      -0.35373258 -0.68213984 0.078740155,
      -0.3519564 -0.675511 0.078740155,
      -0.34905613 -0.66929135 0.078740155,
      -0.34511987 -0.66366977 0.078740155,
      -0.34026723 -0.65881713 0.078740155,
      -0.33464567 -0.65488087 0.078740155,
      -0.32842598 -0.65198062 0.078740155,
      -0.32179718 -0.65020441 0.078740155,
      -0.31496062 -0.6496063 0.078740155,
      -0.30812409 -0.65020441 0.078740155,
      -0.30149527 -0.65198062 0.078740155,
      -0.29527559 -0.65488087 0.078740155,
      -0.28965404 -0.65881713 0.078740155,
      -0.2848014 -0.66366977 0.078740155,
      -0.28086514 -0.66929135 0.078740155,
      -0.27796486 -0.675511 0.078740155,
      -0.27618868 -0.68213984 0.078740155,
      -0.27559054 -0.6889764 0.078740155,
      -0.27559054 -0.6889764 0.0098425197,
      -0.35373258 -0.68213984 0.0098425197,
      -0.3519564 -0.675511 0.0098425197,
      -0.34905613 -0.66929135 0.0098425197,
      -0.34511987 -0.66366977 0.0098425197,
      -0.34026723 -0.65881713 0.0098425197,
      -0.33464567 -0.65488087 0.0098425197,
      -0.32842598 -0.65198062 0.0098425197,
      -0.32179718 -0.65020441 0.0098425197,
      -0.31496062 -0.6496063 0.0098425197,
      -0.30812409 -0.65020441 0.0098425197,
      -0.30149527 -0.65198062 0.0098425197,
      -0.29527559 -0.65488087 0.0098425197,
      -0.28965404 -0.65881713 0.0098425197,
      -0.2848014 -0.66366977 0.0098425197,
      -0.28086514 -0.66929135 0.0098425197,
      -0.27796486 -0.675511 0.0098425197,
      -0.27618868 -0.68213984 0.0098425197,
      -0.3543307 -0.78740161 0.0098425197,
      -0.3543307 -0.6889764 0.0098425197,
      -0.3543307 -0.6889764 0.078740155,
      -0.3543307 -0.78740161 0.078740155,
      -0.3543307 -0.78740161 0.078740155,
      -0.3543307 -0.6889764 0.078740155,
      -0.35373258 -0.68213984 0.078740155,
      -0.3519564 -0.675511 0.078740155,
      -0.34905613 -0.66929135 0.078740155,
      -0.34511987 -0.66366977 0.078740155,
      -0.34026723 -0.65881713 0.078740155,
      -0.33464567 -0.65488087 0.078740155,
      -0.32842598 -0.65198062 0.078740155,
      -0.32179718 -0.65020441 0.078740155,
      -0.31496062 -0.6496063 0.078740155,
      -0.30812409 -0.65020441 0.078740155,
      -0.30149527 -0.65198062 0.078740155,
      -0.29527559 -0.65488087 0.078740155,
      -0.28965404 -0.65881713 0.078740155,
      -0.2848014 -0.66366977 0.078740155,
      -0.28086514 -0.66929135 0.078740155,
      -0.27796486 -0.675511 0.078740155,
      -0.27618868 -0.68213984 0.078740155,
      -0.27559054 -0.6889764 0.078740155,
      -0.27559054 -0.78740161 0.078740155,
      -0.43307086 -0.6889764 0.078740155,
      -0.43307086 -0.78740161 0.078740155,
      -0.43307086 -0.6889764 0.0098425197,
      -0.43307086 -0.78740161 0.0098425197,
      -0.51181103 -0.6889764 0.0098425197,
      -0.51181103 -0.6889764 0.078740155,
      -0.51121291 -0.68213984 0.078740155,
      -0.5094367 -0.675511 0.078740155,
      -0.50653645 -0.66929135 0.078740155,
      -0.50260019 -0.66366977 0.078740155,
      -0.49774755 -0.65881713 0.078740155,
      -0.49212597 -0.65488087 0.078740155,
      -0.48590632 -0.65198062 0.078740155,
      -0.47927748 -0.65020441 0.078740155,
      -0.47244097 -0.6496063 0.078740155,
      -0.46560441 -0.65020441 0.078740155,
      -0.45897556 -0.65198062 0.078740155,
      -0.45275592 -0.65488087 0.078740155,
      -0.44713434 -0.65881713 0.078740155,
      -0.4422817 -0.66366977 0.078740155,
      -0.43834544 -0.66929135 0.078740155,
      -0.43544519 -0.675511 0.078740155,
      -0.43366898 -0.68213984 0.078740155,
      -0.43307086 -0.6889764 0.078740155,
      -0.43307086 -0.6889764 0.0098425197,
      -0.51121291 -0.68213984 0.0098425197,
      -0.5094367 -0.675511 0.0098425197,
      -0.50653645 -0.66929135 0.0098425197,
      -0.50260019 -0.66366977 0.0098425197,
      -0.49774755 -0.65881713 0.0098425197,
      -0.49212597 -0.65488087 0.0098425197,
      -0.48590632 -0.65198062 0.0098425197,
      -0.47927748 -0.65020441 0.0098425197,
      -0.47244097 -0.6496063 0.0098425197,
      -0.46560441 -0.65020441 0.0098425197,
      -0.45897556 -0.65198062 0.0098425197,
      -0.45275592 -0.65488087 0.0098425197,
      -0.44713434 -0.65881713 0.0098425197,
      -0.4422817 -0.66366977 0.0098425197,
      -0.43834544 -0.66929135 0.0098425197,
      -0.43544519 -0.675511 0.0098425197,
      -0.43366898 -0.68213984 0.0098425197,
      -0.51181103 -0.78740161 0.0098425197,
      -0.51181103 -0.6889764 0.0098425197,
      -0.51181103 -0.6889764 0.078740155,
      -0.51181103 -0.78740161 0.078740155,
      -0.51181103 -0.78740161 0.078740155,
      -0.51181103 -0.6889764 0.078740155,
      -0.51121291 -0.68213984 0.078740155,
      -0.5094367 -0.675511 0.078740155,
      -0.50653645 -0.66929135 0.078740155,
      -0.50260019 -0.66366977 0.078740155,
      -0.49774755 -0.65881713 0.078740155,
      -0.49212597 -0.65488087 0.078740155,
      -0.48590632 -0.65198062 0.078740155,
      -0.47927748 -0.65020441 0.078740155,
      -0.47244097 -0.6496063 0.078740155,
      -0.46560441 -0.65020441 0.078740155,
      -0.45897556 -0.65198062 0.078740155,
      -0.45275592 -0.65488087 0.078740155,
      -0.44713434 -0.65881713 0.078740155,
      -0.4422817 -0.66366977 0.078740155,
      -0.43834544 -0.66929135 0.078740155,
      -0.43544519 -0.675511 0.078740155,
      -0.43366898 -0.68213984 0.078740155,
      -0.43307086 -0.6889764 0.078740155,
      -0.43307086 -0.78740161 0.078740155,
      -0.59055119 -0.6889764 0.078740155,
      -0.59055119 -0.78740161 0.078740155,
      -0.59055119 -0.6889764 0.0098425197,
      -0.59055119 -0.78740161 0.0098425197,
      -0.66929135 -0.6889764 0.0098425197,
      -0.66929135 -0.6889764 0.078740155,
      -0.66869323 -0.68213984 0.078740155,
      -0.66691702 -0.675511 0.078740155,
      -0.66401677 -0.66929135 0.078740155,
      -0.66008051 -0.66366977 0.078740155,
      -0.65522787 -0.65881713 0.078740155,
      -0.6496063 -0.65488087 0.078740155,
      -0.6433866 -0.65198062 0.078740155,
      -0.6367578 -0.65020441 0.078740155,
      -0.62992124 -0.6496063 0.078740155,
      -0.62308473 -0.65020441 0.078740155,
      -0.61645589 -0.65198062 0.078740155,
      -0.61023624 -0.65488087 0.078740155,
      -0.60461466 -0.65881713 0.078740155,
      -0.59976202 -0.66366977 0.078740155,
      -0.59582576 -0.66929135 0.078740155,
      -0.59292551 -0.675511 0.078740155,
      -0.5911493 -0.68213984 0.078740155,
      -0.59055119 -0.6889764 0.078740155,
      -0.59055119 -0.6889764 0.0098425197,
      -0.66869323 -0.68213984 0.0098425197,
      -0.66691702 -0.675511 0.0098425197,
      -0.66401677 -0.66929135 0.0098425197,
      -0.66008051 -0.66366977 0.0098425197,
      -0.65522787 -0.65881713 0.0098425197,
      -0.6496063 -0.65488087 0.0098425197,
      -0.6433866 -0.65198062 0.0098425197,
      -0.6367578 -0.65020441 0.0098425197,
      -0.62992124 -0.6496063 0.0098425197,
      -0.62308473 -0.65020441 0.0098425197,
      -0.61645589 -0.65198062 0.0098425197,
      -0.61023624 -0.65488087 0.0098425197,
      -0.60461466 -0.65881713 0.0098425197,
      -0.59976202 -0.66366977 0.0098425197,
      -0.59582576 -0.66929135 0.0098425197,
      -0.59292551 -0.675511 0.0098425197,
      -0.5911493 -0.68213984 0.0098425197,
      -0.66929135 -0.78740161 0.0098425197,
      -0.66929135 -0.6889764 0.0098425197,
      -0.66929135 -0.6889764 0.078740155,
      -0.66929135 -0.78740161 0.078740155,
      -0.66929135 -0.78740161 0.078740155,
      -0.66929135 -0.6889764 0.078740155,
      -0.66869323 -0.68213984 0.078740155,
      -0.66691702 -0.675511 0.078740155,
      -0.66401677 -0.66929135 0.078740155,
      -0.66008051 -0.66366977 0.078740155,
      -0.65522787 -0.65881713 0.078740155,
      -0.6496063 -0.65488087 0.078740155,
      -0.6433866 -0.65198062 0.078740155,
      -0.6367578 -0.65020441 0.078740155,
      -0.62992124 -0.6496063 0.078740155,
      -0.62308473 -0.65020441 0.078740155,
      -0.61645589 -0.65198062 0.078740155,
      -0.61023624 -0.65488087 0.078740155,
      -0.60461466 -0.65881713 0.078740155,
      -0.59976202 -0.66366977 0.078740155,
      -0.59582576 -0.66929135 0.078740155,
      -0.59292551 -0.675511 0.078740155,
      -0.5911493 -0.68213984 0.078740155,
      -0.59055119 -0.6889764 0.078740155,
      -0.59055119 -0.78740161 0.078740155,
      -0.74803151 -0.6889764 0.078740155,
      -0.74803151 -0.78740161 0.078740155,
      -0.74803151 -0.6889764 0.0098425197,
      -0.74803151 -0.78740161 0.0098425197,
      -0.82677162 -0.6889764 0.0098425197,
      -0.82677162 -0.6889764 0.078740155,
      -0.82617351 -0.68213984 0.078740155,
      -0.8243973 -0.675511 0.078740155,
      -0.82149709 -0.66929135 0.078740155,
      -0.81756079 -0.66366977 0.078740155,
      -0.81270819 -0.65881713 0.078740155,
      -0.80708662 -0.65488087 0.078740155,
      -0.80086692 -0.65198062 0.078740155,
      -0.79423812 -0.65020441 0.078740155,
      -0.78740161 -0.6496063 0.078740155,
      -0.78056501 -0.65020441 0.078740155,
      -0.77393621 -0.65198062 0.078740155,
      -0.76771651 -0.65488087 0.078740155,
      -0.76209498 -0.65881713 0.078740155,
      -0.75724234 -0.66366977 0.078740155,
      -0.75330609 -0.66929135 0.078740155,
      -0.75040579 -0.675511 0.078740155,
      -0.74862963 -0.68213984 0.078740155,
      -0.74803151 -0.6889764 0.078740155,
      -0.74803151 -0.6889764 0.0098425197,
      -0.82617351 -0.68213984 0.0098425197,
      -0.8243973 -0.675511 0.0098425197,
      -0.82149709 -0.66929135 0.0098425197,
      -0.81756079 -0.66366977 0.0098425197,
      -0.81270819 -0.65881713 0.0098425197,
      -0.80708662 -0.65488087 0.0098425197,
      -0.80086692 -0.65198062 0.0098425197,
      -0.79423812 -0.65020441 0.0098425197,
      -0.78740161 -0.6496063 0.0098425197,
      -0.78056501 -0.65020441 0.0098425197,
      -0.77393621 -0.65198062 0.0098425197,
      -0.76771651 -0.65488087 0.0098425197,
      -0.76209498 -0.65881713 0.0098425197,
      -0.75724234 -0.66366977 0.0098425197,
      -0.75330609 -0.66929135 0.0098425197,
      -0.75040579 -0.675511 0.0098425197,
      -0.74862963 -0.68213984 0.0098425197,
      -0.82677162 -0.78740161 0.0098425197,
      -0.82677162 -0.6889764 0.0098425197,
      -0.82677162 -0.6889764 0.078740155,
      -0.82677162 -0.78740161 0.078740155,
      -0.82677162 -0.78740161 0.078740155,
      -0.82677162 -0.6889764 0.078740155,
      -0.82617351 -0.68213984 0.078740155,
      -0.8243973 -0.675511 0.078740155,
      -0.82149709 -0.66929135 0.078740155,
      -0.81756079 -0.66366977 0.078740155,
      -0.81270819 -0.65881713 0.078740155,
      -0.80708662 -0.65488087 0.078740155,
      -0.80086692 -0.65198062 0.078740155,
      -0.79423812 -0.65020441 0.078740155,
      -0.78740161 -0.6496063 0.078740155,
      -0.78056501 -0.65020441 0.078740155,
      -0.77393621 -0.65198062 0.078740155,
      -0.76771651 -0.65488087 0.078740155,
      -0.76209498 -0.65881713 0.078740155,
      -0.75724234 -0.66366977 0.078740155,
      -0.75330609 -0.66929135 0.078740155,
      -0.75040579 -0.675511 0.078740155,
      -0.74862963 -0.68213984 0.078740155,
      -0.74803151 -0.6889764 0.078740155,
      -0.74803151 -0.78740161 0.078740155,
      1.1220473 -0.78740161 0.078740155,
      1.0629922 -0.78740161 0.078740155,
      1.1220473 -0.62007874 0.078740155,
      1.1811024 -0.62007874 0.078740155,
      1.1811024 -0.56102363 0.078740155,
      1.0629922 -0.56102363 0.078740155,
      1.1220473 -0.78740161 0.03937008,
      1.1220473 -0.78740161 0.078740155,
      1.1220473 -0.62007874 0.03937008,
      1.1220473 -0.62007874 0.078740155,
      1.1220473 -0.78740161 0.03937008,
      1.1220473 -0.62007874 0.03937008,
      1.1811024 -0.62007874 0.03937008,
      1.1811024 -0.56102363 0.03937008,
      1.0629922 -0.56102363 0.03937008,
      1.0629922 -0.78740161 0.03937008,
      1.0629922 -0.78740161 0.03937008,
      1.0629922 -0.78740161 0.078740155,
      1.0629922 -0.56102363 0.078740155,
      1.0629922 -0.56102363 0.03937008,
      1.1811024 -0.56102363 0.03937008,
      1.1811024 -0.56102363 0.078740155,
      1.0629922 -0.56102363 0.03937008,
      1.0629922 -0.56102363 0.078740155,
      1.1811024 -0.62007874 0.03937008,
      1.1811024 -0.62007874 0.078740155,
      1.1220473 -0.62007874 0.078740155,
      1.1220473 -0.62007874 0.03937008,
      1.1811024 0.47244097 0.0098425197,
      1.1811024 0.47244097 0.078740155,
      1.0826772 0.47244097 0.078740155,
      1.0826772 0.47244097 0.0098425197,
      1.0826772 0.47244097 0.0098425197,
      1.0758406 0.4718428 0.0098425197,
      1.0692118 0.47006664 0.0098425197,
      1.0629922 0.46716634 0.0098425197,
      1.0573706 0.46323009 0.0098425197,
      1.0525179 0.45837745 0.0098425197,
      1.0485817 0.45275592 0.0098425197,
      1.0456814 0.44653622 0.0098425197,
      1.0439052 0.43990742 0.0098425197,
      1.0433071 0.43307086 0.0098425197,
      1.0433071 0.43307086 0.078740155,
      1.0826772 0.47244097 0.078740155,
      1.0758406 0.4718428 0.078740155,
      1.0692118 0.47006664 0.078740155,
      1.0629922 0.46716634 0.078740155,
      1.0573706 0.46323009 0.078740155,
      1.0525179 0.45837745 0.078740155,
      1.0485817 0.45275592 0.078740155,
      1.0456814 0.44653622 0.078740155,
      1.0439052 0.43990742 0.078740155,
      1.0433071 0.43307086 0.0098425197,
      1.0433071 0.43307086 0.078740155,
      1.0433071 0.078740155 0.078740155,
      1.0433071 0.078740155 0.0098425197,
      1.0433071 0.078740155 0.0098425197,
      1.0439052 0.071903614 0.0098425197,
      1.0456814 0.065274799 0.0098425197,
      1.0485817 0.059055121 0.0098425197,
      1.0525179 0.053433561 0.0098425197,
      1.0573706 0.048580927 0.0098425197,
      1.0629922 0.044644669 0.0098425197,
      1.0692118 0.041744386 0.0098425197,
      1.0758406 0.039968199 0.0098425197,
      1.0826772 0.039370078 0.0098425197,
      1.0826772 0.039370078 0.078740155,
      1.0433071 0.078740155 0.078740155,
      1.0439052 0.071903614 0.078740155,
      1.0456814 0.065274799 0.078740155,
      1.0485817 0.059055121 0.078740155,
      1.0525179 0.053433561 0.078740155,
      1.0573706 0.048580927 0.078740155,
      1.0629922 0.044644669 0.078740155,
      1.0692118 0.041744386 0.078740155,
      1.0758406 0.039968199 0.078740155,
      1.0826772 0.039370078 0.0098425197,
      1.0826772 0.039370078 0.078740155,
      1.1811024 0.039370078 0.078740155,
      1.1811024 0.039370078 0.0098425197,
      1.1811024 0.47244097 0.078740155,
      1.1811024 0.39370081 0.078740155,
      1.0826772 0.47244097 0.078740155,
      1.0758406 0.4718428 0.078740155,
      1.0692118 0.47006664 0.078740155,
      1.0629922 0.46716634 0.078740155,
      1.0573706 0.46323009 0.078740155,
      1.0525179 0.45837745 0.078740155,
      1.0485817 0.45275592 0.078740155,
      1.0456814 0.44653622 0.078740155,
      1.0439052 0.43990742 0.078740155,
      1.0433071 0.43307086 0.078740155,
      1.0433071 0.078740155 0.078740155,
      1.0439052 0.071903614 0.078740155,
      1.0456814 0.065274799 0.078740155,
      1.0485817 0.059055121 0.078740155,
      1.0525179 0.053433561 0.078740155,
      1.0573706 0.048580927 0.078740155,
      1.0629922 0.044644669 0.078740155,
      1.0692118 0.041744386 0.078740155,
      1.0758406 0.039968199 0.078740155,
      1.0826772 0.039370078 0.078740155,
      1.1811024 0.039370078 0.078740155,
      1.1811024 0.11811024 0.078740155,
      1.1220473 0.11811024 0.078740155,
      1.1220473 0.21653543 0.078740155,
      1.1811024 0.21653543 0.078740155,
      1.1811024 0.29527559 0.078740155,
      1.1220473 0.29527559 0.078740155,
      1.1220473 0.39370081 0.078740155,
      1.1811024 0.11811024 0.0098425197,
      1.1811024 0.11811024 0.078740155,
      1.1220473 0.11811024 0.078740155,
      1.1220473 0.11811024 0.0098425197,
      1.1220473 0.11811024 0.0098425197,
      1.1220473 0.11811024 0.078740155,
      1.1220473 0.21653543 0.078740155,
      1.1220473 0.21653543 0.0098425197,
      1.1220473 0.21653543 0.0098425197,
      1.1220473 0.21653543 0.078740155,
      1.1811024 0.21653543 0.078740155,
      1.1811024 0.21653543 0.0098425197,
      1.1811024 0.29527559 0.0098425197,
      1.1811024 0.29527559 0.078740155,
      1.1220473 0.29527559 0.078740155,
      1.1220473 0.29527559 0.0098425197,
      1.1220473 0.29527559 0.0098425197,
      1.1220473 0.29527559 0.078740155,
      1.1220473 0.39370081 0.078740155,
      1.1220473 0.39370081 0.0098425197,
      1.1220473 0.39370081 0.0098425197,
      1.1220473 0.39370081 0.078740155,
      1.1811024 0.39370081 0.078740155,
      1.1811024 0.39370081 0.0098425197,
      1.1811024 0.56102363 0.078740155,
      1.0629922 0.56102363 0.078740155,
      1.0629922 0.78740161 0.078740155,
      1.1220473 0.78740161 0.078740155,
      1.1220473 0.62007874 0.078740155,
      1.1811024 0.62007874 0.078740155,
      1.1220473 0.62007874 0.078740155,
      1.1811024 0.62007874 0.078740155,
      1.1220473 0.62007874 0.03937008,
      1.1811024 0.62007874 0.03937008,
      1.1811024 0.62007874 0.03937008,
      1.1811024 0.56102363 0.03937008,
      1.0629922 0.56102363 0.03937008,
      1.0629922 0.78740161 0.03937008,
      1.1220473 0.78740161 0.03937008,
      1.1220473 0.62007874 0.03937008,
      1.1811024 0.56102363 0.03937008,
      1.0629922 0.56102363 0.03937008,
      1.0629922 0.56102363 0.078740155,
      1.1811024 0.56102363 0.078740155,
      1.0629922 0.56102363 0.078740155,
      1.0629922 0.78740161 0.078740155,
      1.0629922 0.56102363 0.03937008,
      1.0629922 0.78740161 0.03937008,
      1.1220473 0.78740161 0.03937008,
      1.1220473 0.62007874 0.03937008,
      1.1220473 0.62007874 0.078740155,
      1.1220473 0.78740161 0.078740155,
    ] }
    coordIndex [
      1, 0, 2, -1,
      1, 2, 3, -1,
      5, 4, 6, -1,
      5, 6, 7, -1,
      17, 16, 9, -1,
      8, 17, 9, -1,
      20, 9, 16, -1,
      18, 17, 8, -1,
      10, 9, 20, -1,
      10, 20, 14, -1,
      13, 10, 14, -1,
      15, 20, 19, -1,
      15, 14, 20, -1,
      11, 13, 12, -1,
      11, 12, 15, -1,
      11, 10, 13, -1,
      11, 18, 8, -1,
      11, 19, 18, -1,
      11, 15, 19, -1,
      22, 23, 24, -1,
      22, 24, 21, -1,
      26, 27, 28, -1,
      26, 28, 25, -1,
      30, 31, 32, -1,
      30, 32, 29, -1,
      34, 35, 36, -1,
      34, 36, 33, -1,
      39, 37, 38, -1,
      39, 40, 37, -1,
      42, 43, 44, -1,
      42, 44, 41, -1,
      46, 47, 48, -1,
      46, 48, 45, -1,
      50, 51, 52, -1,
      50, 52, 49, -1,
      54, 55, 56, -1,
      54, 56, 53, -1,
      59, 57, 58, -1,
      59, 60, 57, -1,
      63, 61, 62, -1,
      63, 64, 61, -1,
      69, 67, 68, -1,
      65, 66, 67, -1,
      65, 67, 69, -1,
      71, 72, 73, -1,
      71, 73, 70, -1,
      75, 76, 77, -1,
      75, 77, 74, -1,
      81, 80, 89, -1,
      81, 89, 90, -1,
      82, 90, 91, -1,
      82, 81, 90, -1,
      83, 91, 92, -1,
      83, 82, 91, -1,
      84, 92, 93, -1,
      84, 83, 92, -1,
      85, 93, 94, -1,
      85, 84, 93, -1,
      86, 94, 95, -1,
      86, 85, 94, -1,
      87, 95, 96, -1,
      87, 86, 95, -1,
      88, 96, 97, -1,
      88, 87, 96, -1,
      78, 97, 79, -1,
      78, 88, 97, -1,
      100, 102, 101, -1,
      98, 100, 99, -1,
      98, 103, 102, -1,
      98, 104, 103, -1,
      98, 102, 100, -1,
      107, 105, 104, -1,
      107, 106, 105, -1,
      107, 104, 98, -1,
      110, 108, 107, -1,
      110, 107, 98, -1,
      109, 108, 110, -1,
      111, 110, 98, -1,
      119, 114, 111, -1,
      119, 111, 98, -1,
      113, 112, 111, -1,
      113, 111, 114, -1,
      122, 120, 121, -1,
      115, 114, 119, -1,
      124, 122, 123, -1,
      124, 120, 122, -1,
      125, 120, 124, -1,
      127, 125, 126, -1,
      118, 119, 120, -1,
      118, 115, 119, -1,
      118, 120, 125, -1,
      118, 125, 127, -1,
      117, 116, 115, -1,
      117, 115, 118, -1,
      129, 130, 131, -1,
      129, 131, 128, -1,
      155, 156, 157, -1,
      161, 159, 160, -1,
      153, 154, 155, -1,
      153, 157, 158, -1,
      153, 158, 159, -1,
      153, 155, 157, -1,
      132, 159, 161, -1,
      132, 153, 159, -1,
      135, 132, 133, -1,
      135, 153, 132, -1,
      134, 135, 133, -1,
      136, 153, 135, -1,
      144, 136, 139, -1,
      144, 153, 136, -1,
      138, 136, 137, -1,
      138, 139, 136, -1,
      147, 146, 145, -1,
      140, 144, 139, -1,
      149, 148, 147, -1,
      149, 147, 145, -1,
      150, 149, 145, -1,
      152, 151, 150, -1,
      143, 145, 144, -1,
      143, 144, 140, -1,
      143, 150, 145, -1,
      143, 152, 150, -1,
      142, 140, 141, -1,
      142, 143, 140, -1,
      164, 162, 163, -1,
      164, 165, 162, -1,
      178, 166, 167, -1,
      178, 167, 168, -1,
      179, 168, 169, -1,
      179, 178, 168, -1,
      180, 169, 170, -1,
      180, 179, 169, -1,
      181, 170, 171, -1,
      181, 180, 170, -1,
      182, 171, 172, -1,
      182, 181, 171, -1,
      183, 172, 173, -1,
      183, 182, 172, -1,
      184, 173, 174, -1,
      184, 183, 173, -1,
      185, 174, 175, -1,
      185, 184, 174, -1,
      177, 175, 176, -1,
      177, 185, 175, -1,
      189, 186, 187, -1,
      189, 187, 188, -1,
      193, 190, 191, -1,
      193, 191, 192, -1,
      197, 194, 195, -1,
      197, 195, 196, -1,
      201, 198, 199, -1,
      201, 199, 200, -1,
      205, 202, 203, -1,
      205, 203, 204, -1,
      209, 206, 207, -1,
      209, 207, 208, -1,
      213, 210, 211, -1,
      213, 211, 212, -1,
      215, 214, 216, -1,
      215, 216, 217, -1,
      219, 218, 220, -1,
      219, 220, 221, -1,
      223, 224, 225, -1,
      223, 225, 222, -1,
      234, 233, 232, -1,
      239, 235, 234, -1,
      239, 236, 235, -1,
      239, 237, 236, -1,
      239, 238, 237, -1,
      241, 240, 239, -1,
      243, 231, 230, -1,
      243, 232, 231, -1,
      243, 242, 241, -1,
      243, 234, 232, -1,
      243, 239, 234, -1,
      243, 241, 239, -1,
      245, 228, 227, -1,
      245, 229, 228, -1,
      245, 230, 229, -1,
      245, 244, 243, -1,
      245, 243, 230, -1,
      246, 227, 226, -1,
      246, 245, 227, -1,
      248, 249, 250, -1,
      248, 250, 247, -1,
      252, 253, 254, -1,
      252, 254, 251, -1,
      256, 257, 258, -1,
      256, 258, 255, -1,
      262, 261, 279, -1,
      262, 279, 280, -1,
      263, 280, 281, -1,
      263, 262, 280, -1,
      264, 281, 282, -1,
      264, 263, 281, -1,
      265, 282, 283, -1,
      265, 264, 282, -1,
      266, 283, 284, -1,
      266, 265, 283, -1,
      267, 284, 285, -1,
      267, 266, 284, -1,
      268, 285, 286, -1,
      268, 267, 285, -1,
      269, 286, 287, -1,
      269, 268, 286, -1,
      270, 287, 288, -1,
      270, 269, 287, -1,
      271, 288, 289, -1,
      271, 270, 288, -1,
      272, 289, 290, -1,
      272, 271, 289, -1,
      273, 290, 291, -1,
      273, 272, 290, -1,
      274, 291, 292, -1,
      274, 273, 291, -1,
      275, 292, 293, -1,
      275, 274, 292, -1,
      276, 293, 294, -1,
      276, 275, 293, -1,
      277, 276, 294, -1,
      277, 294, 295, -1,
      278, 277, 295, -1,
      278, 295, 296, -1,
      260, 278, 296, -1,
      260, 296, 259, -1,
      304, 302, 303, -1,
      309, 304, 305, -1,
      309, 305, 306, -1,
      309, 306, 307, -1,
      309, 307, 308, -1,
      311, 309, 310, -1,
      313, 300, 301, -1,
      313, 301, 302, -1,
      313, 311, 312, -1,
      313, 302, 304, -1,
      313, 304, 309, -1,
      313, 309, 311, -1,
      315, 297, 298, -1,
      315, 298, 299, -1,
      315, 299, 300, -1,
      315, 313, 314, -1,
      315, 300, 313, -1,
      316, 317, 297, -1,
      316, 297, 315, -1,
      326, 325, 324, -1,
      332, 330, 329, -1,
      332, 331, 330, -1,
      335, 333, 332, -1,
      335, 334, 333, -1,
      337, 320, 319, -1,
      337, 321, 320, -1,
      337, 322, 321, -1,
      337, 323, 322, -1,
      337, 324, 323, -1,
      337, 327, 326, -1,
      337, 328, 327, -1,
      337, 329, 328, -1,
      337, 336, 335, -1,
      337, 326, 324, -1,
      337, 332, 329, -1,
      337, 335, 332, -1,
      338, 319, 318, -1,
      338, 337, 319, -1,
      340, 341, 342, -1,
      340, 342, 339, -1,
      344, 345, 346, -1,
      344, 346, 343, -1,
      348, 349, 350, -1,
      348, 350, 347, -1,
      354, 353, 371, -1,
      354, 371, 372, -1,
      355, 372, 373, -1,
      355, 354, 372, -1,
      356, 373, 374, -1,
      356, 355, 373, -1,
      357, 374, 375, -1,
      357, 356, 374, -1,
      358, 375, 376, -1,
      358, 357, 375, -1,
      359, 376, 377, -1,
      359, 358, 376, -1,
      360, 377, 378, -1,
      360, 359, 377, -1,
      361, 378, 379, -1,
      361, 360, 378, -1,
      362, 379, 380, -1,
      362, 361, 379, -1,
      363, 380, 381, -1,
      363, 362, 380, -1,
      364, 381, 382, -1,
      364, 363, 381, -1,
      365, 382, 383, -1,
      365, 364, 382, -1,
      366, 383, 384, -1,
      366, 365, 383, -1,
      367, 384, 385, -1,
      367, 366, 384, -1,
      368, 385, 386, -1,
      368, 367, 385, -1,
      369, 368, 386, -1,
      369, 386, 387, -1,
      370, 369, 387, -1,
      370, 387, 388, -1,
      352, 370, 388, -1,
      352, 388, 351, -1,
      396, 394, 395, -1,
      402, 399, 400, -1,
      402, 400, 401, -1,
      405, 402, 403, -1,
      405, 403, 404, -1,
      407, 389, 390, -1,
      407, 390, 391, -1,
      407, 391, 392, -1,
      407, 392, 393, -1,
      407, 393, 394, -1,
      407, 396, 397, -1,
      407, 397, 398, -1,
      407, 398, 399, -1,
      407, 405, 406, -1,
      407, 394, 396, -1,
      407, 399, 402, -1,
      407, 402, 405, -1,
      408, 409, 389, -1,
      408, 389, 407, -1,
      412, 414, 413, -1,
      424, 422, 421, -1,
      424, 423, 422, -1,
      429, 412, 411, -1,
      429, 415, 414, -1,
      429, 416, 415, -1,
      429, 417, 416, -1,
      429, 418, 417, -1,
      429, 419, 418, -1,
      429, 420, 419, -1,
      429, 421, 420, -1,
      429, 425, 424, -1,
      429, 426, 425, -1,
      429, 427, 426, -1,
      429, 428, 427, -1,
      429, 414, 412, -1,
      429, 424, 421, -1,
      430, 411, 410, -1,
      430, 429, 411, -1,
      432, 433, 434, -1,
      432, 434, 431, -1,
      436, 437, 438, -1,
      436, 438, 435, -1,
      440, 441, 442, -1,
      440, 442, 439, -1,
      446, 445, 463, -1,
      446, 463, 464, -1,
      447, 464, 465, -1,
      447, 446, 464, -1,
      448, 465, 466, -1,
      448, 447, 465, -1,
      449, 466, 467, -1,
      449, 448, 466, -1,
      450, 467, 468, -1,
      450, 449, 467, -1,
      451, 468, 469, -1,
      451, 450, 468, -1,
      452, 469, 470, -1,
      452, 451, 469, -1,
      453, 470, 471, -1,
      453, 452, 470, -1,
      454, 471, 472, -1,
      454, 453, 471, -1,
      455, 472, 473, -1,
      455, 454, 472, -1,
      456, 473, 474, -1,
      456, 455, 473, -1,
      457, 474, 475, -1,
      457, 456, 474, -1,
      458, 475, 476, -1,
      458, 457, 475, -1,
      459, 476, 477, -1,
      459, 458, 476, -1,
      460, 477, 478, -1,
      460, 459, 477, -1,
      461, 460, 478, -1,
      461, 478, 479, -1,
      462, 461, 479, -1,
      462, 479, 480, -1,
      444, 462, 480, -1,
      444, 480, 443, -1,
      481, 482, 483, -1,
      481, 483, 484, -1,
      493, 491, 492, -1,
      496, 494, 495, -1,
      499, 484, 485, -1,
      499, 485, 486, -1,
      499, 486, 487, -1,
      499, 487, 488, -1,
      499, 488, 489, -1,
      499, 489, 490, -1,
      499, 490, 491, -1,
      499, 493, 494, -1,
      499, 496, 497, -1,
      499, 497, 498, -1,
      499, 491, 493, -1,
      499, 481, 484, -1,
      499, 494, 496, -1,
      500, 501, 481, -1,
      500, 481, 499, -1,
      504, 502, 503, -1,
      504, 505, 502, -1,
      508, 506, 507, -1,
      508, 509, 506, -1,
      522, 520, 521, -1,
      513, 514, 515, -1,
      513, 515, 516, -1,
      513, 516, 517, -1,
      513, 517, 518, -1,
      513, 518, 519, -1,
      513, 519, 520, -1,
      513, 520, 522, -1,
      510, 512, 513, -1,
      510, 513, 522, -1,
      511, 512, 510, -1,
      527, 523, 524, -1,
      527, 524, 525, -1,
      527, 525, 526, -1,
      535, 522, 523, -1,
      535, 510, 522, -1,
      530, 528, 529, -1,
      531, 528, 530, -1,
      532, 527, 528, -1,
      532, 535, 523, -1,
      532, 523, 527, -1,
      532, 528, 531, -1,
      533, 534, 535, -1,
      533, 535, 532, -1,
      537, 536, 538, -1,
      537, 538, 539, -1,
      541, 565, 564, -1,
      557, 559, 558, -1,
      557, 560, 559, -1,
      557, 561, 560, -1,
      557, 562, 561, -1,
      557, 563, 562, -1,
      557, 564, 563, -1,
      557, 541, 564, -1,
      554, 557, 556, -1,
      554, 541, 557, -1,
      555, 554, 556, -1,
      545, 542, 540, -1,
      545, 543, 542, -1,
      545, 544, 543, -1,
      553, 540, 541, -1,
      553, 541, 554, -1,
      548, 547, 546, -1,
      549, 548, 546, -1,
      550, 546, 545, -1,
      550, 540, 553, -1,
      550, 545, 540, -1,
      550, 549, 546, -1,
      551, 553, 552, -1,
      551, 550, 553, -1,
      567, 566, 568, -1,
      567, 568, 569, -1,
      571, 570, 580, -1,
      571, 580, 581, -1,
      572, 581, 582, -1,
      572, 571, 581, -1,
      573, 582, 583, -1,
      573, 572, 582, -1,
      574, 583, 584, -1,
      574, 573, 583, -1,
      575, 584, 585, -1,
      575, 574, 584, -1,
      576, 585, 586, -1,
      576, 575, 585, -1,
      577, 586, 587, -1,
      577, 576, 586, -1,
      578, 587, 588, -1,
      578, 577, 587, -1,
      579, 588, 589, -1,
      579, 578, 588, -1,
      591, 592, 593, -1,
      591, 593, 590, -1,
      595, 596, 597, -1,
      595, 597, 594, -1,
      610, 598, 599, -1,
      610, 609, 598, -1,
      611, 599, 600, -1,
      611, 610, 599, -1,
      612, 600, 601, -1,
      612, 611, 600, -1,
      613, 601, 602, -1,
      613, 612, 601, -1,
      614, 602, 603, -1,
      614, 613, 602, -1,
      615, 603, 604, -1,
      615, 614, 603, -1,
      616, 604, 605, -1,
      616, 615, 604, -1,
      617, 605, 606, -1,
      617, 616, 605, -1,
      608, 606, 607, -1,
      608, 617, 606, -1,
      619, 620, 621, -1,
      619, 621, 618, -1,
      623, 624, 625, -1,
      623, 625, 622, -1,
      628, 626, 627, -1,
      628, 629, 626, -1,
      632, 630, 631, -1,
      632, 633, 630, -1,
      637, 638, 639, -1,
      637, 639, 640, -1,
      637, 640, 641, -1,
      637, 641, 642, -1,
      637, 642, 643, -1,
      637, 643, 644, -1,
      637, 644, 645, -1,
      637, 645, 646, -1,
      634, 636, 637, -1,
      634, 637, 646, -1,
      647, 634, 646, -1,
      635, 636, 634, -1,
      650, 648, 649, -1,
      652, 650, 651, -1,
      652, 648, 650, -1,
      660, 634, 647, -1,
      655, 653, 654, -1,
      656, 653, 655, -1,
      657, 647, 648, -1,
      657, 652, 653, -1,
      657, 648, 652, -1,
      657, 660, 647, -1,
      657, 653, 656, -1,
      658, 659, 660, -1,
      658, 660, 657, -1,
      662, 661, 663, -1,
      662, 663, 664, -1,
      683, 685, 684, -1,
      683, 686, 685, -1,
      683, 687, 686, -1,
      683, 688, 687, -1,
      683, 689, 688, -1,
      683, 690, 689, -1,
      683, 691, 690, -1,
      683, 666, 691, -1,
      680, 683, 682, -1,
      680, 666, 683, -1,
      665, 666, 680, -1,
      681, 680, 682, -1,
      669, 668, 667, -1,
      671, 670, 669, -1,
      671, 669, 667, -1,
      679, 665, 680, -1,
      674, 673, 672, -1,
      675, 674, 672, -1,
      676, 667, 665, -1,
      676, 672, 671, -1,
      676, 671, 667, -1,
      676, 665, 679, -1,
      676, 675, 672, -1,
      677, 679, 678, -1,
      677, 676, 679, -1,
      693, 692, 694, -1,
      693, 694, 695, -1,
      697, 696, 706, -1,
      697, 706, 707, -1,
      698, 707, 708, -1,
      698, 697, 707, -1,
      699, 708, 709, -1,
      699, 698, 708, -1,
      700, 709, 710, -1,
      700, 699, 709, -1,
      701, 710, 711, -1,
      701, 700, 710, -1,
      702, 711, 712, -1,
      702, 701, 711, -1,
      703, 712, 713, -1,
      703, 702, 712, -1,
      704, 713, 714, -1,
      704, 703, 713, -1,
      705, 714, 715, -1,
      705, 704, 714, -1,
      717, 718, 719, -1,
      717, 719, 716, -1,
      721, 722, 723, -1,
      721, 723, 720, -1,
      737, 724, 725, -1,
      737, 736, 724, -1,
      738, 725, 726, -1,
      738, 737, 725, -1,
      739, 726, 727, -1,
      739, 738, 726, -1,
      740, 727, 728, -1,
      740, 739, 727, -1,
      741, 728, 729, -1,
      741, 740, 728, -1,
      742, 729, 730, -1,
      742, 741, 729, -1,
      743, 730, 731, -1,
      743, 742, 730, -1,
      744, 731, 732, -1,
      744, 743, 731, -1,
      745, 732, 733, -1,
      745, 744, 732, -1,
      735, 733, 734, -1,
      735, 745, 733, -1,
      747, 748, 749, -1,
      747, 749, 746, -1,
      751, 752, 753, -1,
      751, 753, 750, -1,
      755, 757, 756, -1,
      765, 764, 763, -1,
      773, 758, 757, -1,
      773, 759, 758, -1,
      773, 760, 759, -1,
      773, 761, 760, -1,
      773, 762, 761, -1,
      773, 763, 762, -1,
      773, 766, 765, -1,
      773, 767, 766, -1,
      773, 768, 767, -1,
      773, 769, 768, -1,
      773, 770, 769, -1,
      773, 771, 770, -1,
      773, 772, 771, -1,
      773, 757, 755, -1,
      773, 765, 763, -1,
      774, 755, 754, -1,
      774, 773, 755, -1,
      776, 777, 778, -1,
      776, 778, 775, -1,
      780, 781, 782, -1,
      780, 782, 779, -1,
      784, 785, 786, -1,
      784, 786, 783, -1,
      790, 789, 807, -1,
      790, 807, 808, -1,
      791, 808, 809, -1,
      791, 790, 808, -1,
      792, 809, 810, -1,
      792, 791, 809, -1,
      793, 810, 811, -1,
      793, 792, 810, -1,
      794, 811, 812, -1,
      794, 793, 811, -1,
      795, 812, 813, -1,
      795, 794, 812, -1,
      796, 813, 814, -1,
      796, 795, 813, -1,
      797, 814, 815, -1,
      797, 796, 814, -1,
      798, 815, 816, -1,
      798, 797, 815, -1,
      799, 816, 817, -1,
      799, 798, 816, -1,
      800, 817, 818, -1,
      800, 799, 817, -1,
      801, 818, 819, -1,
      801, 800, 818, -1,
      802, 819, 820, -1,
      802, 801, 819, -1,
      803, 820, 821, -1,
      803, 802, 820, -1,
      804, 821, 822, -1,
      804, 803, 821, -1,
      805, 804, 822, -1,
      805, 822, 823, -1,
      806, 805, 823, -1,
      806, 823, 824, -1,
      788, 806, 824, -1,
      788, 824, 787, -1,
      835, 833, 834, -1,
      843, 825, 826, -1,
      843, 826, 827, -1,
      843, 827, 828, -1,
      843, 828, 829, -1,
      843, 829, 830, -1,
      843, 830, 831, -1,
      843, 831, 832, -1,
      843, 832, 833, -1,
      843, 835, 836, -1,
      843, 836, 837, -1,
      843, 837, 838, -1,
      843, 838, 839, -1,
      843, 839, 840, -1,
      843, 840, 841, -1,
      843, 841, 842, -1,
      843, 833, 835, -1,
      844, 845, 825, -1,
      844, 825, 843, -1,
      853, 851, 852, -1,
      858, 853, 854, -1,
      858, 854, 855, -1,
      858, 855, 856, -1,
      858, 856, 857, -1,
      860, 858, 859, -1,
      862, 849, 850, -1,
      862, 850, 851, -1,
      862, 860, 861, -1,
      862, 851, 853, -1,
      862, 853, 858, -1,
      862, 858, 860, -1,
      864, 846, 847, -1,
      864, 847, 848, -1,
      864, 848, 849, -1,
      864, 862, 863, -1,
      864, 849, 862, -1,
      865, 866, 846, -1,
      865, 846, 864, -1,
      869, 868, 867, -1,
      869, 867, 870, -1,
      892, 871, 872, -1,
      892, 872, 873, -1,
      893, 873, 874, -1,
      893, 892, 873, -1,
      894, 874, 875, -1,
      894, 893, 874, -1,
      895, 875, 876, -1,
      895, 894, 875, -1,
      896, 876, 877, -1,
      896, 895, 876, -1,
      897, 877, 878, -1,
      897, 896, 877, -1,
      898, 878, 879, -1,
      898, 897, 878, -1,
      899, 879, 880, -1,
      899, 898, 879, -1,
      900, 880, 881, -1,
      900, 899, 880, -1,
      901, 881, 882, -1,
      901, 900, 881, -1,
      902, 882, 883, -1,
      902, 901, 882, -1,
      903, 883, 884, -1,
      903, 902, 883, -1,
      904, 884, 885, -1,
      904, 903, 884, -1,
      905, 885, 886, -1,
      905, 904, 885, -1,
      906, 905, 886, -1,
      906, 886, 887, -1,
      907, 906, 887, -1,
      907, 887, 888, -1,
      908, 907, 888, -1,
      908, 888, 889, -1,
      891, 908, 889, -1,
      891, 889, 890, -1,
      911, 910, 909, -1,
      911, 909, 912, -1,
      915, 914, 913, -1,
      915, 913, 916, -1,
      925, 924, 923, -1,
      930, 926, 925, -1,
      930, 927, 926, -1,
      930, 928, 927, -1,
      930, 929, 928, -1,
      932, 931, 930, -1,
      934, 922, 921, -1,
      934, 923, 922, -1,
      934, 933, 932, -1,
      934, 925, 923, -1,
      934, 930, 925, -1,
      934, 932, 930, -1,
      936, 919, 918, -1,
      936, 920, 919, -1,
      936, 921, 920, -1,
      936, 935, 934, -1,
      936, 934, 921, -1,
      937, 918, 917, -1,
      937, 936, 918, -1,
      945, 943, 944, -1,
      951, 948, 949, -1,
      951, 949, 950, -1,
      954, 951, 952, -1,
      954, 952, 953, -1,
      956, 938, 939, -1,
      956, 939, 940, -1,
      956, 940, 941, -1,
      956, 941, 942, -1,
      956, 942, 943, -1,
      956, 945, 946, -1,
      956, 946, 947, -1,
      956, 947, 948, -1,
      956, 954, 955, -1,
      956, 943, 945, -1,
      956, 948, 951, -1,
      956, 951, 954, -1,
      957, 958, 938, -1,
      957, 938, 956, -1,
      961, 960, 959, -1,
      961, 959, 962, -1,
      984, 963, 964, -1,
      984, 964, 965, -1,
      985, 965, 966, -1,
      985, 984, 965, -1,
      986, 966, 967, -1,
      986, 985, 966, -1,
      987, 967, 968, -1,
      987, 986, 967, -1,
      988, 968, 969, -1,
      988, 987, 968, -1,
      989, 969, 970, -1,
      989, 988, 969, -1,
      990, 970, 971, -1,
      990, 989, 970, -1,
      991, 971, 972, -1,
      991, 990, 971, -1,
      992, 972, 973, -1,
      992, 991, 972, -1,
      993, 973, 974, -1,
      993, 992, 973, -1,
      994, 974, 975, -1,
      994, 993, 974, -1,
      995, 975, 976, -1,
      995, 994, 975, -1,
      996, 976, 977, -1,
      996, 995, 976, -1,
      997, 977, 978, -1,
      997, 996, 977, -1,
      998, 997, 978, -1,
      998, 978, 979, -1,
      999, 998, 979, -1,
      999, 979, 980, -1,
      1000, 999, 980, -1,
      1000, 980, 981, -1,
      983, 1000, 981, -1,
      983, 981, 982, -1,
      1003, 1002, 1001, -1,
      1003, 1001, 1004, -1,
      1007, 1006, 1005, -1,
      1007, 1005, 1008, -1,
      1017, 1016, 1015, -1,
      1023, 1021, 1020, -1,
      1023, 1022, 1021, -1,
      1026, 1024, 1023, -1,
      1026, 1025, 1024, -1,
      1028, 1011, 1010, -1,
      1028, 1012, 1011, -1,
      1028, 1013, 1012, -1,
      1028, 1014, 1013, -1,
      1028, 1015, 1014, -1,
      1028, 1018, 1017, -1,
      1028, 1019, 1018, -1,
      1028, 1020, 1019, -1,
      1028, 1027, 1026, -1,
      1028, 1017, 1015, -1,
      1028, 1023, 1020, -1,
      1028, 1026, 1023, -1,
      1029, 1010, 1009, -1,
      1029, 1028, 1010, -1,
      1030, 1031, 1032, -1,
      1030, 1032, 1033, -1,
      1042, 1040, 1041, -1,
      1045, 1043, 1044, -1,
      1048, 1033, 1034, -1,
      1048, 1034, 1035, -1,
      1048, 1035, 1036, -1,
      1048, 1036, 1037, -1,
      1048, 1037, 1038, -1,
      1048, 1038, 1039, -1,
      1048, 1039, 1040, -1,
      1048, 1042, 1043, -1,
      1048, 1045, 1046, -1,
      1048, 1046, 1047, -1,
      1048, 1040, 1042, -1,
      1048, 1030, 1033, -1,
      1048, 1043, 1045, -1,
      1049, 1050, 1030, -1,
      1049, 1030, 1048, -1,
      1053, 1052, 1051, -1,
      1053, 1051, 1054, -1,
      1076, 1055, 1056, -1,
      1076, 1056, 1057, -1,
      1077, 1057, 1058, -1,
      1077, 1076, 1057, -1,
      1078, 1058, 1059, -1,
      1078, 1077, 1058, -1,
      1079, 1059, 1060, -1,
      1079, 1078, 1059, -1,
      1080, 1060, 1061, -1,
      1080, 1079, 1060, -1,
      1081, 1061, 1062, -1,
      1081, 1080, 1061, -1,
      1082, 1062, 1063, -1,
      1082, 1081, 1062, -1,
      1083, 1063, 1064, -1,
      1083, 1082, 1063, -1,
      1084, 1064, 1065, -1,
      1084, 1083, 1064, -1,
      1085, 1065, 1066, -1,
      1085, 1084, 1065, -1,
      1086, 1066, 1067, -1,
      1086, 1085, 1066, -1,
      1087, 1067, 1068, -1,
      1087, 1086, 1067, -1,
      1088, 1068, 1069, -1,
      1088, 1087, 1068, -1,
      1089, 1069, 1070, -1,
      1089, 1088, 1069, -1,
      1090, 1089, 1070, -1,
      1090, 1070, 1071, -1,
      1091, 1090, 1071, -1,
      1091, 1071, 1072, -1,
      1092, 1091, 1072, -1,
      1092, 1072, 1073, -1,
      1075, 1092, 1073, -1,
      1075, 1073, 1074, -1,
      1095, 1094, 1093, -1,
      1095, 1093, 1096, -1,
      1099, 1098, 1097, -1,
      1099, 1097, 1100, -1,
      1103, 1105, 1104, -1,
      1115, 1113, 1112, -1,
      1115, 1114, 1113, -1,
      1120, 1103, 1102, -1,
      1120, 1106, 1105, -1,
      1120, 1107, 1106, -1,
      1120, 1108, 1107, -1,
      1120, 1109, 1108, -1,
      1120, 1110, 1109, -1,
      1120, 1111, 1110, -1,
      1120, 1112, 1111, -1,
      1120, 1116, 1115, -1,
      1120, 1117, 1116, -1,
      1120, 1118, 1117, -1,
      1120, 1119, 1118, -1,
      1120, 1105, 1103, -1,
      1120, 1115, 1112, -1,
      1121, 1102, 1101, -1,
      1121, 1120, 1102, -1,
      1122, 1123, 1124, -1,
      1122, 1124, 1125, -1,
      1122, 1125, 1126, -1,
      1134, 1132, 1133, -1,
      1140, 1126, 1127, -1,
      1140, 1127, 1128, -1,
      1140, 1128, 1129, -1,
      1140, 1129, 1130, -1,
      1140, 1130, 1131, -1,
      1140, 1131, 1132, -1,
      1140, 1134, 1135, -1,
      1140, 1135, 1136, -1,
      1140, 1136, 1137, -1,
      1140, 1137, 1138, -1,
      1140, 1138, 1139, -1,
      1140, 1122, 1126, -1,
      1140, 1132, 1134, -1,
      1141, 1142, 1122, -1,
      1141, 1122, 1140, -1,
      1145, 1144, 1143, -1,
      1145, 1143, 1146, -1,
      1168, 1147, 1148, -1,
      1168, 1148, 1149, -1,
      1169, 1149, 1150, -1,
      1169, 1168, 1149, -1,
      1170, 1150, 1151, -1,
      1170, 1169, 1150, -1,
      1171, 1151, 1152, -1,
      1171, 1170, 1151, -1,
      1172, 1152, 1153, -1,
      1172, 1171, 1152, -1,
      1173, 1153, 1154, -1,
      1173, 1172, 1153, -1,
      1174, 1154, 1155, -1,
      1174, 1173, 1154, -1,
      1175, 1155, 1156, -1,
      1175, 1174, 1155, -1,
      1176, 1156, 1157, -1,
      1176, 1175, 1156, -1,
      1177, 1157, 1158, -1,
      1177, 1176, 1157, -1,
      1178, 1158, 1159, -1,
      1178, 1177, 1158, -1,
      1179, 1159, 1160, -1,
      1179, 1178, 1159, -1,
      1180, 1160, 1161, -1,
      1180, 1179, 1160, -1,
      1181, 1161, 1162, -1,
      1181, 1180, 1161, -1,
      1182, 1181, 1162, -1,
      1182, 1162, 1163, -1,
      1183, 1182, 1163, -1,
      1183, 1163, 1164, -1,
      1184, 1183, 1164, -1,
      1184, 1164, 1165, -1,
      1167, 1184, 1165, -1,
      1167, 1165, 1166, -1,
      1187, 1186, 1185, -1,
      1187, 1185, 1188, -1,
      1191, 1190, 1189, -1,
      1191, 1189, 1192, -1,
      1194, 1196, 1195, -1,
      1194, 1197, 1196, -1,
      1194, 1198, 1197, -1,
      1206, 1205, 1204, -1,
      1212, 1199, 1198, -1,
      1212, 1200, 1199, -1,
      1212, 1201, 1200, -1,
      1212, 1202, 1201, -1,
      1212, 1203, 1202, -1,
      1212, 1204, 1203, -1,
      1212, 1207, 1206, -1,
      1212, 1208, 1207, -1,
      1212, 1209, 1208, -1,
      1212, 1210, 1209, -1,
      1212, 1211, 1210, -1,
      1212, 1198, 1194, -1,
      1212, 1206, 1204, -1,
      1213, 1194, 1193, -1,
      1213, 1212, 1194, -1,
      1214, 1215, 1216, -1,
      1224, 1222, 1223, -1,
      1232, 1216, 1217, -1,
      1232, 1217, 1218, -1,
      1232, 1218, 1219, -1,
      1232, 1219, 1220, -1,
      1232, 1220, 1221, -1,
      1232, 1221, 1222, -1,
      1232, 1224, 1225, -1,
      1232, 1225, 1226, -1,
      1232, 1226, 1227, -1,
      1232, 1227, 1228, -1,
      1232, 1228, 1229, -1,
      1232, 1229, 1230, -1,
      1232, 1230, 1231, -1,
      1232, 1222, 1224, -1,
      1232, 1214, 1216, -1,
      1233, 1234, 1214, -1,
      1233, 1214, 1232, -1,
      1237, 1236, 1235, -1,
      1237, 1235, 1238, -1,
      1260, 1239, 1240, -1,
      1260, 1240, 1241, -1,
      1261, 1241, 1242, -1,
      1261, 1260, 1241, -1,
      1262, 1242, 1243, -1,
      1262, 1261, 1242, -1,
      1263, 1243, 1244, -1,
      1263, 1262, 1243, -1,
      1264, 1244, 1245, -1,
      1264, 1263, 1244, -1,
      1265, 1245, 1246, -1,
      1265, 1264, 1245, -1,
      1266, 1246, 1247, -1,
      1266, 1265, 1246, -1,
      1267, 1247, 1248, -1,
      1267, 1266, 1247, -1,
      1268, 1248, 1249, -1,
      1268, 1267, 1248, -1,
      1269, 1249, 1250, -1,
      1269, 1268, 1249, -1,
      1270, 1250, 1251, -1,
      1270, 1269, 1250, -1,
      1271, 1251, 1252, -1,
      1271, 1270, 1251, -1,
      1272, 1252, 1253, -1,
      1272, 1271, 1252, -1,
      1273, 1253, 1254, -1,
      1273, 1272, 1253, -1,
      1274, 1273, 1254, -1,
      1274, 1254, 1255, -1,
      1275, 1274, 1255, -1,
      1275, 1255, 1256, -1,
      1276, 1275, 1256, -1,
      1276, 1256, 1257, -1,
      1259, 1276, 1257, -1,
      1259, 1257, 1258, -1,
      1279, 1278, 1277, -1,
      1279, 1277, 1280, -1,
      1283, 1282, 1281, -1,
      1283, 1281, 1284, -1,
      1286, 1288, 1287, -1,
      1296, 1295, 1294, -1,
      1304, 1289, 1288, -1,
      1304, 1290, 1289, -1,
      1304, 1291, 1290, -1,
      1304, 1292, 1291, -1,
      1304, 1293, 1292, -1,
      1304, 1294, 1293, -1,
      1304, 1297, 1296, -1,
      1304, 1298, 1297, -1,
      1304, 1299, 1298, -1,
      1304, 1300, 1299, -1,
      1304, 1301, 1300, -1,
      1304, 1302, 1301, -1,
      1304, 1303, 1302, -1,
      1304, 1296, 1294, -1,
      1304, 1288, 1286, -1,
      1305, 1286, 1285, -1,
      1305, 1304, 1286, -1,
      1306, 1307, 1308, -1,
      1316, 1314, 1315, -1,
      1324, 1308, 1309, -1,
      1324, 1309, 1310, -1,
      1324, 1310, 1311, -1,
      1324, 1311, 1312, -1,
      1324, 1312, 1313, -1,
      1324, 1313, 1314, -1,
      1324, 1316, 1317, -1,
      1324, 1317, 1318, -1,
      1324, 1318, 1319, -1,
      1324, 1319, 1320, -1,
      1324, 1320, 1321, -1,
      1324, 1321, 1322, -1,
      1324, 1322, 1323, -1,
      1324, 1306, 1308, -1,
      1324, 1314, 1316, -1,
      1325, 1326, 1306, -1,
      1325, 1306, 1324, -1,
      1329, 1328, 1327, -1,
      1329, 1327, 1330, -1,
      1352, 1331, 1332, -1,
      1352, 1332, 1333, -1,
      1353, 1333, 1334, -1,
      1353, 1352, 1333, -1,
      1354, 1334, 1335, -1,
      1354, 1353, 1334, -1,
      1355, 1335, 1336, -1,
      1355, 1354, 1335, -1,
      1356, 1336, 1337, -1,
      1356, 1355, 1336, -1,
      1357, 1337, 1338, -1,
      1357, 1356, 1337, -1,
      1358, 1338, 1339, -1,
      1358, 1357, 1338, -1,
      1359, 1339, 1340, -1,
      1359, 1358, 1339, -1,
      1360, 1340, 1341, -1,
      1360, 1359, 1340, -1,
      1361, 1341, 1342, -1,
      1361, 1360, 1341, -1,
      1362, 1342, 1343, -1,
      1362, 1361, 1342, -1,
      1363, 1343, 1344, -1,
      1363, 1362, 1343, -1,
      1364, 1344, 1345, -1,
      1364, 1363, 1344, -1,
      1365, 1345, 1346, -1,
      1365, 1364, 1345, -1,
      1366, 1365, 1346, -1,
      1366, 1346, 1347, -1,
      1367, 1366, 1347, -1,
      1367, 1347, 1348, -1,
      1368, 1367, 1348, -1,
      1368, 1348, 1349, -1,
      1351, 1368, 1349, -1,
      1351, 1349, 1350, -1,
      1371, 1370, 1369, -1,
      1371, 1369, 1372, -1,
      1375, 1374, 1373, -1,
      1375, 1373, 1376, -1,
      1378, 1380, 1379, -1,
      1388, 1387, 1386, -1,
      1396, 1381, 1380, -1,
      1396, 1382, 1381, -1,
      1396, 1383, 1382, -1,
      1396, 1384, 1383, -1,
      1396, 1385, 1384, -1,
      1396, 1386, 1385, -1,
      1396, 1389, 1388, -1,
      1396, 1390, 1389, -1,
      1396, 1391, 1390, -1,
      1396, 1392, 1391, -1,
      1396, 1393, 1392, -1,
      1396, 1394, 1393, -1,
      1396, 1395, 1394, -1,
      1396, 1380, 1378, -1,
      1396, 1388, 1386, -1,
      1397, 1378, 1377, -1,
      1397, 1396, 1378, -1,
      1416, 1398, 1399, -1,
      1416, 1399, 1400, -1,
      1416, 1400, 1401, -1,
      1416, 1401, 1402, -1,
      1416, 1402, 1403, -1,
      1416, 1403, 1404, -1,
      1416, 1404, 1405, -1,
      1416, 1405, 1406, -1,
      1416, 1406, 1407, -1,
      1416, 1407, 1408, -1,
      1416, 1408, 1409, -1,
      1416, 1409, 1410, -1,
      1416, 1410, 1411, -1,
      1416, 1411, 1412, -1,
      1416, 1412, 1413, -1,
      1416, 1413, 1414, -1,
      1416, 1414, 1415, -1,
      1417, 1418, 1398, -1,
      1417, 1398, 1416, -1,
      1421, 1420, 1419, -1,
      1421, 1419, 1422, -1,
      1444, 1423, 1424, -1,
      1444, 1424, 1425, -1,
      1445, 1425, 1426, -1,
      1445, 1444, 1425, -1,
      1446, 1426, 1427, -1,
      1446, 1445, 1426, -1,
      1447, 1427, 1428, -1,
      1447, 1446, 1427, -1,
      1448, 1428, 1429, -1,
      1448, 1447, 1428, -1,
      1449, 1429, 1430, -1,
      1449, 1448, 1429, -1,
      1450, 1430, 1431, -1,
      1450, 1449, 1430, -1,
      1451, 1431, 1432, -1,
      1451, 1450, 1431, -1,
      1452, 1432, 1433, -1,
      1452, 1451, 1432, -1,
      1453, 1433, 1434, -1,
      1453, 1452, 1433, -1,
      1454, 1434, 1435, -1,
      1454, 1453, 1434, -1,
      1455, 1435, 1436, -1,
      1455, 1454, 1435, -1,
      1456, 1436, 1437, -1,
      1456, 1455, 1436, -1,
      1457, 1437, 1438, -1,
      1457, 1456, 1437, -1,
      1458, 1457, 1438, -1,
      1458, 1438, 1439, -1,
      1459, 1458, 1439, -1,
      1459, 1439, 1440, -1,
      1460, 1459, 1440, -1,
      1460, 1440, 1441, -1,
      1443, 1460, 1441, -1,
      1443, 1441, 1442, -1,
      1463, 1462, 1461, -1,
      1463, 1461, 1464, -1,
      1467, 1466, 1465, -1,
      1467, 1465, 1468, -1,
      1488, 1471, 1470, -1,
      1488, 1472, 1471, -1,
      1488, 1473, 1472, -1,
      1488, 1474, 1473, -1,
      1488, 1475, 1474, -1,
      1488, 1476, 1475, -1,
      1488, 1477, 1476, -1,
      1488, 1478, 1477, -1,
      1488, 1479, 1478, -1,
      1488, 1480, 1479, -1,
      1488, 1481, 1480, -1,
      1488, 1482, 1481, -1,
      1488, 1483, 1482, -1,
      1488, 1484, 1483, -1,
      1488, 1485, 1484, -1,
      1488, 1486, 1485, -1,
      1488, 1487, 1486, -1,
      1489, 1470, 1469, -1,
      1489, 1488, 1470, -1,
      1500, 1498, 1499, -1,
      1508, 1490, 1491, -1,
      1508, 1491, 1492, -1,
      1508, 1492, 1493, -1,
      1508, 1493, 1494, -1,
      1508, 1494, 1495, -1,
      1508, 1495, 1496, -1,
      1508, 1496, 1497, -1,
      1508, 1497, 1498, -1,
      1508, 1500, 1501, -1,
      1508, 1501, 1502, -1,
      1508, 1502, 1503, -1,
      1508, 1503, 1504, -1,
      1508, 1504, 1505, -1,
      1508, 1505, 1506, -1,
      1508, 1506, 1507, -1,
      1508, 1498, 1500, -1,
      1509, 1510, 1490, -1,
      1509, 1490, 1508, -1,
      1513, 1512, 1511, -1,
      1513, 1511, 1514, -1,
      1536, 1515, 1516, -1,
      1536, 1516, 1517, -1,
      1537, 1517, 1518, -1,
      1537, 1536, 1517, -1,
      1538, 1518, 1519, -1,
      1538, 1537, 1518, -1,
      1539, 1519, 1520, -1,
      1539, 1538, 1519, -1,
      1540, 1520, 1521, -1,
      1540, 1539, 1520, -1,
      1541, 1521, 1522, -1,
      1541, 1540, 1521, -1,
      1542, 1522, 1523, -1,
      1542, 1541, 1522, -1,
      1543, 1523, 1524, -1,
      1543, 1542, 1523, -1,
      1544, 1524, 1525, -1,
      1544, 1543, 1524, -1,
      1545, 1525, 1526, -1,
      1545, 1544, 1525, -1,
      1546, 1526, 1527, -1,
      1546, 1545, 1526, -1,
      1547, 1527, 1528, -1,
      1547, 1546, 1527, -1,
      1548, 1528, 1529, -1,
      1548, 1547, 1528, -1,
      1549, 1529, 1530, -1,
      1549, 1548, 1529, -1,
      1550, 1549, 1530, -1,
      1550, 1530, 1531, -1,
      1551, 1550, 1531, -1,
      1551, 1531, 1532, -1,
      1552, 1551, 1532, -1,
      1552, 1532, 1533, -1,
      1535, 1552, 1533, -1,
      1535, 1533, 1534, -1,
      1555, 1554, 1553, -1,
      1555, 1553, 1556, -1,
      1559, 1558, 1557, -1,
      1559, 1557, 1560, -1,
      1562, 1564, 1563, -1,
      1572, 1571, 1570, -1,
      1580, 1565, 1564, -1,
      1580, 1566, 1565, -1,
      1580, 1567, 1566, -1,
      1580, 1568, 1567, -1,
      1580, 1569, 1568, -1,
      1580, 1570, 1569, -1,
      1580, 1573, 1572, -1,
      1580, 1574, 1573, -1,
      1580, 1575, 1574, -1,
      1580, 1576, 1575, -1,
      1580, 1577, 1576, -1,
      1580, 1578, 1577, -1,
      1580, 1579, 1578, -1,
      1580, 1564, 1562, -1,
      1580, 1572, 1570, -1,
      1581, 1562, 1561, -1,
      1581, 1580, 1562, -1,
      1583, 1585, 1584, -1,
      1593, 1592, 1591, -1,
      1597, 1596, 1595, -1,
      1601, 1586, 1585, -1,
      1601, 1587, 1586, -1,
      1601, 1588, 1587, -1,
      1601, 1589, 1588, -1,
      1601, 1590, 1589, -1,
      1601, 1591, 1590, -1,
      1601, 1594, 1593, -1,
      1601, 1595, 1594, -1,
      1601, 1598, 1597, -1,
      1601, 1599, 1598, -1,
      1601, 1600, 1599, -1,
      1601, 1593, 1591, -1,
      1601, 1597, 1595, -1,
      1601, 1585, 1583, -1,
      1602, 1583, 1582, -1,
      1602, 1601, 1583, -1,
      1604, 1605, 1606, -1,
      1604, 1606, 1603, -1,
      1608, 1609, 1610, -1,
      1608, 1610, 1607, -1,
      1612, 1613, 1614, -1,
      1612, 1614, 1611, -1,
      1618, 1617, 1635, -1,
      1618, 1635, 1636, -1,
      1619, 1636, 1637, -1,
      1619, 1618, 1636, -1,
      1620, 1637, 1638, -1,
      1620, 1619, 1637, -1,
      1621, 1638, 1639, -1,
      1621, 1620, 1638, -1,
      1622, 1639, 1640, -1,
      1622, 1621, 1639, -1,
      1623, 1640, 1641, -1,
      1623, 1622, 1640, -1,
      1624, 1641, 1642, -1,
      1624, 1623, 1641, -1,
      1625, 1642, 1643, -1,
      1625, 1624, 1642, -1,
      1626, 1643, 1644, -1,
      1626, 1625, 1643, -1,
      1627, 1644, 1645, -1,
      1627, 1626, 1644, -1,
      1628, 1645, 1646, -1,
      1628, 1627, 1645, -1,
      1629, 1646, 1647, -1,
      1629, 1628, 1646, -1,
      1630, 1647, 1648, -1,
      1630, 1629, 1647, -1,
      1631, 1648, 1649, -1,
      1631, 1630, 1648, -1,
      1632, 1649, 1650, -1,
      1632, 1631, 1649, -1,
      1633, 1632, 1650, -1,
      1633, 1650, 1651, -1,
      1634, 1633, 1651, -1,
      1634, 1651, 1652, -1,
      1616, 1634, 1652, -1,
      1616, 1652, 1615, -1,
      1663, 1661, 1662, -1,
      1667, 1665, 1666, -1,
      1671, 1653, 1654, -1,
      1671, 1654, 1655, -1,
      1671, 1655, 1656, -1,
      1671, 1656, 1657, -1,
      1671, 1657, 1658, -1,
      1671, 1658, 1659, -1,
      1671, 1659, 1660, -1,
      1671, 1660, 1661, -1,
      1671, 1663, 1664, -1,
      1671, 1664, 1665, -1,
      1671, 1667, 1668, -1,
      1671, 1668, 1669, -1,
      1671, 1669, 1670, -1,
      1671, 1665, 1667, -1,
      1671, 1661, 1663, -1,
      1672, 1673, 1653, -1,
      1672, 1653, 1671, -1,
      1675, 1677, 1676, -1,
      1675, 1678, 1677, -1,
      1675, 1679, 1678, -1,
      1688, 1686, 1685, -1,
      1688, 1687, 1686, -1,
      1693, 1680, 1679, -1,
      1693, 1681, 1680, -1,
      1693, 1682, 1681, -1,
      1693, 1683, 1682, -1,
      1693, 1684, 1683, -1,
      1693, 1685, 1684, -1,
      1693, 1689, 1688, -1,
      1693, 1690, 1689, -1,
      1693, 1691, 1690, -1,
      1693, 1692, 1691, -1,
      1693, 1679, 1675, -1,
      1693, 1688, 1685, -1,
      1694, 1675, 1674, -1,
      1694, 1693, 1675, -1,
      1696, 1697, 1698, -1,
      1696, 1698, 1695, -1,
      1700, 1701, 1702, -1,
      1700, 1702, 1699, -1,
      1704, 1705, 1706, -1,
      1704, 1706, 1703, -1,
      1710, 1709, 1727, -1,
      1710, 1727, 1728, -1,
      1711, 1728, 1729, -1,
      1711, 1710, 1728, -1,
      1712, 1729, 1730, -1,
      1712, 1711, 1729, -1,
      1713, 1730, 1731, -1,
      1713, 1712, 1730, -1,
      1714, 1731, 1732, -1,
      1714, 1713, 1731, -1,
      1715, 1732, 1733, -1,
      1715, 1714, 1732, -1,
      1716, 1733, 1734, -1,
      1716, 1715, 1733, -1,
      1717, 1734, 1735, -1,
      1717, 1716, 1734, -1,
      1718, 1735, 1736, -1,
      1718, 1717, 1735, -1,
      1719, 1736, 1737, -1,
      1719, 1718, 1736, -1,
      1720, 1737, 1738, -1,
      1720, 1719, 1737, -1,
      1721, 1738, 1739, -1,
      1721, 1720, 1738, -1,
      1722, 1739, 1740, -1,
      1722, 1721, 1739, -1,
      1723, 1740, 1741, -1,
      1723, 1722, 1740, -1,
      1724, 1741, 1742, -1,
      1724, 1723, 1741, -1,
      1725, 1724, 1742, -1,
      1725, 1742, 1743, -1,
      1726, 1725, 1743, -1,
      1726, 1743, 1744, -1,
      1708, 1726, 1744, -1,
      1708, 1744, 1707, -1,
      1745, 1746, 1747, -1,
      1745, 1747, 1748, -1,
      1745, 1748, 1749, -1,
      1757, 1755, 1756, -1,
      1760, 1758, 1759, -1,
      1763, 1749, 1750, -1,
      1763, 1750, 1751, -1,
      1763, 1751, 1752, -1,
      1763, 1752, 1753, -1,
      1763, 1753, 1754, -1,
      1763, 1754, 1755, -1,
      1763, 1757, 1758, -1,
      1763, 1760, 1761, -1,
      1763, 1761, 1762, -1,
      1763, 1745, 1749, -1,
      1763, 1755, 1757, -1,
      1763, 1758, 1760, -1,
      1764, 1765, 1745, -1,
      1764, 1745, 1763, -1,
      1776, 1774, 1775, -1,
      1780, 1778, 1779, -1,
      1784, 1766, 1767, -1,
      1784, 1767, 1768, -1,
      1784, 1768, 1769, -1,
      1784, 1769, 1770, -1,
      1784, 1770, 1771, -1,
      1784, 1771, 1772, -1,
      1784, 1772, 1773, -1,
      1784, 1773, 1774, -1,
      1784, 1776, 1777, -1,
      1784, 1777, 1778, -1,
      1784, 1780, 1781, -1,
      1784, 1781, 1782, -1,
      1784, 1782, 1783, -1,
      1784, 1778, 1780, -1,
      1784, 1774, 1776, -1,
      1785, 1786, 1766, -1,
      1785, 1766, 1784, -1,
      1789, 1788, 1787, -1,
      1789, 1787, 1790, -1,
      1812, 1791, 1792, -1,
      1812, 1792, 1793, -1,
      1813, 1793, 1794, -1,
      1813, 1812, 1793, -1,
      1814, 1794, 1795, -1,
      1814, 1813, 1794, -1,
      1815, 1795, 1796, -1,
      1815, 1814, 1795, -1,
      1816, 1796, 1797, -1,
      1816, 1815, 1796, -1,
      1817, 1797, 1798, -1,
      1817, 1816, 1797, -1,
      1818, 1798, 1799, -1,
      1818, 1817, 1798, -1,
      1819, 1799, 1800, -1,
      1819, 1818, 1799, -1,
      1820, 1800, 1801, -1,
      1820, 1819, 1800, -1,
      1821, 1801, 1802, -1,
      1821, 1820, 1801, -1,
      1822, 1802, 1803, -1,
      1822, 1821, 1802, -1,
      1823, 1803, 1804, -1,
      1823, 1822, 1803, -1,
      1824, 1804, 1805, -1,
      1824, 1823, 1804, -1,
      1825, 1805, 1806, -1,
      1825, 1824, 1805, -1,
      1826, 1825, 1806, -1,
      1826, 1806, 1807, -1,
      1827, 1826, 1807, -1,
      1827, 1807, 1808, -1,
      1828, 1827, 1808, -1,
      1828, 1808, 1809, -1,
      1811, 1828, 1809, -1,
      1811, 1809, 1810, -1,
      1831, 1830, 1829, -1,
      1831, 1829, 1832, -1,
      1835, 1834, 1833, -1,
      1835, 1833, 1836, -1,
      1838, 1840, 1839, -1,
      1848, 1847, 1846, -1,
      1852, 1851, 1850, -1,
      1856, 1841, 1840, -1,
      1856, 1842, 1841, -1,
      1856, 1843, 1842, -1,
      1856, 1844, 1843, -1,
      1856, 1845, 1844, -1,
      1856, 1846, 1845, -1,
      1856, 1849, 1848, -1,
      1856, 1850, 1849, -1,
      1856, 1853, 1852, -1,
      1856, 1854, 1853, -1,
      1856, 1855, 1854, -1,
      1856, 1848, 1846, -1,
      1856, 1852, 1850, -1,
      1856, 1840, 1838, -1,
      1857, 1838, 1837, -1,
      1857, 1856, 1838, -1,
      1858, 1859, 1860, -1,
      1858, 1860, 1861, -1,
      1858, 1861, 1862, -1,
      1870, 1868, 1869, -1,
      1873, 1871, 1872, -1,
      1876, 1862, 1863, -1,
      1876, 1863, 1864, -1,
      1876, 1864, 1865, -1,
      1876, 1865, 1866, -1,
      1876, 1866, 1867, -1,
      1876, 1867, 1868, -1,
      1876, 1870, 1871, -1,
      1876, 1873, 1874, -1,
      1876, 1874, 1875, -1,
      1876, 1858, 1862, -1,
      1876, 1868, 1870, -1,
      1876, 1871, 1873, -1,
      1877, 1878, 1858, -1,
      1877, 1858, 1876, -1,
      1881, 1880, 1879, -1,
      1881, 1879, 1882, -1,
      1904, 1883, 1884, -1,
      1904, 1884, 1885, -1,
      1905, 1885, 1886, -1,
      1905, 1904, 1885, -1,
      1906, 1886, 1887, -1,
      1906, 1905, 1886, -1,
      1907, 1887, 1888, -1,
      1907, 1906, 1887, -1,
      1908, 1888, 1889, -1,
      1908, 1907, 1888, -1,
      1909, 1889, 1890, -1,
      1909, 1908, 1889, -1,
      1910, 1890, 1891, -1,
      1910, 1909, 1890, -1,
      1911, 1891, 1892, -1,
      1911, 1910, 1891, -1,
      1912, 1892, 1893, -1,
      1912, 1911, 1892, -1,
      1913, 1893, 1894, -1,
      1913, 1912, 1893, -1,
      1914, 1894, 1895, -1,
      1914, 1913, 1894, -1,
      1915, 1895, 1896, -1,
      1915, 1914, 1895, -1,
      1916, 1896, 1897, -1,
      1916, 1915, 1896, -1,
      1917, 1897, 1898, -1,
      1917, 1916, 1897, -1,
      1918, 1917, 1898, -1,
      1918, 1898, 1899, -1,
      1919, 1918, 1899, -1,
      1919, 1899, 1900, -1,
      1920, 1919, 1900, -1,
      1920, 1900, 1901, -1,
      1903, 1920, 1901, -1,
      1903, 1901, 1902, -1,
      1923, 1922, 1921, -1,
      1923, 1921, 1924, -1,
      1927, 1926, 1925, -1,
      1927, 1925, 1928, -1,
      1930, 1932, 1931, -1,
      1930, 1933, 1932, -1,
      1930, 1934, 1933, -1,
      1943, 1941, 1940, -1,
      1943, 1942, 1941, -1,
      1948, 1935, 1934, -1,
      1948, 1936, 1935, -1,
      1948, 1937, 1936, -1,
      1948, 1938, 1937, -1,
      1948, 1939, 1938, -1,
      1948, 1940, 1939, -1,
      1948, 1944, 1943, -1,
      1948, 1945, 1944, -1,
      1948, 1946, 1945, -1,
      1948, 1947, 1946, -1,
      1948, 1934, 1930, -1,
      1948, 1943, 1940, -1,
      1949, 1930, 1929, -1,
      1949, 1948, 1930, -1,
      1952, 1954, 1953, -1,
      1951, 1954, 1952, -1,
      1963, 1962, 1961, -1,
      1969, 1955, 1954, -1,
      1969, 1956, 1955, -1,
      1969, 1957, 1956, -1,
      1969, 1958, 1957, -1,
      1969, 1959, 1958, -1,
      1969, 1960, 1959, -1,
      1969, 1961, 1960, -1,
      1969, 1964, 1963, -1,
      1969, 1965, 1964, -1,
      1969, 1966, 1965, -1,
      1969, 1967, 1966, -1,
      1969, 1968, 1967, -1,
      1969, 1963, 1961, -1,
      1969, 1954, 1951, -1,
      1970, 1951, 1950, -1,
      1970, 1969, 1951, -1,
      1972, 1973, 1974, -1,
      1972, 1974, 1971, -1,
      1976, 1977, 1978, -1,
      1976, 1978, 1975, -1,
      1980, 1981, 1982, -1,
      1980, 1982, 1979, -1,
      1986, 1985, 2003, -1,
      1986, 2003, 2004, -1,
      1987, 2004, 2005, -1,
      1987, 1986, 2004, -1,
      1988, 2005, 2006, -1,
      1988, 1987, 2005, -1,
      1989, 2006, 2007, -1,
      1989, 1988, 2006, -1,
      1990, 2007, 2008, -1,
      1990, 1989, 2007, -1,
      1991, 2008, 2009, -1,
      1991, 1990, 2008, -1,
      1992, 2009, 2010, -1,
      1992, 1991, 2009, -1,
      1993, 2010, 2011, -1,
      1993, 1992, 2010, -1,
      1994, 2011, 2012, -1,
      1994, 1993, 2011, -1,
      1995, 2012, 2013, -1,
      1995, 1994, 2012, -1,
      1996, 2013, 2014, -1,
      1996, 1995, 2013, -1,
      1997, 2014, 2015, -1,
      1997, 1996, 2014, -1,
      1998, 2015, 2016, -1,
      1998, 1997, 2015, -1,
      1999, 2016, 2017, -1,
      1999, 1998, 2016, -1,
      2000, 2017, 2018, -1,
      2000, 1999, 2017, -1,
      2001, 2000, 2018, -1,
      2001, 2018, 2019, -1,
      2002, 2001, 2019, -1,
      2002, 2019, 2020, -1,
      1984, 2002, 2020, -1,
      1984, 2020, 1983, -1,
      2022, 2023, 2024, -1,
      2021, 2022, 2024, -1,
      2033, 2031, 2032, -1,
      2039, 2024, 2025, -1,
      2039, 2025, 2026, -1,
      2039, 2026, 2027, -1,
      2039, 2027, 2028, -1,
      2039, 2028, 2029, -1,
      2039, 2029, 2030, -1,
      2039, 2030, 2031, -1,
      2039, 2033, 2034, -1,
      2039, 2034, 2035, -1,
      2039, 2035, 2036, -1,
      2039, 2036, 2037, -1,
      2039, 2037, 2038, -1,
      2039, 2031, 2033, -1,
      2039, 2021, 2024, -1,
      2040, 2041, 2021, -1,
      2040, 2021, 2039, -1,
      2044, 2046, 2045, -1,
      2055, 2051, 2050, -1,
      2055, 2052, 2051, -1,
      2055, 2053, 2052, -1,
      2055, 2054, 2053, -1,
      2059, 2056, 2055, -1,
      2059, 2057, 2056, -1,
      2059, 2058, 2057, -1,
      2061, 2044, 2043, -1,
      2061, 2047, 2046, -1,
      2061, 2048, 2047, -1,
      2061, 2049, 2048, -1,
      2061, 2050, 2049, -1,
      2061, 2060, 2059, -1,
      2061, 2055, 2050, -1,
      2061, 2046, 2044, -1,
      2061, 2059, 2055, -1,
      2062, 2043, 2042, -1,
      2062, 2061, 2043, -1,
      2064, 2065, 2066, -1,
      2064, 2066, 2063, -1,
      2068, 2069, 2070, -1,
      2068, 2070, 2067, -1,
      2072, 2073, 2074, -1,
      2072, 2074, 2071, -1,
      2078, 2077, 2095, -1,
      2078, 2095, 2096, -1,
      2079, 2096, 2097, -1,
      2079, 2078, 2096, -1,
      2080, 2097, 2098, -1,
      2080, 2079, 2097, -1,
      2081, 2098, 2099, -1,
      2081, 2080, 2098, -1,
      2082, 2099, 2100, -1,
      2082, 2081, 2099, -1,
      2083, 2100, 2101, -1,
      2083, 2082, 2100, -1,
      2084, 2101, 2102, -1,
      2084, 2083, 2101, -1,
      2085, 2102, 2103, -1,
      2085, 2084, 2102, -1,
      2086, 2103, 2104, -1,
      2086, 2085, 2103, -1,
      2087, 2104, 2105, -1,
      2087, 2086, 2104, -1,
      2088, 2105, 2106, -1,
      2088, 2087, 2105, -1,
      2089, 2106, 2107, -1,
      2089, 2088, 2106, -1,
      2090, 2107, 2108, -1,
      2090, 2089, 2107, -1,
      2091, 2108, 2109, -1,
      2091, 2090, 2108, -1,
      2092, 2109, 2110, -1,
      2092, 2091, 2109, -1,
      2093, 2092, 2110, -1,
      2093, 2110, 2111, -1,
      2094, 2093, 2111, -1,
      2094, 2111, 2112, -1,
      2076, 2094, 2112, -1,
      2076, 2112, 2075, -1,
      2114, 2115, 2116, -1,
      2125, 2120, 2121, -1,
      2125, 2121, 2122, -1,
      2125, 2122, 2123, -1,
      2125, 2123, 2124, -1,
      2129, 2125, 2126, -1,
      2129, 2126, 2127, -1,
      2129, 2127, 2128, -1,
      2131, 2113, 2114, -1,
      2131, 2116, 2117, -1,
      2131, 2117, 2118, -1,
      2131, 2118, 2119, -1,
      2131, 2119, 2120, -1,
      2131, 2129, 2130, -1,
      2131, 2120, 2125, -1,
      2131, 2114, 2116, -1,
      2131, 2125, 2129, -1,
      2132, 2133, 2113, -1,
      2132, 2113, 2131, -1,
      2142, 2141, 2140, -1,
      2147, 2143, 2142, -1,
      2147, 2144, 2143, -1,
      2147, 2145, 2144, -1,
      2147, 2146, 2145, -1,
      2149, 2148, 2147, -1,
      2151, 2139, 2138, -1,
      2151, 2140, 2139, -1,
      2151, 2150, 2149, -1,
      2151, 2142, 2140, -1,
      2151, 2147, 2142, -1,
      2151, 2149, 2147, -1,
      2153, 2136, 2135, -1,
      2153, 2137, 2136, -1,
      2153, 2138, 2137, -1,
      2153, 2152, 2151, -1,
      2153, 2151, 2138, -1,
      2154, 2135, 2134, -1,
      2154, 2153, 2135, -1,
      2156, 2157, 2158, -1,
      2156, 2158, 2155, -1,
      2160, 2161, 2162, -1,
      2160, 2162, 2159, -1,
      2164, 2165, 2166, -1,
      2164, 2166, 2163, -1,
      2170, 2169, 2187, -1,
      2170, 2187, 2188, -1,
      2171, 2188, 2189, -1,
      2171, 2170, 2188, -1,
      2172, 2189, 2190, -1,
      2172, 2171, 2189, -1,
      2173, 2190, 2191, -1,
      2173, 2172, 2190, -1,
      2174, 2191, 2192, -1,
      2174, 2173, 2191, -1,
      2175, 2192, 2193, -1,
      2175, 2174, 2192, -1,
      2176, 2193, 2194, -1,
      2176, 2175, 2193, -1,
      2177, 2194, 2195, -1,
      2177, 2176, 2194, -1,
      2178, 2195, 2196, -1,
      2178, 2177, 2195, -1,
      2179, 2196, 2197, -1,
      2179, 2178, 2196, -1,
      2180, 2197, 2198, -1,
      2180, 2179, 2197, -1,
      2181, 2198, 2199, -1,
      2181, 2180, 2198, -1,
      2182, 2199, 2200, -1,
      2182, 2181, 2199, -1,
      2183, 2200, 2201, -1,
      2183, 2182, 2200, -1,
      2184, 2201, 2202, -1,
      2184, 2183, 2201, -1,
      2185, 2184, 2202, -1,
      2185, 2202, 2203, -1,
      2186, 2185, 2203, -1,
      2186, 2203, 2204, -1,
      2168, 2186, 2204, -1,
      2168, 2204, 2167, -1,
      2212, 2210, 2211, -1,
      2217, 2212, 2213, -1,
      2217, 2213, 2214, -1,
      2217, 2214, 2215, -1,
      2217, 2215, 2216, -1,
      2219, 2217, 2218, -1,
      2221, 2208, 2209, -1,
      2221, 2209, 2210, -1,
      2221, 2219, 2220, -1,
      2221, 2210, 2212, -1,
      2221, 2212, 2217, -1,
      2221, 2217, 2219, -1,
      2223, 2205, 2206, -1,
      2223, 2206, 2207, -1,
      2223, 2207, 2208, -1,
      2223, 2221, 2222, -1,
      2223, 2208, 2221, -1,
      2224, 2225, 2205, -1,
      2224, 2205, 2223, -1,
      2227, 2228, 2229, -1,
      2226, 2227, 2229, -1,
      2238, 2236, 2237, -1,
      2244, 2229, 2230, -1,
      2244, 2230, 2231, -1,
      2244, 2231, 2232, -1,
      2244, 2232, 2233, -1,
      2244, 2233, 2234, -1,
      2244, 2234, 2235, -1,
      2244, 2235, 2236, -1,
      2244, 2238, 2239, -1,
      2244, 2239, 2240, -1,
      2244, 2240, 2241, -1,
      2244, 2241, 2242, -1,
      2244, 2242, 2243, -1,
      2244, 2236, 2238, -1,
      2244, 2226, 2229, -1,
      2245, 2246, 2226, -1,
      2245, 2226, 2244, -1,
      2249, 2248, 2247, -1,
      2249, 2247, 2250, -1,
      2272, 2251, 2252, -1,
      2272, 2252, 2253, -1,
      2273, 2253, 2254, -1,
      2273, 2272, 2253, -1,
      2274, 2254, 2255, -1,
      2274, 2273, 2254, -1,
      2275, 2255, 2256, -1,
      2275, 2274, 2255, -1,
      2276, 2256, 2257, -1,
      2276, 2275, 2256, -1,
      2277, 2257, 2258, -1,
      2277, 2276, 2257, -1,
      2278, 2258, 2259, -1,
      2278, 2277, 2258, -1,
      2279, 2259, 2260, -1,
      2279, 2278, 2259, -1,
      2280, 2260, 2261, -1,
      2280, 2279, 2260, -1,
      2281, 2261, 2262, -1,
      2281, 2280, 2261, -1,
      2282, 2262, 2263, -1,
      2282, 2281, 2262, -1,
      2283, 2263, 2264, -1,
      2283, 2282, 2263, -1,
      2284, 2264, 2265, -1,
      2284, 2283, 2264, -1,
      2285, 2265, 2266, -1,
      2285, 2284, 2265, -1,
      2286, 2285, 2266, -1,
      2286, 2266, 2267, -1,
      2287, 2286, 2267, -1,
      2287, 2267, 2268, -1,
      2288, 2287, 2268, -1,
      2288, 2268, 2269, -1,
      2271, 2288, 2269, -1,
      2271, 2269, 2270, -1,
      2291, 2290, 2289, -1,
      2291, 2289, 2292, -1,
      2295, 2294, 2293, -1,
      2295, 2293, 2296, -1,
      2299, 2301, 2300, -1,
      2298, 2301, 2299, -1,
      2310, 2309, 2308, -1,
      2316, 2302, 2301, -1,
      2316, 2303, 2302, -1,
      2316, 2304, 2303, -1,
      2316, 2305, 2304, -1,
      2316, 2306, 2305, -1,
      2316, 2307, 2306, -1,
      2316, 2308, 2307, -1,
      2316, 2311, 2310, -1,
      2316, 2312, 2311, -1,
      2316, 2313, 2312, -1,
      2316, 2314, 2313, -1,
      2316, 2315, 2314, -1,
      2316, 2310, 2308, -1,
      2316, 2301, 2298, -1,
      2317, 2298, 2297, -1,
      2317, 2316, 2298, -1,
      2319, 2320, 2321, -1,
      2330, 2325, 2326, -1,
      2330, 2326, 2327, -1,
      2330, 2327, 2328, -1,
      2330, 2328, 2329, -1,
      2334, 2330, 2331, -1,
      2334, 2331, 2332, -1,
      2334, 2332, 2333, -1,
      2336, 2318, 2319, -1,
      2336, 2321, 2322, -1,
      2336, 2322, 2323, -1,
      2336, 2323, 2324, -1,
      2336, 2324, 2325, -1,
      2336, 2334, 2335, -1,
      2336, 2325, 2330, -1,
      2336, 2319, 2321, -1,
      2336, 2330, 2334, -1,
      2337, 2338, 2318, -1,
      2337, 2318, 2336, -1,
      2341, 2340, 2339, -1,
      2341, 2339, 2342, -1,
      2364, 2343, 2344, -1,
      2364, 2344, 2345, -1,
      2365, 2345, 2346, -1,
      2365, 2364, 2345, -1,
      2366, 2346, 2347, -1,
      2366, 2365, 2346, -1,
      2367, 2347, 2348, -1,
      2367, 2366, 2347, -1,
      2368, 2348, 2349, -1,
      2368, 2367, 2348, -1,
      2369, 2349, 2350, -1,
      2369, 2368, 2349, -1,
      2370, 2350, 2351, -1,
      2370, 2369, 2350, -1,
      2371, 2351, 2352, -1,
      2371, 2370, 2351, -1,
      2372, 2352, 2353, -1,
      2372, 2371, 2352, -1,
      2373, 2353, 2354, -1,
      2373, 2372, 2353, -1,
      2374, 2354, 2355, -1,
      2374, 2373, 2354, -1,
      2375, 2355, 2356, -1,
      2375, 2374, 2355, -1,
      2376, 2356, 2357, -1,
      2376, 2375, 2356, -1,
      2377, 2357, 2358, -1,
      2377, 2376, 2357, -1,
      2378, 2377, 2358, -1,
      2378, 2358, 2359, -1,
      2379, 2378, 2359, -1,
      2379, 2359, 2360, -1,
      2380, 2379, 2360, -1,
      2380, 2360, 2361, -1,
      2363, 2380, 2361, -1,
      2363, 2361, 2362, -1,
      2383, 2382, 2381, -1,
      2383, 2381, 2384, -1,
      2387, 2386, 2385, -1,
      2387, 2385, 2388, -1,
      2391, 2393, 2392, -1,
      2402, 2398, 2397, -1,
      2402, 2399, 2398, -1,
      2402, 2400, 2399, -1,
      2402, 2401, 2400, -1,
      2406, 2403, 2402, -1,
      2406, 2404, 2403, -1,
      2406, 2405, 2404, -1,
      2408, 2391, 2390, -1,
      2408, 2394, 2393, -1,
      2408, 2395, 2394, -1,
      2408, 2396, 2395, -1,
      2408, 2397, 2396, -1,
      2408, 2407, 2406, -1,
      2408, 2402, 2397, -1,
      2408, 2393, 2391, -1,
      2408, 2406, 2402, -1,
      2409, 2390, 2389, -1,
      2409, 2408, 2390, -1,
      2417, 2415, 2416, -1,
      2422, 2417, 2418, -1,
      2422, 2418, 2419, -1,
      2422, 2419, 2420, -1,
      2422, 2420, 2421, -1,
      2424, 2422, 2423, -1,
      2426, 2413, 2414, -1,
      2426, 2414, 2415, -1,
      2426, 2424, 2425, -1,
      2426, 2415, 2417, -1,
      2426, 2417, 2422, -1,
      2426, 2422, 2424, -1,
      2428, 2410, 2411, -1,
      2428, 2411, 2412, -1,
      2428, 2412, 2413, -1,
      2428, 2426, 2427, -1,
      2428, 2413, 2426, -1,
      2429, 2430, 2410, -1,
      2429, 2410, 2428, -1,
      2433, 2432, 2431, -1,
      2433, 2431, 2434, -1,
      2456, 2435, 2436, -1,
      2456, 2436, 2437, -1,
      2457, 2437, 2438, -1,
      2457, 2456, 2437, -1,
      2458, 2438, 2439, -1,
      2458, 2457, 2438, -1,
      2459, 2439, 2440, -1,
      2459, 2458, 2439, -1,
      2460, 2440, 2441, -1,
      2460, 2459, 2440, -1,
      2461, 2441, 2442, -1,
      2461, 2460, 2441, -1,
      2462, 2442, 2443, -1,
      2462, 2461, 2442, -1,
      2463, 2443, 2444, -1,
      2463, 2462, 2443, -1,
      2464, 2444, 2445, -1,
      2464, 2463, 2444, -1,
      2465, 2445, 2446, -1,
      2465, 2464, 2445, -1,
      2466, 2446, 2447, -1,
      2466, 2465, 2446, -1,
      2467, 2447, 2448, -1,
      2467, 2466, 2447, -1,
      2468, 2448, 2449, -1,
      2468, 2467, 2448, -1,
      2469, 2449, 2450, -1,
      2469, 2468, 2449, -1,
      2470, 2469, 2450, -1,
      2470, 2450, 2451, -1,
      2471, 2470, 2451, -1,
      2471, 2451, 2452, -1,
      2472, 2471, 2452, -1,
      2472, 2452, 2453, -1,
      2455, 2472, 2453, -1,
      2455, 2453, 2454, -1,
      2475, 2474, 2473, -1,
      2475, 2473, 2476, -1,
      2479, 2478, 2477, -1,
      2479, 2477, 2480, -1,
      2489, 2488, 2487, -1,
      2494, 2490, 2489, -1,
      2494, 2491, 2490, -1,
      2494, 2492, 2491, -1,
      2494, 2493, 2492, -1,
      2496, 2495, 2494, -1,
      2498, 2486, 2485, -1,
      2498, 2487, 2486, -1,
      2498, 2497, 2496, -1,
      2498, 2489, 2487, -1,
      2498, 2494, 2489, -1,
      2498, 2496, 2494, -1,
      2500, 2483, 2482, -1,
      2500, 2484, 2483, -1,
      2500, 2485, 2484, -1,
      2500, 2499, 2498, -1,
      2500, 2498, 2485, -1,
      2501, 2482, 2481, -1,
      2501, 2500, 2482, -1,
      2509, 2505, 2506, -1,
      2509, 2506, 2507, -1,
      2509, 2507, 2508, -1,
      2511, 2509, 2510, -1,
      2514, 2502, 2503, -1,
      2514, 2503, 2504, -1,
      2514, 2504, 2505, -1,
      2514, 2515, 2516, -1,
      2514, 2516, 2517, -1,
      2514, 2517, 2518, -1,
      2514, 2518, 2519, -1,
      2514, 2519, 2520, -1,
      2514, 2520, 2521, -1,
      2514, 2521, 2522, -1,
      2514, 2522, 2502, -1,
      2514, 2505, 2509, -1,
      2514, 2509, 2511, -1,
      2513, 2511, 2512, -1,
      2513, 2514, 2511, -1,
      2535, 2523, 2524, -1,
      2535, 2524, 2525, -1,
      2536, 2525, 2526, -1,
      2536, 2535, 2525, -1,
      2537, 2526, 2527, -1,
      2537, 2536, 2526, -1,
      2538, 2527, 2528, -1,
      2538, 2537, 2527, -1,
      2539, 2528, 2529, -1,
      2539, 2538, 2528, -1,
      2540, 2529, 2530, -1,
      2540, 2539, 2529, -1,
      2541, 2530, 2531, -1,
      2541, 2540, 2530, -1,
      2542, 2531, 2532, -1,
      2542, 2541, 2531, -1,
      2534, 2532, 2533, -1,
      2534, 2542, 2532, -1,
      2555, 2543, 2544, -1,
      2555, 2544, 2545, -1,
      2556, 2545, 2546, -1,
      2556, 2555, 2545, -1,
      2557, 2546, 2547, -1,
      2557, 2556, 2546, -1,
      2558, 2547, 2548, -1,
      2558, 2557, 2547, -1,
      2559, 2548, 2549, -1,
      2559, 2558, 2548, -1,
      2560, 2549, 2550, -1,
      2560, 2559, 2549, -1,
      2561, 2550, 2551, -1,
      2561, 2560, 2550, -1,
      2562, 2551, 2552, -1,
      2562, 2561, 2551, -1,
      2554, 2552, 2553, -1,
      2554, 2562, 2552, -1,
      2566, 2563, 2564, -1,
      2566, 2564, 2565, -1,
      2570, 2567, 2568, -1,
      2570, 2568, 2569, -1,
      2574, 2571, 2572, -1,
      2574, 2572, 2573, -1,
      2591, 2588, 2587, -1,
      2591, 2589, 2588, -1,
      2591, 2590, 2589, -1,
      2593, 2592, 2591, -1,
      2575, 2577, 2576, -1,
      2575, 2578, 2577, -1,
      2575, 2579, 2578, -1,
      2575, 2580, 2579, -1,
      2575, 2581, 2580, -1,
      2575, 2582, 2581, -1,
      2575, 2583, 2582, -1,
      2575, 2584, 2583, -1,
      2575, 2585, 2584, -1,
      2575, 2586, 2585, -1,
      2575, 2587, 2586, -1,
      2575, 2591, 2587, -1,
      2575, 2593, 2591, -1,
      2595, 2594, 2593, -1,
      2595, 2593, 2575, -1,
      2603, 2599, 2600, -1,
      2603, 2600, 2601, -1,
      2603, 2601, 2602, -1,
      2605, 2603, 2604, -1,
      2608, 2596, 2597, -1,
      2608, 2597, 2598, -1,
      2608, 2598, 2599, -1,
      2608, 2609, 2610, -1,
      2608, 2610, 2611, -1,
      2608, 2611, 2612, -1,
      2608, 2612, 2613, -1,
      2608, 2613, 2614, -1,
      2608, 2614, 2615, -1,
      2608, 2615, 2616, -1,
      2608, 2616, 2596, -1,
      2608, 2599, 2603, -1,
      2608, 2603, 2605, -1,
      2607, 2605, 2606, -1,
      2607, 2608, 2605, -1,
      2629, 2617, 2618, -1,
      2629, 2618, 2619, -1,
      2630, 2619, 2620, -1,
      2630, 2629, 2619, -1,
      2631, 2620, 2621, -1,
      2631, 2630, 2620, -1,
      2632, 2621, 2622, -1,
      2632, 2631, 2621, -1,
      2633, 2622, 2623, -1,
      2633, 2632, 2622, -1,
      2634, 2623, 2624, -1,
      2634, 2633, 2623, -1,
      2635, 2624, 2625, -1,
      2635, 2634, 2624, -1,
      2636, 2625, 2626, -1,
      2636, 2635, 2625, -1,
      2628, 2626, 2627, -1,
      2628, 2636, 2626, -1,
      2649, 2637, 2638, -1,
      2649, 2638, 2639, -1,
      2650, 2639, 2640, -1,
      2650, 2649, 2639, -1,
      2651, 2640, 2641, -1,
      2651, 2650, 2640, -1,
      2652, 2641, 2642, -1,
      2652, 2651, 2641, -1,
      2653, 2642, 2643, -1,
      2653, 2652, 2642, -1,
      2654, 2643, 2644, -1,
      2654, 2653, 2643, -1,
      2655, 2644, 2645, -1,
      2655, 2654, 2644, -1,
      2656, 2645, 2646, -1,
      2656, 2655, 2645, -1,
      2648, 2646, 2647, -1,
      2648, 2656, 2646, -1,
      2660, 2657, 2658, -1,
      2660, 2658, 2659, -1,
      2664, 2661, 2662, -1,
      2664, 2662, 2663, -1,
      2668, 2665, 2666, -1,
      2668, 2666, 2667, -1,
      2685, 2682, 2681, -1,
      2685, 2683, 2682, -1,
      2685, 2684, 2683, -1,
      2687, 2686, 2685, -1,
      2669, 2671, 2670, -1,
      2669, 2672, 2671, -1,
      2669, 2673, 2672, -1,
      2669, 2674, 2673, -1,
      2669, 2675, 2674, -1,
      2669, 2676, 2675, -1,
      2669, 2677, 2676, -1,
      2669, 2678, 2677, -1,
      2669, 2679, 2678, -1,
      2669, 2680, 2679, -1,
      2669, 2681, 2680, -1,
      2669, 2685, 2681, -1,
      2669, 2687, 2685, -1,
      2689, 2688, 2687, -1,
      2689, 2687, 2669, -1,
      2697, 2693, 2694, -1,
      2697, 2694, 2695, -1,
      2697, 2695, 2696, -1,
      2699, 2697, 2698, -1,
      2707, 2690, 2691, -1,
      2707, 2691, 2692, -1,
      2707, 2708, 2709, -1,
      2707, 2709, 2710, -1,
      2707, 2710, 2690, -1,
      2705, 2706, 2707, -1,
      2702, 2692, 2693, -1,
      2702, 2703, 2704, -1,
      2702, 2704, 2705, -1,
      2702, 2693, 2697, -1,
      2702, 2697, 2699, -1,
      2702, 2707, 2692, -1,
      2702, 2705, 2707, -1,
      2701, 2699, 2700, -1,
      2701, 2702, 2699, -1,
      2723, 2711, 2712, -1,
      2723, 2712, 2713, -1,
      2724, 2713, 2714, -1,
      2724, 2723, 2713, -1,
      2725, 2714, 2715, -1,
      2725, 2724, 2714, -1,
      2726, 2715, 2716, -1,
      2726, 2725, 2715, -1,
      2727, 2716, 2717, -1,
      2727, 2726, 2716, -1,
      2728, 2717, 2718, -1,
      2728, 2727, 2717, -1,
      2729, 2718, 2719, -1,
      2729, 2728, 2718, -1,
      2730, 2719, 2720, -1,
      2730, 2729, 2719, -1,
      2722, 2720, 2721, -1,
      2722, 2730, 2720, -1,
      2743, 2731, 2732, -1,
      2743, 2732, 2733, -1,
      2744, 2733, 2734, -1,
      2744, 2743, 2733, -1,
      2745, 2734, 2735, -1,
      2745, 2744, 2734, -1,
      2746, 2735, 2736, -1,
      2746, 2745, 2735, -1,
      2747, 2736, 2737, -1,
      2747, 2746, 2736, -1,
      2748, 2737, 2738, -1,
      2748, 2747, 2737, -1,
      2749, 2738, 2739, -1,
      2749, 2748, 2738, -1,
      2750, 2739, 2740, -1,
      2750, 2749, 2739, -1,
      2742, 2740, 2741, -1,
      2742, 2750, 2740, -1,
      2754, 2751, 2752, -1,
      2754, 2752, 2753, -1,
      2758, 2755, 2756, -1,
      2758, 2756, 2757, -1,
      2762, 2759, 2760, -1,
      2762, 2760, 2761, -1,
      2779, 2776, 2775, -1,
      2779, 2777, 2776, -1,
      2779, 2778, 2777, -1,
      2781, 2780, 2779, -1,
      2768, 2770, 2769, -1,
      2768, 2771, 2770, -1,
      2768, 2772, 2771, -1,
      2768, 2773, 2772, -1,
      2768, 2774, 2773, -1,
      2766, 2768, 2767, -1,
      2763, 2765, 2764, -1,
      2763, 2766, 2765, -1,
      2763, 2775, 2774, -1,
      2763, 2779, 2775, -1,
      2763, 2781, 2779, -1,
      2763, 2774, 2768, -1,
      2763, 2768, 2766, -1,
      2783, 2782, 2781, -1,
      2783, 2781, 2763, -1,
      2791, 2787, 2788, -1,
      2791, 2788, 2789, -1,
      2791, 2789, 2790, -1,
      2793, 2791, 2792, -1,
      2801, 2802, 2803, -1,
      2799, 2800, 2801, -1,
      2796, 2784, 2785, -1,
      2796, 2785, 2786, -1,
      2796, 2786, 2787, -1,
      2796, 2797, 2798, -1,
      2796, 2798, 2799, -1,
      2796, 2803, 2804, -1,
      2796, 2804, 2784, -1,
      2796, 2787, 2791, -1,
      2796, 2791, 2793, -1,
      2796, 2801, 2803, -1,
      2796, 2799, 2801, -1,
      2795, 2793, 2794, -1,
      2795, 2796, 2793, -1,
      2817, 2805, 2806, -1,
      2817, 2806, 2807, -1,
      2818, 2807, 2808, -1,
      2818, 2817, 2807, -1,
      2819, 2808, 2809, -1,
      2819, 2818, 2808, -1,
      2820, 2809, 2810, -1,
      2820, 2819, 2809, -1,
      2821, 2810, 2811, -1,
      2821, 2820, 2810, -1,
      2822, 2811, 2812, -1,
      2822, 2821, 2811, -1,
      2823, 2812, 2813, -1,
      2823, 2822, 2812, -1,
      2824, 2813, 2814, -1,
      2824, 2823, 2813, -1,
      2816, 2814, 2815, -1,
      2816, 2824, 2814, -1,
      2837, 2825, 2826, -1,
      2837, 2826, 2827, -1,
      2838, 2827, 2828, -1,
      2838, 2837, 2827, -1,
      2839, 2828, 2829, -1,
      2839, 2838, 2828, -1,
      2840, 2829, 2830, -1,
      2840, 2839, 2829, -1,
      2841, 2830, 2831, -1,
      2841, 2840, 2830, -1,
      2842, 2831, 2832, -1,
      2842, 2841, 2831, -1,
      2843, 2832, 2833, -1,
      2843, 2842, 2832, -1,
      2844, 2833, 2834, -1,
      2844, 2843, 2833, -1,
      2836, 2834, 2835, -1,
      2836, 2844, 2834, -1,
      2848, 2845, 2846, -1,
      2848, 2846, 2847, -1,
      2852, 2849, 2850, -1,
      2852, 2850, 2851, -1,
      2856, 2853, 2854, -1,
      2856, 2854, 2855, -1,
      2873, 2870, 2869, -1,
      2873, 2871, 2870, -1,
      2873, 2872, 2871, -1,
      2875, 2874, 2873, -1,
      2862, 2864, 2863, -1,
      2860, 2862, 2861, -1,
      2857, 2859, 2858, -1,
      2857, 2860, 2859, -1,
      2857, 2865, 2864, -1,
      2857, 2866, 2865, -1,
      2857, 2867, 2866, -1,
      2857, 2868, 2867, -1,
      2857, 2869, 2868, -1,
      2857, 2873, 2869, -1,
      2857, 2875, 2873, -1,
      2857, 2864, 2862, -1,
      2857, 2862, 2860, -1,
      2877, 2876, 2875, -1,
      2877, 2875, 2857, -1,
      2885, 2881, 2882, -1,
      2885, 2882, 2883, -1,
      2885, 2883, 2884, -1,
      2887, 2885, 2886, -1,
      2890, 2878, 2879, -1,
      2890, 2879, 2880, -1,
      2890, 2880, 2881, -1,
      2890, 2891, 2892, -1,
      2890, 2892, 2893, -1,
      2890, 2893, 2894, -1,
      2890, 2894, 2895, -1,
      2890, 2895, 2896, -1,
      2890, 2896, 2897, -1,
      2890, 2897, 2898, -1,
      2890, 2898, 2878, -1,
      2890, 2881, 2885, -1,
      2890, 2885, 2887, -1,
      2889, 2887, 2888, -1,
      2889, 2890, 2887, -1,
      2911, 2899, 2900, -1,
      2911, 2900, 2901, -1,
      2912, 2901, 2902, -1,
      2912, 2911, 2901, -1,
      2913, 2902, 2903, -1,
      2913, 2912, 2902, -1,
      2914, 2903, 2904, -1,
      2914, 2913, 2903, -1,
      2915, 2904, 2905, -1,
      2915, 2914, 2904, -1,
      2916, 2905, 2906, -1,
      2916, 2915, 2905, -1,
      2917, 2906, 2907, -1,
      2917, 2916, 2906, -1,
      2918, 2907, 2908, -1,
      2918, 2917, 2907, -1,
      2910, 2908, 2909, -1,
      2910, 2918, 2908, -1,
      2931, 2919, 2920, -1,
      2931, 2920, 2921, -1,
      2932, 2921, 2922, -1,
      2932, 2931, 2921, -1,
      2933, 2922, 2923, -1,
      2933, 2932, 2922, -1,
      2934, 2923, 2924, -1,
      2934, 2933, 2923, -1,
      2935, 2924, 2925, -1,
      2935, 2934, 2924, -1,
      2936, 2925, 2926, -1,
      2936, 2935, 2925, -1,
      2937, 2926, 2927, -1,
      2937, 2936, 2926, -1,
      2938, 2927, 2928, -1,
      2938, 2937, 2927, -1,
      2930, 2928, 2929, -1,
      2930, 2938, 2928, -1,
      2942, 2939, 2940, -1,
      2942, 2940, 2941, -1,
      2946, 2943, 2944, -1,
      2946, 2944, 2945, -1,
      2950, 2947, 2948, -1,
      2950, 2948, 2949, -1,
      2967, 2964, 2963, -1,
      2967, 2965, 2964, -1,
      2967, 2966, 2965, -1,
      2969, 2968, 2967, -1,
      2956, 2958, 2957, -1,
      2951, 2953, 2952, -1,
      2951, 2954, 2953, -1,
      2951, 2955, 2954, -1,
      2951, 2956, 2955, -1,
      2951, 2959, 2958, -1,
      2951, 2960, 2959, -1,
      2951, 2961, 2960, -1,
      2951, 2962, 2961, -1,
      2951, 2963, 2962, -1,
      2951, 2967, 2963, -1,
      2951, 2969, 2967, -1,
      2951, 2958, 2956, -1,
      2971, 2970, 2969, -1,
      2971, 2969, 2951, -1,
      2979, 2975, 2976, -1,
      2979, 2976, 2977, -1,
      2979, 2977, 2978, -1,
      2981, 2979, 2980, -1,
      2984, 2972, 2973, -1,
      2984, 2973, 2974, -1,
      2984, 2974, 2975, -1,
      2984, 2985, 2986, -1,
      2984, 2986, 2987, -1,
      2984, 2987, 2988, -1,
      2984, 2988, 2989, -1,
      2984, 2989, 2990, -1,
      2984, 2990, 2991, -1,
      2984, 2991, 2992, -1,
      2984, 2992, 2972, -1,
      2984, 2975, 2979, -1,
      2984, 2979, 2981, -1,
      2983, 2981, 2982, -1,
      2983, 2984, 2981, -1,
      3005, 2993, 2994, -1,
      3005, 2994, 2995, -1,
      3006, 2995, 2996, -1,
      3006, 3005, 2995, -1,
      3007, 2996, 2997, -1,
      3007, 3006, 2996, -1,
      3008, 2997, 2998, -1,
      3008, 3007, 2997, -1,
      3009, 2998, 2999, -1,
      3009, 3008, 2998, -1,
      3010, 2999, 3000, -1,
      3010, 3009, 2999, -1,
      3011, 3000, 3001, -1,
      3011, 3010, 3000, -1,
      3012, 3001, 3002, -1,
      3012, 3011, 3001, -1,
      3004, 3002, 3003, -1,
      3004, 3012, 3002, -1,
      3025, 3013, 3014, -1,
      3025, 3014, 3015, -1,
      3026, 3015, 3016, -1,
      3026, 3025, 3015, -1,
      3027, 3016, 3017, -1,
      3027, 3026, 3016, -1,
      3028, 3017, 3018, -1,
      3028, 3027, 3017, -1,
      3029, 3018, 3019, -1,
      3029, 3028, 3018, -1,
      3030, 3019, 3020, -1,
      3030, 3029, 3019, -1,
      3031, 3020, 3021, -1,
      3031, 3030, 3020, -1,
      3032, 3021, 3022, -1,
      3032, 3031, 3021, -1,
      3024, 3022, 3023, -1,
      3024, 3032, 3022, -1,
      3036, 3033, 3034, -1,
      3036, 3034, 3035, -1,
      3040, 3037, 3038, -1,
      3040, 3038, 3039, -1,
      3044, 3041, 3042, -1,
      3044, 3042, 3043, -1,
      3061, 3058, 3057, -1,
      3061, 3059, 3058, -1,
      3061, 3060, 3059, -1,
      3063, 3062, 3061, -1,
      3045, 3047, 3046, -1,
      3045, 3048, 3047, -1,
      3045, 3049, 3048, -1,
      3045, 3050, 3049, -1,
      3045, 3051, 3050, -1,
      3045, 3052, 3051, -1,
      3045, 3053, 3052, -1,
      3045, 3054, 3053, -1,
      3045, 3055, 3054, -1,
      3045, 3056, 3055, -1,
      3045, 3057, 3056, -1,
      3045, 3061, 3057, -1,
      3045, 3063, 3061, -1,
      3065, 3064, 3063, -1,
      3065, 3063, 3045, -1,
      3069, 3068, 3077, -1,
      3069, 3077, 3078, -1,
      3070, 3078, 3079, -1,
      3070, 3069, 3078, -1,
      3071, 3079, 3080, -1,
      3071, 3070, 3079, -1,
      3072, 3080, 3081, -1,
      3072, 3071, 3080, -1,
      3073, 3081, 3082, -1,
      3073, 3072, 3081, -1,
      3074, 3082, 3083, -1,
      3074, 3073, 3082, -1,
      3075, 3083, 3084, -1,
      3075, 3074, 3083, -1,
      3076, 3084, 3085, -1,
      3076, 3075, 3084, -1,
      3067, 3085, 3066, -1,
      3067, 3076, 3085, -1,
      3114, 3086, 3087, -1,
      3114, 3087, 3115, -1,
      3093, 3092, 3091, -1,
      3094, 3091, 3090, -1,
      3094, 3093, 3091, -1,
      3096, 3088, 3086, -1,
      3096, 3089, 3088, -1,
      3096, 3090, 3089, -1,
      3096, 3095, 3094, -1,
      3096, 3086, 3114, -1,
      3096, 3094, 3090, -1,
      3113, 3096, 3114, -1,
      3110, 3112, 3111, -1,
      3110, 3113, 3112, -1,
      3107, 3109, 3108, -1,
      3106, 3109, 3107, -1,
      3097, 3110, 3109, -1,
      3097, 3113, 3110, -1,
      3097, 3109, 3106, -1,
      3097, 3096, 3113, -1,
      3099, 3098, 3097, -1,
      3103, 3105, 3104, -1,
      3103, 3106, 3105, -1,
      3101, 3100, 3099, -1,
      3102, 3097, 3106, -1,
      3102, 3099, 3097, -1,
      3102, 3106, 3103, -1,
      3102, 3101, 3099, -1,
      3118, 3117, 3116, -1,
      3118, 3116, 3119, -1,
      3123, 3121, 3122, -1,
      3147, 3148, 3149, -1,
      3147, 3149, 3120, -1,
      3126, 3123, 3124, -1,
      3126, 3124, 3125, -1,
      3127, 3120, 3121, -1,
      3127, 3121, 3123, -1,
      3127, 3123, 3126, -1,
      3129, 3127, 3128, -1,
      3129, 3147, 3120, -1,
      3129, 3120, 3127, -1,
      3146, 3147, 3129, -1,
      3143, 3144, 3145, -1,
      3143, 3145, 3146, -1,
      3140, 3141, 3142, -1,
      3139, 3140, 3142, -1,
      3130, 3142, 3143, -1,
      3130, 3143, 3146, -1,
      3130, 3139, 3142, -1,
      3130, 3146, 3129, -1,
      3137, 3138, 3139, -1,
      3132, 3130, 3131, -1,
      3134, 3132, 3133, -1,
      3134, 3135, 3136, -1,
      3134, 3136, 3137, -1,
      3134, 3139, 3130, -1,
      3134, 3130, 3132, -1,
      3134, 3137, 3139, -1,
      3151, 3152, 3150, -1,
      3151, 3153, 3152, -1,
      3155, 3156, 3154, -1,
      3155, 3157, 3156, -1,
      3159, 3160, 3158, -1,
      3159, 3161, 3160, -1,
      3163, 3164, 3162, -1,
      3163, 3165, 3164, -1,
      3167, 3168, 3166, -1,
      3167, 3169, 3168, -1,
      3171, 3172, 3170, -1,
      3171, 3173, 3172, -1,
      3175, 3176, 3174, -1,
      3175, 3177, 3176, -1,
      3179, 3180, 3178, -1,
      3179, 3181, 3180, -1,
      3183, 3184, 3182, -1,
      3183, 3185, 3184, -1,
      3187, 3188, 3186, -1,
      3187, 3189, 3188, -1,
      3193, 3192, 3201, -1,
      3193, 3201, 3202, -1,
      3194, 3202, 3203, -1,
      3194, 3193, 3202, -1,
      3195, 3203, 3204, -1,
      3195, 3194, 3203, -1,
      3196, 3204, 3205, -1,
      3196, 3195, 3204, -1,
      3197, 3205, 3206, -1,
      3197, 3196, 3205, -1,
      3198, 3206, 3207, -1,
      3198, 3197, 3206, -1,
      3199, 3207, 3208, -1,
      3199, 3198, 3207, -1,
      3200, 3208, 3209, -1,
      3200, 3199, 3208, -1,
      3191, 3209, 3190, -1,
      3191, 3200, 3209, -1,
      3213, 3211, 3210, -1,
      3213, 3212, 3211, -1,
      3215, 3216, 3217, -1,
      3218, 3215, 3217, -1,
      3219, 3214, 3215, -1,
      3219, 3215, 3218, -1,
      3223, 3220, 3221, -1,
      3223, 3221, 3222, -1,
      3227, 3224, 3225, -1,
      3227, 3225, 3226, -1,
      3231, 3228, 3229, -1,
      3231, 3229, 3230, -1,
      3235, 3232, 3233, -1,
      3235, 3233, 3234, -1,
      3239, 3236, 3237, -1,
      3239, 3237, 3238, -1,
      3243, 3240, 3241, -1,
      3243, 3241, 3242, -1,
      3246, 3248, 3247, -1,
      3249, 3248, 3246, -1,
      3244, 3246, 3245, -1,
      3244, 3249, 3246, -1,
      3252, 3254, 3253, -1,
      3255, 3254, 3252, -1,
      3250, 3252, 3251, -1,
      3250, 3255, 3252, -1,
      3257, 3258, 3256, -1,
      3257, 3259, 3258, -1,
      3261, 3262, 3260, -1,
      3261, 3263, 3262, -1,
      3265, 3266, 3264, -1,
      3265, 3267, 3266, -1,
      3269, 3270, 3268, -1,
      3269, 3271, 3270, -1,
      3273, 3274, 3272, -1,
      3273, 3275, 3274, -1,
      3277, 3278, 3276, -1,
      3277, 3279, 3278, -1,
      3281, 3282, 3283, -1,
      3284, 3281, 3283, -1,
      3285, 3280, 3281, -1,
      3285, 3281, 3284, -1,
      3288, 3290, 3289, -1,
      3291, 3290, 3288, -1,
      3286, 3288, 3287, -1,
      3286, 3291, 3288, -1,
      3293, 3294, 3292, -1,
      3293, 3295, 3294, -1,
      3297, 3298, 3296, -1,
      3297, 3299, 3298, -1,
      3301, 3302, 3300, -1,
      3301, 3303, 3302, -1,
      3305, 3306, 3304, -1,
      3305, 3307, 3306, -1,
      3309, 3310, 3308, -1,
      3309, 3311, 3310, -1,
      3313, 3314, 3312, -1,
      3313, 3315, 3314, -1,
      3317, 3318, 3319, -1,
      3320, 3317, 3319, -1,
      3321, 3316, 3317, -1,
      3321, 3317, 3320, -1,
      3323, 3324, 3325, -1,
      3326, 3323, 3325, -1,
      3327, 3322, 3323, -1,
      3327, 3323, 3326, -1,
      3331, 3328, 3329, -1,
      3331, 3329, 3330, -1,
      3335, 3332, 3333, -1,
      3335, 3333, 3334, -1,
      3339, 3336, 3337, -1,
      3339, 3337, 3338, -1,
      3343, 3340, 3341, -1,
      3343, 3341, 3342, -1,
      3347, 3344, 3345, -1,
      3347, 3345, 3346, -1,
      3351, 3348, 3349, -1,
      3351, 3349, 3350, -1,
      3354, 3356, 3355, -1,
      3357, 3356, 3354, -1,
      3352, 3354, 3353, -1,
      3352, 3357, 3354, -1,
      3489, 3488, 3487, -1,
      3490, 3489, 3487, -1,
      3491, 3490, 3487, -1,
      3486, 3492, 3491, -1,
      3486, 3491, 3487, -1,
      3468, 3492, 3486, -1,
      3468, 3493, 3492, -1,
      3510, 3508, 3507, -1,
      3510, 3509, 3508, -1,
      3511, 3510, 3507, -1,
      3511, 3507, 3506, -1,
      3469, 3493, 3468, -1,
      3469, 3494, 3493, -1,
      3470, 3494, 3469, -1,
      3470, 3495, 3494, -1,
      3512, 3511, 3506, -1,
      3512, 3506, 3505, -1,
      3513, 3505, 3504, -1,
      3513, 3512, 3505, -1,
      3514, 3513, 3504, -1,
      3514, 3504, 3503, -1,
      3515, 3503, 3502, -1,
      3515, 3514, 3503, -1,
      4041, 3495, 3470, -1,
      4041, 3470, 3471, -1,
      4041, 3471, 3472, -1,
      4041, 3472, 3473, -1,
      4041, 3473, 3474, -1,
      4041, 3474, 3475, -1,
      4041, 3475, 3476, -1,
      4041, 3496, 3495, -1,
      4041, 3497, 3496, -1,
      4041, 3498, 3497, -1,
      4041, 3499, 3498, -1,
      4041, 3500, 3499, -1,
      4041, 3501, 3500, -1,
      4041, 3502, 3501, -1,
      4041, 3516, 3515, -1,
      4041, 3517, 3516, -1,
      4041, 3518, 3517, -1,
      4041, 3515, 3502, -1,
      3477, 4041, 3476, -1,
      3519, 3518, 4041, -1,
      3520, 3519, 4041, -1,
      3478, 4041, 3477, -1,
      3479, 4041, 3478, -1,
      3521, 3520, 4041, -1,
      3447, 3466, 3465, -1,
      3447, 3467, 3466, -1,
      3447, 3485, 3467, -1,
      3531, 3529, 3528, -1,
      3531, 3530, 3529, -1,
      3532, 3531, 3528, -1,
      3532, 3528, 3527, -1,
      3448, 3485, 3447, -1,
      3449, 3484, 3485, -1,
      3449, 3485, 3448, -1,
      3533, 3532, 3527, -1,
      3533, 3527, 3526, -1,
      3450, 3483, 3484, -1,
      3450, 3484, 3449, -1,
      3534, 3533, 3526, -1,
      3534, 3526, 3525, -1,
      3451, 3483, 3450, -1,
      3451, 3482, 3483, -1,
      3535, 3534, 3525, -1,
      3535, 3525, 3524, -1,
      3452, 3481, 3482, -1,
      3452, 3482, 3451, -1,
      3536, 3535, 3524, -1,
      3536, 3524, 3523, -1,
      3453, 3480, 3481, -1,
      3453, 3481, 3452, -1,
      3537, 3536, 3523, -1,
      3537, 3523, 3522, -1,
      3454, 3479, 3480, -1,
      3454, 3480, 3453, -1,
      3454, 4041, 3479, -1,
      3538, 3521, 4041, -1,
      3538, 3537, 3522, -1,
      3538, 3522, 3521, -1,
      3455, 4041, 3454, -1,
      3539, 3538, 4041, -1,
      3446, 3445, 3444, -1,
      3456, 4041, 3455, -1,
      3540, 3539, 4041, -1,
      3426, 3464, 3446, -1,
      3426, 3446, 3444, -1,
      3552, 3550, 3549, -1,
      3552, 3551, 3550, -1,
      3427, 3464, 3426, -1,
      3553, 3552, 3549, -1,
      3553, 3548, 3547, -1,
      3553, 3549, 3548, -1,
      3428, 3463, 3464, -1,
      3428, 3464, 3427, -1,
      3554, 3553, 3547, -1,
      3554, 3547, 3546, -1,
      3429, 3461, 3462, -1,
      3429, 3462, 3463, -1,
      3429, 3463, 3428, -1,
      3555, 3554, 3546, -1,
      3556, 3555, 3546, -1,
      3556, 3546, 3545, -1,
      3430, 3461, 3429, -1,
      3431, 3460, 3461, -1,
      3431, 3461, 3430, -1,
      3557, 3556, 3545, -1,
      3557, 3545, 3544, -1,
      3432, 3459, 3460, -1,
      3432, 3460, 3431, -1,
      3558, 3557, 3544, -1,
      3558, 3544, 3543, -1,
      3433, 3459, 3432, -1,
      3433, 3458, 3459, -1,
      3559, 3558, 3543, -1,
      3559, 3543, 3542, -1,
      3434, 3458, 3433, -1,
      3434, 3457, 3458, -1,
      3560, 3559, 3542, -1,
      3560, 3542, 3541, -1,
      3570, 3572, 3571, -1,
      3405, 3424, 3423, -1,
      3405, 3425, 3424, -1,
      3573, 3572, 3570, -1,
      3406, 3425, 3405, -1,
      3406, 3443, 3425, -1,
      3574, 3569, 3568, -1,
      3574, 3570, 3569, -1,
      3574, 3573, 3570, -1,
      3407, 3442, 3443, -1,
      3407, 3443, 3406, -1,
      3575, 3574, 3568, -1,
      3408, 3441, 3442, -1,
      3408, 3442, 3407, -1,
      3576, 3568, 3567, -1,
      3576, 3575, 3568, -1,
      3409, 3441, 3408, -1,
      3409, 3440, 3441, -1,
      3577, 3567, 3566, -1,
      3577, 3576, 3567, -1,
      3410, 3440, 3409, -1,
      3410, 3439, 3440, -1,
      3578, 3565, 3564, -1,
      3578, 3566, 3565, -1,
      3578, 3577, 3566, -1,
      3411, 3439, 3410, -1,
      3411, 3438, 3439, -1,
      3579, 3578, 3564, -1,
      3412, 3438, 3411, -1,
      3412, 3437, 3438, -1,
      3580, 3564, 3563, -1,
      3580, 3579, 3564, -1,
      3413, 3437, 3412, -1,
      3413, 3436, 3437, -1,
      3581, 3563, 3562, -1,
      3581, 3580, 3563, -1,
      3384, 3403, 3402, -1,
      3384, 3404, 3403, -1,
      3594, 3592, 3591, -1,
      3594, 3593, 3592, -1,
      3385, 3404, 3384, -1,
      3385, 3422, 3404, -1,
      3595, 3591, 3590, -1,
      3595, 3594, 3591, -1,
      3386, 3420, 3421, -1,
      3386, 3421, 3422, -1,
      3386, 3422, 3385, -1,
      3596, 3590, 3589, -1,
      3596, 3595, 3590, -1,
      3387, 3420, 3386, -1,
      3597, 3589, 3588, -1,
      3597, 3596, 3589, -1,
      3388, 3420, 3387, -1,
      3388, 3419, 3420, -1,
      3598, 3588, 3587, -1,
      3598, 3597, 3588, -1,
      3389, 3418, 3419, -1,
      3389, 3419, 3388, -1,
      3599, 3587, 3586, -1,
      3599, 3598, 3587, -1,
      3390, 3417, 3418, -1,
      3390, 3418, 3389, -1,
      3600, 3586, 3585, -1,
      3600, 3599, 3586, -1,
      3391, 3417, 3390, -1,
      3391, 3416, 3417, -1,
      3601, 3585, 3584, -1,
      3601, 3600, 3585, -1,
      3392, 3416, 3391, -1,
      3392, 3415, 3416, -1,
      3602, 3584, 3583, -1,
      3602, 3601, 3584, -1,
      3363, 3382, 3381, -1,
      3363, 3383, 3382, -1,
      3615, 3613, 3612, -1,
      3615, 3614, 3613, -1,
      3364, 3383, 3363, -1,
      3364, 3400, 3401, -1,
      3364, 3401, 3383, -1,
      3616, 3611, 3610, -1,
      3616, 3612, 3611, -1,
      3616, 3615, 3612, -1,
      3365, 3400, 3364, -1,
      3617, 3616, 3610, -1,
      3366, 3399, 3400, -1,
      3366, 3400, 3365, -1,
      3618, 3609, 3608, -1,
      3618, 3610, 3609, -1,
      3618, 3617, 3610, -1,
      3367, 3398, 3399, -1,
      3367, 3399, 3366, -1,
      3619, 3618, 3608, -1,
      3368, 3397, 3398, -1,
      3368, 3398, 3367, -1,
      3620, 3608, 3607, -1,
      3620, 3619, 3608, -1,
      3369, 3396, 3397, -1,
      3369, 3397, 3368, -1,
      3621, 3620, 3607, -1,
      3621, 3606, 3605, -1,
      3621, 3607, 3606, -1,
      3622, 3621, 3605, -1,
      3623, 3605, 3604, -1,
      3623, 3622, 3605, -1,
      3636, 3634, 3633, -1,
      3636, 3635, 3634, -1,
      3637, 3636, 3633, -1,
      3637, 3633, 3632, -1,
      3638, 3637, 3632, -1,
      3638, 3632, 3631, -1,
      3639, 3638, 3631, -1,
      3639, 3631, 3630, -1,
      3640, 3639, 3630, -1,
      3640, 3630, 3629, -1,
      3641, 3640, 3629, -1,
      3641, 3629, 3628, -1,
      4042, 3369, 3370, -1,
      4042, 3370, 3371, -1,
      4042, 3371, 3372, -1,
      4042, 3372, 3373, -1,
      4042, 3373, 3374, -1,
      4042, 3374, 3375, -1,
      4042, 3375, 3376, -1,
      4042, 3376, 3377, -1,
      4042, 3392, 3393, -1,
      4042, 3393, 3394, -1,
      4042, 3394, 3395, -1,
      4042, 3395, 3396, -1,
      4042, 3413, 3414, -1,
      4042, 3414, 3415, -1,
      4042, 3396, 3369, -1,
      4042, 3415, 3392, -1,
      3657, 3655, 3654, -1,
      3657, 3656, 3655, -1,
      3658, 3657, 3654, -1,
      3658, 3654, 3653, -1,
      3659, 3658, 3653, -1,
      3659, 3653, 3652, -1,
      3660, 3659, 3652, -1,
      3660, 3652, 3651, -1,
      3661, 3660, 3651, -1,
      3661, 3651, 3650, -1,
      3662, 3661, 3650, -1,
      3662, 3650, 3649, -1,
      4040, 3602, 3583, -1,
      4040, 3623, 3604, -1,
      4040, 3603, 3602, -1,
      4040, 3604, 3603, -1,
      4040, 3641, 3628, -1,
      4040, 3624, 3623, -1,
      4040, 3625, 3624, -1,
      4040, 3626, 3625, -1,
      4040, 3627, 3626, -1,
      4040, 3628, 3627, -1,
      4040, 3642, 3641, -1,
      4040, 3643, 3642, -1,
      4040, 3644, 3643, -1,
      4040, 3645, 3644, -1,
      4040, 3646, 3645, -1,
      4040, 3647, 3646, -1,
      4040, 3648, 3647, -1,
      4024, 3380, 3362, -1,
      4025, 3379, 3380, -1,
      4025, 3380, 4024, -1,
      4026, 3378, 3379, -1,
      4026, 3379, 4025, -1,
      4023, 3362, 3361, -1,
      4023, 4024, 3362, -1,
      4022, 3361, 3360, -1,
      4022, 4023, 3361, -1,
      4027, 3377, 3378, -1,
      4027, 3378, 4026, -1,
      4028, 3377, 4027, -1,
      4028, 4042, 3377, -1,
      4021, 4022, 3360, -1,
      3359, 4021, 3360, -1,
      4029, 4042, 4028, -1,
      4030, 4042, 4029, -1,
      4038, 4042, 4030, -1,
      4038, 4030, 4031, -1,
      4032, 4038, 4031, -1,
      4033, 4038, 4032, -1,
      3678, 3676, 3675, -1,
      3678, 3677, 3676, -1,
      3679, 3675, 3674, -1,
      3679, 3678, 3675, -1,
      3680, 3674, 3673, -1,
      3680, 3679, 3674, -1,
      3681, 3680, 3673, -1,
      3681, 3673, 3672, -1,
      3682, 3672, 3671, -1,
      3682, 3681, 3672, -1,
      3683, 3671, 3670, -1,
      3683, 3682, 3671, -1,
      4045, 3663, 3662, -1,
      4045, 3664, 3663, -1,
      4045, 3665, 3664, -1,
      4045, 3666, 3665, -1,
      4045, 3667, 3666, -1,
      4045, 3668, 3667, -1,
      4045, 3669, 3668, -1,
      4045, 3670, 3669, -1,
      4045, 3683, 3670, -1,
      4045, 3649, 3648, -1,
      4045, 3662, 3649, -1,
      4045, 3648, 4040, -1,
      3684, 3683, 4045, -1,
      3358, 3359, 3360, -1,
      3685, 3684, 4045, -1,
      3686, 3685, 4045, -1,
      3687, 3686, 4045, -1,
      3696, 3698, 3697, -1,
      3688, 3687, 4045, -1,
      4005, 4038, 4033, -1,
      4005, 4033, 4034, -1,
      4005, 4034, 4004, -1,
      4003, 4034, 4035, -1,
      4003, 4035, 4036, -1,
      4003, 4004, 4034, -1,
      4006, 4038, 4005, -1,
      4002, 4003, 4036, -1,
      4002, 4036, 4037, -1,
      4007, 4038, 4006, -1,
      4001, 4002, 4037, -1,
      4008, 4038, 4007, -1,
      4000, 4001, 4037, -1,
      4000, 4037, 4020, -1,
      4009, 4038, 4008, -1,
      4010, 4038, 4009, -1,
      4011, 4038, 4010, -1,
      4012, 4038, 4011, -1,
      3699, 3698, 3696, -1,
      3700, 3699, 3696, -1,
      3700, 3696, 3695, -1,
      3701, 3695, 3694, -1,
      3701, 3700, 3695, -1,
      3702, 3694, 3693, -1,
      3702, 3701, 3694, -1,
      3703, 3693, 3692, -1,
      3703, 3702, 3693, -1,
      3704, 3692, 3691, -1,
      3704, 3703, 3692, -1,
      3705, 3690, 3689, -1,
      3705, 3691, 3690, -1,
      3705, 3704, 3691, -1,
      4018, 4000, 4020, -1,
      4018, 4020, 4019, -1,
      3706, 3705, 3689, -1,
      3707, 3689, 3688, -1,
      3707, 3706, 3689, -1,
      3707, 3688, 4045, -1,
      3708, 3707, 4045, -1,
      3984, 4013, 4014, -1,
      3984, 4014, 3983, -1,
      3982, 4014, 4015, -1,
      3982, 3983, 4014, -1,
      3985, 4013, 3984, -1,
      3985, 4038, 4012, -1,
      3985, 4012, 4013, -1,
      3981, 3982, 4015, -1,
      3981, 4015, 4016, -1,
      3981, 4016, 4017, -1,
      3986, 4038, 3985, -1,
      3980, 3981, 4017, -1,
      3987, 4038, 3986, -1,
      3979, 4017, 3999, -1,
      3979, 3980, 4017, -1,
      3988, 4038, 3987, -1,
      3989, 4038, 3988, -1,
      3720, 3717, 3716, -1,
      3720, 3718, 3717, -1,
      3720, 3719, 3718, -1,
      3721, 3720, 3716, -1,
      3722, 3721, 3716, -1,
      3722, 3715, 3714, -1,
      3722, 3716, 3715, -1,
      3723, 3722, 3714, -1,
      3724, 3723, 3714, -1,
      3724, 3714, 3713, -1,
      3725, 3724, 3713, -1,
      3725, 3713, 3712, -1,
      3726, 3725, 3712, -1,
      3726, 3712, 3711, -1,
      3997, 3979, 3999, -1,
      3997, 3999, 3998, -1,
      3727, 3711, 3710, -1,
      3727, 3726, 3711, -1,
      3972, 3992, 3993, -1,
      3971, 3972, 3993, -1,
      3970, 3971, 3993, -1,
      3970, 3993, 3994, -1,
      3973, 3990, 3991, -1,
      3973, 3991, 3992, -1,
      3973, 3992, 3972, -1,
      3969, 3970, 3994, -1,
      3969, 3994, 3995, -1,
      3969, 3995, 3996, -1,
      3974, 3990, 3973, -1,
      3968, 3969, 3996, -1,
      3975, 4038, 3989, -1,
      3975, 3989, 3990, -1,
      3975, 3990, 3974, -1,
      3966, 4038, 3975, -1,
      3967, 3968, 3996, -1,
      3967, 3996, 3978, -1,
      3741, 3738, 3737, -1,
      3741, 3739, 3738, -1,
      3741, 3740, 3739, -1,
      3742, 3741, 3737, -1,
      3743, 3742, 3737, -1,
      3743, 3736, 3735, -1,
      3743, 3737, 3736, -1,
      3744, 3743, 3735, -1,
      3745, 3744, 3735, -1,
      3745, 3735, 3734, -1,
      3746, 3745, 3734, -1,
      3746, 3734, 3733, -1,
      3976, 3978, 3977, -1,
      3976, 3967, 3978, -1,
      4044, 3746, 3733, -1,
      4044, 3727, 3710, -1,
      4044, 3709, 3708, -1,
      4044, 3710, 3709, -1,
      4044, 3728, 3727, -1,
      4044, 3729, 3728, -1,
      4044, 3730, 3729, -1,
      4044, 3731, 3730, -1,
      4044, 3732, 3731, -1,
      4044, 3733, 3732, -1,
      4044, 3708, 4045, -1,
      4044, 3747, 3746, -1,
      4044, 3748, 3747, -1,
      4044, 3749, 3748, -1,
      4044, 3750, 3749, -1,
      4044, 3751, 3750, -1,
      4044, 3752, 3751, -1,
      4044, 3753, 3752, -1,
      3761, 3758, 3757, -1,
      3761, 3759, 3758, -1,
      3761, 3760, 3759, -1,
      3949, 3950, 3961, -1,
      3949, 3961, 3962, -1,
      3951, 3961, 3950, -1,
      3951, 3960, 3961, -1,
      3948, 3949, 3962, -1,
      3948, 3962, 3963, -1,
      3948, 3963, 3964, -1,
      3947, 3948, 3964, -1,
      3952, 3960, 3951, -1,
      3952, 3959, 3960, -1,
      3946, 3964, 3965, -1,
      3946, 3947, 3964, -1,
      3953, 3959, 3952, -1,
      3953, 3958, 3959, -1,
      3945, 3965, 3956, -1,
      3945, 3946, 3965, -1,
      3954, 3945, 3956, -1,
      3954, 3956, 3955, -1,
      3769, 4044, 3768, -1,
      3770, 4044, 3769, -1,
      3770, 3753, 4044, -1,
      3767, 3768, 4044, -1,
      3766, 3767, 4044, -1,
      3771, 3754, 3753, -1,
      3771, 3753, 3770, -1,
      3765, 3766, 4044, -1,
      3772, 3755, 3754, -1,
      3772, 3754, 3771, -1,
      3763, 3755, 3772, -1,
      3763, 3756, 3755, -1,
      3763, 3757, 3756, -1,
      3764, 3765, 4044, -1,
      4039, 3958, 3953, -1,
      4039, 3935, 3936, -1,
      4039, 3936, 3937, -1,
      4039, 3937, 3938, -1,
      4039, 3944, 3935, -1,
      4039, 3953, 3944, -1,
      3939, 4039, 3938, -1,
      3762, 3757, 3763, -1,
      3762, 3761, 3757, -1,
      3919, 4039, 3939, -1,
      3919, 3939, 3940, -1,
      3918, 3919, 3940, -1,
      3917, 3918, 3940, -1,
      3917, 3940, 3941, -1,
      3920, 4039, 3919, -1,
      3916, 3917, 3941, -1,
      3916, 3941, 3942, -1,
      3921, 4039, 3920, -1,
      3915, 3916, 3942, -1,
      3915, 3942, 3943, -1,
      3922, 4039, 3921, -1,
      3914, 3915, 3943, -1,
      3914, 3943, 3934, -1,
      3923, 4039, 3922, -1,
      3924, 4039, 3923, -1,
      3925, 4039, 3924, -1,
      3933, 3914, 3934, -1,
      3926, 4039, 3925, -1,
      4046, 4039, 3926, -1,
      4046, 4045, 4040, -1,
      4046, 4040, 4039, -1,
      3927, 4046, 3926, -1,
      3932, 3914, 3933, -1,
      3898, 4046, 3927, -1,
      3898, 3928, 3897, -1,
      3898, 3927, 3928, -1,
      3896, 3897, 3928, -1,
      3896, 3928, 3929, -1,
      3899, 4046, 3898, -1,
      3900, 4046, 3899, -1,
      3895, 3929, 3930, -1,
      3895, 3930, 3931, -1,
      3895, 3896, 3929, -1,
      3894, 3895, 3931, -1,
      3901, 4046, 3900, -1,
      3902, 4046, 3901, -1,
      3893, 3931, 3913, -1,
      3893, 3894, 3931, -1,
      3773, 3764, 4044, -1,
      3903, 4046, 3902, -1,
      3904, 4046, 3903, -1,
      3905, 4046, 3904, -1,
      3906, 4046, 3905, -1,
      3911, 3913, 3912, -1,
      3911, 3893, 3913, -1,
      3877, 3907, 3876, -1,
      3877, 3906, 3907, -1,
      3877, 4046, 3906, -1,
      3791, 3778, 3777, -1,
      3791, 3779, 3778, -1,
      3791, 3777, 3790, -1,
      3875, 3876, 3907, -1,
      3875, 3907, 3908, -1,
      3792, 3779, 3791, -1,
      3792, 3780, 3779, -1,
      3878, 4046, 3877, -1,
      3789, 3777, 3776, -1,
      3789, 3790, 3777, -1,
      3874, 3875, 3908, -1,
      3874, 3908, 3909, -1,
      3879, 4046, 3878, -1,
      3788, 3789, 3776, -1,
      3788, 3776, 3775, -1,
      3793, 3780, 3792, -1,
      3873, 3874, 3909, -1,
      3873, 3909, 3910, -1,
      3880, 4046, 3879, -1,
      3787, 3775, 3774, -1,
      3787, 3788, 3775, -1,
      3794, 3781, 3780, -1,
      3794, 3780, 3793, -1,
      3872, 3910, 3892, -1,
      3872, 3873, 3910, -1,
      3881, 4046, 3880, -1,
      3785, 3781, 3794, -1,
      3785, 3782, 3781, -1,
      3882, 4046, 3881, -1,
      3783, 3782, 3785, -1,
      3890, 3892, 3891, -1,
      3890, 3872, 3892, -1,
      3784, 3783, 3785, -1,
      3856, 3884, 3885, -1,
      3856, 3885, 3886, -1,
      3856, 3886, 3855, -1,
      3854, 3886, 3887, -1,
      3854, 3887, 3888, -1,
      3854, 3855, 3886, -1,
      3857, 3884, 3856, -1,
      3853, 3888, 3889, -1,
      3853, 3854, 3888, -1,
      3858, 3883, 3884, -1,
      3858, 3884, 3857, -1,
      3852, 3853, 3889, -1,
      3859, 3883, 3858, -1,
      3859, 3882, 3883, -1,
      3859, 4046, 3882, -1,
      3851, 3852, 3889, -1,
      3851, 3889, 3871, -1,
      3860, 4046, 3859, -1,
      3870, 3851, 3871, -1,
      3869, 3851, 3870, -1,
      3835, 3864, 3865, -1,
      3835, 3865, 3834, -1,
      3836, 3863, 3864, -1,
      3836, 3864, 3835, -1,
      3833, 3865, 3866, -1,
      3833, 3834, 3865, -1,
      3832, 3866, 3867, -1,
      3832, 3833, 3866, -1,
      3837, 3863, 3836, -1,
      3837, 3862, 3863, -1,
      3831, 3867, 3868, -1,
      3831, 3868, 3850, -1,
      3831, 3832, 3867, -1,
      4043, 4046, 3860, -1,
      4043, 3862, 3837, -1,
      4043, 3837, 3838, -1,
      4043, 3860, 3861, -1,
      4043, 3861, 3862, -1,
      3830, 3831, 3850, -1,
      3839, 4043, 3838, -1,
      3840, 4043, 3839, -1,
      3841, 4043, 3840, -1,
      3842, 4043, 3841, -1,
      3843, 4043, 3842, -1,
      3795, 3786, 4043, -1,
      3804, 3795, 4043, -1,
      3803, 3804, 4043, -1,
      3802, 3803, 4043, -1,
      3801, 3802, 4043, -1,
      3800, 3801, 4043, -1,
      3799, 3800, 4043, -1,
      3848, 3830, 3850, -1,
      3848, 3850, 3849, -1,
      3814, 4043, 3843, -1,
      3814, 3844, 3813, -1,
      3814, 3843, 3844, -1,
      3812, 3813, 3844, -1,
      3812, 3844, 3845, -1,
      3815, 4043, 3814, -1,
      3811, 3812, 3845, -1,
      3811, 3845, 3846, -1,
      3811, 3846, 3847, -1,
      3816, 4043, 3815, -1,
      3817, 4043, 3816, -1,
      3810, 3811, 3847, -1,
      3809, 3810, 3847, -1,
      3809, 3847, 3829, -1,
      3818, 4043, 3817, -1,
      3819, 4043, 3818, -1,
      3820, 4043, 3819, -1,
      3821, 3799, 4043, -1,
      3821, 4043, 3820, -1,
      3821, 3798, 3799, -1,
      3822, 3798, 3821, -1,
      3822, 3797, 3798, -1,
      3823, 3797, 3822, -1,
      3823, 3796, 3797, -1,
      3824, 3796, 3823, -1,
      3825, 3796, 3824, -1,
      3825, 3805, 3796, -1,
      3827, 3809, 3829, -1,
      3827, 3829, 3828, -1,
      3806, 3805, 3825, -1,
      3806, 3808, 3807, -1,
      3806, 3825, 3826, -1,
      3806, 3826, 3808, -1,
      4038, 3957, 4039, -1,
      3957, 3958, 4039, -1,
      4038, 3966, 3957, -1,
      4040, 3540, 4041, -1,
      4040, 3541, 3540, -1,
      4040, 3560, 3541, -1,
      4040, 3561, 3560, -1,
      4040, 3562, 3561, -1,
      4040, 3581, 3562, -1,
      4040, 3582, 3581, -1,
      4040, 3583, 3582, -1,
      4041, 3435, 4042, -1,
      3435, 3436, 4042, -1,
      3436, 3413, 4042, -1,
      4041, 3434, 3435, -1,
      4041, 3457, 3434, -1,
      4041, 3456, 3457, -1,
      4043, 3773, 4044, -1,
      4043, 3774, 3773, -1,
      4043, 3787, 3774, -1,
      4043, 3786, 3787, -1,
      4050, 4048, 4047, -1,
      4050, 4049, 4048, -1,
      4054, 4052, 4051, -1,
      4054, 4053, 4052, -1,
      4057, 4055, 4056, -1,
      4057, 4056, 4058, -1,
      4060, 4062, 4061, -1,
      4060, 4059, 4062, -1,
      4064, 4066, 4065, -1,
      4064, 4063, 4066, -1,
      4068, 4070, 4069, -1,
      4068, 4067, 4070, -1,
      4072, 4073, 4071, -1,
      4072, 4074, 4073, -1,
      4077, 4076, 4075, -1,
      4077, 4075, 4078, -1,
      4080, 4081, 4079, -1,
      4080, 4082, 4081, -1,
      4084, 4085, 4083, -1,
      4084, 4086, 4085, -1,
      4088, 4089, 4087, -1,
      4088, 4090, 4089, -1,
      4100, 4091, 4103, -1,
      4094, 4091, 4100, -1,
      4102, 4103, 4091, -1,
      4099, 4094, 4100, -1,
      4092, 4102, 4091, -1,
      4092, 4096, 4102, -1,
      4095, 4096, 4092, -1,
      4097, 4101, 4102, -1,
      4097, 4102, 4096, -1,
      4093, 4097, 4098, -1,
      4093, 4098, 4095, -1,
      4093, 4095, 4092, -1,
      4093, 4094, 4099, -1,
      4093, 4099, 4101, -1,
      4093, 4101, 4097, -1,
      4106, 4105, 4104, -1,
      4106, 4104, 4107, -1,
      4110, 4109, 4108, -1,
      4110, 4108, 4111, -1,
      4114, 4113, 4112, -1,
      4114, 4112, 4115, -1,
      4118, 4117, 4116, -1,
      4118, 4116, 4119, -1,
      4123, 4121, 4120, -1,
      4123, 4122, 4121, -1,
      4125, 4126, 4124, -1,
      4125, 4127, 4126, -1,
      4129, 4130, 4128, -1,
      4129, 4131, 4130, -1,
      4133, 4134, 4132, -1,
      4133, 4135, 4134, -1,
      4137, 4138, 4136, -1,
      4137, 4139, 4138, -1,
      4143, 4140, 4141, -1,
      4143, 4142, 4140, -1,
      4207, 4149, 4206, -1,
      4204, 4206, 4149, -1,
      4150, 4204, 4149, -1,
      4151, 4205, 4204, -1,
      4151, 4204, 4150, -1,
      4148, 4207, 4205, -1,
      4148, 4149, 4207, -1,
      4148, 4205, 4151, -1,
      4152, 4148, 4151, -1,
      4155, 4152, 4153, -1,
      4155, 4153, 4154, -1,
      4155, 4148, 4152, -1,
      4156, 4148, 4155, -1,
      4159, 4156, 4157, -1,
      4159, 4157, 4158, -1,
      4159, 4148, 4156, -1,
      4160, 4148, 4159, -1,
      4163, 4148, 4160, -1,
      4163, 4160, 4161, -1,
      4163, 4161, 4162, -1,
      4164, 4148, 4163, -1,
      4167, 4164, 4165, -1,
      4167, 4165, 4166, -1,
      4170, 4168, 4169, -1,
      4171, 4168, 4170, -1,
      4175, 4172, 4173, -1,
      4175, 4173, 4174, -1,
      4179, 4176, 4177, -1,
      4179, 4177, 4178, -1,
      4182, 4180, 4181, -1,
      4183, 4180, 4182, -1,
      4187, 4184, 4185, -1,
      4187, 4185, 4186, -1,
      4191, 4188, 4189, -1,
      4191, 4189, 4190, -1,
      4195, 4192, 4193, -1,
      4195, 4193, 4194, -1,
      4198, 4196, 4197, -1,
      4199, 4196, 4198, -1,
      4202, 4145, 4144, -1,
      4203, 4145, 4202, -1,
      4146, 4200, 4202, -1,
      4146, 4202, 4144, -1,
      4201, 4200, 4146, -1,
      4147, 4187, 4188, -1,
      4147, 4191, 4192, -1,
      4147, 4195, 4196, -1,
      4147, 4199, 4145, -1,
      4147, 4188, 4191, -1,
      4147, 4203, 4201, -1,
      4147, 4192, 4195, -1,
      4147, 4196, 4199, -1,
      4147, 4145, 4203, -1,
      4147, 4201, 4146, -1,
      4147, 4148, 4164, -1,
      4147, 4164, 4167, -1,
      4147, 4167, 4168, -1,
      4147, 4168, 4171, -1,
      4147, 4171, 4172, -1,
      4147, 4172, 4175, -1,
      4147, 4175, 4176, -1,
      4147, 4176, 4179, -1,
      4147, 4179, 4180, -1,
      4147, 4180, 4183, -1,
      4147, 4183, 4184, -1,
      4147, 4184, 4187, -1,
      4217, 4216, 4215, -1,
      4222, 4218, 4217, -1,
      4222, 4219, 4218, -1,
      4222, 4220, 4219, -1,
      4222, 4221, 4220, -1,
      4224, 4223, 4222, -1,
      4226, 4214, 4213, -1,
      4226, 4215, 4214, -1,
      4226, 4225, 4224, -1,
      4226, 4217, 4215, -1,
      4226, 4222, 4217, -1,
      4226, 4224, 4222, -1,
      4228, 4211, 4210, -1,
      4228, 4212, 4211, -1,
      4228, 4213, 4212, -1,
      4228, 4227, 4226, -1,
      4228, 4226, 4213, -1,
      4209, 4210, 4208, -1,
      4209, 4228, 4210, -1,
      4250, 4229, 4230, -1,
      4250, 4231, 4229, -1,
      4251, 4232, 4231, -1,
      4251, 4231, 4250, -1,
      4252, 4233, 4232, -1,
      4252, 4232, 4251, -1,
      4253, 4234, 4233, -1,
      4253, 4233, 4252, -1,
      4254, 4235, 4234, -1,
      4254, 4234, 4253, -1,
      4255, 4236, 4235, -1,
      4255, 4235, 4254, -1,
      4256, 4237, 4236, -1,
      4256, 4236, 4255, -1,
      4257, 4238, 4237, -1,
      4257, 4237, 4256, -1,
      4258, 4239, 4238, -1,
      4258, 4238, 4257, -1,
      4259, 4240, 4239, -1,
      4259, 4239, 4258, -1,
      4260, 4241, 4240, -1,
      4260, 4240, 4259, -1,
      4261, 4242, 4241, -1,
      4261, 4241, 4260, -1,
      4262, 4243, 4242, -1,
      4262, 4244, 4243, -1,
      4262, 4242, 4261, -1,
      4263, 4244, 4262, -1,
      4264, 4244, 4263, -1,
      4264, 4245, 4244, -1,
      4265, 4245, 4264, -1,
      4265, 4246, 4245, -1,
      4265, 4247, 4246, -1,
      4266, 4247, 4265, -1,
      4249, 4247, 4266, -1,
      4249, 4248, 4247, -1,
      4268, 4270, 4269, -1,
      4268, 4267, 4270, -1,
      4274, 4271, 4272, -1,
      4274, 4273, 4271, -1,
      4296, 4275, 4276, -1,
      4296, 4277, 4275, -1,
      4297, 4278, 4277, -1,
      4297, 4277, 4296, -1,
      4298, 4279, 4278, -1,
      4298, 4278, 4297, -1,
      4299, 4280, 4279, -1,
      4299, 4279, 4298, -1,
      4300, 4281, 4280, -1,
      4300, 4280, 4299, -1,
      4301, 4282, 4281, -1,
      4301, 4281, 4300, -1,
      4302, 4283, 4282, -1,
      4302, 4282, 4301, -1,
      4303, 4284, 4283, -1,
      4303, 4283, 4302, -1,
      4304, 4285, 4284, -1,
      4304, 4284, 4303, -1,
      4305, 4286, 4285, -1,
      4305, 4285, 4304, -1,
      4306, 4287, 4286, -1,
      4306, 4286, 4305, -1,
      4307, 4288, 4287, -1,
      4307, 4287, 4306, -1,
      4308, 4289, 4288, -1,
      4308, 4290, 4289, -1,
      4308, 4288, 4307, -1,
      4309, 4290, 4308, -1,
      4310, 4290, 4309, -1,
      4310, 4291, 4290, -1,
      4311, 4291, 4310, -1,
      4311, 4292, 4291, -1,
      4311, 4293, 4292, -1,
      4312, 4293, 4311, -1,
      4295, 4293, 4312, -1,
      4295, 4294, 4293, -1,
      4314, 4316, 4315, -1,
      4314, 4313, 4316, -1,
      4326, 4325, 4324, -1,
      4332, 4330, 4329, -1,
      4332, 4331, 4330, -1,
      4335, 4333, 4332, -1,
      4335, 4334, 4333, -1,
      4337, 4320, 4319, -1,
      4337, 4321, 4320, -1,
      4337, 4322, 4321, -1,
      4337, 4323, 4322, -1,
      4337, 4324, 4323, -1,
      4337, 4327, 4326, -1,
      4337, 4328, 4327, -1,
      4337, 4329, 4328, -1,
      4337, 4336, 4335, -1,
      4337, 4326, 4324, -1,
      4337, 4332, 4329, -1,
      4337, 4335, 4332, -1,
      4318, 4319, 4317, -1,
      4318, 4337, 4319, -1,
      4341, 4338, 4339, -1,
      4341, 4340, 4338, -1,
      4363, 4342, 4343, -1,
      4363, 4344, 4342, -1,
      4364, 4345, 4344, -1,
      4364, 4344, 4363, -1,
      4365, 4346, 4345, -1,
      4365, 4345, 4364, -1,
      4366, 4347, 4346, -1,
      4366, 4346, 4365, -1,
      4367, 4348, 4347, -1,
      4367, 4347, 4366, -1,
      4368, 4349, 4348, -1,
      4368, 4348, 4367, -1,
      4369, 4350, 4349, -1,
      4369, 4349, 4368, -1,
      4370, 4351, 4350, -1,
      4370, 4350, 4369, -1,
      4371, 4352, 4351, -1,
      4371, 4351, 4370, -1,
      4372, 4353, 4352, -1,
      4372, 4352, 4371, -1,
      4373, 4354, 4353, -1,
      4373, 4353, 4372, -1,
      4374, 4355, 4354, -1,
      4374, 4354, 4373, -1,
      4375, 4356, 4355, -1,
      4375, 4357, 4356, -1,
      4375, 4355, 4374, -1,
      4376, 4357, 4375, -1,
      4377, 4357, 4376, -1,
      4377, 4358, 4357, -1,
      4378, 4358, 4377, -1,
      4378, 4359, 4358, -1,
      4378, 4360, 4359, -1,
      4379, 4360, 4378, -1,
      4362, 4360, 4379, -1,
      4362, 4361, 4360, -1,
      4381, 4383, 4382, -1,
      4381, 4380, 4383, -1,
      4387, 4389, 4388, -1,
      4399, 4397, 4396, -1,
      4399, 4398, 4397, -1,
      4404, 4387, 4386, -1,
      4404, 4390, 4389, -1,
      4404, 4391, 4390, -1,
      4404, 4392, 4391, -1,
      4404, 4393, 4392, -1,
      4404, 4394, 4393, -1,
      4404, 4395, 4394, -1,
      4404, 4396, 4395, -1,
      4404, 4400, 4399, -1,
      4404, 4401, 4400, -1,
      4404, 4402, 4401, -1,
      4404, 4403, 4402, -1,
      4404, 4389, 4387, -1,
      4404, 4399, 4396, -1,
      4385, 4386, 4384, -1,
      4385, 4404, 4386, -1,
      4408, 4405, 4406, -1,
      4408, 4407, 4405, -1,
      4421, 4409, 4410, -1,
      4421, 4411, 4409, -1,
      4422, 4412, 4411, -1,
      4422, 4411, 4421, -1,
      4423, 4413, 4412, -1,
      4423, 4412, 4422, -1,
      4424, 4414, 4413, -1,
      4424, 4413, 4423, -1,
      4425, 4415, 4414, -1,
      4425, 4414, 4424, -1,
      4426, 4416, 4415, -1,
      4426, 4415, 4425, -1,
      4427, 4417, 4416, -1,
      4427, 4416, 4426, -1,
      4428, 4418, 4417, -1,
      4428, 4417, 4427, -1,
      4420, 4419, 4418, -1,
      4420, 4418, 4428, -1,
      4430, 4431, 4429, -1,
      4430, 4432, 4431, -1,
      4436, 4444, 4435, -1,
      4436, 4445, 4444, -1,
      4437, 4446, 4445, -1,
      4437, 4445, 4436, -1,
      4438, 4447, 4446, -1,
      4438, 4446, 4437, -1,
      4439, 4448, 4447, -1,
      4439, 4447, 4438, -1,
      4440, 4449, 4448, -1,
      4440, 4448, 4439, -1,
      4441, 4450, 4449, -1,
      4441, 4449, 4440, -1,
      4442, 4451, 4450, -1,
      4442, 4450, 4441, -1,
      4443, 4452, 4451, -1,
      4443, 4451, 4442, -1,
      4434, 4433, 4452, -1,
      4434, 4452, 4443, -1,
      4454, 4456, 4455, -1,
      4454, 4453, 4456, -1,
      4472, 4471, 4470, -1,
      4463, 4465, 4464, -1,
      4463, 4466, 4465, -1,
      4463, 4467, 4466, -1,
      4463, 4468, 4467, -1,
      4463, 4469, 4468, -1,
      4463, 4470, 4469, -1,
      4463, 4472, 4470, -1,
      4460, 4463, 4462, -1,
      4460, 4472, 4463, -1,
      4461, 4460, 4462, -1,
      4477, 4474, 4473, -1,
      4477, 4475, 4474, -1,
      4477, 4476, 4475, -1,
      4459, 4473, 4472, -1,
      4459, 4472, 4460, -1,
      4480, 4479, 4478, -1,
      4481, 4480, 4478, -1,
      4482, 4478, 4477, -1,
      4482, 4473, 4459, -1,
      4482, 4477, 4473, -1,
      4482, 4481, 4478, -1,
      4458, 4459, 4457, -1,
      4458, 4482, 4459, -1,
      4486, 4483, 4484, -1,
      4486, 4485, 4483, -1,
      4488, 4489, 4487, -1,
      4488, 4490, 4489, -1,
      4492, 4494, 4493, -1,
      4492, 4491, 4494, -1,
      4498, 4495, 4496, -1,
      4498, 4497, 4495, -1,
      4511, 4499, 4500, -1,
      4511, 4501, 4499, -1,
      4512, 4502, 4501, -1,
      4512, 4501, 4511, -1,
      4513, 4503, 4502, -1,
      4513, 4502, 4512, -1,
      4514, 4504, 4503, -1,
      4514, 4503, 4513, -1,
      4515, 4505, 4504, -1,
      4515, 4504, 4514, -1,
      4516, 4506, 4505, -1,
      4516, 4505, 4515, -1,
      4517, 4507, 4506, -1,
      4517, 4506, 4516, -1,
      4518, 4508, 4507, -1,
      4518, 4507, 4517, -1,
      4510, 4509, 4508, -1,
      4510, 4508, 4518, -1,
      4520, 4521, 4519, -1,
      4520, 4522, 4521, -1,
      4526, 4535, 4525, -1,
      4526, 4536, 4535, -1,
      4527, 4537, 4536, -1,
      4527, 4536, 4526, -1,
      4528, 4538, 4537, -1,
      4528, 4537, 4527, -1,
      4529, 4539, 4538, -1,
      4529, 4538, 4528, -1,
      4530, 4540, 4539, -1,
      4530, 4539, 4529, -1,
      4531, 4541, 4540, -1,
      4531, 4540, 4530, -1,
      4532, 4542, 4541, -1,
      4532, 4541, 4531, -1,
      4533, 4543, 4542, -1,
      4533, 4542, 4532, -1,
      4534, 4523, 4543, -1,
      4534, 4543, 4533, -1,
      4524, 4523, 4534, -1,
      4545, 4547, 4546, -1,
      4545, 4544, 4547, -1,
      4550, 4552, 4551, -1,
      4550, 4553, 4552, -1,
      4550, 4554, 4553, -1,
      4550, 4555, 4554, -1,
      4550, 4556, 4555, -1,
      4550, 4557, 4556, -1,
      4550, 4558, 4557, -1,
      4550, 4559, 4558, -1,
      4574, 4550, 4548, -1,
      4574, 4559, 4550, -1,
      4560, 4559, 4574, -1,
      4549, 4574, 4548, -1,
      4563, 4562, 4561, -1,
      4565, 4564, 4563, -1,
      4565, 4563, 4561, -1,
      4573, 4560, 4574, -1,
      4568, 4567, 4566, -1,
      4569, 4568, 4566, -1,
      4570, 4561, 4560, -1,
      4570, 4566, 4565, -1,
      4570, 4565, 4561, -1,
      4570, 4560, 4573, -1,
      4570, 4569, 4566, -1,
      4571, 4573, 4572, -1,
      4571, 4570, 4573, -1,
      4578, 4575, 4576, -1,
      4578, 4577, 4575, -1,
      4580, 4581, 4579, -1,
      4580, 4582, 4581, -1,
      4584, 4586, 4585, -1,
      4584, 4583, 4586, -1,
      4590, 4587, 4588, -1,
      4590, 4589, 4587, -1,
      4612, 4591, 4592, -1,
      4612, 4593, 4591, -1,
      4613, 4594, 4593, -1,
      4613, 4593, 4612, -1,
      4614, 4595, 4594, -1,
      4614, 4594, 4613, -1,
      4615, 4596, 4595, -1,
      4615, 4595, 4614, -1,
      4616, 4597, 4596, -1,
      4616, 4596, 4615, -1,
      4617, 4598, 4597, -1,
      4617, 4597, 4616, -1,
      4618, 4599, 4598, -1,
      4618, 4598, 4617, -1,
      4619, 4600, 4599, -1,
      4619, 4599, 4618, -1,
      4620, 4601, 4600, -1,
      4620, 4600, 4619, -1,
      4621, 4602, 4601, -1,
      4621, 4601, 4620, -1,
      4622, 4603, 4602, -1,
      4622, 4602, 4621, -1,
      4623, 4604, 4603, -1,
      4623, 4603, 4622, -1,
      4624, 4605, 4604, -1,
      4624, 4606, 4605, -1,
      4624, 4604, 4623, -1,
      4625, 4606, 4624, -1,
      4626, 4606, 4625, -1,
      4626, 4607, 4606, -1,
      4627, 4607, 4626, -1,
      4627, 4608, 4607, -1,
      4627, 4609, 4608, -1,
      4628, 4609, 4627, -1,
      4611, 4609, 4628, -1,
      4611, 4610, 4609, -1,
      4630, 4632, 4631, -1,
      4630, 4629, 4632, -1,
      4635, 4637, 4636, -1,
      4645, 4644, 4643, -1,
      4653, 4638, 4637, -1,
      4653, 4639, 4638, -1,
      4653, 4640, 4639, -1,
      4653, 4641, 4640, -1,
      4653, 4642, 4641, -1,
      4653, 4643, 4642, -1,
      4653, 4646, 4645, -1,
      4653, 4647, 4646, -1,
      4653, 4648, 4647, -1,
      4653, 4649, 4648, -1,
      4653, 4650, 4649, -1,
      4653, 4651, 4650, -1,
      4653, 4652, 4651, -1,
      4653, 4637, 4635, -1,
      4653, 4645, 4643, -1,
      4634, 4635, 4633, -1,
      4634, 4653, 4635, -1,
      4657, 4654, 4655, -1,
      4657, 4656, 4654, -1,
      4679, 4658, 4659, -1,
      4679, 4660, 4658, -1,
      4680, 4661, 4660, -1,
      4680, 4660, 4679, -1,
      4681, 4662, 4661, -1,
      4681, 4661, 4680, -1,
      4682, 4663, 4662, -1,
      4682, 4662, 4681, -1,
      4683, 4664, 4663, -1,
      4683, 4663, 4682, -1,
      4684, 4665, 4664, -1,
      4684, 4664, 4683, -1,
      4685, 4666, 4665, -1,
      4685, 4665, 4684, -1,
      4686, 4667, 4666, -1,
      4686, 4666, 4685, -1,
      4687, 4668, 4667, -1,
      4687, 4667, 4686, -1,
      4688, 4669, 4668, -1,
      4688, 4668, 4687, -1,
      4689, 4670, 4669, -1,
      4689, 4669, 4688, -1,
      4690, 4671, 4670, -1,
      4690, 4670, 4689, -1,
      4691, 4672, 4671, -1,
      4691, 4673, 4672, -1,
      4691, 4671, 4690, -1,
      4692, 4673, 4691, -1,
      4693, 4673, 4692, -1,
      4693, 4674, 4673, -1,
      4694, 4674, 4693, -1,
      4694, 4675, 4674, -1,
      4694, 4676, 4675, -1,
      4695, 4676, 4694, -1,
      4678, 4676, 4695, -1,
      4678, 4677, 4676, -1,
      4697, 4699, 4698, -1,
      4697, 4696, 4699, -1,
      4702, 4704, 4703, -1,
      4712, 4711, 4710, -1,
      4716, 4715, 4714, -1,
      4720, 4705, 4704, -1,
      4720, 4706, 4705, -1,
      4720, 4707, 4706, -1,
      4720, 4708, 4707, -1,
      4720, 4709, 4708, -1,
      4720, 4710, 4709, -1,
      4720, 4713, 4712, -1,
      4720, 4714, 4713, -1,
      4720, 4717, 4716, -1,
      4720, 4718, 4717, -1,
      4720, 4719, 4718, -1,
      4720, 4712, 4710, -1,
      4720, 4716, 4714, -1,
      4720, 4704, 4702, -1,
      4701, 4702, 4700, -1,
      4701, 4720, 4702, -1,
      4724, 4721, 4722, -1,
      4724, 4723, 4721, -1,
      4746, 4725, 4726, -1,
      4746, 4727, 4725, -1,
      4747, 4728, 4727, -1,
      4747, 4727, 4746, -1,
      4748, 4729, 4728, -1,
      4748, 4728, 4747, -1,
      4749, 4730, 4729, -1,
      4749, 4729, 4748, -1,
      4750, 4731, 4730, -1,
      4750, 4730, 4749, -1,
      4751, 4732, 4731, -1,
      4751, 4731, 4750, -1,
      4752, 4733, 4732, -1,
      4752, 4732, 4751, -1,
      4753, 4734, 4733, -1,
      4753, 4733, 4752, -1,
      4754, 4735, 4734, -1,
      4754, 4734, 4753, -1,
      4755, 4736, 4735, -1,
      4755, 4735, 4754, -1,
      4756, 4737, 4736, -1,
      4756, 4736, 4755, -1,
      4757, 4738, 4737, -1,
      4757, 4737, 4756, -1,
      4758, 4739, 4738, -1,
      4758, 4740, 4739, -1,
      4758, 4738, 4757, -1,
      4759, 4740, 4758, -1,
      4760, 4740, 4759, -1,
      4760, 4741, 4740, -1,
      4761, 4741, 4760, -1,
      4761, 4742, 4741, -1,
      4761, 4743, 4742, -1,
      4762, 4743, 4761, -1,
      4745, 4743, 4762, -1,
      4745, 4744, 4743, -1,
      4764, 4766, 4765, -1,
      4764, 4763, 4766, -1,
      4769, 4771, 4770, -1,
      4769, 4772, 4771, -1,
      4769, 4773, 4772, -1,
      4782, 4780, 4779, -1,
      4782, 4781, 4780, -1,
      4787, 4774, 4773, -1,
      4787, 4775, 4774, -1,
      4787, 4776, 4775, -1,
      4787, 4777, 4776, -1,
      4787, 4778, 4777, -1,
      4787, 4779, 4778, -1,
      4787, 4783, 4782, -1,
      4787, 4784, 4783, -1,
      4787, 4785, 4784, -1,
      4787, 4786, 4785, -1,
      4787, 4773, 4769, -1,
      4787, 4782, 4779, -1,
      4768, 4769, 4767, -1,
      4768, 4787, 4769, -1,
      4791, 4788, 4789, -1,
      4791, 4790, 4788, -1,
      4813, 4792, 4793, -1,
      4813, 4794, 4792, -1,
      4814, 4795, 4794, -1,
      4814, 4794, 4813, -1,
      4815, 4796, 4795, -1,
      4815, 4795, 4814, -1,
      4816, 4797, 4796, -1,
      4816, 4796, 4815, -1,
      4817, 4798, 4797, -1,
      4817, 4797, 4816, -1,
      4818, 4799, 4798, -1,
      4818, 4798, 4817, -1,
      4819, 4800, 4799, -1,
      4819, 4799, 4818, -1,
      4820, 4801, 4800, -1,
      4820, 4800, 4819, -1,
      4821, 4802, 4801, -1,
      4821, 4801, 4820, -1,
      4822, 4803, 4802, -1,
      4822, 4802, 4821, -1,
      4823, 4804, 4803, -1,
      4823, 4803, 4822, -1,
      4824, 4805, 4804, -1,
      4824, 4804, 4823, -1,
      4825, 4806, 4805, -1,
      4825, 4807, 4806, -1,
      4825, 4805, 4824, -1,
      4826, 4807, 4825, -1,
      4827, 4807, 4826, -1,
      4827, 4808, 4807, -1,
      4828, 4808, 4827, -1,
      4828, 4809, 4808, -1,
      4828, 4810, 4809, -1,
      4829, 4810, 4828, -1,
      4812, 4810, 4829, -1,
      4812, 4811, 4810, -1,
      4831, 4833, 4832, -1,
      4831, 4830, 4833, -1,
      4837, 4839, 4838, -1,
      4836, 4839, 4837, -1,
      4848, 4847, 4846, -1,
      4854, 4840, 4839, -1,
      4854, 4841, 4840, -1,
      4854, 4842, 4841, -1,
      4854, 4843, 4842, -1,
      4854, 4844, 4843, -1,
      4854, 4845, 4844, -1,
      4854, 4846, 4845, -1,
      4854, 4849, 4848, -1,
      4854, 4850, 4849, -1,
      4854, 4851, 4850, -1,
      4854, 4852, 4851, -1,
      4854, 4853, 4852, -1,
      4854, 4848, 4846, -1,
      4854, 4839, 4836, -1,
      4835, 4836, 4834, -1,
      4835, 4854, 4836, -1,
      4858, 4855, 4856, -1,
      4858, 4857, 4855, -1,
      4880, 4859, 4860, -1,
      4880, 4861, 4859, -1,
      4881, 4862, 4861, -1,
      4881, 4861, 4880, -1,
      4882, 4863, 4862, -1,
      4882, 4862, 4881, -1,
      4883, 4864, 4863, -1,
      4883, 4863, 4882, -1,
      4884, 4865, 4864, -1,
      4884, 4864, 4883, -1,
      4885, 4866, 4865, -1,
      4885, 4865, 4884, -1,
      4886, 4867, 4866, -1,
      4886, 4866, 4885, -1,
      4887, 4868, 4867, -1,
      4887, 4867, 4886, -1,
      4888, 4869, 4868, -1,
      4888, 4868, 4887, -1,
      4889, 4870, 4869, -1,
      4889, 4869, 4888, -1,
      4890, 4871, 4870, -1,
      4890, 4870, 4889, -1,
      4891, 4872, 4871, -1,
      4891, 4871, 4890, -1,
      4892, 4873, 4872, -1,
      4892, 4874, 4873, -1,
      4892, 4872, 4891, -1,
      4893, 4874, 4892, -1,
      4894, 4874, 4893, -1,
      4894, 4875, 4874, -1,
      4895, 4875, 4894, -1,
      4895, 4876, 4875, -1,
      4895, 4877, 4876, -1,
      4896, 4877, 4895, -1,
      4879, 4877, 4896, -1,
      4879, 4878, 4877, -1,
      4898, 4900, 4899, -1,
      4898, 4897, 4900, -1,
      4904, 4906, 4905, -1,
      4915, 4911, 4910, -1,
      4915, 4912, 4911, -1,
      4915, 4913, 4912, -1,
      4915, 4914, 4913, -1,
      4919, 4916, 4915, -1,
      4919, 4917, 4916, -1,
      4919, 4918, 4917, -1,
      4921, 4904, 4903, -1,
      4921, 4907, 4906, -1,
      4921, 4908, 4907, -1,
      4921, 4909, 4908, -1,
      4921, 4910, 4909, -1,
      4921, 4920, 4919, -1,
      4921, 4915, 4910, -1,
      4921, 4906, 4904, -1,
      4921, 4919, 4915, -1,
      4902, 4903, 4901, -1,
      4902, 4921, 4903, -1,
      4925, 4922, 4923, -1,
      4925, 4924, 4922, -1,
      4947, 4926, 4927, -1,
      4947, 4928, 4926, -1,
      4948, 4929, 4928, -1,
      4948, 4928, 4947, -1,
      4949, 4930, 4929, -1,
      4949, 4929, 4948, -1,
      4950, 4931, 4930, -1,
      4950, 4930, 4949, -1,
      4951, 4932, 4931, -1,
      4951, 4931, 4950, -1,
      4952, 4933, 4932, -1,
      4952, 4932, 4951, -1,
      4953, 4934, 4933, -1,
      4953, 4933, 4952, -1,
      4954, 4935, 4934, -1,
      4954, 4934, 4953, -1,
      4955, 4936, 4935, -1,
      4955, 4935, 4954, -1,
      4956, 4937, 4936, -1,
      4956, 4936, 4955, -1,
      4957, 4938, 4937, -1,
      4957, 4937, 4956, -1,
      4958, 4939, 4938, -1,
      4958, 4938, 4957, -1,
      4959, 4940, 4939, -1,
      4959, 4941, 4940, -1,
      4959, 4939, 4958, -1,
      4960, 4941, 4959, -1,
      4961, 4941, 4960, -1,
      4961, 4942, 4941, -1,
      4962, 4942, 4961, -1,
      4962, 4943, 4942, -1,
      4962, 4944, 4943, -1,
      4963, 4944, 4962, -1,
      4946, 4944, 4963, -1,
      4946, 4945, 4944, -1,
      4965, 4967, 4966, -1,
      4965, 4964, 4967, -1,
      4976, 4975, 4974, -1,
      4981, 4977, 4976, -1,
      4981, 4978, 4977, -1,
      4981, 4979, 4978, -1,
      4981, 4980, 4979, -1,
      4983, 4982, 4981, -1,
      4985, 4973, 4972, -1,
      4985, 4974, 4973, -1,
      4985, 4984, 4983, -1,
      4985, 4976, 4974, -1,
      4985, 4981, 4976, -1,
      4985, 4983, 4981, -1,
      4987, 4970, 4969, -1,
      4987, 4971, 4970, -1,
      4987, 4972, 4971, -1,
      4987, 4986, 4985, -1,
      4987, 4985, 4972, -1,
      4988, 4969, 4968, -1,
      4988, 4987, 4969, -1,
      5024, 5013, 5023, -1,
      5012, 5024, 5022, -1,
      5012, 5013, 5024, -1,
      5014, 5021, 5023, -1,
      5014, 5023, 5013, -1,
      5015, 5022, 5021, -1,
      5015, 5021, 5014, -1,
      5015, 5012, 5022, -1,
      5016, 5012, 5015, -1,
      4991, 4989, 4990, -1,
      4991, 5016, 4989, -1,
      4991, 5012, 5016, -1,
      4992, 5012, 4991, -1,
      4995, 4992, 4993, -1,
      4995, 4993, 4994, -1,
      4999, 4996, 4997, -1,
      4999, 4997, 4998, -1,
      5003, 5000, 5001, -1,
      5003, 5001, 5002, -1,
      5007, 5004, 5005, -1,
      5007, 5005, 5006, -1,
      5019, 5008, 5009, -1,
      5020, 5008, 5019, -1,
      5017, 5019, 5009, -1,
      5010, 5017, 5009, -1,
      5010, 5018, 5017, -1,
      5011, 5008, 5020, -1,
      5011, 5018, 5010, -1,
      5011, 5003, 5004, -1,
      5011, 5007, 5008, -1,
      5011, 5020, 5018, -1,
      5011, 5004, 5007, -1,
      5011, 5012, 4992, -1,
      5011, 4992, 4995, -1,
      5011, 4995, 4996, -1,
      5011, 4996, 4999, -1,
      5011, 4999, 5000, -1,
      5011, 5000, 5003, -1,
      5028, 5025, 5026, -1,
      5028, 5027, 5025, -1,
      5030, 5031, 5029, -1,
      5030, 5032, 5031, -1,
      5034, 5035, 5033, -1,
      5034, 5036, 5035, -1,
      5059, 5061, 5060, -1,
      5057, 5059, 5058, -1,
      5057, 5062, 5061, -1,
      5057, 5063, 5062, -1,
      5057, 5061, 5059, -1,
      5066, 5064, 5063, -1,
      5066, 5065, 5064, -1,
      5066, 5063, 5057, -1,
      5039, 5037, 5066, -1,
      5039, 5066, 5057, -1,
      5038, 5037, 5039, -1,
      5040, 5039, 5057, -1,
      5048, 5043, 5040, -1,
      5048, 5040, 5057, -1,
      5042, 5041, 5040, -1,
      5042, 5040, 5043, -1,
      5051, 5049, 5050, -1,
      5044, 5043, 5048, -1,
      5053, 5051, 5052, -1,
      5053, 5049, 5051, -1,
      5054, 5049, 5053, -1,
      5056, 5054, 5055, -1,
      5047, 5048, 5049, -1,
      5047, 5044, 5048, -1,
      5047, 5049, 5054, -1,
      5047, 5054, 5056, -1,
      5046, 5045, 5044, -1,
      5046, 5044, 5047, -1,
      5067, 5069, 5068, -1,
      5067, 5070, 5069, -1,
      5072, 5073, 5071, -1,
      5072, 5074, 5073, -1,
      5076, 5077, 5075, -1,
      5076, 5078, 5077, -1,
      5079, 5081, 5080, -1,
      5079, 5082, 5081, -1,
      5084, 5093, 5083, -1,
      5084, 5094, 5093, -1,
      5085, 5095, 5094, -1,
      5085, 5094, 5084, -1,
      5086, 5096, 5095, -1,
      5086, 5095, 5085, -1,
      5087, 5097, 5096, -1,
      5087, 5096, 5086, -1,
      5088, 5098, 5097, -1,
      5088, 5097, 5087, -1,
      5089, 5099, 5098, -1,
      5089, 5098, 5088, -1,
      5090, 5100, 5099, -1,
      5090, 5099, 5089, -1,
      5091, 5101, 5100, -1,
      5091, 5100, 5090, -1,
      5092, 5102, 5101, -1,
      5092, 5101, 5091, -1,
      5104, 5105, 5103, -1,
      5104, 5106, 5105, -1,
      5118, 5108, 5107, -1,
      5119, 5109, 5108, -1,
      5119, 5108, 5118, -1,
      5120, 5110, 5109, -1,
      5120, 5109, 5119, -1,
      5121, 5111, 5110, -1,
      5121, 5110, 5120, -1,
      5122, 5112, 5111, -1,
      5122, 5111, 5121, -1,
      5123, 5113, 5112, -1,
      5123, 5112, 5122, -1,
      5124, 5114, 5113, -1,
      5124, 5113, 5123, -1,
      5125, 5115, 5114, -1,
      5125, 5114, 5124, -1,
      5126, 5115, 5125, -1,
      5117, 5116, 5115, -1,
      5117, 5115, 5126, -1,
      5128, 5130, 5129, -1,
      5128, 5127, 5130, -1,
      5190, 5184, 5189, -1,
      5187, 5189, 5184, -1,
      5185, 5187, 5184, -1,
      5186, 5188, 5187, -1,
      5186, 5187, 5185, -1,
      5183, 5190, 5188, -1,
      5183, 5184, 5190, -1,
      5183, 5188, 5186, -1,
      5132, 5183, 5186, -1,
      5134, 5132, 5131, -1,
      5134, 5131, 5133, -1,
      5134, 5183, 5132, -1,
      5135, 5183, 5134, -1,
      5138, 5135, 5136, -1,
      5138, 5136, 5137, -1,
      5138, 5183, 5135, -1,
      5139, 5183, 5138, -1,
      5142, 5183, 5139, -1,
      5142, 5139, 5140, -1,
      5142, 5140, 5141, -1,
      5143, 5183, 5142, -1,
      5146, 5143, 5144, -1,
      5146, 5144, 5145, -1,
      5149, 5147, 5148, -1,
      5150, 5147, 5149, -1,
      5154, 5151, 5152, -1,
      5154, 5152, 5153, -1,
      5158, 5155, 5156, -1,
      5158, 5156, 5157, -1,
      5161, 5159, 5160, -1,
      5162, 5159, 5161, -1,
      5166, 5163, 5164, -1,
      5166, 5164, 5165, -1,
      5170, 5167, 5168, -1,
      5170, 5168, 5169, -1,
      5174, 5171, 5172, -1,
      5174, 5172, 5173, -1,
      5177, 5175, 5176, -1,
      5178, 5175, 5177, -1,
      5193, 5179, 5180, -1,
      5194, 5179, 5193, -1,
      5181, 5191, 5193, -1,
      5181, 5193, 5180, -1,
      5192, 5191, 5181, -1,
      5182, 5166, 5167, -1,
      5182, 5170, 5171, -1,
      5182, 5174, 5175, -1,
      5182, 5178, 5179, -1,
      5182, 5167, 5170, -1,
      5182, 5194, 5192, -1,
      5182, 5171, 5174, -1,
      5182, 5175, 5178, -1,
      5182, 5179, 5194, -1,
      5182, 5192, 5181, -1,
      5182, 5183, 5143, -1,
      5182, 5143, 5146, -1,
      5182, 5146, 5147, -1,
      5182, 5147, 5150, -1,
      5182, 5150, 5151, -1,
      5182, 5151, 5154, -1,
      5182, 5154, 5155, -1,
      5182, 5155, 5158, -1,
      5182, 5158, 5159, -1,
      5182, 5159, 5162, -1,
      5182, 5162, 5163, -1,
      5182, 5163, 5166, -1,
      5203, 5201, 5202, -1,
      5208, 5203, 5204, -1,
      5208, 5204, 5205, -1,
      5208, 5205, 5206, -1,
      5208, 5206, 5207, -1,
      5210, 5208, 5209, -1,
      5212, 5199, 5200, -1,
      5212, 5200, 5201, -1,
      5212, 5210, 5211, -1,
      5212, 5201, 5203, -1,
      5212, 5203, 5208, -1,
      5212, 5208, 5210, -1,
      5214, 5196, 5197, -1,
      5214, 5197, 5198, -1,
      5214, 5198, 5199, -1,
      5214, 5212, 5213, -1,
      5214, 5199, 5212, -1,
      5215, 5195, 5196, -1,
      5215, 5196, 5214, -1,
      5217, 5216, 5218, -1,
      5217, 5218, 5219, -1,
      5241, 5221, 5220, -1,
      5241, 5222, 5221, -1,
      5242, 5223, 5222, -1,
      5242, 5222, 5241, -1,
      5243, 5224, 5223, -1,
      5243, 5223, 5242, -1,
      5244, 5225, 5224, -1,
      5244, 5224, 5243, -1,
      5245, 5226, 5225, -1,
      5245, 5225, 5244, -1,
      5246, 5227, 5226, -1,
      5246, 5226, 5245, -1,
      5247, 5228, 5227, -1,
      5247, 5227, 5246, -1,
      5248, 5229, 5228, -1,
      5248, 5228, 5247, -1,
      5249, 5230, 5229, -1,
      5249, 5229, 5248, -1,
      5250, 5231, 5230, -1,
      5250, 5230, 5249, -1,
      5251, 5232, 5231, -1,
      5251, 5231, 5250, -1,
      5252, 5233, 5232, -1,
      5252, 5232, 5251, -1,
      5253, 5234, 5233, -1,
      5253, 5233, 5252, -1,
      5254, 5235, 5234, -1,
      5254, 5234, 5253, -1,
      5255, 5235, 5254, -1,
      5255, 5236, 5235, -1,
      5255, 5237, 5236, -1,
      5256, 5237, 5255, -1,
      5257, 5237, 5256, -1,
      5257, 5238, 5237, -1,
      5240, 5238, 5257, -1,
      5240, 5239, 5238, -1,
      5260, 5258, 5259, -1,
      5260, 5261, 5258, -1,
      5293, 5289, 5292, -1,
      5288, 5293, 5291, -1,
      5288, 5289, 5293, -1,
      5262, 5290, 5292, -1,
      5262, 5292, 5289, -1,
      5263, 5291, 5290, -1,
      5263, 5290, 5262, -1,
      5263, 5288, 5291, -1,
      5264, 5288, 5263, -1,
      5267, 5264, 5265, -1,
      5267, 5265, 5266, -1,
      5267, 5288, 5264, -1,
      5268, 5288, 5267, -1,
      5271, 5268, 5269, -1,
      5271, 5269, 5270, -1,
      5275, 5272, 5273, -1,
      5275, 5273, 5274, -1,
      5279, 5276, 5277, -1,
      5279, 5277, 5278, -1,
      5283, 5280, 5281, -1,
      5283, 5281, 5282, -1,
      5296, 5284, 5285, -1,
      5297, 5284, 5296, -1,
      5294, 5296, 5285, -1,
      5286, 5294, 5285, -1,
      5286, 5295, 5294, -1,
      5287, 5284, 5297, -1,
      5287, 5295, 5286, -1,
      5287, 5279, 5280, -1,
      5287, 5283, 5284, -1,
      5287, 5297, 5295, -1,
      5287, 5280, 5283, -1,
      5287, 5288, 5268, -1,
      5287, 5268, 5271, -1,
      5287, 5271, 5272, -1,
      5287, 5272, 5275, -1,
      5287, 5275, 5276, -1,
      5287, 5276, 5279, -1,
      5300, 5298, 5299, -1,
      5300, 5301, 5298, -1,
      5302, 5304, 5303, -1,
      5302, 5305, 5304, -1,
      5342, 5307, 5306, -1,
      5342, 5306, 5343, -1,
      5341, 5308, 5307, -1,
      5341, 5307, 5342, -1,
      5340, 5309, 5308, -1,
      5340, 5308, 5341, -1,
      5339, 5310, 5309, -1,
      5339, 5309, 5340, -1,
      5338, 5311, 5310, -1,
      5338, 5310, 5339, -1,
      5337, 5312, 5311, -1,
      5337, 5311, 5338, -1,
      5336, 5313, 5312, -1,
      5336, 5312, 5337, -1,
      5335, 5314, 5313, -1,
      5335, 5313, 5336, -1,
      5334, 5315, 5314, -1,
      5334, 5314, 5335, -1,
      5333, 5316, 5315, -1,
      5333, 5315, 5334, -1,
      5332, 5317, 5316, -1,
      5332, 5316, 5333, -1,
      5331, 5318, 5317, -1,
      5331, 5317, 5332, -1,
      5330, 5319, 5318, -1,
      5330, 5318, 5331, -1,
      5329, 5320, 5319, -1,
      5329, 5319, 5330, -1,
      5328, 5320, 5329, -1,
      5328, 5321, 5320, -1,
      5328, 5322, 5321, -1,
      5327, 5322, 5328, -1,
      5326, 5322, 5327, -1,
      5326, 5323, 5322, -1,
      5326, 5324, 5323, -1,
      5325, 5324, 5326, -1,
      5356, 5357, 5358, -1,
      5361, 5358, 5359, -1,
      5361, 5359, 5360, -1,
      5345, 5346, 5347, -1,
      5345, 5347, 5348, -1,
      5345, 5348, 5349, -1,
      5345, 5349, 5350, -1,
      5345, 5350, 5351, -1,
      5345, 5351, 5352, -1,
      5345, 5352, 5353, -1,
      5345, 5353, 5354, -1,
      5345, 5354, 5355, -1,
      5345, 5355, 5356, -1,
      5345, 5361, 5362, -1,
      5345, 5362, 5363, -1,
      5345, 5356, 5358, -1,
      5345, 5358, 5361, -1,
      5344, 5363, 5364, -1,
      5344, 5345, 5363, -1,
      5366, 5367, 5365, -1,
      5366, 5368, 5367, -1,
      5369, 5371, 5370, -1,
      5369, 5372, 5371, -1,
      5409, 5374, 5373, -1,
      5409, 5373, 5410, -1,
      5408, 5375, 5374, -1,
      5408, 5374, 5409, -1,
      5407, 5376, 5375, -1,
      5407, 5375, 5408, -1,
      5406, 5377, 5376, -1,
      5406, 5376, 5407, -1,
      5405, 5378, 5377, -1,
      5405, 5377, 5406, -1,
      5404, 5379, 5378, -1,
      5404, 5378, 5405, -1,
      5403, 5380, 5379, -1,
      5403, 5379, 5404, -1,
      5402, 5381, 5380, -1,
      5402, 5380, 5403, -1,
      5401, 5382, 5381, -1,
      5401, 5381, 5402, -1,
      5400, 5383, 5382, -1,
      5400, 5382, 5401, -1,
      5399, 5384, 5383, -1,
      5399, 5383, 5400, -1,
      5398, 5385, 5384, -1,
      5398, 5384, 5399, -1,
      5397, 5386, 5385, -1,
      5397, 5385, 5398, -1,
      5396, 5387, 5386, -1,
      5396, 5386, 5397, -1,
      5395, 5387, 5396, -1,
      5395, 5388, 5387, -1,
      5395, 5389, 5388, -1,
      5394, 5389, 5395, -1,
      5393, 5389, 5394, -1,
      5393, 5390, 5389, -1,
      5393, 5391, 5390, -1,
      5392, 5391, 5393, -1,
      5423, 5424, 5425, -1,
      5428, 5425, 5426, -1,
      5428, 5426, 5427, -1,
      5412, 5413, 5414, -1,
      5412, 5414, 5415, -1,
      5412, 5415, 5416, -1,
      5412, 5416, 5417, -1,
      5412, 5417, 5418, -1,
      5412, 5418, 5419, -1,
      5412, 5419, 5420, -1,
      5412, 5420, 5421, -1,
      5412, 5421, 5422, -1,
      5412, 5422, 5423, -1,
      5412, 5428, 5429, -1,
      5412, 5429, 5430, -1,
      5412, 5423, 5425, -1,
      5412, 5425, 5428, -1,
      5411, 5430, 5431, -1,
      5411, 5412, 5430, -1,
      5433, 5434, 5432, -1,
      5433, 5435, 5434, -1,
      5436, 5438, 5437, -1,
      5436, 5439, 5438, -1,
      5476, 5441, 5440, -1,
      5476, 5440, 5477, -1,
      5475, 5442, 5441, -1,
      5475, 5441, 5476, -1,
      5474, 5443, 5442, -1,
      5474, 5442, 5475, -1,
      5473, 5444, 5443, -1,
      5473, 5443, 5474, -1,
      5472, 5445, 5444, -1,
      5472, 5444, 5473, -1,
      5471, 5446, 5445, -1,
      5471, 5445, 5472, -1,
      5470, 5447, 5446, -1,
      5470, 5446, 5471, -1,
      5469, 5448, 5447, -1,
      5469, 5447, 5470, -1,
      5468, 5449, 5448, -1,
      5468, 5448, 5469, -1,
      5467, 5450, 5449, -1,
      5467, 5449, 5468, -1,
      5466, 5451, 5450, -1,
      5466, 5450, 5467, -1,
      5465, 5452, 5451, -1,
      5465, 5451, 5466, -1,
      5464, 5453, 5452, -1,
      5464, 5452, 5465, -1,
      5463, 5454, 5453, -1,
      5463, 5453, 5464, -1,
      5462, 5454, 5463, -1,
      5462, 5455, 5454, -1,
      5462, 5456, 5455, -1,
      5461, 5456, 5462, -1,
      5460, 5456, 5461, -1,
      5460, 5457, 5456, -1,
      5460, 5458, 5457, -1,
      5459, 5458, 5460, -1,
      5495, 5491, 5492, -1,
      5495, 5492, 5493, -1,
      5495, 5493, 5494, -1,
      5497, 5495, 5496, -1,
      5484, 5485, 5486, -1,
      5484, 5486, 5487, -1,
      5484, 5487, 5488, -1,
      5484, 5488, 5489, -1,
      5484, 5489, 5490, -1,
      5482, 5483, 5484, -1,
      5479, 5480, 5481, -1,
      5479, 5481, 5482, -1,
      5479, 5490, 5491, -1,
      5479, 5491, 5495, -1,
      5479, 5495, 5497, -1,
      5479, 5484, 5490, -1,
      5479, 5482, 5484, -1,
      5478, 5497, 5498, -1,
      5478, 5479, 5497, -1,
      5500, 5501, 5499, -1,
      5500, 5502, 5501, -1,
      5503, 5505, 5504, -1,
      5503, 5506, 5505, -1,
      5543, 5508, 5507, -1,
      5543, 5507, 5544, -1,
      5542, 5509, 5508, -1,
      5542, 5508, 5543, -1,
      5541, 5510, 5509, -1,
      5541, 5509, 5542, -1,
      5540, 5511, 5510, -1,
      5540, 5510, 5541, -1,
      5539, 5512, 5511, -1,
      5539, 5511, 5540, -1,
      5538, 5513, 5512, -1,
      5538, 5512, 5539, -1,
      5537, 5514, 5513, -1,
      5537, 5513, 5538, -1,
      5536, 5515, 5514, -1,
      5536, 5514, 5537, -1,
      5535, 5516, 5515, -1,
      5535, 5515, 5536, -1,
      5534, 5517, 5516, -1,
      5534, 5516, 5535, -1,
      5533, 5518, 5517, -1,
      5533, 5517, 5534, -1,
      5532, 5519, 5518, -1,
      5532, 5518, 5533, -1,
      5531, 5520, 5519, -1,
      5531, 5519, 5532, -1,
      5530, 5521, 5520, -1,
      5530, 5520, 5531, -1,
      5529, 5521, 5530, -1,
      5529, 5522, 5521, -1,
      5529, 5523, 5522, -1,
      5528, 5523, 5529, -1,
      5527, 5523, 5528, -1,
      5527, 5524, 5523, -1,
      5527, 5525, 5524, -1,
      5526, 5525, 5527, -1,
      5564, 5558, 5559, -1,
      5564, 5559, 5560, -1,
      5564, 5560, 5561, -1,
      5564, 5561, 5562, -1,
      5564, 5562, 5563, -1,
      5551, 5552, 5553, -1,
      5549, 5550, 5551, -1,
      5546, 5547, 5548, -1,
      5546, 5548, 5549, -1,
      5546, 5553, 5554, -1,
      5546, 5554, 5555, -1,
      5546, 5555, 5556, -1,
      5546, 5556, 5557, -1,
      5546, 5557, 5558, -1,
      5546, 5558, 5564, -1,
      5546, 5551, 5553, -1,
      5546, 5549, 5551, -1,
      5545, 5564, 5565, -1,
      5545, 5546, 5564, -1,
      5567, 5568, 5566, -1,
      5567, 5569, 5568, -1,
      5570, 5572, 5571, -1,
      5570, 5573, 5572, -1,
      5610, 5575, 5574, -1,
      5610, 5574, 5611, -1,
      5609, 5576, 5575, -1,
      5609, 5575, 5610, -1,
      5608, 5577, 5576, -1,
      5608, 5576, 5609, -1,
      5607, 5578, 5577, -1,
      5607, 5577, 5608, -1,
      5606, 5579, 5578, -1,
      5606, 5578, 5607, -1,
      5605, 5580, 5579, -1,
      5605, 5579, 5606, -1,
      5604, 5581, 5580, -1,
      5604, 5580, 5605, -1,
      5603, 5582, 5581, -1,
      5603, 5581, 5604, -1,
      5602, 5583, 5582, -1,
      5602, 5582, 5603, -1,
      5601, 5584, 5583, -1,
      5601, 5583, 5602, -1,
      5600, 5585, 5584, -1,
      5600, 5584, 5601, -1,
      5599, 5586, 5585, -1,
      5599, 5585, 5600, -1,
      5598, 5587, 5586, -1,
      5598, 5586, 5599, -1,
      5597, 5588, 5587, -1,
      5597, 5587, 5598, -1,
      5596, 5588, 5597, -1,
      5596, 5589, 5588, -1,
      5596, 5590, 5589, -1,
      5595, 5590, 5596, -1,
      5594, 5590, 5595, -1,
      5594, 5591, 5590, -1,
      5594, 5592, 5591, -1,
      5593, 5592, 5594, -1,
      5624, 5625, 5626, -1,
      5629, 5626, 5627, -1,
      5629, 5627, 5628, -1,
      5613, 5614, 5615, -1,
      5613, 5615, 5616, -1,
      5613, 5616, 5617, -1,
      5613, 5617, 5618, -1,
      5613, 5618, 5619, -1,
      5613, 5619, 5620, -1,
      5613, 5620, 5621, -1,
      5613, 5621, 5622, -1,
      5613, 5622, 5623, -1,
      5613, 5623, 5624, -1,
      5613, 5629, 5630, -1,
      5613, 5630, 5631, -1,
      5613, 5624, 5626, -1,
      5613, 5626, 5629, -1,
      5612, 5631, 5632, -1,
      5612, 5613, 5631, -1,
      5634, 5635, 5633, -1,
      5634, 5636, 5635, -1,
      5637, 5639, 5638, -1,
      5637, 5640, 5639, -1,
      5677, 5642, 5641, -1,
      5677, 5641, 5678, -1,
      5676, 5643, 5642, -1,
      5676, 5642, 5677, -1,
      5675, 5644, 5643, -1,
      5675, 5643, 5676, -1,
      5674, 5645, 5644, -1,
      5674, 5644, 5675, -1,
      5673, 5646, 5645, -1,
      5673, 5645, 5674, -1,
      5672, 5647, 5646, -1,
      5672, 5646, 5673, -1,
      5671, 5648, 5647, -1,
      5671, 5647, 5672, -1,
      5670, 5649, 5648, -1,
      5670, 5648, 5671, -1,
      5669, 5650, 5649, -1,
      5669, 5649, 5670, -1,
      5668, 5651, 5650, -1,
      5668, 5650, 5669, -1,
      5667, 5652, 5651, -1,
      5667, 5651, 5668, -1,
      5666, 5653, 5652, -1,
      5666, 5652, 5667, -1,
      5665, 5654, 5653, -1,
      5665, 5653, 5666, -1,
      5664, 5655, 5654, -1,
      5664, 5654, 5665, -1,
      5663, 5655, 5664, -1,
      5663, 5656, 5655, -1,
      5663, 5657, 5656, -1,
      5662, 5657, 5663, -1,
      5661, 5657, 5662, -1,
      5661, 5658, 5657, -1,
      5661, 5659, 5658, -1,
      5660, 5659, 5661, -1,
      5698, 5692, 5693, -1,
      5698, 5693, 5694, -1,
      5698, 5694, 5695, -1,
      5698, 5695, 5696, -1,
      5698, 5696, 5697, -1,
      5680, 5681, 5682, -1,
      5680, 5682, 5683, -1,
      5680, 5683, 5684, -1,
      5680, 5684, 5685, -1,
      5680, 5685, 5686, -1,
      5680, 5686, 5687, -1,
      5680, 5687, 5688, -1,
      5680, 5688, 5689, -1,
      5680, 5689, 5690, -1,
      5680, 5690, 5691, -1,
      5680, 5691, 5692, -1,
      5680, 5692, 5698, -1,
      5679, 5698, 5699, -1,
      5679, 5680, 5698, -1,
      5701, 5702, 5700, -1,
      5701, 5703, 5702, -1,
      5709, 5705, 5704, -1,
      5706, 5705, 5709, -1,
      5707, 5709, 5708, -1,
      5707, 5706, 5709, -1,
      5713, 5710, 5711, -1,
      5713, 5712, 5710, -1,
      5718, 5719, 5714, -1,
      5715, 5718, 5714, -1,
      5716, 5717, 5718, -1,
      5716, 5718, 5715, -1,
      5721, 5723, 5722, -1,
      5721, 5720, 5723, -1,
      5727, 5724, 5725, -1,
      5727, 5726, 5724, -1,
      5729, 5731, 5730, -1,
      5729, 5728, 5731, -1,
      5736, 5737, 5732, -1,
      5733, 5736, 5732, -1,
      5734, 5735, 5736, -1,
      5734, 5736, 5733, -1,
      5739, 5738, 5740, -1,
      5739, 5740, 5741, -1,
      5747, 5743, 5742, -1,
      5744, 5743, 5747, -1,
      5745, 5747, 5746, -1,
      5745, 5744, 5747, -1,
      5750, 5748, 5749, -1,
      5750, 5751, 5748, -1,
      5753, 5752, 5754, -1,
      5753, 5754, 5755, -1,
      5758, 5756, 5757, -1,
      5758, 5759, 5756, -1,
      5761, 5760, 5762, -1,
      5761, 5762, 5763, -1,
      5785, 5765, 5764, -1,
      5785, 5766, 5765, -1,
      5786, 5767, 5766, -1,
      5786, 5766, 5785, -1,
      5787, 5768, 5767, -1,
      5787, 5767, 5786, -1,
      5788, 5769, 5768, -1,
      5788, 5768, 5787, -1,
      5789, 5770, 5769, -1,
      5789, 5769, 5788, -1,
      5790, 5771, 5770, -1,
      5790, 5770, 5789, -1,
      5791, 5772, 5771, -1,
      5791, 5771, 5790, -1,
      5792, 5773, 5772, -1,
      5792, 5772, 5791, -1,
      5793, 5774, 5773, -1,
      5793, 5773, 5792, -1,
      5794, 5775, 5774, -1,
      5794, 5774, 5793, -1,
      5795, 5776, 5775, -1,
      5795, 5775, 5794, -1,
      5796, 5777, 5776, -1,
      5796, 5776, 5795, -1,
      5797, 5778, 5777, -1,
      5797, 5777, 5796, -1,
      5798, 5779, 5778, -1,
      5798, 5778, 5797, -1,
      5799, 5779, 5798, -1,
      5799, 5780, 5779, -1,
      5799, 5781, 5780, -1,
      5800, 5781, 5799, -1,
      5801, 5781, 5800, -1,
      5801, 5782, 5781, -1,
      5784, 5782, 5801, -1,
      5784, 5783, 5782, -1,
      5804, 5802, 5803, -1,
      5804, 5805, 5802, -1,
      5814, 5812, 5813, -1,
      5819, 5814, 5815, -1,
      5819, 5815, 5816, -1,
      5819, 5816, 5817, -1,
      5819, 5817, 5818, -1,
      5821, 5819, 5820, -1,
      5823, 5810, 5811, -1,
      5823, 5811, 5812, -1,
      5823, 5821, 5822, -1,
      5823, 5812, 5814, -1,
      5823, 5814, 5819, -1,
      5823, 5819, 5821, -1,
      5825, 5807, 5808, -1,
      5825, 5808, 5809, -1,
      5825, 5809, 5810, -1,
      5825, 5823, 5824, -1,
      5825, 5810, 5823, -1,
      5826, 5806, 5807, -1,
      5826, 5807, 5825, -1,
      5828, 5827, 5829, -1,
      5828, 5829, 5830, -1,
      5852, 5832, 5831, -1,
      5852, 5833, 5832, -1,
      5853, 5834, 5833, -1,
      5853, 5833, 5852, -1,
      5854, 5835, 5834, -1,
      5854, 5834, 5853, -1,
      5855, 5836, 5835, -1,
      5855, 5835, 5854, -1,
      5856, 5837, 5836, -1,
      5856, 5836, 5855, -1,
      5857, 5838, 5837, -1,
      5857, 5837, 5856, -1,
      5858, 5839, 5838, -1,
      5858, 5838, 5857, -1,
      5859, 5840, 5839, -1,
      5859, 5839, 5858, -1,
      5860, 5841, 5840, -1,
      5860, 5840, 5859, -1,
      5861, 5842, 5841, -1,
      5861, 5841, 5860, -1,
      5862, 5843, 5842, -1,
      5862, 5842, 5861, -1,
      5863, 5844, 5843, -1,
      5863, 5843, 5862, -1,
      5864, 5845, 5844, -1,
      5864, 5844, 5863, -1,
      5865, 5846, 5845, -1,
      5865, 5845, 5864, -1,
      5866, 5846, 5865, -1,
      5866, 5847, 5846, -1,
      5866, 5848, 5847, -1,
      5867, 5848, 5866, -1,
      5868, 5848, 5867, -1,
      5868, 5849, 5848, -1,
      5851, 5849, 5868, -1,
      5851, 5850, 5849, -1,
      5871, 5869, 5870, -1,
      5871, 5872, 5869, -1,
      5875, 5876, 5877, -1,
      5886, 5881, 5882, -1,
      5886, 5882, 5883, -1,
      5886, 5883, 5884, -1,
      5886, 5884, 5885, -1,
      5890, 5886, 5887, -1,
      5890, 5887, 5888, -1,
      5890, 5888, 5889, -1,
      5892, 5874, 5875, -1,
      5892, 5877, 5878, -1,
      5892, 5878, 5879, -1,
      5892, 5879, 5880, -1,
      5892, 5880, 5881, -1,
      5892, 5890, 5891, -1,
      5892, 5881, 5886, -1,
      5892, 5875, 5877, -1,
      5892, 5886, 5890, -1,
      5893, 5873, 5874, -1,
      5893, 5874, 5892, -1,
      5895, 5894, 5896, -1,
      5895, 5896, 5897, -1,
      5919, 5899, 5898, -1,
      5919, 5900, 5899, -1,
      5920, 5901, 5900, -1,
      5920, 5900, 5919, -1,
      5921, 5902, 5901, -1,
      5921, 5901, 5920, -1,
      5922, 5903, 5902, -1,
      5922, 5902, 5921, -1,
      5923, 5904, 5903, -1,
      5923, 5903, 5922, -1,
      5924, 5905, 5904, -1,
      5924, 5904, 5923, -1,
      5925, 5906, 5905, -1,
      5925, 5905, 5924, -1,
      5926, 5907, 5906, -1,
      5926, 5906, 5925, -1,
      5927, 5908, 5907, -1,
      5927, 5907, 5926, -1,
      5928, 5909, 5908, -1,
      5928, 5908, 5927, -1,
      5929, 5910, 5909, -1,
      5929, 5909, 5928, -1,
      5930, 5911, 5910, -1,
      5930, 5910, 5929, -1,
      5931, 5912, 5911, -1,
      5931, 5911, 5930, -1,
      5932, 5913, 5912, -1,
      5932, 5912, 5931, -1,
      5933, 5913, 5932, -1,
      5933, 5914, 5913, -1,
      5933, 5915, 5914, -1,
      5934, 5915, 5933, -1,
      5935, 5915, 5934, -1,
      5935, 5916, 5915, -1,
      5918, 5916, 5935, -1,
      5918, 5917, 5916, -1,
      5938, 5936, 5937, -1,
      5938, 5939, 5936, -1,
      5942, 5943, 5944, -1,
      5941, 5942, 5944, -1,
      5953, 5951, 5952, -1,
      5959, 5944, 5945, -1,
      5959, 5945, 5946, -1,
      5959, 5946, 5947, -1,
      5959, 5947, 5948, -1,
      5959, 5948, 5949, -1,
      5959, 5949, 5950, -1,
      5959, 5950, 5951, -1,
      5959, 5953, 5954, -1,
      5959, 5954, 5955, -1,
      5959, 5955, 5956, -1,
      5959, 5956, 5957, -1,
      5959, 5957, 5958, -1,
      5959, 5951, 5953, -1,
      5959, 5941, 5944, -1,
      5960, 5940, 5941, -1,
      5960, 5941, 5959, -1,
      5962, 5961, 5963, -1,
      5962, 5963, 5964, -1,
      5986, 5966, 5965, -1,
      5986, 5967, 5966, -1,
      5987, 5968, 5967, -1,
      5987, 5967, 5986, -1,
      5988, 5969, 5968, -1,
      5988, 5968, 5987, -1,
      5989, 5970, 5969, -1,
      5989, 5969, 5988, -1,
      5990, 5971, 5970, -1,
      5990, 5970, 5989, -1,
      5991, 5972, 5971, -1,
      5991, 5971, 5990, -1,
      5992, 5973, 5972, -1,
      5992, 5972, 5991, -1,
      5993, 5974, 5973, -1,
      5993, 5973, 5992, -1,
      5994, 5975, 5974, -1,
      5994, 5974, 5993, -1,
      5995, 5976, 5975, -1,
      5995, 5975, 5994, -1,
      5996, 5977, 5976, -1,
      5996, 5976, 5995, -1,
      5997, 5978, 5977, -1,
      5997, 5977, 5996, -1,
      5998, 5979, 5978, -1,
      5998, 5978, 5997, -1,
      5999, 5980, 5979, -1,
      5999, 5979, 5998, -1,
      6000, 5980, 5999, -1,
      6000, 5981, 5980, -1,
      6000, 5982, 5981, -1,
      6001, 5982, 6000, -1,
      6002, 5982, 6001, -1,
      6002, 5983, 5982, -1,
      5985, 5983, 6002, -1,
      5985, 5984, 5983, -1,
      6005, 6003, 6004, -1,
      6005, 6006, 6003, -1,
      6008, 6009, 6010, -1,
      6008, 6010, 6011, -1,
      6008, 6011, 6012, -1,
      6021, 6018, 6019, -1,
      6021, 6019, 6020, -1,
      6026, 6012, 6013, -1,
      6026, 6013, 6014, -1,
      6026, 6014, 6015, -1,
      6026, 6015, 6016, -1,
      6026, 6016, 6017, -1,
      6026, 6017, 6018, -1,
      6026, 6021, 6022, -1,
      6026, 6022, 6023, -1,
      6026, 6023, 6024, -1,
      6026, 6024, 6025, -1,
      6026, 6008, 6012, -1,
      6026, 6018, 6021, -1,
      6027, 6007, 6008, -1,
      6027, 6008, 6026, -1,
      6029, 6028, 6030, -1,
      6029, 6030, 6031, -1,
      6053, 6033, 6032, -1,
      6053, 6034, 6033, -1,
      6054, 6035, 6034, -1,
      6054, 6034, 6053, -1,
      6055, 6036, 6035, -1,
      6055, 6035, 6054, -1,
      6056, 6037, 6036, -1,
      6056, 6036, 6055, -1,
      6057, 6038, 6037, -1,
      6057, 6037, 6056, -1,
      6058, 6039, 6038, -1,
      6058, 6038, 6057, -1,
      6059, 6040, 6039, -1,
      6059, 6039, 6058, -1,
      6060, 6041, 6040, -1,
      6060, 6040, 6059, -1,
      6061, 6042, 6041, -1,
      6061, 6041, 6060, -1,
      6062, 6043, 6042, -1,
      6062, 6042, 6061, -1,
      6063, 6044, 6043, -1,
      6063, 6043, 6062, -1,
      6064, 6045, 6044, -1,
      6064, 6044, 6063, -1,
      6065, 6046, 6045, -1,
      6065, 6045, 6064, -1,
      6066, 6047, 6046, -1,
      6066, 6046, 6065, -1,
      6067, 6047, 6066, -1,
      6067, 6048, 6047, -1,
      6067, 6049, 6048, -1,
      6068, 6049, 6067, -1,
      6069, 6049, 6068, -1,
      6069, 6050, 6049, -1,
      6052, 6050, 6069, -1,
      6052, 6051, 6050, -1,
      6072, 6070, 6071, -1,
      6072, 6073, 6070, -1,
      6075, 6076, 6077, -1,
      6085, 6083, 6084, -1,
      6089, 6087, 6088, -1,
      6093, 6077, 6078, -1,
      6093, 6078, 6079, -1,
      6093, 6079, 6080, -1,
      6093, 6080, 6081, -1,
      6093, 6081, 6082, -1,
      6093, 6082, 6083, -1,
      6093, 6085, 6086, -1,
      6093, 6086, 6087, -1,
      6093, 6089, 6090, -1,
      6093, 6090, 6091, -1,
      6093, 6091, 6092, -1,
      6093, 6083, 6085, -1,
      6093, 6087, 6089, -1,
      6093, 6075, 6077, -1,
      6094, 6074, 6075, -1,
      6094, 6075, 6093, -1,
      6096, 6095, 6097, -1,
      6096, 6097, 6098, -1,
      6120, 6100, 6099, -1,
      6120, 6101, 6100, -1,
      6121, 6102, 6101, -1,
      6121, 6101, 6120, -1,
      6122, 6103, 6102, -1,
      6122, 6102, 6121, -1,
      6123, 6104, 6103, -1,
      6123, 6103, 6122, -1,
      6124, 6105, 6104, -1,
      6124, 6104, 6123, -1,
      6125, 6106, 6105, -1,
      6125, 6105, 6124, -1,
      6126, 6107, 6106, -1,
      6126, 6106, 6125, -1,
      6127, 6108, 6107, -1,
      6127, 6107, 6126, -1,
      6128, 6109, 6108, -1,
      6128, 6108, 6127, -1,
      6129, 6110, 6109, -1,
      6129, 6109, 6128, -1,
      6130, 6111, 6110, -1,
      6130, 6110, 6129, -1,
      6131, 6112, 6111, -1,
      6131, 6111, 6130, -1,
      6132, 6113, 6112, -1,
      6132, 6112, 6131, -1,
      6133, 6114, 6113, -1,
      6133, 6113, 6132, -1,
      6134, 6114, 6133, -1,
      6134, 6115, 6114, -1,
      6134, 6116, 6115, -1,
      6135, 6116, 6134, -1,
      6136, 6116, 6135, -1,
      6136, 6117, 6116, -1,
      6119, 6117, 6136, -1,
      6119, 6118, 6117, -1,
      6139, 6137, 6138, -1,
      6139, 6140, 6137, -1,
      6142, 6143, 6144, -1,
      6152, 6150, 6151, -1,
      6160, 6144, 6145, -1,
      6160, 6145, 6146, -1,
      6160, 6146, 6147, -1,
      6160, 6147, 6148, -1,
      6160, 6148, 6149, -1,
      6160, 6149, 6150, -1,
      6160, 6152, 6153, -1,
      6160, 6153, 6154, -1,
      6160, 6154, 6155, -1,
      6160, 6155, 6156, -1,
      6160, 6156, 6157, -1,
      6160, 6157, 6158, -1,
      6160, 6158, 6159, -1,
      6160, 6142, 6144, -1,
      6160, 6150, 6152, -1,
      6161, 6141, 6142, -1,
      6161, 6142, 6160, -1,
      6163, 6162, 6164, -1,
      6163, 6164, 6165, -1,
      6187, 6167, 6166, -1,
      6187, 6168, 6167, -1,
      6188, 6169, 6168, -1,
      6188, 6168, 6187, -1,
      6189, 6170, 6169, -1,
      6189, 6169, 6188, -1,
      6190, 6171, 6170, -1,
      6190, 6170, 6189, -1,
      6191, 6172, 6171, -1,
      6191, 6171, 6190, -1,
      6192, 6173, 6172, -1,
      6192, 6172, 6191, -1,
      6193, 6174, 6173, -1,
      6193, 6173, 6192, -1,
      6194, 6175, 6174, -1,
      6194, 6174, 6193, -1,
      6195, 6176, 6175, -1,
      6195, 6175, 6194, -1,
      6196, 6177, 6176, -1,
      6196, 6176, 6195, -1,
      6197, 6178, 6177, -1,
      6197, 6177, 6196, -1,
      6198, 6179, 6178, -1,
      6198, 6178, 6197, -1,
      6199, 6180, 6179, -1,
      6199, 6179, 6198, -1,
      6200, 6181, 6180, -1,
      6200, 6180, 6199, -1,
      6201, 6181, 6200, -1,
      6201, 6182, 6181, -1,
      6201, 6183, 6182, -1,
      6202, 6183, 6201, -1,
      6203, 6183, 6202, -1,
      6203, 6184, 6183, -1,
      6186, 6184, 6203, -1,
      6186, 6185, 6184, -1,
      6206, 6204, 6205, -1,
      6206, 6207, 6204, -1,
      6227, 6209, 6210, -1,
      6227, 6210, 6211, -1,
      6227, 6211, 6212, -1,
      6227, 6212, 6213, -1,
      6227, 6213, 6214, -1,
      6227, 6214, 6215, -1,
      6227, 6215, 6216, -1,
      6227, 6216, 6217, -1,
      6227, 6217, 6218, -1,
      6227, 6218, 6219, -1,
      6227, 6219, 6220, -1,
      6227, 6220, 6221, -1,
      6227, 6221, 6222, -1,
      6227, 6222, 6223, -1,
      6227, 6223, 6224, -1,
      6227, 6224, 6225, -1,
      6227, 6225, 6226, -1,
      6228, 6208, 6209, -1,
      6228, 6209, 6227, -1,
      6230, 6229, 6231, -1,
      6230, 6231, 6232, -1,
      6254, 6234, 6233, -1,
      6254, 6235, 6234, -1,
      6255, 6236, 6235, -1,
      6255, 6235, 6254, -1,
      6256, 6237, 6236, -1,
      6256, 6236, 6255, -1,
      6257, 6238, 6237, -1,
      6257, 6237, 6256, -1,
      6258, 6239, 6238, -1,
      6258, 6238, 6257, -1,
      6259, 6240, 6239, -1,
      6259, 6239, 6258, -1,
      6260, 6241, 6240, -1,
      6260, 6240, 6259, -1,
      6261, 6242, 6241, -1,
      6261, 6241, 6260, -1,
      6262, 6243, 6242, -1,
      6262, 6242, 6261, -1,
      6263, 6244, 6243, -1,
      6263, 6243, 6262, -1,
      6264, 6245, 6244, -1,
      6264, 6244, 6263, -1,
      6265, 6246, 6245, -1,
      6265, 6245, 6264, -1,
      6266, 6247, 6246, -1,
      6266, 6246, 6265, -1,
      6267, 6248, 6247, -1,
      6267, 6247, 6266, -1,
      6268, 6248, 6267, -1,
      6268, 6249, 6248, -1,
      6268, 6250, 6249, -1,
      6269, 6250, 6268, -1,
      6270, 6250, 6269, -1,
      6270, 6251, 6250, -1,
      6253, 6251, 6270, -1,
      6253, 6252, 6251, -1,
      6273, 6271, 6272, -1,
      6273, 6274, 6271, -1,
      6276, 6277, 6278, -1,
      6286, 6284, 6285, -1,
      6294, 6278, 6279, -1,
      6294, 6279, 6280, -1,
      6294, 6280, 6281, -1,
      6294, 6281, 6282, -1,
      6294, 6282, 6283, -1,
      6294, 6283, 6284, -1,
      6294, 6286, 6287, -1,
      6294, 6287, 6288, -1,
      6294, 6288, 6289, -1,
      6294, 6289, 6290, -1,
      6294, 6290, 6291, -1,
      6294, 6291, 6292, -1,
      6294, 6292, 6293, -1,
      6294, 6276, 6278, -1,
      6294, 6284, 6286, -1,
      6295, 6275, 6276, -1,
      6295, 6276, 6294, -1,
      6297, 6296, 6298, -1,
      6297, 6298, 6299, -1,
      6321, 6301, 6300, -1,
      6321, 6302, 6301, -1,
      6322, 6303, 6302, -1,
      6322, 6302, 6321, -1,
      6323, 6304, 6303, -1,
      6323, 6303, 6322, -1,
      6324, 6305, 6304, -1,
      6324, 6304, 6323, -1,
      6325, 6306, 6305, -1,
      6325, 6305, 6324, -1,
      6326, 6307, 6306, -1,
      6326, 6306, 6325, -1,
      6327, 6308, 6307, -1,
      6327, 6307, 6326, -1,
      6328, 6309, 6308, -1,
      6328, 6308, 6327, -1,
      6329, 6310, 6309, -1,
      6329, 6309, 6328, -1,
      6330, 6311, 6310, -1,
      6330, 6310, 6329, -1,
      6331, 6312, 6311, -1,
      6331, 6311, 6330, -1,
      6332, 6313, 6312, -1,
      6332, 6312, 6331, -1,
      6333, 6314, 6313, -1,
      6333, 6313, 6332, -1,
      6334, 6315, 6314, -1,
      6334, 6314, 6333, -1,
      6335, 6315, 6334, -1,
      6335, 6316, 6315, -1,
      6335, 6317, 6316, -1,
      6336, 6317, 6335, -1,
      6337, 6317, 6336, -1,
      6337, 6318, 6317, -1,
      6320, 6318, 6337, -1,
      6320, 6319, 6318, -1,
      6340, 6338, 6339, -1,
      6340, 6341, 6338, -1,
      6343, 6344, 6345, -1,
      6353, 6351, 6352, -1,
      6361, 6345, 6346, -1,
      6361, 6346, 6347, -1,
      6361, 6347, 6348, -1,
      6361, 6348, 6349, -1,
      6361, 6349, 6350, -1,
      6361, 6350, 6351, -1,
      6361, 6353, 6354, -1,
      6361, 6354, 6355, -1,
      6361, 6355, 6356, -1,
      6361, 6356, 6357, -1,
      6361, 6357, 6358, -1,
      6361, 6358, 6359, -1,
      6361, 6359, 6360, -1,
      6361, 6351, 6353, -1,
      6361, 6343, 6345, -1,
      6362, 6342, 6343, -1,
      6362, 6343, 6361, -1,
      6364, 6363, 6365, -1,
      6364, 6365, 6366, -1,
      6388, 6368, 6367, -1,
      6388, 6369, 6368, -1,
      6389, 6370, 6369, -1,
      6389, 6369, 6388, -1,
      6390, 6371, 6370, -1,
      6390, 6370, 6389, -1,
      6391, 6372, 6371, -1,
      6391, 6371, 6390, -1,
      6392, 6373, 6372, -1,
      6392, 6372, 6391, -1,
      6393, 6374, 6373, -1,
      6393, 6373, 6392, -1,
      6394, 6375, 6374, -1,
      6394, 6374, 6393, -1,
      6395, 6376, 6375, -1,
      6395, 6375, 6394, -1,
      6396, 6377, 6376, -1,
      6396, 6376, 6395, -1,
      6397, 6378, 6377, -1,
      6397, 6377, 6396, -1,
      6398, 6379, 6378, -1,
      6398, 6378, 6397, -1,
      6399, 6380, 6379, -1,
      6399, 6379, 6398, -1,
      6400, 6381, 6380, -1,
      6400, 6380, 6399, -1,
      6401, 6382, 6381, -1,
      6401, 6381, 6400, -1,
      6402, 6382, 6401, -1,
      6402, 6383, 6382, -1,
      6402, 6384, 6383, -1,
      6403, 6384, 6402, -1,
      6404, 6384, 6403, -1,
      6404, 6385, 6384, -1,
      6387, 6385, 6404, -1,
      6387, 6386, 6385, -1,
      6407, 6405, 6406, -1,
      6407, 6408, 6405, -1,
      6410, 6411, 6412, -1,
      6410, 6412, 6413, -1,
      6410, 6413, 6414, -1,
      6422, 6420, 6421, -1,
      6428, 6414, 6415, -1,
      6428, 6415, 6416, -1,
      6428, 6416, 6417, -1,
      6428, 6417, 6418, -1,
      6428, 6418, 6419, -1,
      6428, 6419, 6420, -1,
      6428, 6422, 6423, -1,
      6428, 6423, 6424, -1,
      6428, 6424, 6425, -1,
      6428, 6425, 6426, -1,
      6428, 6426, 6427, -1,
      6428, 6410, 6414, -1,
      6428, 6420, 6422, -1,
      6429, 6409, 6410, -1,
      6429, 6410, 6428, -1,
      6431, 6430, 6432, -1,
      6431, 6432, 6433, -1,
      6455, 6435, 6434, -1,
      6455, 6436, 6435, -1,
      6456, 6437, 6436, -1,
      6456, 6436, 6455, -1,
      6457, 6438, 6437, -1,
      6457, 6437, 6456, -1,
      6458, 6439, 6438, -1,
      6458, 6438, 6457, -1,
      6459, 6440, 6439, -1,
      6459, 6439, 6458, -1,
      6460, 6441, 6440, -1,
      6460, 6440, 6459, -1,
      6461, 6442, 6441, -1,
      6461, 6441, 6460, -1,
      6462, 6443, 6442, -1,
      6462, 6442, 6461, -1,
      6463, 6444, 6443, -1,
      6463, 6443, 6462, -1,
      6464, 6445, 6444, -1,
      6464, 6444, 6463, -1,
      6465, 6446, 6445, -1,
      6465, 6445, 6464, -1,
      6466, 6447, 6446, -1,
      6466, 6446, 6465, -1,
      6467, 6448, 6447, -1,
      6467, 6447, 6466, -1,
      6468, 6449, 6448, -1,
      6468, 6448, 6467, -1,
      6469, 6449, 6468, -1,
      6469, 6450, 6449, -1,
      6469, 6451, 6450, -1,
      6470, 6451, 6469, -1,
      6471, 6451, 6470, -1,
      6471, 6452, 6451, -1,
      6454, 6452, 6471, -1,
      6454, 6453, 6452, -1,
      6474, 6472, 6473, -1,
      6474, 6475, 6472, -1,
      6478, 6479, 6480, -1,
      6490, 6487, 6488, -1,
      6490, 6488, 6489, -1,
      6495, 6477, 6478, -1,
      6495, 6480, 6481, -1,
      6495, 6481, 6482, -1,
      6495, 6482, 6483, -1,
      6495, 6483, 6484, -1,
      6495, 6484, 6485, -1,
      6495, 6485, 6486, -1,
      6495, 6486, 6487, -1,
      6495, 6490, 6491, -1,
      6495, 6491, 6492, -1,
      6495, 6492, 6493, -1,
      6495, 6493, 6494, -1,
      6495, 6478, 6480, -1,
      6495, 6487, 6490, -1,
      6496, 6476, 6477, -1,
      6496, 6477, 6495, -1,
      6498, 6497, 6499, -1,
      6498, 6499, 6500, -1,
      6522, 6502, 6501, -1,
      6522, 6503, 6502, -1,
      6523, 6504, 6503, -1,
      6523, 6503, 6522, -1,
      6524, 6505, 6504, -1,
      6524, 6504, 6523, -1,
      6525, 6506, 6505, -1,
      6525, 6505, 6524, -1,
      6526, 6507, 6506, -1,
      6526, 6506, 6525, -1,
      6527, 6508, 6507, -1,
      6527, 6507, 6526, -1,
      6528, 6509, 6508, -1,
      6528, 6508, 6527, -1,
      6529, 6510, 6509, -1,
      6529, 6509, 6528, -1,
      6530, 6511, 6510, -1,
      6530, 6510, 6529, -1,
      6531, 6512, 6511, -1,
      6531, 6511, 6530, -1,
      6532, 6513, 6512, -1,
      6532, 6512, 6531, -1,
      6533, 6514, 6513, -1,
      6533, 6513, 6532, -1,
      6534, 6515, 6514, -1,
      6534, 6514, 6533, -1,
      6535, 6516, 6515, -1,
      6535, 6515, 6534, -1,
      6536, 6516, 6535, -1,
      6536, 6517, 6516, -1,
      6536, 6518, 6517, -1,
      6537, 6518, 6536, -1,
      6538, 6518, 6537, -1,
      6538, 6519, 6518, -1,
      6521, 6519, 6538, -1,
      6521, 6520, 6519, -1,
      6541, 6539, 6540, -1,
      6541, 6542, 6539, -1,
      6551, 6549, 6550, -1,
      6557, 6554, 6555, -1,
      6557, 6555, 6556, -1,
      6560, 6557, 6558, -1,
      6560, 6558, 6559, -1,
      6562, 6544, 6545, -1,
      6562, 6545, 6546, -1,
      6562, 6546, 6547, -1,
      6562, 6547, 6548, -1,
      6562, 6548, 6549, -1,
      6562, 6551, 6552, -1,
      6562, 6552, 6553, -1,
      6562, 6553, 6554, -1,
      6562, 6560, 6561, -1,
      6562, 6549, 6551, -1,
      6562, 6554, 6557, -1,
      6562, 6557, 6560, -1,
      6563, 6543, 6544, -1,
      6563, 6544, 6562, -1,
      6566, 6568, 6567, -1,
      6569, 6568, 6566, -1,
      6565, 6566, 6564, -1,
      6565, 6569, 6566, -1,
      6573, 6570, 6571, -1,
      6573, 6572, 6570, -1,
      6575, 6576, 6577, -1,
      6578, 6575, 6577, -1,
      6579, 6574, 6575, -1,
      6579, 6575, 6578, -1,
      6581, 6583, 6582, -1,
      6581, 6580, 6583, -1,
      6587, 6584, 6585, -1,
      6587, 6586, 6584, -1,
      6589, 6591, 6590, -1,
      6589, 6588, 6591, -1,
      6595, 6592, 6593, -1,
      6595, 6593, 6594, -1,
      6608, 6597, 6596, -1,
      6608, 6596, 6607, -1,
      6609, 6598, 6597, -1,
      6609, 6597, 6608, -1,
      6610, 6599, 6598, -1,
      6610, 6598, 6609, -1,
      6611, 6600, 6599, -1,
      6611, 6599, 6610, -1,
      6612, 6601, 6600, -1,
      6612, 6600, 6611, -1,
      6613, 6602, 6601, -1,
      6613, 6601, 6612, -1,
      6614, 6603, 6602, -1,
      6614, 6602, 6613, -1,
      6615, 6604, 6603, -1,
      6615, 6603, 6614, -1,
      6606, 6605, 6604, -1,
      6606, 6604, 6615, -1,
      6619, 6616, 6617, -1,
      6619, 6617, 6618, -1,
      6632, 6621, 6620, -1,
      6632, 6620, 6631, -1,
      6633, 6622, 6621, -1,
      6633, 6621, 6632, -1,
      6634, 6623, 6622, -1,
      6634, 6622, 6633, -1,
      6635, 6624, 6623, -1,
      6635, 6623, 6634, -1,
      6636, 6625, 6624, -1,
      6636, 6624, 6635, -1,
      6637, 6626, 6625, -1,
      6637, 6625, 6636, -1,
      6638, 6627, 6626, -1,
      6638, 6626, 6637, -1,
      6639, 6628, 6627, -1,
      6639, 6627, 6638, -1,
      6630, 6629, 6628, -1,
      6630, 6628, 6639, -1,
      6643, 6640, 6641, -1,
      6643, 6641, 6642, -1,
      6673, 6644, 6645, -1,
      6673, 6646, 6644, -1,
      6652, 6651, 6650, -1,
      6653, 6650, 6649, -1,
      6653, 6652, 6650, -1,
      6655, 6647, 6646, -1,
      6655, 6648, 6647, -1,
      6655, 6649, 6648, -1,
      6655, 6654, 6653, -1,
      6655, 6646, 6673, -1,
      6655, 6653, 6649, -1,
      6672, 6655, 6673, -1,
      6669, 6671, 6670, -1,
      6669, 6672, 6671, -1,
      6666, 6668, 6667, -1,
      6665, 6668, 6666, -1,
      6656, 6669, 6668, -1,
      6656, 6672, 6669, -1,
      6656, 6668, 6665, -1,
      6656, 6655, 6672, -1,
      6658, 6657, 6656, -1,
      6662, 6664, 6663, -1,
      6662, 6665, 6664, -1,
      6660, 6659, 6658, -1,
      6661, 6656, 6665, -1,
      6661, 6658, 6656, -1,
      6661, 6665, 6662, -1,
      6661, 6660, 6658, -1,
      6677, 6674, 6675, -1,
      6677, 6675, 6676, -1,
      6681, 6678, 6679, -1,
      6681, 6679, 6680, -1,
      6685, 6682, 6683, -1,
      6685, 6683, 6684, -1,
      6689, 6686, 6687, -1,
      6689, 6687, 6688, -1,
      6693, 6690, 6691, -1,
      6693, 6691, 6692, -1,
      6697, 6694, 6695, -1,
      6697, 6695, 6696, -1,
      6702, 6703, 6698, -1,
      6699, 6702, 6698, -1,
      6700, 6701, 6702, -1,
      6700, 6702, 6699, -1,
      6705, 6704, 6706, -1,
      6705, 6706, 6707, -1,
      6713, 6709, 6708, -1,
      6710, 6709, 6713, -1,
      6711, 6713, 6712, -1,
      6711, 6710, 6713, -1,
      6716, 6714, 6715, -1,
      6716, 6717, 6714, -1,
      6719, 6718, 6720, -1,
      6719, 6720, 6721, -1,
      6724, 6722, 6723, -1,
      6724, 6725, 6722, -1,
    ]
  }
}
