#VRML V2.0 utf8
Shape {
  appearance Appearance { material Material { diffuseColor 0.68 0.70 0.72 specularColor 0.35 0.35 0.35 shininess 0.55 } }
  geometry IndexedFaceSet {
    solid FALSE
    coord Coordinate { point [
      -0.59055119 0.31496062 0.0098425197,
      -0.43307086 0.31496062 0.0098425197,
      -0.59055119 0.21653543 0.0098425197,
      -0.47204726 0.21653543 0.0098425197,
      -0.43307086 0.17755906 0.0098425197,
      -0.43366302 0.18432723 0.0098425197,
      -0.43542144 0.19088977 0.0098425197,
      -0.43829273 0.19704725 0.0098425197,
      -0.44218962 0.20261259 0.0098425197,
      -0.44699372 0.2074167 0.0098425197,
      -0.45255906 0.21131359 0.0098425197,
      -0.45871652 0.21418487 0.0098425197,
      -0.46527909 0.21594329 0.0098425197,
      -0.43307086 0.17677166 0.0098425197,
      -0.47204726 0.13779527 0.0098425197,
      -0.46527909 0.13838742 0.0098425197,
      -0.45871652 0.14014584 0.0098425197,
      -0.45255906 0.14301712 0.0098425197,
      -0.44699372 0.14691402 0.0098425197,
      -0.44218962 0.15171812 0.0098425197,
      -0.43829273 0.15728346 0.0098425197,
      -0.43542144 0.16344095 0.0098425197,
      -0.43366302 0.17000347 0.0098425197,
      -0.59055119 0.13779527 0.0098425197,
      -0.59055119 0.039370078 0.0098425197,
      -0.47204726 0.039370078 0.0098425197,
      -0.43307086 0.00039370079 0.0098425197,
      -0.43366302 0.0071618776 0.0098425197,
      -0.43542144 0.013724407 0.0098425197,
      -0.43829273 0.019881889 0.0098425197,
      -0.44218962 0.025447235 0.0098425197,
      -0.44699372 0.030251338 0.0098425197,
      -0.45255906 0.034148235 0.0098425197,
      -0.45871652 0.037019517 0.0098425197,
      -0.46527909 0.038777941 0.0098425197,
      -0.43307086 -0.00039370079 0.0098425197,
      -0.47204726 -0.039370078 0.0098425197,
      -0.46527909 -0.038777941 0.0098425197,
      -0.45871652 -0.037019517 0.0098425197,
      -0.45255906 -0.034148235 0.0098425197,
      -0.44699372 -0.030251338 0.0098425197,
      -0.44218962 -0.025447235 0.0098425197,
      -0.43829273 -0.019881889 0.0098425197,
      -0.43542144 -0.013724407 0.0098425197,
      -0.43366302 -0.0071618776 0.0098425197,
      -0.59055119 -0.039370078 0.0098425197,
      -0.59055119 -0.13779527 0.0098425197,
      -0.47204726 -0.13779527 0.0098425197,
      -0.43307086 -0.17677166 0.0098425197,
      -0.43366302 -0.17000347 0.0098425197,
      -0.43542144 -0.16344095 0.0098425197,
      -0.43829273 -0.15728346 0.0098425197,
      -0.44218962 -0.15171812 0.0098425197,
      -0.44699372 -0.14691402 0.0098425197,
      -0.45255906 -0.14301712 0.0098425197,
      -0.45871652 -0.14014584 0.0098425197,
      -0.46527909 -0.13838742 0.0098425197,
      -0.43307086 -0.17755906 0.0098425197,
      -0.47204726 -0.21653543 0.0098425197,
      -0.46527909 -0.21594329 0.0098425197,
      -0.45871652 -0.21418487 0.0098425197,
      -0.45255906 -0.21131359 0.0098425197,
      -0.44699372 -0.2074167 0.0098425197,
      -0.44218962 -0.20261259 0.0098425197,
      -0.43829273 -0.19704725 0.0098425197,
      -0.43542144 -0.19088977 0.0098425197,
      -0.43366302 -0.18432723 0.0098425197,
      -0.59055119 -0.21653543 0.0098425197,
      -0.59055119 -0.31496062 0.0098425197,
      -0.43307086 -0.31496062 0.0098425197,
      -0.43307086 -0.36220473 0.0098425197,
      -0.46456694 -0.39370081 0.0098425197,
      -0.59055119 -0.39370081 0.0098425197,
      -0.59055119 -0.59055119 0.0098425197,
      -0.39370081 -0.59055119 0.0098425197,
      -0.39370081 -0.46456694 0.0098425197,
      -0.36220473 -0.43307086 0.0098425197,
      -0.31496062 -0.43307086 0.0098425197,
      -0.31496062 -0.59055119 0.0098425197,
      -0.21653543 -0.59055119 0.0098425197,
      -0.21653543 -0.47204726 0.0098425197,
      -0.21594329 -0.46527909 0.0098425197,
      -0.21418487 -0.45871652 0.0098425197,
      -0.21131359 -0.45255906 0.0098425197,
      -0.2074167 -0.44699372 0.0098425197,
      -0.20261259 -0.44218962 0.0098425197,
      -0.19704725 -0.43829273 0.0098425197,
      -0.19088977 -0.43542144 0.0098425197,
      -0.18432723 -0.43366302 0.0098425197,
      -0.17755906 -0.43307086 0.0098425197,
      -0.17677166 -0.43307086 0.0098425197,
      -0.17000347 -0.43366302 0.0098425197,
      -0.16344095 -0.43542144 0.0098425197,
      -0.15728346 -0.43829273 0.0098425197,
      -0.15171812 -0.44218962 0.0098425197,
      -0.14691402 -0.44699372 0.0098425197,
      -0.14301712 -0.45255906 0.0098425197,
      -0.14014584 -0.45871652 0.0098425197,
      -0.13838742 -0.46527909 0.0098425197,
      -0.13779527 -0.47204726 0.0098425197,
      -0.13779527 -0.59055119 0.0098425197,
      -0.039370078 -0.59055119 0.0098425197,
      -0.039370078 -0.47204726 0.0098425197,
      -0.038777941 -0.46527909 0.0098425197,
      -0.037019517 -0.45871652 0.0098425197,
      -0.034148235 -0.45255906 0.0098425197,
      -0.030251338 -0.44699372 0.0098425197,
      -0.025447235 -0.44218962 0.0098425197,
      -0.019881889 -0.43829273 0.0098425197,
      -0.013724407 -0.43542144 0.0098425197,
      -0.0071618776 -0.43366302 0.0098425197,
      -0.00039370079 -0.43307086 0.0098425197,
      0.00039370079 -0.43307086 0.0098425197,
      0.0071618776 -0.43366302 0.0098425197,
      0.013724407 -0.43542144 0.0098425197,
      0.019881889 -0.43829273 0.0098425197,
      0.025447235 -0.44218962 0.0098425197,
      0.030251338 -0.44699372 0.0098425197,
      0.034148235 -0.45255906 0.0098425197,
      0.037019517 -0.45871652 0.0098425197,
      0.038777941 -0.46527909 0.0098425197,
      0.039370078 -0.47204726 0.0098425197,
      0.039370078 -0.59055119 0.0098425197,
      0.13779527 -0.59055119 0.0098425197,
      0.13779527 -0.47204726 0.0098425197,
      0.13838742 -0.46527909 0.0098425197,
      0.14014584 -0.45871652 0.0098425197,
      0.14301712 -0.45255906 0.0098425197,
      0.14691402 -0.44699372 0.0098425197,
      0.15171812 -0.44218962 0.0098425197,
      0.15728346 -0.43829273 0.0098425197,
      0.16344095 -0.43542144 0.0098425197,
      0.17000347 -0.43366302 0.0098425197,
      0.17677166 -0.43307086 0.0098425197,
      0.17755906 -0.43307086 0.0098425197,
      0.18432723 -0.43366302 0.0098425197,
      0.19088977 -0.43542144 0.0098425197,
      0.19704725 -0.43829273 0.0098425197,
      0.20261259 -0.44218962 0.0098425197,
      0.2074167 -0.44699372 0.0098425197,
      0.21131359 -0.45255906 0.0098425197,
      0.21418487 -0.45871652 0.0098425197,
      0.21594329 -0.46527909 0.0098425197,
      0.21653543 -0.47204726 0.0098425197,
      0.21653543 -0.59055119 0.0098425197,
      0.31496062 -0.59055119 0.0098425197,
      0.31496062 -0.43307086 0.0098425197,
      0.36220473 -0.43307086 0.0098425197,
      0.39370081 -0.46456694 0.0098425197,
      0.39370081 -0.59055119 0.0098425197,
      0.59055119 -0.59055119 0.0098425197,
      0.59055119 -0.39370081 0.0098425197,
      0.46456694 -0.39370081 0.0098425197,
      0.43307086 -0.36220473 0.0098425197,
      0.43307086 -0.31496062 0.0098425197,
      0.59055119 -0.31496062 0.0098425197,
      0.59055119 -0.21653543 0.0098425197,
      0.47204726 -0.21653543 0.0098425197,
      0.46527909 -0.21594329 0.0098425197,
      0.45871652 -0.21418487 0.0098425197,
      0.45255906 -0.21131359 0.0098425197,
      0.44699372 -0.2074167 0.0098425197,
      0.44218962 -0.20261259 0.0098425197,
      0.43829273 -0.19704725 0.0098425197,
      0.43542144 -0.19088977 0.0098425197,
      0.43366302 -0.18432723 0.0098425197,
      0.43307086 -0.17755906 0.0098425197,
      0.43307086 -0.17677166 0.0098425197,
      0.43366302 -0.17000347 0.0098425197,
      0.43542144 -0.16344095 0.0098425197,
      0.43829273 -0.15728346 0.0098425197,
      0.44218962 -0.15171812 0.0098425197,
      0.44699372 -0.14691402 0.0098425197,
      0.45255906 -0.14301712 0.0098425197,
      0.45871652 -0.14014584 0.0098425197,
      0.46527909 -0.13838742 0.0098425197,
      0.47204726 -0.13779527 0.0098425197,
      0.59055119 -0.13779527 0.0098425197,
      0.59055119 -0.039370078 0.0098425197,
      0.47204726 -0.039370078 0.0098425197,
      0.46527909 -0.038777941 0.0098425197,
      0.45871652 -0.037019517 0.0098425197,
      0.45255906 -0.034148235 0.0098425197,
      0.44699372 -0.030251338 0.0098425197,
      0.44218962 -0.025447235 0.0098425197,
      0.43829273 -0.019881889 0.0098425197,
      0.43542144 -0.013724407 0.0098425197,
      0.43366302 -0.0071618776 0.0098425197,
      0.43307086 -0.00039370079 0.0098425197,
      0.43307086 0.00039370079 0.0098425197,
      0.43366302 0.0071618776 0.0098425197,
      0.43542144 0.013724407 0.0098425197,
      0.43829273 0.019881889 0.0098425197,
      0.44218962 0.025447235 0.0098425197,
      0.44699372 0.030251338 0.0098425197,
      0.45255906 0.034148235 0.0098425197,
      0.45871652 0.037019517 0.0098425197,
      0.46527909 0.038777941 0.0098425197,
      0.47204726 0.039370078 0.0098425197,
      0.59055119 0.039370078 0.0098425197,
      0.59055119 0.13779527 0.0098425197,
      0.47204726 0.13779527 0.0098425197,
      0.46527909 0.13838742 0.0098425197,
      0.45871652 0.14014584 0.0098425197,
      0.45255906 0.14301712 0.0098425197,
      0.44699372 0.14691402 0.0098425197,
      0.44218962 0.15171812 0.0098425197,
      0.43829273 0.15728346 0.0098425197,
      0.43542144 0.16344095 0.0098425197,
      0.43366302 0.17000347 0.0098425197,
      0.43307086 0.17677166 0.0098425197,
      0.43307086 0.17755906 0.0098425197,
      0.43366302 0.18432723 0.0098425197,
      0.43542144 0.19088977 0.0098425197,
      0.43829273 0.19704725 0.0098425197,
      0.44218962 0.20261259 0.0098425197,
      0.44699372 0.2074167 0.0098425197,
      0.45255906 0.21131359 0.0098425197,
      0.45871652 0.21418487 0.0098425197,
      0.46527909 0.21594329 0.0098425197,
      0.47204726 0.21653543 0.0098425197,
      0.59055119 0.21653543 0.0098425197,
      0.59055119 0.31496062 0.0098425197,
      0.43307086 0.31496062 0.0098425197,
      0.43307086 0.36220473 0.0098425197,
      0.46456694 0.39370081 0.0098425197,
      0.59055119 0.39370081 0.0098425197,
      0.59055119 0.59055119 0.0098425197,
      0.39370081 0.59055119 0.0098425197,
      0.39370081 0.46456694 0.0098425197,
      0.36220473 0.43307086 0.0098425197,
      0.31496062 0.43307086 0.0098425197,
      0.31496062 0.59055119 0.0098425197,
      0.21653543 0.59055119 0.0098425197,
      0.21653543 0.47204726 0.0098425197,
      0.17755906 0.43307086 0.0098425197,
      0.18432723 0.43366302 0.0098425197,
      0.19088977 0.43542144 0.0098425197,
      0.19704725 0.43829273 0.0098425197,
      0.20261259 0.44218962 0.0098425197,
      0.2074167 0.44699372 0.0098425197,
      0.21131359 0.45255906 0.0098425197,
      0.21418487 0.45871652 0.0098425197,
      0.21594329 0.46527909 0.0098425197,
      0.17677166 0.43307086 0.0098425197,
      0.13779527 0.47204726 0.0098425197,
      0.13838742 0.46527909 0.0098425197,
      0.14014584 0.45871652 0.0098425197,
      0.14301712 0.45255906 0.0098425197,
      0.14691402 0.44699372 0.0098425197,
      0.15171812 0.44218962 0.0098425197,
      0.15728346 0.43829273 0.0098425197,
      0.16344095 0.43542144 0.0098425197,
      0.17000347 0.43366302 0.0098425197,
      0.13779527 0.59055119 0.0098425197,
      0.039370078 0.59055119 0.0098425197,
      0.039370078 0.47204726 0.0098425197,
      0.00039370079 0.43307086 0.0098425197,
      0.0071618776 0.43366302 0.0098425197,
      0.013724407 0.43542144 0.0098425197,
      0.019881889 0.43829273 0.0098425197,
      0.025447235 0.44218962 0.0098425197,
      0.030251338 0.44699372 0.0098425197,
      0.034148235 0.45255906 0.0098425197,
      0.037019517 0.45871652 0.0098425197,
      0.038777941 0.46527909 0.0098425197,
      -0.00039370079 0.43307086 0.0098425197,
      -0.039370078 0.47204726 0.0098425197,
      -0.038777941 0.46527909 0.0098425197,
      -0.037019517 0.45871652 0.0098425197,
      -0.034148235 0.45255906 0.0098425197,
      -0.030251338 0.44699372 0.0098425197,
      -0.025447235 0.44218962 0.0098425197,
      -0.019881889 0.43829273 0.0098425197,
      -0.013724407 0.43542144 0.0098425197,
      -0.0071618776 0.43366302 0.0098425197,
      -0.039370078 0.59055119 0.0098425197,
      -0.13779527 0.59055119 0.0098425197,
      -0.13779527 0.47204726 0.0098425197,
      -0.17677166 0.43307086 0.0098425197,
      -0.17000347 0.43366302 0.0098425197,
      -0.16344095 0.43542144 0.0098425197,
      -0.15728346 0.43829273 0.0098425197,
      -0.15171812 0.44218962 0.0098425197,
      -0.14691402 0.44699372 0.0098425197,
      -0.14301712 0.45255906 0.0098425197,
      -0.14014584 0.45871652 0.0098425197,
      -0.13838742 0.46527909 0.0098425197,
      -0.17755906 0.43307086 0.0098425197,
      -0.21653543 0.47204726 0.0098425197,
      -0.21594329 0.46527909 0.0098425197,
      -0.21418487 0.45871652 0.0098425197,
      -0.21131359 0.45255906 0.0098425197,
      -0.2074167 0.44699372 0.0098425197,
      -0.20261259 0.44218962 0.0098425197,
      -0.19704725 0.43829273 0.0098425197,
      -0.19088977 0.43542144 0.0098425197,
      -0.18432723 0.43366302 0.0098425197,
      -0.21653543 0.59055119 0.0098425197,
      -0.31496062 0.59055119 0.0098425197,
      -0.31496062 0.43307086 0.0098425197,
      -0.36220473 0.43307086 0.0098425197,
      -0.39370081 0.46456694 0.0098425197,
      -0.39370081 0.59055119 0.0098425197,
      -0.59055119 0.59055119 0.0098425197,
      -0.59055119 0.39370081 0.0098425197,
      -0.43307086 0.39370081 0.0098425197,
      -0.14173229 0.18917323 0.0098425197,
      -0.14173229 -0.19468503 0.0098425197,
      0.22283465 0.18917323 0.0098425197,
      0.22283465 -0.19468503 0.0098425197,
      -0.59055119 0.31496062 0.0098425197,
      -0.43307086 0.31496062 0.0098425197,
      -0.43307086 0.31496062 0.03937008,
      -0.59055119 0.31496062 0.03937008,
      -0.43307086 0.31496062 0.0098425197,
      -0.43307086 0.39370081 0.0098425197,
      -0.43307086 0.39370081 0.03937008,
      -0.43307086 0.31496062 0.03937008,
      -0.59055119 0.39370081 0.0098425197,
      -0.43307086 0.39370081 0.0098425197,
      -0.59055119 0.39370081 0.03937008,
      -0.43307086 0.39370081 0.03937008,
      -0.59055119 0.31496062 0.0098425197,
      -0.59055119 0.31496062 0.03937008,
      -0.59055119 0.21653543 0.0098425197,
      -0.59055119 0.21653543 0.03937008,
      -0.59055119 0.13779527 0.03937008,
      -0.59055119 0.13779527 0.0098425197,
      -0.59055119 0.039370078 0.0098425197,
      -0.59055119 0.039370078 0.03937008,
      -0.59055119 -0.039370078 0.03937008,
      -0.59055119 -0.039370078 0.0098425197,
      -0.59055119 -0.13779527 0.0098425197,
      -0.59055119 -0.13779527 0.03937008,
      -0.59055119 -0.21653543 0.03937008,
      -0.59055119 -0.21653543 0.0098425197,
      -0.59055119 -0.31496062 0.0098425197,
      -0.59055119 -0.31496062 0.03937008,
      -0.59055119 -0.39370081 0.03937008,
      -0.59055119 -0.39370081 0.0098425197,
      -0.59055119 -0.59055119 0.0098425197,
      -0.59055119 -0.59055119 0.39370078,
      -0.59055119 0.59055119 0.39370078,
      -0.59055119 0.59055119 0.0098425197,
      -0.59055119 0.39370081 0.0098425197,
      -0.59055119 0.39370081 0.03937008,
      -0.59055119 0.54133858 0.03937008,
      -0.59055119 0.54133858 0.078740155,
      -0.59055119 0.48228347 0.078740155,
      -0.59055119 0.48228347 0.03937008,
      -0.59055119 -0.48228347 0.03937008,
      -0.59055119 -0.48228347 0.078740155,
      -0.59055119 -0.54133858 0.078740155,
      -0.59055119 -0.54133858 0.03937008,
      -0.59055119 0.31496062 0.03937008,
      -0.59055119 0.39370081 0.03937008,
      -0.43307086 0.31496062 0.03937008,
      -0.43307086 0.39370081 0.03937008,
      -0.39370081 0.59055119 0.0098425197,
      -0.59055119 0.59055119 0.0098425197,
      -0.59055119 0.59055119 0.39370078,
      0.59055119 0.59055119 0.39370078,
      0.59055119 0.59055119 0.0098425197,
      0.39370081 0.59055119 0.0098425197,
      0.39370081 0.59055119 0.03937008,
      0.31496062 0.59055119 0.03937008,
      0.31496062 0.59055119 0.0098425197,
      0.21653543 0.59055119 0.0098425197,
      0.21653543 0.59055119 0.03937008,
      0.13779527 0.59055119 0.03937008,
      0.13779527 0.59055119 0.0098425197,
      0.039370078 0.59055119 0.0098425197,
      0.039370078 0.59055119 0.03937008,
      -0.039370078 0.59055119 0.03937008,
      -0.039370078 0.59055119 0.0098425197,
      -0.13779527 0.59055119 0.0098425197,
      -0.13779527 0.59055119 0.03937008,
      -0.21653543 0.59055119 0.03937008,
      -0.21653543 0.59055119 0.0098425197,
      -0.31496062 0.59055119 0.0098425197,
      -0.31496062 0.59055119 0.03937008,
      -0.39370081 0.59055119 0.03937008,
      0.54133858 0.59055119 0.03937008,
      0.54133858 0.59055119 0.078740155,
      0.48228347 0.59055119 0.078740155,
      0.48228347 0.59055119 0.03937008,
      -0.48228347 0.59055119 0.03937008,
      -0.48228347 0.59055119 0.078740155,
      -0.54133858 0.59055119 0.078740155,
      -0.54133858 0.59055119 0.03937008,
      -0.39370081 0.59055119 0.0098425197,
      -0.39370081 0.46456694 0.0098425197,
      -0.39370081 0.46456694 0.03937008,
      -0.39370081 0.59055119 0.03937008,
      -0.39370081 0.46456694 0.0098425197,
      -0.36220473 0.43307086 0.0098425197,
      -0.36220473 0.43307086 0.03937008,
      -0.39370081 0.46456694 0.03937008,
      -0.36220473 0.43307086 0.0098425197,
      -0.31496062 0.43307086 0.0098425197,
      -0.31496062 0.43307086 0.03937008,
      -0.36220473 0.43307086 0.03937008,
      -0.31496062 0.59055119 0.0098425197,
      -0.31496062 0.43307086 0.0098425197,
      -0.31496062 0.59055119 0.03937008,
      -0.31496062 0.43307086 0.03937008,
      -0.39370081 0.59055119 0.03937008,
      -0.31496062 0.59055119 0.03937008,
      -0.39370081 0.46456694 0.03937008,
      -0.36220473 0.43307086 0.03937008,
      -0.31496062 0.43307086 0.03937008,
      -0.21653543 0.59055119 0.0098425197,
      -0.21653543 0.47204726 0.0098425197,
      -0.21653543 0.47204726 0.03937008,
      -0.21653543 0.59055119 0.03937008,
      -0.21653543 0.47204726 0.0098425197,
      -0.21594329 0.46527909 0.0098425197,
      -0.21418487 0.45871652 0.0098425197,
      -0.21131359 0.45255906 0.0098425197,
      -0.2074167 0.44699372 0.0098425197,
      -0.20261259 0.44218962 0.0098425197,
      -0.19704725 0.43829273 0.0098425197,
      -0.19088977 0.43542144 0.0098425197,
      -0.18432723 0.43366302 0.0098425197,
      -0.17755906 0.43307086 0.0098425197,
      -0.17755906 0.43307086 0.03937008,
      -0.21653543 0.47204726 0.03937008,
      -0.21594329 0.46527909 0.03937008,
      -0.21418487 0.45871652 0.03937008,
      -0.21131359 0.45255906 0.03937008,
      -0.2074167 0.44699372 0.03937008,
      -0.20261259 0.44218962 0.03937008,
      -0.19704725 0.43829273 0.03937008,
      -0.19088977 0.43542144 0.03937008,
      -0.18432723 0.43366302 0.03937008,
      -0.17755906 0.43307086 0.0098425197,
      -0.17677166 0.43307086 0.0098425197,
      -0.17677166 0.43307086 0.03937008,
      -0.17755906 0.43307086 0.03937008,
      -0.17677166 0.43307086 0.0098425197,
      -0.17000347 0.43366302 0.0098425197,
      -0.16344095 0.43542144 0.0098425197,
      -0.15728346 0.43829273 0.0098425197,
      -0.15171812 0.44218962 0.0098425197,
      -0.14691402 0.44699372 0.0098425197,
      -0.14301712 0.45255906 0.0098425197,
      -0.14014584 0.45871652 0.0098425197,
      -0.13838742 0.46527909 0.0098425197,
      -0.13779527 0.47204726 0.0098425197,
      -0.13779527 0.47204726 0.03937008,
      -0.17677166 0.43307086 0.03937008,
      -0.17000347 0.43366302 0.03937008,
      -0.16344095 0.43542144 0.03937008,
      -0.15728346 0.43829273 0.03937008,
      -0.15171812 0.44218962 0.03937008,
      -0.14691402 0.44699372 0.03937008,
      -0.14301712 0.45255906 0.03937008,
      -0.14014584 0.45871652 0.03937008,
      -0.13838742 0.46527909 0.03937008,
      -0.13779527 0.59055119 0.0098425197,
      -0.13779527 0.47204726 0.0098425197,
      -0.13779527 0.59055119 0.03937008,
      -0.13779527 0.47204726 0.03937008,
      -0.21653543 0.59055119 0.03937008,
      -0.13779527 0.59055119 0.03937008,
      -0.21653543 0.47204726 0.03937008,
      -0.21594329 0.46527909 0.03937008,
      -0.21418487 0.45871652 0.03937008,
      -0.21131359 0.45255906 0.03937008,
      -0.2074167 0.44699372 0.03937008,
      -0.20261259 0.44218962 0.03937008,
      -0.19704725 0.43829273 0.03937008,
      -0.19088977 0.43542144 0.03937008,
      -0.18432723 0.43366302 0.03937008,
      -0.17755906 0.43307086 0.03937008,
      -0.17677166 0.43307086 0.03937008,
      -0.17000347 0.43366302 0.03937008,
      -0.16344095 0.43542144 0.03937008,
      -0.15728346 0.43829273 0.03937008,
      -0.15171812 0.44218962 0.03937008,
      -0.14691402 0.44699372 0.03937008,
      -0.14301712 0.45255906 0.03937008,
      -0.14014584 0.45871652 0.03937008,
      -0.13838742 0.46527909 0.03937008,
      -0.13779527 0.47204726 0.03937008,
      -0.039370078 0.59055119 0.0098425197,
      -0.039370078 0.47204726 0.0098425197,
      -0.039370078 0.47204726 0.03937008,
      -0.039370078 0.59055119 0.03937008,
      -0.039370078 0.47204726 0.0098425197,
      -0.038777941 0.46527909 0.0098425197,
      -0.037019517 0.45871652 0.0098425197,
      -0.034148235 0.45255906 0.0098425197,
      -0.030251338 0.44699372 0.0098425197,
      -0.025447235 0.44218962 0.0098425197,
      -0.019881889 0.43829273 0.0098425197,
      -0.013724407 0.43542144 0.0098425197,
      -0.0071618776 0.43366302 0.0098425197,
      -0.00039370079 0.43307086 0.0098425197,
      -0.00039370079 0.43307086 0.03937008,
      -0.039370078 0.47204726 0.03937008,
      -0.038777941 0.46527909 0.03937008,
      -0.037019517 0.45871652 0.03937008,
      -0.034148235 0.45255906 0.03937008,
      -0.030251338 0.44699372 0.03937008,
      -0.025447235 0.44218962 0.03937008,
      -0.019881889 0.43829273 0.03937008,
      -0.013724407 0.43542144 0.03937008,
      -0.0071618776 0.43366302 0.03937008,
      -0.00039370079 0.43307086 0.0098425197,
      0.00039370079 0.43307086 0.0098425197,
      0.00039370079 0.43307086 0.03937008,
      -0.00039370079 0.43307086 0.03937008,
      0.00039370079 0.43307086 0.0098425197,
      0.0071618776 0.43366302 0.0098425197,
      0.013724407 0.43542144 0.0098425197,
      0.019881889 0.43829273 0.0098425197,
      0.025447235 0.44218962 0.0098425197,
      0.030251338 0.44699372 0.0098425197,
      0.034148235 0.45255906 0.0098425197,
      0.037019517 0.45871652 0.0098425197,
      0.038777941 0.46527909 0.0098425197,
      0.039370078 0.47204726 0.0098425197,
      0.039370078 0.47204726 0.03937008,
      0.00039370079 0.43307086 0.03937008,
      0.0071618776 0.43366302 0.03937008,
      0.013724407 0.43542144 0.03937008,
      0.019881889 0.43829273 0.03937008,
      0.025447235 0.44218962 0.03937008,
      0.030251338 0.44699372 0.03937008,
      0.034148235 0.45255906 0.03937008,
      0.037019517 0.45871652 0.03937008,
      0.038777941 0.46527909 0.03937008,
      0.039370078 0.59055119 0.0098425197,
      0.039370078 0.47204726 0.0098425197,
      0.039370078 0.59055119 0.03937008,
      0.039370078 0.47204726 0.03937008,
      -0.039370078 0.59055119 0.03937008,
      0.039370078 0.59055119 0.03937008,
      -0.039370078 0.47204726 0.03937008,
      -0.038777941 0.46527909 0.03937008,
      -0.037019517 0.45871652 0.03937008,
      -0.034148235 0.45255906 0.03937008,
      -0.030251338 0.44699372 0.03937008,
      -0.025447235 0.44218962 0.03937008,
      -0.019881889 0.43829273 0.03937008,
      -0.013724407 0.43542144 0.03937008,
      -0.0071618776 0.43366302 0.03937008,
      -0.00039370079 0.43307086 0.03937008,
      0.00039370079 0.43307086 0.03937008,
      0.0071618776 0.43366302 0.03937008,
      0.013724407 0.43542144 0.03937008,
      0.019881889 0.43829273 0.03937008,
      0.025447235 0.44218962 0.03937008,
      0.030251338 0.44699372 0.03937008,
      0.034148235 0.45255906 0.03937008,
      0.037019517 0.45871652 0.03937008,
      0.038777941 0.46527909 0.03937008,
      0.039370078 0.47204726 0.03937008,
      0.13779527 0.59055119 0.0098425197,
      0.13779527 0.47204726 0.0098425197,
      0.13779527 0.47204726 0.03937008,
      0.13779527 0.59055119 0.03937008,
      0.13779527 0.47204726 0.0098425197,
      0.13838742 0.46527909 0.0098425197,
      0.14014584 0.45871652 0.0098425197,
      0.14301712 0.45255906 0.0098425197,
      0.14691402 0.44699372 0.0098425197,
      0.15171812 0.44218962 0.0098425197,
      0.15728346 0.43829273 0.0098425197,
      0.16344095 0.43542144 0.0098425197,
      0.17000347 0.43366302 0.0098425197,
      0.17677166 0.43307086 0.0098425197,
      0.17677166 0.43307086 0.03937008,
      0.13779527 0.47204726 0.03937008,
      0.13838742 0.46527909 0.03937008,
      0.14014584 0.45871652 0.03937008,
      0.14301712 0.45255906 0.03937008,
      0.14691402 0.44699372 0.03937008,
      0.15171812 0.44218962 0.03937008,
      0.15728346 0.43829273 0.03937008,
      0.16344095 0.43542144 0.03937008,
      0.17000347 0.43366302 0.03937008,
      0.17677166 0.43307086 0.0098425197,
      0.17755906 0.43307086 0.0098425197,
      0.17755906 0.43307086 0.03937008,
      0.17677166 0.43307086 0.03937008,
      0.17755906 0.43307086 0.0098425197,
      0.18432723 0.43366302 0.0098425197,
      0.19088977 0.43542144 0.0098425197,
      0.19704725 0.43829273 0.0098425197,
      0.20261259 0.44218962 0.0098425197,
      0.2074167 0.44699372 0.0098425197,
      0.21131359 0.45255906 0.0098425197,
      0.21418487 0.45871652 0.0098425197,
      0.21594329 0.46527909 0.0098425197,
      0.21653543 0.47204726 0.0098425197,
      0.21653543 0.47204726 0.03937008,
      0.17755906 0.43307086 0.03937008,
      0.18432723 0.43366302 0.03937008,
      0.19088977 0.43542144 0.03937008,
      0.19704725 0.43829273 0.03937008,
      0.20261259 0.44218962 0.03937008,
      0.2074167 0.44699372 0.03937008,
      0.21131359 0.45255906 0.03937008,
      0.21418487 0.45871652 0.03937008,
      0.21594329 0.46527909 0.03937008,
      0.21653543 0.59055119 0.0098425197,
      0.21653543 0.47204726 0.0098425197,
      0.21653543 0.59055119 0.03937008,
      0.21653543 0.47204726 0.03937008,
      0.13779527 0.59055119 0.03937008,
      0.21653543 0.59055119 0.03937008,
      0.13779527 0.47204726 0.03937008,
      0.13838742 0.46527909 0.03937008,
      0.14014584 0.45871652 0.03937008,
      0.14301712 0.45255906 0.03937008,
      0.14691402 0.44699372 0.03937008,
      0.15171812 0.44218962 0.03937008,
      0.15728346 0.43829273 0.03937008,
      0.16344095 0.43542144 0.03937008,
      0.17000347 0.43366302 0.03937008,
      0.17677166 0.43307086 0.03937008,
      0.17755906 0.43307086 0.03937008,
      0.18432723 0.43366302 0.03937008,
      0.19088977 0.43542144 0.03937008,
      0.19704725 0.43829273 0.03937008,
      0.20261259 0.44218962 0.03937008,
      0.2074167 0.44699372 0.03937008,
      0.21131359 0.45255906 0.03937008,
      0.21418487 0.45871652 0.03937008,
      0.21594329 0.46527909 0.03937008,
      0.21653543 0.47204726 0.03937008,
      0.31496062 0.59055119 0.0098425197,
      0.31496062 0.43307086 0.0098425197,
      0.31496062 0.43307086 0.03937008,
      0.31496062 0.59055119 0.03937008,
      0.31496062 0.43307086 0.0098425197,
      0.36220473 0.43307086 0.0098425197,
      0.36220473 0.43307086 0.03937008,
      0.31496062 0.43307086 0.03937008,
      0.39370081 0.46456694 0.0098425197,
      0.36220473 0.43307086 0.0098425197,
      0.39370081 0.46456694 0.03937008,
      0.36220473 0.43307086 0.03937008,
      0.39370081 0.59055119 0.0098425197,
      0.39370081 0.46456694 0.0098425197,
      0.39370081 0.59055119 0.03937008,
      0.39370081 0.46456694 0.03937008,
      0.31496062 0.59055119 0.03937008,
      0.39370081 0.59055119 0.03937008,
      0.31496062 0.43307086 0.03937008,
      0.36220473 0.43307086 0.03937008,
      0.39370081 0.46456694 0.03937008,
      0.59055119 0.39370081 0.0098425197,
      0.59055119 0.39370081 0.03937008,
      0.59055119 0.59055119 0.0098425197,
      0.59055119 0.59055119 0.39370078,
      0.59055119 -0.59055119 0.39370078,
      0.59055119 -0.59055119 0.0098425197,
      0.59055119 -0.39370081 0.0098425197,
      0.59055119 -0.39370081 0.03937008,
      0.59055119 -0.31496062 0.03937008,
      0.59055119 -0.31496062 0.0098425197,
      0.59055119 -0.21653543 0.0098425197,
      0.59055119 -0.21653543 0.03937008,
      0.59055119 -0.13779527 0.03937008,
      0.59055119 -0.13779527 0.0098425197,
      0.59055119 -0.039370078 0.0098425197,
      0.59055119 -0.039370078 0.03937008,
      0.59055119 0.039370078 0.03937008,
      0.59055119 0.039370078 0.0098425197,
      0.59055119 0.13779527 0.0098425197,
      0.59055119 0.13779527 0.03937008,
      0.59055119 0.21653543 0.03937008,
      0.59055119 0.21653543 0.0098425197,
      0.59055119 0.31496062 0.0098425197,
      0.59055119 0.31496062 0.03937008,
      0.59055119 -0.54133858 0.03937008,
      0.59055119 -0.54133858 0.078740155,
      0.59055119 -0.48228347 0.078740155,
      0.59055119 -0.48228347 0.03937008,
      0.59055119 0.48228347 0.03937008,
      0.59055119 0.48228347 0.078740155,
      0.59055119 0.54133858 0.078740155,
      0.59055119 0.54133858 0.03937008,
      0.59055119 0.31496062 0.03937008,
      0.43307086 0.31496062 0.03937008,
      0.43307086 0.36220473 0.03937008,
      0.46456694 0.39370081 0.03937008,
      0.59055119 0.39370081 0.03937008,
      0.59055119 0.39370081 0.0098425197,
      0.59055119 0.39370081 0.03937008,
      0.46456694 0.39370081 0.03937008,
      0.46456694 0.39370081 0.0098425197,
      0.46456694 0.39370081 0.0098425197,
      0.43307086 0.36220473 0.0098425197,
      0.43307086 0.36220473 0.03937008,
      0.46456694 0.39370081 0.03937008,
      0.43307086 0.36220473 0.0098425197,
      0.43307086 0.36220473 0.03937008,
      0.43307086 0.31496062 0.03937008,
      0.43307086 0.31496062 0.0098425197,
      0.43307086 0.31496062 0.0098425197,
      0.43307086 0.31496062 0.03937008,
      0.59055119 0.31496062 0.03937008,
      0.59055119 0.31496062 0.0098425197,
      0.59055119 0.21653543 0.0098425197,
      0.59055119 0.21653543 0.03937008,
      0.47204726 0.21653543 0.03937008,
      0.47204726 0.21653543 0.0098425197,
      0.43307086 0.17755906 0.0098425197,
      0.43366302 0.18432723 0.0098425197,
      0.43542144 0.19088977 0.0098425197,
      0.43829273 0.19704725 0.0098425197,
      0.44218962 0.20261259 0.0098425197,
      0.44699372 0.2074167 0.0098425197,
      0.45255906 0.21131359 0.0098425197,
      0.45871652 0.21418487 0.0098425197,
      0.46527909 0.21594329 0.0098425197,
      0.47204726 0.21653543 0.0098425197,
      0.43307086 0.17755906 0.03937008,
      0.43366302 0.18432723 0.03937008,
      0.43542144 0.19088977 0.03937008,
      0.43829273 0.19704725 0.03937008,
      0.44218962 0.20261259 0.03937008,
      0.44699372 0.2074167 0.03937008,
      0.45255906 0.21131359 0.03937008,
      0.45871652 0.21418487 0.03937008,
      0.46527909 0.21594329 0.03937008,
      0.47204726 0.21653543 0.03937008,
      0.43307086 0.17755906 0.0098425197,
      0.43307086 0.17755906 0.03937008,
      0.43307086 0.17677166 0.03937008,
      0.43307086 0.17677166 0.0098425197,
      0.47204726 0.13779527 0.0098425197,
      0.46527909 0.13838742 0.0098425197,
      0.45871652 0.14014584 0.0098425197,
      0.45255906 0.14301712 0.0098425197,
      0.44699372 0.14691402 0.0098425197,
      0.44218962 0.15171812 0.0098425197,
      0.43829273 0.15728346 0.0098425197,
      0.43542144 0.16344095 0.0098425197,
      0.43366302 0.17000347 0.0098425197,
      0.43307086 0.17677166 0.0098425197,
      0.47204726 0.13779527 0.03937008,
      0.46527909 0.13838742 0.03937008,
      0.45871652 0.14014584 0.03937008,
      0.45255906 0.14301712 0.03937008,
      0.44699372 0.14691402 0.03937008,
      0.44218962 0.15171812 0.03937008,
      0.43829273 0.15728346 0.03937008,
      0.43542144 0.16344095 0.03937008,
      0.43366302 0.17000347 0.03937008,
      0.43307086 0.17677166 0.03937008,
      0.47204726 0.13779527 0.0098425197,
      0.47204726 0.13779527 0.03937008,
      0.59055119 0.13779527 0.03937008,
      0.59055119 0.13779527 0.0098425197,
      0.59055119 0.13779527 0.03937008,
      0.47204726 0.13779527 0.03937008,
      0.46527909 0.13838742 0.03937008,
      0.45871652 0.14014584 0.03937008,
      0.45255906 0.14301712 0.03937008,
      0.44699372 0.14691402 0.03937008,
      0.44218962 0.15171812 0.03937008,
      0.43829273 0.15728346 0.03937008,
      0.43542144 0.16344095 0.03937008,
      0.43366302 0.17000347 0.03937008,
      0.43307086 0.17677166 0.03937008,
      0.43307086 0.17755906 0.03937008,
      0.43366302 0.18432723 0.03937008,
      0.43542144 0.19088977 0.03937008,
      0.43829273 0.19704725 0.03937008,
      0.44218962 0.20261259 0.03937008,
      0.44699372 0.2074167 0.03937008,
      0.45255906 0.21131359 0.03937008,
      0.45871652 0.21418487 0.03937008,
      0.46527909 0.21594329 0.03937008,
      0.47204726 0.21653543 0.03937008,
      0.59055119 0.21653543 0.03937008,
      0.59055119 0.039370078 0.0098425197,
      0.59055119 0.039370078 0.03937008,
      0.47204726 0.039370078 0.03937008,
      0.47204726 0.039370078 0.0098425197,
      0.43307086 0.00039370079 0.0098425197,
      0.43366302 0.0071618776 0.0098425197,
      0.43542144 0.013724407 0.0098425197,
      0.43829273 0.019881889 0.0098425197,
      0.44218962 0.025447235 0.0098425197,
      0.44699372 0.030251338 0.0098425197,
      0.45255906 0.034148235 0.0098425197,
      0.45871652 0.037019517 0.0098425197,
      0.46527909 0.038777941 0.0098425197,
      0.47204726 0.039370078 0.0098425197,
      0.43307086 0.00039370079 0.03937008,
      0.43366302 0.0071618776 0.03937008,
      0.43542144 0.013724407 0.03937008,
      0.43829273 0.019881889 0.03937008,
      0.44218962 0.025447235 0.03937008,
      0.44699372 0.030251338 0.03937008,
      0.45255906 0.034148235 0.03937008,
      0.45871652 0.037019517 0.03937008,
      0.46527909 0.038777941 0.03937008,
      0.47204726 0.039370078 0.03937008,
      0.43307086 0.00039370079 0.0098425197,
      0.43307086 0.00039370079 0.03937008,
      0.43307086 -0.00039370079 0.03937008,
      0.43307086 -0.00039370079 0.0098425197,
      0.47204726 -0.039370078 0.0098425197,
      0.46527909 -0.038777941 0.0098425197,
      0.45871652 -0.037019517 0.0098425197,
      0.45255906 -0.034148235 0.0098425197,
      0.44699372 -0.030251338 0.0098425197,
      0.44218962 -0.025447235 0.0098425197,
      0.43829273 -0.019881889 0.0098425197,
      0.43542144 -0.013724407 0.0098425197,
      0.43366302 -0.0071618776 0.0098425197,
      0.43307086 -0.00039370079 0.0098425197,
      0.47204726 -0.039370078 0.03937008,
      0.46527909 -0.038777941 0.03937008,
      0.45871652 -0.037019517 0.03937008,
      0.45255906 -0.034148235 0.03937008,
      0.44699372 -0.030251338 0.03937008,
      0.44218962 -0.025447235 0.03937008,
      0.43829273 -0.019881889 0.03937008,
      0.43542144 -0.013724407 0.03937008,
      0.43366302 -0.0071618776 0.03937008,
      0.43307086 -0.00039370079 0.03937008,
      0.47204726 -0.039370078 0.0098425197,
      0.47204726 -0.039370078 0.03937008,
      0.59055119 -0.039370078 0.03937008,
      0.59055119 -0.039370078 0.0098425197,
      0.59055119 -0.039370078 0.03937008,
      0.47204726 -0.039370078 0.03937008,
      0.46527909 -0.038777941 0.03937008,
      0.45871652 -0.037019517 0.03937008,
      0.45255906 -0.034148235 0.03937008,
      0.44699372 -0.030251338 0.03937008,
      0.44218962 -0.025447235 0.03937008,
      0.43829273 -0.019881889 0.03937008,
      0.43542144 -0.013724407 0.03937008,
      0.43366302 -0.0071618776 0.03937008,
      0.43307086 -0.00039370079 0.03937008,
      0.43307086 0.00039370079 0.03937008,
      0.43366302 0.0071618776 0.03937008,
      0.43542144 0.013724407 0.03937008,
      0.43829273 0.019881889 0.03937008,
      0.44218962 0.025447235 0.03937008,
      0.44699372 0.030251338 0.03937008,
      0.45255906 0.034148235 0.03937008,
      0.45871652 0.037019517 0.03937008,
      0.46527909 0.038777941 0.03937008,
      0.47204726 0.039370078 0.03937008,
      0.59055119 0.039370078 0.03937008,
      0.59055119 -0.13779527 0.0098425197,
      0.59055119 -0.13779527 0.03937008,
      0.47204726 -0.13779527 0.03937008,
      0.47204726 -0.13779527 0.0098425197,
      0.43307086 -0.17677166 0.0098425197,
      0.43366302 -0.17000347 0.0098425197,
      0.43542144 -0.16344095 0.0098425197,
      0.43829273 -0.15728346 0.0098425197,
      0.44218962 -0.15171812 0.0098425197,
      0.44699372 -0.14691402 0.0098425197,
      0.45255906 -0.14301712 0.0098425197,
      0.45871652 -0.14014584 0.0098425197,
      0.46527909 -0.13838742 0.0098425197,
      0.47204726 -0.13779527 0.0098425197,
      0.43307086 -0.17677166 0.03937008,
      0.43366302 -0.17000347 0.03937008,
      0.43542144 -0.16344095 0.03937008,
      0.43829273 -0.15728346 0.03937008,
      0.44218962 -0.15171812 0.03937008,
      0.44699372 -0.14691402 0.03937008,
      0.45255906 -0.14301712 0.03937008,
      0.45871652 -0.14014584 0.03937008,
      0.46527909 -0.13838742 0.03937008,
      0.47204726 -0.13779527 0.03937008,
      0.43307086 -0.17677166 0.0098425197,
      0.43307086 -0.17677166 0.03937008,
      0.43307086 -0.17755906 0.03937008,
      0.43307086 -0.17755906 0.0098425197,
      0.47204726 -0.21653543 0.0098425197,
      0.46527909 -0.21594329 0.0098425197,
      0.45871652 -0.21418487 0.0098425197,
      0.45255906 -0.21131359 0.0098425197,
      0.44699372 -0.2074167 0.0098425197,
      0.44218962 -0.20261259 0.0098425197,
      0.43829273 -0.19704725 0.0098425197,
      0.43542144 -0.19088977 0.0098425197,
      0.43366302 -0.18432723 0.0098425197,
      0.43307086 -0.17755906 0.0098425197,
      0.47204726 -0.21653543 0.03937008,
      0.46527909 -0.21594329 0.03937008,
      0.45871652 -0.21418487 0.03937008,
      0.45255906 -0.21131359 0.03937008,
      0.44699372 -0.2074167 0.03937008,
      0.44218962 -0.20261259 0.03937008,
      0.43829273 -0.19704725 0.03937008,
      0.43542144 -0.19088977 0.03937008,
      0.43366302 -0.18432723 0.03937008,
      0.43307086 -0.17755906 0.03937008,
      0.47204726 -0.21653543 0.0098425197,
      0.47204726 -0.21653543 0.03937008,
      0.59055119 -0.21653543 0.03937008,
      0.59055119 -0.21653543 0.0098425197,
      0.59055119 -0.21653543 0.03937008,
      0.47204726 -0.21653543 0.03937008,
      0.46527909 -0.21594329 0.03937008,
      0.45871652 -0.21418487 0.03937008,
      0.45255906 -0.21131359 0.03937008,
      0.44699372 -0.2074167 0.03937008,
      0.44218962 -0.20261259 0.03937008,
      0.43829273 -0.19704725 0.03937008,
      0.43542144 -0.19088977 0.03937008,
      0.43366302 -0.18432723 0.03937008,
      0.43307086 -0.17755906 0.03937008,
      0.43307086 -0.17677166 0.03937008,
      0.43366302 -0.17000347 0.03937008,
      0.43542144 -0.16344095 0.03937008,
      0.43829273 -0.15728346 0.03937008,
      0.44218962 -0.15171812 0.03937008,
      0.44699372 -0.14691402 0.03937008,
      0.45255906 -0.14301712 0.03937008,
      0.45871652 -0.14014584 0.03937008,
      0.46527909 -0.13838742 0.03937008,
      0.47204726 -0.13779527 0.03937008,
      0.59055119 -0.13779527 0.03937008,
      0.59055119 -0.31496062 0.0098425197,
      0.59055119 -0.31496062 0.03937008,
      0.43307086 -0.31496062 0.03937008,
      0.43307086 -0.31496062 0.0098425197,
      0.43307086 -0.31496062 0.0098425197,
      0.43307086 -0.31496062 0.03937008,
      0.43307086 -0.36220473 0.03937008,
      0.43307086 -0.36220473 0.0098425197,
      0.46456694 -0.39370081 0.0098425197,
      0.43307086 -0.36220473 0.0098425197,
      0.46456694 -0.39370081 0.03937008,
      0.43307086 -0.36220473 0.03937008,
      0.46456694 -0.39370081 0.03937008,
      0.46456694 -0.39370081 0.0098425197,
      0.59055119 -0.39370081 0.03937008,
      0.59055119 -0.39370081 0.0098425197,
      0.59055119 -0.39370081 0.03937008,
      0.46456694 -0.39370081 0.03937008,
      0.43307086 -0.36220473 0.03937008,
      0.43307086 -0.31496062 0.03937008,
      0.59055119 -0.31496062 0.03937008,
      -0.39370081 -0.59055119 0.03937008,
      -0.31496062 -0.59055119 0.03937008,
      -0.31496062 -0.59055119 0.0098425197,
      -0.21653543 -0.59055119 0.0098425197,
      -0.21653543 -0.59055119 0.03937008,
      -0.13779527 -0.59055119 0.03937008,
      -0.13779527 -0.59055119 0.0098425197,
      -0.039370078 -0.59055119 0.0098425197,
      -0.039370078 -0.59055119 0.03937008,
      0.039370078 -0.59055119 0.03937008,
      0.039370078 -0.59055119 0.0098425197,
      0.13779527 -0.59055119 0.0098425197,
      0.13779527 -0.59055119 0.03937008,
      0.21653543 -0.59055119 0.03937008,
      0.21653543 -0.59055119 0.0098425197,
      0.31496062 -0.59055119 0.0098425197,
      0.31496062 -0.59055119 0.03937008,
      0.39370081 -0.59055119 0.03937008,
      0.39370081 -0.59055119 0.0098425197,
      0.59055119 -0.59055119 0.0098425197,
      0.59055119 -0.59055119 0.39370078,
      -0.59055119 -0.59055119 0.39370078,
      -0.59055119 -0.59055119 0.0098425197,
      -0.39370081 -0.59055119 0.0098425197,
      -0.54133858 -0.59055119 0.03937008,
      -0.54133858 -0.59055119 0.078740155,
      -0.48228347 -0.59055119 0.078740155,
      -0.48228347 -0.59055119 0.03937008,
      0.48228347 -0.59055119 0.03937008,
      0.48228347 -0.59055119 0.078740155,
      0.54133858 -0.59055119 0.078740155,
      0.54133858 -0.59055119 0.03937008,
      -0.39370081 -0.46456694 0.03937008,
      -0.39370081 -0.46456694 0.0098425197,
      -0.39370081 -0.59055119 0.03937008,
      -0.39370081 -0.59055119 0.0098425197,
      -0.39370081 -0.59055119 0.03937008,
      -0.39370081 -0.46456694 0.03937008,
      -0.36220473 -0.43307086 0.03937008,
      -0.31496062 -0.43307086 0.03937008,
      -0.31496062 -0.59055119 0.03937008,
      -0.31496062 -0.59055119 0.0098425197,
      -0.31496062 -0.59055119 0.03937008,
      -0.31496062 -0.43307086 0.03937008,
      -0.31496062 -0.43307086 0.0098425197,
      -0.31496062 -0.43307086 0.0098425197,
      -0.31496062 -0.43307086 0.03937008,
      -0.36220473 -0.43307086 0.03937008,
      -0.36220473 -0.43307086 0.0098425197,
      -0.39370081 -0.46456694 0.0098425197,
      -0.36220473 -0.43307086 0.0098425197,
      -0.39370081 -0.46456694 0.03937008,
      -0.36220473 -0.43307086 0.03937008,
      -0.59055119 -0.59055119 0.39370078,
      0.59055119 -0.59055119 0.39370078,
      0.59055119 0.59055119 0.39370078,
      -0.59055119 0.59055119 0.39370078,
      0.39370081 -0.59055119 0.0098425197,
      0.39370081 -0.59055119 0.03937008,
      0.39370081 -0.46456694 0.03937008,
      0.39370081 -0.46456694 0.0098425197,
      0.39370081 -0.46456694 0.0098425197,
      0.36220473 -0.43307086 0.0098425197,
      0.36220473 -0.43307086 0.03937008,
      0.39370081 -0.46456694 0.03937008,
      0.36220473 -0.43307086 0.0098425197,
      0.36220473 -0.43307086 0.03937008,
      0.31496062 -0.43307086 0.03937008,
      0.31496062 -0.43307086 0.0098425197,
      0.31496062 -0.43307086 0.0098425197,
      0.31496062 -0.43307086 0.03937008,
      0.31496062 -0.59055119 0.03937008,
      0.31496062 -0.59055119 0.0098425197,
      0.31496062 -0.59055119 0.03937008,
      0.31496062 -0.43307086 0.03937008,
      0.36220473 -0.43307086 0.03937008,
      0.39370081 -0.46456694 0.03937008,
      0.39370081 -0.59055119 0.03937008,
      0.21653543 -0.59055119 0.0098425197,
      0.21653543 -0.59055119 0.03937008,
      0.21653543 -0.47204726 0.03937008,
      0.21653543 -0.47204726 0.0098425197,
      0.17755906 -0.43307086 0.0098425197,
      0.18432723 -0.43366302 0.0098425197,
      0.19088977 -0.43542144 0.0098425197,
      0.19704725 -0.43829273 0.0098425197,
      0.20261259 -0.44218962 0.0098425197,
      0.2074167 -0.44699372 0.0098425197,
      0.21131359 -0.45255906 0.0098425197,
      0.21418487 -0.45871652 0.0098425197,
      0.21594329 -0.46527909 0.0098425197,
      0.21653543 -0.47204726 0.0098425197,
      0.17755906 -0.43307086 0.03937008,
      0.18432723 -0.43366302 0.03937008,
      0.19088977 -0.43542144 0.03937008,
      0.19704725 -0.43829273 0.03937008,
      0.20261259 -0.44218962 0.03937008,
      0.2074167 -0.44699372 0.03937008,
      0.21131359 -0.45255906 0.03937008,
      0.21418487 -0.45871652 0.03937008,
      0.21594329 -0.46527909 0.03937008,
      0.21653543 -0.47204726 0.03937008,
      0.17755906 -0.43307086 0.0098425197,
      0.17755906 -0.43307086 0.03937008,
      0.17677166 -0.43307086 0.03937008,
      0.17677166 -0.43307086 0.0098425197,
      0.13779527 -0.47204726 0.0098425197,
      0.13838742 -0.46527909 0.0098425197,
      0.14014584 -0.45871652 0.0098425197,
      0.14301712 -0.45255906 0.0098425197,
      0.14691402 -0.44699372 0.0098425197,
      0.15171812 -0.44218962 0.0098425197,
      0.15728346 -0.43829273 0.0098425197,
      0.16344095 -0.43542144 0.0098425197,
      0.17000347 -0.43366302 0.0098425197,
      0.17677166 -0.43307086 0.0098425197,
      0.13779527 -0.47204726 0.03937008,
      0.13838742 -0.46527909 0.03937008,
      0.14014584 -0.45871652 0.03937008,
      0.14301712 -0.45255906 0.03937008,
      0.14691402 -0.44699372 0.03937008,
      0.15171812 -0.44218962 0.03937008,
      0.15728346 -0.43829273 0.03937008,
      0.16344095 -0.43542144 0.03937008,
      0.17000347 -0.43366302 0.03937008,
      0.17677166 -0.43307086 0.03937008,
      0.13779527 -0.47204726 0.0098425197,
      0.13779527 -0.47204726 0.03937008,
      0.13779527 -0.59055119 0.03937008,
      0.13779527 -0.59055119 0.0098425197,
      0.13779527 -0.59055119 0.03937008,
      0.13779527 -0.47204726 0.03937008,
      0.13838742 -0.46527909 0.03937008,
      0.14014584 -0.45871652 0.03937008,
      0.14301712 -0.45255906 0.03937008,
      0.14691402 -0.44699372 0.03937008,
      0.15171812 -0.44218962 0.03937008,
      0.15728346 -0.43829273 0.03937008,
      0.16344095 -0.43542144 0.03937008,
      0.17000347 -0.43366302 0.03937008,
      0.17677166 -0.43307086 0.03937008,
      0.17755906 -0.43307086 0.03937008,
      0.18432723 -0.43366302 0.03937008,
      0.19088977 -0.43542144 0.03937008,
      0.19704725 -0.43829273 0.03937008,
      0.20261259 -0.44218962 0.03937008,
      0.2074167 -0.44699372 0.03937008,
      0.21131359 -0.45255906 0.03937008,
      0.21418487 -0.45871652 0.03937008,
      0.21594329 -0.46527909 0.03937008,
      0.21653543 -0.47204726 0.03937008,
      0.21653543 -0.59055119 0.03937008,
      0.039370078 -0.59055119 0.0098425197,
      0.039370078 -0.59055119 0.03937008,
      0.039370078 -0.47204726 0.03937008,
      0.039370078 -0.47204726 0.0098425197,
      0.00039370079 -0.43307086 0.0098425197,
      0.0071618776 -0.43366302 0.0098425197,
      0.013724407 -0.43542144 0.0098425197,
      0.019881889 -0.43829273 0.0098425197,
      0.025447235 -0.44218962 0.0098425197,
      0.030251338 -0.44699372 0.0098425197,
      0.034148235 -0.45255906 0.0098425197,
      0.037019517 -0.45871652 0.0098425197,
      0.038777941 -0.46527909 0.0098425197,
      0.039370078 -0.47204726 0.0098425197,
      0.00039370079 -0.43307086 0.03937008,
      0.0071618776 -0.43366302 0.03937008,
      0.013724407 -0.43542144 0.03937008,
      0.019881889 -0.43829273 0.03937008,
      0.025447235 -0.44218962 0.03937008,
      0.030251338 -0.44699372 0.03937008,
      0.034148235 -0.45255906 0.03937008,
      0.037019517 -0.45871652 0.03937008,
      0.038777941 -0.46527909 0.03937008,
      0.039370078 -0.47204726 0.03937008,
      0.00039370079 -0.43307086 0.0098425197,
      0.00039370079 -0.43307086 0.03937008,
      -0.00039370079 -0.43307086 0.03937008,
      -0.00039370079 -0.43307086 0.0098425197,
      -0.039370078 -0.47204726 0.0098425197,
      -0.038777941 -0.46527909 0.0098425197,
      -0.037019517 -0.45871652 0.0098425197,
      -0.034148235 -0.45255906 0.0098425197,
      -0.030251338 -0.44699372 0.0098425197,
      -0.025447235 -0.44218962 0.0098425197,
      -0.019881889 -0.43829273 0.0098425197,
      -0.013724407 -0.43542144 0.0098425197,
      -0.0071618776 -0.43366302 0.0098425197,
      -0.00039370079 -0.43307086 0.0098425197,
      -0.039370078 -0.47204726 0.03937008,
      -0.038777941 -0.46527909 0.03937008,
      -0.037019517 -0.45871652 0.03937008,
      -0.034148235 -0.45255906 0.03937008,
      -0.030251338 -0.44699372 0.03937008,
      -0.025447235 -0.44218962 0.03937008,
      -0.019881889 -0.43829273 0.03937008,
      -0.013724407 -0.43542144 0.03937008,
      -0.0071618776 -0.43366302 0.03937008,
      -0.00039370079 -0.43307086 0.03937008,
      -0.039370078 -0.47204726 0.0098425197,
      -0.039370078 -0.47204726 0.03937008,
      -0.039370078 -0.59055119 0.03937008,
      -0.039370078 -0.59055119 0.0098425197,
      -0.039370078 -0.59055119 0.03937008,
      -0.039370078 -0.47204726 0.03937008,
      -0.038777941 -0.46527909 0.03937008,
      -0.037019517 -0.45871652 0.03937008,
      -0.034148235 -0.45255906 0.03937008,
      -0.030251338 -0.44699372 0.03937008,
      -0.025447235 -0.44218962 0.03937008,
      -0.019881889 -0.43829273 0.03937008,
      -0.013724407 -0.43542144 0.03937008,
      -0.0071618776 -0.43366302 0.03937008,
      -0.00039370079 -0.43307086 0.03937008,
      0.00039370079 -0.43307086 0.03937008,
      0.0071618776 -0.43366302 0.03937008,
      0.013724407 -0.43542144 0.03937008,
      0.019881889 -0.43829273 0.03937008,
      0.025447235 -0.44218962 0.03937008,
      0.030251338 -0.44699372 0.03937008,
      0.034148235 -0.45255906 0.03937008,
      0.037019517 -0.45871652 0.03937008,
      0.038777941 -0.46527909 0.03937008,
      0.039370078 -0.47204726 0.03937008,
      0.039370078 -0.59055119 0.03937008,
      -0.13779527 -0.59055119 0.0098425197,
      -0.13779527 -0.59055119 0.03937008,
      -0.13779527 -0.47204726 0.03937008,
      -0.13779527 -0.47204726 0.0098425197,
      -0.17677166 -0.43307086 0.0098425197,
      -0.17000347 -0.43366302 0.0098425197,
      -0.16344095 -0.43542144 0.0098425197,
      -0.15728346 -0.43829273 0.0098425197,
      -0.15171812 -0.44218962 0.0098425197,
      -0.14691402 -0.44699372 0.0098425197,
      -0.14301712 -0.45255906 0.0098425197,
      -0.14014584 -0.45871652 0.0098425197,
      -0.13838742 -0.46527909 0.0098425197,
      -0.13779527 -0.47204726 0.0098425197,
      -0.17677166 -0.43307086 0.03937008,
      -0.17000347 -0.43366302 0.03937008,
      -0.16344095 -0.43542144 0.03937008,
      -0.15728346 -0.43829273 0.03937008,
      -0.15171812 -0.44218962 0.03937008,
      -0.14691402 -0.44699372 0.03937008,
      -0.14301712 -0.45255906 0.03937008,
      -0.14014584 -0.45871652 0.03937008,
      -0.13838742 -0.46527909 0.03937008,
      -0.13779527 -0.47204726 0.03937008,
      -0.17677166 -0.43307086 0.0098425197,
      -0.17677166 -0.43307086 0.03937008,
      -0.17755906 -0.43307086 0.03937008,
      -0.17755906 -0.43307086 0.0098425197,
      -0.21653543 -0.47204726 0.0098425197,
      -0.21594329 -0.46527909 0.0098425197,
      -0.21418487 -0.45871652 0.0098425197,
      -0.21131359 -0.45255906 0.0098425197,
      -0.2074167 -0.44699372 0.0098425197,
      -0.20261259 -0.44218962 0.0098425197,
      -0.19704725 -0.43829273 0.0098425197,
      -0.19088977 -0.43542144 0.0098425197,
      -0.18432723 -0.43366302 0.0098425197,
      -0.17755906 -0.43307086 0.0098425197,
      -0.21653543 -0.47204726 0.03937008,
      -0.21594329 -0.46527909 0.03937008,
      -0.21418487 -0.45871652 0.03937008,
      -0.21131359 -0.45255906 0.03937008,
      -0.2074167 -0.44699372 0.03937008,
      -0.20261259 -0.44218962 0.03937008,
      -0.19704725 -0.43829273 0.03937008,
      -0.19088977 -0.43542144 0.03937008,
      -0.18432723 -0.43366302 0.03937008,
      -0.17755906 -0.43307086 0.03937008,
      -0.21653543 -0.47204726 0.0098425197,
      -0.21653543 -0.47204726 0.03937008,
      -0.21653543 -0.59055119 0.03937008,
      -0.21653543 -0.59055119 0.0098425197,
      -0.21653543 -0.59055119 0.03937008,
      -0.21653543 -0.47204726 0.03937008,
      -0.21594329 -0.46527909 0.03937008,
      -0.21418487 -0.45871652 0.03937008,
      -0.21131359 -0.45255906 0.03937008,
      -0.2074167 -0.44699372 0.03937008,
      -0.20261259 -0.44218962 0.03937008,
      -0.19704725 -0.43829273 0.03937008,
      -0.19088977 -0.43542144 0.03937008,
      -0.18432723 -0.43366302 0.03937008,
      -0.17755906 -0.43307086 0.03937008,
      -0.17677166 -0.43307086 0.03937008,
      -0.17000347 -0.43366302 0.03937008,
      -0.16344095 -0.43542144 0.03937008,
      -0.15728346 -0.43829273 0.03937008,
      -0.15171812 -0.44218962 0.03937008,
      -0.14691402 -0.44699372 0.03937008,
      -0.14301712 -0.45255906 0.03937008,
      -0.14014584 -0.45871652 0.03937008,
      -0.13838742 -0.46527909 0.03937008,
      -0.13779527 -0.47204726 0.03937008,
      -0.13779527 -0.59055119 0.03937008,
      -0.59055119 0.48228347 0.03937008,
      -0.48228347 0.48228347 0.03937008,
      -0.48228347 0.59055119 0.03937008,
      -0.54133858 0.59055119 0.03937008,
      -0.54133858 0.54133858 0.03937008,
      -0.59055119 0.54133858 0.03937008,
      -0.59055119 -0.54133858 0.03937008,
      -0.54133858 -0.54133858 0.03937008,
      -0.54133858 -0.59055119 0.03937008,
      -0.48228347 -0.59055119 0.03937008,
      -0.48228347 -0.48228347 0.03937008,
      -0.59055119 -0.48228347 0.03937008,
      0.54133858 -0.59055119 0.03937008,
      0.54133858 -0.54133858 0.03937008,
      0.59055119 -0.54133858 0.03937008,
      0.59055119 -0.48228347 0.03937008,
      0.48228347 -0.48228347 0.03937008,
      0.48228347 -0.59055119 0.03937008,
      0.59055119 0.54133858 0.03937008,
      0.54133858 0.54133858 0.03937008,
      0.54133858 0.59055119 0.03937008,
      0.48228347 0.59055119 0.03937008,
      0.48228347 0.48228347 0.03937008,
      0.59055119 0.48228347 0.03937008,
      -0.59055119 0.54133858 0.03937008,
      -0.59055119 0.54133858 0.078740155,
      -0.54133858 0.54133858 0.078740155,
      -0.54133858 0.54133858 0.03937008,
      -0.59055119 0.54133858 0.078740155,
      -0.59055119 0.48228347 0.078740155,
      -0.48228347 0.48228347 0.078740155,
      -0.48228347 0.59055119 0.078740155,
      -0.54133858 0.59055119 0.078740155,
      -0.54133858 0.54133858 0.078740155,
      -0.59055119 -0.48228347 0.078740155,
      -0.59055119 -0.54133858 0.078740155,
      -0.54133858 -0.54133858 0.078740155,
      -0.54133858 -0.59055119 0.078740155,
      -0.48228347 -0.59055119 0.078740155,
      -0.48228347 -0.48228347 0.078740155,
      0.48228347 -0.59055119 0.078740155,
      0.54133858 -0.59055119 0.078740155,
      0.54133858 -0.54133858 0.078740155,
      0.59055119 -0.54133858 0.078740155,
      0.59055119 -0.48228347 0.078740155,
      0.48228347 -0.48228347 0.078740155,
      0.59055119 0.48228347 0.078740155,
      0.59055119 0.54133858 0.078740155,
      0.54133858 0.54133858 0.078740155,
      0.54133858 0.59055119 0.078740155,
      0.48228347 0.59055119 0.078740155,
      0.48228347 0.48228347 0.078740155,
      -0.59055119 0.48228347 0.03937008,
      -0.59055119 0.48228347 0.078740155,
      -0.48228347 0.48228347 0.03937008,
      -0.48228347 0.48228347 0.078740155,
      -0.48228347 0.59055119 0.03937008,
      -0.48228347 0.59055119 0.078740155,
      -0.48228347 0.48228347 0.078740155,
      -0.48228347 0.48228347 0.03937008,
      -0.54133858 0.59055119 0.03937008,
      -0.54133858 0.59055119 0.078740155,
      -0.54133858 0.54133858 0.03937008,
      -0.54133858 0.54133858 0.078740155,
      -0.59055119 -0.54133858 0.03937008,
      -0.59055119 -0.54133858 0.078740155,
      -0.54133858 -0.54133858 0.03937008,
      -0.54133858 -0.54133858 0.078740155,
      -0.54133858 -0.59055119 0.03937008,
      -0.54133858 -0.59055119 0.078740155,
      -0.54133858 -0.54133858 0.078740155,
      -0.54133858 -0.54133858 0.03937008,
      -0.48228347 -0.59055119 0.03937008,
      -0.48228347 -0.59055119 0.078740155,
      -0.48228347 -0.48228347 0.03937008,
      -0.48228347 -0.48228347 0.078740155,
      -0.59055119 -0.48228347 0.03937008,
      -0.59055119 -0.48228347 0.078740155,
      -0.48228347 -0.48228347 0.078740155,
      -0.48228347 -0.48228347 0.03937008,
      0.54133858 -0.59055119 0.03937008,
      0.54133858 -0.59055119 0.078740155,
      0.54133858 -0.54133858 0.03937008,
      0.54133858 -0.54133858 0.078740155,
      0.59055119 -0.54133858 0.03937008,
      0.59055119 -0.54133858 0.078740155,
      0.54133858 -0.54133858 0.078740155,
      0.54133858 -0.54133858 0.03937008,
      0.59055119 -0.48228347 0.03937008,
      0.59055119 -0.48228347 0.078740155,
      0.48228347 -0.48228347 0.03937008,
      0.48228347 -0.48228347 0.078740155,
      0.48228347 -0.59055119 0.03937008,
      0.48228347 -0.59055119 0.078740155,
      0.48228347 -0.48228347 0.078740155,
      0.48228347 -0.48228347 0.03937008,
      0.59055119 0.54133858 0.03937008,
      0.59055119 0.54133858 0.078740155,
      0.54133858 0.54133858 0.03937008,
      0.54133858 0.54133858 0.078740155,
      0.54133858 0.59055119 0.03937008,
      0.54133858 0.59055119 0.078740155,
      0.54133858 0.54133858 0.078740155,
      0.54133858 0.54133858 0.03937008,
      0.48228347 0.59055119 0.03937008,
      0.48228347 0.59055119 0.078740155,
      0.48228347 0.48228347 0.03937008,
      0.48228347 0.48228347 0.078740155,
      0.59055119 0.48228347 0.03937008,
      0.59055119 0.48228347 0.078740155,
      0.48228347 0.48228347 0.078740155,
      0.48228347 0.48228347 0.03937008,
      -0.59055119 -0.39370081 0.0098425197,
      -0.46456694 -0.39370081 0.0098425197,
      -0.46456694 -0.39370081 0.03937008,
      -0.59055119 -0.39370081 0.03937008,
      -0.46456694 -0.39370081 0.0098425197,
      -0.43307086 -0.36220473 0.0098425197,
      -0.43307086 -0.36220473 0.03937008,
      -0.46456694 -0.39370081 0.03937008,
      -0.43307086 -0.36220473 0.0098425197,
      -0.43307086 -0.31496062 0.0098425197,
      -0.43307086 -0.31496062 0.03937008,
      -0.43307086 -0.36220473 0.03937008,
      -0.59055119 -0.31496062 0.0098425197,
      -0.43307086 -0.31496062 0.0098425197,
      -0.59055119 -0.31496062 0.03937008,
      -0.43307086 -0.31496062 0.03937008,
      -0.59055119 -0.39370081 0.03937008,
      -0.59055119 -0.31496062 0.03937008,
      -0.46456694 -0.39370081 0.03937008,
      -0.43307086 -0.36220473 0.03937008,
      -0.43307086 -0.31496062 0.03937008,
      -0.59055119 -0.21653543 0.0098425197,
      -0.47204726 -0.21653543 0.0098425197,
      -0.47204726 -0.21653543 0.03937008,
      -0.59055119 -0.21653543 0.03937008,
      -0.47204726 -0.21653543 0.0098425197,
      -0.46527909 -0.21594329 0.0098425197,
      -0.45871652 -0.21418487 0.0098425197,
      -0.45255906 -0.21131359 0.0098425197,
      -0.44699372 -0.2074167 0.0098425197,
      -0.44218962 -0.20261259 0.0098425197,
      -0.43829273 -0.19704725 0.0098425197,
      -0.43542144 -0.19088977 0.0098425197,
      -0.43366302 -0.18432723 0.0098425197,
      -0.43307086 -0.17755906 0.0098425197,
      -0.43307086 -0.17755906 0.03937008,
      -0.47204726 -0.21653543 0.03937008,
      -0.46527909 -0.21594329 0.03937008,
      -0.45871652 -0.21418487 0.03937008,
      -0.45255906 -0.21131359 0.03937008,
      -0.44699372 -0.2074167 0.03937008,
      -0.44218962 -0.20261259 0.03937008,
      -0.43829273 -0.19704725 0.03937008,
      -0.43542144 -0.19088977 0.03937008,
      -0.43366302 -0.18432723 0.03937008,
      -0.43307086 -0.17755906 0.0098425197,
      -0.43307086 -0.17677166 0.0098425197,
      -0.43307086 -0.17677166 0.03937008,
      -0.43307086 -0.17755906 0.03937008,
      -0.43307086 -0.17677166 0.0098425197,
      -0.43366302 -0.17000347 0.0098425197,
      -0.43542144 -0.16344095 0.0098425197,
      -0.43829273 -0.15728346 0.0098425197,
      -0.44218962 -0.15171812 0.0098425197,
      -0.44699372 -0.14691402 0.0098425197,
      -0.45255906 -0.14301712 0.0098425197,
      -0.45871652 -0.14014584 0.0098425197,
      -0.46527909 -0.13838742 0.0098425197,
      -0.47204726 -0.13779527 0.0098425197,
      -0.47204726 -0.13779527 0.03937008,
      -0.43307086 -0.17677166 0.03937008,
      -0.43366302 -0.17000347 0.03937008,
      -0.43542144 -0.16344095 0.03937008,
      -0.43829273 -0.15728346 0.03937008,
      -0.44218962 -0.15171812 0.03937008,
      -0.44699372 -0.14691402 0.03937008,
      -0.45255906 -0.14301712 0.03937008,
      -0.45871652 -0.14014584 0.03937008,
      -0.46527909 -0.13838742 0.03937008,
      -0.59055119 -0.13779527 0.0098425197,
      -0.47204726 -0.13779527 0.0098425197,
      -0.59055119 -0.13779527 0.03937008,
      -0.47204726 -0.13779527 0.03937008,
      -0.59055119 -0.21653543 0.03937008,
      -0.59055119 -0.13779527 0.03937008,
      -0.47204726 -0.21653543 0.03937008,
      -0.46527909 -0.21594329 0.03937008,
      -0.45871652 -0.21418487 0.03937008,
      -0.45255906 -0.21131359 0.03937008,
      -0.44699372 -0.2074167 0.03937008,
      -0.44218962 -0.20261259 0.03937008,
      -0.43829273 -0.19704725 0.03937008,
      -0.43542144 -0.19088977 0.03937008,
      -0.43366302 -0.18432723 0.03937008,
      -0.43307086 -0.17755906 0.03937008,
      -0.43307086 -0.17677166 0.03937008,
      -0.43366302 -0.17000347 0.03937008,
      -0.43542144 -0.16344095 0.03937008,
      -0.43829273 -0.15728346 0.03937008,
      -0.44218962 -0.15171812 0.03937008,
      -0.44699372 -0.14691402 0.03937008,
      -0.45255906 -0.14301712 0.03937008,
      -0.45871652 -0.14014584 0.03937008,
      -0.46527909 -0.13838742 0.03937008,
      -0.47204726 -0.13779527 0.03937008,
      -0.59055119 -0.039370078 0.0098425197,
      -0.47204726 -0.039370078 0.0098425197,
      -0.47204726 -0.039370078 0.03937008,
      -0.59055119 -0.039370078 0.03937008,
      -0.47204726 -0.039370078 0.0098425197,
      -0.46527909 -0.038777941 0.0098425197,
      -0.45871652 -0.037019517 0.0098425197,
      -0.45255906 -0.034148235 0.0098425197,
      -0.44699372 -0.030251338 0.0098425197,
      -0.44218962 -0.025447235 0.0098425197,
      -0.43829273 -0.019881889 0.0098425197,
      -0.43542144 -0.013724407 0.0098425197,
      -0.43366302 -0.0071618776 0.0098425197,
      -0.43307086 -0.00039370079 0.0098425197,
      -0.43307086 -0.00039370079 0.03937008,
      -0.47204726 -0.039370078 0.03937008,
      -0.46527909 -0.038777941 0.03937008,
      -0.45871652 -0.037019517 0.03937008,
      -0.45255906 -0.034148235 0.03937008,
      -0.44699372 -0.030251338 0.03937008,
      -0.44218962 -0.025447235 0.03937008,
      -0.43829273 -0.019881889 0.03937008,
      -0.43542144 -0.013724407 0.03937008,
      -0.43366302 -0.0071618776 0.03937008,
      -0.43307086 -0.00039370079 0.0098425197,
      -0.43307086 0.00039370079 0.0098425197,
      -0.43307086 0.00039370079 0.03937008,
      -0.43307086 -0.00039370079 0.03937008,
      -0.43307086 0.00039370079 0.0098425197,
      -0.43366302 0.0071618776 0.0098425197,
      -0.43542144 0.013724407 0.0098425197,
      -0.43829273 0.019881889 0.0098425197,
      -0.44218962 0.025447235 0.0098425197,
      -0.44699372 0.030251338 0.0098425197,
      -0.45255906 0.034148235 0.0098425197,
      -0.45871652 0.037019517 0.0098425197,
      -0.46527909 0.038777941 0.0098425197,
      -0.47204726 0.039370078 0.0098425197,
      -0.47204726 0.039370078 0.03937008,
      -0.43307086 0.00039370079 0.03937008,
      -0.43366302 0.0071618776 0.03937008,
      -0.43542144 0.013724407 0.03937008,
      -0.43829273 0.019881889 0.03937008,
      -0.44218962 0.025447235 0.03937008,
      -0.44699372 0.030251338 0.03937008,
      -0.45255906 0.034148235 0.03937008,
      -0.45871652 0.037019517 0.03937008,
      -0.46527909 0.038777941 0.03937008,
      -0.59055119 0.039370078 0.0098425197,
      -0.47204726 0.039370078 0.0098425197,
      -0.59055119 0.039370078 0.03937008,
      -0.47204726 0.039370078 0.03937008,
      -0.59055119 -0.039370078 0.03937008,
      -0.59055119 0.039370078 0.03937008,
      -0.47204726 -0.039370078 0.03937008,
      -0.46527909 -0.038777941 0.03937008,
      -0.45871652 -0.037019517 0.03937008,
      -0.45255906 -0.034148235 0.03937008,
      -0.44699372 -0.030251338 0.03937008,
      -0.44218962 -0.025447235 0.03937008,
      -0.43829273 -0.019881889 0.03937008,
      -0.43542144 -0.013724407 0.03937008,
      -0.43366302 -0.0071618776 0.03937008,
      -0.43307086 -0.00039370079 0.03937008,
      -0.43307086 0.00039370079 0.03937008,
      -0.43366302 0.0071618776 0.03937008,
      -0.43542144 0.013724407 0.03937008,
      -0.43829273 0.019881889 0.03937008,
      -0.44218962 0.025447235 0.03937008,
      -0.44699372 0.030251338 0.03937008,
      -0.45255906 0.034148235 0.03937008,
      -0.45871652 0.037019517 0.03937008,
      -0.46527909 0.038777941 0.03937008,
      -0.47204726 0.039370078 0.03937008,
      -0.59055119 0.13779527 0.0098425197,
      -0.47204726 0.13779527 0.0098425197,
      -0.47204726 0.13779527 0.03937008,
      -0.59055119 0.13779527 0.03937008,
      -0.47204726 0.13779527 0.0098425197,
      -0.46527909 0.13838742 0.0098425197,
      -0.45871652 0.14014584 0.0098425197,
      -0.45255906 0.14301712 0.0098425197,
      -0.44699372 0.14691402 0.0098425197,
      -0.44218962 0.15171812 0.0098425197,
      -0.43829273 0.15728346 0.0098425197,
      -0.43542144 0.16344095 0.0098425197,
      -0.43366302 0.17000347 0.0098425197,
      -0.43307086 0.17677166 0.0098425197,
      -0.43307086 0.17677166 0.03937008,
      -0.47204726 0.13779527 0.03937008,
      -0.46527909 0.13838742 0.03937008,
      -0.45871652 0.14014584 0.03937008,
      -0.45255906 0.14301712 0.03937008,
      -0.44699372 0.14691402 0.03937008,
      -0.44218962 0.15171812 0.03937008,
      -0.43829273 0.15728346 0.03937008,
      -0.43542144 0.16344095 0.03937008,
      -0.43366302 0.17000347 0.03937008,
      -0.43307086 0.17677166 0.0098425197,
      -0.43307086 0.17755906 0.0098425197,
      -0.43307086 0.17755906 0.03937008,
      -0.43307086 0.17677166 0.03937008,
      -0.43307086 0.17755906 0.0098425197,
      -0.43366302 0.18432723 0.0098425197,
      -0.43542144 0.19088977 0.0098425197,
      -0.43829273 0.19704725 0.0098425197,
      -0.44218962 0.20261259 0.0098425197,
      -0.44699372 0.2074167 0.0098425197,
      -0.45255906 0.21131359 0.0098425197,
      -0.45871652 0.21418487 0.0098425197,
      -0.46527909 0.21594329 0.0098425197,
      -0.47204726 0.21653543 0.0098425197,
      -0.47204726 0.21653543 0.03937008,
      -0.43307086 0.17755906 0.03937008,
      -0.43366302 0.18432723 0.03937008,
      -0.43542144 0.19088977 0.03937008,
      -0.43829273 0.19704725 0.03937008,
      -0.44218962 0.20261259 0.03937008,
      -0.44699372 0.2074167 0.03937008,
      -0.45255906 0.21131359 0.03937008,
      -0.45871652 0.21418487 0.03937008,
      -0.46527909 0.21594329 0.03937008,
      -0.59055119 0.21653543 0.0098425197,
      -0.47204726 0.21653543 0.0098425197,
      -0.59055119 0.21653543 0.03937008,
      -0.47204726 0.21653543 0.03937008,
      -0.59055119 0.13779527 0.03937008,
      -0.59055119 0.21653543 0.03937008,
      -0.47204726 0.13779527 0.03937008,
      -0.46527909 0.13838742 0.03937008,
      -0.45871652 0.14014584 0.03937008,
      -0.45255906 0.14301712 0.03937008,
      -0.44699372 0.14691402 0.03937008,
      -0.44218962 0.15171812 0.03937008,
      -0.43829273 0.15728346 0.03937008,
      -0.43542144 0.16344095 0.03937008,
      -0.43366302 0.17000347 0.03937008,
      -0.43307086 0.17677166 0.03937008,
      -0.43307086 0.17755906 0.03937008,
      -0.43366302 0.18432723 0.03937008,
      -0.43542144 0.19088977 0.03937008,
      -0.43829273 0.19704725 0.03937008,
      -0.44218962 0.20261259 0.03937008,
      -0.44699372 0.2074167 0.03937008,
      -0.45255906 0.21131359 0.03937008,
      -0.45871652 0.21418487 0.03937008,
      -0.46527909 0.21594329 0.03937008,
      -0.47204726 0.21653543 0.03937008,
      -0.14173229 0.18917323 0.0098425197,
      -0.14173229 -0.19468503 0.0098425197,
      -0.14173229 -0.19468503 0.03937008,
      -0.14173229 0.18917323 0.03937008,
      -0.14173229 -0.19468503 0.0098425197,
      0.22283465 -0.19468503 0.0098425197,
      0.22283465 -0.19468503 0.03937008,
      -0.14173229 -0.19468503 0.03937008,
      0.22283465 -0.19468503 0.0098425197,
      0.22283465 0.18917323 0.0098425197,
      0.22283465 0.18917323 0.03937008,
      0.22283465 -0.19468503 0.03937008,
      0.22283465 0.18917323 0.0098425197,
      -0.14173229 0.18917323 0.0098425197,
      -0.14173229 0.18917323 0.03937008,
      0.22283465 0.18917323 0.03937008,
      0.22283465 0.18917323 0.03937008,
      -0.14173229 0.18917323 0.03937008,
      0.22283465 -0.19468503 0.03937008,
      -0.14173229 -0.19468503 0.03937008,
      -0.14173229 0.18917323 0,
      -0.14173229 -0.19468503 0,
      0.22283465 -0.19468503 0,
      0.22283465 0.18917323 0,
      -0.14173229 -0.19468503 0,
      -0.14173229 -0.19468503 0.039370078,
      -0.14173229 0.18917323 0.039370078,
      -0.14173229 0.18917323 0,
      -0.14173229 0.18917323 0,
      -0.14173229 0.18917323 0.039370078,
      0.22283465 0.18917323 0.039370078,
      0.22283465 0.18917323 0,
      0.22283465 0.18917323 0,
      0.22283465 0.18917323 0.039370078,
      0.22283465 -0.19468503 0.039370078,
      0.22283465 -0.19468503 0,
      0.22283465 -0.19468503 0,
      0.22283465 -0.19468503 0.039370078,
      -0.14173229 -0.19468503 0.039370078,
      -0.14173229 -0.19468503 0,
      -0.14173229 0.18917323 0.039370078,
      -0.14173229 -0.19468503 0.039370078,
      0.22283465 0.18917323 0.039370078,
      0.22283465 -0.19468503 0.039370078,
      0.39370081 -0.46456694 0,
      0.39370081 -0.59055119 0,
      0.31496062 -0.59055119 0,
      0.31496062 -0.43307086 0,
      0.36220473 -0.43307086 0,
      0.39370081 -0.46456694 0,
      0.39370081 -0.46456694 0.039370078,
      0.36220473 -0.43307086 0,
      0.36220473 -0.43307086 0.039370078,
      0.39370081 -0.46456694 0.039370078,
      0.36220473 -0.43307086 0.039370078,
      0.39370081 -0.59055119 0.039370078,
      0.31496062 -0.59055119 0.039370078,
      0.31496062 -0.43307086 0.039370078,
      0.39370081 -0.46456694 0,
      0.39370081 -0.46456694 0.039370078,
      0.39370081 -0.59055119 0,
      0.39370081 -0.59055119 0.039370078,
      0.31496062 -0.59055119 0,
      0.39370081 -0.59055119 0,
      0.31496062 -0.59055119 0.039370078,
      0.39370081 -0.59055119 0.039370078,
      0.31496062 -0.59055119 0,
      0.31496062 -0.43307086 0,
      0.31496062 -0.43307086 0.039370078,
      0.31496062 -0.59055119 0.039370078,
      0.36220473 -0.43307086 0,
      0.36220473 -0.43307086 0.039370078,
      0.31496062 -0.43307086 0.039370078,
      0.31496062 -0.43307086 0,
      0.39370081 0.46456694 0,
      0.36220473 0.43307086 0,
      0.39370081 0.59055119 0,
      0.31496062 0.59055119 0,
      0.31496062 0.43307086 0,
      0.39370081 0.46456694 0.039370078,
      0.39370081 0.46456694 0,
      0.36220473 0.43307086 0.039370078,
      0.36220473 0.43307086 0,
      0.36220473 0.43307086 0.039370078,
      0.31496062 0.43307086 0.039370078,
      0.31496062 0.43307086 0,
      0.36220473 0.43307086 0,
      0.31496062 0.59055119 0,
      0.31496062 0.59055119 0.039370078,
      0.31496062 0.43307086 0,
      0.31496062 0.43307086 0.039370078,
      0.39370081 0.59055119 0.039370078,
      0.39370081 0.46456694 0.039370078,
      0.31496062 0.59055119 0.039370078,
      0.31496062 0.43307086 0.039370078,
      0.36220473 0.43307086 0.039370078,
      0.31496062 0.59055119 0,
      0.39370081 0.59055119 0,
      0.39370081 0.59055119 0.039370078,
      0.31496062 0.59055119 0.039370078,
      0.39370081 0.59055119 0,
      0.39370081 0.46456694 0,
      0.39370081 0.59055119 0.039370078,
      0.39370081 0.46456694 0.039370078,
      0.48228347 0.59055119 0.039370078,
      0.54133858 0.59055119 0.039370078,
      0.48228347 0.48228347 0.039370078,
      0.59055119 0.48228347 0.039370078,
      0.59055119 0.54133858 0.039370078,
      0.54133858 0.54133858 0.039370078,
      0.48228347 0.59055119 0.039370078,
      0.54133858 0.59055119 0.039370078,
      0.54133858 0.59055119 0.078740155,
      0.48228347 0.59055119 0.078740155,
      0.54133858 0.54133858 0.078740155,
      0.54133858 0.59055119 0.078740155,
      0.54133858 0.54133858 0.039370078,
      0.54133858 0.59055119 0.039370078,
      0.59055119 0.54133858 0.039370078,
      0.54133858 0.54133858 0.039370078,
      0.54133858 0.54133858 0.078740155,
      0.59055119 0.54133858 0.078740155,
      0.59055119 0.54133858 0.039370078,
      0.59055119 0.48228347 0.039370078,
      0.59055119 0.48228347 0.078740155,
      0.59055119 0.54133858 0.078740155,
      0.48228347 0.48228347 0.078740155,
      0.59055119 0.48228347 0.078740155,
      0.48228347 0.48228347 0.039370078,
      0.59055119 0.48228347 0.039370078,
      0.48228347 0.59055119 0.039370078,
      0.48228347 0.48228347 0.039370078,
      0.48228347 0.48228347 0.078740155,
      0.48228347 0.59055119 0.078740155,
      0.48228347 0.59055119 0.078740155,
      0.48228347 0.48228347 0.078740155,
      0.59055119 0.48228347 0.078740155,
      0.59055119 0.54133858 0.078740155,
      0.54133858 0.54133858 0.078740155,
      0.54133858 0.59055119 0.078740155,
      -0.59055119 0.48228347 0.039370078,
      -0.59055119 0.54133858 0.039370078,
      -0.48228347 0.48228347 0.039370078,
      -0.48228347 0.59055119 0.039370078,
      -0.54133858 0.59055119 0.039370078,
      -0.54133858 0.54133858 0.039370078,
      -0.59055119 0.48228347 0.039370078,
      -0.59055119 0.54133858 0.039370078,
      -0.59055119 0.54133858 0.078740155,
      -0.59055119 0.48228347 0.078740155,
      -0.54133858 0.54133858 0.078740155,
      -0.59055119 0.54133858 0.078740155,
      -0.54133858 0.54133858 0.039370078,
      -0.59055119 0.54133858 0.039370078,
      -0.54133858 0.59055119 0.039370078,
      -0.54133858 0.54133858 0.039370078,
      -0.54133858 0.54133858 0.078740155,
      -0.54133858 0.59055119 0.078740155,
      -0.54133858 0.59055119 0.039370078,
      -0.48228347 0.59055119 0.039370078,
      -0.48228347 0.59055119 0.078740155,
      -0.54133858 0.59055119 0.078740155,
      -0.48228347 0.48228347 0.078740155,
      -0.48228347 0.59055119 0.078740155,
      -0.48228347 0.48228347 0.039370078,
      -0.48228347 0.59055119 0.039370078,
      -0.59055119 0.48228347 0.039370078,
      -0.48228347 0.48228347 0.039370078,
      -0.48228347 0.48228347 0.078740155,
      -0.59055119 0.48228347 0.078740155,
      -0.59055119 0.48228347 0.078740155,
      -0.48228347 0.48228347 0.078740155,
      -0.48228347 0.59055119 0.078740155,
      -0.54133858 0.59055119 0.078740155,
      -0.54133858 0.54133858 0.078740155,
      -0.59055119 0.54133858 0.078740155,
      0.59055119 -0.48228347 0.039370078,
      0.59055119 -0.54133858 0.039370078,
      0.48228347 -0.48228347 0.039370078,
      0.48228347 -0.59055119 0.039370078,
      0.54133858 -0.59055119 0.039370078,
      0.54133858 -0.54133858 0.039370078,
      0.59055119 -0.48228347 0.039370078,
      0.59055119 -0.54133858 0.039370078,
      0.59055119 -0.54133858 0.078740155,
      0.59055119 -0.48228347 0.078740155,
      0.54133858 -0.54133858 0.078740155,
      0.59055119 -0.54133858 0.078740155,
      0.54133858 -0.54133858 0.039370078,
      0.59055119 -0.54133858 0.039370078,
      0.54133858 -0.59055119 0.039370078,
      0.54133858 -0.54133858 0.039370078,
      0.54133858 -0.54133858 0.078740155,
      0.54133858 -0.59055119 0.078740155,
      0.54133858 -0.59055119 0.039370078,
      0.48228347 -0.59055119 0.039370078,
      0.48228347 -0.59055119 0.078740155,
      0.54133858 -0.59055119 0.078740155,
      0.48228347 -0.48228347 0.078740155,
      0.48228347 -0.59055119 0.078740155,
      0.48228347 -0.48228347 0.039370078,
      0.48228347 -0.59055119 0.039370078,
      0.59055119 -0.48228347 0.039370078,
      0.48228347 -0.48228347 0.039370078,
      0.48228347 -0.48228347 0.078740155,
      0.59055119 -0.48228347 0.078740155,
      0.59055119 -0.48228347 0.078740155,
      0.48228347 -0.48228347 0.078740155,
      0.48228347 -0.59055119 0.078740155,
      0.54133858 -0.59055119 0.078740155,
      0.54133858 -0.54133858 0.078740155,
      0.59055119 -0.54133858 0.078740155,
      -0.59055119 -0.54133858 0.039370078,
      -0.59055119 -0.48228347 0.039370078,
      -0.54133858 -0.54133858 0.039370078,
      -0.54133858 -0.59055119 0.039370078,
      -0.48228347 -0.59055119 0.039370078,
      -0.48228347 -0.48228347 0.039370078,
      -0.59055119 -0.54133858 0.039370078,
      -0.59055119 -0.48228347 0.039370078,
      -0.59055119 -0.48228347 0.078740155,
      -0.59055119 -0.54133858 0.078740155,
      -0.48228347 -0.48228347 0.078740155,
      -0.59055119 -0.48228347 0.078740155,
      -0.48228347 -0.48228347 0.039370078,
      -0.59055119 -0.48228347 0.039370078,
      -0.48228347 -0.59055119 0.039370078,
      -0.48228347 -0.48228347 0.039370078,
      -0.48228347 -0.48228347 0.078740155,
      -0.48228347 -0.59055119 0.078740155,
      -0.48228347 -0.59055119 0.039370078,
      -0.54133858 -0.59055119 0.039370078,
      -0.54133858 -0.59055119 0.078740155,
      -0.48228347 -0.59055119 0.078740155,
      -0.54133858 -0.54133858 0.078740155,
      -0.54133858 -0.59055119 0.078740155,
      -0.54133858 -0.54133858 0.039370078,
      -0.54133858 -0.59055119 0.039370078,
      -0.59055119 -0.54133858 0.039370078,
      -0.54133858 -0.54133858 0.039370078,
      -0.54133858 -0.54133858 0.078740155,
      -0.59055119 -0.54133858 0.078740155,
      -0.59055119 -0.54133858 0.078740155,
      -0.54133858 -0.54133858 0.078740155,
      -0.54133858 -0.59055119 0.078740155,
      -0.48228347 -0.59055119 0.078740155,
      -0.48228347 -0.48228347 0.078740155,
      -0.59055119 -0.48228347 0.078740155,
      0.13779527 -0.59055119 0,
      0.13779527 -0.47204726 0,
      0.13838742 -0.46527909 0,
      0.14014584 -0.45871652 0,
      0.14301712 -0.45255906 0,
      0.14691402 -0.44699372 0,
      0.15171812 -0.44218962 0,
      0.15728346 -0.43829273 0,
      0.16344095 -0.43542144 0,
      0.17000347 -0.43366302 0,
      0.17677166 -0.43307086 0,
      0.17755906 -0.43307086 0,
      0.18432723 -0.43366302 0,
      0.19088977 -0.43542144 0,
      0.19704725 -0.43829273 0,
      0.20261259 -0.44218962 0,
      0.2074167 -0.44699372 0,
      0.21131359 -0.45255906 0,
      0.21418487 -0.45871652 0,
      0.21594329 -0.46527909 0,
      0.21653543 -0.47204726 0,
      0.21653543 -0.59055119 0,
      0.13779527 -0.59055119 0,
      0.21653543 -0.59055119 0,
      0.13779527 -0.59055119 0.039370078,
      0.21653543 -0.59055119 0.039370078,
      0.13779527 -0.59055119 0,
      0.13779527 -0.59055119 0.039370078,
      0.13779527 -0.47204726 0,
      0.13779527 -0.47204726 0.039370078,
      0.13779527 -0.47204726 0,
      0.13779527 -0.47204726 0.039370078,
      0.13838742 -0.46527909 0.039370078,
      0.14014584 -0.45871652 0.039370078,
      0.14301712 -0.45255906 0.039370078,
      0.14691402 -0.44699372 0.039370078,
      0.15171812 -0.44218962 0.039370078,
      0.15728346 -0.43829273 0.039370078,
      0.16344095 -0.43542144 0.039370078,
      0.17000347 -0.43366302 0.039370078,
      0.17677166 -0.43307086 0.039370078,
      0.17677166 -0.43307086 0,
      0.13838742 -0.46527909 0,
      0.14014584 -0.45871652 0,
      0.14301712 -0.45255906 0,
      0.14691402 -0.44699372 0,
      0.15171812 -0.44218962 0,
      0.15728346 -0.43829273 0,
      0.16344095 -0.43542144 0,
      0.17000347 -0.43366302 0,
      0.17677166 -0.43307086 0,
      0.17755906 -0.43307086 0,
      0.17755906 -0.43307086 0.039370078,
      0.17677166 -0.43307086 0.039370078,
      0.17755906 -0.43307086 0,
      0.17755906 -0.43307086 0.039370078,
      0.18432723 -0.43366302 0.039370078,
      0.19088977 -0.43542144 0.039370078,
      0.19704725 -0.43829273 0.039370078,
      0.20261259 -0.44218962 0.039370078,
      0.2074167 -0.44699372 0.039370078,
      0.21131359 -0.45255906 0.039370078,
      0.21418487 -0.45871652 0.039370078,
      0.21594329 -0.46527909 0.039370078,
      0.21653543 -0.47204726 0.039370078,
      0.21653543 -0.47204726 0,
      0.18432723 -0.43366302 0,
      0.19088977 -0.43542144 0,
      0.19704725 -0.43829273 0,
      0.20261259 -0.44218962 0,
      0.2074167 -0.44699372 0,
      0.21131359 -0.45255906 0,
      0.21418487 -0.45871652 0,
      0.21594329 -0.46527909 0,
      0.21653543 -0.59055119 0,
      0.21653543 -0.59055119 0.039370078,
      0.21653543 -0.47204726 0.039370078,
      0.21653543 -0.47204726 0,
      0.13779527 -0.59055119 0.039370078,
      0.21653543 -0.59055119 0.039370078,
      0.13779527 -0.47204726 0.039370078,
      0.13838742 -0.46527909 0.039370078,
      0.14014584 -0.45871652 0.039370078,
      0.14301712 -0.45255906 0.039370078,
      0.14691402 -0.44699372 0.039370078,
      0.15171812 -0.44218962 0.039370078,
      0.15728346 -0.43829273 0.039370078,
      0.16344095 -0.43542144 0.039370078,
      0.17000347 -0.43366302 0.039370078,
      0.17677166 -0.43307086 0.039370078,
      0.17755906 -0.43307086 0.039370078,
      0.18432723 -0.43366302 0.039370078,
      0.19088977 -0.43542144 0.039370078,
      0.19704725 -0.43829273 0.039370078,
      0.20261259 -0.44218962 0.039370078,
      0.2074167 -0.44699372 0.039370078,
      0.21131359 -0.45255906 0.039370078,
      0.21418487 -0.45871652 0.039370078,
      0.21594329 -0.46527909 0.039370078,
      0.21653543 -0.47204726 0.039370078,
      -0.039370078 -0.59055119 0,
      -0.039370078 -0.47204726 0,
      -0.038777941 -0.46527909 0,
      -0.037019517 -0.45871652 0,
      -0.034148235 -0.45255906 0,
      -0.030251338 -0.44699372 0,
      -0.025447235 -0.44218962 0,
      -0.019881889 -0.43829273 0,
      -0.013724407 -0.43542144 0,
      -0.0071618776 -0.43366302 0,
      -0.00039370079 -0.43307086 0,
      0.00039370079 -0.43307086 0,
      0.0071618776 -0.43366302 0,
      0.013724407 -0.43542144 0,
      0.019881889 -0.43829273 0,
      0.025447235 -0.44218962 0,
      0.030251338 -0.44699372 0,
      0.034148235 -0.45255906 0,
      0.037019517 -0.45871652 0,
      0.038777941 -0.46527909 0,
      0.039370078 -0.47204726 0,
      0.039370078 -0.59055119 0,
      -0.039370078 -0.59055119 0,
      0.039370078 -0.59055119 0,
      -0.039370078 -0.59055119 0.039370078,
      0.039370078 -0.59055119 0.039370078,
      -0.039370078 -0.59055119 0,
      -0.039370078 -0.59055119 0.039370078,
      -0.039370078 -0.47204726 0,
      -0.039370078 -0.47204726 0.039370078,
      -0.039370078 -0.47204726 0,
      -0.039370078 -0.47204726 0.039370078,
      -0.038777941 -0.46527909 0.039370078,
      -0.037019517 -0.45871652 0.039370078,
      -0.034148235 -0.45255906 0.039370078,
      -0.030251338 -0.44699372 0.039370078,
      -0.025447235 -0.44218962 0.039370078,
      -0.019881889 -0.43829273 0.039370078,
      -0.013724407 -0.43542144 0.039370078,
      -0.0071618776 -0.43366302 0.039370078,
      -0.00039370079 -0.43307086 0.039370078,
      -0.00039370079 -0.43307086 0,
      -0.038777941 -0.46527909 0,
      -0.037019517 -0.45871652 0,
      -0.034148235 -0.45255906 0,
      -0.030251338 -0.44699372 0,
      -0.025447235 -0.44218962 0,
      -0.019881889 -0.43829273 0,
      -0.013724407 -0.43542144 0,
      -0.0071618776 -0.43366302 0,
      -0.00039370079 -0.43307086 0,
      0.00039370079 -0.43307086 0,
      0.00039370079 -0.43307086 0.039370078,
      -0.00039370079 -0.43307086 0.039370078,
      0.00039370079 -0.43307086 0,
      0.00039370079 -0.43307086 0.039370078,
      0.0071618776 -0.43366302 0.039370078,
      0.013724407 -0.43542144 0.039370078,
      0.019881889 -0.43829273 0.039370078,
      0.025447235 -0.44218962 0.039370078,
      0.030251338 -0.44699372 0.039370078,
      0.034148235 -0.45255906 0.039370078,
      0.037019517 -0.45871652 0.039370078,
      0.038777941 -0.46527909 0.039370078,
      0.039370078 -0.47204726 0.039370078,
      0.039370078 -0.47204726 0,
      0.0071618776 -0.43366302 0,
      0.013724407 -0.43542144 0,
      0.019881889 -0.43829273 0,
      0.025447235 -0.44218962 0,
      0.030251338 -0.44699372 0,
      0.034148235 -0.45255906 0,
      0.037019517 -0.45871652 0,
      0.038777941 -0.46527909 0,
      0.039370078 -0.59055119 0,
      0.039370078 -0.59055119 0.039370078,
      0.039370078 -0.47204726 0.039370078,
      0.039370078 -0.47204726 0,
      -0.039370078 -0.59055119 0.039370078,
      0.039370078 -0.59055119 0.039370078,
      -0.039370078 -0.47204726 0.039370078,
      -0.038777941 -0.46527909 0.039370078,
      -0.037019517 -0.45871652 0.039370078,
      -0.034148235 -0.45255906 0.039370078,
      -0.030251338 -0.44699372 0.039370078,
      -0.025447235 -0.44218962 0.039370078,
      -0.019881889 -0.43829273 0.039370078,
      -0.013724407 -0.43542144 0.039370078,
      -0.0071618776 -0.43366302 0.039370078,
      -0.00039370079 -0.43307086 0.039370078,
      0.00039370079 -0.43307086 0.039370078,
      0.0071618776 -0.43366302 0.039370078,
      0.013724407 -0.43542144 0.039370078,
      0.019881889 -0.43829273 0.039370078,
      0.025447235 -0.44218962 0.039370078,
      0.030251338 -0.44699372 0.039370078,
      0.034148235 -0.45255906 0.039370078,
      0.037019517 -0.45871652 0.039370078,
      0.038777941 -0.46527909 0.039370078,
      0.039370078 -0.47204726 0.039370078,
      -0.21653543 -0.59055119 0,
      -0.21653543 -0.47204726 0,
      -0.21594329 -0.46527909 0,
      -0.21418487 -0.45871652 0,
      -0.21131359 -0.45255906 0,
      -0.2074167 -0.44699372 0,
      -0.20261259 -0.44218962 0,
      -0.19704725 -0.43829273 0,
      -0.19088977 -0.43542144 0,
      -0.18432723 -0.43366302 0,
      -0.17755906 -0.43307086 0,
      -0.17677166 -0.43307086 0,
      -0.17000347 -0.43366302 0,
      -0.16344095 -0.43542144 0,
      -0.15728346 -0.43829273 0,
      -0.15171812 -0.44218962 0,
      -0.14691402 -0.44699372 0,
      -0.14301712 -0.45255906 0,
      -0.14014584 -0.45871652 0,
      -0.13838742 -0.46527909 0,
      -0.13779527 -0.47204726 0,
      -0.13779527 -0.59055119 0,
      -0.21653543 -0.59055119 0,
      -0.13779527 -0.59055119 0,
      -0.21653543 -0.59055119 0.039370078,
      -0.13779527 -0.59055119 0.039370078,
      -0.21653543 -0.59055119 0,
      -0.21653543 -0.59055119 0.039370078,
      -0.21653543 -0.47204726 0,
      -0.21653543 -0.47204726 0.039370078,
      -0.21653543 -0.47204726 0,
      -0.21653543 -0.47204726 0.039370078,
      -0.21594329 -0.46527909 0.039370078,
      -0.21418487 -0.45871652 0.039370078,
      -0.21131359 -0.45255906 0.039370078,
      -0.2074167 -0.44699372 0.039370078,
      -0.20261259 -0.44218962 0.039370078,
      -0.19704725 -0.43829273 0.039370078,
      -0.19088977 -0.43542144 0.039370078,
      -0.18432723 -0.43366302 0.039370078,
      -0.17755906 -0.43307086 0.039370078,
      -0.17755906 -0.43307086 0,
      -0.21594329 -0.46527909 0,
      -0.21418487 -0.45871652 0,
      -0.21131359 -0.45255906 0,
      -0.2074167 -0.44699372 0,
      -0.20261259 -0.44218962 0,
      -0.19704725 -0.43829273 0,
      -0.19088977 -0.43542144 0,
      -0.18432723 -0.43366302 0,
      -0.17755906 -0.43307086 0,
      -0.17677166 -0.43307086 0,
      -0.17677166 -0.43307086 0.039370078,
      -0.17755906 -0.43307086 0.039370078,
      -0.17677166 -0.43307086 0,
      -0.17677166 -0.43307086 0.039370078,
      -0.17000347 -0.43366302 0.039370078,
      -0.16344095 -0.43542144 0.039370078,
      -0.15728346 -0.43829273 0.039370078,
      -0.15171812 -0.44218962 0.039370078,
      -0.14691402 -0.44699372 0.039370078,
      -0.14301712 -0.45255906 0.039370078,
      -0.14014584 -0.45871652 0.039370078,
      -0.13838742 -0.46527909 0.039370078,
      -0.13779527 -0.47204726 0.039370078,
      -0.13779527 -0.47204726 0,
      -0.17000347 -0.43366302 0,
      -0.16344095 -0.43542144 0,
      -0.15728346 -0.43829273 0,
      -0.15171812 -0.44218962 0,
      -0.14691402 -0.44699372 0,
      -0.14301712 -0.45255906 0,
      -0.14014584 -0.45871652 0,
      -0.13838742 -0.46527909 0,
      -0.13779527 -0.59055119 0,
      -0.13779527 -0.59055119 0.039370078,
      -0.13779527 -0.47204726 0.039370078,
      -0.13779527 -0.47204726 0,
      -0.21653543 -0.59055119 0.039370078,
      -0.13779527 -0.59055119 0.039370078,
      -0.21653543 -0.47204726 0.039370078,
      -0.21594329 -0.46527909 0.039370078,
      -0.21418487 -0.45871652 0.039370078,
      -0.21131359 -0.45255906 0.039370078,
      -0.2074167 -0.44699372 0.039370078,
      -0.20261259 -0.44218962 0.039370078,
      -0.19704725 -0.43829273 0.039370078,
      -0.19088977 -0.43542144 0.039370078,
      -0.18432723 -0.43366302 0.039370078,
      -0.17755906 -0.43307086 0.039370078,
      -0.17677166 -0.43307086 0.039370078,
      -0.17000347 -0.43366302 0.039370078,
      -0.16344095 -0.43542144 0.039370078,
      -0.15728346 -0.43829273 0.039370078,
      -0.15171812 -0.44218962 0.039370078,
      -0.14691402 -0.44699372 0.039370078,
      -0.14301712 -0.45255906 0.039370078,
      -0.14014584 -0.45871652 0.039370078,
      -0.13838742 -0.46527909 0.039370078,
      -0.13779527 -0.47204726 0.039370078,
      -0.36220473 -0.43307086 0,
      -0.31496062 -0.43307086 0,
      -0.31496062 -0.59055119 0,
      -0.39370081 -0.59055119 0,
      -0.39370081 -0.46456694 0,
      -0.39370081 -0.46456694 0.039370078,
      -0.39370081 -0.46456694 0,
      -0.36220473 -0.43307086 0.039370078,
      -0.36220473 -0.43307086 0,
      -0.36220473 -0.43307086 0.039370078,
      -0.36220473 -0.43307086 0,
      -0.31496062 -0.43307086 0,
      -0.31496062 -0.43307086 0.039370078,
      -0.31496062 -0.43307086 0.039370078,
      -0.31496062 -0.59055119 0.039370078,
      -0.31496062 -0.43307086 0,
      -0.31496062 -0.59055119 0,
      -0.36220473 -0.43307086 0.039370078,
      -0.39370081 -0.46456694 0.039370078,
      -0.31496062 -0.43307086 0.039370078,
      -0.31496062 -0.59055119 0.039370078,
      -0.39370081 -0.59055119 0.039370078,
      -0.39370081 -0.59055119 0,
      -0.31496062 -0.59055119 0,
      -0.39370081 -0.59055119 0.039370078,
      -0.31496062 -0.59055119 0.039370078,
      -0.39370081 -0.46456694 0.039370078,
      -0.39370081 -0.46456694 0,
      -0.39370081 -0.59055119 0.039370078,
      -0.39370081 -0.59055119 0,
      0.13779527 0.59055119 0,
      0.21653543 0.59055119 0,
      0.13779527 0.47204726 0,
      0.13838742 0.46527909 0,
      0.14014584 0.45871652 0,
      0.14301712 0.45255906 0,
      0.14691402 0.44699372 0,
      0.15171812 0.44218962 0,
      0.15728346 0.43829273 0,
      0.16344095 0.43542144 0,
      0.17000347 0.43366302 0,
      0.17677166 0.43307086 0,
      0.17755906 0.43307086 0,
      0.18432723 0.43366302 0,
      0.19088977 0.43542144 0,
      0.19704725 0.43829273 0,
      0.20261259 0.44218962 0,
      0.2074167 0.44699372 0,
      0.21131359 0.45255906 0,
      0.21418487 0.45871652 0,
      0.21594329 0.46527909 0,
      0.21653543 0.47204726 0,
      0.13779527 0.59055119 0,
      0.21653543 0.59055119 0,
      0.21653543 0.59055119 0.039370078,
      0.13779527 0.59055119 0.039370078,
      0.21653543 0.47204726 0.039370078,
      0.21653543 0.59055119 0.039370078,
      0.21653543 0.47204726 0,
      0.21653543 0.59055119 0,
      0.21653543 0.47204726 0,
      0.21653543 0.47204726 0.039370078,
      0.17755906 0.43307086 0.039370078,
      0.18432723 0.43366302 0.039370078,
      0.19088977 0.43542144 0.039370078,
      0.19704725 0.43829273 0.039370078,
      0.20261259 0.44218962 0.039370078,
      0.2074167 0.44699372 0.039370078,
      0.21131359 0.45255906 0.039370078,
      0.21418487 0.45871652 0.039370078,
      0.21594329 0.46527909 0.039370078,
      0.17755906 0.43307086 0,
      0.18432723 0.43366302 0,
      0.19088977 0.43542144 0,
      0.19704725 0.43829273 0,
      0.20261259 0.44218962 0,
      0.2074167 0.44699372 0,
      0.21131359 0.45255906 0,
      0.21418487 0.45871652 0,
      0.21594329 0.46527909 0,
      0.17755906 0.43307086 0,
      0.17755906 0.43307086 0.039370078,
      0.17677166 0.43307086 0.039370078,
      0.17677166 0.43307086 0,
      0.17677166 0.43307086 0,
      0.17677166 0.43307086 0.039370078,
      0.13779527 0.47204726 0.039370078,
      0.13838742 0.46527909 0.039370078,
      0.14014584 0.45871652 0.039370078,
      0.14301712 0.45255906 0.039370078,
      0.14691402 0.44699372 0.039370078,
      0.15171812 0.44218962 0.039370078,
      0.15728346 0.43829273 0.039370078,
      0.16344095 0.43542144 0.039370078,
      0.17000347 0.43366302 0.039370078,
      0.13779527 0.47204726 0,
      0.13838742 0.46527909 0,
      0.14014584 0.45871652 0,
      0.14301712 0.45255906 0,
      0.14691402 0.44699372 0,
      0.15171812 0.44218962 0,
      0.15728346 0.43829273 0,
      0.16344095 0.43542144 0,
      0.17000347 0.43366302 0,
      0.13779527 0.59055119 0,
      0.13779527 0.47204726 0,
      0.13779527 0.47204726 0.039370078,
      0.13779527 0.59055119 0.039370078,
      0.13779527 0.59055119 0.039370078,
      0.13779527 0.47204726 0.039370078,
      0.13838742 0.46527909 0.039370078,
      0.14014584 0.45871652 0.039370078,
      0.14301712 0.45255906 0.039370078,
      0.14691402 0.44699372 0.039370078,
      0.15171812 0.44218962 0.039370078,
      0.15728346 0.43829273 0.039370078,
      0.16344095 0.43542144 0.039370078,
      0.17000347 0.43366302 0.039370078,
      0.17677166 0.43307086 0.039370078,
      0.17755906 0.43307086 0.039370078,
      0.18432723 0.43366302 0.039370078,
      0.19088977 0.43542144 0.039370078,
      0.19704725 0.43829273 0.039370078,
      0.20261259 0.44218962 0.039370078,
      0.2074167 0.44699372 0.039370078,
      0.21131359 0.45255906 0.039370078,
      0.21418487 0.45871652 0.039370078,
      0.21594329 0.46527909 0.039370078,
      0.21653543 0.47204726 0.039370078,
      0.21653543 0.59055119 0.039370078,
      -0.039370078 0.59055119 0,
      0.039370078 0.59055119 0,
      -0.039370078 0.47204726 0,
      -0.038777941 0.46527909 0,
      -0.037019517 0.45871652 0,
      -0.034148235 0.45255906 0,
      -0.030251338 0.44699372 0,
      -0.025447235 0.44218962 0,
      -0.019881889 0.43829273 0,
      -0.013724407 0.43542144 0,
      -0.0071618776 0.43366302 0,
      -0.00039370079 0.43307086 0,
      0.00039370079 0.43307086 0,
      0.0071618776 0.43366302 0,
      0.013724407 0.43542144 0,
      0.019881889 0.43829273 0,
      0.025447235 0.44218962 0,
      0.030251338 0.44699372 0,
      0.034148235 0.45255906 0,
      0.037019517 0.45871652 0,
      0.038777941 0.46527909 0,
      0.039370078 0.47204726 0,
      -0.039370078 0.59055119 0,
      0.039370078 0.59055119 0,
      0.039370078 0.59055119 0.039370078,
      -0.039370078 0.59055119 0.039370078,
      0.039370078 0.47204726 0.039370078,
      0.039370078 0.59055119 0.039370078,
      0.039370078 0.47204726 0,
      0.039370078 0.59055119 0,
      0.039370078 0.47204726 0,
      0.039370078 0.47204726 0.039370078,
      0.00039370079 0.43307086 0.039370078,
      0.0071618776 0.43366302 0.039370078,
      0.013724407 0.43542144 0.039370078,
      0.019881889 0.43829273 0.039370078,
      0.025447235 0.44218962 0.039370078,
      0.030251338 0.44699372 0.039370078,
      0.034148235 0.45255906 0.039370078,
      0.037019517 0.45871652 0.039370078,
      0.038777941 0.46527909 0.039370078,
      0.00039370079 0.43307086 0,
      0.0071618776 0.43366302 0,
      0.013724407 0.43542144 0,
      0.019881889 0.43829273 0,
      0.025447235 0.44218962 0,
      0.030251338 0.44699372 0,
      0.034148235 0.45255906 0,
      0.037019517 0.45871652 0,
      0.038777941 0.46527909 0,
      0.00039370079 0.43307086 0,
      0.00039370079 0.43307086 0.039370078,
      -0.00039370079 0.43307086 0.039370078,
      -0.00039370079 0.43307086 0,
      -0.00039370079 0.43307086 0,
      -0.00039370079 0.43307086 0.039370078,
      -0.039370078 0.47204726 0.039370078,
      -0.038777941 0.46527909 0.039370078,
      -0.037019517 0.45871652 0.039370078,
      -0.034148235 0.45255906 0.039370078,
      -0.030251338 0.44699372 0.039370078,
      -0.025447235 0.44218962 0.039370078,
      -0.019881889 0.43829273 0.039370078,
      -0.013724407 0.43542144 0.039370078,
      -0.0071618776 0.43366302 0.039370078,
      -0.039370078 0.47204726 0,
      -0.038777941 0.46527909 0,
      -0.037019517 0.45871652 0,
      -0.034148235 0.45255906 0,
      -0.030251338 0.44699372 0,
      -0.025447235 0.44218962 0,
      -0.019881889 0.43829273 0,
      -0.013724407 0.43542144 0,
      -0.0071618776 0.43366302 0,
      -0.039370078 0.59055119 0,
      -0.039370078 0.47204726 0,
      -0.039370078 0.47204726 0.039370078,
      -0.039370078 0.59055119 0.039370078,
      -0.039370078 0.59055119 0.039370078,
      -0.039370078 0.47204726 0.039370078,
      -0.038777941 0.46527909 0.039370078,
      -0.037019517 0.45871652 0.039370078,
      -0.034148235 0.45255906 0.039370078,
      -0.030251338 0.44699372 0.039370078,
      -0.025447235 0.44218962 0.039370078,
      -0.019881889 0.43829273 0.039370078,
      -0.013724407 0.43542144 0.039370078,
      -0.0071618776 0.43366302 0.039370078,
      -0.00039370079 0.43307086 0.039370078,
      0.00039370079 0.43307086 0.039370078,
      0.0071618776 0.43366302 0.039370078,
      0.013724407 0.43542144 0.039370078,
      0.019881889 0.43829273 0.039370078,
      0.025447235 0.44218962 0.039370078,
      0.030251338 0.44699372 0.039370078,
      0.034148235 0.45255906 0.039370078,
      0.037019517 0.45871652 0.039370078,
      0.038777941 0.46527909 0.039370078,
      0.039370078 0.47204726 0.039370078,
      0.039370078 0.59055119 0.039370078,
      -0.21653543 0.59055119 0,
      -0.13779527 0.59055119 0,
      -0.21653543 0.47204726 0,
      -0.21594329 0.46527909 0,
      -0.21418487 0.45871652 0,
      -0.21131359 0.45255906 0,
      -0.2074167 0.44699372 0,
      -0.20261259 0.44218962 0,
      -0.19704725 0.43829273 0,
      -0.19088977 0.43542144 0,
      -0.18432723 0.43366302 0,
      -0.17755906 0.43307086 0,
      -0.17677166 0.43307086 0,
      -0.17000347 0.43366302 0,
      -0.16344095 0.43542144 0,
      -0.15728346 0.43829273 0,
      -0.15171812 0.44218962 0,
      -0.14691402 0.44699372 0,
      -0.14301712 0.45255906 0,
      -0.14014584 0.45871652 0,
      -0.13838742 0.46527909 0,
      -0.13779527 0.47204726 0,
      -0.21653543 0.59055119 0,
      -0.13779527 0.59055119 0,
      -0.13779527 0.59055119 0.039370078,
      -0.21653543 0.59055119 0.039370078,
      -0.13779527 0.47204726 0.039370078,
      -0.13779527 0.59055119 0.039370078,
      -0.13779527 0.47204726 0,
      -0.13779527 0.59055119 0,
      -0.13779527 0.47204726 0,
      -0.13779527 0.47204726 0.039370078,
      -0.17677166 0.43307086 0.039370078,
      -0.17000347 0.43366302 0.039370078,
      -0.16344095 0.43542144 0.039370078,
      -0.15728346 0.43829273 0.039370078,
      -0.15171812 0.44218962 0.039370078,
      -0.14691402 0.44699372 0.039370078,
      -0.14301712 0.45255906 0.039370078,
      -0.14014584 0.45871652 0.039370078,
      -0.13838742 0.46527909 0.039370078,
      -0.17677166 0.43307086 0,
      -0.17000347 0.43366302 0,
      -0.16344095 0.43542144 0,
      -0.15728346 0.43829273 0,
      -0.15171812 0.44218962 0,
      -0.14691402 0.44699372 0,
      -0.14301712 0.45255906 0,
      -0.14014584 0.45871652 0,
      -0.13838742 0.46527909 0,
      -0.17677166 0.43307086 0,
      -0.17677166 0.43307086 0.039370078,
      -0.17755906 0.43307086 0.039370078,
      -0.17755906 0.43307086 0,
      -0.17755906 0.43307086 0,
      -0.17755906 0.43307086 0.039370078,
      -0.21653543 0.47204726 0.039370078,
      -0.21594329 0.46527909 0.039370078,
      -0.21418487 0.45871652 0.039370078,
      -0.21131359 0.45255906 0.039370078,
      -0.2074167 0.44699372 0.039370078,
      -0.20261259 0.44218962 0.039370078,
      -0.19704725 0.43829273 0.039370078,
      -0.19088977 0.43542144 0.039370078,
      -0.18432723 0.43366302 0.039370078,
      -0.21653543 0.47204726 0,
      -0.21594329 0.46527909 0,
      -0.21418487 0.45871652 0,
      -0.21131359 0.45255906 0,
      -0.2074167 0.44699372 0,
      -0.20261259 0.44218962 0,
      -0.19704725 0.43829273 0,
      -0.19088977 0.43542144 0,
      -0.18432723 0.43366302 0,
      -0.21653543 0.59055119 0,
      -0.21653543 0.47204726 0,
      -0.21653543 0.47204726 0.039370078,
      -0.21653543 0.59055119 0.039370078,
      -0.21653543 0.59055119 0.039370078,
      -0.21653543 0.47204726 0.039370078,
      -0.21594329 0.46527909 0.039370078,
      -0.21418487 0.45871652 0.039370078,
      -0.21131359 0.45255906 0.039370078,
      -0.2074167 0.44699372 0.039370078,
      -0.20261259 0.44218962 0.039370078,
      -0.19704725 0.43829273 0.039370078,
      -0.19088977 0.43542144 0.039370078,
      -0.18432723 0.43366302 0.039370078,
      -0.17755906 0.43307086 0.039370078,
      -0.17677166 0.43307086 0.039370078,
      -0.17000347 0.43366302 0.039370078,
      -0.16344095 0.43542144 0.039370078,
      -0.15728346 0.43829273 0.039370078,
      -0.15171812 0.44218962 0.039370078,
      -0.14691402 0.44699372 0.039370078,
      -0.14301712 0.45255906 0.039370078,
      -0.14014584 0.45871652 0.039370078,
      -0.13838742 0.46527909 0.039370078,
      -0.13779527 0.47204726 0.039370078,
      -0.13779527 0.59055119 0.039370078,
      -0.36220473 0.43307086 0,
      -0.39370081 0.46456694 0,
      -0.31496062 0.43307086 0,
      -0.31496062 0.59055119 0,
      -0.39370081 0.59055119 0,
      -0.39370081 0.46456694 0,
      -0.39370081 0.46456694 0.039370078,
      -0.36220473 0.43307086 0,
      -0.36220473 0.43307086 0.039370078,
      -0.31496062 0.43307086 0.039370078,
      -0.36220473 0.43307086 0.039370078,
      -0.31496062 0.59055119 0.039370078,
      -0.39370081 0.59055119 0.039370078,
      -0.39370081 0.46456694 0.039370078,
      -0.39370081 0.46456694 0.039370078,
      -0.39370081 0.59055119 0.039370078,
      -0.39370081 0.59055119 0,
      -0.39370081 0.46456694 0,
      -0.39370081 0.59055119 0,
      -0.31496062 0.59055119 0,
      -0.31496062 0.59055119 0.039370078,
      -0.39370081 0.59055119 0.039370078,
      -0.31496062 0.59055119 0,
      -0.31496062 0.59055119 0.039370078,
      -0.31496062 0.43307086 0.039370078,
      -0.31496062 0.43307086 0,
      -0.31496062 0.43307086 0,
      -0.36220473 0.43307086 0,
      -0.31496062 0.43307086 0.039370078,
      -0.36220473 0.43307086 0.039370078,
      0.43307086 -0.36220473 0,
      0.43307086 -0.31496062 0,
      0.59055119 -0.31496062 0,
      0.59055119 -0.39370081 0,
      0.46456694 -0.39370081 0,
      0.46456694 -0.39370081 0.039370078,
      0.46456694 -0.39370081 0,
      0.43307086 -0.36220473 0.039370078,
      0.43307086 -0.36220473 0,
      0.43307086 -0.36220473 0.039370078,
      0.43307086 -0.36220473 0,
      0.43307086 -0.31496062 0,
      0.43307086 -0.31496062 0.039370078,
      0.43307086 -0.31496062 0.039370078,
      0.59055119 -0.31496062 0.039370078,
      0.43307086 -0.31496062 0,
      0.59055119 -0.31496062 0,
      0.43307086 -0.36220473 0.039370078,
      0.46456694 -0.39370081 0.039370078,
      0.43307086 -0.31496062 0.039370078,
      0.59055119 -0.31496062 0.039370078,
      0.59055119 -0.39370081 0.039370078,
      0.59055119 -0.39370081 0,
      0.59055119 -0.31496062 0,
      0.59055119 -0.39370081 0.039370078,
      0.59055119 -0.31496062 0.039370078,
      0.46456694 -0.39370081 0.039370078,
      0.46456694 -0.39370081 0,
      0.59055119 -0.39370081 0.039370078,
      0.59055119 -0.39370081 0,
      0.59055119 -0.21653543 0,
      0.47204726 -0.21653543 0,
      0.46527909 -0.21594329 0,
      0.45871652 -0.21418487 0,
      0.45255906 -0.21131359 0,
      0.44699372 -0.2074167 0,
      0.44218962 -0.20261259 0,
      0.43829273 -0.19704725 0,
      0.43542144 -0.19088977 0,
      0.43366302 -0.18432723 0,
      0.43307086 -0.17755906 0,
      0.43307086 -0.17677166 0,
      0.43366302 -0.17000347 0,
      0.43542144 -0.16344095 0,
      0.43829273 -0.15728346 0,
      0.44218962 -0.15171812 0,
      0.44699372 -0.14691402 0,
      0.45255906 -0.14301712 0,
      0.45871652 -0.14014584 0,
      0.46527909 -0.13838742 0,
      0.47204726 -0.13779527 0,
      0.59055119 -0.13779527 0,
      0.59055119 -0.21653543 0,
      0.59055119 -0.13779527 0,
      0.59055119 -0.21653543 0.039370078,
      0.59055119 -0.13779527 0.039370078,
      0.59055119 -0.21653543 0,
      0.59055119 -0.21653543 0.039370078,
      0.47204726 -0.21653543 0,
      0.47204726 -0.21653543 0.039370078,
      0.47204726 -0.21653543 0,
      0.47204726 -0.21653543 0.039370078,
      0.46527909 -0.21594329 0.039370078,
      0.45871652 -0.21418487 0.039370078,
      0.45255906 -0.21131359 0.039370078,
      0.44699372 -0.2074167 0.039370078,
      0.44218962 -0.20261259 0.039370078,
      0.43829273 -0.19704725 0.039370078,
      0.43542144 -0.19088977 0.039370078,
      0.43366302 -0.18432723 0.039370078,
      0.43307086 -0.17755906 0.039370078,
      0.43307086 -0.17755906 0,
      0.46527909 -0.21594329 0,
      0.45871652 -0.21418487 0,
      0.45255906 -0.21131359 0,
      0.44699372 -0.2074167 0,
      0.44218962 -0.20261259 0,
      0.43829273 -0.19704725 0,
      0.43542144 -0.19088977 0,
      0.43366302 -0.18432723 0,
      0.43307086 -0.17755906 0,
      0.43307086 -0.17677166 0,
      0.43307086 -0.17677166 0.039370078,
      0.43307086 -0.17755906 0.039370078,
      0.43307086 -0.17677166 0,
      0.43307086 -0.17677166 0.039370078,
      0.43366302 -0.17000347 0.039370078,
      0.43542144 -0.16344095 0.039370078,
      0.43829273 -0.15728346 0.039370078,
      0.44218962 -0.15171812 0.039370078,
      0.44699372 -0.14691402 0.039370078,
      0.45255906 -0.14301712 0.039370078,
      0.45871652 -0.14014584 0.039370078,
      0.46527909 -0.13838742 0.039370078,
      0.47204726 -0.13779527 0.039370078,
      0.47204726 -0.13779527 0,
      0.43366302 -0.17000347 0,
      0.43542144 -0.16344095 0,
      0.43829273 -0.15728346 0,
      0.44218962 -0.15171812 0,
      0.44699372 -0.14691402 0,
      0.45255906 -0.14301712 0,
      0.45871652 -0.14014584 0,
      0.46527909 -0.13838742 0,
      0.59055119 -0.13779527 0,
      0.59055119 -0.13779527 0.039370078,
      0.47204726 -0.13779527 0.039370078,
      0.47204726 -0.13779527 0,
      0.59055119 -0.21653543 0.039370078,
      0.59055119 -0.13779527 0.039370078,
      0.47204726 -0.21653543 0.039370078,
      0.46527909 -0.21594329 0.039370078,
      0.45871652 -0.21418487 0.039370078,
      0.45255906 -0.21131359 0.039370078,
      0.44699372 -0.2074167 0.039370078,
      0.44218962 -0.20261259 0.039370078,
      0.43829273 -0.19704725 0.039370078,
      0.43542144 -0.19088977 0.039370078,
      0.43366302 -0.18432723 0.039370078,
      0.43307086 -0.17755906 0.039370078,
      0.43307086 -0.17677166 0.039370078,
      0.43366302 -0.17000347 0.039370078,
      0.43542144 -0.16344095 0.039370078,
      0.43829273 -0.15728346 0.039370078,
      0.44218962 -0.15171812 0.039370078,
      0.44699372 -0.14691402 0.039370078,
      0.45255906 -0.14301712 0.039370078,
      0.45871652 -0.14014584 0.039370078,
      0.46527909 -0.13838742 0.039370078,
      0.47204726 -0.13779527 0.039370078,
      0.59055119 -0.039370078 0,
      0.47204726 -0.039370078 0,
      0.46527909 -0.038777941 0,
      0.45871652 -0.037019517 0,
      0.45255906 -0.034148235 0,
      0.44699372 -0.030251338 0,
      0.44218962 -0.025447235 0,
      0.43829273 -0.019881889 0,
      0.43542144 -0.013724407 0,
      0.43366302 -0.0071618776 0,
      0.43307086 -0.00039370079 0,
      0.43307086 0.00039370079 0,
      0.43366302 0.0071618776 0,
      0.43542144 0.013724407 0,
      0.43829273 0.019881889 0,
      0.44218962 0.025447235 0,
      0.44699372 0.030251338 0,
      0.45255906 0.034148235 0,
      0.45871652 0.037019517 0,
      0.46527909 0.038777941 0,
      0.47204726 0.039370078 0,
      0.59055119 0.039370078 0,
      0.59055119 -0.039370078 0,
      0.59055119 0.039370078 0,
      0.59055119 -0.039370078 0.039370078,
      0.59055119 0.039370078 0.039370078,
      0.59055119 -0.039370078 0,
      0.59055119 -0.039370078 0.039370078,
      0.47204726 -0.039370078 0,
      0.47204726 -0.039370078 0.039370078,
      0.47204726 -0.039370078 0,
      0.47204726 -0.039370078 0.039370078,
      0.46527909 -0.038777941 0.039370078,
      0.45871652 -0.037019517 0.039370078,
      0.45255906 -0.034148235 0.039370078,
      0.44699372 -0.030251338 0.039370078,
      0.44218962 -0.025447235 0.039370078,
      0.43829273 -0.019881889 0.039370078,
      0.43542144 -0.013724407 0.039370078,
      0.43366302 -0.0071618776 0.039370078,
      0.43307086 -0.00039370079 0.039370078,
      0.43307086 -0.00039370079 0,
      0.46527909 -0.038777941 0,
      0.45871652 -0.037019517 0,
      0.45255906 -0.034148235 0,
      0.44699372 -0.030251338 0,
      0.44218962 -0.025447235 0,
      0.43829273 -0.019881889 0,
      0.43542144 -0.013724407 0,
      0.43366302 -0.0071618776 0,
      0.43307086 -0.00039370079 0,
      0.43307086 0.00039370079 0,
      0.43307086 0.00039370079 0.039370078,
      0.43307086 -0.00039370079 0.039370078,
      0.43307086 0.00039370079 0,
      0.43307086 0.00039370079 0.039370078,
      0.43366302 0.0071618776 0.039370078,
      0.43542144 0.013724407 0.039370078,
      0.43829273 0.019881889 0.039370078,
      0.44218962 0.025447235 0.039370078,
      0.44699372 0.030251338 0.039370078,
      0.45255906 0.034148235 0.039370078,
      0.45871652 0.037019517 0.039370078,
      0.46527909 0.038777941 0.039370078,
      0.47204726 0.039370078 0.039370078,
      0.47204726 0.039370078 0,
      0.43366302 0.0071618776 0,
      0.43542144 0.013724407 0,
      0.43829273 0.019881889 0,
      0.44218962 0.025447235 0,
      0.44699372 0.030251338 0,
      0.45255906 0.034148235 0,
      0.45871652 0.037019517 0,
      0.46527909 0.038777941 0,
      0.59055119 0.039370078 0,
      0.59055119 0.039370078 0.039370078,
      0.47204726 0.039370078 0.039370078,
      0.47204726 0.039370078 0,
      0.59055119 -0.039370078 0.039370078,
      0.59055119 0.039370078 0.039370078,
      0.47204726 -0.039370078 0.039370078,
      0.46527909 -0.038777941 0.039370078,
      0.45871652 -0.037019517 0.039370078,
      0.45255906 -0.034148235 0.039370078,
      0.44699372 -0.030251338 0.039370078,
      0.44218962 -0.025447235 0.039370078,
      0.43829273 -0.019881889 0.039370078,
      0.43542144 -0.013724407 0.039370078,
      0.43366302 -0.0071618776 0.039370078,
      0.43307086 -0.00039370079 0.039370078,
      0.43307086 0.00039370079 0.039370078,
      0.43366302 0.0071618776 0.039370078,
      0.43542144 0.013724407 0.039370078,
      0.43829273 0.019881889 0.039370078,
      0.44218962 0.025447235 0.039370078,
      0.44699372 0.030251338 0.039370078,
      0.45255906 0.034148235 0.039370078,
      0.45871652 0.037019517 0.039370078,
      0.46527909 0.038777941 0.039370078,
      0.47204726 0.039370078 0.039370078,
      0.59055119 0.13779527 0,
      0.47204726 0.13779527 0,
      0.46527909 0.13838742 0,
      0.45871652 0.14014584 0,
      0.45255906 0.14301712 0,
      0.44699372 0.14691402 0,
      0.44218962 0.15171812 0,
      0.43829273 0.15728346 0,
      0.43542144 0.16344095 0,
      0.43366302 0.17000347 0,
      0.43307086 0.17677166 0,
      0.43307086 0.17755906 0,
      0.43366302 0.18432723 0,
      0.43542144 0.19088977 0,
      0.43829273 0.19704725 0,
      0.44218962 0.20261259 0,
      0.44699372 0.2074167 0,
      0.45255906 0.21131359 0,
      0.45871652 0.21418487 0,
      0.46527909 0.21594329 0,
      0.47204726 0.21653543 0,
      0.59055119 0.21653543 0,
      0.59055119 0.13779527 0,
      0.59055119 0.21653543 0,
      0.59055119 0.13779527 0.039370078,
      0.59055119 0.21653543 0.039370078,
      0.59055119 0.13779527 0,
      0.59055119 0.13779527 0.039370078,
      0.47204726 0.13779527 0,
      0.47204726 0.13779527 0.039370078,
      0.47204726 0.13779527 0,
      0.47204726 0.13779527 0.039370078,
      0.46527909 0.13838742 0.039370078,
      0.45871652 0.14014584 0.039370078,
      0.45255906 0.14301712 0.039370078,
      0.44699372 0.14691402 0.039370078,
      0.44218962 0.15171812 0.039370078,
      0.43829273 0.15728346 0.039370078,
      0.43542144 0.16344095 0.039370078,
      0.43366302 0.17000347 0.039370078,
      0.43307086 0.17677166 0.039370078,
      0.43307086 0.17677166 0,
      0.46527909 0.13838742 0,
      0.45871652 0.14014584 0,
      0.45255906 0.14301712 0,
      0.44699372 0.14691402 0,
      0.44218962 0.15171812 0,
      0.43829273 0.15728346 0,
      0.43542144 0.16344095 0,
      0.43366302 0.17000347 0,
      0.43307086 0.17677166 0,
      0.43307086 0.17755906 0,
      0.43307086 0.17755906 0.039370078,
      0.43307086 0.17677166 0.039370078,
      0.43307086 0.17755906 0,
      0.43307086 0.17755906 0.039370078,
      0.43366302 0.18432723 0.039370078,
      0.43542144 0.19088977 0.039370078,
      0.43829273 0.19704725 0.039370078,
      0.44218962 0.20261259 0.039370078,
      0.44699372 0.2074167 0.039370078,
      0.45255906 0.21131359 0.039370078,
      0.45871652 0.21418487 0.039370078,
      0.46527909 0.21594329 0.039370078,
      0.47204726 0.21653543 0.039370078,
      0.47204726 0.21653543 0,
      0.43366302 0.18432723 0,
      0.43542144 0.19088977 0,
      0.43829273 0.19704725 0,
      0.44218962 0.20261259 0,
      0.44699372 0.2074167 0,
      0.45255906 0.21131359 0,
      0.45871652 0.21418487 0,
      0.46527909 0.21594329 0,
      0.59055119 0.21653543 0,
      0.59055119 0.21653543 0.039370078,
      0.47204726 0.21653543 0.039370078,
      0.47204726 0.21653543 0,
      0.59055119 0.13779527 0.039370078,
      0.59055119 0.21653543 0.039370078,
      0.47204726 0.13779527 0.039370078,
      0.46527909 0.13838742 0.039370078,
      0.45871652 0.14014584 0.039370078,
      0.45255906 0.14301712 0.039370078,
      0.44699372 0.14691402 0.039370078,
      0.44218962 0.15171812 0.039370078,
      0.43829273 0.15728346 0.039370078,
      0.43542144 0.16344095 0.039370078,
      0.43366302 0.17000347 0.039370078,
      0.43307086 0.17677166 0.039370078,
      0.43307086 0.17755906 0.039370078,
      0.43366302 0.18432723 0.039370078,
      0.43542144 0.19088977 0.039370078,
      0.43829273 0.19704725 0.039370078,
      0.44218962 0.20261259 0.039370078,
      0.44699372 0.2074167 0.039370078,
      0.45255906 0.21131359 0.039370078,
      0.45871652 0.21418487 0.039370078,
      0.46527909 0.21594329 0.039370078,
      0.47204726 0.21653543 0.039370078,
      0.46456694 0.39370081 0,
      0.59055119 0.39370081 0,
      0.59055119 0.31496062 0,
      0.43307086 0.31496062 0,
      0.43307086 0.36220473 0,
      0.46456694 0.39370081 0,
      0.46456694 0.39370081 0.039370078,
      0.43307086 0.36220473 0,
      0.43307086 0.36220473 0.039370078,
      0.46456694 0.39370081 0.039370078,
      0.43307086 0.36220473 0.039370078,
      0.59055119 0.39370081 0.039370078,
      0.59055119 0.31496062 0.039370078,
      0.43307086 0.31496062 0.039370078,
      0.46456694 0.39370081 0,
      0.46456694 0.39370081 0.039370078,
      0.59055119 0.39370081 0,
      0.59055119 0.39370081 0.039370078,
      0.59055119 0.31496062 0,
      0.59055119 0.39370081 0,
      0.59055119 0.31496062 0.039370078,
      0.59055119 0.39370081 0.039370078,
      0.59055119 0.31496062 0,
      0.43307086 0.31496062 0,
      0.43307086 0.31496062 0.039370078,
      0.59055119 0.31496062 0.039370078,
      0.43307086 0.36220473 0,
      0.43307086 0.36220473 0.039370078,
      0.43307086 0.31496062 0.039370078,
      0.43307086 0.31496062 0,
      -0.43307086 -0.36220473 0,
      -0.46456694 -0.39370081 0,
      -0.43307086 -0.31496062 0,
      -0.59055119 -0.31496062 0,
      -0.59055119 -0.39370081 0,
      -0.46456694 -0.39370081 0,
      -0.46456694 -0.39370081 0.039370078,
      -0.43307086 -0.36220473 0,
      -0.43307086 -0.36220473 0.039370078,
      -0.43307086 -0.31496062 0.039370078,
      -0.43307086 -0.36220473 0.039370078,
      -0.59055119 -0.31496062 0.039370078,
      -0.59055119 -0.39370081 0.039370078,
      -0.46456694 -0.39370081 0.039370078,
      -0.46456694 -0.39370081 0.039370078,
      -0.59055119 -0.39370081 0.039370078,
      -0.59055119 -0.39370081 0,
      -0.46456694 -0.39370081 0,
      -0.59055119 -0.39370081 0,
      -0.59055119 -0.31496062 0,
      -0.59055119 -0.31496062 0.039370078,
      -0.59055119 -0.39370081 0.039370078,
      -0.59055119 -0.31496062 0,
      -0.59055119 -0.31496062 0.039370078,
      -0.43307086 -0.31496062 0.039370078,
      -0.43307086 -0.31496062 0,
      -0.43307086 -0.31496062 0,
      -0.43307086 -0.36220473 0,
      -0.43307086 -0.31496062 0.039370078,
      -0.43307086 -0.36220473 0.039370078,
      -0.59055119 -0.21653543 0,
      -0.59055119 -0.13779527 0,
      -0.47204726 -0.21653543 0,
      -0.46527909 -0.21594329 0,
      -0.45871652 -0.21418487 0,
      -0.45255906 -0.21131359 0,
      -0.44699372 -0.2074167 0,
      -0.44218962 -0.20261259 0,
      -0.43829273 -0.19704725 0,
      -0.43542144 -0.19088977 0,
      -0.43366302 -0.18432723 0,
      -0.43307086 -0.17755906 0,
      -0.43307086 -0.17677166 0,
      -0.43366302 -0.17000347 0,
      -0.43542144 -0.16344095 0,
      -0.43829273 -0.15728346 0,
      -0.44218962 -0.15171812 0,
      -0.44699372 -0.14691402 0,
      -0.45255906 -0.14301712 0,
      -0.45871652 -0.14014584 0,
      -0.46527909 -0.13838742 0,
      -0.47204726 -0.13779527 0,
      -0.59055119 -0.21653543 0,
      -0.59055119 -0.13779527 0,
      -0.59055119 -0.13779527 0.039370078,
      -0.59055119 -0.21653543 0.039370078,
      -0.47204726 -0.13779527 0.039370078,
      -0.59055119 -0.13779527 0.039370078,
      -0.47204726 -0.13779527 0,
      -0.59055119 -0.13779527 0,
      -0.47204726 -0.13779527 0,
      -0.47204726 -0.13779527 0.039370078,
      -0.43307086 -0.17677166 0.039370078,
      -0.43366302 -0.17000347 0.039370078,
      -0.43542144 -0.16344095 0.039370078,
      -0.43829273 -0.15728346 0.039370078,
      -0.44218962 -0.15171812 0.039370078,
      -0.44699372 -0.14691402 0.039370078,
      -0.45255906 -0.14301712 0.039370078,
      -0.45871652 -0.14014584 0.039370078,
      -0.46527909 -0.13838742 0.039370078,
      -0.43307086 -0.17677166 0,
      -0.43366302 -0.17000347 0,
      -0.43542144 -0.16344095 0,
      -0.43829273 -0.15728346 0,
      -0.44218962 -0.15171812 0,
      -0.44699372 -0.14691402 0,
      -0.45255906 -0.14301712 0,
      -0.45871652 -0.14014584 0,
      -0.46527909 -0.13838742 0,
      -0.43307086 -0.17677166 0,
      -0.43307086 -0.17677166 0.039370078,
      -0.43307086 -0.17755906 0.039370078,
      -0.43307086 -0.17755906 0,
      -0.43307086 -0.17755906 0,
      -0.43307086 -0.17755906 0.039370078,
      -0.47204726 -0.21653543 0.039370078,
      -0.46527909 -0.21594329 0.039370078,
      -0.45871652 -0.21418487 0.039370078,
      -0.45255906 -0.21131359 0.039370078,
      -0.44699372 -0.2074167 0.039370078,
      -0.44218962 -0.20261259 0.039370078,
      -0.43829273 -0.19704725 0.039370078,
      -0.43542144 -0.19088977 0.039370078,
      -0.43366302 -0.18432723 0.039370078,
      -0.47204726 -0.21653543 0,
      -0.46527909 -0.21594329 0,
      -0.45871652 -0.21418487 0,
      -0.45255906 -0.21131359 0,
      -0.44699372 -0.2074167 0,
      -0.44218962 -0.20261259 0,
      -0.43829273 -0.19704725 0,
      -0.43542144 -0.19088977 0,
      -0.43366302 -0.18432723 0,
      -0.59055119 -0.21653543 0,
      -0.47204726 -0.21653543 0,
      -0.47204726 -0.21653543 0.039370078,
      -0.59055119 -0.21653543 0.039370078,
      -0.59055119 -0.21653543 0.039370078,
      -0.47204726 -0.21653543 0.039370078,
      -0.46527909 -0.21594329 0.039370078,
      -0.45871652 -0.21418487 0.039370078,
      -0.45255906 -0.21131359 0.039370078,
      -0.44699372 -0.2074167 0.039370078,
      -0.44218962 -0.20261259 0.039370078,
      -0.43829273 -0.19704725 0.039370078,
      -0.43542144 -0.19088977 0.039370078,
      -0.43366302 -0.18432723 0.039370078,
      -0.43307086 -0.17755906 0.039370078,
      -0.43307086 -0.17677166 0.039370078,
      -0.43366302 -0.17000347 0.039370078,
      -0.43542144 -0.16344095 0.039370078,
      -0.43829273 -0.15728346 0.039370078,
      -0.44218962 -0.15171812 0.039370078,
      -0.44699372 -0.14691402 0.039370078,
      -0.45255906 -0.14301712 0.039370078,
      -0.45871652 -0.14014584 0.039370078,
      -0.46527909 -0.13838742 0.039370078,
      -0.47204726 -0.13779527 0.039370078,
      -0.59055119 -0.13779527 0.039370078,
      -0.59055119 -0.039370078 0,
      -0.59055119 0.039370078 0,
      -0.47204726 -0.039370078 0,
      -0.46527909 -0.038777941 0,
      -0.45871652 -0.037019517 0,
      -0.45255906 -0.034148235 0,
      -0.44699372 -0.030251338 0,
      -0.44218962 -0.025447235 0,
      -0.43829273 -0.019881889 0,
      -0.43542144 -0.013724407 0,
      -0.43366302 -0.0071618776 0,
      -0.43307086 -0.00039370079 0,
      -0.43307086 0.00039370079 0,
      -0.43366302 0.0071618776 0,
      -0.43542144 0.013724407 0,
      -0.43829273 0.019881889 0,
      -0.44218962 0.025447235 0,
      -0.44699372 0.030251338 0,
      -0.45255906 0.034148235 0,
      -0.45871652 0.037019517 0,
      -0.46527909 0.038777941 0,
      -0.47204726 0.039370078 0,
      -0.59055119 -0.039370078 0,
      -0.59055119 0.039370078 0,
      -0.59055119 0.039370078 0.039370078,
      -0.59055119 -0.039370078 0.039370078,
      -0.47204726 0.039370078 0.039370078,
      -0.59055119 0.039370078 0.039370078,
      -0.47204726 0.039370078 0,
      -0.59055119 0.039370078 0,
      -0.47204726 0.039370078 0,
      -0.47204726 0.039370078 0.039370078,
      -0.43307086 0.00039370079 0.039370078,
      -0.43366302 0.0071618776 0.039370078,
      -0.43542144 0.013724407 0.039370078,
      -0.43829273 0.019881889 0.039370078,
      -0.44218962 0.025447235 0.039370078,
      -0.44699372 0.030251338 0.039370078,
      -0.45255906 0.034148235 0.039370078,
      -0.45871652 0.037019517 0.039370078,
      -0.46527909 0.038777941 0.039370078,
      -0.43307086 0.00039370079 0,
      -0.43366302 0.0071618776 0,
      -0.43542144 0.013724407 0,
      -0.43829273 0.019881889 0,
      -0.44218962 0.025447235 0,
      -0.44699372 0.030251338 0,
      -0.45255906 0.034148235 0,
      -0.45871652 0.037019517 0,
      -0.46527909 0.038777941 0,
      -0.43307086 0.00039370079 0,
      -0.43307086 0.00039370079 0.039370078,
      -0.43307086 -0.00039370079 0.039370078,
      -0.43307086 -0.00039370079 0,
      -0.43307086 -0.00039370079 0,
      -0.43307086 -0.00039370079 0.039370078,
      -0.47204726 -0.039370078 0.039370078,
      -0.46527909 -0.038777941 0.039370078,
      -0.45871652 -0.037019517 0.039370078,
      -0.45255906 -0.034148235 0.039370078,
      -0.44699372 -0.030251338 0.039370078,
      -0.44218962 -0.025447235 0.039370078,
      -0.43829273 -0.019881889 0.039370078,
      -0.43542144 -0.013724407 0.039370078,
      -0.43366302 -0.0071618776 0.039370078,
      -0.47204726 -0.039370078 0,
      -0.46527909 -0.038777941 0,
      -0.45871652 -0.037019517 0,
      -0.45255906 -0.034148235 0,
      -0.44699372 -0.030251338 0,
      -0.44218962 -0.025447235 0,
      -0.43829273 -0.019881889 0,
      -0.43542144 -0.013724407 0,
      -0.43366302 -0.0071618776 0,
      -0.59055119 -0.039370078 0,
      -0.47204726 -0.039370078 0,
      -0.47204726 -0.039370078 0.039370078,
      -0.59055119 -0.039370078 0.039370078,
      -0.59055119 -0.039370078 0.039370078,
      -0.47204726 -0.039370078 0.039370078,
      -0.46527909 -0.038777941 0.039370078,
      -0.45871652 -0.037019517 0.039370078,
      -0.45255906 -0.034148235 0.039370078,
      -0.44699372 -0.030251338 0.039370078,
      -0.44218962 -0.025447235 0.039370078,
      -0.43829273 -0.019881889 0.039370078,
      -0.43542144 -0.013724407 0.039370078,
      -0.43366302 -0.0071618776 0.039370078,
      -0.43307086 -0.00039370079 0.039370078,
      -0.43307086 0.00039370079 0.039370078,
      -0.43366302 0.0071618776 0.039370078,
      -0.43542144 0.013724407 0.039370078,
      -0.43829273 0.019881889 0.039370078,
      -0.44218962 0.025447235 0.039370078,
      -0.44699372 0.030251338 0.039370078,
      -0.45255906 0.034148235 0.039370078,
      -0.45871652 0.037019517 0.039370078,
      -0.46527909 0.038777941 0.039370078,
      -0.47204726 0.039370078 0.039370078,
      -0.59055119 0.039370078 0.039370078,
      -0.59055119 0.13779527 0,
      -0.59055119 0.21653543 0,
      -0.47204726 0.13779527 0,
      -0.46527909 0.13838742 0,
      -0.45871652 0.14014584 0,
      -0.45255906 0.14301712 0,
      -0.44699372 0.14691402 0,
      -0.44218962 0.15171812 0,
      -0.43829273 0.15728346 0,
      -0.43542144 0.16344095 0,
      -0.43366302 0.17000347 0,
      -0.43307086 0.17677166 0,
      -0.43307086 0.17755906 0,
      -0.43366302 0.18432723 0,
      -0.43542144 0.19088977 0,
      -0.43829273 0.19704725 0,
      -0.44218962 0.20261259 0,
      -0.44699372 0.2074167 0,
      -0.45255906 0.21131359 0,
      -0.45871652 0.21418487 0,
      -0.46527909 0.21594329 0,
      -0.47204726 0.21653543 0,
      -0.59055119 0.13779527 0,
      -0.59055119 0.21653543 0,
      -0.59055119 0.21653543 0.039370078,
      -0.59055119 0.13779527 0.039370078,
      -0.47204726 0.21653543 0.039370078,
      -0.59055119 0.21653543 0.039370078,
      -0.47204726 0.21653543 0,
      -0.59055119 0.21653543 0,
      -0.47204726 0.21653543 0,
      -0.47204726 0.21653543 0.039370078,
      -0.43307086 0.17755906 0.039370078,
      -0.43366302 0.18432723 0.039370078,
      -0.43542144 0.19088977 0.039370078,
      -0.43829273 0.19704725 0.039370078,
      -0.44218962 0.20261259 0.039370078,
      -0.44699372 0.2074167 0.039370078,
      -0.45255906 0.21131359 0.039370078,
      -0.45871652 0.21418487 0.039370078,
      -0.46527909 0.21594329 0.039370078,
      -0.43307086 0.17755906 0,
      -0.43366302 0.18432723 0,
      -0.43542144 0.19088977 0,
      -0.43829273 0.19704725 0,
      -0.44218962 0.20261259 0,
      -0.44699372 0.2074167 0,
      -0.45255906 0.21131359 0,
      -0.45871652 0.21418487 0,
      -0.46527909 0.21594329 0,
      -0.43307086 0.17755906 0,
      -0.43307086 0.17755906 0.039370078,
      -0.43307086 0.17677166 0.039370078,
      -0.43307086 0.17677166 0,
      -0.43307086 0.17677166 0,
      -0.43307086 0.17677166 0.039370078,
      -0.47204726 0.13779527 0.039370078,
      -0.46527909 0.13838742 0.039370078,
      -0.45871652 0.14014584 0.039370078,
      -0.45255906 0.14301712 0.039370078,
      -0.44699372 0.14691402 0.039370078,
      -0.44218962 0.15171812 0.039370078,
      -0.43829273 0.15728346 0.039370078,
      -0.43542144 0.16344095 0.039370078,
      -0.43366302 0.17000347 0.039370078,
      -0.47204726 0.13779527 0,
      -0.46527909 0.13838742 0,
      -0.45871652 0.14014584 0,
      -0.45255906 0.14301712 0,
      -0.44699372 0.14691402 0,
      -0.44218962 0.15171812 0,
      -0.43829273 0.15728346 0,
      -0.43542144 0.16344095 0,
      -0.43366302 0.17000347 0,
      -0.59055119 0.13779527 0,
      -0.47204726 0.13779527 0,
      -0.47204726 0.13779527 0.039370078,
      -0.59055119 0.13779527 0.039370078,
      -0.59055119 0.13779527 0.039370078,
      -0.47204726 0.13779527 0.039370078,
      -0.46527909 0.13838742 0.039370078,
      -0.45871652 0.14014584 0.039370078,
      -0.45255906 0.14301712 0.039370078,
      -0.44699372 0.14691402 0.039370078,
      -0.44218962 0.15171812 0.039370078,
      -0.43829273 0.15728346 0.039370078,
      -0.43542144 0.16344095 0.039370078,
      -0.43366302 0.17000347 0.039370078,
      -0.43307086 0.17677166 0.039370078,
      -0.43307086 0.17755906 0.039370078,
      -0.43366302 0.18432723 0.039370078,
      -0.43542144 0.19088977 0.039370078,
      -0.43829273 0.19704725 0.039370078,
      -0.44218962 0.20261259 0.039370078,
      -0.44699372 0.2074167 0.039370078,
      -0.45255906 0.21131359 0.039370078,
      -0.45871652 0.21418487 0.039370078,
      -0.46527909 0.21594329 0.039370078,
      -0.47204726 0.21653543 0.039370078,
      -0.59055119 0.21653543 0.039370078,
      -0.43307086 0.39370081 0,
      -0.43307086 0.31496062 0,
      -0.59055119 0.39370081 0,
      -0.59055119 0.31496062 0,
      -0.43307086 0.31496062 0,
      -0.43307086 0.31496062 0.039370078,
      -0.43307086 0.39370081 0,
      -0.43307086 0.39370081 0.039370078,
      -0.59055119 0.31496062 0.039370078,
      -0.59055119 0.39370081 0.039370078,
      -0.43307086 0.31496062 0.039370078,
      -0.43307086 0.39370081 0.039370078,
      -0.59055119 0.39370081 0,
      -0.59055119 0.39370081 0.039370078,
      -0.43307086 0.39370081 0.039370078,
      -0.43307086 0.39370081 0,
      -0.59055119 0.31496062 0,
      -0.59055119 0.39370081 0,
      -0.59055119 0.39370081 0.039370078,
      -0.59055119 0.31496062 0.039370078,
      -0.59055119 0.31496062 0,
      -0.59055119 0.31496062 0.039370078,
      -0.43307086 0.31496062 0,
      -0.43307086 0.31496062 0.039370078,
    ] }
    coordIndex [
      71, 73, 72, -1,
      75, 73, 71, -1,
      75, 74, 73, -1,
      76, 75, 71, -1,
      76, 71, 70, -1,
      77, 76, 70, -1,
      77, 70, 69, -1,
      58, 68, 67, -1,
      58, 69, 68, -1,
      80, 78, 77, -1,
      80, 79, 78, -1,
      81, 80, 77, -1,
      59, 69, 58, -1,
      82, 81, 77, -1,
      60, 69, 59, -1,
      83, 82, 77, -1,
      61, 69, 60, -1,
      84, 83, 77, -1,
      62, 69, 61, -1,
      85, 84, 77, -1,
      63, 69, 62, -1,
      86, 85, 77, -1,
      64, 69, 63, -1,
      87, 86, 77, -1,
      65, 69, 64, -1,
      36, 46, 45, -1,
      36, 47, 46, -1,
      102, 101, 100, -1,
      102, 100, 99, -1,
      37, 47, 36, -1,
      37, 55, 56, -1,
      37, 56, 47, -1,
      103, 102, 99, -1,
      103, 99, 98, -1,
      104, 103, 98, -1,
      104, 98, 97, -1,
      38, 55, 37, -1,
      39, 55, 38, -1,
      39, 54, 55, -1,
      105, 104, 97, -1,
      105, 97, 96, -1,
      106, 105, 96, -1,
      106, 95, 94, -1,
      106, 96, 95, -1,
      40, 54, 39, -1,
      40, 53, 54, -1,
      41, 53, 40, -1,
      41, 52, 53, -1,
      107, 106, 94, -1,
      42, 51, 52, -1,
      42, 52, 41, -1,
      108, 107, 94, -1,
      108, 94, 93, -1,
      43, 50, 51, -1,
      43, 51, 42, -1,
      308, 109, 108, -1,
      308, 110, 109, -1,
      308, 111, 110, -1,
      308, 112, 111, -1,
      308, 113, 112, -1,
      308, 77, 69, -1,
      308, 43, 44, -1,
      308, 44, 35, -1,
      308, 48, 49, -1,
      308, 49, 50, -1,
      308, 69, 65, -1,
      308, 57, 48, -1,
      308, 108, 93, -1,
      308, 87, 77, -1,
      308, 50, 43, -1,
      308, 65, 66, -1,
      308, 66, 57, -1,
      308, 88, 87, -1,
      308, 89, 88, -1,
      308, 90, 89, -1,
      308, 91, 90, -1,
      308, 92, 91, -1,
      308, 93, 92, -1,
      14, 24, 23, -1,
      14, 25, 24, -1,
      14, 34, 25, -1,
      124, 122, 121, -1,
      124, 123, 122, -1,
      125, 124, 121, -1,
      125, 121, 120, -1,
      15, 34, 14, -1,
      126, 119, 118, -1,
      126, 120, 119, -1,
      126, 125, 120, -1,
      16, 32, 33, -1,
      16, 33, 34, -1,
      16, 34, 15, -1,
      127, 126, 118, -1,
      17, 32, 16, -1,
      128, 118, 117, -1,
      128, 127, 118, -1,
      18, 31, 32, -1,
      18, 32, 17, -1,
      129, 117, 116, -1,
      129, 128, 117, -1,
      19, 31, 18, -1,
      19, 30, 31, -1,
      130, 116, 115, -1,
      130, 129, 116, -1,
      20, 30, 19, -1,
      20, 28, 29, -1,
      20, 29, 30, -1,
      21, 28, 20, -1,
      143, 145, 144, -1,
      3, 2, 0, -1,
      1, 6, 7, -1,
      1, 7, 8, -1,
      1, 8, 9, -1,
      1, 9, 10, -1,
      1, 10, 11, -1,
      1, 11, 12, -1,
      1, 12, 3, -1,
      1, 3, 0, -1,
      146, 138, 137, -1,
      146, 139, 138, -1,
      146, 140, 139, -1,
      146, 141, 140, -1,
      146, 142, 141, -1,
      146, 143, 142, -1,
      146, 145, 143, -1,
      150, 149, 148, -1,
      310, 146, 137, -1,
      310, 114, 113, -1,
      310, 115, 114, -1,
      310, 131, 130, -1,
      310, 132, 131, -1,
      310, 133, 132, -1,
      310, 134, 133, -1,
      310, 135, 134, -1,
      310, 130, 115, -1,
      310, 136, 135, -1,
      310, 137, 136, -1,
      310, 113, 308, -1,
      307, 4, 5, -1,
      307, 5, 6, -1,
      307, 13, 4, -1,
      307, 21, 22, -1,
      307, 22, 13, -1,
      307, 26, 27, -1,
      307, 27, 28, -1,
      307, 35, 26, -1,
      307, 28, 21, -1,
      307, 6, 1, -1,
      307, 308, 35, -1,
      302, 305, 304, -1,
      302, 306, 305, -1,
      152, 150, 148, -1,
      301, 1, 306, -1,
      301, 306, 302, -1,
      153, 152, 148, -1,
      153, 148, 147, -1,
      300, 1, 301, -1,
      300, 307, 1, -1,
      154, 153, 147, -1,
      154, 147, 146, -1,
      154, 146, 310, -1,
      151, 150, 152, -1,
      303, 302, 304, -1,
      162, 161, 154, -1,
      293, 294, 300, -1,
      292, 293, 300, -1,
      160, 154, 161, -1,
      295, 300, 294, -1,
      163, 154, 310, -1,
      163, 162, 154, -1,
      296, 307, 300, -1,
      296, 300, 295, -1,
      159, 154, 160, -1,
      291, 292, 300, -1,
      164, 163, 310, -1,
      158, 154, 159, -1,
      290, 291, 300, -1,
      297, 307, 296, -1,
      165, 164, 310, -1,
      157, 154, 158, -1,
      288, 307, 297, -1,
      289, 290, 300, -1,
      166, 165, 310, -1,
      167, 166, 310, -1,
      279, 307, 288, -1,
      280, 307, 279, -1,
      168, 167, 310, -1,
      281, 307, 280, -1,
      169, 168, 310, -1,
      299, 289, 300, -1,
      155, 154, 157, -1,
      282, 307, 281, -1,
      170, 169, 310, -1,
      298, 289, 299, -1,
      156, 155, 157, -1,
      183, 172, 171, -1,
      183, 173, 172, -1,
      272, 284, 271, -1,
      272, 282, 283, -1,
      272, 283, 284, -1,
      184, 183, 171, -1,
      182, 173, 183, -1,
      270, 271, 284, -1,
      270, 284, 285, -1,
      270, 285, 286, -1,
      273, 282, 272, -1,
      273, 307, 282, -1,
      185, 184, 171, -1,
      185, 171, 170, -1,
      185, 170, 310, -1,
      274, 307, 273, -1,
      186, 185, 310, -1,
      269, 270, 286, -1,
      269, 286, 287, -1,
      181, 173, 182, -1,
      181, 174, 173, -1,
      181, 175, 174, -1,
      268, 269, 287, -1,
      275, 307, 274, -1,
      180, 175, 181, -1,
      187, 186, 310, -1,
      266, 307, 275, -1,
      267, 268, 287, -1,
      267, 287, 278, -1,
      179, 175, 180, -1,
      179, 176, 175, -1,
      188, 310, 309, -1,
      188, 187, 310, -1,
      257, 307, 266, -1,
      189, 188, 309, -1,
      258, 309, 307, -1,
      258, 307, 257, -1,
      190, 189, 309, -1,
      191, 190, 309, -1,
      259, 309, 258, -1,
      277, 267, 278, -1,
      177, 176, 179, -1,
      260, 309, 259, -1,
      192, 191, 309, -1,
      276, 267, 277, -1,
      178, 177, 179, -1,
      206, 205, 194, -1,
      206, 194, 193, -1,
      250, 261, 262, -1,
      250, 262, 249, -1,
      204, 194, 205, -1,
      204, 195, 194, -1,
      248, 262, 263, -1,
      248, 249, 262, -1,
      251, 261, 250, -1,
      251, 260, 261, -1,
      251, 309, 260, -1,
      207, 206, 193, -1,
      207, 192, 309, -1,
      207, 193, 192, -1,
      203, 195, 204, -1,
      203, 196, 195, -1,
      208, 207, 309, -1,
      247, 263, 264, -1,
      247, 248, 263, -1,
      252, 309, 251, -1,
      202, 196, 203, -1,
      202, 197, 196, -1,
      246, 247, 264, -1,
      246, 264, 265, -1,
      209, 208, 309, -1,
      253, 309, 252, -1,
      201, 197, 202, -1,
      201, 198, 197, -1,
      245, 246, 265, -1,
      245, 265, 256, -1,
      210, 209, 309, -1,
      244, 309, 253, -1,
      211, 210, 309, -1,
      235, 309, 244, -1,
      212, 211, 309, -1,
      236, 309, 235, -1,
      213, 212, 309, -1,
      237, 309, 236, -1,
      199, 198, 201, -1,
      214, 213, 309, -1,
      238, 309, 237, -1,
      200, 199, 201, -1,
      254, 245, 256, -1,
      254, 256, 255, -1,
      223, 215, 214, -1,
      223, 216, 215, -1,
      223, 217, 216, -1,
      223, 218, 217, -1,
      223, 219, 218, -1,
      223, 220, 219, -1,
      223, 214, 309, -1,
      231, 223, 309, -1,
      231, 238, 239, -1,
      231, 239, 240, -1,
      231, 240, 241, -1,
      231, 241, 242, -1,
      231, 242, 243, -1,
      231, 243, 234, -1,
      231, 309, 238, -1,
      230, 223, 231, -1,
      230, 224, 223, -1,
      225, 224, 230, -1,
      229, 225, 230, -1,
      222, 221, 220, -1,
      222, 220, 223, -1,
      232, 234, 233, -1,
      232, 231, 234, -1,
      227, 226, 225, -1,
      227, 229, 228, -1,
      227, 225, 229, -1,
      313, 312, 311, -1,
      313, 311, 314, -1,
      317, 316, 315, -1,
      317, 315, 318, -1,
      321, 319, 320, -1,
      321, 320, 322, -1,
      348, 344, 347, -1,
      350, 347, 344, -1,
      345, 350, 344, -1,
      346, 349, 350, -1,
      346, 350, 345, -1,
      324, 349, 346, -1,
      343, 348, 349, -1,
      343, 344, 348, -1,
      343, 349, 324, -1,
      326, 324, 323, -1,
      326, 323, 325, -1,
      326, 343, 324, -1,
      327, 343, 326, -1,
      330, 327, 328, -1,
      330, 328, 329, -1,
      330, 343, 327, -1,
      334, 331, 332, -1,
      334, 332, 333, -1,
      338, 335, 336, -1,
      338, 336, 337, -1,
      351, 339, 340, -1,
      352, 338, 339, -1,
      352, 339, 351, -1,
      341, 354, 351, -1,
      341, 351, 340, -1,
      353, 354, 341, -1,
      342, 330, 331, -1,
      342, 334, 335, -1,
      342, 352, 353, -1,
      342, 343, 330, -1,
      342, 331, 334, -1,
      342, 335, 338, -1,
      342, 338, 352, -1,
      342, 353, 341, -1,
      358, 355, 356, -1,
      358, 357, 355, -1,
      384, 363, 383, -1,
      386, 383, 363, -1,
      364, 386, 363, -1,
      365, 385, 386, -1,
      365, 386, 364, -1,
      366, 385, 365, -1,
      362, 384, 385, -1,
      362, 363, 384, -1,
      362, 385, 366, -1,
      369, 366, 367, -1,
      369, 367, 368, -1,
      369, 362, 366, -1,
      370, 362, 369, -1,
      373, 370, 371, -1,
      373, 371, 372, -1,
      373, 362, 370, -1,
      377, 374, 375, -1,
      377, 375, 376, -1,
      381, 378, 379, -1,
      381, 379, 380, -1,
      387, 382, 359, -1,
      388, 381, 382, -1,
      388, 382, 387, -1,
      360, 390, 387, -1,
      360, 387, 359, -1,
      389, 390, 360, -1,
      361, 373, 374, -1,
      361, 377, 378, -1,
      361, 388, 389, -1,
      361, 362, 373, -1,
      361, 374, 377, -1,
      361, 378, 381, -1,
      361, 381, 388, -1,
      361, 389, 360, -1,
      393, 392, 391, -1,
      393, 391, 394, -1,
      397, 396, 395, -1,
      397, 395, 398, -1,
      401, 400, 399, -1,
      401, 399, 402, -1,
      405, 403, 404, -1,
      405, 404, 406, -1,
      411, 410, 409, -1,
      408, 409, 407, -1,
      408, 411, 409, -1,
      414, 413, 412, -1,
      414, 412, 415, -1,
      428, 417, 416, -1,
      428, 416, 427, -1,
      429, 418, 417, -1,
      429, 417, 428, -1,
      430, 419, 418, -1,
      430, 418, 429, -1,
      431, 420, 419, -1,
      431, 419, 430, -1,
      432, 421, 420, -1,
      432, 420, 431, -1,
      433, 422, 421, -1,
      433, 421, 432, -1,
      434, 423, 422, -1,
      434, 422, 433, -1,
      435, 424, 423, -1,
      435, 423, 434, -1,
      426, 425, 424, -1,
      426, 424, 435, -1,
      438, 437, 436, -1,
      438, 436, 439, -1,
      452, 441, 440, -1,
      452, 440, 451, -1,
      453, 442, 441, -1,
      453, 441, 452, -1,
      454, 443, 442, -1,
      454, 442, 453, -1,
      455, 444, 443, -1,
      455, 443, 454, -1,
      456, 445, 444, -1,
      456, 444, 455, -1,
      457, 446, 445, -1,
      457, 445, 456, -1,
      458, 447, 446, -1,
      458, 446, 457, -1,
      459, 448, 447, -1,
      459, 447, 458, -1,
      450, 449, 448, -1,
      450, 448, 459, -1,
      462, 460, 461, -1,
      462, 461, 463, -1,
      475, 473, 472, -1,
      475, 474, 473, -1,
      466, 468, 467, -1,
      466, 469, 468, -1,
      466, 470, 469, -1,
      466, 471, 470, -1,
      466, 472, 471, -1,
      466, 475, 472, -1,
      485, 476, 475, -1,
      485, 477, 476, -1,
      485, 478, 477, -1,
      485, 479, 478, -1,
      485, 480, 479, -1,
      485, 481, 480, -1,
      485, 482, 481, -1,
      485, 483, 482, -1,
      485, 484, 483, -1,
      485, 475, 466, -1,
      465, 466, 464, -1,
      465, 485, 466, -1,
      488, 487, 486, -1,
      488, 486, 489, -1,
      502, 491, 490, -1,
      502, 490, 501, -1,
      503, 492, 491, -1,
      503, 491, 502, -1,
      504, 493, 492, -1,
      504, 492, 503, -1,
      505, 494, 493, -1,
      505, 493, 504, -1,
      506, 495, 494, -1,
      506, 494, 505, -1,
      507, 496, 495, -1,
      507, 495, 506, -1,
      508, 497, 496, -1,
      508, 496, 507, -1,
      509, 498, 497, -1,
      509, 497, 508, -1,
      500, 499, 498, -1,
      500, 498, 509, -1,
      512, 511, 510, -1,
      512, 510, 513, -1,
      526, 515, 514, -1,
      526, 514, 525, -1,
      527, 516, 515, -1,
      527, 515, 526, -1,
      528, 517, 516, -1,
      528, 516, 527, -1,
      529, 518, 517, -1,
      529, 517, 528, -1,
      530, 519, 518, -1,
      530, 518, 529, -1,
      531, 520, 519, -1,
      531, 519, 530, -1,
      532, 521, 520, -1,
      532, 520, 531, -1,
      533, 522, 521, -1,
      533, 521, 532, -1,
      524, 523, 522, -1,
      524, 522, 533, -1,
      536, 534, 535, -1,
      536, 535, 537, -1,
      549, 545, 544, -1,
      549, 546, 545, -1,
      549, 547, 546, -1,
      549, 548, 547, -1,
      540, 542, 541, -1,
      540, 543, 542, -1,
      540, 544, 543, -1,
      540, 549, 544, -1,
      559, 550, 549, -1,
      559, 551, 550, -1,
      559, 552, 551, -1,
      559, 553, 552, -1,
      559, 554, 553, -1,
      559, 555, 554, -1,
      559, 556, 555, -1,
      559, 557, 556, -1,
      559, 558, 557, -1,
      559, 549, 540, -1,
      539, 540, 538, -1,
      539, 559, 540, -1,
      562, 561, 560, -1,
      562, 560, 563, -1,
      576, 565, 564, -1,
      576, 564, 575, -1,
      577, 566, 565, -1,
      577, 565, 576, -1,
      578, 567, 566, -1,
      578, 566, 577, -1,
      579, 568, 567, -1,
      579, 567, 578, -1,
      580, 569, 568, -1,
      580, 568, 579, -1,
      581, 570, 569, -1,
      581, 569, 580, -1,
      582, 571, 570, -1,
      582, 570, 581, -1,
      583, 572, 571, -1,
      583, 571, 582, -1,
      574, 573, 572, -1,
      574, 572, 583, -1,
      586, 585, 584, -1,
      586, 584, 587, -1,
      600, 589, 588, -1,
      600, 588, 599, -1,
      601, 590, 589, -1,
      601, 589, 600, -1,
      602, 591, 590, -1,
      602, 590, 601, -1,
      603, 592, 591, -1,
      603, 591, 602, -1,
      604, 593, 592, -1,
      604, 592, 603, -1,
      605, 594, 593, -1,
      605, 593, 604, -1,
      606, 595, 594, -1,
      606, 594, 605, -1,
      607, 596, 595, -1,
      607, 595, 606, -1,
      598, 597, 596, -1,
      598, 596, 607, -1,
      610, 608, 609, -1,
      610, 609, 611, -1,
      623, 619, 618, -1,
      623, 620, 619, -1,
      623, 621, 620, -1,
      623, 622, 621, -1,
      614, 616, 615, -1,
      614, 617, 616, -1,
      614, 618, 617, -1,
      614, 623, 618, -1,
      629, 628, 627, -1,
      632, 630, 629, -1,
      632, 631, 630, -1,
      633, 624, 623, -1,
      633, 625, 624, -1,
      633, 626, 625, -1,
      633, 627, 626, -1,
      633, 623, 614, -1,
      633, 629, 627, -1,
      633, 632, 629, -1,
      613, 614, 612, -1,
      613, 633, 614, -1,
      636, 635, 634, -1,
      636, 634, 637, -1,
      640, 639, 638, -1,
      640, 638, 641, -1,
      643, 644, 642, -1,
      643, 645, 644, -1,
      648, 646, 647, -1,
      648, 647, 649, -1,
      654, 653, 652, -1,
      650, 654, 652, -1,
      651, 654, 650, -1,
      680, 660, 679, -1,
      682, 679, 660, -1,
      661, 682, 660, -1,
      662, 681, 682, -1,
      662, 682, 661, -1,
      663, 681, 662, -1,
      659, 680, 681, -1,
      659, 660, 680, -1,
      659, 681, 663, -1,
      666, 663, 664, -1,
      666, 664, 665, -1,
      666, 659, 663, -1,
      667, 659, 666, -1,
      670, 667, 668, -1,
      670, 668, 669, -1,
      670, 659, 667, -1,
      674, 671, 672, -1,
      674, 672, 673, -1,
      678, 675, 676, -1,
      678, 676, 677, -1,
      683, 656, 655, -1,
      684, 678, 656, -1,
      684, 656, 683, -1,
      657, 686, 683, -1,
      657, 683, 655, -1,
      685, 686, 657, -1,
      658, 670, 671, -1,
      658, 674, 675, -1,
      658, 684, 685, -1,
      658, 659, 670, -1,
      658, 671, 674, -1,
      658, 675, 678, -1,
      658, 678, 684, -1,
      658, 685, 657, -1,
      690, 687, 688, -1,
      690, 691, 687, -1,
      689, 690, 688, -1,
      693, 694, 695, -1,
      693, 695, 692, -1,
      698, 697, 696, -1,
      698, 696, 699, -1,
      701, 702, 703, -1,
      701, 703, 700, -1,
      705, 706, 707, -1,
      705, 707, 704, -1,
      709, 710, 711, -1,
      709, 711, 708, -1,
      713, 722, 712, -1,
      713, 723, 722, -1,
      714, 724, 723, -1,
      714, 723, 713, -1,
      715, 725, 724, -1,
      715, 724, 714, -1,
      716, 726, 725, -1,
      716, 725, 715, -1,
      717, 727, 726, -1,
      717, 726, 716, -1,
      718, 728, 727, -1,
      718, 727, 717, -1,
      719, 729, 728, -1,
      719, 728, 718, -1,
      720, 730, 729, -1,
      720, 729, 719, -1,
      721, 731, 730, -1,
      721, 730, 720, -1,
      733, 734, 735, -1,
      733, 735, 732, -1,
      737, 746, 736, -1,
      737, 747, 746, -1,
      738, 748, 747, -1,
      738, 747, 737, -1,
      739, 749, 748, -1,
      739, 748, 738, -1,
      740, 750, 749, -1,
      740, 749, 739, -1,
      741, 751, 750, -1,
      741, 750, 740, -1,
      742, 752, 751, -1,
      742, 751, 741, -1,
      743, 753, 752, -1,
      743, 752, 742, -1,
      744, 754, 753, -1,
      744, 753, 743, -1,
      745, 755, 754, -1,
      745, 754, 744, -1,
      757, 758, 759, -1,
      757, 759, 756, -1,
      764, 762, 763, -1,
      766, 764, 765, -1,
      770, 761, 762, -1,
      770, 766, 767, -1,
      770, 767, 768, -1,
      770, 768, 769, -1,
      770, 762, 764, -1,
      770, 764, 766, -1,
      780, 760, 761, -1,
      780, 781, 760, -1,
      771, 780, 761, -1,
      771, 761, 770, -1,
      775, 771, 772, -1,
      775, 772, 773, -1,
      775, 773, 774, -1,
      775, 776, 777, -1,
      775, 777, 778, -1,
      775, 778, 779, -1,
      775, 779, 780, -1,
      775, 780, 771, -1,
      783, 784, 785, -1,
      783, 785, 782, -1,
      787, 796, 786, -1,
      787, 797, 796, -1,
      788, 798, 797, -1,
      788, 797, 787, -1,
      789, 799, 798, -1,
      789, 798, 788, -1,
      790, 800, 799, -1,
      790, 799, 789, -1,
      791, 801, 800, -1,
      791, 800, 790, -1,
      792, 802, 801, -1,
      792, 801, 791, -1,
      793, 803, 802, -1,
      793, 802, 792, -1,
      794, 804, 803, -1,
      794, 803, 793, -1,
      795, 805, 804, -1,
      795, 804, 794, -1,
      807, 808, 809, -1,
      807, 809, 806, -1,
      811, 820, 810, -1,
      811, 821, 820, -1,
      812, 822, 821, -1,
      812, 821, 811, -1,
      813, 823, 822, -1,
      813, 822, 812, -1,
      814, 824, 823, -1,
      814, 823, 813, -1,
      815, 825, 824, -1,
      815, 824, 814, -1,
      816, 826, 825, -1,
      816, 825, 815, -1,
      817, 827, 826, -1,
      817, 826, 816, -1,
      818, 828, 827, -1,
      818, 827, 817, -1,
      819, 829, 828, -1,
      819, 828, 818, -1,
      831, 832, 833, -1,
      831, 833, 830, -1,
      842, 840, 841, -1,
      844, 835, 836, -1,
      844, 836, 837, -1,
      844, 837, 838, -1,
      844, 838, 839, -1,
      844, 839, 840, -1,
      844, 842, 843, -1,
      844, 840, 842, -1,
      854, 834, 835, -1,
      854, 855, 834, -1,
      845, 854, 835, -1,
      845, 835, 844, -1,
      848, 846, 847, -1,
      850, 851, 852, -1,
      850, 852, 853, -1,
      850, 853, 854, -1,
      849, 845, 846, -1,
      849, 854, 845, -1,
      849, 850, 854, -1,
      849, 846, 848, -1,
      857, 858, 859, -1,
      857, 859, 856, -1,
      861, 870, 860, -1,
      861, 871, 870, -1,
      862, 872, 871, -1,
      862, 871, 861, -1,
      863, 873, 872, -1,
      863, 872, 862, -1,
      864, 874, 873, -1,
      864, 873, 863, -1,
      865, 875, 874, -1,
      865, 874, 864, -1,
      866, 876, 875, -1,
      866, 875, 865, -1,
      867, 877, 876, -1,
      867, 876, 866, -1,
      868, 878, 877, -1,
      868, 877, 867, -1,
      869, 879, 878, -1,
      869, 878, 868, -1,
      881, 882, 883, -1,
      881, 883, 880, -1,
      885, 894, 884, -1,
      885, 895, 894, -1,
      886, 896, 895, -1,
      886, 895, 885, -1,
      887, 897, 896, -1,
      887, 896, 886, -1,
      888, 898, 897, -1,
      888, 897, 887, -1,
      889, 899, 898, -1,
      889, 898, 888, -1,
      890, 900, 899, -1,
      890, 899, 889, -1,
      891, 901, 900, -1,
      891, 900, 890, -1,
      892, 902, 901, -1,
      892, 901, 891, -1,
      893, 903, 902, -1,
      893, 902, 892, -1,
      905, 906, 907, -1,
      905, 907, 904, -1,
      913, 911, 912, -1,
      917, 915, 916, -1,
      918, 909, 910, -1,
      918, 910, 911, -1,
      918, 913, 914, -1,
      918, 914, 915, -1,
      918, 911, 913, -1,
      918, 915, 917, -1,
      928, 908, 909, -1,
      928, 929, 908, -1,
      919, 928, 909, -1,
      919, 909, 918, -1,
      922, 920, 921, -1,
      923, 919, 920, -1,
      923, 924, 925, -1,
      923, 925, 926, -1,
      923, 926, 927, -1,
      923, 927, 928, -1,
      923, 928, 919, -1,
      923, 920, 922, -1,
      931, 932, 933, -1,
      931, 933, 930, -1,
      935, 936, 937, -1,
      935, 937, 934, -1,
      939, 940, 938, -1,
      939, 941, 940, -1,
      942, 944, 945, -1,
      942, 945, 943, -1,
      947, 950, 946, -1,
      949, 947, 948, -1,
      949, 950, 947, -1,
      976, 973, 975, -1,
      978, 975, 973, -1,
      974, 978, 973, -1,
      951, 977, 978, -1,
      951, 978, 974, -1,
      952, 977, 951, -1,
      972, 976, 977, -1,
      972, 973, 976, -1,
      972, 977, 952, -1,
      955, 952, 953, -1,
      955, 953, 954, -1,
      955, 972, 952, -1,
      956, 972, 955, -1,
      959, 956, 957, -1,
      959, 957, 958, -1,
      959, 972, 956, -1,
      963, 960, 961, -1,
      963, 961, 962, -1,
      967, 964, 965, -1,
      967, 965, 966, -1,
      979, 968, 969, -1,
      980, 967, 968, -1,
      980, 968, 979, -1,
      970, 982, 979, -1,
      970, 979, 969, -1,
      981, 982, 970, -1,
      971, 959, 960, -1,
      971, 963, 964, -1,
      971, 980, 981, -1,
      971, 972, 959, -1,
      971, 960, 963, -1,
      971, 964, 967, -1,
      971, 967, 980, -1,
      971, 981, 970, -1,
      983, 985, 986, -1,
      983, 986, 984, -1,
      990, 988, 989, -1,
      991, 987, 988, -1,
      991, 988, 990, -1,
      993, 994, 995, -1,
      993, 995, 992, -1,
      997, 998, 999, -1,
      997, 999, 996, -1,
      1001, 1002, 1000, -1,
      1001, 1003, 1002, -1,
      1006, 1004, 1005, -1,
      1006, 1007, 1004, -1,
      1009, 1010, 1011, -1,
      1009, 1011, 1008, -1,
      1014, 1013, 1012, -1,
      1014, 1012, 1015, -1,
      1017, 1018, 1019, -1,
      1017, 1019, 1016, -1,
      1021, 1022, 1023, -1,
      1021, 1023, 1020, -1,
      1027, 1025, 1026, -1,
      1024, 1025, 1027, -1,
      1028, 1024, 1027, -1,
      1030, 1031, 1032, -1,
      1030, 1032, 1029, -1,
      1034, 1043, 1033, -1,
      1034, 1044, 1043, -1,
      1035, 1045, 1044, -1,
      1035, 1044, 1034, -1,
      1036, 1046, 1045, -1,
      1036, 1045, 1035, -1,
      1037, 1047, 1046, -1,
      1037, 1046, 1036, -1,
      1038, 1048, 1047, -1,
      1038, 1047, 1037, -1,
      1039, 1049, 1048, -1,
      1039, 1048, 1038, -1,
      1040, 1050, 1049, -1,
      1040, 1049, 1039, -1,
      1041, 1051, 1050, -1,
      1041, 1050, 1040, -1,
      1042, 1052, 1051, -1,
      1042, 1051, 1041, -1,
      1054, 1055, 1056, -1,
      1054, 1056, 1053, -1,
      1058, 1067, 1057, -1,
      1058, 1068, 1067, -1,
      1059, 1069, 1068, -1,
      1059, 1068, 1058, -1,
      1060, 1070, 1069, -1,
      1060, 1069, 1059, -1,
      1061, 1071, 1070, -1,
      1061, 1070, 1060, -1,
      1062, 1072, 1071, -1,
      1062, 1071, 1061, -1,
      1063, 1073, 1072, -1,
      1063, 1072, 1062, -1,
      1064, 1074, 1073, -1,
      1064, 1073, 1063, -1,
      1065, 1075, 1074, -1,
      1065, 1074, 1064, -1,
      1066, 1076, 1075, -1,
      1066, 1075, 1065, -1,
      1078, 1079, 1080, -1,
      1078, 1080, 1077, -1,
      1082, 1083, 1084, -1,
      1082, 1084, 1085, -1,
      1082, 1085, 1086, -1,
      1091, 1086, 1087, -1,
      1091, 1087, 1088, -1,
      1091, 1088, 1089, -1,
      1091, 1089, 1090, -1,
      1091, 1082, 1086, -1,
      1097, 1095, 1096, -1,
      1100, 1097, 1098, -1,
      1100, 1098, 1099, -1,
      1101, 1091, 1092, -1,
      1101, 1092, 1093, -1,
      1101, 1093, 1094, -1,
      1101, 1094, 1095, -1,
      1101, 1082, 1091, -1,
      1101, 1095, 1097, -1,
      1101, 1097, 1100, -1,
      1102, 1081, 1082, -1,
      1102, 1082, 1101, -1,
      1104, 1105, 1106, -1,
      1104, 1106, 1103, -1,
      1108, 1117, 1107, -1,
      1108, 1118, 1117, -1,
      1109, 1119, 1118, -1,
      1109, 1118, 1108, -1,
      1110, 1120, 1119, -1,
      1110, 1119, 1109, -1,
      1111, 1121, 1120, -1,
      1111, 1120, 1110, -1,
      1112, 1122, 1121, -1,
      1112, 1121, 1111, -1,
      1113, 1123, 1122, -1,
      1113, 1122, 1112, -1,
      1114, 1124, 1123, -1,
      1114, 1123, 1113, -1,
      1115, 1125, 1124, -1,
      1115, 1124, 1114, -1,
      1116, 1126, 1125, -1,
      1116, 1125, 1115, -1,
      1128, 1129, 1130, -1,
      1128, 1130, 1127, -1,
      1132, 1141, 1131, -1,
      1132, 1142, 1141, -1,
      1133, 1143, 1142, -1,
      1133, 1142, 1132, -1,
      1134, 1144, 1143, -1,
      1134, 1143, 1133, -1,
      1135, 1145, 1144, -1,
      1135, 1144, 1134, -1,
      1136, 1146, 1145, -1,
      1136, 1145, 1135, -1,
      1137, 1147, 1146, -1,
      1137, 1146, 1136, -1,
      1138, 1148, 1147, -1,
      1138, 1147, 1137, -1,
      1139, 1149, 1148, -1,
      1139, 1148, 1138, -1,
      1140, 1150, 1149, -1,
      1140, 1149, 1139, -1,
      1152, 1153, 1154, -1,
      1152, 1154, 1151, -1,
      1165, 1160, 1161, -1,
      1165, 1161, 1162, -1,
      1165, 1162, 1163, -1,
      1165, 1163, 1164, -1,
      1156, 1157, 1158, -1,
      1156, 1158, 1159, -1,
      1156, 1159, 1160, -1,
      1156, 1160, 1165, -1,
      1175, 1165, 1166, -1,
      1175, 1166, 1167, -1,
      1175, 1167, 1168, -1,
      1175, 1168, 1169, -1,
      1175, 1169, 1170, -1,
      1175, 1170, 1171, -1,
      1175, 1171, 1172, -1,
      1175, 1172, 1173, -1,
      1175, 1173, 1174, -1,
      1175, 1156, 1165, -1,
      1176, 1155, 1156, -1,
      1176, 1156, 1175, -1,
      1178, 1179, 1180, -1,
      1178, 1180, 1177, -1,
      1182, 1191, 1181, -1,
      1182, 1192, 1191, -1,
      1183, 1193, 1192, -1,
      1183, 1192, 1182, -1,
      1184, 1194, 1193, -1,
      1184, 1193, 1183, -1,
      1185, 1195, 1194, -1,
      1185, 1194, 1184, -1,
      1186, 1196, 1195, -1,
      1186, 1195, 1185, -1,
      1187, 1197, 1196, -1,
      1187, 1196, 1186, -1,
      1188, 1198, 1197, -1,
      1188, 1197, 1187, -1,
      1189, 1199, 1198, -1,
      1189, 1198, 1188, -1,
      1190, 1200, 1199, -1,
      1190, 1199, 1189, -1,
      1202, 1203, 1204, -1,
      1202, 1204, 1201, -1,
      1206, 1215, 1205, -1,
      1206, 1216, 1215, -1,
      1207, 1217, 1216, -1,
      1207, 1216, 1206, -1,
      1208, 1218, 1217, -1,
      1208, 1217, 1207, -1,
      1209, 1219, 1218, -1,
      1209, 1218, 1208, -1,
      1210, 1220, 1219, -1,
      1210, 1219, 1209, -1,
      1211, 1221, 1220, -1,
      1211, 1220, 1210, -1,
      1212, 1222, 1221, -1,
      1212, 1221, 1211, -1,
      1213, 1223, 1222, -1,
      1213, 1222, 1212, -1,
      1214, 1224, 1223, -1,
      1214, 1223, 1213, -1,
      1226, 1227, 1228, -1,
      1226, 1228, 1225, -1,
      1230, 1231, 1232, -1,
      1230, 1232, 1233, -1,
      1230, 1233, 1234, -1,
      1239, 1234, 1235, -1,
      1239, 1235, 1236, -1,
      1239, 1236, 1237, -1,
      1239, 1237, 1238, -1,
      1239, 1230, 1234, -1,
      1249, 1239, 1240, -1,
      1249, 1240, 1241, -1,
      1249, 1241, 1242, -1,
      1249, 1242, 1243, -1,
      1249, 1243, 1244, -1,
      1249, 1244, 1245, -1,
      1249, 1245, 1246, -1,
      1249, 1246, 1247, -1,
      1249, 1247, 1248, -1,
      1249, 1230, 1239, -1,
      1250, 1229, 1230, -1,
      1250, 1230, 1249, -1,
      1255, 1251, 1252, -1,
      1255, 1256, 1251, -1,
      1253, 1254, 1255, -1,
      1253, 1255, 1252, -1,
      1260, 1258, 1259, -1,
      1262, 1257, 1258, -1,
      1261, 1258, 1260, -1,
      1261, 1262, 1258, -1,
      1264, 1268, 1263, -1,
      1267, 1268, 1264, -1,
      1266, 1264, 1265, -1,
      1266, 1267, 1264, -1,
      1270, 1272, 1273, -1,
      1270, 1273, 1274, -1,
      1269, 1270, 1274, -1,
      1271, 1272, 1270, -1,
      1276, 1278, 1277, -1,
      1276, 1275, 1278, -1,
      1284, 1280, 1279, -1,
      1284, 1281, 1280, -1,
      1282, 1284, 1283, -1,
      1282, 1281, 1284, -1,
      1289, 1288, 1287, -1,
      1285, 1287, 1286, -1,
      1290, 1287, 1285, -1,
      1290, 1289, 1287, -1,
      1293, 1292, 1291, -1,
      1296, 1293, 1291, -1,
      1295, 1294, 1293, -1,
      1295, 1293, 1296, -1,
      1299, 1302, 1301, -1,
      1299, 1297, 1302, -1,
      1298, 1297, 1299, -1,
      1300, 1299, 1301, -1,
      1306, 1303, 1304, -1,
      1306, 1305, 1303, -1,
      1308, 1310, 1309, -1,
      1308, 1307, 1310, -1,
      1314, 1311, 1312, -1,
      1314, 1313, 1311, -1,
      1318, 1315, 1316, -1,
      1318, 1317, 1315, -1,
      1320, 1322, 1321, -1,
      1320, 1319, 1322, -1,
      1326, 1323, 1324, -1,
      1326, 1325, 1323, -1,
      1328, 1330, 1329, -1,
      1328, 1327, 1330, -1,
      1334, 1331, 1332, -1,
      1334, 1333, 1331, -1,
      1336, 1338, 1337, -1,
      1336, 1335, 1338, -1,
      1342, 1339, 1340, -1,
      1342, 1341, 1339, -1,
      1344, 1346, 1345, -1,
      1344, 1343, 1346, -1,
      1350, 1347, 1348, -1,
      1350, 1349, 1347, -1,
      1352, 1354, 1353, -1,
      1352, 1351, 1354, -1,
      1358, 1355, 1356, -1,
      1358, 1357, 1355, -1,
      1360, 1362, 1361, -1,
      1360, 1359, 1362, -1,
      1365, 1364, 1363, -1,
      1365, 1363, 1366, -1,
      1369, 1368, 1367, -1,
      1369, 1367, 1370, -1,
      1373, 1372, 1371, -1,
      1373, 1371, 1374, -1,
      1377, 1375, 1376, -1,
      1377, 1376, 1378, -1,
      1381, 1379, 1380, -1,
      1383, 1382, 1381, -1,
      1383, 1381, 1380, -1,
      1386, 1385, 1384, -1,
      1386, 1384, 1387, -1,
      1400, 1389, 1388, -1,
      1400, 1390, 1389, -1,
      1400, 1388, 1399, -1,
      1401, 1391, 1390, -1,
      1401, 1390, 1400, -1,
      1402, 1392, 1391, -1,
      1402, 1391, 1401, -1,
      1403, 1392, 1402, -1,
      1404, 1393, 1392, -1,
      1404, 1392, 1403, -1,
      1405, 1394, 1393, -1,
      1405, 1393, 1404, -1,
      1406, 1395, 1394, -1,
      1406, 1394, 1405, -1,
      1407, 1396, 1395, -1,
      1407, 1395, 1406, -1,
      1398, 1397, 1396, -1,
      1398, 1396, 1407, -1,
      1410, 1409, 1408, -1,
      1410, 1408, 1411, -1,
      1424, 1413, 1412, -1,
      1424, 1412, 1423, -1,
      1425, 1414, 1413, -1,
      1425, 1413, 1424, -1,
      1426, 1415, 1414, -1,
      1426, 1414, 1425, -1,
      1427, 1416, 1415, -1,
      1427, 1415, 1426, -1,
      1428, 1417, 1416, -1,
      1428, 1416, 1427, -1,
      1429, 1418, 1417, -1,
      1429, 1417, 1428, -1,
      1430, 1419, 1418, -1,
      1430, 1418, 1429, -1,
      1431, 1420, 1419, -1,
      1431, 1419, 1430, -1,
      1422, 1421, 1420, -1,
      1422, 1420, 1431, -1,
      1434, 1432, 1433, -1,
      1434, 1433, 1435, -1,
      1442, 1441, 1440, -1,
      1447, 1439, 1438, -1,
      1447, 1440, 1439, -1,
      1447, 1443, 1442, -1,
      1447, 1444, 1443, -1,
      1447, 1445, 1444, -1,
      1447, 1446, 1445, -1,
      1447, 1442, 1440, -1,
      1457, 1436, 1437, -1,
      1457, 1438, 1436, -1,
      1448, 1438, 1457, -1,
      1448, 1447, 1438, -1,
      1451, 1450, 1449, -1,
      1452, 1449, 1448, -1,
      1452, 1454, 1453, -1,
      1452, 1455, 1454, -1,
      1452, 1456, 1455, -1,
      1452, 1457, 1456, -1,
      1452, 1448, 1457, -1,
      1452, 1451, 1449, -1,
      1460, 1459, 1458, -1,
      1460, 1458, 1461, -1,
      1474, 1463, 1462, -1,
      1474, 1462, 1473, -1,
      1475, 1464, 1463, -1,
      1475, 1463, 1474, -1,
      1476, 1465, 1464, -1,
      1476, 1464, 1475, -1,
      1477, 1466, 1465, -1,
      1477, 1465, 1476, -1,
      1478, 1467, 1466, -1,
      1478, 1466, 1477, -1,
      1479, 1468, 1467, -1,
      1479, 1467, 1478, -1,
      1480, 1469, 1468, -1,
      1480, 1468, 1479, -1,
      1481, 1470, 1469, -1,
      1481, 1469, 1480, -1,
      1472, 1471, 1470, -1,
      1472, 1470, 1481, -1,
      1484, 1483, 1482, -1,
      1484, 1482, 1485, -1,
      1498, 1487, 1486, -1,
      1498, 1486, 1497, -1,
      1499, 1488, 1487, -1,
      1499, 1487, 1498, -1,
      1500, 1489, 1488, -1,
      1500, 1488, 1499, -1,
      1501, 1490, 1489, -1,
      1501, 1489, 1500, -1,
      1502, 1491, 1490, -1,
      1502, 1490, 1501, -1,
      1503, 1492, 1491, -1,
      1503, 1491, 1502, -1,
      1504, 1493, 1492, -1,
      1504, 1492, 1503, -1,
      1505, 1494, 1493, -1,
      1505, 1493, 1504, -1,
      1496, 1495, 1494, -1,
      1496, 1494, 1505, -1,
      1508, 1506, 1507, -1,
      1508, 1507, 1509, -1,
      1519, 1518, 1517, -1,
      1521, 1513, 1512, -1,
      1521, 1514, 1513, -1,
      1521, 1515, 1514, -1,
      1521, 1516, 1515, -1,
      1521, 1517, 1516, -1,
      1521, 1520, 1519, -1,
      1521, 1519, 1517, -1,
      1531, 1510, 1511, -1,
      1531, 1512, 1510, -1,
      1522, 1512, 1531, -1,
      1522, 1521, 1512, -1,
      1525, 1524, 1523, -1,
      1527, 1529, 1528, -1,
      1527, 1530, 1529, -1,
      1527, 1531, 1530, -1,
      1526, 1523, 1522, -1,
      1526, 1522, 1531, -1,
      1526, 1531, 1527, -1,
      1526, 1525, 1523, -1,
      1534, 1533, 1532, -1,
      1534, 1532, 1535, -1,
      1547, 1537, 1536, -1,
      1548, 1538, 1537, -1,
      1548, 1537, 1547, -1,
      1549, 1539, 1538, -1,
      1549, 1538, 1548, -1,
      1550, 1540, 1539, -1,
      1550, 1539, 1549, -1,
      1551, 1541, 1540, -1,
      1551, 1540, 1550, -1,
      1552, 1542, 1541, -1,
      1552, 1541, 1551, -1,
      1553, 1542, 1552, -1,
      1554, 1543, 1542, -1,
      1554, 1542, 1553, -1,
      1555, 1544, 1543, -1,
      1555, 1543, 1554, -1,
      1546, 1545, 1544, -1,
      1546, 1544, 1555, -1,
      1558, 1557, 1556, -1,
      1558, 1556, 1559, -1,
      1572, 1561, 1560, -1,
      1572, 1560, 1571, -1,
      1573, 1562, 1561, -1,
      1573, 1561, 1572, -1,
      1574, 1563, 1562, -1,
      1574, 1562, 1573, -1,
      1575, 1564, 1563, -1,
      1575, 1563, 1574, -1,
      1576, 1565, 1564, -1,
      1576, 1564, 1575, -1,
      1577, 1566, 1565, -1,
      1577, 1565, 1576, -1,
      1578, 1567, 1566, -1,
      1578, 1566, 1577, -1,
      1579, 1568, 1567, -1,
      1579, 1567, 1578, -1,
      1570, 1569, 1568, -1,
      1570, 1568, 1579, -1,
      1582, 1580, 1581, -1,
      1582, 1581, 1583, -1,
      1590, 1589, 1588, -1,
      1595, 1587, 1586, -1,
      1595, 1588, 1587, -1,
      1595, 1591, 1590, -1,
      1595, 1592, 1591, -1,
      1595, 1593, 1592, -1,
      1595, 1594, 1593, -1,
      1595, 1590, 1588, -1,
      1605, 1584, 1585, -1,
      1605, 1586, 1584, -1,
      1596, 1586, 1605, -1,
      1596, 1595, 1586, -1,
      1600, 1597, 1596, -1,
      1600, 1598, 1597, -1,
      1600, 1599, 1598, -1,
      1600, 1602, 1601, -1,
      1600, 1603, 1602, -1,
      1600, 1604, 1603, -1,
      1600, 1605, 1604, -1,
      1600, 1596, 1605, -1,
      1608, 1607, 1606, -1,
      1608, 1606, 1609, -1,
      1612, 1611, 1610, -1,
      1612, 1610, 1613, -1,
      1616, 1615, 1614, -1,
      1616, 1614, 1617, -1,
      1620, 1619, 1618, -1,
      1620, 1618, 1621, -1,
      1623, 1622, 1624, -1,
      1623, 1624, 1625, -1,
      1629, 1627, 1626, -1,
      1629, 1628, 1627, -1,
      1631, 1632, 1633, -1,
      1631, 1633, 1630, -1,
      1635, 1636, 1637, -1,
      1635, 1637, 1634, -1,
      1639, 1640, 1641, -1,
      1639, 1641, 1638, -1,
      1643, 1644, 1645, -1,
      1643, 1645, 1642, -1,
      1646, 1649, 1648, -1,
      1646, 1647, 1649, -1,
      1650, 1653, 1654, -1,
      1652, 1653, 1650, -1,
      1651, 1652, 1650, -1,
      1658, 1656, 1655, -1,
      1658, 1655, 1657, -1,
      1659, 1660, 1663, -1,
      1662, 1659, 1663, -1,
      1661, 1659, 1662, -1,
      1667, 1664, 1665, -1,
      1667, 1666, 1664, -1,
      1670, 1668, 1669, -1,
      1670, 1669, 1671, -1,
      1674, 1673, 1672, -1,
      1674, 1672, 1675, -1,
      1677, 1679, 1678, -1,
      1677, 1676, 1679, -1,
      1680, 1681, 1684, -1,
      1683, 1680, 1684, -1,
      1682, 1680, 1683, -1,
      1688, 1686, 1685, -1,
      1688, 1685, 1687, -1,
      1689, 1690, 1691, -1,
      1689, 1691, 1692, -1,
      1696, 1694, 1693, -1,
      1696, 1693, 1695, -1,
      1698, 1700, 1701, -1,
      1699, 1700, 1698, -1,
      1697, 1699, 1698, -1,
      1704, 1703, 1702, -1,
      1704, 1702, 1705, -1,
      1708, 1707, 1706, -1,
      1708, 1709, 1707, -1,
      1715, 1712, 1710, -1,
      1715, 1713, 1712, -1,
      1711, 1715, 1710, -1,
      1714, 1713, 1715, -1,
      1718, 1717, 1716, -1,
      1718, 1716, 1719, -1,
      1721, 1720, 1722, -1,
      1721, 1722, 1723, -1,
      1726, 1724, 1725, -1,
      1726, 1727, 1724, -1,
      1730, 1729, 1728, -1,
      1730, 1728, 1731, -1,
      1733, 1732, 1734, -1,
      1733, 1734, 1735, -1,
      1738, 1736, 1737, -1,
      1738, 1739, 1736, -1,
      1744, 1740, 1741, -1,
      1744, 1741, 1742, -1,
      1743, 1744, 1742, -1,
      1745, 1740, 1744, -1,
      1751, 1746, 1747, -1,
      1751, 1748, 1746, -1,
      1749, 1751, 1750, -1,
      1749, 1748, 1751, -1,
      1754, 1753, 1752, -1,
      1754, 1752, 1755, -1,
      1757, 1756, 1758, -1,
      1757, 1758, 1759, -1,
      1762, 1760, 1761, -1,
      1762, 1763, 1760, -1,
      1766, 1765, 1764, -1,
      1766, 1764, 1767, -1,
      1769, 1768, 1770, -1,
      1769, 1770, 1771, -1,
      1774, 1772, 1773, -1,
      1774, 1775, 1772, -1,
      1780, 1776, 1777, -1,
      1780, 1781, 1776, -1,
      1778, 1779, 1780, -1,
      1778, 1780, 1777, -1,
      1787, 1785, 1784, -1,
      1787, 1786, 1785, -1,
      1782, 1783, 1787, -1,
      1782, 1787, 1784, -1,
      1790, 1789, 1788, -1,
      1790, 1788, 1791, -1,
      1793, 1792, 1794, -1,
      1793, 1794, 1795, -1,
      1798, 1796, 1797, -1,
      1798, 1799, 1796, -1,
      1802, 1801, 1800, -1,
      1802, 1800, 1803, -1,
      1805, 1804, 1806, -1,
      1805, 1806, 1807, -1,
      1810, 1808, 1809, -1,
      1810, 1811, 1808, -1,
      1816, 1813, 1814, -1,
      1816, 1814, 1815, -1,
      1812, 1816, 1817, -1,
      1812, 1813, 1816, -1,
      1819, 1820, 1818, -1,
      1822, 1821, 1820, -1,
      1823, 1820, 1819, -1,
      1823, 1822, 1820, -1,
      1826, 1825, 1824, -1,
      1826, 1824, 1827, -1,
      1829, 1828, 1830, -1,
      1829, 1830, 1831, -1,
      1834, 1832, 1833, -1,
      1834, 1835, 1832, -1,
      1838, 1837, 1836, -1,
      1838, 1836, 1839, -1,
      1841, 1840, 1842, -1,
      1841, 1842, 1843, -1,
      1846, 1844, 1845, -1,
      1846, 1847, 1844, -1,
      1851, 1849, 1850, -1,
      1853, 1848, 1849, -1,
      1852, 1849, 1851, -1,
      1852, 1853, 1849, -1,
      1855, 1856, 1857, -1,
      1855, 1857, 1858, -1,
      1855, 1858, 1859, -1,
      1864, 1859, 1860, -1,
      1864, 1860, 1861, -1,
      1864, 1861, 1862, -1,
      1864, 1862, 1863, -1,
      1864, 1855, 1859, -1,
      1870, 1868, 1869, -1,
      1873, 1870, 1871, -1,
      1873, 1871, 1872, -1,
      1874, 1864, 1865, -1,
      1874, 1865, 1866, -1,
      1874, 1866, 1867, -1,
      1874, 1867, 1868, -1,
      1874, 1855, 1864, -1,
      1874, 1868, 1870, -1,
      1874, 1870, 1873, -1,
      1875, 1854, 1855, -1,
      1875, 1855, 1874, -1,
      1878, 1876, 1877, -1,
      1878, 1877, 1879, -1,
      1883, 1880, 1881, -1,
      1883, 1882, 1880, -1,
      1896, 1884, 1885, -1,
      1896, 1885, 1886, -1,
      1897, 1886, 1887, -1,
      1897, 1896, 1886, -1,
      1898, 1887, 1888, -1,
      1898, 1897, 1887, -1,
      1899, 1888, 1889, -1,
      1899, 1898, 1888, -1,
      1900, 1889, 1890, -1,
      1900, 1899, 1889, -1,
      1901, 1890, 1891, -1,
      1901, 1900, 1890, -1,
      1902, 1891, 1892, -1,
      1902, 1901, 1891, -1,
      1903, 1892, 1893, -1,
      1903, 1902, 1892, -1,
      1895, 1893, 1894, -1,
      1895, 1903, 1893, -1,
      1906, 1905, 1904, -1,
      1906, 1904, 1907, -1,
      1920, 1908, 1909, -1,
      1920, 1909, 1910, -1,
      1921, 1910, 1911, -1,
      1921, 1920, 1910, -1,
      1922, 1911, 1912, -1,
      1922, 1921, 1911, -1,
      1923, 1912, 1913, -1,
      1923, 1922, 1912, -1,
      1924, 1913, 1914, -1,
      1924, 1923, 1913, -1,
      1925, 1914, 1915, -1,
      1925, 1924, 1914, -1,
      1926, 1915, 1916, -1,
      1926, 1925, 1915, -1,
      1927, 1916, 1917, -1,
      1927, 1926, 1916, -1,
      1919, 1917, 1918, -1,
      1919, 1927, 1917, -1,
      1929, 1931, 1930, -1,
      1929, 1928, 1931, -1,
      1943, 1939, 1938, -1,
      1943, 1940, 1939, -1,
      1943, 1941, 1940, -1,
      1943, 1942, 1941, -1,
      1934, 1936, 1935, -1,
      1934, 1937, 1936, -1,
      1934, 1938, 1937, -1,
      1934, 1943, 1938, -1,
      1949, 1948, 1947, -1,
      1952, 1950, 1949, -1,
      1952, 1951, 1950, -1,
      1953, 1944, 1943, -1,
      1953, 1945, 1944, -1,
      1953, 1946, 1945, -1,
      1953, 1947, 1946, -1,
      1953, 1943, 1934, -1,
      1953, 1949, 1947, -1,
      1953, 1952, 1949, -1,
      1933, 1934, 1932, -1,
      1933, 1953, 1934, -1,
      1964, 1959, 1960, -1,
      1964, 1960, 1961, -1,
      1964, 1961, 1962, -1,
      1964, 1962, 1963, -1,
      1955, 1956, 1957, -1,
      1955, 1957, 1958, -1,
      1955, 1958, 1959, -1,
      1955, 1959, 1964, -1,
      1974, 1964, 1965, -1,
      1974, 1965, 1966, -1,
      1974, 1966, 1967, -1,
      1974, 1967, 1968, -1,
      1974, 1968, 1969, -1,
      1974, 1969, 1970, -1,
      1974, 1970, 1971, -1,
      1974, 1971, 1972, -1,
      1974, 1972, 1973, -1,
      1974, 1955, 1964, -1,
      1975, 1954, 1955, -1,
      1975, 1955, 1974, -1,
      1978, 1976, 1977, -1,
      1978, 1977, 1979, -1,
      1983, 1980, 1981, -1,
      1983, 1982, 1980, -1,
      1996, 1984, 1985, -1,
      1996, 1985, 1986, -1,
      1997, 1986, 1987, -1,
      1997, 1996, 1986, -1,
      1998, 1987, 1988, -1,
      1998, 1997, 1987, -1,
      1999, 1988, 1989, -1,
      1999, 1998, 1988, -1,
      2000, 1989, 1990, -1,
      2000, 1999, 1989, -1,
      2001, 1990, 1991, -1,
      2001, 2000, 1990, -1,
      2002, 1991, 1992, -1,
      2002, 2001, 1991, -1,
      2003, 1992, 1993, -1,
      2003, 2002, 1992, -1,
      1995, 1993, 1994, -1,
      1995, 2003, 1993, -1,
      2006, 2005, 2004, -1,
      2006, 2004, 2007, -1,
      2020, 2008, 2009, -1,
      2020, 2009, 2010, -1,
      2021, 2010, 2011, -1,
      2021, 2020, 2010, -1,
      2022, 2011, 2012, -1,
      2022, 2021, 2011, -1,
      2023, 2012, 2013, -1,
      2023, 2022, 2012, -1,
      2024, 2013, 2014, -1,
      2024, 2023, 2013, -1,
      2025, 2014, 2015, -1,
      2025, 2024, 2014, -1,
      2026, 2015, 2016, -1,
      2026, 2025, 2015, -1,
      2027, 2016, 2017, -1,
      2027, 2026, 2016, -1,
      2019, 2017, 2018, -1,
      2019, 2027, 2017, -1,
      2029, 2031, 2030, -1,
      2029, 2028, 2031, -1,
      2043, 2039, 2038, -1,
      2043, 2040, 2039, -1,
      2043, 2041, 2040, -1,
      2043, 2042, 2041, -1,
      2034, 2036, 2035, -1,
      2034, 2037, 2036, -1,
      2034, 2038, 2037, -1,
      2034, 2043, 2038, -1,
      2053, 2044, 2043, -1,
      2053, 2045, 2044, -1,
      2053, 2046, 2045, -1,
      2053, 2047, 2046, -1,
      2053, 2048, 2047, -1,
      2053, 2049, 2048, -1,
      2053, 2050, 2049, -1,
      2053, 2051, 2050, -1,
      2053, 2052, 2051, -1,
      2053, 2043, 2034, -1,
      2033, 2034, 2032, -1,
      2033, 2053, 2034, -1,
      2055, 2056, 2057, -1,
      2055, 2057, 2058, -1,
      2055, 2058, 2059, -1,
      2064, 2059, 2060, -1,
      2064, 2060, 2061, -1,
      2064, 2061, 2062, -1,
      2064, 2062, 2063, -1,
      2064, 2055, 2059, -1,
      2074, 2064, 2065, -1,
      2074, 2065, 2066, -1,
      2074, 2066, 2067, -1,
      2074, 2067, 2068, -1,
      2074, 2068, 2069, -1,
      2074, 2069, 2070, -1,
      2074, 2070, 2071, -1,
      2074, 2071, 2072, -1,
      2074, 2072, 2073, -1,
      2074, 2055, 2064, -1,
      2075, 2054, 2055, -1,
      2075, 2055, 2074, -1,
      2078, 2076, 2077, -1,
      2078, 2077, 2079, -1,
      2083, 2080, 2081, -1,
      2083, 2082, 2080, -1,
      2096, 2084, 2085, -1,
      2096, 2085, 2086, -1,
      2097, 2086, 2087, -1,
      2097, 2096, 2086, -1,
      2098, 2087, 2088, -1,
      2098, 2097, 2087, -1,
      2099, 2088, 2089, -1,
      2099, 2098, 2088, -1,
      2100, 2089, 2090, -1,
      2100, 2099, 2089, -1,
      2101, 2090, 2091, -1,
      2101, 2100, 2090, -1,
      2102, 2091, 2092, -1,
      2102, 2101, 2091, -1,
      2103, 2092, 2093, -1,
      2103, 2102, 2092, -1,
      2095, 2093, 2094, -1,
      2095, 2103, 2093, -1,
      2106, 2105, 2104, -1,
      2106, 2104, 2107, -1,
      2120, 2108, 2109, -1,
      2120, 2109, 2110, -1,
      2121, 2110, 2111, -1,
      2121, 2120, 2110, -1,
      2122, 2111, 2112, -1,
      2122, 2121, 2111, -1,
      2123, 2112, 2113, -1,
      2123, 2122, 2112, -1,
      2124, 2113, 2114, -1,
      2124, 2123, 2113, -1,
      2125, 2114, 2115, -1,
      2125, 2124, 2114, -1,
      2126, 2115, 2116, -1,
      2126, 2125, 2115, -1,
      2127, 2116, 2117, -1,
      2127, 2126, 2116, -1,
      2119, 2117, 2118, -1,
      2119, 2127, 2117, -1,
      2129, 2131, 2130, -1,
      2129, 2128, 2131, -1,
      2143, 2141, 2140, -1,
      2143, 2142, 2141, -1,
      2134, 2136, 2135, -1,
      2134, 2137, 2136, -1,
      2134, 2138, 2137, -1,
      2134, 2139, 2138, -1,
      2134, 2140, 2139, -1,
      2134, 2143, 2140, -1,
      2153, 2144, 2143, -1,
      2153, 2145, 2144, -1,
      2153, 2146, 2145, -1,
      2153, 2147, 2146, -1,
      2153, 2148, 2147, -1,
      2153, 2149, 2148, -1,
      2153, 2150, 2149, -1,
      2153, 2151, 2150, -1,
      2153, 2152, 2151, -1,
      2153, 2143, 2134, -1,
      2133, 2134, 2132, -1,
      2133, 2153, 2134, -1,
      2155, 2158, 2154, -1,
      2156, 2157, 2158, -1,
      2156, 2158, 2155, -1,
      2162, 2160, 2159, -1,
      2162, 2159, 2161, -1,
      2166, 2164, 2163, -1,
      2166, 2165, 2164, -1,
      2168, 2169, 2167, -1,
      2168, 2170, 2169, -1,
      2173, 2171, 2172, -1,
      2174, 2172, 2175, -1,
      2174, 2173, 2172, -1,
      2178, 2176, 2177, -1,
      2178, 2177, 2179, -1,
      2180, 2183, 2182, -1,
      2180, 2181, 2183, -1,
      2195, 2191, 2190, -1,
      2195, 2192, 2191, -1,
      2195, 2193, 2192, -1,
      2195, 2194, 2193, -1,
      2186, 2188, 2187, -1,
      2186, 2189, 2188, -1,
      2186, 2190, 2189, -1,
      2186, 2195, 2190, -1,
      2201, 2200, 2199, -1,
      2204, 2202, 2201, -1,
      2204, 2203, 2202, -1,
      2205, 2196, 2195, -1,
      2205, 2197, 2196, -1,
      2205, 2198, 2197, -1,
      2205, 2199, 2198, -1,
      2205, 2195, 2186, -1,
      2205, 2201, 2199, -1,
      2205, 2204, 2201, -1,
      2185, 2186, 2184, -1,
      2185, 2205, 2186, -1,
      2208, 2207, 2206, -1,
      2208, 2206, 2209, -1,
      2211, 2210, 2212, -1,
      2211, 2212, 2213, -1,
      2217, 2216, 2225, -1,
      2217, 2225, 2226, -1,
      2218, 2226, 2227, -1,
      2218, 2217, 2226, -1,
      2219, 2227, 2228, -1,
      2219, 2218, 2227, -1,
      2220, 2228, 2229, -1,
      2220, 2219, 2228, -1,
      2221, 2229, 2230, -1,
      2221, 2220, 2229, -1,
      2222, 2230, 2231, -1,
      2222, 2221, 2230, -1,
      2223, 2231, 2232, -1,
      2223, 2222, 2231, -1,
      2224, 2232, 2233, -1,
      2224, 2223, 2232, -1,
      2215, 2233, 2214, -1,
      2215, 2224, 2233, -1,
      2235, 2236, 2237, -1,
      2235, 2237, 2234, -1,
      2241, 2240, 2249, -1,
      2241, 2249, 2250, -1,
      2242, 2250, 2251, -1,
      2242, 2241, 2250, -1,
      2243, 2251, 2252, -1,
      2243, 2242, 2251, -1,
      2244, 2252, 2253, -1,
      2244, 2243, 2252, -1,
      2245, 2253, 2254, -1,
      2245, 2244, 2253, -1,
      2246, 2254, 2255, -1,
      2246, 2245, 2254, -1,
      2247, 2255, 2256, -1,
      2247, 2246, 2255, -1,
      2248, 2256, 2257, -1,
      2248, 2247, 2256, -1,
      2239, 2257, 2238, -1,
      2239, 2248, 2257, -1,
      2260, 2258, 2259, -1,
      2260, 2261, 2258, -1,
      2263, 2264, 2265, -1,
      2263, 2265, 2266, -1,
      2263, 2266, 2267, -1,
      2272, 2267, 2268, -1,
      2272, 2268, 2269, -1,
      2272, 2269, 2270, -1,
      2272, 2270, 2271, -1,
      2272, 2263, 2267, -1,
      2278, 2276, 2277, -1,
      2281, 2278, 2279, -1,
      2281, 2279, 2280, -1,
      2282, 2272, 2273, -1,
      2282, 2273, 2274, -1,
      2282, 2274, 2275, -1,
      2282, 2275, 2276, -1,
      2282, 2263, 2272, -1,
      2282, 2276, 2278, -1,
      2282, 2278, 2281, -1,
      2283, 2262, 2263, -1,
      2283, 2263, 2282, -1,
      2295, 2291, 2290, -1,
      2295, 2292, 2291, -1,
      2295, 2293, 2292, -1,
      2295, 2294, 2293, -1,
      2286, 2288, 2287, -1,
      2286, 2289, 2288, -1,
      2286, 2290, 2289, -1,
      2286, 2295, 2290, -1,
      2305, 2296, 2295, -1,
      2305, 2297, 2296, -1,
      2305, 2298, 2297, -1,
      2305, 2299, 2298, -1,
      2305, 2300, 2299, -1,
      2305, 2301, 2300, -1,
      2305, 2302, 2301, -1,
      2305, 2303, 2302, -1,
      2305, 2304, 2303, -1,
      2305, 2295, 2286, -1,
      2285, 2286, 2284, -1,
      2285, 2305, 2286, -1,
      2308, 2307, 2306, -1,
      2308, 2306, 2309, -1,
      2311, 2310, 2312, -1,
      2311, 2312, 2313, -1,
      2317, 2316, 2325, -1,
      2317, 2325, 2326, -1,
      2318, 2326, 2327, -1,
      2318, 2317, 2326, -1,
      2319, 2327, 2328, -1,
      2319, 2318, 2327, -1,
      2320, 2328, 2329, -1,
      2320, 2319, 2328, -1,
      2321, 2329, 2330, -1,
      2321, 2320, 2329, -1,
      2322, 2330, 2331, -1,
      2322, 2321, 2330, -1,
      2323, 2331, 2332, -1,
      2323, 2322, 2331, -1,
      2324, 2332, 2333, -1,
      2324, 2323, 2332, -1,
      2315, 2333, 2314, -1,
      2315, 2324, 2333, -1,
      2335, 2336, 2337, -1,
      2335, 2337, 2334, -1,
      2341, 2340, 2349, -1,
      2341, 2349, 2350, -1,
      2342, 2350, 2351, -1,
      2342, 2341, 2350, -1,
      2343, 2351, 2352, -1,
      2343, 2342, 2351, -1,
      2344, 2352, 2353, -1,
      2344, 2343, 2352, -1,
      2345, 2353, 2354, -1,
      2345, 2344, 2353, -1,
      2346, 2354, 2355, -1,
      2346, 2345, 2354, -1,
      2347, 2355, 2356, -1,
      2347, 2346, 2355, -1,
      2348, 2356, 2357, -1,
      2348, 2347, 2356, -1,
      2339, 2357, 2338, -1,
      2339, 2348, 2357, -1,
      2360, 2358, 2359, -1,
      2360, 2361, 2358, -1,
      2372, 2367, 2368, -1,
      2372, 2368, 2369, -1,
      2372, 2369, 2370, -1,
      2372, 2370, 2371, -1,
      2363, 2364, 2365, -1,
      2363, 2365, 2366, -1,
      2363, 2366, 2367, -1,
      2363, 2367, 2372, -1,
      2382, 2372, 2373, -1,
      2382, 2373, 2374, -1,
      2382, 2374, 2375, -1,
      2382, 2375, 2376, -1,
      2382, 2376, 2377, -1,
      2382, 2377, 2378, -1,
      2382, 2378, 2379, -1,
      2382, 2379, 2380, -1,
      2382, 2380, 2381, -1,
      2382, 2363, 2372, -1,
      2383, 2362, 2363, -1,
      2383, 2363, 2382, -1,
      2395, 2393, 2392, -1,
      2395, 2394, 2393, -1,
      2386, 2388, 2387, -1,
      2386, 2389, 2388, -1,
      2386, 2390, 2389, -1,
      2386, 2391, 2390, -1,
      2386, 2392, 2391, -1,
      2386, 2395, 2392, -1,
      2405, 2396, 2395, -1,
      2405, 2397, 2396, -1,
      2405, 2398, 2397, -1,
      2405, 2399, 2398, -1,
      2405, 2400, 2399, -1,
      2405, 2401, 2400, -1,
      2405, 2402, 2401, -1,
      2405, 2403, 2402, -1,
      2405, 2404, 2403, -1,
      2405, 2395, 2386, -1,
      2385, 2386, 2384, -1,
      2385, 2405, 2386, -1,
      2408, 2407, 2406, -1,
      2408, 2406, 2409, -1,
      2411, 2410, 2412, -1,
      2411, 2412, 2413, -1,
      2417, 2416, 2425, -1,
      2417, 2425, 2426, -1,
      2418, 2426, 2427, -1,
      2418, 2417, 2426, -1,
      2419, 2427, 2428, -1,
      2419, 2418, 2427, -1,
      2420, 2428, 2429, -1,
      2420, 2419, 2428, -1,
      2421, 2429, 2430, -1,
      2421, 2420, 2429, -1,
      2422, 2430, 2431, -1,
      2422, 2421, 2430, -1,
      2423, 2431, 2432, -1,
      2423, 2422, 2431, -1,
      2424, 2432, 2433, -1,
      2424, 2423, 2432, -1,
      2415, 2433, 2414, -1,
      2415, 2424, 2433, -1,
      2435, 2436, 2437, -1,
      2435, 2437, 2434, -1,
      2441, 2440, 2449, -1,
      2441, 2449, 2450, -1,
      2442, 2450, 2451, -1,
      2442, 2441, 2450, -1,
      2443, 2451, 2452, -1,
      2443, 2442, 2451, -1,
      2444, 2452, 2453, -1,
      2444, 2443, 2452, -1,
      2445, 2453, 2454, -1,
      2445, 2444, 2453, -1,
      2446, 2454, 2455, -1,
      2446, 2445, 2454, -1,
      2447, 2455, 2456, -1,
      2447, 2446, 2455, -1,
      2448, 2456, 2457, -1,
      2448, 2447, 2456, -1,
      2439, 2457, 2438, -1,
      2439, 2448, 2457, -1,
      2460, 2458, 2459, -1,
      2460, 2461, 2458, -1,
      2463, 2464, 2465, -1,
      2463, 2465, 2466, -1,
      2463, 2466, 2467, -1,
      2472, 2467, 2468, -1,
      2472, 2468, 2469, -1,
      2472, 2469, 2470, -1,
      2472, 2470, 2471, -1,
      2472, 2463, 2467, -1,
      2482, 2472, 2473, -1,
      2482, 2473, 2474, -1,
      2482, 2474, 2475, -1,
      2482, 2475, 2476, -1,
      2482, 2476, 2477, -1,
      2482, 2477, 2478, -1,
      2482, 2478, 2479, -1,
      2482, 2479, 2480, -1,
      2482, 2480, 2481, -1,
      2482, 2463, 2472, -1,
      2483, 2462, 2463, -1,
      2483, 2463, 2482, -1,
      2486, 2484, 2485, -1,
      2487, 2485, 2488, -1,
      2487, 2486, 2485, -1,
      2492, 2490, 2489, -1,
      2492, 2489, 2491, -1,
      2493, 2497, 2494, -1,
      2495, 2496, 2497, -1,
      2495, 2497, 2493, -1,
      2498, 2499, 2500, -1,
      2498, 2500, 2501, -1,
      2504, 2503, 2502, -1,
      2504, 2502, 2505, -1,
      2507, 2508, 2509, -1,
      2507, 2509, 2506, -1,
      2512, 2511, 2510, -1,
      2512, 2513, 2511, -1,
      2518, 2516, 2517, -1,
      2515, 2518, 2514, -1,
      2515, 2516, 2518, -1,
      2522, 2520, 2519, -1,
      2522, 2519, 2521, -1,
      2526, 2524, 2523, -1,
      2526, 2525, 2524, -1,
      2528, 2529, 2527, -1,
      2528, 2530, 2529, -1,
      2532, 2535, 2534, -1,
      2533, 2531, 2532, -1,
      2533, 2532, 2534, -1,
      2538, 2536, 2537, -1,
      2538, 2537, 2539, -1,
      2540, 2543, 2542, -1,
      2540, 2541, 2543, -1,
      2549, 2547, 2548, -1,
      2553, 2551, 2552, -1,
      2554, 2545, 2546, -1,
      2554, 2546, 2547, -1,
      2554, 2549, 2550, -1,
      2554, 2550, 2551, -1,
      2554, 2547, 2549, -1,
      2554, 2551, 2553, -1,
      2564, 2544, 2545, -1,
      2564, 2565, 2544, -1,
      2555, 2564, 2545, -1,
      2555, 2545, 2554, -1,
      2558, 2556, 2557, -1,
      2559, 2555, 2556, -1,
      2559, 2560, 2561, -1,
      2559, 2561, 2562, -1,
      2559, 2562, 2563, -1,
      2559, 2563, 2564, -1,
      2559, 2564, 2555, -1,
      2559, 2556, 2558, -1,
      2568, 2566, 2567, -1,
      2568, 2567, 2569, -1,
      2573, 2570, 2571, -1,
      2573, 2572, 2570, -1,
      2586, 2574, 2575, -1,
      2586, 2575, 2576, -1,
      2587, 2576, 2577, -1,
      2587, 2586, 2576, -1,
      2588, 2577, 2578, -1,
      2588, 2587, 2577, -1,
      2589, 2578, 2579, -1,
      2589, 2588, 2578, -1,
      2590, 2579, 2580, -1,
      2590, 2589, 2579, -1,
      2591, 2580, 2581, -1,
      2591, 2590, 2580, -1,
      2592, 2581, 2582, -1,
      2592, 2591, 2581, -1,
      2593, 2582, 2583, -1,
      2593, 2592, 2582, -1,
      2585, 2583, 2584, -1,
      2585, 2593, 2583, -1,
      2596, 2595, 2594, -1,
      2596, 2594, 2597, -1,
      2610, 2598, 2599, -1,
      2610, 2599, 2600, -1,
      2611, 2600, 2601, -1,
      2611, 2610, 2600, -1,
      2612, 2601, 2602, -1,
      2612, 2611, 2601, -1,
      2613, 2602, 2603, -1,
      2613, 2612, 2602, -1,
      2614, 2603, 2604, -1,
      2614, 2613, 2603, -1,
      2615, 2604, 2605, -1,
      2615, 2614, 2604, -1,
      2616, 2605, 2606, -1,
      2616, 2615, 2605, -1,
      2617, 2606, 2607, -1,
      2617, 2616, 2606, -1,
      2609, 2607, 2608, -1,
      2609, 2617, 2607, -1,
      2619, 2621, 2620, -1,
      2619, 2618, 2621, -1,
      2628, 2627, 2626, -1,
      2632, 2631, 2630, -1,
      2633, 2625, 2624, -1,
      2633, 2626, 2625, -1,
      2633, 2629, 2628, -1,
      2633, 2630, 2629, -1,
      2633, 2628, 2626, -1,
      2633, 2632, 2630, -1,
      2643, 2622, 2623, -1,
      2643, 2624, 2622, -1,
      2634, 2624, 2643, -1,
      2634, 2633, 2624, -1,
      2637, 2636, 2635, -1,
      2638, 2635, 2634, -1,
      2638, 2640, 2639, -1,
      2638, 2641, 2640, -1,
      2638, 2642, 2641, -1,
      2638, 2643, 2642, -1,
      2638, 2634, 2643, -1,
      2638, 2637, 2635, -1,
      2652, 2650, 2651, -1,
      2654, 2645, 2646, -1,
      2654, 2646, 2647, -1,
      2654, 2647, 2648, -1,
      2654, 2648, 2649, -1,
      2654, 2649, 2650, -1,
      2654, 2652, 2653, -1,
      2654, 2650, 2652, -1,
      2664, 2644, 2645, -1,
      2664, 2665, 2644, -1,
      2655, 2664, 2645, -1,
      2655, 2645, 2654, -1,
      2658, 2656, 2657, -1,
      2660, 2661, 2662, -1,
      2660, 2662, 2663, -1,
      2660, 2663, 2664, -1,
      2659, 2655, 2656, -1,
      2659, 2664, 2655, -1,
      2659, 2660, 2664, -1,
      2659, 2656, 2658, -1,
      2668, 2666, 2667, -1,
      2668, 2667, 2669, -1,
      2673, 2670, 2671, -1,
      2673, 2672, 2670, -1,
      2686, 2674, 2675, -1,
      2686, 2675, 2676, -1,
      2687, 2676, 2677, -1,
      2687, 2686, 2676, -1,
      2688, 2677, 2678, -1,
      2688, 2687, 2677, -1,
      2689, 2678, 2679, -1,
      2689, 2688, 2678, -1,
      2690, 2679, 2680, -1,
      2690, 2689, 2679, -1,
      2691, 2680, 2681, -1,
      2691, 2690, 2680, -1,
      2692, 2681, 2682, -1,
      2692, 2691, 2681, -1,
      2693, 2682, 2683, -1,
      2693, 2692, 2682, -1,
      2685, 2683, 2684, -1,
      2685, 2693, 2683, -1,
      2696, 2695, 2694, -1,
      2696, 2694, 2697, -1,
      2710, 2698, 2699, -1,
      2710, 2699, 2700, -1,
      2711, 2700, 2701, -1,
      2711, 2710, 2700, -1,
      2712, 2701, 2702, -1,
      2712, 2711, 2701, -1,
      2713, 2702, 2703, -1,
      2713, 2712, 2702, -1,
      2714, 2703, 2704, -1,
      2714, 2713, 2703, -1,
      2715, 2704, 2705, -1,
      2715, 2714, 2704, -1,
      2716, 2705, 2706, -1,
      2716, 2715, 2705, -1,
      2717, 2706, 2707, -1,
      2717, 2716, 2706, -1,
      2709, 2707, 2708, -1,
      2709, 2717, 2707, -1,
      2719, 2721, 2720, -1,
      2719, 2718, 2721, -1,
      2731, 2730, 2729, -1,
      2733, 2725, 2724, -1,
      2733, 2726, 2725, -1,
      2733, 2727, 2726, -1,
      2733, 2728, 2727, -1,
      2733, 2729, 2728, -1,
      2733, 2732, 2731, -1,
      2733, 2731, 2729, -1,
      2743, 2722, 2723, -1,
      2743, 2724, 2722, -1,
      2734, 2724, 2743, -1,
      2734, 2733, 2724, -1,
      2737, 2736, 2735, -1,
      2739, 2741, 2740, -1,
      2739, 2742, 2741, -1,
      2739, 2743, 2742, -1,
      2738, 2735, 2734, -1,
      2738, 2734, 2743, -1,
      2738, 2743, 2739, -1,
      2738, 2737, 2735, -1,
      2748, 2746, 2747, -1,
      2750, 2748, 2749, -1,
      2754, 2745, 2746, -1,
      2754, 2750, 2751, -1,
      2754, 2751, 2752, -1,
      2754, 2752, 2753, -1,
      2754, 2746, 2748, -1,
      2754, 2748, 2750, -1,
      2764, 2744, 2745, -1,
      2764, 2765, 2744, -1,
      2755, 2764, 2745, -1,
      2755, 2745, 2754, -1,
      2759, 2755, 2756, -1,
      2759, 2756, 2757, -1,
      2759, 2757, 2758, -1,
      2759, 2760, 2761, -1,
      2759, 2761, 2762, -1,
      2759, 2762, 2763, -1,
      2759, 2763, 2764, -1,
      2759, 2764, 2755, -1,
      2768, 2766, 2767, -1,
      2768, 2767, 2769, -1,
      2773, 2770, 2771, -1,
      2773, 2772, 2770, -1,
      2786, 2774, 2775, -1,
      2786, 2775, 2776, -1,
      2787, 2776, 2777, -1,
      2787, 2786, 2776, -1,
      2788, 2777, 2778, -1,
      2788, 2787, 2777, -1,
      2789, 2778, 2779, -1,
      2789, 2788, 2778, -1,
      2790, 2779, 2780, -1,
      2790, 2789, 2779, -1,
      2791, 2780, 2781, -1,
      2791, 2790, 2780, -1,
      2792, 2781, 2782, -1,
      2792, 2791, 2781, -1,
      2793, 2782, 2783, -1,
      2793, 2792, 2782, -1,
      2785, 2783, 2784, -1,
      2785, 2793, 2783, -1,
      2796, 2795, 2794, -1,
      2796, 2794, 2797, -1,
      2810, 2798, 2799, -1,
      2810, 2799, 2800, -1,
      2811, 2800, 2801, -1,
      2811, 2810, 2800, -1,
      2812, 2801, 2802, -1,
      2812, 2811, 2801, -1,
      2813, 2802, 2803, -1,
      2813, 2812, 2802, -1,
      2814, 2803, 2804, -1,
      2814, 2813, 2803, -1,
      2815, 2804, 2805, -1,
      2815, 2814, 2804, -1,
      2816, 2805, 2806, -1,
      2816, 2815, 2805, -1,
      2817, 2806, 2807, -1,
      2817, 2816, 2806, -1,
      2809, 2807, 2808, -1,
      2809, 2817, 2807, -1,
      2819, 2821, 2820, -1,
      2819, 2818, 2821, -1,
      2827, 2826, 2825, -1,
      2829, 2828, 2827, -1,
      2833, 2825, 2824, -1,
      2833, 2830, 2829, -1,
      2833, 2831, 2830, -1,
      2833, 2832, 2831, -1,
      2833, 2827, 2825, -1,
      2833, 2829, 2827, -1,
      2843, 2822, 2823, -1,
      2843, 2824, 2822, -1,
      2834, 2824, 2843, -1,
      2834, 2833, 2824, -1,
      2838, 2835, 2834, -1,
      2838, 2836, 2835, -1,
      2838, 2837, 2836, -1,
      2838, 2840, 2839, -1,
      2838, 2841, 2840, -1,
      2838, 2842, 2841, -1,
      2838, 2843, 2842, -1,
      2838, 2834, 2843, -1,
      2844, 2845, 2846, -1,
      2844, 2846, 2847, -1,
      2844, 2847, 2848, -1,
      2852, 2850, 2849, -1,
      2852, 2849, 2851, -1,
      2853, 2856, 2855, -1,
      2853, 2857, 2856, -1,
      2853, 2854, 2857, -1,
      2861, 2858, 2859, -1,
      2861, 2860, 2858, -1,
      2864, 2862, 2863, -1,
      2864, 2863, 2865, -1,
      2868, 2867, 2866, -1,
      2868, 2866, 2869, -1,
      2871, 2873, 2872, -1,
      2871, 2870, 2873, -1,
      2875, 2878, 2877, -1,
      2876, 2874, 2875, -1,
      2876, 2875, 2877, -1,
      2882, 2880, 2879, -1,
      2882, 2879, 2881, -1,
      2887, 2885, 2886, -1,
      2883, 2887, 2884, -1,
      2883, 2885, 2887, -1,
      2888, 2889, 2890, -1,
      2888, 2890, 2891, -1,
      2894, 2893, 2892, -1,
      2894, 2892, 2895, -1,
      2897, 2898, 2899, -1,
      2897, 2899, 2896, -1,
      2902, 2901, 2900, -1,
      2902, 2903, 2901, -1,
      2910, 2909, 2908, -1,
      2915, 2907, 2906, -1,
      2915, 2908, 2907, -1,
      2915, 2911, 2910, -1,
      2915, 2912, 2911, -1,
      2915, 2913, 2912, -1,
      2915, 2914, 2913, -1,
      2915, 2910, 2908, -1,
      2925, 2904, 2905, -1,
      2925, 2906, 2904, -1,
      2916, 2906, 2925, -1,
      2916, 2915, 2906, -1,
      2919, 2918, 2917, -1,
      2920, 2917, 2916, -1,
      2920, 2922, 2921, -1,
      2920, 2923, 2922, -1,
      2920, 2924, 2923, -1,
      2920, 2925, 2924, -1,
      2920, 2916, 2925, -1,
      2920, 2919, 2917, -1,
      2928, 2927, 2926, -1,
      2928, 2926, 2929, -1,
      2931, 2930, 2932, -1,
      2931, 2932, 2933, -1,
      2937, 2936, 2945, -1,
      2937, 2945, 2946, -1,
      2938, 2946, 2947, -1,
      2938, 2937, 2946, -1,
      2939, 2947, 2948, -1,
      2939, 2938, 2947, -1,
      2940, 2948, 2949, -1,
      2940, 2939, 2948, -1,
      2941, 2949, 2950, -1,
      2941, 2940, 2949, -1,
      2942, 2950, 2951, -1,
      2942, 2941, 2950, -1,
      2943, 2951, 2952, -1,
      2943, 2942, 2951, -1,
      2944, 2952, 2953, -1,
      2944, 2943, 2952, -1,
      2935, 2953, 2934, -1,
      2935, 2944, 2953, -1,
      2955, 2956, 2957, -1,
      2955, 2957, 2954, -1,
      2961, 2960, 2969, -1,
      2961, 2969, 2970, -1,
      2962, 2970, 2971, -1,
      2962, 2961, 2970, -1,
      2963, 2971, 2972, -1,
      2963, 2962, 2971, -1,
      2964, 2972, 2973, -1,
      2964, 2963, 2972, -1,
      2965, 2973, 2974, -1,
      2965, 2964, 2973, -1,
      2966, 2974, 2975, -1,
      2966, 2965, 2974, -1,
      2967, 2975, 2976, -1,
      2967, 2966, 2975, -1,
      2968, 2976, 2977, -1,
      2968, 2967, 2976, -1,
      2959, 2977, 2958, -1,
      2959, 2968, 2977, -1,
      2980, 2978, 2979, -1,
      2980, 2981, 2978, -1,
      2987, 2985, 2986, -1,
      2992, 2983, 2984, -1,
      2992, 2984, 2985, -1,
      2992, 2987, 2988, -1,
      2992, 2988, 2989, -1,
      2992, 2989, 2990, -1,
      2992, 2990, 2991, -1,
      2992, 2985, 2987, -1,
      3002, 2982, 2983, -1,
      3002, 3003, 2982, -1,
      2993, 3002, 2983, -1,
      2993, 2983, 2992, -1,
      2996, 2994, 2995, -1,
      2997, 2993, 2994, -1,
      2997, 2998, 2999, -1,
      2997, 2999, 3000, -1,
      2997, 3000, 3001, -1,
      2997, 3001, 3002, -1,
      2997, 3002, 2993, -1,
      2997, 2994, 2996, -1,
      3013, 3012, 3011, -1,
      3015, 3007, 3006, -1,
      3015, 3008, 3007, -1,
      3015, 3009, 3008, -1,
      3015, 3010, 3009, -1,
      3015, 3011, 3010, -1,
      3015, 3014, 3013, -1,
      3015, 3013, 3011, -1,
      3025, 3004, 3005, -1,
      3025, 3006, 3004, -1,
      3016, 3006, 3025, -1,
      3016, 3015, 3006, -1,
      3019, 3018, 3017, -1,
      3021, 3023, 3022, -1,
      3021, 3024, 3023, -1,
      3021, 3025, 3024, -1,
      3020, 3017, 3016, -1,
      3020, 3016, 3025, -1,
      3020, 3025, 3021, -1,
      3020, 3019, 3017, -1,
      3028, 3027, 3026, -1,
      3028, 3026, 3029, -1,
      3031, 3030, 3032, -1,
      3031, 3032, 3033, -1,
      3037, 3036, 3045, -1,
      3037, 3045, 3046, -1,
      3038, 3046, 3047, -1,
      3038, 3037, 3046, -1,
      3039, 3047, 3048, -1,
      3039, 3038, 3047, -1,
      3040, 3048, 3049, -1,
      3040, 3039, 3048, -1,
      3041, 3049, 3050, -1,
      3041, 3040, 3049, -1,
      3042, 3050, 3051, -1,
      3042, 3041, 3050, -1,
      3043, 3051, 3052, -1,
      3043, 3042, 3051, -1,
      3044, 3052, 3053, -1,
      3044, 3043, 3052, -1,
      3035, 3053, 3034, -1,
      3035, 3044, 3053, -1,
      3055, 3056, 3057, -1,
      3055, 3057, 3054, -1,
      3061, 3060, 3069, -1,
      3061, 3069, 3070, -1,
      3062, 3070, 3071, -1,
      3062, 3061, 3070, -1,
      3063, 3071, 3072, -1,
      3063, 3062, 3071, -1,
      3064, 3072, 3073, -1,
      3064, 3063, 3072, -1,
      3065, 3073, 3074, -1,
      3065, 3064, 3073, -1,
      3066, 3074, 3075, -1,
      3066, 3065, 3074, -1,
      3067, 3075, 3076, -1,
      3067, 3066, 3075, -1,
      3068, 3076, 3077, -1,
      3068, 3067, 3076, -1,
      3059, 3077, 3058, -1,
      3059, 3068, 3077, -1,
      3080, 3078, 3079, -1,
      3080, 3081, 3078, -1,
      3090, 3088, 3089, -1,
      3092, 3083, 3084, -1,
      3092, 3084, 3085, -1,
      3092, 3085, 3086, -1,
      3092, 3086, 3087, -1,
      3092, 3087, 3088, -1,
      3092, 3090, 3091, -1,
      3092, 3088, 3090, -1,
      3102, 3082, 3083, -1,
      3102, 3103, 3082, -1,
      3093, 3102, 3083, -1,
      3093, 3083, 3092, -1,
      3096, 3094, 3095, -1,
      3098, 3099, 3100, -1,
      3098, 3100, 3101, -1,
      3098, 3101, 3102, -1,
      3097, 3093, 3094, -1,
      3097, 3102, 3093, -1,
      3097, 3098, 3102, -1,
      3097, 3094, 3096, -1,
      3110, 3109, 3108, -1,
      3115, 3107, 3106, -1,
      3115, 3108, 3107, -1,
      3115, 3111, 3110, -1,
      3115, 3112, 3111, -1,
      3115, 3113, 3112, -1,
      3115, 3114, 3113, -1,
      3115, 3110, 3108, -1,
      3125, 3104, 3105, -1,
      3125, 3106, 3104, -1,
      3116, 3106, 3125, -1,
      3116, 3115, 3106, -1,
      3120, 3117, 3116, -1,
      3120, 3118, 3117, -1,
      3120, 3119, 3118, -1,
      3120, 3122, 3121, -1,
      3120, 3123, 3122, -1,
      3120, 3124, 3123, -1,
      3120, 3125, 3124, -1,
      3120, 3116, 3125, -1,
      3128, 3127, 3126, -1,
      3128, 3126, 3129, -1,
      3131, 3130, 3132, -1,
      3131, 3132, 3133, -1,
      3137, 3136, 3145, -1,
      3137, 3145, 3146, -1,
      3138, 3146, 3147, -1,
      3138, 3137, 3146, -1,
      3139, 3147, 3148, -1,
      3139, 3138, 3147, -1,
      3140, 3148, 3149, -1,
      3140, 3139, 3148, -1,
      3141, 3149, 3150, -1,
      3141, 3140, 3149, -1,
      3142, 3150, 3151, -1,
      3142, 3141, 3150, -1,
      3143, 3151, 3152, -1,
      3143, 3142, 3151, -1,
      3144, 3152, 3153, -1,
      3144, 3143, 3152, -1,
      3135, 3153, 3134, -1,
      3135, 3144, 3153, -1,
      3155, 3156, 3157, -1,
      3155, 3157, 3154, -1,
      3161, 3160, 3169, -1,
      3161, 3169, 3170, -1,
      3162, 3170, 3171, -1,
      3162, 3161, 3170, -1,
      3163, 3171, 3172, -1,
      3163, 3162, 3171, -1,
      3164, 3172, 3173, -1,
      3164, 3163, 3172, -1,
      3165, 3173, 3174, -1,
      3165, 3164, 3173, -1,
      3166, 3174, 3175, -1,
      3166, 3165, 3174, -1,
      3167, 3175, 3176, -1,
      3167, 3166, 3175, -1,
      3168, 3176, 3177, -1,
      3168, 3167, 3176, -1,
      3159, 3177, 3158, -1,
      3159, 3168, 3177, -1,
      3180, 3178, 3179, -1,
      3180, 3181, 3178, -1,
      3187, 3185, 3186, -1,
      3192, 3183, 3184, -1,
      3192, 3184, 3185, -1,
      3192, 3187, 3188, -1,
      3192, 3188, 3189, -1,
      3192, 3189, 3190, -1,
      3192, 3190, 3191, -1,
      3192, 3185, 3187, -1,
      3202, 3182, 3183, -1,
      3202, 3203, 3182, -1,
      3193, 3202, 3183, -1,
      3193, 3183, 3192, -1,
      3197, 3193, 3194, -1,
      3197, 3194, 3195, -1,
      3197, 3195, 3196, -1,
      3197, 3198, 3199, -1,
      3197, 3199, 3200, -1,
      3197, 3200, 3201, -1,
      3197, 3201, 3202, -1,
      3197, 3202, 3193, -1,
      3204, 3207, 3206, -1,
      3204, 3205, 3207, -1,
      3211, 3209, 3208, -1,
      3211, 3208, 3210, -1,
      3215, 3213, 3212, -1,
      3215, 3212, 3214, -1,
      3217, 3218, 3219, -1,
      3217, 3219, 3216, -1,
      3222, 3221, 3220, -1,
      3222, 3220, 3223, -1,
      3227, 3225, 3224, -1,
      3227, 3224, 3226, -1,
    ]
  }
}
