2026-08-15 22:21:56.256 INFO   Freerouting v2.3.0 (build-date: 2026-08-07)
2026-08-15 22:21:57.786 INFO   [ECBEF4\9DA11B] Loading board file 'pcb-hmd-carrier-board2-microsd-obstacles.dsn'...
2026-08-15 22:21:57.921 WARN   Wiring: via net '+3V3' not found at '+3V3'
2026-08-15 22:21:57.922 WARN   Wiring: via net '+3V3' not found at '+3V3'
2026-08-15 22:21:57.923 WARN   Wiring: via net 'LED_BLUE_GPIO16_N' not found at 'LED_BLUE_GPIO16_N'
2026-08-15 22:21:57.925 WARN   Wiring: via net 'LED_BLUE_GPIO16_N' not found at 'LED_BLUE_GPIO16_N'
2026-08-15 22:21:57.926 WARN   Wiring: via net 'nPI_LED_PWR' not found at 'nPI_LED_PWR'
2026-08-15 22:21:57.927 WARN   Wiring: via net 'nPI_LED_PWR' not found at 'nPI_LED_PWR'
2026-08-15 22:21:57.928 WARN   Wiring: via net 'VOL_DOWN_GPIO17_N' not found at 'VOL_DOWN_GPIO17_N'
2026-08-15 22:21:57.929 WARN   Wiring: via net 'VOL_DOWN_GPIO17_N' not found at 'VOL_DOWN_GPIO17_N'
2026-08-15 22:21:57.929 WARN   Wiring: via net 'LED_GREEN_GPIO13_N' not found at 'LED_GREEN_GPIO13_N'
2026-08-15 22:21:57.929 WARN   Wiring: via net 'LED_GREEN_GPIO13_N' not found at 'LED_GREEN_GPIO13_N'
2026-08-15 22:21:57.930 WARN   Wiring: via net 'VOL_UP_GPIO24_N' not found at 'VOL_UP_GPIO24_N'
2026-08-15 22:21:57.930 WARN   Wiring: via net 'VOL_UP_GPIO24_N' not found at 'VOL_UP_GPIO24_N'
2026-08-15 22:21:57.930 WARN   Wiring: via net 'PWR_KEY_GPIO26_N' not found at 'PWR_KEY_GPIO26_N'
2026-08-15 22:21:57.931 WARN   Wiring: via net 'PWR_KEY_GPIO26_N' not found at 'PWR_KEY_GPIO26_N'
2026-08-15 22:21:57.938 WARN   DSN file 'pcb-hmd-carrier-board2-microsd-obstacles.dsn' was loaded with 14 warning(s).
2026-08-15 22:21:57.977 INFO   [ECBEF4\9DA11B] Job 'ECBEF4\9DA11B' started at 2026-08-15T20:21:57.977095700Z.
2026-08-15 22:21:58.128 INFO   [ECBEF4\9DA11B] Fanout stage started on board 'e42003505dd1675340680d07b7bf00b9' with 23 of 1581 SMD pins needing fanout (0 already connected, 1558 netless).
2026-08-15 22:21:58.137 WARN   Wiring.write_wire_scope: net not found
2026-08-15 22:21:58.139 WARN   Wiring.write_wire_scope: net not found
2026-08-15 22:21:58.139 WARN   Wiring.write_wire_scope: net not found
2026-08-15 22:21:58.139 WARN   Wiring.write_wire_scope: net not found
2026-08-15 22:21:58.140 WARN   Wiring.write_wire_scope: net not found
2026-08-15 22:21:58.140 WARN   Wiring.write_wire_scope: net not found
2026-08-15 22:21:58.140 WARN   Wiring.write_wire_scope: net not found
2026-08-15 22:21:58.140 WARN   Wiring.write_wire_scope: net not found
2026-08-15 22:21:58.140 WARN   Wiring.write_wire_scope: net not found
2026-08-15 22:21:58.141 WARN   Wiring.write_wire_scope: net not found
2026-08-15 22:21:58.141 WARN   Wiring.write_wire_scope: net not found
2026-08-15 22:21:58.141 WARN   Wiring.write_wire_scope: net not found
2026-08-15 22:21:58.141 WARN   Wiring.write_wire_scope: net not found
2026-08-15 22:21:58.142 WARN   Wiring.write_wire_scope: net not found
2026-08-15 22:21:58.142 WARN   Wiring.write_wire_scope: net not found
2026-08-15 22:21:58.142 WARN   Wiring.write_wire_scope: net not found
2026-08-15 22:21:58.142 WARN   Wiring.write_wire_scope: net not found
2026-08-15 22:21:58.143 WARN   Wiring.write_wire_scope: net not found
2026-08-15 22:21:58.143 WARN   Wiring.write_wire_scope: net not found
2026-08-15 22:21:58.143 WARN   Wiring.write_wire_scope: net not found
2026-08-15 22:21:58.143 WARN   Wiring.write_wire_scope: net not found
2026-08-15 22:21:58.144 WARN   Wiring.write_wire_scope: net not found
2026-08-15 22:21:58.144 WARN   Wiring.write_wire_scope: net not found
2026-08-15 22:21:58.144 WARN   Wiring.write_wire_scope: net not found
2026-08-15 22:21:58.144 WARN   Wiring.write_wire_scope: net not found
2026-08-15 22:21:58.144 WARN   Wiring.write_wire_scope: net not found
2026-08-15 22:21:58.145 WARN   Wiring.write_wire_scope: net not found
2026-08-15 22:21:58.145 WARN   Wiring.write_wire_scope: net not found
2026-08-15 22:21:58.145 WARN   Wiring.write_wire_scope: net not found
2026-08-15 22:21:58.145 WARN   Wiring.write_wire_scope: net not found
2026-08-15 22:21:58.145 WARN   Wiring.write_wire_scope: net not found
2026-08-15 22:21:58.146 WARN   Wiring.write_wire_scope: net not found
2026-08-15 22:21:58.146 WARN   Wiring.write_wire_scope: net not found
2026-08-15 22:21:58.146 WARN   Wiring.write_wire_scope: net not found
2026-08-15 22:21:58.147 WARN   Wiring.write_wire_scope: net not found
2026-08-15 22:21:58.147 WARN   Wiring.write_wire_scope: net not found
2026-08-15 22:21:58.147 WARN   Wiring.write_wire_scope: net not found
2026-08-15 22:21:58.147 WARN   Wiring.write_wire_scope: net not found
2026-08-15 22:21:58.147 WARN   Wiring.write_wire_scope: net not found
2026-08-15 22:21:58.148 WARN   Wiring.write_wire_scope: net not found
2026-08-15 22:21:58.148 WARN   Wiring.write_wire_scope: net not found
2026-08-15 22:21:58.148 WARN   Wiring.write_wire_scope: net not found
2026-08-15 22:21:58.149 WARN   Wiring.write_wire_scope: net not found
2026-08-15 22:21:58.149 WARN   Wiring.write_wire_scope: net not found
2026-08-15 22:21:58.149 WARN   Wiring.write_wire_scope: net not found
2026-08-15 22:21:58.149 WARN   Wiring.write_wire_scope: net not found
2026-08-15 22:21:58.149 WARN   Wiring.write_wire_scope: net not found
2026-08-15 22:21:58.150 WARN   Wiring.write_wire_scope: net not found
2026-08-15 22:21:58.150 WARN   Wiring.write_wire_scope: net not found
2026-08-15 22:21:58.150 WARN   Wiring.write_wire_scope: net not found
2026-08-15 22:21:58.150 WARN   Wiring.write_wire_scope: net not found
2026-08-15 22:21:58.151 WARN   Wiring.write_wire_scope: net not found
2026-08-15 22:21:58.151 WARN   Wiring.write_wire_scope: net not found
2026-08-15 22:21:58.151 WARN   Wiring.write_wire_scope: net not found
2026-08-15 22:21:58.152 WARN   Wiring.write_wire_scope: net not found
2026-08-15 22:21:58.152 WARN   Wiring.write_wire_scope: net not found
2026-08-15 22:21:58.152 WARN   Wiring.write_wire_scope: net not found
2026-08-15 22:21:58.153 WARN   Wiring.write_wire_scope: net not found
2026-08-15 22:21:58.252 WARN   Wiring.write_wire_scope: net not found
2026-08-15 22:21:58.252 WARN   Wiring.write_wire_scope: net not found
2026-08-15 22:21:58.252 WARN   Wiring.write_wire_scope: net not found
2026-08-15 22:21:58.252 WARN   Wiring.write_wire_scope: net not found
2026-08-15 22:21:58.252 WARN   Wiring.write_wire_scope: net not found
2026-08-15 22:21:58.252 WARN   Wiring.write_wire_scope: net not found
2026-08-15 22:21:58.254 WARN   Wiring.write_wire_scope: net not found
2026-08-15 22:21:58.254 WARN   Wiring.write_wire_scope: net not found
2026-08-15 22:21:58.254 WARN   Wiring.write_wire_scope: net not found
2026-08-15 22:21:58.254 WARN   Wiring.write_wire_scope: net not found
2026-08-15 22:21:58.254 WARN   Wiring.write_wire_scope: net not found
2026-08-15 22:21:58.254 WARN   Wiring.write_wire_scope: net not found
2026-08-15 22:21:58.255 WARN   Wiring.write_wire_scope: net not found
2026-08-15 22:21:58.255 WARN   Wiring.write_wire_scope: net not found
2026-08-15 22:21:58.255 WARN   Wiring.write_wire_scope: net not found
2026-08-15 22:21:58.255 WARN   Wiring.write_wire_scope: net not found
2026-08-15 22:21:58.255 WARN   Wiring.write_wire_scope: net not found
2026-08-15 22:21:58.255 WARN   Wiring.write_wire_scope: net not found
2026-08-15 22:21:58.255 WARN   Wiring.write_wire_scope: net not found
2026-08-15 22:21:58.255 WARN   Wiring.write_wire_scope: net not found
2026-08-15 22:21:58.256 WARN   Wiring.write_wire_scope: net not found
2026-08-15 22:21:58.256 WARN   Wiring.write_wire_scope: net not found
2026-08-15 22:21:58.256 WARN   Wiring.write_wire_scope: net not found
2026-08-15 22:21:58.256 WARN   Wiring.write_wire_scope: net not found
2026-08-15 22:21:58.256 WARN   Wiring.write_wire_scope: net not found
2026-08-15 22:21:58.257 WARN   Wiring.write_wire_scope: net not found
2026-08-15 22:21:58.257 WARN   Wiring.write_wire_scope: net not found
2026-08-15 22:21:58.257 WARN   Wiring.write_wire_scope: net not found
2026-08-15 22:21:58.257 WARN   Wiring.write_wire_scope: net not found
2026-08-15 22:21:58.257 WARN   Wiring.write_wire_scope: net not found
2026-08-15 22:21:58.257 WARN   Wiring.write_wire_scope: net not found
2026-08-15 22:21:58.258 WARN   Wiring.write_wire_scope: net not found
2026-08-15 22:21:58.258 WARN   Wiring.write_wire_scope: net not found
2026-08-15 22:21:58.258 WARN   Wiring.write_wire_scope: net not found
2026-08-15 22:21:58.258 WARN   Wiring.write_wire_scope: net not found
2026-08-15 22:21:58.259 WARN   Wiring.write_wire_scope: net not found
2026-08-15 22:21:58.259 WARN   Wiring.write_wire_scope: net not found
2026-08-15 22:21:58.259 WARN   Wiring.write_wire_scope: net not found
2026-08-15 22:21:58.259 WARN   Wiring.write_wire_scope: net not found
2026-08-15 22:21:58.259 WARN   Wiring.write_wire_scope: net not found
2026-08-15 22:21:58.260 WARN   Wiring.write_wire_scope: net not found
2026-08-15 22:21:58.260 WARN   Wiring.write_wire_scope: net not found
2026-08-15 22:21:58.260 WARN   Wiring.write_wire_scope: net not found
2026-08-15 22:21:58.260 WARN   Wiring.write_wire_scope: net not found
2026-08-15 22:21:58.260 WARN   Wiring.write_wire_scope: net not found
2026-08-15 22:21:58.261 WARN   Wiring.write_wire_scope: net not found
2026-08-15 22:21:58.261 WARN   Wiring.write_wire_scope: net not found
2026-08-15 22:21:58.261 WARN   Wiring.write_wire_scope: net not found
2026-08-15 22:21:58.261 WARN   Wiring.write_wire_scope: net not found
2026-08-15 22:21:58.261 WARN   Wiring.write_wire_scope: net not found
2026-08-15 22:21:58.262 WARN   Wiring.write_wire_scope: net not found
2026-08-15 22:21:58.262 WARN   Wiring.write_wire_scope: net not found
2026-08-15 22:21:58.262 WARN   Wiring.write_wire_scope: net not found
2026-08-15 22:21:58.262 WARN   Wiring.write_wire_scope: net not found
2026-08-15 22:21:58.262 WARN   Wiring.write_wire_scope: net not found
2026-08-15 22:21:58.263 WARN   Wiring.write_wire_scope: net not found
2026-08-15 22:21:58.263 WARN   Wiring.write_wire_scope: net not found
2026-08-15 22:21:58.263 WARN   Wiring.write_wire_scope: net not found
2026-08-15 22:21:58.397 WARN   Wiring.write_wire_scope: net not found
2026-08-15 22:21:58.397 WARN   Wiring.write_wire_scope: net not found
2026-08-15 22:21:58.397 WARN   Wiring.write_wire_scope: net not found
2026-08-15 22:21:58.397 WARN   Wiring.write_wire_scope: net not found
2026-08-15 22:21:58.398 WARN   Wiring.write_wire_scope: net not found
2026-08-15 22:21:58.398 WARN   Wiring.write_wire_scope: net not found
2026-08-15 22:21:58.398 WARN   Wiring.write_wire_scope: net not found
2026-08-15 22:21:58.398 WARN   Wiring.write_wire_scope: net not found
2026-08-15 22:21:58.398 WARN   Wiring.write_wire_scope: net not found
2026-08-15 22:21:58.398 WARN   Wiring.write_wire_scope: net not found
2026-08-15 22:21:58.399 WARN   Wiring.write_wire_scope: net not found
2026-08-15 22:21:58.399 WARN   Wiring.write_wire_scope: net not found
2026-08-15 22:21:58.399 WARN   Wiring.write_wire_scope: net not found
2026-08-15 22:21:58.399 WARN   Wiring.write_wire_scope: net not found
2026-08-15 22:21:58.399 WARN   Wiring.write_wire_scope: net not found
2026-08-15 22:21:58.399 WARN   Wiring.write_wire_scope: net not found
2026-08-15 22:21:58.400 WARN   Wiring.write_wire_scope: net not found
2026-08-15 22:21:58.400 WARN   Wiring.write_wire_scope: net not found
2026-08-15 22:21:58.400 WARN   Wiring.write_wire_scope: net not found
2026-08-15 22:21:58.400 WARN   Wiring.write_wire_scope: net not found
2026-08-15 22:21:58.400 WARN   Wiring.write_wire_scope: net not found
2026-08-15 22:21:58.400 WARN   Wiring.write_wire_scope: net not found
2026-08-15 22:21:58.401 WARN   Wiring.write_wire_scope: net not found
2026-08-15 22:21:58.401 WARN   Wiring.write_wire_scope: net not found
2026-08-15 22:21:58.401 WARN   Wiring.write_wire_scope: net not found
2026-08-15 22:21:58.401 WARN   Wiring.write_wire_scope: net not found
2026-08-15 22:21:58.401 WARN   Wiring.write_wire_scope: net not found
2026-08-15 22:21:58.401 WARN   Wiring.write_wire_scope: net not found
2026-08-15 22:21:58.402 WARN   Wiring.write_wire_scope: net not found
2026-08-15 22:21:58.402 WARN   Wiring.write_wire_scope: net not found
2026-08-15 22:21:58.402 WARN   Wiring.write_wire_scope: net not found
2026-08-15 22:21:58.402 WARN   Wiring.write_wire_scope: net not found
2026-08-15 22:21:58.402 WARN   Wiring.write_wire_scope: net not found
2026-08-15 22:21:58.402 WARN   Wiring.write_wire_scope: net not found
2026-08-15 22:21:58.403 WARN   Wiring.write_wire_scope: net not found
2026-08-15 22:21:58.403 WARN   Wiring.write_wire_scope: net not found
2026-08-15 22:21:58.403 WARN   Wiring.write_wire_scope: net not found
2026-08-15 22:21:58.403 WARN   Wiring.write_wire_scope: net not found
2026-08-15 22:21:58.403 WARN   Wiring.write_wire_scope: net not found
2026-08-15 22:21:58.403 WARN   Wiring.write_wire_scope: net not found
2026-08-15 22:21:58.404 WARN   Wiring.write_wire_scope: net not found
2026-08-15 22:21:58.404 WARN   Wiring.write_wire_scope: net not found
2026-08-15 22:21:58.404 WARN   Wiring.write_wire_scope: net not found
2026-08-15 22:21:58.404 WARN   Wiring.write_wire_scope: net not found
2026-08-15 22:21:58.404 WARN   Wiring.write_wire_scope: net not found
2026-08-15 22:21:58.404 WARN   Wiring.write_wire_scope: net not found
2026-08-15 22:21:58.405 WARN   Wiring.write_wire_scope: net not found
2026-08-15 22:21:58.405 WARN   Wiring.write_wire_scope: net not found
2026-08-15 22:21:58.405 WARN   Wiring.write_wire_scope: net not found
2026-08-15 22:21:58.405 WARN   Wiring.write_wire_scope: net not found
2026-08-15 22:21:58.405 WARN   Wiring.write_wire_scope: net not found
2026-08-15 22:21:58.406 WARN   Wiring.write_wire_scope: net not found
2026-08-15 22:21:58.406 WARN   Wiring.write_wire_scope: net not found
2026-08-15 22:21:58.406 WARN   Wiring.write_wire_scope: net not found
2026-08-15 22:21:58.406 WARN   Wiring.write_wire_scope: net not found
2026-08-15 22:21:58.406 WARN   Wiring.write_wire_scope: net not found
2026-08-15 22:21:58.407 WARN   Wiring.write_wire_scope: net not found
2026-08-15 22:21:58.407 WARN   Wiring.write_wire_scope: net not found
2026-08-15 22:21:59.099 WARN   Wiring.write_wire_scope: net not found
2026-08-15 22:21:59.100 WARN   Wiring.write_wire_scope: net not found
2026-08-15 22:21:59.100 WARN   Wiring.write_wire_scope: net not found
2026-08-15 22:21:59.100 WARN   Wiring.write_wire_scope: net not found
2026-08-15 22:21:59.101 WARN   Wiring.write_wire_scope: net not found
2026-08-15 22:21:59.101 WARN   Wiring.write_wire_scope: net not found
2026-08-15 22:21:59.101 WARN   Wiring.write_wire_scope: net not found
2026-08-15 22:21:59.101 WARN   Wiring.write_wire_scope: net not found
2026-08-15 22:21:59.102 WARN   Wiring.write_wire_scope: net not found
2026-08-15 22:21:59.102 WARN   Wiring.write_wire_scope: net not found
2026-08-15 22:21:59.102 WARN   Wiring.write_wire_scope: net not found
2026-08-15 22:21:59.102 WARN   Wiring.write_wire_scope: net not found
2026-08-15 22:21:59.102 WARN   Wiring.write_wire_scope: net not found
2026-08-15 22:21:59.103 WARN   Wiring.write_wire_scope: net not found
2026-08-15 22:21:59.103 WARN   Wiring.write_wire_scope: net not found
2026-08-15 22:21:59.103 WARN   Wiring.write_wire_scope: net not found
2026-08-15 22:21:59.104 WARN   Wiring.write_wire_scope: net not found
2026-08-15 22:21:59.104 WARN   Wiring.write_wire_scope: net not found
2026-08-15 22:21:59.104 WARN   Wiring.write_wire_scope: net not found
2026-08-15 22:21:59.104 WARN   Wiring.write_wire_scope: net not found
2026-08-15 22:21:59.104 WARN   Wiring.write_wire_scope: net not found
2026-08-15 22:21:59.105 WARN   Wiring.write_wire_scope: net not found
2026-08-15 22:21:59.105 WARN   Wiring.write_wire_scope: net not found
2026-08-15 22:21:59.105 WARN   Wiring.write_wire_scope: net not found
2026-08-15 22:21:59.105 WARN   Wiring.write_wire_scope: net not found
2026-08-15 22:21:59.105 WARN   Wiring.write_wire_scope: net not found
2026-08-15 22:21:59.106 WARN   Wiring.write_wire_scope: net not found
2026-08-15 22:21:59.106 WARN   Wiring.write_wire_scope: net not found
2026-08-15 22:21:59.106 WARN   Wiring.write_wire_scope: net not found
2026-08-15 22:21:59.106 WARN   Wiring.write_wire_scope: net not found
2026-08-15 22:21:59.107 WARN   Wiring.write_wire_scope: net not found
2026-08-15 22:21:59.107 WARN   Wiring.write_wire_scope: net not found
2026-08-15 22:21:59.107 WARN   Wiring.write_wire_scope: net not found
2026-08-15 22:21:59.107 WARN   Wiring.write_wire_scope: net not found
2026-08-15 22:21:59.108 WARN   Wiring.write_wire_scope: net not found
2026-08-15 22:21:59.108 WARN   Wiring.write_wire_scope: net not found
2026-08-15 22:21:59.108 WARN   Wiring.write_wire_scope: net not found
2026-08-15 22:21:59.108 WARN   Wiring.write_wire_scope: net not found
2026-08-15 22:21:59.108 WARN   Wiring.write_wire_scope: net not found
2026-08-15 22:21:59.109 WARN   Wiring.write_wire_scope: net not found
2026-08-15 22:21:59.109 WARN   Wiring.write_wire_scope: net not found
2026-08-15 22:21:59.109 WARN   Wiring.write_wire_scope: net not found
2026-08-15 22:21:59.109 WARN   Wiring.write_wire_scope: net not found
2026-08-15 22:21:59.110 WARN   Wiring.write_wire_scope: net not found
2026-08-15 22:21:59.110 WARN   Wiring.write_wire_scope: net not found
2026-08-15 22:21:59.110 WARN   Wiring.write_wire_scope: net not found
2026-08-15 22:21:59.110 WARN   Wiring.write_wire_scope: net not found
2026-08-15 22:21:59.111 WARN   Wiring.write_wire_scope: net not found
2026-08-15 22:21:59.111 WARN   Wiring.write_wire_scope: net not found
2026-08-15 22:21:59.111 WARN   Wiring.write_wire_scope: net not found
2026-08-15 22:21:59.111 WARN   Wiring.write_wire_scope: net not found
2026-08-15 22:21:59.111 WARN   Wiring.write_wire_scope: net not found
2026-08-15 22:21:59.112 WARN   Wiring.write_wire_scope: net not found
2026-08-15 22:21:59.112 WARN   Wiring.write_wire_scope: net not found
2026-08-15 22:21:59.112 WARN   Wiring.write_wire_scope: net not found
2026-08-15 22:21:59.112 WARN   Wiring.write_wire_scope: net not found
2026-08-15 22:21:59.112 WARN   Wiring.write_wire_scope: net not found
2026-08-15 22:21:59.113 WARN   Wiring.write_wire_scope: net not found
2026-08-15 22:21:59.127 INFO   [ECBEF4\9DA11B] Fanout pass #1 on board 'd253f117929bb9390aa8e345a4cdca8e' completed in 0.90 seconds with 4 SMD pins fanouted, 19 not routed, 0 insert errors, +4 extra vias (0 SMD pins still to check in pass, ripup costs=100).
2026-08-15 22:21:59.213 WARN   Wiring.write_wire_scope: net not found
2026-08-15 22:21:59.214 WARN   Wiring.write_wire_scope: net not found
2026-08-15 22:21:59.214 WARN   Wiring.write_wire_scope: net not found
2026-08-15 22:21:59.214 WARN   Wiring.write_wire_scope: net not found
2026-08-15 22:21:59.214 WARN   Wiring.write_wire_scope: net not found
2026-08-15 22:21:59.214 WARN   Wiring.write_wire_scope: net not found
2026-08-15 22:21:59.215 WARN   Wiring.write_wire_scope: net not found
2026-08-15 22:21:59.215 WARN   Wiring.write_wire_scope: net not found
2026-08-15 22:21:59.215 WARN   Wiring.write_wire_scope: net not found
2026-08-15 22:21:59.215 WARN   Wiring.write_wire_scope: net not found
2026-08-15 22:21:59.216 WARN   Wiring.write_wire_scope: net not found
2026-08-15 22:21:59.216 WARN   Wiring.write_wire_scope: net not found
2026-08-15 22:21:59.216 WARN   Wiring.write_wire_scope: net not found
2026-08-15 22:21:59.216 WARN   Wiring.write_wire_scope: net not found
2026-08-15 22:21:59.216 WARN   Wiring.write_wire_scope: net not found
2026-08-15 22:21:59.217 WARN   Wiring.write_wire_scope: net not found
2026-08-15 22:21:59.217 WARN   Wiring.write_wire_scope: net not found
2026-08-15 22:21:59.217 WARN   Wiring.write_wire_scope: net not found
2026-08-15 22:21:59.217 WARN   Wiring.write_wire_scope: net not found
2026-08-15 22:21:59.217 WARN   Wiring.write_wire_scope: net not found
2026-08-15 22:21:59.218 WARN   Wiring.write_wire_scope: net not found
2026-08-15 22:21:59.218 WARN   Wiring.write_wire_scope: net not found
2026-08-15 22:21:59.218 WARN   Wiring.write_wire_scope: net not found
2026-08-15 22:21:59.218 WARN   Wiring.write_wire_scope: net not found
2026-08-15 22:21:59.218 WARN   Wiring.write_wire_scope: net not found
2026-08-15 22:21:59.219 WARN   Wiring.write_wire_scope: net not found
2026-08-15 22:21:59.219 WARN   Wiring.write_wire_scope: net not found
2026-08-15 22:21:59.219 WARN   Wiring.write_wire_scope: net not found
2026-08-15 22:21:59.219 WARN   Wiring.write_wire_scope: net not found
2026-08-15 22:21:59.219 WARN   Wiring.write_wire_scope: net not found
2026-08-15 22:21:59.220 WARN   Wiring.write_wire_scope: net not found
2026-08-15 22:21:59.220 WARN   Wiring.write_wire_scope: net not found
2026-08-15 22:21:59.220 WARN   Wiring.write_wire_scope: net not found
2026-08-15 22:21:59.220 WARN   Wiring.write_wire_scope: net not found
2026-08-15 22:21:59.220 WARN   Wiring.write_wire_scope: net not found
2026-08-15 22:21:59.220 WARN   Wiring.write_wire_scope: net not found
2026-08-15 22:21:59.221 WARN   Wiring.write_wire_scope: net not found
2026-08-15 22:21:59.221 WARN   Wiring.write_wire_scope: net not found
2026-08-15 22:21:59.221 WARN   Wiring.write_wire_scope: net not found
2026-08-15 22:21:59.221 WARN   Wiring.write_wire_scope: net not found
2026-08-15 22:21:59.222 WARN   Wiring.write_wire_scope: net not found
2026-08-15 22:21:59.222 WARN   Wiring.write_wire_scope: net not found
2026-08-15 22:21:59.222 WARN   Wiring.write_wire_scope: net not found
2026-08-15 22:21:59.222 WARN   Wiring.write_wire_scope: net not found
2026-08-15 22:21:59.222 WARN   Wiring.write_wire_scope: net not found
2026-08-15 22:21:59.223 WARN   Wiring.write_wire_scope: net not found
2026-08-15 22:21:59.223 WARN   Wiring.write_wire_scope: net not found
2026-08-15 22:21:59.223 WARN   Wiring.write_wire_scope: net not found
2026-08-15 22:21:59.223 WARN   Wiring.write_wire_scope: net not found
2026-08-15 22:21:59.224 WARN   Wiring.write_wire_scope: net not found
2026-08-15 22:21:59.224 WARN   Wiring.write_wire_scope: net not found
2026-08-15 22:21:59.224 WARN   Wiring.write_wire_scope: net not found
2026-08-15 22:21:59.224 WARN   Wiring.write_wire_scope: net not found
2026-08-15 22:21:59.224 WARN   Wiring.write_wire_scope: net not found
2026-08-15 22:21:59.225 WARN   Wiring.write_wire_scope: net not found
2026-08-15 22:21:59.225 WARN   Wiring.write_wire_scope: net not found
2026-08-15 22:21:59.225 WARN   Wiring.write_wire_scope: net not found
2026-08-15 22:21:59.225 WARN   Wiring.write_wire_scope: net not found
2026-08-15 22:21:59.278 WARN   Wiring.write_wire_scope: net not found
2026-08-15 22:21:59.278 WARN   Wiring.write_wire_scope: net not found
2026-08-15 22:21:59.278 WARN   Wiring.write_wire_scope: net not found
2026-08-15 22:21:59.279 WARN   Wiring.write_wire_scope: net not found
2026-08-15 22:21:59.279 WARN   Wiring.write_wire_scope: net not found
2026-08-15 22:21:59.279 WARN   Wiring.write_wire_scope: net not found
2026-08-15 22:21:59.279 WARN   Wiring.write_wire_scope: net not found
2026-08-15 22:21:59.279 WARN   Wiring.write_wire_scope: net not found
2026-08-15 22:21:59.280 WARN   Wiring.write_wire_scope: net not found
2026-08-15 22:21:59.280 WARN   Wiring.write_wire_scope: net not found
2026-08-15 22:21:59.280 WARN   Wiring.write_wire_scope: net not found
2026-08-15 22:21:59.280 WARN   Wiring.write_wire_scope: net not found
2026-08-15 22:21:59.280 WARN   Wiring.write_wire_scope: net not found
2026-08-15 22:21:59.280 WARN   Wiring.write_wire_scope: net not found
2026-08-15 22:21:59.281 WARN   Wiring.write_wire_scope: net not found
2026-08-15 22:21:59.281 WARN   Wiring.write_wire_scope: net not found
2026-08-15 22:21:59.281 WARN   Wiring.write_wire_scope: net not found
2026-08-15 22:21:59.281 WARN   Wiring.write_wire_scope: net not found
2026-08-15 22:21:59.282 WARN   Wiring.write_wire_scope: net not found
2026-08-15 22:21:59.282 WARN   Wiring.write_wire_scope: net not found
2026-08-15 22:21:59.282 WARN   Wiring.write_wire_scope: net not found
2026-08-15 22:21:59.282 WARN   Wiring.write_wire_scope: net not found
2026-08-15 22:21:59.282 WARN   Wiring.write_wire_scope: net not found
2026-08-15 22:21:59.282 WARN   Wiring.write_wire_scope: net not found
2026-08-15 22:21:59.283 WARN   Wiring.write_wire_scope: net not found
2026-08-15 22:21:59.283 WARN   Wiring.write_wire_scope: net not found
2026-08-15 22:21:59.283 WARN   Wiring.write_wire_scope: net not found
2026-08-15 22:21:59.283 WARN   Wiring.write_wire_scope: net not found
2026-08-15 22:21:59.283 WARN   Wiring.write_wire_scope: net not found
2026-08-15 22:21:59.283 WARN   Wiring.write_wire_scope: net not found
2026-08-15 22:21:59.284 WARN   Wiring.write_wire_scope: net not found
2026-08-15 22:21:59.284 WARN   Wiring.write_wire_scope: net not found
2026-08-15 22:21:59.284 WARN   Wiring.write_wire_scope: net not found
2026-08-15 22:21:59.284 WARN   Wiring.write_wire_scope: net not found
2026-08-15 22:21:59.284 WARN   Wiring.write_wire_scope: net not found
2026-08-15 22:21:59.284 WARN   Wiring.write_wire_scope: net not found
2026-08-15 22:21:59.285 WARN   Wiring.write_wire_scope: net not found
2026-08-15 22:21:59.285 WARN   Wiring.write_wire_scope: net not found
2026-08-15 22:21:59.285 WARN   Wiring.write_wire_scope: net not found
2026-08-15 22:21:59.285 WARN   Wiring.write_wire_scope: net not found
2026-08-15 22:21:59.285 WARN   Wiring.write_wire_scope: net not found
2026-08-15 22:21:59.285 WARN   Wiring.write_wire_scope: net not found
2026-08-15 22:21:59.286 WARN   Wiring.write_wire_scope: net not found
2026-08-15 22:21:59.286 WARN   Wiring.write_wire_scope: net not found
2026-08-15 22:21:59.286 WARN   Wiring.write_wire_scope: net not found
2026-08-15 22:21:59.286 WARN   Wiring.write_wire_scope: net not found
2026-08-15 22:21:59.286 WARN   Wiring.write_wire_scope: net not found
2026-08-15 22:21:59.287 WARN   Wiring.write_wire_scope: net not found
2026-08-15 22:21:59.287 WARN   Wiring.write_wire_scope: net not found
2026-08-15 22:21:59.287 WARN   Wiring.write_wire_scope: net not found
2026-08-15 22:21:59.287 WARN   Wiring.write_wire_scope: net not found
2026-08-15 22:21:59.287 WARN   Wiring.write_wire_scope: net not found
2026-08-15 22:21:59.288 WARN   Wiring.write_wire_scope: net not found
2026-08-15 22:21:59.288 WARN   Wiring.write_wire_scope: net not found
2026-08-15 22:21:59.288 WARN   Wiring.write_wire_scope: net not found
2026-08-15 22:21:59.288 WARN   Wiring.write_wire_scope: net not found
2026-08-15 22:21:59.289 WARN   Wiring.write_wire_scope: net not found
2026-08-15 22:21:59.289 WARN   Wiring.write_wire_scope: net not found
2026-08-15 22:21:59.654 WARN   Wiring.write_wire_scope: net not found
2026-08-15 22:21:59.655 WARN   Wiring.write_wire_scope: net not found
2026-08-15 22:21:59.655 WARN   Wiring.write_wire_scope: net not found
2026-08-15 22:21:59.655 WARN   Wiring.write_wire_scope: net not found
2026-08-15 22:21:59.655 WARN   Wiring.write_wire_scope: net not found
2026-08-15 22:21:59.656 WARN   Wiring.write_wire_scope: net not found
2026-08-15 22:21:59.656 WARN   Wiring.write_wire_scope: net not found
2026-08-15 22:21:59.656 WARN   Wiring.write_wire_scope: net not found
2026-08-15 22:21:59.656 WARN   Wiring.write_wire_scope: net not found
2026-08-15 22:21:59.656 WARN   Wiring.write_wire_scope: net not found
2026-08-15 22:21:59.656 WARN   Wiring.write_wire_scope: net not found
2026-08-15 22:21:59.657 WARN   Wiring.write_wire_scope: net not found
2026-08-15 22:21:59.657 WARN   Wiring.write_wire_scope: net not found
2026-08-15 22:21:59.657 WARN   Wiring.write_wire_scope: net not found
2026-08-15 22:21:59.657 WARN   Wiring.write_wire_scope: net not found
2026-08-15 22:21:59.657 WARN   Wiring.write_wire_scope: net not found
2026-08-15 22:21:59.657 WARN   Wiring.write_wire_scope: net not found
2026-08-15 22:21:59.658 WARN   Wiring.write_wire_scope: net not found
2026-08-15 22:21:59.658 WARN   Wiring.write_wire_scope: net not found
2026-08-15 22:21:59.658 WARN   Wiring.write_wire_scope: net not found
2026-08-15 22:21:59.658 WARN   Wiring.write_wire_scope: net not found
2026-08-15 22:21:59.658 WARN   Wiring.write_wire_scope: net not found
2026-08-15 22:21:59.659 WARN   Wiring.write_wire_scope: net not found
2026-08-15 22:21:59.659 WARN   Wiring.write_wire_scope: net not found
2026-08-15 22:21:59.659 WARN   Wiring.write_wire_scope: net not found
2026-08-15 22:21:59.659 WARN   Wiring.write_wire_scope: net not found
2026-08-15 22:21:59.659 WARN   Wiring.write_wire_scope: net not found
2026-08-15 22:21:59.660 WARN   Wiring.write_wire_scope: net not found
2026-08-15 22:21:59.660 WARN   Wiring.write_wire_scope: net not found
2026-08-15 22:21:59.660 WARN   Wiring.write_wire_scope: net not found
2026-08-15 22:21:59.660 WARN   Wiring.write_wire_scope: net not found
2026-08-15 22:21:59.660 WARN   Wiring.write_wire_scope: net not found
2026-08-15 22:21:59.660 WARN   Wiring.write_wire_scope: net not found
2026-08-15 22:21:59.661 WARN   Wiring.write_wire_scope: net not found
2026-08-15 22:21:59.661 WARN   Wiring.write_wire_scope: net not found
2026-08-15 22:21:59.661 WARN   Wiring.write_wire_scope: net not found
2026-08-15 22:21:59.661 WARN   Wiring.write_wire_scope: net not found
2026-08-15 22:21:59.661 WARN   Wiring.write_wire_scope: net not found
2026-08-15 22:21:59.661 WARN   Wiring.write_wire_scope: net not found
2026-08-15 22:21:59.661 WARN   Wiring.write_wire_scope: net not found
2026-08-15 22:21:59.662 WARN   Wiring.write_wire_scope: net not found
2026-08-15 22:21:59.662 WARN   Wiring.write_wire_scope: net not found
2026-08-15 22:21:59.662 WARN   Wiring.write_wire_scope: net not found
2026-08-15 22:21:59.662 WARN   Wiring.write_wire_scope: net not found
2026-08-15 22:21:59.662 WARN   Wiring.write_wire_scope: net not found
2026-08-15 22:21:59.662 WARN   Wiring.write_wire_scope: net not found
2026-08-15 22:21:59.663 WARN   Wiring.write_wire_scope: net not found
2026-08-15 22:21:59.663 WARN   Wiring.write_wire_scope: net not found
2026-08-15 22:21:59.663 WARN   Wiring.write_wire_scope: net not found
2026-08-15 22:21:59.663 WARN   Wiring.write_wire_scope: net not found
2026-08-15 22:21:59.663 WARN   Wiring.write_wire_scope: net not found
2026-08-15 22:21:59.663 WARN   Wiring.write_wire_scope: net not found
2026-08-15 22:21:59.664 WARN   Wiring.write_wire_scope: net not found
2026-08-15 22:21:59.664 WARN   Wiring.write_wire_scope: net not found
2026-08-15 22:21:59.664 WARN   Wiring.write_wire_scope: net not found
2026-08-15 22:21:59.664 WARN   Wiring.write_wire_scope: net not found
2026-08-15 22:21:59.664 WARN   Wiring.write_wire_scope: net not found
2026-08-15 22:21:59.664 WARN   Wiring.write_wire_scope: net not found
2026-08-15 22:21:59.672 INFO   [ECBEF4\9DA11B] Fanout pass #2 on board 'ff48c4c7b84a946649d075f9bed8b317' completed in 0.48 seconds with 2 SMD pins fanouted, 17 not routed, 0 insert errors, +2 extra vias (0 SMD pins still to check in pass, ripup costs=200).
2026-08-15 22:21:59.754 WARN   Wiring.write_wire_scope: net not found
2026-08-15 22:21:59.755 WARN   Wiring.write_wire_scope: net not found
2026-08-15 22:21:59.755 WARN   Wiring.write_wire_scope: net not found
2026-08-15 22:21:59.756 WARN   Wiring.write_wire_scope: net not found
2026-08-15 22:21:59.756 WARN   Wiring.write_wire_scope: net not found
2026-08-15 22:21:59.756 WARN   Wiring.write_wire_scope: net not found
2026-08-15 22:21:59.756 WARN   Wiring.write_wire_scope: net not found
2026-08-15 22:21:59.756 WARN   Wiring.write_wire_scope: net not found
2026-08-15 22:21:59.757 WARN   Wiring.write_wire_scope: net not found
2026-08-15 22:21:59.757 WARN   Wiring.write_wire_scope: net not found
2026-08-15 22:21:59.757 WARN   Wiring.write_wire_scope: net not found
2026-08-15 22:21:59.757 WARN   Wiring.write_wire_scope: net not found
2026-08-15 22:21:59.757 WARN   Wiring.write_wire_scope: net not found
2026-08-15 22:21:59.757 WARN   Wiring.write_wire_scope: net not found
2026-08-15 22:21:59.758 WARN   Wiring.write_wire_scope: net not found
2026-08-15 22:21:59.758 WARN   Wiring.write_wire_scope: net not found
2026-08-15 22:21:59.758 WARN   Wiring.write_wire_scope: net not found
2026-08-15 22:21:59.758 WARN   Wiring.write_wire_scope: net not found
2026-08-15 22:21:59.758 WARN   Wiring.write_wire_scope: net not found
2026-08-15 22:21:59.759 WARN   Wiring.write_wire_scope: net not found
2026-08-15 22:21:59.759 WARN   Wiring.write_wire_scope: net not found
2026-08-15 22:21:59.759 WARN   Wiring.write_wire_scope: net not found
2026-08-15 22:21:59.759 WARN   Wiring.write_wire_scope: net not found
2026-08-15 22:21:59.759 WARN   Wiring.write_wire_scope: net not found
2026-08-15 22:21:59.759 WARN   Wiring.write_wire_scope: net not found
2026-08-15 22:21:59.760 WARN   Wiring.write_wire_scope: net not found
2026-08-15 22:21:59.760 WARN   Wiring.write_wire_scope: net not found
2026-08-15 22:21:59.760 WARN   Wiring.write_wire_scope: net not found
2026-08-15 22:21:59.760 WARN   Wiring.write_wire_scope: net not found
2026-08-15 22:21:59.760 WARN   Wiring.write_wire_scope: net not found
2026-08-15 22:21:59.760 WARN   Wiring.write_wire_scope: net not found
2026-08-15 22:21:59.761 WARN   Wiring.write_wire_scope: net not found
2026-08-15 22:21:59.761 WARN   Wiring.write_wire_scope: net not found
2026-08-15 22:21:59.761 WARN   Wiring.write_wire_scope: net not found
2026-08-15 22:21:59.761 WARN   Wiring.write_wire_scope: net not found
2026-08-15 22:21:59.761 WARN   Wiring.write_wire_scope: net not found
2026-08-15 22:21:59.761 WARN   Wiring.write_wire_scope: net not found
2026-08-15 22:21:59.762 WARN   Wiring.write_wire_scope: net not found
2026-08-15 22:21:59.762 WARN   Wiring.write_wire_scope: net not found
2026-08-15 22:21:59.762 WARN   Wiring.write_wire_scope: net not found
2026-08-15 22:21:59.762 WARN   Wiring.write_wire_scope: net not found
2026-08-15 22:21:59.762 WARN   Wiring.write_wire_scope: net not found
2026-08-15 22:21:59.762 WARN   Wiring.write_wire_scope: net not found
2026-08-15 22:21:59.763 WARN   Wiring.write_wire_scope: net not found
2026-08-15 22:21:59.763 WARN   Wiring.write_wire_scope: net not found
2026-08-15 22:21:59.763 WARN   Wiring.write_wire_scope: net not found
2026-08-15 22:21:59.763 WARN   Wiring.write_wire_scope: net not found
2026-08-15 22:21:59.763 WARN   Wiring.write_wire_scope: net not found
2026-08-15 22:21:59.763 WARN   Wiring.write_wire_scope: net not found
2026-08-15 22:21:59.764 WARN   Wiring.write_wire_scope: net not found
2026-08-15 22:21:59.764 WARN   Wiring.write_wire_scope: net not found
2026-08-15 22:21:59.764 WARN   Wiring.write_wire_scope: net not found
2026-08-15 22:21:59.764 WARN   Wiring.write_wire_scope: net not found
2026-08-15 22:21:59.764 WARN   Wiring.write_wire_scope: net not found
2026-08-15 22:21:59.764 WARN   Wiring.write_wire_scope: net not found
2026-08-15 22:21:59.765 WARN   Wiring.write_wire_scope: net not found
2026-08-15 22:21:59.765 WARN   Wiring.write_wire_scope: net not found
2026-08-15 22:21:59.765 WARN   Wiring.write_wire_scope: net not found
2026-08-15 22:21:59.817 WARN   Wiring.write_wire_scope: net not found
2026-08-15 22:21:59.817 WARN   Wiring.write_wire_scope: net not found
2026-08-15 22:21:59.818 WARN   Wiring.write_wire_scope: net not found
2026-08-15 22:21:59.818 WARN   Wiring.write_wire_scope: net not found
2026-08-15 22:21:59.818 WARN   Wiring.write_wire_scope: net not found
2026-08-15 22:21:59.818 WARN   Wiring.write_wire_scope: net not found
2026-08-15 22:21:59.818 WARN   Wiring.write_wire_scope: net not found
2026-08-15 22:21:59.819 WARN   Wiring.write_wire_scope: net not found
2026-08-15 22:21:59.819 WARN   Wiring.write_wire_scope: net not found
2026-08-15 22:21:59.819 WARN   Wiring.write_wire_scope: net not found
2026-08-15 22:21:59.819 WARN   Wiring.write_wire_scope: net not found
2026-08-15 22:21:59.819 WARN   Wiring.write_wire_scope: net not found
2026-08-15 22:21:59.819 WARN   Wiring.write_wire_scope: net not found
2026-08-15 22:21:59.820 WARN   Wiring.write_wire_scope: net not found
2026-08-15 22:21:59.820 WARN   Wiring.write_wire_scope: net not found
2026-08-15 22:21:59.820 WARN   Wiring.write_wire_scope: net not found
2026-08-15 22:21:59.820 WARN   Wiring.write_wire_scope: net not found
2026-08-15 22:21:59.820 WARN   Wiring.write_wire_scope: net not found
2026-08-15 22:21:59.821 WARN   Wiring.write_wire_scope: net not found
2026-08-15 22:21:59.821 WARN   Wiring.write_wire_scope: net not found
2026-08-15 22:21:59.821 WARN   Wiring.write_wire_scope: net not found
2026-08-15 22:21:59.821 WARN   Wiring.write_wire_scope: net not found
2026-08-15 22:21:59.821 WARN   Wiring.write_wire_scope: net not found
2026-08-15 22:21:59.822 WARN   Wiring.write_wire_scope: net not found
2026-08-15 22:21:59.822 WARN   Wiring.write_wire_scope: net not found
2026-08-15 22:21:59.822 WARN   Wiring.write_wire_scope: net not found
2026-08-15 22:21:59.822 WARN   Wiring.write_wire_scope: net not found
2026-08-15 22:21:59.822 WARN   Wiring.write_wire_scope: net not found
2026-08-15 22:21:59.823 WARN   Wiring.write_wire_scope: net not found
2026-08-15 22:21:59.823 WARN   Wiring.write_wire_scope: net not found
2026-08-15 22:21:59.823 WARN   Wiring.write_wire_scope: net not found
2026-08-15 22:21:59.823 WARN   Wiring.write_wire_scope: net not found
2026-08-15 22:21:59.823 WARN   Wiring.write_wire_scope: net not found
2026-08-15 22:21:59.823 WARN   Wiring.write_wire_scope: net not found
2026-08-15 22:21:59.824 WARN   Wiring.write_wire_scope: net not found
2026-08-15 22:21:59.824 WARN   Wiring.write_wire_scope: net not found
2026-08-15 22:21:59.824 WARN   Wiring.write_wire_scope: net not found
2026-08-15 22:21:59.824 WARN   Wiring.write_wire_scope: net not found
2026-08-15 22:21:59.824 WARN   Wiring.write_wire_scope: net not found
2026-08-15 22:21:59.824 WARN   Wiring.write_wire_scope: net not found
2026-08-15 22:21:59.824 WARN   Wiring.write_wire_scope: net not found
2026-08-15 22:21:59.825 WARN   Wiring.write_wire_scope: net not found
2026-08-15 22:21:59.825 WARN   Wiring.write_wire_scope: net not found
2026-08-15 22:21:59.825 WARN   Wiring.write_wire_scope: net not found
2026-08-15 22:21:59.825 WARN   Wiring.write_wire_scope: net not found
2026-08-15 22:21:59.825 WARN   Wiring.write_wire_scope: net not found
2026-08-15 22:21:59.825 WARN   Wiring.write_wire_scope: net not found
2026-08-15 22:21:59.826 WARN   Wiring.write_wire_scope: net not found
2026-08-15 22:21:59.826 WARN   Wiring.write_wire_scope: net not found
2026-08-15 22:21:59.826 WARN   Wiring.write_wire_scope: net not found
2026-08-15 22:21:59.826 WARN   Wiring.write_wire_scope: net not found
2026-08-15 22:21:59.826 WARN   Wiring.write_wire_scope: net not found
2026-08-15 22:21:59.826 WARN   Wiring.write_wire_scope: net not found
2026-08-15 22:21:59.827 WARN   Wiring.write_wire_scope: net not found
2026-08-15 22:21:59.827 WARN   Wiring.write_wire_scope: net not found
2026-08-15 22:21:59.827 WARN   Wiring.write_wire_scope: net not found
2026-08-15 22:21:59.827 WARN   Wiring.write_wire_scope: net not found
2026-08-15 22:21:59.827 WARN   Wiring.write_wire_scope: net not found
2026-08-15 22:22:00.153 WARN   Wiring.write_wire_scope: net not found
2026-08-15 22:22:00.155 WARN   Wiring.write_wire_scope: net not found
2026-08-15 22:22:00.155 WARN   Wiring.write_wire_scope: net not found
2026-08-15 22:22:00.155 WARN   Wiring.write_wire_scope: net not found
2026-08-15 22:22:00.155 WARN   Wiring.write_wire_scope: net not found
2026-08-15 22:22:00.155 WARN   Wiring.write_wire_scope: net not found
2026-08-15 22:22:00.155 WARN   Wiring.write_wire_scope: net not found
2026-08-15 22:22:00.156 WARN   Wiring.write_wire_scope: net not found
2026-08-15 22:22:00.156 WARN   Wiring.write_wire_scope: net not found
2026-08-15 22:22:00.156 WARN   Wiring.write_wire_scope: net not found
2026-08-15 22:22:00.156 WARN   Wiring.write_wire_scope: net not found
2026-08-15 22:22:00.156 WARN   Wiring.write_wire_scope: net not found
2026-08-15 22:22:00.157 WARN   Wiring.write_wire_scope: net not found
2026-08-15 22:22:00.157 WARN   Wiring.write_wire_scope: net not found
2026-08-15 22:22:00.157 WARN   Wiring.write_wire_scope: net not found
2026-08-15 22:22:00.157 WARN   Wiring.write_wire_scope: net not found
2026-08-15 22:22:00.157 WARN   Wiring.write_wire_scope: net not found
2026-08-15 22:22:00.157 WARN   Wiring.write_wire_scope: net not found
2026-08-15 22:22:00.158 WARN   Wiring.write_wire_scope: net not found
2026-08-15 22:22:00.158 WARN   Wiring.write_wire_scope: net not found
2026-08-15 22:22:00.158 WARN   Wiring.write_wire_scope: net not found
2026-08-15 22:22:00.158 WARN   Wiring.write_wire_scope: net not found
2026-08-15 22:22:00.158 WARN   Wiring.write_wire_scope: net not found
2026-08-15 22:22:00.158 WARN   Wiring.write_wire_scope: net not found
2026-08-15 22:22:00.159 WARN   Wiring.write_wire_scope: net not found
2026-08-15 22:22:00.159 WARN   Wiring.write_wire_scope: net not found
2026-08-15 22:22:00.159 WARN   Wiring.write_wire_scope: net not found
2026-08-15 22:22:00.159 WARN   Wiring.write_wire_scope: net not found
2026-08-15 22:22:00.159 WARN   Wiring.write_wire_scope: net not found
2026-08-15 22:22:00.159 WARN   Wiring.write_wire_scope: net not found
2026-08-15 22:22:00.160 WARN   Wiring.write_wire_scope: net not found
2026-08-15 22:22:00.160 WARN   Wiring.write_wire_scope: net not found
2026-08-15 22:22:00.160 WARN   Wiring.write_wire_scope: net not found
2026-08-15 22:22:00.160 WARN   Wiring.write_wire_scope: net not found
2026-08-15 22:22:00.160 WARN   Wiring.write_wire_scope: net not found
2026-08-15 22:22:00.160 WARN   Wiring.write_wire_scope: net not found
2026-08-15 22:22:00.161 WARN   Wiring.write_wire_scope: net not found
2026-08-15 22:22:00.161 WARN   Wiring.write_wire_scope: net not found
2026-08-15 22:22:00.161 WARN   Wiring.write_wire_scope: net not found
2026-08-15 22:22:00.161 WARN   Wiring.write_wire_scope: net not found
2026-08-15 22:22:00.161 WARN   Wiring.write_wire_scope: net not found
2026-08-15 22:22:00.161 WARN   Wiring.write_wire_scope: net not found
2026-08-15 22:22:00.162 WARN   Wiring.write_wire_scope: net not found
2026-08-15 22:22:00.162 WARN   Wiring.write_wire_scope: net not found
2026-08-15 22:22:00.162 WARN   Wiring.write_wire_scope: net not found
2026-08-15 22:22:00.162 WARN   Wiring.write_wire_scope: net not found
2026-08-15 22:22:00.162 WARN   Wiring.write_wire_scope: net not found
2026-08-15 22:22:00.162 WARN   Wiring.write_wire_scope: net not found
2026-08-15 22:22:00.162 WARN   Wiring.write_wire_scope: net not found
2026-08-15 22:22:00.163 WARN   Wiring.write_wire_scope: net not found
2026-08-15 22:22:00.163 WARN   Wiring.write_wire_scope: net not found
2026-08-15 22:22:00.163 WARN   Wiring.write_wire_scope: net not found
2026-08-15 22:22:00.163 WARN   Wiring.write_wire_scope: net not found
2026-08-15 22:22:00.163 WARN   Wiring.write_wire_scope: net not found
2026-08-15 22:22:00.163 WARN   Wiring.write_wire_scope: net not found
2026-08-15 22:22:00.164 WARN   Wiring.write_wire_scope: net not found
2026-08-15 22:22:00.164 WARN   Wiring.write_wire_scope: net not found
2026-08-15 22:22:00.164 WARN   Wiring.write_wire_scope: net not found
2026-08-15 22:22:00.173 INFO   [ECBEF4\9DA11B] Fanout pass #3 on board 'ff48c4c7b84a946649d075f9bed8b317' completed in 0.43 seconds with 0 SMD pins fanouted, 17 not routed, 0 insert errors, +0 extra vias (0 SMD pins still to check in pass, ripup costs=300).
2026-08-15 22:22:00.202 INFO   [ECBEF4\9DA11B] Fanout stage completed: started with 23 total SMD pins, completed in 2.06 seconds, escaped pins: 6/23 (26.1%), using 2.00 total CPU seconds, 2.20 GB total allocated, and 178.5 MB peak heap usage.
2026-08-15 22:22:00.227 INFO   [ECBEF4\9DA11B] Auto-routing stage started on board 'ff48c4c7b84a946649d075f9bed8b317' for 13 unrouted items.
2026-08-15 22:22:11.897 WARN   Wiring.write_wire_scope: net not found
2026-08-15 22:22:11.898 WARN   Wiring.write_wire_scope: net not found
2026-08-15 22:22:11.898 WARN   Wiring.write_wire_scope: net not found
2026-08-15 22:22:11.898 WARN   Wiring.write_wire_scope: net not found
2026-08-15 22:22:11.898 WARN   Wiring.write_wire_scope: net not found
2026-08-15 22:22:11.899 WARN   Wiring.write_wire_scope: net not found
2026-08-15 22:22:11.899 WARN   Wiring.write_wire_scope: net not found
2026-08-15 22:22:11.899 WARN   Wiring.write_wire_scope: net not found
2026-08-15 22:22:11.899 WARN   Wiring.write_wire_scope: net not found
2026-08-15 22:22:11.899 WARN   Wiring.write_wire_scope: net not found
2026-08-15 22:22:11.899 WARN   Wiring.write_wire_scope: net not found
2026-08-15 22:22:11.900 WARN   Wiring.write_wire_scope: net not found
2026-08-15 22:22:11.900 WARN   Wiring.write_wire_scope: net not found
2026-08-15 22:22:11.900 WARN   Wiring.write_wire_scope: net not found
2026-08-15 22:22:11.900 WARN   Wiring.write_wire_scope: net not found
2026-08-15 22:22:11.900 WARN   Wiring.write_wire_scope: net not found
2026-08-15 22:22:11.901 WARN   Wiring.write_wire_scope: net not found
2026-08-15 22:22:11.901 WARN   Wiring.write_wire_scope: net not found
2026-08-15 22:22:11.901 WARN   Wiring.write_wire_scope: net not found
2026-08-15 22:22:11.901 WARN   Wiring.write_wire_scope: net not found
2026-08-15 22:22:11.901 WARN   Wiring.write_wire_scope: net not found
2026-08-15 22:22:11.901 WARN   Wiring.write_wire_scope: net not found
2026-08-15 22:22:11.902 WARN   Wiring.write_wire_scope: net not found
2026-08-15 22:22:11.902 WARN   Wiring.write_wire_scope: net not found
2026-08-15 22:22:11.902 WARN   Wiring.write_wire_scope: net not found
2026-08-15 22:22:11.902 WARN   Wiring.write_wire_scope: net not found
2026-08-15 22:22:11.902 WARN   Wiring.write_wire_scope: net not found
2026-08-15 22:22:11.903 WARN   Wiring.write_wire_scope: net not found
2026-08-15 22:22:11.903 WARN   Wiring.write_wire_scope: net not found
2026-08-15 22:22:11.903 WARN   Wiring.write_wire_scope: net not found
2026-08-15 22:22:11.903 WARN   Wiring.write_wire_scope: net not found
2026-08-15 22:22:11.903 WARN   Wiring.write_wire_scope: net not found
2026-08-15 22:22:11.903 WARN   Wiring.write_wire_scope: net not found
2026-08-15 22:22:11.904 WARN   Wiring.write_wire_scope: net not found
2026-08-15 22:22:11.904 WARN   Wiring.write_wire_scope: net not found
2026-08-15 22:22:11.904 WARN   Wiring.write_wire_scope: net not found
2026-08-15 22:22:11.904 WARN   Wiring.write_wire_scope: net not found
2026-08-15 22:22:11.904 WARN   Wiring.write_wire_scope: net not found
2026-08-15 22:22:11.904 WARN   Wiring.write_wire_scope: net not found
2026-08-15 22:22:11.905 WARN   Wiring.write_wire_scope: net not found
2026-08-15 22:22:11.905 WARN   Wiring.write_wire_scope: net not found
2026-08-15 22:22:11.905 WARN   Wiring.write_wire_scope: net not found
2026-08-15 22:22:11.905 WARN   Wiring.write_wire_scope: net not found
2026-08-15 22:22:11.905 WARN   Wiring.write_wire_scope: net not found
2026-08-15 22:22:11.906 WARN   Wiring.write_wire_scope: net not found
2026-08-15 22:22:11.906 WARN   Wiring.write_wire_scope: net not found
2026-08-15 22:22:11.906 WARN   Wiring.write_wire_scope: net not found
2026-08-15 22:22:11.906 WARN   Wiring.write_wire_scope: net not found
2026-08-15 22:22:11.906 WARN   Wiring.write_wire_scope: net not found
2026-08-15 22:22:11.906 WARN   Wiring.write_wire_scope: net not found
2026-08-15 22:22:11.907 WARN   Wiring.write_wire_scope: net not found
2026-08-15 22:22:11.907 WARN   Wiring.write_wire_scope: net not found
2026-08-15 22:22:11.907 WARN   Wiring.write_wire_scope: net not found
2026-08-15 22:22:11.907 WARN   Wiring.write_wire_scope: net not found
2026-08-15 22:22:11.907 WARN   Wiring.write_wire_scope: net not found
2026-08-15 22:22:11.908 WARN   Wiring.write_wire_scope: net not found
2026-08-15 22:22:11.908 WARN   Wiring.write_wire_scope: net not found
2026-08-15 22:22:11.908 WARN   Wiring.write_wire_scope: net not found
2026-08-15 22:22:17.333 WARN   Wiring.write_wire_scope: net not found
2026-08-15 22:22:17.333 WARN   Wiring.write_wire_scope: net not found
2026-08-15 22:22:17.333 WARN   Wiring.write_wire_scope: net not found
2026-08-15 22:22:17.333 WARN   Wiring.write_wire_scope: net not found
2026-08-15 22:22:17.334 WARN   Wiring.write_wire_scope: net not found
2026-08-15 22:22:17.334 WARN   Wiring.write_wire_scope: net not found
2026-08-15 22:22:17.334 WARN   Wiring.write_wire_scope: net not found
2026-08-15 22:22:17.334 WARN   Wiring.write_wire_scope: net not found
2026-08-15 22:22:17.334 WARN   Wiring.write_wire_scope: net not found
2026-08-15 22:22:17.334 WARN   Wiring.write_wire_scope: net not found
2026-08-15 22:22:17.335 WARN   Wiring.write_wire_scope: net not found
2026-08-15 22:22:17.335 WARN   Wiring.write_wire_scope: net not found
2026-08-15 22:22:17.335 WARN   Wiring.write_wire_scope: net not found
2026-08-15 22:22:17.335 WARN   Wiring.write_wire_scope: net not found
2026-08-15 22:22:17.335 WARN   Wiring.write_wire_scope: net not found
2026-08-15 22:22:17.335 WARN   Wiring.write_wire_scope: net not found
2026-08-15 22:22:17.336 WARN   Wiring.write_wire_scope: net not found
2026-08-15 22:22:17.336 WARN   Wiring.write_wire_scope: net not found
2026-08-15 22:22:17.336 WARN   Wiring.write_wire_scope: net not found
2026-08-15 22:22:17.336 WARN   Wiring.write_wire_scope: net not found
2026-08-15 22:22:17.336 WARN   Wiring.write_wire_scope: net not found
2026-08-15 22:22:17.336 WARN   Wiring.write_wire_scope: net not found
2026-08-15 22:22:17.337 WARN   Wiring.write_wire_scope: net not found
2026-08-15 22:22:17.337 WARN   Wiring.write_wire_scope: net not found
2026-08-15 22:22:17.337 WARN   Wiring.write_wire_scope: net not found
2026-08-15 22:22:17.337 WARN   Wiring.write_wire_scope: net not found
2026-08-15 22:22:17.337 WARN   Wiring.write_wire_scope: net not found
2026-08-15 22:22:17.337 WARN   Wiring.write_wire_scope: net not found
2026-08-15 22:22:17.337 WARN   Wiring.write_wire_scope: net not found
2026-08-15 22:22:17.338 WARN   Wiring.write_wire_scope: net not found
2026-08-15 22:22:17.338 WARN   Wiring.write_wire_scope: net not found
2026-08-15 22:22:17.338 WARN   Wiring.write_wire_scope: net not found
2026-08-15 22:22:17.338 WARN   Wiring.write_wire_scope: net not found
2026-08-15 22:22:17.338 WARN   Wiring.write_wire_scope: net not found
2026-08-15 22:22:17.338 WARN   Wiring.write_wire_scope: net not found
2026-08-15 22:22:17.339 WARN   Wiring.write_wire_scope: net not found
2026-08-15 22:22:17.339 WARN   Wiring.write_wire_scope: net not found
2026-08-15 22:22:17.339 WARN   Wiring.write_wire_scope: net not found
2026-08-15 22:22:17.339 WARN   Wiring.write_wire_scope: net not found
2026-08-15 22:22:17.339 WARN   Wiring.write_wire_scope: net not found
2026-08-15 22:22:17.339 WARN   Wiring.write_wire_scope: net not found
2026-08-15 22:22:17.339 WARN   Wiring.write_wire_scope: net not found
2026-08-15 22:22:17.340 WARN   Wiring.write_wire_scope: net not found
2026-08-15 22:22:17.340 WARN   Wiring.write_wire_scope: net not found
2026-08-15 22:22:17.340 WARN   Wiring.write_wire_scope: net not found
2026-08-15 22:22:17.340 WARN   Wiring.write_wire_scope: net not found
2026-08-15 22:22:17.340 WARN   Wiring.write_wire_scope: net not found
2026-08-15 22:22:17.341 WARN   Wiring.write_wire_scope: net not found
2026-08-15 22:22:17.341 WARN   Wiring.write_wire_scope: net not found
2026-08-15 22:22:17.341 WARN   Wiring.write_wire_scope: net not found
2026-08-15 22:22:17.341 WARN   Wiring.write_wire_scope: net not found
2026-08-15 22:22:17.341 WARN   Wiring.write_wire_scope: net not found
2026-08-15 22:22:17.341 WARN   Wiring.write_wire_scope: net not found
2026-08-15 22:22:17.342 WARN   Wiring.write_wire_scope: net not found
2026-08-15 22:22:17.342 WARN   Wiring.write_wire_scope: net not found
2026-08-15 22:22:17.342 WARN   Wiring.write_wire_scope: net not found
2026-08-15 22:22:17.342 WARN   Wiring.write_wire_scope: net not found
2026-08-15 22:22:17.342 WARN   Wiring.write_wire_scope: net not found
2026-08-15 22:22:21.402 WARN   Wiring.write_wire_scope: net not found
2026-08-15 22:22:21.402 WARN   Wiring.write_wire_scope: net not found
2026-08-15 22:22:21.402 WARN   Wiring.write_wire_scope: net not found
2026-08-15 22:22:21.403 WARN   Wiring.write_wire_scope: net not found
2026-08-15 22:22:21.403 WARN   Wiring.write_wire_scope: net not found
2026-08-15 22:22:21.403 WARN   Wiring.write_wire_scope: net not found
2026-08-15 22:22:21.403 WARN   Wiring.write_wire_scope: net not found
2026-08-15 22:22:21.403 WARN   Wiring.write_wire_scope: net not found
2026-08-15 22:22:21.403 WARN   Wiring.write_wire_scope: net not found
2026-08-15 22:22:21.404 WARN   Wiring.write_wire_scope: net not found
2026-08-15 22:22:21.404 WARN   Wiring.write_wire_scope: net not found
2026-08-15 22:22:21.404 WARN   Wiring.write_wire_scope: net not found
2026-08-15 22:22:21.404 WARN   Wiring.write_wire_scope: net not found
2026-08-15 22:22:21.404 WARN   Wiring.write_wire_scope: net not found
2026-08-15 22:22:21.405 WARN   Wiring.write_wire_scope: net not found
2026-08-15 22:22:21.405 WARN   Wiring.write_wire_scope: net not found
2026-08-15 22:22:21.405 WARN   Wiring.write_wire_scope: net not found
2026-08-15 22:22:21.405 WARN   Wiring.write_wire_scope: net not found
2026-08-15 22:22:21.405 WARN   Wiring.write_wire_scope: net not found
2026-08-15 22:22:21.405 WARN   Wiring.write_wire_scope: net not found
2026-08-15 22:22:21.406 WARN   Wiring.write_wire_scope: net not found
2026-08-15 22:22:21.406 WARN   Wiring.write_wire_scope: net not found
2026-08-15 22:22:21.406 WARN   Wiring.write_wire_scope: net not found
2026-08-15 22:22:21.406 WARN   Wiring.write_wire_scope: net not found
2026-08-15 22:22:21.406 WARN   Wiring.write_wire_scope: net not found
2026-08-15 22:22:21.406 WARN   Wiring.write_wire_scope: net not found
2026-08-15 22:22:21.407 WARN   Wiring.write_wire_scope: net not found
2026-08-15 22:22:21.407 WARN   Wiring.write_wire_scope: net not found
2026-08-15 22:22:21.407 WARN   Wiring.write_wire_scope: net not found
2026-08-15 22:22:21.407 WARN   Wiring.write_wire_scope: net not found
2026-08-15 22:22:21.407 WARN   Wiring.write_wire_scope: net not found
2026-08-15 22:22:21.407 WARN   Wiring.write_wire_scope: net not found
2026-08-15 22:22:21.408 WARN   Wiring.write_wire_scope: net not found
2026-08-15 22:22:21.408 WARN   Wiring.write_wire_scope: net not found
2026-08-15 22:22:21.408 WARN   Wiring.write_wire_scope: net not found
2026-08-15 22:22:21.408 WARN   Wiring.write_wire_scope: net not found
2026-08-15 22:22:21.408 WARN   Wiring.write_wire_scope: net not found
2026-08-15 22:22:21.409 WARN   Wiring.write_wire_scope: net not found
2026-08-15 22:22:21.409 WARN   Wiring.write_wire_scope: net not found
2026-08-15 22:22:21.409 WARN   Wiring.write_wire_scope: net not found
2026-08-15 22:22:21.409 WARN   Wiring.write_wire_scope: net not found
2026-08-15 22:22:21.409 WARN   Wiring.write_wire_scope: net not found
2026-08-15 22:22:21.409 WARN   Wiring.write_wire_scope: net not found
2026-08-15 22:22:21.410 WARN   Wiring.write_wire_scope: net not found
2026-08-15 22:22:21.410 WARN   Wiring.write_wire_scope: net not found
2026-08-15 22:22:21.410 WARN   Wiring.write_wire_scope: net not found
2026-08-15 22:22:21.410 WARN   Wiring.write_wire_scope: net not found
2026-08-15 22:22:21.410 WARN   Wiring.write_wire_scope: net not found
2026-08-15 22:22:21.411 WARN   Wiring.write_wire_scope: net not found
2026-08-15 22:22:21.411 WARN   Wiring.write_wire_scope: net not found
2026-08-15 22:22:21.411 WARN   Wiring.write_wire_scope: net not found
2026-08-15 22:22:21.411 WARN   Wiring.write_wire_scope: net not found
2026-08-15 22:22:21.411 WARN   Wiring.write_wire_scope: net not found
2026-08-15 22:22:21.411 WARN   Wiring.write_wire_scope: net not found
2026-08-15 22:22:21.412 WARN   Wiring.write_wire_scope: net not found
2026-08-15 22:22:21.412 WARN   Wiring.write_wire_scope: net not found
2026-08-15 22:22:21.412 WARN   Wiring.write_wire_scope: net not found
2026-08-15 22:22:21.412 WARN   Wiring.write_wire_scope: net not found
2026-08-15 22:22:25.793 WARN   Wiring.write_wire_scope: net not found
2026-08-15 22:22:25.793 WARN   Wiring.write_wire_scope: net not found
2026-08-15 22:22:25.793 WARN   Wiring.write_wire_scope: net not found
2026-08-15 22:22:25.794 WARN   Wiring.write_wire_scope: net not found
2026-08-15 22:22:25.794 WARN   Wiring.write_wire_scope: net not found
2026-08-15 22:22:25.794 WARN   Wiring.write_wire_scope: net not found
2026-08-15 22:22:25.794 WARN   Wiring.write_wire_scope: net not found
2026-08-15 22:22:25.794 WARN   Wiring.write_wire_scope: net not found
2026-08-15 22:22:25.794 WARN   Wiring.write_wire_scope: net not found
2026-08-15 22:22:25.795 WARN   Wiring.write_wire_scope: net not found
2026-08-15 22:22:25.795 WARN   Wiring.write_wire_scope: net not found
2026-08-15 22:22:25.795 WARN   Wiring.write_wire_scope: net not found
2026-08-15 22:22:25.795 WARN   Wiring.write_wire_scope: net not found
2026-08-15 22:22:25.795 WARN   Wiring.write_wire_scope: net not found
2026-08-15 22:22:25.795 WARN   Wiring.write_wire_scope: net not found
2026-08-15 22:22:25.796 WARN   Wiring.write_wire_scope: net not found
2026-08-15 22:22:25.796 WARN   Wiring.write_wire_scope: net not found
2026-08-15 22:22:25.796 WARN   Wiring.write_wire_scope: net not found
2026-08-15 22:22:25.796 WARN   Wiring.write_wire_scope: net not found
2026-08-15 22:22:25.796 WARN   Wiring.write_wire_scope: net not found
2026-08-15 22:22:25.796 WARN   Wiring.write_wire_scope: net not found
2026-08-15 22:22:25.797 WARN   Wiring.write_wire_scope: net not found
2026-08-15 22:22:25.797 WARN   Wiring.write_wire_scope: net not found
2026-08-15 22:22:25.797 WARN   Wiring.write_wire_scope: net not found
2026-08-15 22:22:25.797 WARN   Wiring.write_wire_scope: net not found
2026-08-15 22:22:25.797 WARN   Wiring.write_wire_scope: net not found
2026-08-15 22:22:25.798 WARN   Wiring.write_wire_scope: net not found
2026-08-15 22:22:25.798 WARN   Wiring.write_wire_scope: net not found
2026-08-15 22:22:25.798 WARN   Wiring.write_wire_scope: net not found
2026-08-15 22:22:25.798 WARN   Wiring.write_wire_scope: net not found
2026-08-15 22:22:25.798 WARN   Wiring.write_wire_scope: net not found
2026-08-15 22:22:25.798 WARN   Wiring.write_wire_scope: net not found
2026-08-15 22:22:25.798 WARN   Wiring.write_wire_scope: net not found
2026-08-15 22:22:25.799 WARN   Wiring.write_wire_scope: net not found
2026-08-15 22:22:25.799 WARN   Wiring.write_wire_scope: net not found
2026-08-15 22:22:25.799 WARN   Wiring.write_wire_scope: net not found
2026-08-15 22:22:25.799 WARN   Wiring.write_wire_scope: net not found
2026-08-15 22:22:25.799 WARN   Wiring.write_wire_scope: net not found
2026-08-15 22:22:25.799 WARN   Wiring.write_wire_scope: net not found
2026-08-15 22:22:25.800 WARN   Wiring.write_wire_scope: net not found
2026-08-15 22:22:25.800 WARN   Wiring.write_wire_scope: net not found
2026-08-15 22:22:25.800 WARN   Wiring.write_wire_scope: net not found
2026-08-15 22:22:25.800 WARN   Wiring.write_wire_scope: net not found
2026-08-15 22:22:25.800 WARN   Wiring.write_wire_scope: net not found
2026-08-15 22:22:25.800 WARN   Wiring.write_wire_scope: net not found
2026-08-15 22:22:25.801 WARN   Wiring.write_wire_scope: net not found
2026-08-15 22:22:25.801 WARN   Wiring.write_wire_scope: net not found
2026-08-15 22:22:25.801 WARN   Wiring.write_wire_scope: net not found
2026-08-15 22:22:25.801 WARN   Wiring.write_wire_scope: net not found
2026-08-15 22:22:25.801 WARN   Wiring.write_wire_scope: net not found
2026-08-15 22:22:25.801 WARN   Wiring.write_wire_scope: net not found
2026-08-15 22:22:25.802 WARN   Wiring.write_wire_scope: net not found
2026-08-15 22:22:25.802 WARN   Wiring.write_wire_scope: net not found
2026-08-15 22:22:25.802 WARN   Wiring.write_wire_scope: net not found
2026-08-15 22:22:25.802 WARN   Wiring.write_wire_scope: net not found
2026-08-15 22:22:25.802 WARN   Wiring.write_wire_scope: net not found
2026-08-15 22:22:25.802 WARN   Wiring.write_wire_scope: net not found
2026-08-15 22:22:25.803 WARN   Wiring.write_wire_scope: net not found
2026-08-15 22:22:29.654 WARN   Wiring.write_wire_scope: net not found
2026-08-15 22:22:29.654 WARN   Wiring.write_wire_scope: net not found
2026-08-15 22:22:29.654 WARN   Wiring.write_wire_scope: net not found
2026-08-15 22:22:29.655 WARN   Wiring.write_wire_scope: net not found
2026-08-15 22:22:29.655 WARN   Wiring.write_wire_scope: net not found
2026-08-15 22:22:29.655 WARN   Wiring.write_wire_scope: net not found
2026-08-15 22:22:29.655 WARN   Wiring.write_wire_scope: net not found
2026-08-15 22:22:29.655 WARN   Wiring.write_wire_scope: net not found
2026-08-15 22:22:29.655 WARN   Wiring.write_wire_scope: net not found
2026-08-15 22:22:29.656 WARN   Wiring.write_wire_scope: net not found
2026-08-15 22:22:29.656 WARN   Wiring.write_wire_scope: net not found
2026-08-15 22:22:29.656 WARN   Wiring.write_wire_scope: net not found
2026-08-15 22:22:29.656 WARN   Wiring.write_wire_scope: net not found
2026-08-15 22:22:29.657 WARN   Wiring.write_wire_scope: net not found
2026-08-15 22:22:29.657 WARN   Wiring.write_wire_scope: net not found
2026-08-15 22:22:29.657 WARN   Wiring.write_wire_scope: net not found
2026-08-15 22:22:29.657 WARN   Wiring.write_wire_scope: net not found
2026-08-15 22:22:29.658 WARN   Wiring.write_wire_scope: net not found
2026-08-15 22:22:29.658 WARN   Wiring.write_wire_scope: net not found
2026-08-15 22:22:29.658 WARN   Wiring.write_wire_scope: net not found
2026-08-15 22:22:29.658 WARN   Wiring.write_wire_scope: net not found
2026-08-15 22:22:29.658 WARN   Wiring.write_wire_scope: net not found
2026-08-15 22:22:29.658 WARN   Wiring.write_wire_scope: net not found
2026-08-15 22:22:29.659 WARN   Wiring.write_wire_scope: net not found
2026-08-15 22:22:29.659 WARN   Wiring.write_wire_scope: net not found
2026-08-15 22:22:29.659 WARN   Wiring.write_wire_scope: net not found
2026-08-15 22:22:29.659 WARN   Wiring.write_wire_scope: net not found
2026-08-15 22:22:29.659 WARN   Wiring.write_wire_scope: net not found
2026-08-15 22:22:29.660 WARN   Wiring.write_wire_scope: net not found
2026-08-15 22:22:29.660 WARN   Wiring.write_wire_scope: net not found
2026-08-15 22:22:29.660 WARN   Wiring.write_wire_scope: net not found
2026-08-15 22:22:29.660 WARN   Wiring.write_wire_scope: net not found
2026-08-15 22:22:29.660 WARN   Wiring.write_wire_scope: net not found
2026-08-15 22:22:29.660 WARN   Wiring.write_wire_scope: net not found
2026-08-15 22:22:29.661 WARN   Wiring.write_wire_scope: net not found
2026-08-15 22:22:29.661 WARN   Wiring.write_wire_scope: net not found
2026-08-15 22:22:29.661 WARN   Wiring.write_wire_scope: net not found
2026-08-15 22:22:29.662 WARN   Wiring.write_wire_scope: net not found
2026-08-15 22:22:29.662 WARN   Wiring.write_wire_scope: net not found
2026-08-15 22:22:29.662 WARN   Wiring.write_wire_scope: net not found
2026-08-15 22:22:29.662 WARN   Wiring.write_wire_scope: net not found
2026-08-15 22:22:29.663 WARN   Wiring.write_wire_scope: net not found
2026-08-15 22:22:29.663 WARN   Wiring.write_wire_scope: net not found
2026-08-15 22:22:29.663 WARN   Wiring.write_wire_scope: net not found
2026-08-15 22:22:29.663 WARN   Wiring.write_wire_scope: net not found
2026-08-15 22:22:29.663 WARN   Wiring.write_wire_scope: net not found
2026-08-15 22:22:29.663 WARN   Wiring.write_wire_scope: net not found
2026-08-15 22:22:29.664 WARN   Wiring.write_wire_scope: net not found
2026-08-15 22:22:29.664 WARN   Wiring.write_wire_scope: net not found
2026-08-15 22:22:29.664 WARN   Wiring.write_wire_scope: net not found
2026-08-15 22:22:29.664 WARN   Wiring.write_wire_scope: net not found
2026-08-15 22:22:29.664 WARN   Wiring.write_wire_scope: net not found
2026-08-15 22:22:29.664 WARN   Wiring.write_wire_scope: net not found
2026-08-15 22:22:29.664 WARN   Wiring.write_wire_scope: net not found
2026-08-15 22:22:29.664 WARN   Wiring.write_wire_scope: net not found
2026-08-15 22:22:29.664 WARN   Wiring.write_wire_scope: net not found
2026-08-15 22:22:29.665 WARN   Wiring.write_wire_scope: net not found
2026-08-15 22:22:29.665 WARN   Wiring.write_wire_scope: net not found
2026-08-15 22:22:33.680 WARN   Wiring.write_wire_scope: net not found
2026-08-15 22:22:33.681 WARN   Wiring.write_wire_scope: net not found
2026-08-15 22:22:33.681 WARN   Wiring.write_wire_scope: net not found
2026-08-15 22:22:33.681 WARN   Wiring.write_wire_scope: net not found
2026-08-15 22:22:33.681 WARN   Wiring.write_wire_scope: net not found
2026-08-15 22:22:33.681 WARN   Wiring.write_wire_scope: net not found
2026-08-15 22:22:33.682 WARN   Wiring.write_wire_scope: net not found
2026-08-15 22:22:33.682 WARN   Wiring.write_wire_scope: net not found
2026-08-15 22:22:33.682 WARN   Wiring.write_wire_scope: net not found
2026-08-15 22:22:33.682 WARN   Wiring.write_wire_scope: net not found
2026-08-15 22:22:33.682 WARN   Wiring.write_wire_scope: net not found
2026-08-15 22:22:33.682 WARN   Wiring.write_wire_scope: net not found
2026-08-15 22:22:33.684 WARN   Wiring.write_wire_scope: net not found
2026-08-15 22:22:33.684 WARN   Wiring.write_wire_scope: net not found
2026-08-15 22:22:33.684 WARN   Wiring.write_wire_scope: net not found
2026-08-15 22:22:33.684 WARN   Wiring.write_wire_scope: net not found
2026-08-15 22:22:33.684 WARN   Wiring.write_wire_scope: net not found
2026-08-15 22:22:33.684 WARN   Wiring.write_wire_scope: net not found
2026-08-15 22:22:33.684 WARN   Wiring.write_wire_scope: net not found
2026-08-15 22:22:33.684 WARN   Wiring.write_wire_scope: net not found
2026-08-15 22:22:33.684 WARN   Wiring.write_wire_scope: net not found
2026-08-15 22:22:33.684 WARN   Wiring.write_wire_scope: net not found
2026-08-15 22:22:33.685 WARN   Wiring.write_wire_scope: net not found
2026-08-15 22:22:33.685 WARN   Wiring.write_wire_scope: net not found
2026-08-15 22:22:33.685 WARN   Wiring.write_wire_scope: net not found
2026-08-15 22:22:33.685 WARN   Wiring.write_wire_scope: net not found
2026-08-15 22:22:33.685 WARN   Wiring.write_wire_scope: net not found
2026-08-15 22:22:33.685 WARN   Wiring.write_wire_scope: net not found
2026-08-15 22:22:33.685 WARN   Wiring.write_wire_scope: net not found
2026-08-15 22:22:33.686 WARN   Wiring.write_wire_scope: net not found
2026-08-15 22:22:33.686 WARN   Wiring.write_wire_scope: net not found
2026-08-15 22:22:33.686 WARN   Wiring.write_wire_scope: net not found
2026-08-15 22:22:33.686 WARN   Wiring.write_wire_scope: net not found
2026-08-15 22:22:33.686 WARN   Wiring.write_wire_scope: net not found
2026-08-15 22:22:33.686 WARN   Wiring.write_wire_scope: net not found
2026-08-15 22:22:33.687 WARN   Wiring.write_wire_scope: net not found
2026-08-15 22:22:33.687 WARN   Wiring.write_wire_scope: net not found
2026-08-15 22:22:33.687 WARN   Wiring.write_wire_scope: net not found
2026-08-15 22:22:33.687 WARN   Wiring.write_wire_scope: net not found
2026-08-15 22:22:33.687 WARN   Wiring.write_wire_scope: net not found
2026-08-15 22:22:33.687 WARN   Wiring.write_wire_scope: net not found
2026-08-15 22:22:33.688 WARN   Wiring.write_wire_scope: net not found
2026-08-15 22:22:33.688 WARN   Wiring.write_wire_scope: net not found
2026-08-15 22:22:33.688 WARN   Wiring.write_wire_scope: net not found
2026-08-15 22:22:33.688 WARN   Wiring.write_wire_scope: net not found
2026-08-15 22:22:33.688 WARN   Wiring.write_wire_scope: net not found
2026-08-15 22:22:33.689 WARN   Wiring.write_wire_scope: net not found
2026-08-15 22:22:33.689 WARN   Wiring.write_wire_scope: net not found
2026-08-15 22:22:33.689 WARN   Wiring.write_wire_scope: net not found
2026-08-15 22:22:33.689 WARN   Wiring.write_wire_scope: net not found
2026-08-15 22:22:33.689 WARN   Wiring.write_wire_scope: net not found
2026-08-15 22:22:33.690 WARN   Wiring.write_wire_scope: net not found
2026-08-15 22:22:33.690 WARN   Wiring.write_wire_scope: net not found
2026-08-15 22:22:33.690 WARN   Wiring.write_wire_scope: net not found
2026-08-15 22:22:33.690 WARN   Wiring.write_wire_scope: net not found
2026-08-15 22:22:33.690 WARN   Wiring.write_wire_scope: net not found
2026-08-15 22:22:33.691 WARN   Wiring.write_wire_scope: net not found
2026-08-15 22:22:33.691 WARN   Wiring.write_wire_scope: net not found
2026-08-15 22:22:38.626 WARN   Wiring.write_wire_scope: net not found
2026-08-15 22:22:38.627 WARN   Wiring.write_wire_scope: net not found
2026-08-15 22:22:38.627 WARN   Wiring.write_wire_scope: net not found
2026-08-15 22:22:38.627 WARN   Wiring.write_wire_scope: net not found
2026-08-15 22:22:38.627 WARN   Wiring.write_wire_scope: net not found
2026-08-15 22:22:38.627 WARN   Wiring.write_wire_scope: net not found
2026-08-15 22:22:38.628 WARN   Wiring.write_wire_scope: net not found
2026-08-15 22:22:38.628 WARN   Wiring.write_wire_scope: net not found
2026-08-15 22:22:38.628 WARN   Wiring.write_wire_scope: net not found
2026-08-15 22:22:38.628 WARN   Wiring.write_wire_scope: net not found
2026-08-15 22:22:38.628 WARN   Wiring.write_wire_scope: net not found
2026-08-15 22:22:38.629 WARN   Wiring.write_wire_scope: net not found
2026-08-15 22:22:38.629 WARN   Wiring.write_wire_scope: net not found
2026-08-15 22:22:38.629 WARN   Wiring.write_wire_scope: net not found
2026-08-15 22:22:38.629 WARN   Wiring.write_wire_scope: net not found
2026-08-15 22:22:38.629 WARN   Wiring.write_wire_scope: net not found
2026-08-15 22:22:38.630 WARN   Wiring.write_wire_scope: net not found
2026-08-15 22:22:38.630 WARN   Wiring.write_wire_scope: net not found
2026-08-15 22:22:38.630 WARN   Wiring.write_wire_scope: net not found
2026-08-15 22:22:38.630 WARN   Wiring.write_wire_scope: net not found
2026-08-15 22:22:38.630 WARN   Wiring.write_wire_scope: net not found
2026-08-15 22:22:38.630 WARN   Wiring.write_wire_scope: net not found
2026-08-15 22:22:38.631 WARN   Wiring.write_wire_scope: net not found
2026-08-15 22:22:38.631 WARN   Wiring.write_wire_scope: net not found
2026-08-15 22:22:38.631 WARN   Wiring.write_wire_scope: net not found
2026-08-15 22:22:38.631 WARN   Wiring.write_wire_scope: net not found
2026-08-15 22:22:38.631 WARN   Wiring.write_wire_scope: net not found
2026-08-15 22:22:38.632 WARN   Wiring.write_wire_scope: net not found
2026-08-15 22:22:38.632 WARN   Wiring.write_wire_scope: net not found
2026-08-15 22:22:38.632 WARN   Wiring.write_wire_scope: net not found
2026-08-15 22:22:38.632 WARN   Wiring.write_wire_scope: net not found
2026-08-15 22:22:38.632 WARN   Wiring.write_wire_scope: net not found
2026-08-15 22:22:38.633 WARN   Wiring.write_wire_scope: net not found
2026-08-15 22:22:38.633 WARN   Wiring.write_wire_scope: net not found
2026-08-15 22:22:38.633 WARN   Wiring.write_wire_scope: net not found
2026-08-15 22:22:38.633 WARN   Wiring.write_wire_scope: net not found
2026-08-15 22:22:38.633 WARN   Wiring.write_wire_scope: net not found
2026-08-15 22:22:38.634 WARN   Wiring.write_wire_scope: net not found
2026-08-15 22:22:38.634 WARN   Wiring.write_wire_scope: net not found
2026-08-15 22:22:38.634 WARN   Wiring.write_wire_scope: net not found
2026-08-15 22:22:38.634 WARN   Wiring.write_wire_scope: net not found
2026-08-15 22:22:38.634 WARN   Wiring.write_wire_scope: net not found
2026-08-15 22:22:38.635 WARN   Wiring.write_wire_scope: net not found
2026-08-15 22:22:38.635 WARN   Wiring.write_wire_scope: net not found
2026-08-15 22:22:38.635 WARN   Wiring.write_wire_scope: net not found
2026-08-15 22:22:38.635 WARN   Wiring.write_wire_scope: net not found
2026-08-15 22:22:38.635 WARN   Wiring.write_wire_scope: net not found
2026-08-15 22:22:38.635 WARN   Wiring.write_wire_scope: net not found
2026-08-15 22:22:38.636 WARN   Wiring.write_wire_scope: net not found
2026-08-15 22:22:38.636 WARN   Wiring.write_wire_scope: net not found
2026-08-15 22:22:38.636 WARN   Wiring.write_wire_scope: net not found
2026-08-15 22:22:38.636 WARN   Wiring.write_wire_scope: net not found
2026-08-15 22:22:38.636 WARN   Wiring.write_wire_scope: net not found
2026-08-15 22:22:38.637 WARN   Wiring.write_wire_scope: net not found
2026-08-15 22:22:38.637 WARN   Wiring.write_wire_scope: net not found
2026-08-15 22:22:38.637 WARN   Wiring.write_wire_scope: net not found
2026-08-15 22:22:38.637 WARN   Wiring.write_wire_scope: net not found
2026-08-15 22:22:38.637 WARN   Wiring.write_wire_scope: net not found
2026-08-15 22:22:42.650 WARN   Wiring.write_wire_scope: net not found
2026-08-15 22:22:42.651 WARN   Wiring.write_wire_scope: net not found
2026-08-15 22:22:42.651 WARN   Wiring.write_wire_scope: net not found
2026-08-15 22:22:42.651 WARN   Wiring.write_wire_scope: net not found
2026-08-15 22:22:42.651 WARN   Wiring.write_wire_scope: net not found
2026-08-15 22:22:42.652 WARN   Wiring.write_wire_scope: net not found
2026-08-15 22:22:42.652 WARN   Wiring.write_wire_scope: net not found
2026-08-15 22:22:42.652 WARN   Wiring.write_wire_scope: net not found
2026-08-15 22:22:42.652 WARN   Wiring.write_wire_scope: net not found
2026-08-15 22:22:42.652 WARN   Wiring.write_wire_scope: net not found
2026-08-15 22:22:42.653 WARN   Wiring.write_wire_scope: net not found
2026-08-15 22:22:42.653 WARN   Wiring.write_wire_scope: net not found
2026-08-15 22:22:42.653 WARN   Wiring.write_wire_scope: net not found
2026-08-15 22:22:42.653 WARN   Wiring.write_wire_scope: net not found
2026-08-15 22:22:42.653 WARN   Wiring.write_wire_scope: net not found
2026-08-15 22:22:42.654 WARN   Wiring.write_wire_scope: net not found
2026-08-15 22:22:42.654 WARN   Wiring.write_wire_scope: net not found
2026-08-15 22:22:42.654 WARN   Wiring.write_wire_scope: net not found
2026-08-15 22:22:42.654 WARN   Wiring.write_wire_scope: net not found
2026-08-15 22:22:42.654 WARN   Wiring.write_wire_scope: net not found
2026-08-15 22:22:42.654 WARN   Wiring.write_wire_scope: net not found
2026-08-15 22:22:42.655 WARN   Wiring.write_wire_scope: net not found
2026-08-15 22:22:42.655 WARN   Wiring.write_wire_scope: net not found
2026-08-15 22:22:42.655 WARN   Wiring.write_wire_scope: net not found
2026-08-15 22:22:42.655 WARN   Wiring.write_wire_scope: net not found
2026-08-15 22:22:42.655 WARN   Wiring.write_wire_scope: net not found
2026-08-15 22:22:42.655 WARN   Wiring.write_wire_scope: net not found
2026-08-15 22:22:42.656 WARN   Wiring.write_wire_scope: net not found
2026-08-15 22:22:42.656 WARN   Wiring.write_wire_scope: net not found
2026-08-15 22:22:42.656 WARN   Wiring.write_wire_scope: net not found
2026-08-15 22:22:42.656 WARN   Wiring.write_wire_scope: net not found
2026-08-15 22:22:42.656 WARN   Wiring.write_wire_scope: net not found
2026-08-15 22:22:42.656 WARN   Wiring.write_wire_scope: net not found
2026-08-15 22:22:42.656 WARN   Wiring.write_wire_scope: net not found
2026-08-15 22:22:42.657 WARN   Wiring.write_wire_scope: net not found
2026-08-15 22:22:42.657 WARN   Wiring.write_wire_scope: net not found
2026-08-15 22:22:42.657 WARN   Wiring.write_wire_scope: net not found
2026-08-15 22:22:42.657 WARN   Wiring.write_wire_scope: net not found
2026-08-15 22:22:42.658 WARN   Wiring.write_wire_scope: net not found
2026-08-15 22:22:42.658 WARN   Wiring.write_wire_scope: net not found
2026-08-15 22:22:42.658 WARN   Wiring.write_wire_scope: net not found
2026-08-15 22:22:42.658 WARN   Wiring.write_wire_scope: net not found
2026-08-15 22:22:42.658 WARN   Wiring.write_wire_scope: net not found
2026-08-15 22:22:42.658 WARN   Wiring.write_wire_scope: net not found
2026-08-15 22:22:42.658 WARN   Wiring.write_wire_scope: net not found
2026-08-15 22:22:42.658 WARN   Wiring.write_wire_scope: net not found
2026-08-15 22:22:42.659 WARN   Wiring.write_wire_scope: net not found
2026-08-15 22:22:42.659 WARN   Wiring.write_wire_scope: net not found
2026-08-15 22:22:42.659 WARN   Wiring.write_wire_scope: net not found
2026-08-15 22:22:42.659 WARN   Wiring.write_wire_scope: net not found
2026-08-15 22:22:42.659 WARN   Wiring.write_wire_scope: net not found
2026-08-15 22:22:42.660 WARN   Wiring.write_wire_scope: net not found
2026-08-15 22:22:42.660 WARN   Wiring.write_wire_scope: net not found
2026-08-15 22:22:42.660 WARN   Wiring.write_wire_scope: net not found
2026-08-15 22:22:42.660 WARN   Wiring.write_wire_scope: net not found
2026-08-15 22:22:42.660 WARN   Wiring.write_wire_scope: net not found
2026-08-15 22:22:42.660 WARN   Wiring.write_wire_scope: net not found
2026-08-15 22:22:42.660 WARN   Wiring.write_wire_scope: net not found
2026-08-15 22:22:46.637 WARN   Wiring.write_wire_scope: net not found
2026-08-15 22:22:46.637 WARN   Wiring.write_wire_scope: net not found
2026-08-15 22:22:46.638 WARN   Wiring.write_wire_scope: net not found
2026-08-15 22:22:46.638 WARN   Wiring.write_wire_scope: net not found
2026-08-15 22:22:46.638 WARN   Wiring.write_wire_scope: net not found
2026-08-15 22:22:46.639 WARN   Wiring.write_wire_scope: net not found
2026-08-15 22:22:46.639 WARN   Wiring.write_wire_scope: net not found
2026-08-15 22:22:46.639 WARN   Wiring.write_wire_scope: net not found
2026-08-15 22:22:46.639 WARN   Wiring.write_wire_scope: net not found
2026-08-15 22:22:46.639 WARN   Wiring.write_wire_scope: net not found
2026-08-15 22:22:46.639 WARN   Wiring.write_wire_scope: net not found
2026-08-15 22:22:46.640 WARN   Wiring.write_wire_scope: net not found
2026-08-15 22:22:46.640 WARN   Wiring.write_wire_scope: net not found
2026-08-15 22:22:46.640 WARN   Wiring.write_wire_scope: net not found
2026-08-15 22:22:46.640 WARN   Wiring.write_wire_scope: net not found
2026-08-15 22:22:46.640 WARN   Wiring.write_wire_scope: net not found
2026-08-15 22:22:46.641 WARN   Wiring.write_wire_scope: net not found
2026-08-15 22:22:46.641 WARN   Wiring.write_wire_scope: net not found
2026-08-15 22:22:46.641 WARN   Wiring.write_wire_scope: net not found
2026-08-15 22:22:46.641 WARN   Wiring.write_wire_scope: net not found
2026-08-15 22:22:46.641 WARN   Wiring.write_wire_scope: net not found
2026-08-15 22:22:46.641 WARN   Wiring.write_wire_scope: net not found
2026-08-15 22:22:46.642 WARN   Wiring.write_wire_scope: net not found
2026-08-15 22:22:46.642 WARN   Wiring.write_wire_scope: net not found
2026-08-15 22:22:46.642 WARN   Wiring.write_wire_scope: net not found
2026-08-15 22:22:46.642 WARN   Wiring.write_wire_scope: net not found
2026-08-15 22:22:46.642 WARN   Wiring.write_wire_scope: net not found
2026-08-15 22:22:46.642 WARN   Wiring.write_wire_scope: net not found
2026-08-15 22:22:46.643 WARN   Wiring.write_wire_scope: net not found
2026-08-15 22:22:46.643 WARN   Wiring.write_wire_scope: net not found
2026-08-15 22:22:46.643 WARN   Wiring.write_wire_scope: net not found
2026-08-15 22:22:46.643 WARN   Wiring.write_wire_scope: net not found
2026-08-15 22:22:46.643 WARN   Wiring.write_wire_scope: net not found
2026-08-15 22:22:46.643 WARN   Wiring.write_wire_scope: net not found
2026-08-15 22:22:46.644 WARN   Wiring.write_wire_scope: net not found
2026-08-15 22:22:46.644 WARN   Wiring.write_wire_scope: net not found
2026-08-15 22:22:46.644 WARN   Wiring.write_wire_scope: net not found
2026-08-15 22:22:46.644 WARN   Wiring.write_wire_scope: net not found
2026-08-15 22:22:46.644 WARN   Wiring.write_wire_scope: net not found
2026-08-15 22:22:46.645 WARN   Wiring.write_wire_scope: net not found
2026-08-15 22:22:46.645 WARN   Wiring.write_wire_scope: net not found
2026-08-15 22:22:46.645 WARN   Wiring.write_wire_scope: net not found
2026-08-15 22:22:46.645 WARN   Wiring.write_wire_scope: net not found
2026-08-15 22:22:46.645 WARN   Wiring.write_wire_scope: net not found
2026-08-15 22:22:46.645 WARN   Wiring.write_wire_scope: net not found
2026-08-15 22:22:46.646 WARN   Wiring.write_wire_scope: net not found
2026-08-15 22:22:46.646 WARN   Wiring.write_wire_scope: net not found
2026-08-15 22:22:46.646 WARN   Wiring.write_wire_scope: net not found
2026-08-15 22:22:46.646 WARN   Wiring.write_wire_scope: net not found
2026-08-15 22:22:46.646 WARN   Wiring.write_wire_scope: net not found
2026-08-15 22:22:46.646 WARN   Wiring.write_wire_scope: net not found
2026-08-15 22:22:46.647 WARN   Wiring.write_wire_scope: net not found
2026-08-15 22:22:46.647 WARN   Wiring.write_wire_scope: net not found
2026-08-15 22:22:46.647 WARN   Wiring.write_wire_scope: net not found
2026-08-15 22:22:46.647 WARN   Wiring.write_wire_scope: net not found
2026-08-15 22:22:46.647 WARN   Wiring.write_wire_scope: net not found
2026-08-15 22:22:46.647 WARN   Wiring.write_wire_scope: net not found
2026-08-15 22:22:46.648 WARN   Wiring.write_wire_scope: net not found
2026-08-15 22:22:50.535 WARN   Wiring.write_wire_scope: net not found
2026-08-15 22:22:50.535 WARN   Wiring.write_wire_scope: net not found
2026-08-15 22:22:50.536 WARN   Wiring.write_wire_scope: net not found
2026-08-15 22:22:50.536 WARN   Wiring.write_wire_scope: net not found
2026-08-15 22:22:50.536 WARN   Wiring.write_wire_scope: net not found
2026-08-15 22:22:50.536 WARN   Wiring.write_wire_scope: net not found
2026-08-15 22:22:50.536 WARN   Wiring.write_wire_scope: net not found
2026-08-15 22:22:50.536 WARN   Wiring.write_wire_scope: net not found
2026-08-15 22:22:50.537 WARN   Wiring.write_wire_scope: net not found
2026-08-15 22:22:50.537 WARN   Wiring.write_wire_scope: net not found
2026-08-15 22:22:50.537 WARN   Wiring.write_wire_scope: net not found
2026-08-15 22:22:50.537 WARN   Wiring.write_wire_scope: net not found
2026-08-15 22:22:50.537 WARN   Wiring.write_wire_scope: net not found
2026-08-15 22:22:50.537 WARN   Wiring.write_wire_scope: net not found
2026-08-15 22:22:50.538 WARN   Wiring.write_wire_scope: net not found
2026-08-15 22:22:50.538 WARN   Wiring.write_wire_scope: net not found
2026-08-15 22:22:50.538 WARN   Wiring.write_wire_scope: net not found
2026-08-15 22:22:50.538 WARN   Wiring.write_wire_scope: net not found
2026-08-15 22:22:50.538 WARN   Wiring.write_wire_scope: net not found
2026-08-15 22:22:50.538 WARN   Wiring.write_wire_scope: net not found
2026-08-15 22:22:50.539 WARN   Wiring.write_wire_scope: net not found
2026-08-15 22:22:50.539 WARN   Wiring.write_wire_scope: net not found
2026-08-15 22:22:50.539 WARN   Wiring.write_wire_scope: net not found
2026-08-15 22:22:50.539 WARN   Wiring.write_wire_scope: net not found
2026-08-15 22:22:50.539 WARN   Wiring.write_wire_scope: net not found
2026-08-15 22:22:50.539 WARN   Wiring.write_wire_scope: net not found
2026-08-15 22:22:50.540 WARN   Wiring.write_wire_scope: net not found
2026-08-15 22:22:50.540 WARN   Wiring.write_wire_scope: net not found
2026-08-15 22:22:50.540 WARN   Wiring.write_wire_scope: net not found
2026-08-15 22:22:50.540 WARN   Wiring.write_wire_scope: net not found
2026-08-15 22:22:50.540 WARN   Wiring.write_wire_scope: net not found
2026-08-15 22:22:50.540 WARN   Wiring.write_wire_scope: net not found
2026-08-15 22:22:50.540 WARN   Wiring.write_wire_scope: net not found
2026-08-15 22:22:50.541 WARN   Wiring.write_wire_scope: net not found
2026-08-15 22:22:50.541 WARN   Wiring.write_wire_scope: net not found
2026-08-15 22:22:50.541 WARN   Wiring.write_wire_scope: net not found
2026-08-15 22:22:50.541 WARN   Wiring.write_wire_scope: net not found
2026-08-15 22:22:50.541 WARN   Wiring.write_wire_scope: net not found
2026-08-15 22:22:50.541 WARN   Wiring.write_wire_scope: net not found
2026-08-15 22:22:50.542 WARN   Wiring.write_wire_scope: net not found
2026-08-15 22:22:50.542 WARN   Wiring.write_wire_scope: net not found
2026-08-15 22:22:50.542 WARN   Wiring.write_wire_scope: net not found
2026-08-15 22:22:50.542 WARN   Wiring.write_wire_scope: net not found
2026-08-15 22:22:50.542 WARN   Wiring.write_wire_scope: net not found
2026-08-15 22:22:50.542 WARN   Wiring.write_wire_scope: net not found
2026-08-15 22:22:50.542 WARN   Wiring.write_wire_scope: net not found
2026-08-15 22:22:50.543 WARN   Wiring.write_wire_scope: net not found
2026-08-15 22:22:50.543 WARN   Wiring.write_wire_scope: net not found
2026-08-15 22:22:50.543 WARN   Wiring.write_wire_scope: net not found
2026-08-15 22:22:50.543 WARN   Wiring.write_wire_scope: net not found
2026-08-15 22:22:50.543 WARN   Wiring.write_wire_scope: net not found
2026-08-15 22:22:50.544 WARN   Wiring.write_wire_scope: net not found
2026-08-15 22:22:50.544 WARN   Wiring.write_wire_scope: net not found
2026-08-15 22:22:50.544 WARN   Wiring.write_wire_scope: net not found
2026-08-15 22:22:50.544 WARN   Wiring.write_wire_scope: net not found
2026-08-15 22:22:50.544 WARN   Wiring.write_wire_scope: net not found
2026-08-15 22:22:50.545 WARN   Wiring.write_wire_scope: net not found
2026-08-15 22:22:50.545 WARN   Wiring.write_wire_scope: net not found
2026-08-15 22:22:54.296 WARN   Wiring.write_wire_scope: net not found
2026-08-15 22:22:54.297 WARN   Wiring.write_wire_scope: net not found
2026-08-15 22:22:54.298 WARN   Wiring.write_wire_scope: net not found
2026-08-15 22:22:54.298 WARN   Wiring.write_wire_scope: net not found
2026-08-15 22:22:54.298 WARN   Wiring.write_wire_scope: net not found
2026-08-15 22:22:54.298 WARN   Wiring.write_wire_scope: net not found
2026-08-15 22:22:54.298 WARN   Wiring.write_wire_scope: net not found
2026-08-15 22:22:54.299 WARN   Wiring.write_wire_scope: net not found
2026-08-15 22:22:54.299 WARN   Wiring.write_wire_scope: net not found
2026-08-15 22:22:54.299 WARN   Wiring.write_wire_scope: net not found
2026-08-15 22:22:54.299 WARN   Wiring.write_wire_scope: net not found
2026-08-15 22:22:54.299 WARN   Wiring.write_wire_scope: net not found
2026-08-15 22:22:54.299 WARN   Wiring.write_wire_scope: net not found
2026-08-15 22:22:54.299 WARN   Wiring.write_wire_scope: net not found
2026-08-15 22:22:54.309 WARN   Wiring.write_wire_scope: net not found
2026-08-15 22:22:54.309 WARN   Wiring.write_wire_scope: net not found
2026-08-15 22:22:54.309 WARN   Wiring.write_wire_scope: net not found
2026-08-15 22:22:54.309 WARN   Wiring.write_wire_scope: net not found
2026-08-15 22:22:54.309 WARN   Wiring.write_wire_scope: net not found
2026-08-15 22:22:54.310 WARN   Wiring.write_wire_scope: net not found
2026-08-15 22:22:54.310 WARN   Wiring.write_wire_scope: net not found
2026-08-15 22:22:54.310 WARN   Wiring.write_wire_scope: net not found
2026-08-15 22:22:54.315 WARN   Wiring.write_wire_scope: net not found
2026-08-15 22:22:54.315 WARN   Wiring.write_wire_scope: net not found
2026-08-15 22:22:54.316 WARN   Wiring.write_wire_scope: net not found
2026-08-15 22:22:54.316 WARN   Wiring.write_wire_scope: net not found
2026-08-15 22:22:54.316 WARN   Wiring.write_wire_scope: net not found
2026-08-15 22:22:54.316 WARN   Wiring.write_wire_scope: net not found
2026-08-15 22:22:54.316 WARN   Wiring.write_wire_scope: net not found
2026-08-15 22:22:54.316 WARN   Wiring.write_wire_scope: net not found
2026-08-15 22:22:54.317 WARN   Wiring.write_wire_scope: net not found
2026-08-15 22:22:54.317 WARN   Wiring.write_wire_scope: net not found
2026-08-15 22:22:54.317 WARN   Wiring.write_wire_scope: net not found
2026-08-15 22:22:54.317 WARN   Wiring.write_wire_scope: net not found
2026-08-15 22:22:54.317 WARN   Wiring.write_wire_scope: net not found
2026-08-15 22:22:54.317 WARN   Wiring.write_wire_scope: net not found
2026-08-15 22:22:54.318 WARN   Wiring.write_wire_scope: net not found
2026-08-15 22:22:54.318 WARN   Wiring.write_wire_scope: net not found
2026-08-15 22:22:54.318 WARN   Wiring.write_wire_scope: net not found
2026-08-15 22:22:54.318 WARN   Wiring.write_wire_scope: net not found
2026-08-15 22:22:54.318 WARN   Wiring.write_wire_scope: net not found
2026-08-15 22:22:54.319 WARN   Wiring.write_wire_scope: net not found
2026-08-15 22:22:54.319 WARN   Wiring.write_wire_scope: net not found
2026-08-15 22:22:54.319 WARN   Wiring.write_wire_scope: net not found
2026-08-15 22:22:54.319 WARN   Wiring.write_wire_scope: net not found
2026-08-15 22:22:54.324 WARN   Wiring.write_wire_scope: net not found
2026-08-15 22:22:54.324 WARN   Wiring.write_wire_scope: net not found
2026-08-15 22:22:54.325 WARN   Wiring.write_wire_scope: net not found
2026-08-15 22:22:54.325 WARN   Wiring.write_wire_scope: net not found
2026-08-15 22:22:54.325 WARN   Wiring.write_wire_scope: net not found
2026-08-15 22:22:54.325 WARN   Wiring.write_wire_scope: net not found
2026-08-15 22:22:54.325 WARN   Wiring.write_wire_scope: net not found
2026-08-15 22:22:54.325 WARN   Wiring.write_wire_scope: net not found
2026-08-15 22:22:54.325 WARN   Wiring.write_wire_scope: net not found
2026-08-15 22:22:54.326 WARN   Wiring.write_wire_scope: net not found
2026-08-15 22:22:54.326 WARN   Wiring.write_wire_scope: net not found
2026-08-15 22:22:54.326 WARN   Wiring.write_wire_scope: net not found
2026-08-15 22:22:54.326 WARN   Wiring.write_wire_scope: net not found
2026-08-15 22:22:58.272 WARN   Wiring.write_wire_scope: net not found
2026-08-15 22:22:58.285 WARN   Wiring.write_wire_scope: net not found
2026-08-15 22:22:58.285 WARN   Wiring.write_wire_scope: net not found
2026-08-15 22:22:58.285 WARN   Wiring.write_wire_scope: net not found
2026-08-15 22:22:58.285 WARN   Wiring.write_wire_scope: net not found
2026-08-15 22:22:58.286 WARN   Wiring.write_wire_scope: net not found
2026-08-15 22:22:58.286 WARN   Wiring.write_wire_scope: net not found
2026-08-15 22:22:58.286 WARN   Wiring.write_wire_scope: net not found
2026-08-15 22:22:58.286 WARN   Wiring.write_wire_scope: net not found
2026-08-15 22:22:58.286 WARN   Wiring.write_wire_scope: net not found
2026-08-15 22:22:58.286 WARN   Wiring.write_wire_scope: net not found
2026-08-15 22:22:58.286 WARN   Wiring.write_wire_scope: net not found
2026-08-15 22:22:58.287 WARN   Wiring.write_wire_scope: net not found
2026-08-15 22:22:58.287 WARN   Wiring.write_wire_scope: net not found
2026-08-15 22:22:58.287 WARN   Wiring.write_wire_scope: net not found
2026-08-15 22:22:58.287 WARN   Wiring.write_wire_scope: net not found
2026-08-15 22:22:58.287 WARN   Wiring.write_wire_scope: net not found
2026-08-15 22:22:58.288 WARN   Wiring.write_wire_scope: net not found
2026-08-15 22:22:58.288 WARN   Wiring.write_wire_scope: net not found
2026-08-15 22:22:58.293 WARN   Wiring.write_wire_scope: net not found
2026-08-15 22:22:58.293 WARN   Wiring.write_wire_scope: net not found
2026-08-15 22:22:58.293 WARN   Wiring.write_wire_scope: net not found
2026-08-15 22:22:58.293 WARN   Wiring.write_wire_scope: net not found
2026-08-15 22:22:58.294 WARN   Wiring.write_wire_scope: net not found
2026-08-15 22:22:58.294 WARN   Wiring.write_wire_scope: net not found
2026-08-15 22:22:58.294 WARN   Wiring.write_wire_scope: net not found
2026-08-15 22:22:58.294 WARN   Wiring.write_wire_scope: net not found
2026-08-15 22:22:58.294 WARN   Wiring.write_wire_scope: net not found
2026-08-15 22:22:58.294 WARN   Wiring.write_wire_scope: net not found
2026-08-15 22:22:58.294 WARN   Wiring.write_wire_scope: net not found
2026-08-15 22:22:58.295 WARN   Wiring.write_wire_scope: net not found
2026-08-15 22:22:58.295 WARN   Wiring.write_wire_scope: net not found
2026-08-15 22:22:58.295 WARN   Wiring.write_wire_scope: net not found
2026-08-15 22:22:58.295 WARN   Wiring.write_wire_scope: net not found
2026-08-15 22:22:58.295 WARN   Wiring.write_wire_scope: net not found
2026-08-15 22:22:58.295 WARN   Wiring.write_wire_scope: net not found
2026-08-15 22:22:58.296 WARN   Wiring.write_wire_scope: net not found
2026-08-15 22:22:58.296 WARN   Wiring.write_wire_scope: net not found
2026-08-15 22:22:58.296 WARN   Wiring.write_wire_scope: net not found
2026-08-15 22:22:58.296 WARN   Wiring.write_wire_scope: net not found
2026-08-15 22:22:58.296 WARN   Wiring.write_wire_scope: net not found
2026-08-15 22:22:58.296 WARN   Wiring.write_wire_scope: net not found
2026-08-15 22:22:58.297 WARN   Wiring.write_wire_scope: net not found
2026-08-15 22:22:58.297 WARN   Wiring.write_wire_scope: net not found
2026-08-15 22:22:58.297 WARN   Wiring.write_wire_scope: net not found
2026-08-15 22:22:58.297 WARN   Wiring.write_wire_scope: net not found
2026-08-15 22:22:58.297 WARN   Wiring.write_wire_scope: net not found
2026-08-15 22:22:58.297 WARN   Wiring.write_wire_scope: net not found
2026-08-15 22:22:58.297 WARN   Wiring.write_wire_scope: net not found
2026-08-15 22:22:58.298 WARN   Wiring.write_wire_scope: net not found
2026-08-15 22:22:58.298 WARN   Wiring.write_wire_scope: net not found
2026-08-15 22:22:58.298 WARN   Wiring.write_wire_scope: net not found
2026-08-15 22:22:58.298 WARN   Wiring.write_wire_scope: net not found
2026-08-15 22:22:58.298 WARN   Wiring.write_wire_scope: net not found
2026-08-15 22:22:58.298 WARN   Wiring.write_wire_scope: net not found
2026-08-15 22:22:58.299 WARN   Wiring.write_wire_scope: net not found
2026-08-15 22:22:58.299 WARN   Wiring.write_wire_scope: net not found
2026-08-15 22:22:58.299 WARN   Wiring.write_wire_scope: net not found
2026-08-15 22:23:02.049 WARN   Wiring.write_wire_scope: net not found
2026-08-15 22:23:02.050 WARN   Wiring.write_wire_scope: net not found
2026-08-15 22:23:02.050 WARN   Wiring.write_wire_scope: net not found
2026-08-15 22:23:02.051 WARN   Wiring.write_wire_scope: net not found
2026-08-15 22:23:02.051 WARN   Wiring.write_wire_scope: net not found
2026-08-15 22:23:02.051 WARN   Wiring.write_wire_scope: net not found
2026-08-15 22:23:02.051 WARN   Wiring.write_wire_scope: net not found
2026-08-15 22:23:02.051 WARN   Wiring.write_wire_scope: net not found
2026-08-15 22:23:02.051 WARN   Wiring.write_wire_scope: net not found
2026-08-15 22:23:02.052 WARN   Wiring.write_wire_scope: net not found
2026-08-15 22:23:02.052 WARN   Wiring.write_wire_scope: net not found
2026-08-15 22:23:02.052 WARN   Wiring.write_wire_scope: net not found
2026-08-15 22:23:02.052 WARN   Wiring.write_wire_scope: net not found
2026-08-15 22:23:02.052 WARN   Wiring.write_wire_scope: net not found
2026-08-15 22:23:02.052 WARN   Wiring.write_wire_scope: net not found
2026-08-15 22:23:02.053 WARN   Wiring.write_wire_scope: net not found
2026-08-15 22:23:02.053 WARN   Wiring.write_wire_scope: net not found
2026-08-15 22:23:02.053 WARN   Wiring.write_wire_scope: net not found
2026-08-15 22:23:02.053 WARN   Wiring.write_wire_scope: net not found
2026-08-15 22:23:02.053 WARN   Wiring.write_wire_scope: net not found
2026-08-15 22:23:02.054 WARN   Wiring.write_wire_scope: net not found
2026-08-15 22:23:02.054 WARN   Wiring.write_wire_scope: net not found
2026-08-15 22:23:02.054 WARN   Wiring.write_wire_scope: net not found
2026-08-15 22:23:02.054 WARN   Wiring.write_wire_scope: net not found
2026-08-15 22:23:02.054 WARN   Wiring.write_wire_scope: net not found
2026-08-15 22:23:02.054 WARN   Wiring.write_wire_scope: net not found
2026-08-15 22:23:02.054 WARN   Wiring.write_wire_scope: net not found
2026-08-15 22:23:02.055 WARN   Wiring.write_wire_scope: net not found
2026-08-15 22:23:02.055 WARN   Wiring.write_wire_scope: net not found
2026-08-15 22:23:02.055 WARN   Wiring.write_wire_scope: net not found
2026-08-15 22:23:02.055 WARN   Wiring.write_wire_scope: net not found
2026-08-15 22:23:02.055 WARN   Wiring.write_wire_scope: net not found
2026-08-15 22:23:02.055 WARN   Wiring.write_wire_scope: net not found
2026-08-15 22:23:02.056 WARN   Wiring.write_wire_scope: net not found
2026-08-15 22:23:02.056 WARN   Wiring.write_wire_scope: net not found
2026-08-15 22:23:02.056 WARN   Wiring.write_wire_scope: net not found
2026-08-15 22:23:02.056 WARN   Wiring.write_wire_scope: net not found
2026-08-15 22:23:02.056 WARN   Wiring.write_wire_scope: net not found
2026-08-15 22:23:02.056 WARN   Wiring.write_wire_scope: net not found
2026-08-15 22:23:02.057 WARN   Wiring.write_wire_scope: net not found
2026-08-15 22:23:02.057 WARN   Wiring.write_wire_scope: net not found
2026-08-15 22:23:02.057 WARN   Wiring.write_wire_scope: net not found
2026-08-15 22:23:02.057 WARN   Wiring.write_wire_scope: net not found
2026-08-15 22:23:02.057 WARN   Wiring.write_wire_scope: net not found
2026-08-15 22:23:02.057 WARN   Wiring.write_wire_scope: net not found
2026-08-15 22:23:02.058 WARN   Wiring.write_wire_scope: net not found
2026-08-15 22:23:02.058 WARN   Wiring.write_wire_scope: net not found
2026-08-15 22:23:02.058 WARN   Wiring.write_wire_scope: net not found
2026-08-15 22:23:02.058 WARN   Wiring.write_wire_scope: net not found
2026-08-15 22:23:02.058 WARN   Wiring.write_wire_scope: net not found
2026-08-15 22:23:02.058 WARN   Wiring.write_wire_scope: net not found
2026-08-15 22:23:02.058 WARN   Wiring.write_wire_scope: net not found
2026-08-15 22:23:02.059 WARN   Wiring.write_wire_scope: net not found
2026-08-15 22:23:02.059 WARN   Wiring.write_wire_scope: net not found
2026-08-15 22:23:02.059 WARN   Wiring.write_wire_scope: net not found
2026-08-15 22:23:02.059 WARN   Wiring.write_wire_scope: net not found
2026-08-15 22:23:02.059 WARN   Wiring.write_wire_scope: net not found
2026-08-15 22:23:02.059 WARN   Wiring.write_wire_scope: net not found
2026-08-15 22:23:05.719 WARN   Wiring.write_wire_scope: net not found
2026-08-15 22:23:05.720 WARN   Wiring.write_wire_scope: net not found
2026-08-15 22:23:05.720 WARN   Wiring.write_wire_scope: net not found
2026-08-15 22:23:05.720 WARN   Wiring.write_wire_scope: net not found
2026-08-15 22:23:05.720 WARN   Wiring.write_wire_scope: net not found
2026-08-15 22:23:05.720 WARN   Wiring.write_wire_scope: net not found
2026-08-15 22:23:05.721 WARN   Wiring.write_wire_scope: net not found
2026-08-15 22:23:05.721 WARN   Wiring.write_wire_scope: net not found
2026-08-15 22:23:05.721 WARN   Wiring.write_wire_scope: net not found
2026-08-15 22:23:05.721 WARN   Wiring.write_wire_scope: net not found
2026-08-15 22:23:05.721 WARN   Wiring.write_wire_scope: net not found
2026-08-15 22:23:05.721 WARN   Wiring.write_wire_scope: net not found
2026-08-15 22:23:05.722 WARN   Wiring.write_wire_scope: net not found
2026-08-15 22:23:05.722 WARN   Wiring.write_wire_scope: net not found
2026-08-15 22:23:05.722 WARN   Wiring.write_wire_scope: net not found
2026-08-15 22:23:05.722 WARN   Wiring.write_wire_scope: net not found
2026-08-15 22:23:05.722 WARN   Wiring.write_wire_scope: net not found
2026-08-15 22:23:05.722 WARN   Wiring.write_wire_scope: net not found
2026-08-15 22:23:05.723 WARN   Wiring.write_wire_scope: net not found
2026-08-15 22:23:05.723 WARN   Wiring.write_wire_scope: net not found
2026-08-15 22:23:05.723 WARN   Wiring.write_wire_scope: net not found
2026-08-15 22:23:05.723 WARN   Wiring.write_wire_scope: net not found
2026-08-15 22:23:05.723 WARN   Wiring.write_wire_scope: net not found
2026-08-15 22:23:05.723 WARN   Wiring.write_wire_scope: net not found
2026-08-15 22:23:05.724 WARN   Wiring.write_wire_scope: net not found
2026-08-15 22:23:05.724 WARN   Wiring.write_wire_scope: net not found
2026-08-15 22:23:05.724 WARN   Wiring.write_wire_scope: net not found
2026-08-15 22:23:05.724 WARN   Wiring.write_wire_scope: net not found
2026-08-15 22:23:05.724 WARN   Wiring.write_wire_scope: net not found
2026-08-15 22:23:05.724 WARN   Wiring.write_wire_scope: net not found
2026-08-15 22:23:05.725 WARN   Wiring.write_wire_scope: net not found
2026-08-15 22:23:05.725 WARN   Wiring.write_wire_scope: net not found
2026-08-15 22:23:05.725 WARN   Wiring.write_wire_scope: net not found
2026-08-15 22:23:05.725 WARN   Wiring.write_wire_scope: net not found
2026-08-15 22:23:05.725 WARN   Wiring.write_wire_scope: net not found
2026-08-15 22:23:05.725 WARN   Wiring.write_wire_scope: net not found
2026-08-15 22:23:05.726 WARN   Wiring.write_wire_scope: net not found
2026-08-15 22:23:05.726 WARN   Wiring.write_wire_scope: net not found
2026-08-15 22:23:05.726 WARN   Wiring.write_wire_scope: net not found
2026-08-15 22:23:05.726 WARN   Wiring.write_wire_scope: net not found
2026-08-15 22:23:05.726 WARN   Wiring.write_wire_scope: net not found
2026-08-15 22:23:05.726 WARN   Wiring.write_wire_scope: net not found
2026-08-15 22:23:05.727 WARN   Wiring.write_wire_scope: net not found
2026-08-15 22:23:05.727 WARN   Wiring.write_wire_scope: net not found
2026-08-15 22:23:05.727 WARN   Wiring.write_wire_scope: net not found
2026-08-15 22:23:05.727 WARN   Wiring.write_wire_scope: net not found
2026-08-15 22:23:05.727 WARN   Wiring.write_wire_scope: net not found
2026-08-15 22:23:05.727 WARN   Wiring.write_wire_scope: net not found
2026-08-15 22:23:05.728 WARN   Wiring.write_wire_scope: net not found
2026-08-15 22:23:05.728 WARN   Wiring.write_wire_scope: net not found
2026-08-15 22:23:05.728 WARN   Wiring.write_wire_scope: net not found
2026-08-15 22:23:05.728 WARN   Wiring.write_wire_scope: net not found
2026-08-15 22:23:05.728 WARN   Wiring.write_wire_scope: net not found
2026-08-15 22:23:05.728 WARN   Wiring.write_wire_scope: net not found
2026-08-15 22:23:05.729 WARN   Wiring.write_wire_scope: net not found
2026-08-15 22:23:05.729 WARN   Wiring.write_wire_scope: net not found
2026-08-15 22:23:05.729 WARN   Wiring.write_wire_scope: net not found
2026-08-15 22:23:05.729 WARN   Wiring.write_wire_scope: net not found
2026-08-15 22:23:10.265 WARN   Wiring.write_wire_scope: net not found
2026-08-15 22:23:10.267 WARN   Wiring.write_wire_scope: net not found
2026-08-15 22:23:10.267 WARN   Wiring.write_wire_scope: net not found
2026-08-15 22:23:10.267 WARN   Wiring.write_wire_scope: net not found
2026-08-15 22:23:10.267 WARN   Wiring.write_wire_scope: net not found
2026-08-15 22:23:10.268 WARN   Wiring.write_wire_scope: net not found
2026-08-15 22:23:10.268 WARN   Wiring.write_wire_scope: net not found
2026-08-15 22:23:10.268 WARN   Wiring.write_wire_scope: net not found
2026-08-15 22:23:10.268 WARN   Wiring.write_wire_scope: net not found
2026-08-15 22:23:10.268 WARN   Wiring.write_wire_scope: net not found
2026-08-15 22:23:10.268 WARN   Wiring.write_wire_scope: net not found
2026-08-15 22:23:10.269 WARN   Wiring.write_wire_scope: net not found
2026-08-15 22:23:10.269 WARN   Wiring.write_wire_scope: net not found
2026-08-15 22:23:10.269 WARN   Wiring.write_wire_scope: net not found
2026-08-15 22:23:10.269 WARN   Wiring.write_wire_scope: net not found
2026-08-15 22:23:10.269 WARN   Wiring.write_wire_scope: net not found
2026-08-15 22:23:10.269 WARN   Wiring.write_wire_scope: net not found
2026-08-15 22:23:10.270 WARN   Wiring.write_wire_scope: net not found
2026-08-15 22:23:10.270 WARN   Wiring.write_wire_scope: net not found
2026-08-15 22:23:10.270 WARN   Wiring.write_wire_scope: net not found
2026-08-15 22:23:10.270 WARN   Wiring.write_wire_scope: net not found
2026-08-15 22:23:10.270 WARN   Wiring.write_wire_scope: net not found
2026-08-15 22:23:10.271 WARN   Wiring.write_wire_scope: net not found
2026-08-15 22:23:10.271 WARN   Wiring.write_wire_scope: net not found
2026-08-15 22:23:10.271 WARN   Wiring.write_wire_scope: net not found
2026-08-15 22:23:10.271 WARN   Wiring.write_wire_scope: net not found
2026-08-15 22:23:10.271 WARN   Wiring.write_wire_scope: net not found
2026-08-15 22:23:10.271 WARN   Wiring.write_wire_scope: net not found
2026-08-15 22:23:10.271 WARN   Wiring.write_wire_scope: net not found
2026-08-15 22:23:10.272 WARN   Wiring.write_wire_scope: net not found
2026-08-15 22:23:10.272 WARN   Wiring.write_wire_scope: net not found
2026-08-15 22:23:10.272 WARN   Wiring.write_wire_scope: net not found
2026-08-15 22:23:10.272 WARN   Wiring.write_wire_scope: net not found
2026-08-15 22:23:10.272 WARN   Wiring.write_wire_scope: net not found
2026-08-15 22:23:10.272 WARN   Wiring.write_wire_scope: net not found
2026-08-15 22:23:10.273 WARN   Wiring.write_wire_scope: net not found
2026-08-15 22:23:10.273 WARN   Wiring.write_wire_scope: net not found
2026-08-15 22:23:10.273 WARN   Wiring.write_wire_scope: net not found
2026-08-15 22:23:10.273 WARN   Wiring.write_wire_scope: net not found
2026-08-15 22:23:10.273 WARN   Wiring.write_wire_scope: net not found
2026-08-15 22:23:10.274 WARN   Wiring.write_wire_scope: net not found
2026-08-15 22:23:10.274 WARN   Wiring.write_wire_scope: net not found
2026-08-15 22:23:10.274 WARN   Wiring.write_wire_scope: net not found
2026-08-15 22:23:10.274 WARN   Wiring.write_wire_scope: net not found
2026-08-15 22:23:10.274 WARN   Wiring.write_wire_scope: net not found
2026-08-15 22:23:10.275 WARN   Wiring.write_wire_scope: net not found
2026-08-15 22:23:10.275 WARN   Wiring.write_wire_scope: net not found
2026-08-15 22:23:10.275 WARN   Wiring.write_wire_scope: net not found
2026-08-15 22:23:10.275 WARN   Wiring.write_wire_scope: net not found
2026-08-15 22:23:10.276 WARN   Wiring.write_wire_scope: net not found
2026-08-15 22:23:10.276 WARN   Wiring.write_wire_scope: net not found
2026-08-15 22:23:10.276 WARN   Wiring.write_wire_scope: net not found
2026-08-15 22:23:10.276 WARN   Wiring.write_wire_scope: net not found
2026-08-15 22:23:10.276 WARN   Wiring.write_wire_scope: net not found
2026-08-15 22:23:10.277 WARN   Wiring.write_wire_scope: net not found
2026-08-15 22:23:10.277 WARN   Wiring.write_wire_scope: net not found
2026-08-15 22:23:10.277 WARN   Wiring.write_wire_scope: net not found
2026-08-15 22:23:10.277 WARN   Wiring.write_wire_scope: net not found
2026-08-15 22:23:14.101 WARN   Wiring.write_wire_scope: net not found
2026-08-15 22:23:14.106 WARN   Wiring.write_wire_scope: net not found
2026-08-15 22:23:14.106 WARN   Wiring.write_wire_scope: net not found
2026-08-15 22:23:14.107 WARN   Wiring.write_wire_scope: net not found
2026-08-15 22:23:14.107 WARN   Wiring.write_wire_scope: net not found
2026-08-15 22:23:14.107 WARN   Wiring.write_wire_scope: net not found
2026-08-15 22:23:14.107 WARN   Wiring.write_wire_scope: net not found
2026-08-15 22:23:14.112 WARN   Wiring.write_wire_scope: net not found
2026-08-15 22:23:14.112 WARN   Wiring.write_wire_scope: net not found
2026-08-15 22:23:14.112 WARN   Wiring.write_wire_scope: net not found
2026-08-15 22:23:14.112 WARN   Wiring.write_wire_scope: net not found
2026-08-15 22:23:14.112 WARN   Wiring.write_wire_scope: net not found
2026-08-15 22:23:14.112 WARN   Wiring.write_wire_scope: net not found
2026-08-15 22:23:14.113 WARN   Wiring.write_wire_scope: net not found
2026-08-15 22:23:14.113 WARN   Wiring.write_wire_scope: net not found
2026-08-15 22:23:14.113 WARN   Wiring.write_wire_scope: net not found
2026-08-15 22:23:14.113 WARN   Wiring.write_wire_scope: net not found
2026-08-15 22:23:14.113 WARN   Wiring.write_wire_scope: net not found
2026-08-15 22:23:14.113 WARN   Wiring.write_wire_scope: net not found
2026-08-15 22:23:14.114 WARN   Wiring.write_wire_scope: net not found
2026-08-15 22:23:14.114 WARN   Wiring.write_wire_scope: net not found
2026-08-15 22:23:14.114 WARN   Wiring.write_wire_scope: net not found
2026-08-15 22:23:14.114 WARN   Wiring.write_wire_scope: net not found
2026-08-15 22:23:14.114 WARN   Wiring.write_wire_scope: net not found
2026-08-15 22:23:14.114 WARN   Wiring.write_wire_scope: net not found
2026-08-15 22:23:14.115 WARN   Wiring.write_wire_scope: net not found
2026-08-15 22:23:14.115 WARN   Wiring.write_wire_scope: net not found
2026-08-15 22:23:14.115 WARN   Wiring.write_wire_scope: net not found
2026-08-15 22:23:14.115 WARN   Wiring.write_wire_scope: net not found
2026-08-15 22:23:14.115 WARN   Wiring.write_wire_scope: net not found
2026-08-15 22:23:14.115 WARN   Wiring.write_wire_scope: net not found
2026-08-15 22:23:14.116 WARN   Wiring.write_wire_scope: net not found
2026-08-15 22:23:14.116 WARN   Wiring.write_wire_scope: net not found
2026-08-15 22:23:14.116 WARN   Wiring.write_wire_scope: net not found
2026-08-15 22:23:14.116 WARN   Wiring.write_wire_scope: net not found
2026-08-15 22:23:14.116 WARN   Wiring.write_wire_scope: net not found
2026-08-15 22:23:14.116 WARN   Wiring.write_wire_scope: net not found
2026-08-15 22:23:14.117 WARN   Wiring.write_wire_scope: net not found
2026-08-15 22:23:14.117 WARN   Wiring.write_wire_scope: net not found
2026-08-15 22:23:14.117 WARN   Wiring.write_wire_scope: net not found
2026-08-15 22:23:14.117 WARN   Wiring.write_wire_scope: net not found
2026-08-15 22:23:14.117 WARN   Wiring.write_wire_scope: net not found
2026-08-15 22:23:14.117 WARN   Wiring.write_wire_scope: net not found
2026-08-15 22:23:14.118 WARN   Wiring.write_wire_scope: net not found
2026-08-15 22:23:14.118 WARN   Wiring.write_wire_scope: net not found
2026-08-15 22:23:14.118 WARN   Wiring.write_wire_scope: net not found
2026-08-15 22:23:14.118 WARN   Wiring.write_wire_scope: net not found
2026-08-15 22:23:14.118 WARN   Wiring.write_wire_scope: net not found
2026-08-15 22:23:14.118 WARN   Wiring.write_wire_scope: net not found
2026-08-15 22:23:14.119 WARN   Wiring.write_wire_scope: net not found
2026-08-15 22:23:14.119 WARN   Wiring.write_wire_scope: net not found
2026-08-15 22:23:14.119 WARN   Wiring.write_wire_scope: net not found
2026-08-15 22:23:14.119 WARN   Wiring.write_wire_scope: net not found
2026-08-15 22:23:14.119 WARN   Wiring.write_wire_scope: net not found
2026-08-15 22:23:14.119 WARN   Wiring.write_wire_scope: net not found
2026-08-15 22:23:14.120 WARN   Wiring.write_wire_scope: net not found
2026-08-15 22:23:14.120 WARN   Wiring.write_wire_scope: net not found
2026-08-15 22:23:14.120 WARN   Wiring.write_wire_scope: net not found
2026-08-15 22:23:17.872 WARN   Wiring.write_wire_scope: net not found
2026-08-15 22:23:17.872 WARN   Wiring.write_wire_scope: net not found
2026-08-15 22:23:17.872 WARN   Wiring.write_wire_scope: net not found
2026-08-15 22:23:17.872 WARN   Wiring.write_wire_scope: net not found
2026-08-15 22:23:17.873 WARN   Wiring.write_wire_scope: net not found
2026-08-15 22:23:17.873 WARN   Wiring.write_wire_scope: net not found
2026-08-15 22:23:17.873 WARN   Wiring.write_wire_scope: net not found
2026-08-15 22:23:17.873 WARN   Wiring.write_wire_scope: net not found
2026-08-15 22:23:17.873 WARN   Wiring.write_wire_scope: net not found
2026-08-15 22:23:17.873 WARN   Wiring.write_wire_scope: net not found
2026-08-15 22:23:17.874 WARN   Wiring.write_wire_scope: net not found
2026-08-15 22:23:17.874 WARN   Wiring.write_wire_scope: net not found
2026-08-15 22:23:17.874 WARN   Wiring.write_wire_scope: net not found
2026-08-15 22:23:17.874 WARN   Wiring.write_wire_scope: net not found
2026-08-15 22:23:17.874 WARN   Wiring.write_wire_scope: net not found
2026-08-15 22:23:17.874 WARN   Wiring.write_wire_scope: net not found
2026-08-15 22:23:17.874 WARN   Wiring.write_wire_scope: net not found
2026-08-15 22:23:17.874 WARN   Wiring.write_wire_scope: net not found
2026-08-15 22:23:17.874 WARN   Wiring.write_wire_scope: net not found
2026-08-15 22:23:17.874 WARN   Wiring.write_wire_scope: net not found
2026-08-15 22:23:17.875 WARN   Wiring.write_wire_scope: net not found
2026-08-15 22:23:17.875 WARN   Wiring.write_wire_scope: net not found
2026-08-15 22:23:17.875 WARN   Wiring.write_wire_scope: net not found
2026-08-15 22:23:17.875 WARN   Wiring.write_wire_scope: net not found
2026-08-15 22:23:17.875 WARN   Wiring.write_wire_scope: net not found
2026-08-15 22:23:17.875 WARN   Wiring.write_wire_scope: net not found
2026-08-15 22:23:17.876 WARN   Wiring.write_wire_scope: net not found
2026-08-15 22:23:17.876 WARN   Wiring.write_wire_scope: net not found
2026-08-15 22:23:17.876 WARN   Wiring.write_wire_scope: net not found
2026-08-15 22:23:17.876 WARN   Wiring.write_wire_scope: net not found
2026-08-15 22:23:17.876 WARN   Wiring.write_wire_scope: net not found
2026-08-15 22:23:17.876 WARN   Wiring.write_wire_scope: net not found
2026-08-15 22:23:17.877 WARN   Wiring.write_wire_scope: net not found
2026-08-15 22:23:17.877 WARN   Wiring.write_wire_scope: net not found
2026-08-15 22:23:17.877 WARN   Wiring.write_wire_scope: net not found
2026-08-15 22:23:17.877 WARN   Wiring.write_wire_scope: net not found
2026-08-15 22:23:17.877 WARN   Wiring.write_wire_scope: net not found
2026-08-15 22:23:17.877 WARN   Wiring.write_wire_scope: net not found
2026-08-15 22:23:17.878 WARN   Wiring.write_wire_scope: net not found
2026-08-15 22:23:17.878 WARN   Wiring.write_wire_scope: net not found
2026-08-15 22:23:17.878 WARN   Wiring.write_wire_scope: net not found
2026-08-15 22:23:17.878 WARN   Wiring.write_wire_scope: net not found
2026-08-15 22:23:17.878 WARN   Wiring.write_wire_scope: net not found
2026-08-15 22:23:17.878 WARN   Wiring.write_wire_scope: net not found
2026-08-15 22:23:17.878 WARN   Wiring.write_wire_scope: net not found
2026-08-15 22:23:17.879 WARN   Wiring.write_wire_scope: net not found
2026-08-15 22:23:17.879 WARN   Wiring.write_wire_scope: net not found
2026-08-15 22:23:17.879 WARN   Wiring.write_wire_scope: net not found
2026-08-15 22:23:17.879 WARN   Wiring.write_wire_scope: net not found
2026-08-15 22:23:17.879 WARN   Wiring.write_wire_scope: net not found
2026-08-15 22:23:17.879 WARN   Wiring.write_wire_scope: net not found
2026-08-15 22:23:17.880 WARN   Wiring.write_wire_scope: net not found
2026-08-15 22:23:17.880 WARN   Wiring.write_wire_scope: net not found
2026-08-15 22:23:17.880 WARN   Wiring.write_wire_scope: net not found
2026-08-15 22:23:17.880 WARN   Wiring.write_wire_scope: net not found
2026-08-15 22:23:17.881 WARN   Wiring.write_wire_scope: net not found
2026-08-15 22:23:17.881 WARN   Wiring.write_wire_scope: net not found
2026-08-15 22:23:17.881 WARN   Wiring.write_wire_scope: net not found
2026-08-15 22:23:21.468 WARN   Wiring.write_wire_scope: net not found
2026-08-15 22:23:21.469 WARN   Wiring.write_wire_scope: net not found
2026-08-15 22:23:21.469 WARN   Wiring.write_wire_scope: net not found
2026-08-15 22:23:21.469 WARN   Wiring.write_wire_scope: net not found
2026-08-15 22:23:21.470 WARN   Wiring.write_wire_scope: net not found
2026-08-15 22:23:21.470 WARN   Wiring.write_wire_scope: net not found
2026-08-15 22:23:21.470 WARN   Wiring.write_wire_scope: net not found
2026-08-15 22:23:21.470 WARN   Wiring.write_wire_scope: net not found
2026-08-15 22:23:21.470 WARN   Wiring.write_wire_scope: net not found
2026-08-15 22:23:21.471 WARN   Wiring.write_wire_scope: net not found
2026-08-15 22:23:21.471 WARN   Wiring.write_wire_scope: net not found
2026-08-15 22:23:21.471 WARN   Wiring.write_wire_scope: net not found
2026-08-15 22:23:21.471 WARN   Wiring.write_wire_scope: net not found
2026-08-15 22:23:21.471 WARN   Wiring.write_wire_scope: net not found
2026-08-15 22:23:21.471 WARN   Wiring.write_wire_scope: net not found
2026-08-15 22:23:21.472 WARN   Wiring.write_wire_scope: net not found
2026-08-15 22:23:21.472 WARN   Wiring.write_wire_scope: net not found
2026-08-15 22:23:21.472 WARN   Wiring.write_wire_scope: net not found
2026-08-15 22:23:21.472 WARN   Wiring.write_wire_scope: net not found
2026-08-15 22:23:21.472 WARN   Wiring.write_wire_scope: net not found
2026-08-15 22:23:21.473 WARN   Wiring.write_wire_scope: net not found
2026-08-15 22:23:21.473 WARN   Wiring.write_wire_scope: net not found
2026-08-15 22:23:21.473 WARN   Wiring.write_wire_scope: net not found
2026-08-15 22:23:21.473 WARN   Wiring.write_wire_scope: net not found
2026-08-15 22:23:21.473 WARN   Wiring.write_wire_scope: net not found
2026-08-15 22:23:21.473 WARN   Wiring.write_wire_scope: net not found
2026-08-15 22:23:21.474 WARN   Wiring.write_wire_scope: net not found
2026-08-15 22:23:21.474 WARN   Wiring.write_wire_scope: net not found
2026-08-15 22:23:21.474 WARN   Wiring.write_wire_scope: net not found
2026-08-15 22:23:21.474 WARN   Wiring.write_wire_scope: net not found
2026-08-15 22:23:21.474 WARN   Wiring.write_wire_scope: net not found
2026-08-15 22:23:21.474 WARN   Wiring.write_wire_scope: net not found
2026-08-15 22:23:21.475 WARN   Wiring.write_wire_scope: net not found
2026-08-15 22:23:21.475 WARN   Wiring.write_wire_scope: net not found
2026-08-15 22:23:21.475 WARN   Wiring.write_wire_scope: net not found
2026-08-15 22:23:21.475 WARN   Wiring.write_wire_scope: net not found
2026-08-15 22:23:21.475 WARN   Wiring.write_wire_scope: net not found
2026-08-15 22:23:21.476 WARN   Wiring.write_wire_scope: net not found
2026-08-15 22:23:21.476 WARN   Wiring.write_wire_scope: net not found
2026-08-15 22:23:21.476 WARN   Wiring.write_wire_scope: net not found
2026-08-15 22:23:21.476 WARN   Wiring.write_wire_scope: net not found
2026-08-15 22:23:21.476 WARN   Wiring.write_wire_scope: net not found
2026-08-15 22:23:21.476 WARN   Wiring.write_wire_scope: net not found
2026-08-15 22:23:21.477 WARN   Wiring.write_wire_scope: net not found
2026-08-15 22:23:21.477 WARN   Wiring.write_wire_scope: net not found
2026-08-15 22:23:21.477 WARN   Wiring.write_wire_scope: net not found
2026-08-15 22:23:21.477 WARN   Wiring.write_wire_scope: net not found
2026-08-15 22:23:21.477 WARN   Wiring.write_wire_scope: net not found
2026-08-15 22:23:21.478 WARN   Wiring.write_wire_scope: net not found
2026-08-15 22:23:21.478 WARN   Wiring.write_wire_scope: net not found
2026-08-15 22:23:21.478 WARN   Wiring.write_wire_scope: net not found
2026-08-15 22:23:21.478 WARN   Wiring.write_wire_scope: net not found
2026-08-15 22:23:21.478 WARN   Wiring.write_wire_scope: net not found
2026-08-15 22:23:21.478 WARN   Wiring.write_wire_scope: net not found
2026-08-15 22:23:21.479 WARN   Wiring.write_wire_scope: net not found
2026-08-15 22:23:21.479 WARN   Wiring.write_wire_scope: net not found
2026-08-15 22:23:21.479 WARN   Wiring.write_wire_scope: net not found
2026-08-15 22:23:21.479 WARN   Wiring.write_wire_scope: net not found
2026-08-15 22:23:25.360 WARN   Wiring.write_wire_scope: net not found
2026-08-15 22:23:25.360 WARN   Wiring.write_wire_scope: net not found
2026-08-15 22:23:25.361 WARN   Wiring.write_wire_scope: net not found
2026-08-15 22:23:25.361 WARN   Wiring.write_wire_scope: net not found
2026-08-15 22:23:25.361 WARN   Wiring.write_wire_scope: net not found
2026-08-15 22:23:25.361 WARN   Wiring.write_wire_scope: net not found
2026-08-15 22:23:25.361 WARN   Wiring.write_wire_scope: net not found
2026-08-15 22:23:25.361 WARN   Wiring.write_wire_scope: net not found
2026-08-15 22:23:25.361 WARN   Wiring.write_wire_scope: net not found
2026-08-15 22:23:25.361 WARN   Wiring.write_wire_scope: net not found
2026-08-15 22:23:25.362 WARN   Wiring.write_wire_scope: net not found
2026-08-15 22:23:25.362 WARN   Wiring.write_wire_scope: net not found
2026-08-15 22:23:25.362 WARN   Wiring.write_wire_scope: net not found
2026-08-15 22:23:25.362 WARN   Wiring.write_wire_scope: net not found
2026-08-15 22:23:25.362 WARN   Wiring.write_wire_scope: net not found
2026-08-15 22:23:25.362 WARN   Wiring.write_wire_scope: net not found
2026-08-15 22:23:25.362 WARN   Wiring.write_wire_scope: net not found
2026-08-15 22:23:25.362 WARN   Wiring.write_wire_scope: net not found
2026-08-15 22:23:25.363 WARN   Wiring.write_wire_scope: net not found
2026-08-15 22:23:25.363 WARN   Wiring.write_wire_scope: net not found
2026-08-15 22:23:25.363 WARN   Wiring.write_wire_scope: net not found
2026-08-15 22:23:25.363 WARN   Wiring.write_wire_scope: net not found
2026-08-15 22:23:25.363 WARN   Wiring.write_wire_scope: net not found
2026-08-15 22:23:25.363 WARN   Wiring.write_wire_scope: net not found
2026-08-15 22:23:25.363 WARN   Wiring.write_wire_scope: net not found
2026-08-15 22:23:25.363 WARN   Wiring.write_wire_scope: net not found
2026-08-15 22:23:25.364 WARN   Wiring.write_wire_scope: net not found
2026-08-15 22:23:25.364 WARN   Wiring.write_wire_scope: net not found
2026-08-15 22:23:25.364 WARN   Wiring.write_wire_scope: net not found
2026-08-15 22:23:25.364 WARN   Wiring.write_wire_scope: net not found
2026-08-15 22:23:25.364 WARN   Wiring.write_wire_scope: net not found
2026-08-15 22:23:25.364 WARN   Wiring.write_wire_scope: net not found
2026-08-15 22:23:25.364 WARN   Wiring.write_wire_scope: net not found
2026-08-15 22:23:25.364 WARN   Wiring.write_wire_scope: net not found
2026-08-15 22:23:25.365 WARN   Wiring.write_wire_scope: net not found
2026-08-15 22:23:25.365 WARN   Wiring.write_wire_scope: net not found
2026-08-15 22:23:25.365 WARN   Wiring.write_wire_scope: net not found
2026-08-15 22:23:25.365 WARN   Wiring.write_wire_scope: net not found
2026-08-15 22:23:25.365 WARN   Wiring.write_wire_scope: net not found
2026-08-15 22:23:25.365 WARN   Wiring.write_wire_scope: net not found
2026-08-15 22:23:25.365 WARN   Wiring.write_wire_scope: net not found
2026-08-15 22:23:25.366 WARN   Wiring.write_wire_scope: net not found
2026-08-15 22:23:25.366 WARN   Wiring.write_wire_scope: net not found
2026-08-15 22:23:25.366 WARN   Wiring.write_wire_scope: net not found
2026-08-15 22:23:25.366 WARN   Wiring.write_wire_scope: net not found
2026-08-15 22:23:25.366 WARN   Wiring.write_wire_scope: net not found
2026-08-15 22:23:25.366 WARN   Wiring.write_wire_scope: net not found
2026-08-15 22:23:25.366 WARN   Wiring.write_wire_scope: net not found
2026-08-15 22:23:25.367 WARN   Wiring.write_wire_scope: net not found
2026-08-15 22:23:25.367 WARN   Wiring.write_wire_scope: net not found
2026-08-15 22:23:25.367 WARN   Wiring.write_wire_scope: net not found
2026-08-15 22:23:25.367 WARN   Wiring.write_wire_scope: net not found
2026-08-15 22:23:25.367 WARN   Wiring.write_wire_scope: net not found
2026-08-15 22:23:25.367 WARN   Wiring.write_wire_scope: net not found
2026-08-15 22:23:25.367 WARN   Wiring.write_wire_scope: net not found
2026-08-15 22:23:25.368 WARN   Wiring.write_wire_scope: net not found
2026-08-15 22:23:25.368 WARN   Wiring.write_wire_scope: net not found
2026-08-15 22:23:25.368 WARN   Wiring.write_wire_scope: net not found
2026-08-15 22:23:29.869 WARN   Wiring.write_wire_scope: net not found
2026-08-15 22:23:29.870 WARN   Wiring.write_wire_scope: net not found
2026-08-15 22:23:29.870 WARN   Wiring.write_wire_scope: net not found
2026-08-15 22:23:29.870 WARN   Wiring.write_wire_scope: net not found
2026-08-15 22:23:29.870 WARN   Wiring.write_wire_scope: net not found
2026-08-15 22:23:29.870 WARN   Wiring.write_wire_scope: net not found
2026-08-15 22:23:29.871 WARN   Wiring.write_wire_scope: net not found
2026-08-15 22:23:29.871 WARN   Wiring.write_wire_scope: net not found
2026-08-15 22:23:29.871 WARN   Wiring.write_wire_scope: net not found
2026-08-15 22:23:29.871 WARN   Wiring.write_wire_scope: net not found
2026-08-15 22:23:29.872 WARN   Wiring.write_wire_scope: net not found
2026-08-15 22:23:29.872 WARN   Wiring.write_wire_scope: net not found
2026-08-15 22:23:29.872 WARN   Wiring.write_wire_scope: net not found
2026-08-15 22:23:29.872 WARN   Wiring.write_wire_scope: net not found
2026-08-15 22:23:29.872 WARN   Wiring.write_wire_scope: net not found
2026-08-15 22:23:29.872 WARN   Wiring.write_wire_scope: net not found
2026-08-15 22:23:29.873 WARN   Wiring.write_wire_scope: net not found
2026-08-15 22:23:29.873 WARN   Wiring.write_wire_scope: net not found
2026-08-15 22:23:29.873 WARN   Wiring.write_wire_scope: net not found
2026-08-15 22:23:29.873 WARN   Wiring.write_wire_scope: net not found
2026-08-15 22:23:29.873 WARN   Wiring.write_wire_scope: net not found
2026-08-15 22:23:29.873 WARN   Wiring.write_wire_scope: net not found
2026-08-15 22:23:29.874 WARN   Wiring.write_wire_scope: net not found
2026-08-15 22:23:29.874 WARN   Wiring.write_wire_scope: net not found
2026-08-15 22:23:29.874 WARN   Wiring.write_wire_scope: net not found
2026-08-15 22:23:29.874 WARN   Wiring.write_wire_scope: net not found
2026-08-15 22:23:29.874 WARN   Wiring.write_wire_scope: net not found
2026-08-15 22:23:29.874 WARN   Wiring.write_wire_scope: net not found
2026-08-15 22:23:29.875 WARN   Wiring.write_wire_scope: net not found
2026-08-15 22:23:29.875 WARN   Wiring.write_wire_scope: net not found
2026-08-15 22:23:29.875 WARN   Wiring.write_wire_scope: net not found
2026-08-15 22:23:29.875 WARN   Wiring.write_wire_scope: net not found
2026-08-15 22:23:29.875 WARN   Wiring.write_wire_scope: net not found
2026-08-15 22:23:29.875 WARN   Wiring.write_wire_scope: net not found
2026-08-15 22:23:29.875 WARN   Wiring.write_wire_scope: net not found
2026-08-15 22:23:29.876 WARN   Wiring.write_wire_scope: net not found
2026-08-15 22:23:29.876 WARN   Wiring.write_wire_scope: net not found
2026-08-15 22:23:29.876 WARN   Wiring.write_wire_scope: net not found
2026-08-15 22:23:29.876 WARN   Wiring.write_wire_scope: net not found
2026-08-15 22:23:29.876 WARN   Wiring.write_wire_scope: net not found
2026-08-15 22:23:29.877 WARN   Wiring.write_wire_scope: net not found
2026-08-15 22:23:29.877 WARN   Wiring.write_wire_scope: net not found
2026-08-15 22:23:29.877 WARN   Wiring.write_wire_scope: net not found
2026-08-15 22:23:29.877 WARN   Wiring.write_wire_scope: net not found
2026-08-15 22:23:29.877 WARN   Wiring.write_wire_scope: net not found
2026-08-15 22:23:29.877 WARN   Wiring.write_wire_scope: net not found
2026-08-15 22:23:29.878 WARN   Wiring.write_wire_scope: net not found
2026-08-15 22:23:29.878 WARN   Wiring.write_wire_scope: net not found
2026-08-15 22:23:29.878 WARN   Wiring.write_wire_scope: net not found
2026-08-15 22:23:29.878 WARN   Wiring.write_wire_scope: net not found
2026-08-15 22:23:29.878 WARN   Wiring.write_wire_scope: net not found
2026-08-15 22:23:29.878 WARN   Wiring.write_wire_scope: net not found
2026-08-15 22:23:29.878 WARN   Wiring.write_wire_scope: net not found
2026-08-15 22:23:29.878 WARN   Wiring.write_wire_scope: net not found
2026-08-15 22:23:29.879 WARN   Wiring.write_wire_scope: net not found
2026-08-15 22:23:29.879 WARN   Wiring.write_wire_scope: net not found
2026-08-15 22:23:29.879 WARN   Wiring.write_wire_scope: net not found
2026-08-15 22:23:29.879 WARN   Wiring.write_wire_scope: net not found
2026-08-15 22:23:33.878 WARN   Wiring.write_wire_scope: net not found
2026-08-15 22:23:33.878 WARN   Wiring.write_wire_scope: net not found
2026-08-15 22:23:33.879 WARN   Wiring.write_wire_scope: net not found
2026-08-15 22:23:33.879 WARN   Wiring.write_wire_scope: net not found
2026-08-15 22:23:33.879 WARN   Wiring.write_wire_scope: net not found
2026-08-15 22:23:33.879 WARN   Wiring.write_wire_scope: net not found
2026-08-15 22:23:33.879 WARN   Wiring.write_wire_scope: net not found
2026-08-15 22:23:33.880 WARN   Wiring.write_wire_scope: net not found
2026-08-15 22:23:33.880 WARN   Wiring.write_wire_scope: net not found
2026-08-15 22:23:33.880 WARN   Wiring.write_wire_scope: net not found
2026-08-15 22:23:33.880 WARN   Wiring.write_wire_scope: net not found
2026-08-15 22:23:33.880 WARN   Wiring.write_wire_scope: net not found
2026-08-15 22:23:33.880 WARN   Wiring.write_wire_scope: net not found
2026-08-15 22:23:33.881 WARN   Wiring.write_wire_scope: net not found
2026-08-15 22:23:33.881 WARN   Wiring.write_wire_scope: net not found
2026-08-15 22:23:33.881 WARN   Wiring.write_wire_scope: net not found
2026-08-15 22:23:33.881 WARN   Wiring.write_wire_scope: net not found
2026-08-15 22:23:33.881 WARN   Wiring.write_wire_scope: net not found
2026-08-15 22:23:33.882 WARN   Wiring.write_wire_scope: net not found
2026-08-15 22:23:33.882 WARN   Wiring.write_wire_scope: net not found
2026-08-15 22:23:33.882 WARN   Wiring.write_wire_scope: net not found
2026-08-15 22:23:33.882 WARN   Wiring.write_wire_scope: net not found
2026-08-15 22:23:33.882 WARN   Wiring.write_wire_scope: net not found
2026-08-15 22:23:33.882 WARN   Wiring.write_wire_scope: net not found
2026-08-15 22:23:33.882 WARN   Wiring.write_wire_scope: net not found
2026-08-15 22:23:33.883 WARN   Wiring.write_wire_scope: net not found
2026-08-15 22:23:33.883 WARN   Wiring.write_wire_scope: net not found
2026-08-15 22:23:33.883 WARN   Wiring.write_wire_scope: net not found
2026-08-15 22:23:33.883 WARN   Wiring.write_wire_scope: net not found
2026-08-15 22:23:33.883 WARN   Wiring.write_wire_scope: net not found
2026-08-15 22:23:33.883 WARN   Wiring.write_wire_scope: net not found
2026-08-15 22:23:33.883 WARN   Wiring.write_wire_scope: net not found
2026-08-15 22:23:33.883 WARN   Wiring.write_wire_scope: net not found
2026-08-15 22:23:33.884 WARN   Wiring.write_wire_scope: net not found
2026-08-15 22:23:33.884 WARN   Wiring.write_wire_scope: net not found
2026-08-15 22:23:33.884 WARN   Wiring.write_wire_scope: net not found
2026-08-15 22:23:33.884 WARN   Wiring.write_wire_scope: net not found
2026-08-15 22:23:33.884 WARN   Wiring.write_wire_scope: net not found
2026-08-15 22:23:33.884 WARN   Wiring.write_wire_scope: net not found
2026-08-15 22:23:33.885 WARN   Wiring.write_wire_scope: net not found
2026-08-15 22:23:33.885 WARN   Wiring.write_wire_scope: net not found
2026-08-15 22:23:33.885 WARN   Wiring.write_wire_scope: net not found
2026-08-15 22:23:33.885 WARN   Wiring.write_wire_scope: net not found
2026-08-15 22:23:33.885 WARN   Wiring.write_wire_scope: net not found
2026-08-15 22:23:33.885 WARN   Wiring.write_wire_scope: net not found
2026-08-15 22:23:33.886 WARN   Wiring.write_wire_scope: net not found
2026-08-15 22:23:33.886 WARN   Wiring.write_wire_scope: net not found
2026-08-15 22:23:33.886 WARN   Wiring.write_wire_scope: net not found
2026-08-15 22:23:33.886 WARN   Wiring.write_wire_scope: net not found
2026-08-15 22:23:33.886 WARN   Wiring.write_wire_scope: net not found
2026-08-15 22:23:33.886 WARN   Wiring.write_wire_scope: net not found
2026-08-15 22:23:33.887 WARN   Wiring.write_wire_scope: net not found
2026-08-15 22:23:33.887 WARN   Wiring.write_wire_scope: net not found
2026-08-15 22:23:33.887 WARN   Wiring.write_wire_scope: net not found
2026-08-15 22:23:33.887 WARN   Wiring.write_wire_scope: net not found
2026-08-15 22:23:33.887 WARN   Wiring.write_wire_scope: net not found
2026-08-15 22:23:33.887 WARN   Wiring.write_wire_scope: net not found
2026-08-15 22:23:33.888 WARN   Wiring.write_wire_scope: net not found
2026-08-15 22:23:38.228 WARN   Wiring.write_wire_scope: net not found
2026-08-15 22:23:38.228 WARN   Wiring.write_wire_scope: net not found
2026-08-15 22:23:38.228 WARN   Wiring.write_wire_scope: net not found
2026-08-15 22:23:38.229 WARN   Wiring.write_wire_scope: net not found
2026-08-15 22:23:38.229 WARN   Wiring.write_wire_scope: net not found
2026-08-15 22:23:38.229 WARN   Wiring.write_wire_scope: net not found
2026-08-15 22:23:38.229 WARN   Wiring.write_wire_scope: net not found
2026-08-15 22:23:38.229 WARN   Wiring.write_wire_scope: net not found
2026-08-15 22:23:38.229 WARN   Wiring.write_wire_scope: net not found
2026-08-15 22:23:38.230 WARN   Wiring.write_wire_scope: net not found
2026-08-15 22:23:38.230 WARN   Wiring.write_wire_scope: net not found
2026-08-15 22:23:38.230 WARN   Wiring.write_wire_scope: net not found
2026-08-15 22:23:38.230 WARN   Wiring.write_wire_scope: net not found
2026-08-15 22:23:38.230 WARN   Wiring.write_wire_scope: net not found
2026-08-15 22:23:38.230 WARN   Wiring.write_wire_scope: net not found
2026-08-15 22:23:38.231 WARN   Wiring.write_wire_scope: net not found
2026-08-15 22:23:38.231 WARN   Wiring.write_wire_scope: net not found
2026-08-15 22:23:38.231 WARN   Wiring.write_wire_scope: net not found
2026-08-15 22:23:38.231 WARN   Wiring.write_wire_scope: net not found
2026-08-15 22:23:38.231 WARN   Wiring.write_wire_scope: net not found
2026-08-15 22:23:38.232 WARN   Wiring.write_wire_scope: net not found
2026-08-15 22:23:38.232 WARN   Wiring.write_wire_scope: net not found
2026-08-15 22:23:38.232 WARN   Wiring.write_wire_scope: net not found
2026-08-15 22:23:38.232 WARN   Wiring.write_wire_scope: net not found
2026-08-15 22:23:38.232 WARN   Wiring.write_wire_scope: net not found
2026-08-15 22:23:38.232 WARN   Wiring.write_wire_scope: net not found
2026-08-15 22:23:38.233 WARN   Wiring.write_wire_scope: net not found
2026-08-15 22:23:38.233 WARN   Wiring.write_wire_scope: net not found
2026-08-15 22:23:38.233 WARN   Wiring.write_wire_scope: net not found
2026-08-15 22:23:38.233 WARN   Wiring.write_wire_scope: net not found
2026-08-15 22:23:38.233 WARN   Wiring.write_wire_scope: net not found
2026-08-15 22:23:38.233 WARN   Wiring.write_wire_scope: net not found
2026-08-15 22:23:38.234 WARN   Wiring.write_wire_scope: net not found
2026-08-15 22:23:38.234 WARN   Wiring.write_wire_scope: net not found
2026-08-15 22:23:38.234 WARN   Wiring.write_wire_scope: net not found
2026-08-15 22:23:38.234 WARN   Wiring.write_wire_scope: net not found
2026-08-15 22:23:38.234 WARN   Wiring.write_wire_scope: net not found
2026-08-15 22:23:38.234 WARN   Wiring.write_wire_scope: net not found
2026-08-15 22:23:38.235 WARN   Wiring.write_wire_scope: net not found
2026-08-15 22:23:38.235 WARN   Wiring.write_wire_scope: net not found
2026-08-15 22:23:38.235 WARN   Wiring.write_wire_scope: net not found
2026-08-15 22:23:38.235 WARN   Wiring.write_wire_scope: net not found
2026-08-15 22:23:38.235 WARN   Wiring.write_wire_scope: net not found
2026-08-15 22:23:38.236 WARN   Wiring.write_wire_scope: net not found
2026-08-15 22:23:38.236 WARN   Wiring.write_wire_scope: net not found
2026-08-15 22:23:38.236 WARN   Wiring.write_wire_scope: net not found
2026-08-15 22:23:38.236 WARN   Wiring.write_wire_scope: net not found
2026-08-15 22:23:38.236 WARN   Wiring.write_wire_scope: net not found
2026-08-15 22:23:38.236 WARN   Wiring.write_wire_scope: net not found
2026-08-15 22:23:38.237 WARN   Wiring.write_wire_scope: net not found
2026-08-15 22:23:38.237 WARN   Wiring.write_wire_scope: net not found
2026-08-15 22:23:38.237 WARN   Wiring.write_wire_scope: net not found
2026-08-15 22:23:38.237 WARN   Wiring.write_wire_scope: net not found
2026-08-15 22:23:38.237 WARN   Wiring.write_wire_scope: net not found
2026-08-15 22:23:38.238 WARN   Wiring.write_wire_scope: net not found
2026-08-15 22:23:38.238 WARN   Wiring.write_wire_scope: net not found
2026-08-15 22:23:38.238 WARN   Wiring.write_wire_scope: net not found
2026-08-15 22:23:38.239 WARN   Wiring.write_wire_scope: net not found
2026-08-15 22:23:42.741 WARN   Wiring.write_wire_scope: net not found
2026-08-15 22:23:42.742 WARN   Wiring.write_wire_scope: net not found
2026-08-15 22:23:42.742 WARN   Wiring.write_wire_scope: net not found
2026-08-15 22:23:42.742 WARN   Wiring.write_wire_scope: net not found
2026-08-15 22:23:42.742 WARN   Wiring.write_wire_scope: net not found
2026-08-15 22:23:42.742 WARN   Wiring.write_wire_scope: net not found
2026-08-15 22:23:42.743 WARN   Wiring.write_wire_scope: net not found
2026-08-15 22:23:42.743 WARN   Wiring.write_wire_scope: net not found
2026-08-15 22:23:42.743 WARN   Wiring.write_wire_scope: net not found
2026-08-15 22:23:42.743 WARN   Wiring.write_wire_scope: net not found
2026-08-15 22:23:42.743 WARN   Wiring.write_wire_scope: net not found
2026-08-15 22:23:42.743 WARN   Wiring.write_wire_scope: net not found
2026-08-15 22:23:42.744 WARN   Wiring.write_wire_scope: net not found
2026-08-15 22:23:42.744 WARN   Wiring.write_wire_scope: net not found
2026-08-15 22:23:42.744 WARN   Wiring.write_wire_scope: net not found
2026-08-15 22:23:42.744 WARN   Wiring.write_wire_scope: net not found
2026-08-15 22:23:42.744 WARN   Wiring.write_wire_scope: net not found
2026-08-15 22:23:42.745 WARN   Wiring.write_wire_scope: net not found
2026-08-15 22:23:42.745 WARN   Wiring.write_wire_scope: net not found
2026-08-15 22:23:42.745 WARN   Wiring.write_wire_scope: net not found
2026-08-15 22:23:42.745 WARN   Wiring.write_wire_scope: net not found
2026-08-15 22:23:42.745 WARN   Wiring.write_wire_scope: net not found
2026-08-15 22:23:42.745 WARN   Wiring.write_wire_scope: net not found
2026-08-15 22:23:42.746 WARN   Wiring.write_wire_scope: net not found
2026-08-15 22:23:42.746 WARN   Wiring.write_wire_scope: net not found
2026-08-15 22:23:42.746 WARN   Wiring.write_wire_scope: net not found
2026-08-15 22:23:42.746 WARN   Wiring.write_wire_scope: net not found
2026-08-15 22:23:42.746 WARN   Wiring.write_wire_scope: net not found
2026-08-15 22:23:42.747 WARN   Wiring.write_wire_scope: net not found
2026-08-15 22:23:42.747 WARN   Wiring.write_wire_scope: net not found
2026-08-15 22:23:42.747 WARN   Wiring.write_wire_scope: net not found
2026-08-15 22:23:42.747 WARN   Wiring.write_wire_scope: net not found
2026-08-15 22:23:42.747 WARN   Wiring.write_wire_scope: net not found
2026-08-15 22:23:42.748 WARN   Wiring.write_wire_scope: net not found
2026-08-15 22:23:42.748 WARN   Wiring.write_wire_scope: net not found
2026-08-15 22:23:42.748 WARN   Wiring.write_wire_scope: net not found
2026-08-15 22:23:42.748 WARN   Wiring.write_wire_scope: net not found
2026-08-15 22:23:42.748 WARN   Wiring.write_wire_scope: net not found
2026-08-15 22:23:42.749 WARN   Wiring.write_wire_scope: net not found
2026-08-15 22:23:42.749 WARN   Wiring.write_wire_scope: net not found
2026-08-15 22:23:42.749 WARN   Wiring.write_wire_scope: net not found
2026-08-15 22:23:42.749 WARN   Wiring.write_wire_scope: net not found
2026-08-15 22:23:42.749 WARN   Wiring.write_wire_scope: net not found
2026-08-15 22:23:42.749 WARN   Wiring.write_wire_scope: net not found
2026-08-15 22:23:42.749 WARN   Wiring.write_wire_scope: net not found
2026-08-15 22:23:42.750 WARN   Wiring.write_wire_scope: net not found
2026-08-15 22:23:42.750 WARN   Wiring.write_wire_scope: net not found
2026-08-15 22:23:42.750 WARN   Wiring.write_wire_scope: net not found
2026-08-15 22:23:42.750 WARN   Wiring.write_wire_scope: net not found
2026-08-15 22:23:42.750 WARN   Wiring.write_wire_scope: net not found
2026-08-15 22:23:42.750 WARN   Wiring.write_wire_scope: net not found
2026-08-15 22:23:42.751 WARN   Wiring.write_wire_scope: net not found
2026-08-15 22:23:42.751 WARN   Wiring.write_wire_scope: net not found
2026-08-15 22:23:42.751 WARN   Wiring.write_wire_scope: net not found
2026-08-15 22:23:42.751 WARN   Wiring.write_wire_scope: net not found
2026-08-15 22:23:42.751 WARN   Wiring.write_wire_scope: net not found
2026-08-15 22:23:42.752 WARN   Wiring.write_wire_scope: net not found
2026-08-15 22:23:42.752 WARN   Wiring.write_wire_scope: net not found
2026-08-15 22:23:47.020 WARN   Wiring.write_wire_scope: net not found
2026-08-15 22:23:47.021 WARN   Wiring.write_wire_scope: net not found
2026-08-15 22:23:47.021 WARN   Wiring.write_wire_scope: net not found
2026-08-15 22:23:47.021 WARN   Wiring.write_wire_scope: net not found
2026-08-15 22:23:47.021 WARN   Wiring.write_wire_scope: net not found
2026-08-15 22:23:47.022 WARN   Wiring.write_wire_scope: net not found
2026-08-15 22:23:47.022 WARN   Wiring.write_wire_scope: net not found
2026-08-15 22:23:47.022 WARN   Wiring.write_wire_scope: net not found
2026-08-15 22:23:47.022 WARN   Wiring.write_wire_scope: net not found
2026-08-15 22:23:47.022 WARN   Wiring.write_wire_scope: net not found
2026-08-15 22:23:47.022 WARN   Wiring.write_wire_scope: net not found
2026-08-15 22:23:47.023 WARN   Wiring.write_wire_scope: net not found
2026-08-15 22:23:47.023 WARN   Wiring.write_wire_scope: net not found
2026-08-15 22:23:47.023 WARN   Wiring.write_wire_scope: net not found
2026-08-15 22:23:47.023 WARN   Wiring.write_wire_scope: net not found
2026-08-15 22:23:47.023 WARN   Wiring.write_wire_scope: net not found
2026-08-15 22:23:47.024 WARN   Wiring.write_wire_scope: net not found
2026-08-15 22:23:47.024 WARN   Wiring.write_wire_scope: net not found
2026-08-15 22:23:47.024 WARN   Wiring.write_wire_scope: net not found
2026-08-15 22:23:47.024 WARN   Wiring.write_wire_scope: net not found
2026-08-15 22:23:47.024 WARN   Wiring.write_wire_scope: net not found
2026-08-15 22:23:47.024 WARN   Wiring.write_wire_scope: net not found
2026-08-15 22:23:47.024 WARN   Wiring.write_wire_scope: net not found
2026-08-15 22:23:47.025 WARN   Wiring.write_wire_scope: net not found
2026-08-15 22:23:47.025 WARN   Wiring.write_wire_scope: net not found
2026-08-15 22:23:47.025 WARN   Wiring.write_wire_scope: net not found
2026-08-15 22:23:47.025 WARN   Wiring.write_wire_scope: net not found
2026-08-15 22:23:47.025 WARN   Wiring.write_wire_scope: net not found
2026-08-15 22:23:47.026 WARN   Wiring.write_wire_scope: net not found
2026-08-15 22:23:47.026 WARN   Wiring.write_wire_scope: net not found
2026-08-15 22:23:47.026 WARN   Wiring.write_wire_scope: net not found
2026-08-15 22:23:47.026 WARN   Wiring.write_wire_scope: net not found
2026-08-15 22:23:47.026 WARN   Wiring.write_wire_scope: net not found
2026-08-15 22:23:47.026 WARN   Wiring.write_wire_scope: net not found
2026-08-15 22:23:47.027 WARN   Wiring.write_wire_scope: net not found
2026-08-15 22:23:47.027 WARN   Wiring.write_wire_scope: net not found
2026-08-15 22:23:47.027 WARN   Wiring.write_wire_scope: net not found
2026-08-15 22:23:47.027 WARN   Wiring.write_wire_scope: net not found
2026-08-15 22:23:47.027 WARN   Wiring.write_wire_scope: net not found
2026-08-15 22:23:47.028 WARN   Wiring.write_wire_scope: net not found
2026-08-15 22:23:47.028 WARN   Wiring.write_wire_scope: net not found
2026-08-15 22:23:47.028 WARN   Wiring.write_wire_scope: net not found
2026-08-15 22:23:47.028 WARN   Wiring.write_wire_scope: net not found
2026-08-15 22:23:47.028 WARN   Wiring.write_wire_scope: net not found
2026-08-15 22:23:47.028 WARN   Wiring.write_wire_scope: net not found
2026-08-15 22:23:47.029 WARN   Wiring.write_wire_scope: net not found
2026-08-15 22:23:47.029 WARN   Wiring.write_wire_scope: net not found
2026-08-15 22:23:47.029 WARN   Wiring.write_wire_scope: net not found
2026-08-15 22:23:47.029 WARN   Wiring.write_wire_scope: net not found
2026-08-15 22:23:47.029 WARN   Wiring.write_wire_scope: net not found
2026-08-15 22:23:47.030 WARN   Wiring.write_wire_scope: net not found
2026-08-15 22:23:47.030 WARN   Wiring.write_wire_scope: net not found
2026-08-15 22:23:47.030 WARN   Wiring.write_wire_scope: net not found
2026-08-15 22:23:47.030 WARN   Wiring.write_wire_scope: net not found
2026-08-15 22:23:47.030 WARN   Wiring.write_wire_scope: net not found
2026-08-15 22:23:47.031 WARN   Wiring.write_wire_scope: net not found
2026-08-15 22:23:47.031 WARN   Wiring.write_wire_scope: net not found
2026-08-15 22:23:47.031 WARN   Wiring.write_wire_scope: net not found
2026-08-15 22:23:51.260 WARN   Wiring.write_wire_scope: net not found
2026-08-15 22:23:51.260 WARN   Wiring.write_wire_scope: net not found
2026-08-15 22:23:51.261 WARN   Wiring.write_wire_scope: net not found
2026-08-15 22:23:51.261 WARN   Wiring.write_wire_scope: net not found
2026-08-15 22:23:51.261 WARN   Wiring.write_wire_scope: net not found
2026-08-15 22:23:51.261 WARN   Wiring.write_wire_scope: net not found
2026-08-15 22:23:51.261 WARN   Wiring.write_wire_scope: net not found
2026-08-15 22:23:51.261 WARN   Wiring.write_wire_scope: net not found
2026-08-15 22:23:51.262 WARN   Wiring.write_wire_scope: net not found
2026-08-15 22:23:51.262 WARN   Wiring.write_wire_scope: net not found
2026-08-15 22:23:51.262 WARN   Wiring.write_wire_scope: net not found
2026-08-15 22:23:51.262 WARN   Wiring.write_wire_scope: net not found
2026-08-15 22:23:51.262 WARN   Wiring.write_wire_scope: net not found
2026-08-15 22:23:51.263 WARN   Wiring.write_wire_scope: net not found
2026-08-15 22:23:51.263 WARN   Wiring.write_wire_scope: net not found
2026-08-15 22:23:51.263 WARN   Wiring.write_wire_scope: net not found
2026-08-15 22:23:51.263 WARN   Wiring.write_wire_scope: net not found
2026-08-15 22:23:51.263 WARN   Wiring.write_wire_scope: net not found
2026-08-15 22:23:51.264 WARN   Wiring.write_wire_scope: net not found
2026-08-15 22:23:51.264 WARN   Wiring.write_wire_scope: net not found
2026-08-15 22:23:51.264 WARN   Wiring.write_wire_scope: net not found
2026-08-15 22:23:51.264 WARN   Wiring.write_wire_scope: net not found
2026-08-15 22:23:51.264 WARN   Wiring.write_wire_scope: net not found
2026-08-15 22:23:51.264 WARN   Wiring.write_wire_scope: net not found
2026-08-15 22:23:51.265 WARN   Wiring.write_wire_scope: net not found
2026-08-15 22:23:51.265 WARN   Wiring.write_wire_scope: net not found
2026-08-15 22:23:51.265 WARN   Wiring.write_wire_scope: net not found
2026-08-15 22:23:51.265 WARN   Wiring.write_wire_scope: net not found
2026-08-15 22:23:51.265 WARN   Wiring.write_wire_scope: net not found
2026-08-15 22:23:51.265 WARN   Wiring.write_wire_scope: net not found
2026-08-15 22:23:51.266 WARN   Wiring.write_wire_scope: net not found
2026-08-15 22:23:51.266 WARN   Wiring.write_wire_scope: net not found
2026-08-15 22:23:51.266 WARN   Wiring.write_wire_scope: net not found
2026-08-15 22:23:51.266 WARN   Wiring.write_wire_scope: net not found
2026-08-15 22:23:51.266 WARN   Wiring.write_wire_scope: net not found
2026-08-15 22:23:51.266 WARN   Wiring.write_wire_scope: net not found
2026-08-15 22:23:51.267 WARN   Wiring.write_wire_scope: net not found
2026-08-15 22:23:51.267 WARN   Wiring.write_wire_scope: net not found
2026-08-15 22:23:51.267 WARN   Wiring.write_wire_scope: net not found
2026-08-15 22:23:51.267 WARN   Wiring.write_wire_scope: net not found
2026-08-15 22:23:51.267 WARN   Wiring.write_wire_scope: net not found
2026-08-15 22:23:51.267 WARN   Wiring.write_wire_scope: net not found
2026-08-15 22:23:51.268 WARN   Wiring.write_wire_scope: net not found
2026-08-15 22:23:51.268 WARN   Wiring.write_wire_scope: net not found
2026-08-15 22:23:51.268 WARN   Wiring.write_wire_scope: net not found
2026-08-15 22:23:51.268 WARN   Wiring.write_wire_scope: net not found
2026-08-15 22:23:51.268 WARN   Wiring.write_wire_scope: net not found
2026-08-15 22:23:51.269 WARN   Wiring.write_wire_scope: net not found
2026-08-15 22:23:51.269 WARN   Wiring.write_wire_scope: net not found
2026-08-15 22:23:51.269 WARN   Wiring.write_wire_scope: net not found
2026-08-15 22:23:51.269 WARN   Wiring.write_wire_scope: net not found
2026-08-15 22:23:51.269 WARN   Wiring.write_wire_scope: net not found
2026-08-15 22:23:51.269 WARN   Wiring.write_wire_scope: net not found
2026-08-15 22:23:51.270 WARN   Wiring.write_wire_scope: net not found
2026-08-15 22:23:51.270 WARN   Wiring.write_wire_scope: net not found
2026-08-15 22:23:51.270 WARN   Wiring.write_wire_scope: net not found
2026-08-15 22:23:51.270 WARN   Wiring.write_wire_scope: net not found
2026-08-15 22:23:51.270 WARN   Wiring.write_wire_scope: net not found
2026-08-15 22:23:55.160 WARN   Wiring.write_wire_scope: net not found
2026-08-15 22:23:55.160 WARN   Wiring.write_wire_scope: net not found
2026-08-15 22:23:55.161 WARN   Wiring.write_wire_scope: net not found
2026-08-15 22:23:55.161 WARN   Wiring.write_wire_scope: net not found
2026-08-15 22:23:55.161 WARN   Wiring.write_wire_scope: net not found
2026-08-15 22:23:55.161 WARN   Wiring.write_wire_scope: net not found
2026-08-15 22:23:55.161 WARN   Wiring.write_wire_scope: net not found
2026-08-15 22:23:55.162 WARN   Wiring.write_wire_scope: net not found
2026-08-15 22:23:55.162 WARN   Wiring.write_wire_scope: net not found
2026-08-15 22:23:55.162 WARN   Wiring.write_wire_scope: net not found
2026-08-15 22:23:55.162 WARN   Wiring.write_wire_scope: net not found
2026-08-15 22:23:55.162 WARN   Wiring.write_wire_scope: net not found
2026-08-15 22:23:55.162 WARN   Wiring.write_wire_scope: net not found
2026-08-15 22:23:55.163 WARN   Wiring.write_wire_scope: net not found
2026-08-15 22:23:55.163 WARN   Wiring.write_wire_scope: net not found
2026-08-15 22:23:55.163 WARN   Wiring.write_wire_scope: net not found
2026-08-15 22:23:55.163 WARN   Wiring.write_wire_scope: net not found
2026-08-15 22:23:55.163 WARN   Wiring.write_wire_scope: net not found
2026-08-15 22:23:55.163 WARN   Wiring.write_wire_scope: net not found
2026-08-15 22:23:55.164 WARN   Wiring.write_wire_scope: net not found
2026-08-15 22:23:55.164 WARN   Wiring.write_wire_scope: net not found
2026-08-15 22:23:55.164 WARN   Wiring.write_wire_scope: net not found
2026-08-15 22:23:55.164 WARN   Wiring.write_wire_scope: net not found
2026-08-15 22:23:55.164 WARN   Wiring.write_wire_scope: net not found
2026-08-15 22:23:55.164 WARN   Wiring.write_wire_scope: net not found
2026-08-15 22:23:55.165 WARN   Wiring.write_wire_scope: net not found
2026-08-15 22:23:55.165 WARN   Wiring.write_wire_scope: net not found
2026-08-15 22:23:55.165 WARN   Wiring.write_wire_scope: net not found
2026-08-15 22:23:55.165 WARN   Wiring.write_wire_scope: net not found
2026-08-15 22:23:55.165 WARN   Wiring.write_wire_scope: net not found
2026-08-15 22:23:55.165 WARN   Wiring.write_wire_scope: net not found
2026-08-15 22:23:55.166 WARN   Wiring.write_wire_scope: net not found
2026-08-15 22:23:55.166 WARN   Wiring.write_wire_scope: net not found
2026-08-15 22:23:55.166 WARN   Wiring.write_wire_scope: net not found
2026-08-15 22:23:55.166 WARN   Wiring.write_wire_scope: net not found
2026-08-15 22:23:55.166 WARN   Wiring.write_wire_scope: net not found
2026-08-15 22:23:55.166 WARN   Wiring.write_wire_scope: net not found
2026-08-15 22:23:55.166 WARN   Wiring.write_wire_scope: net not found
2026-08-15 22:23:55.167 WARN   Wiring.write_wire_scope: net not found
2026-08-15 22:23:55.167 WARN   Wiring.write_wire_scope: net not found
2026-08-15 22:23:55.167 WARN   Wiring.write_wire_scope: net not found
2026-08-15 22:23:55.167 WARN   Wiring.write_wire_scope: net not found
2026-08-15 22:23:55.167 WARN   Wiring.write_wire_scope: net not found
2026-08-15 22:23:55.167 WARN   Wiring.write_wire_scope: net not found
2026-08-15 22:23:55.168 WARN   Wiring.write_wire_scope: net not found
2026-08-15 22:23:55.168 WARN   Wiring.write_wire_scope: net not found
2026-08-15 22:23:55.168 WARN   Wiring.write_wire_scope: net not found
2026-08-15 22:23:55.168 WARN   Wiring.write_wire_scope: net not found
2026-08-15 22:23:55.168 WARN   Wiring.write_wire_scope: net not found
2026-08-15 22:23:55.168 WARN   Wiring.write_wire_scope: net not found
2026-08-15 22:23:55.169 WARN   Wiring.write_wire_scope: net not found
2026-08-15 22:23:55.169 WARN   Wiring.write_wire_scope: net not found
2026-08-15 22:23:55.169 WARN   Wiring.write_wire_scope: net not found
2026-08-15 22:23:55.169 WARN   Wiring.write_wire_scope: net not found
2026-08-15 22:23:55.169 WARN   Wiring.write_wire_scope: net not found
2026-08-15 22:23:55.170 WARN   Wiring.write_wire_scope: net not found
2026-08-15 22:23:55.170 WARN   Wiring.write_wire_scope: net not found
2026-08-15 22:23:55.170 WARN   Wiring.write_wire_scope: net not found
2026-08-15 22:23:59.157 INFO   [ECBEF4\9DA11B] Auto-routing pass #1 on board 'ff48c4c7b84a946649d075f9bed8b317' was completed in 111.37 seconds with the score of 0.00 (6 unrouted and 209 violations), using 118.30 CPU seconds and the job allocated 125.13 GB of memory so far.
