2026-08-15 22:27:37.279 INFO   Freerouting v2.3.0 (build-date: 2026-08-07)
2026-08-15 22:27:37.284 DEBUG  [startup] user-data path : C:\Users\jfran\Documents\GitHub\H.265-SVRT\design\electrical\pcb-hmd-carrier-board\output\production-audit\freerouting-run-power-stage2  (source: CLI argument --user_data_path)
2026-08-15 22:27:37.284 DEBUG  [startup] log file       : C:\Users\jfran\Documents\GitHub\H.265-SVRT\design\electrical\pcb-hmd-carrier-board\output\production-audit\freerouting-run-power-stage2\freerouting.log
2026-08-15 22:27:37.286 DEBUG  No freerouting.json found at 'C:\Users\jfran\Documents\GitHub\H.265-SVRT\design\electrical\pcb-hmd-carrier-board\output\production-audit\freerouting-run-power-stage2\freerouting.json' — will create one with default settings.
2026-08-15 22:27:37.338 DEBUG  Default settings saved to 'C:\Users\jfran\Documents\GitHub\H.265-SVRT\design\electrical\pcb-hmd-carrier-board\output\production-audit\freerouting-run-power-stage2\freerouting.json'.
2026-08-15 22:27:37.338 DEBUG  Version: 2.3.0,2026-08-07
2026-08-15 22:27:37.339 DEBUG  Command line arguments: '-de C:\Users\jfran\Documents\GitHub\H.265-SVRT\design\electrical\pcb-hmd-carrier-board\output\production-audit\pcb-hmd-carrier-board2-power-stage2.dsn -do C:\Users\jfran\Documents\GitHub\H.265-SVRT\design\electrical\pcb-hmd-carrier-board\output\production-audit\pcb-hmd-carrier-board2-power-stage2.ses -mp 2 -mt 0 --router.fanout.enabled=true --router.optimizer.enabled=false --router.layers.routable=true,false,true,true,false,true --router.layers.preferred_direction_horizontal=true,false,false,true,false,true --api_server.enabled=false --gui.enabled=false --logging.console.level=INFO --user_data_path=C:\Users\jfran\Documents\GitHub\H.265-SVRT\design\electrical\pcb-hmd-carrier-board\output\production-audit\freerouting-run-power-stage2 -l en'
2026-08-15 22:27:37.339 DEBUG  Architecture: Windows 11,amd64,10.0
2026-08-15 22:27:37.339 DEBUG  Java: 25.0.4,Eclipse Adoptium
2026-08-15 22:27:37.339 DEBUG  System Language: fr,fr_FR
2026-08-15 22:27:37.339 DEBUG  Hardware: 12 CPU cores,4044 MB RAM
2026-08-15 22:27:37.339 DEBUG  UTC Time: 2026-08-15T20:27:37.338486500Z
2026-08-15 22:27:37.342 DEBUG  GUI Language: en
2026-08-15 22:27:37.342 DEBUG  Host: N/A
2026-08-15 22:27:38.406 DEBUG  Loaded router settings from: C:\Users\jfran\Documents\GitHub\H.265-SVRT\design\electrical\pcb-hmd-carrier-board\output\production-audit\freerouting-run-power-stage2\freerouting.json
2026-08-15 22:27:38.407 DEBUG  Applied CLI router setting: router.max_passes = 2
2026-08-15 22:27:38.407 DEBUG  Applied CLI router setting: router.max_threads = 0
2026-08-15 22:27:38.407 DEBUG  Applied CLI router setting: router.fanout.enabled = true
2026-08-15 22:27:38.407 DEBUG  Applied CLI router setting: router.optimizer.enabled = false
2026-08-15 22:27:38.407 DEBUG  Applied CLI router setting: router.layers.routable = true,false,true,true,false,true
2026-08-15 22:27:38.407 DEBUG  Applied CLI router setting: router.layers.preferred_direction_horizontal = true,false,false,true,false,true
2026-08-15 22:27:38.407 DEBUG  Applied CLI router setting: router.enabled = true (implicit from -de/-do batch mode)
2026-08-15 22:27:38.408 DEBUG  No router settings found in environment variables
2026-08-15 22:27:38.477 DEBUG  Set DEFAULT clearance (all layers): 1500 (0.0375 mm) from DSN value 150.0
2026-08-15 22:27:38.485 DEBUG  Set clearance (all layers): smd_smd = 375 (0.009375 mm), classes [2,2]
2026-08-15 22:27:38.487 DEBUG  Set default trace width (all layers): DSN=150.0 → board=1500 (0.0375 mm)
2026-08-15 22:27:38.576 DEBUG  Loaded router settings from DSN file: pcb-hmd-carrier-board2-power-stage2.dsn (6 layers)
2026-08-15 22:27:38.588 DEBUG  Set DEFAULT clearance (all layers): 1500 (0.0375 mm) from DSN value 150.0
2026-08-15 22:27:38.588 DEBUG  Set clearance (all layers): smd_smd = 375 (0.009375 mm), classes [2,2]
2026-08-15 22:27:38.589 DEBUG  Set default trace width (all layers): DSN=150.0 → board=1500 (0.0375 mm)
2026-08-15 22:27:38.620 DEBUG  Loaded router settings from DSN file: pcb-hmd-carrier-board2-power-stage2.dsn (6 layers)
2026-08-15 22:27:38.622 DEBUG  Merging settings from 5 sources:
2026-08-15 22:27:38.624 DEBUG    - Default Settings (priority 0): base settings
2026-08-15 22:27:38.626 DEBUG    - freerouting.json (priority 10): 0 fields changed
2026-08-15 22:27:38.626 DEBUG    - DSN file: pcb-hmd-carrier-board2-power-stage2.dsn (priority 20): 8 fields changed
2026-08-15 22:27:38.627 DEBUG    - Environment Variables (priority 55): 0 fields changed
2026-08-15 22:27:38.627 DEBUG    - CLI Arguments (priority 60): 9 fields changed
2026-08-15 22:27:38.627 DEBUG  Settings merged successfully from 5 source(s)
2026-08-15 22:27:38.705 DEBUG  No new version available. Current version is up to date: v2.3.0
2026-08-15 22:27:38.833 INFO   [07BB65\2015D5] Loading board file 'pcb-hmd-carrier-board2-power-stage2.dsn'...
2026-08-15 22:27:38.842 DEBUG  Set DEFAULT clearance (all layers): 1500 (0.0375 mm) from DSN value 150.0
2026-08-15 22:27:38.842 DEBUG  Set clearance (all layers): smd_smd = 375 (0.009375 mm), classes [2,2]
2026-08-15 22:27:38.842 DEBUG  Set default trace width (all layers): DSN=150.0 → board=1500 (0.0375 mm)
2026-08-15 22:27:39.023 DEBUG  Wiring: degenerate wire trace skipped (all 1 corners are identical — zero-length trace) on layer 'B.Cu'. This is likely a DSN export issue in your EDA tool.
2026-08-15 22:27:39.026 DEBUG  Wiring: degenerate wire trace skipped (all 1 corners are identical — zero-length trace) on layer 'PWR_SIG2'. This is likely a DSN export issue in your EDA tool.
2026-08-15 22:27:39.034 DEBUG  Wiring: degenerate wire trace skipped (all 1 corners are identical — zero-length trace) on layer 'PWR_SIG2'. This is likely a DSN export issue in your EDA tool.
2026-08-15 22:27:39.130 WARN   DSN file 'pcb-hmd-carrier-board2-power-stage2.dsn' was loaded with 3 warning(s).
2026-08-15 22:27:39.132 DEBUG  applyBoardSpecificOptimizations changed parameters:
  Layer 0: bendCost: null -> 0.0; preferredDirectionTraceCost: 1.0 -> 2.2; undesiredDirectionTraceCost: 1.0 -> 5.1000000000000005;
  Layer 1: bendCost: null -> 0.0; undesiredDirectionTraceCost: 1.0 -> 1.3;
  Layer 2: bendCost: null -> 0.0; undesiredDirectionTraceCost: 1.0 -> 3.9000000000000004;
  Layer 3: bendCost: null -> 0.0; undesiredDirectionTraceCost: 1.0 -> 1.3;
  Layer 4: bendCost: null -> 0.0; undesiredDirectionTraceCost: 1.0 -> 3.9000000000000004;
  Layer 5: bendCost: null -> 0.0; preferredDirectionTraceCost: 1.0 -> 2.2; undesiredDirectionTraceCost: 1.0 -> 2.5;
2026-08-15 22:27:39.147 DEBUG  Applied copper-to-edge clearance override: 500.0 um (5000 board units).
2026-08-15 22:27:39.158 DEBUG  Set DEFAULT clearance (all layers): 1500 (0.0375 mm) from DSN value 150.0
2026-08-15 22:27:39.158 DEBUG  Set clearance (all layers): smd_smd = 375 (0.009375 mm), classes [2,2]
2026-08-15 22:27:39.159 DEBUG  Set default trace width (all layers): DSN=150.0 → board=1500 (0.0375 mm)
2026-08-15 22:27:39.181 DEBUG  Loaded router settings from DSN file: pcb-hmd-carrier-board2-power-stage2.dsn (6 layers)
2026-08-15 22:27:39.182 DEBUG  Merging settings from 6 sources:
2026-08-15 22:27:39.182 DEBUG    - Default Settings (priority 0): base settings
2026-08-15 22:27:39.182 DEBUG    - freerouting.json (priority 10): 0 fields changed
2026-08-15 22:27:39.183 DEBUG    - DSN file: pcb-hmd-carrier-board2-power-stage2.dsn (priority 20): 8 fields changed
2026-08-15 22:27:39.183 DEBUG    - Environment Variables (priority 55): 0 fields changed
2026-08-15 22:27:39.183 DEBUG    - CLI Arguments (priority 60): 9 fields changed
2026-08-15 22:27:39.183 DEBUG    - API Settings (priority 70): 28 fields changed
2026-08-15 22:27:39.183 DEBUG  Settings merged successfully from 6 source(s)
2026-08-15 22:27:39.184 DEBUG  applyBoardSpecificOptimizations changed parameters:
  Layer 0: preferredDirectionTraceCost: 1.0 -> 2.2; undesiredDirectionTraceCost: 1.0 -> 5.1000000000000005;
  Layer 1: undesiredDirectionTraceCost: 1.0 -> 1.3;
  Layer 2: undesiredDirectionTraceCost: 1.0 -> 3.9000000000000004;
  Layer 3: undesiredDirectionTraceCost: 1.0 -> 1.3;
  Layer 4: undesiredDirectionTraceCost: 1.0 -> 3.9000000000000004;
  Layer 5: preferredDirectionTraceCost: 1.0 -> 2.2; undesiredDirectionTraceCost: 1.0 -> 2.5;
2026-08-15 22:27:39.188 INFO   [07BB65\2015D5] Job '07BB65\2015D5' started at 2026-08-15T20:27:39.187760500Z.
2026-08-15 22:27:39.407 DEBUG  [07BB65\2015D5] Checking fanout pre-pass. settings.fanout.enabled=true, smd_pins=1581
2026-08-15 22:27:39.502 INFO   [07BB65\2015D5] Fanout stage started on board 'f54b91c6cfe144f0e890ecc807543d8a' with 230 of 1581 SMD pins needing fanout (259 already connected, 1092 netless).
2026-08-15 22:27:40.260 DEBUG  InsertFoundConnectionAlgo: insert trace failed for net #21 at corner 4/4 on layer 0, trace width: 2500, from corner: 3, ok_point: (1215000,-1111271), target: (1215000,-1045000)
2026-08-15 22:27:40.322 DEBUG  InsertFoundConnectionAlgo: insert trace failed for net #21 at corner 6/6 on layer 0, trace width: 2500, from corner: 5, ok_point: (1222000,-1109624), target: (1222000,-1045000)
2026-08-15 22:27:40.448 DEBUG  InsertFoundConnectionAlgo: insert trace failed for net #5 at corner 3/3 on layer 5, trace width: 2500, from corner: 0, ok_point: (1599000,-1272200), target: (1595000,-1272200)
2026-08-15 22:27:40.453 DEBUG  InsertFoundConnectionAlgo: insert trace failed for net #188 at corner 2/2 on layer 5, trace width: 5000, from corner: 1, ok_point: (1595002,-1303000), target: (1591000,-1303000)
2026-08-15 22:27:40.536 DEBUG  InsertFoundConnectionAlgo: insert trace failed for net #188 at corner 3/3 on layer 5, trace width: 5000, from corner: 0, ok_point: (1611000,-1303000), target: (1607000,-1303000)
2026-08-15 22:27:40.543 DEBUG  InsertFoundConnectionAlgo: insert trace failed for net #188 at corner 2/2 on layer 5, trace width: 5000, from corner: 1, ok_point: (1606998,-1303000), target: (1611000,-1303000)
2026-08-15 22:27:40.611 DEBUG  InsertFoundConnectionAlgo: insert trace failed for net #86 at corner 9/9 on layer 0, trace width: 2500, from corner: 6, ok_point: (2184742,-1142998), target: (2160000,-1140000)
2026-08-15 22:27:41.175 DEBUG  InsertFoundConnectionAlgo: insert trace failed for net #5 at corner 16/16 on layer 0, trace width: 2500, from corner: 13, ok_point: (1138932,-1223443), target: (1151250,-1225000)
2026-08-15 22:27:41.265 DEBUG  InsertFoundConnectionAlgo: insert trace failed for net #105 at corner 3/3 on layer 5, trace width: 5000, from corner: 2, ok_point: (1979000,-954004), target: (1979000,-950000)
2026-08-15 22:27:41.269 DEBUG  InsertFoundConnectionAlgo: insert trace failed for net #105 at corner 3/3 on layer 5, trace width: 5000, from corner: 0, ok_point: (1979000,-950000), target: (1979000,-954000)
2026-08-15 22:27:41.282 DEBUG  InsertFoundConnectionAlgo: insert trace failed for net #5 at corner 1/1 on layer 5, trace width: 2500, from corner: 0, ok_point: (2107250,-970000), target: (2035000,-970000)
2026-08-15 22:27:41.285 DEBUG  InsertFoundConnectionAlgo: insert trace failed for net #188 at corner 1/1 on layer 5, trace width: 5000, from corner: 0, ok_point: (2019000,-970000), target: (2023000,-970000)
2026-08-15 22:27:41.287 DEBUG  InsertFoundConnectionAlgo: insert trace failed for net #188 at corner 1/1 on layer 5, trace width: 5000, from corner: 0, ok_point: (2023000,-970000), target: (2019000,-970000)
2026-08-15 22:27:41.290 DEBUG  InsertFoundConnectionAlgo: insert trace failed for net #105 at corner 1/1 on layer 5, trace width: 5000, from corner: 0, ok_point: (2015000,-970000), target: (2011000,-970000)
2026-08-15 22:27:41.292 DEBUG  InsertFoundConnectionAlgo: insert trace failed for net #105 at corner 1/1 on layer 5, trace width: 5000, from corner: 0, ok_point: (2011000,-970000), target: (2015000,-970000)
2026-08-15 22:27:41.345 DEBUG  InsertFoundConnectionAlgo: insert trace failed for net #188 at corner 12/12 on layer 5, trace width: 5000, from corner: 9, ok_point: (2205600,-1267165), target: (2186000,-1275000)
2026-08-15 22:27:41.465 DEBUG  InsertFoundConnectionAlgo: insert trace failed for net #21 at corner 7/7 on layer 0, trace width: 2500, from corner: 0, ok_point: (2156000,-1029600), target: (2163000,-1029600)
2026-08-15 22:27:41.542 DEBUG  InsertFoundConnectionAlgo: insert trace failed for net #21 at corner 7/7 on layer 0, trace width: 2500, from corner: 0, ok_point: (2163000,-1029600), target: (2156000,-1029600)
2026-08-15 22:27:41.666 DEBUG  InsertFoundConnectionAlgo: insert trace failed for net #260 at corner 1/1 on layer 5, trace width: 5000, from corner: 0, ok_point: (2199625,-1224250), target: (2199625,-1220250)
2026-08-15 22:27:41.668 DEBUG  InsertFoundConnectionAlgo: insert trace failed for net #260 at corner 1/1 on layer 5, trace width: 5000, from corner: 0, ok_point: (2199625,-1224250), target: (2199625,-1220250)
2026-08-15 22:27:41.670 DEBUG  InsertFoundConnectionAlgo: insert trace failed for net #260 at corner 1/1 on layer 5, trace width: 5000, from corner: 0, ok_point: (2199625,-1220250), target: (2199625,-1224250)
2026-08-15 22:27:41.671 DEBUG  InsertFoundConnectionAlgo: insert trace failed for net #260 at corner 1/1 on layer 5, trace width: 5000, from corner: 0, ok_point: (2199625,-1220250), target: (2199625,-1224250)
2026-08-15 22:27:41.837 DEBUG  InsertFoundConnectionAlgo: insert trace failed for net #105 at corner 4/4 on layer 0, trace width: 5000, from corner: 0, ok_point: (1195000,-1128500), target: (1195000,-1135000)
2026-08-15 22:27:41.839 DEBUG  InsertFoundConnectionAlgo: insert trace failed for net #105 at corner 4/4 on layer 0, trace width: 5000, from corner: 0, ok_point: (1195000,-1128500), target: (1195000,-1122000)
2026-08-15 22:27:41.840 DEBUG  InsertFoundConnectionAlgo: insert trace failed for net #105 at corner 4/4 on layer 0, trace width: 5000, from corner: 0, ok_point: (1195000,-1135000), target: (1195000,-1128500)
2026-08-15 22:27:42.090 DEBUG  InsertFoundConnectionAlgo: insert trace failed for net #188 at corner 1/1 on layer 5, trace width: 5000, from corner: 0, ok_point: (2055375,-1175375), target: (2055375,-1170375)
2026-08-15 22:27:42.093 DEBUG  InsertFoundConnectionAlgo: insert trace failed for net #188 at corner 5/5 on layer 5, trace width: 5000, from corner: 0, ok_point: (2055375,-1170375), target: (2055375,-1175375)
2026-08-15 22:27:42.106 DEBUG  InsertFoundConnectionAlgo: insert trace failed for net #5 at corner 3/3 on layer 5, trace width: 2500, from corner: 0, ok_point: (2055997,-970000), target: (2040000,-1046500)
2026-08-15 22:27:42.369 DEBUG  InsertFoundConnectionAlgo: insert trace failed for net #188 at corner 4/4 on layer 0, trace width: 5000, from corner: 3, ok_point: (2221472,-1205528), target: (2215000,-1212000)
2026-08-15 22:27:42.381 DEBUG  InsertFoundConnectionAlgo: insert trace failed for net #5 at corner 12/12 on layer 0, trace width: 2500, from corner: 0, ok_point: (2025000,-1128500), target: (2025000,-1145000)
2026-08-15 22:27:42.390 DEBUG  InsertFoundConnectionAlgo: insert trace failed for net #5 at corner 9/9 on layer 0, trace width: 2500, from corner: 0, ok_point: (2025000,-1145000), target: (2025000,-1128500)
2026-08-15 22:27:43.299 DEBUG  InsertFoundConnectionAlgo: insert trace failed for net #5 at corner 11/11 on layer 0, trace width: 2500, from corner: 3, ok_point: (2105945,-1331907), target: (2091250,-1324400)
2026-08-15 22:27:43.686 DEBUG  InsertFoundConnectionAlgo: insert trace failed for net #5 at corner 3/3 on layer 5, trace width: 2500, from corner: 0, ok_point: (2035000,-970000), target: (2050019,-970000)
2026-08-15 22:27:43.797 DEBUG  InsertFoundConnectionAlgo: insert trace failed for net #105 at corner 5/5 on layer 5, trace width: 5000, from corner: 0, ok_point: (2011000,-970000), target: (2025000,-995000)
2026-08-15 22:27:44.798 INFO   [07BB65\2015D5] Fanout pass #1 on board '1b6d2f098e73b1f65bcc42825bfff326' completed in 5.05 seconds with 100 SMD pins fanouted, 124 not routed, 0 insert errors, +29 extra vias (0 SMD pins still to check in pass, ripup costs=100).
2026-08-15 22:27:45.176 DEBUG  InsertFoundConnectionAlgo: insert trace failed for net #21 at corner 1/1 on layer 0, trace width: 2500, from corner: 0, ok_point: (1215000,-1056494), target: (1215000,-1045000)
2026-08-15 22:27:45.188 DEBUG  InsertFoundConnectionAlgo: insert trace failed for net #21 at corner 1/1 on layer 0, trace width: 2500, from corner: 0, ok_point: (1222000,-1060029), target: (1222000,-1045000)
2026-08-15 22:27:45.231 DEBUG  InsertFoundConnectionAlgo: insert trace failed for net #5 at corner 3/3 on layer 5, trace width: 2500, from corner: 0, ok_point: (1599000,-1272200), target: (1595000,-1272200)
2026-08-15 22:27:45.235 DEBUG  InsertFoundConnectionAlgo: insert trace failed for net #188 at corner 2/2 on layer 5, trace width: 5000, from corner: 1, ok_point: (1595002,-1303000), target: (1591000,-1303000)
2026-08-15 22:27:45.246 DEBUG  InsertFoundConnectionAlgo: insert trace failed for net #5 at corner 4/4 on layer 5, trace width: 2500, from corner: 3, ok_point: (1611000,-1286617), target: (1611000,-1272200)
2026-08-15 22:27:45.250 DEBUG  InsertFoundConnectionAlgo: insert trace failed for net #188 at corner 3/3 on layer 5, trace width: 5000, from corner: 0, ok_point: (1611000,-1303000), target: (1607000,-1303000)
2026-08-15 22:27:45.252 DEBUG  InsertFoundConnectionAlgo: insert trace failed for net #188 at corner 3/3 on layer 5, trace width: 5000, from corner: 0, ok_point: (1611000,-1303000), target: (1607000,-1303000)
2026-08-15 22:27:45.256 DEBUG  InsertFoundConnectionAlgo: insert trace failed for net #188 at corner 3/3 on layer 5, trace width: 5000, from corner: 0, ok_point: (1611000,-1303000), target: (1607000,-1303000)
2026-08-15 22:27:45.259 DEBUG  InsertFoundConnectionAlgo: insert trace failed for net #188 at corner 3/3 on layer 5, trace width: 5000, from corner: 0, ok_point: (1611000,-1303000), target: (1607000,-1303000)
2026-08-15 22:27:45.261 DEBUG  InsertFoundConnectionAlgo: insert trace failed for net #188 at corner 2/2 on layer 5, trace width: 5000, from corner: 1, ok_point: (1606998,-1303000), target: (1611000,-1303000)
2026-08-15 22:27:45.297 DEBUG  InsertFoundConnectionAlgo: insert trace failed for net #5 at corner 11/11 on layer 0, trace width: 2500, from corner: 8, ok_point: (2181940,-1140849), target: (2160000,-1135000)
2026-08-15 22:27:45.465 DEBUG  InsertFoundConnectionAlgo: insert trace failed for net #5 at corner 2/2 on layer 0, trace width: 2500, from corner: 0, ok_point: (1141052,-1224011), target: (1151250,-1225000)
2026-08-15 22:27:45.567 DEBUG  InsertFoundConnectionAlgo: insert trace failed for net #105 at corner 3/3 on layer 5, trace width: 5000, from corner: 0, ok_point: (1979000,-950000), target: (1979000,-954000)
2026-08-15 22:27:45.570 DEBUG  InsertFoundConnectionAlgo: insert trace failed for net #105 at corner 3/3 on layer 5, trace width: 5000, from corner: 2, ok_point: (1979000,-954004), target: (1979000,-950000)
2026-08-15 22:27:45.572 DEBUG  InsertFoundConnectionAlgo: insert trace failed for net #105 at corner 3/3 on layer 5, trace width: 5000, from corner: 0, ok_point: (1979000,-950000), target: (1979000,-954000)
2026-08-15 22:27:45.575 DEBUG  InsertFoundConnectionAlgo: insert trace failed for net #5 at corner 1/1 on layer 5, trace width: 2500, from corner: 0, ok_point: (2043270,-970000), target: (2035000,-970000)
2026-08-15 22:27:45.576 DEBUG  InsertFoundConnectionAlgo: insert trace failed for net #188 at corner 1/1 on layer 5, trace width: 5000, from corner: 0, ok_point: (2019000,-970000), target: (2023000,-970000)
2026-08-15 22:27:45.578 DEBUG  InsertFoundConnectionAlgo: insert trace failed for net #188 at corner 1/1 on layer 5, trace width: 5000, from corner: 0, ok_point: (2023000,-970000), target: (2019000,-970000)
2026-08-15 22:27:45.580 DEBUG  InsertFoundConnectionAlgo: insert trace failed for net #105 at corner 1/1 on layer 5, trace width: 5000, from corner: 0, ok_point: (2015000,-970000), target: (2011000,-970000)
2026-08-15 22:27:45.581 DEBUG  InsertFoundConnectionAlgo: insert trace failed for net #105 at corner 1/1 on layer 5, trace width: 5000, from corner: 0, ok_point: (2011000,-970000), target: (2015000,-970000)
2026-08-15 22:27:45.616 DEBUG  InsertFoundConnectionAlgo: insert trace failed for net #188 at corner 12/12 on layer 5, trace width: 5000, from corner: 9, ok_point: (2205600,-1267165), target: (2186000,-1275000)
2026-08-15 22:27:45.701 DEBUG  InsertFoundConnectionAlgo: insert trace failed for net #21 at corner 7/7 on layer 0, trace width: 2500, from corner: 0, ok_point: (2156000,-1029600), target: (2163000,-1029600)
2026-08-15 22:27:45.752 DEBUG  InsertFoundConnectionAlgo: insert trace failed for net #21 at corner 7/7 on layer 0, trace width: 2500, from corner: 0, ok_point: (2163000,-1029600), target: (2156000,-1029600)
2026-08-15 22:27:45.873 DEBUG  InsertFoundConnectionAlgo: insert trace failed for net #260 at corner 1/1 on layer 5, trace width: 5000, from corner: 0, ok_point: (2199625,-1224250), target: (2199625,-1220250)
2026-08-15 22:27:45.874 DEBUG  InsertFoundConnectionAlgo: insert trace failed for net #260 at corner 1/1 on layer 5, trace width: 5000, from corner: 0, ok_point: (2199625,-1224250), target: (2199625,-1220250)
2026-08-15 22:27:45.876 DEBUG  InsertFoundConnectionAlgo: insert trace failed for net #260 at corner 1/1 on layer 5, trace width: 5000, from corner: 0, ok_point: (2199625,-1220250), target: (2199625,-1224250)
2026-08-15 22:27:45.877 DEBUG  InsertFoundConnectionAlgo: insert trace failed for net #260 at corner 1/1 on layer 5, trace width: 5000, from corner: 0, ok_point: (2199625,-1220250), target: (2199625,-1224250)
2026-08-15 22:27:46.018 DEBUG  InsertFoundConnectionAlgo: insert trace failed for net #105 at corner 4/4 on layer 0, trace width: 5000, from corner: 0, ok_point: (1195000,-1128500), target: (1195000,-1135000)
2026-08-15 22:27:46.019 DEBUG  InsertFoundConnectionAlgo: insert trace failed for net #105 at corner 4/4 on layer 0, trace width: 5000, from corner: 0, ok_point: (1195000,-1128500), target: (1195000,-1122000)
2026-08-15 22:27:46.021 DEBUG  InsertFoundConnectionAlgo: insert trace failed for net #105 at corner 4/4 on layer 0, trace width: 5000, from corner: 0, ok_point: (1195000,-1135000), target: (1195000,-1128500)
2026-08-15 22:27:46.044 DEBUG  InsertFoundConnectionAlgo: insert trace failed for net #188 at corner 1/1 on layer 5, trace width: 5000, from corner: 0, ok_point: (2055375,-1175375), target: (2055375,-1170375)
2026-08-15 22:27:46.045 DEBUG  InsertFoundConnectionAlgo: insert trace failed for net #188 at corner 5/5 on layer 5, trace width: 5000, from corner: 0, ok_point: (2055375,-1170375), target: (2055375,-1175375)
2026-08-15 22:27:46.047 DEBUG  InsertFoundConnectionAlgo: insert trace failed for net #5 at corner 2/2 on layer 5, trace width: 2500, from corner: 0, ok_point: (2050019,-1043000), target: (2040000,-1046500)
2026-08-15 22:27:46.323 DEBUG  InsertFoundConnectionAlgo: insert trace failed for net #5 at corner 12/12 on layer 0, trace width: 2500, from corner: 0, ok_point: (2025000,-1128500), target: (2025000,-1145000)
2026-08-15 22:27:46.330 DEBUG  InsertFoundConnectionAlgo: insert trace failed for net #5 at corner 9/9 on layer 0, trace width: 2500, from corner: 0, ok_point: (2025000,-1145000), target: (2025000,-1128500)
2026-08-15 22:27:47.383 DEBUG  InsertFoundConnectionAlgo: insert trace failed for net #105 at corner 5/5 on layer 5, trace width: 5000, from corner: 0, ok_point: (2011000,-970000), target: (2025000,-995000)
2026-08-15 22:27:47.925 INFO   [07BB65\2015D5] Fanout pass #2 on board 'f8e5f2de02854cd0d96e7b5f73b1890c' completed in 3.03 seconds with 22 SMD pins fanouted, 150 not routed, 0 insert errors, +4 extra vias (0 SMD pins still to check in pass, ripup costs=200).
2026-08-15 22:27:48.329 DEBUG  InsertFoundConnectionAlgo: insert trace failed for net #21 at corner 2/2 on layer 0, trace width: 2500, from corner: 1, ok_point: (1215000,-1060669), target: (1215000,-1045000)
2026-08-15 22:27:48.341 DEBUG  InsertFoundConnectionAlgo: insert trace failed for net #21 at corner 6/6 on layer 0, trace width: 2500, from corner: 5, ok_point: (1222000,-1109624), target: (1222000,-1045000)
2026-08-15 22:27:48.373 DEBUG  InsertFoundConnectionAlgo: insert trace failed for net #5 at corner 3/3 on layer 5, trace width: 2500, from corner: 0, ok_point: (1599000,-1272200), target: (1595000,-1272200)
2026-08-15 22:27:48.376 DEBUG  InsertFoundConnectionAlgo: insert trace failed for net #188 at corner 2/2 on layer 5, trace width: 5000, from corner: 1, ok_point: (1595002,-1303000), target: (1591000,-1303000)
2026-08-15 22:27:48.387 DEBUG  InsertFoundConnectionAlgo: insert trace failed for net #5 at corner 4/4 on layer 5, trace width: 2500, from corner: 3, ok_point: (1611000,-1286617), target: (1611000,-1272200)
2026-08-15 22:27:48.391 DEBUG  InsertFoundConnectionAlgo: insert trace failed for net #188 at corner 3/3 on layer 5, trace width: 5000, from corner: 0, ok_point: (1611000,-1303000), target: (1607000,-1303000)
2026-08-15 22:27:48.393 DEBUG  InsertFoundConnectionAlgo: insert trace failed for net #188 at corner 3/3 on layer 5, trace width: 5000, from corner: 0, ok_point: (1611000,-1303000), target: (1607000,-1303000)
2026-08-15 22:27:48.395 DEBUG  InsertFoundConnectionAlgo: insert trace failed for net #188 at corner 3/3 on layer 5, trace width: 5000, from corner: 0, ok_point: (1611000,-1303000), target: (1607000,-1303000)
2026-08-15 22:27:48.397 DEBUG  InsertFoundConnectionAlgo: insert trace failed for net #188 at corner 3/3 on layer 5, trace width: 5000, from corner: 0, ok_point: (1611000,-1303000), target: (1607000,-1303000)
2026-08-15 22:27:48.400 DEBUG  InsertFoundConnectionAlgo: insert trace failed for net #188 at corner 2/2 on layer 5, trace width: 5000, from corner: 1, ok_point: (1606998,-1303000), target: (1611000,-1303000)
2026-08-15 22:27:48.437 DEBUG  InsertFoundConnectionAlgo: insert trace failed for net #5 at corner 11/11 on layer 0, trace width: 2500, from corner: 8, ok_point: (2181940,-1140849), target: (2160000,-1135000)
2026-08-15 22:27:48.539 DEBUG  InsertFoundConnectionAlgo: insert trace failed for net #5 at corner 9/9 on layer 0, trace width: 2500, from corner: 6, ok_point: (2065054,-1122589), target: (2091000,-1135000)
2026-08-15 22:27:48.636 DEBUG  InsertFoundConnectionAlgo: insert trace failed for net #105 at corner 3/3 on layer 5, trace width: 5000, from corner: 0, ok_point: (1979000,-950000), target: (1979000,-954000)
2026-08-15 22:27:48.639 DEBUG  InsertFoundConnectionAlgo: insert trace failed for net #105 at corner 3/3 on layer 5, trace width: 5000, from corner: 2, ok_point: (1979000,-954004), target: (1979000,-950000)
2026-08-15 22:27:48.642 DEBUG  InsertFoundConnectionAlgo: insert trace failed for net #105 at corner 3/3 on layer 5, trace width: 5000, from corner: 0, ok_point: (1979000,-950000), target: (1979000,-954000)
2026-08-15 22:27:48.649 DEBUG  InsertFoundConnectionAlgo: insert trace failed for net #5 at corner 1/1 on layer 5, trace width: 2500, from corner: 0, ok_point: (2107250,-970000), target: (2035000,-970000)
2026-08-15 22:27:48.651 DEBUG  InsertFoundConnectionAlgo: insert trace failed for net #188 at corner 1/1 on layer 5, trace width: 5000, from corner: 0, ok_point: (2019000,-970000), target: (2023000,-970000)
2026-08-15 22:27:48.653 DEBUG  InsertFoundConnectionAlgo: insert trace failed for net #188 at corner 1/1 on layer 5, trace width: 5000, from corner: 0, ok_point: (2023000,-970000), target: (2019000,-970000)
2026-08-15 22:27:48.654 DEBUG  InsertFoundConnectionAlgo: insert trace failed for net #105 at corner 1/1 on layer 5, trace width: 5000, from corner: 0, ok_point: (2015000,-970000), target: (2011000,-970000)
2026-08-15 22:27:48.655 DEBUG  InsertFoundConnectionAlgo: insert trace failed for net #105 at corner 1/1 on layer 5, trace width: 5000, from corner: 0, ok_point: (2011000,-970000), target: (2015000,-970000)
2026-08-15 22:27:48.667 DEBUG  InsertFoundConnectionAlgo: insert trace failed for net #188 at corner 2/2 on layer 5, trace width: 5000, from corner: 0, ok_point: (2194219,-1273400), target: (2186000,-1275000)
2026-08-15 22:27:48.747 DEBUG  InsertFoundConnectionAlgo: insert trace failed for net #21 at corner 7/7 on layer 0, trace width: 2500, from corner: 0, ok_point: (2156000,-1029600), target: (2163000,-1029600)
2026-08-15 22:27:48.801 DEBUG  InsertFoundConnectionAlgo: insert trace failed for net #21 at corner 7/7 on layer 0, trace width: 2500, from corner: 0, ok_point: (2163000,-1029600), target: (2156000,-1029600)
2026-08-15 22:27:48.908 DEBUG  InsertFoundConnectionAlgo: insert trace failed for net #260 at corner 1/1 on layer 5, trace width: 5000, from corner: 0, ok_point: (2199625,-1224250), target: (2199625,-1220250)
2026-08-15 22:27:48.908 DEBUG  InsertFoundConnectionAlgo: insert trace failed for net #260 at corner 1/1 on layer 5, trace width: 5000, from corner: 0, ok_point: (2199625,-1224250), target: (2199625,-1220250)
2026-08-15 22:27:48.910 DEBUG  InsertFoundConnectionAlgo: insert trace failed for net #260 at corner 1/1 on layer 5, trace width: 5000, from corner: 0, ok_point: (2199625,-1220250), target: (2199625,-1224250)
2026-08-15 22:27:48.911 DEBUG  InsertFoundConnectionAlgo: insert trace failed for net #260 at corner 1/1 on layer 5, trace width: 5000, from corner: 0, ok_point: (2199625,-1220250), target: (2199625,-1224250)
2026-08-15 22:27:48.979 DEBUG  InsertFoundConnectionAlgo: insert trace failed for net #105 at corner 4/4 on layer 0, trace width: 5000, from corner: 0, ok_point: (1195000,-1128500), target: (1195000,-1135000)
2026-08-15 22:27:48.981 DEBUG  InsertFoundConnectionAlgo: insert trace failed for net #105 at corner 4/4 on layer 0, trace width: 5000, from corner: 0, ok_point: (1195000,-1128500), target: (1195000,-1122000)
2026-08-15 22:27:48.982 DEBUG  InsertFoundConnectionAlgo: insert trace failed for net #105 at corner 4/4 on layer 0, trace width: 5000, from corner: 0, ok_point: (1195000,-1135000), target: (1195000,-1128500)
2026-08-15 22:27:49.046 DEBUG  InsertFoundConnectionAlgo: insert trace failed for net #188 at corner 1/1 on layer 5, trace width: 5000, from corner: 0, ok_point: (2055375,-1175375), target: (2055375,-1170375)
2026-08-15 22:27:49.048 DEBUG  InsertFoundConnectionAlgo: insert trace failed for net #188 at corner 5/5 on layer 5, trace width: 5000, from corner: 0, ok_point: (2055375,-1170375), target: (2055375,-1175375)
2026-08-15 22:27:49.188 DEBUG  InsertFoundConnectionAlgo: insert trace failed for net #5 at corner 12/12 on layer 0, trace width: 2500, from corner: 0, ok_point: (2025000,-1128500), target: (2025000,-1145000)
2026-08-15 22:27:49.196 DEBUG  InsertFoundConnectionAlgo: insert trace failed for net #5 at corner 9/9 on layer 0, trace width: 2500, from corner: 0, ok_point: (2025000,-1145000), target: (2025000,-1128500)
2026-08-15 22:27:49.750 DEBUG  InsertFoundConnectionAlgo: insert trace failed for net #86 at corner 19/19 on layer 0, trace width: 2500, from corner: 12, ok_point: (2091555,-1331707), target: (2106250,-1324600)
2026-08-15 22:27:50.073 DEBUG  InsertFoundConnectionAlgo: insert trace failed for net #105 at corner 5/5 on layer 5, trace width: 5000, from corner: 0, ok_point: (2011000,-970000), target: (2025000,-995000)
2026-08-15 22:27:50.654 INFO   [07BB65\2015D5] Fanout pass #3 on board '04944776928cf13b3db118a90e90a386' completed in 2.62 seconds with 11 SMD pins fanouted, 146 not routed, 0 insert errors, +1 extra via (0 SMD pins still to check in pass, ripup costs=300).
2026-08-15 22:27:51.030 DEBUG  InsertFoundConnectionAlgo: insert trace failed for net #21 at corner 1/1 on layer 0, trace width: 2500, from corner: 0, ok_point: (1215000,-1056094), target: (1215000,-1045000)
2026-08-15 22:27:51.041 DEBUG  InsertFoundConnectionAlgo: insert trace failed for net #21 at corner 1/1 on layer 0, trace width: 2500, from corner: 0, ok_point: (1222000,-1060029), target: (1222000,-1045000)
2026-08-15 22:27:51.078 DEBUG  InsertFoundConnectionAlgo: insert trace failed for net #5 at corner 3/3 on layer 5, trace width: 2500, from corner: 0, ok_point: (1599000,-1272200), target: (1595000,-1272200)
2026-08-15 22:27:51.082 DEBUG  InsertFoundConnectionAlgo: insert trace failed for net #188 at corner 2/2 on layer 5, trace width: 5000, from corner: 1, ok_point: (1595002,-1303000), target: (1591000,-1303000)
2026-08-15 22:27:51.093 DEBUG  InsertFoundConnectionAlgo: insert trace failed for net #5 at corner 4/4 on layer 5, trace width: 2500, from corner: 3, ok_point: (1611000,-1286617), target: (1611000,-1272200)
2026-08-15 22:27:51.098 DEBUG  InsertFoundConnectionAlgo: insert trace failed for net #188 at corner 3/3 on layer 5, trace width: 5000, from corner: 0, ok_point: (1611000,-1303000), target: (1607000,-1303000)
2026-08-15 22:27:51.101 DEBUG  InsertFoundConnectionAlgo: insert trace failed for net #188 at corner 3/3 on layer 5, trace width: 5000, from corner: 0, ok_point: (1611000,-1303000), target: (1607000,-1303000)
2026-08-15 22:27:51.104 DEBUG  InsertFoundConnectionAlgo: insert trace failed for net #188 at corner 3/3 on layer 5, trace width: 5000, from corner: 0, ok_point: (1611000,-1303000), target: (1607000,-1303000)
2026-08-15 22:27:51.108 DEBUG  InsertFoundConnectionAlgo: insert trace failed for net #188 at corner 3/3 on layer 5, trace width: 5000, from corner: 0, ok_point: (1611000,-1303000), target: (1607000,-1303000)
2026-08-15 22:27:51.111 DEBUG  InsertFoundConnectionAlgo: insert trace failed for net #188 at corner 2/2 on layer 5, trace width: 5000, from corner: 1, ok_point: (1606998,-1303000), target: (1611000,-1303000)
2026-08-15 22:27:51.155 DEBUG  InsertFoundConnectionAlgo: insert trace failed for net #5 at corner 11/11 on layer 0, trace width: 2500, from corner: 8, ok_point: (2181940,-1140849), target: (2160000,-1135000)
2026-08-15 22:27:51.253 DEBUG  InsertFoundConnectionAlgo: insert trace failed for net #5 at corner 9/9 on layer 0, trace width: 2500, from corner: 6, ok_point: (2065054,-1122589), target: (2091000,-1135000)
2026-08-15 22:27:51.344 DEBUG  InsertFoundConnectionAlgo: insert trace failed for net #5 at corner 12/12 on layer 0, trace width: 2500, from corner: 9, ok_point: (1138932,-1223443), target: (1151250,-1225000)
2026-08-15 22:27:51.376 DEBUG  InsertFoundConnectionAlgo: insert trace failed for net #105 at corner 3/3 on layer 5, trace width: 5000, from corner: 0, ok_point: (1979000,-950000), target: (1979000,-954000)
2026-08-15 22:27:51.379 DEBUG  InsertFoundConnectionAlgo: insert trace failed for net #105 at corner 3/3 on layer 5, trace width: 5000, from corner: 2, ok_point: (1979000,-954004), target: (1979000,-950000)
2026-08-15 22:27:51.380 DEBUG  InsertFoundConnectionAlgo: insert trace failed for net #105 at corner 3/3 on layer 5, trace width: 5000, from corner: 0, ok_point: (1979000,-950000), target: (1979000,-954000)
2026-08-15 22:27:51.386 DEBUG  InsertFoundConnectionAlgo: insert trace failed for net #5 at corner 1/1 on layer 5, trace width: 2500, from corner: 0, ok_point: (2107250,-970000), target: (2035000,-970000)
2026-08-15 22:27:51.387 DEBUG  InsertFoundConnectionAlgo: insert trace failed for net #188 at corner 1/1 on layer 5, trace width: 5000, from corner: 0, ok_point: (2019000,-970000), target: (2023000,-970000)
2026-08-15 22:27:51.389 DEBUG  InsertFoundConnectionAlgo: insert trace failed for net #188 at corner 1/1 on layer 5, trace width: 5000, from corner: 0, ok_point: (2023000,-970000), target: (2019000,-970000)
2026-08-15 22:27:51.390 DEBUG  InsertFoundConnectionAlgo: insert trace failed for net #105 at corner 1/1 on layer 5, trace width: 5000, from corner: 0, ok_point: (2015000,-970000), target: (2011000,-970000)
2026-08-15 22:27:51.391 DEBUG  InsertFoundConnectionAlgo: insert trace failed for net #105 at corner 1/1 on layer 5, trace width: 5000, from corner: 0, ok_point: (2011000,-970000), target: (2015000,-970000)
2026-08-15 22:27:51.404 DEBUG  InsertFoundConnectionAlgo: insert trace failed for net #188 at corner 2/2 on layer 5, trace width: 5000, from corner: 0, ok_point: (2194219,-1273400), target: (2186000,-1275000)
2026-08-15 22:27:51.506 DEBUG  InsertFoundConnectionAlgo: insert trace failed for net #21 at corner 7/7 on layer 0, trace width: 2500, from corner: 0, ok_point: (2156000,-1029600), target: (2163000,-1029600)
2026-08-15 22:27:51.557 DEBUG  InsertFoundConnectionAlgo: insert trace failed for net #21 at corner 7/7 on layer 0, trace width: 2500, from corner: 0, ok_point: (2163000,-1029600), target: (2156000,-1029600)
2026-08-15 22:27:51.659 DEBUG  InsertFoundConnectionAlgo: insert trace failed for net #260 at corner 1/1 on layer 5, trace width: 5000, from corner: 0, ok_point: (2199625,-1224250), target: (2199625,-1220250)
2026-08-15 22:27:51.660 DEBUG  InsertFoundConnectionAlgo: insert trace failed for net #260 at corner 1/1 on layer 5, trace width: 5000, from corner: 0, ok_point: (2199625,-1224250), target: (2199625,-1220250)
2026-08-15 22:27:51.661 DEBUG  InsertFoundConnectionAlgo: insert trace failed for net #260 at corner 1/1 on layer 5, trace width: 5000, from corner: 0, ok_point: (2199625,-1220250), target: (2199625,-1224250)
2026-08-15 22:27:51.661 DEBUG  InsertFoundConnectionAlgo: insert trace failed for net #260 at corner 1/1 on layer 5, trace width: 5000, from corner: 0, ok_point: (2199625,-1220250), target: (2199625,-1224250)
2026-08-15 22:27:51.696 DEBUG  InsertFoundConnectionAlgo: insert trace failed for net #105 at corner 4/4 on layer 0, trace width: 5000, from corner: 0, ok_point: (1195000,-1128500), target: (1195000,-1135000)
2026-08-15 22:27:51.697 DEBUG  InsertFoundConnectionAlgo: insert trace failed for net #105 at corner 4/4 on layer 0, trace width: 5000, from corner: 0, ok_point: (1195000,-1128500), target: (1195000,-1122000)
2026-08-15 22:27:51.699 DEBUG  InsertFoundConnectionAlgo: insert trace failed for net #105 at corner 4/4 on layer 0, trace width: 5000, from corner: 0, ok_point: (1195000,-1135000), target: (1195000,-1128500)
2026-08-15 22:27:51.764 DEBUG  InsertFoundConnectionAlgo: insert trace failed for net #188 at corner 1/1 on layer 5, trace width: 5000, from corner: 0, ok_point: (2055375,-1175375), target: (2055375,-1170375)
2026-08-15 22:27:51.766 DEBUG  InsertFoundConnectionAlgo: insert trace failed for net #188 at corner 5/5 on layer 5, trace width: 5000, from corner: 0, ok_point: (2055375,-1170375), target: (2055375,-1175375)
2026-08-15 22:27:51.882 DEBUG  InsertFoundConnectionAlgo: insert trace failed for net #5 at corner 12/12 on layer 0, trace width: 2500, from corner: 0, ok_point: (2025000,-1128500), target: (2025000,-1145000)
2026-08-15 22:27:51.889 DEBUG  InsertFoundConnectionAlgo: insert trace failed for net #5 at corner 9/9 on layer 0, trace width: 2500, from corner: 0, ok_point: (2025000,-1145000), target: (2025000,-1128500)
2026-08-15 22:27:52.626 DEBUG  InsertFoundConnectionAlgo: insert trace failed for net #5 at corner 3/3 on layer 5, trace width: 2500, from corner: 0, ok_point: (2035000,-970000), target: (2036521,-970000)
2026-08-15 22:27:52.676 DEBUG  InsertFoundConnectionAlgo: insert trace failed for net #105 at corner 5/5 on layer 5, trace width: 5000, from corner: 0, ok_point: (2011000,-970000), target: (2025000,-995000)
2026-08-15 22:27:53.157 INFO   [07BB65\2015D5] Fanout pass #4 on board 'bd1f981b8d6902933466382468205eab' completed in 2.40 seconds with 6 SMD pins fanouted, 148 not routed, 0 insert errors, +3 extra vias (0 SMD pins still to check in pass, ripup costs=400).
2026-08-15 22:27:53.567 DEBUG  InsertFoundConnectionAlgo: insert trace failed for net #21 at corner 2/2 on layer 0, trace width: 2500, from corner: 1, ok_point: (1215000,-1061069), target: (1215000,-1045000)
2026-08-15 22:27:53.580 DEBUG  InsertFoundConnectionAlgo: insert trace failed for net #21 at corner 4/4 on layer 0, trace width: 2500, from corner: 3, ok_point: (1222000,-1096764), target: (1222000,-1045000)
2026-08-15 22:27:53.612 DEBUG  InsertFoundConnectionAlgo: insert trace failed for net #5 at corner 3/3 on layer 5, trace width: 2500, from corner: 0, ok_point: (1599000,-1272200), target: (1595000,-1272200)
2026-08-15 22:27:53.617 DEBUG  InsertFoundConnectionAlgo: insert trace failed for net #188 at corner 2/2 on layer 5, trace width: 5000, from corner: 1, ok_point: (1595002,-1303000), target: (1591000,-1303000)
2026-08-15 22:27:53.619 DEBUG  InsertFoundConnectionAlgo: insert trace failed for net #5 at corner 2/2 on layer 5, trace width: 2500, from corner: 1, ok_point: (1611000,-1279219), target: (1611000,-1272200)
2026-08-15 22:27:53.621 DEBUG  InsertFoundConnectionAlgo: insert trace failed for net #188 at corner 3/3 on layer 5, trace width: 5000, from corner: 0, ok_point: (1611000,-1303000), target: (1607000,-1303000)
2026-08-15 22:27:53.623 DEBUG  InsertFoundConnectionAlgo: insert trace failed for net #188 at corner 3/3 on layer 5, trace width: 5000, from corner: 0, ok_point: (1611000,-1303000), target: (1607000,-1303000)
2026-08-15 22:27:53.626 DEBUG  InsertFoundConnectionAlgo: insert trace failed for net #188 at corner 3/3 on layer 5, trace width: 5000, from corner: 0, ok_point: (1611000,-1303000), target: (1607000,-1303000)
2026-08-15 22:27:53.629 DEBUG  InsertFoundConnectionAlgo: insert trace failed for net #188 at corner 3/3 on layer 5, trace width: 5000, from corner: 0, ok_point: (1611000,-1303000), target: (1607000,-1303000)
2026-08-15 22:27:53.631 DEBUG  InsertFoundConnectionAlgo: insert trace failed for net #188 at corner 2/2 on layer 5, trace width: 5000, from corner: 1, ok_point: (1606998,-1303000), target: (1611000,-1303000)
2026-08-15 22:27:53.650 DEBUG  InsertFoundConnectionAlgo: insert trace failed for net #5 at corner 2/2 on layer 0, trace width: 2500, from corner: 0, ok_point: (2168521,-1137748), target: (2160000,-1135000)
2026-08-15 22:27:53.670 DEBUG  InsertFoundConnectionAlgo: insert trace failed for net #86 at corner 12/12 on layer 0, trace width: 2500, from corner: 9, ok_point: (2183693,-1122562), target: (2160000,-1140000)
2026-08-15 22:27:53.708 DEBUG  InsertFoundConnectionAlgo: insert trace failed for net #86 at corner 5/5 on layer 0, trace width: 2500, from corner: 2, ok_point: (2181227,-1142372), target: (2160000,-1155000)
2026-08-15 22:27:53.769 DEBUG  InsertFoundConnectionAlgo: insert trace failed for net #5 at corner 2/2 on layer 0, trace width: 2500, from corner: 0, ok_point: (2082479,-1132510), target: (2091000,-1135000)
2026-08-15 22:27:53.810 DEBUG  InsertFoundConnectionAlgo: insert trace failed for net #5 at corner 2/2 on layer 0, trace width: 2500, from corner: 0, ok_point: (1141052,-1224011), target: (1151250,-1225000)
2026-08-15 22:27:53.834 DEBUG  InsertFoundConnectionAlgo: insert trace failed for net #105 at corner 3/3 on layer 5, trace width: 5000, from corner: 0, ok_point: (1979000,-950000), target: (1979000,-954000)
2026-08-15 22:27:53.838 DEBUG  InsertFoundConnectionAlgo: insert trace failed for net #105 at corner 3/3 on layer 5, trace width: 5000, from corner: 2, ok_point: (1979000,-954004), target: (1979000,-950000)
2026-08-15 22:27:53.840 DEBUG  InsertFoundConnectionAlgo: insert trace failed for net #105 at corner 3/3 on layer 5, trace width: 5000, from corner: 0, ok_point: (1979000,-950000), target: (1979000,-954000)
2026-08-15 22:27:53.843 DEBUG  InsertFoundConnectionAlgo: insert trace failed for net #5 at corner 1/1 on layer 5, trace width: 2500, from corner: 0, ok_point: (2071886,-970000), target: (2035000,-970000)
2026-08-15 22:27:53.846 DEBUG  InsertFoundConnectionAlgo: insert trace failed for net #188 at corner 1/1 on layer 5, trace width: 5000, from corner: 0, ok_point: (2019000,-970000), target: (2023000,-970000)
2026-08-15 22:27:53.846 DEBUG  InsertFoundConnectionAlgo: insert trace failed for net #188 at corner 1/1 on layer 5, trace width: 5000, from corner: 0, ok_point: (2023000,-970000), target: (2019000,-970000)
2026-08-15 22:27:53.847 DEBUG  InsertFoundConnectionAlgo: insert trace failed for net #105 at corner 1/1 on layer 5, trace width: 5000, from corner: 0, ok_point: (2015000,-970000), target: (2011000,-970000)
2026-08-15 22:27:53.849 DEBUG  InsertFoundConnectionAlgo: insert trace failed for net #105 at corner 1/1 on layer 5, trace width: 5000, from corner: 0, ok_point: (2011000,-970000), target: (2015000,-970000)
2026-08-15 22:27:53.860 DEBUG  InsertFoundConnectionAlgo: insert trace failed for net #188 at corner 2/2 on layer 5, trace width: 5000, from corner: 0, ok_point: (2194219,-1273400), target: (2186000,-1275000)
2026-08-15 22:27:53.966 DEBUG  InsertFoundConnectionAlgo: insert trace failed for net #21 at corner 7/7 on layer 0, trace width: 2500, from corner: 0, ok_point: (2156000,-1029600), target: (2163000,-1029600)
2026-08-15 22:27:54.019 DEBUG  InsertFoundConnectionAlgo: insert trace failed for net #21 at corner 7/7 on layer 0, trace width: 2500, from corner: 0, ok_point: (2163000,-1029600), target: (2156000,-1029600)
2026-08-15 22:27:54.121 DEBUG  InsertFoundConnectionAlgo: insert trace failed for net #260 at corner 1/1 on layer 5, trace width: 5000, from corner: 0, ok_point: (2199625,-1224250), target: (2199625,-1220250)
2026-08-15 22:27:54.122 DEBUG  InsertFoundConnectionAlgo: insert trace failed for net #260 at corner 1/1 on layer 5, trace width: 5000, from corner: 0, ok_point: (2199625,-1224250), target: (2199625,-1220250)
2026-08-15 22:27:54.123 DEBUG  InsertFoundConnectionAlgo: insert trace failed for net #260 at corner 1/1 on layer 5, trace width: 5000, from corner: 0, ok_point: (2199625,-1220250), target: (2199625,-1224250)
2026-08-15 22:27:54.123 DEBUG  InsertFoundConnectionAlgo: insert trace failed for net #260 at corner 1/1 on layer 5, trace width: 5000, from corner: 0, ok_point: (2199625,-1220250), target: (2199625,-1224250)
2026-08-15 22:27:54.157 DEBUG  InsertFoundConnectionAlgo: insert trace failed for net #105 at corner 4/4 on layer 0, trace width: 5000, from corner: 0, ok_point: (1195000,-1128500), target: (1195000,-1135000)
2026-08-15 22:27:54.159 DEBUG  InsertFoundConnectionAlgo: insert trace failed for net #105 at corner 4/4 on layer 0, trace width: 5000, from corner: 0, ok_point: (1195000,-1128500), target: (1195000,-1122000)
2026-08-15 22:27:54.160 DEBUG  InsertFoundConnectionAlgo: insert trace failed for net #105 at corner 4/4 on layer 0, trace width: 5000, from corner: 0, ok_point: (1195000,-1135000), target: (1195000,-1128500)
2026-08-15 22:27:54.188 DEBUG  InsertFoundConnectionAlgo: insert trace failed for net #188 at corner 1/1 on layer 5, trace width: 5000, from corner: 0, ok_point: (2055375,-1175375), target: (2055375,-1170375)
2026-08-15 22:27:54.191 DEBUG  InsertFoundConnectionAlgo: insert trace failed for net #188 at corner 5/5 on layer 5, trace width: 5000, from corner: 0, ok_point: (2055375,-1170375), target: (2055375,-1175375)
2026-08-15 22:27:54.317 DEBUG  InsertFoundConnectionAlgo: insert trace failed for net #5 at corner 12/12 on layer 0, trace width: 2500, from corner: 0, ok_point: (2025000,-1128500), target: (2025000,-1145000)
2026-08-15 22:27:54.324 DEBUG  InsertFoundConnectionAlgo: insert trace failed for net #5 at corner 9/9 on layer 0, trace width: 2500, from corner: 0, ok_point: (2025000,-1145000), target: (2025000,-1128500)
2026-08-15 22:27:55.138 DEBUG  InsertFoundConnectionAlgo: insert trace failed for net #105 at corner 5/5 on layer 5, trace width: 5000, from corner: 0, ok_point: (2011000,-970000), target: (2025000,-995000)
2026-08-15 22:27:55.655 INFO   [07BB65\2015D5] Fanout pass #5 on board '8001e6cb42f3a5c1f9bc453f739fb4d8' completed in 2.38 seconds with 5 SMD pins fanouted, 148 not routed, 0 insert errors, +0 extra vias (0 SMD pins still to check in pass, ripup costs=500).
2026-08-15 22:27:56.030 DEBUG  InsertFoundConnectionAlgo: insert trace failed for net #21 at corner 1/1 on layer 0, trace width: 2500, from corner: 0, ok_point: (1215000,-1056294), target: (1215000,-1045000)
2026-08-15 22:27:56.038 DEBUG  InsertFoundConnectionAlgo: insert trace failed for net #21 at corner 1/1 on layer 0, trace width: 2500, from corner: 0, ok_point: (1222000,-1060029), target: (1222000,-1045000)
2026-08-15 22:27:56.071 DEBUG  InsertFoundConnectionAlgo: insert trace failed for net #5 at corner 3/3 on layer 5, trace width: 2500, from corner: 0, ok_point: (1599000,-1272200), target: (1595000,-1272200)
2026-08-15 22:27:56.074 DEBUG  InsertFoundConnectionAlgo: insert trace failed for net #188 at corner 2/2 on layer 5, trace width: 5000, from corner: 1, ok_point: (1595002,-1303000), target: (1591000,-1303000)
2026-08-15 22:27:56.077 DEBUG  InsertFoundConnectionAlgo: insert trace failed for net #5 at corner 2/2 on layer 5, trace width: 2500, from corner: 1, ok_point: (1611000,-1279719), target: (1611000,-1272200)
2026-08-15 22:27:56.079 DEBUG  InsertFoundConnectionAlgo: insert trace failed for net #188 at corner 3/3 on layer 5, trace width: 5000, from corner: 0, ok_point: (1611000,-1303000), target: (1607000,-1303000)
2026-08-15 22:27:56.082 DEBUG  InsertFoundConnectionAlgo: insert trace failed for net #188 at corner 3/3 on layer 5, trace width: 5000, from corner: 0, ok_point: (1611000,-1303000), target: (1607000,-1303000)
2026-08-15 22:27:56.084 DEBUG  InsertFoundConnectionAlgo: insert trace failed for net #188 at corner 3/3 on layer 5, trace width: 5000, from corner: 0, ok_point: (1611000,-1303000), target: (1607000,-1303000)
2026-08-15 22:27:56.086 DEBUG  InsertFoundConnectionAlgo: insert trace failed for net #188 at corner 3/3 on layer 5, trace width: 5000, from corner: 0, ok_point: (1611000,-1303000), target: (1607000,-1303000)
2026-08-15 22:27:56.089 DEBUG  InsertFoundConnectionAlgo: insert trace failed for net #188 at corner 2/2 on layer 5, trace width: 5000, from corner: 1, ok_point: (1606998,-1303000), target: (1611000,-1303000)
2026-08-15 22:27:56.161 DEBUG  InsertFoundConnectionAlgo: insert trace failed for net #86 at corner 2/2 on layer 0, trace width: 2500, from corner: 0, ok_point: (2168521,-1152556), target: (2160000,-1155000)
2026-08-15 22:27:56.205 DEBUG  InsertFoundConnectionAlgo: insert trace failed for net #5 at corner 2/2 on layer 0, trace width: 2500, from corner: 0, ok_point: (2082479,-1132510), target: (2091000,-1135000)
2026-08-15 22:27:56.243 DEBUG  InsertFoundConnectionAlgo: insert trace failed for net #5 at corner 2/2 on layer 0, trace width: 2500, from corner: 0, ok_point: (1136016,-1223443), target: (1151250,-1225000)
2026-08-15 22:27:56.262 DEBUG  InsertFoundConnectionAlgo: insert trace failed for net #105 at corner 3/3 on layer 5, trace width: 5000, from corner: 0, ok_point: (1979000,-950000), target: (1979000,-954000)
2026-08-15 22:27:56.265 DEBUG  InsertFoundConnectionAlgo: insert trace failed for net #105 at corner 3/3 on layer 5, trace width: 5000, from corner: 2, ok_point: (1979000,-954004), target: (1979000,-950000)
2026-08-15 22:27:56.267 DEBUG  InsertFoundConnectionAlgo: insert trace failed for net #105 at corner 3/3 on layer 5, trace width: 5000, from corner: 0, ok_point: (1979000,-950000), target: (1979000,-954000)
2026-08-15 22:27:56.274 DEBUG  InsertFoundConnectionAlgo: insert trace failed for net #5 at corner 1/1 on layer 5, trace width: 2500, from corner: 0, ok_point: (2107250,-970000), target: (2035000,-970000)
2026-08-15 22:27:56.276 DEBUG  InsertFoundConnectionAlgo: insert trace failed for net #188 at corner 1/1 on layer 5, trace width: 5000, from corner: 0, ok_point: (2019000,-970000), target: (2023000,-970000)
2026-08-15 22:27:56.278 DEBUG  InsertFoundConnectionAlgo: insert trace failed for net #188 at corner 1/1 on layer 5, trace width: 5000, from corner: 0, ok_point: (2023000,-970000), target: (2019000,-970000)
2026-08-15 22:27:56.279 DEBUG  InsertFoundConnectionAlgo: insert trace failed for net #105 at corner 1/1 on layer 5, trace width: 5000, from corner: 0, ok_point: (2015000,-970000), target: (2011000,-970000)
2026-08-15 22:27:56.280 DEBUG  InsertFoundConnectionAlgo: insert trace failed for net #105 at corner 1/1 on layer 5, trace width: 5000, from corner: 0, ok_point: (2011000,-970000), target: (2015000,-970000)
2026-08-15 22:27:56.290 DEBUG  InsertFoundConnectionAlgo: insert trace failed for net #188 at corner 2/2 on layer 5, trace width: 5000, from corner: 0, ok_point: (2194219,-1273400), target: (2186000,-1275000)
2026-08-15 22:27:56.385 DEBUG  InsertFoundConnectionAlgo: insert trace failed for net #21 at corner 7/7 on layer 0, trace width: 2500, from corner: 0, ok_point: (2156000,-1029600), target: (2163000,-1029600)
2026-08-15 22:27:56.443 DEBUG  InsertFoundConnectionAlgo: insert trace failed for net #21 at corner 7/7 on layer 0, trace width: 2500, from corner: 0, ok_point: (2163000,-1029600), target: (2156000,-1029600)
2026-08-15 22:27:56.555 DEBUG  InsertFoundConnectionAlgo: insert trace failed for net #260 at corner 1/1 on layer 5, trace width: 5000, from corner: 0, ok_point: (2199625,-1224250), target: (2199625,-1220250)
2026-08-15 22:27:56.556 DEBUG  InsertFoundConnectionAlgo: insert trace failed for net #260 at corner 1/1 on layer 5, trace width: 5000, from corner: 0, ok_point: (2199625,-1224250), target: (2199625,-1220250)
2026-08-15 22:27:56.557 DEBUG  InsertFoundConnectionAlgo: insert trace failed for net #260 at corner 1/1 on layer 5, trace width: 5000, from corner: 0, ok_point: (2199625,-1220250), target: (2199625,-1224250)
2026-08-15 22:27:56.558 DEBUG  InsertFoundConnectionAlgo: insert trace failed for net #260 at corner 1/1 on layer 5, trace width: 5000, from corner: 0, ok_point: (2199625,-1220250), target: (2199625,-1224250)
2026-08-15 22:27:56.603 DEBUG  InsertFoundConnectionAlgo: insert trace failed for net #105 at corner 4/4 on layer 0, trace width: 5000, from corner: 0, ok_point: (1195000,-1128500), target: (1195000,-1135000)
2026-08-15 22:27:56.604 DEBUG  InsertFoundConnectionAlgo: insert trace failed for net #105 at corner 4/4 on layer 0, trace width: 5000, from corner: 0, ok_point: (1195000,-1128500), target: (1195000,-1122000)
2026-08-15 22:27:56.605 DEBUG  InsertFoundConnectionAlgo: insert trace failed for net #105 at corner 4/4 on layer 0, trace width: 5000, from corner: 0, ok_point: (1195000,-1135000), target: (1195000,-1128500)
2026-08-15 22:27:56.635 DEBUG  InsertFoundConnectionAlgo: insert trace failed for net #188 at corner 1/1 on layer 5, trace width: 5000, from corner: 0, ok_point: (2055375,-1175375), target: (2055375,-1170375)
2026-08-15 22:27:56.637 DEBUG  InsertFoundConnectionAlgo: insert trace failed for net #188 at corner 5/5 on layer 5, trace width: 5000, from corner: 0, ok_point: (2055375,-1170375), target: (2055375,-1175375)
2026-08-15 22:27:56.750 DEBUG  InsertFoundConnectionAlgo: insert trace failed for net #5 at corner 12/12 on layer 0, trace width: 2500, from corner: 0, ok_point: (2025000,-1128500), target: (2025000,-1145000)
2026-08-15 22:27:56.756 DEBUG  InsertFoundConnectionAlgo: insert trace failed for net #5 at corner 9/9 on layer 0, trace width: 2500, from corner: 0, ok_point: (2025000,-1145000), target: (2025000,-1128500)
2026-08-15 22:27:57.503 DEBUG  InsertFoundConnectionAlgo: insert trace failed for net #5 at corner 3/3 on layer 5, trace width: 2500, from corner: 0, ok_point: (2035000,-970000), target: (2036521,-970000)
2026-08-15 22:27:57.563 DEBUG  InsertFoundConnectionAlgo: insert trace failed for net #105 at corner 5/5 on layer 5, trace width: 5000, from corner: 0, ok_point: (2011000,-970000), target: (2025000,-995000)
2026-08-15 22:27:58.082 INFO   [07BB65\2015D5] Fanout pass #6 on board 'dfaa5f7fe1855f9bf4c8ccd81a7d377a' completed in 2.31 seconds with 6 SMD pins fanouted, 147 not routed, 0 insert errors, +0 extra vias (0 SMD pins still to check in pass, ripup costs=600).
2026-08-15 22:27:58.480 DEBUG  InsertFoundConnectionAlgo: insert trace failed for net #21 at corner 2/2 on layer 0, trace width: 2500, from corner: 1, ok_point: (1215000,-1061269), target: (1215000,-1045000)
2026-08-15 22:27:58.496 DEBUG  InsertFoundConnectionAlgo: insert trace failed for net #21 at corner 4/4 on layer 0, trace width: 2500, from corner: 3, ok_point: (1222000,-1096764), target: (1222000,-1045000)
2026-08-15 22:27:58.533 DEBUG  InsertFoundConnectionAlgo: insert trace failed for net #5 at corner 3/3 on layer 5, trace width: 2500, from corner: 0, ok_point: (1599000,-1272200), target: (1595000,-1272200)
2026-08-15 22:27:58.536 DEBUG  InsertFoundConnectionAlgo: insert trace failed for net #188 at corner 2/2 on layer 5, trace width: 5000, from corner: 1, ok_point: (1595002,-1303000), target: (1591000,-1303000)
2026-08-15 22:27:58.539 DEBUG  InsertFoundConnectionAlgo: insert trace failed for net #5 at corner 2/2 on layer 5, trace width: 2500, from corner: 1, ok_point: (1611000,-1279969), target: (1611000,-1272200)
2026-08-15 22:27:58.541 DEBUG  InsertFoundConnectionAlgo: insert trace failed for net #188 at corner 3/3 on layer 5, trace width: 5000, from corner: 0, ok_point: (1611000,-1303000), target: (1607000,-1303000)
2026-08-15 22:27:58.544 DEBUG  InsertFoundConnectionAlgo: insert trace failed for net #188 at corner 3/3 on layer 5, trace width: 5000, from corner: 0, ok_point: (1611000,-1303000), target: (1607000,-1303000)
2026-08-15 22:27:58.546 DEBUG  InsertFoundConnectionAlgo: insert trace failed for net #188 at corner 3/3 on layer 5, trace width: 5000, from corner: 0, ok_point: (1611000,-1303000), target: (1607000,-1303000)
2026-08-15 22:27:58.548 DEBUG  InsertFoundConnectionAlgo: insert trace failed for net #188 at corner 3/3 on layer 5, trace width: 5000, from corner: 0, ok_point: (1611000,-1303000), target: (1607000,-1303000)
2026-08-15 22:27:58.551 DEBUG  InsertFoundConnectionAlgo: insert trace failed for net #188 at corner 2/2 on layer 5, trace width: 5000, from corner: 1, ok_point: (1606998,-1303000), target: (1611000,-1303000)
2026-08-15 22:27:58.645 DEBUG  InsertFoundConnectionAlgo: insert trace failed for net #86 at corner 2/2 on layer 0, trace width: 2500, from corner: 0, ok_point: (2168521,-1152556), target: (2160000,-1155000)
2026-08-15 22:27:58.695 DEBUG  InsertFoundConnectionAlgo: insert trace failed for net #5 at corner 2/2 on layer 0, trace width: 2500, from corner: 0, ok_point: (2082479,-1132510), target: (2091000,-1135000)
2026-08-15 22:27:58.731 DEBUG  InsertFoundConnectionAlgo: insert trace failed for net #5 at corner 2/2 on layer 0, trace width: 2500, from corner: 0, ok_point: (1139310,-1223443), target: (1151250,-1225000)
2026-08-15 22:27:58.754 DEBUG  InsertFoundConnectionAlgo: insert trace failed for net #105 at corner 3/3 on layer 5, trace width: 5000, from corner: 0, ok_point: (1979000,-950000), target: (1979000,-954000)
2026-08-15 22:27:58.757 DEBUG  InsertFoundConnectionAlgo: insert trace failed for net #105 at corner 3/3 on layer 5, trace width: 5000, from corner: 2, ok_point: (1979000,-954004), target: (1979000,-950000)
2026-08-15 22:27:58.758 DEBUG  InsertFoundConnectionAlgo: insert trace failed for net #105 at corner 3/3 on layer 5, trace width: 5000, from corner: 0, ok_point: (1979000,-950000), target: (1979000,-954000)
2026-08-15 22:27:58.762 DEBUG  InsertFoundConnectionAlgo: insert trace failed for net #5 at corner 1/1 on layer 5, trace width: 2500, from corner: 0, ok_point: (2071886,-970000), target: (2035000,-970000)
2026-08-15 22:27:58.763 DEBUG  InsertFoundConnectionAlgo: insert trace failed for net #188 at corner 1/1 on layer 5, trace width: 5000, from corner: 0, ok_point: (2019000,-970000), target: (2023000,-970000)
2026-08-15 22:27:58.764 DEBUG  InsertFoundConnectionAlgo: insert trace failed for net #188 at corner 1/1 on layer 5, trace width: 5000, from corner: 0, ok_point: (2023000,-970000), target: (2019000,-970000)
2026-08-15 22:27:58.766 DEBUG  InsertFoundConnectionAlgo: insert trace failed for net #105 at corner 1/1 on layer 5, trace width: 5000, from corner: 0, ok_point: (2015000,-970000), target: (2011000,-970000)
2026-08-15 22:27:58.767 DEBUG  InsertFoundConnectionAlgo: insert trace failed for net #105 at corner 1/1 on layer 5, trace width: 5000, from corner: 0, ok_point: (2011000,-970000), target: (2015000,-970000)
2026-08-15 22:27:58.778 DEBUG  InsertFoundConnectionAlgo: insert trace failed for net #188 at corner 2/2 on layer 5, trace width: 5000, from corner: 0, ok_point: (2194219,-1273400), target: (2186000,-1275000)
2026-08-15 22:27:58.869 DEBUG  InsertFoundConnectionAlgo: insert trace failed for net #21 at corner 7/7 on layer 0, trace width: 2500, from corner: 0, ok_point: (2156000,-1029600), target: (2163000,-1029600)
2026-08-15 22:27:58.914 DEBUG  InsertFoundConnectionAlgo: insert trace failed for net #21 at corner 7/7 on layer 0, trace width: 2500, from corner: 0, ok_point: (2163000,-1029600), target: (2156000,-1029600)
2026-08-15 22:27:59.001 DEBUG  InsertFoundConnectionAlgo: insert trace failed for net #260 at corner 1/1 on layer 5, trace width: 5000, from corner: 0, ok_point: (2199625,-1224250), target: (2199625,-1220250)
2026-08-15 22:27:59.001 DEBUG  InsertFoundConnectionAlgo: insert trace failed for net #260 at corner 1/1 on layer 5, trace width: 5000, from corner: 0, ok_point: (2199625,-1224250), target: (2199625,-1220250)
2026-08-15 22:27:59.002 DEBUG  InsertFoundConnectionAlgo: insert trace failed for net #260 at corner 1/1 on layer 5, trace width: 5000, from corner: 0, ok_point: (2199625,-1220250), target: (2199625,-1224250)
2026-08-15 22:27:59.003 DEBUG  InsertFoundConnectionAlgo: insert trace failed for net #260 at corner 1/1 on layer 5, trace width: 5000, from corner: 0, ok_point: (2199625,-1220250), target: (2199625,-1224250)
2026-08-15 22:27:59.038 DEBUG  InsertFoundConnectionAlgo: insert trace failed for net #105 at corner 4/4 on layer 0, trace width: 5000, from corner: 0, ok_point: (1195000,-1128500), target: (1195000,-1135000)
2026-08-15 22:27:59.039 DEBUG  InsertFoundConnectionAlgo: insert trace failed for net #105 at corner 4/4 on layer 0, trace width: 5000, from corner: 0, ok_point: (1195000,-1128500), target: (1195000,-1122000)
2026-08-15 22:27:59.040 DEBUG  InsertFoundConnectionAlgo: insert trace failed for net #105 at corner 4/4 on layer 0, trace width: 5000, from corner: 0, ok_point: (1195000,-1135000), target: (1195000,-1128500)
2026-08-15 22:27:59.065 DEBUG  InsertFoundConnectionAlgo: insert trace failed for net #188 at corner 1/1 on layer 5, trace width: 5000, from corner: 0, ok_point: (2055375,-1175375), target: (2055375,-1170375)
2026-08-15 22:27:59.067 DEBUG  InsertFoundConnectionAlgo: insert trace failed for net #188 at corner 5/5 on layer 5, trace width: 5000, from corner: 0, ok_point: (2055375,-1170375), target: (2055375,-1175375)
2026-08-15 22:27:59.190 DEBUG  InsertFoundConnectionAlgo: insert trace failed for net #5 at corner 12/12 on layer 0, trace width: 2500, from corner: 0, ok_point: (2025000,-1128500), target: (2025000,-1145000)
2026-08-15 22:27:59.195 DEBUG  InsertFoundConnectionAlgo: insert trace failed for net #5 at corner 9/9 on layer 0, trace width: 2500, from corner: 0, ok_point: (2025000,-1145000), target: (2025000,-1128500)
2026-08-15 22:28:00.031 DEBUG  InsertFoundConnectionAlgo: insert trace failed for net #105 at corner 5/5 on layer 5, trace width: 5000, from corner: 0, ok_point: (2011000,-970000), target: (2025000,-995000)
2026-08-15 22:28:00.551 INFO   [07BB65\2015D5] Fanout pass #7 on board '0605c5024ffd85e71b651718612a1067' completed in 2.34 seconds with 5 SMD pins fanouted, 148 not routed, 0 insert errors, +0 extra vias (0 SMD pins still to check in pass, ripup costs=700).
2026-08-15 22:28:00.932 DEBUG  InsertFoundConnectionAlgo: insert trace failed for net #21 at corner 1/1 on layer 0, trace width: 2500, from corner: 0, ok_point: (1215000,-1056394), target: (1215000,-1045000)
2026-08-15 22:28:00.941 DEBUG  InsertFoundConnectionAlgo: insert trace failed for net #21 at corner 1/1 on layer 0, trace width: 2500, from corner: 0, ok_point: (1222000,-1060029), target: (1222000,-1045000)
2026-08-15 22:28:00.981 DEBUG  InsertFoundConnectionAlgo: insert trace failed for net #5 at corner 3/3 on layer 5, trace width: 2500, from corner: 0, ok_point: (1599000,-1272200), target: (1595000,-1272200)
2026-08-15 22:28:00.984 DEBUG  InsertFoundConnectionAlgo: insert trace failed for net #188 at corner 2/2 on layer 5, trace width: 5000, from corner: 1, ok_point: (1595002,-1303000), target: (1591000,-1303000)
2026-08-15 22:28:00.987 DEBUG  InsertFoundConnectionAlgo: insert trace failed for net #5 at corner 2/2 on layer 5, trace width: 2500, from corner: 1, ok_point: (1611000,-1280094), target: (1611000,-1272200)
2026-08-15 22:28:00.989 DEBUG  InsertFoundConnectionAlgo: insert trace failed for net #188 at corner 3/3 on layer 5, trace width: 5000, from corner: 0, ok_point: (1611000,-1303000), target: (1607000,-1303000)
2026-08-15 22:28:00.992 DEBUG  InsertFoundConnectionAlgo: insert trace failed for net #188 at corner 3/3 on layer 5, trace width: 5000, from corner: 0, ok_point: (1611000,-1303000), target: (1607000,-1303000)
2026-08-15 22:28:00.994 DEBUG  InsertFoundConnectionAlgo: insert trace failed for net #188 at corner 3/3 on layer 5, trace width: 5000, from corner: 0, ok_point: (1611000,-1303000), target: (1607000,-1303000)
2026-08-15 22:28:00.997 DEBUG  InsertFoundConnectionAlgo: insert trace failed for net #188 at corner 3/3 on layer 5, trace width: 5000, from corner: 0, ok_point: (1611000,-1303000), target: (1607000,-1303000)
2026-08-15 22:28:00.999 DEBUG  InsertFoundConnectionAlgo: insert trace failed for net #188 at corner 2/2 on layer 5, trace width: 5000, from corner: 1, ok_point: (1606998,-1303000), target: (1611000,-1303000)
2026-08-15 22:28:01.092 DEBUG  InsertFoundConnectionAlgo: insert trace failed for net #86 at corner 2/2 on layer 0, trace width: 2500, from corner: 0, ok_point: (2168521,-1152556), target: (2160000,-1155000)
2026-08-15 22:28:01.146 DEBUG  InsertFoundConnectionAlgo: insert trace failed for net #5 at corner 2/2 on layer 0, trace width: 2500, from corner: 0, ok_point: (2082479,-1132510), target: (2091000,-1135000)
2026-08-15 22:28:01.183 DEBUG  InsertFoundConnectionAlgo: insert trace failed for net #5 at corner 2/2 on layer 0, trace width: 2500, from corner: 0, ok_point: (1134558,-1223443), target: (1151250,-1225000)
2026-08-15 22:28:01.208 DEBUG  InsertFoundConnectionAlgo: insert trace failed for net #105 at corner 3/3 on layer 5, trace width: 5000, from corner: 0, ok_point: (1979000,-950000), target: (1979000,-954000)
2026-08-15 22:28:01.211 DEBUG  InsertFoundConnectionAlgo: insert trace failed for net #105 at corner 3/3 on layer 5, trace width: 5000, from corner: 2, ok_point: (1979000,-954004), target: (1979000,-950000)
2026-08-15 22:28:01.213 DEBUG  InsertFoundConnectionAlgo: insert trace failed for net #105 at corner 3/3 on layer 5, trace width: 5000, from corner: 0, ok_point: (1979000,-950000), target: (1979000,-954000)
2026-08-15 22:28:01.221 DEBUG  InsertFoundConnectionAlgo: insert trace failed for net #5 at corner 1/1 on layer 5, trace width: 2500, from corner: 0, ok_point: (2107250,-970000), target: (2035000,-970000)
2026-08-15 22:28:01.223 DEBUG  InsertFoundConnectionAlgo: insert trace failed for net #188 at corner 1/1 on layer 5, trace width: 5000, from corner: 0, ok_point: (2019000,-970000), target: (2023000,-970000)
2026-08-15 22:28:01.224 DEBUG  InsertFoundConnectionAlgo: insert trace failed for net #188 at corner 1/1 on layer 5, trace width: 5000, from corner: 0, ok_point: (2023000,-970000), target: (2019000,-970000)
2026-08-15 22:28:01.225 DEBUG  InsertFoundConnectionAlgo: insert trace failed for net #105 at corner 1/1 on layer 5, trace width: 5000, from corner: 0, ok_point: (2015000,-970000), target: (2011000,-970000)
2026-08-15 22:28:01.227 DEBUG  InsertFoundConnectionAlgo: insert trace failed for net #105 at corner 1/1 on layer 5, trace width: 5000, from corner: 0, ok_point: (2011000,-970000), target: (2015000,-970000)
2026-08-15 22:28:01.237 DEBUG  InsertFoundConnectionAlgo: insert trace failed for net #188 at corner 2/2 on layer 5, trace width: 5000, from corner: 0, ok_point: (2194219,-1273400), target: (2186000,-1275000)
2026-08-15 22:28:01.342 DEBUG  InsertFoundConnectionAlgo: insert trace failed for net #21 at corner 7/7 on layer 0, trace width: 2500, from corner: 0, ok_point: (2156000,-1029600), target: (2163000,-1029600)
2026-08-15 22:28:01.388 DEBUG  InsertFoundConnectionAlgo: insert trace failed for net #21 at corner 7/7 on layer 0, trace width: 2500, from corner: 0, ok_point: (2163000,-1029600), target: (2156000,-1029600)
2026-08-15 22:28:01.490 DEBUG  InsertFoundConnectionAlgo: insert trace failed for net #260 at corner 1/1 on layer 5, trace width: 5000, from corner: 0, ok_point: (2199625,-1224250), target: (2199625,-1220250)
2026-08-15 22:28:01.491 DEBUG  InsertFoundConnectionAlgo: insert trace failed for net #260 at corner 1/1 on layer 5, trace width: 5000, from corner: 0, ok_point: (2199625,-1224250), target: (2199625,-1220250)
2026-08-15 22:28:01.492 DEBUG  InsertFoundConnectionAlgo: insert trace failed for net #260 at corner 1/1 on layer 5, trace width: 5000, from corner: 0, ok_point: (2199625,-1220250), target: (2199625,-1224250)
2026-08-15 22:28:01.493 DEBUG  InsertFoundConnectionAlgo: insert trace failed for net #260 at corner 1/1 on layer 5, trace width: 5000, from corner: 0, ok_point: (2199625,-1220250), target: (2199625,-1224250)
2026-08-15 22:28:01.529 DEBUG  InsertFoundConnectionAlgo: insert trace failed for net #105 at corner 4/4 on layer 0, trace width: 5000, from corner: 0, ok_point: (1195000,-1128500), target: (1195000,-1135000)
2026-08-15 22:28:01.530 DEBUG  InsertFoundConnectionAlgo: insert trace failed for net #105 at corner 4/4 on layer 0, trace width: 5000, from corner: 0, ok_point: (1195000,-1128500), target: (1195000,-1122000)
2026-08-15 22:28:01.531 DEBUG  InsertFoundConnectionAlgo: insert trace failed for net #105 at corner 4/4 on layer 0, trace width: 5000, from corner: 0, ok_point: (1195000,-1135000), target: (1195000,-1128500)
2026-08-15 22:28:01.559 DEBUG  InsertFoundConnectionAlgo: insert trace failed for net #188 at corner 1/1 on layer 5, trace width: 5000, from corner: 0, ok_point: (2055375,-1175375), target: (2055375,-1170375)
2026-08-15 22:28:01.561 DEBUG  InsertFoundConnectionAlgo: insert trace failed for net #188 at corner 5/5 on layer 5, trace width: 5000, from corner: 0, ok_point: (2055375,-1170375), target: (2055375,-1175375)
2026-08-15 22:28:01.705 DEBUG  InsertFoundConnectionAlgo: insert trace failed for net #5 at corner 12/12 on layer 0, trace width: 2500, from corner: 0, ok_point: (2025000,-1128500), target: (2025000,-1145000)
2026-08-15 22:28:01.712 DEBUG  InsertFoundConnectionAlgo: insert trace failed for net #5 at corner 9/9 on layer 0, trace width: 2500, from corner: 0, ok_point: (2025000,-1145000), target: (2025000,-1128500)
2026-08-15 22:28:02.442 DEBUG  InsertFoundConnectionAlgo: insert trace failed for net #5 at corner 3/3 on layer 5, trace width: 2500, from corner: 0, ok_point: (2035000,-970000), target: (2036521,-970000)
2026-08-15 22:28:02.494 DEBUG  InsertFoundConnectionAlgo: insert trace failed for net #105 at corner 5/5 on layer 5, trace width: 5000, from corner: 0, ok_point: (2011000,-970000), target: (2025000,-995000)
2026-08-15 22:28:02.997 INFO   [07BB65\2015D5] Fanout pass #8 on board '763c0b6b8ed8256572c55a8495f4af02' completed in 2.32 seconds with 5 SMD pins fanouted, 148 not routed, 0 insert errors, +0 extra vias (0 SMD pins still to check in pass, ripup costs=800).
2026-08-15 22:28:03.350 DEBUG  InsertFoundConnectionAlgo: insert trace failed for net #21 at corner 2/2 on layer 0, trace width: 2500, from corner: 1, ok_point: (1215000,-1061369), target: (1215000,-1045000)
2026-08-15 22:28:03.360 DEBUG  InsertFoundConnectionAlgo: insert trace failed for net #21 at corner 4/4 on layer 0, trace width: 2500, from corner: 3, ok_point: (1222000,-1096764), target: (1222000,-1045000)
2026-08-15 22:28:03.397 DEBUG  InsertFoundConnectionAlgo: insert trace failed for net #5 at corner 3/3 on layer 5, trace width: 2500, from corner: 0, ok_point: (1599000,-1272200), target: (1595000,-1272200)
2026-08-15 22:28:03.399 DEBUG  InsertFoundConnectionAlgo: insert trace failed for net #188 at corner 2/2 on layer 5, trace width: 5000, from corner: 1, ok_point: (1595002,-1303000), target: (1591000,-1303000)
2026-08-15 22:28:03.401 DEBUG  InsertFoundConnectionAlgo: insert trace failed for net #5 at corner 2/2 on layer 5, trace width: 2500, from corner: 1, ok_point: (1611000,-1280156), target: (1611000,-1272200)
2026-08-15 22:28:03.404 DEBUG  InsertFoundConnectionAlgo: insert trace failed for net #188 at corner 3/3 on layer 5, trace width: 5000, from corner: 0, ok_point: (1611000,-1303000), target: (1607000,-1303000)
2026-08-15 22:28:03.406 DEBUG  InsertFoundConnectionAlgo: insert trace failed for net #188 at corner 3/3 on layer 5, trace width: 5000, from corner: 0, ok_point: (1611000,-1303000), target: (1607000,-1303000)
2026-08-15 22:28:03.409 DEBUG  InsertFoundConnectionAlgo: insert trace failed for net #188 at corner 3/3 on layer 5, trace width: 5000, from corner: 0, ok_point: (1611000,-1303000), target: (1607000,-1303000)
2026-08-15 22:28:03.412 DEBUG  InsertFoundConnectionAlgo: insert trace failed for net #188 at corner 3/3 on layer 5, trace width: 5000, from corner: 0, ok_point: (1611000,-1303000), target: (1607000,-1303000)
2026-08-15 22:28:03.414 DEBUG  InsertFoundConnectionAlgo: insert trace failed for net #188 at corner 2/2 on layer 5, trace width: 5000, from corner: 1, ok_point: (1606998,-1303000), target: (1611000,-1303000)
2026-08-15 22:28:03.508 DEBUG  InsertFoundConnectionAlgo: insert trace failed for net #86 at corner 2/2 on layer 0, trace width: 2500, from corner: 0, ok_point: (2168521,-1152556), target: (2160000,-1155000)
2026-08-15 22:28:03.563 DEBUG  InsertFoundConnectionAlgo: insert trace failed for net #5 at corner 2/2 on layer 0, trace width: 2500, from corner: 0, ok_point: (2082479,-1132510), target: (2091000,-1135000)
2026-08-15 22:28:03.598 DEBUG  InsertFoundConnectionAlgo: insert trace failed for net #5 at corner 2/2 on layer 0, trace width: 2500, from corner: 0, ok_point: (1138581,-1223443), target: (1151250,-1225000)
2026-08-15 22:28:03.622 DEBUG  InsertFoundConnectionAlgo: insert trace failed for net #105 at corner 3/3 on layer 5, trace width: 5000, from corner: 0, ok_point: (1979000,-950000), target: (1979000,-954000)
2026-08-15 22:28:03.625 DEBUG  InsertFoundConnectionAlgo: insert trace failed for net #105 at corner 3/3 on layer 5, trace width: 5000, from corner: 2, ok_point: (1979000,-954004), target: (1979000,-950000)
2026-08-15 22:28:03.626 DEBUG  InsertFoundConnectionAlgo: insert trace failed for net #105 at corner 3/3 on layer 5, trace width: 5000, from corner: 0, ok_point: (1979000,-950000), target: (1979000,-954000)
2026-08-15 22:28:03.629 DEBUG  InsertFoundConnectionAlgo: insert trace failed for net #5 at corner 1/1 on layer 5, trace width: 2500, from corner: 0, ok_point: (2071886,-970000), target: (2035000,-970000)
2026-08-15 22:28:03.630 DEBUG  InsertFoundConnectionAlgo: insert trace failed for net #188 at corner 1/1 on layer 5, trace width: 5000, from corner: 0, ok_point: (2019000,-970000), target: (2023000,-970000)
2026-08-15 22:28:03.632 DEBUG  InsertFoundConnectionAlgo: insert trace failed for net #188 at corner 1/1 on layer 5, trace width: 5000, from corner: 0, ok_point: (2023000,-970000), target: (2019000,-970000)
2026-08-15 22:28:03.633 DEBUG  InsertFoundConnectionAlgo: insert trace failed for net #105 at corner 1/1 on layer 5, trace width: 5000, from corner: 0, ok_point: (2015000,-970000), target: (2011000,-970000)
2026-08-15 22:28:03.634 DEBUG  InsertFoundConnectionAlgo: insert trace failed for net #105 at corner 1/1 on layer 5, trace width: 5000, from corner: 0, ok_point: (2011000,-970000), target: (2015000,-970000)
2026-08-15 22:28:03.647 DEBUG  InsertFoundConnectionAlgo: insert trace failed for net #188 at corner 2/2 on layer 5, trace width: 5000, from corner: 0, ok_point: (2194219,-1273400), target: (2186000,-1275000)
2026-08-15 22:28:03.750 DEBUG  InsertFoundConnectionAlgo: insert trace failed for net #21 at corner 7/7 on layer 0, trace width: 2500, from corner: 0, ok_point: (2156000,-1029600), target: (2163000,-1029600)
2026-08-15 22:28:03.798 DEBUG  InsertFoundConnectionAlgo: insert trace failed for net #21 at corner 7/7 on layer 0, trace width: 2500, from corner: 0, ok_point: (2163000,-1029600), target: (2156000,-1029600)
2026-08-15 22:28:03.897 DEBUG  InsertFoundConnectionAlgo: insert trace failed for net #260 at corner 1/1 on layer 5, trace width: 5000, from corner: 0, ok_point: (2199625,-1224250), target: (2199625,-1220250)
2026-08-15 22:28:03.898 DEBUG  InsertFoundConnectionAlgo: insert trace failed for net #260 at corner 1/1 on layer 5, trace width: 5000, from corner: 0, ok_point: (2199625,-1224250), target: (2199625,-1220250)
2026-08-15 22:28:03.899 DEBUG  InsertFoundConnectionAlgo: insert trace failed for net #260 at corner 1/1 on layer 5, trace width: 5000, from corner: 0, ok_point: (2199625,-1220250), target: (2199625,-1224250)
2026-08-15 22:28:03.900 DEBUG  InsertFoundConnectionAlgo: insert trace failed for net #260 at corner 1/1 on layer 5, trace width: 5000, from corner: 0, ok_point: (2199625,-1220250), target: (2199625,-1224250)
2026-08-15 22:28:03.937 DEBUG  InsertFoundConnectionAlgo: insert trace failed for net #105 at corner 4/4 on layer 0, trace width: 5000, from corner: 0, ok_point: (1195000,-1128500), target: (1195000,-1135000)
2026-08-15 22:28:03.938 DEBUG  InsertFoundConnectionAlgo: insert trace failed for net #105 at corner 4/4 on layer 0, trace width: 5000, from corner: 0, ok_point: (1195000,-1128500), target: (1195000,-1122000)
2026-08-15 22:28:03.940 DEBUG  InsertFoundConnectionAlgo: insert trace failed for net #105 at corner 4/4 on layer 0, trace width: 5000, from corner: 0, ok_point: (1195000,-1135000), target: (1195000,-1128500)
2026-08-15 22:28:03.966 DEBUG  InsertFoundConnectionAlgo: insert trace failed for net #188 at corner 1/1 on layer 5, trace width: 5000, from corner: 0, ok_point: (2055375,-1175375), target: (2055375,-1170375)
2026-08-15 22:28:03.967 DEBUG  InsertFoundConnectionAlgo: insert trace failed for net #188 at corner 5/5 on layer 5, trace width: 5000, from corner: 0, ok_point: (2055375,-1170375), target: (2055375,-1175375)
2026-08-15 22:28:04.091 DEBUG  InsertFoundConnectionAlgo: insert trace failed for net #5 at corner 12/12 on layer 0, trace width: 2500, from corner: 0, ok_point: (2025000,-1128500), target: (2025000,-1145000)
2026-08-15 22:28:04.097 DEBUG  InsertFoundConnectionAlgo: insert trace failed for net #5 at corner 9/9 on layer 0, trace width: 2500, from corner: 0, ok_point: (2025000,-1145000), target: (2025000,-1128500)
2026-08-15 22:28:04.928 DEBUG  InsertFoundConnectionAlgo: insert trace failed for net #105 at corner 5/5 on layer 5, trace width: 5000, from corner: 0, ok_point: (2011000,-970000), target: (2025000,-995000)
2026-08-15 22:28:05.419 INFO   [07BB65\2015D5] Fanout pass #9 on board '11fd5a2f2bbffc8fe9a6b27ab584b3ce' completed in 2.32 seconds with 5 SMD pins fanouted, 148 not routed, 0 insert errors, +0 extra vias (0 SMD pins still to check in pass, ripup costs=900).
2026-08-15 22:28:05.805 DEBUG  InsertFoundConnectionAlgo: insert trace failed for net #21 at corner 1/1 on layer 0, trace width: 2500, from corner: 0, ok_point: (1215000,-1056444), target: (1215000,-1045000)
2026-08-15 22:28:05.816 DEBUG  InsertFoundConnectionAlgo: insert trace failed for net #21 at corner 1/1 on layer 0, trace width: 2500, from corner: 0, ok_point: (1222000,-1060029), target: (1222000,-1045000)
2026-08-15 22:28:05.855 DEBUG  InsertFoundConnectionAlgo: insert trace failed for net #5 at corner 3/3 on layer 5, trace width: 2500, from corner: 0, ok_point: (1599000,-1272200), target: (1595000,-1272200)
2026-08-15 22:28:05.858 DEBUG  InsertFoundConnectionAlgo: insert trace failed for net #188 at corner 2/2 on layer 5, trace width: 5000, from corner: 1, ok_point: (1595002,-1303000), target: (1591000,-1303000)
2026-08-15 22:28:05.861 DEBUG  InsertFoundConnectionAlgo: insert trace failed for net #5 at corner 2/2 on layer 5, trace width: 2500, from corner: 1, ok_point: (1611000,-1280187), target: (1611000,-1272200)
2026-08-15 22:28:05.863 DEBUG  InsertFoundConnectionAlgo: insert trace failed for net #188 at corner 3/3 on layer 5, trace width: 5000, from corner: 0, ok_point: (1611000,-1303000), target: (1607000,-1303000)
2026-08-15 22:28:05.866 DEBUG  InsertFoundConnectionAlgo: insert trace failed for net #188 at corner 3/3 on layer 5, trace width: 5000, from corner: 0, ok_point: (1611000,-1303000), target: (1607000,-1303000)
2026-08-15 22:28:05.869 DEBUG  InsertFoundConnectionAlgo: insert trace failed for net #188 at corner 3/3 on layer 5, trace width: 5000, from corner: 0, ok_point: (1611000,-1303000), target: (1607000,-1303000)
2026-08-15 22:28:05.871 DEBUG  InsertFoundConnectionAlgo: insert trace failed for net #188 at corner 3/3 on layer 5, trace width: 5000, from corner: 0, ok_point: (1611000,-1303000), target: (1607000,-1303000)
2026-08-15 22:28:05.875 DEBUG  InsertFoundConnectionAlgo: insert trace failed for net #188 at corner 2/2 on layer 5, trace width: 5000, from corner: 1, ok_point: (1606998,-1303000), target: (1611000,-1303000)
2026-08-15 22:28:05.991 DEBUG  InsertFoundConnectionAlgo: insert trace failed for net #86 at corner 2/2 on layer 0, trace width: 2500, from corner: 0, ok_point: (2168521,-1152556), target: (2160000,-1155000)
2026-08-15 22:28:06.049 DEBUG  InsertFoundConnectionAlgo: insert trace failed for net #5 at corner 2/2 on layer 0, trace width: 2500, from corner: 0, ok_point: (2082479,-1132510), target: (2091000,-1135000)
2026-08-15 22:28:06.091 DEBUG  InsertFoundConnectionAlgo: insert trace failed for net #5 at corner 2/2 on layer 0, trace width: 2500, from corner: 0, ok_point: (1133829,-1223443), target: (1151250,-1225000)
2026-08-15 22:28:06.123 DEBUG  InsertFoundConnectionAlgo: insert trace failed for net #105 at corner 3/3 on layer 5, trace width: 5000, from corner: 0, ok_point: (1979000,-950000), target: (1979000,-954000)
2026-08-15 22:28:06.127 DEBUG  InsertFoundConnectionAlgo: insert trace failed for net #105 at corner 3/3 on layer 5, trace width: 5000, from corner: 2, ok_point: (1979000,-954004), target: (1979000,-950000)
2026-08-15 22:28:06.129 DEBUG  InsertFoundConnectionAlgo: insert trace failed for net #105 at corner 3/3 on layer 5, trace width: 5000, from corner: 0, ok_point: (1979000,-950000), target: (1979000,-954000)
2026-08-15 22:28:06.137 DEBUG  InsertFoundConnectionAlgo: insert trace failed for net #5 at corner 1/1 on layer 5, trace width: 2500, from corner: 0, ok_point: (2107250,-970000), target: (2035000,-970000)
2026-08-15 22:28:06.138 DEBUG  InsertFoundConnectionAlgo: insert trace failed for net #188 at corner 1/1 on layer 5, trace width: 5000, from corner: 0, ok_point: (2019000,-970000), target: (2023000,-970000)
2026-08-15 22:28:06.139 DEBUG  InsertFoundConnectionAlgo: insert trace failed for net #188 at corner 1/1 on layer 5, trace width: 5000, from corner: 0, ok_point: (2023000,-970000), target: (2019000,-970000)
2026-08-15 22:28:06.141 DEBUG  InsertFoundConnectionAlgo: insert trace failed for net #105 at corner 1/1 on layer 5, trace width: 5000, from corner: 0, ok_point: (2015000,-970000), target: (2011000,-970000)
2026-08-15 22:28:06.141 DEBUG  InsertFoundConnectionAlgo: insert trace failed for net #105 at corner 1/1 on layer 5, trace width: 5000, from corner: 0, ok_point: (2011000,-970000), target: (2015000,-970000)
2026-08-15 22:28:06.153 DEBUG  InsertFoundConnectionAlgo: insert trace failed for net #188 at corner 2/2 on layer 5, trace width: 5000, from corner: 0, ok_point: (2194219,-1273400), target: (2186000,-1275000)
2026-08-15 22:28:06.265 DEBUG  InsertFoundConnectionAlgo: insert trace failed for net #21 at corner 7/7 on layer 0, trace width: 2500, from corner: 0, ok_point: (2156000,-1029600), target: (2163000,-1029600)
2026-08-15 22:28:06.316 DEBUG  InsertFoundConnectionAlgo: insert trace failed for net #21 at corner 7/7 on layer 0, trace width: 2500, from corner: 0, ok_point: (2163000,-1029600), target: (2156000,-1029600)
2026-08-15 22:28:06.421 DEBUG  InsertFoundConnectionAlgo: insert trace failed for net #260 at corner 1/1 on layer 5, trace width: 5000, from corner: 0, ok_point: (2199625,-1224250), target: (2199625,-1220250)
2026-08-15 22:28:06.422 DEBUG  InsertFoundConnectionAlgo: insert trace failed for net #260 at corner 1/1 on layer 5, trace width: 5000, from corner: 0, ok_point: (2199625,-1224250), target: (2199625,-1220250)
2026-08-15 22:28:06.424 DEBUG  InsertFoundConnectionAlgo: insert trace failed for net #260 at corner 1/1 on layer 5, trace width: 5000, from corner: 0, ok_point: (2199625,-1220250), target: (2199625,-1224250)
2026-08-15 22:28:06.424 DEBUG  InsertFoundConnectionAlgo: insert trace failed for net #260 at corner 1/1 on layer 5, trace width: 5000, from corner: 0, ok_point: (2199625,-1220250), target: (2199625,-1224250)
2026-08-15 22:28:06.461 DEBUG  InsertFoundConnectionAlgo: insert trace failed for net #105 at corner 4/4 on layer 0, trace width: 5000, from corner: 0, ok_point: (1195000,-1128500), target: (1195000,-1135000)
2026-08-15 22:28:06.462 DEBUG  InsertFoundConnectionAlgo: insert trace failed for net #105 at corner 4/4 on layer 0, trace width: 5000, from corner: 0, ok_point: (1195000,-1128500), target: (1195000,-1122000)
2026-08-15 22:28:06.463 DEBUG  InsertFoundConnectionAlgo: insert trace failed for net #105 at corner 4/4 on layer 0, trace width: 5000, from corner: 0, ok_point: (1195000,-1135000), target: (1195000,-1128500)
2026-08-15 22:28:06.489 DEBUG  InsertFoundConnectionAlgo: insert trace failed for net #188 at corner 1/1 on layer 5, trace width: 5000, from corner: 0, ok_point: (2055375,-1175375), target: (2055375,-1170375)
2026-08-15 22:28:06.490 DEBUG  InsertFoundConnectionAlgo: insert trace failed for net #188 at corner 5/5 on layer 5, trace width: 5000, from corner: 0, ok_point: (2055375,-1170375), target: (2055375,-1175375)
2026-08-15 22:28:06.619 DEBUG  InsertFoundConnectionAlgo: insert trace failed for net #5 at corner 12/12 on layer 0, trace width: 2500, from corner: 0, ok_point: (2025000,-1128500), target: (2025000,-1145000)
2026-08-15 22:28:06.626 DEBUG  InsertFoundConnectionAlgo: insert trace failed for net #5 at corner 9/9 on layer 0, trace width: 2500, from corner: 0, ok_point: (2025000,-1145000), target: (2025000,-1128500)
2026-08-15 22:28:07.351 DEBUG  InsertFoundConnectionAlgo: insert trace failed for net #5 at corner 3/3 on layer 5, trace width: 2500, from corner: 0, ok_point: (2035000,-970000), target: (2036521,-970000)
2026-08-15 22:28:07.410 DEBUG  InsertFoundConnectionAlgo: insert trace failed for net #105 at corner 5/5 on layer 5, trace width: 5000, from corner: 0, ok_point: (2011000,-970000), target: (2025000,-995000)
2026-08-15 22:28:07.887 INFO   [07BB65\2015D5] Fanout pass #10 on board 'c6a903e4afcfb7d4590f270f8a05b86a' completed in 2.35 seconds with 5 SMD pins fanouted, 148 not routed, 0 insert errors, +0 extra vias (0 SMD pins still to check in pass, ripup costs=1000).
2026-08-15 22:28:07.887 INFO   Fanout stopped after 10 passes: no progress for 3 consecutive passes.
2026-08-15 22:28:08.028 INFO   [07BB65\2015D5] Fanout stage completed: started with 489 total SMD pins, completed in 28.40 seconds, escaped pins: 196/489 (40.1%), using 28.16 total CPU seconds, 60.15 GB total allocated, and 403.4 MB peak heap usage.
2026-08-15 22:28:08.099 INFO   [07BB65\2015D5] Auto-routing stage started on board 'c6a903e4afcfb7d4590f270f8a05b86a' for 131 unrouted items.
2026-08-15 22:28:16.892 DEBUG  Queuing item for routing: Via on net 'TYPEC_INT_N' (connected: 14/16)
2026-08-15 22:28:16.895 DEBUG  Queuing item for routing: Via on net 'HP_R_CODEC' (connected: 9/10)
2026-08-15 22:28:16.895 DEBUG  Queuing item for routing: Via on net 'MIC_L_N' (connected: 9/10)
2026-08-15 22:28:16.896 DEBUG  Queuing item for routing: Via on net 'MIC_L_P' (connected: 8/9)
2026-08-15 22:28:16.898 DEBUG  Queuing item for routing: Via on net 'JACK_MIC' (connected: 13/14)
2026-08-15 22:28:16.899 DEBUG  Queuing item for routing: Via on net 'R_LCD_LEDPWM' (connected: 12/14)
2026-08-15 22:28:16.900 DEBUG  Queuing item for routing: Via on net 'R_1V15_HDMI' (connected: 18/20)
2026-08-15 22:28:16.900 DEBUG  Queuing item for routing: Via on net 'nPI_LED_PWR' (connected: 3/11)
2026-08-15 22:28:16.900 DEBUG  Queuing item for routing: Via on net 'nPI_LED_PWR' (connected: 8/11)
2026-08-15 22:28:16.903 DEBUG  Queuing item for routing: Via on net '+3V3' (connected: 14/122)
2026-08-15 22:28:16.921 DEBUG  Queuing item for routing: PolylineTrace on net 'TYPEC_INT_N' (connected: 2/16)
2026-08-15 22:28:16.921 DEBUG  Queuing item for routing: PolylineTrace on net 'HP_L_CODEC' (connected: 2/3)
2026-08-15 22:28:16.921 DEBUG  Queuing item for routing: PolylineTrace on net 'JACK_MIC' (connected: 1/14)
2026-08-15 22:28:16.922 DEBUG  Queuing item for routing: PolylineTrace on net 'R_LCD_LEDPWM' (connected: 2/14)
2026-08-15 22:28:16.922 DEBUG  Queuing item for routing: PolylineTrace on net 'R_1V15_HDMI' (connected: 2/20)
2026-08-15 22:28:16.922 DEBUG  Queuing item for routing: PolylineTrace on net 'GND' (connected: 14/27)
2026-08-15 22:28:16.922 DEBUG  Queuing item for routing: Pin on net 'VBAT_SYS' (connected: 1/36)
2026-08-15 22:28:16.923 DEBUG  Queuing item for routing: Pin on net 'VBAT_SYS' (connected: 13/36)
2026-08-15 22:28:16.923 DEBUG  Queuing item for routing: Pin on net '+1V05_USB' (connected: 12/41)
2026-08-15 22:28:16.923 DEBUG  Queuing item for routing: Pin on net 'DISPLAY_1V8' (connected: 15/64)
2026-08-15 22:28:16.923 DEBUG  Queuing item for routing: Pin on net '+3V3' (connected: 1/122)
2026-08-15 22:28:16.923 DEBUG  Queuing item for routing: Pin on net '+3V3' (connected: 1/122)
2026-08-15 22:28:16.923 DEBUG  Queuing item for routing: Pin on net '+5V_SYS' (connected: 1/85)
2026-08-15 22:28:16.923 DEBUG  Queuing item for routing: Pin on net '+5V_SYS' (connected: 1/85)
2026-08-15 22:28:16.924 DEBUG  Queuing item for routing: Pin on net '+3V3' (connected: 1/122)
2026-08-15 22:28:16.924 DEBUG  Queuing item for routing: Pin on net '+5V_SYS' (connected: 1/85)
2026-08-15 22:28:16.924 DEBUG  Queuing item for routing: Pin on net '+5V_SYS' (connected: 1/85)
2026-08-15 22:28:16.924 DEBUG  Queuing item for routing: Pin on net 'VBUS_CHARGE' (connected: 1/20)
2026-08-15 22:28:16.924 DEBUG  Queuing item for routing: Pin on net 'VBUS_CHARGE' (connected: 1/20)
2026-08-15 22:28:16.924 DEBUG  Queuing item for routing: Pin on net 'VBUS_CHARGE' (connected: 4/20)
2026-08-15 22:28:16.924 DEBUG  Queuing item for routing: Pin on net 'VBUS_CHARGE' (connected: 1/20)
2026-08-15 22:28:16.924 DEBUG  Queuing item for routing: Pin on net '+3V3' (connected: 6/122)
2026-08-15 22:28:16.925 DEBUG  Queuing item for routing: Pin on net 'VBAT_SYS' (connected: 5/36)
2026-08-15 22:28:16.925 DEBUG  Queuing item for routing: Pin on net 'BAT+' (connected: 1/4)
2026-08-15 22:28:16.925 DEBUG  Queuing item for routing: Pin on net 'BAT+' (connected: 1/4)
2026-08-15 22:28:16.925 DEBUG  Queuing item for routing: Pin on net 'BATP' (connected: 1/2)
2026-08-15 22:28:16.926 DEBUG  Queuing item for routing: Pin on net '+5V_SYS' (connected: 34/85)
2026-08-15 22:28:16.926 DEBUG  Queuing item for routing: Pin on net '+5V_SYS' (connected: 1/85)
2026-08-15 22:28:16.926 DEBUG  Queuing item for routing: Pin on net 'LED_BOOST' (connected: 6/9)
2026-08-15 22:28:16.926 DEBUG  Queuing item for routing: Pin on net 'DISPLAY_1V8' (connected: 4/64)
2026-08-15 22:28:16.926 DEBUG  Queuing item for routing: Pin on net 'DISPLAY_1V8' (connected: 3/64)
2026-08-15 22:28:16.926 DEBUG  Queuing item for routing: Pin on net '+5V_SYS' (connected: 3/85)
2026-08-15 22:28:16.927 DEBUG  Queuing item for routing: Pin on net 'DISPLAY_1V15' (connected: 5/14)
2026-08-15 22:28:16.927 DEBUG  Queuing item for routing: Pin on net 'DISPLAY_3V3' (connected: 3/22)
2026-08-15 22:28:16.927 DEBUG  Queuing item for routing: Pin on net 'LCD_VSN' (connected: 1/7)
2026-08-15 22:28:16.927 DEBUG  Queuing item for routing: Pin on net '+5V_SYS' (connected: 3/85)
2026-08-15 22:28:16.927 DEBUG  Queuing item for routing: Pin on net '+5V_SYS' (connected: 9/85)
2026-08-15 22:28:16.927 DEBUG  Queuing item for routing: Pin on net 'LCD_VSP' (connected: 1/7)
2026-08-15 22:28:16.927 DEBUG  Queuing item for routing: Pin on net '+3V3' (connected: 3/122)
2026-08-15 22:28:16.927 DEBUG  Queuing item for routing: Pin on net '+5V_SYS' (connected: 1/85)
2026-08-15 22:28:16.927 DEBUG  Queuing item for routing: Pin on net 'LCD_VSP' (connected: 1/7)
2026-08-15 22:28:16.928 DEBUG  Queuing item for routing: Pin on net '+5V_SYS' (connected: 1/85)
2026-08-15 22:28:16.928 DEBUG  Queuing item for routing: Pin on net 'LCD_VSN' (connected: 1/7)
2026-08-15 22:28:16.928 DEBUG  Queuing item for routing: Pin on net 'DISPLAY_1V8' (connected: 9/64)
2026-08-15 22:28:16.928 DEBUG  Queuing item for routing: Pin on net '+5V_SYS' (connected: 8/85)
2026-08-15 22:28:16.928 DEBUG  Queuing item for routing: Pin on net 'LED_BOOST' (connected: 1/9)
2026-08-15 22:28:16.929 DEBUG  Queuing item for routing: Pin on net 'DISPLAY_1V8' (connected: 1/64)
2026-08-15 22:28:16.929 DEBUG  Queuing item for routing: Pin on net 'DISPLAY_3V3' (connected: 3/22)
2026-08-15 22:28:16.929 DEBUG  Queuing item for routing: Pin on net '+3V3' (connected: 3/122)
2026-08-15 22:28:16.929 DEBUG  Queuing item for routing: Pin on net 'DISPLAY_1V15' (connected: 1/14)
2026-08-15 22:28:16.929 DEBUG  Queuing item for routing: Pin on net '+3V3' (connected: 3/122)
2026-08-15 22:28:16.929 DEBUG  Queuing item for routing: Pin on net '+3V3' (connected: 7/122)
2026-08-15 22:28:16.929 DEBUG  Queuing item for routing: Pin on net 'BAT+' (connected: 1/4)
2026-08-15 22:28:16.930 DEBUG  Queuing item for routing: Pin on net 'BATP' (connected: 1/2)
2026-08-15 22:28:16.930 DEBUG  Queuing item for routing: Pin on net '+3V3' (connected: 1/122)
2026-08-15 22:28:16.930 DEBUG  Queuing item for routing: Pin on net 'DISPLAY_3V3' (connected: 3/22)
2026-08-15 22:28:16.930 DEBUG  Queuing item for routing: Pin on net 'DISPLAY_1V15' (connected: 5/14)
2026-08-15 22:28:16.930 DEBUG  Queuing item for routing: Pin on net 'DISPLAY_1V8' (connected: 1/64)
2026-08-15 22:28:16.931 DEBUG  Queuing item for routing: Pin on net '+5V_SYS' (connected: 1/85)
2026-08-15 22:28:16.931 DEBUG  Queuing item for routing: Pin on net '+3V3' (connected: 1/122)
2026-08-15 22:28:16.931 DEBUG  Queuing item for routing: Pin on net '+5V_SYS' (connected: 8/85)
2026-08-15 22:28:16.931 DEBUG  Queuing item for routing: Pin on net '+3V3' (connected: 1/122)
2026-08-15 22:28:16.931 DEBUG  Queuing item for routing: Pin on net '+5V_SYS' (connected: 1/85)
2026-08-15 22:28:16.932 DEBUG  Queuing item for routing: Pin on net 'VBAT_SYS' (connected: 9/36)
2026-08-15 22:28:16.932 DEBUG  Queuing item for routing: Pin on net 'VBUS_CHARGE' (connected: 1/20)
2026-08-15 22:28:16.932 DEBUG  Queuing item for routing: Pin on net 'BAT+' (connected: 1/4)
2026-08-15 22:28:16.932 DEBUG  Queuing item for routing: Pin on net '+5V_SYS' (connected: 5/85)
2026-08-15 22:28:16.932 DEBUG  Queuing item for routing: Pin on net 'VBUS_CHARGE' (connected: 5/20)
2026-08-15 22:28:16.932 DEBUG  Queuing item for routing: Pin on net '+3V3' (connected: 2/122)
2026-08-15 22:28:16.932 DEBUG  Queuing item for routing: Pin on net 'VBAT_SYS' (connected: 3/36)
2026-08-15 22:28:16.933 DEBUG  Queuing item for routing: Pin on net 'VBAT_SYS' (connected: 3/36)
2026-08-15 22:28:16.933 DEBUG  Queuing item for routing: Pin on net 'VBAT_SYS' (connected: 1/36)
2026-08-15 22:28:16.933 DEBUG  Queuing item for routing: Pin on net '+2V8_MIC' (connected: 1/4)
2026-08-15 22:28:16.933 DEBUG  Queuing item for routing: Pin on net '+2V8_MIC' (connected: 1/4)
2026-08-15 22:28:16.933 DEBUG  Queuing item for routing: Pin on net '+3V3_AUDIO' (connected: 10/22)
2026-08-15 22:28:16.933 DEBUG  Queuing item for routing: Pin on net '+3V3' (connected: 1/122)
2026-08-15 22:28:16.933 DEBUG  Queuing item for routing: Pin on net '+1V05_USB' (connected: 9/41)
2026-08-15 22:28:16.934 DEBUG  Queuing item for routing: Pin on net '+3V3' (connected: 1/122)
2026-08-15 22:28:16.934 DEBUG  Queuing item for routing: Pin on net '+1V05_USB' (connected: 1/41)
2026-08-15 22:28:16.934 DEBUG  Queuing item for routing: Pin on net '+3V3' (connected: 12/122)
2026-08-15 22:28:16.934 DEBUG  Queuing item for routing: Pin on net '+1V05_USB' (connected: 1/41)
2026-08-15 22:28:16.935 DEBUG  Queuing item for routing: Pin on net '+3V3' (connected: 1/122)
2026-08-15 22:28:16.935 DEBUG  Queuing item for routing: Pin on net '+1V05_USB' (connected: 1/41)
2026-08-15 22:28:16.935 DEBUG  Queuing item for routing: Pin on net '+1V05_USB' (connected: 1/41)
2026-08-15 22:28:16.935 DEBUG  Queuing item for routing: Pin on net '+3V3' (connected: 1/122)
2026-08-15 22:28:16.935 DEBUG  Queuing item for routing: Pin on net '+3V3' (connected: 1/122)
2026-08-15 22:28:16.935 DEBUG  Queuing item for routing: Pin on net '+3V3' (connected: 1/122)
2026-08-15 22:28:16.935 DEBUG  Queuing item for routing: Pin on net 'LED_BOOST' (connected: 1/9)
2026-08-15 22:28:16.935 DEBUG  Queuing item for routing: Pin on net 'LCD_VSN' (connected: 1/7)
2026-08-15 22:28:16.936 DEBUG  Queuing item for routing: Pin on net 'DISPLAY_1V8' (connected: 1/64)
2026-08-15 22:28:16.936 DEBUG  Queuing item for routing: Pin on net 'LCD_VSP' (connected: 1/7)
2026-08-15 22:28:16.936 DEBUG  Queuing item for routing: Pin on net 'DISPLAY_1V8' (connected: 1/64)
2026-08-15 22:28:16.936 DEBUG  Queuing item for routing: Pin on net '+5V_SYS' (connected: 1/85)
2026-08-15 22:28:16.936 DEBUG  Queuing item for routing: Pin on net 'VBUS_USB_HOST' (connected: 1/12)
2026-08-15 22:28:16.936 DEBUG  Queuing item for routing: Pin on net 'VBUS_CHARGE' (connected: 1/20)
2026-08-15 22:28:16.936 DEBUG  Queuing item for routing: Pin on net 'VBUS_CHARGE' (connected: 1/20)
2026-08-15 22:28:16.936 DEBUG  Queuing item for routing: Pin on net 'VBUS_CHARGE' (connected: 1/20)
2026-08-15 22:28:16.936 DEBUG  Queuing item for routing: Pin on net '+3V3' (connected: 5/122)
2026-08-15 22:28:16.936 DEBUG  Queuing item for routing: Pin on net '+2V8_MIC' (connected: 1/4)
2026-08-15 22:28:16.936 DEBUG  Queuing item for routing: Pin on net 'DISPLAY_1V8' (connected: 3/64)
2026-08-15 22:28:16.937 DEBUG  Queuing item for routing: Pin on net 'DISPLAY_1V8' (connected: 9/64)
2026-08-15 22:28:16.939 DEBUG  Queuing item for routing: Pin on net '+3V3' (connected: 7/122)
2026-08-15 22:28:16.939 DEBUG  Queuing item for routing: Pin on net 'VBUS_USB_HOST' (connected: 5/12)
2026-08-15 22:28:16.939 DEBUG  Queuing item for routing: Pin on net 'VBUS_USB_HOST' (connected: 6/12)
2026-08-15 22:28:16.939 DEBUG  Queuing item for routing: Pin on net '+3V3' (connected: 6/122)
2026-08-15 22:28:16.939 DEBUG  Queuing item for routing: Pin on net 'HP_R_CODEC' (connected: 1/10)
2026-08-15 22:28:16.939 DEBUG  Queuing item for routing: Pin on net '+3V3_AUDIO' (connected: 12/22)
2026-08-15 22:28:16.940 DEBUG  Queuing item for routing: Pin on net 'HP_L_CODEC' (connected: 1/3)
2026-08-15 22:28:16.940 DEBUG  Queuing item for routing: Pin on net 'MIC_L_N' (connected: 1/10)
2026-08-15 22:28:16.940 DEBUG  Queuing item for routing: Pin on net 'MIC_L_P' (connected: 1/9)
2026-08-15 22:28:16.940 DEBUG  Queuing item for routing: Pin on net '+3V3' (connected: 1/122)
2026-08-15 22:28:16.940 DEBUG  Queuing item for routing: Pin on net 'VBUS_CHARGE' (connected: 2/20)
2026-08-15 22:28:16.940 DEBUG  Queuing item for routing: Pin on net 'VBUS_CHARGE' (connected: 2/20)
2026-08-15 22:28:16.940 DEBUG  Queuing item for routing: Pin on net 'DISPLAY_3V3' (connected: 3/22)
2026-08-15 22:28:16.940 DEBUG  Queuing item for routing: Pin on net 'DISPLAY_3V3' (connected: 6/22)
2026-08-15 22:28:16.940 DEBUG  Queuing item for routing: Pin on net 'DISPLAY_1V8' (connected: 5/64)
2026-08-15 22:28:16.942 DEBUG  Queuing item for routing: Pin on net '+3V3' (connected: 11/122)
2026-08-15 22:28:16.942 DEBUG  Queuing item for routing: Pin on net 'DISPLAY_1V15' (connected: 1/14)
2026-08-15 22:28:16.942 DEBUG  Queuing item for routing: Pin on net 'DISPLAY_3V3' (connected: 1/22)
2026-08-15 22:28:16.942 DEBUG  Queuing item for routing: Pin on net 'DISPLAY_1V8' (connected: 1/64)
2026-08-15 22:28:16.942 DEBUG  Queuing item for routing: Pin on net 'DISPLAY_1V15' (connected: 1/14)
2026-08-15 22:28:16.942 DEBUG  Queuing item for routing: Pin on net '+1V05_USB' (connected: 12/41)
2026-08-15 22:28:16.942 DEBUG  Queuing item for routing: Pin on net '+3V3' (connected: 13/122)
2026-08-15 22:28:16.943 DEBUG  Queuing item for routing: Pin on net '+2V8_MIC' (connected: 1/4)
2026-08-15 22:28:16.943 DEBUG  Queuing item for routing: Pin on net '+3V3' (connected: 1/122)
2026-08-15 22:28:16.943 DEBUG  Queuing item for routing: Pin on net '+1V05_USB' (connected: 1/41)
2026-08-15 22:28:16.943 DEBUG  Queuing item for routing: Pin on net 'VBAT_SYS' (connected: 1/36)
2026-08-15 22:28:16.943 DEBUG  Queuing item for routing: Pin on net 'DISPLAY_1V15' (connected: 1/14)
2026-08-15 22:28:16.943 DEBUG  Queuing item for routing: Pin on net 'LCD_VSN' (connected: 1/7)
2026-08-15 22:28:16.943 DEBUG  Queuing item for routing: Pin on net '+5V_SYS' (connected: 3/85)
2026-08-15 22:28:16.943 DEBUG  Queuing item for routing: Pin on net 'LCD_VSP' (connected: 1/7)
2026-08-15 22:28:16.944 DEBUG  Queuing item for routing: Pin on net 'DISPLAY_3V3' (connected: 3/22)
2026-08-15 22:28:16.944 DEBUG  Queuing item for routing: Pin on net 'DISPLAY_1V8' (connected: 1/64)
2026-08-15 22:28:16.945 DEBUG  Queuing item for routing: Pin on net 'LED_BOOST' (connected: 1/9)
2026-08-15 22:28:16.946 DEBUG  Queuing item for routing: Pin on net 'LCD_VSN' (connected: 1/7)
2026-08-15 22:28:16.946 DEBUG  Queuing item for routing: Pin on net 'DISPLAY_1V8' (connected: 1/64)
2026-08-15 22:28:16.947 DEBUG  Queuing item for routing: Pin on net 'LCD_VSP' (connected: 1/7)
2026-08-15 22:28:16.947 DEBUG  Queuing item for routing: Pin on net 'DISPLAY_1V8' (connected: 1/64)
2026-08-15 22:28:16.947 DEBUG  Queuing item for routing: Pin on net 'LCD_VSN' (connected: 1/7)
2026-08-15 22:28:16.947 DEBUG  Queuing item for routing: Pin on net 'LCD_VSN' (connected: 1/7)
2026-08-15 22:28:16.947 DEBUG  Queuing item for routing: Pin on net 'DISPLAY_1V8' (connected: 1/64)
2026-08-15 22:28:16.947 DEBUG  Queuing item for routing: Pin on net 'LCD_VSP' (connected: 1/7)
2026-08-15 22:28:16.947 DEBUG  Queuing item for routing: Pin on net 'LCD_VSP' (connected: 1/7)
2026-08-15 22:28:16.947 DEBUG  Queuing item for routing: Pin on net 'DISPLAY_1V8' (connected: 3/64)
2026-08-15 22:28:16.947 DEBUG  Queuing item for routing: Pin on net '+1V05_USB' (connected: 3/41)
2026-08-15 22:28:16.947 DEBUG  Queuing item for routing: Pin on net '+3V3' (connected: 1/122)
2026-08-15 22:28:16.947 DEBUG  Queuing item for routing: Pin on net 'DISPLAY_1V8' (connected: 1/64)
2026-08-15 22:28:16.948 DEBUG  Queuing item for routing: Pin on net '+3V3' (connected: 3/122)
2026-08-15 22:28:16.948 DEBUG  Queuing item for routing: Pin on net '+3V3' (connected: 1/122)
2026-08-15 22:28:16.949 DEBUG  Queuing item for routing: Pin on net 'DISPLAY_1V8' (connected: 3/64)
2026-08-15 22:28:16.949 DEBUG  Queuing item for routing: Pin on net 'GND' (connected: 1/27)
2026-08-15 22:28:21.244 DEBUG  [07BB65\2015D5] Pass #1: 131 incompletes across 161 items to route
2026-08-15 22:28:21.244 DEBUG  [07BB65\2015D5]   Net 'GND' has 1 incomplete(s)
2026-08-15 22:28:21.244 DEBUG  [07BB65\2015D5]   Net '+3V3' has 29 incomplete(s)
2026-08-15 22:28:21.244 DEBUG  [07BB65\2015D5]   Net 'DISPLAY_1V8' has 18 incomplete(s)
2026-08-15 22:28:21.244 DEBUG  [07BB65\2015D5]   Net 'LCD_VSP' has 6 incomplete(s)
2026-08-15 22:28:21.244 DEBUG  [07BB65\2015D5]   Net 'LCD_VSN' has 6 incomplete(s)
2026-08-15 22:28:21.244 DEBUG  [07BB65\2015D5]   Net 'LED_BOOST' has 3 incomplete(s)
2026-08-15 22:28:21.244 DEBUG  [07BB65\2015D5]   Net 'nPI_LED_PWR' has 1 incomplete(s)
2026-08-15 22:28:21.244 DEBUG  [07BB65\2015D5]   Net '+1V05_USB' has 8 incomplete(s)
2026-08-15 22:28:21.244 DEBUG  [07BB65\2015D5]   Net 'DISPLAY_3V3' has 6 incomplete(s)
2026-08-15 22:28:21.244 DEBUG  [07BB65\2015D5]   Net 'DISPLAY_1V15' has 5 incomplete(s)
2026-08-15 22:28:21.244 DEBUG  [07BB65\2015D5]   Net '+3V3_AUDIO' has 1 incomplete(s)
2026-08-15 22:28:21.244 DEBUG  [07BB65\2015D5]   Net 'VBUS_CHARGE' has 10 incomplete(s)
2026-08-15 22:28:21.244 DEBUG  [07BB65\2015D5]   Net 'MIC_L_P' has 1 incomplete(s)
2026-08-15 22:28:21.244 DEBUG  [07BB65\2015D5]   Net 'MIC_L_N' has 1 incomplete(s)
2026-08-15 22:28:21.244 DEBUG  [07BB65\2015D5]   Net 'HP_R_CODEC' has 1 incomplete(s)
2026-08-15 22:28:21.244 DEBUG  [07BB65\2015D5]   Net 'VBUS_USB_HOST' has 2 incomplete(s)
2026-08-15 22:28:21.244 DEBUG  [07BB65\2015D5]   Net '+2V8_MIC' has 3 incomplete(s)
2026-08-15 22:28:21.245 DEBUG  [07BB65\2015D5]   Net '+5V_SYS' has 17 incomplete(s)
2026-08-15 22:28:21.245 DEBUG  [07BB65\2015D5]   Net 'TYPEC_INT_N' has 1 incomplete(s)
2026-08-15 22:28:21.245 DEBUG  [07BB65\2015D5]   Net 'VBAT_SYS' has 7 incomplete(s)
2026-08-15 22:28:21.245 DEBUG  [07BB65\2015D5]   Net 'BATP' has 1 incomplete(s)
2026-08-15 22:28:21.245 DEBUG  [07BB65\2015D5]   Net 'BAT+' has 3 incomplete(s)
2026-08-15 22:28:40.109 DEBUG  FloatLine: one or both endpoints are null (degenerate line segment)
2026-08-15 22:28:44.527 DEBUG  FloatLine: one or both endpoints are null (degenerate line segment)
2026-08-15 22:28:44.529 DEBUG  InsertFoundConnectionAlgo: insert trace failed for net #89 at corner 3/3 on layer 0, trace width: 750, from corner: 0, ok_point: (2159500,-1048580), target: (2159500,-1049410)
2026-08-15 22:28:44.593 DEBUG  [07BB65\2015D5] Autorouter Failed to route connection between polylinetrace, polylinetrace and via, via, polylinetrace, polylinetrace, polylinetrace, polylinetrace, polylinetrace, polylinetrace, polylinetrace, polylinetrace, polylinetrace, pin of component #4, because the new connection could not be inserted.
2026-08-15 22:28:49.095 DEBUG  FloatLine: one or both endpoints are null (degenerate line segment)
