ISO-10303-21;
HEADER;
FILE_DESCRIPTION(('Open CASCADE Model'),'2;1');
FILE_NAME('Open CASCADE Shape Model','2026-08-14T15:15:53',('Author'),(
    'Open CASCADE'),'Open CASCADE STEP processor 7.8','Open CASCADE 7.8'
  ,'Unknown');
FILE_SCHEMA(('AUTOMOTIVE_DESIGN { 1 0 10303 214 1 1 1 1 }'));
ENDSEC;
DATA;
#1 = APPLICATION_PROTOCOL_DEFINITION('international standard',
  'automotive_design',2000,#2);
#2 = APPLICATION_CONTEXT(
  'core data for automotive mechanical design processes');
#3 = SHAPE_DEFINITION_REPRESENTATION(#4,#10);
#4 = PRODUCT_DEFINITION_SHAPE('','',#5);
#5 = PRODUCT_DEFINITION('design','',#6,#9);
#6 = PRODUCT_DEFINITION_FORMATION('','',#7);
#7 = PRODUCT('TC358870XBG','TC358870XBG','',(#8));
#8 = PRODUCT_CONTEXT('',#2,'mechanical');
#9 = PRODUCT_DEFINITION_CONTEXT('part definition',#2,'design');
#10 = SHAPE_REPRESENTATION('',(#11,#15,#19,#23,#27,#31,#35,#39,#43,#47,
    #51,#55,#59,#63,#67,#71,#75,#79,#83,#87,#91,#95,#99,#103,#107,#111,
    #115,#119,#123,#127,#131,#135,#139,#143,#147,#151,#155,#159,#163,
    #167,#171,#175,#179,#183,#187,#191,#195,#199,#203,#207,#211,#215,
    #219,#223,#227,#231,#235,#239,#243,#247,#251,#255,#259,#263,#267,
    #271,#275,#279,#283,#287,#291,#295,#299,#303,#307,#311,#315,#319,
    #323,#327,#331,#335,#339),#343);
#11 = AXIS2_PLACEMENT_3D('',#12,#13,#14);
#12 = CARTESIAN_POINT('',(0.,0.,0.));
#13 = DIRECTION('',(0.,0.,1.));
#14 = DIRECTION('',(1.,0.,-0.));
#15 = AXIS2_PLACEMENT_3D('',#16,#17,#18);
#16 = CARTESIAN_POINT('',(0.,0.,0.));
#17 = DIRECTION('',(0.,0.,1.));
#18 = DIRECTION('',(1.,0.,-0.));
#19 = AXIS2_PLACEMENT_3D('',#20,#21,#22);
#20 = CARTESIAN_POINT('',(0.,0.,0.));
#21 = DIRECTION('',(0.,0.,1.));
#22 = DIRECTION('',(1.,0.,-0.));
#23 = AXIS2_PLACEMENT_3D('',#24,#25,#26);
#24 = CARTESIAN_POINT('',(0.,0.,0.));
#25 = DIRECTION('',(0.,0.,1.));
#26 = DIRECTION('',(1.,0.,-0.));
#27 = AXIS2_PLACEMENT_3D('',#28,#29,#30);
#28 = CARTESIAN_POINT('',(0.,0.,0.));
#29 = DIRECTION('',(0.,0.,1.));
#30 = DIRECTION('',(1.,0.,-0.));
#31 = AXIS2_PLACEMENT_3D('',#32,#33,#34);
#32 = CARTESIAN_POINT('',(0.,0.,0.));
#33 = DIRECTION('',(0.,0.,1.));
#34 = DIRECTION('',(1.,0.,-0.));
#35 = AXIS2_PLACEMENT_3D('',#36,#37,#38);
#36 = CARTESIAN_POINT('',(0.,0.,0.));
#37 = DIRECTION('',(0.,0.,1.));
#38 = DIRECTION('',(1.,0.,-0.));
#39 = AXIS2_PLACEMENT_3D('',#40,#41,#42);
#40 = CARTESIAN_POINT('',(0.,0.,0.));
#41 = DIRECTION('',(0.,0.,1.));
#42 = DIRECTION('',(1.,0.,-0.));
#43 = AXIS2_PLACEMENT_3D('',#44,#45,#46);
#44 = CARTESIAN_POINT('',(0.,0.,0.));
#45 = DIRECTION('',(0.,0.,1.));
#46 = DIRECTION('',(1.,0.,-0.));
#47 = AXIS2_PLACEMENT_3D('',#48,#49,#50);
#48 = CARTESIAN_POINT('',(0.,0.,0.));
#49 = DIRECTION('',(0.,0.,1.));
#50 = DIRECTION('',(1.,0.,-0.));
#51 = AXIS2_PLACEMENT_3D('',#52,#53,#54);
#52 = CARTESIAN_POINT('',(0.,0.,0.));
#53 = DIRECTION('',(0.,0.,1.));
#54 = DIRECTION('',(1.,0.,-0.));
#55 = AXIS2_PLACEMENT_3D('',#56,#57,#58);
#56 = CARTESIAN_POINT('',(0.,0.,0.));
#57 = DIRECTION('',(0.,0.,1.));
#58 = DIRECTION('',(1.,0.,-0.));
#59 = AXIS2_PLACEMENT_3D('',#60,#61,#62);
#60 = CARTESIAN_POINT('',(0.,0.,0.));
#61 = DIRECTION('',(0.,0.,1.));
#62 = DIRECTION('',(1.,0.,-0.));
#63 = AXIS2_PLACEMENT_3D('',#64,#65,#66);
#64 = CARTESIAN_POINT('',(0.,0.,0.));
#65 = DIRECTION('',(0.,0.,1.));
#66 = DIRECTION('',(1.,0.,-0.));
#67 = AXIS2_PLACEMENT_3D('',#68,#69,#70);
#68 = CARTESIAN_POINT('',(0.,0.,0.));
#69 = DIRECTION('',(0.,0.,1.));
#70 = DIRECTION('',(1.,0.,-0.));
#71 = AXIS2_PLACEMENT_3D('',#72,#73,#74);
#72 = CARTESIAN_POINT('',(0.,0.,0.));
#73 = DIRECTION('',(0.,0.,1.));
#74 = DIRECTION('',(1.,0.,-0.));
#75 = AXIS2_PLACEMENT_3D('',#76,#77,#78);
#76 = CARTESIAN_POINT('',(0.,0.,0.));
#77 = DIRECTION('',(0.,0.,1.));
#78 = DIRECTION('',(1.,0.,-0.));
#79 = AXIS2_PLACEMENT_3D('',#80,#81,#82);
#80 = CARTESIAN_POINT('',(0.,0.,0.));
#81 = DIRECTION('',(0.,0.,1.));
#82 = DIRECTION('',(1.,0.,-0.));
#83 = AXIS2_PLACEMENT_3D('',#84,#85,#86);
#84 = CARTESIAN_POINT('',(0.,0.,0.));
#85 = DIRECTION('',(0.,0.,1.));
#86 = DIRECTION('',(1.,0.,-0.));
#87 = AXIS2_PLACEMENT_3D('',#88,#89,#90);
#88 = CARTESIAN_POINT('',(0.,0.,0.));
#89 = DIRECTION('',(0.,0.,1.));
#90 = DIRECTION('',(1.,0.,-0.));
#91 = AXIS2_PLACEMENT_3D('',#92,#93,#94);
#92 = CARTESIAN_POINT('',(0.,0.,0.));
#93 = DIRECTION('',(0.,0.,1.));
#94 = DIRECTION('',(1.,0.,-0.));
#95 = AXIS2_PLACEMENT_3D('',#96,#97,#98);
#96 = CARTESIAN_POINT('',(0.,0.,0.));
#97 = DIRECTION('',(0.,0.,1.));
#98 = DIRECTION('',(1.,0.,-0.));
#99 = AXIS2_PLACEMENT_3D('',#100,#101,#102);
#100 = CARTESIAN_POINT('',(0.,0.,0.));
#101 = DIRECTION('',(0.,0.,1.));
#102 = DIRECTION('',(1.,0.,-0.));
#103 = AXIS2_PLACEMENT_3D('',#104,#105,#106);
#104 = CARTESIAN_POINT('',(0.,0.,0.));
#105 = DIRECTION('',(0.,0.,1.));
#106 = DIRECTION('',(1.,0.,-0.));
#107 = AXIS2_PLACEMENT_3D('',#108,#109,#110);
#108 = CARTESIAN_POINT('',(0.,0.,0.));
#109 = DIRECTION('',(0.,0.,1.));
#110 = DIRECTION('',(1.,0.,-0.));
#111 = AXIS2_PLACEMENT_3D('',#112,#113,#114);
#112 = CARTESIAN_POINT('',(0.,0.,0.));
#113 = DIRECTION('',(0.,0.,1.));
#114 = DIRECTION('',(1.,0.,-0.));
#115 = AXIS2_PLACEMENT_3D('',#116,#117,#118);
#116 = CARTESIAN_POINT('',(0.,0.,0.));
#117 = DIRECTION('',(0.,0.,1.));
#118 = DIRECTION('',(1.,0.,-0.));
#119 = AXIS2_PLACEMENT_3D('',#120,#121,#122);
#120 = CARTESIAN_POINT('',(0.,0.,0.));
#121 = DIRECTION('',(0.,0.,1.));
#122 = DIRECTION('',(1.,0.,-0.));
#123 = AXIS2_PLACEMENT_3D('',#124,#125,#126);
#124 = CARTESIAN_POINT('',(0.,0.,0.));
#125 = DIRECTION('',(0.,0.,1.));
#126 = DIRECTION('',(1.,0.,-0.));
#127 = AXIS2_PLACEMENT_3D('',#128,#129,#130);
#128 = CARTESIAN_POINT('',(0.,0.,0.));
#129 = DIRECTION('',(0.,0.,1.));
#130 = DIRECTION('',(1.,0.,-0.));
#131 = AXIS2_PLACEMENT_3D('',#132,#133,#134);
#132 = CARTESIAN_POINT('',(0.,0.,0.));
#133 = DIRECTION('',(0.,0.,1.));
#134 = DIRECTION('',(1.,0.,-0.));
#135 = AXIS2_PLACEMENT_3D('',#136,#137,#138);
#136 = CARTESIAN_POINT('',(0.,0.,0.));
#137 = DIRECTION('',(0.,0.,1.));
#138 = DIRECTION('',(1.,0.,-0.));
#139 = AXIS2_PLACEMENT_3D('',#140,#141,#142);
#140 = CARTESIAN_POINT('',(0.,0.,0.));
#141 = DIRECTION('',(0.,0.,1.));
#142 = DIRECTION('',(1.,0.,-0.));
#143 = AXIS2_PLACEMENT_3D('',#144,#145,#146);
#144 = CARTESIAN_POINT('',(0.,0.,0.));
#145 = DIRECTION('',(0.,0.,1.));
#146 = DIRECTION('',(1.,0.,-0.));
#147 = AXIS2_PLACEMENT_3D('',#148,#149,#150);
#148 = CARTESIAN_POINT('',(0.,0.,0.));
#149 = DIRECTION('',(0.,0.,1.));
#150 = DIRECTION('',(1.,0.,-0.));
#151 = AXIS2_PLACEMENT_3D('',#152,#153,#154);
#152 = CARTESIAN_POINT('',(0.,0.,0.));
#153 = DIRECTION('',(0.,0.,1.));
#154 = DIRECTION('',(1.,0.,-0.));
#155 = AXIS2_PLACEMENT_3D('',#156,#157,#158);
#156 = CARTESIAN_POINT('',(0.,0.,0.));
#157 = DIRECTION('',(0.,0.,1.));
#158 = DIRECTION('',(1.,0.,-0.));
#159 = AXIS2_PLACEMENT_3D('',#160,#161,#162);
#160 = CARTESIAN_POINT('',(0.,0.,0.));
#161 = DIRECTION('',(0.,0.,1.));
#162 = DIRECTION('',(1.,0.,-0.));
#163 = AXIS2_PLACEMENT_3D('',#164,#165,#166);
#164 = CARTESIAN_POINT('',(0.,0.,0.));
#165 = DIRECTION('',(0.,0.,1.));
#166 = DIRECTION('',(1.,0.,-0.));
#167 = AXIS2_PLACEMENT_3D('',#168,#169,#170);
#168 = CARTESIAN_POINT('',(0.,0.,0.));
#169 = DIRECTION('',(0.,0.,1.));
#170 = DIRECTION('',(1.,0.,-0.));
#171 = AXIS2_PLACEMENT_3D('',#172,#173,#174);
#172 = CARTESIAN_POINT('',(0.,0.,0.));
#173 = DIRECTION('',(0.,0.,1.));
#174 = DIRECTION('',(1.,0.,-0.));
#175 = AXIS2_PLACEMENT_3D('',#176,#177,#178);
#176 = CARTESIAN_POINT('',(0.,0.,0.));
#177 = DIRECTION('',(0.,0.,1.));
#178 = DIRECTION('',(1.,0.,-0.));
#179 = AXIS2_PLACEMENT_3D('',#180,#181,#182);
#180 = CARTESIAN_POINT('',(0.,0.,0.));
#181 = DIRECTION('',(0.,0.,1.));
#182 = DIRECTION('',(1.,0.,-0.));
#183 = AXIS2_PLACEMENT_3D('',#184,#185,#186);
#184 = CARTESIAN_POINT('',(0.,0.,0.));
#185 = DIRECTION('',(0.,0.,1.));
#186 = DIRECTION('',(1.,0.,-0.));
#187 = AXIS2_PLACEMENT_3D('',#188,#189,#190);
#188 = CARTESIAN_POINT('',(0.,0.,0.));
#189 = DIRECTION('',(0.,0.,1.));
#190 = DIRECTION('',(1.,0.,-0.));
#191 = AXIS2_PLACEMENT_3D('',#192,#193,#194);
#192 = CARTESIAN_POINT('',(0.,0.,0.));
#193 = DIRECTION('',(0.,0.,1.));
#194 = DIRECTION('',(1.,0.,-0.));
#195 = AXIS2_PLACEMENT_3D('',#196,#197,#198);
#196 = CARTESIAN_POINT('',(0.,0.,0.));
#197 = DIRECTION('',(0.,0.,1.));
#198 = DIRECTION('',(1.,0.,-0.));
#199 = AXIS2_PLACEMENT_3D('',#200,#201,#202);
#200 = CARTESIAN_POINT('',(0.,0.,0.));
#201 = DIRECTION('',(0.,0.,1.));
#202 = DIRECTION('',(1.,0.,-0.));
#203 = AXIS2_PLACEMENT_3D('',#204,#205,#206);
#204 = CARTESIAN_POINT('',(0.,0.,0.));
#205 = DIRECTION('',(0.,0.,1.));
#206 = DIRECTION('',(1.,0.,-0.));
#207 = AXIS2_PLACEMENT_3D('',#208,#209,#210);
#208 = CARTESIAN_POINT('',(0.,0.,0.));
#209 = DIRECTION('',(0.,0.,1.));
#210 = DIRECTION('',(1.,0.,-0.));
#211 = AXIS2_PLACEMENT_3D('',#212,#213,#214);
#212 = CARTESIAN_POINT('',(0.,0.,0.));
#213 = DIRECTION('',(0.,0.,1.));
#214 = DIRECTION('',(1.,0.,-0.));
#215 = AXIS2_PLACEMENT_3D('',#216,#217,#218);
#216 = CARTESIAN_POINT('',(0.,0.,0.));
#217 = DIRECTION('',(0.,0.,1.));
#218 = DIRECTION('',(1.,0.,-0.));
#219 = AXIS2_PLACEMENT_3D('',#220,#221,#222);
#220 = CARTESIAN_POINT('',(0.,0.,0.));
#221 = DIRECTION('',(0.,0.,1.));
#222 = DIRECTION('',(1.,0.,-0.));
#223 = AXIS2_PLACEMENT_3D('',#224,#225,#226);
#224 = CARTESIAN_POINT('',(0.,0.,0.));
#225 = DIRECTION('',(0.,0.,1.));
#226 = DIRECTION('',(1.,0.,-0.));
#227 = AXIS2_PLACEMENT_3D('',#228,#229,#230);
#228 = CARTESIAN_POINT('',(0.,0.,0.));
#229 = DIRECTION('',(0.,0.,1.));
#230 = DIRECTION('',(1.,0.,-0.));
#231 = AXIS2_PLACEMENT_3D('',#232,#233,#234);
#232 = CARTESIAN_POINT('',(0.,0.,0.));
#233 = DIRECTION('',(0.,0.,1.));
#234 = DIRECTION('',(1.,0.,-0.));
#235 = AXIS2_PLACEMENT_3D('',#236,#237,#238);
#236 = CARTESIAN_POINT('',(0.,0.,0.));
#237 = DIRECTION('',(0.,0.,1.));
#238 = DIRECTION('',(1.,0.,-0.));
#239 = AXIS2_PLACEMENT_3D('',#240,#241,#242);
#240 = CARTESIAN_POINT('',(0.,0.,0.));
#241 = DIRECTION('',(0.,0.,1.));
#242 = DIRECTION('',(1.,0.,-0.));
#243 = AXIS2_PLACEMENT_3D('',#244,#245,#246);
#244 = CARTESIAN_POINT('',(0.,0.,0.));
#245 = DIRECTION('',(0.,0.,1.));
#246 = DIRECTION('',(1.,0.,-0.));
#247 = AXIS2_PLACEMENT_3D('',#248,#249,#250);
#248 = CARTESIAN_POINT('',(0.,0.,0.));
#249 = DIRECTION('',(0.,0.,1.));
#250 = DIRECTION('',(1.,0.,-0.));
#251 = AXIS2_PLACEMENT_3D('',#252,#253,#254);
#252 = CARTESIAN_POINT('',(0.,0.,0.));
#253 = DIRECTION('',(0.,0.,1.));
#254 = DIRECTION('',(1.,0.,-0.));
#255 = AXIS2_PLACEMENT_3D('',#256,#257,#258);
#256 = CARTESIAN_POINT('',(0.,0.,0.));
#257 = DIRECTION('',(0.,0.,1.));
#258 = DIRECTION('',(1.,0.,-0.));
#259 = AXIS2_PLACEMENT_3D('',#260,#261,#262);
#260 = CARTESIAN_POINT('',(0.,0.,0.));
#261 = DIRECTION('',(0.,0.,1.));
#262 = DIRECTION('',(1.,0.,-0.));
#263 = AXIS2_PLACEMENT_3D('',#264,#265,#266);
#264 = CARTESIAN_POINT('',(0.,0.,0.));
#265 = DIRECTION('',(0.,0.,1.));
#266 = DIRECTION('',(1.,0.,-0.));
#267 = AXIS2_PLACEMENT_3D('',#268,#269,#270);
#268 = CARTESIAN_POINT('',(0.,0.,0.));
#269 = DIRECTION('',(0.,0.,1.));
#270 = DIRECTION('',(1.,0.,-0.));
#271 = AXIS2_PLACEMENT_3D('',#272,#273,#274);
#272 = CARTESIAN_POINT('',(0.,0.,0.));
#273 = DIRECTION('',(0.,0.,1.));
#274 = DIRECTION('',(1.,0.,-0.));
#275 = AXIS2_PLACEMENT_3D('',#276,#277,#278);
#276 = CARTESIAN_POINT('',(0.,0.,0.));
#277 = DIRECTION('',(0.,0.,1.));
#278 = DIRECTION('',(1.,0.,-0.));
#279 = AXIS2_PLACEMENT_3D('',#280,#281,#282);
#280 = CARTESIAN_POINT('',(0.,0.,0.));
#281 = DIRECTION('',(0.,0.,1.));
#282 = DIRECTION('',(1.,0.,-0.));
#283 = AXIS2_PLACEMENT_3D('',#284,#285,#286);
#284 = CARTESIAN_POINT('',(0.,0.,0.));
#285 = DIRECTION('',(0.,0.,1.));
#286 = DIRECTION('',(1.,0.,-0.));
#287 = AXIS2_PLACEMENT_3D('',#288,#289,#290);
#288 = CARTESIAN_POINT('',(0.,0.,0.));
#289 = DIRECTION('',(0.,0.,1.));
#290 = DIRECTION('',(1.,0.,-0.));
#291 = AXIS2_PLACEMENT_3D('',#292,#293,#294);
#292 = CARTESIAN_POINT('',(0.,0.,0.));
#293 = DIRECTION('',(0.,0.,1.));
#294 = DIRECTION('',(1.,0.,-0.));
#295 = AXIS2_PLACEMENT_3D('',#296,#297,#298);
#296 = CARTESIAN_POINT('',(0.,0.,0.));
#297 = DIRECTION('',(0.,0.,1.));
#298 = DIRECTION('',(1.,0.,-0.));
#299 = AXIS2_PLACEMENT_3D('',#300,#301,#302);
#300 = CARTESIAN_POINT('',(0.,0.,0.));
#301 = DIRECTION('',(0.,0.,1.));
#302 = DIRECTION('',(1.,0.,-0.));
#303 = AXIS2_PLACEMENT_3D('',#304,#305,#306);
#304 = CARTESIAN_POINT('',(0.,0.,0.));
#305 = DIRECTION('',(0.,0.,1.));
#306 = DIRECTION('',(1.,0.,-0.));
#307 = AXIS2_PLACEMENT_3D('',#308,#309,#310);
#308 = CARTESIAN_POINT('',(0.,0.,0.));
#309 = DIRECTION('',(0.,0.,1.));
#310 = DIRECTION('',(1.,0.,-0.));
#311 = AXIS2_PLACEMENT_3D('',#312,#313,#314);
#312 = CARTESIAN_POINT('',(0.,0.,0.));
#313 = DIRECTION('',(0.,0.,1.));
#314 = DIRECTION('',(1.,0.,-0.));
#315 = AXIS2_PLACEMENT_3D('',#316,#317,#318);
#316 = CARTESIAN_POINT('',(0.,0.,0.));
#317 = DIRECTION('',(0.,0.,1.));
#318 = DIRECTION('',(1.,0.,-0.));
#319 = AXIS2_PLACEMENT_3D('',#320,#321,#322);
#320 = CARTESIAN_POINT('',(0.,0.,0.));
#321 = DIRECTION('',(0.,0.,1.));
#322 = DIRECTION('',(1.,0.,-0.));
#323 = AXIS2_PLACEMENT_3D('',#324,#325,#326);
#324 = CARTESIAN_POINT('',(0.,0.,0.));
#325 = DIRECTION('',(0.,0.,1.));
#326 = DIRECTION('',(1.,0.,-0.));
#327 = AXIS2_PLACEMENT_3D('',#328,#329,#330);
#328 = CARTESIAN_POINT('',(0.,0.,0.));
#329 = DIRECTION('',(0.,0.,1.));
#330 = DIRECTION('',(1.,0.,-0.));
#331 = AXIS2_PLACEMENT_3D('',#332,#333,#334);
#332 = CARTESIAN_POINT('',(0.,0.,0.));
#333 = DIRECTION('',(0.,0.,1.));
#334 = DIRECTION('',(1.,0.,-0.));
#335 = AXIS2_PLACEMENT_3D('',#336,#337,#338);
#336 = CARTESIAN_POINT('',(0.,0.,0.));
#337 = DIRECTION('',(0.,0.,1.));
#338 = DIRECTION('',(1.,0.,-0.));
#339 = AXIS2_PLACEMENT_3D('',#340,#341,#342);
#340 = CARTESIAN_POINT('',(0.,0.,0.));
#341 = DIRECTION('',(0.,0.,1.));
#342 = DIRECTION('',(1.,0.,-0.));
#343 = ( GEOMETRIC_REPRESENTATION_CONTEXT(3) 
GLOBAL_UNCERTAINTY_ASSIGNED_CONTEXT((#347)) GLOBAL_UNIT_ASSIGNED_CONTEXT
((#344,#345,#346)) REPRESENTATION_CONTEXT('Context #1',
  '3D Context with UNIT and UNCERTAINTY') );
#344 = ( LENGTH_UNIT() NAMED_UNIT(*) SI_UNIT(.MILLI.,.METRE.) );
#345 = ( NAMED_UNIT(*) PLANE_ANGLE_UNIT() SI_UNIT($,.RADIAN.) );
#346 = ( NAMED_UNIT(*) SI_UNIT($,.STERADIAN.) SOLID_ANGLE_UNIT() );
#347 = UNCERTAINTY_MEASURE_WITH_UNIT(LENGTH_MEASURE(1.E-07),#344,
  'distance_accuracy_value','confusion accuracy');
#348 = PRODUCT_RELATED_PRODUCT_CATEGORY('part',$,(#7));
#349 = SHAPE_DEFINITION_REPRESENTATION(#350,#356);
#350 = PRODUCT_DEFINITION_SHAPE('','',#351);
#351 = PRODUCT_DEFINITION('design','',#352,#355);
#352 = PRODUCT_DEFINITION_FORMATION('','',#353);
#353 = PRODUCT('molded_body','molded_body','',(#354));
#354 = PRODUCT_CONTEXT('',#2,'mechanical');
#355 = PRODUCT_DEFINITION_CONTEXT('part definition',#2,'design');
#356 = ADVANCED_BREP_SHAPE_REPRESENTATION('',(#11,#357),#1023);
#357 = MANIFOLD_SOLID_BREP('',#358);
#358 = CLOSED_SHELL('',(#359,#479,#679,#729,#783,#908,#935,#962,#989,
    #1016));
#359 = ADVANCED_FACE('',(#360),#374,.F.);
#360 = FACE_BOUND('',#361,.F.);
#361 = EDGE_LOOP('',(#362,#397,#425,#453));
#362 = ORIENTED_EDGE('',*,*,#363,.F.);
#363 = EDGE_CURVE('',#364,#366,#368,.T.);
#364 = VERTEX_POINT('',#365);
#365 = CARTESIAN_POINT('',(-3.5,-3.32,0.93));
#366 = VERTEX_POINT('',#367);
#367 = CARTESIAN_POINT('',(-3.5,3.32,0.93));
#368 = SURFACE_CURVE('',#369,(#373,#385),.PCURVE_S1.);
#369 = LINE('',#370,#371);
#370 = CARTESIAN_POINT('',(-3.5,-3.5,0.93));
#371 = VECTOR('',#372,1.);
#372 = DIRECTION('',(0.,1.,0.));
#373 = PCURVE('',#374,#379);
#374 = PLANE('',#375);
#375 = AXIS2_PLACEMENT_3D('',#376,#377,#378);
#376 = CARTESIAN_POINT('',(-3.5,-3.5,0.15));
#377 = DIRECTION('',(1.,0.,0.));
#378 = DIRECTION('',(0.,0.,1.));
#379 = DEFINITIONAL_REPRESENTATION('',(#380),#384);
#380 = LINE('',#381,#382);
#381 = CARTESIAN_POINT('',(0.78,0.));
#382 = VECTOR('',#383,1.);
#383 = DIRECTION('',(0.,-1.));
#384 = ( GEOMETRIC_REPRESENTATION_CONTEXT(2) 
PARAMETRIC_REPRESENTATION_CONTEXT() REPRESENTATION_CONTEXT('2D SPACE',''
  ) );
#385 = PCURVE('',#386,#391);
#386 = PLANE('',#387);
#387 = AXIS2_PLACEMENT_3D('',#388,#389,#390);
#388 = CARTESIAN_POINT('',(-3.5,-3.5,0.93));
#389 = DIRECTION('',(0.,0.,1.));
#390 = DIRECTION('',(1.,0.,0.));
#391 = DEFINITIONAL_REPRESENTATION('',(#392),#396);
#392 = LINE('',#393,#394);
#393 = CARTESIAN_POINT('',(0.,0.));
#394 = VECTOR('',#395,1.);
#395 = DIRECTION('',(0.,1.));
#396 = ( GEOMETRIC_REPRESENTATION_CONTEXT(2) 
PARAMETRIC_REPRESENTATION_CONTEXT() REPRESENTATION_CONTEXT('2D SPACE',''
  ) );
#397 = ORIENTED_EDGE('',*,*,#398,.F.);
#398 = EDGE_CURVE('',#399,#364,#401,.T.);
#399 = VERTEX_POINT('',#400);
#400 = CARTESIAN_POINT('',(-3.5,-3.32,0.15));
#401 = SURFACE_CURVE('',#402,(#406,#413),.PCURVE_S1.);
#402 = LINE('',#403,#404);
#403 = CARTESIAN_POINT('',(-3.5,-3.32,0.15));
#404 = VECTOR('',#405,1.);
#405 = DIRECTION('',(0.,0.,1.));
#406 = PCURVE('',#374,#407);
#407 = DEFINITIONAL_REPRESENTATION('',(#408),#412);
#408 = LINE('',#409,#410);
#409 = CARTESIAN_POINT('',(0.,-0.18));
#410 = VECTOR('',#411,1.);
#411 = DIRECTION('',(1.,0.));
#412 = ( GEOMETRIC_REPRESENTATION_CONTEXT(2) 
PARAMETRIC_REPRESENTATION_CONTEXT() REPRESENTATION_CONTEXT('2D SPACE',''
  ) );
#413 = PCURVE('',#414,#419);
#414 = CYLINDRICAL_SURFACE('',#415,0.18);
#415 = AXIS2_PLACEMENT_3D('',#416,#417,#418);
#416 = CARTESIAN_POINT('',(-3.32,-3.32,0.15));
#417 = DIRECTION('',(0.,0.,1.));
#418 = DIRECTION('',(-1.,-0.,0.));
#419 = DEFINITIONAL_REPRESENTATION('',(#420),#424);
#420 = LINE('',#421,#422);
#421 = CARTESIAN_POINT('',(0.,0.));
#422 = VECTOR('',#423,1.);
#423 = DIRECTION('',(0.,1.));
#424 = ( GEOMETRIC_REPRESENTATION_CONTEXT(2) 
PARAMETRIC_REPRESENTATION_CONTEXT() REPRESENTATION_CONTEXT('2D SPACE',''
  ) );
#425 = ORIENTED_EDGE('',*,*,#426,.T.);
#426 = EDGE_CURVE('',#399,#427,#429,.T.);
#427 = VERTEX_POINT('',#428);
#428 = CARTESIAN_POINT('',(-3.5,3.32,0.15));
#429 = SURFACE_CURVE('',#430,(#434,#441),.PCURVE_S1.);
#430 = LINE('',#431,#432);
#431 = CARTESIAN_POINT('',(-3.5,-3.5,0.15));
#432 = VECTOR('',#433,1.);
#433 = DIRECTION('',(0.,1.,0.));
#434 = PCURVE('',#374,#435);
#435 = DEFINITIONAL_REPRESENTATION('',(#436),#440);
#436 = LINE('',#437,#438);
#437 = CARTESIAN_POINT('',(0.,0.));
#438 = VECTOR('',#439,1.);
#439 = DIRECTION('',(0.,-1.));
#440 = ( GEOMETRIC_REPRESENTATION_CONTEXT(2) 
PARAMETRIC_REPRESENTATION_CONTEXT() REPRESENTATION_CONTEXT('2D SPACE',''
  ) );
#441 = PCURVE('',#442,#447);
#442 = PLANE('',#443);
#443 = AXIS2_PLACEMENT_3D('',#444,#445,#446);
#444 = CARTESIAN_POINT('',(-3.5,-3.5,0.15));
#445 = DIRECTION('',(0.,0.,1.));
#446 = DIRECTION('',(1.,0.,0.));
#447 = DEFINITIONAL_REPRESENTATION('',(#448),#452);
#448 = LINE('',#449,#450);
#449 = CARTESIAN_POINT('',(0.,0.));
#450 = VECTOR('',#451,1.);
#451 = DIRECTION('',(0.,1.));
#452 = ( GEOMETRIC_REPRESENTATION_CONTEXT(2) 
PARAMETRIC_REPRESENTATION_CONTEXT() REPRESENTATION_CONTEXT('2D SPACE',''
  ) );
#453 = ORIENTED_EDGE('',*,*,#454,.T.);
#454 = EDGE_CURVE('',#427,#366,#455,.T.);
#455 = SURFACE_CURVE('',#456,(#460,#467),.PCURVE_S1.);
#456 = LINE('',#457,#458);
#457 = CARTESIAN_POINT('',(-3.5,3.32,0.15));
#458 = VECTOR('',#459,1.);
#459 = DIRECTION('',(0.,0.,1.));
#460 = PCURVE('',#374,#461);
#461 = DEFINITIONAL_REPRESENTATION('',(#462),#466);
#462 = LINE('',#463,#464);
#463 = CARTESIAN_POINT('',(0.,-6.82));
#464 = VECTOR('',#465,1.);
#465 = DIRECTION('',(1.,0.));
#466 = ( GEOMETRIC_REPRESENTATION_CONTEXT(2) 
PARAMETRIC_REPRESENTATION_CONTEXT() REPRESENTATION_CONTEXT('2D SPACE',''
  ) );
#467 = PCURVE('',#468,#473);
#468 = CYLINDRICAL_SURFACE('',#469,0.18);
#469 = AXIS2_PLACEMENT_3D('',#470,#471,#472);
#470 = CARTESIAN_POINT('',(-3.32,3.32,0.15));
#471 = DIRECTION('',(0.,0.,1.));
#472 = DIRECTION('',(-1.,-0.,0.));
#473 = DEFINITIONAL_REPRESENTATION('',(#474),#478);
#474 = LINE('',#475,#476);
#475 = CARTESIAN_POINT('',(-0.,0.));
#476 = VECTOR('',#477,1.);
#477 = DIRECTION('',(-0.,1.));
#478 = ( GEOMETRIC_REPRESENTATION_CONTEXT(2) 
PARAMETRIC_REPRESENTATION_CONTEXT() REPRESENTATION_CONTEXT('2D SPACE',''
  ) );
#479 = ADVANCED_FACE('',(#480),#386,.T.);
#480 = FACE_BOUND('',#481,.T.);
#481 = EDGE_LOOP('',(#482,#483,#507,#535,#568,#596,#625,#653));
#482 = ORIENTED_EDGE('',*,*,#363,.F.);
#483 = ORIENTED_EDGE('',*,*,#484,.T.);
#484 = EDGE_CURVE('',#364,#485,#487,.T.);
#485 = VERTEX_POINT('',#486);
#486 = CARTESIAN_POINT('',(-3.32,-3.5,0.93));
#487 = SURFACE_CURVE('',#488,(#493,#500),.PCURVE_S1.);
#488 = CIRCLE('',#489,0.18);
#489 = AXIS2_PLACEMENT_3D('',#490,#491,#492);
#490 = CARTESIAN_POINT('',(-3.32,-3.32,0.93));
#491 = DIRECTION('',(0.,0.,1.));
#492 = DIRECTION('',(0.,-1.,0.));
#493 = PCURVE('',#386,#494);
#494 = DEFINITIONAL_REPRESENTATION('',(#495),#499);
#495 = CIRCLE('',#496,0.18);
#496 = AXIS2_PLACEMENT_2D('',#497,#498);
#497 = CARTESIAN_POINT('',(0.18,0.18));
#498 = DIRECTION('',(0.,-1.));
#499 = ( GEOMETRIC_REPRESENTATION_CONTEXT(2) 
PARAMETRIC_REPRESENTATION_CONTEXT() REPRESENTATION_CONTEXT('2D SPACE',''
  ) );
#500 = PCURVE('',#414,#501);
#501 = DEFINITIONAL_REPRESENTATION('',(#502),#506);
#502 = LINE('',#503,#504);
#503 = CARTESIAN_POINT('',(-4.712388980385,0.78));
#504 = VECTOR('',#505,1.);
#505 = DIRECTION('',(1.,0.));
#506 = ( GEOMETRIC_REPRESENTATION_CONTEXT(2) 
PARAMETRIC_REPRESENTATION_CONTEXT() REPRESENTATION_CONTEXT('2D SPACE',''
  ) );
#507 = ORIENTED_EDGE('',*,*,#508,.T.);
#508 = EDGE_CURVE('',#485,#509,#511,.T.);
#509 = VERTEX_POINT('',#510);
#510 = CARTESIAN_POINT('',(3.32,-3.5,0.93));
#511 = SURFACE_CURVE('',#512,(#516,#523),.PCURVE_S1.);
#512 = LINE('',#513,#514);
#513 = CARTESIAN_POINT('',(-3.5,-3.5,0.93));
#514 = VECTOR('',#515,1.);
#515 = DIRECTION('',(1.,0.,0.));
#516 = PCURVE('',#386,#517);
#517 = DEFINITIONAL_REPRESENTATION('',(#518),#522);
#518 = LINE('',#519,#520);
#519 = CARTESIAN_POINT('',(0.,0.));
#520 = VECTOR('',#521,1.);
#521 = DIRECTION('',(1.,0.));
#522 = ( GEOMETRIC_REPRESENTATION_CONTEXT(2) 
PARAMETRIC_REPRESENTATION_CONTEXT() REPRESENTATION_CONTEXT('2D SPACE',''
  ) );
#523 = PCURVE('',#524,#529);
#524 = PLANE('',#525);
#525 = AXIS2_PLACEMENT_3D('',#526,#527,#528);
#526 = CARTESIAN_POINT('',(-3.5,-3.5,0.15));
#527 = DIRECTION('',(0.,1.,0.));
#528 = DIRECTION('',(0.,0.,1.));
#529 = DEFINITIONAL_REPRESENTATION('',(#530),#534);
#530 = LINE('',#531,#532);
#531 = CARTESIAN_POINT('',(0.78,0.));
#532 = VECTOR('',#533,1.);
#533 = DIRECTION('',(0.,1.));
#534 = ( GEOMETRIC_REPRESENTATION_CONTEXT(2) 
PARAMETRIC_REPRESENTATION_CONTEXT() REPRESENTATION_CONTEXT('2D SPACE',''
  ) );
#535 = ORIENTED_EDGE('',*,*,#536,.F.);
#536 = EDGE_CURVE('',#537,#509,#539,.T.);
#537 = VERTEX_POINT('',#538);
#538 = CARTESIAN_POINT('',(3.5,-3.32,0.93));
#539 = SURFACE_CURVE('',#540,(#545,#556),.PCURVE_S1.);
#540 = CIRCLE('',#541,0.18);
#541 = AXIS2_PLACEMENT_3D('',#542,#543,#544);
#542 = CARTESIAN_POINT('',(3.32,-3.32,0.93));
#543 = DIRECTION('',(-0.,-0.,-1.));
#544 = DIRECTION('',(0.,-1.,0.));
#545 = PCURVE('',#386,#546);
#546 = DEFINITIONAL_REPRESENTATION('',(#547),#555);
#547 = ( BOUNDED_CURVE() B_SPLINE_CURVE(2,(#548,#549,#550,#551,#552,#553
,#554),.UNSPECIFIED.,.T.,.F.) B_SPLINE_CURVE_WITH_KNOTS((1,2,2,2,2,1),(
    -2.094395102393,0.,2.094395102393,4.188790204786,6.28318530718,
8.377580409573),.UNSPECIFIED.) CURVE() GEOMETRIC_REPRESENTATION_ITEM() 
RATIONAL_B_SPLINE_CURVE((1.,0.5,1.,0.5,1.,0.5,1.)) REPRESENTATION_ITEM(
  '') );
#548 = CARTESIAN_POINT('',(6.82,0.));
#549 = CARTESIAN_POINT('',(6.508230854638,0.));
#550 = CARTESIAN_POINT('',(6.664115427319,0.27));
#551 = CARTESIAN_POINT('',(6.82,0.54));
#552 = CARTESIAN_POINT('',(6.975884572681,0.27));
#553 = CARTESIAN_POINT('',(7.131769145362,2.775557561563E-16));
#554 = CARTESIAN_POINT('',(6.82,0.));
#555 = ( GEOMETRIC_REPRESENTATION_CONTEXT(2) 
PARAMETRIC_REPRESENTATION_CONTEXT() REPRESENTATION_CONTEXT('2D SPACE',''
  ) );
#556 = PCURVE('',#557,#562);
#557 = CYLINDRICAL_SURFACE('',#558,0.18);
#558 = AXIS2_PLACEMENT_3D('',#559,#560,#561);
#559 = CARTESIAN_POINT('',(3.32,-3.32,0.15));
#560 = DIRECTION('',(0.,0.,1.));
#561 = DIRECTION('',(1.,0.,-0.));
#562 = DEFINITIONAL_REPRESENTATION('',(#563),#567);
#563 = LINE('',#564,#565);
#564 = CARTESIAN_POINT('',(4.712388980385,0.78));
#565 = VECTOR('',#566,1.);
#566 = DIRECTION('',(-1.,0.));
#567 = ( GEOMETRIC_REPRESENTATION_CONTEXT(2) 
PARAMETRIC_REPRESENTATION_CONTEXT() REPRESENTATION_CONTEXT('2D SPACE',''
  ) );
#568 = ORIENTED_EDGE('',*,*,#569,.T.);
#569 = EDGE_CURVE('',#537,#570,#572,.T.);
#570 = VERTEX_POINT('',#571);
#571 = CARTESIAN_POINT('',(3.5,3.32,0.93));
#572 = SURFACE_CURVE('',#573,(#577,#584),.PCURVE_S1.);
#573 = LINE('',#574,#575);
#574 = CARTESIAN_POINT('',(3.5,-3.5,0.93));
#575 = VECTOR('',#576,1.);
#576 = DIRECTION('',(0.,1.,0.));
#577 = PCURVE('',#386,#578);
#578 = DEFINITIONAL_REPRESENTATION('',(#579),#583);
#579 = LINE('',#580,#581);
#580 = CARTESIAN_POINT('',(7.,0.));
#581 = VECTOR('',#582,1.);
#582 = DIRECTION('',(0.,1.));
#583 = ( GEOMETRIC_REPRESENTATION_CONTEXT(2) 
PARAMETRIC_REPRESENTATION_CONTEXT() REPRESENTATION_CONTEXT('2D SPACE',''
  ) );
#584 = PCURVE('',#585,#590);
#585 = PLANE('',#586);
#586 = AXIS2_PLACEMENT_3D('',#587,#588,#589);
#587 = CARTESIAN_POINT('',(3.5,-3.5,0.15));
#588 = DIRECTION('',(1.,0.,0.));
#589 = DIRECTION('',(0.,0.,1.));
#590 = DEFINITIONAL_REPRESENTATION('',(#591),#595);
#591 = LINE('',#592,#593);
#592 = CARTESIAN_POINT('',(0.78,0.));
#593 = VECTOR('',#594,1.);
#594 = DIRECTION('',(0.,-1.));
#595 = ( GEOMETRIC_REPRESENTATION_CONTEXT(2) 
PARAMETRIC_REPRESENTATION_CONTEXT() REPRESENTATION_CONTEXT('2D SPACE',''
  ) );
#596 = ORIENTED_EDGE('',*,*,#597,.T.);
#597 = EDGE_CURVE('',#570,#598,#600,.T.);
#598 = VERTEX_POINT('',#599);
#599 = CARTESIAN_POINT('',(3.32,3.5,0.93));
#600 = SURFACE_CURVE('',#601,(#606,#613),.PCURVE_S1.);
#601 = CIRCLE('',#602,0.18);
#602 = AXIS2_PLACEMENT_3D('',#603,#604,#605);
#603 = CARTESIAN_POINT('',(3.32,3.32,0.93));
#604 = DIRECTION('',(0.,0.,1.));
#605 = DIRECTION('',(0.,-1.,0.));
#606 = PCURVE('',#386,#607);
#607 = DEFINITIONAL_REPRESENTATION('',(#608),#612);
#608 = CIRCLE('',#609,0.18);
#609 = AXIS2_PLACEMENT_2D('',#610,#611);
#610 = CARTESIAN_POINT('',(6.82,6.82));
#611 = DIRECTION('',(0.,-1.));
#612 = ( GEOMETRIC_REPRESENTATION_CONTEXT(2) 
PARAMETRIC_REPRESENTATION_CONTEXT() REPRESENTATION_CONTEXT('2D SPACE',''
  ) );
#613 = PCURVE('',#614,#619);
#614 = CYLINDRICAL_SURFACE('',#615,0.18);
#615 = AXIS2_PLACEMENT_3D('',#616,#617,#618);
#616 = CARTESIAN_POINT('',(3.32,3.32,0.15));
#617 = DIRECTION('',(0.,0.,1.));
#618 = DIRECTION('',(1.,0.,-0.));
#619 = DEFINITIONAL_REPRESENTATION('',(#620),#624);
#620 = LINE('',#621,#622);
#621 = CARTESIAN_POINT('',(-1.570796326795,0.78));
#622 = VECTOR('',#623,1.);
#623 = DIRECTION('',(1.,0.));
#624 = ( GEOMETRIC_REPRESENTATION_CONTEXT(2) 
PARAMETRIC_REPRESENTATION_CONTEXT() REPRESENTATION_CONTEXT('2D SPACE',''
  ) );
#625 = ORIENTED_EDGE('',*,*,#626,.F.);
#626 = EDGE_CURVE('',#627,#598,#629,.T.);
#627 = VERTEX_POINT('',#628);
#628 = CARTESIAN_POINT('',(-3.32,3.5,0.93));
#629 = SURFACE_CURVE('',#630,(#634,#641),.PCURVE_S1.);
#630 = LINE('',#631,#632);
#631 = CARTESIAN_POINT('',(-3.5,3.5,0.93));
#632 = VECTOR('',#633,1.);
#633 = DIRECTION('',(1.,0.,0.));
#634 = PCURVE('',#386,#635);
#635 = DEFINITIONAL_REPRESENTATION('',(#636),#640);
#636 = LINE('',#637,#638);
#637 = CARTESIAN_POINT('',(0.,7.));
#638 = VECTOR('',#639,1.);
#639 = DIRECTION('',(1.,0.));
#640 = ( GEOMETRIC_REPRESENTATION_CONTEXT(2) 
PARAMETRIC_REPRESENTATION_CONTEXT() REPRESENTATION_CONTEXT('2D SPACE',''
  ) );
#641 = PCURVE('',#642,#647);
#642 = PLANE('',#643);
#643 = AXIS2_PLACEMENT_3D('',#644,#645,#646);
#644 = CARTESIAN_POINT('',(-3.5,3.5,0.15));
#645 = DIRECTION('',(0.,1.,0.));
#646 = DIRECTION('',(0.,0.,1.));
#647 = DEFINITIONAL_REPRESENTATION('',(#648),#652);
#648 = LINE('',#649,#650);
#649 = CARTESIAN_POINT('',(0.78,0.));
#650 = VECTOR('',#651,1.);
#651 = DIRECTION('',(0.,1.));
#652 = ( GEOMETRIC_REPRESENTATION_CONTEXT(2) 
PARAMETRIC_REPRESENTATION_CONTEXT() REPRESENTATION_CONTEXT('2D SPACE',''
  ) );
#653 = ORIENTED_EDGE('',*,*,#654,.F.);
#654 = EDGE_CURVE('',#366,#627,#655,.T.);
#655 = SURFACE_CURVE('',#656,(#661,#672),.PCURVE_S1.);
#656 = CIRCLE('',#657,0.18);
#657 = AXIS2_PLACEMENT_3D('',#658,#659,#660);
#658 = CARTESIAN_POINT('',(-3.32,3.32,0.93));
#659 = DIRECTION('',(-0.,-0.,-1.));
#660 = DIRECTION('',(0.,-1.,0.));
#661 = PCURVE('',#386,#662);
#662 = DEFINITIONAL_REPRESENTATION('',(#663),#671);
#663 = ( BOUNDED_CURVE() B_SPLINE_CURVE(2,(#664,#665,#666,#667,#668,#669
,#670),.UNSPECIFIED.,.T.,.F.) B_SPLINE_CURVE_WITH_KNOTS((1,2,2,2,2,1),(
    -2.094395102393,0.,2.094395102393,4.188790204786,6.28318530718,
8.377580409573),.UNSPECIFIED.) CURVE() GEOMETRIC_REPRESENTATION_ITEM() 
RATIONAL_B_SPLINE_CURVE((1.,0.5,1.,0.5,1.,0.5,1.)) REPRESENTATION_ITEM(
  '') );
#664 = CARTESIAN_POINT('',(0.18,6.64));
#665 = CARTESIAN_POINT('',(-0.131769145362,6.64));
#666 = CARTESIAN_POINT('',(2.41154273188E-02,6.91));
#667 = CARTESIAN_POINT('',(0.18,7.18));
#668 = CARTESIAN_POINT('',(0.335884572681,6.91));
#669 = CARTESIAN_POINT('',(0.491769145362,6.64));
#670 = CARTESIAN_POINT('',(0.18,6.64));
#671 = ( GEOMETRIC_REPRESENTATION_CONTEXT(2) 
PARAMETRIC_REPRESENTATION_CONTEXT() REPRESENTATION_CONTEXT('2D SPACE',''
  ) );
#672 = PCURVE('',#468,#673);
#673 = DEFINITIONAL_REPRESENTATION('',(#674),#678);
#674 = LINE('',#675,#676);
#675 = CARTESIAN_POINT('',(1.570796326795,0.78));
#676 = VECTOR('',#677,1.);
#677 = DIRECTION('',(-1.,0.));
#678 = ( GEOMETRIC_REPRESENTATION_CONTEXT(2) 
PARAMETRIC_REPRESENTATION_CONTEXT() REPRESENTATION_CONTEXT('2D SPACE',''
  ) );
#679 = ADVANCED_FACE('',(#680),#414,.T.);
#680 = FACE_BOUND('',#681,.T.);
#681 = EDGE_LOOP('',(#682,#706,#727,#728));
#682 = ORIENTED_EDGE('',*,*,#683,.T.);
#683 = EDGE_CURVE('',#399,#684,#686,.T.);
#684 = VERTEX_POINT('',#685);
#685 = CARTESIAN_POINT('',(-3.32,-3.5,0.15));
#686 = SURFACE_CURVE('',#687,(#692,#699),.PCURVE_S1.);
#687 = CIRCLE('',#688,0.18);
#688 = AXIS2_PLACEMENT_3D('',#689,#690,#691);
#689 = CARTESIAN_POINT('',(-3.32,-3.32,0.15));
#690 = DIRECTION('',(0.,0.,1.));
#691 = DIRECTION('',(0.,-1.,0.));
#692 = PCURVE('',#414,#693);
#693 = DEFINITIONAL_REPRESENTATION('',(#694),#698);
#694 = LINE('',#695,#696);
#695 = CARTESIAN_POINT('',(-4.712388980385,0.));
#696 = VECTOR('',#697,1.);
#697 = DIRECTION('',(1.,0.));
#698 = ( GEOMETRIC_REPRESENTATION_CONTEXT(2) 
PARAMETRIC_REPRESENTATION_CONTEXT() REPRESENTATION_CONTEXT('2D SPACE',''
  ) );
#699 = PCURVE('',#442,#700);
#700 = DEFINITIONAL_REPRESENTATION('',(#701),#705);
#701 = CIRCLE('',#702,0.18);
#702 = AXIS2_PLACEMENT_2D('',#703,#704);
#703 = CARTESIAN_POINT('',(0.18,0.18));
#704 = DIRECTION('',(0.,-1.));
#705 = ( GEOMETRIC_REPRESENTATION_CONTEXT(2) 
PARAMETRIC_REPRESENTATION_CONTEXT() REPRESENTATION_CONTEXT('2D SPACE',''
  ) );
#706 = ORIENTED_EDGE('',*,*,#707,.T.);
#707 = EDGE_CURVE('',#684,#485,#708,.T.);
#708 = SURFACE_CURVE('',#709,(#713,#720),.PCURVE_S1.);
#709 = LINE('',#710,#711);
#710 = CARTESIAN_POINT('',(-3.32,-3.5,0.15));
#711 = VECTOR('',#712,1.);
#712 = DIRECTION('',(0.,0.,1.));
#713 = PCURVE('',#414,#714);
#714 = DEFINITIONAL_REPRESENTATION('',(#715),#719);
#715 = LINE('',#716,#717);
#716 = CARTESIAN_POINT('',(1.570796326795,0.));
#717 = VECTOR('',#718,1.);
#718 = DIRECTION('',(0.,1.));
#719 = ( GEOMETRIC_REPRESENTATION_CONTEXT(2) 
PARAMETRIC_REPRESENTATION_CONTEXT() REPRESENTATION_CONTEXT('2D SPACE',''
  ) );
#720 = PCURVE('',#524,#721);
#721 = DEFINITIONAL_REPRESENTATION('',(#722),#726);
#722 = LINE('',#723,#724);
#723 = CARTESIAN_POINT('',(0.,0.18));
#724 = VECTOR('',#725,1.);
#725 = DIRECTION('',(1.,0.));
#726 = ( GEOMETRIC_REPRESENTATION_CONTEXT(2) 
PARAMETRIC_REPRESENTATION_CONTEXT() REPRESENTATION_CONTEXT('2D SPACE',''
  ) );
#727 = ORIENTED_EDGE('',*,*,#484,.F.);
#728 = ORIENTED_EDGE('',*,*,#398,.F.);
#729 = ADVANCED_FACE('',(#730),#468,.T.);
#730 = FACE_BOUND('',#731,.F.);
#731 = EDGE_LOOP('',(#732,#760,#781,#782));
#732 = ORIENTED_EDGE('',*,*,#733,.T.);
#733 = EDGE_CURVE('',#427,#734,#736,.T.);
#734 = VERTEX_POINT('',#735);
#735 = CARTESIAN_POINT('',(-3.32,3.5,0.15));
#736 = SURFACE_CURVE('',#737,(#742,#749),.PCURVE_S1.);
#737 = CIRCLE('',#738,0.18);
#738 = AXIS2_PLACEMENT_3D('',#739,#740,#741);
#739 = CARTESIAN_POINT('',(-3.32,3.32,0.15));
#740 = DIRECTION('',(-0.,-0.,-1.));
#741 = DIRECTION('',(0.,-1.,0.));
#742 = PCURVE('',#468,#743);
#743 = DEFINITIONAL_REPRESENTATION('',(#744),#748);
#744 = LINE('',#745,#746);
#745 = CARTESIAN_POINT('',(1.570796326795,-0.));
#746 = VECTOR('',#747,1.);
#747 = DIRECTION('',(-1.,0.));
#748 = ( GEOMETRIC_REPRESENTATION_CONTEXT(2) 
PARAMETRIC_REPRESENTATION_CONTEXT() REPRESENTATION_CONTEXT('2D SPACE',''
  ) );
#749 = PCURVE('',#442,#750);
#750 = DEFINITIONAL_REPRESENTATION('',(#751),#759);
#751 = ( BOUNDED_CURVE() B_SPLINE_CURVE(2,(#752,#753,#754,#755,#756,#757
,#758),.UNSPECIFIED.,.T.,.F.) B_SPLINE_CURVE_WITH_KNOTS((1,2,2,2,2,1),(
    -2.094395102393,0.,2.094395102393,4.188790204786,6.28318530718,
8.377580409573),.UNSPECIFIED.) CURVE() GEOMETRIC_REPRESENTATION_ITEM() 
RATIONAL_B_SPLINE_CURVE((1.,0.5,1.,0.5,1.,0.5,1.)) REPRESENTATION_ITEM(
  '') );
#752 = CARTESIAN_POINT('',(0.18,6.64));
#753 = CARTESIAN_POINT('',(-0.131769145362,6.64));
#754 = CARTESIAN_POINT('',(2.41154273188E-02,6.91));
#755 = CARTESIAN_POINT('',(0.18,7.18));
#756 = CARTESIAN_POINT('',(0.335884572681,6.91));
#757 = CARTESIAN_POINT('',(0.491769145362,6.64));
#758 = CARTESIAN_POINT('',(0.18,6.64));
#759 = ( GEOMETRIC_REPRESENTATION_CONTEXT(2) 
PARAMETRIC_REPRESENTATION_CONTEXT() REPRESENTATION_CONTEXT('2D SPACE',''
  ) );
#760 = ORIENTED_EDGE('',*,*,#761,.T.);
#761 = EDGE_CURVE('',#734,#627,#762,.T.);
#762 = SURFACE_CURVE('',#763,(#767,#774),.PCURVE_S1.);
#763 = LINE('',#764,#765);
#764 = CARTESIAN_POINT('',(-3.32,3.5,0.15));
#765 = VECTOR('',#766,1.);
#766 = DIRECTION('',(0.,0.,1.));
#767 = PCURVE('',#468,#768);
#768 = DEFINITIONAL_REPRESENTATION('',(#769),#773);
#769 = LINE('',#770,#771);
#770 = CARTESIAN_POINT('',(-1.570796326795,0.));
#771 = VECTOR('',#772,1.);
#772 = DIRECTION('',(-0.,1.));
#773 = ( GEOMETRIC_REPRESENTATION_CONTEXT(2) 
PARAMETRIC_REPRESENTATION_CONTEXT() REPRESENTATION_CONTEXT('2D SPACE',''
  ) );
#774 = PCURVE('',#642,#775);
#775 = DEFINITIONAL_REPRESENTATION('',(#776),#780);
#776 = LINE('',#777,#778);
#777 = CARTESIAN_POINT('',(0.,0.18));
#778 = VECTOR('',#779,1.);
#779 = DIRECTION('',(1.,0.));
#780 = ( GEOMETRIC_REPRESENTATION_CONTEXT(2) 
PARAMETRIC_REPRESENTATION_CONTEXT() REPRESENTATION_CONTEXT('2D SPACE',''
  ) );
#781 = ORIENTED_EDGE('',*,*,#654,.F.);
#782 = ORIENTED_EDGE('',*,*,#454,.F.);
#783 = ADVANCED_FACE('',(#784),#442,.F.);
#784 = FACE_BOUND('',#785,.F.);
#785 = EDGE_LOOP('',(#786,#787,#788,#811,#839,#862,#886,#907));
#786 = ORIENTED_EDGE('',*,*,#426,.F.);
#787 = ORIENTED_EDGE('',*,*,#683,.T.);
#788 = ORIENTED_EDGE('',*,*,#789,.T.);
#789 = EDGE_CURVE('',#684,#790,#792,.T.);
#790 = VERTEX_POINT('',#791);
#791 = CARTESIAN_POINT('',(3.32,-3.5,0.15));
#792 = SURFACE_CURVE('',#793,(#797,#804),.PCURVE_S1.);
#793 = LINE('',#794,#795);
#794 = CARTESIAN_POINT('',(-3.5,-3.5,0.15));
#795 = VECTOR('',#796,1.);
#796 = DIRECTION('',(1.,0.,0.));
#797 = PCURVE('',#442,#798);
#798 = DEFINITIONAL_REPRESENTATION('',(#799),#803);
#799 = LINE('',#800,#801);
#800 = CARTESIAN_POINT('',(0.,0.));
#801 = VECTOR('',#802,1.);
#802 = DIRECTION('',(1.,0.));
#803 = ( GEOMETRIC_REPRESENTATION_CONTEXT(2) 
PARAMETRIC_REPRESENTATION_CONTEXT() REPRESENTATION_CONTEXT('2D SPACE',''
  ) );
#804 = PCURVE('',#524,#805);
#805 = DEFINITIONAL_REPRESENTATION('',(#806),#810);
#806 = LINE('',#807,#808);
#807 = CARTESIAN_POINT('',(0.,0.));
#808 = VECTOR('',#809,1.);
#809 = DIRECTION('',(0.,1.));
#810 = ( GEOMETRIC_REPRESENTATION_CONTEXT(2) 
PARAMETRIC_REPRESENTATION_CONTEXT() REPRESENTATION_CONTEXT('2D SPACE',''
  ) );
#811 = ORIENTED_EDGE('',*,*,#812,.F.);
#812 = EDGE_CURVE('',#813,#790,#815,.T.);
#813 = VERTEX_POINT('',#814);
#814 = CARTESIAN_POINT('',(3.5,-3.32,0.15));
#815 = SURFACE_CURVE('',#816,(#821,#832),.PCURVE_S1.);
#816 = CIRCLE('',#817,0.18);
#817 = AXIS2_PLACEMENT_3D('',#818,#819,#820);
#818 = CARTESIAN_POINT('',(3.32,-3.32,0.15));
#819 = DIRECTION('',(-0.,-0.,-1.));
#820 = DIRECTION('',(0.,-1.,0.));
#821 = PCURVE('',#442,#822);
#822 = DEFINITIONAL_REPRESENTATION('',(#823),#831);
#823 = ( BOUNDED_CURVE() B_SPLINE_CURVE(2,(#824,#825,#826,#827,#828,#829
,#830),.UNSPECIFIED.,.T.,.F.) B_SPLINE_CURVE_WITH_KNOTS((1,2,2,2,2,1),(
    -2.094395102393,0.,2.094395102393,4.188790204786,6.28318530718,
8.377580409573),.UNSPECIFIED.) CURVE() GEOMETRIC_REPRESENTATION_ITEM() 
RATIONAL_B_SPLINE_CURVE((1.,0.5,1.,0.5,1.,0.5,1.)) REPRESENTATION_ITEM(
  '') );
#824 = CARTESIAN_POINT('',(6.82,0.));
#825 = CARTESIAN_POINT('',(6.508230854638,0.));
#826 = CARTESIAN_POINT('',(6.664115427319,0.27));
#827 = CARTESIAN_POINT('',(6.82,0.54));
#828 = CARTESIAN_POINT('',(6.975884572681,0.27));
#829 = CARTESIAN_POINT('',(7.131769145362,2.775557561563E-16));
#830 = CARTESIAN_POINT('',(6.82,0.));
#831 = ( GEOMETRIC_REPRESENTATION_CONTEXT(2) 
PARAMETRIC_REPRESENTATION_CONTEXT() REPRESENTATION_CONTEXT('2D SPACE',''
  ) );
#832 = PCURVE('',#557,#833);
#833 = DEFINITIONAL_REPRESENTATION('',(#834),#838);
#834 = LINE('',#835,#836);
#835 = CARTESIAN_POINT('',(4.712388980385,-0.));
#836 = VECTOR('',#837,1.);
#837 = DIRECTION('',(-1.,0.));
#838 = ( GEOMETRIC_REPRESENTATION_CONTEXT(2) 
PARAMETRIC_REPRESENTATION_CONTEXT() REPRESENTATION_CONTEXT('2D SPACE',''
  ) );
#839 = ORIENTED_EDGE('',*,*,#840,.T.);
#840 = EDGE_CURVE('',#813,#841,#843,.T.);
#841 = VERTEX_POINT('',#842);
#842 = CARTESIAN_POINT('',(3.5,3.32,0.15));
#843 = SURFACE_CURVE('',#844,(#848,#855),.PCURVE_S1.);
#844 = LINE('',#845,#846);
#845 = CARTESIAN_POINT('',(3.5,-3.5,0.15));
#846 = VECTOR('',#847,1.);
#847 = DIRECTION('',(0.,1.,0.));
#848 = PCURVE('',#442,#849);
#849 = DEFINITIONAL_REPRESENTATION('',(#850),#854);
#850 = LINE('',#851,#852);
#851 = CARTESIAN_POINT('',(7.,0.));
#852 = VECTOR('',#853,1.);
#853 = DIRECTION('',(0.,1.));
#854 = ( GEOMETRIC_REPRESENTATION_CONTEXT(2) 
PARAMETRIC_REPRESENTATION_CONTEXT() REPRESENTATION_CONTEXT('2D SPACE',''
  ) );
#855 = PCURVE('',#585,#856);
#856 = DEFINITIONAL_REPRESENTATION('',(#857),#861);
#857 = LINE('',#858,#859);
#858 = CARTESIAN_POINT('',(0.,0.));
#859 = VECTOR('',#860,1.);
#860 = DIRECTION('',(0.,-1.));
#861 = ( GEOMETRIC_REPRESENTATION_CONTEXT(2) 
PARAMETRIC_REPRESENTATION_CONTEXT() REPRESENTATION_CONTEXT('2D SPACE',''
  ) );
#862 = ORIENTED_EDGE('',*,*,#863,.T.);
#863 = EDGE_CURVE('',#841,#864,#866,.T.);
#864 = VERTEX_POINT('',#865);
#865 = CARTESIAN_POINT('',(3.32,3.5,0.15));
#866 = SURFACE_CURVE('',#867,(#872,#879),.PCURVE_S1.);
#867 = CIRCLE('',#868,0.18);
#868 = AXIS2_PLACEMENT_3D('',#869,#870,#871);
#869 = CARTESIAN_POINT('',(3.32,3.32,0.15));
#870 = DIRECTION('',(0.,0.,1.));
#871 = DIRECTION('',(0.,-1.,0.));
#872 = PCURVE('',#442,#873);
#873 = DEFINITIONAL_REPRESENTATION('',(#874),#878);
#874 = CIRCLE('',#875,0.18);
#875 = AXIS2_PLACEMENT_2D('',#876,#877);
#876 = CARTESIAN_POINT('',(6.82,6.82));
#877 = DIRECTION('',(0.,-1.));
#878 = ( GEOMETRIC_REPRESENTATION_CONTEXT(2) 
PARAMETRIC_REPRESENTATION_CONTEXT() REPRESENTATION_CONTEXT('2D SPACE',''
  ) );
#879 = PCURVE('',#614,#880);
#880 = DEFINITIONAL_REPRESENTATION('',(#881),#885);
#881 = LINE('',#882,#883);
#882 = CARTESIAN_POINT('',(-1.570796326795,0.));
#883 = VECTOR('',#884,1.);
#884 = DIRECTION('',(1.,0.));
#885 = ( GEOMETRIC_REPRESENTATION_CONTEXT(2) 
PARAMETRIC_REPRESENTATION_CONTEXT() REPRESENTATION_CONTEXT('2D SPACE',''
  ) );
#886 = ORIENTED_EDGE('',*,*,#887,.F.);
#887 = EDGE_CURVE('',#734,#864,#888,.T.);
#888 = SURFACE_CURVE('',#889,(#893,#900),.PCURVE_S1.);
#889 = LINE('',#890,#891);
#890 = CARTESIAN_POINT('',(-3.5,3.5,0.15));
#891 = VECTOR('',#892,1.);
#892 = DIRECTION('',(1.,0.,0.));
#893 = PCURVE('',#442,#894);
#894 = DEFINITIONAL_REPRESENTATION('',(#895),#899);
#895 = LINE('',#896,#897);
#896 = CARTESIAN_POINT('',(0.,7.));
#897 = VECTOR('',#898,1.);
#898 = DIRECTION('',(1.,0.));
#899 = ( GEOMETRIC_REPRESENTATION_CONTEXT(2) 
PARAMETRIC_REPRESENTATION_CONTEXT() REPRESENTATION_CONTEXT('2D SPACE',''
  ) );
#900 = PCURVE('',#642,#901);
#901 = DEFINITIONAL_REPRESENTATION('',(#902),#906);
#902 = LINE('',#903,#904);
#903 = CARTESIAN_POINT('',(0.,0.));
#904 = VECTOR('',#905,1.);
#905 = DIRECTION('',(0.,1.));
#906 = ( GEOMETRIC_REPRESENTATION_CONTEXT(2) 
PARAMETRIC_REPRESENTATION_CONTEXT() REPRESENTATION_CONTEXT('2D SPACE',''
  ) );
#907 = ORIENTED_EDGE('',*,*,#733,.F.);
#908 = ADVANCED_FACE('',(#909),#524,.F.);
#909 = FACE_BOUND('',#910,.F.);
#910 = EDGE_LOOP('',(#911,#912,#913,#914));
#911 = ORIENTED_EDGE('',*,*,#789,.F.);
#912 = ORIENTED_EDGE('',*,*,#707,.T.);
#913 = ORIENTED_EDGE('',*,*,#508,.T.);
#914 = ORIENTED_EDGE('',*,*,#915,.F.);
#915 = EDGE_CURVE('',#790,#509,#916,.T.);
#916 = SURFACE_CURVE('',#917,(#921,#928),.PCURVE_S1.);
#917 = LINE('',#918,#919);
#918 = CARTESIAN_POINT('',(3.32,-3.5,0.15));
#919 = VECTOR('',#920,1.);
#920 = DIRECTION('',(0.,0.,1.));
#921 = PCURVE('',#524,#922);
#922 = DEFINITIONAL_REPRESENTATION('',(#923),#927);
#923 = LINE('',#924,#925);
#924 = CARTESIAN_POINT('',(0.,6.82));
#925 = VECTOR('',#926,1.);
#926 = DIRECTION('',(1.,0.));
#927 = ( GEOMETRIC_REPRESENTATION_CONTEXT(2) 
PARAMETRIC_REPRESENTATION_CONTEXT() REPRESENTATION_CONTEXT('2D SPACE',''
  ) );
#928 = PCURVE('',#557,#929);
#929 = DEFINITIONAL_REPRESENTATION('',(#930),#934);
#930 = LINE('',#931,#932);
#931 = CARTESIAN_POINT('',(-1.570796326795,0.));
#932 = VECTOR('',#933,1.);
#933 = DIRECTION('',(-0.,1.));
#934 = ( GEOMETRIC_REPRESENTATION_CONTEXT(2) 
PARAMETRIC_REPRESENTATION_CONTEXT() REPRESENTATION_CONTEXT('2D SPACE',''
  ) );
#935 = ADVANCED_FACE('',(#936),#642,.T.);
#936 = FACE_BOUND('',#937,.T.);
#937 = EDGE_LOOP('',(#938,#939,#940,#941));
#938 = ORIENTED_EDGE('',*,*,#887,.F.);
#939 = ORIENTED_EDGE('',*,*,#761,.T.);
#940 = ORIENTED_EDGE('',*,*,#626,.T.);
#941 = ORIENTED_EDGE('',*,*,#942,.F.);
#942 = EDGE_CURVE('',#864,#598,#943,.T.);
#943 = SURFACE_CURVE('',#944,(#948,#955),.PCURVE_S1.);
#944 = LINE('',#945,#946);
#945 = CARTESIAN_POINT('',(3.32,3.5,0.15));
#946 = VECTOR('',#947,1.);
#947 = DIRECTION('',(0.,0.,1.));
#948 = PCURVE('',#642,#949);
#949 = DEFINITIONAL_REPRESENTATION('',(#950),#954);
#950 = LINE('',#951,#952);
#951 = CARTESIAN_POINT('',(0.,6.82));
#952 = VECTOR('',#953,1.);
#953 = DIRECTION('',(1.,0.));
#954 = ( GEOMETRIC_REPRESENTATION_CONTEXT(2) 
PARAMETRIC_REPRESENTATION_CONTEXT() REPRESENTATION_CONTEXT('2D SPACE',''
  ) );
#955 = PCURVE('',#614,#956);
#956 = DEFINITIONAL_REPRESENTATION('',(#957),#961);
#957 = LINE('',#958,#959);
#958 = CARTESIAN_POINT('',(1.570796326795,0.));
#959 = VECTOR('',#960,1.);
#960 = DIRECTION('',(0.,1.));
#961 = ( GEOMETRIC_REPRESENTATION_CONTEXT(2) 
PARAMETRIC_REPRESENTATION_CONTEXT() REPRESENTATION_CONTEXT('2D SPACE',''
  ) );
#962 = ADVANCED_FACE('',(#963),#557,.T.);
#963 = FACE_BOUND('',#964,.F.);
#964 = EDGE_LOOP('',(#965,#966,#967,#968));
#965 = ORIENTED_EDGE('',*,*,#812,.T.);
#966 = ORIENTED_EDGE('',*,*,#915,.T.);
#967 = ORIENTED_EDGE('',*,*,#536,.F.);
#968 = ORIENTED_EDGE('',*,*,#969,.F.);
#969 = EDGE_CURVE('',#813,#537,#970,.T.);
#970 = SURFACE_CURVE('',#971,(#975,#982),.PCURVE_S1.);
#971 = LINE('',#972,#973);
#972 = CARTESIAN_POINT('',(3.5,-3.32,0.15));
#973 = VECTOR('',#974,1.);
#974 = DIRECTION('',(0.,0.,1.));
#975 = PCURVE('',#557,#976);
#976 = DEFINITIONAL_REPRESENTATION('',(#977),#981);
#977 = LINE('',#978,#979);
#978 = CARTESIAN_POINT('',(-0.,0.));
#979 = VECTOR('',#980,1.);
#980 = DIRECTION('',(-0.,1.));
#981 = ( GEOMETRIC_REPRESENTATION_CONTEXT(2) 
PARAMETRIC_REPRESENTATION_CONTEXT() REPRESENTATION_CONTEXT('2D SPACE',''
  ) );
#982 = PCURVE('',#585,#983);
#983 = DEFINITIONAL_REPRESENTATION('',(#984),#988);
#984 = LINE('',#985,#986);
#985 = CARTESIAN_POINT('',(0.,-0.18));
#986 = VECTOR('',#987,1.);
#987 = DIRECTION('',(1.,0.));
#988 = ( GEOMETRIC_REPRESENTATION_CONTEXT(2) 
PARAMETRIC_REPRESENTATION_CONTEXT() REPRESENTATION_CONTEXT('2D SPACE',''
  ) );
#989 = ADVANCED_FACE('',(#990),#614,.T.);
#990 = FACE_BOUND('',#991,.T.);
#991 = EDGE_LOOP('',(#992,#993,#994,#995));
#992 = ORIENTED_EDGE('',*,*,#863,.T.);
#993 = ORIENTED_EDGE('',*,*,#942,.T.);
#994 = ORIENTED_EDGE('',*,*,#597,.F.);
#995 = ORIENTED_EDGE('',*,*,#996,.F.);
#996 = EDGE_CURVE('',#841,#570,#997,.T.);
#997 = SURFACE_CURVE('',#998,(#1002,#1009),.PCURVE_S1.);
#998 = LINE('',#999,#1000);
#999 = CARTESIAN_POINT('',(3.5,3.32,0.15));
#1000 = VECTOR('',#1001,1.);
#1001 = DIRECTION('',(0.,0.,1.));
#1002 = PCURVE('',#614,#1003);
#1003 = DEFINITIONAL_REPRESENTATION('',(#1004),#1008);
#1004 = LINE('',#1005,#1006);
#1005 = CARTESIAN_POINT('',(0.,0.));
#1006 = VECTOR('',#1007,1.);
#1007 = DIRECTION('',(0.,1.));
#1008 = ( GEOMETRIC_REPRESENTATION_CONTEXT(2) 
PARAMETRIC_REPRESENTATION_CONTEXT() REPRESENTATION_CONTEXT('2D SPACE',''
  ) );
#1009 = PCURVE('',#585,#1010);
#1010 = DEFINITIONAL_REPRESENTATION('',(#1011),#1015);
#1011 = LINE('',#1012,#1013);
#1012 = CARTESIAN_POINT('',(0.,-6.82));
#1013 = VECTOR('',#1014,1.);
#1014 = DIRECTION('',(1.,0.));
#1015 = ( GEOMETRIC_REPRESENTATION_CONTEXT(2) 
PARAMETRIC_REPRESENTATION_CONTEXT() REPRESENTATION_CONTEXT('2D SPACE',''
  ) );
#1016 = ADVANCED_FACE('',(#1017),#585,.T.);
#1017 = FACE_BOUND('',#1018,.T.);
#1018 = EDGE_LOOP('',(#1019,#1020,#1021,#1022));
#1019 = ORIENTED_EDGE('',*,*,#569,.F.);
#1020 = ORIENTED_EDGE('',*,*,#969,.F.);
#1021 = ORIENTED_EDGE('',*,*,#840,.T.);
#1022 = ORIENTED_EDGE('',*,*,#996,.T.);
#1023 = ( GEOMETRIC_REPRESENTATION_CONTEXT(3) 
GLOBAL_UNCERTAINTY_ASSIGNED_CONTEXT((#1027)) 
GLOBAL_UNIT_ASSIGNED_CONTEXT((#1024,#1025,#1026)) REPRESENTATION_CONTEXT
('Context #1','3D Context with UNIT and UNCERTAINTY') );
#1024 = ( LENGTH_UNIT() NAMED_UNIT(*) SI_UNIT(.MILLI.,.METRE.) );
#1025 = ( NAMED_UNIT(*) PLANE_ANGLE_UNIT() SI_UNIT($,.RADIAN.) );
#1026 = ( NAMED_UNIT(*) SI_UNIT($,.STERADIAN.) SOLID_ANGLE_UNIT() );
#1027 = UNCERTAINTY_MEASURE_WITH_UNIT(LENGTH_MEASURE(1.E-07),#1024,
  'distance_accuracy_value','confusion accuracy');
#1028 = CONTEXT_DEPENDENT_SHAPE_REPRESENTATION(#1029,#1031);
#1029 = ( REPRESENTATION_RELATIONSHIP('','',#356,#10) 
REPRESENTATION_RELATIONSHIP_WITH_TRANSFORMATION(#1030) 
SHAPE_REPRESENTATION_RELATIONSHIP() );
#1030 = ITEM_DEFINED_TRANSFORMATION('','',#11,#15);
#1031 = PRODUCT_DEFINITION_SHAPE('Placement','Placement of an item',
  #1032);
#1032 = NEXT_ASSEMBLY_USAGE_OCCURRENCE('1','molded_body','',#5,#351,$);
#1033 = PRODUCT_RELATED_PRODUCT_CATEGORY('part',$,(#353));
#1034 = SHAPE_DEFINITION_REPRESENTATION(#1035,#1041);
#1035 = PRODUCT_DEFINITION_SHAPE('','',#1036);
#1036 = PRODUCT_DEFINITION('design','',#1037,#1040);
#1037 = PRODUCT_DEFINITION_FORMATION('','',#1038);
#1038 = PRODUCT('pin_one','pin_one','',(#1039));
#1039 = PRODUCT_CONTEXT('',#2,'mechanical');
#1040 = PRODUCT_DEFINITION_CONTEXT('part definition',#2,'design');
#1041 = ADVANCED_BREP_SHAPE_REPRESENTATION('',(#11,#1042),#1140);
#1042 = MANIFOLD_SOLID_BREP('',#1043);
#1043 = CLOSED_SHELL('',(#1044,#1132,#1136));
#1044 = ADVANCED_FACE('',(#1045),#1059,.T.);
#1045 = FACE_BOUND('',#1046,.F.);
#1046 = EDGE_LOOP('',(#1047,#1077,#1104,#1105));
#1047 = ORIENTED_EDGE('',*,*,#1048,.T.);
#1048 = EDGE_CURVE('',#1049,#1051,#1053,.T.);
#1049 = VERTEX_POINT('',#1050);
#1050 = CARTESIAN_POINT('',(-2.63,-2.85,0.9425));
#1051 = VERTEX_POINT('',#1052);
#1052 = CARTESIAN_POINT('',(-2.63,-2.85,0.9675));
#1053 = SEAM_CURVE('',#1054,(#1058,#1070),.PCURVE_S1.);
#1054 = LINE('',#1055,#1056);
#1055 = CARTESIAN_POINT('',(-2.63,-2.85,0.9425));
#1056 = VECTOR('',#1057,1.);
#1057 = DIRECTION('',(0.,0.,1.));
#1058 = PCURVE('',#1059,#1064);
#1059 = CYLINDRICAL_SURFACE('',#1060,0.22);
#1060 = AXIS2_PLACEMENT_3D('',#1061,#1062,#1063);
#1061 = CARTESIAN_POINT('',(-2.85,-2.85,0.9425));
#1062 = DIRECTION('',(-0.,-0.,-1.));
#1063 = DIRECTION('',(1.,0.,0.));
#1064 = DEFINITIONAL_REPRESENTATION('',(#1065),#1069);
#1065 = LINE('',#1066,#1067);
#1066 = CARTESIAN_POINT('',(-0.,0.));
#1067 = VECTOR('',#1068,1.);
#1068 = DIRECTION('',(-0.,-1.));
#1069 = ( GEOMETRIC_REPRESENTATION_CONTEXT(2) 
PARAMETRIC_REPRESENTATION_CONTEXT() REPRESENTATION_CONTEXT('2D SPACE',''
  ) );
#1070 = PCURVE('',#1059,#1071);
#1071 = DEFINITIONAL_REPRESENTATION('',(#1072),#1076);
#1072 = LINE('',#1073,#1074);
#1073 = CARTESIAN_POINT('',(-6.28318530718,0.));
#1074 = VECTOR('',#1075,1.);
#1075 = DIRECTION('',(-0.,-1.));
#1076 = ( GEOMETRIC_REPRESENTATION_CONTEXT(2) 
PARAMETRIC_REPRESENTATION_CONTEXT() REPRESENTATION_CONTEXT('2D SPACE',''
  ) );
#1077 = ORIENTED_EDGE('',*,*,#1078,.T.);
#1078 = EDGE_CURVE('',#1051,#1051,#1079,.T.);
#1079 = SURFACE_CURVE('',#1080,(#1085,#1092),.PCURVE_S1.);
#1080 = CIRCLE('',#1081,0.22);
#1081 = AXIS2_PLACEMENT_3D('',#1082,#1083,#1084);
#1082 = CARTESIAN_POINT('',(-2.85,-2.85,0.9675));
#1083 = DIRECTION('',(0.,0.,1.));
#1084 = DIRECTION('',(1.,0.,0.));
#1085 = PCURVE('',#1059,#1086);
#1086 = DEFINITIONAL_REPRESENTATION('',(#1087),#1091);
#1087 = LINE('',#1088,#1089);
#1088 = CARTESIAN_POINT('',(-0.,-2.5E-02));
#1089 = VECTOR('',#1090,1.);
#1090 = DIRECTION('',(-1.,0.));
#1091 = ( GEOMETRIC_REPRESENTATION_CONTEXT(2) 
PARAMETRIC_REPRESENTATION_CONTEXT() REPRESENTATION_CONTEXT('2D SPACE',''
  ) );
#1092 = PCURVE('',#1093,#1098);
#1093 = PLANE('',#1094);
#1094 = AXIS2_PLACEMENT_3D('',#1095,#1096,#1097);
#1095 = CARTESIAN_POINT('',(-2.85,-2.85,0.9675));
#1096 = DIRECTION('',(0.,0.,1.));
#1097 = DIRECTION('',(1.,0.,-0.));
#1098 = DEFINITIONAL_REPRESENTATION('',(#1099),#1103);
#1099 = CIRCLE('',#1100,0.22);
#1100 = AXIS2_PLACEMENT_2D('',#1101,#1102);
#1101 = CARTESIAN_POINT('',(0.,0.));
#1102 = DIRECTION('',(1.,0.));
#1103 = ( GEOMETRIC_REPRESENTATION_CONTEXT(2) 
PARAMETRIC_REPRESENTATION_CONTEXT() REPRESENTATION_CONTEXT('2D SPACE',''
  ) );
#1104 = ORIENTED_EDGE('',*,*,#1048,.F.);
#1105 = ORIENTED_EDGE('',*,*,#1106,.F.);
#1106 = EDGE_CURVE('',#1049,#1049,#1107,.T.);
#1107 = SURFACE_CURVE('',#1108,(#1113,#1120),.PCURVE_S1.);
#1108 = CIRCLE('',#1109,0.22);
#1109 = AXIS2_PLACEMENT_3D('',#1110,#1111,#1112);
#1110 = CARTESIAN_POINT('',(-2.85,-2.85,0.9425));
#1111 = DIRECTION('',(0.,0.,1.));
#1112 = DIRECTION('',(1.,0.,0.));
#1113 = PCURVE('',#1059,#1114);
#1114 = DEFINITIONAL_REPRESENTATION('',(#1115),#1119);
#1115 = LINE('',#1116,#1117);
#1116 = CARTESIAN_POINT('',(-0.,0.));
#1117 = VECTOR('',#1118,1.);
#1118 = DIRECTION('',(-1.,0.));
#1119 = ( GEOMETRIC_REPRESENTATION_CONTEXT(2) 
PARAMETRIC_REPRESENTATION_CONTEXT() REPRESENTATION_CONTEXT('2D SPACE',''
  ) );
#1120 = PCURVE('',#1121,#1126);
#1121 = PLANE('',#1122);
#1122 = AXIS2_PLACEMENT_3D('',#1123,#1124,#1125);
#1123 = CARTESIAN_POINT('',(-2.85,-2.85,0.9425));
#1124 = DIRECTION('',(0.,0.,1.));
#1125 = DIRECTION('',(1.,0.,-0.));
#1126 = DEFINITIONAL_REPRESENTATION('',(#1127),#1131);
#1127 = CIRCLE('',#1128,0.22);
#1128 = AXIS2_PLACEMENT_2D('',#1129,#1130);
#1129 = CARTESIAN_POINT('',(0.,0.));
#1130 = DIRECTION('',(1.,0.));
#1131 = ( GEOMETRIC_REPRESENTATION_CONTEXT(2) 
PARAMETRIC_REPRESENTATION_CONTEXT() REPRESENTATION_CONTEXT('2D SPACE',''
  ) );
#1132 = ADVANCED_FACE('',(#1133),#1121,.F.);
#1133 = FACE_BOUND('',#1134,.F.);
#1134 = EDGE_LOOP('',(#1135));
#1135 = ORIENTED_EDGE('',*,*,#1106,.T.);
#1136 = ADVANCED_FACE('',(#1137),#1093,.T.);
#1137 = FACE_BOUND('',#1138,.T.);
#1138 = EDGE_LOOP('',(#1139));
#1139 = ORIENTED_EDGE('',*,*,#1078,.T.);
#1140 = ( GEOMETRIC_REPRESENTATION_CONTEXT(3) 
GLOBAL_UNCERTAINTY_ASSIGNED_CONTEXT((#1144)) 
GLOBAL_UNIT_ASSIGNED_CONTEXT((#1141,#1142,#1143)) REPRESENTATION_CONTEXT
('Context #1','3D Context with UNIT and UNCERTAINTY') );
#1141 = ( LENGTH_UNIT() NAMED_UNIT(*) SI_UNIT(.MILLI.,.METRE.) );
#1142 = ( NAMED_UNIT(*) PLANE_ANGLE_UNIT() SI_UNIT($,.RADIAN.) );
#1143 = ( NAMED_UNIT(*) SI_UNIT($,.STERADIAN.) SOLID_ANGLE_UNIT() );
#1144 = UNCERTAINTY_MEASURE_WITH_UNIT(LENGTH_MEASURE(1.E-07),#1141,
  'distance_accuracy_value','confusion accuracy');
#1145 = CONTEXT_DEPENDENT_SHAPE_REPRESENTATION(#1146,#1148);
#1146 = ( REPRESENTATION_RELATIONSHIP('','',#1041,#10) 
REPRESENTATION_RELATIONSHIP_WITH_TRANSFORMATION(#1147) 
SHAPE_REPRESENTATION_RELATIONSHIP() );
#1147 = ITEM_DEFINED_TRANSFORMATION('','',#11,#19);
#1148 = PRODUCT_DEFINITION_SHAPE('Placement','Placement of an item',
  #1149);
#1149 = NEXT_ASSEMBLY_USAGE_OCCURRENCE('2','pin_one','',#5,#1036,$);
#1150 = PRODUCT_RELATED_PRODUCT_CATEGORY('part',$,(#1038));
#1151 = SHAPE_DEFINITION_REPRESENTATION(#1152,#1158);
#1152 = PRODUCT_DEFINITION_SHAPE('','',#1153);
#1153 = PRODUCT_DEFINITION('design','',#1154,#1157);
#1154 = PRODUCT_DEFINITION_FORMATION('','',#1155);
#1155 = PRODUCT('ball_A1','ball_A1','',(#1156));
#1156 = PRODUCT_CONTEXT('',#2,'mechanical');
#1157 = PRODUCT_DEFINITION_CONTEXT('part definition',#2,'design');
#1158 = ADVANCED_BREP_SHAPE_REPRESENTATION('',(#11,#1159),#1171);
#1159 = MANIFOLD_SOLID_BREP('',#1160);
#1160 = CLOSED_SHELL('',(#1161));
#1161 = ADVANCED_FACE('',(#1162),#1166,.T.);
#1162 = FACE_BOUND('',#1163,.T.);
#1163 = VERTEX_LOOP('',#1164);
#1164 = VERTEX_POINT('',#1165);
#1165 = CARTESIAN_POINT('',(-2.925,2.925,0.));
#1166 = SPHERICAL_SURFACE('',#1167,0.15);
#1167 = AXIS2_PLACEMENT_3D('',#1168,#1169,#1170);
#1168 = CARTESIAN_POINT('',(-2.925,2.925,0.15));
#1169 = DIRECTION('',(0.,0.,1.));
#1170 = DIRECTION('',(1.,0.,0.));
#1171 = ( GEOMETRIC_REPRESENTATION_CONTEXT(3) 
GLOBAL_UNCERTAINTY_ASSIGNED_CONTEXT((#1175)) 
GLOBAL_UNIT_ASSIGNED_CONTEXT((#1172,#1173,#1174)) REPRESENTATION_CONTEXT
('Context #1','3D Context with UNIT and UNCERTAINTY') );
#1172 = ( LENGTH_UNIT() NAMED_UNIT(*) SI_UNIT(.MILLI.,.METRE.) );
#1173 = ( NAMED_UNIT(*) PLANE_ANGLE_UNIT() SI_UNIT($,.RADIAN.) );
#1174 = ( NAMED_UNIT(*) SI_UNIT($,.STERADIAN.) SOLID_ANGLE_UNIT() );
#1175 = UNCERTAINTY_MEASURE_WITH_UNIT(LENGTH_MEASURE(1.E-07),#1172,
  'distance_accuracy_value','confusion accuracy');
#1176 = CONTEXT_DEPENDENT_SHAPE_REPRESENTATION(#1177,#1179);
#1177 = ( REPRESENTATION_RELATIONSHIP('','',#1158,#10) 
REPRESENTATION_RELATIONSHIP_WITH_TRANSFORMATION(#1178) 
SHAPE_REPRESENTATION_RELATIONSHIP() );
#1178 = ITEM_DEFINED_TRANSFORMATION('','',#11,#23);
#1179 = PRODUCT_DEFINITION_SHAPE('Placement','Placement of an item',
  #1180);
#1180 = NEXT_ASSEMBLY_USAGE_OCCURRENCE('3','ball_A1','',#5,#1153,$);
#1181 = PRODUCT_RELATED_PRODUCT_CATEGORY('part',$,(#1155));
#1182 = SHAPE_DEFINITION_REPRESENTATION(#1183,#1189);
#1183 = PRODUCT_DEFINITION_SHAPE('','',#1184);
#1184 = PRODUCT_DEFINITION('design','',#1185,#1188);
#1185 = PRODUCT_DEFINITION_FORMATION('','',#1186);
#1186 = PRODUCT('ball_A2','ball_A2','',(#1187));
#1187 = PRODUCT_CONTEXT('',#2,'mechanical');
#1188 = PRODUCT_DEFINITION_CONTEXT('part definition',#2,'design');
#1189 = ADVANCED_BREP_SHAPE_REPRESENTATION('',(#11,#1190),#1202);
#1190 = MANIFOLD_SOLID_BREP('',#1191);
#1191 = CLOSED_SHELL('',(#1192));
#1192 = ADVANCED_FACE('',(#1193),#1197,.T.);
#1193 = FACE_BOUND('',#1194,.T.);
#1194 = VERTEX_LOOP('',#1195);
#1195 = VERTEX_POINT('',#1196);
#1196 = CARTESIAN_POINT('',(-2.275,2.925,0.));
#1197 = SPHERICAL_SURFACE('',#1198,0.15);
#1198 = AXIS2_PLACEMENT_3D('',#1199,#1200,#1201);
#1199 = CARTESIAN_POINT('',(-2.275,2.925,0.15));
#1200 = DIRECTION('',(0.,0.,1.));
#1201 = DIRECTION('',(1.,0.,0.));
#1202 = ( GEOMETRIC_REPRESENTATION_CONTEXT(3) 
GLOBAL_UNCERTAINTY_ASSIGNED_CONTEXT((#1206)) 
GLOBAL_UNIT_ASSIGNED_CONTEXT((#1203,#1204,#1205)) REPRESENTATION_CONTEXT
('Context #1','3D Context with UNIT and UNCERTAINTY') );
#1203 = ( LENGTH_UNIT() NAMED_UNIT(*) SI_UNIT(.MILLI.,.METRE.) );
#1204 = ( NAMED_UNIT(*) PLANE_ANGLE_UNIT() SI_UNIT($,.RADIAN.) );
#1205 = ( NAMED_UNIT(*) SI_UNIT($,.STERADIAN.) SOLID_ANGLE_UNIT() );
#1206 = UNCERTAINTY_MEASURE_WITH_UNIT(LENGTH_MEASURE(1.E-07),#1203,
  'distance_accuracy_value','confusion accuracy');
#1207 = CONTEXT_DEPENDENT_SHAPE_REPRESENTATION(#1208,#1210);
#1208 = ( REPRESENTATION_RELATIONSHIP('','',#1189,#10) 
REPRESENTATION_RELATIONSHIP_WITH_TRANSFORMATION(#1209) 
SHAPE_REPRESENTATION_RELATIONSHIP() );
#1209 = ITEM_DEFINED_TRANSFORMATION('','',#11,#27);
#1210 = PRODUCT_DEFINITION_SHAPE('Placement','Placement of an item',
  #1211);
#1211 = NEXT_ASSEMBLY_USAGE_OCCURRENCE('4','ball_A2','',#5,#1184,$);
#1212 = PRODUCT_RELATED_PRODUCT_CATEGORY('part',$,(#1186));
#1213 = SHAPE_DEFINITION_REPRESENTATION(#1214,#1220);
#1214 = PRODUCT_DEFINITION_SHAPE('','',#1215);
#1215 = PRODUCT_DEFINITION('design','',#1216,#1219);
#1216 = PRODUCT_DEFINITION_FORMATION('','',#1217);
#1217 = PRODUCT('ball_A3','ball_A3','',(#1218));
#1218 = PRODUCT_CONTEXT('',#2,'mechanical');
#1219 = PRODUCT_DEFINITION_CONTEXT('part definition',#2,'design');
#1220 = ADVANCED_BREP_SHAPE_REPRESENTATION('',(#11,#1221),#1233);
#1221 = MANIFOLD_SOLID_BREP('',#1222);
#1222 = CLOSED_SHELL('',(#1223));
#1223 = ADVANCED_FACE('',(#1224),#1228,.T.);
#1224 = FACE_BOUND('',#1225,.T.);
#1225 = VERTEX_LOOP('',#1226);
#1226 = VERTEX_POINT('',#1227);
#1227 = CARTESIAN_POINT('',(-1.625,2.925,0.));
#1228 = SPHERICAL_SURFACE('',#1229,0.15);
#1229 = AXIS2_PLACEMENT_3D('',#1230,#1231,#1232);
#1230 = CARTESIAN_POINT('',(-1.625,2.925,0.15));
#1231 = DIRECTION('',(0.,0.,1.));
#1232 = DIRECTION('',(1.,0.,0.));
#1233 = ( GEOMETRIC_REPRESENTATION_CONTEXT(3) 
GLOBAL_UNCERTAINTY_ASSIGNED_CONTEXT((#1237)) 
GLOBAL_UNIT_ASSIGNED_CONTEXT((#1234,#1235,#1236)) REPRESENTATION_CONTEXT
('Context #1','3D Context with UNIT and UNCERTAINTY') );
#1234 = ( LENGTH_UNIT() NAMED_UNIT(*) SI_UNIT(.MILLI.,.METRE.) );
#1235 = ( NAMED_UNIT(*) PLANE_ANGLE_UNIT() SI_UNIT($,.RADIAN.) );
#1236 = ( NAMED_UNIT(*) SI_UNIT($,.STERADIAN.) SOLID_ANGLE_UNIT() );
#1237 = UNCERTAINTY_MEASURE_WITH_UNIT(LENGTH_MEASURE(1.E-07),#1234,
  'distance_accuracy_value','confusion accuracy');
#1238 = CONTEXT_DEPENDENT_SHAPE_REPRESENTATION(#1239,#1241);
#1239 = ( REPRESENTATION_RELATIONSHIP('','',#1220,#10) 
REPRESENTATION_RELATIONSHIP_WITH_TRANSFORMATION(#1240) 
SHAPE_REPRESENTATION_RELATIONSHIP() );
#1240 = ITEM_DEFINED_TRANSFORMATION('','',#11,#31);
#1241 = PRODUCT_DEFINITION_SHAPE('Placement','Placement of an item',
  #1242);
#1242 = NEXT_ASSEMBLY_USAGE_OCCURRENCE('5','ball_A3','',#5,#1215,$);
#1243 = PRODUCT_RELATED_PRODUCT_CATEGORY('part',$,(#1217));
#1244 = SHAPE_DEFINITION_REPRESENTATION(#1245,#1251);
#1245 = PRODUCT_DEFINITION_SHAPE('','',#1246);
#1246 = PRODUCT_DEFINITION('design','',#1247,#1250);
#1247 = PRODUCT_DEFINITION_FORMATION('','',#1248);
#1248 = PRODUCT('ball_A4','ball_A4','',(#1249));
#1249 = PRODUCT_CONTEXT('',#2,'mechanical');
#1250 = PRODUCT_DEFINITION_CONTEXT('part definition',#2,'design');
#1251 = ADVANCED_BREP_SHAPE_REPRESENTATION('',(#11,#1252),#1264);
#1252 = MANIFOLD_SOLID_BREP('',#1253);
#1253 = CLOSED_SHELL('',(#1254));
#1254 = ADVANCED_FACE('',(#1255),#1259,.T.);
#1255 = FACE_BOUND('',#1256,.T.);
#1256 = VERTEX_LOOP('',#1257);
#1257 = VERTEX_POINT('',#1258);
#1258 = CARTESIAN_POINT('',(-0.975,2.925,0.));
#1259 = SPHERICAL_SURFACE('',#1260,0.15);
#1260 = AXIS2_PLACEMENT_3D('',#1261,#1262,#1263);
#1261 = CARTESIAN_POINT('',(-0.975,2.925,0.15));
#1262 = DIRECTION('',(0.,0.,1.));
#1263 = DIRECTION('',(1.,0.,0.));
#1264 = ( GEOMETRIC_REPRESENTATION_CONTEXT(3) 
GLOBAL_UNCERTAINTY_ASSIGNED_CONTEXT((#1268)) 
GLOBAL_UNIT_ASSIGNED_CONTEXT((#1265,#1266,#1267)) REPRESENTATION_CONTEXT
('Context #1','3D Context with UNIT and UNCERTAINTY') );
#1265 = ( LENGTH_UNIT() NAMED_UNIT(*) SI_UNIT(.MILLI.,.METRE.) );
#1266 = ( NAMED_UNIT(*) PLANE_ANGLE_UNIT() SI_UNIT($,.RADIAN.) );
#1267 = ( NAMED_UNIT(*) SI_UNIT($,.STERADIAN.) SOLID_ANGLE_UNIT() );
#1268 = UNCERTAINTY_MEASURE_WITH_UNIT(LENGTH_MEASURE(1.E-07),#1265,
  'distance_accuracy_value','confusion accuracy');
#1269 = CONTEXT_DEPENDENT_SHAPE_REPRESENTATION(#1270,#1272);
#1270 = ( REPRESENTATION_RELATIONSHIP('','',#1251,#10) 
REPRESENTATION_RELATIONSHIP_WITH_TRANSFORMATION(#1271) 
SHAPE_REPRESENTATION_RELATIONSHIP() );
#1271 = ITEM_DEFINED_TRANSFORMATION('','',#11,#35);
#1272 = PRODUCT_DEFINITION_SHAPE('Placement','Placement of an item',
  #1273);
#1273 = NEXT_ASSEMBLY_USAGE_OCCURRENCE('6','ball_A4','',#5,#1246,$);
#1274 = PRODUCT_RELATED_PRODUCT_CATEGORY('part',$,(#1248));
#1275 = SHAPE_DEFINITION_REPRESENTATION(#1276,#1282);
#1276 = PRODUCT_DEFINITION_SHAPE('','',#1277);
#1277 = PRODUCT_DEFINITION('design','',#1278,#1281);
#1278 = PRODUCT_DEFINITION_FORMATION('','',#1279);
#1279 = PRODUCT('ball_A5','ball_A5','',(#1280));
#1280 = PRODUCT_CONTEXT('',#2,'mechanical');
#1281 = PRODUCT_DEFINITION_CONTEXT('part definition',#2,'design');
#1282 = ADVANCED_BREP_SHAPE_REPRESENTATION('',(#11,#1283),#1295);
#1283 = MANIFOLD_SOLID_BREP('',#1284);
#1284 = CLOSED_SHELL('',(#1285));
#1285 = ADVANCED_FACE('',(#1286),#1290,.T.);
#1286 = FACE_BOUND('',#1287,.T.);
#1287 = VERTEX_LOOP('',#1288);
#1288 = VERTEX_POINT('',#1289);
#1289 = CARTESIAN_POINT('',(-0.325,2.925,0.));
#1290 = SPHERICAL_SURFACE('',#1291,0.15);
#1291 = AXIS2_PLACEMENT_3D('',#1292,#1293,#1294);
#1292 = CARTESIAN_POINT('',(-0.325,2.925,0.15));
#1293 = DIRECTION('',(0.,0.,1.));
#1294 = DIRECTION('',(1.,0.,0.));
#1295 = ( GEOMETRIC_REPRESENTATION_CONTEXT(3) 
GLOBAL_UNCERTAINTY_ASSIGNED_CONTEXT((#1299)) 
GLOBAL_UNIT_ASSIGNED_CONTEXT((#1296,#1297,#1298)) REPRESENTATION_CONTEXT
('Context #1','3D Context with UNIT and UNCERTAINTY') );
#1296 = ( LENGTH_UNIT() NAMED_UNIT(*) SI_UNIT(.MILLI.,.METRE.) );
#1297 = ( NAMED_UNIT(*) PLANE_ANGLE_UNIT() SI_UNIT($,.RADIAN.) );
#1298 = ( NAMED_UNIT(*) SI_UNIT($,.STERADIAN.) SOLID_ANGLE_UNIT() );
#1299 = UNCERTAINTY_MEASURE_WITH_UNIT(LENGTH_MEASURE(1.E-07),#1296,
  'distance_accuracy_value','confusion accuracy');
#1300 = CONTEXT_DEPENDENT_SHAPE_REPRESENTATION(#1301,#1303);
#1301 = ( REPRESENTATION_RELATIONSHIP('','',#1282,#10) 
REPRESENTATION_RELATIONSHIP_WITH_TRANSFORMATION(#1302) 
SHAPE_REPRESENTATION_RELATIONSHIP() );
#1302 = ITEM_DEFINED_TRANSFORMATION('','',#11,#39);
#1303 = PRODUCT_DEFINITION_SHAPE('Placement','Placement of an item',
  #1304);
#1304 = NEXT_ASSEMBLY_USAGE_OCCURRENCE('7','ball_A5','',#5,#1277,$);
#1305 = PRODUCT_RELATED_PRODUCT_CATEGORY('part',$,(#1279));
#1306 = SHAPE_DEFINITION_REPRESENTATION(#1307,#1313);
#1307 = PRODUCT_DEFINITION_SHAPE('','',#1308);
#1308 = PRODUCT_DEFINITION('design','',#1309,#1312);
#1309 = PRODUCT_DEFINITION_FORMATION('','',#1310);
#1310 = PRODUCT('ball_A6','ball_A6','',(#1311));
#1311 = PRODUCT_CONTEXT('',#2,'mechanical');
#1312 = PRODUCT_DEFINITION_CONTEXT('part definition',#2,'design');
#1313 = ADVANCED_BREP_SHAPE_REPRESENTATION('',(#11,#1314),#1326);
#1314 = MANIFOLD_SOLID_BREP('',#1315);
#1315 = CLOSED_SHELL('',(#1316));
#1316 = ADVANCED_FACE('',(#1317),#1321,.T.);
#1317 = FACE_BOUND('',#1318,.T.);
#1318 = VERTEX_LOOP('',#1319);
#1319 = VERTEX_POINT('',#1320);
#1320 = CARTESIAN_POINT('',(0.325,2.925,0.));
#1321 = SPHERICAL_SURFACE('',#1322,0.15);
#1322 = AXIS2_PLACEMENT_3D('',#1323,#1324,#1325);
#1323 = CARTESIAN_POINT('',(0.325,2.925,0.15));
#1324 = DIRECTION('',(0.,0.,1.));
#1325 = DIRECTION('',(1.,0.,0.));
#1326 = ( GEOMETRIC_REPRESENTATION_CONTEXT(3) 
GLOBAL_UNCERTAINTY_ASSIGNED_CONTEXT((#1330)) 
GLOBAL_UNIT_ASSIGNED_CONTEXT((#1327,#1328,#1329)) REPRESENTATION_CONTEXT
('Context #1','3D Context with UNIT and UNCERTAINTY') );
#1327 = ( LENGTH_UNIT() NAMED_UNIT(*) SI_UNIT(.MILLI.,.METRE.) );
#1328 = ( NAMED_UNIT(*) PLANE_ANGLE_UNIT() SI_UNIT($,.RADIAN.) );
#1329 = ( NAMED_UNIT(*) SI_UNIT($,.STERADIAN.) SOLID_ANGLE_UNIT() );
#1330 = UNCERTAINTY_MEASURE_WITH_UNIT(LENGTH_MEASURE(1.E-07),#1327,
  'distance_accuracy_value','confusion accuracy');
#1331 = CONTEXT_DEPENDENT_SHAPE_REPRESENTATION(#1332,#1334);
#1332 = ( REPRESENTATION_RELATIONSHIP('','',#1313,#10) 
REPRESENTATION_RELATIONSHIP_WITH_TRANSFORMATION(#1333) 
SHAPE_REPRESENTATION_RELATIONSHIP() );
#1333 = ITEM_DEFINED_TRANSFORMATION('','',#11,#43);
#1334 = PRODUCT_DEFINITION_SHAPE('Placement','Placement of an item',
  #1335);
#1335 = NEXT_ASSEMBLY_USAGE_OCCURRENCE('8','ball_A6','',#5,#1308,$);
#1336 = PRODUCT_RELATED_PRODUCT_CATEGORY('part',$,(#1310));
#1337 = SHAPE_DEFINITION_REPRESENTATION(#1338,#1344);
#1338 = PRODUCT_DEFINITION_SHAPE('','',#1339);
#1339 = PRODUCT_DEFINITION('design','',#1340,#1343);
#1340 = PRODUCT_DEFINITION_FORMATION('','',#1341);
#1341 = PRODUCT('ball_A7','ball_A7','',(#1342));
#1342 = PRODUCT_CONTEXT('',#2,'mechanical');
#1343 = PRODUCT_DEFINITION_CONTEXT('part definition',#2,'design');
#1344 = ADVANCED_BREP_SHAPE_REPRESENTATION('',(#11,#1345),#1357);
#1345 = MANIFOLD_SOLID_BREP('',#1346);
#1346 = CLOSED_SHELL('',(#1347));
#1347 = ADVANCED_FACE('',(#1348),#1352,.T.);
#1348 = FACE_BOUND('',#1349,.T.);
#1349 = VERTEX_LOOP('',#1350);
#1350 = VERTEX_POINT('',#1351);
#1351 = CARTESIAN_POINT('',(0.975,2.925,0.));
#1352 = SPHERICAL_SURFACE('',#1353,0.15);
#1353 = AXIS2_PLACEMENT_3D('',#1354,#1355,#1356);
#1354 = CARTESIAN_POINT('',(0.975,2.925,0.15));
#1355 = DIRECTION('',(0.,0.,1.));
#1356 = DIRECTION('',(1.,0.,0.));
#1357 = ( GEOMETRIC_REPRESENTATION_CONTEXT(3) 
GLOBAL_UNCERTAINTY_ASSIGNED_CONTEXT((#1361)) 
GLOBAL_UNIT_ASSIGNED_CONTEXT((#1358,#1359,#1360)) REPRESENTATION_CONTEXT
('Context #1','3D Context with UNIT and UNCERTAINTY') );
#1358 = ( LENGTH_UNIT() NAMED_UNIT(*) SI_UNIT(.MILLI.,.METRE.) );
#1359 = ( NAMED_UNIT(*) PLANE_ANGLE_UNIT() SI_UNIT($,.RADIAN.) );
#1360 = ( NAMED_UNIT(*) SI_UNIT($,.STERADIAN.) SOLID_ANGLE_UNIT() );
#1361 = UNCERTAINTY_MEASURE_WITH_UNIT(LENGTH_MEASURE(1.E-07),#1358,
  'distance_accuracy_value','confusion accuracy');
#1362 = CONTEXT_DEPENDENT_SHAPE_REPRESENTATION(#1363,#1365);
#1363 = ( REPRESENTATION_RELATIONSHIP('','',#1344,#10) 
REPRESENTATION_RELATIONSHIP_WITH_TRANSFORMATION(#1364) 
SHAPE_REPRESENTATION_RELATIONSHIP() );
#1364 = ITEM_DEFINED_TRANSFORMATION('','',#11,#47);
#1365 = PRODUCT_DEFINITION_SHAPE('Placement','Placement of an item',
  #1366);
#1366 = NEXT_ASSEMBLY_USAGE_OCCURRENCE('9','ball_A7','',#5,#1339,$);
#1367 = PRODUCT_RELATED_PRODUCT_CATEGORY('part',$,(#1341));
#1368 = SHAPE_DEFINITION_REPRESENTATION(#1369,#1375);
#1369 = PRODUCT_DEFINITION_SHAPE('','',#1370);
#1370 = PRODUCT_DEFINITION('design','',#1371,#1374);
#1371 = PRODUCT_DEFINITION_FORMATION('','',#1372);
#1372 = PRODUCT('ball_A8','ball_A8','',(#1373));
#1373 = PRODUCT_CONTEXT('',#2,'mechanical');
#1374 = PRODUCT_DEFINITION_CONTEXT('part definition',#2,'design');
#1375 = ADVANCED_BREP_SHAPE_REPRESENTATION('',(#11,#1376),#1388);
#1376 = MANIFOLD_SOLID_BREP('',#1377);
#1377 = CLOSED_SHELL('',(#1378));
#1378 = ADVANCED_FACE('',(#1379),#1383,.T.);
#1379 = FACE_BOUND('',#1380,.T.);
#1380 = VERTEX_LOOP('',#1381);
#1381 = VERTEX_POINT('',#1382);
#1382 = CARTESIAN_POINT('',(1.625,2.925,0.));
#1383 = SPHERICAL_SURFACE('',#1384,0.15);
#1384 = AXIS2_PLACEMENT_3D('',#1385,#1386,#1387);
#1385 = CARTESIAN_POINT('',(1.625,2.925,0.15));
#1386 = DIRECTION('',(0.,0.,1.));
#1387 = DIRECTION('',(1.,0.,0.));
#1388 = ( GEOMETRIC_REPRESENTATION_CONTEXT(3) 
GLOBAL_UNCERTAINTY_ASSIGNED_CONTEXT((#1392)) 
GLOBAL_UNIT_ASSIGNED_CONTEXT((#1389,#1390,#1391)) REPRESENTATION_CONTEXT
('Context #1','3D Context with UNIT and UNCERTAINTY') );
#1389 = ( LENGTH_UNIT() NAMED_UNIT(*) SI_UNIT(.MILLI.,.METRE.) );
#1390 = ( NAMED_UNIT(*) PLANE_ANGLE_UNIT() SI_UNIT($,.RADIAN.) );
#1391 = ( NAMED_UNIT(*) SI_UNIT($,.STERADIAN.) SOLID_ANGLE_UNIT() );
#1392 = UNCERTAINTY_MEASURE_WITH_UNIT(LENGTH_MEASURE(1.E-07),#1389,
  'distance_accuracy_value','confusion accuracy');
#1393 = CONTEXT_DEPENDENT_SHAPE_REPRESENTATION(#1394,#1396);
#1394 = ( REPRESENTATION_RELATIONSHIP('','',#1375,#10) 
REPRESENTATION_RELATIONSHIP_WITH_TRANSFORMATION(#1395) 
SHAPE_REPRESENTATION_RELATIONSHIP() );
#1395 = ITEM_DEFINED_TRANSFORMATION('','',#11,#51);
#1396 = PRODUCT_DEFINITION_SHAPE('Placement','Placement of an item',
  #1397);
#1397 = NEXT_ASSEMBLY_USAGE_OCCURRENCE('10','ball_A8','',#5,#1370,$);
#1398 = PRODUCT_RELATED_PRODUCT_CATEGORY('part',$,(#1372));
#1399 = SHAPE_DEFINITION_REPRESENTATION(#1400,#1406);
#1400 = PRODUCT_DEFINITION_SHAPE('','',#1401);
#1401 = PRODUCT_DEFINITION('design','',#1402,#1405);
#1402 = PRODUCT_DEFINITION_FORMATION('','',#1403);
#1403 = PRODUCT('ball_A9','ball_A9','',(#1404));
#1404 = PRODUCT_CONTEXT('',#2,'mechanical');
#1405 = PRODUCT_DEFINITION_CONTEXT('part definition',#2,'design');
#1406 = ADVANCED_BREP_SHAPE_REPRESENTATION('',(#11,#1407),#1419);
#1407 = MANIFOLD_SOLID_BREP('',#1408);
#1408 = CLOSED_SHELL('',(#1409));
#1409 = ADVANCED_FACE('',(#1410),#1414,.T.);
#1410 = FACE_BOUND('',#1411,.T.);
#1411 = VERTEX_LOOP('',#1412);
#1412 = VERTEX_POINT('',#1413);
#1413 = CARTESIAN_POINT('',(2.275,2.925,0.));
#1414 = SPHERICAL_SURFACE('',#1415,0.15);
#1415 = AXIS2_PLACEMENT_3D('',#1416,#1417,#1418);
#1416 = CARTESIAN_POINT('',(2.275,2.925,0.15));
#1417 = DIRECTION('',(0.,0.,1.));
#1418 = DIRECTION('',(1.,0.,0.));
#1419 = ( GEOMETRIC_REPRESENTATION_CONTEXT(3) 
GLOBAL_UNCERTAINTY_ASSIGNED_CONTEXT((#1423)) 
GLOBAL_UNIT_ASSIGNED_CONTEXT((#1420,#1421,#1422)) REPRESENTATION_CONTEXT
('Context #1','3D Context with UNIT and UNCERTAINTY') );
#1420 = ( LENGTH_UNIT() NAMED_UNIT(*) SI_UNIT(.MILLI.,.METRE.) );
#1421 = ( NAMED_UNIT(*) PLANE_ANGLE_UNIT() SI_UNIT($,.RADIAN.) );
#1422 = ( NAMED_UNIT(*) SI_UNIT($,.STERADIAN.) SOLID_ANGLE_UNIT() );
#1423 = UNCERTAINTY_MEASURE_WITH_UNIT(LENGTH_MEASURE(1.E-07),#1420,
  'distance_accuracy_value','confusion accuracy');
#1424 = CONTEXT_DEPENDENT_SHAPE_REPRESENTATION(#1425,#1427);
#1425 = ( REPRESENTATION_RELATIONSHIP('','',#1406,#10) 
REPRESENTATION_RELATIONSHIP_WITH_TRANSFORMATION(#1426) 
SHAPE_REPRESENTATION_RELATIONSHIP() );
#1426 = ITEM_DEFINED_TRANSFORMATION('','',#11,#55);
#1427 = PRODUCT_DEFINITION_SHAPE('Placement','Placement of an item',
  #1428);
#1428 = NEXT_ASSEMBLY_USAGE_OCCURRENCE('11','ball_A9','',#5,#1401,$);
#1429 = PRODUCT_RELATED_PRODUCT_CATEGORY('part',$,(#1403));
#1430 = SHAPE_DEFINITION_REPRESENTATION(#1431,#1437);
#1431 = PRODUCT_DEFINITION_SHAPE('','',#1432);
#1432 = PRODUCT_DEFINITION('design','',#1433,#1436);
#1433 = PRODUCT_DEFINITION_FORMATION('','',#1434);
#1434 = PRODUCT('ball_A10','ball_A10','',(#1435));
#1435 = PRODUCT_CONTEXT('',#2,'mechanical');
#1436 = PRODUCT_DEFINITION_CONTEXT('part definition',#2,'design');
#1437 = ADVANCED_BREP_SHAPE_REPRESENTATION('',(#11,#1438),#1450);
#1438 = MANIFOLD_SOLID_BREP('',#1439);
#1439 = CLOSED_SHELL('',(#1440));
#1440 = ADVANCED_FACE('',(#1441),#1445,.T.);
#1441 = FACE_BOUND('',#1442,.T.);
#1442 = VERTEX_LOOP('',#1443);
#1443 = VERTEX_POINT('',#1444);
#1444 = CARTESIAN_POINT('',(2.925,2.925,0.));
#1445 = SPHERICAL_SURFACE('',#1446,0.15);
#1446 = AXIS2_PLACEMENT_3D('',#1447,#1448,#1449);
#1447 = CARTESIAN_POINT('',(2.925,2.925,0.15));
#1448 = DIRECTION('',(0.,0.,1.));
#1449 = DIRECTION('',(1.,0.,0.));
#1450 = ( GEOMETRIC_REPRESENTATION_CONTEXT(3) 
GLOBAL_UNCERTAINTY_ASSIGNED_CONTEXT((#1454)) 
GLOBAL_UNIT_ASSIGNED_CONTEXT((#1451,#1452,#1453)) REPRESENTATION_CONTEXT
('Context #1','3D Context with UNIT and UNCERTAINTY') );
#1451 = ( LENGTH_UNIT() NAMED_UNIT(*) SI_UNIT(.MILLI.,.METRE.) );
#1452 = ( NAMED_UNIT(*) PLANE_ANGLE_UNIT() SI_UNIT($,.RADIAN.) );
#1453 = ( NAMED_UNIT(*) SI_UNIT($,.STERADIAN.) SOLID_ANGLE_UNIT() );
#1454 = UNCERTAINTY_MEASURE_WITH_UNIT(LENGTH_MEASURE(1.E-07),#1451,
  'distance_accuracy_value','confusion accuracy');
#1455 = CONTEXT_DEPENDENT_SHAPE_REPRESENTATION(#1456,#1458);
#1456 = ( REPRESENTATION_RELATIONSHIP('','',#1437,#10) 
REPRESENTATION_RELATIONSHIP_WITH_TRANSFORMATION(#1457) 
SHAPE_REPRESENTATION_RELATIONSHIP() );
#1457 = ITEM_DEFINED_TRANSFORMATION('','',#11,#59);
#1458 = PRODUCT_DEFINITION_SHAPE('Placement','Placement of an item',
  #1459);
#1459 = NEXT_ASSEMBLY_USAGE_OCCURRENCE('12','ball_A10','',#5,#1432,$);
#1460 = PRODUCT_RELATED_PRODUCT_CATEGORY('part',$,(#1434));
#1461 = SHAPE_DEFINITION_REPRESENTATION(#1462,#1468);
#1462 = PRODUCT_DEFINITION_SHAPE('','',#1463);
#1463 = PRODUCT_DEFINITION('design','',#1464,#1467);
#1464 = PRODUCT_DEFINITION_FORMATION('','',#1465);
#1465 = PRODUCT('ball_B1','ball_B1','',(#1466));
#1466 = PRODUCT_CONTEXT('',#2,'mechanical');
#1467 = PRODUCT_DEFINITION_CONTEXT('part definition',#2,'design');
#1468 = ADVANCED_BREP_SHAPE_REPRESENTATION('',(#11,#1469),#1481);
#1469 = MANIFOLD_SOLID_BREP('',#1470);
#1470 = CLOSED_SHELL('',(#1471));
#1471 = ADVANCED_FACE('',(#1472),#1476,.T.);
#1472 = FACE_BOUND('',#1473,.T.);
#1473 = VERTEX_LOOP('',#1474);
#1474 = VERTEX_POINT('',#1475);
#1475 = CARTESIAN_POINT('',(-2.925,2.275,0.));
#1476 = SPHERICAL_SURFACE('',#1477,0.15);
#1477 = AXIS2_PLACEMENT_3D('',#1478,#1479,#1480);
#1478 = CARTESIAN_POINT('',(-2.925,2.275,0.15));
#1479 = DIRECTION('',(0.,0.,1.));
#1480 = DIRECTION('',(1.,0.,0.));
#1481 = ( GEOMETRIC_REPRESENTATION_CONTEXT(3) 
GLOBAL_UNCERTAINTY_ASSIGNED_CONTEXT((#1485)) 
GLOBAL_UNIT_ASSIGNED_CONTEXT((#1482,#1483,#1484)) REPRESENTATION_CONTEXT
('Context #1','3D Context with UNIT and UNCERTAINTY') );
#1482 = ( LENGTH_UNIT() NAMED_UNIT(*) SI_UNIT(.MILLI.,.METRE.) );
#1483 = ( NAMED_UNIT(*) PLANE_ANGLE_UNIT() SI_UNIT($,.RADIAN.) );
#1484 = ( NAMED_UNIT(*) SI_UNIT($,.STERADIAN.) SOLID_ANGLE_UNIT() );
#1485 = UNCERTAINTY_MEASURE_WITH_UNIT(LENGTH_MEASURE(1.E-07),#1482,
  'distance_accuracy_value','confusion accuracy');
#1486 = CONTEXT_DEPENDENT_SHAPE_REPRESENTATION(#1487,#1489);
#1487 = ( REPRESENTATION_RELATIONSHIP('','',#1468,#10) 
REPRESENTATION_RELATIONSHIP_WITH_TRANSFORMATION(#1488) 
SHAPE_REPRESENTATION_RELATIONSHIP() );
#1488 = ITEM_DEFINED_TRANSFORMATION('','',#11,#63);
#1489 = PRODUCT_DEFINITION_SHAPE('Placement','Placement of an item',
  #1490);
#1490 = NEXT_ASSEMBLY_USAGE_OCCURRENCE('13','ball_B1','',#5,#1463,$);
#1491 = PRODUCT_RELATED_PRODUCT_CATEGORY('part',$,(#1465));
#1492 = SHAPE_DEFINITION_REPRESENTATION(#1493,#1499);
#1493 = PRODUCT_DEFINITION_SHAPE('','',#1494);
#1494 = PRODUCT_DEFINITION('design','',#1495,#1498);
#1495 = PRODUCT_DEFINITION_FORMATION('','',#1496);
#1496 = PRODUCT('ball_B2','ball_B2','',(#1497));
#1497 = PRODUCT_CONTEXT('',#2,'mechanical');
#1498 = PRODUCT_DEFINITION_CONTEXT('part definition',#2,'design');
#1499 = ADVANCED_BREP_SHAPE_REPRESENTATION('',(#11,#1500),#1512);
#1500 = MANIFOLD_SOLID_BREP('',#1501);
#1501 = CLOSED_SHELL('',(#1502));
#1502 = ADVANCED_FACE('',(#1503),#1507,.T.);
#1503 = FACE_BOUND('',#1504,.T.);
#1504 = VERTEX_LOOP('',#1505);
#1505 = VERTEX_POINT('',#1506);
#1506 = CARTESIAN_POINT('',(-2.275,2.275,0.));
#1507 = SPHERICAL_SURFACE('',#1508,0.15);
#1508 = AXIS2_PLACEMENT_3D('',#1509,#1510,#1511);
#1509 = CARTESIAN_POINT('',(-2.275,2.275,0.15));
#1510 = DIRECTION('',(0.,0.,1.));
#1511 = DIRECTION('',(1.,0.,0.));
#1512 = ( GEOMETRIC_REPRESENTATION_CONTEXT(3) 
GLOBAL_UNCERTAINTY_ASSIGNED_CONTEXT((#1516)) 
GLOBAL_UNIT_ASSIGNED_CONTEXT((#1513,#1514,#1515)) REPRESENTATION_CONTEXT
('Context #1','3D Context with UNIT and UNCERTAINTY') );
#1513 = ( LENGTH_UNIT() NAMED_UNIT(*) SI_UNIT(.MILLI.,.METRE.) );
#1514 = ( NAMED_UNIT(*) PLANE_ANGLE_UNIT() SI_UNIT($,.RADIAN.) );
#1515 = ( NAMED_UNIT(*) SI_UNIT($,.STERADIAN.) SOLID_ANGLE_UNIT() );
#1516 = UNCERTAINTY_MEASURE_WITH_UNIT(LENGTH_MEASURE(1.E-07),#1513,
  'distance_accuracy_value','confusion accuracy');
#1517 = CONTEXT_DEPENDENT_SHAPE_REPRESENTATION(#1518,#1520);
#1518 = ( REPRESENTATION_RELATIONSHIP('','',#1499,#10) 
REPRESENTATION_RELATIONSHIP_WITH_TRANSFORMATION(#1519) 
SHAPE_REPRESENTATION_RELATIONSHIP() );
#1519 = ITEM_DEFINED_TRANSFORMATION('','',#11,#67);
#1520 = PRODUCT_DEFINITION_SHAPE('Placement','Placement of an item',
  #1521);
#1521 = NEXT_ASSEMBLY_USAGE_OCCURRENCE('14','ball_B2','',#5,#1494,$);
#1522 = PRODUCT_RELATED_PRODUCT_CATEGORY('part',$,(#1496));
#1523 = SHAPE_DEFINITION_REPRESENTATION(#1524,#1530);
#1524 = PRODUCT_DEFINITION_SHAPE('','',#1525);
#1525 = PRODUCT_DEFINITION('design','',#1526,#1529);
#1526 = PRODUCT_DEFINITION_FORMATION('','',#1527);
#1527 = PRODUCT('ball_B3','ball_B3','',(#1528));
#1528 = PRODUCT_CONTEXT('',#2,'mechanical');
#1529 = PRODUCT_DEFINITION_CONTEXT('part definition',#2,'design');
#1530 = ADVANCED_BREP_SHAPE_REPRESENTATION('',(#11,#1531),#1543);
#1531 = MANIFOLD_SOLID_BREP('',#1532);
#1532 = CLOSED_SHELL('',(#1533));
#1533 = ADVANCED_FACE('',(#1534),#1538,.T.);
#1534 = FACE_BOUND('',#1535,.T.);
#1535 = VERTEX_LOOP('',#1536);
#1536 = VERTEX_POINT('',#1537);
#1537 = CARTESIAN_POINT('',(-1.625,2.275,0.));
#1538 = SPHERICAL_SURFACE('',#1539,0.15);
#1539 = AXIS2_PLACEMENT_3D('',#1540,#1541,#1542);
#1540 = CARTESIAN_POINT('',(-1.625,2.275,0.15));
#1541 = DIRECTION('',(0.,0.,1.));
#1542 = DIRECTION('',(1.,0.,0.));
#1543 = ( GEOMETRIC_REPRESENTATION_CONTEXT(3) 
GLOBAL_UNCERTAINTY_ASSIGNED_CONTEXT((#1547)) 
GLOBAL_UNIT_ASSIGNED_CONTEXT((#1544,#1545,#1546)) REPRESENTATION_CONTEXT
('Context #1','3D Context with UNIT and UNCERTAINTY') );
#1544 = ( LENGTH_UNIT() NAMED_UNIT(*) SI_UNIT(.MILLI.,.METRE.) );
#1545 = ( NAMED_UNIT(*) PLANE_ANGLE_UNIT() SI_UNIT($,.RADIAN.) );
#1546 = ( NAMED_UNIT(*) SI_UNIT($,.STERADIAN.) SOLID_ANGLE_UNIT() );
#1547 = UNCERTAINTY_MEASURE_WITH_UNIT(LENGTH_MEASURE(1.E-07),#1544,
  'distance_accuracy_value','confusion accuracy');
#1548 = CONTEXT_DEPENDENT_SHAPE_REPRESENTATION(#1549,#1551);
#1549 = ( REPRESENTATION_RELATIONSHIP('','',#1530,#10) 
REPRESENTATION_RELATIONSHIP_WITH_TRANSFORMATION(#1550) 
SHAPE_REPRESENTATION_RELATIONSHIP() );
#1550 = ITEM_DEFINED_TRANSFORMATION('','',#11,#71);
#1551 = PRODUCT_DEFINITION_SHAPE('Placement','Placement of an item',
  #1552);
#1552 = NEXT_ASSEMBLY_USAGE_OCCURRENCE('15','ball_B3','',#5,#1525,$);
#1553 = PRODUCT_RELATED_PRODUCT_CATEGORY('part',$,(#1527));
#1554 = SHAPE_DEFINITION_REPRESENTATION(#1555,#1561);
#1555 = PRODUCT_DEFINITION_SHAPE('','',#1556);
#1556 = PRODUCT_DEFINITION('design','',#1557,#1560);
#1557 = PRODUCT_DEFINITION_FORMATION('','',#1558);
#1558 = PRODUCT('ball_B4','ball_B4','',(#1559));
#1559 = PRODUCT_CONTEXT('',#2,'mechanical');
#1560 = PRODUCT_DEFINITION_CONTEXT('part definition',#2,'design');
#1561 = ADVANCED_BREP_SHAPE_REPRESENTATION('',(#11,#1562),#1574);
#1562 = MANIFOLD_SOLID_BREP('',#1563);
#1563 = CLOSED_SHELL('',(#1564));
#1564 = ADVANCED_FACE('',(#1565),#1569,.T.);
#1565 = FACE_BOUND('',#1566,.T.);
#1566 = VERTEX_LOOP('',#1567);
#1567 = VERTEX_POINT('',#1568);
#1568 = CARTESIAN_POINT('',(-0.975,2.275,0.));
#1569 = SPHERICAL_SURFACE('',#1570,0.15);
#1570 = AXIS2_PLACEMENT_3D('',#1571,#1572,#1573);
#1571 = CARTESIAN_POINT('',(-0.975,2.275,0.15));
#1572 = DIRECTION('',(0.,0.,1.));
#1573 = DIRECTION('',(1.,0.,0.));
#1574 = ( GEOMETRIC_REPRESENTATION_CONTEXT(3) 
GLOBAL_UNCERTAINTY_ASSIGNED_CONTEXT((#1578)) 
GLOBAL_UNIT_ASSIGNED_CONTEXT((#1575,#1576,#1577)) REPRESENTATION_CONTEXT
('Context #1','3D Context with UNIT and UNCERTAINTY') );
#1575 = ( LENGTH_UNIT() NAMED_UNIT(*) SI_UNIT(.MILLI.,.METRE.) );
#1576 = ( NAMED_UNIT(*) PLANE_ANGLE_UNIT() SI_UNIT($,.RADIAN.) );
#1577 = ( NAMED_UNIT(*) SI_UNIT($,.STERADIAN.) SOLID_ANGLE_UNIT() );
#1578 = UNCERTAINTY_MEASURE_WITH_UNIT(LENGTH_MEASURE(1.E-07),#1575,
  'distance_accuracy_value','confusion accuracy');
#1579 = CONTEXT_DEPENDENT_SHAPE_REPRESENTATION(#1580,#1582);
#1580 = ( REPRESENTATION_RELATIONSHIP('','',#1561,#10) 
REPRESENTATION_RELATIONSHIP_WITH_TRANSFORMATION(#1581) 
SHAPE_REPRESENTATION_RELATIONSHIP() );
#1581 = ITEM_DEFINED_TRANSFORMATION('','',#11,#75);
#1582 = PRODUCT_DEFINITION_SHAPE('Placement','Placement of an item',
  #1583);
#1583 = NEXT_ASSEMBLY_USAGE_OCCURRENCE('16','ball_B4','',#5,#1556,$);
#1584 = PRODUCT_RELATED_PRODUCT_CATEGORY('part',$,(#1558));
#1585 = SHAPE_DEFINITION_REPRESENTATION(#1586,#1592);
#1586 = PRODUCT_DEFINITION_SHAPE('','',#1587);
#1587 = PRODUCT_DEFINITION('design','',#1588,#1591);
#1588 = PRODUCT_DEFINITION_FORMATION('','',#1589);
#1589 = PRODUCT('ball_B5','ball_B5','',(#1590));
#1590 = PRODUCT_CONTEXT('',#2,'mechanical');
#1591 = PRODUCT_DEFINITION_CONTEXT('part definition',#2,'design');
#1592 = ADVANCED_BREP_SHAPE_REPRESENTATION('',(#11,#1593),#1605);
#1593 = MANIFOLD_SOLID_BREP('',#1594);
#1594 = CLOSED_SHELL('',(#1595));
#1595 = ADVANCED_FACE('',(#1596),#1600,.T.);
#1596 = FACE_BOUND('',#1597,.T.);
#1597 = VERTEX_LOOP('',#1598);
#1598 = VERTEX_POINT('',#1599);
#1599 = CARTESIAN_POINT('',(-0.325,2.275,0.));
#1600 = SPHERICAL_SURFACE('',#1601,0.15);
#1601 = AXIS2_PLACEMENT_3D('',#1602,#1603,#1604);
#1602 = CARTESIAN_POINT('',(-0.325,2.275,0.15));
#1603 = DIRECTION('',(0.,0.,1.));
#1604 = DIRECTION('',(1.,0.,0.));
#1605 = ( GEOMETRIC_REPRESENTATION_CONTEXT(3) 
GLOBAL_UNCERTAINTY_ASSIGNED_CONTEXT((#1609)) 
GLOBAL_UNIT_ASSIGNED_CONTEXT((#1606,#1607,#1608)) REPRESENTATION_CONTEXT
('Context #1','3D Context with UNIT and UNCERTAINTY') );
#1606 = ( LENGTH_UNIT() NAMED_UNIT(*) SI_UNIT(.MILLI.,.METRE.) );
#1607 = ( NAMED_UNIT(*) PLANE_ANGLE_UNIT() SI_UNIT($,.RADIAN.) );
#1608 = ( NAMED_UNIT(*) SI_UNIT($,.STERADIAN.) SOLID_ANGLE_UNIT() );
#1609 = UNCERTAINTY_MEASURE_WITH_UNIT(LENGTH_MEASURE(1.E-07),#1606,
  'distance_accuracy_value','confusion accuracy');
#1610 = CONTEXT_DEPENDENT_SHAPE_REPRESENTATION(#1611,#1613);
#1611 = ( REPRESENTATION_RELATIONSHIP('','',#1592,#10) 
REPRESENTATION_RELATIONSHIP_WITH_TRANSFORMATION(#1612) 
SHAPE_REPRESENTATION_RELATIONSHIP() );
#1612 = ITEM_DEFINED_TRANSFORMATION('','',#11,#79);
#1613 = PRODUCT_DEFINITION_SHAPE('Placement','Placement of an item',
  #1614);
#1614 = NEXT_ASSEMBLY_USAGE_OCCURRENCE('17','ball_B5','',#5,#1587,$);
#1615 = PRODUCT_RELATED_PRODUCT_CATEGORY('part',$,(#1589));
#1616 = SHAPE_DEFINITION_REPRESENTATION(#1617,#1623);
#1617 = PRODUCT_DEFINITION_SHAPE('','',#1618);
#1618 = PRODUCT_DEFINITION('design','',#1619,#1622);
#1619 = PRODUCT_DEFINITION_FORMATION('','',#1620);
#1620 = PRODUCT('ball_B6','ball_B6','',(#1621));
#1621 = PRODUCT_CONTEXT('',#2,'mechanical');
#1622 = PRODUCT_DEFINITION_CONTEXT('part definition',#2,'design');
#1623 = ADVANCED_BREP_SHAPE_REPRESENTATION('',(#11,#1624),#1636);
#1624 = MANIFOLD_SOLID_BREP('',#1625);
#1625 = CLOSED_SHELL('',(#1626));
#1626 = ADVANCED_FACE('',(#1627),#1631,.T.);
#1627 = FACE_BOUND('',#1628,.T.);
#1628 = VERTEX_LOOP('',#1629);
#1629 = VERTEX_POINT('',#1630);
#1630 = CARTESIAN_POINT('',(0.325,2.275,0.));
#1631 = SPHERICAL_SURFACE('',#1632,0.15);
#1632 = AXIS2_PLACEMENT_3D('',#1633,#1634,#1635);
#1633 = CARTESIAN_POINT('',(0.325,2.275,0.15));
#1634 = DIRECTION('',(0.,0.,1.));
#1635 = DIRECTION('',(1.,0.,0.));
#1636 = ( GEOMETRIC_REPRESENTATION_CONTEXT(3) 
GLOBAL_UNCERTAINTY_ASSIGNED_CONTEXT((#1640)) 
GLOBAL_UNIT_ASSIGNED_CONTEXT((#1637,#1638,#1639)) REPRESENTATION_CONTEXT
('Context #1','3D Context with UNIT and UNCERTAINTY') );
#1637 = ( LENGTH_UNIT() NAMED_UNIT(*) SI_UNIT(.MILLI.,.METRE.) );
#1638 = ( NAMED_UNIT(*) PLANE_ANGLE_UNIT() SI_UNIT($,.RADIAN.) );
#1639 = ( NAMED_UNIT(*) SI_UNIT($,.STERADIAN.) SOLID_ANGLE_UNIT() );
#1640 = UNCERTAINTY_MEASURE_WITH_UNIT(LENGTH_MEASURE(1.E-07),#1637,
  'distance_accuracy_value','confusion accuracy');
#1641 = CONTEXT_DEPENDENT_SHAPE_REPRESENTATION(#1642,#1644);
#1642 = ( REPRESENTATION_RELATIONSHIP('','',#1623,#10) 
REPRESENTATION_RELATIONSHIP_WITH_TRANSFORMATION(#1643) 
SHAPE_REPRESENTATION_RELATIONSHIP() );
#1643 = ITEM_DEFINED_TRANSFORMATION('','',#11,#83);
#1644 = PRODUCT_DEFINITION_SHAPE('Placement','Placement of an item',
  #1645);
#1645 = NEXT_ASSEMBLY_USAGE_OCCURRENCE('18','ball_B6','',#5,#1618,$);
#1646 = PRODUCT_RELATED_PRODUCT_CATEGORY('part',$,(#1620));
#1647 = SHAPE_DEFINITION_REPRESENTATION(#1648,#1654);
#1648 = PRODUCT_DEFINITION_SHAPE('','',#1649);
#1649 = PRODUCT_DEFINITION('design','',#1650,#1653);
#1650 = PRODUCT_DEFINITION_FORMATION('','',#1651);
#1651 = PRODUCT('ball_B7','ball_B7','',(#1652));
#1652 = PRODUCT_CONTEXT('',#2,'mechanical');
#1653 = PRODUCT_DEFINITION_CONTEXT('part definition',#2,'design');
#1654 = ADVANCED_BREP_SHAPE_REPRESENTATION('',(#11,#1655),#1667);
#1655 = MANIFOLD_SOLID_BREP('',#1656);
#1656 = CLOSED_SHELL('',(#1657));
#1657 = ADVANCED_FACE('',(#1658),#1662,.T.);
#1658 = FACE_BOUND('',#1659,.T.);
#1659 = VERTEX_LOOP('',#1660);
#1660 = VERTEX_POINT('',#1661);
#1661 = CARTESIAN_POINT('',(0.975,2.275,0.));
#1662 = SPHERICAL_SURFACE('',#1663,0.15);
#1663 = AXIS2_PLACEMENT_3D('',#1664,#1665,#1666);
#1664 = CARTESIAN_POINT('',(0.975,2.275,0.15));
#1665 = DIRECTION('',(0.,0.,1.));
#1666 = DIRECTION('',(1.,0.,0.));
#1667 = ( GEOMETRIC_REPRESENTATION_CONTEXT(3) 
GLOBAL_UNCERTAINTY_ASSIGNED_CONTEXT((#1671)) 
GLOBAL_UNIT_ASSIGNED_CONTEXT((#1668,#1669,#1670)) REPRESENTATION_CONTEXT
('Context #1','3D Context with UNIT and UNCERTAINTY') );
#1668 = ( LENGTH_UNIT() NAMED_UNIT(*) SI_UNIT(.MILLI.,.METRE.) );
#1669 = ( NAMED_UNIT(*) PLANE_ANGLE_UNIT() SI_UNIT($,.RADIAN.) );
#1670 = ( NAMED_UNIT(*) SI_UNIT($,.STERADIAN.) SOLID_ANGLE_UNIT() );
#1671 = UNCERTAINTY_MEASURE_WITH_UNIT(LENGTH_MEASURE(1.E-07),#1668,
  'distance_accuracy_value','confusion accuracy');
#1672 = CONTEXT_DEPENDENT_SHAPE_REPRESENTATION(#1673,#1675);
#1673 = ( REPRESENTATION_RELATIONSHIP('','',#1654,#10) 
REPRESENTATION_RELATIONSHIP_WITH_TRANSFORMATION(#1674) 
SHAPE_REPRESENTATION_RELATIONSHIP() );
#1674 = ITEM_DEFINED_TRANSFORMATION('','',#11,#87);
#1675 = PRODUCT_DEFINITION_SHAPE('Placement','Placement of an item',
  #1676);
#1676 = NEXT_ASSEMBLY_USAGE_OCCURRENCE('19','ball_B7','',#5,#1649,$);
#1677 = PRODUCT_RELATED_PRODUCT_CATEGORY('part',$,(#1651));
#1678 = SHAPE_DEFINITION_REPRESENTATION(#1679,#1685);
#1679 = PRODUCT_DEFINITION_SHAPE('','',#1680);
#1680 = PRODUCT_DEFINITION('design','',#1681,#1684);
#1681 = PRODUCT_DEFINITION_FORMATION('','',#1682);
#1682 = PRODUCT('ball_B8','ball_B8','',(#1683));
#1683 = PRODUCT_CONTEXT('',#2,'mechanical');
#1684 = PRODUCT_DEFINITION_CONTEXT('part definition',#2,'design');
#1685 = ADVANCED_BREP_SHAPE_REPRESENTATION('',(#11,#1686),#1698);
#1686 = MANIFOLD_SOLID_BREP('',#1687);
#1687 = CLOSED_SHELL('',(#1688));
#1688 = ADVANCED_FACE('',(#1689),#1693,.T.);
#1689 = FACE_BOUND('',#1690,.T.);
#1690 = VERTEX_LOOP('',#1691);
#1691 = VERTEX_POINT('',#1692);
#1692 = CARTESIAN_POINT('',(1.625,2.275,0.));
#1693 = SPHERICAL_SURFACE('',#1694,0.15);
#1694 = AXIS2_PLACEMENT_3D('',#1695,#1696,#1697);
#1695 = CARTESIAN_POINT('',(1.625,2.275,0.15));
#1696 = DIRECTION('',(0.,0.,1.));
#1697 = DIRECTION('',(1.,0.,0.));
#1698 = ( GEOMETRIC_REPRESENTATION_CONTEXT(3) 
GLOBAL_UNCERTAINTY_ASSIGNED_CONTEXT((#1702)) 
GLOBAL_UNIT_ASSIGNED_CONTEXT((#1699,#1700,#1701)) REPRESENTATION_CONTEXT
('Context #1','3D Context with UNIT and UNCERTAINTY') );
#1699 = ( LENGTH_UNIT() NAMED_UNIT(*) SI_UNIT(.MILLI.,.METRE.) );
#1700 = ( NAMED_UNIT(*) PLANE_ANGLE_UNIT() SI_UNIT($,.RADIAN.) );
#1701 = ( NAMED_UNIT(*) SI_UNIT($,.STERADIAN.) SOLID_ANGLE_UNIT() );
#1702 = UNCERTAINTY_MEASURE_WITH_UNIT(LENGTH_MEASURE(1.E-07),#1699,
  'distance_accuracy_value','confusion accuracy');
#1703 = CONTEXT_DEPENDENT_SHAPE_REPRESENTATION(#1704,#1706);
#1704 = ( REPRESENTATION_RELATIONSHIP('','',#1685,#10) 
REPRESENTATION_RELATIONSHIP_WITH_TRANSFORMATION(#1705) 
SHAPE_REPRESENTATION_RELATIONSHIP() );
#1705 = ITEM_DEFINED_TRANSFORMATION('','',#11,#91);
#1706 = PRODUCT_DEFINITION_SHAPE('Placement','Placement of an item',
  #1707);
#1707 = NEXT_ASSEMBLY_USAGE_OCCURRENCE('20','ball_B8','',#5,#1680,$);
#1708 = PRODUCT_RELATED_PRODUCT_CATEGORY('part',$,(#1682));
#1709 = SHAPE_DEFINITION_REPRESENTATION(#1710,#1716);
#1710 = PRODUCT_DEFINITION_SHAPE('','',#1711);
#1711 = PRODUCT_DEFINITION('design','',#1712,#1715);
#1712 = PRODUCT_DEFINITION_FORMATION('','',#1713);
#1713 = PRODUCT('ball_B9','ball_B9','',(#1714));
#1714 = PRODUCT_CONTEXT('',#2,'mechanical');
#1715 = PRODUCT_DEFINITION_CONTEXT('part definition',#2,'design');
#1716 = ADVANCED_BREP_SHAPE_REPRESENTATION('',(#11,#1717),#1729);
#1717 = MANIFOLD_SOLID_BREP('',#1718);
#1718 = CLOSED_SHELL('',(#1719));
#1719 = ADVANCED_FACE('',(#1720),#1724,.T.);
#1720 = FACE_BOUND('',#1721,.T.);
#1721 = VERTEX_LOOP('',#1722);
#1722 = VERTEX_POINT('',#1723);
#1723 = CARTESIAN_POINT('',(2.275,2.275,0.));
#1724 = SPHERICAL_SURFACE('',#1725,0.15);
#1725 = AXIS2_PLACEMENT_3D('',#1726,#1727,#1728);
#1726 = CARTESIAN_POINT('',(2.275,2.275,0.15));
#1727 = DIRECTION('',(0.,0.,1.));
#1728 = DIRECTION('',(1.,0.,0.));
#1729 = ( GEOMETRIC_REPRESENTATION_CONTEXT(3) 
GLOBAL_UNCERTAINTY_ASSIGNED_CONTEXT((#1733)) 
GLOBAL_UNIT_ASSIGNED_CONTEXT((#1730,#1731,#1732)) REPRESENTATION_CONTEXT
('Context #1','3D Context with UNIT and UNCERTAINTY') );
#1730 = ( LENGTH_UNIT() NAMED_UNIT(*) SI_UNIT(.MILLI.,.METRE.) );
#1731 = ( NAMED_UNIT(*) PLANE_ANGLE_UNIT() SI_UNIT($,.RADIAN.) );
#1732 = ( NAMED_UNIT(*) SI_UNIT($,.STERADIAN.) SOLID_ANGLE_UNIT() );
#1733 = UNCERTAINTY_MEASURE_WITH_UNIT(LENGTH_MEASURE(1.E-07),#1730,
  'distance_accuracy_value','confusion accuracy');
#1734 = CONTEXT_DEPENDENT_SHAPE_REPRESENTATION(#1735,#1737);
#1735 = ( REPRESENTATION_RELATIONSHIP('','',#1716,#10) 
REPRESENTATION_RELATIONSHIP_WITH_TRANSFORMATION(#1736) 
SHAPE_REPRESENTATION_RELATIONSHIP() );
#1736 = ITEM_DEFINED_TRANSFORMATION('','',#11,#95);
#1737 = PRODUCT_DEFINITION_SHAPE('Placement','Placement of an item',
  #1738);
#1738 = NEXT_ASSEMBLY_USAGE_OCCURRENCE('21','ball_B9','',#5,#1711,$);
#1739 = PRODUCT_RELATED_PRODUCT_CATEGORY('part',$,(#1713));
#1740 = SHAPE_DEFINITION_REPRESENTATION(#1741,#1747);
#1741 = PRODUCT_DEFINITION_SHAPE('','',#1742);
#1742 = PRODUCT_DEFINITION('design','',#1743,#1746);
#1743 = PRODUCT_DEFINITION_FORMATION('','',#1744);
#1744 = PRODUCT('ball_B10','ball_B10','',(#1745));
#1745 = PRODUCT_CONTEXT('',#2,'mechanical');
#1746 = PRODUCT_DEFINITION_CONTEXT('part definition',#2,'design');
#1747 = ADVANCED_BREP_SHAPE_REPRESENTATION('',(#11,#1748),#1760);
#1748 = MANIFOLD_SOLID_BREP('',#1749);
#1749 = CLOSED_SHELL('',(#1750));
#1750 = ADVANCED_FACE('',(#1751),#1755,.T.);
#1751 = FACE_BOUND('',#1752,.T.);
#1752 = VERTEX_LOOP('',#1753);
#1753 = VERTEX_POINT('',#1754);
#1754 = CARTESIAN_POINT('',(2.925,2.275,0.));
#1755 = SPHERICAL_SURFACE('',#1756,0.15);
#1756 = AXIS2_PLACEMENT_3D('',#1757,#1758,#1759);
#1757 = CARTESIAN_POINT('',(2.925,2.275,0.15));
#1758 = DIRECTION('',(0.,0.,1.));
#1759 = DIRECTION('',(1.,0.,0.));
#1760 = ( GEOMETRIC_REPRESENTATION_CONTEXT(3) 
GLOBAL_UNCERTAINTY_ASSIGNED_CONTEXT((#1764)) 
GLOBAL_UNIT_ASSIGNED_CONTEXT((#1761,#1762,#1763)) REPRESENTATION_CONTEXT
('Context #1','3D Context with UNIT and UNCERTAINTY') );
#1761 = ( LENGTH_UNIT() NAMED_UNIT(*) SI_UNIT(.MILLI.,.METRE.) );
#1762 = ( NAMED_UNIT(*) PLANE_ANGLE_UNIT() SI_UNIT($,.RADIAN.) );
#1763 = ( NAMED_UNIT(*) SI_UNIT($,.STERADIAN.) SOLID_ANGLE_UNIT() );
#1764 = UNCERTAINTY_MEASURE_WITH_UNIT(LENGTH_MEASURE(1.E-07),#1761,
  'distance_accuracy_value','confusion accuracy');
#1765 = CONTEXT_DEPENDENT_SHAPE_REPRESENTATION(#1766,#1768);
#1766 = ( REPRESENTATION_RELATIONSHIP('','',#1747,#10) 
REPRESENTATION_RELATIONSHIP_WITH_TRANSFORMATION(#1767) 
SHAPE_REPRESENTATION_RELATIONSHIP() );
#1767 = ITEM_DEFINED_TRANSFORMATION('','',#11,#99);
#1768 = PRODUCT_DEFINITION_SHAPE('Placement','Placement of an item',
  #1769);
#1769 = NEXT_ASSEMBLY_USAGE_OCCURRENCE('22','ball_B10','',#5,#1742,$);
#1770 = PRODUCT_RELATED_PRODUCT_CATEGORY('part',$,(#1744));
#1771 = SHAPE_DEFINITION_REPRESENTATION(#1772,#1778);
#1772 = PRODUCT_DEFINITION_SHAPE('','',#1773);
#1773 = PRODUCT_DEFINITION('design','',#1774,#1777);
#1774 = PRODUCT_DEFINITION_FORMATION('','',#1775);
#1775 = PRODUCT('ball_C1','ball_C1','',(#1776));
#1776 = PRODUCT_CONTEXT('',#2,'mechanical');
#1777 = PRODUCT_DEFINITION_CONTEXT('part definition',#2,'design');
#1778 = ADVANCED_BREP_SHAPE_REPRESENTATION('',(#11,#1779),#1791);
#1779 = MANIFOLD_SOLID_BREP('',#1780);
#1780 = CLOSED_SHELL('',(#1781));
#1781 = ADVANCED_FACE('',(#1782),#1786,.T.);
#1782 = FACE_BOUND('',#1783,.T.);
#1783 = VERTEX_LOOP('',#1784);
#1784 = VERTEX_POINT('',#1785);
#1785 = CARTESIAN_POINT('',(-2.925,1.625,0.));
#1786 = SPHERICAL_SURFACE('',#1787,0.15);
#1787 = AXIS2_PLACEMENT_3D('',#1788,#1789,#1790);
#1788 = CARTESIAN_POINT('',(-2.925,1.625,0.15));
#1789 = DIRECTION('',(0.,0.,1.));
#1790 = DIRECTION('',(1.,0.,0.));
#1791 = ( GEOMETRIC_REPRESENTATION_CONTEXT(3) 
GLOBAL_UNCERTAINTY_ASSIGNED_CONTEXT((#1795)) 
GLOBAL_UNIT_ASSIGNED_CONTEXT((#1792,#1793,#1794)) REPRESENTATION_CONTEXT
('Context #1','3D Context with UNIT and UNCERTAINTY') );
#1792 = ( LENGTH_UNIT() NAMED_UNIT(*) SI_UNIT(.MILLI.,.METRE.) );
#1793 = ( NAMED_UNIT(*) PLANE_ANGLE_UNIT() SI_UNIT($,.RADIAN.) );
#1794 = ( NAMED_UNIT(*) SI_UNIT($,.STERADIAN.) SOLID_ANGLE_UNIT() );
#1795 = UNCERTAINTY_MEASURE_WITH_UNIT(LENGTH_MEASURE(1.E-07),#1792,
  'distance_accuracy_value','confusion accuracy');
#1796 = CONTEXT_DEPENDENT_SHAPE_REPRESENTATION(#1797,#1799);
#1797 = ( REPRESENTATION_RELATIONSHIP('','',#1778,#10) 
REPRESENTATION_RELATIONSHIP_WITH_TRANSFORMATION(#1798) 
SHAPE_REPRESENTATION_RELATIONSHIP() );
#1798 = ITEM_DEFINED_TRANSFORMATION('','',#11,#103);
#1799 = PRODUCT_DEFINITION_SHAPE('Placement','Placement of an item',
  #1800);
#1800 = NEXT_ASSEMBLY_USAGE_OCCURRENCE('23','ball_C1','',#5,#1773,$);
#1801 = PRODUCT_RELATED_PRODUCT_CATEGORY('part',$,(#1775));
#1802 = SHAPE_DEFINITION_REPRESENTATION(#1803,#1809);
#1803 = PRODUCT_DEFINITION_SHAPE('','',#1804);
#1804 = PRODUCT_DEFINITION('design','',#1805,#1808);
#1805 = PRODUCT_DEFINITION_FORMATION('','',#1806);
#1806 = PRODUCT('ball_C2','ball_C2','',(#1807));
#1807 = PRODUCT_CONTEXT('',#2,'mechanical');
#1808 = PRODUCT_DEFINITION_CONTEXT('part definition',#2,'design');
#1809 = ADVANCED_BREP_SHAPE_REPRESENTATION('',(#11,#1810),#1822);
#1810 = MANIFOLD_SOLID_BREP('',#1811);
#1811 = CLOSED_SHELL('',(#1812));
#1812 = ADVANCED_FACE('',(#1813),#1817,.T.);
#1813 = FACE_BOUND('',#1814,.T.);
#1814 = VERTEX_LOOP('',#1815);
#1815 = VERTEX_POINT('',#1816);
#1816 = CARTESIAN_POINT('',(-2.275,1.625,0.));
#1817 = SPHERICAL_SURFACE('',#1818,0.15);
#1818 = AXIS2_PLACEMENT_3D('',#1819,#1820,#1821);
#1819 = CARTESIAN_POINT('',(-2.275,1.625,0.15));
#1820 = DIRECTION('',(0.,0.,1.));
#1821 = DIRECTION('',(1.,0.,0.));
#1822 = ( GEOMETRIC_REPRESENTATION_CONTEXT(3) 
GLOBAL_UNCERTAINTY_ASSIGNED_CONTEXT((#1826)) 
GLOBAL_UNIT_ASSIGNED_CONTEXT((#1823,#1824,#1825)) REPRESENTATION_CONTEXT
('Context #1','3D Context with UNIT and UNCERTAINTY') );
#1823 = ( LENGTH_UNIT() NAMED_UNIT(*) SI_UNIT(.MILLI.,.METRE.) );
#1824 = ( NAMED_UNIT(*) PLANE_ANGLE_UNIT() SI_UNIT($,.RADIAN.) );
#1825 = ( NAMED_UNIT(*) SI_UNIT($,.STERADIAN.) SOLID_ANGLE_UNIT() );
#1826 = UNCERTAINTY_MEASURE_WITH_UNIT(LENGTH_MEASURE(1.E-07),#1823,
  'distance_accuracy_value','confusion accuracy');
#1827 = CONTEXT_DEPENDENT_SHAPE_REPRESENTATION(#1828,#1830);
#1828 = ( REPRESENTATION_RELATIONSHIP('','',#1809,#10) 
REPRESENTATION_RELATIONSHIP_WITH_TRANSFORMATION(#1829) 
SHAPE_REPRESENTATION_RELATIONSHIP() );
#1829 = ITEM_DEFINED_TRANSFORMATION('','',#11,#107);
#1830 = PRODUCT_DEFINITION_SHAPE('Placement','Placement of an item',
  #1831);
#1831 = NEXT_ASSEMBLY_USAGE_OCCURRENCE('24','ball_C2','',#5,#1804,$);
#1832 = PRODUCT_RELATED_PRODUCT_CATEGORY('part',$,(#1806));
#1833 = SHAPE_DEFINITION_REPRESENTATION(#1834,#1840);
#1834 = PRODUCT_DEFINITION_SHAPE('','',#1835);
#1835 = PRODUCT_DEFINITION('design','',#1836,#1839);
#1836 = PRODUCT_DEFINITION_FORMATION('','',#1837);
#1837 = PRODUCT('ball_C9','ball_C9','',(#1838));
#1838 = PRODUCT_CONTEXT('',#2,'mechanical');
#1839 = PRODUCT_DEFINITION_CONTEXT('part definition',#2,'design');
#1840 = ADVANCED_BREP_SHAPE_REPRESENTATION('',(#11,#1841),#1853);
#1841 = MANIFOLD_SOLID_BREP('',#1842);
#1842 = CLOSED_SHELL('',(#1843));
#1843 = ADVANCED_FACE('',(#1844),#1848,.T.);
#1844 = FACE_BOUND('',#1845,.T.);
#1845 = VERTEX_LOOP('',#1846);
#1846 = VERTEX_POINT('',#1847);
#1847 = CARTESIAN_POINT('',(2.275,1.625,0.));
#1848 = SPHERICAL_SURFACE('',#1849,0.15);
#1849 = AXIS2_PLACEMENT_3D('',#1850,#1851,#1852);
#1850 = CARTESIAN_POINT('',(2.275,1.625,0.15));
#1851 = DIRECTION('',(0.,0.,1.));
#1852 = DIRECTION('',(1.,0.,0.));
#1853 = ( GEOMETRIC_REPRESENTATION_CONTEXT(3) 
GLOBAL_UNCERTAINTY_ASSIGNED_CONTEXT((#1857)) 
GLOBAL_UNIT_ASSIGNED_CONTEXT((#1854,#1855,#1856)) REPRESENTATION_CONTEXT
('Context #1','3D Context with UNIT and UNCERTAINTY') );
#1854 = ( LENGTH_UNIT() NAMED_UNIT(*) SI_UNIT(.MILLI.,.METRE.) );
#1855 = ( NAMED_UNIT(*) PLANE_ANGLE_UNIT() SI_UNIT($,.RADIAN.) );
#1856 = ( NAMED_UNIT(*) SI_UNIT($,.STERADIAN.) SOLID_ANGLE_UNIT() );
#1857 = UNCERTAINTY_MEASURE_WITH_UNIT(LENGTH_MEASURE(1.E-07),#1854,
  'distance_accuracy_value','confusion accuracy');
#1858 = CONTEXT_DEPENDENT_SHAPE_REPRESENTATION(#1859,#1861);
#1859 = ( REPRESENTATION_RELATIONSHIP('','',#1840,#10) 
REPRESENTATION_RELATIONSHIP_WITH_TRANSFORMATION(#1860) 
SHAPE_REPRESENTATION_RELATIONSHIP() );
#1860 = ITEM_DEFINED_TRANSFORMATION('','',#11,#111);
#1861 = PRODUCT_DEFINITION_SHAPE('Placement','Placement of an item',
  #1862);
#1862 = NEXT_ASSEMBLY_USAGE_OCCURRENCE('25','ball_C9','',#5,#1835,$);
#1863 = PRODUCT_RELATED_PRODUCT_CATEGORY('part',$,(#1837));
#1864 = SHAPE_DEFINITION_REPRESENTATION(#1865,#1871);
#1865 = PRODUCT_DEFINITION_SHAPE('','',#1866);
#1866 = PRODUCT_DEFINITION('design','',#1867,#1870);
#1867 = PRODUCT_DEFINITION_FORMATION('','',#1868);
#1868 = PRODUCT('ball_C10','ball_C10','',(#1869));
#1869 = PRODUCT_CONTEXT('',#2,'mechanical');
#1870 = PRODUCT_DEFINITION_CONTEXT('part definition',#2,'design');
#1871 = ADVANCED_BREP_SHAPE_REPRESENTATION('',(#11,#1872),#1884);
#1872 = MANIFOLD_SOLID_BREP('',#1873);
#1873 = CLOSED_SHELL('',(#1874));
#1874 = ADVANCED_FACE('',(#1875),#1879,.T.);
#1875 = FACE_BOUND('',#1876,.T.);
#1876 = VERTEX_LOOP('',#1877);
#1877 = VERTEX_POINT('',#1878);
#1878 = CARTESIAN_POINT('',(2.925,1.625,0.));
#1879 = SPHERICAL_SURFACE('',#1880,0.15);
#1880 = AXIS2_PLACEMENT_3D('',#1881,#1882,#1883);
#1881 = CARTESIAN_POINT('',(2.925,1.625,0.15));
#1882 = DIRECTION('',(0.,0.,1.));
#1883 = DIRECTION('',(1.,0.,0.));
#1884 = ( GEOMETRIC_REPRESENTATION_CONTEXT(3) 
GLOBAL_UNCERTAINTY_ASSIGNED_CONTEXT((#1888)) 
GLOBAL_UNIT_ASSIGNED_CONTEXT((#1885,#1886,#1887)) REPRESENTATION_CONTEXT
('Context #1','3D Context with UNIT and UNCERTAINTY') );
#1885 = ( LENGTH_UNIT() NAMED_UNIT(*) SI_UNIT(.MILLI.,.METRE.) );
#1886 = ( NAMED_UNIT(*) PLANE_ANGLE_UNIT() SI_UNIT($,.RADIAN.) );
#1887 = ( NAMED_UNIT(*) SI_UNIT($,.STERADIAN.) SOLID_ANGLE_UNIT() );
#1888 = UNCERTAINTY_MEASURE_WITH_UNIT(LENGTH_MEASURE(1.E-07),#1885,
  'distance_accuracy_value','confusion accuracy');
#1889 = CONTEXT_DEPENDENT_SHAPE_REPRESENTATION(#1890,#1892);
#1890 = ( REPRESENTATION_RELATIONSHIP('','',#1871,#10) 
REPRESENTATION_RELATIONSHIP_WITH_TRANSFORMATION(#1891) 
SHAPE_REPRESENTATION_RELATIONSHIP() );
#1891 = ITEM_DEFINED_TRANSFORMATION('','',#11,#115);
#1892 = PRODUCT_DEFINITION_SHAPE('Placement','Placement of an item',
  #1893);
#1893 = NEXT_ASSEMBLY_USAGE_OCCURRENCE('26','ball_C10','',#5,#1866,$);
#1894 = PRODUCT_RELATED_PRODUCT_CATEGORY('part',$,(#1868));
#1895 = SHAPE_DEFINITION_REPRESENTATION(#1896,#1902);
#1896 = PRODUCT_DEFINITION_SHAPE('','',#1897);
#1897 = PRODUCT_DEFINITION('design','',#1898,#1901);
#1898 = PRODUCT_DEFINITION_FORMATION('','',#1899);
#1899 = PRODUCT('ball_D1','ball_D1','',(#1900));
#1900 = PRODUCT_CONTEXT('',#2,'mechanical');
#1901 = PRODUCT_DEFINITION_CONTEXT('part definition',#2,'design');
#1902 = ADVANCED_BREP_SHAPE_REPRESENTATION('',(#11,#1903),#1915);
#1903 = MANIFOLD_SOLID_BREP('',#1904);
#1904 = CLOSED_SHELL('',(#1905));
#1905 = ADVANCED_FACE('',(#1906),#1910,.T.);
#1906 = FACE_BOUND('',#1907,.T.);
#1907 = VERTEX_LOOP('',#1908);
#1908 = VERTEX_POINT('',#1909);
#1909 = CARTESIAN_POINT('',(-2.925,0.975,0.));
#1910 = SPHERICAL_SURFACE('',#1911,0.15);
#1911 = AXIS2_PLACEMENT_3D('',#1912,#1913,#1914);
#1912 = CARTESIAN_POINT('',(-2.925,0.975,0.15));
#1913 = DIRECTION('',(0.,0.,1.));
#1914 = DIRECTION('',(1.,0.,0.));
#1915 = ( GEOMETRIC_REPRESENTATION_CONTEXT(3) 
GLOBAL_UNCERTAINTY_ASSIGNED_CONTEXT((#1919)) 
GLOBAL_UNIT_ASSIGNED_CONTEXT((#1916,#1917,#1918)) REPRESENTATION_CONTEXT
('Context #1','3D Context with UNIT and UNCERTAINTY') );
#1916 = ( LENGTH_UNIT() NAMED_UNIT(*) SI_UNIT(.MILLI.,.METRE.) );
#1917 = ( NAMED_UNIT(*) PLANE_ANGLE_UNIT() SI_UNIT($,.RADIAN.) );
#1918 = ( NAMED_UNIT(*) SI_UNIT($,.STERADIAN.) SOLID_ANGLE_UNIT() );
#1919 = UNCERTAINTY_MEASURE_WITH_UNIT(LENGTH_MEASURE(1.E-07),#1916,
  'distance_accuracy_value','confusion accuracy');
#1920 = CONTEXT_DEPENDENT_SHAPE_REPRESENTATION(#1921,#1923);
#1921 = ( REPRESENTATION_RELATIONSHIP('','',#1902,#10) 
REPRESENTATION_RELATIONSHIP_WITH_TRANSFORMATION(#1922) 
SHAPE_REPRESENTATION_RELATIONSHIP() );
#1922 = ITEM_DEFINED_TRANSFORMATION('','',#11,#119);
#1923 = PRODUCT_DEFINITION_SHAPE('Placement','Placement of an item',
  #1924);
#1924 = NEXT_ASSEMBLY_USAGE_OCCURRENCE('27','ball_D1','',#5,#1897,$);
#1925 = PRODUCT_RELATED_PRODUCT_CATEGORY('part',$,(#1899));
#1926 = SHAPE_DEFINITION_REPRESENTATION(#1927,#1933);
#1927 = PRODUCT_DEFINITION_SHAPE('','',#1928);
#1928 = PRODUCT_DEFINITION('design','',#1929,#1932);
#1929 = PRODUCT_DEFINITION_FORMATION('','',#1930);
#1930 = PRODUCT('ball_D2','ball_D2','',(#1931));
#1931 = PRODUCT_CONTEXT('',#2,'mechanical');
#1932 = PRODUCT_DEFINITION_CONTEXT('part definition',#2,'design');
#1933 = ADVANCED_BREP_SHAPE_REPRESENTATION('',(#11,#1934),#1946);
#1934 = MANIFOLD_SOLID_BREP('',#1935);
#1935 = CLOSED_SHELL('',(#1936));
#1936 = ADVANCED_FACE('',(#1937),#1941,.T.);
#1937 = FACE_BOUND('',#1938,.T.);
#1938 = VERTEX_LOOP('',#1939);
#1939 = VERTEX_POINT('',#1940);
#1940 = CARTESIAN_POINT('',(-2.275,0.975,0.));
#1941 = SPHERICAL_SURFACE('',#1942,0.15);
#1942 = AXIS2_PLACEMENT_3D('',#1943,#1944,#1945);
#1943 = CARTESIAN_POINT('',(-2.275,0.975,0.15));
#1944 = DIRECTION('',(0.,0.,1.));
#1945 = DIRECTION('',(1.,0.,0.));
#1946 = ( GEOMETRIC_REPRESENTATION_CONTEXT(3) 
GLOBAL_UNCERTAINTY_ASSIGNED_CONTEXT((#1950)) 
GLOBAL_UNIT_ASSIGNED_CONTEXT((#1947,#1948,#1949)) REPRESENTATION_CONTEXT
('Context #1','3D Context with UNIT and UNCERTAINTY') );
#1947 = ( LENGTH_UNIT() NAMED_UNIT(*) SI_UNIT(.MILLI.,.METRE.) );
#1948 = ( NAMED_UNIT(*) PLANE_ANGLE_UNIT() SI_UNIT($,.RADIAN.) );
#1949 = ( NAMED_UNIT(*) SI_UNIT($,.STERADIAN.) SOLID_ANGLE_UNIT() );
#1950 = UNCERTAINTY_MEASURE_WITH_UNIT(LENGTH_MEASURE(1.E-07),#1947,
  'distance_accuracy_value','confusion accuracy');
#1951 = CONTEXT_DEPENDENT_SHAPE_REPRESENTATION(#1952,#1954);
#1952 = ( REPRESENTATION_RELATIONSHIP('','',#1933,#10) 
REPRESENTATION_RELATIONSHIP_WITH_TRANSFORMATION(#1953) 
SHAPE_REPRESENTATION_RELATIONSHIP() );
#1953 = ITEM_DEFINED_TRANSFORMATION('','',#11,#123);
#1954 = PRODUCT_DEFINITION_SHAPE('Placement','Placement of an item',
  #1955);
#1955 = NEXT_ASSEMBLY_USAGE_OCCURRENCE('28','ball_D2','',#5,#1928,$);
#1956 = PRODUCT_RELATED_PRODUCT_CATEGORY('part',$,(#1930));
#1957 = SHAPE_DEFINITION_REPRESENTATION(#1958,#1964);
#1958 = PRODUCT_DEFINITION_SHAPE('','',#1959);
#1959 = PRODUCT_DEFINITION('design','',#1960,#1963);
#1960 = PRODUCT_DEFINITION_FORMATION('','',#1961);
#1961 = PRODUCT('ball_D4','ball_D4','',(#1962));
#1962 = PRODUCT_CONTEXT('',#2,'mechanical');
#1963 = PRODUCT_DEFINITION_CONTEXT('part definition',#2,'design');
#1964 = ADVANCED_BREP_SHAPE_REPRESENTATION('',(#11,#1965),#1977);
#1965 = MANIFOLD_SOLID_BREP('',#1966);
#1966 = CLOSED_SHELL('',(#1967));
#1967 = ADVANCED_FACE('',(#1968),#1972,.T.);
#1968 = FACE_BOUND('',#1969,.T.);
#1969 = VERTEX_LOOP('',#1970);
#1970 = VERTEX_POINT('',#1971);
#1971 = CARTESIAN_POINT('',(-0.975,0.975,0.));
#1972 = SPHERICAL_SURFACE('',#1973,0.15);
#1973 = AXIS2_PLACEMENT_3D('',#1974,#1975,#1976);
#1974 = CARTESIAN_POINT('',(-0.975,0.975,0.15));
#1975 = DIRECTION('',(0.,0.,1.));
#1976 = DIRECTION('',(1.,0.,0.));
#1977 = ( GEOMETRIC_REPRESENTATION_CONTEXT(3) 
GLOBAL_UNCERTAINTY_ASSIGNED_CONTEXT((#1981)) 
GLOBAL_UNIT_ASSIGNED_CONTEXT((#1978,#1979,#1980)) REPRESENTATION_CONTEXT
('Context #1','3D Context with UNIT and UNCERTAINTY') );
#1978 = ( LENGTH_UNIT() NAMED_UNIT(*) SI_UNIT(.MILLI.,.METRE.) );
#1979 = ( NAMED_UNIT(*) PLANE_ANGLE_UNIT() SI_UNIT($,.RADIAN.) );
#1980 = ( NAMED_UNIT(*) SI_UNIT($,.STERADIAN.) SOLID_ANGLE_UNIT() );
#1981 = UNCERTAINTY_MEASURE_WITH_UNIT(LENGTH_MEASURE(1.E-07),#1978,
  'distance_accuracy_value','confusion accuracy');
#1982 = CONTEXT_DEPENDENT_SHAPE_REPRESENTATION(#1983,#1985);
#1983 = ( REPRESENTATION_RELATIONSHIP('','',#1964,#10) 
REPRESENTATION_RELATIONSHIP_WITH_TRANSFORMATION(#1984) 
SHAPE_REPRESENTATION_RELATIONSHIP() );
#1984 = ITEM_DEFINED_TRANSFORMATION('','',#11,#127);
#1985 = PRODUCT_DEFINITION_SHAPE('Placement','Placement of an item',
  #1986);
#1986 = NEXT_ASSEMBLY_USAGE_OCCURRENCE('29','ball_D4','',#5,#1959,$);
#1987 = PRODUCT_RELATED_PRODUCT_CATEGORY('part',$,(#1961));
#1988 = SHAPE_DEFINITION_REPRESENTATION(#1989,#1995);
#1989 = PRODUCT_DEFINITION_SHAPE('','',#1990);
#1990 = PRODUCT_DEFINITION('design','',#1991,#1994);
#1991 = PRODUCT_DEFINITION_FORMATION('','',#1992);
#1992 = PRODUCT('ball_D5','ball_D5','',(#1993));
#1993 = PRODUCT_CONTEXT('',#2,'mechanical');
#1994 = PRODUCT_DEFINITION_CONTEXT('part definition',#2,'design');
#1995 = ADVANCED_BREP_SHAPE_REPRESENTATION('',(#11,#1996),#2008);
#1996 = MANIFOLD_SOLID_BREP('',#1997);
#1997 = CLOSED_SHELL('',(#1998));
#1998 = ADVANCED_FACE('',(#1999),#2003,.T.);
#1999 = FACE_BOUND('',#2000,.T.);
#2000 = VERTEX_LOOP('',#2001);
#2001 = VERTEX_POINT('',#2002);
#2002 = CARTESIAN_POINT('',(-0.325,0.975,0.));
#2003 = SPHERICAL_SURFACE('',#2004,0.15);
#2004 = AXIS2_PLACEMENT_3D('',#2005,#2006,#2007);
#2005 = CARTESIAN_POINT('',(-0.325,0.975,0.15));
#2006 = DIRECTION('',(0.,0.,1.));
#2007 = DIRECTION('',(1.,0.,0.));
#2008 = ( GEOMETRIC_REPRESENTATION_CONTEXT(3) 
GLOBAL_UNCERTAINTY_ASSIGNED_CONTEXT((#2012)) 
GLOBAL_UNIT_ASSIGNED_CONTEXT((#2009,#2010,#2011)) REPRESENTATION_CONTEXT
('Context #1','3D Context with UNIT and UNCERTAINTY') );
#2009 = ( LENGTH_UNIT() NAMED_UNIT(*) SI_UNIT(.MILLI.,.METRE.) );
#2010 = ( NAMED_UNIT(*) PLANE_ANGLE_UNIT() SI_UNIT($,.RADIAN.) );
#2011 = ( NAMED_UNIT(*) SI_UNIT($,.STERADIAN.) SOLID_ANGLE_UNIT() );
#2012 = UNCERTAINTY_MEASURE_WITH_UNIT(LENGTH_MEASURE(1.E-07),#2009,
  'distance_accuracy_value','confusion accuracy');
#2013 = CONTEXT_DEPENDENT_SHAPE_REPRESENTATION(#2014,#2016);
#2014 = ( REPRESENTATION_RELATIONSHIP('','',#1995,#10) 
REPRESENTATION_RELATIONSHIP_WITH_TRANSFORMATION(#2015) 
SHAPE_REPRESENTATION_RELATIONSHIP() );
#2015 = ITEM_DEFINED_TRANSFORMATION('','',#11,#131);
#2016 = PRODUCT_DEFINITION_SHAPE('Placement','Placement of an item',
  #2017);
#2017 = NEXT_ASSEMBLY_USAGE_OCCURRENCE('30','ball_D5','',#5,#1990,$);
#2018 = PRODUCT_RELATED_PRODUCT_CATEGORY('part',$,(#1992));
#2019 = SHAPE_DEFINITION_REPRESENTATION(#2020,#2026);
#2020 = PRODUCT_DEFINITION_SHAPE('','',#2021);
#2021 = PRODUCT_DEFINITION('design','',#2022,#2025);
#2022 = PRODUCT_DEFINITION_FORMATION('','',#2023);
#2023 = PRODUCT('ball_D6','ball_D6','',(#2024));
#2024 = PRODUCT_CONTEXT('',#2,'mechanical');
#2025 = PRODUCT_DEFINITION_CONTEXT('part definition',#2,'design');
#2026 = ADVANCED_BREP_SHAPE_REPRESENTATION('',(#11,#2027),#2039);
#2027 = MANIFOLD_SOLID_BREP('',#2028);
#2028 = CLOSED_SHELL('',(#2029));
#2029 = ADVANCED_FACE('',(#2030),#2034,.T.);
#2030 = FACE_BOUND('',#2031,.T.);
#2031 = VERTEX_LOOP('',#2032);
#2032 = VERTEX_POINT('',#2033);
#2033 = CARTESIAN_POINT('',(0.325,0.975,0.));
#2034 = SPHERICAL_SURFACE('',#2035,0.15);
#2035 = AXIS2_PLACEMENT_3D('',#2036,#2037,#2038);
#2036 = CARTESIAN_POINT('',(0.325,0.975,0.15));
#2037 = DIRECTION('',(0.,0.,1.));
#2038 = DIRECTION('',(1.,0.,0.));
#2039 = ( GEOMETRIC_REPRESENTATION_CONTEXT(3) 
GLOBAL_UNCERTAINTY_ASSIGNED_CONTEXT((#2043)) 
GLOBAL_UNIT_ASSIGNED_CONTEXT((#2040,#2041,#2042)) REPRESENTATION_CONTEXT
('Context #1','3D Context with UNIT and UNCERTAINTY') );
#2040 = ( LENGTH_UNIT() NAMED_UNIT(*) SI_UNIT(.MILLI.,.METRE.) );
#2041 = ( NAMED_UNIT(*) PLANE_ANGLE_UNIT() SI_UNIT($,.RADIAN.) );
#2042 = ( NAMED_UNIT(*) SI_UNIT($,.STERADIAN.) SOLID_ANGLE_UNIT() );
#2043 = UNCERTAINTY_MEASURE_WITH_UNIT(LENGTH_MEASURE(1.E-07),#2040,
  'distance_accuracy_value','confusion accuracy');
#2044 = CONTEXT_DEPENDENT_SHAPE_REPRESENTATION(#2045,#2047);
#2045 = ( REPRESENTATION_RELATIONSHIP('','',#2026,#10) 
REPRESENTATION_RELATIONSHIP_WITH_TRANSFORMATION(#2046) 
SHAPE_REPRESENTATION_RELATIONSHIP() );
#2046 = ITEM_DEFINED_TRANSFORMATION('','',#11,#135);
#2047 = PRODUCT_DEFINITION_SHAPE('Placement','Placement of an item',
  #2048);
#2048 = NEXT_ASSEMBLY_USAGE_OCCURRENCE('31','ball_D6','',#5,#2021,$);
#2049 = PRODUCT_RELATED_PRODUCT_CATEGORY('part',$,(#2023));
#2050 = SHAPE_DEFINITION_REPRESENTATION(#2051,#2057);
#2051 = PRODUCT_DEFINITION_SHAPE('','',#2052);
#2052 = PRODUCT_DEFINITION('design','',#2053,#2056);
#2053 = PRODUCT_DEFINITION_FORMATION('','',#2054);
#2054 = PRODUCT('ball_D7','ball_D7','',(#2055));
#2055 = PRODUCT_CONTEXT('',#2,'mechanical');
#2056 = PRODUCT_DEFINITION_CONTEXT('part definition',#2,'design');
#2057 = ADVANCED_BREP_SHAPE_REPRESENTATION('',(#11,#2058),#2070);
#2058 = MANIFOLD_SOLID_BREP('',#2059);
#2059 = CLOSED_SHELL('',(#2060));
#2060 = ADVANCED_FACE('',(#2061),#2065,.T.);
#2061 = FACE_BOUND('',#2062,.T.);
#2062 = VERTEX_LOOP('',#2063);
#2063 = VERTEX_POINT('',#2064);
#2064 = CARTESIAN_POINT('',(0.975,0.975,0.));
#2065 = SPHERICAL_SURFACE('',#2066,0.15);
#2066 = AXIS2_PLACEMENT_3D('',#2067,#2068,#2069);
#2067 = CARTESIAN_POINT('',(0.975,0.975,0.15));
#2068 = DIRECTION('',(0.,0.,1.));
#2069 = DIRECTION('',(1.,0.,0.));
#2070 = ( GEOMETRIC_REPRESENTATION_CONTEXT(3) 
GLOBAL_UNCERTAINTY_ASSIGNED_CONTEXT((#2074)) 
GLOBAL_UNIT_ASSIGNED_CONTEXT((#2071,#2072,#2073)) REPRESENTATION_CONTEXT
('Context #1','3D Context with UNIT and UNCERTAINTY') );
#2071 = ( LENGTH_UNIT() NAMED_UNIT(*) SI_UNIT(.MILLI.,.METRE.) );
#2072 = ( NAMED_UNIT(*) PLANE_ANGLE_UNIT() SI_UNIT($,.RADIAN.) );
#2073 = ( NAMED_UNIT(*) SI_UNIT($,.STERADIAN.) SOLID_ANGLE_UNIT() );
#2074 = UNCERTAINTY_MEASURE_WITH_UNIT(LENGTH_MEASURE(1.E-07),#2071,
  'distance_accuracy_value','confusion accuracy');
#2075 = CONTEXT_DEPENDENT_SHAPE_REPRESENTATION(#2076,#2078);
#2076 = ( REPRESENTATION_RELATIONSHIP('','',#2057,#10) 
REPRESENTATION_RELATIONSHIP_WITH_TRANSFORMATION(#2077) 
SHAPE_REPRESENTATION_RELATIONSHIP() );
#2077 = ITEM_DEFINED_TRANSFORMATION('','',#11,#139);
#2078 = PRODUCT_DEFINITION_SHAPE('Placement','Placement of an item',
  #2079);
#2079 = NEXT_ASSEMBLY_USAGE_OCCURRENCE('32','ball_D7','',#5,#2052,$);
#2080 = PRODUCT_RELATED_PRODUCT_CATEGORY('part',$,(#2054));
#2081 = SHAPE_DEFINITION_REPRESENTATION(#2082,#2088);
#2082 = PRODUCT_DEFINITION_SHAPE('','',#2083);
#2083 = PRODUCT_DEFINITION('design','',#2084,#2087);
#2084 = PRODUCT_DEFINITION_FORMATION('','',#2085);
#2085 = PRODUCT('ball_D9','ball_D9','',(#2086));
#2086 = PRODUCT_CONTEXT('',#2,'mechanical');
#2087 = PRODUCT_DEFINITION_CONTEXT('part definition',#2,'design');
#2088 = ADVANCED_BREP_SHAPE_REPRESENTATION('',(#11,#2089),#2101);
#2089 = MANIFOLD_SOLID_BREP('',#2090);
#2090 = CLOSED_SHELL('',(#2091));
#2091 = ADVANCED_FACE('',(#2092),#2096,.T.);
#2092 = FACE_BOUND('',#2093,.T.);
#2093 = VERTEX_LOOP('',#2094);
#2094 = VERTEX_POINT('',#2095);
#2095 = CARTESIAN_POINT('',(2.275,0.975,0.));
#2096 = SPHERICAL_SURFACE('',#2097,0.15);
#2097 = AXIS2_PLACEMENT_3D('',#2098,#2099,#2100);
#2098 = CARTESIAN_POINT('',(2.275,0.975,0.15));
#2099 = DIRECTION('',(0.,0.,1.));
#2100 = DIRECTION('',(1.,0.,0.));
#2101 = ( GEOMETRIC_REPRESENTATION_CONTEXT(3) 
GLOBAL_UNCERTAINTY_ASSIGNED_CONTEXT((#2105)) 
GLOBAL_UNIT_ASSIGNED_CONTEXT((#2102,#2103,#2104)) REPRESENTATION_CONTEXT
('Context #1','3D Context with UNIT and UNCERTAINTY') );
#2102 = ( LENGTH_UNIT() NAMED_UNIT(*) SI_UNIT(.MILLI.,.METRE.) );
#2103 = ( NAMED_UNIT(*) PLANE_ANGLE_UNIT() SI_UNIT($,.RADIAN.) );
#2104 = ( NAMED_UNIT(*) SI_UNIT($,.STERADIAN.) SOLID_ANGLE_UNIT() );
#2105 = UNCERTAINTY_MEASURE_WITH_UNIT(LENGTH_MEASURE(1.E-07),#2102,
  'distance_accuracy_value','confusion accuracy');
#2106 = CONTEXT_DEPENDENT_SHAPE_REPRESENTATION(#2107,#2109);
#2107 = ( REPRESENTATION_RELATIONSHIP('','',#2088,#10) 
REPRESENTATION_RELATIONSHIP_WITH_TRANSFORMATION(#2108) 
SHAPE_REPRESENTATION_RELATIONSHIP() );
#2108 = ITEM_DEFINED_TRANSFORMATION('','',#11,#143);
#2109 = PRODUCT_DEFINITION_SHAPE('Placement','Placement of an item',
  #2110);
#2110 = NEXT_ASSEMBLY_USAGE_OCCURRENCE('33','ball_D9','',#5,#2083,$);
#2111 = PRODUCT_RELATED_PRODUCT_CATEGORY('part',$,(#2085));
#2112 = SHAPE_DEFINITION_REPRESENTATION(#2113,#2119);
#2113 = PRODUCT_DEFINITION_SHAPE('','',#2114);
#2114 = PRODUCT_DEFINITION('design','',#2115,#2118);
#2115 = PRODUCT_DEFINITION_FORMATION('','',#2116);
#2116 = PRODUCT('ball_D10','ball_D10','',(#2117));
#2117 = PRODUCT_CONTEXT('',#2,'mechanical');
#2118 = PRODUCT_DEFINITION_CONTEXT('part definition',#2,'design');
#2119 = ADVANCED_BREP_SHAPE_REPRESENTATION('',(#11,#2120),#2132);
#2120 = MANIFOLD_SOLID_BREP('',#2121);
#2121 = CLOSED_SHELL('',(#2122));
#2122 = ADVANCED_FACE('',(#2123),#2127,.T.);
#2123 = FACE_BOUND('',#2124,.T.);
#2124 = VERTEX_LOOP('',#2125);
#2125 = VERTEX_POINT('',#2126);
#2126 = CARTESIAN_POINT('',(2.925,0.975,0.));
#2127 = SPHERICAL_SURFACE('',#2128,0.15);
#2128 = AXIS2_PLACEMENT_3D('',#2129,#2130,#2131);
#2129 = CARTESIAN_POINT('',(2.925,0.975,0.15));
#2130 = DIRECTION('',(0.,0.,1.));
#2131 = DIRECTION('',(1.,0.,0.));
#2132 = ( GEOMETRIC_REPRESENTATION_CONTEXT(3) 
GLOBAL_UNCERTAINTY_ASSIGNED_CONTEXT((#2136)) 
GLOBAL_UNIT_ASSIGNED_CONTEXT((#2133,#2134,#2135)) REPRESENTATION_CONTEXT
('Context #1','3D Context with UNIT and UNCERTAINTY') );
#2133 = ( LENGTH_UNIT() NAMED_UNIT(*) SI_UNIT(.MILLI.,.METRE.) );
#2134 = ( NAMED_UNIT(*) PLANE_ANGLE_UNIT() SI_UNIT($,.RADIAN.) );
#2135 = ( NAMED_UNIT(*) SI_UNIT($,.STERADIAN.) SOLID_ANGLE_UNIT() );
#2136 = UNCERTAINTY_MEASURE_WITH_UNIT(LENGTH_MEASURE(1.E-07),#2133,
  'distance_accuracy_value','confusion accuracy');
#2137 = CONTEXT_DEPENDENT_SHAPE_REPRESENTATION(#2138,#2140);
#2138 = ( REPRESENTATION_RELATIONSHIP('','',#2119,#10) 
REPRESENTATION_RELATIONSHIP_WITH_TRANSFORMATION(#2139) 
SHAPE_REPRESENTATION_RELATIONSHIP() );
#2139 = ITEM_DEFINED_TRANSFORMATION('','',#11,#147);
#2140 = PRODUCT_DEFINITION_SHAPE('Placement','Placement of an item',
  #2141);
#2141 = NEXT_ASSEMBLY_USAGE_OCCURRENCE('34','ball_D10','',#5,#2114,$);
#2142 = PRODUCT_RELATED_PRODUCT_CATEGORY('part',$,(#2116));
#2143 = SHAPE_DEFINITION_REPRESENTATION(#2144,#2150);
#2144 = PRODUCT_DEFINITION_SHAPE('','',#2145);
#2145 = PRODUCT_DEFINITION('design','',#2146,#2149);
#2146 = PRODUCT_DEFINITION_FORMATION('','',#2147);
#2147 = PRODUCT('ball_E1','ball_E1','',(#2148));
#2148 = PRODUCT_CONTEXT('',#2,'mechanical');
#2149 = PRODUCT_DEFINITION_CONTEXT('part definition',#2,'design');
#2150 = ADVANCED_BREP_SHAPE_REPRESENTATION('',(#11,#2151),#2163);
#2151 = MANIFOLD_SOLID_BREP('',#2152);
#2152 = CLOSED_SHELL('',(#2153));
#2153 = ADVANCED_FACE('',(#2154),#2158,.T.);
#2154 = FACE_BOUND('',#2155,.T.);
#2155 = VERTEX_LOOP('',#2156);
#2156 = VERTEX_POINT('',#2157);
#2157 = CARTESIAN_POINT('',(-2.925,0.325,0.));
#2158 = SPHERICAL_SURFACE('',#2159,0.15);
#2159 = AXIS2_PLACEMENT_3D('',#2160,#2161,#2162);
#2160 = CARTESIAN_POINT('',(-2.925,0.325,0.15));
#2161 = DIRECTION('',(0.,0.,1.));
#2162 = DIRECTION('',(1.,0.,0.));
#2163 = ( GEOMETRIC_REPRESENTATION_CONTEXT(3) 
GLOBAL_UNCERTAINTY_ASSIGNED_CONTEXT((#2167)) 
GLOBAL_UNIT_ASSIGNED_CONTEXT((#2164,#2165,#2166)) REPRESENTATION_CONTEXT
('Context #1','3D Context with UNIT and UNCERTAINTY') );
#2164 = ( LENGTH_UNIT() NAMED_UNIT(*) SI_UNIT(.MILLI.,.METRE.) );
#2165 = ( NAMED_UNIT(*) PLANE_ANGLE_UNIT() SI_UNIT($,.RADIAN.) );
#2166 = ( NAMED_UNIT(*) SI_UNIT($,.STERADIAN.) SOLID_ANGLE_UNIT() );
#2167 = UNCERTAINTY_MEASURE_WITH_UNIT(LENGTH_MEASURE(1.E-07),#2164,
  'distance_accuracy_value','confusion accuracy');
#2168 = CONTEXT_DEPENDENT_SHAPE_REPRESENTATION(#2169,#2171);
#2169 = ( REPRESENTATION_RELATIONSHIP('','',#2150,#10) 
REPRESENTATION_RELATIONSHIP_WITH_TRANSFORMATION(#2170) 
SHAPE_REPRESENTATION_RELATIONSHIP() );
#2170 = ITEM_DEFINED_TRANSFORMATION('','',#11,#151);
#2171 = PRODUCT_DEFINITION_SHAPE('Placement','Placement of an item',
  #2172);
#2172 = NEXT_ASSEMBLY_USAGE_OCCURRENCE('35','ball_E1','',#5,#2145,$);
#2173 = PRODUCT_RELATED_PRODUCT_CATEGORY('part',$,(#2147));
#2174 = SHAPE_DEFINITION_REPRESENTATION(#2175,#2181);
#2175 = PRODUCT_DEFINITION_SHAPE('','',#2176);
#2176 = PRODUCT_DEFINITION('design','',#2177,#2180);
#2177 = PRODUCT_DEFINITION_FORMATION('','',#2178);
#2178 = PRODUCT('ball_E2','ball_E2','',(#2179));
#2179 = PRODUCT_CONTEXT('',#2,'mechanical');
#2180 = PRODUCT_DEFINITION_CONTEXT('part definition',#2,'design');
#2181 = ADVANCED_BREP_SHAPE_REPRESENTATION('',(#11,#2182),#2194);
#2182 = MANIFOLD_SOLID_BREP('',#2183);
#2183 = CLOSED_SHELL('',(#2184));
#2184 = ADVANCED_FACE('',(#2185),#2189,.T.);
#2185 = FACE_BOUND('',#2186,.T.);
#2186 = VERTEX_LOOP('',#2187);
#2187 = VERTEX_POINT('',#2188);
#2188 = CARTESIAN_POINT('',(-2.275,0.325,0.));
#2189 = SPHERICAL_SURFACE('',#2190,0.15);
#2190 = AXIS2_PLACEMENT_3D('',#2191,#2192,#2193);
#2191 = CARTESIAN_POINT('',(-2.275,0.325,0.15));
#2192 = DIRECTION('',(0.,0.,1.));
#2193 = DIRECTION('',(1.,0.,0.));
#2194 = ( GEOMETRIC_REPRESENTATION_CONTEXT(3) 
GLOBAL_UNCERTAINTY_ASSIGNED_CONTEXT((#2198)) 
GLOBAL_UNIT_ASSIGNED_CONTEXT((#2195,#2196,#2197)) REPRESENTATION_CONTEXT
('Context #1','3D Context with UNIT and UNCERTAINTY') );
#2195 = ( LENGTH_UNIT() NAMED_UNIT(*) SI_UNIT(.MILLI.,.METRE.) );
#2196 = ( NAMED_UNIT(*) PLANE_ANGLE_UNIT() SI_UNIT($,.RADIAN.) );
#2197 = ( NAMED_UNIT(*) SI_UNIT($,.STERADIAN.) SOLID_ANGLE_UNIT() );
#2198 = UNCERTAINTY_MEASURE_WITH_UNIT(LENGTH_MEASURE(1.E-07),#2195,
  'distance_accuracy_value','confusion accuracy');
#2199 = CONTEXT_DEPENDENT_SHAPE_REPRESENTATION(#2200,#2202);
#2200 = ( REPRESENTATION_RELATIONSHIP('','',#2181,#10) 
REPRESENTATION_RELATIONSHIP_WITH_TRANSFORMATION(#2201) 
SHAPE_REPRESENTATION_RELATIONSHIP() );
#2201 = ITEM_DEFINED_TRANSFORMATION('','',#11,#155);
#2202 = PRODUCT_DEFINITION_SHAPE('Placement','Placement of an item',
  #2203);
#2203 = NEXT_ASSEMBLY_USAGE_OCCURRENCE('36','ball_E2','',#5,#2176,$);
#2204 = PRODUCT_RELATED_PRODUCT_CATEGORY('part',$,(#2178));
#2205 = SHAPE_DEFINITION_REPRESENTATION(#2206,#2212);
#2206 = PRODUCT_DEFINITION_SHAPE('','',#2207);
#2207 = PRODUCT_DEFINITION('design','',#2208,#2211);
#2208 = PRODUCT_DEFINITION_FORMATION('','',#2209);
#2209 = PRODUCT('ball_E4','ball_E4','',(#2210));
#2210 = PRODUCT_CONTEXT('',#2,'mechanical');
#2211 = PRODUCT_DEFINITION_CONTEXT('part definition',#2,'design');
#2212 = ADVANCED_BREP_SHAPE_REPRESENTATION('',(#11,#2213),#2225);
#2213 = MANIFOLD_SOLID_BREP('',#2214);
#2214 = CLOSED_SHELL('',(#2215));
#2215 = ADVANCED_FACE('',(#2216),#2220,.T.);
#2216 = FACE_BOUND('',#2217,.T.);
#2217 = VERTEX_LOOP('',#2218);
#2218 = VERTEX_POINT('',#2219);
#2219 = CARTESIAN_POINT('',(-0.975,0.325,0.));
#2220 = SPHERICAL_SURFACE('',#2221,0.15);
#2221 = AXIS2_PLACEMENT_3D('',#2222,#2223,#2224);
#2222 = CARTESIAN_POINT('',(-0.975,0.325,0.15));
#2223 = DIRECTION('',(0.,0.,1.));
#2224 = DIRECTION('',(1.,0.,0.));
#2225 = ( GEOMETRIC_REPRESENTATION_CONTEXT(3) 
GLOBAL_UNCERTAINTY_ASSIGNED_CONTEXT((#2229)) 
GLOBAL_UNIT_ASSIGNED_CONTEXT((#2226,#2227,#2228)) REPRESENTATION_CONTEXT
('Context #1','3D Context with UNIT and UNCERTAINTY') );
#2226 = ( LENGTH_UNIT() NAMED_UNIT(*) SI_UNIT(.MILLI.,.METRE.) );
#2227 = ( NAMED_UNIT(*) PLANE_ANGLE_UNIT() SI_UNIT($,.RADIAN.) );
#2228 = ( NAMED_UNIT(*) SI_UNIT($,.STERADIAN.) SOLID_ANGLE_UNIT() );
#2229 = UNCERTAINTY_MEASURE_WITH_UNIT(LENGTH_MEASURE(1.E-07),#2226,
  'distance_accuracy_value','confusion accuracy');
#2230 = CONTEXT_DEPENDENT_SHAPE_REPRESENTATION(#2231,#2233);
#2231 = ( REPRESENTATION_RELATIONSHIP('','',#2212,#10) 
REPRESENTATION_RELATIONSHIP_WITH_TRANSFORMATION(#2232) 
SHAPE_REPRESENTATION_RELATIONSHIP() );
#2232 = ITEM_DEFINED_TRANSFORMATION('','',#11,#159);
#2233 = PRODUCT_DEFINITION_SHAPE('Placement','Placement of an item',
  #2234);
#2234 = NEXT_ASSEMBLY_USAGE_OCCURRENCE('37','ball_E4','',#5,#2207,$);
#2235 = PRODUCT_RELATED_PRODUCT_CATEGORY('part',$,(#2209));
#2236 = SHAPE_DEFINITION_REPRESENTATION(#2237,#2243);
#2237 = PRODUCT_DEFINITION_SHAPE('','',#2238);
#2238 = PRODUCT_DEFINITION('design','',#2239,#2242);
#2239 = PRODUCT_DEFINITION_FORMATION('','',#2240);
#2240 = PRODUCT('ball_E5','ball_E5','',(#2241));
#2241 = PRODUCT_CONTEXT('',#2,'mechanical');
#2242 = PRODUCT_DEFINITION_CONTEXT('part definition',#2,'design');
#2243 = ADVANCED_BREP_SHAPE_REPRESENTATION('',(#11,#2244),#2256);
#2244 = MANIFOLD_SOLID_BREP('',#2245);
#2245 = CLOSED_SHELL('',(#2246));
#2246 = ADVANCED_FACE('',(#2247),#2251,.T.);
#2247 = FACE_BOUND('',#2248,.T.);
#2248 = VERTEX_LOOP('',#2249);
#2249 = VERTEX_POINT('',#2250);
#2250 = CARTESIAN_POINT('',(-0.325,0.325,0.));
#2251 = SPHERICAL_SURFACE('',#2252,0.15);
#2252 = AXIS2_PLACEMENT_3D('',#2253,#2254,#2255);
#2253 = CARTESIAN_POINT('',(-0.325,0.325,0.15));
#2254 = DIRECTION('',(0.,0.,1.));
#2255 = DIRECTION('',(1.,0.,0.));
#2256 = ( GEOMETRIC_REPRESENTATION_CONTEXT(3) 
GLOBAL_UNCERTAINTY_ASSIGNED_CONTEXT((#2260)) 
GLOBAL_UNIT_ASSIGNED_CONTEXT((#2257,#2258,#2259)) REPRESENTATION_CONTEXT
('Context #1','3D Context with UNIT and UNCERTAINTY') );
#2257 = ( LENGTH_UNIT() NAMED_UNIT(*) SI_UNIT(.MILLI.,.METRE.) );
#2258 = ( NAMED_UNIT(*) PLANE_ANGLE_UNIT() SI_UNIT($,.RADIAN.) );
#2259 = ( NAMED_UNIT(*) SI_UNIT($,.STERADIAN.) SOLID_ANGLE_UNIT() );
#2260 = UNCERTAINTY_MEASURE_WITH_UNIT(LENGTH_MEASURE(1.E-07),#2257,
  'distance_accuracy_value','confusion accuracy');
#2261 = CONTEXT_DEPENDENT_SHAPE_REPRESENTATION(#2262,#2264);
#2262 = ( REPRESENTATION_RELATIONSHIP('','',#2243,#10) 
REPRESENTATION_RELATIONSHIP_WITH_TRANSFORMATION(#2263) 
SHAPE_REPRESENTATION_RELATIONSHIP() );
#2263 = ITEM_DEFINED_TRANSFORMATION('','',#11,#163);
#2264 = PRODUCT_DEFINITION_SHAPE('Placement','Placement of an item',
  #2265);
#2265 = NEXT_ASSEMBLY_USAGE_OCCURRENCE('38','ball_E5','',#5,#2238,$);
#2266 = PRODUCT_RELATED_PRODUCT_CATEGORY('part',$,(#2240));
#2267 = SHAPE_DEFINITION_REPRESENTATION(#2268,#2274);
#2268 = PRODUCT_DEFINITION_SHAPE('','',#2269);
#2269 = PRODUCT_DEFINITION('design','',#2270,#2273);
#2270 = PRODUCT_DEFINITION_FORMATION('','',#2271);
#2271 = PRODUCT('ball_E6','ball_E6','',(#2272));
#2272 = PRODUCT_CONTEXT('',#2,'mechanical');
#2273 = PRODUCT_DEFINITION_CONTEXT('part definition',#2,'design');
#2274 = ADVANCED_BREP_SHAPE_REPRESENTATION('',(#11,#2275),#2287);
#2275 = MANIFOLD_SOLID_BREP('',#2276);
#2276 = CLOSED_SHELL('',(#2277));
#2277 = ADVANCED_FACE('',(#2278),#2282,.T.);
#2278 = FACE_BOUND('',#2279,.T.);
#2279 = VERTEX_LOOP('',#2280);
#2280 = VERTEX_POINT('',#2281);
#2281 = CARTESIAN_POINT('',(0.325,0.325,0.));
#2282 = SPHERICAL_SURFACE('',#2283,0.15);
#2283 = AXIS2_PLACEMENT_3D('',#2284,#2285,#2286);
#2284 = CARTESIAN_POINT('',(0.325,0.325,0.15));
#2285 = DIRECTION('',(0.,0.,1.));
#2286 = DIRECTION('',(1.,0.,0.));
#2287 = ( GEOMETRIC_REPRESENTATION_CONTEXT(3) 
GLOBAL_UNCERTAINTY_ASSIGNED_CONTEXT((#2291)) 
GLOBAL_UNIT_ASSIGNED_CONTEXT((#2288,#2289,#2290)) REPRESENTATION_CONTEXT
('Context #1','3D Context with UNIT and UNCERTAINTY') );
#2288 = ( LENGTH_UNIT() NAMED_UNIT(*) SI_UNIT(.MILLI.,.METRE.) );
#2289 = ( NAMED_UNIT(*) PLANE_ANGLE_UNIT() SI_UNIT($,.RADIAN.) );
#2290 = ( NAMED_UNIT(*) SI_UNIT($,.STERADIAN.) SOLID_ANGLE_UNIT() );
#2291 = UNCERTAINTY_MEASURE_WITH_UNIT(LENGTH_MEASURE(1.E-07),#2288,
  'distance_accuracy_value','confusion accuracy');
#2292 = CONTEXT_DEPENDENT_SHAPE_REPRESENTATION(#2293,#2295);
#2293 = ( REPRESENTATION_RELATIONSHIP('','',#2274,#10) 
REPRESENTATION_RELATIONSHIP_WITH_TRANSFORMATION(#2294) 
SHAPE_REPRESENTATION_RELATIONSHIP() );
#2294 = ITEM_DEFINED_TRANSFORMATION('','',#11,#167);
#2295 = PRODUCT_DEFINITION_SHAPE('Placement','Placement of an item',
  #2296);
#2296 = NEXT_ASSEMBLY_USAGE_OCCURRENCE('39','ball_E6','',#5,#2269,$);
#2297 = PRODUCT_RELATED_PRODUCT_CATEGORY('part',$,(#2271));
#2298 = SHAPE_DEFINITION_REPRESENTATION(#2299,#2305);
#2299 = PRODUCT_DEFINITION_SHAPE('','',#2300);
#2300 = PRODUCT_DEFINITION('design','',#2301,#2304);
#2301 = PRODUCT_DEFINITION_FORMATION('','',#2302);
#2302 = PRODUCT('ball_E7','ball_E7','',(#2303));
#2303 = PRODUCT_CONTEXT('',#2,'mechanical');
#2304 = PRODUCT_DEFINITION_CONTEXT('part definition',#2,'design');
#2305 = ADVANCED_BREP_SHAPE_REPRESENTATION('',(#11,#2306),#2318);
#2306 = MANIFOLD_SOLID_BREP('',#2307);
#2307 = CLOSED_SHELL('',(#2308));
#2308 = ADVANCED_FACE('',(#2309),#2313,.T.);
#2309 = FACE_BOUND('',#2310,.T.);
#2310 = VERTEX_LOOP('',#2311);
#2311 = VERTEX_POINT('',#2312);
#2312 = CARTESIAN_POINT('',(0.975,0.325,0.));
#2313 = SPHERICAL_SURFACE('',#2314,0.15);
#2314 = AXIS2_PLACEMENT_3D('',#2315,#2316,#2317);
#2315 = CARTESIAN_POINT('',(0.975,0.325,0.15));
#2316 = DIRECTION('',(0.,0.,1.));
#2317 = DIRECTION('',(1.,0.,0.));
#2318 = ( GEOMETRIC_REPRESENTATION_CONTEXT(3) 
GLOBAL_UNCERTAINTY_ASSIGNED_CONTEXT((#2322)) 
GLOBAL_UNIT_ASSIGNED_CONTEXT((#2319,#2320,#2321)) REPRESENTATION_CONTEXT
('Context #1','3D Context with UNIT and UNCERTAINTY') );
#2319 = ( LENGTH_UNIT() NAMED_UNIT(*) SI_UNIT(.MILLI.,.METRE.) );
#2320 = ( NAMED_UNIT(*) PLANE_ANGLE_UNIT() SI_UNIT($,.RADIAN.) );
#2321 = ( NAMED_UNIT(*) SI_UNIT($,.STERADIAN.) SOLID_ANGLE_UNIT() );
#2322 = UNCERTAINTY_MEASURE_WITH_UNIT(LENGTH_MEASURE(1.E-07),#2319,
  'distance_accuracy_value','confusion accuracy');
#2323 = CONTEXT_DEPENDENT_SHAPE_REPRESENTATION(#2324,#2326);
#2324 = ( REPRESENTATION_RELATIONSHIP('','',#2305,#10) 
REPRESENTATION_RELATIONSHIP_WITH_TRANSFORMATION(#2325) 
SHAPE_REPRESENTATION_RELATIONSHIP() );
#2325 = ITEM_DEFINED_TRANSFORMATION('','',#11,#171);
#2326 = PRODUCT_DEFINITION_SHAPE('Placement','Placement of an item',
  #2327);
#2327 = NEXT_ASSEMBLY_USAGE_OCCURRENCE('40','ball_E7','',#5,#2300,$);
#2328 = PRODUCT_RELATED_PRODUCT_CATEGORY('part',$,(#2302));
#2329 = SHAPE_DEFINITION_REPRESENTATION(#2330,#2336);
#2330 = PRODUCT_DEFINITION_SHAPE('','',#2331);
#2331 = PRODUCT_DEFINITION('design','',#2332,#2335);
#2332 = PRODUCT_DEFINITION_FORMATION('','',#2333);
#2333 = PRODUCT('ball_E9','ball_E9','',(#2334));
#2334 = PRODUCT_CONTEXT('',#2,'mechanical');
#2335 = PRODUCT_DEFINITION_CONTEXT('part definition',#2,'design');
#2336 = ADVANCED_BREP_SHAPE_REPRESENTATION('',(#11,#2337),#2349);
#2337 = MANIFOLD_SOLID_BREP('',#2338);
#2338 = CLOSED_SHELL('',(#2339));
#2339 = ADVANCED_FACE('',(#2340),#2344,.T.);
#2340 = FACE_BOUND('',#2341,.T.);
#2341 = VERTEX_LOOP('',#2342);
#2342 = VERTEX_POINT('',#2343);
#2343 = CARTESIAN_POINT('',(2.275,0.325,0.));
#2344 = SPHERICAL_SURFACE('',#2345,0.15);
#2345 = AXIS2_PLACEMENT_3D('',#2346,#2347,#2348);
#2346 = CARTESIAN_POINT('',(2.275,0.325,0.15));
#2347 = DIRECTION('',(0.,0.,1.));
#2348 = DIRECTION('',(1.,0.,0.));
#2349 = ( GEOMETRIC_REPRESENTATION_CONTEXT(3) 
GLOBAL_UNCERTAINTY_ASSIGNED_CONTEXT((#2353)) 
GLOBAL_UNIT_ASSIGNED_CONTEXT((#2350,#2351,#2352)) REPRESENTATION_CONTEXT
('Context #1','3D Context with UNIT and UNCERTAINTY') );
#2350 = ( LENGTH_UNIT() NAMED_UNIT(*) SI_UNIT(.MILLI.,.METRE.) );
#2351 = ( NAMED_UNIT(*) PLANE_ANGLE_UNIT() SI_UNIT($,.RADIAN.) );
#2352 = ( NAMED_UNIT(*) SI_UNIT($,.STERADIAN.) SOLID_ANGLE_UNIT() );
#2353 = UNCERTAINTY_MEASURE_WITH_UNIT(LENGTH_MEASURE(1.E-07),#2350,
  'distance_accuracy_value','confusion accuracy');
#2354 = CONTEXT_DEPENDENT_SHAPE_REPRESENTATION(#2355,#2357);
#2355 = ( REPRESENTATION_RELATIONSHIP('','',#2336,#10) 
REPRESENTATION_RELATIONSHIP_WITH_TRANSFORMATION(#2356) 
SHAPE_REPRESENTATION_RELATIONSHIP() );
#2356 = ITEM_DEFINED_TRANSFORMATION('','',#11,#175);
#2357 = PRODUCT_DEFINITION_SHAPE('Placement','Placement of an item',
  #2358);
#2358 = NEXT_ASSEMBLY_USAGE_OCCURRENCE('41','ball_E9','',#5,#2331,$);
#2359 = PRODUCT_RELATED_PRODUCT_CATEGORY('part',$,(#2333));
#2360 = SHAPE_DEFINITION_REPRESENTATION(#2361,#2367);
#2361 = PRODUCT_DEFINITION_SHAPE('','',#2362);
#2362 = PRODUCT_DEFINITION('design','',#2363,#2366);
#2363 = PRODUCT_DEFINITION_FORMATION('','',#2364);
#2364 = PRODUCT('ball_E10','ball_E10','',(#2365));
#2365 = PRODUCT_CONTEXT('',#2,'mechanical');
#2366 = PRODUCT_DEFINITION_CONTEXT('part definition',#2,'design');
#2367 = ADVANCED_BREP_SHAPE_REPRESENTATION('',(#11,#2368),#2380);
#2368 = MANIFOLD_SOLID_BREP('',#2369);
#2369 = CLOSED_SHELL('',(#2370));
#2370 = ADVANCED_FACE('',(#2371),#2375,.T.);
#2371 = FACE_BOUND('',#2372,.T.);
#2372 = VERTEX_LOOP('',#2373);
#2373 = VERTEX_POINT('',#2374);
#2374 = CARTESIAN_POINT('',(2.925,0.325,0.));
#2375 = SPHERICAL_SURFACE('',#2376,0.15);
#2376 = AXIS2_PLACEMENT_3D('',#2377,#2378,#2379);
#2377 = CARTESIAN_POINT('',(2.925,0.325,0.15));
#2378 = DIRECTION('',(0.,0.,1.));
#2379 = DIRECTION('',(1.,0.,0.));
#2380 = ( GEOMETRIC_REPRESENTATION_CONTEXT(3) 
GLOBAL_UNCERTAINTY_ASSIGNED_CONTEXT((#2384)) 
GLOBAL_UNIT_ASSIGNED_CONTEXT((#2381,#2382,#2383)) REPRESENTATION_CONTEXT
('Context #1','3D Context with UNIT and UNCERTAINTY') );
#2381 = ( LENGTH_UNIT() NAMED_UNIT(*) SI_UNIT(.MILLI.,.METRE.) );
#2382 = ( NAMED_UNIT(*) PLANE_ANGLE_UNIT() SI_UNIT($,.RADIAN.) );
#2383 = ( NAMED_UNIT(*) SI_UNIT($,.STERADIAN.) SOLID_ANGLE_UNIT() );
#2384 = UNCERTAINTY_MEASURE_WITH_UNIT(LENGTH_MEASURE(1.E-07),#2381,
  'distance_accuracy_value','confusion accuracy');
#2385 = CONTEXT_DEPENDENT_SHAPE_REPRESENTATION(#2386,#2388);
#2386 = ( REPRESENTATION_RELATIONSHIP('','',#2367,#10) 
REPRESENTATION_RELATIONSHIP_WITH_TRANSFORMATION(#2387) 
SHAPE_REPRESENTATION_RELATIONSHIP() );
#2387 = ITEM_DEFINED_TRANSFORMATION('','',#11,#179);
#2388 = PRODUCT_DEFINITION_SHAPE('Placement','Placement of an item',
  #2389);
#2389 = NEXT_ASSEMBLY_USAGE_OCCURRENCE('42','ball_E10','',#5,#2362,$);
#2390 = PRODUCT_RELATED_PRODUCT_CATEGORY('part',$,(#2364));
#2391 = SHAPE_DEFINITION_REPRESENTATION(#2392,#2398);
#2392 = PRODUCT_DEFINITION_SHAPE('','',#2393);
#2393 = PRODUCT_DEFINITION('design','',#2394,#2397);
#2394 = PRODUCT_DEFINITION_FORMATION('','',#2395);
#2395 = PRODUCT('ball_F1','ball_F1','',(#2396));
#2396 = PRODUCT_CONTEXT('',#2,'mechanical');
#2397 = PRODUCT_DEFINITION_CONTEXT('part definition',#2,'design');
#2398 = ADVANCED_BREP_SHAPE_REPRESENTATION('',(#11,#2399),#2411);
#2399 = MANIFOLD_SOLID_BREP('',#2400);
#2400 = CLOSED_SHELL('',(#2401));
#2401 = ADVANCED_FACE('',(#2402),#2406,.T.);
#2402 = FACE_BOUND('',#2403,.T.);
#2403 = VERTEX_LOOP('',#2404);
#2404 = VERTEX_POINT('',#2405);
#2405 = CARTESIAN_POINT('',(-2.925,-0.325,0.));
#2406 = SPHERICAL_SURFACE('',#2407,0.15);
#2407 = AXIS2_PLACEMENT_3D('',#2408,#2409,#2410);
#2408 = CARTESIAN_POINT('',(-2.925,-0.325,0.15));
#2409 = DIRECTION('',(0.,0.,1.));
#2410 = DIRECTION('',(1.,0.,0.));
#2411 = ( GEOMETRIC_REPRESENTATION_CONTEXT(3) 
GLOBAL_UNCERTAINTY_ASSIGNED_CONTEXT((#2415)) 
GLOBAL_UNIT_ASSIGNED_CONTEXT((#2412,#2413,#2414)) REPRESENTATION_CONTEXT
('Context #1','3D Context with UNIT and UNCERTAINTY') );
#2412 = ( LENGTH_UNIT() NAMED_UNIT(*) SI_UNIT(.MILLI.,.METRE.) );
#2413 = ( NAMED_UNIT(*) PLANE_ANGLE_UNIT() SI_UNIT($,.RADIAN.) );
#2414 = ( NAMED_UNIT(*) SI_UNIT($,.STERADIAN.) SOLID_ANGLE_UNIT() );
#2415 = UNCERTAINTY_MEASURE_WITH_UNIT(LENGTH_MEASURE(1.E-07),#2412,
  'distance_accuracy_value','confusion accuracy');
#2416 = CONTEXT_DEPENDENT_SHAPE_REPRESENTATION(#2417,#2419);
#2417 = ( REPRESENTATION_RELATIONSHIP('','',#2398,#10) 
REPRESENTATION_RELATIONSHIP_WITH_TRANSFORMATION(#2418) 
SHAPE_REPRESENTATION_RELATIONSHIP() );
#2418 = ITEM_DEFINED_TRANSFORMATION('','',#11,#183);
#2419 = PRODUCT_DEFINITION_SHAPE('Placement','Placement of an item',
  #2420);
#2420 = NEXT_ASSEMBLY_USAGE_OCCURRENCE('43','ball_F1','',#5,#2393,$);
#2421 = PRODUCT_RELATED_PRODUCT_CATEGORY('part',$,(#2395));
#2422 = SHAPE_DEFINITION_REPRESENTATION(#2423,#2429);
#2423 = PRODUCT_DEFINITION_SHAPE('','',#2424);
#2424 = PRODUCT_DEFINITION('design','',#2425,#2428);
#2425 = PRODUCT_DEFINITION_FORMATION('','',#2426);
#2426 = PRODUCT('ball_F2','ball_F2','',(#2427));
#2427 = PRODUCT_CONTEXT('',#2,'mechanical');
#2428 = PRODUCT_DEFINITION_CONTEXT('part definition',#2,'design');
#2429 = ADVANCED_BREP_SHAPE_REPRESENTATION('',(#11,#2430),#2442);
#2430 = MANIFOLD_SOLID_BREP('',#2431);
#2431 = CLOSED_SHELL('',(#2432));
#2432 = ADVANCED_FACE('',(#2433),#2437,.T.);
#2433 = FACE_BOUND('',#2434,.T.);
#2434 = VERTEX_LOOP('',#2435);
#2435 = VERTEX_POINT('',#2436);
#2436 = CARTESIAN_POINT('',(-2.275,-0.325,0.));
#2437 = SPHERICAL_SURFACE('',#2438,0.15);
#2438 = AXIS2_PLACEMENT_3D('',#2439,#2440,#2441);
#2439 = CARTESIAN_POINT('',(-2.275,-0.325,0.15));
#2440 = DIRECTION('',(0.,0.,1.));
#2441 = DIRECTION('',(1.,0.,0.));
#2442 = ( GEOMETRIC_REPRESENTATION_CONTEXT(3) 
GLOBAL_UNCERTAINTY_ASSIGNED_CONTEXT((#2446)) 
GLOBAL_UNIT_ASSIGNED_CONTEXT((#2443,#2444,#2445)) REPRESENTATION_CONTEXT
('Context #1','3D Context with UNIT and UNCERTAINTY') );
#2443 = ( LENGTH_UNIT() NAMED_UNIT(*) SI_UNIT(.MILLI.,.METRE.) );
#2444 = ( NAMED_UNIT(*) PLANE_ANGLE_UNIT() SI_UNIT($,.RADIAN.) );
#2445 = ( NAMED_UNIT(*) SI_UNIT($,.STERADIAN.) SOLID_ANGLE_UNIT() );
#2446 = UNCERTAINTY_MEASURE_WITH_UNIT(LENGTH_MEASURE(1.E-07),#2443,
  'distance_accuracy_value','confusion accuracy');
#2447 = CONTEXT_DEPENDENT_SHAPE_REPRESENTATION(#2448,#2450);
#2448 = ( REPRESENTATION_RELATIONSHIP('','',#2429,#10) 
REPRESENTATION_RELATIONSHIP_WITH_TRANSFORMATION(#2449) 
SHAPE_REPRESENTATION_RELATIONSHIP() );
#2449 = ITEM_DEFINED_TRANSFORMATION('','',#11,#187);
#2450 = PRODUCT_DEFINITION_SHAPE('Placement','Placement of an item',
  #2451);
#2451 = NEXT_ASSEMBLY_USAGE_OCCURRENCE('44','ball_F2','',#5,#2424,$);
#2452 = PRODUCT_RELATED_PRODUCT_CATEGORY('part',$,(#2426));
#2453 = SHAPE_DEFINITION_REPRESENTATION(#2454,#2460);
#2454 = PRODUCT_DEFINITION_SHAPE('','',#2455);
#2455 = PRODUCT_DEFINITION('design','',#2456,#2459);
#2456 = PRODUCT_DEFINITION_FORMATION('','',#2457);
#2457 = PRODUCT('ball_F4','ball_F4','',(#2458));
#2458 = PRODUCT_CONTEXT('',#2,'mechanical');
#2459 = PRODUCT_DEFINITION_CONTEXT('part definition',#2,'design');
#2460 = ADVANCED_BREP_SHAPE_REPRESENTATION('',(#11,#2461),#2473);
#2461 = MANIFOLD_SOLID_BREP('',#2462);
#2462 = CLOSED_SHELL('',(#2463));
#2463 = ADVANCED_FACE('',(#2464),#2468,.T.);
#2464 = FACE_BOUND('',#2465,.T.);
#2465 = VERTEX_LOOP('',#2466);
#2466 = VERTEX_POINT('',#2467);
#2467 = CARTESIAN_POINT('',(-0.975,-0.325,0.));
#2468 = SPHERICAL_SURFACE('',#2469,0.15);
#2469 = AXIS2_PLACEMENT_3D('',#2470,#2471,#2472);
#2470 = CARTESIAN_POINT('',(-0.975,-0.325,0.15));
#2471 = DIRECTION('',(0.,0.,1.));
#2472 = DIRECTION('',(1.,0.,0.));
#2473 = ( GEOMETRIC_REPRESENTATION_CONTEXT(3) 
GLOBAL_UNCERTAINTY_ASSIGNED_CONTEXT((#2477)) 
GLOBAL_UNIT_ASSIGNED_CONTEXT((#2474,#2475,#2476)) REPRESENTATION_CONTEXT
('Context #1','3D Context with UNIT and UNCERTAINTY') );
#2474 = ( LENGTH_UNIT() NAMED_UNIT(*) SI_UNIT(.MILLI.,.METRE.) );
#2475 = ( NAMED_UNIT(*) PLANE_ANGLE_UNIT() SI_UNIT($,.RADIAN.) );
#2476 = ( NAMED_UNIT(*) SI_UNIT($,.STERADIAN.) SOLID_ANGLE_UNIT() );
#2477 = UNCERTAINTY_MEASURE_WITH_UNIT(LENGTH_MEASURE(1.E-07),#2474,
  'distance_accuracy_value','confusion accuracy');
#2478 = CONTEXT_DEPENDENT_SHAPE_REPRESENTATION(#2479,#2481);
#2479 = ( REPRESENTATION_RELATIONSHIP('','',#2460,#10) 
REPRESENTATION_RELATIONSHIP_WITH_TRANSFORMATION(#2480) 
SHAPE_REPRESENTATION_RELATIONSHIP() );
#2480 = ITEM_DEFINED_TRANSFORMATION('','',#11,#191);
#2481 = PRODUCT_DEFINITION_SHAPE('Placement','Placement of an item',
  #2482);
#2482 = NEXT_ASSEMBLY_USAGE_OCCURRENCE('45','ball_F4','',#5,#2455,$);
#2483 = PRODUCT_RELATED_PRODUCT_CATEGORY('part',$,(#2457));
#2484 = SHAPE_DEFINITION_REPRESENTATION(#2485,#2491);
#2485 = PRODUCT_DEFINITION_SHAPE('','',#2486);
#2486 = PRODUCT_DEFINITION('design','',#2487,#2490);
#2487 = PRODUCT_DEFINITION_FORMATION('','',#2488);
#2488 = PRODUCT('ball_F5','ball_F5','',(#2489));
#2489 = PRODUCT_CONTEXT('',#2,'mechanical');
#2490 = PRODUCT_DEFINITION_CONTEXT('part definition',#2,'design');
#2491 = ADVANCED_BREP_SHAPE_REPRESENTATION('',(#11,#2492),#2504);
#2492 = MANIFOLD_SOLID_BREP('',#2493);
#2493 = CLOSED_SHELL('',(#2494));
#2494 = ADVANCED_FACE('',(#2495),#2499,.T.);
#2495 = FACE_BOUND('',#2496,.T.);
#2496 = VERTEX_LOOP('',#2497);
#2497 = VERTEX_POINT('',#2498);
#2498 = CARTESIAN_POINT('',(-0.325,-0.325,0.));
#2499 = SPHERICAL_SURFACE('',#2500,0.15);
#2500 = AXIS2_PLACEMENT_3D('',#2501,#2502,#2503);
#2501 = CARTESIAN_POINT('',(-0.325,-0.325,0.15));
#2502 = DIRECTION('',(0.,0.,1.));
#2503 = DIRECTION('',(1.,0.,0.));
#2504 = ( GEOMETRIC_REPRESENTATION_CONTEXT(3) 
GLOBAL_UNCERTAINTY_ASSIGNED_CONTEXT((#2508)) 
GLOBAL_UNIT_ASSIGNED_CONTEXT((#2505,#2506,#2507)) REPRESENTATION_CONTEXT
('Context #1','3D Context with UNIT and UNCERTAINTY') );
#2505 = ( LENGTH_UNIT() NAMED_UNIT(*) SI_UNIT(.MILLI.,.METRE.) );
#2506 = ( NAMED_UNIT(*) PLANE_ANGLE_UNIT() SI_UNIT($,.RADIAN.) );
#2507 = ( NAMED_UNIT(*) SI_UNIT($,.STERADIAN.) SOLID_ANGLE_UNIT() );
#2508 = UNCERTAINTY_MEASURE_WITH_UNIT(LENGTH_MEASURE(1.E-07),#2505,
  'distance_accuracy_value','confusion accuracy');
#2509 = CONTEXT_DEPENDENT_SHAPE_REPRESENTATION(#2510,#2512);
#2510 = ( REPRESENTATION_RELATIONSHIP('','',#2491,#10) 
REPRESENTATION_RELATIONSHIP_WITH_TRANSFORMATION(#2511) 
SHAPE_REPRESENTATION_RELATIONSHIP() );
#2511 = ITEM_DEFINED_TRANSFORMATION('','',#11,#195);
#2512 = PRODUCT_DEFINITION_SHAPE('Placement','Placement of an item',
  #2513);
#2513 = NEXT_ASSEMBLY_USAGE_OCCURRENCE('46','ball_F5','',#5,#2486,$);
#2514 = PRODUCT_RELATED_PRODUCT_CATEGORY('part',$,(#2488));
#2515 = SHAPE_DEFINITION_REPRESENTATION(#2516,#2522);
#2516 = PRODUCT_DEFINITION_SHAPE('','',#2517);
#2517 = PRODUCT_DEFINITION('design','',#2518,#2521);
#2518 = PRODUCT_DEFINITION_FORMATION('','',#2519);
#2519 = PRODUCT('ball_F6','ball_F6','',(#2520));
#2520 = PRODUCT_CONTEXT('',#2,'mechanical');
#2521 = PRODUCT_DEFINITION_CONTEXT('part definition',#2,'design');
#2522 = ADVANCED_BREP_SHAPE_REPRESENTATION('',(#11,#2523),#2535);
#2523 = MANIFOLD_SOLID_BREP('',#2524);
#2524 = CLOSED_SHELL('',(#2525));
#2525 = ADVANCED_FACE('',(#2526),#2530,.T.);
#2526 = FACE_BOUND('',#2527,.T.);
#2527 = VERTEX_LOOP('',#2528);
#2528 = VERTEX_POINT('',#2529);
#2529 = CARTESIAN_POINT('',(0.325,-0.325,0.));
#2530 = SPHERICAL_SURFACE('',#2531,0.15);
#2531 = AXIS2_PLACEMENT_3D('',#2532,#2533,#2534);
#2532 = CARTESIAN_POINT('',(0.325,-0.325,0.15));
#2533 = DIRECTION('',(0.,0.,1.));
#2534 = DIRECTION('',(1.,0.,0.));
#2535 = ( GEOMETRIC_REPRESENTATION_CONTEXT(3) 
GLOBAL_UNCERTAINTY_ASSIGNED_CONTEXT((#2539)) 
GLOBAL_UNIT_ASSIGNED_CONTEXT((#2536,#2537,#2538)) REPRESENTATION_CONTEXT
('Context #1','3D Context with UNIT and UNCERTAINTY') );
#2536 = ( LENGTH_UNIT() NAMED_UNIT(*) SI_UNIT(.MILLI.,.METRE.) );
#2537 = ( NAMED_UNIT(*) PLANE_ANGLE_UNIT() SI_UNIT($,.RADIAN.) );
#2538 = ( NAMED_UNIT(*) SI_UNIT($,.STERADIAN.) SOLID_ANGLE_UNIT() );
#2539 = UNCERTAINTY_MEASURE_WITH_UNIT(LENGTH_MEASURE(1.E-07),#2536,
  'distance_accuracy_value','confusion accuracy');
#2540 = CONTEXT_DEPENDENT_SHAPE_REPRESENTATION(#2541,#2543);
#2541 = ( REPRESENTATION_RELATIONSHIP('','',#2522,#10) 
REPRESENTATION_RELATIONSHIP_WITH_TRANSFORMATION(#2542) 
SHAPE_REPRESENTATION_RELATIONSHIP() );
#2542 = ITEM_DEFINED_TRANSFORMATION('','',#11,#199);
#2543 = PRODUCT_DEFINITION_SHAPE('Placement','Placement of an item',
  #2544);
#2544 = NEXT_ASSEMBLY_USAGE_OCCURRENCE('47','ball_F6','',#5,#2517,$);
#2545 = PRODUCT_RELATED_PRODUCT_CATEGORY('part',$,(#2519));
#2546 = SHAPE_DEFINITION_REPRESENTATION(#2547,#2553);
#2547 = PRODUCT_DEFINITION_SHAPE('','',#2548);
#2548 = PRODUCT_DEFINITION('design','',#2549,#2552);
#2549 = PRODUCT_DEFINITION_FORMATION('','',#2550);
#2550 = PRODUCT('ball_F7','ball_F7','',(#2551));
#2551 = PRODUCT_CONTEXT('',#2,'mechanical');
#2552 = PRODUCT_DEFINITION_CONTEXT('part definition',#2,'design');
#2553 = ADVANCED_BREP_SHAPE_REPRESENTATION('',(#11,#2554),#2566);
#2554 = MANIFOLD_SOLID_BREP('',#2555);
#2555 = CLOSED_SHELL('',(#2556));
#2556 = ADVANCED_FACE('',(#2557),#2561,.T.);
#2557 = FACE_BOUND('',#2558,.T.);
#2558 = VERTEX_LOOP('',#2559);
#2559 = VERTEX_POINT('',#2560);
#2560 = CARTESIAN_POINT('',(0.975,-0.325,0.));
#2561 = SPHERICAL_SURFACE('',#2562,0.15);
#2562 = AXIS2_PLACEMENT_3D('',#2563,#2564,#2565);
#2563 = CARTESIAN_POINT('',(0.975,-0.325,0.15));
#2564 = DIRECTION('',(0.,0.,1.));
#2565 = DIRECTION('',(1.,0.,0.));
#2566 = ( GEOMETRIC_REPRESENTATION_CONTEXT(3) 
GLOBAL_UNCERTAINTY_ASSIGNED_CONTEXT((#2570)) 
GLOBAL_UNIT_ASSIGNED_CONTEXT((#2567,#2568,#2569)) REPRESENTATION_CONTEXT
('Context #1','3D Context with UNIT and UNCERTAINTY') );
#2567 = ( LENGTH_UNIT() NAMED_UNIT(*) SI_UNIT(.MILLI.,.METRE.) );
#2568 = ( NAMED_UNIT(*) PLANE_ANGLE_UNIT() SI_UNIT($,.RADIAN.) );
#2569 = ( NAMED_UNIT(*) SI_UNIT($,.STERADIAN.) SOLID_ANGLE_UNIT() );
#2570 = UNCERTAINTY_MEASURE_WITH_UNIT(LENGTH_MEASURE(1.E-07),#2567,
  'distance_accuracy_value','confusion accuracy');
#2571 = CONTEXT_DEPENDENT_SHAPE_REPRESENTATION(#2572,#2574);
#2572 = ( REPRESENTATION_RELATIONSHIP('','',#2553,#10) 
REPRESENTATION_RELATIONSHIP_WITH_TRANSFORMATION(#2573) 
SHAPE_REPRESENTATION_RELATIONSHIP() );
#2573 = ITEM_DEFINED_TRANSFORMATION('','',#11,#203);
#2574 = PRODUCT_DEFINITION_SHAPE('Placement','Placement of an item',
  #2575);
#2575 = NEXT_ASSEMBLY_USAGE_OCCURRENCE('48','ball_F7','',#5,#2548,$);
#2576 = PRODUCT_RELATED_PRODUCT_CATEGORY('part',$,(#2550));
#2577 = SHAPE_DEFINITION_REPRESENTATION(#2578,#2584);
#2578 = PRODUCT_DEFINITION_SHAPE('','',#2579);
#2579 = PRODUCT_DEFINITION('design','',#2580,#2583);
#2580 = PRODUCT_DEFINITION_FORMATION('','',#2581);
#2581 = PRODUCT('ball_F9','ball_F9','',(#2582));
#2582 = PRODUCT_CONTEXT('',#2,'mechanical');
#2583 = PRODUCT_DEFINITION_CONTEXT('part definition',#2,'design');
#2584 = ADVANCED_BREP_SHAPE_REPRESENTATION('',(#11,#2585),#2597);
#2585 = MANIFOLD_SOLID_BREP('',#2586);
#2586 = CLOSED_SHELL('',(#2587));
#2587 = ADVANCED_FACE('',(#2588),#2592,.T.);
#2588 = FACE_BOUND('',#2589,.T.);
#2589 = VERTEX_LOOP('',#2590);
#2590 = VERTEX_POINT('',#2591);
#2591 = CARTESIAN_POINT('',(2.275,-0.325,0.));
#2592 = SPHERICAL_SURFACE('',#2593,0.15);
#2593 = AXIS2_PLACEMENT_3D('',#2594,#2595,#2596);
#2594 = CARTESIAN_POINT('',(2.275,-0.325,0.15));
#2595 = DIRECTION('',(0.,0.,1.));
#2596 = DIRECTION('',(1.,0.,0.));
#2597 = ( GEOMETRIC_REPRESENTATION_CONTEXT(3) 
GLOBAL_UNCERTAINTY_ASSIGNED_CONTEXT((#2601)) 
GLOBAL_UNIT_ASSIGNED_CONTEXT((#2598,#2599,#2600)) REPRESENTATION_CONTEXT
('Context #1','3D Context with UNIT and UNCERTAINTY') );
#2598 = ( LENGTH_UNIT() NAMED_UNIT(*) SI_UNIT(.MILLI.,.METRE.) );
#2599 = ( NAMED_UNIT(*) PLANE_ANGLE_UNIT() SI_UNIT($,.RADIAN.) );
#2600 = ( NAMED_UNIT(*) SI_UNIT($,.STERADIAN.) SOLID_ANGLE_UNIT() );
#2601 = UNCERTAINTY_MEASURE_WITH_UNIT(LENGTH_MEASURE(1.E-07),#2598,
  'distance_accuracy_value','confusion accuracy');
#2602 = CONTEXT_DEPENDENT_SHAPE_REPRESENTATION(#2603,#2605);
#2603 = ( REPRESENTATION_RELATIONSHIP('','',#2584,#10) 
REPRESENTATION_RELATIONSHIP_WITH_TRANSFORMATION(#2604) 
SHAPE_REPRESENTATION_RELATIONSHIP() );
#2604 = ITEM_DEFINED_TRANSFORMATION('','',#11,#207);
#2605 = PRODUCT_DEFINITION_SHAPE('Placement','Placement of an item',
  #2606);
#2606 = NEXT_ASSEMBLY_USAGE_OCCURRENCE('49','ball_F9','',#5,#2579,$);
#2607 = PRODUCT_RELATED_PRODUCT_CATEGORY('part',$,(#2581));
#2608 = SHAPE_DEFINITION_REPRESENTATION(#2609,#2615);
#2609 = PRODUCT_DEFINITION_SHAPE('','',#2610);
#2610 = PRODUCT_DEFINITION('design','',#2611,#2614);
#2611 = PRODUCT_DEFINITION_FORMATION('','',#2612);
#2612 = PRODUCT('ball_F10','ball_F10','',(#2613));
#2613 = PRODUCT_CONTEXT('',#2,'mechanical');
#2614 = PRODUCT_DEFINITION_CONTEXT('part definition',#2,'design');
#2615 = ADVANCED_BREP_SHAPE_REPRESENTATION('',(#11,#2616),#2628);
#2616 = MANIFOLD_SOLID_BREP('',#2617);
#2617 = CLOSED_SHELL('',(#2618));
#2618 = ADVANCED_FACE('',(#2619),#2623,.T.);
#2619 = FACE_BOUND('',#2620,.T.);
#2620 = VERTEX_LOOP('',#2621);
#2621 = VERTEX_POINT('',#2622);
#2622 = CARTESIAN_POINT('',(2.925,-0.325,0.));
#2623 = SPHERICAL_SURFACE('',#2624,0.15);
#2624 = AXIS2_PLACEMENT_3D('',#2625,#2626,#2627);
#2625 = CARTESIAN_POINT('',(2.925,-0.325,0.15));
#2626 = DIRECTION('',(0.,0.,1.));
#2627 = DIRECTION('',(1.,0.,0.));
#2628 = ( GEOMETRIC_REPRESENTATION_CONTEXT(3) 
GLOBAL_UNCERTAINTY_ASSIGNED_CONTEXT((#2632)) 
GLOBAL_UNIT_ASSIGNED_CONTEXT((#2629,#2630,#2631)) REPRESENTATION_CONTEXT
('Context #1','3D Context with UNIT and UNCERTAINTY') );
#2629 = ( LENGTH_UNIT() NAMED_UNIT(*) SI_UNIT(.MILLI.,.METRE.) );
#2630 = ( NAMED_UNIT(*) PLANE_ANGLE_UNIT() SI_UNIT($,.RADIAN.) );
#2631 = ( NAMED_UNIT(*) SI_UNIT($,.STERADIAN.) SOLID_ANGLE_UNIT() );
#2632 = UNCERTAINTY_MEASURE_WITH_UNIT(LENGTH_MEASURE(1.E-07),#2629,
  'distance_accuracy_value','confusion accuracy');
#2633 = CONTEXT_DEPENDENT_SHAPE_REPRESENTATION(#2634,#2636);
#2634 = ( REPRESENTATION_RELATIONSHIP('','',#2615,#10) 
REPRESENTATION_RELATIONSHIP_WITH_TRANSFORMATION(#2635) 
SHAPE_REPRESENTATION_RELATIONSHIP() );
#2635 = ITEM_DEFINED_TRANSFORMATION('','',#11,#211);
#2636 = PRODUCT_DEFINITION_SHAPE('Placement','Placement of an item',
  #2637);
#2637 = NEXT_ASSEMBLY_USAGE_OCCURRENCE('50','ball_F10','',#5,#2610,$);
#2638 = PRODUCT_RELATED_PRODUCT_CATEGORY('part',$,(#2612));
#2639 = SHAPE_DEFINITION_REPRESENTATION(#2640,#2646);
#2640 = PRODUCT_DEFINITION_SHAPE('','',#2641);
#2641 = PRODUCT_DEFINITION('design','',#2642,#2645);
#2642 = PRODUCT_DEFINITION_FORMATION('','',#2643);
#2643 = PRODUCT('ball_G1','ball_G1','',(#2644));
#2644 = PRODUCT_CONTEXT('',#2,'mechanical');
#2645 = PRODUCT_DEFINITION_CONTEXT('part definition',#2,'design');
#2646 = ADVANCED_BREP_SHAPE_REPRESENTATION('',(#11,#2647),#2659);
#2647 = MANIFOLD_SOLID_BREP('',#2648);
#2648 = CLOSED_SHELL('',(#2649));
#2649 = ADVANCED_FACE('',(#2650),#2654,.T.);
#2650 = FACE_BOUND('',#2651,.T.);
#2651 = VERTEX_LOOP('',#2652);
#2652 = VERTEX_POINT('',#2653);
#2653 = CARTESIAN_POINT('',(-2.925,-0.975,0.));
#2654 = SPHERICAL_SURFACE('',#2655,0.15);
#2655 = AXIS2_PLACEMENT_3D('',#2656,#2657,#2658);
#2656 = CARTESIAN_POINT('',(-2.925,-0.975,0.15));
#2657 = DIRECTION('',(0.,0.,1.));
#2658 = DIRECTION('',(1.,0.,0.));
#2659 = ( GEOMETRIC_REPRESENTATION_CONTEXT(3) 
GLOBAL_UNCERTAINTY_ASSIGNED_CONTEXT((#2663)) 
GLOBAL_UNIT_ASSIGNED_CONTEXT((#2660,#2661,#2662)) REPRESENTATION_CONTEXT
('Context #1','3D Context with UNIT and UNCERTAINTY') );
#2660 = ( LENGTH_UNIT() NAMED_UNIT(*) SI_UNIT(.MILLI.,.METRE.) );
#2661 = ( NAMED_UNIT(*) PLANE_ANGLE_UNIT() SI_UNIT($,.RADIAN.) );
#2662 = ( NAMED_UNIT(*) SI_UNIT($,.STERADIAN.) SOLID_ANGLE_UNIT() );
#2663 = UNCERTAINTY_MEASURE_WITH_UNIT(LENGTH_MEASURE(1.E-07),#2660,
  'distance_accuracy_value','confusion accuracy');
#2664 = CONTEXT_DEPENDENT_SHAPE_REPRESENTATION(#2665,#2667);
#2665 = ( REPRESENTATION_RELATIONSHIP('','',#2646,#10) 
REPRESENTATION_RELATIONSHIP_WITH_TRANSFORMATION(#2666) 
SHAPE_REPRESENTATION_RELATIONSHIP() );
#2666 = ITEM_DEFINED_TRANSFORMATION('','',#11,#215);
#2667 = PRODUCT_DEFINITION_SHAPE('Placement','Placement of an item',
  #2668);
#2668 = NEXT_ASSEMBLY_USAGE_OCCURRENCE('51','ball_G1','',#5,#2641,$);
#2669 = PRODUCT_RELATED_PRODUCT_CATEGORY('part',$,(#2643));
#2670 = SHAPE_DEFINITION_REPRESENTATION(#2671,#2677);
#2671 = PRODUCT_DEFINITION_SHAPE('','',#2672);
#2672 = PRODUCT_DEFINITION('design','',#2673,#2676);
#2673 = PRODUCT_DEFINITION_FORMATION('','',#2674);
#2674 = PRODUCT('ball_G2','ball_G2','',(#2675));
#2675 = PRODUCT_CONTEXT('',#2,'mechanical');
#2676 = PRODUCT_DEFINITION_CONTEXT('part definition',#2,'design');
#2677 = ADVANCED_BREP_SHAPE_REPRESENTATION('',(#11,#2678),#2690);
#2678 = MANIFOLD_SOLID_BREP('',#2679);
#2679 = CLOSED_SHELL('',(#2680));
#2680 = ADVANCED_FACE('',(#2681),#2685,.T.);
#2681 = FACE_BOUND('',#2682,.T.);
#2682 = VERTEX_LOOP('',#2683);
#2683 = VERTEX_POINT('',#2684);
#2684 = CARTESIAN_POINT('',(-2.275,-0.975,0.));
#2685 = SPHERICAL_SURFACE('',#2686,0.15);
#2686 = AXIS2_PLACEMENT_3D('',#2687,#2688,#2689);
#2687 = CARTESIAN_POINT('',(-2.275,-0.975,0.15));
#2688 = DIRECTION('',(0.,0.,1.));
#2689 = DIRECTION('',(1.,0.,0.));
#2690 = ( GEOMETRIC_REPRESENTATION_CONTEXT(3) 
GLOBAL_UNCERTAINTY_ASSIGNED_CONTEXT((#2694)) 
GLOBAL_UNIT_ASSIGNED_CONTEXT((#2691,#2692,#2693)) REPRESENTATION_CONTEXT
('Context #1','3D Context with UNIT and UNCERTAINTY') );
#2691 = ( LENGTH_UNIT() NAMED_UNIT(*) SI_UNIT(.MILLI.,.METRE.) );
#2692 = ( NAMED_UNIT(*) PLANE_ANGLE_UNIT() SI_UNIT($,.RADIAN.) );
#2693 = ( NAMED_UNIT(*) SI_UNIT($,.STERADIAN.) SOLID_ANGLE_UNIT() );
#2694 = UNCERTAINTY_MEASURE_WITH_UNIT(LENGTH_MEASURE(1.E-07),#2691,
  'distance_accuracy_value','confusion accuracy');
#2695 = CONTEXT_DEPENDENT_SHAPE_REPRESENTATION(#2696,#2698);
#2696 = ( REPRESENTATION_RELATIONSHIP('','',#2677,#10) 
REPRESENTATION_RELATIONSHIP_WITH_TRANSFORMATION(#2697) 
SHAPE_REPRESENTATION_RELATIONSHIP() );
#2697 = ITEM_DEFINED_TRANSFORMATION('','',#11,#219);
#2698 = PRODUCT_DEFINITION_SHAPE('Placement','Placement of an item',
  #2699);
#2699 = NEXT_ASSEMBLY_USAGE_OCCURRENCE('52','ball_G2','',#5,#2672,$);
#2700 = PRODUCT_RELATED_PRODUCT_CATEGORY('part',$,(#2674));
#2701 = SHAPE_DEFINITION_REPRESENTATION(#2702,#2708);
#2702 = PRODUCT_DEFINITION_SHAPE('','',#2703);
#2703 = PRODUCT_DEFINITION('design','',#2704,#2707);
#2704 = PRODUCT_DEFINITION_FORMATION('','',#2705);
#2705 = PRODUCT('ball_G4','ball_G4','',(#2706));
#2706 = PRODUCT_CONTEXT('',#2,'mechanical');
#2707 = PRODUCT_DEFINITION_CONTEXT('part definition',#2,'design');
#2708 = ADVANCED_BREP_SHAPE_REPRESENTATION('',(#11,#2709),#2721);
#2709 = MANIFOLD_SOLID_BREP('',#2710);
#2710 = CLOSED_SHELL('',(#2711));
#2711 = ADVANCED_FACE('',(#2712),#2716,.T.);
#2712 = FACE_BOUND('',#2713,.T.);
#2713 = VERTEX_LOOP('',#2714);
#2714 = VERTEX_POINT('',#2715);
#2715 = CARTESIAN_POINT('',(-0.975,-0.975,0.));
#2716 = SPHERICAL_SURFACE('',#2717,0.15);
#2717 = AXIS2_PLACEMENT_3D('',#2718,#2719,#2720);
#2718 = CARTESIAN_POINT('',(-0.975,-0.975,0.15));
#2719 = DIRECTION('',(0.,0.,1.));
#2720 = DIRECTION('',(1.,0.,0.));
#2721 = ( GEOMETRIC_REPRESENTATION_CONTEXT(3) 
GLOBAL_UNCERTAINTY_ASSIGNED_CONTEXT((#2725)) 
GLOBAL_UNIT_ASSIGNED_CONTEXT((#2722,#2723,#2724)) REPRESENTATION_CONTEXT
('Context #1','3D Context with UNIT and UNCERTAINTY') );
#2722 = ( LENGTH_UNIT() NAMED_UNIT(*) SI_UNIT(.MILLI.,.METRE.) );
#2723 = ( NAMED_UNIT(*) PLANE_ANGLE_UNIT() SI_UNIT($,.RADIAN.) );
#2724 = ( NAMED_UNIT(*) SI_UNIT($,.STERADIAN.) SOLID_ANGLE_UNIT() );
#2725 = UNCERTAINTY_MEASURE_WITH_UNIT(LENGTH_MEASURE(1.E-07),#2722,
  'distance_accuracy_value','confusion accuracy');
#2726 = CONTEXT_DEPENDENT_SHAPE_REPRESENTATION(#2727,#2729);
#2727 = ( REPRESENTATION_RELATIONSHIP('','',#2708,#10) 
REPRESENTATION_RELATIONSHIP_WITH_TRANSFORMATION(#2728) 
SHAPE_REPRESENTATION_RELATIONSHIP() );
#2728 = ITEM_DEFINED_TRANSFORMATION('','',#11,#223);
#2729 = PRODUCT_DEFINITION_SHAPE('Placement','Placement of an item',
  #2730);
#2730 = NEXT_ASSEMBLY_USAGE_OCCURRENCE('53','ball_G4','',#5,#2703,$);
#2731 = PRODUCT_RELATED_PRODUCT_CATEGORY('part',$,(#2705));
#2732 = SHAPE_DEFINITION_REPRESENTATION(#2733,#2739);
#2733 = PRODUCT_DEFINITION_SHAPE('','',#2734);
#2734 = PRODUCT_DEFINITION('design','',#2735,#2738);
#2735 = PRODUCT_DEFINITION_FORMATION('','',#2736);
#2736 = PRODUCT('ball_G5','ball_G5','',(#2737));
#2737 = PRODUCT_CONTEXT('',#2,'mechanical');
#2738 = PRODUCT_DEFINITION_CONTEXT('part definition',#2,'design');
#2739 = ADVANCED_BREP_SHAPE_REPRESENTATION('',(#11,#2740),#2752);
#2740 = MANIFOLD_SOLID_BREP('',#2741);
#2741 = CLOSED_SHELL('',(#2742));
#2742 = ADVANCED_FACE('',(#2743),#2747,.T.);
#2743 = FACE_BOUND('',#2744,.T.);
#2744 = VERTEX_LOOP('',#2745);
#2745 = VERTEX_POINT('',#2746);
#2746 = CARTESIAN_POINT('',(-0.325,-0.975,0.));
#2747 = SPHERICAL_SURFACE('',#2748,0.15);
#2748 = AXIS2_PLACEMENT_3D('',#2749,#2750,#2751);
#2749 = CARTESIAN_POINT('',(-0.325,-0.975,0.15));
#2750 = DIRECTION('',(0.,0.,1.));
#2751 = DIRECTION('',(1.,0.,0.));
#2752 = ( GEOMETRIC_REPRESENTATION_CONTEXT(3) 
GLOBAL_UNCERTAINTY_ASSIGNED_CONTEXT((#2756)) 
GLOBAL_UNIT_ASSIGNED_CONTEXT((#2753,#2754,#2755)) REPRESENTATION_CONTEXT
('Context #1','3D Context with UNIT and UNCERTAINTY') );
#2753 = ( LENGTH_UNIT() NAMED_UNIT(*) SI_UNIT(.MILLI.,.METRE.) );
#2754 = ( NAMED_UNIT(*) PLANE_ANGLE_UNIT() SI_UNIT($,.RADIAN.) );
#2755 = ( NAMED_UNIT(*) SI_UNIT($,.STERADIAN.) SOLID_ANGLE_UNIT() );
#2756 = UNCERTAINTY_MEASURE_WITH_UNIT(LENGTH_MEASURE(1.E-07),#2753,
  'distance_accuracy_value','confusion accuracy');
#2757 = CONTEXT_DEPENDENT_SHAPE_REPRESENTATION(#2758,#2760);
#2758 = ( REPRESENTATION_RELATIONSHIP('','',#2739,#10) 
REPRESENTATION_RELATIONSHIP_WITH_TRANSFORMATION(#2759) 
SHAPE_REPRESENTATION_RELATIONSHIP() );
#2759 = ITEM_DEFINED_TRANSFORMATION('','',#11,#227);
#2760 = PRODUCT_DEFINITION_SHAPE('Placement','Placement of an item',
  #2761);
#2761 = NEXT_ASSEMBLY_USAGE_OCCURRENCE('54','ball_G5','',#5,#2734,$);
#2762 = PRODUCT_RELATED_PRODUCT_CATEGORY('part',$,(#2736));
#2763 = SHAPE_DEFINITION_REPRESENTATION(#2764,#2770);
#2764 = PRODUCT_DEFINITION_SHAPE('','',#2765);
#2765 = PRODUCT_DEFINITION('design','',#2766,#2769);
#2766 = PRODUCT_DEFINITION_FORMATION('','',#2767);
#2767 = PRODUCT('ball_G6','ball_G6','',(#2768));
#2768 = PRODUCT_CONTEXT('',#2,'mechanical');
#2769 = PRODUCT_DEFINITION_CONTEXT('part definition',#2,'design');
#2770 = ADVANCED_BREP_SHAPE_REPRESENTATION('',(#11,#2771),#2783);
#2771 = MANIFOLD_SOLID_BREP('',#2772);
#2772 = CLOSED_SHELL('',(#2773));
#2773 = ADVANCED_FACE('',(#2774),#2778,.T.);
#2774 = FACE_BOUND('',#2775,.T.);
#2775 = VERTEX_LOOP('',#2776);
#2776 = VERTEX_POINT('',#2777);
#2777 = CARTESIAN_POINT('',(0.325,-0.975,0.));
#2778 = SPHERICAL_SURFACE('',#2779,0.15);
#2779 = AXIS2_PLACEMENT_3D('',#2780,#2781,#2782);
#2780 = CARTESIAN_POINT('',(0.325,-0.975,0.15));
#2781 = DIRECTION('',(0.,0.,1.));
#2782 = DIRECTION('',(1.,0.,0.));
#2783 = ( GEOMETRIC_REPRESENTATION_CONTEXT(3) 
GLOBAL_UNCERTAINTY_ASSIGNED_CONTEXT((#2787)) 
GLOBAL_UNIT_ASSIGNED_CONTEXT((#2784,#2785,#2786)) REPRESENTATION_CONTEXT
('Context #1','3D Context with UNIT and UNCERTAINTY') );
#2784 = ( LENGTH_UNIT() NAMED_UNIT(*) SI_UNIT(.MILLI.,.METRE.) );
#2785 = ( NAMED_UNIT(*) PLANE_ANGLE_UNIT() SI_UNIT($,.RADIAN.) );
#2786 = ( NAMED_UNIT(*) SI_UNIT($,.STERADIAN.) SOLID_ANGLE_UNIT() );
#2787 = UNCERTAINTY_MEASURE_WITH_UNIT(LENGTH_MEASURE(1.E-07),#2784,
  'distance_accuracy_value','confusion accuracy');
#2788 = CONTEXT_DEPENDENT_SHAPE_REPRESENTATION(#2789,#2791);
#2789 = ( REPRESENTATION_RELATIONSHIP('','',#2770,#10) 
REPRESENTATION_RELATIONSHIP_WITH_TRANSFORMATION(#2790) 
SHAPE_REPRESENTATION_RELATIONSHIP() );
#2790 = ITEM_DEFINED_TRANSFORMATION('','',#11,#231);
#2791 = PRODUCT_DEFINITION_SHAPE('Placement','Placement of an item',
  #2792);
#2792 = NEXT_ASSEMBLY_USAGE_OCCURRENCE('55','ball_G6','',#5,#2765,$);
#2793 = PRODUCT_RELATED_PRODUCT_CATEGORY('part',$,(#2767));
#2794 = SHAPE_DEFINITION_REPRESENTATION(#2795,#2801);
#2795 = PRODUCT_DEFINITION_SHAPE('','',#2796);
#2796 = PRODUCT_DEFINITION('design','',#2797,#2800);
#2797 = PRODUCT_DEFINITION_FORMATION('','',#2798);
#2798 = PRODUCT('ball_G7','ball_G7','',(#2799));
#2799 = PRODUCT_CONTEXT('',#2,'mechanical');
#2800 = PRODUCT_DEFINITION_CONTEXT('part definition',#2,'design');
#2801 = ADVANCED_BREP_SHAPE_REPRESENTATION('',(#11,#2802),#2814);
#2802 = MANIFOLD_SOLID_BREP('',#2803);
#2803 = CLOSED_SHELL('',(#2804));
#2804 = ADVANCED_FACE('',(#2805),#2809,.T.);
#2805 = FACE_BOUND('',#2806,.T.);
#2806 = VERTEX_LOOP('',#2807);
#2807 = VERTEX_POINT('',#2808);
#2808 = CARTESIAN_POINT('',(0.975,-0.975,0.));
#2809 = SPHERICAL_SURFACE('',#2810,0.15);
#2810 = AXIS2_PLACEMENT_3D('',#2811,#2812,#2813);
#2811 = CARTESIAN_POINT('',(0.975,-0.975,0.15));
#2812 = DIRECTION('',(0.,0.,1.));
#2813 = DIRECTION('',(1.,0.,0.));
#2814 = ( GEOMETRIC_REPRESENTATION_CONTEXT(3) 
GLOBAL_UNCERTAINTY_ASSIGNED_CONTEXT((#2818)) 
GLOBAL_UNIT_ASSIGNED_CONTEXT((#2815,#2816,#2817)) REPRESENTATION_CONTEXT
('Context #1','3D Context with UNIT and UNCERTAINTY') );
#2815 = ( LENGTH_UNIT() NAMED_UNIT(*) SI_UNIT(.MILLI.,.METRE.) );
#2816 = ( NAMED_UNIT(*) PLANE_ANGLE_UNIT() SI_UNIT($,.RADIAN.) );
#2817 = ( NAMED_UNIT(*) SI_UNIT($,.STERADIAN.) SOLID_ANGLE_UNIT() );
#2818 = UNCERTAINTY_MEASURE_WITH_UNIT(LENGTH_MEASURE(1.E-07),#2815,
  'distance_accuracy_value','confusion accuracy');
#2819 = CONTEXT_DEPENDENT_SHAPE_REPRESENTATION(#2820,#2822);
#2820 = ( REPRESENTATION_RELATIONSHIP('','',#2801,#10) 
REPRESENTATION_RELATIONSHIP_WITH_TRANSFORMATION(#2821) 
SHAPE_REPRESENTATION_RELATIONSHIP() );
#2821 = ITEM_DEFINED_TRANSFORMATION('','',#11,#235);
#2822 = PRODUCT_DEFINITION_SHAPE('Placement','Placement of an item',
  #2823);
#2823 = NEXT_ASSEMBLY_USAGE_OCCURRENCE('56','ball_G7','',#5,#2796,$);
#2824 = PRODUCT_RELATED_PRODUCT_CATEGORY('part',$,(#2798));
#2825 = SHAPE_DEFINITION_REPRESENTATION(#2826,#2832);
#2826 = PRODUCT_DEFINITION_SHAPE('','',#2827);
#2827 = PRODUCT_DEFINITION('design','',#2828,#2831);
#2828 = PRODUCT_DEFINITION_FORMATION('','',#2829);
#2829 = PRODUCT('ball_G9','ball_G9','',(#2830));
#2830 = PRODUCT_CONTEXT('',#2,'mechanical');
#2831 = PRODUCT_DEFINITION_CONTEXT('part definition',#2,'design');
#2832 = ADVANCED_BREP_SHAPE_REPRESENTATION('',(#11,#2833),#2845);
#2833 = MANIFOLD_SOLID_BREP('',#2834);
#2834 = CLOSED_SHELL('',(#2835));
#2835 = ADVANCED_FACE('',(#2836),#2840,.T.);
#2836 = FACE_BOUND('',#2837,.T.);
#2837 = VERTEX_LOOP('',#2838);
#2838 = VERTEX_POINT('',#2839);
#2839 = CARTESIAN_POINT('',(2.275,-0.975,0.));
#2840 = SPHERICAL_SURFACE('',#2841,0.15);
#2841 = AXIS2_PLACEMENT_3D('',#2842,#2843,#2844);
#2842 = CARTESIAN_POINT('',(2.275,-0.975,0.15));
#2843 = DIRECTION('',(0.,0.,1.));
#2844 = DIRECTION('',(1.,0.,0.));
#2845 = ( GEOMETRIC_REPRESENTATION_CONTEXT(3) 
GLOBAL_UNCERTAINTY_ASSIGNED_CONTEXT((#2849)) 
GLOBAL_UNIT_ASSIGNED_CONTEXT((#2846,#2847,#2848)) REPRESENTATION_CONTEXT
('Context #1','3D Context with UNIT and UNCERTAINTY') );
#2846 = ( LENGTH_UNIT() NAMED_UNIT(*) SI_UNIT(.MILLI.,.METRE.) );
#2847 = ( NAMED_UNIT(*) PLANE_ANGLE_UNIT() SI_UNIT($,.RADIAN.) );
#2848 = ( NAMED_UNIT(*) SI_UNIT($,.STERADIAN.) SOLID_ANGLE_UNIT() );
#2849 = UNCERTAINTY_MEASURE_WITH_UNIT(LENGTH_MEASURE(1.E-07),#2846,
  'distance_accuracy_value','confusion accuracy');
#2850 = CONTEXT_DEPENDENT_SHAPE_REPRESENTATION(#2851,#2853);
#2851 = ( REPRESENTATION_RELATIONSHIP('','',#2832,#10) 
REPRESENTATION_RELATIONSHIP_WITH_TRANSFORMATION(#2852) 
SHAPE_REPRESENTATION_RELATIONSHIP() );
#2852 = ITEM_DEFINED_TRANSFORMATION('','',#11,#239);
#2853 = PRODUCT_DEFINITION_SHAPE('Placement','Placement of an item',
  #2854);
#2854 = NEXT_ASSEMBLY_USAGE_OCCURRENCE('57','ball_G9','',#5,#2827,$);
#2855 = PRODUCT_RELATED_PRODUCT_CATEGORY('part',$,(#2829));
#2856 = SHAPE_DEFINITION_REPRESENTATION(#2857,#2863);
#2857 = PRODUCT_DEFINITION_SHAPE('','',#2858);
#2858 = PRODUCT_DEFINITION('design','',#2859,#2862);
#2859 = PRODUCT_DEFINITION_FORMATION('','',#2860);
#2860 = PRODUCT('ball_G10','ball_G10','',(#2861));
#2861 = PRODUCT_CONTEXT('',#2,'mechanical');
#2862 = PRODUCT_DEFINITION_CONTEXT('part definition',#2,'design');
#2863 = ADVANCED_BREP_SHAPE_REPRESENTATION('',(#11,#2864),#2876);
#2864 = MANIFOLD_SOLID_BREP('',#2865);
#2865 = CLOSED_SHELL('',(#2866));
#2866 = ADVANCED_FACE('',(#2867),#2871,.T.);
#2867 = FACE_BOUND('',#2868,.T.);
#2868 = VERTEX_LOOP('',#2869);
#2869 = VERTEX_POINT('',#2870);
#2870 = CARTESIAN_POINT('',(2.925,-0.975,0.));
#2871 = SPHERICAL_SURFACE('',#2872,0.15);
#2872 = AXIS2_PLACEMENT_3D('',#2873,#2874,#2875);
#2873 = CARTESIAN_POINT('',(2.925,-0.975,0.15));
#2874 = DIRECTION('',(0.,0.,1.));
#2875 = DIRECTION('',(1.,0.,0.));
#2876 = ( GEOMETRIC_REPRESENTATION_CONTEXT(3) 
GLOBAL_UNCERTAINTY_ASSIGNED_CONTEXT((#2880)) 
GLOBAL_UNIT_ASSIGNED_CONTEXT((#2877,#2878,#2879)) REPRESENTATION_CONTEXT
('Context #1','3D Context with UNIT and UNCERTAINTY') );
#2877 = ( LENGTH_UNIT() NAMED_UNIT(*) SI_UNIT(.MILLI.,.METRE.) );
#2878 = ( NAMED_UNIT(*) PLANE_ANGLE_UNIT() SI_UNIT($,.RADIAN.) );
#2879 = ( NAMED_UNIT(*) SI_UNIT($,.STERADIAN.) SOLID_ANGLE_UNIT() );
#2880 = UNCERTAINTY_MEASURE_WITH_UNIT(LENGTH_MEASURE(1.E-07),#2877,
  'distance_accuracy_value','confusion accuracy');
#2881 = CONTEXT_DEPENDENT_SHAPE_REPRESENTATION(#2882,#2884);
#2882 = ( REPRESENTATION_RELATIONSHIP('','',#2863,#10) 
REPRESENTATION_RELATIONSHIP_WITH_TRANSFORMATION(#2883) 
SHAPE_REPRESENTATION_RELATIONSHIP() );
#2883 = ITEM_DEFINED_TRANSFORMATION('','',#11,#243);
#2884 = PRODUCT_DEFINITION_SHAPE('Placement','Placement of an item',
  #2885);
#2885 = NEXT_ASSEMBLY_USAGE_OCCURRENCE('58','ball_G10','',#5,#2858,$);
#2886 = PRODUCT_RELATED_PRODUCT_CATEGORY('part',$,(#2860));
#2887 = SHAPE_DEFINITION_REPRESENTATION(#2888,#2894);
#2888 = PRODUCT_DEFINITION_SHAPE('','',#2889);
#2889 = PRODUCT_DEFINITION('design','',#2890,#2893);
#2890 = PRODUCT_DEFINITION_FORMATION('','',#2891);
#2891 = PRODUCT('ball_H1','ball_H1','',(#2892));
#2892 = PRODUCT_CONTEXT('',#2,'mechanical');
#2893 = PRODUCT_DEFINITION_CONTEXT('part definition',#2,'design');
#2894 = ADVANCED_BREP_SHAPE_REPRESENTATION('',(#11,#2895),#2907);
#2895 = MANIFOLD_SOLID_BREP('',#2896);
#2896 = CLOSED_SHELL('',(#2897));
#2897 = ADVANCED_FACE('',(#2898),#2902,.T.);
#2898 = FACE_BOUND('',#2899,.T.);
#2899 = VERTEX_LOOP('',#2900);
#2900 = VERTEX_POINT('',#2901);
#2901 = CARTESIAN_POINT('',(-2.925,-1.625,0.));
#2902 = SPHERICAL_SURFACE('',#2903,0.15);
#2903 = AXIS2_PLACEMENT_3D('',#2904,#2905,#2906);
#2904 = CARTESIAN_POINT('',(-2.925,-1.625,0.15));
#2905 = DIRECTION('',(0.,0.,1.));
#2906 = DIRECTION('',(1.,0.,0.));
#2907 = ( GEOMETRIC_REPRESENTATION_CONTEXT(3) 
GLOBAL_UNCERTAINTY_ASSIGNED_CONTEXT((#2911)) 
GLOBAL_UNIT_ASSIGNED_CONTEXT((#2908,#2909,#2910)) REPRESENTATION_CONTEXT
('Context #1','3D Context with UNIT and UNCERTAINTY') );
#2908 = ( LENGTH_UNIT() NAMED_UNIT(*) SI_UNIT(.MILLI.,.METRE.) );
#2909 = ( NAMED_UNIT(*) PLANE_ANGLE_UNIT() SI_UNIT($,.RADIAN.) );
#2910 = ( NAMED_UNIT(*) SI_UNIT($,.STERADIAN.) SOLID_ANGLE_UNIT() );
#2911 = UNCERTAINTY_MEASURE_WITH_UNIT(LENGTH_MEASURE(1.E-07),#2908,
  'distance_accuracy_value','confusion accuracy');
#2912 = CONTEXT_DEPENDENT_SHAPE_REPRESENTATION(#2913,#2915);
#2913 = ( REPRESENTATION_RELATIONSHIP('','',#2894,#10) 
REPRESENTATION_RELATIONSHIP_WITH_TRANSFORMATION(#2914) 
SHAPE_REPRESENTATION_RELATIONSHIP() );
#2914 = ITEM_DEFINED_TRANSFORMATION('','',#11,#247);
#2915 = PRODUCT_DEFINITION_SHAPE('Placement','Placement of an item',
  #2916);
#2916 = NEXT_ASSEMBLY_USAGE_OCCURRENCE('59','ball_H1','',#5,#2889,$);
#2917 = PRODUCT_RELATED_PRODUCT_CATEGORY('part',$,(#2891));
#2918 = SHAPE_DEFINITION_REPRESENTATION(#2919,#2925);
#2919 = PRODUCT_DEFINITION_SHAPE('','',#2920);
#2920 = PRODUCT_DEFINITION('design','',#2921,#2924);
#2921 = PRODUCT_DEFINITION_FORMATION('','',#2922);
#2922 = PRODUCT('ball_H2','ball_H2','',(#2923));
#2923 = PRODUCT_CONTEXT('',#2,'mechanical');
#2924 = PRODUCT_DEFINITION_CONTEXT('part definition',#2,'design');
#2925 = ADVANCED_BREP_SHAPE_REPRESENTATION('',(#11,#2926),#2938);
#2926 = MANIFOLD_SOLID_BREP('',#2927);
#2927 = CLOSED_SHELL('',(#2928));
#2928 = ADVANCED_FACE('',(#2929),#2933,.T.);
#2929 = FACE_BOUND('',#2930,.T.);
#2930 = VERTEX_LOOP('',#2931);
#2931 = VERTEX_POINT('',#2932);
#2932 = CARTESIAN_POINT('',(-2.275,-1.625,0.));
#2933 = SPHERICAL_SURFACE('',#2934,0.15);
#2934 = AXIS2_PLACEMENT_3D('',#2935,#2936,#2937);
#2935 = CARTESIAN_POINT('',(-2.275,-1.625,0.15));
#2936 = DIRECTION('',(0.,0.,1.));
#2937 = DIRECTION('',(1.,0.,0.));
#2938 = ( GEOMETRIC_REPRESENTATION_CONTEXT(3) 
GLOBAL_UNCERTAINTY_ASSIGNED_CONTEXT((#2942)) 
GLOBAL_UNIT_ASSIGNED_CONTEXT((#2939,#2940,#2941)) REPRESENTATION_CONTEXT
('Context #1','3D Context with UNIT and UNCERTAINTY') );
#2939 = ( LENGTH_UNIT() NAMED_UNIT(*) SI_UNIT(.MILLI.,.METRE.) );
#2940 = ( NAMED_UNIT(*) PLANE_ANGLE_UNIT() SI_UNIT($,.RADIAN.) );
#2941 = ( NAMED_UNIT(*) SI_UNIT($,.STERADIAN.) SOLID_ANGLE_UNIT() );
#2942 = UNCERTAINTY_MEASURE_WITH_UNIT(LENGTH_MEASURE(1.E-07),#2939,
  'distance_accuracy_value','confusion accuracy');
#2943 = CONTEXT_DEPENDENT_SHAPE_REPRESENTATION(#2944,#2946);
#2944 = ( REPRESENTATION_RELATIONSHIP('','',#2925,#10) 
REPRESENTATION_RELATIONSHIP_WITH_TRANSFORMATION(#2945) 
SHAPE_REPRESENTATION_RELATIONSHIP() );
#2945 = ITEM_DEFINED_TRANSFORMATION('','',#11,#251);
#2946 = PRODUCT_DEFINITION_SHAPE('Placement','Placement of an item',
  #2947);
#2947 = NEXT_ASSEMBLY_USAGE_OCCURRENCE('60','ball_H2','',#5,#2920,$);
#2948 = PRODUCT_RELATED_PRODUCT_CATEGORY('part',$,(#2922));
#2949 = SHAPE_DEFINITION_REPRESENTATION(#2950,#2956);
#2950 = PRODUCT_DEFINITION_SHAPE('','',#2951);
#2951 = PRODUCT_DEFINITION('design','',#2952,#2955);
#2952 = PRODUCT_DEFINITION_FORMATION('','',#2953);
#2953 = PRODUCT('ball_H9','ball_H9','',(#2954));
#2954 = PRODUCT_CONTEXT('',#2,'mechanical');
#2955 = PRODUCT_DEFINITION_CONTEXT('part definition',#2,'design');
#2956 = ADVANCED_BREP_SHAPE_REPRESENTATION('',(#11,#2957),#2969);
#2957 = MANIFOLD_SOLID_BREP('',#2958);
#2958 = CLOSED_SHELL('',(#2959));
#2959 = ADVANCED_FACE('',(#2960),#2964,.T.);
#2960 = FACE_BOUND('',#2961,.T.);
#2961 = VERTEX_LOOP('',#2962);
#2962 = VERTEX_POINT('',#2963);
#2963 = CARTESIAN_POINT('',(2.275,-1.625,0.));
#2964 = SPHERICAL_SURFACE('',#2965,0.15);
#2965 = AXIS2_PLACEMENT_3D('',#2966,#2967,#2968);
#2966 = CARTESIAN_POINT('',(2.275,-1.625,0.15));
#2967 = DIRECTION('',(0.,0.,1.));
#2968 = DIRECTION('',(1.,0.,0.));
#2969 = ( GEOMETRIC_REPRESENTATION_CONTEXT(3) 
GLOBAL_UNCERTAINTY_ASSIGNED_CONTEXT((#2973)) 
GLOBAL_UNIT_ASSIGNED_CONTEXT((#2970,#2971,#2972)) REPRESENTATION_CONTEXT
('Context #1','3D Context with UNIT and UNCERTAINTY') );
#2970 = ( LENGTH_UNIT() NAMED_UNIT(*) SI_UNIT(.MILLI.,.METRE.) );
#2971 = ( NAMED_UNIT(*) PLANE_ANGLE_UNIT() SI_UNIT($,.RADIAN.) );
#2972 = ( NAMED_UNIT(*) SI_UNIT($,.STERADIAN.) SOLID_ANGLE_UNIT() );
#2973 = UNCERTAINTY_MEASURE_WITH_UNIT(LENGTH_MEASURE(1.E-07),#2970,
  'distance_accuracy_value','confusion accuracy');
#2974 = CONTEXT_DEPENDENT_SHAPE_REPRESENTATION(#2975,#2977);
#2975 = ( REPRESENTATION_RELATIONSHIP('','',#2956,#10) 
REPRESENTATION_RELATIONSHIP_WITH_TRANSFORMATION(#2976) 
SHAPE_REPRESENTATION_RELATIONSHIP() );
#2976 = ITEM_DEFINED_TRANSFORMATION('','',#11,#255);
#2977 = PRODUCT_DEFINITION_SHAPE('Placement','Placement of an item',
  #2978);
#2978 = NEXT_ASSEMBLY_USAGE_OCCURRENCE('61','ball_H9','',#5,#2951,$);
#2979 = PRODUCT_RELATED_PRODUCT_CATEGORY('part',$,(#2953));
#2980 = SHAPE_DEFINITION_REPRESENTATION(#2981,#2987);
#2981 = PRODUCT_DEFINITION_SHAPE('','',#2982);
#2982 = PRODUCT_DEFINITION('design','',#2983,#2986);
#2983 = PRODUCT_DEFINITION_FORMATION('','',#2984);
#2984 = PRODUCT('ball_H10','ball_H10','',(#2985));
#2985 = PRODUCT_CONTEXT('',#2,'mechanical');
#2986 = PRODUCT_DEFINITION_CONTEXT('part definition',#2,'design');
#2987 = ADVANCED_BREP_SHAPE_REPRESENTATION('',(#11,#2988),#3000);
#2988 = MANIFOLD_SOLID_BREP('',#2989);
#2989 = CLOSED_SHELL('',(#2990));
#2990 = ADVANCED_FACE('',(#2991),#2995,.T.);
#2991 = FACE_BOUND('',#2992,.T.);
#2992 = VERTEX_LOOP('',#2993);
#2993 = VERTEX_POINT('',#2994);
#2994 = CARTESIAN_POINT('',(2.925,-1.625,0.));
#2995 = SPHERICAL_SURFACE('',#2996,0.15);
#2996 = AXIS2_PLACEMENT_3D('',#2997,#2998,#2999);
#2997 = CARTESIAN_POINT('',(2.925,-1.625,0.15));
#2998 = DIRECTION('',(0.,0.,1.));
#2999 = DIRECTION('',(1.,0.,0.));
#3000 = ( GEOMETRIC_REPRESENTATION_CONTEXT(3) 
GLOBAL_UNCERTAINTY_ASSIGNED_CONTEXT((#3004)) 
GLOBAL_UNIT_ASSIGNED_CONTEXT((#3001,#3002,#3003)) REPRESENTATION_CONTEXT
('Context #1','3D Context with UNIT and UNCERTAINTY') );
#3001 = ( LENGTH_UNIT() NAMED_UNIT(*) SI_UNIT(.MILLI.,.METRE.) );
#3002 = ( NAMED_UNIT(*) PLANE_ANGLE_UNIT() SI_UNIT($,.RADIAN.) );
#3003 = ( NAMED_UNIT(*) SI_UNIT($,.STERADIAN.) SOLID_ANGLE_UNIT() );
#3004 = UNCERTAINTY_MEASURE_WITH_UNIT(LENGTH_MEASURE(1.E-07),#3001,
  'distance_accuracy_value','confusion accuracy');
#3005 = CONTEXT_DEPENDENT_SHAPE_REPRESENTATION(#3006,#3008);
#3006 = ( REPRESENTATION_RELATIONSHIP('','',#2987,#10) 
REPRESENTATION_RELATIONSHIP_WITH_TRANSFORMATION(#3007) 
SHAPE_REPRESENTATION_RELATIONSHIP() );
#3007 = ITEM_DEFINED_TRANSFORMATION('','',#11,#259);
#3008 = PRODUCT_DEFINITION_SHAPE('Placement','Placement of an item',
  #3009);
#3009 = NEXT_ASSEMBLY_USAGE_OCCURRENCE('62','ball_H10','',#5,#2982,$);
#3010 = PRODUCT_RELATED_PRODUCT_CATEGORY('part',$,(#2984));
#3011 = SHAPE_DEFINITION_REPRESENTATION(#3012,#3018);
#3012 = PRODUCT_DEFINITION_SHAPE('','',#3013);
#3013 = PRODUCT_DEFINITION('design','',#3014,#3017);
#3014 = PRODUCT_DEFINITION_FORMATION('','',#3015);
#3015 = PRODUCT('ball_J1','ball_J1','',(#3016));
#3016 = PRODUCT_CONTEXT('',#2,'mechanical');
#3017 = PRODUCT_DEFINITION_CONTEXT('part definition',#2,'design');
#3018 = ADVANCED_BREP_SHAPE_REPRESENTATION('',(#11,#3019),#3031);
#3019 = MANIFOLD_SOLID_BREP('',#3020);
#3020 = CLOSED_SHELL('',(#3021));
#3021 = ADVANCED_FACE('',(#3022),#3026,.T.);
#3022 = FACE_BOUND('',#3023,.T.);
#3023 = VERTEX_LOOP('',#3024);
#3024 = VERTEX_POINT('',#3025);
#3025 = CARTESIAN_POINT('',(-2.925,-2.275,0.));
#3026 = SPHERICAL_SURFACE('',#3027,0.15);
#3027 = AXIS2_PLACEMENT_3D('',#3028,#3029,#3030);
#3028 = CARTESIAN_POINT('',(-2.925,-2.275,0.15));
#3029 = DIRECTION('',(0.,0.,1.));
#3030 = DIRECTION('',(1.,0.,0.));
#3031 = ( GEOMETRIC_REPRESENTATION_CONTEXT(3) 
GLOBAL_UNCERTAINTY_ASSIGNED_CONTEXT((#3035)) 
GLOBAL_UNIT_ASSIGNED_CONTEXT((#3032,#3033,#3034)) REPRESENTATION_CONTEXT
('Context #1','3D Context with UNIT and UNCERTAINTY') );
#3032 = ( LENGTH_UNIT() NAMED_UNIT(*) SI_UNIT(.MILLI.,.METRE.) );
#3033 = ( NAMED_UNIT(*) PLANE_ANGLE_UNIT() SI_UNIT($,.RADIAN.) );
#3034 = ( NAMED_UNIT(*) SI_UNIT($,.STERADIAN.) SOLID_ANGLE_UNIT() );
#3035 = UNCERTAINTY_MEASURE_WITH_UNIT(LENGTH_MEASURE(1.E-07),#3032,
  'distance_accuracy_value','confusion accuracy');
#3036 = CONTEXT_DEPENDENT_SHAPE_REPRESENTATION(#3037,#3039);
#3037 = ( REPRESENTATION_RELATIONSHIP('','',#3018,#10) 
REPRESENTATION_RELATIONSHIP_WITH_TRANSFORMATION(#3038) 
SHAPE_REPRESENTATION_RELATIONSHIP() );
#3038 = ITEM_DEFINED_TRANSFORMATION('','',#11,#263);
#3039 = PRODUCT_DEFINITION_SHAPE('Placement','Placement of an item',
  #3040);
#3040 = NEXT_ASSEMBLY_USAGE_OCCURRENCE('63','ball_J1','',#5,#3013,$);
#3041 = PRODUCT_RELATED_PRODUCT_CATEGORY('part',$,(#3015));
#3042 = SHAPE_DEFINITION_REPRESENTATION(#3043,#3049);
#3043 = PRODUCT_DEFINITION_SHAPE('','',#3044);
#3044 = PRODUCT_DEFINITION('design','',#3045,#3048);
#3045 = PRODUCT_DEFINITION_FORMATION('','',#3046);
#3046 = PRODUCT('ball_J2','ball_J2','',(#3047));
#3047 = PRODUCT_CONTEXT('',#2,'mechanical');
#3048 = PRODUCT_DEFINITION_CONTEXT('part definition',#2,'design');
#3049 = ADVANCED_BREP_SHAPE_REPRESENTATION('',(#11,#3050),#3062);
#3050 = MANIFOLD_SOLID_BREP('',#3051);
#3051 = CLOSED_SHELL('',(#3052));
#3052 = ADVANCED_FACE('',(#3053),#3057,.T.);
#3053 = FACE_BOUND('',#3054,.T.);
#3054 = VERTEX_LOOP('',#3055);
#3055 = VERTEX_POINT('',#3056);
#3056 = CARTESIAN_POINT('',(-2.275,-2.275,0.));
#3057 = SPHERICAL_SURFACE('',#3058,0.15);
#3058 = AXIS2_PLACEMENT_3D('',#3059,#3060,#3061);
#3059 = CARTESIAN_POINT('',(-2.275,-2.275,0.15));
#3060 = DIRECTION('',(0.,0.,1.));
#3061 = DIRECTION('',(1.,0.,0.));
#3062 = ( GEOMETRIC_REPRESENTATION_CONTEXT(3) 
GLOBAL_UNCERTAINTY_ASSIGNED_CONTEXT((#3066)) 
GLOBAL_UNIT_ASSIGNED_CONTEXT((#3063,#3064,#3065)) REPRESENTATION_CONTEXT
('Context #1','3D Context with UNIT and UNCERTAINTY') );
#3063 = ( LENGTH_UNIT() NAMED_UNIT(*) SI_UNIT(.MILLI.,.METRE.) );
#3064 = ( NAMED_UNIT(*) PLANE_ANGLE_UNIT() SI_UNIT($,.RADIAN.) );
#3065 = ( NAMED_UNIT(*) SI_UNIT($,.STERADIAN.) SOLID_ANGLE_UNIT() );
#3066 = UNCERTAINTY_MEASURE_WITH_UNIT(LENGTH_MEASURE(1.E-07),#3063,
  'distance_accuracy_value','confusion accuracy');
#3067 = CONTEXT_DEPENDENT_SHAPE_REPRESENTATION(#3068,#3070);
#3068 = ( REPRESENTATION_RELATIONSHIP('','',#3049,#10) 
REPRESENTATION_RELATIONSHIP_WITH_TRANSFORMATION(#3069) 
SHAPE_REPRESENTATION_RELATIONSHIP() );
#3069 = ITEM_DEFINED_TRANSFORMATION('','',#11,#267);
#3070 = PRODUCT_DEFINITION_SHAPE('Placement','Placement of an item',
  #3071);
#3071 = NEXT_ASSEMBLY_USAGE_OCCURRENCE('64','ball_J2','',#5,#3044,$);
#3072 = PRODUCT_RELATED_PRODUCT_CATEGORY('part',$,(#3046));
#3073 = SHAPE_DEFINITION_REPRESENTATION(#3074,#3080);
#3074 = PRODUCT_DEFINITION_SHAPE('','',#3075);
#3075 = PRODUCT_DEFINITION('design','',#3076,#3079);
#3076 = PRODUCT_DEFINITION_FORMATION('','',#3077);
#3077 = PRODUCT('ball_J3','ball_J3','',(#3078));
#3078 = PRODUCT_CONTEXT('',#2,'mechanical');
#3079 = PRODUCT_DEFINITION_CONTEXT('part definition',#2,'design');
#3080 = ADVANCED_BREP_SHAPE_REPRESENTATION('',(#11,#3081),#3093);
#3081 = MANIFOLD_SOLID_BREP('',#3082);
#3082 = CLOSED_SHELL('',(#3083));
#3083 = ADVANCED_FACE('',(#3084),#3088,.T.);
#3084 = FACE_BOUND('',#3085,.T.);
#3085 = VERTEX_LOOP('',#3086);
#3086 = VERTEX_POINT('',#3087);
#3087 = CARTESIAN_POINT('',(-1.625,-2.275,0.));
#3088 = SPHERICAL_SURFACE('',#3089,0.15);
#3089 = AXIS2_PLACEMENT_3D('',#3090,#3091,#3092);
#3090 = CARTESIAN_POINT('',(-1.625,-2.275,0.15));
#3091 = DIRECTION('',(0.,0.,1.));
#3092 = DIRECTION('',(1.,0.,0.));
#3093 = ( GEOMETRIC_REPRESENTATION_CONTEXT(3) 
GLOBAL_UNCERTAINTY_ASSIGNED_CONTEXT((#3097)) 
GLOBAL_UNIT_ASSIGNED_CONTEXT((#3094,#3095,#3096)) REPRESENTATION_CONTEXT
('Context #1','3D Context with UNIT and UNCERTAINTY') );
#3094 = ( LENGTH_UNIT() NAMED_UNIT(*) SI_UNIT(.MILLI.,.METRE.) );
#3095 = ( NAMED_UNIT(*) PLANE_ANGLE_UNIT() SI_UNIT($,.RADIAN.) );
#3096 = ( NAMED_UNIT(*) SI_UNIT($,.STERADIAN.) SOLID_ANGLE_UNIT() );
#3097 = UNCERTAINTY_MEASURE_WITH_UNIT(LENGTH_MEASURE(1.E-07),#3094,
  'distance_accuracy_value','confusion accuracy');
#3098 = CONTEXT_DEPENDENT_SHAPE_REPRESENTATION(#3099,#3101);
#3099 = ( REPRESENTATION_RELATIONSHIP('','',#3080,#10) 
REPRESENTATION_RELATIONSHIP_WITH_TRANSFORMATION(#3100) 
SHAPE_REPRESENTATION_RELATIONSHIP() );
#3100 = ITEM_DEFINED_TRANSFORMATION('','',#11,#271);
#3101 = PRODUCT_DEFINITION_SHAPE('Placement','Placement of an item',
  #3102);
#3102 = NEXT_ASSEMBLY_USAGE_OCCURRENCE('65','ball_J3','',#5,#3075,$);
#3103 = PRODUCT_RELATED_PRODUCT_CATEGORY('part',$,(#3077));
#3104 = SHAPE_DEFINITION_REPRESENTATION(#3105,#3111);
#3105 = PRODUCT_DEFINITION_SHAPE('','',#3106);
#3106 = PRODUCT_DEFINITION('design','',#3107,#3110);
#3107 = PRODUCT_DEFINITION_FORMATION('','',#3108);
#3108 = PRODUCT('ball_J4','ball_J4','',(#3109));
#3109 = PRODUCT_CONTEXT('',#2,'mechanical');
#3110 = PRODUCT_DEFINITION_CONTEXT('part definition',#2,'design');
#3111 = ADVANCED_BREP_SHAPE_REPRESENTATION('',(#11,#3112),#3124);
#3112 = MANIFOLD_SOLID_BREP('',#3113);
#3113 = CLOSED_SHELL('',(#3114));
#3114 = ADVANCED_FACE('',(#3115),#3119,.T.);
#3115 = FACE_BOUND('',#3116,.T.);
#3116 = VERTEX_LOOP('',#3117);
#3117 = VERTEX_POINT('',#3118);
#3118 = CARTESIAN_POINT('',(-0.975,-2.275,0.));
#3119 = SPHERICAL_SURFACE('',#3120,0.15);
#3120 = AXIS2_PLACEMENT_3D('',#3121,#3122,#3123);
#3121 = CARTESIAN_POINT('',(-0.975,-2.275,0.15));
#3122 = DIRECTION('',(0.,0.,1.));
#3123 = DIRECTION('',(1.,0.,0.));
#3124 = ( GEOMETRIC_REPRESENTATION_CONTEXT(3) 
GLOBAL_UNCERTAINTY_ASSIGNED_CONTEXT((#3128)) 
GLOBAL_UNIT_ASSIGNED_CONTEXT((#3125,#3126,#3127)) REPRESENTATION_CONTEXT
('Context #1','3D Context with UNIT and UNCERTAINTY') );
#3125 = ( LENGTH_UNIT() NAMED_UNIT(*) SI_UNIT(.MILLI.,.METRE.) );
#3126 = ( NAMED_UNIT(*) PLANE_ANGLE_UNIT() SI_UNIT($,.RADIAN.) );
#3127 = ( NAMED_UNIT(*) SI_UNIT($,.STERADIAN.) SOLID_ANGLE_UNIT() );
#3128 = UNCERTAINTY_MEASURE_WITH_UNIT(LENGTH_MEASURE(1.E-07),#3125,
  'distance_accuracy_value','confusion accuracy');
#3129 = CONTEXT_DEPENDENT_SHAPE_REPRESENTATION(#3130,#3132);
#3130 = ( REPRESENTATION_RELATIONSHIP('','',#3111,#10) 
REPRESENTATION_RELATIONSHIP_WITH_TRANSFORMATION(#3131) 
SHAPE_REPRESENTATION_RELATIONSHIP() );
#3131 = ITEM_DEFINED_TRANSFORMATION('','',#11,#275);
#3132 = PRODUCT_DEFINITION_SHAPE('Placement','Placement of an item',
  #3133);
#3133 = NEXT_ASSEMBLY_USAGE_OCCURRENCE('66','ball_J4','',#5,#3106,$);
#3134 = PRODUCT_RELATED_PRODUCT_CATEGORY('part',$,(#3108));
#3135 = SHAPE_DEFINITION_REPRESENTATION(#3136,#3142);
#3136 = PRODUCT_DEFINITION_SHAPE('','',#3137);
#3137 = PRODUCT_DEFINITION('design','',#3138,#3141);
#3138 = PRODUCT_DEFINITION_FORMATION('','',#3139);
#3139 = PRODUCT('ball_J5','ball_J5','',(#3140));
#3140 = PRODUCT_CONTEXT('',#2,'mechanical');
#3141 = PRODUCT_DEFINITION_CONTEXT('part definition',#2,'design');
#3142 = ADVANCED_BREP_SHAPE_REPRESENTATION('',(#11,#3143),#3155);
#3143 = MANIFOLD_SOLID_BREP('',#3144);
#3144 = CLOSED_SHELL('',(#3145));
#3145 = ADVANCED_FACE('',(#3146),#3150,.T.);
#3146 = FACE_BOUND('',#3147,.T.);
#3147 = VERTEX_LOOP('',#3148);
#3148 = VERTEX_POINT('',#3149);
#3149 = CARTESIAN_POINT('',(-0.325,-2.275,0.));
#3150 = SPHERICAL_SURFACE('',#3151,0.15);
#3151 = AXIS2_PLACEMENT_3D('',#3152,#3153,#3154);
#3152 = CARTESIAN_POINT('',(-0.325,-2.275,0.15));
#3153 = DIRECTION('',(0.,0.,1.));
#3154 = DIRECTION('',(1.,0.,0.));
#3155 = ( GEOMETRIC_REPRESENTATION_CONTEXT(3) 
GLOBAL_UNCERTAINTY_ASSIGNED_CONTEXT((#3159)) 
GLOBAL_UNIT_ASSIGNED_CONTEXT((#3156,#3157,#3158)) REPRESENTATION_CONTEXT
('Context #1','3D Context with UNIT and UNCERTAINTY') );
#3156 = ( LENGTH_UNIT() NAMED_UNIT(*) SI_UNIT(.MILLI.,.METRE.) );
#3157 = ( NAMED_UNIT(*) PLANE_ANGLE_UNIT() SI_UNIT($,.RADIAN.) );
#3158 = ( NAMED_UNIT(*) SI_UNIT($,.STERADIAN.) SOLID_ANGLE_UNIT() );
#3159 = UNCERTAINTY_MEASURE_WITH_UNIT(LENGTH_MEASURE(1.E-07),#3156,
  'distance_accuracy_value','confusion accuracy');
#3160 = CONTEXT_DEPENDENT_SHAPE_REPRESENTATION(#3161,#3163);
#3161 = ( REPRESENTATION_RELATIONSHIP('','',#3142,#10) 
REPRESENTATION_RELATIONSHIP_WITH_TRANSFORMATION(#3162) 
SHAPE_REPRESENTATION_RELATIONSHIP() );
#3162 = ITEM_DEFINED_TRANSFORMATION('','',#11,#279);
#3163 = PRODUCT_DEFINITION_SHAPE('Placement','Placement of an item',
  #3164);
#3164 = NEXT_ASSEMBLY_USAGE_OCCURRENCE('67','ball_J5','',#5,#3137,$);
#3165 = PRODUCT_RELATED_PRODUCT_CATEGORY('part',$,(#3139));
#3166 = SHAPE_DEFINITION_REPRESENTATION(#3167,#3173);
#3167 = PRODUCT_DEFINITION_SHAPE('','',#3168);
#3168 = PRODUCT_DEFINITION('design','',#3169,#3172);
#3169 = PRODUCT_DEFINITION_FORMATION('','',#3170);
#3170 = PRODUCT('ball_J6','ball_J6','',(#3171));
#3171 = PRODUCT_CONTEXT('',#2,'mechanical');
#3172 = PRODUCT_DEFINITION_CONTEXT('part definition',#2,'design');
#3173 = ADVANCED_BREP_SHAPE_REPRESENTATION('',(#11,#3174),#3186);
#3174 = MANIFOLD_SOLID_BREP('',#3175);
#3175 = CLOSED_SHELL('',(#3176));
#3176 = ADVANCED_FACE('',(#3177),#3181,.T.);
#3177 = FACE_BOUND('',#3178,.T.);
#3178 = VERTEX_LOOP('',#3179);
#3179 = VERTEX_POINT('',#3180);
#3180 = CARTESIAN_POINT('',(0.325,-2.275,0.));
#3181 = SPHERICAL_SURFACE('',#3182,0.15);
#3182 = AXIS2_PLACEMENT_3D('',#3183,#3184,#3185);
#3183 = CARTESIAN_POINT('',(0.325,-2.275,0.15));
#3184 = DIRECTION('',(0.,0.,1.));
#3185 = DIRECTION('',(1.,0.,0.));
#3186 = ( GEOMETRIC_REPRESENTATION_CONTEXT(3) 
GLOBAL_UNCERTAINTY_ASSIGNED_CONTEXT((#3190)) 
GLOBAL_UNIT_ASSIGNED_CONTEXT((#3187,#3188,#3189)) REPRESENTATION_CONTEXT
('Context #1','3D Context with UNIT and UNCERTAINTY') );
#3187 = ( LENGTH_UNIT() NAMED_UNIT(*) SI_UNIT(.MILLI.,.METRE.) );
#3188 = ( NAMED_UNIT(*) PLANE_ANGLE_UNIT() SI_UNIT($,.RADIAN.) );
#3189 = ( NAMED_UNIT(*) SI_UNIT($,.STERADIAN.) SOLID_ANGLE_UNIT() );
#3190 = UNCERTAINTY_MEASURE_WITH_UNIT(LENGTH_MEASURE(1.E-07),#3187,
  'distance_accuracy_value','confusion accuracy');
#3191 = CONTEXT_DEPENDENT_SHAPE_REPRESENTATION(#3192,#3194);
#3192 = ( REPRESENTATION_RELATIONSHIP('','',#3173,#10) 
REPRESENTATION_RELATIONSHIP_WITH_TRANSFORMATION(#3193) 
SHAPE_REPRESENTATION_RELATIONSHIP() );
#3193 = ITEM_DEFINED_TRANSFORMATION('','',#11,#283);
#3194 = PRODUCT_DEFINITION_SHAPE('Placement','Placement of an item',
  #3195);
#3195 = NEXT_ASSEMBLY_USAGE_OCCURRENCE('68','ball_J6','',#5,#3168,$);
#3196 = PRODUCT_RELATED_PRODUCT_CATEGORY('part',$,(#3170));
#3197 = SHAPE_DEFINITION_REPRESENTATION(#3198,#3204);
#3198 = PRODUCT_DEFINITION_SHAPE('','',#3199);
#3199 = PRODUCT_DEFINITION('design','',#3200,#3203);
#3200 = PRODUCT_DEFINITION_FORMATION('','',#3201);
#3201 = PRODUCT('ball_J7','ball_J7','',(#3202));
#3202 = PRODUCT_CONTEXT('',#2,'mechanical');
#3203 = PRODUCT_DEFINITION_CONTEXT('part definition',#2,'design');
#3204 = ADVANCED_BREP_SHAPE_REPRESENTATION('',(#11,#3205),#3217);
#3205 = MANIFOLD_SOLID_BREP('',#3206);
#3206 = CLOSED_SHELL('',(#3207));
#3207 = ADVANCED_FACE('',(#3208),#3212,.T.);
#3208 = FACE_BOUND('',#3209,.T.);
#3209 = VERTEX_LOOP('',#3210);
#3210 = VERTEX_POINT('',#3211);
#3211 = CARTESIAN_POINT('',(0.975,-2.275,0.));
#3212 = SPHERICAL_SURFACE('',#3213,0.15);
#3213 = AXIS2_PLACEMENT_3D('',#3214,#3215,#3216);
#3214 = CARTESIAN_POINT('',(0.975,-2.275,0.15));
#3215 = DIRECTION('',(0.,0.,1.));
#3216 = DIRECTION('',(1.,0.,0.));
#3217 = ( GEOMETRIC_REPRESENTATION_CONTEXT(3) 
GLOBAL_UNCERTAINTY_ASSIGNED_CONTEXT((#3221)) 
GLOBAL_UNIT_ASSIGNED_CONTEXT((#3218,#3219,#3220)) REPRESENTATION_CONTEXT
('Context #1','3D Context with UNIT and UNCERTAINTY') );
#3218 = ( LENGTH_UNIT() NAMED_UNIT(*) SI_UNIT(.MILLI.,.METRE.) );
#3219 = ( NAMED_UNIT(*) PLANE_ANGLE_UNIT() SI_UNIT($,.RADIAN.) );
#3220 = ( NAMED_UNIT(*) SI_UNIT($,.STERADIAN.) SOLID_ANGLE_UNIT() );
#3221 = UNCERTAINTY_MEASURE_WITH_UNIT(LENGTH_MEASURE(1.E-07),#3218,
  'distance_accuracy_value','confusion accuracy');
#3222 = CONTEXT_DEPENDENT_SHAPE_REPRESENTATION(#3223,#3225);
#3223 = ( REPRESENTATION_RELATIONSHIP('','',#3204,#10) 
REPRESENTATION_RELATIONSHIP_WITH_TRANSFORMATION(#3224) 
SHAPE_REPRESENTATION_RELATIONSHIP() );
#3224 = ITEM_DEFINED_TRANSFORMATION('','',#11,#287);
#3225 = PRODUCT_DEFINITION_SHAPE('Placement','Placement of an item',
  #3226);
#3226 = NEXT_ASSEMBLY_USAGE_OCCURRENCE('69','ball_J7','',#5,#3199,$);
#3227 = PRODUCT_RELATED_PRODUCT_CATEGORY('part',$,(#3201));
#3228 = SHAPE_DEFINITION_REPRESENTATION(#3229,#3235);
#3229 = PRODUCT_DEFINITION_SHAPE('','',#3230);
#3230 = PRODUCT_DEFINITION('design','',#3231,#3234);
#3231 = PRODUCT_DEFINITION_FORMATION('','',#3232);
#3232 = PRODUCT('ball_J8','ball_J8','',(#3233));
#3233 = PRODUCT_CONTEXT('',#2,'mechanical');
#3234 = PRODUCT_DEFINITION_CONTEXT('part definition',#2,'design');
#3235 = ADVANCED_BREP_SHAPE_REPRESENTATION('',(#11,#3236),#3248);
#3236 = MANIFOLD_SOLID_BREP('',#3237);
#3237 = CLOSED_SHELL('',(#3238));
#3238 = ADVANCED_FACE('',(#3239),#3243,.T.);
#3239 = FACE_BOUND('',#3240,.T.);
#3240 = VERTEX_LOOP('',#3241);
#3241 = VERTEX_POINT('',#3242);
#3242 = CARTESIAN_POINT('',(1.625,-2.275,0.));
#3243 = SPHERICAL_SURFACE('',#3244,0.15);
#3244 = AXIS2_PLACEMENT_3D('',#3245,#3246,#3247);
#3245 = CARTESIAN_POINT('',(1.625,-2.275,0.15));
#3246 = DIRECTION('',(0.,0.,1.));
#3247 = DIRECTION('',(1.,0.,0.));
#3248 = ( GEOMETRIC_REPRESENTATION_CONTEXT(3) 
GLOBAL_UNCERTAINTY_ASSIGNED_CONTEXT((#3252)) 
GLOBAL_UNIT_ASSIGNED_CONTEXT((#3249,#3250,#3251)) REPRESENTATION_CONTEXT
('Context #1','3D Context with UNIT and UNCERTAINTY') );
#3249 = ( LENGTH_UNIT() NAMED_UNIT(*) SI_UNIT(.MILLI.,.METRE.) );
#3250 = ( NAMED_UNIT(*) PLANE_ANGLE_UNIT() SI_UNIT($,.RADIAN.) );
#3251 = ( NAMED_UNIT(*) SI_UNIT($,.STERADIAN.) SOLID_ANGLE_UNIT() );
#3252 = UNCERTAINTY_MEASURE_WITH_UNIT(LENGTH_MEASURE(1.E-07),#3249,
  'distance_accuracy_value','confusion accuracy');
#3253 = CONTEXT_DEPENDENT_SHAPE_REPRESENTATION(#3254,#3256);
#3254 = ( REPRESENTATION_RELATIONSHIP('','',#3235,#10) 
REPRESENTATION_RELATIONSHIP_WITH_TRANSFORMATION(#3255) 
SHAPE_REPRESENTATION_RELATIONSHIP() );
#3255 = ITEM_DEFINED_TRANSFORMATION('','',#11,#291);
#3256 = PRODUCT_DEFINITION_SHAPE('Placement','Placement of an item',
  #3257);
#3257 = NEXT_ASSEMBLY_USAGE_OCCURRENCE('70','ball_J8','',#5,#3230,$);
#3258 = PRODUCT_RELATED_PRODUCT_CATEGORY('part',$,(#3232));
#3259 = SHAPE_DEFINITION_REPRESENTATION(#3260,#3266);
#3260 = PRODUCT_DEFINITION_SHAPE('','',#3261);
#3261 = PRODUCT_DEFINITION('design','',#3262,#3265);
#3262 = PRODUCT_DEFINITION_FORMATION('','',#3263);
#3263 = PRODUCT('ball_J9','ball_J9','',(#3264));
#3264 = PRODUCT_CONTEXT('',#2,'mechanical');
#3265 = PRODUCT_DEFINITION_CONTEXT('part definition',#2,'design');
#3266 = ADVANCED_BREP_SHAPE_REPRESENTATION('',(#11,#3267),#3279);
#3267 = MANIFOLD_SOLID_BREP('',#3268);
#3268 = CLOSED_SHELL('',(#3269));
#3269 = ADVANCED_FACE('',(#3270),#3274,.T.);
#3270 = FACE_BOUND('',#3271,.T.);
#3271 = VERTEX_LOOP('',#3272);
#3272 = VERTEX_POINT('',#3273);
#3273 = CARTESIAN_POINT('',(2.275,-2.275,0.));
#3274 = SPHERICAL_SURFACE('',#3275,0.15);
#3275 = AXIS2_PLACEMENT_3D('',#3276,#3277,#3278);
#3276 = CARTESIAN_POINT('',(2.275,-2.275,0.15));
#3277 = DIRECTION('',(0.,0.,1.));
#3278 = DIRECTION('',(1.,0.,0.));
#3279 = ( GEOMETRIC_REPRESENTATION_CONTEXT(3) 
GLOBAL_UNCERTAINTY_ASSIGNED_CONTEXT((#3283)) 
GLOBAL_UNIT_ASSIGNED_CONTEXT((#3280,#3281,#3282)) REPRESENTATION_CONTEXT
('Context #1','3D Context with UNIT and UNCERTAINTY') );
#3280 = ( LENGTH_UNIT() NAMED_UNIT(*) SI_UNIT(.MILLI.,.METRE.) );
#3281 = ( NAMED_UNIT(*) PLANE_ANGLE_UNIT() SI_UNIT($,.RADIAN.) );
#3282 = ( NAMED_UNIT(*) SI_UNIT($,.STERADIAN.) SOLID_ANGLE_UNIT() );
#3283 = UNCERTAINTY_MEASURE_WITH_UNIT(LENGTH_MEASURE(1.E-07),#3280,
  'distance_accuracy_value','confusion accuracy');
#3284 = CONTEXT_DEPENDENT_SHAPE_REPRESENTATION(#3285,#3287);
#3285 = ( REPRESENTATION_RELATIONSHIP('','',#3266,#10) 
REPRESENTATION_RELATIONSHIP_WITH_TRANSFORMATION(#3286) 
SHAPE_REPRESENTATION_RELATIONSHIP() );
#3286 = ITEM_DEFINED_TRANSFORMATION('','',#11,#295);
#3287 = PRODUCT_DEFINITION_SHAPE('Placement','Placement of an item',
  #3288);
#3288 = NEXT_ASSEMBLY_USAGE_OCCURRENCE('71','ball_J9','',#5,#3261,$);
#3289 = PRODUCT_RELATED_PRODUCT_CATEGORY('part',$,(#3263));
#3290 = SHAPE_DEFINITION_REPRESENTATION(#3291,#3297);
#3291 = PRODUCT_DEFINITION_SHAPE('','',#3292);
#3292 = PRODUCT_DEFINITION('design','',#3293,#3296);
#3293 = PRODUCT_DEFINITION_FORMATION('','',#3294);
#3294 = PRODUCT('ball_J10','ball_J10','',(#3295));
#3295 = PRODUCT_CONTEXT('',#2,'mechanical');
#3296 = PRODUCT_DEFINITION_CONTEXT('part definition',#2,'design');
#3297 = ADVANCED_BREP_SHAPE_REPRESENTATION('',(#11,#3298),#3310);
#3298 = MANIFOLD_SOLID_BREP('',#3299);
#3299 = CLOSED_SHELL('',(#3300));
#3300 = ADVANCED_FACE('',(#3301),#3305,.T.);
#3301 = FACE_BOUND('',#3302,.T.);
#3302 = VERTEX_LOOP('',#3303);
#3303 = VERTEX_POINT('',#3304);
#3304 = CARTESIAN_POINT('',(2.925,-2.275,0.));
#3305 = SPHERICAL_SURFACE('',#3306,0.15);
#3306 = AXIS2_PLACEMENT_3D('',#3307,#3308,#3309);
#3307 = CARTESIAN_POINT('',(2.925,-2.275,0.15));
#3308 = DIRECTION('',(0.,0.,1.));
#3309 = DIRECTION('',(1.,0.,0.));
#3310 = ( GEOMETRIC_REPRESENTATION_CONTEXT(3) 
GLOBAL_UNCERTAINTY_ASSIGNED_CONTEXT((#3314)) 
GLOBAL_UNIT_ASSIGNED_CONTEXT((#3311,#3312,#3313)) REPRESENTATION_CONTEXT
('Context #1','3D Context with UNIT and UNCERTAINTY') );
#3311 = ( LENGTH_UNIT() NAMED_UNIT(*) SI_UNIT(.MILLI.,.METRE.) );
#3312 = ( NAMED_UNIT(*) PLANE_ANGLE_UNIT() SI_UNIT($,.RADIAN.) );
#3313 = ( NAMED_UNIT(*) SI_UNIT($,.STERADIAN.) SOLID_ANGLE_UNIT() );
#3314 = UNCERTAINTY_MEASURE_WITH_UNIT(LENGTH_MEASURE(1.E-07),#3311,
  'distance_accuracy_value','confusion accuracy');
#3315 = CONTEXT_DEPENDENT_SHAPE_REPRESENTATION(#3316,#3318);
#3316 = ( REPRESENTATION_RELATIONSHIP('','',#3297,#10) 
REPRESENTATION_RELATIONSHIP_WITH_TRANSFORMATION(#3317) 
SHAPE_REPRESENTATION_RELATIONSHIP() );
#3317 = ITEM_DEFINED_TRANSFORMATION('','',#11,#299);
#3318 = PRODUCT_DEFINITION_SHAPE('Placement','Placement of an item',
  #3319);
#3319 = NEXT_ASSEMBLY_USAGE_OCCURRENCE('72','ball_J10','',#5,#3292,$);
#3320 = PRODUCT_RELATED_PRODUCT_CATEGORY('part',$,(#3294));
#3321 = SHAPE_DEFINITION_REPRESENTATION(#3322,#3328);
#3322 = PRODUCT_DEFINITION_SHAPE('','',#3323);
#3323 = PRODUCT_DEFINITION('design','',#3324,#3327);
#3324 = PRODUCT_DEFINITION_FORMATION('','',#3325);
#3325 = PRODUCT('ball_K1','ball_K1','',(#3326));
#3326 = PRODUCT_CONTEXT('',#2,'mechanical');
#3327 = PRODUCT_DEFINITION_CONTEXT('part definition',#2,'design');
#3328 = ADVANCED_BREP_SHAPE_REPRESENTATION('',(#11,#3329),#3341);
#3329 = MANIFOLD_SOLID_BREP('',#3330);
#3330 = CLOSED_SHELL('',(#3331));
#3331 = ADVANCED_FACE('',(#3332),#3336,.T.);
#3332 = FACE_BOUND('',#3333,.T.);
#3333 = VERTEX_LOOP('',#3334);
#3334 = VERTEX_POINT('',#3335);
#3335 = CARTESIAN_POINT('',(-2.925,-2.925,0.));
#3336 = SPHERICAL_SURFACE('',#3337,0.15);
#3337 = AXIS2_PLACEMENT_3D('',#3338,#3339,#3340);
#3338 = CARTESIAN_POINT('',(-2.925,-2.925,0.15));
#3339 = DIRECTION('',(0.,0.,1.));
#3340 = DIRECTION('',(1.,0.,0.));
#3341 = ( GEOMETRIC_REPRESENTATION_CONTEXT(3) 
GLOBAL_UNCERTAINTY_ASSIGNED_CONTEXT((#3345)) 
GLOBAL_UNIT_ASSIGNED_CONTEXT((#3342,#3343,#3344)) REPRESENTATION_CONTEXT
('Context #1','3D Context with UNIT and UNCERTAINTY') );
#3342 = ( LENGTH_UNIT() NAMED_UNIT(*) SI_UNIT(.MILLI.,.METRE.) );
#3343 = ( NAMED_UNIT(*) PLANE_ANGLE_UNIT() SI_UNIT($,.RADIAN.) );
#3344 = ( NAMED_UNIT(*) SI_UNIT($,.STERADIAN.) SOLID_ANGLE_UNIT() );
#3345 = UNCERTAINTY_MEASURE_WITH_UNIT(LENGTH_MEASURE(1.E-07),#3342,
  'distance_accuracy_value','confusion accuracy');
#3346 = CONTEXT_DEPENDENT_SHAPE_REPRESENTATION(#3347,#3349);
#3347 = ( REPRESENTATION_RELATIONSHIP('','',#3328,#10) 
REPRESENTATION_RELATIONSHIP_WITH_TRANSFORMATION(#3348) 
SHAPE_REPRESENTATION_RELATIONSHIP() );
#3348 = ITEM_DEFINED_TRANSFORMATION('','',#11,#303);
#3349 = PRODUCT_DEFINITION_SHAPE('Placement','Placement of an item',
  #3350);
#3350 = NEXT_ASSEMBLY_USAGE_OCCURRENCE('73','ball_K1','',#5,#3323,$);
#3351 = PRODUCT_RELATED_PRODUCT_CATEGORY('part',$,(#3325));
#3352 = SHAPE_DEFINITION_REPRESENTATION(#3353,#3359);
#3353 = PRODUCT_DEFINITION_SHAPE('','',#3354);
#3354 = PRODUCT_DEFINITION('design','',#3355,#3358);
#3355 = PRODUCT_DEFINITION_FORMATION('','',#3356);
#3356 = PRODUCT('ball_K2','ball_K2','',(#3357));
#3357 = PRODUCT_CONTEXT('',#2,'mechanical');
#3358 = PRODUCT_DEFINITION_CONTEXT('part definition',#2,'design');
#3359 = ADVANCED_BREP_SHAPE_REPRESENTATION('',(#11,#3360),#3372);
#3360 = MANIFOLD_SOLID_BREP('',#3361);
#3361 = CLOSED_SHELL('',(#3362));
#3362 = ADVANCED_FACE('',(#3363),#3367,.T.);
#3363 = FACE_BOUND('',#3364,.T.);
#3364 = VERTEX_LOOP('',#3365);
#3365 = VERTEX_POINT('',#3366);
#3366 = CARTESIAN_POINT('',(-2.275,-2.925,0.));
#3367 = SPHERICAL_SURFACE('',#3368,0.15);
#3368 = AXIS2_PLACEMENT_3D('',#3369,#3370,#3371);
#3369 = CARTESIAN_POINT('',(-2.275,-2.925,0.15));
#3370 = DIRECTION('',(0.,0.,1.));
#3371 = DIRECTION('',(1.,0.,0.));
#3372 = ( GEOMETRIC_REPRESENTATION_CONTEXT(3) 
GLOBAL_UNCERTAINTY_ASSIGNED_CONTEXT((#3376)) 
GLOBAL_UNIT_ASSIGNED_CONTEXT((#3373,#3374,#3375)) REPRESENTATION_CONTEXT
('Context #1','3D Context with UNIT and UNCERTAINTY') );
#3373 = ( LENGTH_UNIT() NAMED_UNIT(*) SI_UNIT(.MILLI.,.METRE.) );
#3374 = ( NAMED_UNIT(*) PLANE_ANGLE_UNIT() SI_UNIT($,.RADIAN.) );
#3375 = ( NAMED_UNIT(*) SI_UNIT($,.STERADIAN.) SOLID_ANGLE_UNIT() );
#3376 = UNCERTAINTY_MEASURE_WITH_UNIT(LENGTH_MEASURE(1.E-07),#3373,
  'distance_accuracy_value','confusion accuracy');
#3377 = CONTEXT_DEPENDENT_SHAPE_REPRESENTATION(#3378,#3380);
#3378 = ( REPRESENTATION_RELATIONSHIP('','',#3359,#10) 
REPRESENTATION_RELATIONSHIP_WITH_TRANSFORMATION(#3379) 
SHAPE_REPRESENTATION_RELATIONSHIP() );
#3379 = ITEM_DEFINED_TRANSFORMATION('','',#11,#307);
#3380 = PRODUCT_DEFINITION_SHAPE('Placement','Placement of an item',
  #3381);
#3381 = NEXT_ASSEMBLY_USAGE_OCCURRENCE('74','ball_K2','',#5,#3354,$);
#3382 = PRODUCT_RELATED_PRODUCT_CATEGORY('part',$,(#3356));
#3383 = SHAPE_DEFINITION_REPRESENTATION(#3384,#3390);
#3384 = PRODUCT_DEFINITION_SHAPE('','',#3385);
#3385 = PRODUCT_DEFINITION('design','',#3386,#3389);
#3386 = PRODUCT_DEFINITION_FORMATION('','',#3387);
#3387 = PRODUCT('ball_K3','ball_K3','',(#3388));
#3388 = PRODUCT_CONTEXT('',#2,'mechanical');
#3389 = PRODUCT_DEFINITION_CONTEXT('part definition',#2,'design');
#3390 = ADVANCED_BREP_SHAPE_REPRESENTATION('',(#11,#3391),#3403);
#3391 = MANIFOLD_SOLID_BREP('',#3392);
#3392 = CLOSED_SHELL('',(#3393));
#3393 = ADVANCED_FACE('',(#3394),#3398,.T.);
#3394 = FACE_BOUND('',#3395,.T.);
#3395 = VERTEX_LOOP('',#3396);
#3396 = VERTEX_POINT('',#3397);
#3397 = CARTESIAN_POINT('',(-1.625,-2.925,0.));
#3398 = SPHERICAL_SURFACE('',#3399,0.15);
#3399 = AXIS2_PLACEMENT_3D('',#3400,#3401,#3402);
#3400 = CARTESIAN_POINT('',(-1.625,-2.925,0.15));
#3401 = DIRECTION('',(0.,0.,1.));
#3402 = DIRECTION('',(1.,0.,0.));
#3403 = ( GEOMETRIC_REPRESENTATION_CONTEXT(3) 
GLOBAL_UNCERTAINTY_ASSIGNED_CONTEXT((#3407)) 
GLOBAL_UNIT_ASSIGNED_CONTEXT((#3404,#3405,#3406)) REPRESENTATION_CONTEXT
('Context #1','3D Context with UNIT and UNCERTAINTY') );
#3404 = ( LENGTH_UNIT() NAMED_UNIT(*) SI_UNIT(.MILLI.,.METRE.) );
#3405 = ( NAMED_UNIT(*) PLANE_ANGLE_UNIT() SI_UNIT($,.RADIAN.) );
#3406 = ( NAMED_UNIT(*) SI_UNIT($,.STERADIAN.) SOLID_ANGLE_UNIT() );
#3407 = UNCERTAINTY_MEASURE_WITH_UNIT(LENGTH_MEASURE(1.E-07),#3404,
  'distance_accuracy_value','confusion accuracy');
#3408 = CONTEXT_DEPENDENT_SHAPE_REPRESENTATION(#3409,#3411);
#3409 = ( REPRESENTATION_RELATIONSHIP('','',#3390,#10) 
REPRESENTATION_RELATIONSHIP_WITH_TRANSFORMATION(#3410) 
SHAPE_REPRESENTATION_RELATIONSHIP() );
#3410 = ITEM_DEFINED_TRANSFORMATION('','',#11,#311);
#3411 = PRODUCT_DEFINITION_SHAPE('Placement','Placement of an item',
  #3412);
#3412 = NEXT_ASSEMBLY_USAGE_OCCURRENCE('75','ball_K3','',#5,#3385,$);
#3413 = PRODUCT_RELATED_PRODUCT_CATEGORY('part',$,(#3387));
#3414 = SHAPE_DEFINITION_REPRESENTATION(#3415,#3421);
#3415 = PRODUCT_DEFINITION_SHAPE('','',#3416);
#3416 = PRODUCT_DEFINITION('design','',#3417,#3420);
#3417 = PRODUCT_DEFINITION_FORMATION('','',#3418);
#3418 = PRODUCT('ball_K4','ball_K4','',(#3419));
#3419 = PRODUCT_CONTEXT('',#2,'mechanical');
#3420 = PRODUCT_DEFINITION_CONTEXT('part definition',#2,'design');
#3421 = ADVANCED_BREP_SHAPE_REPRESENTATION('',(#11,#3422),#3434);
#3422 = MANIFOLD_SOLID_BREP('',#3423);
#3423 = CLOSED_SHELL('',(#3424));
#3424 = ADVANCED_FACE('',(#3425),#3429,.T.);
#3425 = FACE_BOUND('',#3426,.T.);
#3426 = VERTEX_LOOP('',#3427);
#3427 = VERTEX_POINT('',#3428);
#3428 = CARTESIAN_POINT('',(-0.975,-2.925,0.));
#3429 = SPHERICAL_SURFACE('',#3430,0.15);
#3430 = AXIS2_PLACEMENT_3D('',#3431,#3432,#3433);
#3431 = CARTESIAN_POINT('',(-0.975,-2.925,0.15));
#3432 = DIRECTION('',(0.,0.,1.));
#3433 = DIRECTION('',(1.,0.,0.));
#3434 = ( GEOMETRIC_REPRESENTATION_CONTEXT(3) 
GLOBAL_UNCERTAINTY_ASSIGNED_CONTEXT((#3438)) 
GLOBAL_UNIT_ASSIGNED_CONTEXT((#3435,#3436,#3437)) REPRESENTATION_CONTEXT
('Context #1','3D Context with UNIT and UNCERTAINTY') );
#3435 = ( LENGTH_UNIT() NAMED_UNIT(*) SI_UNIT(.MILLI.,.METRE.) );
#3436 = ( NAMED_UNIT(*) PLANE_ANGLE_UNIT() SI_UNIT($,.RADIAN.) );
#3437 = ( NAMED_UNIT(*) SI_UNIT($,.STERADIAN.) SOLID_ANGLE_UNIT() );
#3438 = UNCERTAINTY_MEASURE_WITH_UNIT(LENGTH_MEASURE(1.E-07),#3435,
  'distance_accuracy_value','confusion accuracy');
#3439 = CONTEXT_DEPENDENT_SHAPE_REPRESENTATION(#3440,#3442);
#3440 = ( REPRESENTATION_RELATIONSHIP('','',#3421,#10) 
REPRESENTATION_RELATIONSHIP_WITH_TRANSFORMATION(#3441) 
SHAPE_REPRESENTATION_RELATIONSHIP() );
#3441 = ITEM_DEFINED_TRANSFORMATION('','',#11,#315);
#3442 = PRODUCT_DEFINITION_SHAPE('Placement','Placement of an item',
  #3443);
#3443 = NEXT_ASSEMBLY_USAGE_OCCURRENCE('76','ball_K4','',#5,#3416,$);
#3444 = PRODUCT_RELATED_PRODUCT_CATEGORY('part',$,(#3418));
#3445 = SHAPE_DEFINITION_REPRESENTATION(#3446,#3452);
#3446 = PRODUCT_DEFINITION_SHAPE('','',#3447);
#3447 = PRODUCT_DEFINITION('design','',#3448,#3451);
#3448 = PRODUCT_DEFINITION_FORMATION('','',#3449);
#3449 = PRODUCT('ball_K5','ball_K5','',(#3450));
#3450 = PRODUCT_CONTEXT('',#2,'mechanical');
#3451 = PRODUCT_DEFINITION_CONTEXT('part definition',#2,'design');
#3452 = ADVANCED_BREP_SHAPE_REPRESENTATION('',(#11,#3453),#3465);
#3453 = MANIFOLD_SOLID_BREP('',#3454);
#3454 = CLOSED_SHELL('',(#3455));
#3455 = ADVANCED_FACE('',(#3456),#3460,.T.);
#3456 = FACE_BOUND('',#3457,.T.);
#3457 = VERTEX_LOOP('',#3458);
#3458 = VERTEX_POINT('',#3459);
#3459 = CARTESIAN_POINT('',(-0.325,-2.925,0.));
#3460 = SPHERICAL_SURFACE('',#3461,0.15);
#3461 = AXIS2_PLACEMENT_3D('',#3462,#3463,#3464);
#3462 = CARTESIAN_POINT('',(-0.325,-2.925,0.15));
#3463 = DIRECTION('',(0.,0.,1.));
#3464 = DIRECTION('',(1.,0.,0.));
#3465 = ( GEOMETRIC_REPRESENTATION_CONTEXT(3) 
GLOBAL_UNCERTAINTY_ASSIGNED_CONTEXT((#3469)) 
GLOBAL_UNIT_ASSIGNED_CONTEXT((#3466,#3467,#3468)) REPRESENTATION_CONTEXT
('Context #1','3D Context with UNIT and UNCERTAINTY') );
#3466 = ( LENGTH_UNIT() NAMED_UNIT(*) SI_UNIT(.MILLI.,.METRE.) );
#3467 = ( NAMED_UNIT(*) PLANE_ANGLE_UNIT() SI_UNIT($,.RADIAN.) );
#3468 = ( NAMED_UNIT(*) SI_UNIT($,.STERADIAN.) SOLID_ANGLE_UNIT() );
#3469 = UNCERTAINTY_MEASURE_WITH_UNIT(LENGTH_MEASURE(1.E-07),#3466,
  'distance_accuracy_value','confusion accuracy');
#3470 = CONTEXT_DEPENDENT_SHAPE_REPRESENTATION(#3471,#3473);
#3471 = ( REPRESENTATION_RELATIONSHIP('','',#3452,#10) 
REPRESENTATION_RELATIONSHIP_WITH_TRANSFORMATION(#3472) 
SHAPE_REPRESENTATION_RELATIONSHIP() );
#3472 = ITEM_DEFINED_TRANSFORMATION('','',#11,#319);
#3473 = PRODUCT_DEFINITION_SHAPE('Placement','Placement of an item',
  #3474);
#3474 = NEXT_ASSEMBLY_USAGE_OCCURRENCE('77','ball_K5','',#5,#3447,$);
#3475 = PRODUCT_RELATED_PRODUCT_CATEGORY('part',$,(#3449));
#3476 = SHAPE_DEFINITION_REPRESENTATION(#3477,#3483);
#3477 = PRODUCT_DEFINITION_SHAPE('','',#3478);
#3478 = PRODUCT_DEFINITION('design','',#3479,#3482);
#3479 = PRODUCT_DEFINITION_FORMATION('','',#3480);
#3480 = PRODUCT('ball_K6','ball_K6','',(#3481));
#3481 = PRODUCT_CONTEXT('',#2,'mechanical');
#3482 = PRODUCT_DEFINITION_CONTEXT('part definition',#2,'design');
#3483 = ADVANCED_BREP_SHAPE_REPRESENTATION('',(#11,#3484),#3496);
#3484 = MANIFOLD_SOLID_BREP('',#3485);
#3485 = CLOSED_SHELL('',(#3486));
#3486 = ADVANCED_FACE('',(#3487),#3491,.T.);
#3487 = FACE_BOUND('',#3488,.T.);
#3488 = VERTEX_LOOP('',#3489);
#3489 = VERTEX_POINT('',#3490);
#3490 = CARTESIAN_POINT('',(0.325,-2.925,0.));
#3491 = SPHERICAL_SURFACE('',#3492,0.15);
#3492 = AXIS2_PLACEMENT_3D('',#3493,#3494,#3495);
#3493 = CARTESIAN_POINT('',(0.325,-2.925,0.15));
#3494 = DIRECTION('',(0.,0.,1.));
#3495 = DIRECTION('',(1.,0.,0.));
#3496 = ( GEOMETRIC_REPRESENTATION_CONTEXT(3) 
GLOBAL_UNCERTAINTY_ASSIGNED_CONTEXT((#3500)) 
GLOBAL_UNIT_ASSIGNED_CONTEXT((#3497,#3498,#3499)) REPRESENTATION_CONTEXT
('Context #1','3D Context with UNIT and UNCERTAINTY') );
#3497 = ( LENGTH_UNIT() NAMED_UNIT(*) SI_UNIT(.MILLI.,.METRE.) );
#3498 = ( NAMED_UNIT(*) PLANE_ANGLE_UNIT() SI_UNIT($,.RADIAN.) );
#3499 = ( NAMED_UNIT(*) SI_UNIT($,.STERADIAN.) SOLID_ANGLE_UNIT() );
#3500 = UNCERTAINTY_MEASURE_WITH_UNIT(LENGTH_MEASURE(1.E-07),#3497,
  'distance_accuracy_value','confusion accuracy');
#3501 = CONTEXT_DEPENDENT_SHAPE_REPRESENTATION(#3502,#3504);
#3502 = ( REPRESENTATION_RELATIONSHIP('','',#3483,#10) 
REPRESENTATION_RELATIONSHIP_WITH_TRANSFORMATION(#3503) 
SHAPE_REPRESENTATION_RELATIONSHIP() );
#3503 = ITEM_DEFINED_TRANSFORMATION('','',#11,#323);
#3504 = PRODUCT_DEFINITION_SHAPE('Placement','Placement of an item',
  #3505);
#3505 = NEXT_ASSEMBLY_USAGE_OCCURRENCE('78','ball_K6','',#5,#3478,$);
#3506 = PRODUCT_RELATED_PRODUCT_CATEGORY('part',$,(#3480));
#3507 = SHAPE_DEFINITION_REPRESENTATION(#3508,#3514);
#3508 = PRODUCT_DEFINITION_SHAPE('','',#3509);
#3509 = PRODUCT_DEFINITION('design','',#3510,#3513);
#3510 = PRODUCT_DEFINITION_FORMATION('','',#3511);
#3511 = PRODUCT('ball_K7','ball_K7','',(#3512));
#3512 = PRODUCT_CONTEXT('',#2,'mechanical');
#3513 = PRODUCT_DEFINITION_CONTEXT('part definition',#2,'design');
#3514 = ADVANCED_BREP_SHAPE_REPRESENTATION('',(#11,#3515),#3527);
#3515 = MANIFOLD_SOLID_BREP('',#3516);
#3516 = CLOSED_SHELL('',(#3517));
#3517 = ADVANCED_FACE('',(#3518),#3522,.T.);
#3518 = FACE_BOUND('',#3519,.T.);
#3519 = VERTEX_LOOP('',#3520);
#3520 = VERTEX_POINT('',#3521);
#3521 = CARTESIAN_POINT('',(0.975,-2.925,0.));
#3522 = SPHERICAL_SURFACE('',#3523,0.15);
#3523 = AXIS2_PLACEMENT_3D('',#3524,#3525,#3526);
#3524 = CARTESIAN_POINT('',(0.975,-2.925,0.15));
#3525 = DIRECTION('',(0.,0.,1.));
#3526 = DIRECTION('',(1.,0.,0.));
#3527 = ( GEOMETRIC_REPRESENTATION_CONTEXT(3) 
GLOBAL_UNCERTAINTY_ASSIGNED_CONTEXT((#3531)) 
GLOBAL_UNIT_ASSIGNED_CONTEXT((#3528,#3529,#3530)) REPRESENTATION_CONTEXT
('Context #1','3D Context with UNIT and UNCERTAINTY') );
#3528 = ( LENGTH_UNIT() NAMED_UNIT(*) SI_UNIT(.MILLI.,.METRE.) );
#3529 = ( NAMED_UNIT(*) PLANE_ANGLE_UNIT() SI_UNIT($,.RADIAN.) );
#3530 = ( NAMED_UNIT(*) SI_UNIT($,.STERADIAN.) SOLID_ANGLE_UNIT() );
#3531 = UNCERTAINTY_MEASURE_WITH_UNIT(LENGTH_MEASURE(1.E-07),#3528,
  'distance_accuracy_value','confusion accuracy');
#3532 = CONTEXT_DEPENDENT_SHAPE_REPRESENTATION(#3533,#3535);
#3533 = ( REPRESENTATION_RELATIONSHIP('','',#3514,#10) 
REPRESENTATION_RELATIONSHIP_WITH_TRANSFORMATION(#3534) 
SHAPE_REPRESENTATION_RELATIONSHIP() );
#3534 = ITEM_DEFINED_TRANSFORMATION('','',#11,#327);
#3535 = PRODUCT_DEFINITION_SHAPE('Placement','Placement of an item',
  #3536);
#3536 = NEXT_ASSEMBLY_USAGE_OCCURRENCE('79','ball_K7','',#5,#3509,$);
#3537 = PRODUCT_RELATED_PRODUCT_CATEGORY('part',$,(#3511));
#3538 = SHAPE_DEFINITION_REPRESENTATION(#3539,#3545);
#3539 = PRODUCT_DEFINITION_SHAPE('','',#3540);
#3540 = PRODUCT_DEFINITION('design','',#3541,#3544);
#3541 = PRODUCT_DEFINITION_FORMATION('','',#3542);
#3542 = PRODUCT('ball_K8','ball_K8','',(#3543));
#3543 = PRODUCT_CONTEXT('',#2,'mechanical');
#3544 = PRODUCT_DEFINITION_CONTEXT('part definition',#2,'design');
#3545 = ADVANCED_BREP_SHAPE_REPRESENTATION('',(#11,#3546),#3558);
#3546 = MANIFOLD_SOLID_BREP('',#3547);
#3547 = CLOSED_SHELL('',(#3548));
#3548 = ADVANCED_FACE('',(#3549),#3553,.T.);
#3549 = FACE_BOUND('',#3550,.T.);
#3550 = VERTEX_LOOP('',#3551);
#3551 = VERTEX_POINT('',#3552);
#3552 = CARTESIAN_POINT('',(1.625,-2.925,0.));
#3553 = SPHERICAL_SURFACE('',#3554,0.15);
#3554 = AXIS2_PLACEMENT_3D('',#3555,#3556,#3557);
#3555 = CARTESIAN_POINT('',(1.625,-2.925,0.15));
#3556 = DIRECTION('',(0.,0.,1.));
#3557 = DIRECTION('',(1.,0.,0.));
#3558 = ( GEOMETRIC_REPRESENTATION_CONTEXT(3) 
GLOBAL_UNCERTAINTY_ASSIGNED_CONTEXT((#3562)) 
GLOBAL_UNIT_ASSIGNED_CONTEXT((#3559,#3560,#3561)) REPRESENTATION_CONTEXT
('Context #1','3D Context with UNIT and UNCERTAINTY') );
#3559 = ( LENGTH_UNIT() NAMED_UNIT(*) SI_UNIT(.MILLI.,.METRE.) );
#3560 = ( NAMED_UNIT(*) PLANE_ANGLE_UNIT() SI_UNIT($,.RADIAN.) );
#3561 = ( NAMED_UNIT(*) SI_UNIT($,.STERADIAN.) SOLID_ANGLE_UNIT() );
#3562 = UNCERTAINTY_MEASURE_WITH_UNIT(LENGTH_MEASURE(1.E-07),#3559,
  'distance_accuracy_value','confusion accuracy');
#3563 = CONTEXT_DEPENDENT_SHAPE_REPRESENTATION(#3564,#3566);
#3564 = ( REPRESENTATION_RELATIONSHIP('','',#3545,#10) 
REPRESENTATION_RELATIONSHIP_WITH_TRANSFORMATION(#3565) 
SHAPE_REPRESENTATION_RELATIONSHIP() );
#3565 = ITEM_DEFINED_TRANSFORMATION('','',#11,#331);
#3566 = PRODUCT_DEFINITION_SHAPE('Placement','Placement of an item',
  #3567);
#3567 = NEXT_ASSEMBLY_USAGE_OCCURRENCE('80','ball_K8','',#5,#3540,$);
#3568 = PRODUCT_RELATED_PRODUCT_CATEGORY('part',$,(#3542));
#3569 = SHAPE_DEFINITION_REPRESENTATION(#3570,#3576);
#3570 = PRODUCT_DEFINITION_SHAPE('','',#3571);
#3571 = PRODUCT_DEFINITION('design','',#3572,#3575);
#3572 = PRODUCT_DEFINITION_FORMATION('','',#3573);
#3573 = PRODUCT('ball_K9','ball_K9','',(#3574));
#3574 = PRODUCT_CONTEXT('',#2,'mechanical');
#3575 = PRODUCT_DEFINITION_CONTEXT('part definition',#2,'design');
#3576 = ADVANCED_BREP_SHAPE_REPRESENTATION('',(#11,#3577),#3589);
#3577 = MANIFOLD_SOLID_BREP('',#3578);
#3578 = CLOSED_SHELL('',(#3579));
#3579 = ADVANCED_FACE('',(#3580),#3584,.T.);
#3580 = FACE_BOUND('',#3581,.T.);
#3581 = VERTEX_LOOP('',#3582);
#3582 = VERTEX_POINT('',#3583);
#3583 = CARTESIAN_POINT('',(2.275,-2.925,0.));
#3584 = SPHERICAL_SURFACE('',#3585,0.15);
#3585 = AXIS2_PLACEMENT_3D('',#3586,#3587,#3588);
#3586 = CARTESIAN_POINT('',(2.275,-2.925,0.15));
#3587 = DIRECTION('',(0.,0.,1.));
#3588 = DIRECTION('',(1.,0.,0.));
#3589 = ( GEOMETRIC_REPRESENTATION_CONTEXT(3) 
GLOBAL_UNCERTAINTY_ASSIGNED_CONTEXT((#3593)) 
GLOBAL_UNIT_ASSIGNED_CONTEXT((#3590,#3591,#3592)) REPRESENTATION_CONTEXT
('Context #1','3D Context with UNIT and UNCERTAINTY') );
#3590 = ( LENGTH_UNIT() NAMED_UNIT(*) SI_UNIT(.MILLI.,.METRE.) );
#3591 = ( NAMED_UNIT(*) PLANE_ANGLE_UNIT() SI_UNIT($,.RADIAN.) );
#3592 = ( NAMED_UNIT(*) SI_UNIT($,.STERADIAN.) SOLID_ANGLE_UNIT() );
#3593 = UNCERTAINTY_MEASURE_WITH_UNIT(LENGTH_MEASURE(1.E-07),#3590,
  'distance_accuracy_value','confusion accuracy');
#3594 = CONTEXT_DEPENDENT_SHAPE_REPRESENTATION(#3595,#3597);
#3595 = ( REPRESENTATION_RELATIONSHIP('','',#3576,#10) 
REPRESENTATION_RELATIONSHIP_WITH_TRANSFORMATION(#3596) 
SHAPE_REPRESENTATION_RELATIONSHIP() );
#3596 = ITEM_DEFINED_TRANSFORMATION('','',#11,#335);
#3597 = PRODUCT_DEFINITION_SHAPE('Placement','Placement of an item',
  #3598);
#3598 = NEXT_ASSEMBLY_USAGE_OCCURRENCE('81','ball_K9','',#5,#3571,$);
#3599 = PRODUCT_RELATED_PRODUCT_CATEGORY('part',$,(#3573));
#3600 = SHAPE_DEFINITION_REPRESENTATION(#3601,#3607);
#3601 = PRODUCT_DEFINITION_SHAPE('','',#3602);
#3602 = PRODUCT_DEFINITION('design','',#3603,#3606);
#3603 = PRODUCT_DEFINITION_FORMATION('','',#3604);
#3604 = PRODUCT('ball_K10','ball_K10','',(#3605));
#3605 = PRODUCT_CONTEXT('',#2,'mechanical');
#3606 = PRODUCT_DEFINITION_CONTEXT('part definition',#2,'design');
#3607 = ADVANCED_BREP_SHAPE_REPRESENTATION('',(#11,#3608),#3620);
#3608 = MANIFOLD_SOLID_BREP('',#3609);
#3609 = CLOSED_SHELL('',(#3610));
#3610 = ADVANCED_FACE('',(#3611),#3615,.T.);
#3611 = FACE_BOUND('',#3612,.T.);
#3612 = VERTEX_LOOP('',#3613);
#3613 = VERTEX_POINT('',#3614);
#3614 = CARTESIAN_POINT('',(2.925,-2.925,0.));
#3615 = SPHERICAL_SURFACE('',#3616,0.15);
#3616 = AXIS2_PLACEMENT_3D('',#3617,#3618,#3619);
#3617 = CARTESIAN_POINT('',(2.925,-2.925,0.15));
#3618 = DIRECTION('',(0.,0.,1.));
#3619 = DIRECTION('',(1.,0.,0.));
#3620 = ( GEOMETRIC_REPRESENTATION_CONTEXT(3) 
GLOBAL_UNCERTAINTY_ASSIGNED_CONTEXT((#3624)) 
GLOBAL_UNIT_ASSIGNED_CONTEXT((#3621,#3622,#3623)) REPRESENTATION_CONTEXT
('Context #1','3D Context with UNIT and UNCERTAINTY') );
#3621 = ( LENGTH_UNIT() NAMED_UNIT(*) SI_UNIT(.MILLI.,.METRE.) );
#3622 = ( NAMED_UNIT(*) PLANE_ANGLE_UNIT() SI_UNIT($,.RADIAN.) );
#3623 = ( NAMED_UNIT(*) SI_UNIT($,.STERADIAN.) SOLID_ANGLE_UNIT() );
#3624 = UNCERTAINTY_MEASURE_WITH_UNIT(LENGTH_MEASURE(1.E-07),#3621,
  'distance_accuracy_value','confusion accuracy');
#3625 = CONTEXT_DEPENDENT_SHAPE_REPRESENTATION(#3626,#3628);
#3626 = ( REPRESENTATION_RELATIONSHIP('','',#3607,#10) 
REPRESENTATION_RELATIONSHIP_WITH_TRANSFORMATION(#3627) 
SHAPE_REPRESENTATION_RELATIONSHIP() );
#3627 = ITEM_DEFINED_TRANSFORMATION('','',#11,#339);
#3628 = PRODUCT_DEFINITION_SHAPE('Placement','Placement of an item',
  #3629);
#3629 = NEXT_ASSEMBLY_USAGE_OCCURRENCE('82','ball_K10','',#5,#3602,$);
#3630 = PRODUCT_RELATED_PRODUCT_CATEGORY('part',$,(#3604));
#3631 = MECHANICAL_DESIGN_GEOMETRIC_PRESENTATION_REPRESENTATION('',(
    #3632),#1667);
#3632 = STYLED_ITEM('color',(#3633),#1655);
#3633 = PRESENTATION_STYLE_ASSIGNMENT((#3634));
#3634 = SURFACE_STYLE_USAGE(.BOTH.,#3635);
#3635 = SURFACE_SIDE_STYLE('',(#3636));
#3636 = SURFACE_STYLE_FILL_AREA(#3637);
#3637 = FILL_AREA_STYLE('',(#3638));
#3638 = FILL_AREA_STYLE_COLOUR('',#3639);
#3639 = COLOUR_RGB('',0.720000003324,0.720000003324,0.740000011925);
#3640 = MECHANICAL_DESIGN_GEOMETRIC_PRESENTATION_REPRESENTATION('',(
    #3641),#1884);
#3641 = STYLED_ITEM('color',(#3642),#1872);
#3642 = PRESENTATION_STYLE_ASSIGNMENT((#3643));
#3643 = SURFACE_STYLE_USAGE(.BOTH.,#3644);
#3644 = SURFACE_SIDE_STYLE('',(#3645));
#3645 = SURFACE_STYLE_FILL_AREA(#3646);
#3646 = FILL_AREA_STYLE('',(#3647));
#3647 = FILL_AREA_STYLE_COLOUR('',#3639);
#3648 = MECHANICAL_DESIGN_GEOMETRIC_PRESENTATION_REPRESENTATION('',(
    #3649),#1605);
#3649 = STYLED_ITEM('color',(#3650),#1593);
#3650 = PRESENTATION_STYLE_ASSIGNMENT((#3651));
#3651 = SURFACE_STYLE_USAGE(.BOTH.,#3652);
#3652 = SURFACE_SIDE_STYLE('',(#3653));
#3653 = SURFACE_STYLE_FILL_AREA(#3654);
#3654 = FILL_AREA_STYLE('',(#3655));
#3655 = FILL_AREA_STYLE_COLOUR('',#3639);
#3656 = MECHANICAL_DESIGN_GEOMETRIC_PRESENTATION_REPRESENTATION('',(
    #3657),#1202);
#3657 = STYLED_ITEM('color',(#3658),#1190);
#3658 = PRESENTATION_STYLE_ASSIGNMENT((#3659));
#3659 = SURFACE_STYLE_USAGE(.BOTH.,#3660);
#3660 = SURFACE_SIDE_STYLE('',(#3661));
#3661 = SURFACE_STYLE_FILL_AREA(#3662);
#3662 = FILL_AREA_STYLE('',(#3663));
#3663 = FILL_AREA_STYLE_COLOUR('',#3639);
#3664 = MECHANICAL_DESIGN_GEOMETRIC_PRESENTATION_REPRESENTATION('',(
    #3665),#2814);
#3665 = STYLED_ITEM('color',(#3666),#2802);
#3666 = PRESENTATION_STYLE_ASSIGNMENT((#3667));
#3667 = SURFACE_STYLE_USAGE(.BOTH.,#3668);
#3668 = SURFACE_SIDE_STYLE('',(#3669));
#3669 = SURFACE_STYLE_FILL_AREA(#3670);
#3670 = FILL_AREA_STYLE('',(#3671));
#3671 = FILL_AREA_STYLE_COLOUR('',#3639);
#3672 = MECHANICAL_DESIGN_GEOMETRIC_PRESENTATION_REPRESENTATION('',(
    #3673),#1171);
#3673 = STYLED_ITEM('color',(#3674),#1159);
#3674 = PRESENTATION_STYLE_ASSIGNMENT((#3675));
#3675 = SURFACE_STYLE_USAGE(.BOTH.,#3676);
#3676 = SURFACE_SIDE_STYLE('',(#3677));
#3677 = SURFACE_STYLE_FILL_AREA(#3678);
#3678 = FILL_AREA_STYLE('',(#3679));
#3679 = FILL_AREA_STYLE_COLOUR('',#3639);
#3680 = MECHANICAL_DESIGN_GEOMETRIC_PRESENTATION_REPRESENTATION('',(
    #3681),#3403);
#3681 = STYLED_ITEM('color',(#3682),#3391);
#3682 = PRESENTATION_STYLE_ASSIGNMENT((#3683));
#3683 = SURFACE_STYLE_USAGE(.BOTH.,#3684);
#3684 = SURFACE_SIDE_STYLE('',(#3685));
#3685 = SURFACE_STYLE_FILL_AREA(#3686);
#3686 = FILL_AREA_STYLE('',(#3687));
#3687 = FILL_AREA_STYLE_COLOUR('',#3639);
#3688 = MECHANICAL_DESIGN_GEOMETRIC_PRESENTATION_REPRESENTATION('',(
    #3689),#2752);
#3689 = STYLED_ITEM('color',(#3690),#2740);
#3690 = PRESENTATION_STYLE_ASSIGNMENT((#3691));
#3691 = SURFACE_STYLE_USAGE(.BOTH.,#3692);
#3692 = SURFACE_SIDE_STYLE('',(#3693));
#3693 = SURFACE_STYLE_FILL_AREA(#3694);
#3694 = FILL_AREA_STYLE('',(#3695));
#3695 = FILL_AREA_STYLE_COLOUR('',#3639);
#3696 = MECHANICAL_DESIGN_GEOMETRIC_PRESENTATION_REPRESENTATION('',(
    #3697),#2535);
#3697 = STYLED_ITEM('color',(#3698),#2523);
#3698 = PRESENTATION_STYLE_ASSIGNMENT((#3699));
#3699 = SURFACE_STYLE_USAGE(.BOTH.,#3700);
#3700 = SURFACE_SIDE_STYLE('',(#3701));
#3701 = SURFACE_STYLE_FILL_AREA(#3702);
#3702 = FILL_AREA_STYLE('',(#3703));
#3703 = FILL_AREA_STYLE_COLOUR('',#3639);
#3704 = MECHANICAL_DESIGN_GEOMETRIC_PRESENTATION_REPRESENTATION('',(
    #3705),#2411);
#3705 = STYLED_ITEM('color',(#3706),#2399);
#3706 = PRESENTATION_STYLE_ASSIGNMENT((#3707));
#3707 = SURFACE_STYLE_USAGE(.BOTH.,#3708);
#3708 = SURFACE_SIDE_STYLE('',(#3709));
#3709 = SURFACE_STYLE_FILL_AREA(#3710);
#3710 = FILL_AREA_STYLE('',(#3711));
#3711 = FILL_AREA_STYLE_COLOUR('',#3639);
#3712 = MECHANICAL_DESIGN_GEOMETRIC_PRESENTATION_REPRESENTATION('',(
    #3713),#2225);
#3713 = STYLED_ITEM('color',(#3714),#2213);
#3714 = PRESENTATION_STYLE_ASSIGNMENT((#3715));
#3715 = SURFACE_STYLE_USAGE(.BOTH.,#3716);
#3716 = SURFACE_SIDE_STYLE('',(#3717));
#3717 = SURFACE_STYLE_FILL_AREA(#3718);
#3718 = FILL_AREA_STYLE('',(#3719));
#3719 = FILL_AREA_STYLE_COLOUR('',#3639);
#3720 = MECHANICAL_DESIGN_GEOMETRIC_PRESENTATION_REPRESENTATION('',(
    #3721),#1023);
#3721 = STYLED_ITEM('color',(#3722),#357);
#3722 = PRESENTATION_STYLE_ASSIGNMENT((#3723));
#3723 = SURFACE_STYLE_USAGE(.BOTH.,#3724);
#3724 = SURFACE_SIDE_STYLE('',(#3725));
#3725 = SURFACE_STYLE_FILL_AREA(#3726);
#3726 = FILL_AREA_STYLE('',(#3727));
#3727 = FILL_AREA_STYLE_COLOUR('',#3728);
#3728 = COLOUR_RGB('',6.000000074816E-02,6.500000082754E-02,
  7.000000150072E-02);
#3729 = MECHANICAL_DESIGN_GEOMETRIC_PRESENTATION_REPRESENTATION('',(
    #3730),#3434);
#3730 = STYLED_ITEM('color',(#3731),#3422);
#3731 = PRESENTATION_STYLE_ASSIGNMENT((#3732));
#3732 = SURFACE_STYLE_USAGE(.BOTH.,#3733);
#3733 = SURFACE_SIDE_STYLE('',(#3734));
#3734 = SURFACE_STYLE_FILL_AREA(#3735);
#3735 = FILL_AREA_STYLE('',(#3736));
#3736 = FILL_AREA_STYLE_COLOUR('',#3639);
#3737 = MECHANICAL_DESIGN_GEOMETRIC_PRESENTATION_REPRESENTATION('',(
    #3738),#2938);
#3738 = STYLED_ITEM('color',(#3739),#2926);
#3739 = PRESENTATION_STYLE_ASSIGNMENT((#3740));
#3740 = SURFACE_STYLE_USAGE(.BOTH.,#3741);
#3741 = SURFACE_SIDE_STYLE('',(#3742));
#3742 = SURFACE_STYLE_FILL_AREA(#3743);
#3743 = FILL_AREA_STYLE('',(#3744));
#3744 = FILL_AREA_STYLE_COLOUR('',#3639);
#3745 = MECHANICAL_DESIGN_GEOMETRIC_PRESENTATION_REPRESENTATION('',(
    #3746),#1481);
#3746 = STYLED_ITEM('color',(#3747),#1469);
#3747 = PRESENTATION_STYLE_ASSIGNMENT((#3748));
#3748 = SURFACE_STYLE_USAGE(.BOTH.,#3749);
#3749 = SURFACE_SIDE_STYLE('',(#3750));
#3750 = SURFACE_STYLE_FILL_AREA(#3751);
#3751 = FILL_AREA_STYLE('',(#3752));
#3752 = FILL_AREA_STYLE_COLOUR('',#3639);
#3753 = MECHANICAL_DESIGN_GEOMETRIC_PRESENTATION_REPRESENTATION('',(
    #3754),#3186);
#3754 = STYLED_ITEM('color',(#3755),#3174);
#3755 = PRESENTATION_STYLE_ASSIGNMENT((#3756));
#3756 = SURFACE_STYLE_USAGE(.BOTH.,#3757);
#3757 = SURFACE_SIDE_STYLE('',(#3758));
#3758 = SURFACE_STYLE_FILL_AREA(#3759);
#3759 = FILL_AREA_STYLE('',(#3760));
#3760 = FILL_AREA_STYLE_COLOUR('',#3639);
#3761 = MECHANICAL_DESIGN_GEOMETRIC_PRESENTATION_REPRESENTATION('',(
    #3762),#2008);
#3762 = STYLED_ITEM('color',(#3763),#1996);
#3763 = PRESENTATION_STYLE_ASSIGNMENT((#3764));
#3764 = SURFACE_STYLE_USAGE(.BOTH.,#3765);
#3765 = SURFACE_SIDE_STYLE('',(#3766));
#3766 = SURFACE_STYLE_FILL_AREA(#3767);
#3767 = FILL_AREA_STYLE('',(#3768));
#3768 = FILL_AREA_STYLE_COLOUR('',#3639);
#3769 = MECHANICAL_DESIGN_GEOMETRIC_PRESENTATION_REPRESENTATION('',(
    #3770),#3155);
#3770 = STYLED_ITEM('color',(#3771),#3143);
#3771 = PRESENTATION_STYLE_ASSIGNMENT((#3772));
#3772 = SURFACE_STYLE_USAGE(.BOTH.,#3773);
#3773 = SURFACE_SIDE_STYLE('',(#3774));
#3774 = SURFACE_STYLE_FILL_AREA(#3775);
#3775 = FILL_AREA_STYLE('',(#3776));
#3776 = FILL_AREA_STYLE_COLOUR('',#3639);
#3777 = MECHANICAL_DESIGN_GEOMETRIC_PRESENTATION_REPRESENTATION('',(
    #3778),#2504);
#3778 = STYLED_ITEM('color',(#3779),#2492);
#3779 = PRESENTATION_STYLE_ASSIGNMENT((#3780));
#3780 = SURFACE_STYLE_USAGE(.BOTH.,#3781);
#3781 = SURFACE_SIDE_STYLE('',(#3782));
#3782 = SURFACE_STYLE_FILL_AREA(#3783);
#3783 = FILL_AREA_STYLE('',(#3784));
#3784 = FILL_AREA_STYLE_COLOUR('',#3639);
#3785 = MECHANICAL_DESIGN_GEOMETRIC_PRESENTATION_REPRESENTATION('',(
    #3786),#1946);
#3786 = STYLED_ITEM('color',(#3787),#1934);
#3787 = PRESENTATION_STYLE_ASSIGNMENT((#3788));
#3788 = SURFACE_STYLE_USAGE(.BOTH.,#3789);
#3789 = SURFACE_SIDE_STYLE('',(#3790));
#3790 = SURFACE_STYLE_FILL_AREA(#3791);
#3791 = FILL_AREA_STYLE('',(#3792));
#3792 = FILL_AREA_STYLE_COLOUR('',#3639);
#3793 = MECHANICAL_DESIGN_GEOMETRIC_PRESENTATION_REPRESENTATION('',(
    #3794),#2473);
#3794 = STYLED_ITEM('color',(#3795),#2461);
#3795 = PRESENTATION_STYLE_ASSIGNMENT((#3796));
#3796 = SURFACE_STYLE_USAGE(.BOTH.,#3797);
#3797 = SURFACE_SIDE_STYLE('',(#3798));
#3798 = SURFACE_STYLE_FILL_AREA(#3799);
#3799 = FILL_AREA_STYLE('',(#3800));
#3800 = FILL_AREA_STYLE_COLOUR('',#3639);
#3801 = MECHANICAL_DESIGN_GEOMETRIC_PRESENTATION_REPRESENTATION('',(
    #3802),#1388);
#3802 = STYLED_ITEM('color',(#3803),#1376);
#3803 = PRESENTATION_STYLE_ASSIGNMENT((#3804));
#3804 = SURFACE_STYLE_USAGE(.BOTH.,#3805);
#3805 = SURFACE_SIDE_STYLE('',(#3806));
#3806 = SURFACE_STYLE_FILL_AREA(#3807);
#3807 = FILL_AREA_STYLE('',(#3808));
#3808 = FILL_AREA_STYLE_COLOUR('',#3639);
#3809 = MECHANICAL_DESIGN_GEOMETRIC_PRESENTATION_REPRESENTATION('',(
    #3810),#2318);
#3810 = STYLED_ITEM('color',(#3811),#2306);
#3811 = PRESENTATION_STYLE_ASSIGNMENT((#3812));
#3812 = SURFACE_STYLE_USAGE(.BOTH.,#3813);
#3813 = SURFACE_SIDE_STYLE('',(#3814));
#3814 = SURFACE_STYLE_FILL_AREA(#3815);
#3815 = FILL_AREA_STYLE('',(#3816));
#3816 = FILL_AREA_STYLE_COLOUR('',#3639);
#3817 = MECHANICAL_DESIGN_GEOMETRIC_PRESENTATION_REPRESENTATION('',(
    #3818),#1543);
#3818 = STYLED_ITEM('color',(#3819),#1531);
#3819 = PRESENTATION_STYLE_ASSIGNMENT((#3820));
#3820 = SURFACE_STYLE_USAGE(.BOTH.,#3821);
#3821 = SURFACE_SIDE_STYLE('',(#3822));
#3822 = SURFACE_STYLE_FILL_AREA(#3823);
#3823 = FILL_AREA_STYLE('',(#3824));
#3824 = FILL_AREA_STYLE_COLOUR('',#3639);
#3825 = MECHANICAL_DESIGN_GEOMETRIC_PRESENTATION_REPRESENTATION('',(
    #3826),#2349);
#3826 = STYLED_ITEM('color',(#3827),#2337);
#3827 = PRESENTATION_STYLE_ASSIGNMENT((#3828));
#3828 = SURFACE_STYLE_USAGE(.BOTH.,#3829);
#3829 = SURFACE_SIDE_STYLE('',(#3830));
#3830 = SURFACE_STYLE_FILL_AREA(#3831);
#3831 = FILL_AREA_STYLE('',(#3832));
#3832 = FILL_AREA_STYLE_COLOUR('',#3639);
#3833 = MECHANICAL_DESIGN_GEOMETRIC_PRESENTATION_REPRESENTATION('',(
    #3834),#2659);
#3834 = STYLED_ITEM('color',(#3835),#2647);
#3835 = PRESENTATION_STYLE_ASSIGNMENT((#3836));
#3836 = SURFACE_STYLE_USAGE(.BOTH.,#3837);
#3837 = SURFACE_SIDE_STYLE('',(#3838));
#3838 = SURFACE_STYLE_FILL_AREA(#3839);
#3839 = FILL_AREA_STYLE('',(#3840));
#3840 = FILL_AREA_STYLE_COLOUR('',#3639);
#3841 = MECHANICAL_DESIGN_GEOMETRIC_PRESENTATION_REPRESENTATION('',(
    #3842),#1233);
#3842 = STYLED_ITEM('color',(#3843),#1221);
#3843 = PRESENTATION_STYLE_ASSIGNMENT((#3844));
#3844 = SURFACE_STYLE_USAGE(.BOTH.,#3845);
#3845 = SURFACE_SIDE_STYLE('',(#3846));
#3846 = SURFACE_STYLE_FILL_AREA(#3847);
#3847 = FILL_AREA_STYLE('',(#3848));
#3848 = FILL_AREA_STYLE_COLOUR('',#3639);
#3849 = MECHANICAL_DESIGN_GEOMETRIC_PRESENTATION_REPRESENTATION('',(
    #3850),#3465);
#3850 = STYLED_ITEM('color',(#3851),#3453);
#3851 = PRESENTATION_STYLE_ASSIGNMENT((#3852));
#3852 = SURFACE_STYLE_USAGE(.BOTH.,#3853);
#3853 = SURFACE_SIDE_STYLE('',(#3854));
#3854 = SURFACE_STYLE_FILL_AREA(#3855);
#3855 = FILL_AREA_STYLE('',(#3856));
#3856 = FILL_AREA_STYLE_COLOUR('',#3639);
#3857 = MECHANICAL_DESIGN_GEOMETRIC_PRESENTATION_REPRESENTATION('',(
    #3858),#3248);
#3858 = STYLED_ITEM('color',(#3859),#3236);
#3859 = PRESENTATION_STYLE_ASSIGNMENT((#3860));
#3860 = SURFACE_STYLE_USAGE(.BOTH.,#3861);
#3861 = SURFACE_SIDE_STYLE('',(#3862));
#3862 = SURFACE_STYLE_FILL_AREA(#3863);
#3863 = FILL_AREA_STYLE('',(#3864));
#3864 = FILL_AREA_STYLE_COLOUR('',#3639);
#3865 = MECHANICAL_DESIGN_GEOMETRIC_PRESENTATION_REPRESENTATION('',(
    #3866),#2597);
#3866 = STYLED_ITEM('color',(#3867),#2585);
#3867 = PRESENTATION_STYLE_ASSIGNMENT((#3868));
#3868 = SURFACE_STYLE_USAGE(.BOTH.,#3869);
#3869 = SURFACE_SIDE_STYLE('',(#3870));
#3870 = SURFACE_STYLE_FILL_AREA(#3871);
#3871 = FILL_AREA_STYLE('',(#3872));
#3872 = FILL_AREA_STYLE_COLOUR('',#3639);
#3873 = MECHANICAL_DESIGN_GEOMETRIC_PRESENTATION_REPRESENTATION('',(
    #3874),#3341);
#3874 = STYLED_ITEM('color',(#3875),#3329);
#3875 = PRESENTATION_STYLE_ASSIGNMENT((#3876));
#3876 = SURFACE_STYLE_USAGE(.BOTH.,#3877);
#3877 = SURFACE_SIDE_STYLE('',(#3878));
#3878 = SURFACE_STYLE_FILL_AREA(#3879);
#3879 = FILL_AREA_STYLE('',(#3880));
#3880 = FILL_AREA_STYLE_COLOUR('',#3639);
#3881 = MECHANICAL_DESIGN_GEOMETRIC_PRESENTATION_REPRESENTATION('',(
    #3882),#3000);
#3882 = STYLED_ITEM('color',(#3883),#2988);
#3883 = PRESENTATION_STYLE_ASSIGNMENT((#3884));
#3884 = SURFACE_STYLE_USAGE(.BOTH.,#3885);
#3885 = SURFACE_SIDE_STYLE('',(#3886));
#3886 = SURFACE_STYLE_FILL_AREA(#3887);
#3887 = FILL_AREA_STYLE('',(#3888));
#3888 = FILL_AREA_STYLE_COLOUR('',#3639);
#3889 = MECHANICAL_DESIGN_GEOMETRIC_PRESENTATION_REPRESENTATION('',(
    #3890),#3217);
#3890 = STYLED_ITEM('color',(#3891),#3205);
#3891 = PRESENTATION_STYLE_ASSIGNMENT((#3892));
#3892 = SURFACE_STYLE_USAGE(.BOTH.,#3893);
#3893 = SURFACE_SIDE_STYLE('',(#3894));
#3894 = SURFACE_STYLE_FILL_AREA(#3895);
#3895 = FILL_AREA_STYLE('',(#3896));
#3896 = FILL_AREA_STYLE_COLOUR('',#3639);
#3897 = MECHANICAL_DESIGN_GEOMETRIC_PRESENTATION_REPRESENTATION('',(
    #3898),#1295);
#3898 = STYLED_ITEM('color',(#3899),#1283);
#3899 = PRESENTATION_STYLE_ASSIGNMENT((#3900));
#3900 = SURFACE_STYLE_USAGE(.BOTH.,#3901);
#3901 = SURFACE_SIDE_STYLE('',(#3902));
#3902 = SURFACE_STYLE_FILL_AREA(#3903);
#3903 = FILL_AREA_STYLE('',(#3904));
#3904 = FILL_AREA_STYLE_COLOUR('',#3639);
#3905 = MECHANICAL_DESIGN_GEOMETRIC_PRESENTATION_REPRESENTATION('',(
    #3906),#2690);
#3906 = STYLED_ITEM('color',(#3907),#2678);
#3907 = PRESENTATION_STYLE_ASSIGNMENT((#3908));
#3908 = SURFACE_STYLE_USAGE(.BOTH.,#3909);
#3909 = SURFACE_SIDE_STYLE('',(#3910));
#3910 = SURFACE_STYLE_FILL_AREA(#3911);
#3911 = FILL_AREA_STYLE('',(#3912));
#3912 = FILL_AREA_STYLE_COLOUR('',#3639);
#3913 = MECHANICAL_DESIGN_GEOMETRIC_PRESENTATION_REPRESENTATION('',(
    #3914),#2969);
#3914 = STYLED_ITEM('color',(#3915),#2957);
#3915 = PRESENTATION_STYLE_ASSIGNMENT((#3916));
#3916 = SURFACE_STYLE_USAGE(.BOTH.,#3917);
#3917 = SURFACE_SIDE_STYLE('',(#3918));
#3918 = SURFACE_STYLE_FILL_AREA(#3919);
#3919 = FILL_AREA_STYLE('',(#3920));
#3920 = FILL_AREA_STYLE_COLOUR('',#3639);
#3921 = MECHANICAL_DESIGN_GEOMETRIC_PRESENTATION_REPRESENTATION('',(
    #3922),#2256);
#3922 = STYLED_ITEM('color',(#3923),#2244);
#3923 = PRESENTATION_STYLE_ASSIGNMENT((#3924));
#3924 = SURFACE_STYLE_USAGE(.BOTH.,#3925);
#3925 = SURFACE_SIDE_STYLE('',(#3926));
#3926 = SURFACE_STYLE_FILL_AREA(#3927);
#3927 = FILL_AREA_STYLE('',(#3928));
#3928 = FILL_AREA_STYLE_COLOUR('',#3639);
#3929 = MECHANICAL_DESIGN_GEOMETRIC_PRESENTATION_REPRESENTATION('',(
    #3930),#3496);
#3930 = STYLED_ITEM('color',(#3931),#3484);
#3931 = PRESENTATION_STYLE_ASSIGNMENT((#3932));
#3932 = SURFACE_STYLE_USAGE(.BOTH.,#3933);
#3933 = SURFACE_SIDE_STYLE('',(#3934));
#3934 = SURFACE_STYLE_FILL_AREA(#3935);
#3935 = FILL_AREA_STYLE('',(#3936));
#3936 = FILL_AREA_STYLE_COLOUR('',#3639);
#3937 = MECHANICAL_DESIGN_GEOMETRIC_PRESENTATION_REPRESENTATION('',(
    #3938),#2163);
#3938 = STYLED_ITEM('color',(#3939),#2151);
#3939 = PRESENTATION_STYLE_ASSIGNMENT((#3940));
#3940 = SURFACE_STYLE_USAGE(.BOTH.,#3941);
#3941 = SURFACE_SIDE_STYLE('',(#3942));
#3942 = SURFACE_STYLE_FILL_AREA(#3943);
#3943 = FILL_AREA_STYLE('',(#3944));
#3944 = FILL_AREA_STYLE_COLOUR('',#3639);
#3945 = MECHANICAL_DESIGN_GEOMETRIC_PRESENTATION_REPRESENTATION('',(
    #3946),#3558);
#3946 = STYLED_ITEM('color',(#3947),#3546);
#3947 = PRESENTATION_STYLE_ASSIGNMENT((#3948));
#3948 = SURFACE_STYLE_USAGE(.BOTH.,#3949);
#3949 = SURFACE_SIDE_STYLE('',(#3950));
#3950 = SURFACE_STYLE_FILL_AREA(#3951);
#3951 = FILL_AREA_STYLE('',(#3952));
#3952 = FILL_AREA_STYLE_COLOUR('',#3639);
#3953 = MECHANICAL_DESIGN_GEOMETRIC_PRESENTATION_REPRESENTATION('',(
    #3954),#3310);
#3954 = STYLED_ITEM('color',(#3955),#3298);
#3955 = PRESENTATION_STYLE_ASSIGNMENT((#3956));
#3956 = SURFACE_STYLE_USAGE(.BOTH.,#3957);
#3957 = SURFACE_SIDE_STYLE('',(#3958));
#3958 = SURFACE_STYLE_FILL_AREA(#3959);
#3959 = FILL_AREA_STYLE('',(#3960));
#3960 = FILL_AREA_STYLE_COLOUR('',#3639);
#3961 = MECHANICAL_DESIGN_GEOMETRIC_PRESENTATION_REPRESENTATION('',(
    #3962),#2876);
#3962 = STYLED_ITEM('color',(#3963),#2864);
#3963 = PRESENTATION_STYLE_ASSIGNMENT((#3964));
#3964 = SURFACE_STYLE_USAGE(.BOTH.,#3965);
#3965 = SURFACE_SIDE_STYLE('',(#3966));
#3966 = SURFACE_STYLE_FILL_AREA(#3967);
#3967 = FILL_AREA_STYLE('',(#3968));
#3968 = FILL_AREA_STYLE_COLOUR('',#3639);
#3969 = MECHANICAL_DESIGN_GEOMETRIC_PRESENTATION_REPRESENTATION('',(
    #3970),#2287);
#3970 = STYLED_ITEM('color',(#3971),#2275);
#3971 = PRESENTATION_STYLE_ASSIGNMENT((#3972));
#3972 = SURFACE_STYLE_USAGE(.BOTH.,#3973);
#3973 = SURFACE_SIDE_STYLE('',(#3974));
#3974 = SURFACE_STYLE_FILL_AREA(#3975);
#3975 = FILL_AREA_STYLE('',(#3976));
#3976 = FILL_AREA_STYLE_COLOUR('',#3639);
#3977 = MECHANICAL_DESIGN_GEOMETRIC_PRESENTATION_REPRESENTATION('',(
    #3978),#1822);
#3978 = STYLED_ITEM('color',(#3979),#1810);
#3979 = PRESENTATION_STYLE_ASSIGNMENT((#3980));
#3980 = SURFACE_STYLE_USAGE(.BOTH.,#3981);
#3981 = SURFACE_SIDE_STYLE('',(#3982));
#3982 = SURFACE_STYLE_FILL_AREA(#3983);
#3983 = FILL_AREA_STYLE('',(#3984));
#3984 = FILL_AREA_STYLE_COLOUR('',#3639);
#3985 = MECHANICAL_DESIGN_GEOMETRIC_PRESENTATION_REPRESENTATION('',(
    #3986),#3589);
#3986 = STYLED_ITEM('color',(#3987),#3577);
#3987 = PRESENTATION_STYLE_ASSIGNMENT((#3988));
#3988 = SURFACE_STYLE_USAGE(.BOTH.,#3989);
#3989 = SURFACE_SIDE_STYLE('',(#3990));
#3990 = SURFACE_STYLE_FILL_AREA(#3991);
#3991 = FILL_AREA_STYLE('',(#3992));
#3992 = FILL_AREA_STYLE_COLOUR('',#3639);
#3993 = MECHANICAL_DESIGN_GEOMETRIC_PRESENTATION_REPRESENTATION('',(
    #3994),#1357);
#3994 = STYLED_ITEM('color',(#3995),#1345);
#3995 = PRESENTATION_STYLE_ASSIGNMENT((#3996));
#3996 = SURFACE_STYLE_USAGE(.BOTH.,#3997);
#3997 = SURFACE_SIDE_STYLE('',(#3998));
#3998 = SURFACE_STYLE_FILL_AREA(#3999);
#3999 = FILL_AREA_STYLE('',(#4000));
#4000 = FILL_AREA_STYLE_COLOUR('',#3639);
#4001 = MECHANICAL_DESIGN_GEOMETRIC_PRESENTATION_REPRESENTATION('',(
    #4002),#3620);
#4002 = STYLED_ITEM('color',(#4003),#3608);
#4003 = PRESENTATION_STYLE_ASSIGNMENT((#4004));
#4004 = SURFACE_STYLE_USAGE(.BOTH.,#4005);
#4005 = SURFACE_SIDE_STYLE('',(#4006));
#4006 = SURFACE_STYLE_FILL_AREA(#4007);
#4007 = FILL_AREA_STYLE('',(#4008));
#4008 = FILL_AREA_STYLE_COLOUR('',#3639);
#4009 = MECHANICAL_DESIGN_GEOMETRIC_PRESENTATION_REPRESENTATION('',(
    #4010),#3279);
#4010 = STYLED_ITEM('color',(#4011),#3267);
#4011 = PRESENTATION_STYLE_ASSIGNMENT((#4012));
#4012 = SURFACE_STYLE_USAGE(.BOTH.,#4013);
#4013 = SURFACE_SIDE_STYLE('',(#4014));
#4014 = SURFACE_STYLE_FILL_AREA(#4015);
#4015 = FILL_AREA_STYLE('',(#4016));
#4016 = FILL_AREA_STYLE_COLOUR('',#3639);
#4017 = MECHANICAL_DESIGN_GEOMETRIC_PRESENTATION_REPRESENTATION('',(
    #4018),#2442);
#4018 = STYLED_ITEM('color',(#4019),#2430);
#4019 = PRESENTATION_STYLE_ASSIGNMENT((#4020));
#4020 = SURFACE_STYLE_USAGE(.BOTH.,#4021);
#4021 = SURFACE_SIDE_STYLE('',(#4022));
#4022 = SURFACE_STYLE_FILL_AREA(#4023);
#4023 = FILL_AREA_STYLE('',(#4024));
#4024 = FILL_AREA_STYLE_COLOUR('',#3639);
#4025 = MECHANICAL_DESIGN_GEOMETRIC_PRESENTATION_REPRESENTATION('',(
    #4026),#1512);
#4026 = STYLED_ITEM('color',(#4027),#1500);
#4027 = PRESENTATION_STYLE_ASSIGNMENT((#4028));
#4028 = SURFACE_STYLE_USAGE(.BOTH.,#4029);
#4029 = SURFACE_SIDE_STYLE('',(#4030));
#4030 = SURFACE_STYLE_FILL_AREA(#4031);
#4031 = FILL_AREA_STYLE('',(#4032));
#4032 = FILL_AREA_STYLE_COLOUR('',#3639);
#4033 = MECHANICAL_DESIGN_GEOMETRIC_PRESENTATION_REPRESENTATION('',(
    #4034),#2907);
#4034 = STYLED_ITEM('color',(#4035),#2895);
#4035 = PRESENTATION_STYLE_ASSIGNMENT((#4036));
#4036 = SURFACE_STYLE_USAGE(.BOTH.,#4037);
#4037 = SURFACE_SIDE_STYLE('',(#4038));
#4038 = SURFACE_STYLE_FILL_AREA(#4039);
#4039 = FILL_AREA_STYLE('',(#4040));
#4040 = FILL_AREA_STYLE_COLOUR('',#3639);
#4041 = MECHANICAL_DESIGN_GEOMETRIC_PRESENTATION_REPRESENTATION('',(
    #4042),#2628);
#4042 = STYLED_ITEM('color',(#4043),#2616);
#4043 = PRESENTATION_STYLE_ASSIGNMENT((#4044));
#4044 = SURFACE_STYLE_USAGE(.BOTH.,#4045);
#4045 = SURFACE_SIDE_STYLE('',(#4046));
#4046 = SURFACE_STYLE_FILL_AREA(#4047);
#4047 = FILL_AREA_STYLE('',(#4048));
#4048 = FILL_AREA_STYLE_COLOUR('',#3639);
#4049 = MECHANICAL_DESIGN_GEOMETRIC_PRESENTATION_REPRESENTATION('',(
    #4050),#1760);
#4050 = STYLED_ITEM('color',(#4051),#1748);
#4051 = PRESENTATION_STYLE_ASSIGNMENT((#4052));
#4052 = SURFACE_STYLE_USAGE(.BOTH.,#4053);
#4053 = SURFACE_SIDE_STYLE('',(#4054));
#4054 = SURFACE_STYLE_FILL_AREA(#4055);
#4055 = FILL_AREA_STYLE('',(#4056));
#4056 = FILL_AREA_STYLE_COLOUR('',#3639);
#4057 = MECHANICAL_DESIGN_GEOMETRIC_PRESENTATION_REPRESENTATION('',(
    #4058),#3527);
#4058 = STYLED_ITEM('color',(#4059),#3515);
#4059 = PRESENTATION_STYLE_ASSIGNMENT((#4060));
#4060 = SURFACE_STYLE_USAGE(.BOTH.,#4061);
#4061 = SURFACE_SIDE_STYLE('',(#4062));
#4062 = SURFACE_STYLE_FILL_AREA(#4063);
#4063 = FILL_AREA_STYLE('',(#4064));
#4064 = FILL_AREA_STYLE_COLOUR('',#3639);
#4065 = MECHANICAL_DESIGN_GEOMETRIC_PRESENTATION_REPRESENTATION('',(
    #4066),#2070);
#4066 = STYLED_ITEM('color',(#4067),#2058);
#4067 = PRESENTATION_STYLE_ASSIGNMENT((#4068));
#4068 = SURFACE_STYLE_USAGE(.BOTH.,#4069);
#4069 = SURFACE_SIDE_STYLE('',(#4070));
#4070 = SURFACE_STYLE_FILL_AREA(#4071);
#4071 = FILL_AREA_STYLE('',(#4072));
#4072 = FILL_AREA_STYLE_COLOUR('',#3639);
#4073 = MECHANICAL_DESIGN_GEOMETRIC_PRESENTATION_REPRESENTATION('',(
    #4074),#1326);
#4074 = STYLED_ITEM('color',(#4075),#1314);
#4075 = PRESENTATION_STYLE_ASSIGNMENT((#4076));
#4076 = SURFACE_STYLE_USAGE(.BOTH.,#4077);
#4077 = SURFACE_SIDE_STYLE('',(#4078));
#4078 = SURFACE_STYLE_FILL_AREA(#4079);
#4079 = FILL_AREA_STYLE('',(#4080));
#4080 = FILL_AREA_STYLE_COLOUR('',#3639);
#4081 = MECHANICAL_DESIGN_GEOMETRIC_PRESENTATION_REPRESENTATION('',(
    #4082),#3124);
#4082 = STYLED_ITEM('color',(#4083),#3112);
#4083 = PRESENTATION_STYLE_ASSIGNMENT((#4084));
#4084 = SURFACE_STYLE_USAGE(.BOTH.,#4085);
#4085 = SURFACE_SIDE_STYLE('',(#4086));
#4086 = SURFACE_STYLE_FILL_AREA(#4087);
#4087 = FILL_AREA_STYLE('',(#4088));
#4088 = FILL_AREA_STYLE_COLOUR('',#3639);
#4089 = MECHANICAL_DESIGN_GEOMETRIC_PRESENTATION_REPRESENTATION('',(
    #4090),#2101);
#4090 = STYLED_ITEM('color',(#4091),#2089);
#4091 = PRESENTATION_STYLE_ASSIGNMENT((#4092));
#4092 = SURFACE_STYLE_USAGE(.BOTH.,#4093);
#4093 = SURFACE_SIDE_STYLE('',(#4094));
#4094 = SURFACE_STYLE_FILL_AREA(#4095);
#4095 = FILL_AREA_STYLE('',(#4096));
#4096 = FILL_AREA_STYLE_COLOUR('',#3639);
#4097 = MECHANICAL_DESIGN_GEOMETRIC_PRESENTATION_REPRESENTATION('',(
    #4098),#2039);
#4098 = STYLED_ITEM('color',(#4099),#2027);
#4099 = PRESENTATION_STYLE_ASSIGNMENT((#4100));
#4100 = SURFACE_STYLE_USAGE(.BOTH.,#4101);
#4101 = SURFACE_SIDE_STYLE('',(#4102));
#4102 = SURFACE_STYLE_FILL_AREA(#4103);
#4103 = FILL_AREA_STYLE('',(#4104));
#4104 = FILL_AREA_STYLE_COLOUR('',#3639);
#4105 = MECHANICAL_DESIGN_GEOMETRIC_PRESENTATION_REPRESENTATION('',(
    #4106),#1698);
#4106 = STYLED_ITEM('color',(#4107),#1686);
#4107 = PRESENTATION_STYLE_ASSIGNMENT((#4108));
#4108 = SURFACE_STYLE_USAGE(.BOTH.,#4109);
#4109 = SURFACE_SIDE_STYLE('',(#4110));
#4110 = SURFACE_STYLE_FILL_AREA(#4111);
#4111 = FILL_AREA_STYLE('',(#4112));
#4112 = FILL_AREA_STYLE_COLOUR('',#3639);
#4113 = MECHANICAL_DESIGN_GEOMETRIC_PRESENTATION_REPRESENTATION('',(
    #4114),#2845);
#4114 = STYLED_ITEM('color',(#4115),#2833);
#4115 = PRESENTATION_STYLE_ASSIGNMENT((#4116));
#4116 = SURFACE_STYLE_USAGE(.BOTH.,#4117);
#4117 = SURFACE_SIDE_STYLE('',(#4118));
#4118 = SURFACE_STYLE_FILL_AREA(#4119);
#4119 = FILL_AREA_STYLE('',(#4120));
#4120 = FILL_AREA_STYLE_COLOUR('',#3639);
#4121 = MECHANICAL_DESIGN_GEOMETRIC_PRESENTATION_REPRESENTATION('',(
    #4122),#1264);
#4122 = STYLED_ITEM('color',(#4123),#1252);
#4123 = PRESENTATION_STYLE_ASSIGNMENT((#4124));
#4124 = SURFACE_STYLE_USAGE(.BOTH.,#4125);
#4125 = SURFACE_SIDE_STYLE('',(#4126));
#4126 = SURFACE_STYLE_FILL_AREA(#4127);
#4127 = FILL_AREA_STYLE('',(#4128));
#4128 = FILL_AREA_STYLE_COLOUR('',#3639);
#4129 = MECHANICAL_DESIGN_GEOMETRIC_PRESENTATION_REPRESENTATION('',(
    #4130),#2380);
#4130 = STYLED_ITEM('color',(#4131),#2368);
#4131 = PRESENTATION_STYLE_ASSIGNMENT((#4132));
#4132 = SURFACE_STYLE_USAGE(.BOTH.,#4133);
#4133 = SURFACE_SIDE_STYLE('',(#4134));
#4134 = SURFACE_STYLE_FILL_AREA(#4135);
#4135 = FILL_AREA_STYLE('',(#4136));
#4136 = FILL_AREA_STYLE_COLOUR('',#3639);
#4137 = MECHANICAL_DESIGN_GEOMETRIC_PRESENTATION_REPRESENTATION('',(
    #4138),#1450);
#4138 = STYLED_ITEM('color',(#4139),#1438);
#4139 = PRESENTATION_STYLE_ASSIGNMENT((#4140));
#4140 = SURFACE_STYLE_USAGE(.BOTH.,#4141);
#4141 = SURFACE_SIDE_STYLE('',(#4142));
#4142 = SURFACE_STYLE_FILL_AREA(#4143);
#4143 = FILL_AREA_STYLE('',(#4144));
#4144 = FILL_AREA_STYLE_COLOUR('',#3639);
#4145 = MECHANICAL_DESIGN_GEOMETRIC_PRESENTATION_REPRESENTATION('',(
    #4146),#2566);
#4146 = STYLED_ITEM('color',(#4147),#2554);
#4147 = PRESENTATION_STYLE_ASSIGNMENT((#4148));
#4148 = SURFACE_STYLE_USAGE(.BOTH.,#4149);
#4149 = SURFACE_SIDE_STYLE('',(#4150));
#4150 = SURFACE_STYLE_FILL_AREA(#4151);
#4151 = FILL_AREA_STYLE('',(#4152));
#4152 = FILL_AREA_STYLE_COLOUR('',#3639);
#4153 = MECHANICAL_DESIGN_GEOMETRIC_PRESENTATION_REPRESENTATION('',(
    #4154),#3093);
#4154 = STYLED_ITEM('color',(#4155),#3081);
#4155 = PRESENTATION_STYLE_ASSIGNMENT((#4156));
#4156 = SURFACE_STYLE_USAGE(.BOTH.,#4157);
#4157 = SURFACE_SIDE_STYLE('',(#4158));
#4158 = SURFACE_STYLE_FILL_AREA(#4159);
#4159 = FILL_AREA_STYLE('',(#4160));
#4160 = FILL_AREA_STYLE_COLOUR('',#3639);
#4161 = MECHANICAL_DESIGN_GEOMETRIC_PRESENTATION_REPRESENTATION('',(
    #4162),#2194);
#4162 = STYLED_ITEM('color',(#4163),#2182);
#4163 = PRESENTATION_STYLE_ASSIGNMENT((#4164));
#4164 = SURFACE_STYLE_USAGE(.BOTH.,#4165);
#4165 = SURFACE_SIDE_STYLE('',(#4166));
#4166 = SURFACE_STYLE_FILL_AREA(#4167);
#4167 = FILL_AREA_STYLE('',(#4168));
#4168 = FILL_AREA_STYLE_COLOUR('',#3639);
#4169 = MECHANICAL_DESIGN_GEOMETRIC_PRESENTATION_REPRESENTATION('',(
    #4170),#3372);
#4170 = STYLED_ITEM('color',(#4171),#3360);
#4171 = PRESENTATION_STYLE_ASSIGNMENT((#4172));
#4172 = SURFACE_STYLE_USAGE(.BOTH.,#4173);
#4173 = SURFACE_SIDE_STYLE('',(#4174));
#4174 = SURFACE_STYLE_FILL_AREA(#4175);
#4175 = FILL_AREA_STYLE('',(#4176));
#4176 = FILL_AREA_STYLE_COLOUR('',#3639);
#4177 = MECHANICAL_DESIGN_GEOMETRIC_PRESENTATION_REPRESENTATION('',(
    #4178),#1419);
#4178 = STYLED_ITEM('color',(#4179),#1407);
#4179 = PRESENTATION_STYLE_ASSIGNMENT((#4180));
#4180 = SURFACE_STYLE_USAGE(.BOTH.,#4181);
#4181 = SURFACE_SIDE_STYLE('',(#4182));
#4182 = SURFACE_STYLE_FILL_AREA(#4183);
#4183 = FILL_AREA_STYLE('',(#4184));
#4184 = FILL_AREA_STYLE_COLOUR('',#3639);
#4185 = MECHANICAL_DESIGN_GEOMETRIC_PRESENTATION_REPRESENTATION('',(
    #4186),#2721);
#4186 = STYLED_ITEM('color',(#4187),#2709);
#4187 = PRESENTATION_STYLE_ASSIGNMENT((#4188));
#4188 = SURFACE_STYLE_USAGE(.BOTH.,#4189);
#4189 = SURFACE_SIDE_STYLE('',(#4190));
#4190 = SURFACE_STYLE_FILL_AREA(#4191);
#4191 = FILL_AREA_STYLE('',(#4192));
#4192 = FILL_AREA_STYLE_COLOUR('',#3639);
#4193 = MECHANICAL_DESIGN_GEOMETRIC_PRESENTATION_REPRESENTATION('',(
    #4194),#1853);
#4194 = STYLED_ITEM('color',(#4195),#1841);
#4195 = PRESENTATION_STYLE_ASSIGNMENT((#4196));
#4196 = SURFACE_STYLE_USAGE(.BOTH.,#4197);
#4197 = SURFACE_SIDE_STYLE('',(#4198));
#4198 = SURFACE_STYLE_FILL_AREA(#4199);
#4199 = FILL_AREA_STYLE('',(#4200));
#4200 = FILL_AREA_STYLE_COLOUR('',#3639);
#4201 = MECHANICAL_DESIGN_GEOMETRIC_PRESENTATION_REPRESENTATION('',(
    #4202),#1140);
#4202 = STYLED_ITEM('color',(#4203),#1042);
#4203 = PRESENTATION_STYLE_ASSIGNMENT((#4204));
#4204 = SURFACE_STYLE_USAGE(.BOTH.,#4205);
#4205 = SURFACE_SIDE_STYLE('',(#4206));
#4206 = SURFACE_STYLE_FILL_AREA(#4207);
#4207 = FILL_AREA_STYLE('',(#4208));
#4208 = FILL_AREA_STYLE_COLOUR('',#4209);
#4209 = COLOUR_RGB('',0.649999988539,0.649999988539,0.649999988539);
#4210 = MECHANICAL_DESIGN_GEOMETRIC_PRESENTATION_REPRESENTATION('',(
    #4211),#1636);
#4211 = STYLED_ITEM('color',(#4212),#1624);
#4212 = PRESENTATION_STYLE_ASSIGNMENT((#4213));
#4213 = SURFACE_STYLE_USAGE(.BOTH.,#4214);
#4214 = SURFACE_SIDE_STYLE('',(#4215));
#4215 = SURFACE_STYLE_FILL_AREA(#4216);
#4216 = FILL_AREA_STYLE('',(#4217));
#4217 = FILL_AREA_STYLE_COLOUR('',#3639);
#4218 = MECHANICAL_DESIGN_GEOMETRIC_PRESENTATION_REPRESENTATION('',(
    #4219),#1729);
#4219 = STYLED_ITEM('color',(#4220),#1717);
#4220 = PRESENTATION_STYLE_ASSIGNMENT((#4221));
#4221 = SURFACE_STYLE_USAGE(.BOTH.,#4222);
#4222 = SURFACE_SIDE_STYLE('',(#4223));
#4223 = SURFACE_STYLE_FILL_AREA(#4224);
#4224 = FILL_AREA_STYLE('',(#4225));
#4225 = FILL_AREA_STYLE_COLOUR('',#3639);
#4226 = MECHANICAL_DESIGN_GEOMETRIC_PRESENTATION_REPRESENTATION('',(
    #4227),#3031);
#4227 = STYLED_ITEM('color',(#4228),#3019);
#4228 = PRESENTATION_STYLE_ASSIGNMENT((#4229));
#4229 = SURFACE_STYLE_USAGE(.BOTH.,#4230);
#4230 = SURFACE_SIDE_STYLE('',(#4231));
#4231 = SURFACE_STYLE_FILL_AREA(#4232);
#4232 = FILL_AREA_STYLE('',(#4233));
#4233 = FILL_AREA_STYLE_COLOUR('',#3639);
#4234 = MECHANICAL_DESIGN_GEOMETRIC_PRESENTATION_REPRESENTATION('',(
    #4235),#1977);
#4235 = STYLED_ITEM('color',(#4236),#1965);
#4236 = PRESENTATION_STYLE_ASSIGNMENT((#4237));
#4237 = SURFACE_STYLE_USAGE(.BOTH.,#4238);
#4238 = SURFACE_SIDE_STYLE('',(#4239));
#4239 = SURFACE_STYLE_FILL_AREA(#4240);
#4240 = FILL_AREA_STYLE('',(#4241));
#4241 = FILL_AREA_STYLE_COLOUR('',#3639);
#4242 = MECHANICAL_DESIGN_GEOMETRIC_PRESENTATION_REPRESENTATION('',(
    #4243),#2783);
#4243 = STYLED_ITEM('color',(#4244),#2771);
#4244 = PRESENTATION_STYLE_ASSIGNMENT((#4245));
#4245 = SURFACE_STYLE_USAGE(.BOTH.,#4246);
#4246 = SURFACE_SIDE_STYLE('',(#4247));
#4247 = SURFACE_STYLE_FILL_AREA(#4248);
#4248 = FILL_AREA_STYLE('',(#4249));
#4249 = FILL_AREA_STYLE_COLOUR('',#3639);
#4250 = MECHANICAL_DESIGN_GEOMETRIC_PRESENTATION_REPRESENTATION('',(
    #4251),#2132);
#4251 = STYLED_ITEM('color',(#4252),#2120);
#4252 = PRESENTATION_STYLE_ASSIGNMENT((#4253));
#4253 = SURFACE_STYLE_USAGE(.BOTH.,#4254);
#4254 = SURFACE_SIDE_STYLE('',(#4255));
#4255 = SURFACE_STYLE_FILL_AREA(#4256);
#4256 = FILL_AREA_STYLE('',(#4257));
#4257 = FILL_AREA_STYLE_COLOUR('',#3639);
#4258 = MECHANICAL_DESIGN_GEOMETRIC_PRESENTATION_REPRESENTATION('',(
    #4259),#1915);
#4259 = STYLED_ITEM('color',(#4260),#1903);
#4260 = PRESENTATION_STYLE_ASSIGNMENT((#4261));
#4261 = SURFACE_STYLE_USAGE(.BOTH.,#4262);
#4262 = SURFACE_SIDE_STYLE('',(#4263));
#4263 = SURFACE_STYLE_FILL_AREA(#4264);
#4264 = FILL_AREA_STYLE('',(#4265));
#4265 = FILL_AREA_STYLE_COLOUR('',#3639);
#4266 = MECHANICAL_DESIGN_GEOMETRIC_PRESENTATION_REPRESENTATION('',(
    #4267),#3062);
#4267 = STYLED_ITEM('color',(#4268),#3050);
#4268 = PRESENTATION_STYLE_ASSIGNMENT((#4269));
#4269 = SURFACE_STYLE_USAGE(.BOTH.,#4270);
#4270 = SURFACE_SIDE_STYLE('',(#4271));
#4271 = SURFACE_STYLE_FILL_AREA(#4272);
#4272 = FILL_AREA_STYLE('',(#4273));
#4273 = FILL_AREA_STYLE_COLOUR('',#3639);
#4274 = MECHANICAL_DESIGN_GEOMETRIC_PRESENTATION_REPRESENTATION('',(
    #4275),#1791);
#4275 = STYLED_ITEM('color',(#4276),#1779);
#4276 = PRESENTATION_STYLE_ASSIGNMENT((#4277));
#4277 = SURFACE_STYLE_USAGE(.BOTH.,#4278);
#4278 = SURFACE_SIDE_STYLE('',(#4279));
#4279 = SURFACE_STYLE_FILL_AREA(#4280);
#4280 = FILL_AREA_STYLE('',(#4281));
#4281 = FILL_AREA_STYLE_COLOUR('',#3639);
#4282 = MECHANICAL_DESIGN_GEOMETRIC_PRESENTATION_REPRESENTATION('',(
    #4283),#1574);
#4283 = STYLED_ITEM('color',(#4284),#1562);
#4284 = PRESENTATION_STYLE_ASSIGNMENT((#4285));
#4285 = SURFACE_STYLE_USAGE(.BOTH.,#4286);
#4286 = SURFACE_SIDE_STYLE('',(#4287));
#4287 = SURFACE_STYLE_FILL_AREA(#4288);
#4288 = FILL_AREA_STYLE('',(#4289));
#4289 = FILL_AREA_STYLE_COLOUR('',#3639);
ENDSEC;
END-ISO-10303-21;
