** Drc report for pcb-hmd-carrier-board2.kicad_pcb **
** Created on 2026-08-14T20:06:02 **
** Report includes: Errors, Warnings **

** Found 120 DRC violations **
[annular_width]: Largeur des anneaux (configuration des contraintes du PCB largeur d'anneau min 0,1000 mm; réelle 0,0000 mm)
    Rule: configuration des contraintes du PCB; error
    @(215.7800 mm, 127.5300 mm): PTH pad SH [<no net>] of J8
[annular_width]: Largeur des anneaux (configuration des contraintes du PCB largeur d'anneau min 0,1000 mm; réelle 0,0000 mm)
    Rule: configuration des contraintes du PCB; error
    @(216.1000 mm, 128.1300 mm): PTH pad SH [<no net>] of J8
[annular_width]: Largeur des anneaux (configuration des contraintes du PCB largeur d'anneau min 0,1000 mm; réelle 0,0000 mm)
    Rule: configuration des contraintes du PCB; error
    @(224.1000 mm, 128.1300 mm): PTH pad SH [<no net>] of J8
[annular_width]: Largeur des anneaux (configuration des contraintes du PCB largeur d'anneau min 0,1000 mm; réelle 0,0000 mm)
    Rule: configuration des contraintes du PCB; error
    @(224.4200 mm, 127.5300 mm): PTH pad SH [<no net>] of J8
[clearance]: Violation d'isolation ( isolation 0,2000 mm; réel 0,0023 mm)
    Local override; error
    @(228.0000 mm, 108.3000 mm): Via [nPI_LED_PWR] on F.Cu - B.Cu
    @(228.2750 mm, 107.5000 mm): Pad 2 [GND] of C6 on B.Cu
[hole_clearance]: Violation d'isolation des trous (configuration des contraintes des trous isolation 0,2500 mm; réel 0,1773 mm)
    Rule: configuration des contraintes des trous; error
    @(228.2750 mm, 107.5000 mm): Pad 2 [GND] of C6 on B.Cu
    @(228.0000 mm, 108.3000 mm): Via [nPI_LED_PWR] on F.Cu - B.Cu
[hole_clearance]: Violation d'isolation des trous (configuration des contraintes des trous isolation 0,2500 mm; réel 0,1800 mm)
    Rule: configuration des contraintes des trous; error
    @(200.6300 mm, 132.5000 mm): Pad 5 [GND] of MK2 on F.Cu
    @(199.8200 mm, 132.5000 mm): NPTH pad of MK2
[hole_clearance]: Violation d'isolation des trous (configuration des contraintes des trous isolation 0,2500 mm; réel 0,1800 mm)
    Rule: configuration des contraintes des trous; error
    @(137.1900 mm, 132.5000 mm): Pad 5 [GND] of MK1 on F.Cu
    @(138.0000 mm, 132.5000 mm): NPTH pad of MK1
[clearance]: Violation d'isolation ( isolation 0,2000 mm; réel 0,0000 mm)
    Local override; error
    @(114.9000 mm, 128.1500 mm): Pad A1 [<no net>] of J9 on F.Cu
    @(114.9000 mm, 128.1500 mm): Pad B12 [<no net>] of J9 on F.Cu
[clearance]: Violation d'isolation ( isolation 0,2000 mm; réel 0,0000 mm)
    Local override; error
    @(115.6500 mm, 128.1500 mm): Pad A4 [<no net>] of J9 on F.Cu
    @(115.6500 mm, 128.1500 mm): Pad B9 [<no net>] of J9 on F.Cu
[clearance]: Violation d'isolation ( isolation 0,2000 mm; réel 0,0000 mm)
    Local override; error
    @(121.1000 mm, 128.1500 mm): Pad A12 [<no net>] of J9 on F.Cu
    @(121.1000 mm, 128.1500 mm): Pad B1 [<no net>] of J9 on F.Cu
[clearance]: Violation d'isolation ( isolation 0,2000 mm; réel 0,0000 mm)
    Local override; error
    @(120.3500 mm, 128.1500 mm): Pad B4 [<no net>] of J9 on F.Cu
    @(120.3500 mm, 128.1500 mm): Pad A9 [<no net>] of J9 on F.Cu
[copper_edge_clearance]: Violation d'isolation du contour du CI (configuration des contraintes du contour du PCB isolation 0,5000 mm; réel 0,4000 mm)
    Rule: configuration des contraintes du contour du PCB; error
    @(121.0000 mm, 129.2500 mm): NPTH pad of J9
    @(120.3500 mm, 128.1500 mm): Pad A9 [<no net>] of J9 on F.Cu
[copper_edge_clearance]: Violation d'isolation du contour du CI (configuration des contraintes du contour du PCB isolation 0,5000 mm; réel 0,3000 mm)
    Rule: configuration des contraintes du contour du PCB; error
    @(121.0000 mm, 129.2500 mm): NPTH pad of J9
    @(121.1000 mm, 128.1500 mm): Pad A12 [<no net>] of J9 on F.Cu
[copper_edge_clearance]: Violation d'isolation du contour du CI (configuration des contraintes du contour du PCB isolation 0,5000 mm; réel 0,3000 mm)
    Rule: configuration des contraintes du contour du PCB; error
    @(121.0000 mm, 129.2500 mm): NPTH pad of J9
    @(121.1000 mm, 128.1500 mm): Pad B1 [<no net>] of J9 on F.Cu
[copper_edge_clearance]: Violation d'isolation du contour du CI (configuration des contraintes du contour du PCB isolation 0,5000 mm; réel 0,4000 mm)
    Rule: configuration des contraintes du contour du PCB; error
    @(121.0000 mm, 129.2500 mm): NPTH pad of J9
    @(120.3500 mm, 128.1500 mm): Pad B4 [<no net>] of J9 on F.Cu
[copper_edge_clearance]: Violation d'isolation du contour du CI (configuration des contraintes du contour du PCB isolation 0,5000 mm; réel 0,2660 mm)
    Rule: configuration des contraintes du contour du PCB; error
    @(121.0000 mm, 129.2500 mm): NPTH pad of J9
    @(122.3200 mm, 128.5250 mm): PTH pad SH [<no net>] of J9
[copper_edge_clearance]: Violation d'isolation du contour du CI (configuration des contraintes du contour du PCB isolation 0,5000 mm; réel 0,0000 mm)
    Rule: configuration des contraintes du contour du PCB; error
    @(101.0000 mm, 94.0000 mm): Segment on Edge.Cuts
    @(101.5000 mm, 99.8000 mm): Pad 1 [CHG_STAT] of TP1 on B.Cu
[copper_edge_clearance]: Violation d'isolation du contour du CI (configuration des contraintes du contour du PCB isolation 0,5000 mm; réel 0,3645 mm)
    Rule: configuration des contraintes du contour du PCB; error
    @(101.0000 mm, 94.0000 mm): Segment on Edge.Cuts
    @(102.0250 mm, 93.4450 mm): Pad MP [<no net>] of J7 on B.Cu
[copper_edge_clearance]: Violation d'isolation du contour du CI (configuration des contraintes du contour du PCB isolation 0,5000 mm; réel 0,2750 mm)
    Rule: configuration des contraintes du contour du PCB; error
    @(236.5000 mm, 127.0000 mm): Segment on Edge.Cuts
    @(235.7750 mm, 105.0000 mm): Pad 2 [GND] of C12 on B.Cu
[copper_edge_clearance]: Violation d'isolation du contour du CI (configuration des contraintes du contour du PCB isolation 0,5000 mm; réel 0,0000 mm)
    Rule: configuration des contraintes du contour du PCB; error
    @(109.0000 mm, 91.5000 mm): Segment on Edge.Cuts
    @(223.8800 mm, 91.0750 mm): Pad 1 [SD_DAT2] of J301 on B.Cu
[copper_edge_clearance]: Violation d'isolation du contour du CI (configuration des contraintes du contour du PCB isolation 0,5000 mm; réel 0,0000 mm)
    Rule: configuration des contraintes du contour du PCB; error
    @(109.0000 mm, 91.5000 mm): Segment on Edge.Cuts
    @(222.7800 mm, 91.0750 mm): Pad 2 [SD_DAT3] of J301 on B.Cu
[copper_edge_clearance]: Violation d'isolation du contour du CI (configuration des contraintes du contour du PCB isolation 0,5000 mm; réel 0,0000 mm)
    Rule: configuration des contraintes du contour du PCB; error
    @(109.0000 mm, 91.5000 mm): Segment on Edge.Cuts
    @(221.6800 mm, 91.0750 mm): Pad 3 [SD_CMD] of J301 on B.Cu
[copper_edge_clearance]: Violation d'isolation du contour du CI (configuration des contraintes du contour du PCB isolation 0,5000 mm; réel 0,0000 mm)
    Rule: configuration des contraintes du contour du PCB; error
    @(109.0000 mm, 91.5000 mm): Segment on Edge.Cuts
    @(220.5800 mm, 91.0750 mm): Pad 4 [SD_PWR] of J301 on B.Cu
[copper_edge_clearance]: Violation d'isolation du contour du CI (configuration des contraintes du contour du PCB isolation 0,5000 mm; réel 0,0000 mm)
    Rule: configuration des contraintes du contour du PCB; error
    @(109.0000 mm, 91.5000 mm): Segment on Edge.Cuts
    @(219.4800 mm, 91.0750 mm): Pad 5 [SD_CLK] of J301 on B.Cu
[copper_edge_clearance]: Violation d'isolation du contour du CI (configuration des contraintes du contour du PCB isolation 0,5000 mm; réel 0,0000 mm)
    Rule: configuration des contraintes du contour du PCB; error
    @(109.0000 mm, 91.5000 mm): Segment on Edge.Cuts
    @(218.3800 mm, 91.0750 mm): Pad 6 [GND] of J301 on B.Cu
[copper_edge_clearance]: Violation d'isolation du contour du CI (configuration des contraintes du contour du PCB isolation 0,5000 mm; réel 0,0000 mm)
    Rule: configuration des contraintes du contour du PCB; error
    @(109.0000 mm, 91.5000 mm): Segment on Edge.Cuts
    @(217.2800 mm, 91.0750 mm): Pad 7 [SD_DAT0] of J301 on B.Cu
[copper_edge_clearance]: Violation d'isolation du contour du CI (configuration des contraintes du contour du PCB isolation 0,5000 mm; réel 0,0000 mm)
    Rule: configuration des contraintes du contour du PCB; error
    @(109.0000 mm, 91.5000 mm): Segment on Edge.Cuts
    @(216.1800 mm, 91.0750 mm): Pad 8 [SD_DAT1] of J301 on B.Cu
[copper_edge_clearance]: Violation d'isolation du contour du CI (configuration des contraintes du contour du PCB isolation 0,5000 mm; réel 0,0000 mm)
    Rule: configuration des contraintes du contour du PCB; error
    @(109.0000 mm, 91.5000 mm): Segment on Edge.Cuts
    @(227.7600 mm, 91.0900 mm): Pad 11 [GND] of J301 on B.Cu
[copper_edge_clearance]: Violation d'isolation du contour du CI (configuration des contraintes du contour du PCB isolation 0,5000 mm; réel 0,0000 mm)
    Rule: configuration des contraintes du contour du PCB; error
    @(109.0000 mm, 91.5000 mm): Segment on Edge.Cuts
    @(215.1000 mm, 91.5750 mm): Pad 11 [GND] of J301 on B.Cu
[drill_out_of_range]: Taille du trou en dehors de la plage (configuration des contraintes du PCB trou min 0,3000 mm ; réel 0,2000 mm)
    Rule: configuration des contraintes du PCB; error
    @(116.7625 mm, 120.9500 mm): PTH pad 33 [<no net>] of U3
[drill_out_of_range]: Taille du trou en dehors de la plage (configuration des contraintes du PCB trou min 0,3000 mm ; réel 0,2000 mm)
    Rule: configuration des contraintes du PCB; error
    @(116.7625 mm, 121.7500 mm): PTH pad 33 [<no net>] of U3
[drill_out_of_range]: Taille du trou en dehors de la plage (configuration des contraintes du PCB trou min 0,3000 mm ; réel 0,2000 mm)
    Rule: configuration des contraintes du PCB; error
    @(116.7625 mm, 122.5500 mm): PTH pad 33 [<no net>] of U3
[drill_out_of_range]: Taille du trou en dehors de la plage (configuration des contraintes du PCB trou min 0,3000 mm ; réel 0,2000 mm)
    Rule: configuration des contraintes du PCB; error
    @(117.5625 mm, 120.9500 mm): PTH pad 33 [<no net>] of U3
[drill_out_of_range]: Taille du trou en dehors de la plage (configuration des contraintes du PCB trou min 0,3000 mm ; réel 0,2000 mm)
    Rule: configuration des contraintes du PCB; error
    @(117.5625 mm, 121.7500 mm): PTH pad 33 [<no net>] of U3
[drill_out_of_range]: Taille du trou en dehors de la plage (configuration des contraintes du PCB trou min 0,3000 mm ; réel 0,2000 mm)
    Rule: configuration des contraintes du PCB; error
    @(117.5625 mm, 122.5500 mm): PTH pad 33 [<no net>] of U3
[drill_out_of_range]: Taille du trou en dehors de la plage (configuration des contraintes du PCB trou min 0,3000 mm ; réel 0,2000 mm)
    Rule: configuration des contraintes du PCB; error
    @(118.3625 mm, 120.9500 mm): PTH pad 33 [<no net>] of U3
[drill_out_of_range]: Taille du trou en dehors de la plage (configuration des contraintes du PCB trou min 0,3000 mm ; réel 0,2000 mm)
    Rule: configuration des contraintes du PCB; error
    @(118.3625 mm, 121.7500 mm): PTH pad 33 [<no net>] of U3
[drill_out_of_range]: Taille du trou en dehors de la plage (configuration des contraintes du PCB trou min 0,3000 mm ; réel 0,2000 mm)
    Rule: configuration des contraintes du PCB; error
    @(118.3625 mm, 122.5500 mm): PTH pad 33 [<no net>] of U3
[drill_out_of_range]: Taille du trou en dehors de la plage (configuration des contraintes du PCB trou min 0,3000 mm ; réel 0,2000 mm)
    Rule: configuration des contraintes du PCB; error
    @(209.9500 mm, 112.6500 mm): PTH pad 49 [GND] of U14
[drill_out_of_range]: Taille du trou en dehors de la plage (configuration des contraintes du PCB trou min 0,3000 mm ; réel 0,2000 mm)
    Rule: configuration des contraintes du PCB; error
    @(209.9500 mm, 113.9500 mm): PTH pad 49 [GND] of U14
[drill_out_of_range]: Taille du trou en dehors de la plage (configuration des contraintes du PCB trou min 0,3000 mm ; réel 0,2000 mm)
    Rule: configuration des contraintes du PCB; error
    @(209.9500 mm, 115.2500 mm): PTH pad 49 [GND] of U14
[drill_out_of_range]: Taille du trou en dehors de la plage (configuration des contraintes du PCB trou min 0,3000 mm ; réel 0,2000 mm)
    Rule: configuration des contraintes du PCB; error
    @(209.9500 mm, 116.5500 mm): PTH pad 49 [GND] of U14
[drill_out_of_range]: Taille du trou en dehors de la plage (configuration des contraintes du PCB trou min 0,3000 mm ; réel 0,2000 mm)
    Rule: configuration des contraintes du PCB; error
    @(209.9500 mm, 117.8500 mm): PTH pad 49 [GND] of U14
[drill_out_of_range]: Taille du trou en dehors de la plage (configuration des contraintes du PCB trou min 0,3000 mm ; réel 0,2000 mm)
    Rule: configuration des contraintes du PCB; error
    @(211.2500 mm, 112.6500 mm): PTH pad 49 [GND] of U14
[drill_out_of_range]: Taille du trou en dehors de la plage (configuration des contraintes du PCB trou min 0,3000 mm ; réel 0,2000 mm)
    Rule: configuration des contraintes du PCB; error
    @(211.2500 mm, 113.9500 mm): PTH pad 49 [GND] of U14
[drill_out_of_range]: Taille du trou en dehors de la plage (configuration des contraintes du PCB trou min 0,3000 mm ; réel 0,2000 mm)
    Rule: configuration des contraintes du PCB; error
    @(211.2500 mm, 115.2500 mm): PTH pad 49 [GND] of U14
[drill_out_of_range]: Taille du trou en dehors de la plage (configuration des contraintes du PCB trou min 0,3000 mm ; réel 0,2000 mm)
    Rule: configuration des contraintes du PCB; error
    @(211.2500 mm, 116.5500 mm): PTH pad 49 [GND] of U14
[drill_out_of_range]: Taille du trou en dehors de la plage (configuration des contraintes du PCB trou min 0,3000 mm ; réel 0,2000 mm)
    Rule: configuration des contraintes du PCB; error
    @(211.2500 mm, 117.8500 mm): PTH pad 49 [GND] of U14
[drill_out_of_range]: Taille du trou en dehors de la plage (configuration des contraintes du PCB trou min 0,3000 mm ; réel 0,2000 mm)
    Rule: configuration des contraintes du PCB; error
    @(212.5500 mm, 112.6500 mm): PTH pad 49 [GND] of U14
[drill_out_of_range]: Taille du trou en dehors de la plage (configuration des contraintes du PCB trou min 0,3000 mm ; réel 0,2000 mm)
    Rule: configuration des contraintes du PCB; error
    @(212.5500 mm, 113.9500 mm): PTH pad 49 [GND] of U14
[drill_out_of_range]: Taille du trou en dehors de la plage (configuration des contraintes du PCB trou min 0,3000 mm ; réel 0,2000 mm)
    Rule: configuration des contraintes du PCB; error
    @(212.5500 mm, 115.2500 mm): PTH pad 49 [GND] of U14
[drill_out_of_range]: Taille du trou en dehors de la plage (configuration des contraintes du PCB trou min 0,3000 mm ; réel 0,2000 mm)
    Rule: configuration des contraintes du PCB; error
    @(212.5500 mm, 116.5500 mm): PTH pad 49 [GND] of U14
[drill_out_of_range]: Taille du trou en dehors de la plage (configuration des contraintes du PCB trou min 0,3000 mm ; réel 0,2000 mm)
    Rule: configuration des contraintes du PCB; error
    @(212.5500 mm, 117.8500 mm): PTH pad 49 [GND] of U14
[drill_out_of_range]: Taille du trou en dehors de la plage (configuration des contraintes du PCB trou min 0,3000 mm ; réel 0,2000 mm)
    Rule: configuration des contraintes du PCB; error
    @(213.8500 mm, 112.6500 mm): PTH pad 49 [GND] of U14
[drill_out_of_range]: Taille du trou en dehors de la plage (configuration des contraintes du PCB trou min 0,3000 mm ; réel 0,2000 mm)
    Rule: configuration des contraintes du PCB; error
    @(213.8500 mm, 113.9500 mm): PTH pad 49 [GND] of U14
[drill_out_of_range]: Taille du trou en dehors de la plage (configuration des contraintes du PCB trou min 0,3000 mm ; réel 0,2000 mm)
    Rule: configuration des contraintes du PCB; error
    @(213.8500 mm, 115.2500 mm): PTH pad 49 [GND] of U14
[drill_out_of_range]: Taille du trou en dehors de la plage (configuration des contraintes du PCB trou min 0,3000 mm ; réel 0,2000 mm)
    Rule: configuration des contraintes du PCB; error
    @(213.8500 mm, 116.5500 mm): PTH pad 49 [GND] of U14
[drill_out_of_range]: Taille du trou en dehors de la plage (configuration des contraintes du PCB trou min 0,3000 mm ; réel 0,2000 mm)
    Rule: configuration des contraintes du PCB; error
    @(213.8500 mm, 117.8500 mm): PTH pad 49 [GND] of U14
[drill_out_of_range]: Taille du trou en dehors de la plage (configuration des contraintes du PCB trou min 0,3000 mm ; réel 0,2000 mm)
    Rule: configuration des contraintes du PCB; error
    @(215.1500 mm, 112.6500 mm): PTH pad 49 [GND] of U14
[drill_out_of_range]: Taille du trou en dehors de la plage (configuration des contraintes du PCB trou min 0,3000 mm ; réel 0,2000 mm)
    Rule: configuration des contraintes du PCB; error
    @(215.1500 mm, 113.9500 mm): PTH pad 49 [GND] of U14
[drill_out_of_range]: Taille du trou en dehors de la plage (configuration des contraintes du PCB trou min 0,3000 mm ; réel 0,2000 mm)
    Rule: configuration des contraintes du PCB; error
    @(215.1500 mm, 115.2500 mm): PTH pad 49 [GND] of U14
[drill_out_of_range]: Taille du trou en dehors de la plage (configuration des contraintes du PCB trou min 0,3000 mm ; réel 0,2000 mm)
    Rule: configuration des contraintes du PCB; error
    @(215.1500 mm, 116.5500 mm): PTH pad 49 [GND] of U14
[drill_out_of_range]: Taille du trou en dehors de la plage (configuration des contraintes du PCB trou min 0,3000 mm ; réel 0,2000 mm)
    Rule: configuration des contraintes du PCB; error
    @(215.1500 mm, 117.8500 mm): PTH pad 49 [GND] of U14
[drill_out_of_range]: Taille du trou en dehors de la plage (configuration des contraintes du PCB trou min 0,3000 mm ; réel 0,2000 mm)
    Rule: configuration des contraintes du PCB; error
    @(202.5500 mm, 95.1500 mm): PTH pad 39 [GND] of U12
[drill_out_of_range]: Taille du trou en dehors de la plage (configuration des contraintes du PCB trou min 0,3000 mm ; réel 0,2000 mm)
    Rule: configuration des contraintes du PCB; error
    @(202.5500 mm, 93.8500 mm): PTH pad 39 [GND] of U12
[drill_out_of_range]: Taille du trou en dehors de la plage (configuration des contraintes du PCB trou min 0,3000 mm ; réel 0,2000 mm)
    Rule: configuration des contraintes du PCB; error
    @(201.4500 mm, 95.1500 mm): PTH pad 39 [GND] of U12
[drill_out_of_range]: Taille du trou en dehors de la plage (configuration des contraintes du PCB trou min 0,3000 mm ; réel 0,2000 mm)
    Rule: configuration des contraintes du PCB; error
    @(201.4500 mm, 93.8500 mm): PTH pad 39 [GND] of U12
[drill_out_of_range]: Taille du trou en dehors de la plage (configuration des contraintes du PCB trou min 0,3000 mm ; réel 0,2000 mm)
    Rule: configuration des contraintes du PCB; error
    @(199.5500 mm, 95.1500 mm): PTH pad 40 [unconnected-(U12-DRAIN_PAD-Pad40)] of U12
[drill_out_of_range]: Taille du trou en dehors de la plage (configuration des contraintes du PCB trou min 0,3000 mm ; réel 0,2000 mm)
    Rule: configuration des contraintes du PCB; error
    @(199.5500 mm, 93.8500 mm): PTH pad 40 [unconnected-(U12-DRAIN_PAD-Pad40)] of U12
[drill_out_of_range]: Taille du trou en dehors de la plage (configuration des contraintes du PCB trou min 0,3000 mm ; réel 0,2000 mm)
    Rule: configuration des contraintes du PCB; error
    @(126.8600 mm, 128.9820 mm): PTH pad 21 [GND] of U2
[solder_mask_bridge]: L’ouverture du masque de soudure de dessus relie des éléments de différents nets
    Rule: configuration largeur min masque de soudure; error
    @(114.9000 mm, 128.1500 mm): Pad A1 [<no net>] of J9 on F.Cu
    @(114.9000 mm, 128.1500 mm): Pad B12 [<no net>] of J9 on F.Cu
[solder_mask_bridge]: L’ouverture du masque de soudure de dessus relie des éléments de différents nets
    Rule: configuration largeur min masque de soudure; error
    @(115.6500 mm, 128.1500 mm): Pad A4 [<no net>] of J9 on F.Cu
    @(115.6500 mm, 128.1500 mm): Pad B9 [<no net>] of J9 on F.Cu
[solder_mask_bridge]: L’ouverture du masque de soudure de dessus relie des éléments de différents nets
    Rule: configuration largeur min masque de soudure; error
    @(120.3500 mm, 128.1500 mm): Pad A9 [<no net>] of J9 on F.Cu
    @(120.3500 mm, 128.1500 mm): Pad B4 [<no net>] of J9 on F.Cu
[solder_mask_bridge]: L’ouverture du masque de soudure de dessus relie des éléments de différents nets
    Rule: configuration largeur min masque de soudure; error
    @(121.1000 mm, 128.1500 mm): Pad A12 [<no net>] of J9 on F.Cu
    @(121.1000 mm, 128.1500 mm): Pad B1 [<no net>] of J9 on F.Cu
[track_dangling]: Track has unconnected end
    Local override; warning
    @(210.7000 mm, 116.3222 mm): Track [LED_BLUE_GPIO16_N] on PWR_SIG2, length 0.1728 mm
[track_dangling]: Track has unconnected end
    Local override; warning
    @(211.8000 mm, 117.6222 mm): Track [LED_BLUE_GPIO16_N] on PWR_SIG2, length 0.1728 mm
[isolated_copper]: Isolated copper fill
    Local override; warning
    @(111.0000 mm, 93.5000 mm): Zone [GND] on F.Cu, priority 0
[silk_edge_clearance]: Silkscreen clipped by board edge
    Rule: configuration des contraintes de la sérigraphie; warning
    @(101.0000 mm, 94.0000 mm): Segment on Edge.Cuts
    @(101.5000 mm, 99.8000 mm): Circle of TP1 on B.Silkscreen
[text_height]: Hauteur de texte hors de plage (configuration des contraintes du PCB hauteur de texte sur sérigraphie hauteur min 0,8000 mm; réel 0,6000 mm)
    Rule: configuration des contraintes du PCB hauteur de texte sur sérigraphie; warning
    @(161.0000 mm, 116.0000 mm): PCB text 'R2020' on F.Silkscreen
[text_height]: Hauteur de texte hors de plage (configuration des contraintes du PCB hauteur de texte sur sérigraphie hauteur min 0,8000 mm; réel 0,6000 mm)
    Rule: configuration des contraintes du PCB hauteur de texte sur sérigraphie; warning
    @(161.0000 mm, 117.0000 mm): PCB text 'R2021' on F.Silkscreen
[text_height]: Hauteur de texte hors de plage (configuration des contraintes du PCB hauteur de texte sur sérigraphie hauteur min 0,8000 mm; réel 0,6000 mm)
    Rule: configuration des contraintes du PCB hauteur de texte sur sérigraphie; warning
    @(161.0000 mm, 118.0000 mm): PCB text 'R2022' on F.Silkscreen
[text_height]: Hauteur de texte hors de plage (configuration des contraintes du PCB hauteur de texte sur sérigraphie hauteur min 0,8000 mm; réel 0,6000 mm)
    Rule: configuration des contraintes du PCB hauteur de texte sur sérigraphie; warning
    @(164.5000 mm, 116.0000 mm): PCB text 'C20230' on F.Silkscreen
[text_height]: Hauteur de texte hors de plage (configuration des contraintes du PCB hauteur de texte sur sérigraphie hauteur min 0,8000 mm; réel 0,6000 mm)
    Rule: configuration des contraintes du PCB hauteur de texte sur sérigraphie; warning
    @(164.5000 mm, 117.0000 mm): PCB text 'C20231' on F.Silkscreen
[text_height]: Hauteur de texte hors de plage (configuration des contraintes du PCB hauteur de texte sur sérigraphie hauteur min 0,8000 mm; réel 0,6000 mm)
    Rule: configuration des contraintes du PCB hauteur de texte sur sérigraphie; warning
    @(164.5000 mm, 118.0000 mm): PCB text 'C20232' on F.Silkscreen
[text_height]: Hauteur de texte hors de plage (configuration des contraintes du PCB hauteur de texte sur sérigraphie hauteur min 0,8000 mm; réel 0,6000 mm)
    Rule: configuration des contraintes du PCB hauteur de texte sur sérigraphie; warning
    @(181.5000 mm, 111.0000 mm): PCB text 'C2021' on F.Silkscreen
[text_height]: Hauteur de texte hors de plage (configuration des contraintes du PCB hauteur de texte sur sérigraphie hauteur min 0,8000 mm; réel 0,6000 mm)
    Rule: configuration des contraintes du PCB hauteur de texte sur sérigraphie; warning
    @(181.5000 mm, 112.0000 mm): PCB text 'C2023' on F.Silkscreen
[text_height]: Hauteur de texte hors de plage (configuration des contraintes du PCB hauteur de texte sur sérigraphie hauteur min 0,8000 mm; réel 0,6000 mm)
    Rule: configuration des contraintes du PCB hauteur de texte sur sérigraphie; warning
    @(181.5000 mm, 113.0000 mm): PCB text 'C2025' on F.Silkscreen
[text_height]: Hauteur de texte hors de plage (configuration des contraintes du PCB hauteur de texte sur sérigraphie hauteur min 0,8000 mm; réel 0,6000 mm)
    Rule: configuration des contraintes du PCB hauteur de texte sur sérigraphie; warning
    @(182.0000 mm, 93.5000 mm): PCB text 'FB2021' on F.Silkscreen
[text_height]: Hauteur de texte hors de plage (configuration des contraintes du PCB hauteur de texte sur sérigraphie hauteur min 0,8000 mm; réel 0,6000 mm)
    Rule: configuration des contraintes du PCB hauteur de texte sur sérigraphie; warning
    @(182.0000 mm, 94.5000 mm): PCB text 'FB2023' on F.Silkscreen
[text_height]: Hauteur de texte hors de plage (configuration des contraintes du PCB hauteur de texte sur sérigraphie hauteur min 0,8000 mm; réel 0,6000 mm)
    Rule: configuration des contraintes du PCB hauteur de texte sur sérigraphie; warning
    @(182.0000 mm, 95.5000 mm): PCB text 'FB2025' on F.Silkscreen
[text_height]: Hauteur de texte hors de plage (configuration des contraintes du PCB hauteur de texte sur sérigraphie hauteur min 0,8000 mm; réel 0,6000 mm)
    Rule: configuration des contraintes du PCB hauteur de texte sur sérigraphie; warning
    @(184.5000 mm, 111.0000 mm): PCB text 'C2022' on F.Silkscreen
[text_height]: Hauteur de texte hors de plage (configuration des contraintes du PCB hauteur de texte sur sérigraphie hauteur min 0,8000 mm; réel 0,6000 mm)
    Rule: configuration des contraintes du PCB hauteur de texte sur sérigraphie; warning
    @(184.5000 mm, 112.0000 mm): PCB text 'C2024' on F.Silkscreen
[text_height]: Hauteur de texte hors de plage (configuration des contraintes du PCB hauteur de texte sur sérigraphie hauteur min 0,8000 mm; réel 0,6000 mm)
    Rule: configuration des contraintes du PCB hauteur de texte sur sérigraphie; warning
    @(184.5000 mm, 113.0000 mm): PCB text 'C2026' on F.Silkscreen
[text_height]: Hauteur de texte hors de plage (configuration des contraintes du PCB hauteur de texte sur sérigraphie hauteur min 0,8000 mm; réel 0,6000 mm)
    Rule: configuration des contraintes du PCB hauteur de texte sur sérigraphie; warning
    @(185.5000 mm, 93.5000 mm): PCB text 'FB2022' on F.Silkscreen
[text_height]: Hauteur de texte hors de plage (configuration des contraintes du PCB hauteur de texte sur sérigraphie hauteur min 0,8000 mm; réel 0,6000 mm)
    Rule: configuration des contraintes du PCB hauteur de texte sur sérigraphie; warning
    @(185.5000 mm, 94.5000 mm): PCB text 'FB2024' on F.Silkscreen
[text_height]: Hauteur de texte hors de plage (configuration des contraintes du PCB hauteur de texte sur sérigraphie hauteur min 0,8000 mm; réel 0,6000 mm)
    Rule: configuration des contraintes du PCB hauteur de texte sur sérigraphie; warning
    @(185.5000 mm, 95.5000 mm): PCB text 'FB2026' on F.Silkscreen
[text_height]: Hauteur de texte hors de plage (configuration des contraintes du PCB hauteur de texte sur sérigraphie hauteur min 0,8000 mm; réel 0,4500 mm)
    Rule: configuration des contraintes du PCB hauteur de texte sur sérigraphie; warning
    @(221.5000 mm, 104.8000 mm): PCB text 'MICROSD - CM4 LITE ONLY / DNP FOR EMMC' on B.Silkscreen
[text_height]: Hauteur de texte hors de plage (configuration des contraintes du PCB hauteur de texte sur sérigraphie hauteur min 0,8000 mm; réel 0,5000 mm)
    Rule: configuration des contraintes du PCB hauteur de texte sur sérigraphie; warning
    @(115.0000 mm, 105.0000 mm): PCB text 'DISPLAY POWER 3V3 1V8 1V2 1V15' on B.Silkscreen
[text_height]: Hauteur de texte hors de plage (configuration des contraintes du PCB hauteur de texte sur sérigraphie hauteur min 0,8000 mm; réel 0,5000 mm)
    Rule: configuration des contraintes du PCB hauteur de texte sur sérigraphie; warning
    @(216.0000 mm, 105.0000 mm): PCB text 'LCD BIAS +5V5/-5V5 + 6CH WLED' on B.Silkscreen
[text_height]: Hauteur de texte hors de plage (configuration des contraintes du PCB hauteur de texte sur sérigraphie hauteur min 0,8000 mm; réel 0,5500 mm)
    Rule: configuration des contraintes du PCB hauteur de texte sur sérigraphie; warning
    @(112.3000 mm, 98.1000 mm): PCB text 'TRACKING' on B.Silkscreen
[text_height]: Hauteur de texte hors de plage (configuration des contraintes du PCB hauteur de texte sur sérigraphie hauteur min 0,8000 mm; réel 0,5500 mm)
    Rule: configuration des contraintes du PCB hauteur de texte sur sérigraphie; warning
    @(125.0000 mm, 134.7000 mm): PCB text '+5V SYSTEM' on B.Silkscreen
[text_height]: Hauteur de texte hors de plage (configuration des contraintes du PCB hauteur de texte sur sérigraphie hauteur min 0,8000 mm; réel 0,5500 mm)
    Rule: configuration des contraintes du PCB hauteur de texte sur sérigraphie; warning
    @(132.7000 mm, 98.6000 mm): PCB text 'SERVICE' on B.Silkscreen
[text_height]: Hauteur de texte hors de plage (configuration des contraintes du PCB hauteur de texte sur sérigraphie hauteur min 0,8000 mm; réel 0,5500 mm)
    Rule: configuration des contraintes du PCB hauteur de texte sur sérigraphie; warning
    @(136.0000 mm, 104.0000 mm): PCB text 'USB 1V05' on B.Silkscreen
[text_height]: Hauteur de texte hors de plage (configuration des contraintes du PCB hauteur de texte sur sérigraphie hauteur min 0,8000 mm; réel 0,5500 mm)
    Rule: configuration des contraintes du PCB hauteur de texte sur sérigraphie; warning
    @(203.0000 mm, 98.4000 mm): PCB text 'USB-PD' on B.Silkscreen
[text_height]: Hauteur de texte hors de plage (configuration des contraintes du PCB hauteur de texte sur sérigraphie hauteur min 0,8000 mm; réel 0,5500 mm)
    Rule: configuration des contraintes du PCB hauteur de texte sur sérigraphie; warning
    @(207.5000 mm, 134.7000 mm): PCB text 'CHARGER' on B.Silkscreen
[text_height]: Hauteur de texte hors de plage (configuration des contraintes du PCB hauteur de texte sur sérigraphie hauteur min 0,8000 mm; réel 0,7000 mm)
    Rule: configuration des contraintes du PCB hauteur de texte sur sérigraphie; warning
    @(159.5000 mm, 125.3500 mm): Reference field of J10
[silk_over_copper]: Silkscreen clipped by solder mask
    Local override; warning
    @(138.8750 mm, 102.0250 mm): Circle of U201 on F.Silkscreen
    @(139.0000 mm, 102.1500 mm): Pad A1 [L_REXT] of U201 on F.Cu
[silk_over_copper]: Silkscreen clipped by solder mask
    Local override; warning
    @(194.2250 mm, 109.4750 mm): Circle of U202 on F.Silkscreen
    @(194.1000 mm, 109.3500 mm): Pad A1 [R_REXT] of U202 on F.Cu
[silk_overlap]: Silkscreen clearance
    Rule: configuration des contraintes de la sérigraphie; warning
    @(221.5000 mm, 104.8000 mm): PCB text 'MICROSD - CM4 LITE ONLY / DNP FOR EMMC' on B.Silkscreen
    @(228.8594 mm, 104.4900 mm): Segment of C10 on B.Silkscreen
[silk_overlap]: Silkscreen clearance
    Rule: configuration des contraintes de la sérigraphie; warning
    @(216.0000 mm, 105.0000 mm): PCB text 'LCD BIAS +5V5/-5V5 + 6CH WLED' on B.Silkscreen
    @(221.5000 mm, 104.8000 mm): PCB text 'MICROSD - CM4 LITE ONLY / DNP FOR EMMC' on B.Silkscreen
[silk_overlap]: Silkscreen clearance
    Rule: configuration des contraintes de la sérigraphie; warning
    @(203.0000 mm, 98.4000 mm): PCB text 'USB-PD' on B.Silkscreen
    @(204.2594 mm, 98.0900 mm): Segment of C9 on B.Silkscreen
[silk_overlap]: Silkscreen clearance
    Rule: configuration des contraintes de la sérigraphie; warning
    @(121.6406 mm, 105.0100 mm): Segment of C2051 on B.Silkscreen
    @(115.0000 mm, 105.0000 mm): PCB text 'DISPLAY POWER 3V3 1V8 1V2 1V15' on B.Silkscreen
[silk_overlap]: Silkscreen clearance
    Rule: configuration des contraintes de la sérigraphie; warning
    @(124.8464 mm, 134.3800 mm): Segment of R25 on B.Silkscreen
    @(125.0000 mm, 134.7000 mm): PCB text '+5V SYSTEM' on B.Silkscreen
[silk_over_copper]: Silkscreen clipped by solder mask
    Local override; warning
    @(221.5000 mm, 104.8000 mm): PCB text 'MICROSD - CM4 LITE ONLY / DNP FOR EMMC' on B.Silkscreen
    @(228.2250 mm, 105.0000 mm): Pad 1 [VBUS_CHARGE] of C10 on B.Cu
[silk_over_copper]: Silkscreen clipped by solder mask
    Local override; warning
    @(216.0000 mm, 105.0000 mm): PCB text 'LCD BIAS +5V5/-5V5 + 6CH WLED' on B.Silkscreen
    @(212.8625 mm, 104.9250 mm): Pad 11 [R_LCD_TE] of U210 on B.Cu
[silk_over_copper]: Silkscreen clipped by solder mask
    Local override; warning
    @(203.0000 mm, 98.4000 mm): PCB text 'USB-PD' on B.Silkscreen
    @(203.6250 mm, 98.6000 mm): Pad 1 [VBUS_CHARGE] of C9 on B.Cu
[silk_over_copper]: Silkscreen clipped by solder mask
    Local override; warning
    @(203.0000 mm, 98.4000 mm): PCB text 'USB-PD' on B.Silkscreen
    @(201.9750 mm, 98.6000 mm): Pad 2 [GND] of C8 on B.Cu
[silk_over_copper]: Silkscreen clipped by solder mask
    Local override; warning
    @(115.0000 mm, 105.0000 mm): PCB text 'DISPLAY POWER 3V3 1V8 1V2 1V15' on B.Silkscreen
    @(120.7250 mm, 104.5000 mm): Pad 2 [GND] of C2051 on B.Cu
[silk_over_copper]: Silkscreen clipped by solder mask
    Local override; warning
    @(203.1000 mm, 115.2000 mm): Segment of U207 on B.Silkscreen
    @(202.4000 mm, 115.2000 mm): Pad A1 [LCD_BIAS_ENN] of U207 on B.Cu

** Found 499 unconnected pads **
[unconnected_items]: Missing connection between items
    Local override; error
    @(212.8625 mm, 103.6250 mm): Pad 9 [R_LCD_RESET] of U210 on B.Cu
    @(162.9800 mm, 99.0000 mm): Pad 1 [R_LCD_RESET] of R265 on F.Cu
[unconnected_items]: Missing connection between items
    Local override; error
    @(213.8500 mm, 104.5000 mm): Pad 42 [R_LCD_RESET] of J202 on F.Cu
    @(212.8625 mm, 103.6250 mm): Pad 9 [R_LCD_RESET] of U210 on B.Cu
[unconnected_items]: Missing connection between items
    Local override; error
    @(102.7250 mm, 104.5000 mm): Pad 2 [GND] of C2031 on B.Cu
    @(104.8625 mm, 108.5000 mm): Pad 2 [GND] of U203 on B.Cu
[unconnected_items]: Missing connection between items
    Local override; error
    @(103.2750 mm, 130.0000 mm): Pad 2 [GND] of C57 on B.Cu
    @(103.9750 mm, 127.0000 mm): Pad 2 [GND] of C22 on B.Cu
[unconnected_items]: Missing connection between items
    Local override; error
    @(103.9750 mm, 127.0000 mm): Pad 2 [GND] of C22 on B.Cu
    @(103.9750 mm, 124.5000 mm): Pad 2 [GND] of C19 on B.Cu
[unconnected_items]: Missing connection between items
    Local override; error
    @(103.9750 mm, 127.0000 mm): Pad 2 [GND] of C22 on B.Cu
    @(107.1750 mm, 127.0000 mm): Pad 2 [GND] of C23 on B.Cu
[unconnected_items]: Missing connection between items
    Local override; error
    @(104.8625 mm, 108.5000 mm): Pad 2 [GND] of U203 on B.Cu
    @(109.4900 mm, 111.5000 mm): Pad 2 [GND] of R2032 on B.Cu
[unconnected_items]: Missing connection between items
    Local override; error
    @(104.8625 mm, 119.0000 mm): Pad 2 [GND] of U204 on B.Cu
    @(102.7250 mm, 115.0000 mm): Pad 2 [GND] of C2041 on B.Cu
[unconnected_items]: Missing connection between items
    Local override; error
    @(106.5500 mm, 100.3125 mm): Pad 2 [GND] of C261 on F.Cu
    @(106.5500 mm, 98.3125 mm): Pad 2 [GND] of C260 on F.Cu
[unconnected_items]: Missing connection between items
    Local override; error
    @(106.5500 mm, 100.3125 mm): Pad 2 [GND] of C261 on F.Cu
    @(106.5500 mm, 102.3125 mm): Pad 2 [GND] of C262 on F.Cu
[unconnected_items]: Missing connection between items
    Local override; error
    @(106.5500 mm, 102.3125 mm): Pad 2 [GND] of C262 on F.Cu
    @(102.7250 mm, 104.5000 mm): Pad 2 [GND] of C2031 on B.Cu
[unconnected_items]: Missing connection between items
    Local override; error
    @(106.7750 mm, 130.0000 mm): Pad 2 [GND] of C58 on B.Cu
    @(106.7750 mm, 133.0000 mm): Pad 2 [GND] of C60 on B.Cu
[unconnected_items]: Missing connection between items
    Local override; error
    @(106.7750 mm, 130.0000 mm): Pad 2 [GND] of C58 on B.Cu
    @(110.2750 mm, 130.0000 mm): Pad 2 [GND] of C59 on B.Cu
[unconnected_items]: Missing connection between items
    Local override; error
    @(107.1750 mm, 124.5000 mm): Pad 2 [GND] of C20 on B.Cu
    @(110.3750 mm, 124.5000 mm): Pad 2 [GND] of C21 on B.Cu
[unconnected_items]: Missing connection between items
    Local override; error
    @(107.1750 mm, 127.0000 mm): Pad 2 [GND] of C23 on B.Cu
    @(107.1750 mm, 124.5000 mm): Pad 2 [GND] of C20 on B.Cu
[unconnected_items]: Missing connection between items
    Local override; error
    @(107.1750 mm, 127.0000 mm): Pad 2 [GND] of C23 on B.Cu
    @(106.7750 mm, 130.0000 mm): Pad 2 [GND] of C58 on B.Cu
[unconnected_items]: Missing connection between items
    Local override; error
    @(109.4900 mm, 111.5000 mm): Pad 2 [GND] of R2032 on B.Cu
    @(114.5250 mm, 108.5000 mm): Pad 2 [GND] of C2032 on B.Cu
[unconnected_items]: Missing connection between items
    Local override; error
    @(109.4900 mm, 122.0000 mm): Pad 2 [GND] of R2042 on B.Cu
    @(110.3750 mm, 124.5000 mm): Pad 2 [GND] of C21 on B.Cu
[unconnected_items]: Missing connection between items
    Local override; error
    @(109.4900 mm, 122.0000 mm): Pad 2 [GND] of R2042 on B.Cu
    @(104.8625 mm, 119.0000 mm): Pad 2 [GND] of U204 on B.Cu
[unconnected_items]: Missing connection between items
    Local override; error
    @(111.0100 mm, 100.5000 mm): Pad 2 [GND] of R260 on F.Cu
    @(106.5500 mm, 100.3125 mm): Pad 2 [GND] of C261 on F.Cu
[unconnected_items]: Missing connection between items
    Local override; error
    @(111.2300 mm, 119.0000 mm): Pad 5 [GND] of U4 on F.Cu
    @(111.2300 mm, 118.0000 mm): Pad 3 [GND] of U4 on F.Cu
[unconnected_items]: Missing connection between items
    Local override; error
    @(111.2300 mm, 119.0000 mm): Pad 5 [GND] of U4 on F.Cu
    @(109.4900 mm, 122.0000 mm): Pad 2 [GND] of R2042 on B.Cu
[unconnected_items]: Missing connection between items
    Local override; error
    @(112.0000 mm, 118.0000 mm): Pad 8 [GND] of U4 on F.Cu
    @(111.2300 mm, 118.0000 mm): Pad 3 [GND] of U4 on F.Cu
[unconnected_items]: Missing connection between items
    Local override; error
    @(112.0000 mm, 118.0000 mm): Pad 8 [GND] of U4 on F.Cu
    @(114.5250 mm, 119.0000 mm): Pad 2 [GND] of C2042 on B.Cu
[unconnected_items]: Missing connection between items
    Local override; error
    @(114.5250 mm, 119.0000 mm): Pad 2 [GND] of C2042 on B.Cu
    @(115.1250 mm, 123.0000 mm): Pad 7 [GND] of U3 on F.Cu
[unconnected_items]: Missing connection between items
    Local override; error
    @(115.1250 mm, 123.0000 mm): Pad 7 [GND] of U3 on F.Cu
    @(117.3125 mm, 124.1875 mm): Pad 12 [GND] of U3 on F.Cu
[unconnected_items]: Missing connection between items
    Local override; error
    @(117.3125 mm, 124.1875 mm): Pad 12 [GND] of U3 on F.Cu
    @(120.0000 mm, 123.5000 mm): Pad 17 [GND] of U3 on F.Cu
[unconnected_items]: Missing connection between items
    Local override; error
    @(117.7250 mm, 112.2000 mm): Pad 1 [GND] of D1 on F.Cu
    @(114.5250 mm, 108.5000 mm): Pad 2 [GND] of C2032 on B.Cu
[unconnected_items]: Missing connection between items
    Local override; error
    @(117.7250 mm, 112.8500 mm): Pad 2 [GND] of D1 on F.Cu
    @(117.7250 mm, 112.2000 mm): Pad 1 [GND] of D1 on F.Cu
[unconnected_items]: Missing connection between items
    Local override; error
    @(117.7250 mm, 113.5000 mm): Pad 3 [GND] of D1 on F.Cu
    @(117.7250 mm, 112.8500 mm): Pad 2 [GND] of D1 on F.Cu
[unconnected_items]: Missing connection between items
    Local override; error
    @(117.7250 mm, 113.5000 mm): Pad 3 [GND] of D1 on F.Cu
    @(115.5000 mm, 113.5000 mm): Pad 3 [GND] of U7 on F.Cu
[unconnected_items]: Missing connection between items
    Local override; error
    @(117.8125 mm, 119.3125 mm): Pad 28 [GND] of U3 on F.Cu
    @(114.5250 mm, 119.0000 mm): Pad 2 [GND] of C2042 on B.Cu
[unconnected_items]: Missing connection between items
    Local override; error
    @(118.6125 mm, 112.8500 mm): Pad 7 [GND] of D1 on F.Cu
    @(117.7250 mm, 112.8500 mm): Pad 2 [GND] of D1 on F.Cu
[unconnected_items]: Missing connection between items
    Local override; error
    @(118.7100 mm, 133.5000 mm): Pad 2 [GND] of R2 on B.Cu
    @(125.5100 mm, 134.0000 mm): Pad 2 [GND] of R25 on B.Cu
[unconnected_items]: Missing connection between items
    Local override; error
    @(119.0000 mm, 115.0000 mm): Pad 2 [GND] of C41 on F.Cu
    @(117.7250 mm, 113.5000 mm): Pad 3 [GND] of D1 on F.Cu
[unconnected_items]: Missing connection between items
    Local override; error
    @(119.0000 mm, 115.0000 mm): Pad 2 [GND] of C41 on F.Cu
    @(117.8125 mm, 119.3125 mm): Pad 28 [GND] of U3 on F.Cu
[unconnected_items]: Missing connection between items
    Local override; error
    @(120.7250 mm, 115.0000 mm): Pad 2 [GND] of C2061 on B.Cu
    @(119.0000 mm, 115.0000 mm): Pad 2 [GND] of C41 on F.Cu
[unconnected_items]: Missing connection between items
    Local override; error
    @(121.1500 mm, 102.9600 mm): Pad 50 [GND] of J201 on F.Cu
    @(122.5500 mm, 102.9600 mm): Pad 46 [GND] of J201 on F.Cu
[unconnected_items]: Missing connection between items
    Local override; error
    @(121.1500 mm, 104.5000 mm): Pad 1 [GND] of J201 on F.Cu
    @(120.7250 mm, 104.5000 mm): Pad 2 [GND] of C2051 on B.Cu
[unconnected_items]: Missing connection between items
    Local override; error
    @(122.5500 mm, 102.9600 mm): Pad 46 [GND] of J201 on F.Cu
    @(122.5500 mm, 104.5000 mm): Pad 5 [GND] of J201 on F.Cu
[unconnected_items]: Missing connection between items
    Local override; error
    @(122.5500 mm, 104.5000 mm): Pad 5 [GND] of J201 on F.Cu
    @(121.1500 mm, 104.5000 mm): Pad 1 [GND] of J201 on F.Cu
[unconnected_items]: Missing connection between items
    Local override; error
    @(122.8625 mm, 108.5000 mm): Pad 2 [GND] of U205 on B.Cu
    @(120.5000 mm, 108.2000 mm): Pad 2 [GND] of Y201 on F.Cu
[unconnected_items]: Missing connection between items
    Local override; error
    @(122.9000 mm, 104.5000 mm): Pad 6 [GND] of J201 on F.Cu
    @(122.5500 mm, 104.5000 mm): Pad 5 [GND] of J201 on F.Cu
[unconnected_items]: Missing connection between items
    Local override; error
    @(122.9000 mm, 104.5000 mm): Pad 6 [GND] of J201 on F.Cu
    @(123.9500 mm, 104.5000 mm): Pad 9 [GND] of J201 on F.Cu
[unconnected_items]: Missing connection between items
    Local override; error
    @(123.6000 mm, 102.9600 mm): Pad 43 [GND] of J201 on F.Cu
    @(122.5500 mm, 102.9600 mm): Pad 46 [GND] of J201 on F.Cu
[unconnected_items]: Missing connection between items
    Local override; error
    @(124.0000 mm, 111.0400 mm): Pad 2 [GND] of C45 on F.Cu
    @(122.8625 mm, 108.5000 mm): Pad 2 [GND] of U205 on B.Cu
[unconnected_items]: Missing connection between items
    Local override; error
    @(124.0000 mm, 113.5400 mm): Pad 2 [GND] of C46 on F.Cu
    @(125.5000 mm, 113.5400 mm): Pad 2 [GND] of C47 on F.Cu
[unconnected_items]: Missing connection between items
    Local override; error
    @(124.0000 mm, 113.5400 mm): Pad 2 [GND] of C46 on F.Cu
    @(120.7250 mm, 115.0000 mm): Pad 2 [GND] of C2061 on B.Cu
[unconnected_items]: Missing connection between items
    Local override; error
    @(124.3000 mm, 104.5000 mm): Pad 10 [GND] of J201 on F.Cu
    @(123.9500 mm, 104.5000 mm): Pad 9 [GND] of J201 on F.Cu
[unconnected_items]: Missing connection between items
    Local override; error
    @(124.6500 mm, 102.9600 mm): Pad 40 [GND] of J201 on F.Cu
    @(123.6000 mm, 102.9600 mm): Pad 43 [GND] of J201 on F.Cu
[unconnected_items]: Missing connection between items
    Local override; error
    @(125.0000 mm, 102.9600 mm): Pad 39 [GND] of J201 on F.Cu
    @(124.6500 mm, 102.9600 mm): Pad 40 [GND] of J201 on F.Cu
[unconnected_items]: Missing connection between items
    Local override; error
    @(125.0000 mm, 102.9600 mm): Pad 39 [GND] of J201 on F.Cu
    @(126.7500 mm, 102.9600 mm): Pad 34 [GND] of J201 on F.Cu
[unconnected_items]: Missing connection between items
    Local override; error
    @(125.0000 mm, 118.0400 mm): Pad 2 [GND] of C44 on F.Cu
    @(122.8625 mm, 119.0000 mm): Pad 2 [GND] of U206 on B.Cu
[unconnected_items]: Missing connection between items
    Local override; error
    @(125.0000 mm, 118.0400 mm): Pad 2 [GND] of C44 on F.Cu
    @(125.5000 mm, 113.5400 mm): Pad 2 [GND] of C47 on F.Cu
[unconnected_items]: Missing connection between items
    Local override; error
    @(125.0000 mm, 118.0400 mm): Pad 2 [GND] of C44 on F.Cu
    @(127.4900 mm, 122.0000 mm): Pad 2 [GND] of R2062 on B.Cu
[unconnected_items]: Missing connection between items
    Local override; error
    @(125.5000 mm, 99.8000 mm): Pad 1 [GND] of TP7 on B.Cu
    @(125.0000 mm, 102.9600 mm): Pad 39 [GND] of J201 on F.Cu
[unconnected_items]: Missing connection between items
    Local override; error
    @(125.5000 mm, 111.0400 mm): Pad 2 [GND] of C42 on F.Cu
    @(124.0000 mm, 111.0400 mm): Pad 2 [GND] of C45 on F.Cu
[unconnected_items]: Missing connection between items
    Local override; error
    @(125.5100 mm, 134.0000 mm): Pad 2 [GND] of R25 on B.Cu
    @(126.8000 mm, 130.4375 mm): Pad 8 [GND] of U2 on B.Cu
[unconnected_items]: Missing connection between items
    Local override; error
    @(126.0500 mm, 104.5000 mm): Pad 15 [GND] of J201 on F.Cu
    @(126.4000 mm, 104.5000 mm): Pad 16 [GND] of J201 on F.Cu
[unconnected_items]: Missing connection between items
    Local override; error
    @(126.7500 mm, 102.9600 mm): Pad 34 [GND] of J201 on F.Cu
    @(127.1000 mm, 102.9600 mm): Pad 33 [GND] of J201 on F.Cu
[unconnected_items]: Missing connection between items
    Local override; error
    @(126.7500 mm, 102.9600 mm): Pad 34 [GND] of J201 on F.Cu
    @(126.4000 mm, 104.5000 mm): Pad 16 [GND] of J201 on F.Cu
[unconnected_items]: Missing connection between items
    Local override; error
    @(126.8600 mm, 128.9820 mm): PTH pad 21 [GND] of U2
    @(126.8000 mm, 127.5625 mm): Pad 18 [GND] of U2 on B.Cu
[unconnected_items]: Missing connection between items
    Local override; error
    @(126.8600 mm, 128.9820 mm): PTH pad 21 [GND] of U2
    @(126.8000 mm, 130.4375 mm): Pad 8 [GND] of U2 on B.Cu
[unconnected_items]: Missing connection between items
    Local override; error
    @(126.8600 mm, 128.9820 mm): PTH pad 21 [GND] of U2
    @(125.3625 mm, 129.0000 mm): Pad 13 [GND] of U2 on B.Cu
[unconnected_items]: Missing connection between items
    Local override; error
    @(127.0000 mm, 111.0400 mm): Pad 2 [GND] of C43 on F.Cu
    @(125.5000 mm, 111.0400 mm): Pad 2 [GND] of C42 on F.Cu
[unconnected_items]: Missing connection between items
    Local override; error
    @(127.0000 mm, 111.0400 mm): Pad 2 [GND] of C43 on F.Cu
    @(129.0000 mm, 108.9000 mm): Pad 2 [GND] of R2012 on F.Cu
[unconnected_items]: Missing connection between items
    Local override; error
    @(127.0000 mm, 113.5400 mm): Pad 2 [GND] of C48 on F.Cu
    @(125.5000 mm, 113.5400 mm): Pad 2 [GND] of C47 on F.Cu
[unconnected_items]: Missing connection between items
    Local override; error
    @(127.2500 mm, 130.4375 mm): Pad 7 [GND] of U2 on B.Cu
    @(126.8000 mm, 130.4375 mm): Pad 8 [GND] of U2 on B.Cu
[unconnected_items]: Missing connection between items
    Local override; error
    @(127.2500 mm, 130.4375 mm): Pad 7 [GND] of U2 on B.Cu
    @(129.2750 mm, 133.0000 mm): Pad 2 [GND] of C27 on B.Cu
[unconnected_items]: Missing connection between items
    Local override; error
    @(127.4900 mm, 111.5000 mm): Pad 2 [GND] of R2052 on B.Cu
    @(127.0000 mm, 111.0400 mm): Pad 2 [GND] of C43 on F.Cu
[unconnected_items]: Missing connection between items
    Local override; error
    @(127.4900 mm, 111.5000 mm): Pad 2 [GND] of R2052 on B.Cu
    @(127.0000 mm, 113.5400 mm): Pad 2 [GND] of C48 on F.Cu
[unconnected_items]: Missing connection between items
    Local override; error
    @(127.4900 mm, 122.0000 mm): Pad 2 [GND] of R2062 on B.Cu
    @(129.2750 mm, 126.0000 mm): Pad 2 [GND] of C26 on B.Cu
[unconnected_items]: Missing connection between items
    Local override; error
    @(128.5000 mm, 104.5000 mm): Pad 22 [GND] of J201 on F.Cu
    @(128.1500 mm, 104.5000 mm): Pad 21 [GND] of J201 on F.Cu
[unconnected_items]: Missing connection between items
    Local override; error
    @(128.5000 mm, 104.5000 mm): Pad 22 [GND] of J201 on F.Cu
    @(128.8500 mm, 102.9600 mm): Pad 28 [GND] of J201 on F.Cu
[unconnected_items]: Missing connection between items
    Local override; error
    @(128.5000 mm, 104.5000 mm): Pad 22 [GND] of J201 on F.Cu
    @(130.9700 mm, 106.5000 mm): Pad 2 [GND] of C20130 on F.Cu
[unconnected_items]: Missing connection between items
    Local override; error
    @(128.8500 mm, 102.9600 mm): Pad 28 [GND] of J201 on F.Cu
    @(127.1000 mm, 102.9600 mm): Pad 33 [GND] of J201 on F.Cu
[unconnected_items]: Missing connection between items
    Local override; error
    @(129.2000 mm, 102.9600 mm): Pad 27 [GND] of J201 on F.Cu
    @(128.8500 mm, 102.9600 mm): Pad 28 [GND] of J201 on F.Cu
[unconnected_items]: Missing connection between items
    Local override; error
    @(129.2000 mm, 102.9600 mm): Pad 27 [GND] of J201 on F.Cu
    @(131.7750 mm, 102.5000 mm): Pad 2 [GND] of C64 on B.Cu
[unconnected_items]: Missing connection between items
    Local override; error
    @(129.2750 mm, 126.0000 mm): Pad 2 [GND] of C26 on B.Cu
    @(126.8000 mm, 127.5625 mm): Pad 18 [GND] of U2 on B.Cu
[unconnected_items]: Missing connection between items
    Local override; error
    @(130.9700 mm, 107.7000 mm): Pad 2 [GND] of C20131 on F.Cu
    @(130.9700 mm, 106.5000 mm): Pad 2 [GND] of C20130 on F.Cu
[unconnected_items]: Missing connection between items
    Local override; error
    @(130.9700 mm, 107.7000 mm): Pad 2 [GND] of C20131 on F.Cu
    @(130.9700 mm, 108.9000 mm): Pad 2 [GND] of C20132 on F.Cu
[unconnected_items]: Missing connection between items
    Local override; error
    @(130.9700 mm, 108.9000 mm): Pad 2 [GND] of C20132 on F.Cu
    @(129.0000 mm, 108.9000 mm): Pad 2 [GND] of R2012 on F.Cu
[unconnected_items]: Missing connection between items
    Local override; error
    @(132.5250 mm, 108.5000 mm): Pad 2 [GND] of C2052 on B.Cu
    @(130.9700 mm, 108.9000 mm): Pad 2 [GND] of C20132 on F.Cu
[unconnected_items]: Missing connection between items
    Local override; error
    @(132.5250 mm, 119.0000 mm): Pad 2 [GND] of C2062 on B.Cu
    @(136.4900 mm, 116.0000 mm): Pad 2 [GND] of R303 on B.Cu
[unconnected_items]: Missing connection between items
    Local override; error
    @(133.5500 mm, 100.7000 mm): Pad 4 [GND] of U1 on B.Cu
    @(131.7750 mm, 102.5000 mm): Pad 2 [GND] of C64 on B.Cu
[unconnected_items]: Missing connection between items
    Local override; error
    @(133.5500 mm, 100.7000 mm): Pad 4 [GND] of U1 on B.Cu
    @(133.9700 mm, 95.4350 mm): Pad 2 [GND] of J6 on B.Cu
[unconnected_items]: Missing connection between items
    Local override; error
    @(134.9750 mm, 102.5000 mm): Pad 2 [GND] of C65 on B.Cu
    @(133.5500 mm, 100.7000 mm): Pad 4 [GND] of U1 on B.Cu
[unconnected_items]: Missing connection between items
    Local override; error
    @(135.2400 mm, 94.1650 mm): Pad 10 [GND] of J6 on B.Cu
    @(133.9700 mm, 95.4350 mm): Pad 2 [GND] of J6 on B.Cu
[unconnected_items]: Missing connection between items
    Local override; error
    @(136.4900 mm, 116.0000 mm): Pad 2 [GND] of R303 on B.Cu
    @(138.4900 mm, 114.0000 mm): Pad 2 [GND] of R302 on B.Cu
[unconnected_items]: Missing connection between items
    Local override; error
    @(136.5200 mm, 133.3500 mm): Pad 4 [GND] of MK1 on F.Cu
    @(129.2750 mm, 133.0000 mm): Pad 2 [GND] of C27 on B.Cu
[unconnected_items]: Missing connection between items
    Local override; error
    @(137.1900 mm, 132.5000 mm): Pad 5 [GND] of MK1 on F.Cu
    @(136.5200 mm, 133.3500 mm): Pad 4 [GND] of MK1 on F.Cu
[unconnected_items]: Missing connection between items
    Local override; error
    @(138.1750 mm, 102.5000 mm): Pad 2 [GND] of C66 on B.Cu
    @(134.9750 mm, 102.5000 mm): Pad 2 [GND] of C65 on B.Cu
[unconnected_items]: Missing connection between items
    Local override; error
    @(138.1750 mm, 102.5000 mm): Pad 2 [GND] of C66 on B.Cu
    @(140.9500 mm, 104.1000 mm): Pad D4 [GND] of U201 on F.Cu
[unconnected_items]: Missing connection between items
    Local override; error
    @(138.1750 mm, 102.5000 mm): Pad 2 [GND] of C66 on B.Cu
    @(138.2100 mm, 98.7000 mm): Pad 2 [GND] of R20 on B.Cu
[unconnected_items]: Missing connection between items
    Local override; error
    @(138.4900 mm, 114.0000 mm): Pad 2 [GND] of R302 on B.Cu
    @(138.6375 mm, 111.5000 mm): Pad 2 [GND] of U301 on B.Cu
[unconnected_items]: Missing connection between items
    Local override; error
    @(138.6375 mm, 111.5000 mm): Pad 2 [GND] of U301 on B.Cu
    @(142.4800 mm, 112.0000 mm): Pad 2 [GND] of C2010 on F.Cu
[unconnected_items]: Missing connection between items
    Local override; error
    @(140.9500 mm, 104.1000 mm): Pad D4 [GND] of U201 on F.Cu
    @(141.6000 mm, 104.1000 mm): Pad D5 [GND] of U201 on F.Cu
[unconnected_items]: Missing connection between items
    Local override; error
    @(140.9500 mm, 104.7500 mm): Pad E4 [GND] of U201 on F.Cu
    @(140.9500 mm, 105.4000 mm): Pad F4 [GND] of U201 on F.Cu
[unconnected_items]: Missing connection between items
    Local override; error
    @(140.9500 mm, 105.4000 mm): Pad F4 [GND] of U201 on F.Cu
    @(141.6000 mm, 105.4000 mm): Pad F5 [GND] of U201 on F.Cu
[unconnected_items]: Missing connection between items
    Local override; error
    @(140.9500 mm, 105.4000 mm): Pad F4 [GND] of U201 on F.Cu
    @(140.9500 mm, 106.0500 mm): Pad G4 [GND] of U201 on F.Cu
[unconnected_items]: Missing connection between items
    Local override; error
    @(140.9500 mm, 106.0500 mm): Pad G4 [GND] of U201 on F.Cu
    @(139.0000 mm, 106.7000 mm): Pad H1 [GND] of U201 on F.Cu
[unconnected_items]: Missing connection between items
    Local override; error
    @(141.6000 mm, 104.1000 mm): Pad D5 [GND] of U201 on F.Cu
    @(142.2500 mm, 104.1000 mm): Pad D6 [GND] of U201 on F.Cu
[unconnected_items]: Missing connection between items
    Local override; error
    @(141.6000 mm, 104.7500 mm): Pad E5 [GND] of U201 on F.Cu
    @(141.6000 mm, 105.4000 mm): Pad F5 [GND] of U201 on F.Cu
[unconnected_items]: Missing connection between items
    Local override; error
    @(141.6000 mm, 105.4000 mm): Pad F5 [GND] of U201 on F.Cu
    @(142.2500 mm, 105.4000 mm): Pad F6 [GND] of U201 on F.Cu
[unconnected_items]: Missing connection between items
    Local override; error
    @(141.6000 mm, 105.4000 mm): Pad F5 [GND] of U201 on F.Cu
    @(141.6000 mm, 106.0500 mm): Pad G5 [GND] of U201 on F.Cu
[unconnected_items]: Missing connection between items
    Local override; error
    @(142.2500 mm, 104.1000 mm): Pad D6 [GND] of U201 on F.Cu
    @(142.9000 mm, 104.1000 mm): Pad D7 [GND] of U201 on F.Cu
[unconnected_items]: Missing connection between items
    Local override; error
    @(142.2500 mm, 104.7500 mm): Pad E6 [GND] of U201 on F.Cu
    @(142.2500 mm, 105.4000 mm): Pad F6 [GND] of U201 on F.Cu
[unconnected_items]: Missing connection between items
    Local override; error
    @(142.2500 mm, 105.4000 mm): Pad F6 [GND] of U201 on F.Cu
    @(142.2500 mm, 106.0500 mm): Pad G6 [GND] of U201 on F.Cu
[unconnected_items]: Missing connection between items
    Local override; error
    @(142.9000 mm, 104.7500 mm): Pad E7 [GND] of U201 on F.Cu
    @(142.9000 mm, 104.1000 mm): Pad D7 [GND] of U201 on F.Cu
[unconnected_items]: Missing connection between items
    Local override; error
    @(142.9000 mm, 105.4000 mm): Pad F7 [GND] of U201 on F.Cu
    @(142.2500 mm, 105.4000 mm): Pad F6 [GND] of U201 on F.Cu
[unconnected_items]: Missing connection between items
    Local override; error
    @(142.9000 mm, 105.4000 mm): Pad F7 [GND] of U201 on F.Cu
    @(142.9000 mm, 104.7500 mm): Pad E7 [GND] of U201 on F.Cu
[unconnected_items]: Missing connection between items
    Local override; error
    @(142.9000 mm, 105.4000 mm): Pad F7 [GND] of U201 on F.Cu
    @(142.9000 mm, 106.0500 mm): Pad G7 [GND] of U201 on F.Cu
[unconnected_items]: Missing connection between items
    Local override; error
    @(142.9000 mm, 106.0500 mm): Pad G7 [GND] of U201 on F.Cu
    @(144.8500 mm, 108.0000 mm): Pad K10 [GND] of U201 on F.Cu
[unconnected_items]: Missing connection between items
    Local override; error
    @(144.2000 mm, 103.4500 mm): Pad C9 [GND] of U201 on F.Cu
    @(142.9000 mm, 104.1000 mm): Pad D7 [GND] of U201 on F.Cu
[unconnected_items]: Missing connection between items
    Local override; error
    @(144.8500 mm, 102.1500 mm): Pad A10 [GND] of U201 on F.Cu
    @(144.2000 mm, 103.4500 mm): Pad C9 [GND] of U201 on F.Cu
[unconnected_items]: Missing connection between items
    Local override; error
    @(144.8500 mm, 102.1500 mm): Pad A10 [GND] of U201 on F.Cu
    @(150.9600 mm, 103.5000 mm): Pad 2 [GND] of C2017 on F.Cu
[unconnected_items]: Missing connection between items
    Local override; error
    @(144.8500 mm, 108.0000 mm): Pad K10 [GND] of U201 on F.Cu
    @(148.9000 mm, 110.0000 mm): Pad 2 [GND] of C2011 on F.Cu
[unconnected_items]: Missing connection between items
    Local override; error
    @(144.8500 mm, 108.0000 mm): Pad K10 [GND] of U201 on F.Cu
    @(142.4800 mm, 112.0000 mm): Pad 2 [GND] of C2010 on F.Cu
[unconnected_items]: Missing connection between items
    Local override; error
    @(148.9000 mm, 111.0000 mm): Pad 2 [GND] of C2013 on F.Cu
    @(148.9000 mm, 110.0000 mm): Pad 2 [GND] of C2011 on F.Cu
[unconnected_items]: Missing connection between items
    Local override; error
    @(148.9000 mm, 111.0000 mm): Pad 2 [GND] of C2013 on F.Cu
    @(148.9000 mm, 112.0000 mm): Pad 2 [GND] of C2015 on F.Cu
[unconnected_items]: Missing connection between items
    Local override; error
    @(148.9000 mm, 111.0000 mm): Pad 2 [GND] of C2013 on F.Cu
    @(151.0000 mm, 111.0000 mm): Pad 2 [GND] of C2014 on F.Cu
[unconnected_items]: Missing connection between items
    Local override; error
    @(151.0000 mm, 111.0000 mm): Pad 2 [GND] of C2014 on F.Cu
    @(151.0000 mm, 110.0000 mm): Pad 2 [GND] of C2012 on F.Cu
[unconnected_items]: Missing connection between items
    Local override; error
    @(151.0000 mm, 112.0000 mm): Pad 2 [GND] of C2016 on F.Cu
    @(151.0000 mm, 111.0000 mm): Pad 2 [GND] of C2014 on F.Cu
[unconnected_items]: Missing connection between items
    Local override; error
    @(151.0000 mm, 112.0000 mm): Pad 2 [GND] of C2016 on F.Cu
    @(151.3250 mm, 114.5000 mm): Pad 2 [GND] of C20120 on F.Cu
[unconnected_items]: Missing connection between items
    Local override; error
    @(152.7750 mm, 116.5000 mm): Pad 2 [GND] of C20121 on F.Cu
    @(151.3250 mm, 114.5000 mm): Pad 2 [GND] of C20120 on F.Cu
[unconnected_items]: Missing connection between items
    Local override; error
    @(152.7750 mm, 116.5000 mm): Pad 2 [GND] of C20121 on F.Cu
    @(157.9000 mm, 123.6500 mm): Pad 5 [GND] of J10 on F.Cu
[unconnected_items]: Missing connection between items
    Local override; error
    @(159.0000 mm, 101.5000 mm): Pad 2 [GND] of C20122 on F.Cu
    @(159.0000 mm, 103.5000 mm): Pad 2 [GND] of C20123 on F.Cu
[unconnected_items]: Missing connection between items
    Local override; error
    @(159.0000 mm, 101.5000 mm): Pad 2 [GND] of C20122 on F.Cu
    @(164.0000 mm, 99.0000 mm): Pad 2 [GND] of R265 on F.Cu
[unconnected_items]: Missing connection between items
    Local override; error
    @(159.0000 mm, 103.5000 mm): Pad 2 [GND] of C20123 on F.Cu
    @(150.9600 mm, 103.5000 mm): Pad 2 [GND] of C2017 on F.Cu
[unconnected_items]: Missing connection between items
    Local override; error
    @(167.5000 mm, 108.5000 mm): Pad 2 [GND] of C20230 on F.Cu
    @(167.5200 mm, 110.0000 mm): Pad 2 [GND] of C20231 on F.Cu
[unconnected_items]: Missing connection between items
    Local override; error
    @(167.5200 mm, 110.0000 mm): Pad 2 [GND] of C20231 on F.Cu
    @(167.5200 mm, 111.5000 mm): Pad 2 [GND] of C20232 on F.Cu
[unconnected_items]: Missing connection between items
    Local override; error
    @(168.3800 mm, 103.5000 mm): Pad 2 [GND] of C2021 on F.Cu
    @(168.3800 mm, 105.0000 mm): Pad 2 [GND] of C2023 on F.Cu
[unconnected_items]: Missing connection between items
    Local override; error
    @(168.3800 mm, 103.5000 mm): Pad 2 [GND] of C2021 on F.Cu
    @(164.0000 mm, 99.0000 mm): Pad 2 [GND] of R265 on F.Cu
[unconnected_items]: Missing connection between items
    Local override; error
    @(168.3800 mm, 106.5000 mm): Pad 2 [GND] of C2025 on F.Cu
    @(168.3800 mm, 105.0000 mm): Pad 2 [GND] of C2023 on F.Cu
[unconnected_items]: Missing connection between items
    Local override; error
    @(168.3800 mm, 106.5000 mm): Pad 2 [GND] of C2025 on F.Cu
    @(170.4800 mm, 106.5000 mm): Pad 2 [GND] of C2026 on F.Cu
[unconnected_items]: Missing connection between items
    Local override; error
    @(168.3800 mm, 106.5000 mm): Pad 2 [GND] of C2025 on F.Cu
    @(167.5000 mm, 108.5000 mm): Pad 2 [GND] of C20230 on F.Cu
[unconnected_items]: Missing connection between items
    Local override; error
    @(168.9900 mm, 118.0000 mm): Pad 2 [GND] of R32 on F.Cu
    @(169.0000 mm, 119.5000 mm): Pad 2 [GND] of R33 on F.Cu
[unconnected_items]: Missing connection between items
    Local override; error
    @(169.0000 mm, 119.5000 mm): Pad 2 [GND] of R33 on F.Cu
    @(172.3650 mm, 121.5000 mm): Pad 2 [GND] of C31 on F.Cu
[unconnected_items]: Missing connection between items
    Local override; error
    @(170.4800 mm, 105.0000 mm): Pad 2 [GND] of C2024 on F.Cu
    @(170.4800 mm, 106.5000 mm): Pad 2 [GND] of C2026 on F.Cu
[unconnected_items]: Missing connection between items
    Local override; error
    @(170.4800 mm, 105.0000 mm): Pad 2 [GND] of C2024 on F.Cu
    @(170.4800 mm, 103.5000 mm): Pad 2 [GND] of C2022 on F.Cu
[unconnected_items]: Missing connection between items
    Local override; error
    @(171.5000 mm, 116.5000 mm): Pad 2 [GND] of R30 on F.Cu
    @(168.9900 mm, 118.0000 mm): Pad 2 [GND] of R32 on F.Cu
[unconnected_items]: Missing connection between items
    Local override; error
    @(171.5000 mm, 116.5000 mm): Pad 2 [GND] of R30 on F.Cu
    @(167.5200 mm, 111.5000 mm): Pad 2 [GND] of C20232 on F.Cu
[unconnected_items]: Missing connection between items
    Local override; error
    @(172.0000 mm, 96.5000 mm): Pad 2 [GND] of C20220 on F.Cu
    @(176.3000 mm, 96.3800 mm): Track [GND] on B.Cu, length 1.1800 mm
[unconnected_items]: Missing connection between items
    Local override; error
    @(172.0000 mm, 98.5000 mm): Pad 2 [GND] of C20221 on F.Cu
    @(172.0000 mm, 96.5000 mm): Pad 2 [GND] of C20220 on F.Cu
[unconnected_items]: Missing connection between items
    Local override; error
    @(172.0000 mm, 98.5000 mm): Pad 2 [GND] of C20221 on F.Cu
    @(170.4800 mm, 103.5000 mm): Pad 2 [GND] of C2022 on F.Cu
[unconnected_items]: Missing connection between items
    Local override; error
    @(172.3650 mm, 121.5000 mm): Pad 2 [GND] of C31 on F.Cu
    @(172.3650 mm, 122.8700 mm): Pad 2 [GND] of C36 on F.Cu
[unconnected_items]: Missing connection between items
    Local override; error
    @(172.3650 mm, 122.8700 mm): Pad 2 [GND] of C36 on F.Cu
    @(174.8650 mm, 122.8700 mm): Pad 2 [GND] of C37 on F.Cu
[unconnected_items]: Missing connection between items
    Local override; error
    @(174.8650 mm, 122.8700 mm): Pad 2 [GND] of C37 on F.Cu
    @(174.8650 mm, 121.5000 mm): Pad 2 [GND] of C32 on F.Cu
[unconnected_items]: Missing connection between items
    Local override; error
    @(184.0950 mm, 103.0000 mm): Pad 2 [GND] of C20222 on F.Cu
    @(185.2750 mm, 105.0000 mm): Pad 2 [GND] of C20223 on F.Cu
[unconnected_items]: Missing connection between items
    Local override; error
    @(184.8625 mm, 121.5000 mm): Pad 2 [GND] of U10 on F.Cu
    @(183.5000 mm, 116.5000 mm): Pad 2 [GND] of C68 on F.Cu
[unconnected_items]: Missing connection between items
    Local override; error
    @(187.0000 mm, 99.5000 mm): Pad 2 [GND] of C2020 on F.Cu
    @(188.2500 mm, 103.5000 mm): Pad K10 [GND] of U202 on F.Cu
[unconnected_items]: Missing connection between items
    Local override; error
    @(188.2500 mm, 103.5000 mm): Pad K10 [GND] of U202 on F.Cu
    @(190.2000 mm, 105.4500 mm): Pad G7 [GND] of U202 on F.Cu
[unconnected_items]: Missing connection between items
    Local override; error
    @(188.2500 mm, 103.5000 mm): Pad K10 [GND] of U202 on F.Cu
    @(185.2750 mm, 105.0000 mm): Pad 2 [GND] of C20223 on F.Cu
[unconnected_items]: Missing connection between items
    Local override; error
    @(188.2500 mm, 109.3500 mm): Pad A10 [GND] of U202 on F.Cu
    @(188.9000 mm, 108.0500 mm): Pad C9 [GND] of U202 on F.Cu
[unconnected_items]: Missing connection between items
    Local override; error
    @(188.2500 mm, 109.3500 mm): Pad A10 [GND] of U202 on F.Cu
    @(183.5000 mm, 116.5000 mm): Pad 2 [GND] of C68 on F.Cu
[unconnected_items]: Missing connection between items
    Local override; error
    @(190.2000 mm, 106.7500 mm): Pad E7 [GND] of U202 on F.Cu
    @(190.2000 mm, 107.4000 mm): Pad D7 [GND] of U202 on F.Cu
[unconnected_items]: Missing connection between items
    Local override; error
    @(190.2000 mm, 107.4000 mm): Pad D7 [GND] of U202 on F.Cu
    @(188.9000 mm, 108.0500 mm): Pad C9 [GND] of U202 on F.Cu
[unconnected_items]: Missing connection between items
    Local override; error
    @(190.8500 mm, 105.4500 mm): Pad G6 [GND] of U202 on F.Cu
    @(191.5000 mm, 105.4500 mm): Pad G5 [GND] of U202 on F.Cu
[unconnected_items]: Missing connection between items
    Local override; error
    @(190.8500 mm, 105.4500 mm): Pad G6 [GND] of U202 on F.Cu
    @(190.8500 mm, 106.1000 mm): Pad F6 [GND] of U202 on F.Cu
[unconnected_items]: Missing connection between items
    Local override; error
    @(190.8500 mm, 105.4500 mm): Pad G6 [GND] of U202 on F.Cu
    @(190.2000 mm, 105.4500 mm): Pad G7 [GND] of U202 on F.Cu
[unconnected_items]: Missing connection between items
    Local override; error
    @(190.8500 mm, 106.1000 mm): Pad F6 [GND] of U202 on F.Cu
    @(190.2000 mm, 106.1000 mm): Pad F7 [GND] of U202 on F.Cu
[unconnected_items]: Missing connection between items
    Local override; error
    @(190.8500 mm, 106.7500 mm): Pad E6 [GND] of U202 on F.Cu
    @(190.8500 mm, 107.4000 mm): Pad D6 [GND] of U202 on F.Cu
[unconnected_items]: Missing connection between items
    Local override; error
    @(190.8500 mm, 106.7500 mm): Pad E6 [GND] of U202 on F.Cu
    @(190.2000 mm, 106.7500 mm): Pad E7 [GND] of U202 on F.Cu
[unconnected_items]: Missing connection between items
    Local override; error
    @(191.5000 mm, 106.1000 mm): Pad F5 [GND] of U202 on F.Cu
    @(191.5000 mm, 105.4500 mm): Pad G5 [GND] of U202 on F.Cu
[unconnected_items]: Missing connection between items
    Local override; error
    @(191.5000 mm, 106.1000 mm): Pad F5 [GND] of U202 on F.Cu
    @(191.5000 mm, 106.7500 mm): Pad E5 [GND] of U202 on F.Cu
[unconnected_items]: Missing connection between items
    Local override; error
    @(191.5000 mm, 106.1000 mm): Pad F5 [GND] of U202 on F.Cu
    @(192.1500 mm, 106.1000 mm): Pad F4 [GND] of U202 on F.Cu
[unconnected_items]: Missing connection between items
    Local override; error
    @(191.5000 mm, 106.7500 mm): Pad E5 [GND] of U202 on F.Cu
    @(190.8500 mm, 106.7500 mm): Pad E6 [GND] of U202 on F.Cu
[unconnected_items]: Missing connection between items
    Local override; error
    @(191.5000 mm, 106.7500 mm): Pad E5 [GND] of U202 on F.Cu
    @(192.1500 mm, 106.7500 mm): Pad E4 [GND] of U202 on F.Cu
[unconnected_items]: Missing connection between items
    Local override; error
    @(191.5000 mm, 107.4000 mm): Pad D5 [GND] of U202 on F.Cu
    @(191.5000 mm, 106.7500 mm): Pad E5 [GND] of U202 on F.Cu
[unconnected_items]: Missing connection between items
    Local override; error
    @(192.1500 mm, 106.1000 mm): Pad F4 [GND] of U202 on F.Cu
    @(192.1500 mm, 105.4500 mm): Pad G4 [GND] of U202 on F.Cu
[unconnected_items]: Missing connection between items
    Local override; error
    @(192.1500 mm, 107.4000 mm): Pad D4 [GND] of U202 on F.Cu
    @(191.5000 mm, 107.4000 mm): Pad D5 [GND] of U202 on F.Cu
[unconnected_items]: Missing connection between items
    Local override; error
    @(194.1000 mm, 104.8000 mm): Pad H1 [GND] of U202 on F.Cu
    @(192.1500 mm, 105.4500 mm): Pad G4 [GND] of U202 on F.Cu
[unconnected_items]: Missing connection between items
    Local override; error
    @(196.0000 mm, 101.0000 mm): Track [GND] on GND2, length 3.5355 mm
    @(198.7750 mm, 98.6000 mm): Pad 2 [GND] of C7 on B.Cu
[unconnected_items]: Missing connection between items
    Local override; error
    @(196.0000 mm, 101.0000 mm): Track [GND] on GND2, length 3.5355 mm
    @(194.1000 mm, 104.8000 mm): Pad H1 [GND] of U202 on F.Cu
[unconnected_items]: Missing connection between items
    Local override; error
    @(197.7250 mm, 116.0000 mm): Pad 2 [GND] of C272 on B.Cu
    @(197.7250 mm, 112.0000 mm): Pad 2 [GND] of C270 on B.Cu
[unconnected_items]: Missing connection between items
    Local override; error
    @(197.7250 mm, 118.0000 mm): Pad 2 [GND] of C273 on B.Cu
    @(197.7250 mm, 116.0000 mm): Pad 2 [GND] of C272 on B.Cu
[unconnected_items]: Missing connection between items
    Local override; error
    @(198.7750 mm, 90.5000 mm): Pad 2 [GND] of C1 on B.Cu
    @(200.6000 mm, 92.3000 mm): Pad 14 [GND] of U12 on B.Cu
[unconnected_items]: Missing connection between items
    Local override; error
    @(199.2750 mm, 122.5000 mm): Pad 2 [GND] of C13 on B.Cu
    @(199.2750 mm, 124.8000 mm): Pad 2 [GND] of C24 on B.Cu
[unconnected_items]: Missing connection between items
    Local override; error
    @(199.2750 mm, 122.5000 mm): Pad 2 [GND] of C13 on B.Cu
    @(202.4750 mm, 122.5000 mm): Pad 2 [GND] of C14 on B.Cu
[unconnected_items]: Missing connection between items
    Local override; error
    @(199.2750 mm, 124.8000 mm): Pad 2 [GND] of C24 on B.Cu
    @(200.5000 mm, 126.8000 mm): Pad 27 [GND] of U6 on B.Cu
[unconnected_items]: Missing connection between items
    Local override; error
    @(199.6250 mm, 117.5500 mm): Pad 1 [GND] of U15 on F.Cu
    @(197.7250 mm, 118.0000 mm): Pad 2 [GND] of C273 on B.Cu
[unconnected_items]: Missing connection between items
    Local override; error
    @(199.6250 mm, 117.5500 mm): Pad 1 [GND] of U15 on F.Cu
    @(202.0000 mm, 116.4000 mm): Pad D2 [GND] of U207 on B.Cu
[unconnected_items]: Missing connection between items
    Local override; error
    @(200.3000 mm, 130.4000 mm): Pad 13 [GND] of U6 on B.Cu
    @(200.7000 mm, 130.4000 mm): Pad 12 [GND] of U6 on B.Cu
[unconnected_items]: Missing connection between items
    Local override; error
    @(200.5000 mm, 126.8000 mm): Pad 27 [GND] of U6 on B.Cu
    @(200.7000 mm, 130.4000 mm): Pad 12 [GND] of U6 on B.Cu
[unconnected_items]: Missing connection between items
    Local override; error
    @(200.6000 mm, 96.7000 mm): Pad 31 [GND] of U12 on B.Cu
    @(201.4500 mm, 95.1500 mm): PTH pad 39 [GND] of U12
[unconnected_items]: Missing connection between items
    Local override; error
    @(200.6000 mm, 96.7000 mm): Pad 31 [GND] of U12 on B.Cu
    @(201.9750 mm, 98.6000 mm): Pad 2 [GND] of C8 on B.Cu
[unconnected_items]: Missing connection between items
    Local override; error
    @(200.6000 mm, 96.7000 mm): Pad 31 [GND] of U12 on B.Cu
    @(198.7750 mm, 98.6000 mm): Pad 2 [GND] of C7 on B.Cu
[unconnected_items]: Missing connection between items
    Local override; error
    @(200.7000 mm, 130.4000 mm): Pad 12 [GND] of U6 on B.Cu
    @(201.1000 mm, 130.4000 mm): Pad 11 [GND] of U6 on B.Cu
[unconnected_items]: Missing connection between items
    Local override; error
    @(201.3000 mm, 131.6500 mm): Pad 4 [GND] of MK2 on F.Cu
    @(200.6300 mm, 132.5000 mm): Pad 5 [GND] of MK2 on F.Cu
[unconnected_items]: Missing connection between items
    Local override; error
    @(201.3000 mm, 131.6500 mm): Pad 4 [GND] of MK2 on F.Cu
    @(201.5000 mm, 130.4000 mm): Pad 10 [GND] of U6 on B.Cu
[unconnected_items]: Missing connection between items
    Local override; error
    @(201.4000 mm, 92.3000 mm): Pad 12 [GND] of U12 on B.Cu
    @(200.6000 mm, 92.3000 mm): Pad 14 [GND] of U12 on B.Cu
[unconnected_items]: Missing connection between items
    Local override; error
    @(201.4500 mm, 93.8500 mm): PTH pad 39 [GND] of U12
    @(201.4000 mm, 92.3000 mm): Pad 12 [GND] of U12 on B.Cu
[unconnected_items]: Missing connection between items
    Local override; error
    @(201.5000 mm, 130.4000 mm): Pad 10 [GND] of U6 on B.Cu
    @(201.1000 mm, 130.4000 mm): Pad 11 [GND] of U6 on B.Cu
[unconnected_items]: Missing connection between items
    Local override; error
    @(201.6000 mm, 115.6000 mm): Pad B3 [GND] of U207 on B.Cu
    @(203.3000 mm, 114.5000 mm): Pad 5 [GND] of U5 on F.Cu
[unconnected_items]: Missing connection between items
    Local override; error
    @(201.8000 mm, 92.3000 mm): Pad 11 [GND] of U12 on B.Cu
    @(201.4000 mm, 92.3000 mm): Pad 12 [GND] of U12 on B.Cu
[unconnected_items]: Missing connection between items
    Local override; error
    @(201.8000 mm, 92.3000 mm): Pad 11 [GND] of U12 on B.Cu
    @(201.9750 mm, 90.5000 mm): Pad 2 [GND] of C2 on B.Cu
[unconnected_items]: Missing connection between items
    Local override; error
    @(201.9750 mm, 98.6000 mm): Pad 2 [GND] of C8 on B.Cu
    @(205.1750 mm, 98.6000 mm): Pad 2 [GND] of C9 on B.Cu
[unconnected_items]: Missing connection between items
    Local override; error
    @(202.0000 mm, 116.4000 mm): Pad D2 [GND] of U207 on B.Cu
    @(202.4000 mm, 116.8000 mm): Pad E1 [GND] of U207 on B.Cu
[unconnected_items]: Missing connection between items
    Local override; error
    @(202.0000 mm, 116.4000 mm): Pad D2 [GND] of U207 on B.Cu
    @(201.6000 mm, 115.6000 mm): Pad B3 [GND] of U207 on B.Cu
[unconnected_items]: Missing connection between items
    Local override; error
    @(202.1500 mm, 101.0250 mm): Pad 1 [GND] of U209 on B.Cu
    @(203.5200 mm, 102.0000 mm): Pad 2 [GND] of C290 on B.Cu
[unconnected_items]: Missing connection between items
    Local override; error
    @(202.1500 mm, 101.0250 mm): Pad 1 [GND] of U209 on B.Cu
    @(201.9750 mm, 98.6000 mm): Pad 2 [GND] of C8 on B.Cu
[unconnected_items]: Missing connection between items
    Local override; error
    @(202.1500 mm, 101.0250 mm): Pad 1 [GND] of U209 on B.Cu
    @(199.9800 mm, 104.9800 mm): Pad 2 [GND] of C2027 on F.Cu
[unconnected_items]: Missing connection between items
    Local override; error
    @(202.4000 mm, 116.8000 mm): Pad E1 [GND] of U207 on B.Cu
    @(204.3000 mm, 117.5000 mm): Pad 4 [GND] of Y1 on F.Cu
[unconnected_items]: Missing connection between items
    Local override; error
    @(202.9000 mm, 112.8500 mm): Pad 11 [GND] of U5 on F.Cu
    @(203.3000 mm, 112.8500 mm): Pad 10 [GND] of U5 on F.Cu
[unconnected_items]: Missing connection between items
    Local override; error
    @(203.3000 mm, 112.8500 mm): Pad 10 [GND] of U5 on F.Cu
    @(203.3000 mm, 114.5000 mm): Pad 5 [GND] of U5 on F.Cu
[unconnected_items]: Missing connection between items
    Local override; error
    @(203.5200 mm, 102.0000 mm): Pad 2 [GND] of C290 on B.Cu
    @(204.5000 mm, 105.2000 mm): Pad 2 [GND] of Y202 on F.Cu
[unconnected_items]: Missing connection between items
    Local override; error
    @(205.1750 mm, 90.5000 mm): Pad 2 [GND] of C3 on B.Cu
    @(201.9750 mm, 90.5000 mm): Pad 2 [GND] of C2 on B.Cu
[unconnected_items]: Missing connection between items
    Local override; error
    @(205.1750 mm, 98.6000 mm): Pad 2 [GND] of C9 on B.Cu
    @(207.1375 mm, 100.3750 mm): Pad 21 [GND] of U210 on B.Cu
[unconnected_items]: Missing connection between items
    Local override; error
    @(205.2100 mm, 132.8000 mm): Pad 2 [GND] of R4 on B.Cu
    @(207.4100 mm, 132.8000 mm): Pad 2 [GND] of R9 on B.Cu
[unconnected_items]: Missing connection between items
    Local override; error
    @(205.6750 mm, 122.5000 mm): Pad 2 [GND] of C15 on B.Cu
    @(208.5000 mm, 123.5000 mm): Pad 2 [GND] of R35 on F.Cu
[unconnected_items]: Missing connection between items
    Local override; error
    @(205.6750 mm, 122.5000 mm): Pad 2 [GND] of C15 on B.Cu
    @(202.4750 mm, 122.5000 mm): Pad 2 [GND] of C14 on B.Cu
[unconnected_items]: Missing connection between items
    Local override; error
    @(205.6750 mm, 122.5000 mm): Pad 2 [GND] of C15 on B.Cu
    @(206.5000 mm, 119.2000 mm): Pad 2 [GND] of Y1 on F.Cu
[unconnected_items]: Missing connection between items
    Local override; error
    @(206.0500 mm, 94.1750 mm): Pad 7 [GND] of U13 on B.Cu
    @(202.5500 mm, 93.8500 mm): PTH pad 39 [GND] of U12
[unconnected_items]: Missing connection between items
    Local override; error
    @(206.5000 mm, 119.2000 mm): Pad 2 [GND] of Y1 on F.Cu
    @(204.3000 mm, 117.5000 mm): Pad 4 [GND] of Y1 on F.Cu
[unconnected_items]: Missing connection between items
    Local override; error
    @(207.1375 mm, 100.3750 mm): Pad 21 [GND] of U210 on B.Cu
    @(209.3000 mm, 102.9600 mm): Pad 22 [GND] of J202 on F.Cu
[unconnected_items]: Missing connection between items
    Local override; error
    @(207.2250 mm, 116.0000 mm): Pad 2 [GND] of C274 on B.Cu
    @(206.5000 mm, 119.2000 mm): Pad 2 [GND] of Y1 on F.Cu
[unconnected_items]: Missing connection between items
    Local override; error
    @(207.4100 mm, 132.8000 mm): Pad 2 [GND] of R9 on B.Cu
    @(209.1250 mm, 131.4800 mm): Pad 2 [GND] of C38 on F.Cu
[unconnected_items]: Missing connection between items
    Local override; error
    @(208.3750 mm, 90.5000 mm): Pad 2 [GND] of C4 on B.Cu
    @(205.1750 mm, 90.5000 mm): Pad 2 [GND] of C3 on B.Cu
[unconnected_items]: Missing connection between items
    Local override; error
    @(208.5000 mm, 123.5000 mm): Pad 2 [GND] of R35 on F.Cu
    @(209.1650 mm, 126.6300 mm): Pad 2 [GND] of C28 on F.Cu
[unconnected_items]: Missing connection between items
    Local override; error
    @(208.6000 mm, 104.5000 mm): Pad 27 [GND] of J202 on F.Cu
    @(208.9500 mm, 104.5000 mm): Pad 28 [GND] of J202 on F.Cu
[unconnected_items]: Missing connection between items
    Local override; error
    @(208.8750 mm, 122.5000 mm): Pad 2 [GND] of C16 on B.Cu
    @(208.5000 mm, 123.5000 mm): Pad 2 [GND] of R35 on F.Cu
[unconnected_items]: Missing connection between items
    Local override; error
    @(208.9500 mm, 104.5000 mm): Pad 28 [GND] of J202 on F.Cu
    @(209.3000 mm, 102.9600 mm): Pad 22 [GND] of J202 on F.Cu
[unconnected_items]: Missing connection between items
    Local override; error
    @(209.1250 mm, 128.9800 mm): Pad 2 [GND] of C33 on F.Cu
    @(210.6250 mm, 128.9800 mm): Pad 2 [GND] of C34 on F.Cu
[unconnected_items]: Missing connection between items
    Local override; error
    @(209.1250 mm, 128.9800 mm): Pad 2 [GND] of C33 on F.Cu
    @(209.1250 mm, 131.4800 mm): Pad 2 [GND] of C38 on F.Cu
[unconnected_items]: Missing connection between items
    Local override; error
    @(209.1650 mm, 126.6300 mm): Pad 2 [GND] of C28 on F.Cu
    @(210.6250 mm, 126.6300 mm): Pad 2 [GND] of C29 on F.Cu
[unconnected_items]: Missing connection between items
    Local override; error
    @(209.3000 mm, 102.9600 mm): Pad 22 [GND] of J202 on F.Cu
    @(209.6500 mm, 102.9600 mm): Pad 21 [GND] of J202 on F.Cu
[unconnected_items]: Missing connection between items
    Local override; error
    @(209.6100 mm, 132.8000 mm): Pad 2 [GND] of R10 on B.Cu
    @(209.1250 mm, 131.4800 mm): Pad 2 [GND] of C38 on F.Cu
[unconnected_items]: Missing connection between items
    Local override; error
    @(209.9500 mm, 116.5500 mm): PTH pad 49 [GND] of U14
    @(207.2250 mm, 116.0000 mm): Pad 2 [GND] of C274 on B.Cu
[unconnected_items]: Missing connection between items
    Local override; error
    @(210.3500 mm, 93.5250 mm): Pad 1 [GND] of U13 on B.Cu
    @(210.3500 mm, 94.1750 mm): Pad 2 [GND] of U13 on B.Cu
[unconnected_items]: Missing connection between items
    Local override; error
    @(210.3500 mm, 93.5250 mm): Pad 1 [GND] of U13 on B.Cu
    @(211.5750 mm, 90.5000 mm): Pad 2 [GND] of C5 on B.Cu
[unconnected_items]: Missing connection between items
    Local override; error
    @(210.3500 mm, 94.1750 mm): Pad 2 [GND] of U13 on B.Cu
    @(210.3500 mm, 94.8250 mm): Pad 3 [GND] of U13 on B.Cu
[unconnected_items]: Missing connection between items
    Local override; error
    @(210.3500 mm, 94.8250 mm): Pad 3 [GND] of U13 on B.Cu
    @(210.3500 mm, 95.4750 mm): Pad 4 [GND] of U13 on B.Cu
[unconnected_items]: Missing connection between items
    Local override; error
    @(210.6250 mm, 126.6300 mm): Pad 2 [GND] of C29 on F.Cu
    @(210.6250 mm, 128.9800 mm): Pad 2 [GND] of C34 on F.Cu
[unconnected_items]: Missing connection between items
    Local override; error
    @(210.6250 mm, 131.5000 mm): Pad 2 [GND] of C39 on F.Cu
    @(209.1250 mm, 131.4800 mm): Pad 2 [GND] of C38 on F.Cu
[unconnected_items]: Missing connection between items
    Local override; error
    @(210.7000 mm, 104.5000 mm): Pad 33 [GND] of J202 on F.Cu
    @(208.9500 mm, 104.5000 mm): Pad 28 [GND] of J202 on F.Cu
[unconnected_items]: Missing connection between items
    Local override; error
    @(211.0500 mm, 104.5000 mm): Pad 34 [GND] of J202 on F.Cu
    @(210.7000 mm, 104.5000 mm): Pad 33 [GND] of J202 on F.Cu
[unconnected_items]: Missing connection between items
    Local override; error
    @(211.0500 mm, 104.5000 mm): Pad 34 [GND] of J202 on F.Cu
    @(211.4000 mm, 102.9600 mm): Pad 16 [GND] of J202 on F.Cu
[unconnected_items]: Missing connection between items
    Local override; error
    @(211.0500 mm, 104.5000 mm): Pad 34 [GND] of J202 on F.Cu
    @(212.8000 mm, 104.5000 mm): Pad 39 [GND] of J202 on F.Cu
[unconnected_items]: Missing connection between items
    Local override; error
    @(211.4000 mm, 102.9600 mm): Pad 16 [GND] of J202 on F.Cu
    @(211.7500 mm, 102.9600 mm): Pad 15 [GND] of J202 on F.Cu
[unconnected_items]: Missing connection between items
    Local override; error
    @(211.5200 mm, 108.5000 mm): Pad 2 [GND] of C291 on B.Cu
    @(212.8625 mm, 105.5750 mm): Pad 12 [GND] of U210 on B.Cu
[unconnected_items]: Missing connection between items
    Local override; error
    @(211.5200 mm, 108.5000 mm): Pad 2 [GND] of C291 on B.Cu
    @(211.2500 mm, 112.6500 mm): PTH pad 49 [GND] of U14
[unconnected_items]: Missing connection between items
    Local override; error
    @(211.5750 mm, 90.5000 mm): Pad 2 [GND] of C5 on B.Cu
    @(208.3750 mm, 90.5000 mm): Pad 2 [GND] of C4 on B.Cu
[unconnected_items]: Missing connection between items
    Local override; error
    @(211.5750 mm, 90.5000 mm): Pad 2 [GND] of C5 on B.Cu
    @(215.1000 mm, 91.5750 mm): Pad 11 [GND] of J301 on B.Cu
[unconnected_items]: Missing connection between items
    Local override; error
    @(212.1250 mm, 126.6300 mm): Pad 2 [GND] of C30 on F.Cu
    @(210.6250 mm, 126.6300 mm): Pad 2 [GND] of C29 on F.Cu
[unconnected_items]: Missing connection between items
    Local override; error
    @(212.1250 mm, 128.9800 mm): Pad 2 [GND] of C35 on F.Cu
    @(210.6250 mm, 128.9800 mm): Pad 2 [GND] of C34 on F.Cu
[unconnected_items]: Missing connection between items
    Local override; error
    @(212.1250 mm, 131.5000 mm): Pad 2 [GND] of C40 on F.Cu
    @(210.6250 mm, 131.5000 mm): Pad 2 [GND] of C39 on F.Cu
[unconnected_items]: Missing connection between items
    Local override; error
    @(212.1250 mm, 131.5000 mm): Pad 2 [GND] of C40 on F.Cu
    @(214.0100 mm, 132.8000 mm): Pad 2 [GND] of R12 on B.Cu
[unconnected_items]: Missing connection between items
    Local override; error
    @(212.8000 mm, 104.5000 mm): Pad 39 [GND] of J202 on F.Cu
    @(213.1500 mm, 104.5000 mm): Pad 40 [GND] of J202 on F.Cu
[unconnected_items]: Missing connection between items
    Local override; error
    @(212.8000 mm, 104.5000 mm): Pad 39 [GND] of J202 on F.Cu
    @(212.8625 mm, 105.5750 mm): Pad 12 [GND] of U210 on B.Cu
[unconnected_items]: Missing connection between items
    Local override; error
    @(212.8625 mm, 99.0750 mm): Pad 2 [GND] of U210 on B.Cu
    @(215.0200 mm, 102.3400 mm): Pad 11 [GND] of J301 on B.Cu
[unconnected_items]: Missing connection between items
    Local override; error
    @(213.5000 mm, 102.9600 mm): Pad 10 [GND] of J202 on F.Cu
    @(213.8500 mm, 102.9600 mm): Pad 9 [GND] of J202 on F.Cu
[unconnected_items]: Missing connection between items
    Local override; error
    @(213.8500 mm, 102.9600 mm): Pad 9 [GND] of J202 on F.Cu
    @(214.9000 mm, 102.9600 mm): Pad 6 [GND] of J202 on F.Cu
[unconnected_items]: Missing connection between items
    Local override; error
    @(214.2000 mm, 104.5000 mm): Pad 43 [GND] of J202 on F.Cu
    @(215.2500 mm, 104.5000 mm): Pad 46 [GND] of J202 on F.Cu
[unconnected_items]: Missing connection between items
    Local override; error
    @(214.2000 mm, 104.5000 mm): Pad 43 [GND] of J202 on F.Cu
    @(213.1500 mm, 104.5000 mm): Pad 40 [GND] of J202 on F.Cu
[unconnected_items]: Missing connection between items
    Local override; error
    @(214.5200 mm, 120.0000 mm): Pad 2 [GND] of C281 on B.Cu
    @(217.5200 mm, 120.0000 mm): Pad 2 [GND] of C282 on B.Cu
[unconnected_items]: Missing connection between items
    Local override; error
    @(215.0200 mm, 102.3400 mm): Pad 11 [GND] of J301 on B.Cu
    @(214.9000 mm, 102.9600 mm): Pad 6 [GND] of J202 on F.Cu
[unconnected_items]: Missing connection between items
    Local override; error
    @(215.1500 mm, 116.5500 mm): PTH pad 49 [GND] of U14
    @(216.0000 mm, 117.0000 mm): Pad 27 [GND] of U14 on F.Cu
[unconnected_items]: Missing connection between items
    Local override; error
    @(215.1500 mm, 117.8500 mm): PTH pad 49 [GND] of U14
    @(214.5200 mm, 120.0000 mm): Pad 2 [GND] of C281 on B.Cu
[unconnected_items]: Missing connection between items
    Local override; error
    @(215.2500 mm, 102.9600 mm): Pad 5 [GND] of J202 on F.Cu
    @(214.9000 mm, 102.9600 mm): Pad 6 [GND] of J202 on F.Cu
[unconnected_items]: Missing connection between items
    Local override; error
    @(215.2500 mm, 102.9600 mm): Pad 5 [GND] of J202 on F.Cu
    @(216.6500 mm, 102.9600 mm): Pad 1 [GND] of J202 on F.Cu
[unconnected_items]: Missing connection between items
    Local override; error
    @(216.6500 mm, 104.5000 mm): Pad 50 [GND] of J202 on F.Cu
    @(215.2500 mm, 104.5000 mm): Pad 46 [GND] of J202 on F.Cu
[unconnected_items]: Missing connection between items
    Local override; error
    @(216.6500 mm, 104.5000 mm): Pad 50 [GND] of J202 on F.Cu
    @(216.6500 mm, 102.9600 mm): Pad 1 [GND] of J202 on F.Cu
[unconnected_items]: Missing connection between items
    Local override; error
    @(218.3800 mm, 91.0750 mm): Pad 6 [GND] of J301 on B.Cu
    @(215.1000 mm, 91.5750 mm): Pad 11 [GND] of J301 on B.Cu
[unconnected_items]: Missing connection between items
    Local override; error
    @(218.3800 mm, 91.0750 mm): Pad 6 [GND] of J301 on B.Cu
    @(227.7600 mm, 91.0900 mm): Pad 11 [GND] of J301 on B.Cu
[unconnected_items]: Missing connection between items
    Local override; error
    @(220.2000 mm, 115.0000 mm): Pad 2 [GND] of U11 on F.Cu
    @(220.2000 mm, 116.5000 mm): Pad 5 [GND] of U11 on F.Cu
[unconnected_items]: Missing connection between items
    Local override; error
    @(220.2000 mm, 116.5000 mm): Pad 5 [GND] of U11 on F.Cu
    @(220.5200 mm, 120.0000 mm): Pad 2 [GND] of C283 on B.Cu
[unconnected_items]: Missing connection between items
    Local override; error
    @(220.5200 mm, 120.0000 mm): Pad 2 [GND] of C283 on B.Cu
    @(217.5200 mm, 120.0000 mm): Pad 2 [GND] of C282 on B.Cu
[unconnected_items]: Missing connection between items
    Local override; error
    @(220.6125 mm, 121.8500 mm): Pad 7 [GND] of U16 on F.Cu
    @(220.5200 mm, 120.0000 mm): Pad 2 [GND] of C283 on B.Cu
[unconnected_items]: Missing connection between items
    Local override; error
    @(220.8500 mm, 113.8500 mm): Pad 20 [GND] of U11 on F.Cu
    @(220.2000 mm, 115.0000 mm): Pad 2 [GND] of U11 on F.Cu
[unconnected_items]: Missing connection between items
    Local override; error
    @(221.5000 mm, 121.8500 mm): Pad 5 [GND] of U16 on F.Cu
    @(220.6125 mm, 121.8500 mm): Pad 7 [GND] of U16 on F.Cu
[unconnected_items]: Missing connection between items
    Local override; error
    @(221.5000 mm, 121.8500 mm): Pad 5 [GND] of U16 on F.Cu
    @(225.5100 mm, 121.0000 mm): Pad 2 [GND] of R15 on F.Cu
[unconnected_items]: Missing connection between items
    Local override; error
    @(221.8500 mm, 110.3800 mm): Pad 8 [GND] of U8 on F.Cu
    @(222.5000 mm, 106.0000 mm): Pad 2 [GND] of C267 on F.Cu
[unconnected_items]: Missing connection between items
    Local override; error
    @(221.8500 mm, 111.1500 mm): Pad 3 [GND] of U8 on F.Cu
    @(221.8500 mm, 110.3800 mm): Pad 8 [GND] of U8 on F.Cu
[unconnected_items]: Missing connection between items
    Local override; error
    @(221.8500 mm, 111.1500 mm): Pad 3 [GND] of U8 on F.Cu
    @(220.8500 mm, 113.8500 mm): Pad 20 [GND] of U11 on F.Cu
[unconnected_items]: Missing connection between items
    Local override; error
    @(222.2125 mm, 115.7500 mm): Pad 8 [GND] of U208 on B.Cu
    @(222.2125 mm, 116.2500 mm): Pad 7 [GND] of U208 on B.Cu
[unconnected_items]: Missing connection between items
    Local override; error
    @(222.2125 mm, 116.2500 mm): Pad 7 [GND] of U208 on B.Cu
    @(223.0000 mm, 117.0000 mm): Pad 11 [GND] of U11 on F.Cu
[unconnected_items]: Missing connection between items
    Local override; error
    @(222.2125 mm, 116.2500 mm): Pad 7 [GND] of U208 on B.Cu
    @(220.2000 mm, 116.5000 mm): Pad 5 [GND] of U11 on F.Cu
[unconnected_items]: Missing connection between items
    Local override; error
    @(222.5000 mm, 104.0000 mm): Pad 2 [GND] of C266 on F.Cu
    @(222.5000 mm, 102.0000 mm): Pad 2 [GND] of C265 on F.Cu
[unconnected_items]: Missing connection between items
    Local override; error
    @(222.5000 mm, 106.0000 mm): Pad 2 [GND] of C267 on F.Cu
    @(222.5000 mm, 104.0000 mm): Pad 2 [GND] of C266 on F.Cu
[unconnected_items]: Missing connection between items
    Local override; error
    @(223.0000 mm, 117.0000 mm): Pad 11 [GND] of U11 on F.Cu
    @(223.2500 mm, 116.7875 mm): Pad 5 [GND] of U208 on B.Cu
[unconnected_items]: Missing connection between items
    Local override; error
    @(224.2500 mm, 116.7875 mm): Pad 3 [GND] of U208 on B.Cu
    @(223.2500 mm, 116.7875 mm): Pad 5 [GND] of U208 on B.Cu
[unconnected_items]: Missing connection between items
    Local override; error
    @(224.2500 mm, 116.7875 mm): Pad 3 [GND] of U208 on B.Cu
    @(224.0000 mm, 115.0000 mm): Pad 25 [GND] of U208 on B.Cu
[unconnected_items]: Missing connection between items
    Local override; error
    @(225.2500 mm, 113.2125 mm): Pad 18 [GND] of U208 on B.Cu
    @(224.7500 mm, 113.2125 mm): Pad 17 [GND] of U208 on B.Cu
[unconnected_items]: Missing connection between items
    Local override; error
    @(225.2500 mm, 113.2125 mm): Pad 18 [GND] of U208 on B.Cu
    @(225.7875 mm, 114.7500 mm): Pad 21 [GND] of U208 on B.Cu
[unconnected_items]: Missing connection between items
    Local override; error
    @(225.7875 mm, 114.7500 mm): Pad 21 [GND] of U208 on B.Cu
    @(224.0000 mm, 115.0000 mm): Pad 25 [GND] of U208 on B.Cu
[unconnected_items]: Missing connection between items
    Local override; error
    @(226.0800 mm, 115.1500 mm): Pad 3 [GND] of U9 on F.Cu
    @(225.7875 mm, 114.7500 mm): Pad 21 [GND] of U208 on B.Cu
[unconnected_items]: Missing connection between items
    Local override; error
    @(226.8500 mm, 115.1500 mm): Pad 8 [GND] of U9 on F.Cu
    @(226.0800 mm, 115.1500 mm): Pad 3 [GND] of U9 on F.Cu
[unconnected_items]: Missing connection between items
    Local override; error
    @(228.1250 mm, 101.0000 mm): Track [GND] on GND2, length 32.1250 mm
    @(227.9800 mm, 102.3400 mm): Pad 11 [GND] of J301 on B.Cu
[unconnected_items]: Missing connection between items
    Local override; error
    @(228.2750 mm, 107.5000 mm): Pad 2 [GND] of C6 on B.Cu
    @(229.7250 mm, 107.5000 mm): Pad 2 [GND] of C301 on B.Cu
[unconnected_items]: Missing connection between items
    Local override; error
    @(229.7250 mm, 107.5000 mm): Pad 2 [GND] of C301 on B.Cu
    @(231.4900 mm, 109.5000 mm): Pad 2 [GND] of R280 on B.Cu
[unconnected_items]: Missing connection between items
    Local override; error
    @(229.7750 mm, 105.0000 mm): Pad 2 [GND] of C10 on B.Cu
    @(229.7250 mm, 107.5000 mm): Pad 2 [GND] of C301 on B.Cu
[unconnected_items]: Missing connection between items
    Local override; error
    @(230.0000 mm, 102.8750 mm): Track [GND] on GND2, length 2.6517 mm
    @(229.7750 mm, 105.0000 mm): Pad 2 [GND] of C10 on B.Cu
[unconnected_items]: Missing connection between items
    Local override; error
    @(231.4900 mm, 109.5000 mm): Pad 2 [GND] of R280 on B.Cu
    @(233.4900 mm, 109.5000 mm): Pad 2 [GND] of R281 on B.Cu
[unconnected_items]: Missing connection between items
    Local override; error
    @(232.7750 mm, 105.0000 mm): Pad 2 [GND] of C11 on B.Cu
    @(235.7750 mm, 105.0000 mm): Pad 2 [GND] of C12 on B.Cu
[unconnected_items]: Missing connection between items
    Local override; error
    @(232.7750 mm, 105.0000 mm): Pad 2 [GND] of C11 on B.Cu
    @(229.7750 mm, 105.0000 mm): Pad 2 [GND] of C10 on B.Cu
[unconnected_items]: Missing connection between items
    Local override; error
    @(233.4900 mm, 111.5000 mm): Pad 2 [GND] of R283 on B.Cu
    @(233.4900 mm, 109.5000 mm): Pad 2 [GND] of R281 on B.Cu
[unconnected_items]: Missing connection between items
    Local override; error
    @(233.5200 mm, 113.5000 mm): Pad 2 [GND] of C280 on B.Cu
    @(233.4900 mm, 111.5000 mm): Pad 2 [GND] of R283 on B.Cu
[unconnected_items]: Missing connection between items
    Local override; error
    @(216.0000 mm, 116.5000 mm): Pad 28 [USB3_TX_P] of U14 on F.Cu
    @(220.2000 mm, 115.5000 mm): Pad 3 [USB3_TX_P] of U11 on F.Cu
[unconnected_items]: Missing connection between items
    Local override; error
    @(216.0000 mm, 116.0000 mm): Pad 29 [USB3_TX_N] of U14 on F.Cu
    @(220.2000 mm, 116.0000 mm): Pad 4 [USB3_TX_N] of U11 on F.Cu
[unconnected_items]: Missing connection between items
    Local override; error
    @(115.1250 mm, 122.5000 mm): Pad 6 [+3V3] of U3 on F.Cu
    @(116.8125 mm, 119.3125 mm): Pad 30 [+3V3] of U3 on F.Cu
[unconnected_items]: Missing connection between items
    Local override; error
    @(116.8125 mm, 119.3125 mm): Pad 30 [+3V3] of U3 on F.Cu
    @(127.0000 mm, 112.0000 mm): Pad 1 [+3V3] of C43 on F.Cu
[unconnected_items]: Missing connection between items
    Local override; error
    @(117.5000 mm, 99.8000 mm): Pad 1 [+3V3] of TP5 on B.Cu
    @(130.2250 mm, 102.5000 mm): Pad 1 [+3V3] of C64 on B.Cu
[unconnected_items]: Missing connection between items
    Local override; error
    @(133.5500 mm, 99.7000 mm): Pad 6 [+3V3] of U1 on B.Cu
    @(130.2250 mm, 102.5000 mm): Pad 1 [+3V3] of C64 on B.Cu
[unconnected_items]: Missing connection between items
    Local override; error
    @(134.6500 mm, 99.7000 mm): Pad 1 [+3V3] of U1 on B.Cu
    @(133.5500 mm, 99.7000 mm): Pad 6 [+3V3] of U1 on B.Cu
[unconnected_items]: Missing connection between items
    Local override; error
    @(135.2400 mm, 95.4350 mm): Pad 1 [+3V3] of J6 on B.Cu
    @(134.6500 mm, 99.7000 mm): Pad 1 [+3V3] of U1 on B.Cu
[unconnected_items]: Missing connection between items
    Local override; error
    @(136.3625 mm, 110.5500 mm): Pad 5 [+3V3] of U301 on B.Cu
    @(136.5000 mm, 111.5100 mm): Pad 1 [+3V3] of R16 on F.Cu
[unconnected_items]: Missing connection between items
    Local override; error
    @(136.3625 mm, 110.5500 mm): Pad 5 [+3V3] of U301 on B.Cu
    @(136.4900 mm, 108.0000 mm): Pad 1 [+3V3] of R26 on B.Cu
[unconnected_items]: Missing connection between items
    Local override; error
    @(136.3625 mm, 110.5500 mm): Pad 5 [+3V3] of U301 on B.Cu
    @(127.0000 mm, 112.0000 mm): Pad 1 [+3V3] of C43 on F.Cu
[unconnected_items]: Missing connection between items
    Local override; error
    @(136.4900 mm, 106.0000 mm): Pad 1 [+3V3] of R22 on B.Cu
    @(138.4900 mm, 106.0000 mm): Pad 1 [+3V3] of R23 on B.Cu
[unconnected_items]: Missing connection between items
    Local override; error
    @(136.4900 mm, 108.0000 mm): Pad 1 [+3V3] of R26 on B.Cu
    @(136.4900 mm, 106.0000 mm): Pad 1 [+3V3] of R22 on B.Cu
[unconnected_items]: Missing connection between items
    Local override; error
    @(136.5000 mm, 111.5100 mm): Pad 1 [+3V3] of R16 on F.Cu
    @(138.0000 mm, 112.0000 mm): Pad 1 [+3V3] of R17 on F.Cu
[unconnected_items]: Missing connection between items
    Local override; error
    @(137.5100 mm, 114.0000 mm): Pad 1 [+3V3] of R301 on B.Cu
    @(138.0000 mm, 112.0000 mm): Pad 1 [+3V3] of R17 on F.Cu
[unconnected_items]: Missing connection between items
    Local override; error
    @(137.5100 mm, 114.0000 mm): Pad 1 [+3V3] of R301 on B.Cu
    @(158.7000 mm, 123.6500 mm): Pad 4 [+3V3] of J10 on F.Cu
[unconnected_items]: Missing connection between items
    Local override; error
    @(138.4900 mm, 100.0000 mm): Pad 1 [+3V3] of R21 on B.Cu
    @(134.6500 mm, 99.7000 mm): Pad 1 [+3V3] of U1 on B.Cu
[unconnected_items]: Missing connection between items
    Local override; error
    @(138.4900 mm, 100.0000 mm): Pad 1 [+3V3] of R21 on B.Cu
    @(138.4900 mm, 106.0000 mm): Pad 1 [+3V3] of R23 on B.Cu
[unconnected_items]: Missing connection between items
    Local override; error
    @(158.7000 mm, 123.6500 mm): Pad 4 [+3V3] of J10 on F.Cu
    @(159.9000 mm, 127.2200 mm): Track [+3V3] on B.Cu, length 1.0800 mm
[unconnected_items]: Missing connection between items
    Local override; error
    @(179.0000 mm, 113.5000 mm): Track [+3V3] on GND2, length 15.0000 mm
    @(167.9700 mm, 116.5000 mm): Pad 1 [+3V3] of R29 on F.Cu
[unconnected_items]: Missing connection between items
    Local override; error
    @(170.4800 mm, 118.0000 mm): Pad 1 [+3V3] of R31 on F.Cu
    @(167.9700 mm, 116.5000 mm): Pad 1 [+3V3] of R29 on F.Cu
[unconnected_items]: Missing connection between items
    Local override; error
    @(170.4800 mm, 119.5000 mm): Pad 1 [+3V3] of R34 on F.Cu
    @(170.4800 mm, 118.0000 mm): Pad 1 [+3V3] of R31 on F.Cu
[unconnected_items]: Missing connection between items
    Local override; error
    @(171.4050 mm, 122.8700 mm): Pad 1 [+3V3] of C36 on F.Cu
    @(170.4800 mm, 119.5000 mm): Pad 1 [+3V3] of R34 on F.Cu
[unconnected_items]: Missing connection between items
    Local override; error
    @(173.9050 mm, 122.8700 mm): Pad 1 [+3V3] of C37 on F.Cu
    @(171.4050 mm, 122.8700 mm): Pad 1 [+3V3] of C36 on F.Cu
[unconnected_items]: Missing connection between items
    Local override; error
    @(173.9050 mm, 122.8700 mm): Pad 1 [+3V3] of C37 on F.Cu
    @(180.7125 mm, 123.5000 mm): Pad 1 [+3V3] of FB1 on F.Cu
[unconnected_items]: Missing connection between items
    Local override; error
    @(185.0000 mm, 107.5000 mm): Track [+3V3] on GND2, length 8.4853 mm
    @(182.5400 mm, 116.5000 mm): Pad 1 [+3V3] of C68 on F.Cu
[unconnected_items]: Missing connection between items
    Local override; error
    @(185.0000 mm, 107.5000 mm): Track [+3V3] on GND2, length 8.4853 mm
    @(198.0000 mm, 105.9900 mm): Pad 2 [+3V3] of R290 on B.Cu
[unconnected_items]: Missing connection between items
    Local override; error
    @(198.0000 mm, 105.9900 mm): Pad 2 [+3V3] of R290 on B.Cu
    @(199.5000 mm, 105.9900 mm): Pad 2 [+3V3] of R291 on B.Cu
[unconnected_items]: Missing connection between items
    Local override; error
    @(199.5000 mm, 105.9900 mm): Pad 2 [+3V3] of R291 on B.Cu
    @(202.1500 mm, 101.6750 mm): Pad 2 [+3V3] of U209 on B.Cu
[unconnected_items]: Missing connection between items
    Local override; error
    @(200.9800 mm, 122.5000 mm): Pad 1 [+3V3] of R13 on F.Cu
    @(200.9800 mm, 124.0000 mm): Pad 1 [+3V3] of R14 on F.Cu
[unconnected_items]: Missing connection between items
    Local override; error
    @(200.9800 mm, 122.5000 mm): Pad 1 [+3V3] of R13 on F.Cu
    @(201.5000 mm, 118.5000 mm): Pad 3 [+3V3] of U15 on F.Cu
[unconnected_items]: Missing connection between items
    Local override; error
    @(200.9800 mm, 124.0000 mm): Pad 1 [+3V3] of R14 on F.Cu
    @(210.6250 mm, 129.9400 mm): Pad 1 [+3V3] of C34 on F.Cu
[unconnected_items]: Missing connection between items
    Local override; error
    @(202.5000 mm, 112.8500 mm): Pad 12 [+3V3] of U5 on F.Cu
    @(209.1000 mm, 113.5000 mm): Pad 3 [+3V3] of U14 on F.Cu
[unconnected_items]: Missing connection between items
    Local override; error
    @(202.5000 mm, 112.8500 mm): Pad 12 [+3V3] of U5 on F.Cu
    @(199.5000 mm, 105.9900 mm): Pad 2 [+3V3] of R291 on B.Cu
[unconnected_items]: Missing connection between items
    Local override; error
    @(202.5000 mm, 114.5000 mm): Pad 3 [+3V3] of U5 on F.Cu
    @(202.5000 mm, 112.8500 mm): Pad 12 [+3V3] of U5 on F.Cu
[unconnected_items]: Missing connection between items
    Local override; error
    @(202.5000 mm, 114.5000 mm): Pad 3 [+3V3] of U5 on F.Cu
    @(201.5000 mm, 118.5000 mm): Pad 3 [+3V3] of U15 on F.Cu
[unconnected_items]: Missing connection between items
    Local override; error
    @(203.4000 mm, 96.7000 mm): Pad 38 [+3V3] of U12 on B.Cu
    @(202.1500 mm, 101.6750 mm): Pad 2 [+3V3] of U209 on B.Cu
[unconnected_items]: Missing connection between items
    Local override; error
    @(203.6250 mm, 90.5000 mm): Pad 1 [+3V3] of C3 on B.Cu
    @(203.4000 mm, 96.7000 mm): Pad 38 [+3V3] of U12 on B.Cu
[unconnected_items]: Missing connection between items
    Local override; error
    @(209.1000 mm, 118.0000 mm): Pad 12 [+3V3] of U14 on F.Cu
    @(209.1000 mm, 113.5000 mm): Pad 3 [+3V3] of U14 on F.Cu
[unconnected_items]: Missing connection between items
    Local override; error
    @(209.1250 mm, 132.4400 mm): Pad 1 [+3V3] of C38 on F.Cu
    @(210.6250 mm, 129.9400 mm): Pad 1 [+3V3] of C34 on F.Cu
[unconnected_items]: Missing connection between items
    Local override; error
    @(212.1250 mm, 129.9400 mm): Pad 1 [+3V3] of C35 on F.Cu
    @(210.6250 mm, 129.9400 mm): Pad 1 [+3V3] of C34 on F.Cu
[unconnected_items]: Missing connection between items
    Local override; error
    @(212.1250 mm, 132.4600 mm): Pad 1 [+3V3] of C40 on F.Cu
    @(212.1250 mm, 129.9400 mm): Pad 1 [+3V3] of C35 on F.Cu
[unconnected_items]: Missing connection between items
    Local override; error
    @(212.1900 mm, 97.0000 mm): Pad 1 [+3V3] of R8 on B.Cu
    @(203.4000 mm, 96.7000 mm): Pad 38 [+3V3] of U12 on B.Cu
[unconnected_items]: Missing connection between items
    Local override; error
    @(212.3000 mm, 111.8000 mm): Pad 43 [+3V3] of U14 on F.Cu
    @(209.1000 mm, 113.5000 mm): Pad 3 [+3V3] of U14 on F.Cu
[unconnected_items]: Missing connection between items
    Local override; error
    @(214.3000 mm, 118.7000 mm): Pad 22 [+3V3] of U14 on F.Cu
    @(216.0000 mm, 118.0000 mm): Pad 25 [+3V3] of U14 on F.Cu
[unconnected_items]: Missing connection between items
    Local override; error
    @(216.0000 mm, 113.5000 mm): Pad 34 [+3V3] of U14 on F.Cu
    @(212.3000 mm, 111.8000 mm): Pad 43 [+3V3] of U14 on F.Cu
[unconnected_items]: Missing connection between items
    Local override; error
    @(216.0000 mm, 113.5000 mm): Pad 34 [+3V3] of U14 on F.Cu
    @(216.0000 mm, 118.0000 mm): Pad 25 [+3V3] of U14 on F.Cu
[unconnected_items]: Missing connection between items
    Local override; error
    @(220.2000 mm, 117.0000 mm): Pad 6 [+3V3] of U11 on F.Cu
    @(216.0000 mm, 118.0000 mm): Pad 25 [+3V3] of U14 on F.Cu
[unconnected_items]: Missing connection between items
    Local override; error
    @(216.0000 mm, 115.0000 mm): Pad 31 [USB3_RX_P] of U14 on F.Cu
    @(220.8500 mm, 117.6500 mm): Pad 7 [USB3_RX_P] of U11 on F.Cu
[unconnected_items]: Missing connection between items
    Local override; error
    @(216.0000 mm, 114.5000 mm): Pad 32 [USB3_RX_N] of U14 on F.Cu
    @(221.3500 mm, 117.6500 mm): Pad 8 [USB3_RX_N] of U11 on F.Cu
[unconnected_items]: Missing connection between items
    Local override; error
    @(223.0000 mm, 116.5000 mm): Pad 12 [USB_C_RX2_N] of U11 on F.Cu
    @(226.0800 mm, 116.1500 mm): Pad 5 [USB_C_RX2_N] of U9 on F.Cu
[unconnected_items]: Missing connection between items
    Local override; error
    @(223.0000 mm, 116.0000 mm): Pad 13 [USB_C_RX2_P] of U11 on F.Cu
    @(226.0800 mm, 115.6500 mm): Pad 4 [USB_C_RX2_P] of U9 on F.Cu
[unconnected_items]: Missing connection between items
    Local override; error
    @(223.0000 mm, 115.5000 mm): Pad 14 [USB_C_TX2_N] of U11 on F.Cu
    @(226.0800 mm, 114.6500 mm): Pad 2 [USB_C_TX2_N] of U9 on F.Cu
[unconnected_items]: Missing connection between items
    Local override; error
    @(223.0000 mm, 115.0000 mm): Pad 15 [USB_C_TX2_P] of U11 on F.Cu
    @(226.0800 mm, 114.1500 mm): Pad 1 [USB_C_TX2_P] of U9 on F.Cu
[unconnected_items]: Missing connection between items
    Local override; error
    @(222.8500 mm, 111.1500 mm): Pad 5 [USB_C_RX1_N] of U8 on F.Cu
    @(223.0000 mm, 114.5000 mm): Pad 16 [USB_C_RX1_N] of U11 on F.Cu
[unconnected_items]: Missing connection between items
    Local override; error
    @(222.3500 mm, 111.1500 mm): Pad 4 [USB_C_RX1_P] of U8 on F.Cu
    @(222.3500 mm, 113.8500 mm): Pad 17 [USB_C_RX1_P] of U11 on F.Cu
[unconnected_items]: Missing connection between items
    Local override; error
    @(221.3500 mm, 111.1500 mm): Pad 2 [USB_C_TX1_N] of U8 on F.Cu
    @(221.8500 mm, 113.8500 mm): Pad 18 [USB_C_TX1_N] of U11 on F.Cu
[unconnected_items]: Missing connection between items
    Local override; error
    @(220.8500 mm, 111.1500 mm): Pad 1 [USB_C_TX1_P] of U8 on F.Cu
    @(221.3500 mm, 113.8500 mm): Pad 19 [USB_C_TX1_P] of U11 on F.Cu
[unconnected_items]: Missing connection between items
    Local override; error
    @(210.1778 mm, 117.3000 mm): Track [LED_BLUE_GPIO16_N] on PWR_SIG2, length 0.4556 mm
    @(210.5000 mm, 120.0000 mm): Track [LED_BLUE_GPIO16_N] on PWR_SIG2, length 0.7071 mm
[unconnected_items]: Missing connection between items
    Local override; error
    @(129.0000 mm, 106.5000 mm): Pad 2 [L_3V3_HDMI] of R2010 on F.Cu
    @(129.0000 mm, 107.7000 mm): Pad 2 [L_3V3_HDMI] of R2011 on F.Cu
[unconnected_items]: Missing connection between items
    Local override; error
    @(129.0000 mm, 106.5000 mm): Pad 2 [L_3V3_HDMI] of R2010 on F.Cu
    @(139.0000 mm, 106.0500 mm): Pad G1 [L_3V3_HDMI] of U201 on F.Cu
[unconnected_items]: Missing connection between items
    Local override; error
    @(139.0000 mm, 106.0500 mm): Pad G1 [L_3V3_HDMI] of U201 on F.Cu
    @(139.0000 mm, 102.8000 mm): Pad B1 [L_3V3_HDMI] of U201 on F.Cu
[unconnected_items]: Missing connection between items
    Local override; error
    @(139.0000 mm, 106.0500 mm): Pad G1 [L_3V3_HDMI] of U201 on F.Cu
    @(147.9400 mm, 110.0000 mm): Pad 1 [L_3V3_HDMI] of C2011 on F.Cu
[unconnected_items]: Missing connection between items
    Local override; error
    @(139.0750 mm, 114.5000 mm): Pad 2 [L_3V3_HDMI] of FB2011 on F.Cu
    @(139.0000 mm, 106.0500 mm): Pad G1 [L_3V3_HDMI] of U201 on F.Cu
[unconnected_items]: Missing connection between items
    Local override; error
    @(149.7750 mm, 114.5000 mm): Pad 1 [L_3V3_HDMI] of C20120 on F.Cu
    @(147.9400 mm, 110.0000 mm): Pad 1 [L_3V3_HDMI] of C2011 on F.Cu
[unconnected_items]: Missing connection between items
    Local override; error
    @(165.1100 mm, 108.5000 mm): Pad 2 [R_3V3_HDMI] of R2020 on F.Cu
    @(165.1100 mm, 110.0000 mm): Pad 2 [R_3V3_HDMI] of R2021 on F.Cu
[unconnected_items]: Missing connection between items
    Local override; error
    @(165.1100 mm, 108.5000 mm): Pad 2 [R_3V3_HDMI] of R2020 on F.Cu
    @(167.4200 mm, 103.5000 mm): Pad 1 [R_3V3_HDMI] of C2021 on F.Cu
[unconnected_items]: Missing connection between items
    Local override; error
    @(170.4500 mm, 96.5000 mm): Pad 1 [R_3V3_HDMI] of C20220 on F.Cu
    @(167.4200 mm, 103.5000 mm): Pad 1 [R_3V3_HDMI] of C2021 on F.Cu
[unconnected_items]: Missing connection between items
    Local override; error
    @(176.1875 mm, 101.0000 mm): Pad 2 [R_3V3_HDMI] of FB2021 on F.Cu
    @(170.4500 mm, 96.5000 mm): Pad 1 [R_3V3_HDMI] of C20220 on F.Cu
[unconnected_items]: Missing connection between items
    Local override; error
    @(176.1875 mm, 101.0000 mm): Pad 2 [R_3V3_HDMI] of FB2021 on F.Cu
    @(194.1000 mm, 105.4500 mm): Pad G1 [R_3V3_HDMI] of U202 on F.Cu
[unconnected_items]: Missing connection between items
    Local override; error
    @(194.1000 mm, 108.7000 mm): Pad B1 [R_3V3_HDMI] of U202 on F.Cu
    @(194.1000 mm, 105.4500 mm): Pad G1 [R_3V3_HDMI] of U202 on F.Cu
[unconnected_items]: Missing connection between items
    Local override; error
    @(110.8000 mm, 117.5000 mm): Pad 2 [DISPLAY_1V8] of L204 on B.Cu
    @(108.5100 mm, 122.0000 mm): Pad 1 [DISPLAY_1V8] of R2041 on B.Cu
[unconnected_items]: Missing connection between items
    Local override; error
    @(116.0750 mm, 119.0000 mm): Pad 1 [DISPLAY_1V8] of C2042 on B.Cu
    @(110.8000 mm, 117.5000 mm): Pad 2 [DISPLAY_1V8] of L204 on B.Cu
[unconnected_items]: Missing connection between items
    Local override; error
    @(116.0750 mm, 119.0000 mm): Pad 1 [DISPLAY_1V8] of C2042 on B.Cu
    @(119.0000 mm, 108.2000 mm): Pad 1 [DISPLAY_1V8] of Y201 on F.Cu
[unconnected_items]: Missing connection between items
    Local override; error
    @(119.0000 mm, 107.0000 mm): Pad 4 [DISPLAY_1V8] of Y201 on F.Cu
    @(121.5000 mm, 104.5000 mm): Pad 2 [DISPLAY_1V8] of J201 on F.Cu
[unconnected_items]: Missing connection between items
    Local override; error
    @(119.0000 mm, 107.0000 mm): Pad 4 [DISPLAY_1V8] of Y201 on F.Cu
    @(105.0000 mm, 98.3125 mm): Pad 1 [DISPLAY_1V8] of C260 on F.Cu
[unconnected_items]: Missing connection between items
    Local override; error
    @(119.0000 mm, 108.2000 mm): Pad 1 [DISPLAY_1V8] of Y201 on F.Cu
    @(119.0000 mm, 107.0000 mm): Pad 4 [DISPLAY_1V8] of Y201 on F.Cu
[unconnected_items]: Missing connection between items
    Local override; error
    @(121.5000 mm, 104.5000 mm): Pad 2 [DISPLAY_1V8] of J201 on F.Cu
    @(122.2000 mm, 104.5000 mm): Pad 4 [DISPLAY_1V8] of J201 on F.Cu
[unconnected_items]: Missing connection between items
    Local override; error
    @(122.2000 mm, 104.5000 mm): Pad 4 [DISPLAY_1V8] of J201 on F.Cu
    @(137.5000 mm, 116.5000 mm): Pad 1 [DISPLAY_1V8] of FB2013 on F.Cu
[unconnected_items]: Missing connection between items
    Local override; error
    @(141.5200 mm, 112.0000 mm): Pad 1 [DISPLAY_1V8] of C2010 on F.Cu
    @(137.5000 mm, 116.5000 mm): Pad 1 [DISPLAY_1V8] of FB2013 on F.Cu
[unconnected_items]: Missing connection between items
    Local override; error
    @(146.0000 mm, 100.0000 mm): Pad 1 [DISPLAY_1V8] of TP203 on F.Cu
    @(141.5200 mm, 112.0000 mm): Pad 1 [DISPLAY_1V8] of C2010 on F.Cu
[unconnected_items]: Missing connection between items
    Local override; error
    @(165.1100 mm, 111.5000 mm): Pad 2 [DISPLAY_1V8] of R2022 on F.Cu
    @(146.0000 mm, 100.0000 mm): Pad 1 [DISPLAY_1V8] of TP203 on F.Cu
[unconnected_items]: Missing connection between items
    Local override; error
    @(174.6125 mm, 102.7125 mm): Pad 1 [DISPLAY_1V8] of FB2023 on F.Cu
    @(165.1100 mm, 111.5000 mm): Pad 2 [DISPLAY_1V8] of R2022 on F.Cu
[unconnected_items]: Missing connection between items
    Local override; error
    @(186.0400 mm, 99.5000 mm): Pad 1 [DISPLAY_1V8] of C2020 on F.Cu
    @(174.6125 mm, 102.7125 mm): Pad 1 [DISPLAY_1V8] of FB2023 on F.Cu
[unconnected_items]: Missing connection between items
    Local override; error
    @(201.0000 mm, 105.9900 mm): Pad 2 [DISPLAY_1V8] of R292 on B.Cu
    @(202.5000 mm, 105.9900 mm): Pad 2 [DISPLAY_1V8] of R293 on B.Cu
[unconnected_items]: Missing connection between items
    Local override; error
    @(201.0000 mm, 105.9900 mm): Pad 2 [DISPLAY_1V8] of R292 on B.Cu
    @(186.0400 mm, 99.5000 mm): Pad 1 [DISPLAY_1V8] of C2020 on F.Cu
[unconnected_items]: Missing connection between items
    Local override; error
    @(202.1500 mm, 102.3250 mm): Pad 3 [DISPLAY_1V8] of U209 on B.Cu
    @(202.1500 mm, 102.9750 mm): Pad 4 [DISPLAY_1V8] of U209 on B.Cu
[unconnected_items]: Missing connection between items
    Local override; error
    @(202.1500 mm, 102.3250 mm): Pad 3 [DISPLAY_1V8] of U209 on B.Cu
    @(204.4800 mm, 102.0000 mm): Pad 1 [DISPLAY_1V8] of C290 on B.Cu
[unconnected_items]: Missing connection between items
    Local override; error
    @(202.1500 mm, 102.9750 mm): Pad 4 [DISPLAY_1V8] of U209 on B.Cu
    @(203.0000 mm, 104.0000 mm): Pad 4 [DISPLAY_1V8] of Y202 on F.Cu
[unconnected_items]: Missing connection between items
    Local override; error
    @(203.0000 mm, 104.0000 mm): Pad 4 [DISPLAY_1V8] of Y202 on F.Cu
    @(203.0000 mm, 105.2000 mm): Pad 1 [DISPLAY_1V8] of Y202 on F.Cu
[unconnected_items]: Missing connection between items
    Local override; error
    @(203.0000 mm, 105.2000 mm): Pad 1 [DISPLAY_1V8] of Y202 on F.Cu
    @(202.5000 mm, 105.9900 mm): Pad 2 [DISPLAY_1V8] of R293 on B.Cu
[unconnected_items]: Missing connection between items
    Local override; error
    @(207.0000 mm, 107.9900 mm): Pad 2 [DISPLAY_1V8] of R294 on B.Cu
    @(209.0000 mm, 107.9900 mm): Pad 2 [DISPLAY_1V8] of R295 on B.Cu
[unconnected_items]: Missing connection between items
    Local override; error
    @(207.0000 mm, 107.9900 mm): Pad 2 [DISPLAY_1V8] of R294 on B.Cu
    @(203.0000 mm, 105.2000 mm): Pad 1 [DISPLAY_1V8] of Y202 on F.Cu
[unconnected_items]: Missing connection between items
    Local override; error
    @(207.1375 mm, 98.4250 mm): Pad 24 [DISPLAY_1V8] of U210 on B.Cu
    @(204.4800 mm, 102.0000 mm): Pad 1 [DISPLAY_1V8] of C290 on B.Cu
[unconnected_items]: Missing connection between items
    Local override; error
    @(212.4800 mm, 108.5000 mm): Pad 1 [DISPLAY_1V8] of C291 on B.Cu
    @(209.0000 mm, 107.9900 mm): Pad 2 [DISPLAY_1V8] of R295 on B.Cu
[unconnected_items]: Missing connection between items
    Local override; error
    @(212.4800 mm, 108.5000 mm): Pad 1 [DISPLAY_1V8] of C291 on B.Cu
    @(215.6000 mm, 102.9600 mm): Pad 4 [DISPLAY_1V8] of J202 on F.Cu
[unconnected_items]: Missing connection between items
    Local override; error
    @(215.6000 mm, 102.9600 mm): Pad 4 [DISPLAY_1V8] of J202 on F.Cu
    @(216.3000 mm, 102.9600 mm): Pad 2 [DISPLAY_1V8] of J202 on F.Cu
[unconnected_items]: Missing connection between items
    Local override; error
    @(216.3000 mm, 102.9600 mm): Pad 2 [DISPLAY_1V8] of J202 on F.Cu
    @(220.9500 mm, 102.0000 mm): Pad 1 [DISPLAY_1V8] of C265 on F.Cu
[unconnected_items]: Missing connection between items
    Local override; error
    @(105.0000 mm, 100.3125 mm): Pad 1 [LCD_VSP] of C261 on F.Cu
    @(121.8500 mm, 104.5000 mm): Pad 3 [LCD_VSP] of J201 on F.Cu
[unconnected_items]: Missing connection between items
    Local override; error
    @(163.5000 mm, 105.5000 mm): Pad 1 [LCD_VSP] of TP206 on F.Cu
    @(199.2750 mm, 116.0000 mm): Pad 1 [LCD_VSP] of C272 on B.Cu
[unconnected_items]: Missing connection between items
    Local override; error
    @(163.5000 mm, 105.5000 mm): Pad 1 [LCD_VSP] of TP206 on F.Cu
    @(121.8500 mm, 104.5000 mm): Pad 3 [LCD_VSP] of J201 on F.Cu
[unconnected_items]: Missing connection between items
    Local override; error
    @(199.2750 mm, 116.0000 mm): Pad 1 [LCD_VSP] of C272 on B.Cu
    @(201.6000 mm, 116.8000 mm): Pad E3 [LCD_VSP] of U207 on B.Cu
[unconnected_items]: Missing connection between items
    Local override; error
    @(201.6000 mm, 116.8000 mm): Pad E3 [LCD_VSP] of U207 on B.Cu
    @(215.9500 mm, 102.9600 mm): Pad 3 [LCD_VSP] of J202 on F.Cu
[unconnected_items]: Missing connection between items
    Local override; error
    @(220.9500 mm, 104.0000 mm): Pad 1 [LCD_VSP] of C266 on F.Cu
    @(215.9500 mm, 102.9600 mm): Pad 3 [LCD_VSP] of J202 on F.Cu
[unconnected_items]: Missing connection between items
    Local override; error
    @(105.0000 mm, 102.3125 mm): Pad 1 [LCD_VSN] of C262 on F.Cu
    @(123.2500 mm, 104.5000 mm): Pad 7 [LCD_VSN] of J201 on F.Cu
[unconnected_items]: Missing connection between items
    Local override; error
    @(160.5000 mm, 99.5000 mm): Pad 1 [LCD_VSN] of TP207 on F.Cu
    @(123.2500 mm, 104.5000 mm): Pad 7 [LCD_VSN] of J201 on F.Cu
[unconnected_items]: Missing connection between items
    Local override; error
    @(199.2750 mm, 118.0000 mm): Pad 1 [LCD_VSN] of C273 on B.Cu
    @(160.5000 mm, 99.5000 mm): Pad 1 [LCD_VSN] of TP207 on F.Cu
[unconnected_items]: Missing connection between items
    Local override; error
    @(202.0000 mm, 115.2000 mm): Pad A2 [LCD_VSN] of U207 on B.Cu
    @(199.2750 mm, 118.0000 mm): Pad 1 [LCD_VSN] of C273 on B.Cu
[unconnected_items]: Missing connection between items
    Local override; error
    @(202.0000 mm, 115.2000 mm): Pad A2 [LCD_VSN] of U207 on B.Cu
    @(214.5500 mm, 102.9600 mm): Pad 7 [LCD_VSN] of J202 on F.Cu
[unconnected_items]: Missing connection between items
    Local override; error
    @(220.9500 mm, 106.0000 mm): Pad 1 [LCD_VSN] of C267 on F.Cu
    @(214.5500 mm, 102.9600 mm): Pad 7 [LCD_VSN] of J202 on F.Cu
[unconnected_items]: Missing connection between items
    Local override; error
    @(117.0000 mm, 104.5000 mm): Pad 1 [L_S1_TEST] of TP260 on F.Cu
    @(123.6000 mm, 104.5000 mm): Pad 8 [L_S1_TEST] of J201 on F.Cu
[unconnected_items]: Missing connection between items
    Local override; error
    @(124.6500 mm, 104.5000 mm): Pad 11 [L_DSIA_D0_N] of J201 on F.Cu
    @(144.2000 mm, 106.7000 mm): Pad H9 [L_DSIA_D0_N] of U201 on F.Cu
[unconnected_items]: Missing connection between items
    Local override; error
    @(125.0000 mm, 104.5000 mm): Pad 12 [L_DSIA_D3_N] of J201 on F.Cu
    @(144.2000 mm, 104.1000 mm): Pad D9 [L_DSIA_D3_N] of U201 on F.Cu
[unconnected_items]: Missing connection between items
    Local override; error
    @(125.3500 mm, 104.5000 mm): Pad 13 [L_DSIA_D0_P] of J201 on F.Cu
    @(144.8500 mm, 106.7000 mm): Pad H10 [L_DSIA_D0_P] of U201 on F.Cu
[unconnected_items]: Missing connection between items
    Local override; error
    @(125.7000 mm, 104.5000 mm): Pad 14 [L_DSIA_D3_P] of J201 on F.Cu
    @(144.8500 mm, 104.1000 mm): Pad D10 [L_DSIA_D3_P] of U201 on F.Cu
[unconnected_items]: Missing connection between items
    Local override; error
    @(126.7500 mm, 104.5000 mm): Pad 17 [L_DSIA_D1_N] of J201 on F.Cu
    @(144.2000 mm, 106.0500 mm): Pad G9 [L_DSIA_D1_N] of U201 on F.Cu
[unconnected_items]: Missing connection between items
    Local override; error
    @(127.1000 mm, 104.5000 mm): Pad 18 [L_DSIA_CLK_N] of J201 on F.Cu
    @(144.2000 mm, 105.4000 mm): Pad F9 [L_DSIA_CLK_N] of U201 on F.Cu
[unconnected_items]: Missing connection between items
    Local override; error
    @(127.4500 mm, 104.5000 mm): Pad 19 [L_DSIA_D1_P] of J201 on F.Cu
    @(144.8500 mm, 106.0500 mm): Pad G10 [L_DSIA_D1_P] of U201 on F.Cu
[unconnected_items]: Missing connection between items
    Local override; error
    @(127.8000 mm, 104.5000 mm): Pad 20 [L_DSIA_CLK_P] of J201 on F.Cu
    @(144.8500 mm, 105.4000 mm): Pad F10 [L_DSIA_CLK_P] of U201 on F.Cu
[unconnected_items]: Missing connection between items
    Local override; error
    @(128.8500 mm, 104.5000 mm): Pad 23 [L_DSIB_D2_P] of J201 on F.Cu
    @(142.2500 mm, 102.1500 mm): Pad A6 [L_DSIB_D2_P] of U201 on F.Cu
[unconnected_items]: Missing connection between items
    Local override; error
    @(129.2000 mm, 104.5000 mm): Pad 24 [L_DSIA_D2_N] of J201 on F.Cu
    @(144.2000 mm, 104.7500 mm): Pad E9 [L_DSIA_D2_N] of U201 on F.Cu
[unconnected_items]: Missing connection between items
    Local override; error
    @(129.5500 mm, 104.5000 mm): Pad 25 [L_DSIB_D2_N] of J201 on F.Cu
    @(142.2500 mm, 102.8000 mm): Pad B6 [L_DSIB_D2_N] of U201 on F.Cu
[unconnected_items]: Missing connection between items
    Local override; error
    @(129.5500 mm, 102.9600 mm): Pad 26 [L_DSIA_D2_P] of J201 on F.Cu
    @(144.8500 mm, 104.7500 mm): Pad E10 [L_DSIA_D2_P] of U201 on F.Cu
[unconnected_items]: Missing connection between items
    Local override; error
    @(128.5000 mm, 102.9600 mm): Pad 29 [L_DSIB_CLK_P] of J201 on F.Cu
    @(142.9000 mm, 102.1500 mm): Pad A7 [L_DSIB_CLK_P] of U201 on F.Cu
[unconnected_items]: Missing connection between items
    Local override; error
    @(128.1500 mm, 102.9600 mm): Pad 30 [L_DSIB_D1_P] of J201 on F.Cu
    @(143.5500 mm, 102.1500 mm): Pad A8 [L_DSIB_D1_P] of U201 on F.Cu
[unconnected_items]: Missing connection between items
    Local override; error
    @(127.8000 mm, 102.9600 mm): Pad 31 [L_DSIB_CLK_N] of J201 on F.Cu
    @(142.9000 mm, 102.8000 mm): Pad B7 [L_DSIB_CLK_N] of U201 on F.Cu
[unconnected_items]: Missing connection between items
    Local override; error
    @(127.4500 mm, 102.9600 mm): Pad 32 [L_DSIB_D1_N] of J201 on F.Cu
    @(143.5500 mm, 102.8000 mm): Pad B8 [L_DSIB_D1_N] of U201 on F.Cu
[unconnected_items]: Missing connection between items
    Local override; error
    @(126.4000 mm, 102.9600 mm): Pad 35 [L_DSIB_D3_P] of J201 on F.Cu
    @(141.6000 mm, 102.1500 mm): Pad A5 [L_DSIB_D3_P] of U201 on F.Cu
[unconnected_items]: Missing connection between items
    Local override; error
    @(126.0500 mm, 102.9600 mm): Pad 36 [L_DSIB_D0_P] of J201 on F.Cu
    @(144.2000 mm, 102.1500 mm): Pad A9 [L_DSIB_D0_P] of U201 on F.Cu
[unconnected_items]: Missing connection between items
    Local override; error
    @(125.7000 mm, 102.9600 mm): Pad 37 [L_DSIB_D3_N] of J201 on F.Cu
    @(141.6000 mm, 102.8000 mm): Pad B5 [L_DSIB_D3_N] of U201 on F.Cu
[unconnected_items]: Missing connection between items
    Local override; error
    @(125.3500 mm, 102.9600 mm): Pad 38 [L_DSIB_D0_N] of J201 on F.Cu
    @(144.2000 mm, 102.8000 mm): Pad B9 [L_DSIB_D0_N] of U201 on F.Cu
[unconnected_items]: Missing connection between items
    Local override; error
    @(213.5000 mm, 104.5000 mm): Pad 41 [LED_BOOST] of J202 on F.Cu
    @(218.5000 mm, 111.1500 mm): Pad 1 [LED_BOOST] of D201 on B.Cu
[unconnected_items]: Missing connection between items
    Local override; error
    @(213.5000 mm, 104.5000 mm): Pad 41 [LED_BOOST] of J202 on F.Cu
    @(124.3000 mm, 102.9600 mm): Pad 41 [LED_BOOST] of J201 on F.Cu
[unconnected_items]: Missing connection between items
    Local override; error
    @(218.4800 mm, 120.0000 mm): Pad 1 [LED_BOOST] of C282 on B.Cu
    @(221.4800 mm, 120.0000 mm): Pad 1 [LED_BOOST] of C283 on B.Cu
[unconnected_items]: Missing connection between items
    Local override; error
    @(218.5000 mm, 111.1500 mm): Pad 1 [LED_BOOST] of D201 on B.Cu
    @(218.4800 mm, 120.0000 mm): Pad 1 [LED_BOOST] of C282 on B.Cu
[unconnected_items]: Missing connection between items
    Local override; error
    @(221.4800 mm, 120.0000 mm): Pad 1 [LED_BOOST] of C283 on B.Cu
    @(232.5100 mm, 111.5000 mm): Pad 1 [LED_BOOST] of R282 on B.Cu
[unconnected_items]: Missing connection between items
    Local override; error
    @(109.9900 mm, 100.5000 mm): Pad 1 [L_LCD_RESET] of R260 on F.Cu
    @(123.9500 mm, 102.9600 mm): Pad 42 [L_LCD_RESET] of J201 on F.Cu
[unconnected_items]: Missing connection between items
    Local override; error
    @(123.9500 mm, 102.9600 mm): Pad 42 [L_LCD_RESET] of J201 on F.Cu
    @(212.8625 mm, 102.9750 mm): Pad 8 [L_LCD_RESET] of U210 on B.Cu
[unconnected_items]: Missing connection between items
    Local override; error
    @(123.2500 mm, 102.9600 mm): Pad 44 [L_LCD_TE] of J201 on F.Cu
    @(124.5000 mm, 107.5000 mm): Pad 1 [L_LCD_TE] of TP261 on F.Cu
[unconnected_items]: Missing connection between items
    Local override; error
    @(124.5000 mm, 107.5000 mm): Pad 1 [L_LCD_TE] of TP261 on F.Cu
    @(212.8625 mm, 104.2750 mm): Pad 10 [L_LCD_TE] of U210 on B.Cu
[unconnected_items]: Missing connection between items
    Local override; error
    @(122.9000 mm, 102.9600 mm): Pad 45 [L_LED1_N] of J201 on F.Cu
    @(223.7500 mm, 113.2125 mm): Pad 15 [L_LED1_N] of U208 on B.Cu
[unconnected_items]: Missing connection between items
    Local override; error
    @(122.2000 mm, 102.9600 mm): Pad 47 [L_LED2_N] of J201 on F.Cu
    @(223.2500 mm, 113.2125 mm): Pad 14 [L_LED2_N] of U208 on B.Cu
[unconnected_items]: Missing connection between items
    Local override; error
    @(115.0000 mm, 101.0000 mm): Pad 1 [L_LCD_LEDPWM] of TP262 on F.Cu
    @(110.0000 mm, 102.0000 mm): Pad 1 [L_LCD_LEDPWM] of R261 on F.Cu
[unconnected_items]: Missing connection between items
    Local override; error
    @(121.8500 mm, 102.9600 mm): Pad 48 [L_LCD_LEDPWM] of J201 on F.Cu
    @(115.0000 mm, 101.0000 mm): Pad 1 [L_LCD_LEDPWM] of TP262 on F.Cu
[unconnected_items]: Missing connection between items
    Local override; error
    @(121.8500 mm, 102.9600 mm): Pad 48 [L_LCD_LEDPWM] of J201 on F.Cu
    @(207.1375 mm, 104.9250 mm): Pad 14 [L_LCD_LEDPWM] of U210 on B.Cu
[unconnected_items]: Missing connection between items
    Local override; error
    @(121.5000 mm, 102.9600 mm): Pad 49 [L_LED3_N] of J201 on F.Cu
    @(222.7500 mm, 113.2125 mm): Pad 13 [L_LED3_N] of U208 on B.Cu
[unconnected_items]: Missing connection between items
    Local override; error
    @(127.9800 mm, 106.5000 mm): Pad 1 [L_REXT] of R2010 on F.Cu
    @(139.0000 mm, 102.1500 mm): Pad A1 [L_REXT] of U201 on F.Cu
[unconnected_items]: Missing connection between items
    Local override; error
    @(139.6500 mm, 102.1500 mm): Pad A2 [HDMI_L_CEC] of U201 on F.Cu
    @(166.3000 mm, 96.3800 mm): Pad 151 [HDMI_L_CEC] of Module1 on B.Cu
[unconnected_items]: Missing connection between items
    Local override; error
    @(140.3000 mm, 102.1500 mm): Pad A3 [HDMI_L_DDC_SCL] of U201 on F.Cu
    @(156.7000 mm, 93.3000 mm): Pad 200 [HDMI_L_DDC_SCL] of Module1 on B.Cu
[unconnected_items]: Missing connection between items
    Local override; error
    @(140.9500 mm, 102.1500 mm): Pad A4 [L_HPDI] of U201 on F.Cu
    @(127.9800 mm, 107.7000 mm): Pad 1 [L_HPDI] of R2011 on F.Cu
[unconnected_items]: Missing connection between items
    Local override; error
    @(207.1375 mm, 103.6250 mm): Pad 16 [L_HPDI] of U210 on B.Cu
    @(140.9500 mm, 102.1500 mm): Pad A4 [L_HPDI] of U201 on F.Cu
[unconnected_items]: Missing connection between items
    Local override; error
    @(139.6500 mm, 102.8000 mm): Pad B2 [L_1V15_HDMI] of U201 on F.Cu
    @(139.6500 mm, 106.0500 mm): Pad G2 [L_1V15_HDMI] of U201 on F.Cu
[unconnected_items]: Missing connection between items
    Local override; error
    @(139.6500 mm, 106.0500 mm): Pad G2 [L_1V15_HDMI] of U201 on F.Cu
    @(142.5750 mm, 117.0000 mm): Pad 2 [L_1V15_HDMI] of FB2014 on F.Cu
[unconnected_items]: Missing connection between items
    Local override; error
    @(142.5750 mm, 117.0000 mm): Pad 2 [L_1V15_HDMI] of FB2014 on F.Cu
    @(150.0400 mm, 111.0000 mm): Pad 1 [L_1V15_HDMI] of C2014 on F.Cu
[unconnected_items]: Missing connection between items
    Local override; error
    @(140.3000 mm, 102.8000 mm): Pad B3 [HDMI_L_DDC_SDA] of U201 on F.Cu
    @(156.7000 mm, 96.3800 mm): Pad 199 [HDMI_L_DDC_SDA] of Module1 on B.Cu
[unconnected_items]: Missing connection between items
    Local override; error
    @(140.9500 mm, 102.8000 mm): Pad B4 [HDMI_L_HPD] of U201 on F.Cu
    @(165.9000 mm, 96.3800 mm): Pad 153 [HDMI_L_HPD] of Module1 on B.Cu
[unconnected_items]: Missing connection between items
    Local override; error
    @(144.8500 mm, 102.8000 mm): Pad B10 [L_1V2_MIPI1] of U201 on F.Cu
    @(139.0750 mm, 120.5000 mm): Pad 2 [L_1V2_MIPI1] of FB2017 on F.Cu
[unconnected_items]: Missing connection between items
    Local override; error
    @(150.0000 mm, 103.5000 mm): Pad 1 [L_1V2_MIPI1] of C2017 on F.Cu
    @(144.8500 mm, 102.8000 mm): Pad B10 [L_1V2_MIPI1] of U201 on F.Cu
[unconnected_items]: Missing connection between items
    Local override; error
    @(139.0000 mm, 103.4500 mm): Pad C1 [HDMI_L_CLK_P] of U201 on F.Cu
    @(159.1000 mm, 93.3000 mm): Pad 188 [HDMI_L_CLK_P] of Module1 on B.Cu
[unconnected_items]: Missing connection between items
    Local override; error
    @(139.6500 mm, 103.4500 mm): Pad C2 [HDMI_L_CLK_N] of U201 on F.Cu
    @(158.7000 mm, 93.3000 mm): Pad 190 [HDMI_L_CLK_N] of Module1 on B.Cu
[unconnected_items]: Missing connection between items
    Local override; error
    @(142.2500 mm, 108.0000 mm): Pad K6 [L_1V15_CORE] of U201 on F.Cu
    @(147.9400 mm, 112.0000 mm): Pad 1 [L_1V15_CORE] of C2015 on F.Cu
[unconnected_items]: Missing connection between items
    Local override; error
    @(142.2500 mm, 108.0000 mm): Pad K6 [L_1V15_CORE] of U201 on F.Cu
    @(139.0750 mm, 118.5000 mm): Pad 2 [L_1V15_CORE] of FB2015 on F.Cu
[unconnected_items]: Missing connection between items
    Local override; error
    @(144.8500 mm, 103.4500 mm): Pad C10 [L_1V15_CORE] of U201 on F.Cu
    @(142.2500 mm, 108.0000 mm): Pad K6 [L_1V15_CORE] of U201 on F.Cu
[unconnected_items]: Missing connection between items
    Local override; error
    @(157.4500 mm, 101.5000 mm): Pad 1 [L_1V15_CORE] of C20122 on F.Cu
    @(144.8500 mm, 103.4500 mm): Pad C10 [L_1V15_CORE] of U201 on F.Cu
[unconnected_items]: Missing connection between items
    Local override; error
    @(139.0000 mm, 104.1000 mm): Pad D1 [HDMI_L_D0_P] of U201 on F.Cu
    @(160.3000 mm, 93.3000 mm): Pad 182 [HDMI_L_D0_P] of Module1 on B.Cu
[unconnected_items]: Missing connection between items
    Local override; error
    @(139.6500 mm, 104.1000 mm): Pad D2 [HDMI_L_D0_N] of U201 on F.Cu
    @(159.9000 mm, 93.3000 mm): Pad 184 [HDMI_L_D0_N] of Module1 on B.Cu
[unconnected_items]: Missing connection between items
    Local override; error
    @(139.0000 mm, 104.7500 mm): Pad E1 [HDMI_L_D1_P] of U201 on F.Cu
    @(161.5000 mm, 93.3000 mm): Pad 176 [HDMI_L_D1_P] of Module1 on B.Cu
[unconnected_items]: Missing connection between items
    Local override; error
    @(139.6500 mm, 104.7500 mm): Pad E2 [HDMI_L_D1_N] of U201 on F.Cu
    @(161.1000 mm, 93.3000 mm): Pad 178 [HDMI_L_D1_N] of Module1 on B.Cu
[unconnected_items]: Missing connection between items
    Local override; error
    @(139.0000 mm, 105.4000 mm): Pad F1 [HDMI_L_D2_P] of U201 on F.Cu
    @(162.7000 mm, 93.3000 mm): Pad 170 [HDMI_L_D2_P] of Module1 on B.Cu
[unconnected_items]: Missing connection between items
    Local override; error
    @(139.6500 mm, 105.4000 mm): Pad F2 [HDMI_L_D2_N] of U201 on F.Cu
    @(162.3000 mm, 93.3000 mm): Pad 172 [HDMI_L_D2_N] of Module1 on B.Cu
[unconnected_items]: Missing connection between items
    Local override; error
    @(139.6500 mm, 106.7000 mm): Pad H2 [L_3V3_IO] of U201 on F.Cu
    @(142.5750 mm, 115.0000 mm): Pad 2 [L_3V3_IO] of FB2012 on F.Cu
[unconnected_items]: Missing connection between items
    Local override; error
    @(142.5750 mm, 115.0000 mm): Pad 2 [L_3V3_IO] of FB2012 on F.Cu
    @(150.0400 mm, 110.0000 mm): Pad 1 [L_3V3_IO] of C2012 on F.Cu
[unconnected_items]: Missing connection between items
    Local override; error
    @(130.0100 mm, 106.5000 mm): Pad 1 [L_BIASDA] of C20130 on F.Cu
    @(139.0000 mm, 107.3500 mm): Pad J1 [L_BIASDA] of U201 on F.Cu
[unconnected_items]: Missing connection between items
    Local override; error
    @(140.3000 mm, 107.3500 mm): Pad J3 [L_BRIDGE_INT] of U201 on F.Cu
    @(127.9800 mm, 108.9000 mm): Pad 1 [L_BRIDGE_INT] of R2012 on F.Cu
[unconnected_items]: Missing connection between items
    Local override; error
    @(212.8625 mm, 101.6750 mm): Pad 6 [L_BRIDGE_INT] of U210 on B.Cu
    @(140.3000 mm, 107.3500 mm): Pad J3 [L_BRIDGE_INT] of U201 on F.Cu
[unconnected_items]: Missing connection between items
    Local override; error
    @(142.9000 mm, 107.3500 mm): Pad J7 [L_1V8_IO] of U201 on F.Cu
    @(139.0750 mm, 116.5000 mm): Pad 2 [L_1V8_IO] of FB2013 on F.Cu
[unconnected_items]: Missing connection between items
    Local override; error
    @(147.9400 mm, 111.0000 mm): Pad 1 [L_1V8_IO] of C2013 on F.Cu
    @(142.9000 mm, 107.3500 mm): Pad J7 [L_1V8_IO] of U201 on F.Cu
[unconnected_items]: Missing connection between items
    Local override; error
    @(151.2250 mm, 116.5000 mm): Pad 1 [L_1V8_IO] of C20121 on F.Cu
    @(147.9400 mm, 111.0000 mm): Pad 1 [L_1V8_IO] of C2013 on F.Cu
[unconnected_items]: Missing connection between items
    Local override; error
    @(142.5750 mm, 119.0000 mm): Pad 2 [L_1V2_MIPI0] of FB2016 on F.Cu
    @(150.0400 mm, 112.0000 mm): Pad 1 [L_1V2_MIPI0] of C2016 on F.Cu
[unconnected_items]: Missing connection between items
    Local override; error
    @(150.0400 mm, 112.0000 mm): Pad 1 [L_1V2_MIPI0] of C2016 on F.Cu
    @(144.8500 mm, 107.3500 mm): Pad J10 [L_1V2_MIPI0] of U201 on F.Cu
[unconnected_items]: Missing connection between items
    Local override; error
    @(150.0400 mm, 112.0000 mm): Pad 1 [L_1V2_MIPI0] of C2016 on F.Cu
    @(157.4500 mm, 103.5000 mm): Pad 1 [L_1V2_MIPI0] of C20123 on F.Cu
[unconnected_items]: Missing connection between items
    Local override; error
    @(130.0100 mm, 107.7000 mm): Pad 1 [L_PCKIN] of C20131 on F.Cu
    @(139.0000 mm, 108.0000 mm): Pad K1 [L_PCKIN] of U201 on F.Cu
[unconnected_items]: Missing connection between items
    Local override; error
    @(130.0100 mm, 108.9000 mm): Pad 1 [L_PFIL] of C20132 on F.Cu
    @(139.6500 mm, 108.0000 mm): Pad K2 [L_PFIL] of U201 on F.Cu
[unconnected_items]: Missing connection between items
    Local override; error
    @(176.5000 mm, 98.5000 mm): Pad 1 [DISPLAY_I2C_SDA_1V8] of TP210 on F.Cu
    @(140.3000 mm, 108.0000 mm): Pad K3 [DISPLAY_I2C_SDA_1V8] of U201 on F.Cu
[unconnected_items]: Missing connection between items
    Local override; error
    @(192.8000 mm, 103.5000 mm): Pad K3 [DISPLAY_I2C_SDA_1V8] of U202 on F.Cu
    @(197.8500 mm, 102.3250 mm): Pad 6 [DISPLAY_I2C_SDA_1V8] of U209 on B.Cu
[unconnected_items]: Missing connection between items
    Local override; error
    @(192.8000 mm, 103.5000 mm): Pad K3 [DISPLAY_I2C_SDA_1V8] of U202 on F.Cu
    @(176.5000 mm, 98.5000 mm): Pad 1 [DISPLAY_I2C_SDA_1V8] of TP210 on F.Cu
[unconnected_items]: Missing connection between items
    Local override; error
    @(197.8500 mm, 102.3250 mm): Pad 6 [DISPLAY_I2C_SDA_1V8] of U209 on B.Cu
    @(201.0000 mm, 107.0100 mm): Pad 1 [DISPLAY_I2C_SDA_1V8] of R292 on B.Cu
[unconnected_items]: Missing connection between items
    Local override; error
    @(197.8500 mm, 102.3250 mm): Pad 6 [DISPLAY_I2C_SDA_1V8] of U209 on B.Cu
    @(207.1375 mm, 99.0750 mm): Pad 23 [DISPLAY_I2C_SDA_1V8] of U210 on B.Cu
[unconnected_items]: Missing connection between items
    Local override; error
    @(202.0000 mm, 116.0000 mm): Pad C2 [DISPLAY_I2C_SDA_1V8] of U207 on B.Cu
    @(201.0000 mm, 107.0100 mm): Pad 1 [DISPLAY_I2C_SDA_1V8] of R292 on B.Cu
[unconnected_items]: Missing connection between items
    Local override; error
    @(181.5000 mm, 99.5000 mm): Pad 1 [DISPLAY_I2C_SCL_1V8] of TP211 on F.Cu
    @(140.9500 mm, 108.0000 mm): Pad K4 [DISPLAY_I2C_SCL_1V8] of U201 on F.Cu
[unconnected_items]: Missing connection between items
    Local override; error
    @(192.1500 mm, 103.5000 mm): Pad K4 [DISPLAY_I2C_SCL_1V8] of U202 on F.Cu
    @(197.8500 mm, 102.9750 mm): Pad 5 [DISPLAY_I2C_SCL_1V8] of U209 on B.Cu
[unconnected_items]: Missing connection between items
    Local override; error
    @(192.1500 mm, 103.5000 mm): Pad K4 [DISPLAY_I2C_SCL_1V8] of U202 on F.Cu
    @(181.5000 mm, 99.5000 mm): Pad 1 [DISPLAY_I2C_SCL_1V8] of TP211 on F.Cu
[unconnected_items]: Missing connection between items
    Local override; error
    @(202.0000 mm, 115.6000 mm): Pad B2 [DISPLAY_I2C_SCL_1V8] of U207 on B.Cu
    @(202.5000 mm, 107.0100 mm): Pad 1 [DISPLAY_I2C_SCL_1V8] of R293 on B.Cu
[unconnected_items]: Missing connection between items
    Local override; error
    @(202.5000 mm, 107.0100 mm): Pad 1 [DISPLAY_I2C_SCL_1V8] of R293 on B.Cu
    @(197.8500 mm, 102.9750 mm): Pad 5 [DISPLAY_I2C_SCL_1V8] of U209 on B.Cu
[unconnected_items]: Missing connection between items
    Local override; error
    @(202.5000 mm, 107.0100 mm): Pad 1 [DISPLAY_I2C_SCL_1V8] of R293 on B.Cu
    @(207.1375 mm, 99.7250 mm): Pad 22 [DISPLAY_I2C_SCL_1V8] of U210 on B.Cu
[unconnected_items]: Missing connection between items
    Local override; error
    @(143.5500 mm, 108.0000 mm): Pad K8 [L_BRIDGE_RESETN] of U201 on F.Cu
    @(212.8625 mm, 100.3750 mm): Pad 4 [L_BRIDGE_RESETN] of U210 on B.Cu
[unconnected_items]: Missing connection between items
    Local override; error
    @(120.5000 mm, 107.0000 mm): Pad 3 [L_REFCLK] of Y201 on F.Cu
    @(144.2000 mm, 108.0000 mm): Pad K9 [L_REFCLK] of U201 on F.Cu
[unconnected_items]: Missing connection between items
    Local override; error
    @(164.5000 mm, 100.4000 mm): Pad 2 [BL_PWM] of R266 on F.Cu
    @(111.0200 mm, 102.0000 mm): Pad 2 [BL_PWM] of R261 on F.Cu
[unconnected_items]: Missing connection between items
    Local override; error
    @(170.3000 mm, 130.3000 mm): Pad 31 [BL_PWM] of Module1 on B.Cu
    @(171.5000 mm, 111.0000 mm): Pad 1 [BL_PWM] of TP209 on F.Cu
[unconnected_items]: Missing connection between items
    Local override; error
    @(171.5000 mm, 111.0000 mm): Pad 1 [BL_PWM] of TP209 on F.Cu
    @(164.5000 mm, 100.4000 mm): Pad 2 [BL_PWM] of R266 on F.Cu
[unconnected_items]: Missing connection between items
    Local override; error
    @(171.5000 mm, 111.0000 mm): Pad 1 [BL_PWM] of TP209 on F.Cu
    @(222.7500 mm, 116.7875 mm): Pad 6 [BL_PWM] of U208 on B.Cu
[unconnected_items]: Missing connection between items
    Local override; error
    @(179.5000 mm, 103.2125 mm): Pad 2 [R_1V15_HDMI] of FB2024 on F.Cu
    @(169.5200 mm, 105.0000 mm): Pad 1 [R_1V15_HDMI] of C2024 on F.Cu

** Found 0 Footprint errors **

** Ignored checks **
    - Footprint has no courtyard defined
    - Track endpoint not centered on via
    - Tuning profile track geometries
    - Footprint doesn't match symbol's footprint filters
    - Footprint component type doesn't match footprint pads

** End of Report **
