** Drc report for pcb-hmd-carrier-board2-high-speed-neckdown-obstacles-v2-wide.kicad_pcb **
** Created on 2026-08-15T22:40:08 **
** Report includes: Errors, Warnings, Exclusions **

** Found 567 DRC violations **
[clearance]: Violation d'isolation (netclasse 'USB2_90R' isolation 0,2000 mm; réel 0,1605 mm)
    Rule: netclasse 'USB2_90R'; error
    @(176.3000 mm, 95.2000 mm): Track [GND] on PWR_SIG2, length 6.6228 mm
    @(175.7172 mm, 95.7105 mm): Via [USB2_SERVICE_DM] on F.Cu - B.Cu
[clearance]: Violation d'isolation (netclasse 'HDMI_MIPI_100R' isolation 0,2000 mm; réel 0,1902 mm)
    Rule: netclasse 'HDMI_MIPI_100R'; error
    @(167.7481 mm, 94.0348 mm): Via [HDMI_R_D2_P] on F.Cu - B.Cu
    @(169.6772 mm, 95.2000 mm): Track [GND] on PWR_SIG2, length 2.5027 mm
[clearance]: Violation d'isolation (netclasse 'USB3_90R' isolation 0,2000 mm; réel 0,1104 mm)
    Rule: netclasse 'USB3_90R'; error
    @(220.2000 mm, 116.5000 mm): Pad 5 [GND] of U11 on F.Cu
    @(219.6526 mm, 116.2046 mm): Track [USB3_TX_N] on F.Cu, length 0.3428 mm
[clearance]: Violation d'isolation (netclasse 'USB3_90R' isolation 0,2000 mm; réel 0,1104 mm)
    Rule: netclasse 'USB3_90R'; error
    @(220.2000 mm, 116.5000 mm): Pad 5 [GND] of U11 on F.Cu
    @(219.9954 mm, 116.2046 mm): Track [USB3_TX_N] on F.Cu, length 0.2893 mm
[clearance]: Violation d'isolation (netclasse 'HDMI_MIPI_100R' isolation 0,2000 mm; réel 0,1846 mm)
    Rule: netclasse 'HDMI_MIPI_100R'; error
    @(166.8926 mm, 93.4303 mm): Track [GND] on PWR_SIG2, length 0.6153 mm
    @(167.1000 mm, 93.9789 mm): Via [HDMI_R_D2_N] on F.Cu - B.Cu
[clearance]: Violation d'isolation (netclasse 'HDMI_MIPI_100R' isolation 0,2000 mm; réel 0,0724 mm)
    Rule: netclasse 'HDMI_MIPI_100R'; error
    @(141.2319 mm, 105.9967 mm): Track [HDMI_L_D2_P] on PWR_SIG2, length 0.9767 mm
    @(139.0366 mm, 106.5056 mm): Track [L_DSIA_D1_P] on PWR_SIG2, length 1.4100 mm
[clearance]: Violation d'isolation (netclasse 'PCIE_85R' (paire diff) isolation 0,1500 mm; réel 0,1150 mm)
    Rule: netclasse 'PCIE_85R' (paire diff); error
    @(172.3000 mm, 93.7867 mm): Track [PCIE_RX_P] on B.Cu, length 1.0419 mm
    @(171.9000 mm, 93.9699 mm): Via [PCIE_RX_N] on F.Cu - B.Cu
[clearance]: Violation d'isolation (netclasse 'PCIE_85R' isolation 0,2000 mm; réel 0,1087 mm)
    Rule: netclasse 'PCIE_85R'; error
    @(172.3000 mm, 93.7867 mm): Track [PCIE_RX_P] on B.Cu, length 1.0419 mm
    @(173.1000 mm, 93.9733 mm): Via [PCIE_TX_N] on F.Cu - B.Cu
[clearance]: Violation d'isolation (netclasse 'HDMI_MIPI_100R' isolation 0,2000 mm; réel 0,0587 mm)
    Rule: netclasse 'HDMI_MIPI_100R'; error
    @(140.5413 mm, 106.6873 mm): Track [HDMI_L_D2_P] on PWR_SIG2, length 2.0998 mm
    @(139.0366 mm, 106.5056 mm): Track [L_DSIA_D1_P] on PWR_SIG2, length 1.4100 mm
[clearance]: Violation d'isolation (netclasse 'HDMI_MIPI_100R' isolation 0,2000 mm; réel 0,0940 mm)
    Rule: netclasse 'HDMI_MIPI_100R'; error
    @(140.1944 mm, 106.1251 mm): Via [HDMI_L_D2_N] on F.Cu - B.Cu
    @(139.0366 mm, 106.5056 mm): Track [L_DSIA_D1_P] on PWR_SIG2, length 1.4100 mm
[clearance]: Violation d'isolation (netclasse 'HDMI_MIPI_100R' (paire diff) isolation 0,1500 mm; réel 0,1023 mm)
    Rule: netclasse 'HDMI_MIPI_100R' (paire diff); error
    @(139.3262 mm, 103.7738 mm): Track [HDMI_L_CLK_N] on F.Cu, length 0.6850 mm
    @(139.0000 mm, 103.4500 mm): Pad C1 [HDMI_L_CLK_P] of U201 on F.Cu
[clearance]: Violation d'isolation (netclasse 'HDMI_MIPI_100R' isolation 0,2000 mm; réel 0,1047 mm)
    Rule: netclasse 'HDMI_MIPI_100R'; error
    @(139.3262 mm, 103.7738 mm): Track [HDMI_L_CLK_N] on F.Cu, length 0.6850 mm
    @(139.0000 mm, 104.1000 mm): Pad D1 [HDMI_L_D0_P] of U201 on F.Cu
[clearance]: Violation d'isolation (netclasse 'HDMI_MIPI_100R' isolation 0,2000 mm; réel 0,1096 mm)
    Rule: netclasse 'HDMI_MIPI_100R'; error
    @(189.2884 mm, 105.7512 mm): Via [R_DSIA_D1_P] on F.Cu - B.Cu
    @(191.6036 mm, 106.1473 mm): Track [R_DSIA_D2_P] on PWR_SIG2, length 3.3329 mm
[clearance]: Violation d'isolation (netclasse 'HDMI_MIPI_100R' (paire diff) isolation 0,1500 mm; réel 0,0753 mm)
    Rule: netclasse 'HDMI_MIPI_100R' (paire diff); error
    @(126.0437 mm, 102.4332 mm): Track [L_DSIB_D3_N] on PWR_SIG2, length 2.2277 mm
    @(126.6111 mm, 102.3774 mm): Via [L_DSIB_D3_P] on F.Cu - B.Cu
[clearance]: Violation d'isolation (netclasse 'HDMI_MIPI_100R' isolation 0,2000 mm; réel 0,1588 mm)
    Rule: netclasse 'HDMI_MIPI_100R'; error
    @(158.4572 mm, 94.0295 mm): Via [HDMI_L_CLK_N] on F.Cu - B.Cu
    @(158.3000 mm, 93.3000 mm): Pad 192 [GND] of Module1 on B.Cu
[clearance]: Violation d'isolation (netclasse 'PCIE_85R' (paire diff) isolation 0,1500 mm; réel 0,1164 mm)
    Rule: netclasse 'PCIE_85R' (paire diff); error
    @(173.1000 mm, 93.9733 mm): Via [PCIE_TX_N] on F.Cu - B.Cu
    @(173.5000 mm, 93.7867 mm): Track [PCIE_TX_P] on B.Cu, length 0.3466 mm
[clearance]: Violation d'isolation (netclasse 'PCIE_85R' (paire diff) isolation 0,1500 mm; réel 0,0354 mm)
    Rule: netclasse 'PCIE_85R' (paire diff); error
    @(208.8604 mm, 115.7604 mm): Track [PCIE_TX_N] on F.Cu, length 0.3388 mm
    @(209.1000 mm, 115.5000 mm): Pad 7 [PCIE_TX_P] of U14 on F.Cu
[clearance]: Violation d'isolation (netclasse 'PCIE_85R' isolation 0,2000 mm; réel 0,1698 mm)
    Rule: netclasse 'PCIE_85R'; error
    @(206.8329 mm, 115.7604 mm): Via [PCIE_TX_N] on F.Cu - B.Cu
    @(207.5000 mm, 115.5000 mm): Pad 2 [GND] of C291 on B.Cu
[clearance]: Violation d'isolation (netclasse 'PCIE_85R' (paire diff) isolation 0,1500 mm; réel 0,0354 mm)
    Rule: netclasse 'PCIE_85R' (paire diff); error
    @(206.8329 mm, 115.7604 mm): Track [PCIE_TX_N] on F.Cu, length 2.0275 mm
    @(209.1000 mm, 115.5000 mm): Pad 7 [PCIE_TX_P] of U14 on F.Cu
[clearance]: Violation d'isolation (netclasse 'PCIE_85R' (paire diff) isolation 0,1500 mm; réel 0,1164 mm)
    Rule: netclasse 'PCIE_85R' (paire diff); error
    @(173.1000 mm, 93.9733 mm): Via [PCIE_TX_N] on F.Cu - B.Cu
    @(173.5000 mm, 93.3000 mm): Track [PCIE_TX_P] on B.Cu, length 0.4867 mm
[clearance]: Violation d'isolation (netclasse 'PCIE_85R' (paire diff) isolation 0,1500 mm; réel 0,1257 mm)
    Rule: netclasse 'PCIE_85R' (paire diff); error
    @(209.1000 mm, 112.5000 mm): Pad 1 [PCIE_CLK_P] of U14 on F.Cu
    @(208.9507 mm, 112.8507 mm): Track [PCIE_CLK_N] on F.Cu, length 0.2111 mm
[clearance]: Violation d'isolation (netclasse 'PCIE_85R' (paire diff) isolation 0,1500 mm; réel 0,1257 mm)
    Rule: netclasse 'PCIE_85R' (paire diff); error
    @(206.0164 mm, 112.8507 mm): Track [PCIE_CLK_N] on F.Cu, length 2.9343 mm
    @(209.1000 mm, 112.5000 mm): Pad 1 [PCIE_CLK_P] of U14 on F.Cu
[clearance]: Violation d'isolation (netclasse 'HDMI_MIPI_100R' (paire diff) isolation 0,1500 mm; réel 0,0800 mm)
    Rule: netclasse 'HDMI_MIPI_100R' (paire diff); error
    @(158.4572 mm, 94.0295 mm): Via [HDMI_L_CLK_N] on F.Cu - B.Cu
    @(158.7953 mm, 93.6630 mm): Track [HDMI_L_CLK_P] on PWR_SIG2, length 9.4352 mm
[clearance]: Violation d'isolation (netclasse 'PCIE_85R' isolation 0,2000 mm; réel 0,1586 mm)
    Rule: netclasse 'PCIE_85R'; error
    @(207.5000 mm, 112.6500 mm): Pad 1 [+5V_SYS] of L207 on B.Cu
    @(206.0164 mm, 112.8507 mm): Via [PCIE_CLK_N] on F.Cu - B.Cu
[clearance]: Violation d'isolation (netclasse 'PCIE_85R' (paire diff) isolation 0,1500 mm; réel 0,0415 mm)
    Rule: netclasse 'PCIE_85R' (paire diff); error
    @(174.8280 mm, 94.3147 mm): Via [PCIE_CLK_N] on F.Cu - B.Cu
    @(174.8632 mm, 93.9499 mm): Track [PCIE_CLK_P] on B.Cu, length 0.2308 mm
[hole_clearance]: Violation d'isolation des trous (configuration des contraintes des trous isolation 0,2000 mm; réel 0,1665 mm)
    Rule: configuration des contraintes des trous; error
    @(174.8632 mm, 93.9499 mm): Track [PCIE_CLK_P] on B.Cu, length 0.2308 mm
    @(174.8280 mm, 94.3147 mm): Via [PCIE_CLK_N] on F.Cu - B.Cu
[clearance]: Violation d'isolation (netclasse 'PCIE_85R' (paire diff) isolation 0,1500 mm; réel 0,0828 mm)
    Rule: netclasse 'PCIE_85R' (paire diff); error
    @(174.8280 mm, 94.3147 mm): Track [PCIE_CLK_N] on B.Cu, length 0.7467 mm
    @(174.8632 mm, 93.9499 mm): Track [PCIE_CLK_P] on B.Cu, length 0.2308 mm
[clearance]: Violation d'isolation (netclasse 'PCIE_85R' (paire diff) isolation 0,1500 mm; réel 0,0828 mm)
    Rule: netclasse 'PCIE_85R' (paire diff); error
    @(174.8280 mm, 94.3147 mm): Track [PCIE_CLK_N] on B.Cu, length 0.7467 mm
    @(174.7000 mm, 93.3000 mm): Track [PCIE_CLK_P] on B.Cu, length 0.4867 mm
[clearance]: Violation d'isolation (netclasse 'PCIE_85R' isolation 0,2000 mm; réel 0,1626 mm)
    Rule: netclasse 'PCIE_85R'; error
    @(176.3000 mm, 93.3000 mm): Pad 102 [PCIE_CLKREQ_N] of Module1 on B.Cu
    @(176.6456 mm, 93.9499 mm): Via [PCIE_CLK_P] on F.Cu - B.Cu
[clearance]: Violation d'isolation (netclasse 'PCIE_85R' (paire diff) isolation 0,1500 mm; réel 0,0415 mm)
    Rule: netclasse 'PCIE_85R' (paire diff); error
    @(176.6456 mm, 93.9499 mm): Track [PCIE_CLK_P] on B.Cu, length 1.7824 mm
    @(174.8280 mm, 94.3147 mm): Via [PCIE_CLK_N] on F.Cu - B.Cu
[clearance]: Violation d'isolation (netclasse 'PCIE_85R' isolation 0,2000 mm; réel 0,1607 mm)
    Rule: netclasse 'PCIE_85R'; error
    @(173.9000 mm, 93.3000 mm): Pad 114 [GND] of Module1 on B.Cu
    @(173.7451 mm, 94.0318 mm): Via [PCIE_TX_P] on F.Cu - B.Cu
[hole_clearance]: Violation d'isolation des trous (configuration des contraintes des trous isolation 0,2000 mm; réel 0,1665 mm)
    Rule: configuration des contraintes des trous; error
    @(176.6456 mm, 93.9499 mm): Track [PCIE_CLK_P] on B.Cu, length 1.7824 mm
    @(174.8280 mm, 94.3147 mm): Via [PCIE_CLK_N] on F.Cu - B.Cu
[clearance]: Violation d'isolation (netclasse 'PCIE_85R' isolation 0,2000 mm; réel 0,1864 mm)
    Rule: netclasse 'PCIE_85R'; error
    @(207.5000 mm, 112.6500 mm): Pad 1 [+5V_SYS] of L207 on B.Cu
    @(206.0176 mm, 112.2496 mm): Via [PCIE_CLK_P] on F.Cu - B.Cu
[clearance]: Violation d'isolation (netclasse 'PCIE_85R' (paire diff) isolation 0,1500 mm; réel 0,0828 mm)
    Rule: netclasse 'PCIE_85R' (paire diff); error
    @(174.8280 mm, 94.3147 mm): Track [PCIE_CLK_N] on B.Cu, length 0.7467 mm
    @(176.6456 mm, 93.9499 mm): Track [PCIE_CLK_P] on B.Cu, length 1.7824 mm
[clearance]: Violation d'isolation (netclasse 'HDMI_MIPI_100R' isolation 0,2000 mm; réel 0,1555 mm)
    Rule: netclasse 'HDMI_MIPI_100R'; error
    @(197.0000 mm, 103.5000 mm): Track [VOL_UP_GPIO24_N] on PWR_SIG1, length 31.1127 mm
    @(194.7546 mm, 106.4250 mm): Via [HDMI_R_D1_N] on F.Cu - B.Cu
[hole_clearance]: Violation d'isolation des trous (pad isolation 1,7000 mm; réel 1,5720 mm)
    Local override; error
    @(195.4295 mm, 93.5028 mm): Track [PCIE_RX_N] on PWR_SIG2, length 8.4269 mm
    @(193.0000 mm, 95.3000 mm): NPTH pad of Module1
[clearance]: Violation d'isolation (netclasse 'HDMI_MIPI_100R' isolation 0,2000 mm; réel 0,1600 mm)
    Rule: netclasse 'HDMI_MIPI_100R'; error
    @(197.0000 mm, 103.5000 mm): Track [VOL_UP_GPIO24_N] on PWR_SIG1, length 31.1127 mm
    @(196.8532 mm, 104.3327 mm): Via [R_DSIB_D2_P] on F.Cu - B.Cu
[clearance]: Violation d'isolation (netclasse 'HDMI_MIPI_100R' isolation 0,2000 mm; réel 0,1553 mm)
    Rule: netclasse 'HDMI_MIPI_100R'; error
    @(197.0000 mm, 103.5000 mm): Track [VOL_UP_GPIO24_N] on PWR_SIG1, length 31.1127 mm
    @(189.4864 mm, 110.3344 mm): Via [R_DSIB_CLK_P] on F.Cu - B.Cu
[clearance]: Violation d'isolation (netclasse 'PCIE_85R' isolation 0,2000 mm; réel 0,1455 mm)
    Rule: netclasse 'PCIE_85R'; error
    @(173.1000 mm, 93.9733 mm): Via [PCIE_TX_N] on F.Cu - B.Cu
    @(172.3671 mm, 93.5028 mm): Track [PCIE_RX_N] on PWR_SIG2, length 23.0624 mm
[clearance]: Violation d'isolation (netclasse 'PCIE_85R' isolation 0,2000 mm; réel 0,1632 mm)
    Rule: netclasse 'PCIE_85R'; error
    @(201.3882 mm, 99.4615 mm): Via [PCIE_RX_N] on F.Cu - B.Cu
    @(200.5500 mm, 99.5000 mm): Pad 2 [GND] of C7 on B.Cu
[clearance]: Violation d'isolation (netclasse 'PCIE_85R' isolation 0,2000 mm; réel 0,1221 mm)
    Rule: netclasse 'PCIE_85R'; error
    @(172.3671 mm, 93.5028 mm): Track [PCIE_RX_N] on PWR_SIG2, length 23.0624 mm
    @(176.6456 mm, 93.9499 mm): Via [PCIE_CLK_P] on F.Cu - B.Cu
[hole_clearance]: Violation d'isolation des trous (pad isolation 1,7000 mm; réel 0,3472 mm)
    Local override; error
    @(172.3671 mm, 93.5028 mm): Track [PCIE_RX_N] on PWR_SIG2, length 23.0624 mm
    @(193.0000 mm, 95.3000 mm): NPTH pad of Module1
[clearance]: Violation d'isolation (netclasse 'HDMI_MIPI_100R' isolation 0,2000 mm; réel 0,1522 mm)
    Rule: netclasse 'HDMI_MIPI_100R'; error
    @(197.0000 mm, 103.5000 mm): Track [VOL_UP_GPIO24_N] on PWR_SIG1, length 31.1127 mm
    @(188.1319 mm, 111.6932 mm): Via [HDMI_R_CLK_P] on F.Cu - B.Cu
[clearance]: Violation d'isolation (netclasse 'PCIE_85R' isolation 0,2000 mm; réel 0,0778 mm)
    Rule: netclasse 'PCIE_85R'; error
    @(207.1172 mm, 114.5000 mm): Track [PCIE_RX_USB3_N] on PWR_SIG2, length 6.0028 mm
    @(206.0164 mm, 112.8507 mm): Via [PCIE_CLK_N] on F.Cu - B.Cu
[clearance]: Violation d'isolation (netclasse 'HDMI_MIPI_100R' isolation 0,2000 mm; réel 0,1517 mm)
    Rule: netclasse 'HDMI_MIPI_100R'; error
    @(225.0000 mm, 100.0000 mm): Track [PWR_KEY_GPIO26_N] on GND1, length 28.0000 mm
    @(212.4500 mm, 99.5233 mm): Via [R_DSIA_D0_P] on F.Cu - B.Cu
[clearance]: Violation d'isolation (netclasse 'HDMI_MIPI_100R' isolation 0,2000 mm; réel 0,1618 mm)
    Rule: netclasse 'HDMI_MIPI_100R'; error
    @(212.3500 mm, 103.0000 mm): Pad 1 [SW1] of L3 on B.Cu
    @(213.7368 mm, 101.9503 mm): Via [R_DSIA_D0_N] on F.Cu - B.Cu
[clearance]: Violation d'isolation (netclasse 'HDMI_MIPI_100R' isolation 0,2000 mm; réel 0,0963 mm)
    Rule: netclasse 'HDMI_MIPI_100R'; error
    @(209.9396 mm, 102.4367 mm): Via [R_DSIA_CLK_P] on F.Cu - B.Cu
    @(210.3224 mm, 102.2743 mm): Track [R_DSIA_D1_P] on PWR_SIG2, length 0.3145 mm
[clearance]: Violation d'isolation (netclasse 'HDMI_MIPI_100R' isolation 0,2000 mm; réel 0,0917 mm)
    Rule: netclasse 'HDMI_MIPI_100R'; error
    @(209.9396 mm, 102.4367 mm): Via [R_DSIA_CLK_P] on F.Cu - B.Cu
    @(210.3224 mm, 102.5888 mm): Track [R_DSIA_D1_P] on PWR_SIG2, length 0.9899 mm
[clearance]: Violation d'isolation (netclasse 'HDMI_MIPI_100R' isolation 0,2000 mm; réel 0,1370 mm)
    Rule: netclasse 'HDMI_MIPI_100R'; error
    @(189.2884 mm, 105.7512 mm): Via [R_DSIA_D1_P] on F.Cu - B.Cu
    @(188.9000 mm, 106.1000 mm): Pad F9 [R_DSIA_CLK_N] of U202 on F.Cu
[clearance]: Violation d'isolation (netclasse 'HDMI_MIPI_100R' isolation 0,2000 mm; réel 0,0990 mm)
    Rule: netclasse 'HDMI_MIPI_100R'; error
    @(209.9402 mm, 101.8921 mm): Track [R_DSIA_D1_P] on PWR_SIG2, length 0.5405 mm
    @(209.9396 mm, 102.4367 mm): Via [R_DSIA_CLK_P] on F.Cu - B.Cu
[clearance]: Violation d'isolation (netclasse 'HDMI_MIPI_100R' (paire diff) isolation 0,1500 mm; réel 0,1065 mm)
    Rule: netclasse 'HDMI_MIPI_100R' (paire diff); error
    @(189.2884 mm, 105.7512 mm): Via [R_DSIA_D1_P] on F.Cu - B.Cu
    @(188.9000 mm, 105.4500 mm): Pad G9 [R_DSIA_D1_N] of U202 on F.Cu
[clearance]: Violation d'isolation (netclasse 'HDMI_MIPI_100R' isolation 0,2000 mm; réel 0,1923 mm)
    Rule: netclasse 'HDMI_MIPI_100R'; error
    @(188.4253 mm, 105.4500 mm): Track [R_DSIA_D1_P] on F.Cu, length 0.1753 mm
    @(187.8984 mm, 105.7750 mm): Via [R_DSIA_D2_P] on F.Cu - B.Cu
[clearance]: Violation d'isolation (netclasse 'HDMI_MIPI_100R' isolation 0,2000 mm; réel 0,0990 mm)
    Rule: netclasse 'HDMI_MIPI_100R'; error
    @(210.3500 mm, 102.3019 mm): Track [R_DSIA_D1_P] on F.Cu, length 0.5795 mm
    @(209.9396 mm, 102.4367 mm): Via [R_DSIA_CLK_P] on F.Cu - B.Cu
[clearance]: Violation d'isolation (netclasse 'HDMI_MIPI_100R' isolation 0,2000 mm; réel 0,1273 mm)
    Rule: netclasse 'HDMI_MIPI_100R'; error
    @(189.2884 mm, 105.7512 mm): Track [R_DSIA_D1_P] on F.Cu, length 0.5619 mm
    @(188.9000 mm, 106.1000 mm): Pad F9 [R_DSIA_CLK_N] of U202 on F.Cu
[clearance]: Violation d'isolation (netclasse 'HDMI_MIPI_100R' (paire diff) isolation 0,1500 mm; réel 0,0797 mm)
    Rule: netclasse 'HDMI_MIPI_100R' (paire diff); error
    @(189.2884 mm, 105.7512 mm): Track [R_DSIA_D1_P] on F.Cu, length 0.5619 mm
    @(188.9000 mm, 105.4500 mm): Pad G9 [R_DSIA_D1_N] of U202 on F.Cu
[clearance]: Violation d'isolation (netclasse 'HDMI_MIPI_100R' isolation 0,2000 mm; réel 0,1681 mm)
    Rule: netclasse 'HDMI_MIPI_100R'; error
    @(188.7265 mm, 105.7512 mm): Track [R_DSIA_D1_P] on F.Cu, length 0.4260 mm
    @(188.9000 mm, 106.1000 mm): Pad F9 [R_DSIA_CLK_N] of U202 on F.Cu
[clearance]: Violation d'isolation (netclasse 'HDMI_MIPI_100R' (paire diff) isolation 0,1500 mm; réel 0,1142 mm)
    Rule: netclasse 'HDMI_MIPI_100R' (paire diff); error
    @(188.7265 mm, 105.7512 mm): Track [R_DSIA_D1_P] on F.Cu, length 0.4260 mm
    @(188.9000 mm, 105.4500 mm): Pad G9 [R_DSIA_D1_N] of U202 on F.Cu
[clearance]: Violation d'isolation (netclasse 'HDMI_MIPI_100R' isolation 0,2000 mm; réel 0,1239 mm)
    Rule: netclasse 'HDMI_MIPI_100R'; error
    @(210.3500 mm, 102.9600 mm): Track [R_DSIA_D1_P] on F.Cu, length 0.6581 mm
    @(209.9396 mm, 102.4367 mm): Via [R_DSIA_CLK_P] on F.Cu - B.Cu
[clearance]: Violation d'isolation (netclasse 'HDMI_MIPI_100R' isolation 0,2000 mm; réel 0,1175 mm)
    Rule: netclasse 'HDMI_MIPI_100R'; error
    @(189.5261 mm, 104.2448 mm): Track [R_DSIA_D0_P] on PWR_SIG2, length 0.5237 mm
    @(189.1774 mm, 104.2534 mm): Track [R_DSIA_D1_N] on PWR_SIG2, length 2.0074 mm
[clearance]: Violation d'isolation (netclasse 'HDMI_MIPI_100R' isolation 0,2000 mm; réel 0,1555 mm)
    Rule: netclasse 'HDMI_MIPI_100R'; error
    @(210.1559 mm, 99.5228 mm): Track [R_DSIA_D3_P] on PWR_SIG2, length 0.9966 mm
    @(210.6276 mm, 100.5060 mm): Track [R_DSIA_D1_N] on PWR_SIG2, length 11.1132 mm
[clearance]: Violation d'isolation (netclasse 'HDMI_MIPI_100R' isolation 0,2000 mm; réel 0,0587 mm)
    Rule: netclasse 'HDMI_MIPI_100R'; error
    @(196.1729 mm, 104.2448 mm): Track [R_DSIA_D0_P] on PWR_SIG2, length 6.6468 mm
    @(199.5144 mm, 100.5060 mm): Track [R_DSIA_D1_N] on PWR_SIG2, length 5.0305 mm
[clearance]: Violation d'isolation (netclasse 'HDMI_MIPI_100R' isolation 0,2000 mm; réel 0,0752 mm)
    Rule: netclasse 'HDMI_MIPI_100R'; error
    @(187.7605 mm, 104.6151 mm): Via [R_DSIA_D0_P] on F.Cu - B.Cu
    @(189.1774 mm, 104.2534 mm): Track [R_DSIA_D1_N] on PWR_SIG2, length 2.0074 mm
[clearance]: Violation d'isolation (netclasse 'HDMI_MIPI_100R' isolation 0,2000 mm; réel 0,1555 mm)
    Rule: netclasse 'HDMI_MIPI_100R'; error
    @(210.6276 mm, 100.5060 mm): Track [R_DSIA_D1_N] on PWR_SIG2, length 11.1132 mm
    @(209.4512 mm, 100.2275 mm): Track [R_DSIA_D3_P] on PWR_SIG2, length 19.6969 mm
[clearance]: Violation d'isolation (netclasse 'HDMI_MIPI_100R' isolation 0,2000 mm; réel 0,0634 mm)
    Rule: netclasse 'HDMI_MIPI_100R'; error
    @(189.3677 mm, 104.0631 mm): Track [R_DSIA_D1_N] on PWR_SIG2, length 0.2691 mm
    @(177.7850 mm, 104.0717 mm): Track [HDMI_R_D2_P] on PWR_SIG2, length 11.3105 mm
[clearance]: Violation d'isolation (netclasse 'HDMI_MIPI_100R' isolation 0,2000 mm; réel 0,1493 mm)
    Rule: netclasse 'HDMI_MIPI_100R'; error
    @(195.9573 mm, 104.0631 mm): Track [R_DSIA_D1_N] on PWR_SIG2, length 6.5896 mm
    @(177.7850 mm, 104.0717 mm): Track [HDMI_R_D2_P] on PWR_SIG2, length 11.3105 mm
[clearance]: Violation d'isolation (netclasse 'HDMI_MIPI_100R' isolation 0,2000 mm; réel 0,1175 mm)
    Rule: netclasse 'HDMI_MIPI_100R'; error
    @(189.5261 mm, 104.2448 mm): Track [R_DSIA_D0_P] on PWR_SIG2, length 0.5237 mm
    @(189.3677 mm, 104.0631 mm): Track [R_DSIA_D1_N] on PWR_SIG2, length 0.2691 mm
[clearance]: Violation d'isolation (netclasse 'HDMI_MIPI_100R' isolation 0,2000 mm; réel 0,0587 mm)
    Rule: netclasse 'HDMI_MIPI_100R'; error
    @(187.1700 mm, 104.2534 mm): Track [R_DSIA_D1_N] on PWR_SIG2, length 0.5042 mm
    @(177.7850 mm, 104.0717 mm): Track [HDMI_R_D2_P] on PWR_SIG2, length 11.3105 mm
[clearance]: Violation d'isolation (netclasse 'HDMI_MIPI_100R' isolation 0,2000 mm; réel 0,1555 mm)
    Rule: netclasse 'HDMI_MIPI_100R'; error
    @(199.5144 mm, 100.5060 mm): Track [R_DSIA_D1_N] on PWR_SIG2, length 5.0305 mm
    @(209.4512 mm, 100.2275 mm): Track [R_DSIA_D3_P] on PWR_SIG2, length 19.6969 mm
[clearance]: Violation d'isolation (netclasse 'HDMI_MIPI_100R' isolation 0,2000 mm; réel 0,0587 mm)
    Rule: netclasse 'HDMI_MIPI_100R'; error
    @(195.9573 mm, 104.0631 mm): Track [R_DSIA_D1_N] on PWR_SIG2, length 6.5896 mm
    @(189.5261 mm, 104.2448 mm): Track [R_DSIA_D0_P] on PWR_SIG2, length 0.5237 mm
[clearance]: Violation d'isolation (netclasse 'HDMI_MIPI_100R' isolation 0,2000 mm; réel 0,1579 mm)
    Rule: netclasse 'HDMI_MIPI_100R'; error
    @(196.1729 mm, 104.2447 mm): Track [R_DSIA_D0_P] on PWR_SIG2, length 0.0001 mm
    @(199.5144 mm, 100.5060 mm): Track [R_DSIA_D1_N] on PWR_SIG2, length 5.0305 mm
[clearance]: Violation d'isolation (netclasse 'HDMI_MIPI_100R' isolation 0,2000 mm; réel 0,1810 mm)
    Rule: netclasse 'HDMI_MIPI_100R'; error
    @(225.0000 mm, 100.0000 mm): Track [PWR_KEY_GPIO26_N] on GND1, length 28.0000 mm
    @(210.6276 mm, 100.5060 mm): Via [R_DSIA_D1_N] on F.Cu - B.Cu
[clearance]: Violation d'isolation (netclasse 'HDMI_MIPI_100R' isolation 0,2000 mm; réel 0,1175 mm)
    Rule: netclasse 'HDMI_MIPI_100R'; error
    @(189.3677 mm, 104.0631 mm): Track [R_DSIA_D1_N] on PWR_SIG2, length 0.2691 mm
    @(196.1729 mm, 104.2448 mm): Track [R_DSIA_D0_P] on PWR_SIG2, length 6.6468 mm
[clearance]: Violation d'isolation (netclasse 'HDMI_MIPI_100R' isolation 0,2000 mm; réel 0,1579 mm)
    Rule: netclasse 'HDMI_MIPI_100R'; error
    @(199.5144 mm, 100.5060 mm): Track [R_DSIA_D1_N] on PWR_SIG2, length 5.0305 mm
    @(199.1866 mm, 101.2310 mm): Track [R_DSIA_D0_P] on PWR_SIG2, length 4.2620 mm
[clearance]: Violation d'isolation (netclasse 'HDMI_MIPI_100R' isolation 0,2000 mm; réel 0,1957 mm)
    Rule: netclasse 'HDMI_MIPI_100R'; error
    @(187.9454 mm, 104.8000 mm): Track [R_DSIA_D0_P] on F.Cu, length 0.2615 mm
    @(187.3223 mm, 105.1187 mm): Track [R_DSIA_D1_N] on F.Cu, length 1.2464 mm
[clearance]: Violation d'isolation (netclasse 'HDMI_MIPI_100R' isolation 0,2000 mm; réel 0,0587 mm)
    Rule: netclasse 'HDMI_MIPI_100R'; error
    @(195.9573 mm, 104.0631 mm): Track [R_DSIA_D1_N] on PWR_SIG2, length 6.5896 mm
    @(196.1729 mm, 104.2448 mm): Track [R_DSIA_D0_P] on PWR_SIG2, length 6.6468 mm
[clearance]: Violation d'isolation (netclasse 'HDMI_MIPI_100R' isolation 0,2000 mm; réel 0,1579 mm)
    Rule: netclasse 'HDMI_MIPI_100R'; error
    @(199.5144 mm, 100.5060 mm): Track [R_DSIA_D1_N] on PWR_SIG2, length 5.0305 mm
    @(210.7423 mm, 101.2310 mm): Track [R_DSIA_D0_P] on PWR_SIG2, length 11.5557 mm
[clearance]: Violation d'isolation (netclasse 'HDMI_MIPI_100R' isolation 0,2000 mm; réel 0,1957 mm)
    Rule: netclasse 'HDMI_MIPI_100R'; error
    @(187.3223 mm, 105.1187 mm): Track [R_DSIA_D1_N] on F.Cu, length 1.2464 mm
    @(188.2500 mm, 104.8000 mm): Track [R_DSIA_D0_P] on F.Cu, length 0.3046 mm
[clearance]: Violation d'isolation (netclasse 'HDMI_MIPI_100R' isolation 0,2000 mm; réel 0,0753 mm)
    Rule: netclasse 'HDMI_MIPI_100R'; error
    @(195.9573 mm, 104.0631 mm): Track [R_DSIA_D1_N] on PWR_SIG2, length 6.5896 mm
    @(195.5580 mm, 103.7013 mm): Via [HDMI_R_D2_P] on F.Cu - B.Cu
[clearance]: Violation d'isolation (netclasse 'HDMI_MIPI_100R' isolation 0,2000 mm; réel 0,0587 mm)
    Rule: netclasse 'HDMI_MIPI_100R'; error
    @(209.2024 mm, 101.5944 mm): Track [R_DSIA_CLK_P] on PWR_SIG2, length 10.1223 mm
    @(199.1866 mm, 101.2310 mm): Track [R_DSIA_D0_P] on PWR_SIG2, length 4.2620 mm
[clearance]: Violation d'isolation (netclasse 'HDMI_MIPI_100R' isolation 0,2000 mm; réel 0,0768 mm)
    Rule: netclasse 'HDMI_MIPI_100R'; error
    @(209.2024 mm, 101.5944 mm): Track [R_DSIA_CLK_P] on PWR_SIG2, length 10.1223 mm
    @(209.0344 mm, 101.9577 mm): Via [R_DSIB_D2_N] on F.Cu - B.Cu
[clearance]: Violation d'isolation (netclasse 'HDMI_MIPI_100R' isolation 0,2000 mm; réel 0,1589 mm)
    Rule: netclasse 'HDMI_MIPI_100R'; error
    @(195.9573 mm, 104.0631 mm): Track [R_DSIA_D1_N] on PWR_SIG2, length 6.5896 mm
    @(196.1729 mm, 104.2447 mm): Track [R_DSIA_D0_P] on PWR_SIG2, length 0.0001 mm
[clearance]: Violation d'isolation (netclasse 'HDMI_MIPI_100R' isolation 0,2000 mm; réel 0,1589 mm)
    Rule: netclasse 'HDMI_MIPI_100R'; error
    @(195.9573 mm, 104.0631 mm): Track [R_DSIA_D1_N] on PWR_SIG2, length 6.5896 mm
    @(199.1866 mm, 101.2310 mm): Track [R_DSIA_D0_P] on PWR_SIG2, length 4.2620 mm
[clearance]: Violation d'isolation (netclasse 'HDMI_MIPI_100R' isolation 0,2000 mm; réel 0,1053 mm)
    Rule: netclasse 'HDMI_MIPI_100R'; error
    @(192.7148 mm, 105.3590 mm): Track [R_DSIA_D3_N] on PWR_SIG2, length 2.2115 mm
    @(191.6036 mm, 106.1473 mm): Track [R_DSIA_D2_P] on PWR_SIG2, length 3.3329 mm
[clearance]: Violation d'isolation (netclasse 'HDMI_MIPI_100R' isolation 0,2000 mm; réel 0,0892 mm)
    Rule: netclasse 'HDMI_MIPI_100R'; error
    @(209.4710 mm, 101.8630 mm): Track [R_DSIA_CLK_P] on PWR_SIG2, length 0.3799 mm
    @(209.0344 mm, 101.9577 mm): Via [R_DSIB_D2_N] on F.Cu - B.Cu
[clearance]: Violation d'isolation (netclasse 'HDMI_MIPI_100R' isolation 0,2000 mm; réel 0,0877 mm)
    Rule: netclasse 'HDMI_MIPI_100R'; error
    @(209.9396 mm, 102.4030 mm): Track [R_DSIA_CLK_P] on PWR_SIG2, length 0.6627 mm
    @(209.3874 mm, 102.3800 mm): Via [R_DSIA_D2_N] on F.Cu - B.Cu
[clearance]: Violation d'isolation (netclasse 'HDMI_MIPI_100R' isolation 0,2000 mm; réel 0,1836 mm)
    Rule: netclasse 'HDMI_MIPI_100R'; error
    @(209.9402 mm, 101.8921 mm): Via [R_DSIA_D1_P] on F.Cu - B.Cu
    @(209.4710 mm, 101.8630 mm): Track [R_DSIA_CLK_P] on PWR_SIG2, length 0.3799 mm
[clearance]: Violation d'isolation (netclasse 'HDMI_MIPI_100R' (paire diff) isolation 0,1500 mm; réel 0,1098 mm)
    Rule: netclasse 'HDMI_MIPI_100R' (paire diff); error
    @(188.2500 mm, 105.4500 mm): Pad G10 [R_DSIA_D1_P] of U202 on F.Cu
    @(187.3223 mm, 105.1187 mm): Track [R_DSIA_D1_N] on F.Cu, length 1.2464 mm
[clearance]: Violation d'isolation (netclasse 'HDMI_MIPI_100R' isolation 0,2000 mm; réel 0,1669 mm)
    Rule: netclasse 'HDMI_MIPI_100R'; error
    @(209.4710 mm, 101.9344 mm): Track [R_DSIA_CLK_P] on PWR_SIG2, length 0.0714 mm
    @(209.3874 mm, 102.3800 mm): Via [R_DSIA_D2_N] on F.Cu - B.Cu
[clearance]: Violation d'isolation (netclasse 'HDMI_MIPI_100R' isolation 0,2000 mm; réel 0,0587 mm)
    Rule: netclasse 'HDMI_MIPI_100R'; error
    @(196.2535 mm, 104.4265 mm): Track [R_DSIA_CLK_P] on PWR_SIG2, length 3.8907 mm
    @(196.1729 mm, 104.2448 mm): Track [R_DSIA_D0_P] on PWR_SIG2, length 6.6468 mm
[clearance]: Violation d'isolation (netclasse 'HDMI_MIPI_100R' isolation 0,2000 mm; réel 0,0625 mm)
    Rule: netclasse 'HDMI_MIPI_100R'; error
    @(196.4915 mm, 104.1885 mm): Track [R_DSIA_CLK_P] on PWR_SIG2, length 0.3366 mm
    @(196.1729 mm, 104.2448 mm): Track [R_DSIA_D0_P] on PWR_SIG2, length 6.6468 mm
[clearance]: Violation d'isolation (netclasse 'HDMI_MIPI_100R' isolation 0,2000 mm; réel 0,1029 mm)
    Rule: netclasse 'HDMI_MIPI_100R'; error
    @(196.4915 mm, 104.1885 mm): Track [R_DSIA_CLK_P] on PWR_SIG2, length 0.3366 mm
    @(196.8532 mm, 104.3327 mm): Via [R_DSIB_D2_P] on F.Cu - B.Cu
[clearance]: Violation d'isolation (netclasse 'HDMI_MIPI_100R' isolation 0,2000 mm; réel 0,0972 mm)
    Rule: netclasse 'HDMI_MIPI_100R'; error
    @(188.2500 mm, 104.8000 mm): Pad H10 [R_DSIA_D0_P] of U202 on F.Cu
    @(187.3223 mm, 105.1187 mm): Track [R_DSIA_D1_N] on F.Cu, length 1.2464 mm
[clearance]: Violation d'isolation (netclasse 'HDMI_MIPI_100R' isolation 0,2000 mm; réel 0,1452 mm)
    Rule: netclasse 'HDMI_MIPI_100R'; error
    @(196.2535 mm, 104.4265 mm): Track [R_DSIA_CLK_P] on PWR_SIG2, length 3.8907 mm
    @(192.3517 mm, 104.6945 mm): Track [R_DSIA_D2_N] on PWR_SIG2, length 0.9782 mm
[clearance]: Violation d'isolation (netclasse 'HDMI_MIPI_100R' isolation 0,2000 mm; réel 0,1507 mm)
    Rule: netclasse 'HDMI_MIPI_100R'; error
    @(209.9396 mm, 102.4030 mm): Track [R_DSIA_CLK_P] on PWR_SIG2, length 0.6627 mm
    @(209.0344 mm, 101.9577 mm): Via [R_DSIB_D2_N] on F.Cu - B.Cu
[clearance]: Violation d'isolation (netclasse 'HDMI_MIPI_100R' isolation 0,2000 mm; réel 0,0587 mm)
    Rule: netclasse 'HDMI_MIPI_100R'; error
    @(192.3517 mm, 104.6945 mm): Track [R_DSIA_D2_N] on PWR_SIG2, length 0.9782 mm
    @(191.5848 mm, 105.2045 mm): Track [R_DSIA_CLK_P] on PWR_SIG2, length 3.9149 mm
[clearance]: Violation d'isolation (netclasse 'HDMI_MIPI_100R' isolation 0,2000 mm; réel 0,1507 mm)
    Rule: netclasse 'HDMI_MIPI_100R'; error
    @(209.4710 mm, 101.9344 mm): Track [R_DSIA_CLK_P] on PWR_SIG2, length 0.0714 mm
    @(209.0344 mm, 101.9577 mm): Via [R_DSIB_D2_N] on F.Cu - B.Cu
[clearance]: Violation d'isolation (netclasse 'HDMI_MIPI_100R' isolation 0,2000 mm; réel 0,1323 mm)
    Rule: netclasse 'HDMI_MIPI_100R'; error
    @(191.4919 mm, 104.7857 mm): Via [HDMI_R_D2_N] on F.Cu - B.Cu
    @(191.5848 mm, 105.2045 mm): Track [R_DSIA_CLK_P] on PWR_SIG2, length 3.9149 mm
[clearance]: Violation d'isolation (netclasse 'HDMI_MIPI_100R' isolation 0,2000 mm; réel 0,0752 mm)
    Rule: netclasse 'HDMI_MIPI_100R'; error
    @(209.9402 mm, 101.8921 mm): Via [R_DSIA_D1_P] on F.Cu - B.Cu
    @(209.9396 mm, 102.4030 mm): Track [R_DSIA_CLK_P] on PWR_SIG2, length 0.6627 mm
[clearance]: Violation d'isolation (netclasse 'HDMI_MIPI_100R' isolation 0,2000 mm; réel 0,1047 mm)
    Rule: netclasse 'HDMI_MIPI_100R'; error
    @(191.3008 mm, 104.9768 mm): Track [HDMI_R_D2_N] on PWR_SIG2, length 0.2703 mm
    @(191.5848 mm, 105.2045 mm): Track [R_DSIA_CLK_P] on PWR_SIG2, length 3.9149 mm
[clearance]: Violation d'isolation (netclasse 'HDMI_MIPI_100R' isolation 0,2000 mm; réel 0,1029 mm)
    Rule: netclasse 'HDMI_MIPI_100R'; error
    @(196.4915 mm, 104.1830 mm): Track [R_DSIA_CLK_P] on PWR_SIG2, length 0.0055 mm
    @(196.8532 mm, 104.3327 mm): Via [R_DSIB_D2_P] on F.Cu - B.Cu
[clearance]: Violation d'isolation (netclasse 'HDMI_MIPI_100R' isolation 0,2000 mm; réel 0,1827 mm)
    Rule: netclasse 'HDMI_MIPI_100R'; error
    @(209.9402 mm, 101.8921 mm): Via [R_DSIA_D1_P] on F.Cu - B.Cu
    @(209.4710 mm, 101.9344 mm): Track [R_DSIA_CLK_P] on PWR_SIG2, length 0.0714 mm
[clearance]: Violation d'isolation (netclasse 'HDMI_MIPI_100R' isolation 0,2000 mm; réel 0,0625 mm)
    Rule: netclasse 'HDMI_MIPI_100R'; error
    @(196.4915 mm, 104.1885 mm): Track [R_DSIA_CLK_P] on PWR_SIG2, length 0.3366 mm
    @(196.1729 mm, 104.2447 mm): Track [R_DSIA_D0_P] on PWR_SIG2, length 0.0001 mm
[clearance]: Violation d'isolation (netclasse 'HDMI_MIPI_100R' isolation 0,2000 mm; réel 0,0625 mm)
    Rule: netclasse 'HDMI_MIPI_100R'; error
    @(196.4915 mm, 104.1885 mm): Track [R_DSIA_CLK_P] on PWR_SIG2, length 0.3366 mm
    @(199.1866 mm, 101.2310 mm): Track [R_DSIA_D0_P] on PWR_SIG2, length 4.2620 mm
[clearance]: Violation d'isolation (netclasse 'HDMI_MIPI_100R' isolation 0,2000 mm; réel 0,1047 mm)
    Rule: netclasse 'HDMI_MIPI_100R'; error
    @(187.6699 mm, 105.2045 mm): Track [R_DSIA_CLK_P] on PWR_SIG2, length 0.7082 mm
    @(178.0979 mm, 104.9768 mm): Track [HDMI_R_D2_N] on PWR_SIG2, length 13.2029 mm
[clearance]: Violation d'isolation (netclasse 'HDMI_MIPI_100R' isolation 0,2000 mm; réel 0,0587 mm)
    Rule: netclasse 'HDMI_MIPI_100R'; error
    @(196.2535 mm, 104.4265 mm): Track [R_DSIA_CLK_P] on PWR_SIG2, length 3.8907 mm
    @(196.1729 mm, 104.2447 mm): Track [R_DSIA_D0_P] on PWR_SIG2, length 0.0001 mm
[clearance]: Violation d'isolation (netclasse 'HDMI_MIPI_100R' isolation 0,2000 mm; réel 0,1450 mm)
    Rule: netclasse 'HDMI_MIPI_100R'; error
    @(196.4915 mm, 104.1885 mm): Track [R_DSIA_CLK_P] on PWR_SIG2, length 0.3366 mm
    @(206.8160 mm, 104.6945 mm): Track [R_DSIA_D2_N] on PWR_SIG2, length 14.4643 mm
[clearance]: Violation d'isolation (netclasse 'HDMI_MIPI_100R' isolation 0,2000 mm; réel 0,0588 mm)
    Rule: netclasse 'HDMI_MIPI_100R'; error
    @(196.2535 mm, 104.4265 mm): Track [R_DSIA_CLK_P] on PWR_SIG2, length 3.8907 mm
    @(199.1866 mm, 101.2310 mm): Track [R_DSIA_D0_P] on PWR_SIG2, length 4.2620 mm
[clearance]: Violation d'isolation (netclasse 'HDMI_MIPI_100R' isolation 0,2000 mm; réel 0,0587 mm)
    Rule: netclasse 'HDMI_MIPI_100R'; error
    @(192.3628 mm, 104.4265 mm): Track [R_DSIA_CLK_P] on PWR_SIG2, length 1.1003 mm
    @(191.6600 mm, 105.3862 mm): Track [R_DSIA_D2_N] on PWR_SIG2, length 3.9046 mm
[clearance]: Violation d'isolation (netclasse 'HDMI_MIPI_100R' isolation 0,2000 mm; réel 0,0751 mm)
    Rule: netclasse 'HDMI_MIPI_100R'; error
    @(199.0801 mm, 101.5944 mm): Track [R_DSIA_CLK_P] on PWR_SIG2, length 3.6608 mm
    @(196.8532 mm, 104.3327 mm): Via [R_DSIB_D2_P] on F.Cu - B.Cu
[clearance]: Violation d'isolation (netclasse 'HDMI_MIPI_100R' isolation 0,2000 mm; réel 0,0587 mm)
    Rule: netclasse 'HDMI_MIPI_100R'; error
    @(196.4915 mm, 104.1830 mm): Track [R_DSIA_CLK_P] on PWR_SIG2, length 0.0055 mm
    @(199.1866 mm, 101.2310 mm): Track [R_DSIA_D0_P] on PWR_SIG2, length 4.2620 mm
[clearance]: Violation d'isolation (netclasse 'HDMI_MIPI_100R' isolation 0,2000 mm; réel 0,1450 mm)
    Rule: netclasse 'HDMI_MIPI_100R'; error
    @(196.2535 mm, 104.4265 mm): Track [R_DSIA_CLK_P] on PWR_SIG2, length 3.8907 mm
    @(206.8160 mm, 104.6945 mm): Track [R_DSIA_D2_N] on PWR_SIG2, length 14.4643 mm
[clearance]: Violation d'isolation (netclasse 'HDMI_MIPI_100R' isolation 0,2000 mm; réel 0,0946 mm)
    Rule: netclasse 'HDMI_MIPI_100R'; error
    @(209.9402 mm, 101.8921 mm): Via [R_DSIA_D1_P] on F.Cu - B.Cu
    @(209.9396 mm, 102.4367 mm): Via [R_DSIA_CLK_P] on F.Cu - B.Cu
[clearance]: Violation d'isolation (netclasse 'HDMI_MIPI_100R' isolation 0,2000 mm; réel 0,0587 mm)
    Rule: netclasse 'HDMI_MIPI_100R'; error
    @(192.3628 mm, 104.4265 mm): Track [R_DSIA_CLK_P] on PWR_SIG2, length 1.1003 mm
    @(196.1729 mm, 104.2448 mm): Track [R_DSIA_D0_P] on PWR_SIG2, length 6.6468 mm
[clearance]: Violation d'isolation (netclasse 'HDMI_MIPI_100R' isolation 0,2000 mm; réel 0,0659 mm)
    Rule: netclasse 'HDMI_MIPI_100R'; error
    @(187.6699 mm, 105.2045 mm): Track [R_DSIA_CLK_P] on PWR_SIG2, length 0.7082 mm
    @(187.5366 mm, 105.6050 mm): Track [R_DSIA_D2_N] on PWR_SIG2, length 0.6640 mm
[clearance]: Violation d'isolation (netclasse 'HDMI_MIPI_100R' isolation 0,2000 mm; réel 0,0587 mm)
    Rule: netclasse 'HDMI_MIPI_100R'; error
    @(192.3628 mm, 104.4265 mm): Track [R_DSIA_CLK_P] on PWR_SIG2, length 1.1003 mm
    @(192.3517 mm, 104.6945 mm): Track [R_DSIA_D2_N] on PWR_SIG2, length 0.9782 mm
[clearance]: Violation d'isolation (netclasse 'HDMI_MIPI_100R' isolation 0,2000 mm; réel 0,1919 mm)
    Rule: netclasse 'HDMI_MIPI_100R'; error
    @(188.1986 mm, 106.1514 mm): Track [R_DSIA_CLK_P] on F.Cu, length 0.0727 mm
    @(187.8984 mm, 105.7750 mm): Via [R_DSIA_D2_P] on F.Cu - B.Cu
[clearance]: Violation d'isolation (netclasse 'HDMI_MIPI_100R' isolation 0,2000 mm; réel 0,0753 mm)
    Rule: netclasse 'HDMI_MIPI_100R'; error
    @(192.3628 mm, 104.4265 mm): Track [R_DSIA_CLK_P] on PWR_SIG2, length 1.1003 mm
    @(191.4919 mm, 104.7857 mm): Via [HDMI_R_D2_N] on F.Cu - B.Cu
[clearance]: Violation d'isolation (netclasse 'HDMI_MIPI_100R' isolation 0,2000 mm; réel 0,1051 mm)
    Rule: netclasse 'HDMI_MIPI_100R'; error
    @(209.9396 mm, 102.4367 mm): Via [R_DSIA_CLK_P] on F.Cu - B.Cu
    @(209.3874 mm, 102.3800 mm): Via [R_DSIA_D2_N] on F.Cu - B.Cu
[clearance]: Violation d'isolation (netclasse 'HDMI_MIPI_100R' isolation 0,2000 mm; réel 0,0587 mm)
    Rule: netclasse 'HDMI_MIPI_100R'; error
    @(199.0801 mm, 101.5944 mm): Track [R_DSIA_CLK_P] on PWR_SIG2, length 3.6608 mm
    @(199.1866 mm, 101.2310 mm): Track [R_DSIA_D0_P] on PWR_SIG2, length 4.2620 mm
[clearance]: Violation d'isolation (netclasse 'HDMI_MIPI_100R' isolation 0,2000 mm; réel 0,0659 mm)
    Rule: netclasse 'HDMI_MIPI_100R'; error
    @(187.6699 mm, 105.2045 mm): Track [R_DSIA_CLK_P] on PWR_SIG2, length 0.7082 mm
    @(191.6600 mm, 105.3862 mm): Track [R_DSIA_D2_N] on PWR_SIG2, length 3.9046 mm
[clearance]: Violation d'isolation (netclasse 'HDMI_MIPI_100R' isolation 0,2000 mm; réel 0,0946 mm)
    Rule: netclasse 'HDMI_MIPI_100R'; error
    @(209.9402 mm, 101.8921 mm): Via [R_DSIA_D1_P] on F.Cu - B.Cu
    @(209.9396 mm, 102.4367 mm): Via [R_DSIA_CLK_P] on F.Cu - B.Cu
[clearance]: Violation d'isolation (netclasse 'HDMI_MIPI_100R' isolation 0,2000 mm; réel 0,0899 mm)
    Rule: netclasse 'HDMI_MIPI_100R'; error
    @(187.1691 mm, 106.1514 mm): Track [R_DSIA_CLK_P] on F.Cu, length 1.0295 mm
    @(187.8984 mm, 105.7750 mm): Via [R_DSIA_D2_P] on F.Cu - B.Cu
[clearance]: Violation d'isolation (netclasse 'HDMI_MIPI_100R' isolation 0,2000 mm; réel 0,0587 mm)
    Rule: netclasse 'HDMI_MIPI_100R'; error
    @(192.3628 mm, 104.4265 mm): Track [R_DSIA_CLK_P] on PWR_SIG2, length 1.1003 mm
    @(206.8160 mm, 104.6945 mm): Track [R_DSIA_D2_N] on PWR_SIG2, length 14.4643 mm
[clearance]: Violation d'isolation (netclasse 'HDMI_MIPI_100R' isolation 0,2000 mm; réel 0,1051 mm)
    Rule: netclasse 'HDMI_MIPI_100R'; error
    @(209.9396 mm, 102.4367 mm): Via [R_DSIA_CLK_P] on F.Cu - B.Cu
    @(209.3874 mm, 102.3800 mm): Via [R_DSIA_D2_N] on F.Cu - B.Cu
[clearance]: Violation d'isolation (netclasse 'HDMI_MIPI_100R' isolation 0,2000 mm; réel 0,1522 mm)
    Rule: netclasse 'HDMI_MIPI_100R'; error
    @(225.0000 mm, 100.0000 mm): Track [PWR_KEY_GPIO26_N] on GND1, length 28.0000 mm
    @(209.3737 mm, 99.5228 mm): Via [R_DSIA_CLK_N] on F.Cu - B.Cu
[clearance]: Violation d'isolation (netclasse 'HDMI_MIPI_100R' isolation 0,2000 mm; réel 0,1258 mm)
    Rule: netclasse 'HDMI_MIPI_100R'; error
    @(209.3737 mm, 99.8352 mm): Track [R_DSIA_CLK_N] on F.Cu, length 1.8757 mm
    @(210.6276 mm, 100.5060 mm): Via [R_DSIA_D1_N] on F.Cu - B.Cu
[clearance]: Violation d'isolation (netclasse 'HDMI_MIPI_100R' isolation 0,2000 mm; réel 0,0946 mm)
    Rule: netclasse 'HDMI_MIPI_100R'; error
    @(209.9402 mm, 101.8921 mm): Via [R_DSIA_D1_P] on F.Cu - B.Cu
    @(209.9396 mm, 102.4367 mm): Via [R_DSIA_CLK_P] on F.Cu - B.Cu
[clearance]: Violation d'isolation (netclasse 'HDMI_MIPI_100R' isolation 0,2000 mm; réel 0,1051 mm)
    Rule: netclasse 'HDMI_MIPI_100R'; error
    @(209.9396 mm, 102.4367 mm): Via [R_DSIA_CLK_P] on F.Cu - B.Cu
    @(209.3874 mm, 102.3800 mm): Via [R_DSIA_D2_N] on F.Cu - B.Cu
[clearance]: Violation d'isolation (netclasse 'HDMI_MIPI_100R' isolation 0,2000 mm; réel 0,0899 mm)
    Rule: netclasse 'HDMI_MIPI_100R'; error
    @(187.1691 mm, 106.1514 mm): Track [R_DSIA_CLK_P] on F.Cu, length 1.0295 mm
    @(187.7954 mm, 106.5278 mm): Via [R_DSIA_D2_N] on F.Cu - B.Cu
[clearance]: Violation d'isolation (netclasse 'HDMI_MIPI_100R' isolation 0,2000 mm; réel 0,1051 mm)
    Rule: netclasse 'HDMI_MIPI_100R'; error
    @(209.9396 mm, 102.4367 mm): Via [R_DSIA_CLK_P] on F.Cu - B.Cu
    @(209.3874 mm, 102.3800 mm): Via [R_DSIA_D2_N] on F.Cu - B.Cu
[clearance]: Violation d'isolation (netclasse 'HDMI_MIPI_100R' isolation 0,2000 mm; réel 0,0946 mm)
    Rule: netclasse 'HDMI_MIPI_100R'; error
    @(209.9402 mm, 101.8921 mm): Via [R_DSIA_D1_P] on F.Cu - B.Cu
    @(209.9396 mm, 102.4367 mm): Via [R_DSIA_CLK_P] on F.Cu - B.Cu
[clearance]: Violation d'isolation (netclasse 'HDMI_MIPI_100R' (paire diff) isolation 0,1500 mm; réel 0,1322 mm)
    Rule: netclasse 'HDMI_MIPI_100R' (paire diff); error
    @(167.1000 mm, 93.9789 mm): Track [HDMI_R_D2_N] on PWR_SIG2, length 15.5534 mm
    @(167.7481 mm, 94.0348 mm): Via [HDMI_R_D2_P] on F.Cu - B.Cu
[clearance]: Violation d'isolation (netclasse 'HDMI_MIPI_100R' isolation 0,2000 mm; réel 0,0804 mm)
    Rule: netclasse 'HDMI_MIPI_100R'; error
    @(186.8135 mm, 104.6099 mm): Via [R_DSIA_D1_N] on F.Cu - B.Cu
    @(178.0979 mm, 104.9768 mm): Track [HDMI_R_D2_N] on PWR_SIG2, length 13.2029 mm
[clearance]: Violation d'isolation (netclasse 'HDMI_MIPI_100R' isolation 0,2000 mm; réel 0,1051 mm)
    Rule: netclasse 'HDMI_MIPI_100R'; error
    @(209.9396 mm, 102.4367 mm): Via [R_DSIA_CLK_P] on F.Cu - B.Cu
    @(209.3874 mm, 102.3800 mm): Via [R_DSIA_D2_N] on F.Cu - B.Cu
[clearance]: Violation d'isolation (netclasse 'HDMI_MIPI_100R' isolation 0,2000 mm; réel 0,1433 mm)
    Rule: netclasse 'HDMI_MIPI_100R'; error
    @(167.1000 mm, 93.9789 mm): Track [HDMI_R_D2_N] on PWR_SIG2, length 15.5534 mm
    @(167.0427 mm, 94.5294 mm): Via [HDMI_R_D1_P] on F.Cu - B.Cu
[clearance]: Violation d'isolation (netclasse 'HDMI_MIPI_100R' isolation 0,2000 mm; réel 0,0946 mm)
    Rule: netclasse 'HDMI_MIPI_100R'; error
    @(209.9402 mm, 101.8921 mm): Via [R_DSIA_D1_P] on F.Cu - B.Cu
    @(209.9396 mm, 102.4367 mm): Via [R_DSIA_CLK_P] on F.Cu - B.Cu
[clearance]: Violation d'isolation (netclasse 'HDMI_MIPI_100R' isolation 0,2000 mm; réel 0,1047 mm)
    Rule: netclasse 'HDMI_MIPI_100R'; error
    @(191.5848 mm, 105.2045 mm): Track [R_DSIA_CLK_P] on PWR_SIG2, length 3.9149 mm
    @(178.0979 mm, 104.9768 mm): Track [HDMI_R_D2_N] on PWR_SIG2, length 13.2029 mm
[clearance]: Violation d'isolation (netclasse 'HDMI_MIPI_100R' isolation 0,2000 mm; réel 0,1051 mm)
    Rule: netclasse 'HDMI_MIPI_100R'; error
    @(209.9396 mm, 102.4367 mm): Via [R_DSIA_CLK_P] on F.Cu - B.Cu
    @(209.3874 mm, 102.3800 mm): Via [R_DSIA_D2_N] on F.Cu - B.Cu
[clearance]: Violation d'isolation (netclasse 'HDMI_MIPI_100R' isolation 0,2000 mm; réel 0,0946 mm)
    Rule: netclasse 'HDMI_MIPI_100R'; error
    @(209.9402 mm, 101.8921 mm): Via [R_DSIA_D1_P] on F.Cu - B.Cu
    @(209.9396 mm, 102.4367 mm): Via [R_DSIA_CLK_P] on F.Cu - B.Cu
[clearance]: Violation d'isolation (netclasse 'HDMI_MIPI_100R' isolation 0,2000 mm; réel 0,0918 mm)
    Rule: netclasse 'HDMI_MIPI_100R'; error
    @(186.2884 mm, 103.6934 mm): Via [R_DSIA_D3_P] on F.Cu - B.Cu
    @(177.7850 mm, 104.0717 mm): Track [HDMI_R_D2_P] on PWR_SIG2, length 11.3105 mm
[clearance]: Violation d'isolation (netclasse 'HDMI_MIPI_100R' isolation 0,2000 mm; réel 0,0634 mm)
    Rule: netclasse 'HDMI_MIPI_100R'; error
    @(189.3677 mm, 104.0631 mm): Track [R_DSIA_D1_N] on PWR_SIG2, length 0.2691 mm
    @(189.0955 mm, 104.0717 mm): Track [HDMI_R_D2_P] on PWR_SIG2, length 0.5238 mm
[clearance]: Violation d'isolation (netclasse 'HDMI_MIPI_100R' isolation 0,2000 mm; réel 0,0587 mm)
    Rule: netclasse 'HDMI_MIPI_100R'; error
    @(189.1774 mm, 104.2534 mm): Track [R_DSIA_D1_N] on PWR_SIG2, length 2.0074 mm
    @(177.7850 mm, 104.0717 mm): Track [HDMI_R_D2_P] on PWR_SIG2, length 11.3105 mm
[clearance]: Violation d'isolation (netclasse 'HDMI_MIPI_100R' isolation 0,2000 mm; réel 0,0587 mm)
    Rule: netclasse 'HDMI_MIPI_100R'; error
    @(189.0955 mm, 104.0717 mm): Track [HDMI_R_D2_P] on PWR_SIG2, length 0.5238 mm
    @(189.1774 mm, 104.2534 mm): Track [R_DSIA_D1_N] on PWR_SIG2, length 2.0074 mm
[clearance]: Violation d'isolation (netclasse 'HDMI_MIPI_100R' isolation 0,2000 mm; réel 0,0752 mm)
    Rule: netclasse 'HDMI_MIPI_100R'; error
    @(187.7605 mm, 104.6151 mm): Via [R_DSIA_D0_P] on F.Cu - B.Cu
    @(178.0979 mm, 104.9768 mm): Track [HDMI_R_D2_N] on PWR_SIG2, length 13.2029 mm
[clearance]: Violation d'isolation (netclasse 'HDMI_MIPI_100R' isolation 0,2000 mm; réel 0,0634 mm)
    Rule: netclasse 'HDMI_MIPI_100R'; error
    @(195.9573 mm, 104.0631 mm): Track [R_DSIA_D1_N] on PWR_SIG2, length 6.5896 mm
    @(189.0955 mm, 104.0717 mm): Track [HDMI_R_D2_P] on PWR_SIG2, length 0.5238 mm
[clearance]: Violation d'isolation (netclasse 'HDMI_MIPI_100R' isolation 0,2000 mm; réel 0,1858 mm)
    Rule: netclasse 'HDMI_MIPI_100R'; error
    @(197.0000 mm, 100.0000 mm): Track [PWR_KEY_GPIO26_N] on GND1, length 26.1630 mm
    @(191.4919 mm, 104.7857 mm): Via [HDMI_R_D2_N] on F.Cu - B.Cu
[clearance]: Violation d'isolation (netclasse 'HDMI_MIPI_100R' isolation 0,2000 mm; réel 0,1633 mm)
    Rule: netclasse 'HDMI_MIPI_100R'; error
    @(167.9000 mm, 93.3000 mm): Pad 144 [GND] of Module1 on B.Cu
    @(167.7481 mm, 94.0348 mm): Via [HDMI_R_D2_P] on F.Cu - B.Cu
[clearance]: Violation d'isolation (netclasse 'HDMI_MIPI_100R' isolation 0,2000 mm; réel 0,1936 mm)
    Rule: netclasse 'HDMI_MIPI_100R'; error
    @(191.5520 mm, 105.7512 mm): Track [R_DSIA_D1_P] on PWR_SIG2, length 2.2636 mm
    @(192.6930 mm, 105.0579 mm): Track [R_DSIA_D2_P] on PWR_SIG2, length 1.5406 mm
[clearance]: Violation d'isolation (netclasse 'HDMI_MIPI_100R' isolation 0,2000 mm; réel 0,1053 mm)
    Rule: netclasse 'HDMI_MIPI_100R'; error
    @(192.7148 mm, 105.3590 mm): Track [R_DSIA_D3_N] on PWR_SIG2, length 2.2115 mm
    @(192.6930 mm, 105.0579 mm): Track [R_DSIA_D2_P] on PWR_SIG2, length 1.5406 mm
[clearance]: Violation d'isolation (netclasse 'HDMI_MIPI_100R' isolation 0,2000 mm; réel 0,0938 mm)
    Rule: netclasse 'HDMI_MIPI_100R'; error
    @(188.2500 mm, 106.1000 mm): Pad F10 [R_DSIA_CLK_P] of U202 on F.Cu
    @(187.8984 mm, 105.7750 mm): Via [R_DSIA_D2_P] on F.Cu - B.Cu
[clearance]: Violation d'isolation (netclasse 'HDMI_MIPI_100R' isolation 0,2000 mm; réel 0,1781 mm)
    Rule: netclasse 'HDMI_MIPI_100R'; error
    @(192.7148 mm, 105.3590 mm): Track [R_DSIA_D3_N] on PWR_SIG2, length 2.2115 mm
    @(208.1509 mm, 105.0579 mm): Track [R_DSIA_D2_P] on PWR_SIG2, length 15.4579 mm
[clearance]: Violation d'isolation (netclasse 'HDMI_MIPI_100R' isolation 0,2000 mm; réel 0,1936 mm)
    Rule: netclasse 'HDMI_MIPI_100R'; error
    @(192.4270 mm, 104.8762 mm): Track [R_DSIA_D1_P] on PWR_SIG2, length 1.2374 mm
    @(192.6930 mm, 105.0579 mm): Track [R_DSIA_D2_P] on PWR_SIG2, length 1.5406 mm
[clearance]: Violation d'isolation (netclasse 'HDMI_MIPI_100R' isolation 0,2000 mm; réel 0,1053 mm)
    Rule: netclasse 'HDMI_MIPI_100R'; error
    @(208.3709 mm, 105.3590 mm): Track [R_DSIA_D3_N] on PWR_SIG2, length 15.6561 mm
    @(192.6930 mm, 105.0579 mm): Track [R_DSIA_D2_P] on PWR_SIG2, length 1.5406 mm
[clearance]: Violation d'isolation (netclasse 'HDMI_MIPI_100R' isolation 0,2000 mm; réel 0,1781 mm)
    Rule: netclasse 'HDMI_MIPI_100R'; error
    @(209.2369 mm, 103.9719 mm): Track [R_DSIA_D2_P] on PWR_SIG2, length 1.5358 mm
    @(208.3709 mm, 105.3590 mm): Track [R_DSIA_D3_N] on PWR_SIG2, length 15.6561 mm
[clearance]: Violation d'isolation (netclasse 'HDMI_MIPI_100R' isolation 0,2000 mm; réel 0,0587 mm)
    Rule: netclasse 'HDMI_MIPI_100R'; error
    @(206.8912 mm, 104.8762 mm): Track [R_DSIA_D1_P] on PWR_SIG2, length 14.4642 mm
    @(192.6930 mm, 105.0579 mm): Track [R_DSIA_D2_P] on PWR_SIG2, length 1.5406 mm
[clearance]: Violation d'isolation (netclasse 'HDMI_MIPI_100R' isolation 0,2000 mm; réel 0,0938 mm)
    Rule: netclasse 'HDMI_MIPI_100R'; error
    @(188.2500 mm, 105.4500 mm): Pad G10 [R_DSIA_D1_P] of U202 on F.Cu
    @(187.8984 mm, 105.7750 mm): Via [R_DSIA_D2_P] on F.Cu - B.Cu
[clearance]: Violation d'isolation (netclasse 'HDMI_MIPI_100R' isolation 0,2000 mm; réel 0,1991 mm)
    Rule: netclasse 'HDMI_MIPI_100R'; error
    @(192.4270 mm, 104.8762 mm): Track [R_DSIA_D1_P] on PWR_SIG2, length 1.2374 mm
    @(208.1509 mm, 105.0579 mm): Track [R_DSIA_D2_P] on PWR_SIG2, length 15.4579 mm
[clearance]: Violation d'isolation (netclasse 'HDMI_MIPI_100R' isolation 0,2000 mm; réel 0,0587 mm)
    Rule: netclasse 'HDMI_MIPI_100R'; error
    @(208.4786 mm, 103.2888 mm): Track [R_DSIA_D1_P] on PWR_SIG2, length 2.2449 mm
    @(208.1509 mm, 105.0579 mm): Track [R_DSIA_D2_P] on PWR_SIG2, length 15.4579 mm
[clearance]: Violation d'isolation (netclasse 'HDMI_MIPI_100R' isolation 0,2000 mm; réel 0,1781 mm)
    Rule: netclasse 'HDMI_MIPI_100R'; error
    @(208.3709 mm, 105.3590 mm): Track [R_DSIA_D3_N] on PWR_SIG2, length 15.6561 mm
    @(208.1509 mm, 105.0579 mm): Track [R_DSIA_D2_P] on PWR_SIG2, length 15.4579 mm
[clearance]: Violation d'isolation (netclasse 'HDMI_MIPI_100R' isolation 0,2000 mm; réel 0,0587 mm)
    Rule: netclasse 'HDMI_MIPI_100R'; error
    @(206.8912 mm, 104.8762 mm): Track [R_DSIA_D1_P] on PWR_SIG2, length 14.4642 mm
    @(208.1509 mm, 105.0579 mm): Track [R_DSIA_D2_P] on PWR_SIG2, length 15.4579 mm
[clearance]: Violation d'isolation (netclasse 'HDMI_MIPI_100R' isolation 0,2000 mm; réel 0,0944 mm)
    Rule: netclasse 'HDMI_MIPI_100R'; error
    @(208.9500 mm, 103.2910 mm): Track [R_DSIB_D2_P] on F.Cu, length 1.7378 mm
    @(208.2500 mm, 104.5000 mm): Track [R_DSIA_D2_P] on F.Cu, length 0.2015 mm
[clearance]: Violation d'isolation (netclasse 'HDMI_MIPI_100R' isolation 0,2000 mm; réel 0,0944 mm)
    Rule: netclasse 'HDMI_MIPI_100R'; error
    @(208.9500 mm, 103.2910 mm): Track [R_DSIB_D2_P] on F.Cu, length 1.7378 mm
    @(208.2500 mm, 104.2985 mm): Track [R_DSIA_D2_P] on F.Cu, length 0.4619 mm
[clearance]: Violation d'isolation (netclasse 'HDMI_MIPI_100R' isolation 0,2000 mm; réel 0,1035 mm)
    Rule: netclasse 'HDMI_MIPI_100R'; error
    @(188.2500 mm, 106.1000 mm): Pad F10 [R_DSIA_CLK_P] of U202 on F.Cu
    @(188.5750 mm, 105.9798 mm): Track [R_DSIA_D2_P] on F.Cu, length 0.4452 mm
[clearance]: Violation d'isolation (netclasse 'HDMI_MIPI_100R' isolation 0,2000 mm; réel 0,0587 mm)
    Rule: netclasse 'HDMI_MIPI_100R'; error
    @(208.4786 mm, 103.2888 mm): Track [R_DSIA_D1_P] on PWR_SIG2, length 2.2449 mm
    @(209.1305 mm, 102.3800 mm): Track [R_DSIA_D2_N] on PWR_SIG2, length 3.2732 mm
[clearance]: Violation d'isolation (netclasse 'HDMI_MIPI_100R' isolation 0,2000 mm; réel 0,1035 mm)
    Rule: netclasse 'HDMI_MIPI_100R'; error
    @(188.2500 mm, 106.1000 mm): Pad F10 [R_DSIA_CLK_P] of U202 on F.Cu
    @(187.8984 mm, 105.7750 mm): Track [R_DSIA_D2_P] on F.Cu, length 0.4718 mm
[clearance]: Violation d'isolation (netclasse 'HDMI_MIPI_100R' isolation 0,2000 mm; réel 0,1512 mm)
    Rule: netclasse 'HDMI_MIPI_100R'; error
    @(189.2884 mm, 105.7512 mm): Track [R_DSIA_D1_P] on F.Cu, length 0.5619 mm
    @(188.5750 mm, 105.9798 mm): Track [R_DSIA_D2_P] on F.Cu, length 0.4452 mm
[clearance]: Violation d'isolation (netclasse 'HDMI_MIPI_100R' isolation 0,2000 mm; réel 0,0810 mm)
    Rule: netclasse 'HDMI_MIPI_100R'; error
    @(187.5366 mm, 105.6050 mm): Track [R_DSIA_D2_N] on PWR_SIG2, length 0.6640 mm
    @(187.1691 mm, 106.1514 mm): Via [R_DSIA_CLK_P] on F.Cu - B.Cu
[clearance]: Violation d'isolation (netclasse 'HDMI_MIPI_100R' isolation 0,2000 mm; réel 0,0587 mm)
    Rule: netclasse 'HDMI_MIPI_100R'; error
    @(206.8912 mm, 104.8762 mm): Track [R_DSIA_D1_P] on PWR_SIG2, length 14.4642 mm
    @(209.1305 mm, 102.3800 mm): Track [R_DSIA_D2_N] on PWR_SIG2, length 3.2732 mm
[clearance]: Violation d'isolation (netclasse 'HDMI_MIPI_100R' isolation 0,2000 mm; réel 0,0944 mm)
    Rule: netclasse 'HDMI_MIPI_100R'; error
    @(208.9500 mm, 103.2910 mm): Track [R_DSIB_D2_P] on F.Cu, length 1.7378 mm
    @(208.5766 mm, 103.9719 mm): Track [R_DSIA_D2_P] on F.Cu, length 0.6603 mm
[clearance]: Violation d'isolation (netclasse 'HDMI_MIPI_100R' isolation 0,2000 mm; réel 0,0587 mm)
    Rule: netclasse 'HDMI_MIPI_100R'; error
    @(191.5848 mm, 105.2045 mm): Track [R_DSIA_CLK_P] on PWR_SIG2, length 3.9149 mm
    @(187.7554 mm, 105.3862 mm): Track [R_DSIA_D2_N] on PWR_SIG2, length 0.3094 mm
[clearance]: Violation d'isolation (netclasse 'HDMI_MIPI_100R' isolation 0,2000 mm; réel 0,1035 mm)
    Rule: netclasse 'HDMI_MIPI_100R'; error
    @(188.5750 mm, 105.9798 mm): Track [R_DSIA_D2_P] on F.Cu, length 0.4452 mm
    @(188.9000 mm, 106.1000 mm): Pad F9 [R_DSIA_CLK_N] of U202 on F.Cu
[clearance]: Violation d'isolation (netclasse 'HDMI_MIPI_100R' isolation 0,2000 mm; réel 0,1918 mm)
    Rule: netclasse 'HDMI_MIPI_100R'; error
    @(188.3702 mm, 105.7750 mm): Track [R_DSIA_D2_P] on F.Cu, length 0.2896 mm
    @(188.1986 mm, 106.1514 mm): Track [R_DSIA_CLK_P] on F.Cu, length 0.0727 mm
[clearance]: Violation d'isolation (netclasse 'HDMI_MIPI_100R' (paire diff) isolation 0,1500 mm; réel 0,0753 mm)
    Rule: netclasse 'HDMI_MIPI_100R' (paire diff); error
    @(187.5366 mm, 105.6050 mm): Track [R_DSIA_D2_N] on PWR_SIG2, length 0.6640 mm
    @(187.8984 mm, 105.7750 mm): Via [R_DSIA_D2_P] on F.Cu - B.Cu
[clearance]: Violation d'isolation (netclasse 'HDMI_MIPI_100R' (paire diff) isolation 0,1500 mm; réel 0,0895 mm)
    Rule: netclasse 'HDMI_MIPI_100R' (paire diff); error
    @(187.8984 mm, 105.7750 mm): Via [R_DSIA_D2_P] on F.Cu - B.Cu
    @(187.7554 mm, 105.3862 mm): Track [R_DSIA_D2_N] on PWR_SIG2, length 0.3094 mm
[clearance]: Violation d'isolation (netclasse 'HDMI_MIPI_100R' isolation 0,2000 mm; réel 0,0933 mm)
    Rule: netclasse 'HDMI_MIPI_100R'; error
    @(188.3702 mm, 105.7750 mm): Track [R_DSIA_D2_P] on F.Cu, length 0.2896 mm
    @(188.2500 mm, 106.1000 mm): Pad F10 [R_DSIA_CLK_P] of U202 on F.Cu
[clearance]: Violation d'isolation (netclasse 'HDMI_MIPI_100R' isolation 0,2000 mm; réel 0,1458 mm)
    Rule: netclasse 'HDMI_MIPI_100R'; error
    @(188.3702 mm, 105.7750 mm): Track [R_DSIA_D2_P] on F.Cu, length 0.2896 mm
    @(189.2884 mm, 105.7512 mm): Track [R_DSIA_D1_P] on F.Cu, length 0.5619 mm
[clearance]: Violation d'isolation (netclasse 'HDMI_MIPI_100R' isolation 0,2000 mm; réel 0,1466 mm)
    Rule: netclasse 'HDMI_MIPI_100R'; error
    @(209.3874 mm, 102.3800 mm): Track [R_DSIA_D2_N] on PWR_SIG2, length 0.2569 mm
    @(209.0344 mm, 101.9577 mm): Via [R_DSIB_D2_N] on F.Cu - B.Cu
[clearance]: Violation d'isolation (netclasse 'HDMI_MIPI_100R' isolation 0,2000 mm; réel 0,1466 mm)
    Rule: netclasse 'HDMI_MIPI_100R'; error
    @(209.1305 mm, 102.3800 mm): Track [R_DSIA_D2_N] on PWR_SIG2, length 3.2732 mm
    @(209.0344 mm, 101.9577 mm): Via [R_DSIB_D2_N] on F.Cu - B.Cu
[clearance]: Violation d'isolation (netclasse 'HDMI_MIPI_100R' isolation 0,2000 mm; réel 0,0753 mm)
    Rule: netclasse 'HDMI_MIPI_100R'; error
    @(196.8532 mm, 104.3327 mm): Via [R_DSIB_D2_P] on F.Cu - B.Cu
    @(206.8160 mm, 104.6945 mm): Track [R_DSIA_D2_N] on PWR_SIG2, length 14.4643 mm
[clearance]: Violation d'isolation (netclasse 'HDMI_MIPI_100R' isolation 0,2000 mm; réel 0,1250 mm)
    Rule: netclasse 'HDMI_MIPI_100R'; error
    @(188.3702 mm, 105.7750 mm): Track [R_DSIA_D2_P] on F.Cu, length 0.2896 mm
    @(188.9000 mm, 106.1000 mm): Pad F9 [R_DSIA_CLK_N] of U202 on F.Cu
[clearance]: Violation d'isolation (netclasse 'HDMI_MIPI_100R' isolation 0,2000 mm; réel 0,1458 mm)
    Rule: netclasse 'HDMI_MIPI_100R'; error
    @(188.7265 mm, 105.7512 mm): Track [R_DSIA_D1_P] on F.Cu, length 0.4260 mm
    @(187.8984 mm, 105.7750 mm): Track [R_DSIA_D2_P] on F.Cu, length 0.4718 mm
[clearance]: Violation d'isolation (netclasse 'HDMI_MIPI_100R' isolation 0,2000 mm; réel 0,0659 mm)
    Rule: netclasse 'HDMI_MIPI_100R'; error
    @(187.6699 mm, 105.2045 mm): Track [R_DSIA_CLK_P] on PWR_SIG2, length 0.7082 mm
    @(187.7554 mm, 105.3862 mm): Track [R_DSIA_D2_N] on PWR_SIG2, length 0.3094 mm
[clearance]: Violation d'isolation (netclasse 'HDMI_MIPI_100R' isolation 0,2000 mm; réel 0,1035 mm)
    Rule: netclasse 'HDMI_MIPI_100R'; error
    @(187.8984 mm, 105.7750 mm): Track [R_DSIA_D2_P] on F.Cu, length 0.4718 mm
    @(188.2500 mm, 105.4500 mm): Pad G10 [R_DSIA_D1_P] of U202 on F.Cu
[clearance]: Violation d'isolation (netclasse 'HDMI_MIPI_100R' isolation 0,2000 mm; réel 0,1512 mm)
    Rule: netclasse 'HDMI_MIPI_100R'; error
    @(188.7265 mm, 105.7512 mm): Track [R_DSIA_D1_P] on F.Cu, length 0.4260 mm
    @(188.5750 mm, 105.9798 mm): Track [R_DSIA_D2_P] on F.Cu, length 0.4452 mm
[clearance]: Violation d'isolation (netclasse 'HDMI_MIPI_100R' isolation 0,2000 mm; réel 0,0587 mm)
    Rule: netclasse 'HDMI_MIPI_100R'; error
    @(209.6224 mm, 103.2888 mm): Track [R_DSIA_D1_P] on PWR_SIG2, length 1.1438 mm
    @(209.1305 mm, 102.3800 mm): Track [R_DSIA_D2_N] on PWR_SIG2, length 3.2732 mm
[clearance]: Violation d'isolation (netclasse 'HDMI_MIPI_100R' isolation 0,2000 mm; réel 0,0587 mm)
    Rule: netclasse 'HDMI_MIPI_100R'; error
    @(192.4270 mm, 104.8762 mm): Track [R_DSIA_D1_P] on PWR_SIG2, length 1.2374 mm
    @(206.8160 mm, 104.6945 mm): Track [R_DSIA_D2_N] on PWR_SIG2, length 14.4643 mm
[clearance]: Violation d'isolation (netclasse 'HDMI_MIPI_100R' isolation 0,2000 mm; réel 0,0587 mm)
    Rule: netclasse 'HDMI_MIPI_100R'; error
    @(206.8160 mm, 104.6945 mm): Track [R_DSIA_D2_N] on PWR_SIG2, length 14.4643 mm
    @(208.4786 mm, 103.2888 mm): Track [R_DSIA_D1_P] on PWR_SIG2, length 2.2449 mm
[clearance]: Violation d'isolation (netclasse 'HDMI_MIPI_100R' isolation 0,2000 mm; réel 0,0994 mm)
    Rule: netclasse 'HDMI_MIPI_100R'; error
    @(187.5366 mm, 106.2690 mm): Track [R_DSIA_D2_N] on PWR_SIG2, length 0.3660 mm
    @(187.1691 mm, 106.1514 mm): Via [R_DSIA_CLK_P] on F.Cu - B.Cu
[clearance]: Violation d'isolation (netclasse 'HDMI_MIPI_100R' isolation 0,2000 mm; réel 0,1458 mm)
    Rule: netclasse 'HDMI_MIPI_100R'; error
    @(188.3702 mm, 105.7750 mm): Track [R_DSIA_D2_P] on F.Cu, length 0.2896 mm
    @(188.7265 mm, 105.7512 mm): Track [R_DSIA_D1_P] on F.Cu, length 0.4260 mm
[clearance]: Violation d'isolation (netclasse 'HDMI_MIPI_100R' isolation 0,2000 mm; réel 0,0587 mm)
    Rule: netclasse 'HDMI_MIPI_100R'; error
    @(192.4270 mm, 104.8762 mm): Track [R_DSIA_D1_P] on PWR_SIG2, length 1.2374 mm
    @(192.3517 mm, 104.6945 mm): Track [R_DSIA_D2_N] on PWR_SIG2, length 0.9782 mm
[clearance]: Violation d'isolation (netclasse 'HDMI_MIPI_100R' isolation 0,2000 mm; réel 0,0587 mm)
    Rule: netclasse 'HDMI_MIPI_100R'; error
    @(206.8912 mm, 104.8762 mm): Track [R_DSIA_D1_P] on PWR_SIG2, length 14.4642 mm
    @(206.8160 mm, 104.6945 mm): Track [R_DSIA_D2_N] on PWR_SIG2, length 14.4643 mm
[clearance]: Violation d'isolation (netclasse 'HDMI_MIPI_100R' isolation 0,2000 mm; réel 0,1250 mm)
    Rule: netclasse 'HDMI_MIPI_100R'; error
    @(188.3702 mm, 105.7750 mm): Track [R_DSIA_D2_P] on F.Cu, length 0.2896 mm
    @(188.2500 mm, 105.4500 mm): Pad G10 [R_DSIA_D1_P] of U202 on F.Cu
[clearance]: Violation d'isolation (netclasse 'HDMI_MIPI_100R' isolation 0,2000 mm; réel 0,0587 mm)
    Rule: netclasse 'HDMI_MIPI_100R'; error
    @(206.8912 mm, 104.8762 mm): Track [R_DSIA_D1_P] on PWR_SIG2, length 14.4642 mm
    @(192.3517 mm, 104.6945 mm): Track [R_DSIA_D2_N] on PWR_SIG2, length 0.9782 mm
[clearance]: Violation d'isolation (netclasse 'HDMI_MIPI_100R' isolation 0,2000 mm; réel 0,0587 mm)
    Rule: netclasse 'HDMI_MIPI_100R'; error
    @(191.6600 mm, 105.3862 mm): Track [R_DSIA_D2_N] on PWR_SIG2, length 3.9046 mm
    @(191.5848 mm, 105.2045 mm): Track [R_DSIA_CLK_P] on PWR_SIG2, length 3.9149 mm
[clearance]: Violation d'isolation (netclasse 'HDMI_MIPI_100R' isolation 0,2000 mm; réel 0,0753 mm)
    Rule: netclasse 'HDMI_MIPI_100R'; error
    @(206.2635 mm, 104.3327 mm): Via [R_DSIB_D2_P] on F.Cu - B.Cu
    @(206.8160 mm, 104.6945 mm): Track [R_DSIA_D2_N] on PWR_SIG2, length 14.4643 mm
[clearance]: Violation d'isolation (netclasse 'HDMI_MIPI_100R' isolation 0,2000 mm; réel 0,1358 mm)
    Rule: netclasse 'HDMI_MIPI_100R'; error
    @(209.0227 mm, 102.3800 mm): Track [R_DSIA_D2_N] on F.Cu, length 0.3647 mm
    @(209.0344 mm, 101.9577 mm): Via [R_DSIB_D2_N] on F.Cu - B.Cu
[clearance]: Violation d'isolation (netclasse 'HDMI_MIPI_100R' (paire diff) isolation 0,1500 mm; réel 0,1023 mm)
    Rule: netclasse 'HDMI_MIPI_100R' (paire diff); error
    @(191.6600 mm, 105.3862 mm): Track [R_DSIA_D2_N] on PWR_SIG2, length 3.9046 mm
    @(187.8984 mm, 105.7750 mm): Via [R_DSIA_D2_P] on F.Cu - B.Cu
[clearance]: Violation d'isolation (netclasse 'HDMI_MIPI_100R' isolation 0,2000 mm; réel 0,1035 mm)
    Rule: netclasse 'HDMI_MIPI_100R'; error
    @(188.2500 mm, 107.4000 mm): Pad D10 [R_DSIA_D3_P] of U202 on F.Cu
    @(188.5750 mm, 107.0750 mm): Track [R_DSIA_D2_N] on F.Cu, length 0.4788 mm
[clearance]: Violation d'isolation (netclasse 'HDMI_MIPI_100R' isolation 0,2000 mm; réel 0,0785 mm)
    Rule: netclasse 'HDMI_MIPI_100R'; error
    @(189.2884 mm, 105.7512 mm): Via [R_DSIA_D1_P] on F.Cu - B.Cu
    @(191.6600 mm, 105.3862 mm): Track [R_DSIA_D2_N] on PWR_SIG2, length 3.9046 mm
[clearance]: Violation d'isolation (netclasse 'HDMI_MIPI_100R' isolation 0,2000 mm; réel 0,1381 mm)
    Rule: netclasse 'HDMI_MIPI_100R'; error
    @(188.0962 mm, 107.0750 mm): Track [R_DSIA_D2_N] on F.Cu, length 0.4254 mm
    @(188.2500 mm, 107.4000 mm): Pad D10 [R_DSIA_D3_P] of U202 on F.Cu
[clearance]: Violation d'isolation (netclasse 'HDMI_MIPI_100R' isolation 0,2000 mm; réel 0,1360 mm)
    Rule: netclasse 'HDMI_MIPI_100R'; error
    @(208.6000 mm, 102.8027 mm): Track [R_DSIA_D2_N] on F.Cu, length 0.5978 mm
    @(209.0344 mm, 101.9577 mm): Via [R_DSIB_D2_N] on F.Cu - B.Cu
[clearance]: Violation d'isolation (netclasse 'HDMI_MIPI_100R' (paire diff) isolation 0,1500 mm; réel 0,1035 mm)
    Rule: netclasse 'HDMI_MIPI_100R' (paire diff); error
    @(188.2500 mm, 106.7500 mm): Pad E10 [R_DSIA_D2_P] of U202 on F.Cu
    @(188.5750 mm, 107.0750 mm): Track [R_DSIA_D2_N] on F.Cu, length 0.4788 mm
[clearance]: Violation d'isolation (netclasse 'HDMI_MIPI_100R' (paire diff) isolation 0,1500 mm; réel 0,1171 mm)
    Rule: netclasse 'HDMI_MIPI_100R' (paire diff); error
    @(188.2500 mm, 106.7500 mm): Pad E10 [R_DSIA_D2_P] of U202 on F.Cu
    @(188.0962 mm, 107.0750 mm): Track [R_DSIA_D2_N] on F.Cu, length 0.4254 mm
[clearance]: Violation d'isolation (netclasse 'HDMI_MIPI_100R' isolation 0,2000 mm; réel 0,0587 mm)
    Rule: netclasse 'HDMI_MIPI_100R'; error
    @(192.4270 mm, 104.8762 mm): Track [R_DSIA_D1_P] on PWR_SIG2, length 1.2374 mm
    @(191.6600 mm, 105.3862 mm): Track [R_DSIA_D2_N] on PWR_SIG2, length 3.9046 mm
[clearance]: Violation d'isolation (netclasse 'HDMI_MIPI_100R' (paire diff) isolation 0,1500 mm; réel 0,1035 mm)
    Rule: netclasse 'HDMI_MIPI_100R' (paire diff); error
    @(194.1000 mm, 106.7500 mm): Pad E1 [HDMI_R_D1_P] of U202 on F.Cu
    @(193.7750 mm, 106.4250 mm): Track [HDMI_R_D1_N] on F.Cu, length 0.9796 mm
[clearance]: Violation d'isolation (netclasse 'HDMI_MIPI_100R' isolation 0,2000 mm; réel 0,1035 mm)
    Rule: netclasse 'HDMI_MIPI_100R'; error
    @(194.1000 mm, 106.1000 mm): Pad F1 [HDMI_R_D2_P] of U202 on F.Cu
    @(193.7750 mm, 106.4250 mm): Track [HDMI_R_D1_N] on F.Cu, length 0.9796 mm
[clearance]: Violation d'isolation (netclasse 'HDMI_MIPI_100R' (paire diff) isolation 0,1500 mm; réel 0,1026 mm)
    Rule: netclasse 'HDMI_MIPI_100R' (paire diff); error
    @(195.3061 mm, 106.4606 mm): Via [HDMI_R_D1_P] on F.Cu - B.Cu
    @(194.7546 mm, 106.4250 mm): Via [HDMI_R_D1_N] on F.Cu - B.Cu
[clearance]: Violation d'isolation (netclasse 'HDMI_MIPI_100R' isolation 0,2000 mm; réel 0,1433 mm)
    Rule: netclasse 'HDMI_MIPI_100R'; error
    @(167.0427 mm, 94.5294 mm): Track [HDMI_R_D1_P] on B.Cu, length 1.0503 mm
    @(167.1000 mm, 93.9789 mm): Via [HDMI_R_D2_N] on F.Cu - B.Cu
[clearance]: Violation d'isolation (netclasse 'HDMI_MIPI_100R' isolation 0,2000 mm; réel 0,1035 mm)
    Rule: netclasse 'HDMI_MIPI_100R'; error
    @(167.0427 mm, 94.5294 mm): Via [HDMI_R_D1_P] on F.Cu - B.Cu
    @(167.1000 mm, 93.9789 mm): Via [HDMI_R_D2_N] on F.Cu - B.Cu
[clearance]: Violation d'isolation (netclasse 'HDMI_MIPI_100R' isolation 0,2000 mm; réel 0,1035 mm)
    Rule: netclasse 'HDMI_MIPI_100R'; error
    @(167.0427 mm, 94.5294 mm): Via [HDMI_R_D1_P] on F.Cu - B.Cu
    @(167.1000 mm, 93.9789 mm): Via [HDMI_R_D2_N] on F.Cu - B.Cu
[clearance]: Violation d'isolation (netclasse 'HDMI_MIPI_100R' (paire diff) isolation 0,1500 mm; réel 0,1026 mm)
    Rule: netclasse 'HDMI_MIPI_100R' (paire diff); error
    @(195.3061 mm, 106.4606 mm): Via [HDMI_R_D1_P] on F.Cu - B.Cu
    @(194.7546 mm, 106.4250 mm): Via [HDMI_R_D1_N] on F.Cu - B.Cu
[clearance]: Violation d'isolation (netclasse 'HDMI_MIPI_100R' (paire diff) isolation 0,1500 mm; réel 0,1315 mm)
    Rule: netclasse 'HDMI_MIPI_100R' (paire diff); error
    @(194.9237 mm, 106.8430 mm): Track [HDMI_R_D1_P] on F.Cu, length 0.7307 mm
    @(194.7546 mm, 106.4250 mm): Via [HDMI_R_D1_N] on F.Cu - B.Cu
[clearance]: Violation d'isolation (netclasse 'HDMI_MIPI_100R' (paire diff) isolation 0,1500 mm; réel 0,1026 mm)
    Rule: netclasse 'HDMI_MIPI_100R' (paire diff); error
    @(195.3061 mm, 106.4606 mm): Via [HDMI_R_D1_P] on F.Cu - B.Cu
    @(194.7546 mm, 106.4250 mm): Via [HDMI_R_D1_N] on F.Cu - B.Cu
[clearance]: Violation d'isolation (netclasse 'HDMI_MIPI_100R' (paire diff) isolation 0,1500 mm; réel 0,1286 mm)
    Rule: netclasse 'HDMI_MIPI_100R' (paire diff); error
    @(195.3061 mm, 106.4606 mm): Track [HDMI_R_D1_P] on F.Cu, length 0.5408 mm
    @(194.7546 mm, 106.4250 mm): Via [HDMI_R_D1_N] on F.Cu - B.Cu
[clearance]: Violation d'isolation (netclasse 'HDMI_MIPI_100R' (paire diff) isolation 0,1500 mm; réel 0,1026 mm)
    Rule: netclasse 'HDMI_MIPI_100R' (paire diff); error
    @(195.3061 mm, 106.4606 mm): Via [HDMI_R_D1_P] on F.Cu - B.Cu
    @(194.7546 mm, 106.4250 mm): Via [HDMI_R_D1_N] on F.Cu - B.Cu
[clearance]: Violation d'isolation (netclasse 'HDMI_MIPI_100R' (paire diff) isolation 0,1500 mm; réel 0,1026 mm)
    Rule: netclasse 'HDMI_MIPI_100R' (paire diff); error
    @(195.3061 mm, 106.4606 mm): Via [HDMI_R_D1_P] on F.Cu - B.Cu
    @(194.7546 mm, 106.4250 mm): Via [HDMI_R_D1_N] on F.Cu - B.Cu
[clearance]: Violation d'isolation (netclasse 'HDMI_MIPI_100R' isolation 0,2000 mm; réel 0,1035 mm)
    Rule: netclasse 'HDMI_MIPI_100R'; error
    @(167.0427 mm, 94.5294 mm): Via [HDMI_R_D1_P] on F.Cu - B.Cu
    @(167.1000 mm, 93.9789 mm): Via [HDMI_R_D2_N] on F.Cu - B.Cu
[clearance]: Violation d'isolation (netclasse 'HDMI_MIPI_100R' (paire diff) isolation 0,1500 mm; réel 0,1026 mm)
    Rule: netclasse 'HDMI_MIPI_100R' (paire diff); error
    @(195.3061 mm, 106.4606 mm): Via [HDMI_R_D1_P] on F.Cu - B.Cu
    @(194.7546 mm, 106.4250 mm): Via [HDMI_R_D1_N] on F.Cu - B.Cu
[clearance]: Violation d'isolation (netclasse 'HDMI_MIPI_100R' isolation 0,2000 mm; réel 0,1035 mm)
    Rule: netclasse 'HDMI_MIPI_100R'; error
    @(167.0427 mm, 94.5294 mm): Via [HDMI_R_D1_P] on F.Cu - B.Cu
    @(167.1000 mm, 93.9789 mm): Via [HDMI_R_D2_N] on F.Cu - B.Cu
[clearance]: Violation d'isolation (netclasse 'HDMI_MIPI_100R' isolation 0,2000 mm; réel 0,0752 mm)
    Rule: netclasse 'HDMI_MIPI_100R'; error
    @(210.6276 mm, 100.5060 mm): Via [R_DSIA_D1_N] on F.Cu - B.Cu
    @(212.1000 mm, 101.4669 mm): Track [R_DSIA_D3_P] on F.Cu, length 2.7494 mm
[clearance]: Violation d'isolation (netclasse 'HDMI_MIPI_100R' isolation 0,2000 mm; réel 0,1035 mm)
    Rule: netclasse 'HDMI_MIPI_100R'; error
    @(167.0427 mm, 94.5294 mm): Via [HDMI_R_D1_P] on F.Cu - B.Cu
    @(167.1000 mm, 93.9789 mm): Via [HDMI_R_D2_N] on F.Cu - B.Cu
[clearance]: Violation d'isolation (netclasse 'HDMI_MIPI_100R' isolation 0,2000 mm; réel 0,1522 mm)
    Rule: netclasse 'HDMI_MIPI_100R'; error
    @(225.0000 mm, 100.0000 mm): Track [PWR_KEY_GPIO26_N] on GND1, length 28.0000 mm
    @(210.1559 mm, 99.5228 mm): Via [R_DSIA_D3_P] on F.Cu - B.Cu
[clearance]: Violation d'isolation (netclasse 'HDMI_MIPI_100R' isolation 0,2000 mm; réel 0,1035 mm)
    Rule: netclasse 'HDMI_MIPI_100R'; error
    @(167.0427 mm, 94.5294 mm): Via [HDMI_R_D1_P] on F.Cu - B.Cu
    @(167.1000 mm, 93.9789 mm): Via [HDMI_R_D2_N] on F.Cu - B.Cu
[clearance]: Violation d'isolation (netclasse 'HDMI_MIPI_100R' isolation 0,2000 mm; réel 0,0803 mm)
    Rule: netclasse 'HDMI_MIPI_100R'; error
    @(213.3526 mm, 100.3773 mm): Track [R_DSIA_D3_N] on PWR_SIG2, length 7.0452 mm
    @(210.2681 mm, 103.9805 mm): Via [R_DSIB_CLK_N] on F.Cu - B.Cu
[clearance]: Violation d'isolation (netclasse 'HDMI_MIPI_100R' isolation 0,2000 mm; réel 0,0820 mm)
    Rule: netclasse 'HDMI_MIPI_100R'; error
    @(209.2369 mm, 103.9719 mm): Via [R_DSIA_D2_P] on F.Cu - B.Cu
    @(213.3526 mm, 100.3773 mm): Track [R_DSIA_D3_N] on PWR_SIG2, length 7.0452 mm
[clearance]: Violation d'isolation (netclasse 'HDMI_MIPI_100R' isolation 0,2000 mm; réel 0,1551 mm)
    Rule: netclasse 'HDMI_MIPI_100R'; error
    @(225.0000 mm, 100.0000 mm): Track [PWR_KEY_GPIO26_N] on GND1, length 28.0000 mm
    @(213.3526 mm, 99.5199 mm): Via [R_DSIA_D3_N] on F.Cu - B.Cu
[clearance]: Violation d'isolation (netclasse 'HDMI_MIPI_100R' isolation 0,2000 mm; réel 0,0752 mm)
    Rule: netclasse 'HDMI_MIPI_100R'; error
    @(189.6027 mm, 108.0751 mm): Via [R_DSIB_D0_N] on F.Cu - B.Cu
    @(179.3796 mm, 108.4368 mm): Track [HDMI_R_D0_N] on PWR_SIG2, length 11.7732 mm
[clearance]: Violation d'isolation (netclasse 'HDMI_MIPI_100R' isolation 0,2000 mm; réel 0,1225 mm)
    Rule: netclasse 'HDMI_MIPI_100R'; error
    @(188.9000 mm, 106.7500 mm): Pad E9 [R_DSIA_D2_N] of U202 on F.Cu
    @(189.3772 mm, 106.9228 mm): Via [R_DSIA_D3_N] on F.Cu - B.Cu
[clearance]: Violation d'isolation (netclasse 'HDMI_MIPI_100R' isolation 0,2000 mm; réel 0,0803 mm)
    Rule: netclasse 'HDMI_MIPI_100R'; error
    @(190.1800 mm, 108.0700 mm): Via [R_DSIB_D1_N] on F.Cu - B.Cu
    @(179.3796 mm, 108.4368 mm): Track [HDMI_R_D0_N] on PWR_SIG2, length 11.7732 mm
[clearance]: Violation d'isolation (netclasse 'HDMI_MIPI_100R' isolation 0,2000 mm; réel 0,1944 mm)
    Rule: netclasse 'HDMI_MIPI_100R'; error
    @(165.2790 mm, 93.8116 mm): Track [HDMI_R_CLK_N] on PWR_SIG2, length 0.0757 mm
    @(164.9141 mm, 93.9713 mm): Track [HDMI_R_D0_N] on PWR_SIG2, length 20.4573 mm
[clearance]: Violation d'isolation (netclasse 'HDMI_MIPI_100R' isolation 0,2000 mm; réel 0,1944 mm)
    Rule: netclasse 'HDMI_MIPI_100R'; error
    @(164.9141 mm, 93.9713 mm): Track [HDMI_R_D0_N] on PWR_SIG2, length 20.4573 mm
    @(165.2790 mm, 93.8873 mm): Track [HDMI_R_CLK_N] on PWR_SIG2, length 18.9895 mm
[clearance]: Violation d'isolation (netclasse 'HDMI_MIPI_100R' isolation 0,2000 mm; réel 0,1944 mm)
    Rule: netclasse 'HDMI_MIPI_100R'; error
    @(164.9141 mm, 93.9713 mm): Track [HDMI_R_D0_N] on PWR_SIG2, length 20.4573 mm
    @(178.7066 mm, 107.3149 mm): Track [HDMI_R_CLK_N] on PWR_SIG2, length 13.5680 mm
[clearance]: Violation d'isolation (netclasse 'HDMI_MIPI_100R' (paire diff) isolation 0,1500 mm; réel 0,1076 mm)
    Rule: netclasse 'HDMI_MIPI_100R' (paire diff); error
    @(165.1000 mm, 93.3000 mm): Pad 158 [HDMI_R_D0_P] of Module1 on B.Cu
    @(164.9141 mm, 93.9713 mm): Via [HDMI_R_D0_N] on F.Cu - B.Cu
[clearance]: Violation d'isolation (netclasse 'HDMI_MIPI_100R' isolation 0,2000 mm; réel 0,1700 mm)
    Rule: netclasse 'HDMI_MIPI_100R'; error
    @(197.0000 mm, 100.0000 mm): Track [PWR_KEY_GPIO26_N] on GND1, length 26.1630 mm
    @(189.3772 mm, 106.9228 mm): Via [R_DSIA_D3_N] on F.Cu - B.Cu
[clearance]: Violation d'isolation (netclasse 'HDMI_MIPI_100R' isolation 0,2000 mm; réel 0,1918 mm)
    Rule: netclasse 'HDMI_MIPI_100R'; error
    @(193.4500 mm, 107.4000 mm): Track [HDMI_R_D0_N] on F.Cu, length 0.9523 mm
    @(193.7750 mm, 107.2798 mm): Track [HDMI_R_CLK_N] on F.Cu, length 0.2896 mm
[clearance]: Violation d'isolation (netclasse 'HDMI_MIPI_100R' isolation 0,2000 mm; réel 0,0772 mm)
    Rule: netclasse 'HDMI_MIPI_100R'; error
    @(163.8657 mm, 93.6076 mm): Track [HDMI_R_CLK_N] on PWR_SIG2, length 1.2093 mm
    @(164.9141 mm, 93.9713 mm): Via [HDMI_R_D0_N] on F.Cu - B.Cu
[clearance]: Violation d'isolation (netclasse 'HDMI_MIPI_100R' isolation 0,2000 mm; réel 0,0879 mm)
    Rule: netclasse 'HDMI_MIPI_100R'; error
    @(165.2790 mm, 93.8873 mm): Track [HDMI_R_CLK_N] on PWR_SIG2, length 18.9895 mm
    @(164.9141 mm, 93.9713 mm): Via [HDMI_R_D0_N] on F.Cu - B.Cu
[clearance]: Violation d'isolation (netclasse 'HDMI_MIPI_100R' isolation 0,2000 mm; réel 0,0844 mm)
    Rule: netclasse 'HDMI_MIPI_100R'; error
    @(165.0750 mm, 93.6076 mm): Track [HDMI_R_CLK_N] on PWR_SIG2, length 0.2885 mm
    @(164.9141 mm, 93.9713 mm): Via [HDMI_R_D0_N] on F.Cu - B.Cu
[clearance]: Violation d'isolation (netclasse 'HDMI_MIPI_100R' (paire diff) isolation 0,1500 mm; réel 0,1388 mm)
    Rule: netclasse 'HDMI_MIPI_100R' (paire diff); error
    @(164.1462 mm, 94.0329 mm): Via [HDMI_R_CLK_P] on F.Cu - B.Cu
    @(163.8657 mm, 93.6076 mm): Track [HDMI_R_CLK_N] on PWR_SIG2, length 1.2093 mm
[clearance]: Violation d'isolation (netclasse 'HDMI_MIPI_100R' isolation 0,2000 mm; réel 0,0946 mm)
    Rule: netclasse 'HDMI_MIPI_100R'; error
    @(165.2790 mm, 93.8873 mm): Track [HDMI_R_CLK_N] on PWR_SIG2, length 18.9895 mm
    @(165.9000 mm, 93.9694 mm): Via [HDMI_R_D1_N] on F.Cu - B.Cu
[clearance]: Violation d'isolation (netclasse 'HDMI_MIPI_100R' isolation 0,2000 mm; réel 0,0800 mm)
    Rule: netclasse 'HDMI_MIPI_100R'; error
    @(186.2884 mm, 106.9484 mm): Via [R_DSIA_D3_P] on F.Cu - B.Cu
    @(178.7066 mm, 107.3149 mm): Track [HDMI_R_CLK_N] on PWR_SIG2, length 13.5680 mm
[clearance]: Violation d'isolation (netclasse 'HDMI_MIPI_100R' isolation 0,2000 mm; réel 0,0879 mm)
    Rule: netclasse 'HDMI_MIPI_100R'; error
    @(165.2790 mm, 93.8116 mm): Track [HDMI_R_CLK_N] on PWR_SIG2, length 0.0757 mm
    @(164.9141 mm, 93.9713 mm): Via [HDMI_R_D0_N] on F.Cu - B.Cu
[clearance]: Violation d'isolation (netclasse 'HDMI_MIPI_100R' isolation 0,2000 mm; réel 0,1056 mm)
    Rule: netclasse 'HDMI_MIPI_100R'; error
    @(178.7066 mm, 107.3149 mm): Track [HDMI_R_CLK_N] on PWR_SIG2, length 13.5680 mm
    @(189.3772 mm, 106.9228 mm): Via [R_DSIA_D3_N] on F.Cu - B.Cu
[clearance]: Violation d'isolation (netclasse 'HDMI_MIPI_100R' (paire diff) isolation 0,1500 mm; réel 0,1210 mm)
    Rule: netclasse 'HDMI_MIPI_100R' (paire diff); error
    @(187.7954 mm, 106.5278 mm): Via [R_DSIA_D2_N] on F.Cu - B.Cu
    @(188.2500 mm, 106.7500 mm): Pad E10 [R_DSIA_D2_P] of U202 on F.Cu
[clearance]: Violation d'isolation (netclasse 'HDMI_MIPI_100R' isolation 0,2000 mm; réel 0,1250 mm)
    Rule: netclasse 'HDMI_MIPI_100R'; error
    @(194.1000 mm, 107.4000 mm): Pad D1 [HDMI_R_D0_P] of U202 on F.Cu
    @(193.7750 mm, 107.2798 mm): Track [HDMI_R_CLK_N] on F.Cu, length 0.2896 mm
[clearance]: Violation d'isolation (netclasse 'HDMI_MIPI_100R' isolation 0,2000 mm; réel 0,0933 mm)
    Rule: netclasse 'HDMI_MIPI_100R'; error
    @(193.4500 mm, 107.4000 mm): Pad D2 [HDMI_R_D0_N] of U202 on F.Cu
    @(193.7750 mm, 107.2798 mm): Track [HDMI_R_CLK_N] on F.Cu, length 0.2896 mm
[clearance]: Violation d'isolation (netclasse 'HDMI_MIPI_100R' isolation 0,2000 mm; réel 0,1035 mm)
    Rule: netclasse 'HDMI_MIPI_100R'; error
    @(193.7750 mm, 107.7250 mm): Track [HDMI_R_CLK_N] on F.Cu, length 0.4452 mm
    @(194.1000 mm, 107.4000 mm): Pad D1 [HDMI_R_D0_P] of U202 on F.Cu
[clearance]: Violation d'isolation (netclasse 'HDMI_MIPI_100R' isolation 0,2000 mm; réel 0,1777 mm)
    Rule: netclasse 'HDMI_MIPI_100R'; error
    @(193.4500 mm, 106.7500 mm): Pad E2 [HDMI_R_D1_N] of U202 on F.Cu
    @(192.8895 mm, 106.7000 mm): Via [HDMI_R_CLK_N] on F.Cu - B.Cu
[clearance]: Violation d'isolation (netclasse 'HDMI_MIPI_100R' isolation 0,2000 mm; réel 0,1250 mm)
    Rule: netclasse 'HDMI_MIPI_100R'; error
    @(193.4500 mm, 106.7500 mm): Pad E2 [HDMI_R_D1_N] of U202 on F.Cu
    @(193.7750 mm, 107.2798 mm): Track [HDMI_R_CLK_N] on F.Cu, length 0.2896 mm
[clearance]: Violation d'isolation (netclasse 'HDMI_MIPI_100R' isolation 0,2000 mm; réel 0,1527 mm)
    Rule: netclasse 'HDMI_MIPI_100R'; error
    @(193.4500 mm, 107.4000 mm): Pad D2 [HDMI_R_D0_N] of U202 on F.Cu
    @(193.2645 mm, 107.0750 mm): Track [HDMI_R_CLK_N] on F.Cu, length 0.5303 mm
[clearance]: Violation d'isolation (netclasse 'HDMI_MIPI_100R' isolation 0,2000 mm; réel 0,1035 mm)
    Rule: netclasse 'HDMI_MIPI_100R'; error
    @(193.4500 mm, 107.4000 mm): Pad D2 [HDMI_R_D0_N] of U202 on F.Cu
    @(193.5702 mm, 107.0750 mm): Track [HDMI_R_CLK_N] on F.Cu, length 0.3057 mm
[clearance]: Violation d'isolation (netclasse 'HDMI_MIPI_100R' isolation 0,2000 mm; réel 0,1395 mm)
    Rule: netclasse 'HDMI_MIPI_100R'; error
    @(193.4500 mm, 106.7500 mm): Pad E2 [HDMI_R_D1_N] of U202 on F.Cu
    @(193.2645 mm, 107.0750 mm): Track [HDMI_R_CLK_N] on F.Cu, length 0.5303 mm
[clearance]: Violation d'isolation (netclasse 'HDMI_MIPI_100R' isolation 0,2000 mm; réel 0,1035 mm)
    Rule: netclasse 'HDMI_MIPI_100R'; error
    @(193.4500 mm, 106.7500 mm): Pad E2 [HDMI_R_D1_N] of U202 on F.Cu
    @(193.5702 mm, 107.0750 mm): Track [HDMI_R_CLK_N] on F.Cu, length 0.3057 mm
[clearance]: Violation d'isolation (netclasse 'HDMI_MIPI_100R' isolation 0,2000 mm; réel 0,1035 mm)
    Rule: netclasse 'HDMI_MIPI_100R'; error
    @(193.7750 mm, 107.7250 mm): Track [HDMI_R_CLK_N] on F.Cu, length 0.4452 mm
    @(193.4500 mm, 107.4000 mm): Pad D2 [HDMI_R_D0_N] of U202 on F.Cu
[clearance]: Violation d'isolation (netclasse 'HDMI_MIPI_100R' isolation 0,2000 mm; réel 0,1568 mm)
    Rule: netclasse 'HDMI_MIPI_100R'; error
    @(212.3500 mm, 103.0000 mm): Pad 1 [SW1] of L3 on B.Cu
    @(212.4512 mm, 105.6318 mm): Via [R_DSIB_D0_N] on F.Cu - B.Cu
[clearance]: Violation d'isolation (netclasse 'HDMI_MIPI_100R' isolation 0,2000 mm; réel 0,1617 mm)
    Rule: netclasse 'HDMI_MIPI_100R'; error
    @(164.3000 mm, 93.3000 mm): Pad 162 [GND] of Module1 on B.Cu
    @(164.1462 mm, 94.0329 mm): Via [HDMI_R_CLK_P] on F.Cu - B.Cu
[clearance]: Violation d'isolation (netclasse 'HDMI_MIPI_100R' isolation 0,2000 mm; réel 0,1757 mm)
    Rule: netclasse 'HDMI_MIPI_100R'; error
    @(194.1000 mm, 109.3500 mm): Pad A1 [R_REXT] of U202 on F.Cu
    @(192.2337 mm, 111.7780 mm): Track [HDMI_R_CLK_P] on F.Cu, length 3.1591 mm
[clearance]: Violation d'isolation (netclasse 'HDMI_MIPI_100R' isolation 0,2000 mm; réel 0,1460 mm)
    Rule: netclasse 'HDMI_MIPI_100R'; error
    @(194.4675 mm, 109.5442 mm): Track [HDMI_R_CLK_P] on F.Cu, length 1.1267 mm
    @(194.1000 mm, 109.3500 mm): Pad A1 [R_REXT] of U202 on F.Cu
[clearance]: Violation d'isolation (netclasse 'HDMI_MIPI_100R' isolation 0,2000 mm; réel 0,0752 mm)
    Rule: netclasse 'HDMI_MIPI_100R'; error
    @(188.2167 mm, 111.7780 mm): Track [HDMI_R_CLK_P] on F.Cu, length 4.0170 mm
    @(191.0279 mm, 111.4163 mm): Via [R_DSIB_D3_N] on F.Cu - B.Cu
[clearance]: Violation d'isolation (netclasse 'HDMI_MIPI_100R' isolation 0,2000 mm; réel 0,1460 mm)
    Rule: netclasse 'HDMI_MIPI_100R'; error
    @(194.1000 mm, 108.7000 mm): Pad B1 [R_3V3_HDMI] of U202 on F.Cu
    @(194.4675 mm, 109.5442 mm): Track [HDMI_R_CLK_P] on F.Cu, length 1.1267 mm
[clearance]: Violation d'isolation (netclasse 'HDMI_MIPI_100R' isolation 0,2000 mm; réel 0,1273 mm)
    Rule: netclasse 'HDMI_MIPI_100R'; error
    @(190.1800 mm, 108.0700 mm): Via [R_DSIB_D1_N] on F.Cu - B.Cu
    @(189.6027 mm, 108.0751 mm): Via [R_DSIB_D0_N] on F.Cu - B.Cu
[clearance]: Violation d'isolation (netclasse 'HDMI_MIPI_100R' isolation 0,2000 mm; réel 0,1181 mm)
    Rule: netclasse 'HDMI_MIPI_100R'; error
    @(189.6027 mm, 108.0751 mm): Via [R_DSIB_D0_N] on F.Cu - B.Cu
    @(189.5500 mm, 108.7000 mm): Track [R_DSIB_D1_N] on F.Cu, length 0.8910 mm
[clearance]: Violation d'isolation (netclasse 'HDMI_MIPI_100R' isolation 0,2000 mm; réel 0,1543 mm)
    Rule: netclasse 'HDMI_MIPI_100R'; error
    @(197.0000 mm, 100.0000 mm): Track [PWR_KEY_GPIO26_N] on GND1, length 26.1630 mm
    @(189.6027 mm, 108.0751 mm): Via [R_DSIB_D0_N] on F.Cu - B.Cu
[clearance]: Violation d'isolation (netclasse 'HDMI_MIPI_100R' isolation 0,2000 mm; réel 0,1004 mm)
    Rule: netclasse 'HDMI_MIPI_100R'; error
    @(209.0344 mm, 101.9577 mm): Via [R_DSIB_D2_N] on F.Cu - B.Cu
    @(209.3874 mm, 102.3800 mm): Via [R_DSIA_D2_N] on F.Cu - B.Cu
[clearance]: Violation d'isolation (netclasse 'HDMI_MIPI_100R' isolation 0,2000 mm; réel 0,1273 mm)
    Rule: netclasse 'HDMI_MIPI_100R'; error
    @(190.1800 mm, 108.0700 mm): Via [R_DSIB_D1_N] on F.Cu - B.Cu
    @(189.6027 mm, 108.0751 mm): Via [R_DSIB_D0_N] on F.Cu - B.Cu
[clearance]: Violation d'isolation (netclasse 'HDMI_MIPI_100R' isolation 0,2000 mm; réel 0,1004 mm)
    Rule: netclasse 'HDMI_MIPI_100R'; error
    @(209.0344 mm, 101.9577 mm): Via [R_DSIB_D2_N] on F.Cu - B.Cu
    @(209.3874 mm, 102.3800 mm): Via [R_DSIA_D2_N] on F.Cu - B.Cu
[clearance]: Violation d'isolation (netclasse 'HDMI_MIPI_100R' isolation 0,2000 mm; réel 0,1594 mm)
    Rule: netclasse 'HDMI_MIPI_100R'; error
    @(207.6500 mm, 103.0000 mm): Pad 2 [SW2] of L3 on B.Cu
    @(209.0344 mm, 101.9577 mm): Via [R_DSIB_D2_N] on F.Cu - B.Cu
[clearance]: Violation d'isolation (netclasse 'HDMI_MIPI_100R' isolation 0,2000 mm; réel 0,1673 mm)
    Rule: netclasse 'HDMI_MIPI_100R'; error
    @(208.6000 mm, 102.9600 mm): Track [R_DSIA_D2_N] on F.Cu, length 0.1573 mm
    @(208.2500 mm, 102.7421 mm): Track [R_DSIB_D2_N] on F.Cu, length 1.1093 mm
[clearance]: Violation d'isolation (netclasse 'HDMI_MIPI_100R' isolation 0,2000 mm; réel 0,1273 mm)
    Rule: netclasse 'HDMI_MIPI_100R'; error
    @(190.1800 mm, 108.0700 mm): Via [R_DSIB_D1_N] on F.Cu - B.Cu
    @(189.6027 mm, 108.0751 mm): Via [R_DSIB_D0_N] on F.Cu - B.Cu
[clearance]: Violation d'isolation (netclasse 'HDMI_MIPI_100R' isolation 0,2000 mm; réel 0,1673 mm)
    Rule: netclasse 'HDMI_MIPI_100R'; error
    @(208.6000 mm, 102.8027 mm): Track [R_DSIA_D2_N] on F.Cu, length 0.5978 mm
    @(208.2500 mm, 102.7421 mm): Track [R_DSIB_D2_N] on F.Cu, length 1.1093 mm
[clearance]: Violation d'isolation (netclasse 'HDMI_MIPI_100R' isolation 0,2000 mm; réel 0,1673 mm)
    Rule: netclasse 'HDMI_MIPI_100R'; error
    @(209.0227 mm, 102.3800 mm): Track [R_DSIA_D2_N] on F.Cu, length 0.3647 mm
    @(208.2500 mm, 102.7421 mm): Track [R_DSIB_D2_N] on F.Cu, length 1.1093 mm
[clearance]: Violation d'isolation (netclasse 'HDMI_MIPI_100R' isolation 0,2000 mm; réel 0,1004 mm)
    Rule: netclasse 'HDMI_MIPI_100R'; error
    @(209.0344 mm, 101.9577 mm): Via [R_DSIB_D2_N] on F.Cu - B.Cu
    @(209.3874 mm, 102.3800 mm): Via [R_DSIA_D2_N] on F.Cu - B.Cu
[clearance]: Violation d'isolation (netclasse 'HDMI_MIPI_100R' isolation 0,2000 mm; réel 0,1273 mm)
    Rule: netclasse 'HDMI_MIPI_100R'; error
    @(190.1800 mm, 108.0700 mm): Via [R_DSIB_D1_N] on F.Cu - B.Cu
    @(189.6027 mm, 108.0751 mm): Via [R_DSIB_D0_N] on F.Cu - B.Cu
[clearance]: Violation d'isolation (netclasse 'HDMI_MIPI_100R' isolation 0,2000 mm; réel 0,1273 mm)
    Rule: netclasse 'HDMI_MIPI_100R'; error
    @(190.1800 mm, 108.0700 mm): Via [R_DSIB_D1_N] on F.Cu - B.Cu
    @(189.6027 mm, 108.0751 mm): Via [R_DSIB_D0_N] on F.Cu - B.Cu
[clearance]: Violation d'isolation (netclasse 'HDMI_MIPI_100R' isolation 0,2000 mm; réel 0,1273 mm)
    Rule: netclasse 'HDMI_MIPI_100R'; error
    @(190.1800 mm, 108.0700 mm): Via [R_DSIB_D1_N] on F.Cu - B.Cu
    @(189.6027 mm, 108.0751 mm): Via [R_DSIB_D0_N] on F.Cu - B.Cu
[clearance]: Violation d'isolation (netclasse 'HDMI_MIPI_100R' (paire diff) isolation 0,1500 mm; réel 0,1035 mm)
    Rule: netclasse 'HDMI_MIPI_100R' (paire diff); error
    @(191.1750 mm, 110.5069 mm): Track [R_DSIB_D2_N] on F.Cu, length 1.4819 mm
    @(190.8500 mm, 109.3500 mm): Pad A6 [R_DSIB_D2_P] of U202 on F.Cu
[clearance]: Violation d'isolation (netclasse 'HDMI_MIPI_100R' isolation 0,2000 mm; réel 0,1945 mm)
    Rule: netclasse 'HDMI_MIPI_100R'; error
    @(191.1750 mm, 109.0250 mm): Track [R_DSIB_D2_N] on F.Cu, length 0.4596 mm
    @(190.5325 mm, 108.5262 mm): Track [R_DSIB_D3_N] on F.Cu, length 2.1040 mm
[clearance]: Violation d'isolation (netclasse 'PCIE_85R' isolation 0,2000 mm; réel 0,1915 mm)
    Rule: netclasse 'PCIE_85R'; error
    @(202.1548 mm, 109.5468 mm): Via [R_DSIB_D3_N] on F.Cu - B.Cu
    @(201.5000 mm, 109.9600 mm): Pad 1 [PCIE_RX_USB3_P] of C55 on F.Cu
[clearance]: Violation d'isolation (netclasse 'HDMI_MIPI_100R' isolation 0,2000 mm; réel 0,0996 mm)
    Rule: netclasse 'HDMI_MIPI_100R'; error
    @(212.4512 mm, 105.6318 mm): Via [R_DSIB_D0_N] on F.Cu - B.Cu
    @(212.1000 mm, 105.4713 mm): Track [R_DSIB_D3_N] on F.Cu, length 0.9713 mm
[clearance]: Violation d'isolation (netclasse 'HDMI_MIPI_100R' isolation 0,2000 mm; réel 0,1110 mm)
    Rule: netclasse 'HDMI_MIPI_100R'; error
    @(190.2000 mm, 109.3500 mm): Pad A7 [R_DSIB_CLK_P] of U202 on F.Cu
    @(190.5325 mm, 108.5262 mm): Track [R_DSIB_D3_N] on F.Cu, length 2.1040 mm
[clearance]: Violation d'isolation (netclasse 'HDMI_MIPI_100R' isolation 0,2000 mm; réel 0,1035 mm)
    Rule: netclasse 'HDMI_MIPI_100R'; error
    @(191.1750 mm, 110.5069 mm): Track [R_DSIB_D2_N] on F.Cu, length 1.4819 mm
    @(191.5000 mm, 109.3500 mm): Pad A5 [R_DSIB_D3_P] of U202 on F.Cu
[clearance]: Violation d'isolation (netclasse 'HDMI_MIPI_100R' (paire diff) isolation 0,1500 mm; réel 0,1038 mm)
    Rule: netclasse 'HDMI_MIPI_100R' (paire diff); error
    @(211.7241 mm, 106.0767 mm): Track [R_DSIB_D3_N] on F.Cu, length 0.2295 mm
    @(211.4000 mm, 105.6297 mm): Via [R_DSIB_D3_P] on F.Cu - B.Cu
[clearance]: Violation d'isolation (netclasse 'HDMI_MIPI_100R' (paire diff) isolation 0,1500 mm; réel 0,1038 mm)
    Rule: netclasse 'HDMI_MIPI_100R' (paire diff); error
    @(211.4000 mm, 105.6297 mm): Via [R_DSIB_D3_P] on F.Cu - B.Cu
    @(211.7241 mm, 105.8472 mm): Track [R_DSIB_D3_N] on F.Cu, length 0.5316 mm
[clearance]: Violation d'isolation (netclasse 'HDMI_MIPI_100R' isolation 0,2000 mm; réel 0,1110 mm)
    Rule: netclasse 'HDMI_MIPI_100R'; error
    @(190.5325 mm, 108.5262 mm): Track [R_DSIB_D3_N] on F.Cu, length 2.1040 mm
    @(190.2000 mm, 108.7000 mm): Pad B7 [R_DSIB_CLK_N] of U202 on F.Cu
[clearance]: Violation d'isolation (netclasse 'HDMI_MIPI_100R' isolation 0,2000 mm; réel 0,1537 mm)
    Rule: netclasse 'HDMI_MIPI_100R'; error
    @(190.6912 mm, 108.3675 mm): Track [R_DSIB_D3_N] on F.Cu, length 0.2244 mm
    @(190.2000 mm, 108.7000 mm): Pad B7 [R_DSIB_CLK_N] of U202 on F.Cu
[clearance]: Violation d'isolation (netclasse 'HDMI_MIPI_100R' isolation 0,2000 mm; réel 0,0996 mm)
    Rule: netclasse 'HDMI_MIPI_100R'; error
    @(211.7241 mm, 105.8472 mm): Track [R_DSIB_D3_N] on F.Cu, length 0.5316 mm
    @(212.4512 mm, 105.6318 mm): Via [R_DSIB_D0_N] on F.Cu - B.Cu
[clearance]: Violation d'isolation (netclasse 'HDMI_MIPI_100R' isolation 0,2000 mm; réel 0,1680 mm)
    Rule: netclasse 'HDMI_MIPI_100R'; error
    @(191.5162 mm, 108.0734 mm): Via [HDMI_R_D0_N] on F.Cu - B.Cu
    @(191.5000 mm, 108.7000 mm): Track [R_DSIB_D3_N] on F.Cu, length 0.4702 mm
[clearance]: Violation d'isolation (netclasse 'HDMI_MIPI_100R' isolation 0,2000 mm; réel 0,1259 mm)
    Rule: netclasse 'HDMI_MIPI_100R'; error
    @(190.8500 mm, 108.7000 mm): Pad B6 [R_DSIB_D2_N] of U202 on F.Cu
    @(190.6912 mm, 108.3675 mm): Track [R_DSIB_D3_N] on F.Cu, length 0.2244 mm
[clearance]: Violation d'isolation (netclasse 'HDMI_MIPI_100R' isolation 0,2000 mm; réel 0,0757 mm)
    Rule: netclasse 'HDMI_MIPI_100R'; error
    @(190.5325 mm, 110.6302 mm): Track [R_DSIB_D3_N] on F.Cu, length 0.1949 mm
    @(190.7866 mm, 110.8884 mm): Via [R_DSIB_D2_P] on F.Cu - B.Cu
[clearance]: Violation d'isolation (netclasse 'HDMI_MIPI_100R' isolation 0,2000 mm; réel 0,1054 mm)
    Rule: netclasse 'HDMI_MIPI_100R'; error
    @(190.3947 mm, 110.7680 mm): Track [R_DSIB_D3_N] on F.Cu, length 0.2717 mm
    @(190.7866 mm, 110.8884 mm): Via [R_DSIB_D2_P] on F.Cu - B.Cu
[clearance]: Violation d'isolation (netclasse 'HDMI_MIPI_100R' isolation 0,2000 mm; réel 0,0960 mm)
    Rule: netclasse 'HDMI_MIPI_100R'; error
    @(190.8500 mm, 109.3500 mm): Pad A6 [R_DSIB_D2_P] of U202 on F.Cu
    @(190.5325 mm, 108.5262 mm): Track [R_DSIB_D3_N] on F.Cu, length 2.1040 mm
[clearance]: Violation d'isolation (netclasse 'HDMI_MIPI_100R' isolation 0,2000 mm; réel 0,0960 mm)
    Rule: netclasse 'HDMI_MIPI_100R'; error
    @(190.8500 mm, 108.7000 mm): Pad B6 [R_DSIB_D2_N] of U202 on F.Cu
    @(190.5325 mm, 108.5262 mm): Track [R_DSIB_D3_N] on F.Cu, length 2.1040 mm
[clearance]: Violation d'isolation (netclasse 'HDMI_MIPI_100R' isolation 0,2000 mm; réel 0,0758 mm)
    Rule: netclasse 'HDMI_MIPI_100R'; error
    @(190.7866 mm, 110.8884 mm): Via [R_DSIB_D2_P] on F.Cu - B.Cu
    @(190.5325 mm, 108.5262 mm): Track [R_DSIB_D3_N] on F.Cu, length 2.1040 mm
[clearance]: Violation d'isolation (netclasse 'HDMI_MIPI_100R' isolation 0,2000 mm; réel 0,0976 mm)
    Rule: netclasse 'HDMI_MIPI_100R'; error
    @(190.3947 mm, 111.0397 mm): Track [R_DSIB_D3_N] on F.Cu, length 0.5326 mm
    @(190.7866 mm, 110.8884 mm): Via [R_DSIB_D2_P] on F.Cu - B.Cu
[clearance]: Violation d'isolation (netclasse 'HDMI_MIPI_100R' isolation 0,2000 mm; réel 0,1519 mm)
    Rule: netclasse 'HDMI_MIPI_100R'; error
    @(209.3000 mm, 105.3068 mm): Via [R_DSIB_CLK_P] on F.Cu - B.Cu
    @(208.3838 mm, 105.6030 mm): Track [R_DSIB_D0_P] on PWR_SIG2, length 1.3336 mm
[clearance]: Violation d'isolation (netclasse 'HDMI_MIPI_100R' isolation 0,2000 mm; réel 0,1110 mm)
    Rule: netclasse 'HDMI_MIPI_100R'; error
    @(190.8500 mm, 108.7000 mm): Pad B6 [R_DSIB_D2_N] of U202 on F.Cu
    @(191.1675 mm, 108.3675 mm): Track [R_DSIB_D3_N] on F.Cu, length 0.4763 mm
[clearance]: Violation d'isolation (netclasse 'HDMI_MIPI_100R' isolation 0,2000 mm; réel 0,0953 mm)
    Rule: netclasse 'HDMI_MIPI_100R'; error
    @(210.2681 mm, 103.9805 mm): Via [R_DSIB_CLK_N] on F.Cu - B.Cu
    @(210.1286 mm, 104.6600 mm): Track [R_DSIB_D0_P] on PWR_SIG2, length 1.1862 mm
[clearance]: Violation d'isolation (netclasse 'HDMI_MIPI_100R' isolation 0,2000 mm; réel 0,1210 mm)
    Rule: netclasse 'HDMI_MIPI_100R'; error
    @(213.3526 mm, 100.3773 mm): Track [R_DSIA_D3_N] on PWR_SIG2, length 7.0452 mm
    @(194.4982 mm, 105.6030 mm): Track [R_DSIB_D0_P] on PWR_SIG2, length 13.8856 mm
[clearance]: Violation d'isolation (netclasse 'HDMI_MIPI_100R' isolation 0,2000 mm; réel 0,1697 mm)
    Rule: netclasse 'HDMI_MIPI_100R'; error
    @(191.1675 mm, 108.3675 mm): Track [R_DSIB_D3_N] on F.Cu, length 0.4763 mm
    @(191.5162 mm, 108.0734 mm): Via [HDMI_R_D0_N] on F.Cu - B.Cu
[clearance]: Violation d'isolation (netclasse 'HDMI_MIPI_100R' isolation 0,2000 mm; réel 0,1377 mm)
    Rule: netclasse 'HDMI_MIPI_100R'; error
    @(210.3500 mm, 105.0218 mm): Via [R_DSIB_D1_N] on F.Cu - B.Cu
    @(210.1286 mm, 104.6600 mm): Track [R_DSIB_D0_P] on PWR_SIG2, length 1.1862 mm
[clearance]: Violation d'isolation (netclasse 'HDMI_MIPI_100R' isolation 0,2000 mm; réel 0,0753 mm)
    Rule: netclasse 'HDMI_MIPI_100R'; error
    @(191.5162 mm, 108.0734 mm): Via [HDMI_R_D0_N] on F.Cu - B.Cu
    @(190.6494 mm, 109.4518 mm): Track [R_DSIB_D0_P] on PWR_SIG2, length 5.4430 mm
[clearance]: Violation d'isolation (netclasse 'HDMI_MIPI_100R' isolation 0,2000 mm; réel 0,0886 mm)
    Rule: netclasse 'HDMI_MIPI_100R'; error
    @(189.7466 mm, 109.8269 mm): Via [R_DSIB_D1_P] on F.Cu - B.Cu
    @(189.2752 mm, 109.4518 mm): Track [R_DSIB_D0_P] on PWR_SIG2, length 1.3742 mm
[clearance]: Violation d'isolation (netclasse 'HDMI_MIPI_100R' isolation 0,2000 mm; réel 0,0587 mm)
    Rule: netclasse 'HDMI_MIPI_100R'; error
    @(213.3526 mm, 100.3773 mm): Track [R_DSIA_D3_N] on PWR_SIG2, length 7.0452 mm
    @(208.3838 mm, 105.6030 mm): Track [R_DSIB_D0_P] on PWR_SIG2, length 1.3336 mm
[clearance]: Violation d'isolation (netclasse 'HDMI_MIPI_100R' isolation 0,2000 mm; réel 0,1377 mm)
    Rule: netclasse 'HDMI_MIPI_100R'; error
    @(210.3500 mm, 105.0218 mm): Via [R_DSIB_D1_N] on F.Cu - B.Cu
    @(209.3268 mm, 104.6600 mm): Track [R_DSIB_D0_P] on PWR_SIG2, length 0.8018 mm
[clearance]: Violation d'isolation (netclasse 'HDMI_MIPI_100R' isolation 0,2000 mm; réel 0,0753 mm)
    Rule: netclasse 'HDMI_MIPI_100R'; error
    @(192.8895 mm, 106.7000 mm): Via [HDMI_R_CLK_N] on F.Cu - B.Cu
    @(190.6494 mm, 109.4518 mm): Track [R_DSIB_D0_P] on PWR_SIG2, length 5.4430 mm
[clearance]: Violation d'isolation (netclasse 'HDMI_MIPI_100R' isolation 0,2000 mm; réel 0,0587 mm)
    Rule: netclasse 'HDMI_MIPI_100R'; error
    @(208.3838 mm, 105.6030 mm): Track [R_DSIB_D0_P] on PWR_SIG2, length 1.3336 mm
    @(208.3709 mm, 105.3590 mm): Track [R_DSIA_D3_N] on PWR_SIG2, length 15.6561 mm
[clearance]: Violation d'isolation (netclasse 'HDMI_MIPI_100R' isolation 0,2000 mm; réel 0,0587 mm)
    Rule: netclasse 'HDMI_MIPI_100R'; error
    @(213.3526 mm, 100.3773 mm): Track [R_DSIA_D3_N] on PWR_SIG2, length 7.0452 mm
    @(209.3268 mm, 104.6600 mm): Track [R_DSIB_D0_P] on PWR_SIG2, length 0.8018 mm
[clearance]: Violation d'isolation (netclasse 'HDMI_MIPI_100R' isolation 0,2000 mm; réel 0,1424 mm)
    Rule: netclasse 'HDMI_MIPI_100R'; error
    @(208.3838 mm, 105.6030 mm): Track [R_DSIB_D0_P] on PWR_SIG2, length 1.3336 mm
    @(194.6170 mm, 105.8684 mm): Track [R_DSIB_CLK_P] on PWR_SIG2, length 14.1214 mm
[clearance]: Violation d'isolation (netclasse 'HDMI_MIPI_100R' isolation 0,2000 mm; réel 0,1210 mm)
    Rule: netclasse 'HDMI_MIPI_100R'; error
    @(208.3709 mm, 105.3590 mm): Track [R_DSIA_D3_N] on PWR_SIG2, length 15.6561 mm
    @(190.6494 mm, 109.4518 mm): Track [R_DSIB_D0_P] on PWR_SIG2, length 5.4430 mm
[clearance]: Violation d'isolation (netclasse 'HDMI_MIPI_100R' isolation 0,2000 mm; réel 0,1210 mm)
    Rule: netclasse 'HDMI_MIPI_100R'; error
    @(208.3709 mm, 105.3590 mm): Track [R_DSIA_D3_N] on PWR_SIG2, length 15.6561 mm
    @(194.4982 mm, 105.6030 mm): Track [R_DSIB_D0_P] on PWR_SIG2, length 13.8856 mm
[clearance]: Violation d'isolation (netclasse 'HDMI_MIPI_100R' isolation 0,2000 mm; réel 0,1424 mm)
    Rule: netclasse 'HDMI_MIPI_100R'; error
    @(194.4982 mm, 105.6030 mm): Track [R_DSIB_D0_P] on PWR_SIG2, length 13.8856 mm
    @(194.6170 mm, 105.8684 mm): Track [R_DSIB_CLK_P] on PWR_SIG2, length 14.1214 mm
[clearance]: Violation d'isolation (netclasse 'HDMI_MIPI_100R' (paire diff) isolation 0,1500 mm; réel 0,1438 mm)
    Rule: netclasse 'HDMI_MIPI_100R' (paire diff); error
    @(210.3500 mm, 105.0218 mm): Via [R_DSIB_D1_N] on F.Cu - B.Cu
    @(209.8439 mm, 105.3324 mm): Via [R_DSIB_D1_P] on F.Cu - B.Cu
[clearance]: Violation d'isolation (netclasse 'HDMI_MIPI_100R' (paire diff) isolation 0,1500 mm; réel 0,1438 mm)
    Rule: netclasse 'HDMI_MIPI_100R' (paire diff); error
    @(210.3500 mm, 105.0218 mm): Via [R_DSIB_D1_N] on F.Cu - B.Cu
    @(209.8439 mm, 105.3324 mm): Via [R_DSIB_D1_P] on F.Cu - B.Cu
[clearance]: Violation d'isolation (netclasse 'HDMI_MIPI_100R' isolation 0,2000 mm; réel 0,1576 mm)
    Rule: netclasse 'HDMI_MIPI_100R'; error
    @(210.9674 mm, 103.6561 mm): Via [R_DSIB_D0_P] on F.Cu - B.Cu
    @(212.3500 mm, 103.0000 mm): Pad 1 [SW1] of L3 on B.Cu
[clearance]: Violation d'isolation (netclasse 'HDMI_MIPI_100R' isolation 0,2000 mm; réel 0,1019 mm)
    Rule: netclasse 'HDMI_MIPI_100R'; error
    @(209.3000 mm, 105.3068 mm): Via [R_DSIB_CLK_P] on F.Cu - B.Cu
    @(209.6500 mm, 104.5000 mm): Track [R_DSIB_D1_P] on F.Cu, length 0.6385 mm
[clearance]: Violation d'isolation (netclasse 'HDMI_MIPI_100R' (paire diff) isolation 0,1500 mm; réel 0,1438 mm)
    Rule: netclasse 'HDMI_MIPI_100R' (paire diff); error
    @(210.3500 mm, 105.0218 mm): Via [R_DSIB_D1_N] on F.Cu - B.Cu
    @(209.8439 mm, 105.3324 mm): Via [R_DSIB_D1_P] on F.Cu - B.Cu
[clearance]: Violation d'isolation (netclasse 'HDMI_MIPI_100R' isolation 0,2000 mm; réel 0,1019 mm)
    Rule: netclasse 'HDMI_MIPI_100R'; error
    @(209.6500 mm, 105.1385 mm): Track [R_DSIB_D1_P] on F.Cu, length 0.2742 mm
    @(209.3000 mm, 105.3068 mm): Via [R_DSIB_CLK_P] on F.Cu - B.Cu
[clearance]: Violation d'isolation (netclasse 'HDMI_MIPI_100R' (paire diff) isolation 0,1500 mm; réel 0,1438 mm)
    Rule: netclasse 'HDMI_MIPI_100R' (paire diff); error
    @(210.3500 mm, 105.0218 mm): Via [R_DSIB_D1_N] on F.Cu - B.Cu
    @(209.8439 mm, 105.3324 mm): Via [R_DSIB_D1_P] on F.Cu - B.Cu
[clearance]: Violation d'isolation (netclasse 'HDMI_MIPI_100R' isolation 0,2000 mm; réel 0,1487 mm)
    Rule: netclasse 'HDMI_MIPI_100R'; error
    @(189.2752 mm, 109.4518 mm): Track [R_DSIB_D0_P] on PWR_SIG2, length 1.3742 mm
    @(190.1510 mm, 110.3344 mm): Track [R_DSIB_CLK_P] on PWR_SIG2, length 6.3159 mm
[clearance]: Violation d'isolation (netclasse 'HDMI_MIPI_100R' isolation 0,2000 mm; réel 0,1487 mm)
    Rule: netclasse 'HDMI_MIPI_100R'; error
    @(194.6170 mm, 105.8684 mm): Track [R_DSIB_CLK_P] on PWR_SIG2, length 14.1214 mm
    @(190.6494 mm, 109.4518 mm): Track [R_DSIB_D0_P] on PWR_SIG2, length 5.4430 mm
[clearance]: Violation d'isolation (netclasse 'HDMI_MIPI_100R' isolation 0,2000 mm; réel 0,1203 mm)
    Rule: netclasse 'HDMI_MIPI_100R'; error
    @(189.7466 mm, 109.8269 mm): Via [R_DSIB_D1_P] on F.Cu - B.Cu
    @(189.4864 mm, 110.3344 mm): Via [R_DSIB_CLK_P] on F.Cu - B.Cu
[clearance]: Violation d'isolation (netclasse 'HDMI_MIPI_100R' (paire diff) isolation 0,1500 mm; réel 0,1438 mm)
    Rule: netclasse 'HDMI_MIPI_100R' (paire diff); error
    @(210.3500 mm, 105.0218 mm): Via [R_DSIB_D1_N] on F.Cu - B.Cu
    @(209.8439 mm, 105.3324 mm): Via [R_DSIB_D1_P] on F.Cu - B.Cu
[clearance]: Violation d'isolation (netclasse 'HDMI_MIPI_100R' isolation 0,2000 mm; réel 0,0945 mm)
    Rule: netclasse 'HDMI_MIPI_100R'; error
    @(209.3000 mm, 105.3068 mm): Via [R_DSIB_CLK_P] on F.Cu - B.Cu
    @(209.8439 mm, 105.3324 mm): Via [R_DSIB_D1_P] on F.Cu - B.Cu
[clearance]: Violation d'isolation (netclasse 'HDMI_MIPI_100R' (paire diff) isolation 0,1500 mm; réel 0,1438 mm)
    Rule: netclasse 'HDMI_MIPI_100R' (paire diff); error
    @(210.3500 mm, 105.0218 mm): Via [R_DSIB_D1_N] on F.Cu - B.Cu
    @(209.8439 mm, 105.3324 mm): Via [R_DSIB_D1_P] on F.Cu - B.Cu
[clearance]: Violation d'isolation (netclasse 'HDMI_MIPI_100R' isolation 0,2000 mm; réel 0,1487 mm)
    Rule: netclasse 'HDMI_MIPI_100R'; error
    @(190.1510 mm, 110.3344 mm): Track [R_DSIB_CLK_P] on PWR_SIG2, length 6.3159 mm
    @(190.6494 mm, 109.4518 mm): Track [R_DSIB_D0_P] on PWR_SIG2, length 5.4430 mm
[clearance]: Violation d'isolation (netclasse 'HDMI_MIPI_100R' isolation 0,2000 mm; réel 0,0911 mm)
    Rule: netclasse 'HDMI_MIPI_100R'; error
    @(189.7466 mm, 109.8269 mm): Via [R_DSIB_D1_P] on F.Cu - B.Cu
    @(190.2000 mm, 109.9075 mm): Track [R_DSIB_CLK_P] on F.Cu, length 0.6037 mm
[clearance]: Violation d'isolation (netclasse 'HDMI_MIPI_100R' isolation 0,2000 mm; réel 0,1669 mm)
    Rule: netclasse 'HDMI_MIPI_100R'; error
    @(189.7466 mm, 109.8269 mm): Via [R_DSIB_D1_P] on F.Cu - B.Cu
    @(190.2000 mm, 109.3500 mm): Track [R_DSIB_CLK_P] on F.Cu, length 0.5575 mm
[clearance]: Violation d'isolation (netclasse 'HDMI_MIPI_100R' isolation 0,2000 mm; réel 0,0945 mm)
    Rule: netclasse 'HDMI_MIPI_100R'; error
    @(209.3000 mm, 105.3068 mm): Via [R_DSIB_CLK_P] on F.Cu - B.Cu
    @(209.8439 mm, 105.3324 mm): Via [R_DSIB_D1_P] on F.Cu - B.Cu
[clearance]: Violation d'isolation (netclasse 'HDMI_MIPI_100R' isolation 0,2000 mm; réel 0,1424 mm)
    Rule: netclasse 'HDMI_MIPI_100R'; error
    @(194.4982 mm, 105.6030 mm): Track [R_DSIB_D0_P] on PWR_SIG2, length 13.8856 mm
    @(190.1510 mm, 110.3344 mm): Track [R_DSIB_CLK_P] on PWR_SIG2, length 6.3159 mm
[clearance]: Violation d'isolation (netclasse 'HDMI_MIPI_100R' isolation 0,2000 mm; réel 0,0945 mm)
    Rule: netclasse 'HDMI_MIPI_100R'; error
    @(209.3000 mm, 105.3068 mm): Via [R_DSIB_CLK_P] on F.Cu - B.Cu
    @(209.8439 mm, 105.3324 mm): Via [R_DSIB_D1_P] on F.Cu - B.Cu
[clearance]: Violation d'isolation (netclasse 'HDMI_MIPI_100R' isolation 0,2000 mm; réel 0,1203 mm)
    Rule: netclasse 'HDMI_MIPI_100R'; error
    @(189.7466 mm, 109.8269 mm): Via [R_DSIB_D1_P] on F.Cu - B.Cu
    @(189.4864 mm, 110.3344 mm): Via [R_DSIB_CLK_P] on F.Cu - B.Cu
[clearance]: Violation d'isolation (netclasse 'HDMI_MIPI_100R' (paire diff) isolation 0,1500 mm; réel 0,1197 mm)
    Rule: netclasse 'HDMI_MIPI_100R' (paire diff); error
    @(191.1750 mm, 110.5069 mm): Via [R_DSIB_D2_N] on F.Cu - B.Cu
    @(196.8532 mm, 110.9131 mm): Track [R_DSIB_D2_P] on PWR_SIG2, length 6.0419 mm
[clearance]: Violation d'isolation (netclasse 'HDMI_MIPI_100R' isolation 0,2000 mm; réel 0,0945 mm)
    Rule: netclasse 'HDMI_MIPI_100R'; error
    @(209.3000 mm, 105.3068 mm): Via [R_DSIB_CLK_P] on F.Cu - B.Cu
    @(209.8439 mm, 105.3324 mm): Via [R_DSIB_D1_P] on F.Cu - B.Cu
[clearance]: Violation d'isolation (netclasse 'HDMI_MIPI_100R' isolation 0,2000 mm; réel 0,1203 mm)
    Rule: netclasse 'HDMI_MIPI_100R'; error
    @(189.7466 mm, 109.8269 mm): Via [R_DSIB_D1_P] on F.Cu - B.Cu
    @(189.4864 mm, 110.3344 mm): Via [R_DSIB_CLK_P] on F.Cu - B.Cu
[clearance]: Violation d'isolation (netclasse 'HDMI_MIPI_100R' isolation 0,2000 mm; réel 0,0945 mm)
    Rule: netclasse 'HDMI_MIPI_100R'; error
    @(209.3000 mm, 105.3068 mm): Via [R_DSIB_CLK_P] on F.Cu - B.Cu
    @(209.8439 mm, 105.3324 mm): Via [R_DSIB_D1_P] on F.Cu - B.Cu
[clearance]: Violation d'isolation (netclasse 'HDMI_MIPI_100R' isolation 0,2000 mm; réel 0,1615 mm)
    Rule: netclasse 'HDMI_MIPI_100R'; error
    @(207.6500 mm, 103.0000 mm): Pad 2 [SW2] of L3 on B.Cu
    @(206.2635 mm, 104.3327 mm): Via [R_DSIB_D2_P] on F.Cu - B.Cu
[clearance]: Violation d'isolation (netclasse 'HDMI_MIPI_100R' isolation 0,2000 mm; réel 0,0945 mm)
    Rule: netclasse 'HDMI_MIPI_100R'; error
    @(209.3000 mm, 105.3068 mm): Via [R_DSIB_CLK_P] on F.Cu - B.Cu
    @(209.8439 mm, 105.3324 mm): Via [R_DSIB_D1_P] on F.Cu - B.Cu
[clearance]: Violation d'isolation (netclasse 'HDMI_MIPI_100R' isolation 0,2000 mm; réel 0,1203 mm)
    Rule: netclasse 'HDMI_MIPI_100R'; error
    @(189.7466 mm, 109.8269 mm): Via [R_DSIB_D1_P] on F.Cu - B.Cu
    @(189.4864 mm, 110.3344 mm): Via [R_DSIB_CLK_P] on F.Cu - B.Cu
[clearance]: Violation d'isolation (netclasse 'HDMI_MIPI_100R' (paire diff) isolation 0,1500 mm; réel 0,0944 mm)
    Rule: netclasse 'HDMI_MIPI_100R' (paire diff); error
    @(191.1750 mm, 110.5069 mm): Via [R_DSIB_D2_N] on F.Cu - B.Cu
    @(190.7866 mm, 110.8884 mm): Via [R_DSIB_D2_P] on F.Cu - B.Cu
[clearance]: Violation d'isolation (netclasse 'HDMI_MIPI_100R' isolation 0,2000 mm; réel 0,1304 mm)
    Rule: netclasse 'HDMI_MIPI_100R'; error
    @(190.7866 mm, 110.8884 mm): Via [R_DSIB_D2_P] on F.Cu - B.Cu
    @(191.0279 mm, 111.4163 mm): Via [R_DSIB_D3_N] on F.Cu - B.Cu
[clearance]: Violation d'isolation (netclasse 'HDMI_MIPI_100R' isolation 0,2000 mm; réel 0,1304 mm)
    Rule: netclasse 'HDMI_MIPI_100R'; error
    @(190.7866 mm, 110.8884 mm): Via [R_DSIB_D2_P] on F.Cu - B.Cu
    @(191.0279 mm, 111.4163 mm): Via [R_DSIB_D3_N] on F.Cu - B.Cu
[clearance]: Violation d'isolation (netclasse 'HDMI_MIPI_100R' isolation 0,2000 mm; réel 0,1203 mm)
    Rule: netclasse 'HDMI_MIPI_100R'; error
    @(189.7466 mm, 109.8269 mm): Via [R_DSIB_D1_P] on F.Cu - B.Cu
    @(189.4864 mm, 110.3344 mm): Via [R_DSIB_CLK_P] on F.Cu - B.Cu
[clearance]: Violation d'isolation (netclasse 'HDMI_MIPI_100R' isolation 0,2000 mm; réel 0,0663 mm)
    Rule: netclasse 'HDMI_MIPI_100R'; error
    @(194.6170 mm, 105.8684 mm): Track [R_DSIB_CLK_P] on PWR_SIG2, length 14.1214 mm
    @(198.2453 mm, 106.4277 mm): Track [R_DSIB_D3_P] on PWR_SIG2, length 0.5233 mm
[clearance]: Violation d'isolation (netclasse 'HDMI_MIPI_100R' (paire diff) isolation 0,1500 mm; réel 0,0944 mm)
    Rule: netclasse 'HDMI_MIPI_100R' (paire diff); error
    @(191.1750 mm, 110.5069 mm): Via [R_DSIB_D2_N] on F.Cu - B.Cu
    @(190.7866 mm, 110.8884 mm): Via [R_DSIB_D2_P] on F.Cu - B.Cu
[clearance]: Violation d'isolation (netclasse 'HDMI_MIPI_100R' isolation 0,2000 mm; réel 0,1304 mm)
    Rule: netclasse 'HDMI_MIPI_100R'; error
    @(190.7866 mm, 110.8884 mm): Via [R_DSIB_D2_P] on F.Cu - B.Cu
    @(191.0279 mm, 111.4163 mm): Via [R_DSIB_D3_N] on F.Cu - B.Cu
[clearance]: Violation d'isolation (netclasse 'HDMI_MIPI_100R' isolation 0,2000 mm; réel 0,1203 mm)
    Rule: netclasse 'HDMI_MIPI_100R'; error
    @(189.7466 mm, 109.8269 mm): Via [R_DSIB_D1_P] on F.Cu - B.Cu
    @(189.4864 mm, 110.3344 mm): Via [R_DSIB_CLK_P] on F.Cu - B.Cu
[clearance]: Violation d'isolation (netclasse 'HDMI_MIPI_100R' (paire diff) isolation 0,1500 mm; réel 0,0944 mm)
    Rule: netclasse 'HDMI_MIPI_100R' (paire diff); error
    @(191.1750 mm, 110.5069 mm): Via [R_DSIB_D2_N] on F.Cu - B.Cu
    @(190.7866 mm, 110.8884 mm): Via [R_DSIB_D2_P] on F.Cu - B.Cu
[clearance]: Violation d'isolation (netclasse 'HDMI_MIPI_100R' isolation 0,2000 mm; réel 0,1311 mm)
    Rule: netclasse 'HDMI_MIPI_100R'; error
    @(190.8500 mm, 109.3500 mm): Track [R_DSIB_D2_P] on F.Cu, length 0.0897 mm
    @(190.5325 mm, 108.5262 mm): Track [R_DSIB_D3_N] on F.Cu, length 2.1040 mm
[clearance]: Violation d'isolation (netclasse 'HDMI_MIPI_100R' isolation 0,2000 mm; réel 0,0663 mm)
    Rule: netclasse 'HDMI_MIPI_100R'; error
    @(208.7384 mm, 105.8684 mm): Track [R_DSIB_CLK_P] on PWR_SIG2, length 0.7942 mm
    @(198.6153 mm, 106.0577 mm): Track [R_DSIB_D3_P] on PWR_SIG2, length 12.3567 mm
[clearance]: Violation d'isolation (netclasse 'HDMI_MIPI_100R' (paire diff) isolation 0,1500 mm; réel 0,1021 mm)
    Rule: netclasse 'HDMI_MIPI_100R' (paire diff); error
    @(211.7241 mm, 106.0767 mm): Via [R_DSIB_D3_N] on F.Cu - B.Cu
    @(211.4000 mm, 105.6297 mm): Via [R_DSIB_D3_P] on F.Cu - B.Cu
[clearance]: Violation d'isolation (netclasse 'HDMI_MIPI_100R' (paire diff) isolation 0,1500 mm; réel 0,0944 mm)
    Rule: netclasse 'HDMI_MIPI_100R' (paire diff); error
    @(191.1750 mm, 110.5069 mm): Via [R_DSIB_D2_N] on F.Cu - B.Cu
    @(190.7866 mm, 110.8884 mm): Via [R_DSIB_D2_P] on F.Cu - B.Cu
[clearance]: Violation d'isolation (netclasse 'HDMI_MIPI_100R' isolation 0,2000 mm; réel 0,1304 mm)
    Rule: netclasse 'HDMI_MIPI_100R'; error
    @(190.7866 mm, 110.8884 mm): Via [R_DSIB_D2_P] on F.Cu - B.Cu
    @(191.0279 mm, 111.4163 mm): Via [R_DSIB_D3_N] on F.Cu - B.Cu
[clearance]: Violation d'isolation (netclasse 'PCIE_85R' isolation 0,2000 mm; réel 0,1740 mm)
    Rule: netclasse 'PCIE_85R'; error
    @(198.6153 mm, 106.0577 mm): Track [R_DSIB_D3_P] on PWR_SIG2, length 12.3567 mm
    @(201.3882 mm, 106.5182 mm): Via [PCIE_RX_N] on F.Cu - B.Cu
[clearance]: Violation d'isolation (netclasse 'HDMI_MIPI_100R' isolation 0,2000 mm; réel 0,1311 mm)
    Rule: netclasse 'HDMI_MIPI_100R'; error
    @(190.7866 mm, 109.4134 mm): Track [R_DSIB_D2_P] on F.Cu, length 1.4750 mm
    @(190.5325 mm, 108.5262 mm): Track [R_DSIB_D3_N] on F.Cu, length 2.1040 mm
[clearance]: Violation d'isolation (netclasse 'HDMI_MIPI_100R' isolation 0,2000 mm; réel 0,1304 mm)
    Rule: netclasse 'HDMI_MIPI_100R'; error
    @(190.7866 mm, 110.8884 mm): Via [R_DSIB_D2_P] on F.Cu - B.Cu
    @(191.0279 mm, 111.4163 mm): Via [R_DSIB_D3_N] on F.Cu - B.Cu
[clearance]: Violation d'isolation (netclasse 'HDMI_MIPI_100R' isolation 0,2000 mm; réel 0,0663 mm)
    Rule: netclasse 'HDMI_MIPI_100R'; error
    @(198.6153 mm, 106.0577 mm): Track [R_DSIB_D3_P] on PWR_SIG2, length 12.3567 mm
    @(194.6170 mm, 105.8684 mm): Track [R_DSIB_CLK_P] on PWR_SIG2, length 14.1214 mm
[clearance]: Violation d'isolation (netclasse 'HDMI_MIPI_100R' (paire diff) isolation 0,1500 mm; réel 0,1019 mm)
    Rule: netclasse 'HDMI_MIPI_100R' (paire diff); error
    @(190.7866 mm, 109.4134 mm): Track [R_DSIB_D2_P] on F.Cu, length 1.4750 mm
    @(191.1750 mm, 110.5069 mm): Via [R_DSIB_D2_N] on F.Cu - B.Cu
[clearance]: Violation d'isolation (netclasse 'HDMI_MIPI_100R' (paire diff) isolation 0,1500 mm; réel 0,0944 mm)
    Rule: netclasse 'HDMI_MIPI_100R' (paire diff); error
    @(191.1750 mm, 110.5069 mm): Via [R_DSIB_D2_N] on F.Cu - B.Cu
    @(190.7866 mm, 110.8884 mm): Via [R_DSIB_D2_P] on F.Cu - B.Cu
[clearance]: Violation d'isolation (netclasse 'HDMI_MIPI_100R' isolation 0,2000 mm; réel 0,1311 mm)
    Rule: netclasse 'HDMI_MIPI_100R'; error
    @(190.7866 mm, 109.4134 mm): Track [R_DSIB_D2_P] on F.Cu, length 1.4750 mm
    @(190.5325 mm, 110.6302 mm): Track [R_DSIB_D3_N] on F.Cu, length 0.1949 mm
[clearance]: Violation d'isolation (netclasse 'HDMI_MIPI_100R' isolation 0,2000 mm; réel 0,1304 mm)
    Rule: netclasse 'HDMI_MIPI_100R'; error
    @(190.7866 mm, 110.8884 mm): Via [R_DSIB_D2_P] on F.Cu - B.Cu
    @(191.0279 mm, 111.4163 mm): Via [R_DSIB_D3_N] on F.Cu - B.Cu
[clearance]: Violation d'isolation (netclasse 'HDMI_MIPI_100R' (paire diff) isolation 0,1500 mm; réel 0,0944 mm)
    Rule: netclasse 'HDMI_MIPI_100R' (paire diff); error
    @(191.1750 mm, 110.5069 mm): Via [R_DSIB_D2_N] on F.Cu - B.Cu
    @(190.7866 mm, 110.8884 mm): Via [R_DSIB_D2_P] on F.Cu - B.Cu
[clearance]: Violation d'isolation (netclasse 'HDMI_MIPI_100R' (paire diff) isolation 0,1500 mm; réel 0,1021 mm)
    Rule: netclasse 'HDMI_MIPI_100R' (paire diff); error
    @(211.7241 mm, 106.0767 mm): Via [R_DSIB_D3_N] on F.Cu - B.Cu
    @(211.4000 mm, 105.6297 mm): Via [R_DSIB_D3_P] on F.Cu - B.Cu
[clearance]: Violation d'isolation (netclasse 'HDMI_MIPI_100R' isolation 0,2000 mm; réel 0,1606 mm)
    Rule: netclasse 'HDMI_MIPI_100R'; error
    @(192.1652 mm, 109.8954 mm): Via [R_DSIB_D3_P] on F.Cu - B.Cu
    @(192.1500 mm, 109.3500 mm): Pad A4 [R_HPDI] of U202 on F.Cu
[clearance]: Violation d'isolation (netclasse 'HDMI_MIPI_100R' isolation 0,2000 mm; réel 0,1658 mm)
    Rule: netclasse 'HDMI_MIPI_100R'; error
    @(211.4000 mm, 105.6297 mm): Via [R_DSIB_D3_P] on F.Cu - B.Cu
    @(212.3500 mm, 103.0000 mm): Pad 1 [SW1] of L3 on B.Cu
[clearance]: Violation d'isolation (netclasse 'HDMI_MIPI_100R' isolation 0,2000 mm; réel 0,1523 mm)
    Rule: netclasse 'HDMI_MIPI_100R'; error
    @(194.0000 mm, 107.0000 mm): Track [VOL_DOWN_GPIO17_N] on PWR_SIG2, length 26.8701 mm
    @(190.7866 mm, 110.8884 mm): Via [R_DSIB_D2_P] on F.Cu - B.Cu
[clearance]: Violation d'isolation (netclasse 'HDMI_MIPI_100R' isolation 0,2000 mm; réel 0,1572 mm)
    Rule: netclasse 'HDMI_MIPI_100R'; error
    @(191.1750 mm, 110.5069 mm): Via [R_DSIB_D2_N] on F.Cu - B.Cu
    @(194.0000 mm, 107.0000 mm): Track [VOL_DOWN_GPIO17_N] on PWR_SIG2, length 26.8701 mm
[clearance]: Violation d'isolation (netclasse 'HDMI_MIPI_100R' isolation 0,2000 mm; réel 0,1004 mm)
    Rule: netclasse 'HDMI_MIPI_100R'; error
    @(209.0344 mm, 101.9577 mm): Via [R_DSIB_D2_N] on F.Cu - B.Cu
    @(209.3874 mm, 102.3800 mm): Via [R_DSIA_D2_N] on F.Cu - B.Cu
[clearance]: Violation d'isolation (netclasse 'HDMI_MIPI_100R' isolation 0,2000 mm; réel 0,1534 mm)
    Rule: netclasse 'HDMI_MIPI_100R'; error
    @(191.6198 mm, 109.3500 mm): Track [R_DSIB_D3_P] on F.Cu, length 0.7713 mm
    @(192.1500 mm, 109.3500 mm): Pad A4 [R_HPDI] of U202 on F.Cu
[clearance]: Violation d'isolation (netclasse 'PCIE_85R' isolation 0,2000 mm; réel 0,1568 mm)
    Rule: netclasse 'PCIE_85R'; error
    @(201.3882 mm, 106.5182 mm): Via [PCIE_RX_N] on F.Cu - B.Cu
    @(227.8500 mm, 107.0000 mm): Track [VOL_DOWN_GPIO17_N] on PWR_SIG2, length 33.8500 mm
[clearance]: Violation d'isolation (netclasse 'HDMI_MIPI_100R' isolation 0,2000 mm; réel 0,1004 mm)
    Rule: netclasse 'HDMI_MIPI_100R'; error
    @(209.0344 mm, 101.9577 mm): Via [R_DSIB_D2_N] on F.Cu - B.Cu
    @(209.3874 mm, 102.3800 mm): Via [R_DSIA_D2_N] on F.Cu - B.Cu
[clearance]: Violation d'isolation (netclasse 'USB2_90R' isolation 0,2000 mm; réel 0,1578 mm)
    Rule: netclasse 'USB2_90R'; error
    @(119.4991 mm, 114.4500 mm): Via [USB2_HOST_DM] on F.Cu - B.Cu
    @(119.0000 mm, 115.0000 mm): Pad 2 [GND] of C41 on F.Cu
[clearance]: Violation d'isolation (netclasse 'HDMI_MIPI_100R' isolation 0,2000 mm; réel 0,1519 mm)
    Rule: netclasse 'HDMI_MIPI_100R'; error
    @(202.1548 mm, 106.5231 mm): Via [R_DSIB_D3_N] on F.Cu - B.Cu
    @(227.8500 mm, 107.0000 mm): Track [VOL_DOWN_GPIO17_N] on PWR_SIG2, length 33.8500 mm
[clearance]: Violation d'isolation (netclasse 'HDMI_MIPI_100R' isolation 0,2000 mm; réel 0,1588 mm)
    Rule: netclasse 'HDMI_MIPI_100R'; error
    @(227.8500 mm, 107.0000 mm): Track [VOL_DOWN_GPIO17_N] on PWR_SIG2, length 33.8500 mm
    @(196.0791 mm, 106.5162 mm): Via [HDMI_R_D0_P] on F.Cu - B.Cu
[clearance]: Violation d'isolation (netclasse 'USB2_90R' isolation 0,2000 mm; réel 0,1250 mm)
    Rule: netclasse 'USB2_90R'; error
    @(219.9700 mm, 126.8200 mm): Pad A6 [USB2_HOST_DP] of J8 on F.Cu
    @(220.0000 mm, 127.6200 mm): Via [USB2_HOST_DM] on F.Cu - B.Cu
[clearance]: Violation d'isolation (netclasse 'HDMI_MIPI_100R' isolation 0,2000 mm; réel 0,1004 mm)
    Rule: netclasse 'HDMI_MIPI_100R'; error
    @(209.0344 mm, 101.9577 mm): Via [R_DSIB_D2_N] on F.Cu - B.Cu
    @(209.3874 mm, 102.3800 mm): Via [R_DSIA_D2_N] on F.Cu - B.Cu
[clearance]: Violation d'isolation (netclasse 'USB2_90R' isolation 0,2000 mm; réel 0,1937 mm)
    Rule: netclasse 'USB2_90R'; error
    @(220.2200 mm, 128.4300 mm): Pad B6 [USB2_HOST_DP] of J8 on F.Cu
    @(220.0000 mm, 127.6200 mm): Via [USB2_HOST_DM] on F.Cu - B.Cu
[clearance]: Violation d'isolation (netclasse 'USB2_90R' isolation 0,2000 mm; réel 0,1550 mm)
    Rule: netclasse 'USB2_90R'; error
    @(118.0400 mm, 115.0000 mm): Pad 1 [+3V3_AUDIO] of C41 on F.Cu
    @(113.6250 mm, 114.4500 mm): Track [USB2_HOST_DM] on F.Cu, length 5.8741 mm
[clearance]: Violation d'isolation (netclasse 'USB2_90R' isolation 0,2000 mm; réel 0,1550 mm)
    Rule: netclasse 'USB2_90R'; error
    @(119.0000 mm, 115.0000 mm): Pad 2 [GND] of C41 on F.Cu
    @(113.6250 mm, 114.4500 mm): Track [USB2_HOST_DM] on F.Cu, length 5.8741 mm
[clearance]: Violation d'isolation (netclasse 'USB2_90R' isolation 0,2000 mm; réel 0,1714 mm)
    Rule: netclasse 'USB2_90R'; error
    @(209.9500 mm, 115.2500 mm): PTH pad 49 [GND] of U14
    @(209.5526 mm, 114.9361 mm): Track [USB2_HOST_DP] on PWR_SIG2, length 17.5543 mm
[clearance]: Violation d'isolation (netclasse 'USB2_90R' isolation 0,2000 mm; réel 0,1261 mm)
    Rule: netclasse 'USB2_90R'; error
    @(208.3721 mm, 114.5000 mm): Via [PCIE_RX_USB3_N] on F.Cu - B.Cu
    @(209.5526 mm, 114.9361 mm): Track [USB2_HOST_DP] on PWR_SIG2, length 17.5543 mm
[clearance]: Violation d'isolation (netclasse 'USB2_90R' isolation 0,2000 mm; réel 0,1390 mm)
    Rule: netclasse 'USB2_90R'; error
    @(212.5500 mm, 113.9500 mm): PTH pad 49 [GND] of U14
    @(213.2001 mm, 113.9703 mm): Track [USB2_HOST_DP] on PWR_SIG2, length 0.8809 mm
[clearance]: Violation d'isolation (netclasse 'USB2_90R' isolation 0,2000 mm; réel 0,1925 mm)
    Rule: netclasse 'USB2_90R'; error
    @(213.8500 mm, 113.9500 mm): PTH pad 49 [GND] of U14
    @(213.6640 mm, 113.3900 mm): Track [USB2_HOST_DP] on PWR_SIG2, length 0.6561 mm
[clearance]: Violation d'isolation (netclasse 'USB2_90R' isolation 0,2000 mm; réel 0,1680 mm)
    Rule: netclasse 'USB2_90R'; error
    @(209.8955 mm, 114.5932 mm): Track [USB2_HOST_DP] on PWR_SIG2, length 0.4849 mm
    @(209.9500 mm, 115.2500 mm): PTH pad 49 [GND] of U14
[clearance]: Violation d'isolation (netclasse 'USB2_90R' isolation 0,2000 mm; réel 0,1663 mm)
    Rule: netclasse 'USB2_90R'; error
    @(217.3160 mm, 125.9792 mm): Via [USB2_HOST_DP] on F.Cu - B.Cu
    @(217.4700 mm, 126.8200 mm): Pad A1 [GND] of J8 on F.Cu
[clearance]: Violation d'isolation (netclasse 'USB2_90R' isolation 0,2000 mm; réel 0,1536 mm)
    Rule: netclasse 'USB2_90R'; error
    @(197.0000 mm, 103.5000 mm): Track [VOL_UP_GPIO24_N] on PWR_SIG1, length 31.1127 mm
    @(187.5106 mm, 112.3125 mm): Via [USB2_HOST_DP] on F.Cu - B.Cu
[clearance]: Violation d'isolation (netclasse 'PCIE_85R' isolation 0,2000 mm; réel 0,1548 mm)
    Rule: netclasse 'PCIE_85R'; error
    @(199.9500 mm, 108.5000 mm): Pad 2 [GND] of C274 on B.Cu
    @(199.1202 mm, 108.4124 mm): Via [PCIE_RX_P] on F.Cu - B.Cu
[clearance]: Violation d'isolation (netclasse 'PCIE_85R' (paire diff) isolation 0,1500 mm; réel 0,1150 mm)
    Rule: netclasse 'PCIE_85R' (paire diff); error
    @(172.3000 mm, 93.3000 mm): Track [PCIE_RX_P] on B.Cu, length 0.4867 mm
    @(171.9000 mm, 93.9699 mm): Via [PCIE_RX_N] on F.Cu - B.Cu
[clearance]: Violation d'isolation (netclasse 'USB2_90R' isolation 0,2000 mm; réel 0,1587 mm)
    Rule: netclasse 'USB2_90R'; error
    @(217.3160 mm, 113.0000 mm): Via [USB2_HOST_DP] on F.Cu - B.Cu
    @(218.0000 mm, 113.0000 mm): Track [LED_GREEN_GPIO13_N] on GND2, length 3.5355 mm
[clearance]: Violation d'isolation (netclasse 'PCIE_85R' isolation 0,2000 mm; réel 0,1037 mm)
    Rule: netclasse 'PCIE_85R'; error
    @(173.0367 mm, 94.5234 mm): Via [PCIE_RX_P] on F.Cu - B.Cu
    @(173.1000 mm, 93.9733 mm): Via [PCIE_TX_N] on F.Cu - B.Cu
[clearance]: Violation d'isolation (netclasse 'PCIE_85R' (paire diff) isolation 0,1500 mm; réel 0,1200 mm)
    Rule: netclasse 'PCIE_85R' (paire diff); error
    @(208.0985 mm, 114.0000 mm): Via [PCIE_RX_USB3_P] on F.Cu - B.Cu
    @(208.3721 mm, 114.5000 mm): Via [PCIE_RX_USB3_N] on F.Cu - B.Cu
[clearance]: Violation d'isolation (netclasse 'PCIE_85R' isolation 0,2000 mm; réel 0,1037 mm)
    Rule: netclasse 'PCIE_85R'; error
    @(173.0367 mm, 94.5234 mm): Via [PCIE_RX_P] on F.Cu - B.Cu
    @(173.1000 mm, 93.9733 mm): Via [PCIE_TX_N] on F.Cu - B.Cu
[clearance]: Violation d'isolation (netclasse 'USB2_90R' isolation 0,2000 mm; réel 0,1609 mm)
    Rule: netclasse 'USB2_90R'; error
    @(194.0000 mm, 107.0000 mm): Track [VOL_DOWN_GPIO17_N] on PWR_SIG2, length 26.8701 mm
    @(189.3747 mm, 112.3125 mm): Via [USB2_HOST_DP] on F.Cu - B.Cu
[clearance]: Violation d'isolation (netclasse 'PCIE_85R' (paire diff) isolation 0,1500 mm; réel 0,0739 mm)
    Rule: netclasse 'PCIE_85R' (paire diff); error
    @(202.8726 mm, 109.6930 mm): Via [PCIE_RX_USB3_N] on F.Cu - B.Cu
    @(201.6169 mm, 110.0769 mm): Track [PCIE_RX_USB3_P] on F.Cu, length 2.9984 mm
[hole_clearance]: Violation d'isolation des trous (configuration des contraintes des trous isolation 0,2000 mm; réel 0,1989 mm)
    Rule: configuration des contraintes des trous; error
    @(201.6169 mm, 110.0769 mm): Track [PCIE_RX_USB3_P] on F.Cu, length 2.9984 mm
    @(202.8726 mm, 109.6930 mm): Via [PCIE_RX_USB3_N] on F.Cu - B.Cu
[clearance]: Violation d'isolation (netclasse 'USB2_90R' isolation 0,2000 mm; réel 0,1314 mm)
    Rule: netclasse 'USB2_90R'; error
    @(199.1000 mm, 96.7483 mm): Track [USB2_SERVICE_DM] on B.Cu, length 0.2584 mm
    @(198.7000 mm, 97.0000 mm): Pad 26 [USB2_SERVICE_DP] of U12 on B.Cu
[hole_clearance]: Violation d'isolation des trous (pad isolation 1,7000 mm; réel 0,4168 mm)
    Local override; error
    @(194.3533 mm, 96.5656 mm): Track [USB2_SERVICE_DM] on B.Cu, length 0.7238 mm
    @(193.0000 mm, 95.3000 mm): NPTH pad of Module1
[clearance]: Violation d'isolation (netclasse 'USB2_90R' isolation 0,2000 mm; réel 0,0744 mm)
    Rule: netclasse 'USB2_90R'; error
    @(198.9173 mm, 96.5656 mm): Track [USB2_SERVICE_DM] on B.Cu, length 4.5640 mm
    @(198.7000 mm, 97.0000 mm): Pad 26 [USB2_SERVICE_DP] of U12 on B.Cu
[clearance]: Violation d'isolation (netclasse 'PCIE_85R' (paire diff) isolation 0,1500 mm; réel 0,1200 mm)
    Rule: netclasse 'PCIE_85R' (paire diff); error
    @(208.0985 mm, 114.0000 mm): Via [PCIE_RX_USB3_P] on F.Cu - B.Cu
    @(208.3721 mm, 114.5000 mm): Via [PCIE_RX_USB3_N] on F.Cu - B.Cu
[clearance]: Violation d'isolation (netclasse 'PCIE_85R' isolation 0,2000 mm; réel 0,1577 mm)
    Rule: netclasse 'PCIE_85R'; error
    @(204.6749 mm, 110.0173 mm): Via [PCIE_RX_USB3_P] on F.Cu - B.Cu
    @(215.5000 mm, 110.5000 mm): Track [LED_GREEN_GPIO13_N] on GND2, length 12.0000 mm
[hole_clearance]: Violation d'isolation des trous (pad isolation 1,7000 mm; réel 0,3424 mm)
    Local override; error
    @(193.8415 mm, 97.0774 mm): Track [USB2_SERVICE_DM] on B.Cu, length 17.7308 mm
    @(193.0000 mm, 95.3000 mm): NPTH pad of Module1
[hole_clearance]: Violation d'isolation des trous (pad isolation 1,7000 mm; réel 0,4179 mm)
    Local override; error
    @(198.9173 mm, 96.5656 mm): Track [USB2_SERVICE_DM] on B.Cu, length 4.5640 mm
    @(193.0000 mm, 95.3000 mm): NPTH pad of Module1
[clearance]: Violation d'isolation (netclasse 'USB2_90R' isolation 0,2000 mm; réel 0,1153 mm)
    Rule: netclasse 'USB2_90R'; error
    @(175.7172 mm, 95.7105 mm): Via [USB2_SERVICE_DM] on F.Cu - B.Cu
    @(175.5000 mm, 96.3800 mm): Pad 105 [USB2_SERVICE_DP] of Module1 on B.Cu
[clearance]: Violation d'isolation (netclasse 'USB2_90R' isolation 0,2000 mm; réel 0,0809 mm)
    Rule: netclasse 'USB2_90R'; error
    @(118.4347 mm, 127.5046 mm): Track [USB2_SERVICE_DM] on F.Cu, length 0.4459 mm
    @(118.2500 mm, 128.1500 mm): Pad B6 [USB2_SERVICE_DP] of J9 on F.Cu
[clearance]: Violation d'isolation (netclasse 'USB2_90R' isolation 0,2000 mm; réel 0,0606 mm)
    Rule: netclasse 'USB2_90R'; error
    @(117.2500 mm, 127.8486 mm): Track [USB2_SERVICE_DM] on F.Cu, length 0.4865 mm
    @(117.7500 mm, 128.1500 mm): Pad A6 [USB2_SERVICE_DP] of J9 on F.Cu
[clearance]: Violation d'isolation (netclasse 'PCIE_85R' (paire diff) isolation 0,1500 mm; réel 0,1200 mm)
    Rule: netclasse 'PCIE_85R' (paire diff); error
    @(208.0985 mm, 114.0000 mm): Via [PCIE_RX_USB3_P] on F.Cu - B.Cu
    @(208.3721 mm, 114.5000 mm): Via [PCIE_RX_USB3_N] on F.Cu - B.Cu
[clearance]: Violation d'isolation (netclasse 'USB2_90R' isolation 0,2000 mm; réel 0,0604 mm)
    Rule: netclasse 'USB2_90R'; error
    @(117.5940 mm, 127.5046 mm): Track [USB2_SERVICE_DM] on F.Cu, length 0.8407 mm
    @(117.7500 mm, 128.1500 mm): Pad A6 [USB2_SERVICE_DP] of J9 on F.Cu
[clearance]: Violation d'isolation (netclasse 'USB2_90R' isolation 0,2000 mm; réel 0,0604 mm)
    Rule: netclasse 'USB2_90R'; error
    @(117.5940 mm, 127.5046 mm): Track [USB2_SERVICE_DM] on F.Cu, length 0.8407 mm
    @(118.2500 mm, 128.1500 mm): Pad B6 [USB2_SERVICE_DP] of J9 on F.Cu
[clearance]: Violation d'isolation (netclasse 'PCIE_85R' isolation 0,2000 mm; réel 0,1037 mm)
    Rule: netclasse 'PCIE_85R'; error
    @(173.0367 mm, 94.5234 mm): Via [PCIE_RX_P] on F.Cu - B.Cu
    @(173.1000 mm, 93.9733 mm): Via [PCIE_TX_N] on F.Cu - B.Cu
[clearance]: Violation d'isolation (netclasse 'PCIE_85R' (paire diff) isolation 0,1500 mm; réel 0,1200 mm)
    Rule: netclasse 'PCIE_85R' (paire diff); error
    @(208.0985 mm, 114.0000 mm): Via [PCIE_RX_USB3_P] on F.Cu - B.Cu
    @(208.3721 mm, 114.5000 mm): Via [PCIE_RX_USB3_N] on F.Cu - B.Cu
[clearance]: Violation d'isolation (netclasse 'PCIE_85R' (paire diff) isolation 0,1500 mm; réel 0,1200 mm)
    Rule: netclasse 'PCIE_85R' (paire diff); error
    @(208.0985 mm, 114.0000 mm): Via [PCIE_RX_USB3_P] on F.Cu - B.Cu
    @(208.3721 mm, 114.5000 mm): Via [PCIE_RX_USB3_N] on F.Cu - B.Cu
[clearance]: Violation d'isolation (netclasse 'USB2_90R' isolation 0,2000 mm; réel 0,0185 mm)
    Rule: netclasse 'USB2_90R'; error
    @(176.1107 mm, 97.0774 mm): Track [USB2_SERVICE_DM] on B.Cu, length 0.2980 mm
    @(198.4341 mm, 97.2659 mm): Track [USB2_SERVICE_DP] on B.Cu, length 22.6899 mm
[clearance]: Violation d'isolation (netclasse 'USB2_90R' isolation 0,2000 mm; réel 0,0185 mm)
    Rule: netclasse 'USB2_90R'; error
    @(193.8415 mm, 97.0774 mm): Track [USB2_SERVICE_DM] on B.Cu, length 17.7308 mm
    @(198.4341 mm, 97.2659 mm): Track [USB2_SERVICE_DP] on B.Cu, length 22.6899 mm
[clearance]: Violation d'isolation (netclasse 'PCIE_85R' isolation 0,2000 mm; réel 0,1037 mm)
    Rule: netclasse 'PCIE_85R'; error
    @(173.0367 mm, 94.5234 mm): Via [PCIE_RX_P] on F.Cu - B.Cu
    @(173.1000 mm, 93.9733 mm): Via [PCIE_TX_N] on F.Cu - B.Cu
[hole_clearance]: Violation d'isolation des trous (pad isolation 1,7000 mm; réel 0,5309 mm)
    Local override; error
    @(198.4341 mm, 97.2659 mm): Track [USB2_SERVICE_DP] on B.Cu, length 22.6899 mm
    @(193.0000 mm, 95.3000 mm): NPTH pad of Module1
[clearance]: Violation d'isolation (netclasse 'PCIE_85R' isolation 0,2000 mm; réel 0,1037 mm)
    Rule: netclasse 'PCIE_85R'; error
    @(173.0367 mm, 94.5234 mm): Via [PCIE_RX_P] on F.Cu - B.Cu
    @(173.1000 mm, 93.9733 mm): Via [PCIE_TX_N] on F.Cu - B.Cu
[clearance]: Violation d'isolation (netclasse 'PCIE_85R' (paire diff) isolation 0,1500 mm; réel 0,1200 mm)
    Rule: netclasse 'PCIE_85R' (paire diff); error
    @(208.0985 mm, 114.0000 mm): Via [PCIE_RX_USB3_P] on F.Cu - B.Cu
    @(208.3721 mm, 114.5000 mm): Via [PCIE_RX_USB3_N] on F.Cu - B.Cu
[clearance]: Violation d'isolation (netclasse 'USB2_90R' isolation 0,2000 mm; réel 0,0185 mm)
    Rule: netclasse 'USB2_90R'; error
    @(194.3533 mm, 96.5656 mm): Track [USB2_SERVICE_DM] on B.Cu, length 0.7238 mm
    @(198.4341 mm, 97.2659 mm): Track [USB2_SERVICE_DP] on B.Cu, length 22.6899 mm
[clearance]: Violation d'isolation (netclasse 'PCIE_85R' isolation 0,2000 mm; réel 0,1037 mm)
    Rule: netclasse 'PCIE_85R'; error
    @(173.0367 mm, 94.5234 mm): Via [PCIE_RX_P] on F.Cu - B.Cu
    @(173.1000 mm, 93.9733 mm): Via [PCIE_TX_N] on F.Cu - B.Cu
[clearance]: Violation d'isolation (netclasse 'USB2_90R' isolation 0,2000 mm; réel 0,1500 mm)
    Rule: netclasse 'USB2_90R'; error
    @(167.7481 mm, 94.0348 mm): Track [HDMI_R_D2_P] on PWR_SIG2, length 14.1943 mm
    @(173.4961 mm, 99.1655 mm): Via [USB2_SERVICE_DP] on F.Cu - B.Cu
[clearance]: Violation d'isolation (netclasse 'HDMI_MIPI_100R' (paire diff) isolation 0,1500 mm; réel 0,1021 mm)
    Rule: netclasse 'HDMI_MIPI_100R' (paire diff); error
    @(211.7241 mm, 106.0767 mm): Via [R_DSIB_D3_N] on F.Cu - B.Cu
    @(211.4000 mm, 105.6297 mm): Via [R_DSIB_D3_P] on F.Cu - B.Cu
[clearance]: Violation d'isolation (netclasse 'HDMI_MIPI_100R' (paire diff) isolation 0,1500 mm; réel 0,1283 mm)
    Rule: netclasse 'HDMI_MIPI_100R' (paire diff); error
    @(162.0554 mm, 94.0313 mm): Via [HDMI_L_D2_N] on F.Cu - B.Cu
    @(162.7000 mm, 93.9733 mm): Track [HDMI_L_D2_P] on PWR_SIG2, length 17.1701 mm
[clearance]: Violation d'isolation (netclasse 'HDMI_MIPI_100R' isolation 0,2000 mm; réel 0,1603 mm)
    Rule: netclasse 'HDMI_MIPI_100R'; error
    @(162.0554 mm, 94.0313 mm): Via [HDMI_L_D2_N] on F.Cu - B.Cu
    @(161.9000 mm, 93.3000 mm): Pad 174 [GND] of Module1 on B.Cu
[clearance]: Violation d'isolation (netclasse 'HDMI_MIPI_100R' (paire diff) isolation 0,1500 mm; réel 0,1021 mm)
    Rule: netclasse 'HDMI_MIPI_100R' (paire diff); error
    @(211.7241 mm, 106.0767 mm): Via [R_DSIB_D3_N] on F.Cu - B.Cu
    @(211.4000 mm, 105.6297 mm): Via [R_DSIB_D3_P] on F.Cu - B.Cu
[clearance]: Violation d'isolation (netclasse 'HDMI_MIPI_100R' isolation 0,2000 mm; réel 0,1646 mm)
    Rule: netclasse 'HDMI_MIPI_100R'; error
    @(140.1944 mm, 106.1251 mm): Via [HDMI_L_D2_N] on F.Cu - B.Cu
    @(139.6500 mm, 106.0500 mm): Pad G2 [L_1V15_HDMI] of U201 on F.Cu
[clearance]: Violation d'isolation (netclasse 'HDMI_MIPI_100R' (paire diff) isolation 0,1500 mm; réel 0,1021 mm)
    Rule: netclasse 'HDMI_MIPI_100R' (paire diff); error
    @(211.7241 mm, 106.0767 mm): Via [R_DSIB_D3_N] on F.Cu - B.Cu
    @(211.4000 mm, 105.6297 mm): Via [R_DSIB_D3_P] on F.Cu - B.Cu
[clearance]: Violation d'isolation (netclasse 'HDMI_MIPI_100R' isolation 0,2000 mm; réel 0,0587 mm)
    Rule: netclasse 'HDMI_MIPI_100R'; error
    @(143.8159 mm, 104.0343 mm): Track [HDMI_L_D0_P] on PWR_SIG2, length 0.0214 mm
    @(143.5549 mm, 104.2160 mm): Track [HDMI_L_D1_N] on PWR_SIG2, length 0.3362 mm
[clearance]: Violation d'isolation (netclasse 'HDMI_MIPI_100R' isolation 0,2000 mm; réel 0,0665 mm)
    Rule: netclasse 'HDMI_MIPI_100R'; error
    @(143.8911 mm, 104.2160 mm): Track [HDMI_L_D1_N] on PWR_SIG2, length 0.0214 mm
    @(143.8159 mm, 104.0343 mm): Track [HDMI_L_D0_P] on PWR_SIG2, length 0.0214 mm
[clearance]: Violation d'isolation (netclasse 'HDMI_MIPI_100R' (paire diff) isolation 0,1500 mm; réel 0,0754 mm)
    Rule: netclasse 'HDMI_MIPI_100R' (paire diff); error
    @(161.3210 mm, 93.9681 mm): Via [HDMI_L_D1_P] on F.Cu - B.Cu
    @(150.5764 mm, 104.2009 mm): Track [HDMI_L_D1_N] on PWR_SIG2, length 14.8826 mm
[clearance]: Violation d'isolation (netclasse 'HDMI_MIPI_100R' (paire diff) isolation 0,1500 mm; réel 0,1021 mm)
    Rule: netclasse 'HDMI_MIPI_100R' (paire diff); error
    @(211.7241 mm, 106.0767 mm): Via [R_DSIB_D3_N] on F.Cu - B.Cu
    @(211.4000 mm, 105.6297 mm): Via [R_DSIB_D3_P] on F.Cu - B.Cu
[clearance]: Violation d'isolation (netclasse 'HDMI_MIPI_100R' isolation 0,2000 mm; réel 0,1950 mm)
    Rule: netclasse 'HDMI_MIPI_100R'; error
    @(143.2658 mm, 104.5051 mm): Track [HDMI_L_D1_N] on PWR_SIG2, length 0.4088 mm
    @(143.8159 mm, 104.0343 mm): Track [HDMI_L_D0_P] on PWR_SIG2, length 0.0214 mm
[clearance]: Violation d'isolation (netclasse 'HDMI_MIPI_100R' (paire diff) isolation 0,1500 mm; réel 0,0787 mm)
    Rule: netclasse 'HDMI_MIPI_100R' (paire diff); error
    @(161.1000 mm, 93.6773 mm): Track [HDMI_L_D1_N] on PWR_SIG2, length 1.0441 mm
    @(161.3210 mm, 93.9681 mm): Via [HDMI_L_D1_P] on F.Cu - B.Cu
[clearance]: Violation d'isolation (netclasse 'HDMI_MIPI_100R' isolation 0,2000 mm; réel 0,0665 mm)
    Rule: netclasse 'HDMI_MIPI_100R'; error
    @(143.9062 mm, 104.2009 mm): Track [HDMI_L_D1_N] on PWR_SIG2, length 6.6702 mm
    @(143.8159 mm, 104.0343 mm): Track [HDMI_L_D0_P] on PWR_SIG2, length 0.0214 mm
[clearance]: Violation d'isolation (netclasse 'HDMI_MIPI_100R' (paire diff) isolation 0,1500 mm; réel 0,1153 mm)
    Rule: netclasse 'HDMI_MIPI_100R' (paire diff); error
    @(161.1000 mm, 93.3000 mm): Pad 178 [HDMI_L_D1_N] of Module1 on B.Cu
    @(161.3210 mm, 93.9681 mm): Via [HDMI_L_D1_P] on F.Cu - B.Cu
[clearance]: Violation d'isolation (netclasse 'HDMI_MIPI_100R' (paire diff) isolation 0,1500 mm; réel 0,0665 mm)
    Rule: netclasse 'HDMI_MIPI_100R' (paire diff); error
    @(143.8159 mm, 104.0343 mm): Track [HDMI_L_D0_P] on PWR_SIG2, length 0.0214 mm
    @(143.7407 mm, 103.8526 mm): Track [HDMI_L_D0_N] on PWR_SIG2, length 0.0214 mm
[clearance]: Violation d'isolation (netclasse 'HDMI_MIPI_100R' (paire diff) isolation 0,1500 mm; réel 0,0587 mm)
    Rule: netclasse 'HDMI_MIPI_100R' (paire diff); error
    @(143.7558 mm, 103.8375 mm): Track [HDMI_L_D0_N] on PWR_SIG2, length 6.2487 mm
    @(143.8159 mm, 104.0343 mm): Track [HDMI_L_D0_P] on PWR_SIG2, length 0.0214 mm
[clearance]: Violation d'isolation (netclasse 'HIGH_CURRENT' isolation 0,2000 mm; réel 0,1763 mm)
    Rule: netclasse 'HIGH_CURRENT'; error
    @(138.5000 mm, 105.5000 mm): Pad 1 [VBAT_SYS] of TP8 on B.Cu
    @(138.0001 mm, 104.7500 mm): Via [HDMI_L_D1_P] on F.Cu - B.Cu
[clearance]: Violation d'isolation (netclasse 'HDMI_MIPI_100R' (paire diff) isolation 0,1500 mm; réel 0,0665 mm)
    Rule: netclasse 'HDMI_MIPI_100R' (paire diff); error
    @(140.2032 mm, 103.8526 mm): Track [HDMI_L_D0_N] on PWR_SIG2, length 3.5375 mm
    @(143.8159 mm, 104.0343 mm): Track [HDMI_L_D0_P] on PWR_SIG2, length 0.0214 mm
[clearance]: Violation d'isolation (netclasse 'HDMI_MIPI_100R' isolation 0,2000 mm; réel 0,0587 mm)
    Rule: netclasse 'HDMI_MIPI_100R'; error
    @(143.2658 mm, 104.5051 mm): Track [HDMI_L_D1_N] on PWR_SIG2, length 0.4088 mm
    @(143.3898 mm, 104.0343 mm): Track [HDMI_L_D0_P] on PWR_SIG2, length 0.4261 mm
[clearance]: Violation d'isolation (netclasse 'HDMI_MIPI_100R' isolation 0,2000 mm; réel 0,0665 mm)
    Rule: netclasse 'HDMI_MIPI_100R'; error
    @(143.8911 mm, 104.2160 mm): Track [HDMI_L_D1_N] on PWR_SIG2, length 0.0214 mm
    @(143.3898 mm, 104.0343 mm): Track [HDMI_L_D0_P] on PWR_SIG2, length 0.4261 mm
[clearance]: Violation d'isolation (netclasse 'HDMI_MIPI_100R' isolation 0,2000 mm; réel 0,0587 mm)
    Rule: netclasse 'HDMI_MIPI_100R'; error
    @(143.8911 mm, 104.2160 mm): Track [HDMI_L_D1_N] on PWR_SIG2, length 0.0214 mm
    @(143.8310 mm, 104.0192 mm): Track [HDMI_L_D0_P] on PWR_SIG2, length 6.5471 mm
[clearance]: Violation d'isolation (netclasse 'HDMI_MIPI_100R' isolation 0,2000 mm; réel 0,0587 mm)
    Rule: netclasse 'HDMI_MIPI_100R'; error
    @(143.3898 mm, 104.0343 mm): Track [HDMI_L_D0_P] on PWR_SIG2, length 0.4261 mm
    @(143.5549 mm, 104.2160 mm): Track [HDMI_L_D1_N] on PWR_SIG2, length 0.3362 mm
[clearance]: Violation d'isolation (netclasse 'HDMI_MIPI_100R' isolation 0,2000 mm; réel 0,0738 mm)
    Rule: netclasse 'HDMI_MIPI_100R'; error
    @(143.8310 mm, 104.0192 mm): Track [HDMI_L_D0_P] on PWR_SIG2, length 6.5471 mm
    @(143.5549 mm, 104.2160 mm): Track [HDMI_L_D1_N] on PWR_SIG2, length 0.3362 mm
[clearance]: Violation d'isolation (netclasse 'HDMI_MIPI_100R' (paire diff) isolation 0,1500 mm; réel 0,0587 mm)
    Rule: netclasse 'HDMI_MIPI_100R' (paire diff); error
    @(140.2032 mm, 103.8526 mm): Track [HDMI_L_D0_N] on PWR_SIG2, length 3.5375 mm
    @(143.3898 mm, 104.0343 mm): Track [HDMI_L_D0_P] on PWR_SIG2, length 0.4261 mm
[clearance]: Violation d'isolation (netclasse 'HDMI_MIPI_100R' (paire diff) isolation 0,1500 mm; réel 0,0665 mm)
    Rule: netclasse 'HDMI_MIPI_100R' (paire diff); error
    @(140.2032 mm, 103.8526 mm): Track [HDMI_L_D0_N] on PWR_SIG2, length 3.5375 mm
    @(143.8310 mm, 104.0192 mm): Track [HDMI_L_D0_P] on PWR_SIG2, length 6.5471 mm
[clearance]: Violation d'isolation (netclasse 'HDMI_MIPI_100R' (paire diff) isolation 0,1500 mm; réel 0,0587 mm)
    Rule: netclasse 'HDMI_MIPI_100R' (paire diff); error
    @(143.3898 mm, 104.0343 mm): Track [HDMI_L_D0_P] on PWR_SIG2, length 0.4261 mm
    @(143.7407 mm, 103.8526 mm): Track [HDMI_L_D0_N] on PWR_SIG2, length 0.0214 mm
[clearance]: Violation d'isolation (netclasse 'HDMI_MIPI_100R' (paire diff) isolation 0,1500 mm; réel 0,0665 mm)
    Rule: netclasse 'HDMI_MIPI_100R' (paire diff); error
    @(143.8310 mm, 104.0192 mm): Track [HDMI_L_D0_P] on PWR_SIG2, length 6.5471 mm
    @(143.7407 mm, 103.8526 mm): Track [HDMI_L_D0_N] on PWR_SIG2, length 0.0214 mm
[clearance]: Violation d'isolation (netclasse 'HDMI_MIPI_100R' isolation 0,2000 mm; réel 0,1222 mm)
    Rule: netclasse 'HDMI_MIPI_100R'; error
    @(143.2658 mm, 104.5051 mm): Track [HDMI_L_D1_N] on PWR_SIG2, length 0.4088 mm
    @(138.6633 mm, 104.3234 mm): Track [HDMI_L_D0_P] on PWR_SIG2, length 4.4374 mm
[clearance]: Violation d'isolation (netclasse 'HDMI_MIPI_100R' (paire diff) isolation 0,1500 mm; réel 0,0738 mm)
    Rule: netclasse 'HDMI_MIPI_100R' (paire diff); error
    @(143.7558 mm, 103.8375 mm): Track [HDMI_L_D0_N] on PWR_SIG2, length 6.2487 mm
    @(143.3898 mm, 104.0343 mm): Track [HDMI_L_D0_P] on PWR_SIG2, length 0.4261 mm
[clearance]: Violation d'isolation (netclasse 'HDMI_MIPI_100R' isolation 0,2000 mm; réel 0,0665 mm)
    Rule: netclasse 'HDMI_MIPI_100R'; error
    @(143.9062 mm, 104.2009 mm): Track [HDMI_L_D1_N] on PWR_SIG2, length 6.6702 mm
    @(143.3898 mm, 104.0343 mm): Track [HDMI_L_D0_P] on PWR_SIG2, length 0.4261 mm
[clearance]: Violation d'isolation (netclasse 'HDMI_MIPI_100R' (paire diff) isolation 0,1500 mm; réel 0,0587 mm)
    Rule: netclasse 'HDMI_MIPI_100R' (paire diff); error
    @(150.0045 mm, 103.8375 mm): Track [HDMI_L_D0_N] on PWR_SIG2, length 13.7903 mm
    @(143.8310 mm, 104.0192 mm): Track [HDMI_L_D0_P] on PWR_SIG2, length 6.5471 mm
[clearance]: Violation d'isolation (netclasse 'HDMI_MIPI_100R' isolation 0,2000 mm; réel 0,1222 mm)
    Rule: netclasse 'HDMI_MIPI_100R'; error
    @(143.2658 mm, 104.5051 mm): Track [HDMI_L_D1_N] on PWR_SIG2, length 0.4088 mm
    @(143.1007 mm, 104.3234 mm): Track [HDMI_L_D0_P] on PWR_SIG2, length 0.4088 mm
[clearance]: Violation d'isolation (netclasse 'HDMI_MIPI_100R' isolation 0,2000 mm; réel 0,1460 mm)
    Rule: netclasse 'HDMI_MIPI_100R'; error
    @(150.5764 mm, 104.2009 mm): Track [HDMI_L_D1_N] on PWR_SIG2, length 14.8826 mm
    @(143.8310 mm, 104.0192 mm): Track [HDMI_L_D0_P] on PWR_SIG2, length 6.5471 mm
[clearance]: Violation d'isolation (netclasse 'HDMI_MIPI_100R' isolation 0,2000 mm; réel 0,0587 mm)
    Rule: netclasse 'HDMI_MIPI_100R'; error
    @(140.5792 mm, 104.5051 mm): Track [HDMI_L_D1_N] on PWR_SIG2, length 2.6866 mm
    @(138.6633 mm, 104.3234 mm): Track [HDMI_L_D0_P] on PWR_SIG2, length 4.4374 mm
[clearance]: Violation d'isolation (netclasse 'HDMI_MIPI_100R' isolation 0,2000 mm; réel 0,1222 mm)
    Rule: netclasse 'HDMI_MIPI_100R'; error
    @(143.1007 mm, 104.3234 mm): Track [HDMI_L_D0_P] on PWR_SIG2, length 0.4088 mm
    @(143.5549 mm, 104.2160 mm): Track [HDMI_L_D1_N] on PWR_SIG2, length 0.3362 mm
[clearance]: Violation d'isolation (netclasse 'HDMI_MIPI_100R' (paire diff) isolation 0,1500 mm; réel 0,0587 mm)
    Rule: netclasse 'HDMI_MIPI_100R' (paire diff); error
    @(140.2032 mm, 103.8526 mm): Track [HDMI_L_D0_N] on PWR_SIG2, length 3.5375 mm
    @(143.1007 mm, 104.3234 mm): Track [HDMI_L_D0_P] on PWR_SIG2, length 0.4088 mm
[clearance]: Violation d'isolation (netclasse 'HDMI_MIPI_100R' (paire diff) isolation 0,1500 mm; réel 0,0587 mm)
    Rule: netclasse 'HDMI_MIPI_100R' (paire diff); error
    @(143.7558 mm, 103.8375 mm): Track [HDMI_L_D0_N] on PWR_SIG2, length 6.2487 mm
    @(143.8310 mm, 104.0192 mm): Track [HDMI_L_D0_P] on PWR_SIG2, length 6.5471 mm
[clearance]: Violation d'isolation (netclasse 'HDMI_MIPI_100R' isolation 0,2000 mm; réel 0,0587 mm)
    Rule: netclasse 'HDMI_MIPI_100R'; error
    @(140.0911 mm, 104.9932 mm): Track [HDMI_L_D1_N] on PWR_SIG2, length 0.6903 mm
    @(138.6633 mm, 104.3234 mm): Track [HDMI_L_D0_P] on PWR_SIG2, length 4.4374 mm
[clearance]: Violation d'isolation (netclasse 'HDMI_MIPI_100R' isolation 0,2000 mm; réel 0,0587 mm)
    Rule: netclasse 'HDMI_MIPI_100R'; error
    @(143.9062 mm, 104.2009 mm): Track [HDMI_L_D1_N] on PWR_SIG2, length 6.6702 mm
    @(143.8310 mm, 104.0192 mm): Track [HDMI_L_D0_P] on PWR_SIG2, length 6.5471 mm
[clearance]: Violation d'isolation (netclasse 'HDMI_MIPI_100R' isolation 0,2000 mm; réel 0,0587 mm)
    Rule: netclasse 'HDMI_MIPI_100R'; error
    @(143.1007 mm, 104.3234 mm): Track [HDMI_L_D0_P] on PWR_SIG2, length 0.4088 mm
    @(140.5792 mm, 104.5051 mm): Track [HDMI_L_D1_N] on PWR_SIG2, length 2.6866 mm
[clearance]: Violation d'isolation (netclasse 'HDMI_MIPI_100R' isolation 0,2000 mm; réel 0,1457 mm)
    Rule: netclasse 'HDMI_MIPI_100R'; error
    @(160.2978 mm, 94.0995 mm): Track [HDMI_L_D0_P] on PWR_SIG2, length 0.1327 mm
    @(150.5764 mm, 104.2009 mm): Track [HDMI_L_D1_N] on PWR_SIG2, length 14.8826 mm
[clearance]: Violation d'isolation (netclasse 'HDMI_MIPI_100R' (paire diff) isolation 0,1500 mm; réel 0,1051 mm)
    Rule: netclasse 'HDMI_MIPI_100R' (paire diff); error
    @(160.2978 mm, 93.9668 mm): Via [HDMI_L_D0_P] on F.Cu - B.Cu
    @(159.7557 mm, 94.0863 mm): Via [HDMI_L_D0_N] on F.Cu - B.Cu
[clearance]: Violation d'isolation (netclasse 'HDMI_MIPI_100R' isolation 0,2000 mm; réel 0,1457 mm)
    Rule: netclasse 'HDMI_MIPI_100R'; error
    @(150.3781 mm, 104.0192 mm): Track [HDMI_L_D0_P] on PWR_SIG2, length 14.0286 mm
    @(150.5764 mm, 104.2009 mm): Track [HDMI_L_D1_N] on PWR_SIG2, length 14.8826 mm
[clearance]: Violation d'isolation (netclasse 'HDMI_MIPI_100R' isolation 0,2000 mm; réel 0,0587 mm)
    Rule: netclasse 'HDMI_MIPI_100R'; error
    @(143.9062 mm, 104.2009 mm): Track [HDMI_L_D1_N] on PWR_SIG2, length 6.6702 mm
    @(150.3781 mm, 104.0192 mm): Track [HDMI_L_D0_P] on PWR_SIG2, length 14.0286 mm
[clearance]: Violation d'isolation (netclasse 'HDMI_MIPI_100R' isolation 0,2000 mm; réel 0,0809 mm)
    Rule: netclasse 'HDMI_MIPI_100R'; error
    @(138.0001 mm, 104.7500 mm): Track [HDMI_L_D1_P] on F.Cu, length 0.9999 mm
    @(138.6041 mm, 104.3826 mm): Via [HDMI_L_D0_P] on F.Cu - B.Cu
[clearance]: Violation d'isolation (netclasse 'HDMI_MIPI_100R' (paire diff) isolation 0,1500 mm; réel 0,1062 mm)
    Rule: netclasse 'HDMI_MIPI_100R' (paire diff); error
    @(150.3781 mm, 104.0192 mm): Track [HDMI_L_D0_P] on PWR_SIG2, length 14.0286 mm
    @(159.7557 mm, 94.0863 mm): Via [HDMI_L_D0_N] on F.Cu - B.Cu
[clearance]: Violation d'isolation (netclasse 'HDMI_MIPI_100R' isolation 0,2000 mm; réel 0,1551 mm)
    Rule: netclasse 'HDMI_MIPI_100R'; error
    @(139.0000 mm, 104.7500 mm): Pad E1 [HDMI_L_D1_P] of U201 on F.Cu
    @(138.6041 mm, 104.3826 mm): Via [HDMI_L_D0_P] on F.Cu - B.Cu
[clearance]: Violation d'isolation (netclasse 'HDMI_MIPI_100R' (paire diff) isolation 0,1500 mm; réel 0,1051 mm)
    Rule: netclasse 'HDMI_MIPI_100R' (paire diff); error
    @(160.2978 mm, 93.9668 mm): Via [HDMI_L_D0_P] on F.Cu - B.Cu
    @(159.7557 mm, 94.0863 mm): Via [HDMI_L_D0_N] on F.Cu - B.Cu
[clearance]: Violation d'isolation (netclasse 'HDMI_MIPI_100R' (paire diff) isolation 0,1500 mm; réel 0,1121 mm)
    Rule: netclasse 'HDMI_MIPI_100R' (paire diff); error
    @(160.2978 mm, 93.9668 mm): Via [HDMI_L_D0_P] on F.Cu - B.Cu
    @(159.9000 mm, 93.3000 mm): Track [HDMI_L_D0_N] on B.Cu, length 0.6420 mm
[clearance]: Violation d'isolation (netclasse 'HDMI_MIPI_100R' (paire diff) isolation 0,1500 mm; réel 0,1121 mm)
    Rule: netclasse 'HDMI_MIPI_100R' (paire diff); error
    @(160.2978 mm, 93.9668 mm): Via [HDMI_L_D0_P] on F.Cu - B.Cu
    @(159.9000 mm, 93.9420 mm): Track [HDMI_L_D0_N] on B.Cu, length 0.2041 mm
[clearance]: Violation d'isolation (netclasse 'HDMI_MIPI_100R' isolation 0,2000 mm; réel 0,1979 mm)
    Rule: netclasse 'HDMI_MIPI_100R'; error
    @(139.0000 mm, 104.1000 mm): Track [HDMI_L_D0_P] on F.Cu, length 0.3997 mm
    @(138.6412 mm, 103.7738 mm): Via [HDMI_L_CLK_N] on F.Cu - B.Cu
[clearance]: Violation d'isolation (netclasse 'HDMI_MIPI_100R' isolation 0,2000 mm; réel 0,1599 mm)
    Rule: netclasse 'HDMI_MIPI_100R'; error
    @(138.6412 mm, 103.7738 mm): Via [HDMI_L_CLK_N] on F.Cu - B.Cu
    @(138.6041 mm, 104.3826 mm): Via [HDMI_L_D0_P] on F.Cu - B.Cu
[clearance]: Violation d'isolation (netclasse 'HDMI_MIPI_100R' (paire diff) isolation 0,1500 mm; réel 0,1087 mm)
    Rule: netclasse 'HDMI_MIPI_100R' (paire diff); error
    @(140.1276 mm, 103.9282 mm): Via [HDMI_L_D0_N] on F.Cu - B.Cu
    @(138.6633 mm, 104.3234 mm): Track [HDMI_L_D0_P] on PWR_SIG2, length 4.4374 mm
[hole_clearance]: Violation d'isolation des trous (pad isolation 1,7000 mm; réel 0,5140 mm)
    Local override; error
    @(149.3601 mm, 93.6630 mm): Track [HDMI_L_CLK_P] on PWR_SIG2, length 12.2283 mm
    @(145.0000 mm, 95.3000 mm): NPTH pad of Module1
[clearance]: Violation d'isolation (netclasse 'HDMI_MIPI_100R' (paire diff) isolation 0,1500 mm; réel 0,1051 mm)
    Rule: netclasse 'HDMI_MIPI_100R' (paire diff); error
    @(160.2978 mm, 93.9668 mm): Via [HDMI_L_D0_P] on F.Cu - B.Cu
    @(159.7557 mm, 94.0863 mm): Via [HDMI_L_D0_N] on F.Cu - B.Cu
[clearance]: Violation d'isolation (netclasse 'HDMI_MIPI_100R' isolation 0,2000 mm; réel 0,1788 mm)
    Rule: netclasse 'HDMI_MIPI_100R'; error
    @(139.0000 mm, 102.1500 mm): Pad A1 [L_REXT] of U201 on F.Cu
    @(138.4593 mm, 102.3097 mm): Via [HDMI_L_CLK_P] on F.Cu - B.Cu
[clearance]: Violation d'isolation (netclasse 'HDMI_MIPI_100R' (paire diff) isolation 0,1500 mm; réel 0,0983 mm)
    Rule: netclasse 'HDMI_MIPI_100R' (paire diff); error
    @(139.0000 mm, 103.4500 mm): Pad C1 [HDMI_L_CLK_P] of U201 on F.Cu
    @(138.6412 mm, 103.7738 mm): Via [HDMI_L_CLK_N] on F.Cu - B.Cu
[clearance]: Violation d'isolation (netclasse 'HDMI_MIPI_100R' (paire diff) isolation 0,1500 mm; réel 0,1051 mm)
    Rule: netclasse 'HDMI_MIPI_100R' (paire diff); error
    @(160.2978 mm, 93.9668 mm): Via [HDMI_L_D0_P] on F.Cu - B.Cu
    @(159.7557 mm, 94.0863 mm): Via [HDMI_L_D0_N] on F.Cu - B.Cu
[clearance]: Violation d'isolation (netclasse 'HDMI_MIPI_100R' isolation 0,2000 mm; réel 0,0999 mm)
    Rule: netclasse 'HDMI_MIPI_100R'; error
    @(138.6412 mm, 103.7738 mm): Via [HDMI_L_CLK_N] on F.Cu - B.Cu
    @(139.0000 mm, 104.1000 mm): Pad D1 [HDMI_L_D0_P] of U201 on F.Cu
[clearance]: Violation d'isolation (netclasse 'HDMI_MIPI_100R' (paire diff) isolation 0,1500 mm; réel 0,1051 mm)
    Rule: netclasse 'HDMI_MIPI_100R' (paire diff); error
    @(160.2978 mm, 93.9668 mm): Via [HDMI_L_D0_P] on F.Cu - B.Cu
    @(159.7557 mm, 94.0863 mm): Via [HDMI_L_D0_N] on F.Cu - B.Cu
[clearance]: Violation d'isolation (netclasse 'HDMI_MIPI_100R' isolation 0,2000 mm; réel 0,1599 mm)
    Rule: netclasse 'HDMI_MIPI_100R'; error
    @(138.6412 mm, 103.7738 mm): Via [HDMI_L_CLK_N] on F.Cu - B.Cu
    @(138.6041 mm, 104.3826 mm): Via [HDMI_L_D0_P] on F.Cu - B.Cu
[clearance]: Violation d'isolation (netclasse 'HDMI_MIPI_100R' isolation 0,2000 mm; réel 0,1300 mm)
    Rule: netclasse 'HDMI_MIPI_100R'; error
    @(143.5500 mm, 102.8000 mm): Pad B8 [L_DSIB_D1_N] of U201 on F.Cu
    @(143.0481 mm, 103.4600 mm): Track [L_DSIB_D0_N] on F.Cu, length 0.4883 mm
[clearance]: Violation d'isolation (netclasse 'HDMI_MIPI_100R' isolation 0,2000 mm; réel 0,0760 mm)
    Rule: netclasse 'HDMI_MIPI_100R'; error
    @(160.2978 mm, 93.9668 mm): Via [HDMI_L_D0_P] on F.Cu - B.Cu
    @(150.5764 mm, 104.2009 mm): Track [HDMI_L_D1_N] on PWR_SIG2, length 14.8826 mm
[clearance]: Violation d'isolation (netclasse 'HDMI_MIPI_100R' isolation 0,2000 mm; réel 0,0932 mm)
    Rule: netclasse 'HDMI_MIPI_100R'; error
    @(143.5500 mm, 102.8000 mm): Pad B8 [L_DSIB_D1_N] of U201 on F.Cu
    @(143.3934 mm, 103.1147 mm): Track [L_DSIB_D0_N] on F.Cu, length 0.4919 mm
[clearance]: Violation d'isolation (netclasse 'HDMI_MIPI_100R' (paire diff) isolation 0,1500 mm; réel 0,1051 mm)
    Rule: netclasse 'HDMI_MIPI_100R' (paire diff); error
    @(160.2978 mm, 93.9668 mm): Via [HDMI_L_D0_P] on F.Cu - B.Cu
    @(159.7557 mm, 94.0863 mm): Via [HDMI_L_D0_N] on F.Cu - B.Cu
[clearance]: Violation d'isolation (netclasse 'HDMI_MIPI_100R' isolation 0,2000 mm; réel 0,1599 mm)
    Rule: netclasse 'HDMI_MIPI_100R'; error
    @(138.6412 mm, 103.7738 mm): Via [HDMI_L_CLK_N] on F.Cu - B.Cu
    @(138.6041 mm, 104.3826 mm): Via [HDMI_L_D0_P] on F.Cu - B.Cu
[clearance]: Violation d'isolation (netclasse 'HDMI_MIPI_100R' isolation 0,2000 mm; réel 0,0753 mm)
    Rule: netclasse 'HDMI_MIPI_100R'; error
    @(141.6380 mm, 102.6715 mm): Track [L_DSIB_CLK_N] on PWR_SIG2, length 10.3086 mm
    @(138.4593 mm, 102.3097 mm): Via [HDMI_L_CLK_P] on F.Cu - B.Cu
[clearance]: Violation d'isolation (netclasse 'HDMI_MIPI_100R' isolation 0,2000 mm; réel 0,1599 mm)
    Rule: netclasse 'HDMI_MIPI_100R'; error
    @(138.6412 mm, 103.7738 mm): Via [HDMI_L_CLK_N] on F.Cu - B.Cu
    @(138.6041 mm, 104.3826 mm): Via [HDMI_L_D0_P] on F.Cu - B.Cu
[clearance]: Violation d'isolation (netclasse 'HDMI_MIPI_100R' (paire diff) isolation 0,1500 mm; réel 0,1106 mm)
    Rule: netclasse 'HDMI_MIPI_100R' (paire diff); error
    @(127.6189 mm, 100.8580 mm): Track [L_DSIB_D3_N] on PWR_SIG2, length 13.1535 mm
    @(127.8969 mm, 101.0916 mm): Track [L_DSIB_D3_P] on PWR_SIG2, length 11.5345 mm
[clearance]: Violation d'isolation (netclasse 'HDMI_MIPI_100R' (paire diff) isolation 0,1500 mm; réel 0,1106 mm)
    Rule: netclasse 'HDMI_MIPI_100R' (paire diff); error
    @(139.4314 mm, 101.0916 mm): Track [L_DSIB_D3_P] on PWR_SIG2, length 0.8235 mm
    @(127.6189 mm, 100.8580 mm): Track [L_DSIB_D3_N] on PWR_SIG2, length 13.1535 mm
[clearance]: Violation d'isolation (netclasse 'HDMI_MIPI_100R' isolation 0,2000 mm; réel 0,1599 mm)
    Rule: netclasse 'HDMI_MIPI_100R'; error
    @(138.6412 mm, 103.7738 mm): Via [HDMI_L_CLK_N] on F.Cu - B.Cu
    @(138.6041 mm, 104.3826 mm): Via [HDMI_L_D0_P] on F.Cu - B.Cu
[clearance]: Violation d'isolation (netclasse 'HDMI_MIPI_100R' isolation 0,2000 mm; réel 0,1341 mm)
    Rule: netclasse 'HDMI_MIPI_100R'; error
    @(142.2500 mm, 102.1500 mm): Pad A6 [L_DSIB_D2_P] of U201 on F.Cu
    @(141.0144 mm, 101.1000 mm): Track [L_DSIB_D3_N] on F.Cu, length 1.2857 mm
[clearance]: Violation d'isolation (netclasse 'HDMI_MIPI_100R' (paire diff) isolation 0,1500 mm; réel 0,1022 mm)
    Rule: netclasse 'HDMI_MIPI_100R' (paire diff); error
    @(126.4000 mm, 102.5885 mm): Track [L_DSIB_D3_P] on F.Cu, length 0.3715 mm
    @(126.0437 mm, 102.4332 mm): Via [L_DSIB_D3_N] on F.Cu - B.Cu
[clearance]: Violation d'isolation (netclasse 'HDMI_MIPI_100R' isolation 0,2000 mm; réel 0,1599 mm)
    Rule: netclasse 'HDMI_MIPI_100R'; error
    @(138.6412 mm, 103.7738 mm): Via [HDMI_L_CLK_N] on F.Cu - B.Cu
    @(138.6041 mm, 104.3826 mm): Via [HDMI_L_D0_P] on F.Cu - B.Cu
[clearance]: Violation d'isolation (netclasse 'HDMI_MIPI_100R' (paire diff) isolation 0,1500 mm; réel 0,1022 mm)
    Rule: netclasse 'HDMI_MIPI_100R' (paire diff); error
    @(126.6111 mm, 102.3774 mm): Track [L_DSIB_D3_P] on F.Cu, length 0.2985 mm
    @(126.0437 mm, 102.4332 mm): Via [L_DSIB_D3_N] on F.Cu - B.Cu
[clearance]: Violation d'isolation (netclasse 'HDMI_MIPI_100R' (paire diff) isolation 0,1500 mm; réel 0,1201 mm)
    Rule: netclasse 'HDMI_MIPI_100R' (paire diff); error
    @(126.6111 mm, 102.3774 mm): Via [L_DSIB_D3_P] on F.Cu - B.Cu
    @(126.0437 mm, 102.4332 mm): Via [L_DSIB_D3_N] on F.Cu - B.Cu
[clearance]: Violation d'isolation (netclasse 'HDMI_MIPI_100R' (paire diff) isolation 0,1500 mm; réel 0,1069 mm)
    Rule: netclasse 'HDMI_MIPI_100R' (paire diff); error
    @(141.0144 mm, 101.1000 mm): Track [L_DSIB_D3_N] on F.Cu, length 1.2857 mm
    @(141.6000 mm, 102.1500 mm): Pad A5 [L_DSIB_D3_P] of U201 on F.Cu
[clearance]: Violation d'isolation (netclasse 'HDMI_MIPI_100R' (paire diff) isolation 0,1500 mm; réel 0,1201 mm)
    Rule: netclasse 'HDMI_MIPI_100R' (paire diff); error
    @(126.6111 mm, 102.3774 mm): Via [L_DSIB_D3_P] on F.Cu - B.Cu
    @(126.0437 mm, 102.4332 mm): Via [L_DSIB_D3_N] on F.Cu - B.Cu
[clearance]: Violation d'isolation (netclasse 'HDMI_MIPI_100R' isolation 0,2000 mm; réel 0,1632 mm)
    Rule: netclasse 'HDMI_MIPI_100R'; error
    @(143.9173 mm, 101.7430 mm): Via [L_DSIB_D0_P] on F.Cu - B.Cu
    @(143.5500 mm, 102.1500 mm): Pad A8 [L_DSIB_D1_P] of U201 on F.Cu
[clearance]: Violation d'isolation (netclasse 'HDMI_MIPI_100R' (paire diff) isolation 0,1500 mm; réel 0,1201 mm)
    Rule: netclasse 'HDMI_MIPI_100R' (paire diff); error
    @(126.6111 mm, 102.3774 mm): Via [L_DSIB_D3_P] on F.Cu - B.Cu
    @(126.0437 mm, 102.4332 mm): Via [L_DSIB_D3_N] on F.Cu - B.Cu
[clearance]: Violation d'isolation (netclasse 'HDMI_MIPI_100R' (paire diff) isolation 0,1500 mm; réel 0,1201 mm)
    Rule: netclasse 'HDMI_MIPI_100R' (paire diff); error
    @(126.6111 mm, 102.3774 mm): Via [L_DSIB_D3_P] on F.Cu - B.Cu
    @(126.0437 mm, 102.4332 mm): Via [L_DSIB_D3_N] on F.Cu - B.Cu
[clearance]: Violation d'isolation (netclasse 'HDMI_MIPI_100R' (paire diff) isolation 0,1500 mm; réel 0,1201 mm)
    Rule: netclasse 'HDMI_MIPI_100R' (paire diff); error
    @(126.6111 mm, 102.3774 mm): Via [L_DSIB_D3_P] on F.Cu - B.Cu
    @(126.0437 mm, 102.4332 mm): Via [L_DSIB_D3_N] on F.Cu - B.Cu
[clearance]: Violation d'isolation (netclasse 'HDMI_MIPI_100R' (paire diff) isolation 0,1500 mm; réel 0,1106 mm)
    Rule: netclasse 'HDMI_MIPI_100R' (paire diff); error
    @(126.6111 mm, 102.3774 mm): Track [L_DSIB_D3_P] on PWR_SIG2, length 1.8184 mm
    @(127.6189 mm, 100.8580 mm): Track [L_DSIB_D3_N] on PWR_SIG2, length 13.1535 mm
[clearance]: Violation d'isolation (netclasse 'HDMI_MIPI_100R' (paire diff) isolation 0,1500 mm; réel 0,1201 mm)
    Rule: netclasse 'HDMI_MIPI_100R' (paire diff); error
    @(126.6111 mm, 102.3774 mm): Via [L_DSIB_D3_P] on F.Cu - B.Cu
    @(126.0437 mm, 102.4332 mm): Via [L_DSIB_D3_N] on F.Cu - B.Cu
[clearance]: Violation d'isolation (netclasse 'HDMI_MIPI_100R' isolation 0,2000 mm; réel 0,1706 mm)
    Rule: netclasse 'HDMI_MIPI_100R'; error
    @(140.0137 mm, 101.6739 mm): Via [L_DSIB_D3_P] on F.Cu - B.Cu
    @(140.3000 mm, 102.1500 mm): Pad A3 [HDMI_L_DDC_SCL] of U201 on F.Cu
[clearance]: Violation d'isolation (netclasse 'HDMI_MIPI_100R' isolation 0,2000 mm; réel 0,1061 mm)
    Rule: netclasse 'HDMI_MIPI_100R'; error
    @(140.2032 mm, 103.8526 mm): Track [HDMI_L_D0_N] on PWR_SIG2, length 3.5375 mm
    @(143.0481 mm, 103.4600 mm): Via [L_DSIB_D0_N] on F.Cu - B.Cu
[clearance]: Violation d'isolation (netclasse 'HDMI_MIPI_100R' isolation 0,2000 mm; réel 0,0587 mm)
    Rule: netclasse 'HDMI_MIPI_100R'; error
    @(141.7815 mm, 102.8532 mm): Track [L_DSIB_D1_P] on PWR_SIG2, length 10.7977 mm
    @(131.3294 mm, 102.6715 mm): Track [L_DSIB_CLK_N] on PWR_SIG2, length 0.7099 mm
[clearance]: Violation d'isolation (netclasse 'HDMI_MIPI_100R' isolation 0,2000 mm; réel 0,0587 mm)
    Rule: netclasse 'HDMI_MIPI_100R'; error
    @(141.7815 mm, 102.8532 mm): Track [L_DSIB_D1_P] on PWR_SIG2, length 10.7977 mm
    @(142.8343 mm, 101.4752 mm): Track [L_DSIB_CLK_N] on PWR_SIG2, length 1.6918 mm
[clearance]: Violation d'isolation (netclasse 'HDMI_MIPI_100R' isolation 0,2000 mm; réel 0,0587 mm)
    Rule: netclasse 'HDMI_MIPI_100R'; error
    @(141.7815 mm, 102.8532 mm): Track [L_DSIB_D1_P] on PWR_SIG2, length 10.7977 mm
    @(141.6380 mm, 102.6715 mm): Track [L_DSIB_CLK_N] on PWR_SIG2, length 10.3086 mm
[clearance]: Violation d'isolation (netclasse 'HDMI_MIPI_100R' (paire diff) isolation 0,1500 mm; réel 0,1035 mm)
    Rule: netclasse 'HDMI_MIPI_100R' (paire diff); error
    @(143.2250 mm, 101.8659 mm): Track [L_DSIB_CLK_N] on F.Cu, length 0.6091 mm
    @(142.9000 mm, 102.1500 mm): Pad A7 [L_DSIB_CLK_P] of U201 on F.Cu
[hole_clearance]: Violation d'isolation des trous (configuration des contraintes des trous isolation 0,2000 mm; réel 0,1798 mm)
    Rule: configuration des contraintes des trous; error
    @(225.1202 mm, 114.1500 mm): Track [USB_C_TX2_P] on PWR_SIG1, length 10.7426 mm
    @(225.4850 mm, 115.7354 mm): Via [USB_C_RX2_P] on F.Cu - B.Cu
[hole_clearance]: Violation d'isolation des trous (configuration des contraintes des trous isolation 0,2000 mm; réel 0,1768 mm)
    Rule: configuration des contraintes des trous; error
    @(219.7557 mm, 116.0863 mm): Track [USB3_RX_N] on PWR_SIG2, length 0.5518 mm
    @(219.3939 mm, 115.7360 mm): Via [USB3_TX_P] on F.Cu - B.Cu
[hole_clearance]: Violation d'isolation des trous (configuration des contraintes des trous isolation 0,2000 mm; réel 0,1860 mm)
    Rule: configuration des contraintes des trous; error
    @(219.6430 mm, 118.2015 mm): Track [USB3_RX_N] on PWR_SIG2, length 2.0025 mm
    @(219.4451 mm, 118.5153 mm): Via [USB3_RX_P] on F.Cu - B.Cu
[hole_clearance]: Violation d'isolation des trous (configuration des contraintes des trous isolation 0,2000 mm; réel 0,1767 mm)
    Rule: configuration des contraintes des trous; error
    @(222.3685 mm, 112.5144 mm): Track [USB_C_RX1_P] on PWR_SIG1, length 11.9735 mm
    @(222.7302 mm, 124.3479 mm): Via [USB_C_RX2_N] on F.Cu - B.Cu
[hole_clearance]: Violation d'isolation des trous (configuration des contraintes des trous isolation 0,2000 mm; réel 0,1768 mm)
    Rule: configuration des contraintes des trous; error
    @(220.0245 mm, 118.5830 mm): Track [USB3_RX_N] on PWR_SIG2, length 0.5395 mm
    @(219.4451 mm, 118.5153 mm): Via [USB3_RX_P] on F.Cu - B.Cu
[hole_clearance]: Violation d'isolation des trous (configuration des contraintes des trous isolation 0,2000 mm; réel 0,1767 mm)
    Rule: configuration des contraintes des trous; error
    @(216.5119 mm, 118.2420 mm): Track [USB3_RX_P] on PWR_SIG1, length 2.9493 mm
    @(216.8736 mm, 116.9091 mm): Via [USB3_TX_P] on F.Cu - B.Cu
[hole_clearance]: Violation d'isolation des trous (configuration des contraintes des trous isolation 0,2000 mm; réel 0,1776 mm)
    Rule: configuration des contraintes des trous; error
    @(220.7475 mm, 117.7525 mm): Track [USB3_RX_P] on F.Cu, length 0.4528 mm
    @(221.1093 mm, 118.2292 mm): Via [USB3_RX_N] on F.Cu - B.Cu
[hole_clearance]: Violation d'isolation des trous (configuration des contraintes des trous isolation 0,2000 mm; réel 0,1776 mm)
    Rule: configuration des contraintes des trous; error
    @(220.7475 mm, 118.2053 mm): Track [USB3_RX_P] on F.Cu, length 0.5121 mm
    @(221.1093 mm, 118.2292 mm): Via [USB3_RX_N] on F.Cu - B.Cu
[diff_pair_gap_out_of_range]: Distance de paire différentielle hors de plage (netclasse 'HDMI_MIPI_100R' (paire diff) écart minimum 0,0900 mm ; réel 0,0587 mm)
    Rule: netclasse 'HDMI_MIPI_100R' (paire diff); error
    @(143.8310 mm, 104.0192 mm): Track [HDMI_L_D0_P] on PWR_SIG2, length 6.5471 mm
    @(143.7558 mm, 103.8375 mm): Track [HDMI_L_D0_N] on PWR_SIG2, length 6.2487 mm
[diff_pair_gap_out_of_range]: Distance de paire différentielle hors de plage (netclasse 'HDMI_MIPI_100R' (paire diff) écart minimum 0,0900 mm ; réel 0,0738 mm)
    Rule: netclasse 'HDMI_MIPI_100R' (paire diff); error
    @(143.3898 mm, 104.0343 mm): Track [HDMI_L_D0_P] on PWR_SIG2, length 0.4261 mm
    @(143.7558 mm, 103.8375 mm): Track [HDMI_L_D0_N] on PWR_SIG2, length 6.2487 mm
[diff_pair_gap_out_of_range]: Distance de paire différentielle hors de plage (netclasse 'HDMI_MIPI_100R' (paire diff) écart minimum 0,0900 mm ; réel 0,0587 mm)
    Rule: netclasse 'HDMI_MIPI_100R' (paire diff); error
    @(143.3898 mm, 104.0343 mm): Track [HDMI_L_D0_P] on PWR_SIG2, length 0.4261 mm
    @(140.2032 mm, 103.8526 mm): Track [HDMI_L_D0_N] on PWR_SIG2, length 3.5375 mm
[diff_pair_gap_out_of_range]: Distance de paire différentielle hors de plage (netclasse 'PCIE_85R' (paire diff) écart minimum 0,0900 mm ; réel 0,0828 mm)
    Rule: netclasse 'PCIE_85R' (paire diff); error
    @(174.8632 mm, 93.9499 mm): Track [PCIE_CLK_P] on B.Cu, length 0.2308 mm
    @(174.8280 mm, 94.3147 mm): Track [PCIE_CLK_N] on B.Cu, length 0.7467 mm
[track_dangling]: Track has unconnected end
    Local override; warning
    @(166.4575 mm, 94.3436 mm): Track [GND] on PWR_SIG2, length 0.0891 mm
[via_dangling]: Via is not connected or connected on only one layer
    Local override; warning
    @(221.7200 mm, 127.7002 mm): Via [USB_C_TX2_N] on F.Cu - B.Cu
[via_dangling]: Via is not connected or connected on only one layer
    Local override; warning
    @(218.3780 mm, 129.1558 mm): Via [USB_C_RX1_N] on F.Cu - B.Cu
[via_dangling]: Via is not connected or connected on only one layer
    Local override; warning
    @(142.0236 mm, 106.5928 mm): Via [L_DSIA_CLK_N] on F.Cu - B.Cu
[via_dangling]: Via is not connected or connected on only one layer
    Local override; warning
    @(127.8012 mm, 105.5623 mm): Via [L_DSIA_CLK_N] on F.Cu - B.Cu
[via_dangling]: Via is not connected or connected on only one layer
    Local override; warning
    @(146.2583 mm, 104.7514 mm): Via [L_DSIA_D2_N] on F.Cu - B.Cu
[via_dangling]: Via is not connected or connected on only one layer
    Local override; warning
    @(129.3627 mm, 105.0222 mm): Via [L_DSIA_D2_N] on F.Cu - B.Cu
[via_dangling]: Via is not connected or connected on only one layer
    Local override; warning
    @(142.2500 mm, 103.2914 mm): Via [L_DSIB_D2_N] on F.Cu - B.Cu
[via_dangling]: Via is not connected or connected on only one layer
    Local override; warning
    @(130.3723 mm, 101.4554 mm): Via [L_DSIB_CLK_P] on F.Cu - B.Cu
[via_dangling]: Via is not connected or connected on only one layer
    Local override; warning
    @(127.4500 mm, 102.4357 mm): Via [L_DSIB_D1_N] on F.Cu - B.Cu
[via_dangling]: Via is not connected or connected on only one layer
    Local override; warning
    @(143.9173 mm, 101.7430 mm): Via [L_DSIB_D0_P] on F.Cu - B.Cu
[via_dangling]: Via is not connected or connected on only one layer
    Local override; warning
    @(120.6731 mm, 102.7172 mm): Via [L_DSIB_D0_P] on F.Cu - B.Cu
[via_dangling]: Via is not connected or connected on only one layer
    Local override; warning
    @(125.3500 mm, 102.4387 mm): Via [L_DSIB_D0_N] on F.Cu - B.Cu
[via_dangling]: Via is not connected or connected on only one layer
    Local override; warning
    @(143.0481 mm, 103.4600 mm): Via [L_DSIB_D0_N] on F.Cu - B.Cu
[via_dangling]: Via is not connected or connected on only one layer
    Local override; warning
    @(158.4572 mm, 94.0295 mm): Via [HDMI_L_CLK_N] on F.Cu - B.Cu
[via_dangling]: Via is not connected or connected on only one layer
    Local override; warning
    @(138.6412 mm, 103.7738 mm): Via [HDMI_L_CLK_N] on F.Cu - B.Cu
[via_dangling]: Via is not connected or connected on only one layer
    Local override; warning
    @(161.3210 mm, 93.9681 mm): Via [HDMI_L_D1_P] on F.Cu - B.Cu
[via_dangling]: Via is not connected or connected on only one layer
    Local override; warning
    @(138.0001 mm, 104.7500 mm): Via [HDMI_L_D1_P] on F.Cu - B.Cu
[via_dangling]: Via is not connected or connected on only one layer
    Local override; warning
    @(175.7172 mm, 95.7105 mm): Via [USB2_SERVICE_DM] on F.Cu - B.Cu
[via_dangling]: Via is not connected or connected on only one layer
    Local override; warning
    @(173.0367 mm, 94.5234 mm): Via [PCIE_RX_P] on F.Cu - B.Cu
[via_dangling]: Via is not connected or connected on only one layer
    Local override; warning
    @(199.1202 mm, 108.4124 mm): Via [PCIE_RX_P] on F.Cu - B.Cu
[via_dangling]: Via is not connected or connected on only one layer
    Local override; warning
    @(119.4991 mm, 114.4500 mm): Via [USB2_HOST_DM] on F.Cu - B.Cu
[via_dangling]: Via is not connected or connected on only one layer
    Local override; warning
    @(189.7466 mm, 109.8269 mm): Via [R_DSIB_D1_P] on F.Cu - B.Cu
[via_dangling]: Via is not connected or connected on only one layer
    Local override; warning
    @(209.8439 mm, 105.3324 mm): Via [R_DSIB_D1_P] on F.Cu - B.Cu
[via_dangling]: Via is not connected or connected on only one layer
    Local override; warning
    @(191.1750 mm, 110.5069 mm): Via [R_DSIB_D2_N] on F.Cu - B.Cu
[via_dangling]: Via is not connected or connected on only one layer
    Local override; warning
    @(209.0344 mm, 101.9577 mm): Via [R_DSIB_D2_N] on F.Cu - B.Cu
[via_dangling]: Via is not connected or connected on only one layer
    Local override; warning
    @(210.2681 mm, 103.9805 mm): Via [R_DSIB_CLK_N] on F.Cu - B.Cu
[via_dangling]: Via is not connected or connected on only one layer
    Local override; warning
    @(210.3500 mm, 105.0218 mm): Via [R_DSIB_D1_N] on F.Cu - B.Cu
[via_dangling]: Via is not connected or connected on only one layer
    Local override; warning
    @(190.1800 mm, 108.0700 mm): Via [R_DSIB_D1_N] on F.Cu - B.Cu
[via_dangling]: Via is not connected or connected on only one layer
    Local override; warning
    @(189.6027 mm, 108.0751 mm): Via [R_DSIB_D0_N] on F.Cu - B.Cu
[via_dangling]: Via is not connected or connected on only one layer
    Local override; warning
    @(212.4512 mm, 105.6318 mm): Via [R_DSIB_D0_N] on F.Cu - B.Cu
[via_dangling]: Via is not connected or connected on only one layer
    Local override; warning
    @(196.0791 mm, 106.5162 mm): Via [HDMI_R_D0_P] on F.Cu - B.Cu
[via_dangling]: Via is not connected or connected on only one layer
    Local override; warning
    @(165.0701 mm, 92.6280 mm): Via [HDMI_R_D0_P] on F.Cu - B.Cu
[via_dangling]: Via is not connected or connected on only one layer
    Local override; warning
    @(195.3061 mm, 106.4606 mm): Via [HDMI_R_D1_P] on F.Cu - B.Cu
[via_dangling]: Via is not connected or connected on only one layer
    Local override; warning
    @(167.0427 mm, 94.5294 mm): Via [HDMI_R_D1_P] on F.Cu - B.Cu
[via_dangling]: Via is not connected or connected on only one layer
    Local override; warning
    @(165.9000 mm, 93.9694 mm): Via [HDMI_R_D1_N] on F.Cu - B.Cu
[via_dangling]: Via is not connected or connected on only one layer
    Local override; warning
    @(194.7546 mm, 106.4250 mm): Via [HDMI_R_D1_N] on F.Cu - B.Cu
[via_dangling]: Via is not connected or connected on only one layer
    Local override; warning
    @(209.3737 mm, 99.5228 mm): Via [R_DSIA_CLK_N] on F.Cu - B.Cu
[via_dangling]: Via is not connected or connected on only one layer
    Local override; warning
    @(213.7368 mm, 101.9503 mm): Via [R_DSIA_D0_N] on F.Cu - B.Cu
[via_dangling]: Via is not connected or connected on only one layer
    Local override; warning
    @(206.0176 mm, 112.2496 mm): Via [PCIE_CLK_P] on F.Cu - B.Cu
[via_dangling]: Via is not connected or connected on only one layer
    Local override; warning
    @(176.6456 mm, 93.9499 mm): Via [PCIE_CLK_P] on F.Cu - B.Cu
[via_dangling]: Via is not connected or connected on only one layer
    Local override; warning
    @(174.8280 mm, 94.3147 mm): Via [PCIE_CLK_N] on F.Cu - B.Cu
[via_dangling]: Via is not connected or connected on only one layer
    Local override; warning
    @(206.0164 mm, 112.8507 mm): Via [PCIE_CLK_N] on F.Cu - B.Cu
[via_dangling]: Via is not connected or connected on only one layer
    Local override; warning
    @(173.7451 mm, 94.0318 mm): Via [PCIE_TX_P] on F.Cu - B.Cu
[via_dangling]: Via is not connected or connected on only one layer
    Local override; warning
    @(206.8329 mm, 115.7604 mm): Via [PCIE_TX_N] on F.Cu - B.Cu
[via_dangling]: Via is not connected or connected on only one layer
    Local override; warning
    @(173.1000 mm, 93.9733 mm): Via [PCIE_TX_N] on F.Cu - B.Cu

** Found 499 unconnected pads **
[unconnected_items]: Missing connection between items
    Local override; error
    @(162.9800 mm, 99.0000 mm): Pad 1 [R_LCD_RESET] of R265 on F.Cu
    @(213.8500 mm, 104.5000 mm): Pad 42 [R_LCD_RESET] of J202 on F.Cu
[unconnected_items]: Missing connection between items
    Local override; error
    @(213.8500 mm, 104.5000 mm): Pad 42 [R_LCD_RESET] of J202 on F.Cu
    @(228.5000 mm, 100.2000 mm): Pad 9 [R_LCD_RESET] of U210 on B.Cu
[unconnected_items]: Missing connection between items
    Local override; error
    @(104.0000 mm, 125.0000 mm): Pad 2 [GND] of C22 on B.Cu
    @(104.0000 mm, 123.0000 mm): Pad 2 [GND] of C19 on B.Cu
[unconnected_items]: Missing connection between items
    Local override; error
    @(106.9800 mm, 105.0000 mm): Pad 2 [GND] of R2052 on B.Cu
    @(110.0000 mm, 104.5000 mm): Pad 2 [GND] of C2051 on B.Cu
[unconnected_items]: Missing connection between items
    Local override; error
    @(106.9800 mm, 105.0000 mm): Pad 2 [GND] of R2052 on B.Cu
    @(103.4800 mm, 106.0000 mm): Pad 2 [GND] of R2032 on B.Cu
[unconnected_items]: Missing connection between items
    Local override; error
    @(107.0500 mm, 123.0000 mm): Pad 2 [GND] of C20 on B.Cu
    @(107.0500 mm, 125.0000 mm): Pad 2 [GND] of C23 on B.Cu
[unconnected_items]: Missing connection between items
    Local override; error
    @(107.0500 mm, 123.0000 mm): Pad 2 [GND] of C20 on B.Cu
    @(104.0000 mm, 123.0000 mm): Pad 2 [GND] of C19 on B.Cu
[unconnected_items]: Missing connection between items
    Local override; error
    @(107.0500 mm, 123.0000 mm): Pad 2 [GND] of C20 on B.Cu
    @(107.5000 mm, 119.4000 mm): Pad 2 [GND] of U205 on B.Cu
[unconnected_items]: Missing connection between items
    Local override; error
    @(107.0500 mm, 125.0000 mm): Pad 2 [GND] of C23 on B.Cu
    @(109.4900 mm, 127.0000 mm): Pad 2 [GND] of R2042 on B.Cu
[unconnected_items]: Missing connection between items
    Local override; error
    @(107.3500 mm, 100.3125 mm): Pad 2 [GND] of C261 on F.Cu
    @(107.3500 mm, 98.3125 mm): Pad 2 [GND] of C260 on F.Cu
[unconnected_items]: Missing connection between items
    Local override; error
    @(107.3500 mm, 102.3125 mm): Pad 2 [GND] of C262 on F.Cu
    @(107.3500 mm, 100.3125 mm): Pad 2 [GND] of C261 on F.Cu
[unconnected_items]: Missing connection between items
    Local override; error
    @(107.3500 mm, 102.3125 mm): Pad 2 [GND] of C262 on F.Cu
    @(106.9800 mm, 105.0000 mm): Pad 2 [GND] of R2052 on B.Cu
[unconnected_items]: Missing connection between items
    Local override; error
    @(107.5000 mm, 115.9500 mm): Pad 2 [GND] of U204 on B.Cu
    @(107.5000 mm, 119.4000 mm): Pad 2 [GND] of U205 on B.Cu
[unconnected_items]: Missing connection between items
    Local override; error
    @(107.5000 mm, 115.9500 mm): Pad 2 [GND] of U204 on B.Cu
    @(107.5000 mm, 112.5000 mm): Pad 2 [GND] of U203 on B.Cu
[unconnected_items]: Missing connection between items
    Local override; error
    @(108.0000 mm, 131.5000 mm): Pad 2 [GND] of C57 on B.Cu
    @(108.0000 mm, 133.5000 mm): Pad 2 [GND] of C59 on B.Cu
[unconnected_items]: Missing connection between items
    Local override; error
    @(109.4600 mm, 99.2700 mm): Pad 2 [GND] of J6 on B.Cu
    @(110.7300 mm, 98.0000 mm): Pad 10 [GND] of J6 on B.Cu
[unconnected_items]: Missing connection between items
    Local override; error
    @(109.4600 mm, 99.2700 mm): Pad 2 [GND] of J6 on B.Cu
    @(107.3500 mm, 98.3125 mm): Pad 2 [GND] of C260 on F.Cu
[unconnected_items]: Missing connection between items
    Local override; error
    @(109.4600 mm, 99.2700 mm): Pad 2 [GND] of J6 on B.Cu
    @(111.5000 mm, 101.0000 mm): Pad 2 [GND] of R260 on F.Cu
[unconnected_items]: Missing connection between items
    Local override; error
    @(109.4900 mm, 127.0000 mm): Pad 2 [GND] of R2042 on B.Cu
    @(108.0000 mm, 131.5000 mm): Pad 2 [GND] of C57 on B.Cu
[unconnected_items]: Missing connection between items
    Local override; error
    @(110.0000 mm, 104.5000 mm): Pad 2 [GND] of C2051 on B.Cu
    @(110.0000 mm, 106.5000 mm): Pad 2 [GND] of C2032 on B.Cu
[unconnected_items]: Missing connection between items
    Local override; error
    @(110.0000 mm, 106.5000 mm): Pad 2 [GND] of C2032 on B.Cu
    @(110.0000 mm, 108.5000 mm): Pad 2 [GND] of C2061 on B.Cu
[unconnected_items]: Missing connection between items
    Local override; error
    @(110.0000 mm, 108.5000 mm): Pad 2 [GND] of C2061 on B.Cu
    @(107.5000 mm, 112.5000 mm): Pad 2 [GND] of U203 on B.Cu
[unconnected_items]: Missing connection between items
    Local override; error
    @(111.2300 mm, 118.0000 mm): Pad 3 [GND] of U4 on F.Cu
    @(112.0000 mm, 118.0000 mm): Pad 8 [GND] of U4 on F.Cu
[unconnected_items]: Missing connection between items
    Local override; error
    @(111.2300 mm, 119.0000 mm): Pad 5 [GND] of U4 on F.Cu
    @(111.2300 mm, 118.0000 mm): Pad 3 [GND] of U4 on F.Cu
[unconnected_items]: Missing connection between items
    Local override; error
    @(111.2300 mm, 119.0000 mm): Pad 5 [GND] of U4 on F.Cu
    @(107.5000 mm, 119.4000 mm): Pad 2 [GND] of U205 on B.Cu
[unconnected_items]: Missing connection between items
    Local override; error
    @(111.5000 mm, 131.5000 mm): Pad 2 [GND] of C58 on B.Cu
    @(108.0000 mm, 131.5000 mm): Pad 2 [GND] of C57 on B.Cu
[unconnected_items]: Missing connection between items
    Local override; error
    @(111.5000 mm, 133.5000 mm): Pad 2 [GND] of C60 on B.Cu
    @(111.5000 mm, 131.5000 mm): Pad 2 [GND] of C58 on B.Cu
[unconnected_items]: Missing connection between items
    Local override; error
    @(112.9000 mm, 121.6250 mm): Pad 18 [GND] of U2 on B.Cu
    @(112.9600 mm, 123.0445 mm): PTH pad 21 [GND] of U2
[unconnected_items]: Missing connection between items
    Local override; error
    @(112.9000 mm, 121.6250 mm): Pad 18 [GND] of U2 on B.Cu
    @(111.2300 mm, 119.0000 mm): Pad 5 [GND] of U4 on F.Cu
[unconnected_items]: Missing connection between items
    Local override; error
    @(112.9000 mm, 124.5000 mm): Pad 8 [GND] of U2 on B.Cu
    @(113.3500 mm, 124.5000 mm): Pad 7 [GND] of U2 on B.Cu
[unconnected_items]: Missing connection between items
    Local override; error
    @(112.9600 mm, 123.0445 mm): PTH pad 21 [GND] of U2
    @(112.9000 mm, 124.5000 mm): Pad 8 [GND] of U2 on B.Cu
[unconnected_items]: Missing connection between items
    Local override; error
    @(112.9600 mm, 123.0445 mm): PTH pad 21 [GND] of U2
    @(111.4625 mm, 123.0625 mm): Pad 13 [GND] of U2 on B.Cu
[unconnected_items]: Missing connection between items
    Local override; error
    @(113.3500 mm, 124.5000 mm): Pad 7 [GND] of U2 on B.Cu
    @(114.9000 mm, 128.1500 mm): Pad A1 [GND] of J9 on F.Cu
[unconnected_items]: Missing connection between items
    Local override; error
    @(115.1250 mm, 123.0000 mm): Pad 7 [GND] of U3 on F.Cu
    @(112.9600 mm, 123.0445 mm): PTH pad 21 [GND] of U2
[unconnected_items]: Missing connection between items
    Local override; error
    @(117.3125 mm, 124.1875 mm): Pad 12 [GND] of U3 on F.Cu
    @(115.1250 mm, 123.0000 mm): Pad 7 [GND] of U3 on F.Cu
[unconnected_items]: Missing connection between items
    Local override; error
    @(117.5000 mm, 124.5000 mm): Pad 2 [GND] of R25 on B.Cu
    @(117.3125 mm, 124.1875 mm): Pad 12 [GND] of U3 on F.Cu
[unconnected_items]: Missing connection between items
    Local override; error
    @(117.7250 mm, 112.2000 mm): Pad 1 [GND] of D1 on F.Cu
    @(117.7250 mm, 112.8500 mm): Pad 2 [GND] of D1 on F.Cu
[unconnected_items]: Missing connection between items
    Local override; error
    @(117.7250 mm, 112.8500 mm): Pad 2 [GND] of D1 on F.Cu
    @(117.7250 mm, 113.5000 mm): Pad 3 [GND] of D1 on F.Cu
[unconnected_items]: Missing connection between items
    Local override; error
    @(117.7250 mm, 112.8500 mm): Pad 2 [GND] of D1 on F.Cu
    @(118.6125 mm, 112.8500 mm): Pad 7 [GND] of D1 on F.Cu
[unconnected_items]: Missing connection between items
    Local override; error
    @(117.7250 mm, 113.5000 mm): Pad 3 [GND] of D1 on F.Cu
    @(115.5000 mm, 113.5000 mm): Pad 3 [GND] of U7 on F.Cu
[unconnected_items]: Missing connection between items
    Local override; error
    @(119.0000 mm, 115.0000 mm): Pad 2 [GND] of C41 on F.Cu
    @(117.7250 mm, 113.5000 mm): Pad 3 [GND] of D1 on F.Cu
[unconnected_items]: Missing connection between items
    Local override; error
    @(119.0000 mm, 115.0000 mm): Pad 2 [GND] of C41 on F.Cu
    @(117.8125 mm, 119.3125 mm): Pad 28 [GND] of U3 on F.Cu
[unconnected_items]: Missing connection between items
    Local override; error
    @(120.0000 mm, 123.5000 mm): Pad 17 [GND] of U3 on F.Cu
    @(120.2250 mm, 124.0000 mm): Pad 2 [GND] of C2031 on B.Cu
[unconnected_items]: Missing connection between items
    Local override; error
    @(120.0000 mm, 123.5000 mm): Pad 17 [GND] of U3 on F.Cu
    @(117.5000 mm, 124.5000 mm): Pad 2 [GND] of R25 on B.Cu
[unconnected_items]: Missing connection between items
    Local override; error
    @(120.0000 mm, 123.5000 mm): Pad 17 [GND] of U3 on F.Cu
    @(121.9000 mm, 121.0000 mm): Pad 4 [GND] of U1 on B.Cu
[unconnected_items]: Missing connection between items
    Local override; error
    @(120.2250 mm, 124.0000 mm): Pad 2 [GND] of C2031 on B.Cu
    @(121.7750 mm, 126.0000 mm): Pad 2 [GND] of C27 on B.Cu
[unconnected_items]: Missing connection between items
    Local override; error
    @(120.5000 mm, 108.2000 mm): Pad 2 [GND] of Y201 on F.Cu
    @(121.1500 mm, 104.5000 mm): Pad 1 [GND] of J201 on F.Cu
[unconnected_items]: Missing connection between items
    Local override; error
    @(121.1500 mm, 102.9600 mm): Pad 50 [GND] of J201 on F.Cu
    @(122.5500 mm, 102.9600 mm): Pad 46 [GND] of J201 on F.Cu
[unconnected_items]: Missing connection between items
    Local override; error
    @(121.1500 mm, 104.5000 mm): Pad 1 [GND] of J201 on F.Cu
    @(122.5500 mm, 104.5000 mm): Pad 5 [GND] of J201 on F.Cu
[unconnected_items]: Missing connection between items
    Local override; error
    @(121.7750 mm, 126.0000 mm): Pad 2 [GND] of C27 on B.Cu
    @(121.1000 mm, 128.1500 mm): Pad B1 [GND] of J9 on F.Cu
[unconnected_items]: Missing connection between items
    Local override; error
    @(121.9000 mm, 121.0000 mm): Pad 4 [GND] of U1 on B.Cu
    @(117.8125 mm, 119.3125 mm): Pad 28 [GND] of U3 on F.Cu
[unconnected_items]: Missing connection between items
    Local override; error
    @(122.5000 mm, 97.5000 mm): Pad 2 [GND] of C64 on B.Cu
    @(116.7250 mm, 97.0000 mm): Pad 2 [GND] of C2052 on B.Cu
[unconnected_items]: Missing connection between items
    Local override; error
    @(122.5000 mm, 99.5000 mm): Pad 2 [GND] of C65 on B.Cu
    @(122.5000 mm, 97.5000 mm): Pad 2 [GND] of C64 on B.Cu
[unconnected_items]: Missing connection between items
    Local override; error
    @(122.5000 mm, 101.5000 mm): Pad 2 [GND] of C66 on B.Cu
    @(122.5500 mm, 102.9600 mm): Pad 46 [GND] of J201 on F.Cu
[unconnected_items]: Missing connection between items
    Local override; error
    @(122.5000 mm, 101.5000 mm): Pad 2 [GND] of C66 on B.Cu
    @(122.5000 mm, 99.5000 mm): Pad 2 [GND] of C65 on B.Cu
[unconnected_items]: Missing connection between items
    Local override; error
    @(122.5500 mm, 102.9600 mm): Pad 46 [GND] of J201 on F.Cu
    @(122.5500 mm, 104.5000 mm): Pad 5 [GND] of J201 on F.Cu
[unconnected_items]: Missing connection between items
    Local override; error
    @(122.5500 mm, 104.5000 mm): Pad 5 [GND] of J201 on F.Cu
    @(122.9000 mm, 104.5000 mm): Pad 6 [GND] of J201 on F.Cu
[unconnected_items]: Missing connection between items
    Local override; error
    @(122.9000 mm, 104.5000 mm): Pad 6 [GND] of J201 on F.Cu
    @(123.9500 mm, 104.5000 mm): Pad 9 [GND] of J201 on F.Cu
[unconnected_items]: Missing connection between items
    Local override; error
    @(123.6000 mm, 102.9600 mm): Pad 43 [GND] of J201 on F.Cu
    @(124.6500 mm, 102.9600 mm): Pad 40 [GND] of J201 on F.Cu
[unconnected_items]: Missing connection between items
    Local override; error
    @(123.6000 mm, 102.9600 mm): Pad 43 [GND] of J201 on F.Cu
    @(122.5500 mm, 102.9600 mm): Pad 46 [GND] of J201 on F.Cu
[unconnected_items]: Missing connection between items
    Local override; error
    @(124.3000 mm, 104.5000 mm): Pad 10 [GND] of J201 on F.Cu
    @(123.9500 mm, 104.5000 mm): Pad 9 [GND] of J201 on F.Cu
[unconnected_items]: Missing connection between items
    Local override; error
    @(124.6500 mm, 102.9600 mm): Pad 40 [GND] of J201 on F.Cu
    @(125.0000 mm, 102.9600 mm): Pad 39 [GND] of J201 on F.Cu
[unconnected_items]: Missing connection between items
    Local override; error
    @(125.0000 mm, 118.0400 mm): Pad 2 [GND] of C44 on F.Cu
    @(121.9000 mm, 121.0000 mm): Pad 4 [GND] of U1 on B.Cu
[unconnected_items]: Missing connection between items
    Local override; error
    @(125.5000 mm, 111.0400 mm): Pad 2 [GND] of C42 on F.Cu
    @(124.0000 mm, 111.0400 mm): Pad 2 [GND] of C45 on F.Cu
[unconnected_items]: Missing connection between items
    Local override; error
    @(125.5000 mm, 113.5400 mm): Pad 2 [GND] of C47 on F.Cu
    @(124.0000 mm, 113.5400 mm): Pad 2 [GND] of C46 on F.Cu
[unconnected_items]: Missing connection between items
    Local override; error
    @(125.5000 mm, 113.5400 mm): Pad 2 [GND] of C47 on F.Cu
    @(125.5000 mm, 111.0400 mm): Pad 2 [GND] of C42 on F.Cu
[unconnected_items]: Missing connection between items
    Local override; error
    @(125.5000 mm, 113.5400 mm): Pad 2 [GND] of C47 on F.Cu
    @(125.0000 mm, 118.0400 mm): Pad 2 [GND] of C44 on F.Cu
[unconnected_items]: Missing connection between items
    Local override; error
    @(126.4000 mm, 104.5000 mm): Pad 16 [GND] of J201 on F.Cu
    @(126.0500 mm, 104.5000 mm): Pad 15 [GND] of J201 on F.Cu
[unconnected_items]: Missing connection between items
    Local override; error
    @(126.4000 mm, 104.5000 mm): Pad 16 [GND] of J201 on F.Cu
    @(126.7500 mm, 102.9600 mm): Pad 34 [GND] of J201 on F.Cu
[unconnected_items]: Missing connection between items
    Local override; error
    @(126.4000 mm, 104.5000 mm): Pad 16 [GND] of J201 on F.Cu
    @(128.1500 mm, 104.5000 mm): Pad 21 [GND] of J201 on F.Cu
[unconnected_items]: Missing connection between items
    Local override; error
    @(126.7500 mm, 102.9600 mm): Pad 34 [GND] of J201 on F.Cu
    @(127.1000 mm, 102.9600 mm): Pad 33 [GND] of J201 on F.Cu
[unconnected_items]: Missing connection between items
    Local override; error
    @(126.7500 mm, 102.9600 mm): Pad 34 [GND] of J201 on F.Cu
    @(125.0000 mm, 102.9600 mm): Pad 39 [GND] of J201 on F.Cu
[unconnected_items]: Missing connection between items
    Local override; error
    @(127.0000 mm, 111.0400 mm): Pad 2 [GND] of C43 on F.Cu
    @(125.5000 mm, 111.0400 mm): Pad 2 [GND] of C42 on F.Cu
[unconnected_items]: Missing connection between items
    Local override; error
    @(127.0000 mm, 111.0400 mm): Pad 2 [GND] of C43 on F.Cu
    @(129.0000 mm, 108.9000 mm): Pad 2 [GND] of R2012 on F.Cu
[unconnected_items]: Missing connection between items
    Local override; error
    @(127.0000 mm, 113.5400 mm): Pad 2 [GND] of C48 on F.Cu
    @(125.5000 mm, 113.5400 mm): Pad 2 [GND] of C47 on F.Cu
[unconnected_items]: Missing connection between items
    Local override; error
    @(127.1000 mm, 133.0000 mm): Pad 2 [GND] of U206 on B.Cu
    @(130.5500 mm, 133.0000 mm): Pad 2 [GND] of U301 on B.Cu
[unconnected_items]: Missing connection between items
    Local override; error
    @(127.1000 mm, 133.0000 mm): Pad 2 [GND] of U206 on B.Cu
    @(128.3200 mm, 127.5000 mm): Pad 2 [GND] of R2 on B.Cu
[unconnected_items]: Missing connection between items
    Local override; error
    @(128.5000 mm, 104.5000 mm): Pad 22 [GND] of J201 on F.Cu
    @(128.1500 mm, 104.5000 mm): Pad 21 [GND] of J201 on F.Cu
[unconnected_items]: Missing connection between items
    Local override; error
    @(128.5000 mm, 104.5000 mm): Pad 22 [GND] of J201 on F.Cu
    @(128.8500 mm, 102.9600 mm): Pad 28 [GND] of J201 on F.Cu
[unconnected_items]: Missing connection between items
    Local override; error
    @(128.8500 mm, 102.9600 mm): Pad 28 [GND] of J201 on F.Cu
    @(129.2000 mm, 102.9600 mm): Pad 27 [GND] of J201 on F.Cu
[unconnected_items]: Missing connection between items
    Local override; error
    @(129.2000 mm, 102.9600 mm): Pad 27 [GND] of J201 on F.Cu
    @(130.5000 mm, 97.5000 mm): Pad 2 [GND] of R20 on B.Cu
[unconnected_items]: Missing connection between items
    Local override; error
    @(130.9700 mm, 106.5000 mm): Pad 2 [GND] of C20130 on F.Cu
    @(128.5000 mm, 104.5000 mm): Pad 22 [GND] of J201 on F.Cu
[unconnected_items]: Missing connection between items
    Local override; error
    @(130.9700 mm, 107.7000 mm): Pad 2 [GND] of C20131 on F.Cu
    @(130.9700 mm, 106.5000 mm): Pad 2 [GND] of C20130 on F.Cu
[unconnected_items]: Missing connection between items
    Local override; error
    @(130.9700 mm, 108.9000 mm): Pad 2 [GND] of C20132 on F.Cu
    @(130.9700 mm, 107.7000 mm): Pad 2 [GND] of C20131 on F.Cu
[unconnected_items]: Missing connection between items
    Local override; error
    @(130.9700 mm, 108.9000 mm): Pad 2 [GND] of C20132 on F.Cu
    @(129.0000 mm, 108.9000 mm): Pad 2 [GND] of R2012 on F.Cu
[unconnected_items]: Missing connection between items
    Local override; error
    @(133.0000 mm, 127.5000 mm): Pad 2 [GND] of R303 on B.Cu
    @(136.4800 mm, 128.5000 mm): Pad 2 [GND] of R302 on B.Cu
[unconnected_items]: Missing connection between items
    Local override; error
    @(133.0000 mm, 127.5000 mm): Pad 2 [GND] of R303 on B.Cu
    @(128.3200 mm, 127.5000 mm): Pad 2 [GND] of R2 on B.Cu
[unconnected_items]: Missing connection between items
    Local override; error
    @(136.4800 mm, 128.5000 mm): Pad 2 [GND] of R302 on B.Cu
    @(138.4900 mm, 128.5000 mm): Pad 2 [GND] of R2062 on B.Cu
[unconnected_items]: Missing connection between items
    Local override; error
    @(136.4800 mm, 128.5000 mm): Pad 2 [GND] of R302 on B.Cu
    @(137.1900 mm, 132.5000 mm): Pad 5 [GND] of MK1 on F.Cu
[unconnected_items]: Missing connection between items
    Local override; error
    @(137.1900 mm, 132.5000 mm): Pad 5 [GND] of MK1 on F.Cu
    @(136.5200 mm, 133.3500 mm): Pad 4 [GND] of MK1 on F.Cu
[unconnected_items]: Missing connection between items
    Local override; error
    @(137.4500 mm, 108.5000 mm): Pad 2 [GND] of C2042 on B.Cu
    @(137.4500 mm, 110.5000 mm): Pad 2 [GND] of C2041 on B.Cu
[unconnected_items]: Missing connection between items
    Local override; error
    @(137.4500 mm, 108.5000 mm): Pad 2 [GND] of C2042 on B.Cu
    @(139.0000 mm, 106.7000 mm): Pad H1 [GND] of U201 on F.Cu
[unconnected_items]: Missing connection between items
    Local override; error
    @(137.4500 mm, 108.5000 mm): Pad 2 [GND] of C2042 on B.Cu
    @(130.9700 mm, 108.9000 mm): Pad 2 [GND] of C20132 on F.Cu
[unconnected_items]: Missing connection between items
    Local override; error
    @(137.4500 mm, 110.5000 mm): Pad 2 [GND] of C2041 on B.Cu
    @(139.0000 mm, 112.5000 mm): Pad 2 [GND] of C21 on B.Cu
[unconnected_items]: Missing connection between items
    Local override; error
    @(138.4500 mm, 118.5000 mm): Pad 2 [GND] of C2062 on B.Cu
    @(140.0000 mm, 122.5000 mm): Pad 2 [GND] of C26 on B.Cu
[unconnected_items]: Missing connection between items
    Local override; error
    @(138.4500 mm, 118.5000 mm): Pad 2 [GND] of C2062 on B.Cu
    @(139.0000 mm, 112.5000 mm): Pad 2 [GND] of C21 on B.Cu
[unconnected_items]: Missing connection between items
    Local override; error
    @(138.4900 mm, 128.5000 mm): Pad 2 [GND] of R2062 on B.Cu
    @(140.0000 mm, 122.5000 mm): Pad 2 [GND] of C26 on B.Cu
[unconnected_items]: Missing connection between items
    Local override; error
    @(139.0000 mm, 106.7000 mm): Pad H1 [GND] of U201 on F.Cu
    @(140.9500 mm, 106.0500 mm): Pad G4 [GND] of U201 on F.Cu
[unconnected_items]: Missing connection between items
    Local override; error
    @(140.9500 mm, 104.1000 mm): Pad D4 [GND] of U201 on F.Cu
    @(138.5000 mm, 97.5000 mm): Pad 1 [GND] of TP7 on B.Cu
[unconnected_items]: Missing connection between items
    Local override; error
    @(140.9500 mm, 104.7500 mm): Pad E4 [GND] of U201 on F.Cu
    @(140.9500 mm, 104.1000 mm): Pad D4 [GND] of U201 on F.Cu
[unconnected_items]: Missing connection between items
    Local override; error
    @(140.9500 mm, 105.4000 mm): Pad F4 [GND] of U201 on F.Cu
    @(140.9500 mm, 104.7500 mm): Pad E4 [GND] of U201 on F.Cu
[unconnected_items]: Missing connection between items
    Local override; error
    @(140.9500 mm, 106.0500 mm): Pad G4 [GND] of U201 on F.Cu
    @(140.9500 mm, 105.4000 mm): Pad F4 [GND] of U201 on F.Cu
[unconnected_items]: Missing connection between items
    Local override; error
    @(141.6000 mm, 104.1000 mm): Pad D5 [GND] of U201 on F.Cu
    @(140.9500 mm, 104.1000 mm): Pad D4 [GND] of U201 on F.Cu
[unconnected_items]: Missing connection between items
    Local override; error
    @(141.6000 mm, 104.7500 mm): Pad E5 [GND] of U201 on F.Cu
    @(141.6000 mm, 104.1000 mm): Pad D5 [GND] of U201 on F.Cu
[unconnected_items]: Missing connection between items
    Local override; error
    @(141.6000 mm, 106.0500 mm): Pad G5 [GND] of U201 on F.Cu
    @(140.9500 mm, 106.0500 mm): Pad G4 [GND] of U201 on F.Cu
[unconnected_items]: Missing connection between items
    Local override; error
    @(141.6000 mm, 106.0500 mm): Pad G5 [GND] of U201 on F.Cu
    @(141.6000 mm, 105.4000 mm): Pad F5 [GND] of U201 on F.Cu
[unconnected_items]: Missing connection between items
    Local override; error
    @(142.2500 mm, 104.1000 mm): Pad D6 [GND] of U201 on F.Cu
    @(141.6000 mm, 104.1000 mm): Pad D5 [GND] of U201 on F.Cu
[unconnected_items]: Missing connection between items
    Local override; error
    @(142.2500 mm, 104.7500 mm): Pad E6 [GND] of U201 on F.Cu
    @(142.2500 mm, 104.1000 mm): Pad D6 [GND] of U201 on F.Cu
[unconnected_items]: Missing connection between items
    Local override; error
    @(142.2500 mm, 105.4000 mm): Pad F6 [GND] of U201 on F.Cu
    @(142.2500 mm, 106.0500 mm): Pad G6 [GND] of U201 on F.Cu
[unconnected_items]: Missing connection between items
    Local override; error
    @(142.2500 mm, 106.0500 mm): Pad G6 [GND] of U201 on F.Cu
    @(141.6000 mm, 106.0500 mm): Pad G5 [GND] of U201 on F.Cu
[unconnected_items]: Missing connection between items
    Local override; error
    @(142.4800 mm, 112.0000 mm): Pad 2 [GND] of C2010 on F.Cu
    @(139.0000 mm, 112.5000 mm): Pad 2 [GND] of C21 on B.Cu
[unconnected_items]: Missing connection between items
    Local override; error
    @(142.9000 mm, 104.1000 mm): Pad D7 [GND] of U201 on F.Cu
    @(142.9000 mm, 104.7500 mm): Pad E7 [GND] of U201 on F.Cu
[unconnected_items]: Missing connection between items
    Local override; error
    @(142.9000 mm, 104.1000 mm): Pad D7 [GND] of U201 on F.Cu
    @(144.2000 mm, 103.4500 mm): Pad C9 [GND] of U201 on F.Cu
[unconnected_items]: Missing connection between items
    Local override; error
    @(142.9000 mm, 104.7500 mm): Pad E7 [GND] of U201 on F.Cu
    @(142.9000 mm, 105.4000 mm): Pad F7 [GND] of U201 on F.Cu
[unconnected_items]: Missing connection between items
    Local override; error
    @(142.9000 mm, 105.4000 mm): Pad F7 [GND] of U201 on F.Cu
    @(142.9000 mm, 106.0500 mm): Pad G7 [GND] of U201 on F.Cu
[unconnected_items]: Missing connection between items
    Local override; error
    @(142.9000 mm, 106.0500 mm): Pad G7 [GND] of U201 on F.Cu
    @(142.2500 mm, 106.0500 mm): Pad G6 [GND] of U201 on F.Cu
[unconnected_items]: Missing connection between items
    Local override; error
    @(142.9000 mm, 106.0500 mm): Pad G7 [GND] of U201 on F.Cu
    @(144.8500 mm, 108.0000 mm): Pad K10 [GND] of U201 on F.Cu
[unconnected_items]: Missing connection between items
    Local override; error
    @(144.8500 mm, 102.1500 mm): Pad A10 [GND] of U201 on F.Cu
    @(144.2000 mm, 103.4500 mm): Pad C9 [GND] of U201 on F.Cu
[unconnected_items]: Missing connection between items
    Local override; error
    @(148.9000 mm, 110.0000 mm): Pad 2 [GND] of C2011 on F.Cu
    @(148.9000 mm, 111.0000 mm): Pad 2 [GND] of C2013 on F.Cu
[unconnected_items]: Missing connection between items
    Local override; error
    @(148.9000 mm, 110.0000 mm): Pad 2 [GND] of C2011 on F.Cu
    @(144.8500 mm, 108.0000 mm): Pad K10 [GND] of U201 on F.Cu
[unconnected_items]: Missing connection between items
    Local override; error
    @(148.9000 mm, 111.0000 mm): Pad 2 [GND] of C2013 on F.Cu
    @(148.9000 mm, 112.0000 mm): Pad 2 [GND] of C2015 on F.Cu
[unconnected_items]: Missing connection between items
    Local override; error
    @(150.9600 mm, 103.5000 mm): Pad 2 [GND] of C2017 on F.Cu
    @(144.8500 mm, 102.1500 mm): Pad A10 [GND] of U201 on F.Cu
[unconnected_items]: Missing connection between items
    Local override; error
    @(151.0000 mm, 110.0000 mm): Pad 2 [GND] of C2012 on F.Cu
    @(151.0000 mm, 111.0000 mm): Pad 2 [GND] of C2014 on F.Cu
[unconnected_items]: Missing connection between items
    Local override; error
    @(151.0000 mm, 111.0000 mm): Pad 2 [GND] of C2014 on F.Cu
    @(151.0000 mm, 112.0000 mm): Pad 2 [GND] of C2016 on F.Cu
[unconnected_items]: Missing connection between items
    Local override; error
    @(151.0000 mm, 111.0000 mm): Pad 2 [GND] of C2014 on F.Cu
    @(148.9000 mm, 111.0000 mm): Pad 2 [GND] of C2013 on F.Cu
[unconnected_items]: Missing connection between items
    Local override; error
    @(151.0000 mm, 112.0000 mm): Pad 2 [GND] of C2016 on F.Cu
    @(151.3250 mm, 114.5000 mm): Pad 2 [GND] of C20120 on F.Cu
[unconnected_items]: Missing connection between items
    Local override; error
    @(151.3250 mm, 114.5000 mm): Pad 2 [GND] of C20120 on F.Cu
    @(152.7750 mm, 116.5000 mm): Pad 2 [GND] of C20121 on F.Cu
[unconnected_items]: Missing connection between items
    Local override; error
    @(157.1000 mm, 96.3800 mm): Pad 197 [GND] of Module1 on B.Cu
    @(158.3000 mm, 96.3800 mm): Pad 191 [GND] of Module1 on B.Cu
[unconnected_items]: Missing connection between items
    Local override; error
    @(157.1000 mm, 127.2200 mm): Pad 98 [GND] of Module1 on B.Cu
    @(157.9000 mm, 123.6500 mm): Pad 5 [GND] of J10 on F.Cu
[unconnected_items]: Missing connection between items
    Local override; error
    @(158.3000 mm, 93.3000 mm): Pad 192 [GND] of Module1 on B.Cu
    @(159.5000 mm, 93.3000 mm): Pad 186 [GND] of Module1 on B.Cu
[unconnected_items]: Missing connection between items
    Local override; error
    @(158.3000 mm, 93.3000 mm): Pad 192 [GND] of Module1 on B.Cu
    @(157.1000 mm, 93.3000 mm): Pad 198 [GND] of Module1 on B.Cu
[unconnected_items]: Missing connection between items
    Local override; error
    @(159.0000 mm, 101.5000 mm): Pad 2 [GND] of C20122 on F.Cu
    @(159.0000 mm, 103.5000 mm): Pad 2 [GND] of C20123 on F.Cu
[unconnected_items]: Missing connection between items
    Local override; error
    @(159.0000 mm, 101.5000 mm): Pad 2 [GND] of C20122 on F.Cu
    @(159.5000 mm, 96.3800 mm): Pad 185 [GND] of Module1 on B.Cu
[unconnected_items]: Missing connection between items
    Local override; error
    @(159.5000 mm, 93.3000 mm): Pad 186 [GND] of Module1 on B.Cu
    @(160.7000 mm, 93.3000 mm): Pad 180 [GND] of Module1 on B.Cu
[unconnected_items]: Missing connection between items
    Local override; error
    @(159.5000 mm, 96.3800 mm): Pad 185 [GND] of Module1 on B.Cu
    @(158.3000 mm, 96.3800 mm): Pad 191 [GND] of Module1 on B.Cu
[unconnected_items]: Missing connection between items
    Local override; error
    @(159.5000 mm, 96.3800 mm): Pad 185 [GND] of Module1 on B.Cu
    @(160.7000 mm, 96.3800 mm): Pad 179 [GND] of Module1 on B.Cu
[unconnected_items]: Missing connection between items
    Local override; error
    @(160.7000 mm, 93.3000 mm): Pad 180 [GND] of Module1 on B.Cu
    @(161.9000 mm, 93.3000 mm): Pad 174 [GND] of Module1 on B.Cu
[unconnected_items]: Missing connection between items
    Local override; error
    @(161.9000 mm, 96.3800 mm): Pad 173 [GND] of Module1 on B.Cu
    @(163.1000 mm, 96.3800 mm): Pad 167 [GND] of Module1 on B.Cu
[unconnected_items]: Missing connection between items
    Local override; error
    @(161.9000 mm, 96.3800 mm): Pad 173 [GND] of Module1 on B.Cu
    @(160.7000 mm, 96.3800 mm): Pad 179 [GND] of Module1 on B.Cu
[unconnected_items]: Missing connection between items
    Local override; error
    @(161.9000 mm, 127.2200 mm): Pad 74 [GND] of Module1 on B.Cu
    @(163.5000 mm, 127.2200 mm): Pad 66 [GND] of Module1 on B.Cu
[unconnected_items]: Missing connection between items
    Local override; error
    @(161.9000 mm, 127.2200 mm): Pad 74 [GND] of Module1 on B.Cu
    @(157.1000 mm, 127.2200 mm): Pad 98 [GND] of Module1 on B.Cu
[unconnected_items]: Missing connection between items
    Local override; error
    @(162.3000 mm, 130.3000 mm): Pad 71 [GND] of Module1 on B.Cu
    @(163.5000 mm, 130.3000 mm): Pad 65 [GND] of Module1 on B.Cu
[unconnected_items]: Missing connection between items
    Local override; error
    @(163.1000 mm, 93.3000 mm): Pad 168 [GND] of Module1 on B.Cu
    @(161.9000 mm, 93.3000 mm): Pad 174 [GND] of Module1 on B.Cu
[unconnected_items]: Missing connection between items
    Local override; error
    @(163.1000 mm, 96.3800 mm): Pad 167 [GND] of Module1 on B.Cu
    @(164.3000 mm, 96.3800 mm): Pad 161 [GND] of Module1 on B.Cu
[unconnected_items]: Missing connection between items
    Local override; error
    @(163.5000 mm, 130.3000 mm): Pad 65 [GND] of Module1 on B.Cu
    @(164.7000 mm, 130.3000 mm): Pad 59 [GND] of Module1 on B.Cu
[unconnected_items]: Missing connection between items
    Local override; error
    @(163.5000 mm, 130.3000 mm): Pad 65 [GND] of Module1 on B.Cu
    @(163.5000 mm, 127.2200 mm): Pad 66 [GND] of Module1 on B.Cu
[unconnected_items]: Missing connection between items
    Local override; error
    @(164.0000 mm, 99.0000 mm): Pad 2 [GND] of R265 on F.Cu
    @(164.3000 mm, 96.3800 mm): Pad 161 [GND] of Module1 on B.Cu
[unconnected_items]: Missing connection between items
    Local override; error
    @(164.3000 mm, 93.3000 mm): Pad 162 [GND] of Module1 on B.Cu
    @(163.1000 mm, 93.3000 mm): Pad 168 [GND] of Module1 on B.Cu
[unconnected_items]: Missing connection between items
    Local override; error
    @(164.3000 mm, 93.3000 mm): Pad 162 [GND] of Module1 on B.Cu
    @(165.5000 mm, 93.3000 mm): Pad 156 [GND] of Module1 on B.Cu
[unconnected_items]: Missing connection between items
    Local override; error
    @(164.3000 mm, 96.3800 mm): Pad 161 [GND] of Module1 on B.Cu
    @(165.5000 mm, 96.3800 mm): Pad 155 [GND] of Module1 on B.Cu
[unconnected_items]: Missing connection between items
    Local override; error
    @(164.7000 mm, 127.2200 mm): Pad 60 [GND] of Module1 on B.Cu
    @(163.5000 mm, 127.2200 mm): Pad 66 [GND] of Module1 on B.Cu
[unconnected_items]: Missing connection between items
    Local override; error
    @(164.7000 mm, 130.3000 mm): Pad 59 [GND] of Module1 on B.Cu
    @(165.9000 mm, 130.3000 mm): Pad 53 [GND] of Module1 on B.Cu
[unconnected_items]: Missing connection between items
    Local override; error
    @(166.3000 mm, 127.2200 mm): Pad 52 [GND] of Module1 on B.Cu
    @(164.7000 mm, 127.2200 mm): Pad 60 [GND] of Module1 on B.Cu
[unconnected_items]: Missing connection between items
    Local override; error
    @(166.4575 mm, 94.3436 mm): Track [GND] on PWR_SIG2, length 0.0891 mm
    @(165.5000 mm, 96.3800 mm): Pad 155 [GND] of Module1 on B.Cu
[unconnected_items]: Missing connection between items
    Local override; error
    @(166.8926 mm, 93.4303 mm): Track [GND] on PWR_SIG2, length 0.6153 mm
    @(165.5000 mm, 93.3000 mm): Pad 156 [GND] of Module1 on B.Cu
[unconnected_items]: Missing connection between items
    Local override; error
    @(166.7000 mm, 93.3000 mm): Pad 150 [GND] of Module1 on B.Cu
    @(167.9075 mm, 93.4303 mm): Track [GND] on PWR_SIG2, length 1.0149 mm
[unconnected_items]: Missing connection between items
    Local override; error
    @(167.5000 mm, 108.5000 mm): Pad 2 [GND] of C20230 on F.Cu
    @(168.3800 mm, 106.5000 mm): Pad 2 [GND] of C2025 on F.Cu
[unconnected_items]: Missing connection between items
    Local override; error
    @(167.5200 mm, 110.0000 mm): Pad 2 [GND] of C20231 on F.Cu
    @(167.5200 mm, 111.5000 mm): Pad 2 [GND] of C20232 on F.Cu
[unconnected_items]: Missing connection between items
    Local override; error
    @(167.5200 mm, 110.0000 mm): Pad 2 [GND] of C20231 on F.Cu
    @(167.5000 mm, 108.5000 mm): Pad 2 [GND] of C20230 on F.Cu
[unconnected_items]: Missing connection between items
    Local override; error
    @(167.9000 mm, 130.3000 mm): Pad 43 [GND] of Module1 on B.Cu
    @(165.9000 mm, 130.3000 mm): Pad 53 [GND] of Module1 on B.Cu
[unconnected_items]: Missing connection between items
    Local override; error
    @(169.6772 mm, 95.2000 mm): Track [GND] on PWR_SIG2, length 2.5027 mm
    @(167.9000 mm, 93.3000 mm): Pad 144 [GND] of Module1 on B.Cu
[unconnected_items]: Missing connection between items
    Local override; error
    @(169.6772 mm, 95.2000 mm): Track [GND] on PWR_SIG2, length 2.5027 mm
    @(169.1000 mm, 93.3000 mm): Pad 138 [GND] of Module1 on B.Cu
[unconnected_items]: Missing connection between items
    Local override; error
    @(168.3000 mm, 127.2200 mm): Pad 42 [GND] of Module1 on B.Cu
    @(166.3000 mm, 127.2200 mm): Pad 52 [GND] of Module1 on B.Cu
[unconnected_items]: Missing connection between items
    Local override; error
    @(168.3800 mm, 103.5000 mm): Pad 2 [GND] of C2021 on F.Cu
    @(168.3800 mm, 105.0000 mm): Pad 2 [GND] of C2023 on F.Cu
[unconnected_items]: Missing connection between items
    Local override; error
    @(168.3800 mm, 105.0000 mm): Pad 2 [GND] of C2023 on F.Cu
    @(168.3800 mm, 106.5000 mm): Pad 2 [GND] of C2025 on F.Cu
[unconnected_items]: Missing connection between items
    Local override; error
    @(168.3800 mm, 106.5000 mm): Pad 2 [GND] of C2025 on F.Cu
    @(170.4800 mm, 106.5000 mm): Pad 2 [GND] of C2026 on F.Cu
[unconnected_items]: Missing connection between items
    Local override; error
    @(168.9900 mm, 118.0000 mm): Pad 2 [GND] of R32 on F.Cu
    @(171.5000 mm, 116.5000 mm): Pad 2 [GND] of R30 on F.Cu
[unconnected_items]: Missing connection between items
    Local override; error
    @(169.0000 mm, 119.5000 mm): Pad 2 [GND] of R33 on F.Cu
    @(168.9900 mm, 118.0000 mm): Pad 2 [GND] of R32 on F.Cu
[unconnected_items]: Missing connection between items
    Local override; error
    @(169.0000 mm, 119.5000 mm): Pad 2 [GND] of R33 on F.Cu
    @(172.3650 mm, 121.5000 mm): Pad 2 [GND] of C31 on F.Cu
[unconnected_items]: Missing connection between items
    Local override; error
    @(169.9000 mm, 130.3000 mm): Pad 33 [GND] of Module1 on B.Cu
    @(167.9000 mm, 130.3000 mm): Pad 43 [GND] of Module1 on B.Cu
[unconnected_items]: Missing connection between items
    Local override; error
    @(170.3000 mm, 93.3000 mm): Pad 132 [GND] of Module1 on B.Cu
    @(169.1000 mm, 93.3000 mm): Pad 138 [GND] of Module1 on B.Cu
[unconnected_items]: Missing connection between items
    Local override; error
    @(170.3000 mm, 96.3800 mm): Pad 131 [GND] of Module1 on B.Cu
    @(169.1000 mm, 96.3800 mm): Pad 137 [GND] of Module1 on B.Cu
[unconnected_items]: Missing connection between items
    Local override; error
    @(170.3000 mm, 127.2200 mm): Pad 32 [GND] of Module1 on B.Cu
    @(172.3000 mm, 127.2200 mm): Pad 22 [GND] of Module1 on B.Cu
[unconnected_items]: Missing connection between items
    Local override; error
    @(170.3000 mm, 127.2200 mm): Pad 32 [GND] of Module1 on B.Cu
    @(168.3000 mm, 127.2200 mm): Pad 42 [GND] of Module1 on B.Cu
[unconnected_items]: Missing connection between items
    Local override; error
    @(170.4800 mm, 103.5000 mm): Pad 2 [GND] of C2022 on F.Cu
    @(170.4800 mm, 105.0000 mm): Pad 2 [GND] of C2024 on F.Cu
[unconnected_items]: Missing connection between items
    Local override; error
    @(170.4800 mm, 103.5000 mm): Pad 2 [GND] of C2022 on F.Cu
    @(172.0000 mm, 98.5000 mm): Pad 2 [GND] of C20221 on F.Cu
[unconnected_items]: Missing connection between items
    Local override; error
    @(170.4800 mm, 105.0000 mm): Pad 2 [GND] of C2024 on F.Cu
    @(170.4800 mm, 106.5000 mm): Pad 2 [GND] of C2026 on F.Cu
[unconnected_items]: Missing connection between items
    Local override; error
    @(171.5000 mm, 93.3000 mm): Pad 126 [GND] of Module1 on B.Cu
    @(170.3000 mm, 93.3000 mm): Pad 132 [GND] of Module1 on B.Cu
[unconnected_items]: Missing connection between items
    Local override; error
    @(171.5000 mm, 96.3800 mm): Pad 125 [GND] of Module1 on B.Cu
    @(172.0000 mm, 96.5000 mm): Pad 2 [GND] of C20220 on F.Cu
[unconnected_items]: Missing connection between items
    Local override; error
    @(171.5000 mm, 96.3800 mm): Pad 125 [GND] of Module1 on B.Cu
    @(170.3000 mm, 96.3800 mm): Pad 131 [GND] of Module1 on B.Cu
[unconnected_items]: Missing connection between items
    Local override; error
    @(171.5000 mm, 116.5000 mm): Pad 2 [GND] of R30 on F.Cu
    @(167.5200 mm, 111.5000 mm): Pad 2 [GND] of C20232 on F.Cu
[unconnected_items]: Missing connection between items
    Local override; error
    @(171.9000 mm, 130.3000 mm): Pad 23 [GND] of Module1 on B.Cu
    @(169.9000 mm, 130.3000 mm): Pad 33 [GND] of Module1 on B.Cu
[unconnected_items]: Missing connection between items
    Local override; error
    @(172.0000 mm, 96.5000 mm): Pad 2 [GND] of C20220 on F.Cu
    @(172.7000 mm, 96.3800 mm): Pad 119 [GND] of Module1 on B.Cu
[unconnected_items]: Missing connection between items
    Local override; error
    @(172.0000 mm, 98.5000 mm): Pad 2 [GND] of C20221 on F.Cu
    @(172.0000 mm, 96.5000 mm): Pad 2 [GND] of C20220 on F.Cu
[unconnected_items]: Missing connection between items
    Local override; error
    @(172.3000 mm, 127.2200 mm): Pad 22 [GND] of Module1 on B.Cu
    @(173.9000 mm, 127.2200 mm): Pad 14 [GND] of Module1 on B.Cu
[unconnected_items]: Missing connection between items
    Local override; error
    @(172.3000 mm, 127.2200 mm): Pad 22 [GND] of Module1 on B.Cu
    @(172.3650 mm, 122.8700 mm): Pad 2 [GND] of C36 on F.Cu
[unconnected_items]: Missing connection between items
    Local override; error
    @(172.3650 mm, 122.8700 mm): Pad 2 [GND] of C36 on F.Cu
    @(172.3650 mm, 121.5000 mm): Pad 2 [GND] of C31 on F.Cu
[unconnected_items]: Missing connection between items
    Local override; error
    @(172.7000 mm, 93.3000 mm): Pad 120 [GND] of Module1 on B.Cu
    @(171.5000 mm, 93.3000 mm): Pad 126 [GND] of Module1 on B.Cu
[unconnected_items]: Missing connection between items
    Local override; error
    @(173.9000 mm, 93.3000 mm): Pad 114 [GND] of Module1 on B.Cu
    @(172.7000 mm, 93.3000 mm): Pad 120 [GND] of Module1 on B.Cu
[unconnected_items]: Missing connection between items
    Local override; error
    @(173.9000 mm, 96.3800 mm): Pad 113 [GND] of Module1 on B.Cu
    @(172.7000 mm, 96.3800 mm): Pad 119 [GND] of Module1 on B.Cu
[unconnected_items]: Missing connection between items
    Local override; error
    @(173.9000 mm, 130.3000 mm): Pad 13 [GND] of Module1 on B.Cu
    @(175.1000 mm, 130.3000 mm): Pad 7 [GND] of Module1 on B.Cu
[unconnected_items]: Missing connection between items
    Local override; error
    @(173.9000 mm, 130.3000 mm): Pad 13 [GND] of Module1 on B.Cu
    @(171.9000 mm, 130.3000 mm): Pad 23 [GND] of Module1 on B.Cu
[unconnected_items]: Missing connection between items
    Local override; error
    @(174.8650 mm, 122.8700 mm): Pad 2 [GND] of C37 on F.Cu
    @(174.8650 mm, 121.5000 mm): Pad 2 [GND] of C32 on F.Cu
[unconnected_items]: Missing connection between items
    Local override; error
    @(174.8650 mm, 122.8700 mm): Pad 2 [GND] of C37 on F.Cu
    @(172.3650 mm, 122.8700 mm): Pad 2 [GND] of C36 on F.Cu
[unconnected_items]: Missing connection between items
    Local override; error
    @(175.1000 mm, 93.3000 mm): Pad 108 [GND] of Module1 on B.Cu
    @(173.9000 mm, 93.3000 mm): Pad 114 [GND] of Module1 on B.Cu
[unconnected_items]: Missing connection between items
    Local override; error
    @(175.1000 mm, 96.3800 mm): Pad 107 [GND] of Module1 on B.Cu
    @(173.9000 mm, 96.3800 mm): Pad 113 [GND] of Module1 on B.Cu
[unconnected_items]: Missing connection between items
    Local override; error
    @(175.1000 mm, 127.2200 mm): Pad 8 [GND] of Module1 on B.Cu
    @(173.9000 mm, 127.2200 mm): Pad 14 [GND] of Module1 on B.Cu
[unconnected_items]: Missing connection between items
    Local override; error
    @(175.1000 mm, 130.3000 mm): Pad 7 [GND] of Module1 on B.Cu
    @(176.3000 mm, 130.3000 mm): Pad 1 [GND] of Module1 on B.Cu
[unconnected_items]: Missing connection between items
    Local override; error
    @(176.3000 mm, 96.3800 mm): Track [GND] on B.Cu, length 1.1800 mm
    @(175.1000 mm, 96.3800 mm): Pad 107 [GND] of Module1 on B.Cu
[unconnected_items]: Missing connection between items
    Local override; error
    @(176.3000 mm, 127.2200 mm): Pad 2 [GND] of Module1 on B.Cu
    @(175.1000 mm, 127.2200 mm): Pad 8 [GND] of Module1 on B.Cu
[unconnected_items]: Missing connection between items
    Local override; error
    @(183.5000 mm, 116.5000 mm): Pad 2 [GND] of C68 on F.Cu
    @(188.2500 mm, 109.3500 mm): Pad A10 [GND] of U202 on F.Cu
[unconnected_items]: Missing connection between items
    Local override; error
    @(184.0950 mm, 103.0000 mm): Pad 2 [GND] of C20222 on F.Cu
    @(185.2750 mm, 105.0000 mm): Pad 2 [GND] of C20223 on F.Cu
[unconnected_items]: Missing connection between items
    Local override; error
    @(184.8625 mm, 121.5000 mm): Pad 2 [GND] of U10 on F.Cu
    @(183.5000 mm, 116.5000 mm): Pad 2 [GND] of C68 on F.Cu
[unconnected_items]: Missing connection between items
    Local override; error
    @(185.2750 mm, 105.0000 mm): Pad 2 [GND] of C20223 on F.Cu
    @(188.2500 mm, 103.5000 mm): Pad K10 [GND] of U202 on F.Cu
[unconnected_items]: Missing connection between items
    Local override; error
    @(187.0000 mm, 99.5000 mm): Pad 2 [GND] of C2020 on F.Cu
    @(188.2500 mm, 103.5000 mm): Pad K10 [GND] of U202 on F.Cu
[unconnected_items]: Missing connection between items
    Local override; error
    @(188.2500 mm, 103.5000 mm): Pad K10 [GND] of U202 on F.Cu
    @(190.2000 mm, 105.4500 mm): Pad G7 [GND] of U202 on F.Cu
[unconnected_items]: Missing connection between items
    Local override; error
    @(188.2500 mm, 109.3500 mm): Pad A10 [GND] of U202 on F.Cu
    @(188.9000 mm, 108.0500 mm): Pad C9 [GND] of U202 on F.Cu
[unconnected_items]: Missing connection between items
    Local override; error
    @(188.9000 mm, 108.0500 mm): Pad C9 [GND] of U202 on F.Cu
    @(190.2000 mm, 107.4000 mm): Pad D7 [GND] of U202 on F.Cu
[unconnected_items]: Missing connection between items
    Local override; error
    @(190.2000 mm, 106.1000 mm): Pad F7 [GND] of U202 on F.Cu
    @(190.2000 mm, 105.4500 mm): Pad G7 [GND] of U202 on F.Cu
[unconnected_items]: Missing connection between items
    Local override; error
    @(190.2000 mm, 106.1000 mm): Pad F7 [GND] of U202 on F.Cu
    @(190.8500 mm, 106.1000 mm): Pad F6 [GND] of U202 on F.Cu
[unconnected_items]: Missing connection between items
    Local override; error
    @(190.2000 mm, 106.7500 mm): Pad E7 [GND] of U202 on F.Cu
    @(190.2000 mm, 106.1000 mm): Pad F7 [GND] of U202 on F.Cu
[unconnected_items]: Missing connection between items
    Local override; error
    @(190.2000 mm, 106.7500 mm): Pad E7 [GND] of U202 on F.Cu
    @(190.8500 mm, 106.7500 mm): Pad E6 [GND] of U202 on F.Cu
[unconnected_items]: Missing connection between items
    Local override; error
    @(190.2000 mm, 107.4000 mm): Pad D7 [GND] of U202 on F.Cu
    @(190.2000 mm, 106.7500 mm): Pad E7 [GND] of U202 on F.Cu
[unconnected_items]: Missing connection between items
    Local override; error
    @(190.8500 mm, 107.4000 mm): Pad D6 [GND] of U202 on F.Cu
    @(190.2000 mm, 107.4000 mm): Pad D7 [GND] of U202 on F.Cu
[unconnected_items]: Missing connection between items
    Local override; error
    @(191.5000 mm, 105.4500 mm): Pad G5 [GND] of U202 on F.Cu
    @(190.8500 mm, 105.4500 mm): Pad G6 [GND] of U202 on F.Cu
[unconnected_items]: Missing connection between items
    Local override; error
    @(191.5000 mm, 106.1000 mm): Pad F5 [GND] of U202 on F.Cu
    @(191.5000 mm, 105.4500 mm): Pad G5 [GND] of U202 on F.Cu
[unconnected_items]: Missing connection between items
    Local override; error
    @(191.5000 mm, 106.1000 mm): Pad F5 [GND] of U202 on F.Cu
    @(191.5000 mm, 106.7500 mm): Pad E5 [GND] of U202 on F.Cu
[unconnected_items]: Missing connection between items
    Local override; error
    @(191.5000 mm, 106.1000 mm): Pad F5 [GND] of U202 on F.Cu
    @(192.1500 mm, 106.1000 mm): Pad F4 [GND] of U202 on F.Cu
[unconnected_items]: Missing connection between items
    Local override; error
    @(191.5000 mm, 106.7500 mm): Pad E5 [GND] of U202 on F.Cu
    @(192.1500 mm, 106.7500 mm): Pad E4 [GND] of U202 on F.Cu
[unconnected_items]: Missing connection between items
    Local override; error
    @(191.5000 mm, 106.7500 mm): Pad E5 [GND] of U202 on F.Cu
    @(191.5000 mm, 107.4000 mm): Pad D5 [GND] of U202 on F.Cu
[unconnected_items]: Missing connection between items
    Local override; error
    @(191.5000 mm, 107.4000 mm): Pad D5 [GND] of U202 on F.Cu
    @(192.1500 mm, 107.4000 mm): Pad D4 [GND] of U202 on F.Cu
[unconnected_items]: Missing connection between items
    Local override; error
    @(191.5000 mm, 107.4000 mm): Pad D5 [GND] of U202 on F.Cu
    @(190.8500 mm, 107.4000 mm): Pad D6 [GND] of U202 on F.Cu
[unconnected_items]: Missing connection between items
    Local override; error
    @(192.1500 mm, 105.4500 mm): Pad G4 [GND] of U202 on F.Cu
    @(194.1000 mm, 104.8000 mm): Pad H1 [GND] of U202 on F.Cu
[unconnected_items]: Missing connection between items
    Local override; error
    @(192.1500 mm, 106.1000 mm): Pad F4 [GND] of U202 on F.Cu
    @(192.1500 mm, 105.4500 mm): Pad G4 [GND] of U202 on F.Cu
[unconnected_items]: Missing connection between items
    Local override; error
    @(194.1000 mm, 104.8000 mm): Pad H1 [GND] of U202 on F.Cu
    @(196.0000 mm, 101.0000 mm): Track [GND] on GND2, length 3.5355 mm
[unconnected_items]: Missing connection between items
    Local override; error
    @(197.9500 mm, 110.5000 mm): Pad 2 [GND] of C270 on B.Cu
    @(197.9500 mm, 113.5000 mm): Pad 2 [GND] of C272 on B.Cu
[unconnected_items]: Missing connection between items
    Local override; error
    @(197.9500 mm, 113.5000 mm): Pad 2 [GND] of C272 on B.Cu
    @(197.9500 mm, 115.0000 mm): Pad 2 [GND] of C273 on B.Cu
[unconnected_items]: Missing connection between items
    Local override; error
    @(197.9500 mm, 115.0000 mm): Pad 2 [GND] of C273 on B.Cu
    @(199.6250 mm, 117.5500 mm): Pad 1 [GND] of U15 on F.Cu
[unconnected_items]: Missing connection between items
    Local override; error
    @(199.9500 mm, 108.5000 mm): Pad 2 [GND] of C274 on B.Cu
    @(197.9500 mm, 110.5000 mm): Pad 2 [GND] of C270 on B.Cu
[unconnected_items]: Missing connection between items
    Local override; error
    @(199.9800 mm, 104.9800 mm): Pad 2 [GND] of C2027 on F.Cu
    @(199.9500 mm, 108.5000 mm): Pad 2 [GND] of C274 on B.Cu
[unconnected_items]: Missing connection between items
    Local override; error
    @(200.5500 mm, 99.5000 mm): Pad 2 [GND] of C7 on B.Cu
    @(201.2750 mm, 101.4000 mm): Pad 2 [GND] of C8 on B.Cu
[unconnected_items]: Missing connection between items
    Local override; error
    @(200.6300 mm, 132.5000 mm): Pad 5 [GND] of MK2 on F.Cu
    @(201.7400 mm, 133.6100 mm): Pad 11 [GND] of J301 on B.Cu
[unconnected_items]: Missing connection between items
    Local override; error
    @(200.7000 mm, 97.0000 mm): Pad 31 [GND] of U12 on B.Cu
    @(200.5500 mm, 99.5000 mm): Pad 2 [GND] of C7 on B.Cu
[unconnected_items]: Missing connection between items
    Local override; error
    @(201.2750 mm, 101.4000 mm): Pad 2 [GND] of C8 on B.Cu
    @(204.0500 mm, 99.5000 mm): Pad 2 [GND] of C9 on B.Cu
[unconnected_items]: Missing connection between items
    Local override; error
    @(201.2750 mm, 101.4000 mm): Pad 2 [GND] of C8 on B.Cu
    @(204.0000 mm, 104.0000 mm): Pad 1 [GND] of U209 on B.Cu
[unconnected_items]: Missing connection between items
    Local override; error
    @(201.3000 mm, 131.6500 mm): Pad 4 [GND] of MK2 on F.Cu
    @(200.6300 mm, 132.5000 mm): Pad 5 [GND] of MK2 on F.Cu
[unconnected_items]: Missing connection between items
    Local override; error
    @(201.5000 mm, 92.6000 mm): Pad 12 [GND] of U12 on B.Cu
    @(200.7000 mm, 92.6000 mm): Pad 14 [GND] of U12 on B.Cu
[unconnected_items]: Missing connection between items
    Local override; error
    @(201.5500 mm, 94.1500 mm): PTH pad 39 [GND] of U12
    @(201.5000 mm, 92.6000 mm): Pad 12 [GND] of U12 on B.Cu
[unconnected_items]: Missing connection between items
    Local override; error
    @(201.5500 mm, 95.4500 mm): PTH pad 39 [GND] of U12
    @(200.7000 mm, 97.0000 mm): Pad 31 [GND] of U12 on B.Cu
[unconnected_items]: Missing connection between items
    Local override; error
    @(201.7400 mm, 133.6100 mm): Pad 11 [GND] of J301 on B.Cu
    @(209.1250 mm, 131.4800 mm): Pad 2 [GND] of C38 on F.Cu
[unconnected_items]: Missing connection between items
    Local override; error
    @(201.9000 mm, 92.6000 mm): Pad 11 [GND] of U12 on B.Cu
    @(201.5000 mm, 92.6000 mm): Pad 12 [GND] of U12 on B.Cu
[unconnected_items]: Missing connection between items
    Local override; error
    @(201.9625 mm, 117.0375 mm): Pad 8 [GND] of U208 on B.Cu
    @(201.9625 mm, 117.5375 mm): Pad 7 [GND] of U208 on B.Cu
[unconnected_items]: Missing connection between items
    Local override; error
    @(201.9625 mm, 117.5375 mm): Pad 7 [GND] of U208 on B.Cu
    @(203.0000 mm, 118.0750 mm): Pad 5 [GND] of U208 on B.Cu
[unconnected_items]: Missing connection between items
    Local override; error
    @(201.9625 mm, 117.5375 mm): Pad 7 [GND] of U208 on B.Cu
    @(199.6250 mm, 117.5500 mm): Pad 1 [GND] of U15 on F.Cu
[unconnected_items]: Missing connection between items
    Local override; error
    @(202.5200 mm, 112.5000 mm): Pad 2 [GND] of C290 on B.Cu
    @(202.9000 mm, 112.8500 mm): Pad 11 [GND] of U5 on F.Cu
[unconnected_items]: Missing connection between items
    Local override; error
    @(203.0000 mm, 118.0750 mm): Pad 5 [GND] of U208 on B.Cu
    @(203.5000 mm, 118.0750 mm): Pad 4 [GND] of U208 on B.Cu
[unconnected_items]: Missing connection between items
    Local override; error
    @(203.0000 mm, 118.0750 mm): Pad 5 [GND] of U208 on B.Cu
    @(201.5200 mm, 122.3600 mm): Pad 11 [GND] of J301 on B.Cu
[unconnected_items]: Missing connection between items
    Local override; error
    @(203.3000 mm, 112.8500 mm): Pad 10 [GND] of U5 on F.Cu
    @(202.9000 mm, 112.8500 mm): Pad 11 [GND] of U5 on F.Cu
[unconnected_items]: Missing connection between items
    Local override; error
    @(203.3000 mm, 114.5000 mm): Pad 5 [GND] of U5 on F.Cu
    @(204.5000 mm, 114.5000 mm): Pad 17 [GND] of U208 on B.Cu
[unconnected_items]: Missing connection between items
    Local override; error
    @(203.3000 mm, 114.5000 mm): Pad 5 [GND] of U5 on F.Cu
    @(203.3000 mm, 112.8500 mm): Pad 10 [GND] of U5 on F.Cu
[unconnected_items]: Missing connection between items
    Local override; error
    @(203.5000 mm, 118.0750 mm): Pad 4 [GND] of U208 on B.Cu
    @(204.0000 mm, 118.0750 mm): Pad 3 [GND] of U208 on B.Cu
[unconnected_items]: Missing connection between items
    Local override; error
    @(203.7500 mm, 116.2875 mm): Pad 25 [GND] of U208 on B.Cu
    @(205.5375 mm, 116.0375 mm): Pad 21 [GND] of U208 on B.Cu
[unconnected_items]: Missing connection between items
    Local override; error
    @(204.0000 mm, 118.0750 mm): Pad 3 [GND] of U208 on B.Cu
    @(206.5000 mm, 119.2000 mm): Pad 2 [GND] of Y1 on F.Cu
[unconnected_items]: Missing connection between items
    Local override; error
    @(204.3000 mm, 117.5000 mm): Pad 4 [GND] of Y1 on F.Cu
    @(204.0000 mm, 118.0750 mm): Pad 3 [GND] of U208 on B.Cu
[unconnected_items]: Missing connection between items
    Local override; error
    @(204.3000 mm, 117.5000 mm): Pad 4 [GND] of Y1 on F.Cu
    @(203.7500 mm, 116.2875 mm): Pad 25 [GND] of U208 on B.Cu
[unconnected_items]: Missing connection between items
    Local override; error
    @(204.5000 mm, 105.2000 mm): Pad 2 [GND] of Y202 on F.Cu
    @(204.0000 mm, 104.0000 mm): Pad 1 [GND] of U209 on B.Cu
[unconnected_items]: Missing connection between items
    Local override; error
    @(204.5000 mm, 114.5000 mm): Pad 17 [GND] of U208 on B.Cu
    @(205.0000 mm, 114.5000 mm): Pad 18 [GND] of U208 on B.Cu
[unconnected_items]: Missing connection between items
    Local override; error
    @(205.0000 mm, 114.5000 mm): Pad 18 [GND] of U208 on B.Cu
    @(205.5375 mm, 116.0375 mm): Pad 21 [GND] of U208 on B.Cu
[unconnected_items]: Missing connection between items
    Local override; error
    @(205.5375 mm, 116.0375 mm): Pad 21 [GND] of U208 on B.Cu
    @(207.5000 mm, 115.5000 mm): Pad 2 [GND] of C291 on B.Cu
[unconnected_items]: Missing connection between items
    Local override; error
    @(208.6000 mm, 104.5000 mm): Pad 27 [GND] of J202 on F.Cu
    @(208.9500 mm, 104.5000 mm): Pad 28 [GND] of J202 on F.Cu
[unconnected_items]: Missing connection between items
    Local override; error
    @(208.6000 mm, 104.5000 mm): Pad 27 [GND] of J202 on F.Cu
    @(204.5000 mm, 105.2000 mm): Pad 2 [GND] of Y202 on F.Cu
[unconnected_items]: Missing connection between items
    Local override; error
    @(208.7750 mm, 93.0000 mm): Pad 2 [GND] of C4 on B.Cu
    @(208.7750 mm, 95.0000 mm): Pad 2 [GND] of C5 on B.Cu
[unconnected_items]: Missing connection between items
    Local override; error
    @(208.7750 mm, 93.0000 mm): Pad 2 [GND] of C4 on B.Cu
    @(212.2750 mm, 93.0000 mm): Pad 2 [GND] of C1 on B.Cu
[unconnected_items]: Missing connection between items
    Local override; error
    @(209.1250 mm, 131.4800 mm): Pad 2 [GND] of C38 on F.Cu
    @(210.6250 mm, 131.5000 mm): Pad 2 [GND] of C39 on F.Cu
[unconnected_items]: Missing connection between items
    Local override; error
    @(209.1250 mm, 131.4800 mm): Pad 2 [GND] of C38 on F.Cu
    @(209.1250 mm, 128.9800 mm): Pad 2 [GND] of C33 on F.Cu
[unconnected_items]: Missing connection between items
    Local override; error
    @(209.1650 mm, 126.6300 mm): Pad 2 [GND] of C28 on F.Cu
    @(210.6250 mm, 126.6300 mm): Pad 2 [GND] of C29 on F.Cu
[unconnected_items]: Missing connection between items
    Local override; error
    @(209.1650 mm, 126.6300 mm): Pad 2 [GND] of C28 on F.Cu
    @(208.5000 mm, 123.5000 mm): Pad 2 [GND] of R35 on F.Cu
[unconnected_items]: Missing connection between items
    Local override; error
    @(209.3000 mm, 102.9600 mm): Pad 22 [GND] of J202 on F.Cu
    @(208.9500 mm, 104.5000 mm): Pad 28 [GND] of J202 on F.Cu
[unconnected_items]: Missing connection between items
    Local override; error
    @(209.6500 mm, 102.9600 mm): Pad 21 [GND] of J202 on F.Cu
    @(209.3000 mm, 102.9600 mm): Pad 22 [GND] of J202 on F.Cu
[unconnected_items]: Missing connection between items
    Local override; error
    @(209.9500 mm, 115.2500 mm): PTH pad 49 [GND] of U14
    @(207.5000 mm, 115.5000 mm): Pad 2 [GND] of C291 on B.Cu
[unconnected_items]: Missing connection between items
    Local override; error
    @(210.6250 mm, 126.6300 mm): Pad 2 [GND] of C29 on F.Cu
    @(212.1250 mm, 126.6300 mm): Pad 2 [GND] of C30 on F.Cu
[unconnected_items]: Missing connection between items
    Local override; error
    @(210.6250 mm, 128.9800 mm): Pad 2 [GND] of C34 on F.Cu
    @(209.1250 mm, 128.9800 mm): Pad 2 [GND] of C33 on F.Cu
[unconnected_items]: Missing connection between items
    Local override; error
    @(210.6250 mm, 128.9800 mm): Pad 2 [GND] of C34 on F.Cu
    @(212.1250 mm, 128.9800 mm): Pad 2 [GND] of C35 on F.Cu
[unconnected_items]: Missing connection between items
    Local override; error
    @(210.6250 mm, 128.9800 mm): Pad 2 [GND] of C34 on F.Cu
    @(210.6250 mm, 126.6300 mm): Pad 2 [GND] of C29 on F.Cu
[unconnected_items]: Missing connection between items
    Local override; error
    @(210.6250 mm, 131.5000 mm): Pad 2 [GND] of C39 on F.Cu
    @(211.1200 mm, 133.6250 mm): Pad 6 [GND] of J301 on B.Cu
[unconnected_items]: Missing connection between items
    Local override; error
    @(210.7000 mm, 104.5000 mm): Pad 33 [GND] of J202 on F.Cu
    @(208.9500 mm, 104.5000 mm): Pad 28 [GND] of J202 on F.Cu
[unconnected_items]: Missing connection between items
    Local override; error
    @(211.0500 mm, 104.5000 mm): Pad 34 [GND] of J202 on F.Cu
    @(210.7000 mm, 104.5000 mm): Pad 33 [GND] of J202 on F.Cu
[unconnected_items]: Missing connection between items
    Local override; error
    @(211.0500 mm, 104.5000 mm): Pad 34 [GND] of J202 on F.Cu
    @(211.4000 mm, 102.9600 mm): Pad 16 [GND] of J202 on F.Cu
[unconnected_items]: Missing connection between items
    Local override; error
    @(211.7500 mm, 102.9600 mm): Pad 15 [GND] of J202 on F.Cu
    @(211.4000 mm, 102.9600 mm): Pad 16 [GND] of J202 on F.Cu
[unconnected_items]: Missing connection between items
    Local override; error
    @(212.1250 mm, 131.5000 mm): Pad 2 [GND] of C40 on F.Cu
    @(210.6250 mm, 131.5000 mm): Pad 2 [GND] of C39 on F.Cu
[unconnected_items]: Missing connection between items
    Local override; error
    @(212.2750 mm, 93.0000 mm): Pad 2 [GND] of C1 on B.Cu
    @(212.2750 mm, 95.0000 mm): Pad 2 [GND] of C2 on B.Cu
[unconnected_items]: Missing connection between items
    Local override; error
    @(212.2750 mm, 95.0000 mm): Pad 2 [GND] of C2 on B.Cu
    @(212.2750 mm, 97.0000 mm): Pad 2 [GND] of C3 on B.Cu
[unconnected_items]: Missing connection between items
    Local override; error
    @(212.8000 mm, 104.5000 mm): Pad 39 [GND] of J202 on F.Cu
    @(211.0500 mm, 104.5000 mm): Pad 34 [GND] of J202 on F.Cu
[unconnected_items]: Missing connection between items
    Local override; error
    @(213.1500 mm, 104.5000 mm): Pad 40 [GND] of J202 on F.Cu
    @(212.8000 mm, 104.5000 mm): Pad 39 [GND] of J202 on F.Cu
[unconnected_items]: Missing connection between items
    Local override; error
    @(213.1500 mm, 104.5000 mm): Pad 40 [GND] of J202 on F.Cu
    @(214.2000 mm, 104.5000 mm): Pad 43 [GND] of J202 on F.Cu
[unconnected_items]: Missing connection between items
    Local override; error
    @(213.8500 mm, 102.9600 mm): Pad 9 [GND] of J202 on F.Cu
    @(213.5000 mm, 102.9600 mm): Pad 10 [GND] of J202 on F.Cu
[unconnected_items]: Missing connection between items
    Local override; error
    @(214.2000 mm, 104.5000 mm): Pad 43 [GND] of J202 on F.Cu
    @(215.2500 mm, 104.5000 mm): Pad 46 [GND] of J202 on F.Cu
[unconnected_items]: Missing connection between items
    Local override; error
    @(214.4000 mm, 133.1250 mm): Pad 11 [GND] of J301 on B.Cu
    @(212.1250 mm, 131.5000 mm): Pad 2 [GND] of C40 on F.Cu
[unconnected_items]: Missing connection between items
    Local override; error
    @(214.4800 mm, 122.3600 mm): Pad 11 [GND] of J301 on B.Cu
    @(213.8500 mm, 117.8500 mm): PTH pad 49 [GND] of U14
[unconnected_items]: Missing connection between items
    Local override; error
    @(214.9000 mm, 102.9600 mm): Pad 6 [GND] of J202 on F.Cu
    @(213.8500 mm, 102.9600 mm): Pad 9 [GND] of J202 on F.Cu
[unconnected_items]: Missing connection between items
    Local override; error
    @(215.2500 mm, 102.9600 mm): Pad 5 [GND] of J202 on F.Cu
    @(214.9000 mm, 102.9600 mm): Pad 6 [GND] of J202 on F.Cu
[unconnected_items]: Missing connection between items
    Local override; error
    @(215.2500 mm, 102.9600 mm): Pad 5 [GND] of J202 on F.Cu
    @(216.6500 mm, 102.9600 mm): Pad 1 [GND] of J202 on F.Cu
[unconnected_items]: Missing connection between items
    Local override; error
    @(215.2500 mm, 104.5000 mm): Pad 46 [GND] of J202 on F.Cu
    @(216.6500 mm, 104.5000 mm): Pad 50 [GND] of J202 on F.Cu
[unconnected_items]: Missing connection between items
    Local override; error
    @(215.3500 mm, 94.6750 mm): Pad 7 [GND] of U13 on B.Cu
    @(212.2750 mm, 95.0000 mm): Pad 2 [GND] of C2 on B.Cu
[unconnected_items]: Missing connection between items
    Local override; error
    @(215.3500 mm, 94.6750 mm): Pad 7 [GND] of U13 on B.Cu
    @(219.6500 mm, 94.6750 mm): Pad 2 [GND] of U13 on B.Cu
[unconnected_items]: Missing connection between items
    Local override; error
    @(215.7800 mm, 132.5800 mm): PTH pad SH [GND] of J8
    @(214.4000 mm, 133.1250 mm): Pad 11 [GND] of J301 on B.Cu
[unconnected_items]: Missing connection between items
    Local override; error
    @(216.0000 mm, 117.0000 mm): Pad 27 [GND] of U14 on F.Cu
    @(215.1500 mm, 116.5500 mm): PTH pad 49 [GND] of U14
[unconnected_items]: Missing connection between items
    Local override; error
    @(216.0000 mm, 117.0000 mm): Pad 27 [GND] of U14 on F.Cu
    @(220.0000 mm, 117.0000 mm): Pad 2 [GND] of C12 on B.Cu
[unconnected_items]: Missing connection between items
    Local override; error
    @(216.6500 mm, 102.9600 mm): Pad 1 [GND] of J202 on F.Cu
    @(217.0000 mm, 103.5000 mm): Pad 2 [GND] of C14 on B.Cu
[unconnected_items]: Missing connection between items
    Local override; error
    @(216.6500 mm, 102.9600 mm): Pad 1 [GND] of J202 on F.Cu
    @(217.0000 mm, 102.0000 mm): Pad 2 [GND] of C15 on B.Cu
[unconnected_items]: Missing connection between items
    Local override; error
    @(217.0000 mm, 103.5000 mm): Pad 2 [GND] of C14 on B.Cu
    @(216.6500 mm, 104.5000 mm): Pad 50 [GND] of J202 on F.Cu
[unconnected_items]: Missing connection between items
    Local override; error
    @(217.0000 mm, 105.0000 mm): Pad 2 [GND] of C13 on B.Cu
    @(216.6500 mm, 104.5000 mm): Pad 50 [GND] of J202 on F.Cu
[unconnected_items]: Missing connection between items
    Local override; error
    @(217.2200 mm, 128.4300 mm): Pad B12 [GND] of J8 on F.Cu
    @(218.2000 mm, 127.9000 mm): Pad D2 [GND] of U207 on B.Cu
[unconnected_items]: Missing connection between items
    Local override; error
    @(217.2200 mm, 128.4300 mm): Pad B12 [GND] of J8 on F.Cu
    @(216.1000 mm, 128.1300 mm): PTH pad SH [GND] of J8
[unconnected_items]: Missing connection between items
    Local override; error
    @(217.8000 mm, 127.1000 mm): Pad B3 [GND] of U207 on B.Cu
    @(217.4700 mm, 126.8200 mm): Pad A1 [GND] of J8 on F.Cu
[unconnected_items]: Missing connection between items
    Local override; error
    @(217.8000 mm, 127.1000 mm): Pad B3 [GND] of U207 on B.Cu
    @(218.2000 mm, 127.9000 mm): Pad D2 [GND] of U207 on B.Cu
[unconnected_items]: Missing connection between items
    Local override; error
    @(218.2000 mm, 127.9000 mm): Pad D2 [GND] of U207 on B.Cu
    @(218.6000 mm, 128.3000 mm): Pad E1 [GND] of U207 on B.Cu
[unconnected_items]: Missing connection between items
    Local override; error
    @(219.6500 mm, 94.0250 mm): Pad 1 [GND] of U13 on B.Cu
    @(219.6500 mm, 94.6750 mm): Pad 2 [GND] of U13 on B.Cu
[unconnected_items]: Missing connection between items
    Local override; error
    @(219.6500 mm, 94.6750 mm): Pad 2 [GND] of U13 on B.Cu
    @(219.6500 mm, 95.3250 mm): Pad 3 [GND] of U13 on B.Cu
[unconnected_items]: Missing connection between items
    Local override; error
    @(219.6500 mm, 95.3250 mm): Pad 3 [GND] of U13 on B.Cu
    @(219.6500 mm, 95.9750 mm): Pad 4 [GND] of U13 on B.Cu
[unconnected_items]: Missing connection between items
    Local override; error
    @(219.6500 mm, 95.9750 mm): Pad 4 [GND] of U13 on B.Cu
    @(222.7750 mm, 96.9500 mm): Pad 21 [GND] of U210 on B.Cu
[unconnected_items]: Missing connection between items
    Local override; error
    @(220.0000 mm, 113.0000 mm): Pad 2 [GND] of C10 on B.Cu
    @(220.8500 mm, 113.8500 mm): Pad 20 [GND] of U11 on F.Cu
[unconnected_items]: Missing connection between items
    Local override; error
    @(220.0000 mm, 117.0000 mm): Pad 2 [GND] of C12 on B.Cu
    @(220.2000 mm, 116.5000 mm): Pad 5 [GND] of U11 on F.Cu
[unconnected_items]: Missing connection between items
    Local override; error
    @(220.0500 mm, 102.0000 mm): Pad 2 [GND] of C16 on B.Cu
    @(222.5000 mm, 102.0000 mm): Pad 2 [GND] of C265 on F.Cu
[unconnected_items]: Missing connection between items
    Local override; error
    @(220.0500 mm, 103.5000 mm): Pad 2 [GND] of C24 on B.Cu
    @(220.0500 mm, 102.0000 mm): Pad 2 [GND] of C16 on B.Cu
[unconnected_items]: Missing connection between items
    Local override; error
    @(220.0500 mm, 103.5000 mm): Pad 2 [GND] of C24 on B.Cu
    @(217.0000 mm, 103.5000 mm): Pad 2 [GND] of C14 on B.Cu
[unconnected_items]: Missing connection between items
    Local override; error
    @(220.2000 mm, 115.0000 mm): Pad 2 [GND] of U11 on F.Cu
    @(220.0000 mm, 115.0000 mm): Pad 2 [GND] of C11 on B.Cu
[unconnected_items]: Missing connection between items
    Local override; error
    @(220.2000 mm, 115.0000 mm): Pad 2 [GND] of U11 on F.Cu
    @(220.8500 mm, 113.8500 mm): Pad 20 [GND] of U11 on F.Cu
[unconnected_items]: Missing connection between items
    Local override; error
    @(220.2000 mm, 116.5000 mm): Pad 5 [GND] of U11 on F.Cu
    @(220.2000 mm, 115.0000 mm): Pad 2 [GND] of U11 on F.Cu
[unconnected_items]: Missing connection between items
    Local override; error
    @(220.6125 mm, 121.8500 mm): Pad 7 [GND] of U16 on F.Cu
    @(221.5000 mm, 121.8500 mm): Pad 5 [GND] of U16 on F.Cu
[unconnected_items]: Missing connection between items
    Local override; error
    @(221.6625 mm, 125.1250 mm): Pad 13 [GND] of U6 on B.Cu
    @(221.5000 mm, 121.8500 mm): Pad 5 [GND] of U16 on F.Cu
[unconnected_items]: Missing connection between items
    Local override; error
    @(221.8500 mm, 110.3800 mm): Pad 8 [GND] of U8 on F.Cu
    @(221.8500 mm, 111.1500 mm): Pad 3 [GND] of U8 on F.Cu
[unconnected_items]: Missing connection between items
    Local override; error
    @(221.8500 mm, 110.3800 mm): Pad 8 [GND] of U8 on F.Cu
    @(225.0500 mm, 110.0000 mm): Pad 2 [GND] of C6 on B.Cu
[unconnected_items]: Missing connection between items
    Local override; error
    @(221.8500 mm, 111.1500 mm): Pad 3 [GND] of U8 on F.Cu
    @(220.0000 mm, 113.0000 mm): Pad 2 [GND] of C10 on B.Cu
[unconnected_items]: Missing connection between items
    Local override; error
    @(221.8625 mm, 121.5250 mm): Pad 27 [GND] of U6 on B.Cu
    @(221.5000 mm, 121.8500 mm): Pad 5 [GND] of U16 on F.Cu
[unconnected_items]: Missing connection between items
    Local override; error
    @(221.8625 mm, 121.5250 mm): Pad 27 [GND] of U6 on B.Cu
    @(225.5100 mm, 121.0000 mm): Pad 2 [GND] of R15 on F.Cu
[unconnected_items]: Missing connection between items
    Local override; error
    @(222.0625 mm, 125.1250 mm): Pad 12 [GND] of U6 on B.Cu
    @(221.6625 mm, 125.1250 mm): Pad 13 [GND] of U6 on B.Cu
[unconnected_items]: Missing connection between items
    Local override; error
    @(222.4625 mm, 125.1250 mm): Pad 11 [GND] of U6 on B.Cu
    @(222.0625 mm, 125.1250 mm): Pad 12 [GND] of U6 on B.Cu
[unconnected_items]: Missing connection between items
    Local override; error
    @(222.5000 mm, 102.0000 mm): Pad 2 [GND] of C265 on F.Cu
    @(222.7750 mm, 96.9500 mm): Pad 21 [GND] of U210 on B.Cu
[unconnected_items]: Missing connection between items
    Local override; error
    @(222.5000 mm, 104.0000 mm): Pad 2 [GND] of C266 on F.Cu
    @(222.5000 mm, 106.0000 mm): Pad 2 [GND] of C267 on F.Cu
[unconnected_items]: Missing connection between items
    Local override; error
    @(222.5000 mm, 104.0000 mm): Pad 2 [GND] of C266 on F.Cu
    @(222.5000 mm, 102.0000 mm): Pad 2 [GND] of C265 on F.Cu
[unconnected_items]: Missing connection between items
    Local override; error
    @(222.8625 mm, 125.1250 mm): Pad 10 [GND] of U6 on B.Cu
    @(222.4625 mm, 125.1250 mm): Pad 11 [GND] of U6 on B.Cu
[unconnected_items]: Missing connection between items
    Local override; error
    @(222.8625 mm, 125.1250 mm): Pad 10 [GND] of U6 on B.Cu
    @(222.9700 mm, 126.8200 mm): Pad A12 [GND] of J8 on F.Cu
[unconnected_items]: Missing connection between items
    Local override; error
    @(223.0000 mm, 117.0000 mm): Pad 11 [GND] of U11 on F.Cu
    @(220.2000 mm, 116.5000 mm): Pad 5 [GND] of U11 on F.Cu
[unconnected_items]: Missing connection between items
    Local override; error
    @(224.1000 mm, 128.1300 mm): PTH pad SH [GND] of J8
    @(222.7200 mm, 128.4300 mm): Pad B1 [GND] of J8 on F.Cu
[unconnected_items]: Missing connection between items
    Local override; error
    @(224.4200 mm, 127.5300 mm): PTH pad SH [GND] of J8
    @(222.9700 mm, 126.8200 mm): Pad A12 [GND] of J8 on F.Cu
[unconnected_items]: Missing connection between items
    Local override; error
    @(225.0500 mm, 110.0000 mm): Pad 2 [GND] of C6 on B.Cu
    @(230.4100 mm, 109.8000 mm): Pad 2 [GND] of R12 on B.Cu
[unconnected_items]: Missing connection between items
    Local override; error
    @(225.5100 mm, 121.0000 mm): Pad 2 [GND] of R15 on F.Cu
    @(229.5200 mm, 122.5000 mm): Pad 2 [GND] of C281 on B.Cu
[unconnected_items]: Missing connection between items
    Local override; error
    @(226.0800 mm, 115.1500 mm): Pad 3 [GND] of U9 on F.Cu
    @(223.0000 mm, 117.0000 mm): Pad 11 [GND] of U11 on F.Cu
[unconnected_items]: Missing connection between items
    Local override; error
    @(226.8500 mm, 115.1500 mm): Pad 8 [GND] of U9 on F.Cu
    @(226.0800 mm, 115.1500 mm): Pad 3 [GND] of U9 on F.Cu
[unconnected_items]: Missing connection between items
    Local override; error
    @(230.0000 mm, 102.8750 mm): Track [GND] on GND2, length 2.6517 mm
    @(228.5000 mm, 102.1500 mm): Pad 12 [GND] of U210 on B.Cu
[unconnected_items]: Missing connection between items
    Local override; error
    @(230.0000 mm, 102.8750 mm): Track [GND] on GND2, length 2.6517 mm
    @(228.5000 mm, 95.6500 mm): Pad 2 [GND] of U210 on B.Cu
[unconnected_items]: Missing connection between items
    Local override; error
    @(229.5200 mm, 123.5000 mm): Pad 2 [GND] of C282 on B.Cu
    @(229.5200 mm, 122.5000 mm): Pad 2 [GND] of C281 on B.Cu
[unconnected_items]: Missing connection between items
    Local override; error
    @(229.5200 mm, 124.5000 mm): Pad 2 [GND] of C283 on B.Cu
    @(229.5200 mm, 123.5000 mm): Pad 2 [GND] of C282 on B.Cu
[unconnected_items]: Missing connection between items
    Local override; error
    @(229.5200 mm, 124.5000 mm): Pad 2 [GND] of C283 on B.Cu
    @(231.4800 mm, 127.5000 mm): Pad 2 [GND] of R280 on B.Cu
[unconnected_items]: Missing connection between items
    Local override; error
    @(231.4800 mm, 127.5000 mm): Pad 2 [GND] of R280 on B.Cu
    @(233.9800 mm, 127.5000 mm): Pad 2 [GND] of R281 on B.Cu
[unconnected_items]: Missing connection between items
    Local override; error
    @(232.5100 mm, 104.0000 mm): Pad 2 [GND] of R9 on B.Cu
    @(234.4200 mm, 104.0000 mm): Pad 2 [GND] of R10 on B.Cu
[unconnected_items]: Missing connection between items
    Local override; error
    @(232.5100 mm, 104.0000 mm): Pad 2 [GND] of R9 on B.Cu
    @(230.2250 mm, 102.6500 mm): Track [GND] on F.Cu, length 1.6000 mm
[unconnected_items]: Missing connection between items
    Local override; error
    @(232.9500 mm, 114.5000 mm): Pad 2 [GND] of C301 on B.Cu
    @(230.4100 mm, 109.8000 mm): Pad 2 [GND] of R12 on B.Cu
[unconnected_items]: Missing connection between items
    Local override; error
    @(233.9800 mm, 129.0000 mm): Pad 2 [GND] of R283 on B.Cu
    @(233.9800 mm, 127.5000 mm): Pad 2 [GND] of R281 on B.Cu
[unconnected_items]: Missing connection between items
    Local override; error
    @(234.0100 mm, 130.5000 mm): Pad 2 [GND] of C280 on B.Cu
    @(233.9800 mm, 129.0000 mm): Pad 2 [GND] of R283 on B.Cu
[unconnected_items]: Missing connection between items
    Local override; error
    @(234.4200 mm, 104.0000 mm): Pad 2 [GND] of R10 on B.Cu
    @(234.4200 mm, 103.0000 mm): Pad 2 [GND] of R4 on B.Cu
[unconnected_items]: Missing connection between items
    Local override; error
    @(112.5000 mm, 117.5000 mm): Pad 1 [+3V3] of TP5 on B.Cu
    @(116.8125 mm, 119.3125 mm): Pad 30 [+3V3] of U3 on F.Cu
[unconnected_items]: Missing connection between items
    Local override; error
    @(115.1250 mm, 122.5000 mm): Pad 6 [+3V3] of U3 on F.Cu
    @(116.8125 mm, 119.3125 mm): Pad 30 [+3V3] of U3 on F.Cu
[unconnected_items]: Missing connection between items
    Local override; error
    @(120.9500 mm, 97.5000 mm): Pad 1 [+3V3] of C64 on B.Cu
    @(110.7300 mm, 99.2700 mm): Pad 1 [+3V3] of J6 on B.Cu
[unconnected_items]: Missing connection between items
    Local override; error
    @(121.9000 mm, 120.0000 mm): Pad 6 [+3V3] of U1 on B.Cu
    @(123.0000 mm, 120.0000 mm): Pad 1 [+3V3] of U1 on B.Cu
[unconnected_items]: Missing connection between items
    Local override; error
    @(121.9000 mm, 120.0000 mm): Pad 6 [+3V3] of U1 on B.Cu
    @(116.8125 mm, 119.3125 mm): Pad 30 [+3V3] of U3 on F.Cu
[unconnected_items]: Missing connection between items
    Local override; error
    @(123.0000 mm, 120.0000 mm): Pad 1 [+3V3] of U1 on B.Cu
    @(127.0000 mm, 112.0000 mm): Pad 1 [+3V3] of C43 on F.Cu
[unconnected_items]: Missing connection between items
    Local override; error
    @(126.9750 mm, 97.0000 mm): Pad 1 [+3V3] of R26 on B.Cu
    @(129.4800 mm, 99.0000 mm): Pad 1 [+3V3] of R21 on B.Cu
[unconnected_items]: Missing connection between items
    Local override; error
    @(126.9750 mm, 97.0000 mm): Pad 1 [+3V3] of R26 on B.Cu
    @(120.9500 mm, 97.5000 mm): Pad 1 [+3V3] of C64 on B.Cu
[unconnected_items]: Missing connection between items
    Local override; error
    @(127.0000 mm, 112.0000 mm): Pad 1 [+3V3] of C43 on F.Cu
    @(136.5000 mm, 111.5100 mm): Pad 1 [+3V3] of R16 on F.Cu
[unconnected_items]: Missing connection between items
    Local override; error
    @(129.4800 mm, 99.0000 mm): Pad 1 [+3V3] of R21 on B.Cu
    @(135.0000 mm, 101.5000 mm): Pad 1 [+3V3] of R22 on B.Cu
[unconnected_items]: Missing connection between items
    Local override; error
    @(131.5000 mm, 130.7250 mm): Pad 5 [+3V3] of U301 on B.Cu
    @(137.5100 mm, 127.0000 mm): Pad 1 [+3V3] of R301 on B.Cu
[unconnected_items]: Missing connection between items
    Local override; error
    @(131.5000 mm, 130.7250 mm): Pad 5 [+3V3] of U301 on B.Cu
    @(123.0000 mm, 120.0000 mm): Pad 1 [+3V3] of U1 on B.Cu
[unconnected_items]: Missing connection between items
    Local override; error
    @(135.0000 mm, 101.5000 mm): Pad 1 [+3V3] of R22 on B.Cu
    @(137.5000 mm, 101.5000 mm): Pad 1 [+3V3] of R23 on B.Cu
[unconnected_items]: Missing connection between items
    Local override; error
    @(137.5000 mm, 101.5000 mm): Pad 1 [+3V3] of R23 on B.Cu
    @(136.5000 mm, 111.5100 mm): Pad 1 [+3V3] of R16 on F.Cu
[unconnected_items]: Missing connection between items
    Local override; error
    @(137.5100 mm, 127.0000 mm): Pad 1 [+3V3] of R301 on B.Cu
    @(158.7000 mm, 123.6500 mm): Pad 4 [+3V3] of J10 on F.Cu
[unconnected_items]: Missing connection between items
    Local override; error
    @(138.0000 mm, 112.0000 mm): Pad 1 [+3V3] of R17 on F.Cu
    @(136.5000 mm, 111.5100 mm): Pad 1 [+3V3] of R16 on F.Cu
[unconnected_items]: Missing connection between items
    Local override; error
    @(159.5000 mm, 127.2200 mm): Pad 86 [+3V3] of Module1 on B.Cu
    @(158.7000 mm, 123.6500 mm): Pad 4 [+3V3] of J10 on F.Cu
[unconnected_items]: Missing connection between items
    Local override; error
    @(159.9000 mm, 127.2200 mm): Track [+3V3] on B.Cu, length 1.0800 mm
    @(159.5000 mm, 127.2200 mm): Pad 86 [+3V3] of Module1 on B.Cu
[unconnected_items]: Missing connection between items
    Local override; error
    @(159.9000 mm, 127.2200 mm): Track [+3V3] on B.Cu, length 1.0800 mm
    @(161.1000 mm, 127.2200 mm): Pad 78 [+3V3] of Module1 on B.Cu
[unconnected_items]: Missing connection between items
    Local override; error
    @(167.9700 mm, 116.5000 mm): Pad 1 [+3V3] of R29 on F.Cu
    @(179.0000 mm, 113.5000 mm): Track [+3V3] on GND2, length 15.0000 mm
[unconnected_items]: Missing connection between items
    Local override; error
    @(170.4800 mm, 118.0000 mm): Pad 1 [+3V3] of R31 on F.Cu
    @(170.4800 mm, 119.5000 mm): Pad 1 [+3V3] of R34 on F.Cu
[unconnected_items]: Missing connection between items
    Local override; error
    @(170.4800 mm, 118.0000 mm): Pad 1 [+3V3] of R31 on F.Cu
    @(167.9700 mm, 116.5000 mm): Pad 1 [+3V3] of R29 on F.Cu
[unconnected_items]: Missing connection between items
    Local override; error
    @(171.4050 mm, 122.8700 mm): Pad 1 [+3V3] of C36 on F.Cu
    @(170.4800 mm, 119.5000 mm): Pad 1 [+3V3] of R34 on F.Cu
[unconnected_items]: Missing connection between items
    Local override; error
    @(173.9050 mm, 122.8700 mm): Pad 1 [+3V3] of C37 on F.Cu
    @(171.4050 mm, 122.8700 mm): Pad 1 [+3V3] of C36 on F.Cu
[unconnected_items]: Missing connection between items
    Local override; error
    @(173.9050 mm, 122.8700 mm): Pad 1 [+3V3] of C37 on F.Cu
    @(180.7125 mm, 123.5000 mm): Pad 1 [+3V3] of FB1 on F.Cu
[unconnected_items]: Missing connection between items
    Local override; error
    @(182.5400 mm, 116.5000 mm): Pad 1 [+3V3] of C68 on F.Cu
    @(185.0000 mm, 107.5000 mm): Track [+3V3] on GND2, length 8.4853 mm
[unconnected_items]: Missing connection between items
    Local override; error
    @(200.9800 mm, 122.5000 mm): Pad 1 [+3V3] of R13 on F.Cu
    @(200.9800 mm, 124.0000 mm): Pad 1 [+3V3] of R14 on F.Cu
[unconnected_items]: Missing connection between items
    Local override; error
    @(201.5000 mm, 118.5000 mm): Pad 3 [+3V3] of U15 on F.Cu
    @(200.9800 mm, 122.5000 mm): Pad 1 [+3V3] of R13 on F.Cu
[unconnected_items]: Missing connection between items
    Local override; error
    @(201.5000 mm, 118.5000 mm): Pad 3 [+3V3] of U15 on F.Cu
    @(202.5000 mm, 114.5000 mm): Pad 3 [+3V3] of U5 on F.Cu
[unconnected_items]: Missing connection between items
    Local override; error
    @(202.5000 mm, 112.8500 mm): Pad 12 [+3V3] of U5 on F.Cu
    @(202.5000 mm, 114.5000 mm): Pad 3 [+3V3] of U5 on F.Cu
[unconnected_items]: Missing connection between items
    Local override; error
    @(202.5000 mm, 112.8500 mm): Pad 12 [+3V3] of U5 on F.Cu
    @(209.1000 mm, 113.5000 mm): Pad 3 [+3V3] of U14 on F.Cu
[unconnected_items]: Missing connection between items
    Local override; error
    @(202.5000 mm, 112.8500 mm): Pad 12 [+3V3] of U5 on F.Cu
    @(204.0000 mm, 104.6500 mm): Pad 2 [+3V3] of U209 on B.Cu
[unconnected_items]: Missing connection between items
    Local override; error
    @(203.5000 mm, 97.0000 mm): Pad 38 [+3V3] of U12 on B.Cu
    @(204.0000 mm, 104.6500 mm): Pad 2 [+3V3] of U209 on B.Cu
[unconnected_items]: Missing connection between items
    Local override; error
    @(209.1000 mm, 113.5000 mm): Pad 3 [+3V3] of U14 on F.Cu
    @(209.1000 mm, 118.0000 mm): Pad 12 [+3V3] of U14 on F.Cu
[unconnected_items]: Missing connection between items
    Local override; error
    @(209.1250 mm, 132.4400 mm): Pad 1 [+3V3] of C38 on F.Cu
    @(210.6250 mm, 129.9400 mm): Pad 1 [+3V3] of C34 on F.Cu
[unconnected_items]: Missing connection between items
    Local override; error
    @(210.6250 mm, 129.9400 mm): Pad 1 [+3V3] of C34 on F.Cu
    @(212.1250 mm, 129.9400 mm): Pad 1 [+3V3] of C35 on F.Cu
[unconnected_items]: Missing connection between items
    Local override; error
    @(210.6250 mm, 129.9400 mm): Pad 1 [+3V3] of C34 on F.Cu
    @(200.9800 mm, 124.0000 mm): Pad 1 [+3V3] of R14 on F.Cu
[unconnected_items]: Missing connection between items
    Local override; error
    @(210.7250 mm, 97.0000 mm): Pad 1 [+3V3] of C3 on B.Cu
    @(203.5000 mm, 97.0000 mm): Pad 38 [+3V3] of U12 on B.Cu
[unconnected_items]: Missing connection between items
    Local override; error
    @(212.1250 mm, 129.9400 mm): Pad 1 [+3V3] of C35 on F.Cu
    @(212.1250 mm, 132.4600 mm): Pad 1 [+3V3] of C40 on F.Cu
[unconnected_items]: Missing connection between items
    Local override; error
    @(212.3000 mm, 111.8000 mm): Pad 43 [+3V3] of U14 on F.Cu
    @(209.1000 mm, 113.5000 mm): Pad 3 [+3V3] of U14 on F.Cu
[unconnected_items]: Missing connection between items
    Local override; error
    @(212.5000 mm, 110.0000 mm): Pad 2 [+3V3] of R290 on B.Cu
    @(214.0000 mm, 110.0000 mm): Pad 2 [+3V3] of R291 on B.Cu
[unconnected_items]: Missing connection between items
    Local override; error
    @(212.5000 mm, 110.0000 mm): Pad 2 [+3V3] of R290 on B.Cu
    @(212.3000 mm, 111.8000 mm): Pad 43 [+3V3] of U14 on F.Cu
[unconnected_items]: Missing connection between items
    Local override; error
    @(214.3000 mm, 118.7000 mm): Pad 22 [+3V3] of U14 on F.Cu
    @(216.0000 mm, 118.0000 mm): Pad 25 [+3V3] of U14 on F.Cu
[unconnected_items]: Missing connection between items
    Local override; error
    @(216.0000 mm, 113.5000 mm): Pad 34 [+3V3] of U14 on F.Cu
    @(214.0000 mm, 110.0000 mm): Pad 2 [+3V3] of R291 on B.Cu
[unconnected_items]: Missing connection between items
    Local override; error
    @(216.0000 mm, 118.0000 mm): Pad 25 [+3V3] of U14 on F.Cu
    @(230.6777 mm, 107.5000 mm): Track [+3V3] on PWR_SIG2, length 14.8177 mm
[unconnected_items]: Missing connection between items
    Local override; error
    @(216.0000 mm, 118.0000 mm): Pad 25 [+3V3] of U14 on F.Cu
    @(216.0000 mm, 113.5000 mm): Pad 34 [+3V3] of U14 on F.Cu
[unconnected_items]: Missing connection between items
    Local override; error
    @(235.1000 mm, 110.2750 mm): Track [+3V3] on F.Cu, length 2.9851 mm
    @(233.4900 mm, 98.0000 mm): Pad 1 [+3V3] of R8 on B.Cu
[unconnected_items]: Missing connection between items
    Local override; error
    @(167.1000 mm, 127.2200 mm): Pad 48 [TYPEC_FLIP] of Module1 on B.Cu
    @(221.8500 mm, 117.6500 mm): Pad 9 [TYPEC_FLIP] of U11 on F.Cu
[unconnected_items]: Missing connection between items
    Local override; error
    @(223.0000 mm, 115.5000 mm): Pad 14 [USB_C_TX2_N] of U11 on F.Cu
    @(221.7200 mm, 127.7002 mm): Via [USB_C_TX2_N] on F.Cu - B.Cu
[unconnected_items]: Missing connection between items
    Local override; error
    @(223.0000 mm, 114.5000 mm): Pad 16 [USB_C_RX1_N] of U11 on F.Cu
    @(218.2200 mm, 128.4300 mm): Track [USB_C_RX1_N] on F.Cu, length 0.5678 mm
[unconnected_items]: Missing connection between items
    Local override; error
    @(129.0000 mm, 106.5000 mm): Pad 2 [L_3V3_HDMI] of R2010 on F.Cu
    @(129.0000 mm, 107.7000 mm): Pad 2 [L_3V3_HDMI] of R2011 on F.Cu
[unconnected_items]: Missing connection between items
    Local override; error
    @(129.0000 mm, 106.5000 mm): Pad 2 [L_3V3_HDMI] of R2010 on F.Cu
    @(139.0000 mm, 106.0500 mm): Pad G1 [L_3V3_HDMI] of U201 on F.Cu
[unconnected_items]: Missing connection between items
    Local override; error
    @(138.0750 mm, 114.5000 mm): Pad 2 [L_3V3_HDMI] of FB2011 on F.Cu
    @(139.0000 mm, 106.0500 mm): Pad G1 [L_3V3_HDMI] of U201 on F.Cu
[unconnected_items]: Missing connection between items
    Local override; error
    @(139.0000 mm, 106.0500 mm): Pad G1 [L_3V3_HDMI] of U201 on F.Cu
    @(139.0000 mm, 102.8000 mm): Pad B1 [L_3V3_HDMI] of U201 on F.Cu
[unconnected_items]: Missing connection between items
    Local override; error
    @(139.0000 mm, 106.0500 mm): Pad G1 [L_3V3_HDMI] of U201 on F.Cu
    @(147.9400 mm, 110.0000 mm): Pad 1 [L_3V3_HDMI] of C2011 on F.Cu
[unconnected_items]: Missing connection between items
    Local override; error
    @(149.7750 mm, 114.5000 mm): Pad 1 [L_3V3_HDMI] of C20120 on F.Cu
    @(147.9400 mm, 110.0000 mm): Pad 1 [L_3V3_HDMI] of C2011 on F.Cu
[unconnected_items]: Missing connection between items
    Local override; error
    @(165.1100 mm, 108.5000 mm): Pad 2 [R_3V3_HDMI] of R2020 on F.Cu
    @(165.1100 mm, 110.0000 mm): Pad 2 [R_3V3_HDMI] of R2021 on F.Cu
[unconnected_items]: Missing connection between items
    Local override; error
    @(165.1100 mm, 108.5000 mm): Pad 2 [R_3V3_HDMI] of R2020 on F.Cu
    @(167.4200 mm, 103.5000 mm): Pad 1 [R_3V3_HDMI] of C2021 on F.Cu
[unconnected_items]: Missing connection between items
    Local override; error
    @(170.4500 mm, 96.5000 mm): Pad 1 [R_3V3_HDMI] of C20220 on F.Cu
    @(167.4200 mm, 103.5000 mm): Pad 1 [R_3V3_HDMI] of C2021 on F.Cu
[unconnected_items]: Missing connection between items
    Local override; error
    @(176.6875 mm, 101.0000 mm): Pad 2 [R_3V3_HDMI] of FB2021 on F.Cu
    @(170.4500 mm, 96.5000 mm): Pad 1 [R_3V3_HDMI] of C20220 on F.Cu
[unconnected_items]: Missing connection between items
    Local override; error
    @(176.6875 mm, 101.0000 mm): Pad 2 [R_3V3_HDMI] of FB2021 on F.Cu
    @(194.1000 mm, 105.4500 mm): Pad G1 [R_3V3_HDMI] of U202 on F.Cu
[unconnected_items]: Missing connection between items
    Local override; error
    @(194.1000 mm, 108.7000 mm): Pad B1 [R_3V3_HDMI] of U202 on F.Cu
    @(194.1000 mm, 105.4500 mm): Pad G1 [R_3V3_HDMI] of U202 on F.Cu
[unconnected_items]: Missing connection between items
    Local override; error
    @(105.8000 mm, 98.3125 mm): Pad 1 [DISPLAY_1V8] of C260 on F.Cu
    @(119.0000 mm, 107.0000 mm): Pad 4 [DISPLAY_1V8] of Y201 on F.Cu
[unconnected_items]: Missing connection between items
    Local override; error
    @(119.0000 mm, 107.0000 mm): Pad 4 [DISPLAY_1V8] of Y201 on F.Cu
    @(121.5000 mm, 104.5000 mm): Pad 2 [DISPLAY_1V8] of J201 on F.Cu
[unconnected_items]: Missing connection between items
    Local override; error
    @(119.0000 mm, 108.2000 mm): Pad 1 [DISPLAY_1V8] of Y201 on F.Cu
    @(119.0000 mm, 107.0000 mm): Pad 4 [DISPLAY_1V8] of Y201 on F.Cu
[unconnected_items]: Missing connection between items
    Local override; error
    @(122.2000 mm, 104.5000 mm): Pad 4 [DISPLAY_1V8] of J201 on F.Cu
    @(121.5000 mm, 104.5000 mm): Pad 2 [DISPLAY_1V8] of J201 on F.Cu
[unconnected_items]: Missing connection between items
    Local override; error
    @(126.0000 mm, 122.5000 mm): Pad 2 [DISPLAY_1V8] of L204 on B.Cu
    @(136.5000 mm, 116.5000 mm): Pad 1 [DISPLAY_1V8] of FB2013 on F.Cu
[unconnected_items]: Missing connection between items
    Local override; error
    @(126.0000 mm, 122.5000 mm): Pad 2 [DISPLAY_1V8] of L204 on B.Cu
    @(110.5000 mm, 125.5000 mm): Pad 1 [DISPLAY_1V8] of R2041 on B.Cu
[unconnected_items]: Missing connection between items
    Local override; error
    @(126.0000 mm, 122.5000 mm): Pad 2 [DISPLAY_1V8] of L204 on B.Cu
    @(119.0000 mm, 108.2000 mm): Pad 1 [DISPLAY_1V8] of Y201 on F.Cu
[unconnected_items]: Missing connection between items
    Local override; error
    @(139.0000 mm, 108.5000 mm): Pad 1 [DISPLAY_1V8] of C2042 on B.Cu
    @(141.5200 mm, 112.0000 mm): Pad 1 [DISPLAY_1V8] of C2010 on F.Cu
[unconnected_items]: Missing connection between items
    Local override; error
    @(141.5200 mm, 112.0000 mm): Pad 1 [DISPLAY_1V8] of C2010 on F.Cu
    @(136.5000 mm, 116.5000 mm): Pad 1 [DISPLAY_1V8] of FB2013 on F.Cu
[unconnected_items]: Missing connection between items
    Local override; error
    @(146.0000 mm, 100.0000 mm): Pad 1 [DISPLAY_1V8] of TP203 on F.Cu
    @(139.0000 mm, 108.5000 mm): Pad 1 [DISPLAY_1V8] of C2042 on B.Cu
[unconnected_items]: Missing connection between items
    Local override; error
    @(146.0000 mm, 100.0000 mm): Pad 1 [DISPLAY_1V8] of TP203 on F.Cu
    @(165.1100 mm, 111.5000 mm): Pad 2 [DISPLAY_1V8] of R2022 on F.Cu
[unconnected_items]: Missing connection between items
    Local override; error
    @(165.1100 mm, 111.5000 mm): Pad 2 [DISPLAY_1V8] of R2022 on F.Cu
    @(175.1125 mm, 102.7125 mm): Pad 1 [DISPLAY_1V8] of FB2023 on F.Cu
[unconnected_items]: Missing connection between items
    Local override; error
    @(175.1125 mm, 102.7125 mm): Pad 1 [DISPLAY_1V8] of FB2023 on F.Cu
    @(186.0400 mm, 99.5000 mm): Pad 1 [DISPLAY_1V8] of C2020 on F.Cu
[unconnected_items]: Missing connection between items
    Local override; error
    @(186.0400 mm, 99.5000 mm): Pad 1 [DISPLAY_1V8] of C2020 on F.Cu
    @(203.0000 mm, 104.0000 mm): Pad 4 [DISPLAY_1V8] of Y202 on F.Cu
[unconnected_items]: Missing connection between items
    Local override; error
    @(203.0000 mm, 104.0000 mm): Pad 4 [DISPLAY_1V8] of Y202 on F.Cu
    @(203.0000 mm, 105.2000 mm): Pad 1 [DISPLAY_1V8] of Y202 on F.Cu
[unconnected_items]: Missing connection between items
    Local override; error
    @(203.4800 mm, 112.5000 mm): Pad 1 [DISPLAY_1V8] of C290 on B.Cu
    @(208.4600 mm, 115.5000 mm): Pad 1 [DISPLAY_1V8] of C291 on B.Cu
[unconnected_items]: Missing connection between items
    Local override; error
    @(204.0000 mm, 105.3000 mm): Pad 3 [DISPLAY_1V8] of U209 on B.Cu
    @(204.0000 mm, 105.9500 mm): Pad 4 [DISPLAY_1V8] of U209 on B.Cu
[unconnected_items]: Missing connection between items
    Local override; error
    @(204.0000 mm, 105.3000 mm): Pad 3 [DISPLAY_1V8] of U209 on B.Cu
    @(203.0000 mm, 105.2000 mm): Pad 1 [DISPLAY_1V8] of Y202 on F.Cu
[unconnected_items]: Missing connection between items
    Local override; error
    @(204.0000 mm, 105.9500 mm): Pad 4 [DISPLAY_1V8] of U209 on B.Cu
    @(209.0000 mm, 107.9900 mm): Pad 2 [DISPLAY_1V8] of R294 on B.Cu
[unconnected_items]: Missing connection between items
    Local override; error
    @(204.0000 mm, 105.9500 mm): Pad 4 [DISPLAY_1V8] of U209 on B.Cu
    @(203.4800 mm, 112.5000 mm): Pad 1 [DISPLAY_1V8] of C290 on B.Cu
[unconnected_items]: Missing connection between items
    Local override; error
    @(209.0000 mm, 107.9900 mm): Pad 2 [DISPLAY_1V8] of R294 on B.Cu
    @(210.5000 mm, 108.0000 mm): Pad 2 [DISPLAY_1V8] of R295 on B.Cu
[unconnected_items]: Missing connection between items
    Local override; error
    @(210.5000 mm, 108.0000 mm): Pad 2 [DISPLAY_1V8] of R295 on B.Cu
    @(215.5000 mm, 110.0000 mm): Pad 2 [DISPLAY_1V8] of R292 on B.Cu
[unconnected_items]: Missing connection between items
    Local override; error
    @(215.6000 mm, 102.9600 mm): Pad 4 [DISPLAY_1V8] of J202 on F.Cu
    @(215.5000 mm, 110.0000 mm): Pad 2 [DISPLAY_1V8] of R292 on B.Cu
[unconnected_items]: Missing connection between items
    Local override; error
    @(216.3000 mm, 102.9600 mm): Pad 2 [DISPLAY_1V8] of J202 on F.Cu
    @(215.6000 mm, 102.9600 mm): Pad 4 [DISPLAY_1V8] of J202 on F.Cu
[unconnected_items]: Missing connection between items
    Local override; error
    @(216.3000 mm, 102.9600 mm): Pad 2 [DISPLAY_1V8] of J202 on F.Cu
    @(220.9500 mm, 102.0000 mm): Pad 1 [DISPLAY_1V8] of C265 on F.Cu
[unconnected_items]: Missing connection between items
    Local override; error
    @(217.0000 mm, 110.0000 mm): Pad 2 [DISPLAY_1V8] of R293 on B.Cu
    @(215.5000 mm, 110.0000 mm): Pad 2 [DISPLAY_1V8] of R292 on B.Cu
[unconnected_items]: Missing connection between items
    Local override; error
    @(220.9500 mm, 102.0000 mm): Pad 1 [DISPLAY_1V8] of C265 on F.Cu
    @(222.7750 mm, 95.0000 mm): Pad 24 [DISPLAY_1V8] of U210 on B.Cu
[unconnected_items]: Missing connection between items
    Local override; error
    @(105.8000 mm, 100.3125 mm): Pad 1 [LCD_VSP] of C261 on F.Cu
    @(121.8500 mm, 104.5000 mm): Pad 3 [LCD_VSP] of J201 on F.Cu
[unconnected_items]: Missing connection between items
    Local override; error
    @(121.8500 mm, 104.5000 mm): Pad 3 [LCD_VSP] of J201 on F.Cu
    @(163.5000 mm, 105.5000 mm): Pad 1 [LCD_VSP] of TP206 on F.Cu
[unconnected_items]: Missing connection between items
    Local override; error
    @(163.5000 mm, 105.5000 mm): Pad 1 [LCD_VSP] of TP206 on F.Cu
    @(199.5000 mm, 113.5000 mm): Pad 1 [LCD_VSP] of C272 on B.Cu
[unconnected_items]: Missing connection between items
    Local override; error
    @(199.5000 mm, 113.5000 mm): Pad 1 [LCD_VSP] of C272 on B.Cu
    @(215.9500 mm, 102.9600 mm): Pad 3 [LCD_VSP] of J202 on F.Cu
[unconnected_items]: Missing connection between items
    Local override; error
    @(199.5000 mm, 113.5000 mm): Pad 1 [LCD_VSP] of C272 on B.Cu
    @(217.8000 mm, 128.3000 mm): Pad E3 [LCD_VSP] of U207 on B.Cu
[unconnected_items]: Missing connection between items
    Local override; error
    @(220.9500 mm, 104.0000 mm): Pad 1 [LCD_VSP] of C266 on F.Cu
    @(215.9500 mm, 102.9600 mm): Pad 3 [LCD_VSP] of J202 on F.Cu
[unconnected_items]: Missing connection between items
    Local override; error
    @(105.8000 mm, 102.3125 mm): Pad 1 [LCD_VSN] of C262 on F.Cu
    @(123.2500 mm, 104.5000 mm): Pad 7 [LCD_VSN] of J201 on F.Cu
[unconnected_items]: Missing connection between items
    Local override; error
    @(160.5000 mm, 99.5000 mm): Pad 1 [LCD_VSN] of TP207 on F.Cu
    @(123.2500 mm, 104.5000 mm): Pad 7 [LCD_VSN] of J201 on F.Cu
[unconnected_items]: Missing connection between items
    Local override; error
    @(199.5000 mm, 115.0000 mm): Pad 1 [LCD_VSN] of C273 on B.Cu
    @(214.5500 mm, 102.9600 mm): Pad 7 [LCD_VSN] of J202 on F.Cu
[unconnected_items]: Missing connection between items
    Local override; error
    @(199.5000 mm, 115.0000 mm): Pad 1 [LCD_VSN] of C273 on B.Cu
    @(160.5000 mm, 99.5000 mm): Pad 1 [LCD_VSN] of TP207 on F.Cu
[unconnected_items]: Missing connection between items
    Local override; error
    @(218.2000 mm, 126.7000 mm): Pad A2 [LCD_VSN] of U207 on B.Cu
    @(220.9500 mm, 106.0000 mm): Pad 1 [LCD_VSN] of C267 on F.Cu
[unconnected_items]: Missing connection between items
    Local override; error
    @(220.9500 mm, 106.0000 mm): Pad 1 [LCD_VSN] of C267 on F.Cu
    @(214.5500 mm, 102.9600 mm): Pad 7 [LCD_VSN] of J202 on F.Cu
[unconnected_items]: Missing connection between items
    Local override; error
    @(117.0000 mm, 104.5000 mm): Pad 1 [L_S1_TEST] of TP260 on F.Cu
    @(123.6000 mm, 104.5000 mm): Pad 8 [L_S1_TEST] of J201 on F.Cu
[unconnected_items]: Missing connection between items
    Local override; error
    @(127.8012 mm, 105.5623 mm): Track [L_DSIA_CLK_N] on F.Cu, length 0.9916 mm
    @(142.0236 mm, 106.5928 mm): Via [L_DSIA_CLK_N] on F.Cu - B.Cu
[unconnected_items]: Missing connection between items
    Local override; error
    @(129.2000 mm, 104.8595 mm): Track [L_DSIA_D2_N] on F.Cu, length 0.2301 mm
    @(144.2000 mm, 104.7500 mm): Pad E9 [L_DSIA_D2_N] of U201 on F.Cu
[unconnected_items]: Missing connection between items
    Local override; error
    @(129.5500 mm, 104.5000 mm): Pad 25 [L_DSIB_D2_N] of J201 on F.Cu
    @(142.2500 mm, 102.8000 mm): Track [L_DSIB_D2_N] on F.Cu, length 0.4914 mm
[unconnected_items]: Missing connection between items
    Local override; error
    @(127.4500 mm, 102.9600 mm): Track [L_DSIB_D1_N] on F.Cu, length 0.5243 mm
    @(143.5500 mm, 102.8000 mm): Pad B8 [L_DSIB_D1_N] of U201 on F.Cu
[unconnected_items]: Missing connection between items
    Local override; error
    @(144.2000 mm, 102.0257 mm): Track [L_DSIB_D0_P] on F.Cu, length 0.3998 mm
    @(126.0500 mm, 103.1112 mm): Track [L_DSIB_D0_P] on F.Cu, length 0.1512 mm
[unconnected_items]: Missing connection between items
    Local override; error
    @(125.3500 mm, 102.9600 mm): Track [L_DSIB_D0_N] on F.Cu, length 0.5213 mm
    @(143.0481 mm, 103.4600 mm): Track [L_DSIB_D0_N] on F.Cu, length 0.4883 mm
[unconnected_items]: Missing connection between items
    Local override; error
    @(213.5000 mm, 104.5000 mm): Pad 41 [LED_BOOST] of J202 on F.Cu
    @(124.3000 mm, 102.9600 mm): Pad 41 [LED_BOOST] of J201 on F.Cu
[unconnected_items]: Missing connection between items
    Local override; error
    @(230.4800 mm, 123.5000 mm): Pad 1 [LED_BOOST] of C282 on B.Cu
    @(213.5000 mm, 104.5000 mm): Pad 41 [LED_BOOST] of J202 on F.Cu
[unconnected_items]: Missing connection between items
    Local override; error
    @(230.4800 mm, 124.5000 mm): Pad 1 [LED_BOOST] of C283 on B.Cu
    @(230.4800 mm, 123.5000 mm): Pad 1 [LED_BOOST] of C282 on B.Cu
[unconnected_items]: Missing connection between items
    Local override; error
    @(230.4800 mm, 124.5000 mm): Pad 1 [LED_BOOST] of C283 on B.Cu
    @(233.5000 mm, 124.6500 mm): Pad 1 [LED_BOOST] of D201 on B.Cu
[unconnected_items]: Missing connection between items
    Local override; error
    @(232.5000 mm, 129.0000 mm): Pad 1 [LED_BOOST] of R282 on B.Cu
    @(233.5000 mm, 124.6500 mm): Pad 1 [LED_BOOST] of D201 on B.Cu
[unconnected_items]: Missing connection between items
    Local override; error
    @(110.4800 mm, 101.0000 mm): Pad 1 [L_LCD_RESET] of R260 on F.Cu
    @(123.9500 mm, 102.9600 mm): Pad 42 [L_LCD_RESET] of J201 on F.Cu
[unconnected_items]: Missing connection between items
    Local override; error
    @(123.9500 mm, 102.9600 mm): Pad 42 [L_LCD_RESET] of J201 on F.Cu
    @(228.5000 mm, 99.5500 mm): Pad 8 [L_LCD_RESET] of U210 on B.Cu
[unconnected_items]: Missing connection between items
    Local override; error
    @(123.2500 mm, 102.9600 mm): Pad 44 [L_LCD_TE] of J201 on F.Cu
    @(124.5000 mm, 107.5000 mm): Pad 1 [L_LCD_TE] of TP261 on F.Cu
[unconnected_items]: Missing connection between items
    Local override; error
    @(124.5000 mm, 107.5000 mm): Pad 1 [L_LCD_TE] of TP261 on F.Cu
    @(228.5000 mm, 100.8500 mm): Pad 10 [L_LCD_TE] of U210 on B.Cu
[unconnected_items]: Missing connection between items
    Local override; error
    @(122.9000 mm, 102.9600 mm): Pad 45 [L_LED1_N] of J201 on F.Cu
    @(203.5000 mm, 114.5000 mm): Pad 15 [L_LED1_N] of U208 on B.Cu
[unconnected_items]: Missing connection between items
    Local override; error
    @(122.2000 mm, 102.9600 mm): Pad 47 [L_LED2_N] of J201 on F.Cu
    @(203.0000 mm, 114.5000 mm): Pad 14 [L_LED2_N] of U208 on B.Cu
[unconnected_items]: Missing connection between items
    Local override; error
    @(115.0000 mm, 101.0000 mm): Pad 1 [L_LCD_LEDPWM] of TP262 on F.Cu
    @(110.4900 mm, 102.5000 mm): Pad 1 [L_LCD_LEDPWM] of R261 on F.Cu
[unconnected_items]: Missing connection between items
    Local override; error
    @(121.8500 mm, 102.9600 mm): Pad 48 [L_LCD_LEDPWM] of J201 on F.Cu
    @(115.0000 mm, 101.0000 mm): Pad 1 [L_LCD_LEDPWM] of TP262 on F.Cu
[unconnected_items]: Missing connection between items
    Local override; error
    @(121.8500 mm, 102.9600 mm): Pad 48 [L_LCD_LEDPWM] of J201 on F.Cu
    @(222.7750 mm, 101.5000 mm): Pad 14 [L_LCD_LEDPWM] of U210 on B.Cu
[unconnected_items]: Missing connection between items
    Local override; error
    @(121.5000 mm, 102.9600 mm): Pad 49 [L_LED3_N] of J201 on F.Cu
    @(202.5000 mm, 114.5000 mm): Pad 13 [L_LED3_N] of U208 on B.Cu
[unconnected_items]: Missing connection between items
    Local override; error
    @(127.9800 mm, 106.5000 mm): Pad 1 [L_REXT] of R2010 on F.Cu
    @(139.0000 mm, 102.1500 mm): Pad A1 [L_REXT] of U201 on F.Cu
[unconnected_items]: Missing connection between items
    Local override; error
    @(139.6500 mm, 102.1500 mm): Pad A2 [HDMI_L_CEC] of U201 on F.Cu
    @(166.3000 mm, 96.3800 mm): Pad 151 [HDMI_L_CEC] of Module1 on B.Cu
[unconnected_items]: Missing connection between items
    Local override; error
    @(140.3000 mm, 102.1500 mm): Pad A3 [HDMI_L_DDC_SCL] of U201 on F.Cu
    @(156.7000 mm, 93.3000 mm): Pad 200 [HDMI_L_DDC_SCL] of Module1 on B.Cu
[unconnected_items]: Missing connection between items
    Local override; error
    @(140.9500 mm, 102.1500 mm): Pad A4 [L_HPDI] of U201 on F.Cu
    @(127.9800 mm, 107.7000 mm): Pad 1 [L_HPDI] of R2011 on F.Cu
[unconnected_items]: Missing connection between items
    Local override; error
    @(222.7750 mm, 100.2000 mm): Pad 16 [L_HPDI] of U210 on B.Cu
    @(140.9500 mm, 102.1500 mm): Pad A4 [L_HPDI] of U201 on F.Cu
[unconnected_items]: Missing connection between items
    Local override; error
    @(139.6500 mm, 102.8000 mm): Pad B2 [L_1V15_HDMI] of U201 on F.Cu
    @(139.6500 mm, 106.0500 mm): Pad G2 [L_1V15_HDMI] of U201 on F.Cu
[unconnected_items]: Missing connection between items
    Local override; error
    @(139.6500 mm, 106.0500 mm): Pad G2 [L_1V15_HDMI] of U201 on F.Cu
    @(141.5750 mm, 117.0000 mm): Pad 2 [L_1V15_HDMI] of FB2014 on F.Cu
[unconnected_items]: Missing connection between items
    Local override; error
    @(141.5750 mm, 117.0000 mm): Pad 2 [L_1V15_HDMI] of FB2014 on F.Cu
    @(150.0400 mm, 111.0000 mm): Pad 1 [L_1V15_HDMI] of C2014 on F.Cu
[unconnected_items]: Missing connection between items
    Local override; error
    @(140.3000 mm, 102.8000 mm): Pad B3 [HDMI_L_DDC_SDA] of U201 on F.Cu
    @(156.7000 mm, 96.3800 mm): Pad 199 [HDMI_L_DDC_SDA] of Module1 on B.Cu
[unconnected_items]: Missing connection between items
    Local override; error
    @(140.9500 mm, 102.8000 mm): Pad B4 [HDMI_L_HPD] of U201 on F.Cu
    @(165.9000 mm, 96.3800 mm): Pad 153 [HDMI_L_HPD] of Module1 on B.Cu
[unconnected_items]: Missing connection between items
    Local override; error
    @(144.8500 mm, 102.8000 mm): Pad B10 [L_1V2_MIPI1] of U201 on F.Cu
    @(138.0750 mm, 120.5000 mm): Pad 2 [L_1V2_MIPI1] of FB2017 on F.Cu
[unconnected_items]: Missing connection between items
    Local override; error
    @(150.0000 mm, 103.5000 mm): Pad 1 [L_1V2_MIPI1] of C2017 on F.Cu
    @(144.8500 mm, 102.8000 mm): Pad B10 [L_1V2_MIPI1] of U201 on F.Cu
[unconnected_items]: Missing connection between items
    Local override; error
    @(139.6500 mm, 103.4500 mm): Track [HDMI_L_CLK_N] on F.Cu, length 0.4579 mm
    @(158.4572 mm, 94.0295 mm): Track [HDMI_L_CLK_N] on B.Cu, length 0.3434 mm
[unconnected_items]: Missing connection between items
    Local override; error
    @(142.2500 mm, 108.0000 mm): Pad K6 [L_1V15_CORE] of U201 on F.Cu
    @(147.9400 mm, 112.0000 mm): Pad 1 [L_1V15_CORE] of C2015 on F.Cu
[unconnected_items]: Missing connection between items
    Local override; error
    @(142.2500 mm, 108.0000 mm): Pad K6 [L_1V15_CORE] of U201 on F.Cu
    @(138.0750 mm, 118.5000 mm): Pad 2 [L_1V15_CORE] of FB2015 on F.Cu
[unconnected_items]: Missing connection between items
    Local override; error
    @(144.8500 mm, 103.4500 mm): Pad C10 [L_1V15_CORE] of U201 on F.Cu
    @(142.2500 mm, 108.0000 mm): Pad K6 [L_1V15_CORE] of U201 on F.Cu
[unconnected_items]: Missing connection between items
    Local override; error
    @(157.4500 mm, 101.5000 mm): Pad 1 [L_1V15_CORE] of C20122 on F.Cu
    @(144.8500 mm, 103.4500 mm): Pad C10 [L_1V15_CORE] of U201 on F.Cu
[unconnected_items]: Missing connection between items
    Local override; error
    @(139.0000 mm, 104.7500 mm): Pad E1 [HDMI_L_D1_P] of U201 on F.Cu
    @(161.3210 mm, 93.9681 mm): Via [HDMI_L_D1_P] on F.Cu - B.Cu
[unconnected_items]: Missing connection between items
    Local override; error
    @(139.6500 mm, 106.7000 mm): Pad H2 [L_3V3_IO] of U201 on F.Cu
    @(141.5750 mm, 115.0000 mm): Pad 2 [L_3V3_IO] of FB2012 on F.Cu
[unconnected_items]: Missing connection between items
    Local override; error
    @(141.5750 mm, 115.0000 mm): Pad 2 [L_3V3_IO] of FB2012 on F.Cu
    @(150.0400 mm, 110.0000 mm): Pad 1 [L_3V3_IO] of C2012 on F.Cu
[unconnected_items]: Missing connection between items
    Local override; error
    @(130.0100 mm, 106.5000 mm): Pad 1 [L_BIASDA] of C20130 on F.Cu
    @(139.0000 mm, 107.3500 mm): Pad J1 [L_BIASDA] of U201 on F.Cu
[unconnected_items]: Missing connection between items
    Local override; error
    @(140.3000 mm, 107.3500 mm): Pad J3 [L_BRIDGE_INT] of U201 on F.Cu
    @(127.9800 mm, 108.9000 mm): Pad 1 [L_BRIDGE_INT] of R2012 on F.Cu
[unconnected_items]: Missing connection between items
    Local override; error
    @(228.5000 mm, 98.2500 mm): Pad 6 [L_BRIDGE_INT] of U210 on B.Cu
    @(140.3000 mm, 107.3500 mm): Pad J3 [L_BRIDGE_INT] of U201 on F.Cu
[unconnected_items]: Missing connection between items
    Local override; error
    @(142.9000 mm, 107.3500 mm): Pad J7 [L_1V8_IO] of U201 on F.Cu
    @(138.0750 mm, 116.5000 mm): Pad 2 [L_1V8_IO] of FB2013 on F.Cu

** Found 0 Footprint errors **

** Ignored checks **
    - Footprint has no courtyard defined
    - Track endpoint not centered on via
    - Tuning profile track geometries
    - Footprint doesn't match symbol's footprint filters
    - Footprint component type doesn't match footprint pads

** End of Report **
