** Drc report for pcb-hmd-carrier-board.kicad_pcb **
** Created on 2026-08-12T00:06:42 **
** Report includes: Errors, Warnings **

** Found 52 DRC violations **
[annular_width]: Largeur des anneaux (configuration des contraintes du PCB largeur d'anneau min 0,1000 mm; réelle 0,0000 mm)
    Rule: configuration des contraintes du PCB; error
    @(145.1800 mm, 62.8300 mm): PTH pad SH [CHASSIS_GND] of J8
[annular_width]: Largeur des anneaux (configuration des contraintes du PCB largeur d'anneau min 0,1000 mm; réelle 0,0000 mm)
    Rule: configuration des contraintes du PCB; error
    @(145.5000 mm, 63.4300 mm): PTH pad SH [CHASSIS_GND] of J8
[annular_width]: Largeur des anneaux (configuration des contraintes du PCB largeur d'anneau min 0,1000 mm; réelle 0,0000 mm)
    Rule: configuration des contraintes du PCB; error
    @(153.5000 mm, 63.4300 mm): PTH pad SH [CHASSIS_GND] of J8
[annular_width]: Largeur des anneaux (configuration des contraintes du PCB largeur d'anneau min 0,1000 mm; réelle 0,0000 mm)
    Rule: configuration des contraintes du PCB; error
    @(153.8200 mm, 62.8300 mm): PTH pad SH [CHASSIS_GND] of J8
[hole_clearance]: Violation d'isolation des trous (configuration des contraintes des trous isolation 0,2500 mm; réel 0,1800 mm)
    Rule: configuration des contraintes des trous; error
    @(108.1300 mm, 65.5000 mm): Pad 5 [GND] of MK2 on F.Cu
    @(107.3200 mm, 65.5000 mm): NPTH pad of MK2
[hole_clearance]: Violation d'isolation des trous (configuration des contraintes des trous isolation 0,2500 mm; réel 0,1800 mm)
    Rule: configuration des contraintes des trous; error
    @(71.8700 mm, 65.5000 mm): Pad 5 [GND] of MK1 on F.Cu
    @(72.6800 mm, 65.5000 mm): NPTH pad of MK1
[copper_edge_clearance]: Violation d'isolation du contour du CI (configuration des contraintes du contour du PCB isolation 0,5000 mm; réel 0,4000 mm)
    Rule: configuration des contraintes du contour du PCB; error
    @(33.0000 mm, 63.7500 mm): NPTH pad of J9
    @(32.3500 mm, 62.6500 mm): Pad A9 [VBUS_CHARGE] of J9 on F.Cu
[copper_edge_clearance]: Violation d'isolation du contour du CI (configuration des contraintes du contour du PCB isolation 0,5000 mm; réel 0,3000 mm)
    Rule: configuration des contraintes du contour du PCB; error
    @(33.0000 mm, 63.7500 mm): NPTH pad of J9
    @(33.1000 mm, 62.6500 mm): Pad A12 [GND] of J9 on F.Cu
[copper_edge_clearance]: Violation d'isolation du contour du CI (configuration des contraintes du contour du PCB isolation 0,5000 mm; réel 0,3000 mm)
    Rule: configuration des contraintes du contour du PCB; error
    @(33.0000 mm, 63.7500 mm): NPTH pad of J9
    @(33.1000 mm, 62.6500 mm): Pad B1 [GND] of J9 on F.Cu
[copper_edge_clearance]: Violation d'isolation du contour du CI (configuration des contraintes du contour du PCB isolation 0,5000 mm; réel 0,4000 mm)
    Rule: configuration des contraintes du contour du PCB; error
    @(33.0000 mm, 63.7500 mm): NPTH pad of J9
    @(32.3500 mm, 62.6500 mm): Pad B4 [VBUS_CHARGE] of J9 on F.Cu
[copper_edge_clearance]: Violation d'isolation du contour du CI (configuration des contraintes du contour du PCB isolation 0,5000 mm; réel 0,2660 mm)
    Rule: configuration des contraintes du contour du PCB; error
    @(33.0000 mm, 63.7500 mm): NPTH pad of J9
    @(34.3200 mm, 63.0250 mm): PTH pad SH [CHASSIS_GND] of J9
[drill_out_of_range]: Taille du trou en dehors de la plage (configuration des contraintes du PCB trou min 0,3000 mm ; réel 0,2000 mm)
    Rule: configuration des contraintes du PCB; error
    @(121.4000 mm, 47.4000 mm): PTH pad 49 [GND] of U14
[drill_out_of_range]: Taille du trou en dehors de la plage (configuration des contraintes du PCB trou min 0,3000 mm ; réel 0,2000 mm)
    Rule: configuration des contraintes du PCB; error
    @(121.4000 mm, 48.7000 mm): PTH pad 49 [GND] of U14
[drill_out_of_range]: Taille du trou en dehors de la plage (configuration des contraintes du PCB trou min 0,3000 mm ; réel 0,2000 mm)
    Rule: configuration des contraintes du PCB; error
    @(121.4000 mm, 50.0000 mm): PTH pad 49 [GND] of U14
[drill_out_of_range]: Taille du trou en dehors de la plage (configuration des contraintes du PCB trou min 0,3000 mm ; réel 0,2000 mm)
    Rule: configuration des contraintes du PCB; error
    @(121.4000 mm, 51.3000 mm): PTH pad 49 [GND] of U14
[drill_out_of_range]: Taille du trou en dehors de la plage (configuration des contraintes du PCB trou min 0,3000 mm ; réel 0,2000 mm)
    Rule: configuration des contraintes du PCB; error
    @(121.4000 mm, 52.6000 mm): PTH pad 49 [GND] of U14
[drill_out_of_range]: Taille du trou en dehors de la plage (configuration des contraintes du PCB trou min 0,3000 mm ; réel 0,2000 mm)
    Rule: configuration des contraintes du PCB; error
    @(122.7000 mm, 47.4000 mm): PTH pad 49 [GND] of U14
[drill_out_of_range]: Taille du trou en dehors de la plage (configuration des contraintes du PCB trou min 0,3000 mm ; réel 0,2000 mm)
    Rule: configuration des contraintes du PCB; error
    @(122.7000 mm, 48.7000 mm): PTH pad 49 [GND] of U14
[drill_out_of_range]: Taille du trou en dehors de la plage (configuration des contraintes du PCB trou min 0,3000 mm ; réel 0,2000 mm)
    Rule: configuration des contraintes du PCB; error
    @(122.7000 mm, 50.0000 mm): PTH pad 49 [GND] of U14
[drill_out_of_range]: Taille du trou en dehors de la plage (configuration des contraintes du PCB trou min 0,3000 mm ; réel 0,2000 mm)
    Rule: configuration des contraintes du PCB; error
    @(122.7000 mm, 51.3000 mm): PTH pad 49 [GND] of U14
[drill_out_of_range]: Taille du trou en dehors de la plage (configuration des contraintes du PCB trou min 0,3000 mm ; réel 0,2000 mm)
    Rule: configuration des contraintes du PCB; error
    @(122.7000 mm, 52.6000 mm): PTH pad 49 [GND] of U14
[drill_out_of_range]: Taille du trou en dehors de la plage (configuration des contraintes du PCB trou min 0,3000 mm ; réel 0,2000 mm)
    Rule: configuration des contraintes du PCB; error
    @(124.0000 mm, 47.4000 mm): PTH pad 49 [GND] of U14
[drill_out_of_range]: Taille du trou en dehors de la plage (configuration des contraintes du PCB trou min 0,3000 mm ; réel 0,2000 mm)
    Rule: configuration des contraintes du PCB; error
    @(124.0000 mm, 48.7000 mm): PTH pad 49 [GND] of U14
[drill_out_of_range]: Taille du trou en dehors de la plage (configuration des contraintes du PCB trou min 0,3000 mm ; réel 0,2000 mm)
    Rule: configuration des contraintes du PCB; error
    @(124.0000 mm, 50.0000 mm): PTH pad 49 [GND] of U14
[drill_out_of_range]: Taille du trou en dehors de la plage (configuration des contraintes du PCB trou min 0,3000 mm ; réel 0,2000 mm)
    Rule: configuration des contraintes du PCB; error
    @(124.0000 mm, 51.3000 mm): PTH pad 49 [GND] of U14
[drill_out_of_range]: Taille du trou en dehors de la plage (configuration des contraintes du PCB trou min 0,3000 mm ; réel 0,2000 mm)
    Rule: configuration des contraintes du PCB; error
    @(124.0000 mm, 52.6000 mm): PTH pad 49 [GND] of U14
[drill_out_of_range]: Taille du trou en dehors de la plage (configuration des contraintes du PCB trou min 0,3000 mm ; réel 0,2000 mm)
    Rule: configuration des contraintes du PCB; error
    @(125.3000 mm, 47.4000 mm): PTH pad 49 [GND] of U14
[drill_out_of_range]: Taille du trou en dehors de la plage (configuration des contraintes du PCB trou min 0,3000 mm ; réel 0,2000 mm)
    Rule: configuration des contraintes du PCB; error
    @(125.3000 mm, 48.7000 mm): PTH pad 49 [GND] of U14
[drill_out_of_range]: Taille du trou en dehors de la plage (configuration des contraintes du PCB trou min 0,3000 mm ; réel 0,2000 mm)
    Rule: configuration des contraintes du PCB; error
    @(125.3000 mm, 50.0000 mm): PTH pad 49 [GND] of U14
[drill_out_of_range]: Taille du trou en dehors de la plage (configuration des contraintes du PCB trou min 0,3000 mm ; réel 0,2000 mm)
    Rule: configuration des contraintes du PCB; error
    @(125.3000 mm, 51.3000 mm): PTH pad 49 [GND] of U14
[drill_out_of_range]: Taille du trou en dehors de la plage (configuration des contraintes du PCB trou min 0,3000 mm ; réel 0,2000 mm)
    Rule: configuration des contraintes du PCB; error
    @(125.3000 mm, 52.6000 mm): PTH pad 49 [GND] of U14
[drill_out_of_range]: Taille du trou en dehors de la plage (configuration des contraintes du PCB trou min 0,3000 mm ; réel 0,2000 mm)
    Rule: configuration des contraintes du PCB; error
    @(126.6000 mm, 47.4000 mm): PTH pad 49 [GND] of U14
[drill_out_of_range]: Taille du trou en dehors de la plage (configuration des contraintes du PCB trou min 0,3000 mm ; réel 0,2000 mm)
    Rule: configuration des contraintes du PCB; error
    @(126.6000 mm, 48.7000 mm): PTH pad 49 [GND] of U14
[drill_out_of_range]: Taille du trou en dehors de la plage (configuration des contraintes du PCB trou min 0,3000 mm ; réel 0,2000 mm)
    Rule: configuration des contraintes du PCB; error
    @(126.6000 mm, 50.0000 mm): PTH pad 49 [GND] of U14
[drill_out_of_range]: Taille du trou en dehors de la plage (configuration des contraintes du PCB trou min 0,3000 mm ; réel 0,2000 mm)
    Rule: configuration des contraintes du PCB; error
    @(126.6000 mm, 51.3000 mm): PTH pad 49 [GND] of U14
[drill_out_of_range]: Taille du trou en dehors de la plage (configuration des contraintes du PCB trou min 0,3000 mm ; réel 0,2000 mm)
    Rule: configuration des contraintes du PCB; error
    @(126.6000 mm, 52.6000 mm): PTH pad 49 [GND] of U14
[drill_out_of_range]: Taille du trou en dehors de la plage (configuration des contraintes du PCB trou min 0,3000 mm ; réel 0,2000 mm)
    Rule: configuration des contraintes du PCB; error
    @(47.2000 mm, 55.2000 mm): PTH pad 33 [<no net>] of U3
[drill_out_of_range]: Taille du trou en dehors de la plage (configuration des contraintes du PCB trou min 0,3000 mm ; réel 0,2000 mm)
    Rule: configuration des contraintes du PCB; error
    @(47.2000 mm, 56.0000 mm): PTH pad 33 [<no net>] of U3
[drill_out_of_range]: Taille du trou en dehors de la plage (configuration des contraintes du PCB trou min 0,3000 mm ; réel 0,2000 mm)
    Rule: configuration des contraintes du PCB; error
    @(47.2000 mm, 56.8000 mm): PTH pad 33 [<no net>] of U3
[drill_out_of_range]: Taille du trou en dehors de la plage (configuration des contraintes du PCB trou min 0,3000 mm ; réel 0,2000 mm)
    Rule: configuration des contraintes du PCB; error
    @(48.0000 mm, 55.2000 mm): PTH pad 33 [<no net>] of U3
[drill_out_of_range]: Taille du trou en dehors de la plage (configuration des contraintes du PCB trou min 0,3000 mm ; réel 0,2000 mm)
    Rule: configuration des contraintes du PCB; error
    @(48.0000 mm, 56.0000 mm): PTH pad 33 [<no net>] of U3
[drill_out_of_range]: Taille du trou en dehors de la plage (configuration des contraintes du PCB trou min 0,3000 mm ; réel 0,2000 mm)
    Rule: configuration des contraintes du PCB; error
    @(48.0000 mm, 56.8000 mm): PTH pad 33 [<no net>] of U3
[drill_out_of_range]: Taille du trou en dehors de la plage (configuration des contraintes du PCB trou min 0,3000 mm ; réel 0,2000 mm)
    Rule: configuration des contraintes du PCB; error
    @(48.8000 mm, 55.2000 mm): PTH pad 33 [<no net>] of U3
[drill_out_of_range]: Taille du trou en dehors de la plage (configuration des contraintes du PCB trou min 0,3000 mm ; réel 0,2000 mm)
    Rule: configuration des contraintes du PCB; error
    @(48.8000 mm, 56.0000 mm): PTH pad 33 [<no net>] of U3
[drill_out_of_range]: Taille du trou en dehors de la plage (configuration des contraintes du PCB trou min 0,3000 mm ; réel 0,2000 mm)
    Rule: configuration des contraintes du PCB; error
    @(48.8000 mm, 56.8000 mm): PTH pad 33 [<no net>] of U3
[drill_out_of_range]: Taille du trou en dehors de la plage (configuration des contraintes du PCB trou min 0,3000 mm ; réel 0,2000 mm)
    Rule: configuration des contraintes du PCB; error
    @(133.5500 mm, 29.6500 mm): PTH pad 39 [GND] of U12
[drill_out_of_range]: Taille du trou en dehors de la plage (configuration des contraintes du PCB trou min 0,3000 mm ; réel 0,2000 mm)
    Rule: configuration des contraintes du PCB; error
    @(133.5500 mm, 28.3500 mm): PTH pad 39 [GND] of U12
[drill_out_of_range]: Taille du trou en dehors de la plage (configuration des contraintes du PCB trou min 0,3000 mm ; réel 0,2000 mm)
    Rule: configuration des contraintes du PCB; error
    @(132.4500 mm, 29.6500 mm): PTH pad 39 [GND] of U12
[drill_out_of_range]: Taille du trou en dehors de la plage (configuration des contraintes du PCB trou min 0,3000 mm ; réel 0,2000 mm)
    Rule: configuration des contraintes du PCB; error
    @(132.4500 mm, 28.3500 mm): PTH pad 39 [GND] of U12
[drill_out_of_range]: Taille du trou en dehors de la plage (configuration des contraintes du PCB trou min 0,3000 mm ; réel 0,2000 mm)
    Rule: configuration des contraintes du PCB; error
    @(130.5500 mm, 29.6500 mm): PTH pad 40 [unconnected-(U12-DRAIN_PAD-Pad40)] of U12
[drill_out_of_range]: Taille du trou en dehors de la plage (configuration des contraintes du PCB trou min 0,3000 mm ; réel 0,2000 mm)
    Rule: configuration des contraintes du PCB; error
    @(130.5500 mm, 28.3500 mm): PTH pad 40 [unconnected-(U12-DRAIN_PAD-Pad40)] of U12
[drill_out_of_range]: Taille du trou en dehors de la plage (configuration des contraintes du PCB trou min 0,3000 mm ; réel 0,2000 mm)
    Rule: configuration des contraintes du PCB; error
    @(150.0600 mm, 29.9820 mm): PTH pad 21 [GND] of U2

** Found 499 unconnected pads **
[unconnected_items]: Missing connection between items
    Local override; error
    @(127.4500 mm, 47.7500 mm): Pad 35 [USB2_HOST_DP] of U14 on F.Cu
    @(37.0625 mm, 61.0500 mm): Pad 1 [USB2_HOST_DP] of U7 on F.Cu
[unconnected_items]: Missing connection between items
    Local override; error
    @(149.3700 mm, 62.1200 mm): Pad A6 [USB2_HOST_DP] of J8 on F.Cu
    @(127.4500 mm, 47.7500 mm): Pad 35 [USB2_HOST_DP] of U14 on F.Cu
[unconnected_items]: Missing connection between items
    Local override; error
    @(149.6200 mm, 63.7300 mm): Pad B6 [USB2_HOST_DP] of J8 on F.Cu
    @(149.3700 mm, 62.1200 mm): Pad A6 [USB2_HOST_DP] of J8 on F.Cu
[unconnected_items]: Missing connection between items
    Local override; error
    @(127.4500 mm, 47.2500 mm): Pad 36 [USB2_HOST_DM] of U14 on F.Cu
    @(37.0625 mm, 62.9500 mm): Pad 2 [USB2_HOST_DM] of U7 on F.Cu
[unconnected_items]: Missing connection between items
    Local override; error
    @(149.1200 mm, 63.7300 mm): Pad B7 [USB2_HOST_DM] of J8 on F.Cu
    @(149.8700 mm, 62.1200 mm): Pad A7 [USB2_HOST_DM] of J8 on F.Cu
[unconnected_items]: Missing connection between items
    Local override; error
    @(149.8700 mm, 62.1200 mm): Pad A7 [USB2_HOST_DM] of J8 on F.Cu
    @(127.4500 mm, 47.2500 mm): Pad 36 [USB2_HOST_DM] of U14 on F.Cu
[unconnected_items]: Missing connection between items
    Local override; error
    @(27.0000 mm, 55.0000 mm): Pad 4 [GND] of J1 on F.Cu
    @(26.9000 mm, 62.6500 mm): Pad A1 [GND] of J9 on F.Cu
[unconnected_items]: Missing connection between items
    Local override; error
    @(33.1000 mm, 62.6500 mm): Pad B1 [GND] of J9 on F.Cu
    @(26.9000 mm, 62.6500 mm): Pad A1 [GND] of J9 on F.Cu
[unconnected_items]: Missing connection between items
    Local override; error
    @(37.1125 mm, 65.3500 mm): Pad 1 [GND] of D1 on F.Cu
    @(33.1000 mm, 62.6500 mm): Pad B1 [GND] of J9 on F.Cu
[unconnected_items]: Missing connection between items
    Local override; error
    @(37.1125 mm, 66.0000 mm): Pad 2 [GND] of D1 on F.Cu
    @(37.1125 mm, 65.3500 mm): Pad 1 [GND] of D1 on F.Cu
[unconnected_items]: Missing connection between items
    Local override; error
    @(37.1125 mm, 66.6500 mm): Pad 3 [GND] of D1 on F.Cu
    @(37.1125 mm, 66.0000 mm): Pad 2 [GND] of D1 on F.Cu
[unconnected_items]: Missing connection between items
    Local override; error
    @(38.0000 mm, 66.0000 mm): Pad 7 [GND] of D1 on F.Cu
    @(37.1125 mm, 66.0000 mm): Pad 2 [GND] of D1 on F.Cu
[unconnected_items]: Missing connection between items
    Local override; error
    @(38.6150 mm, 56.0000 mm): Pad 5 [GND] of U4 on F.Cu
    @(38.6150 mm, 55.0000 mm): Pad 3 [GND] of U4 on F.Cu
[unconnected_items]: Missing connection between items
    Local override; error
    @(38.6150 mm, 56.0000 mm): Pad 5 [GND] of U4 on F.Cu
    @(38.9375 mm, 62.0000 mm): Pad 3 [GND] of U7 on F.Cu
[unconnected_items]: Missing connection between items
    Local override; error
    @(38.9375 mm, 62.0000 mm): Pad 3 [GND] of U7 on F.Cu
    @(37.1125 mm, 65.3500 mm): Pad 1 [GND] of D1 on F.Cu
[unconnected_items]: Missing connection between items
    Local override; error
    @(39.3850 mm, 55.0000 mm): Pad 8 [GND] of U4 on F.Cu
    @(38.6150 mm, 55.0000 mm): Pad 3 [GND] of U4 on F.Cu
[unconnected_items]: Missing connection between items
    Local override; error
    @(43.4800 mm, 62.0000 mm): Pad 2 [GND] of C41 on F.Cu
    @(38.9375 mm, 62.0000 mm): Pad 3 [GND] of U7 on F.Cu
[unconnected_items]: Missing connection between items
    Local override; error
    @(46.4800 mm, 62.0000 mm): Pad 2 [GND] of C42 on F.Cu
    @(43.4800 mm, 62.0000 mm): Pad 2 [GND] of C41 on F.Cu
[unconnected_items]: Missing connection between items
    Local override; error
    @(46.4800 mm, 62.0000 mm): Pad 2 [GND] of C42 on F.Cu
    @(47.7500 mm, 58.4375 mm): Pad 12 [GND] of U3 on F.Cu
[unconnected_items]: Missing connection between items
    Local override; error
    @(46.4800 mm, 65.0000 mm): Pad 2 [GND] of C46 on F.Cu
    @(46.4800 mm, 62.0000 mm): Pad 2 [GND] of C42 on F.Cu
[unconnected_items]: Missing connection between items
    Local override; error
    @(46.4800 mm, 65.0000 mm): Pad 2 [GND] of C46 on F.Cu
    @(43.4800 mm, 65.0000 mm): Pad 2 [GND] of C45 on F.Cu
[unconnected_items]: Missing connection between items
    Local override; error
    @(47.7500 mm, 58.4375 mm): Pad 12 [GND] of U3 on F.Cu
    @(45.5625 mm, 57.2500 mm): Pad 7 [GND] of U3 on F.Cu
[unconnected_items]: Missing connection between items
    Local override; error
    @(47.7500 mm, 58.4375 mm): Pad 12 [GND] of U3 on F.Cu
    @(50.4375 mm, 57.7500 mm): Pad 17 [GND] of U3 on F.Cu
[unconnected_items]: Missing connection between items
    Local override; error
    @(48.2500 mm, 53.5625 mm): Pad 28 [GND] of U3 on F.Cu
    @(45.5625 mm, 57.2500 mm): Pad 7 [GND] of U3 on F.Cu
[unconnected_items]: Missing connection between items
    Local override; error
    @(49.4800 mm, 62.0000 mm): Pad 2 [GND] of C43 on F.Cu
    @(46.4800 mm, 62.0000 mm): Pad 2 [GND] of C42 on F.Cu
[unconnected_items]: Missing connection between items
    Local override; error
    @(49.4800 mm, 65.0000 mm): Pad 2 [GND] of C47 on F.Cu
    @(49.4800 mm, 62.0000 mm): Pad 2 [GND] of C43 on F.Cu
[unconnected_items]: Missing connection between items
    Local override; error
    @(49.4800 mm, 65.0000 mm): Pad 2 [GND] of C47 on F.Cu
    @(52.4800 mm, 65.0000 mm): Pad 2 [GND] of C48 on F.Cu
[unconnected_items]: Missing connection between items
    Local override; error
    @(52.4800 mm, 62.0000 mm): Pad 2 [GND] of C44 on F.Cu
    @(52.4800 mm, 65.0000 mm): Pad 2 [GND] of C48 on F.Cu
[unconnected_items]: Missing connection between items
    Local override; error
    @(57.5400 mm, 23.3650 mm): Pad 10 [GND] of J6 on B.Cu
    @(56.2700 mm, 24.6350 mm): Pad 2 [GND] of J6 on B.Cu
[unconnected_items]: Missing connection between items
    Local override; error
    @(71.2000 mm, 66.3500 mm): Pad 4 [GND] of MK1 on F.Cu
    @(71.8700 mm, 65.5000 mm): Pad 5 [GND] of MK1 on F.Cu
[unconnected_items]: Missing connection between items
    Local override; error
    @(71.2000 mm, 66.3500 mm): Pad 4 [GND] of MK1 on F.Cu
    @(52.4800 mm, 65.0000 mm): Pad 2 [GND] of C48 on F.Cu
[unconnected_items]: Missing connection between items
    Local override; error
    @(71.8700 mm, 65.5000 mm): Pad 5 [GND] of MK1 on F.Cu
    @(78.1000 mm, 60.4200 mm): Pad 98 [GND] of Module1 on B.Cu
[unconnected_items]: Missing connection between items
    Local override; error
    @(78.1000 mm, 26.5000 mm): Pad 198 [GND] of Module1 on B.Cu
    @(57.5400 mm, 23.3650 mm): Pad 10 [GND] of J6 on B.Cu
[unconnected_items]: Missing connection between items
    Local override; error
    @(78.1000 mm, 29.5800 mm): Pad 197 [GND] of Module1 on B.Cu
    @(79.3000 mm, 29.5800 mm): Pad 191 [GND] of Module1 on B.Cu
[unconnected_items]: Missing connection between items
    Local override; error
    @(79.3000 mm, 26.5000 mm): Pad 192 [GND] of Module1 on B.Cu
    @(78.1000 mm, 26.5000 mm): Pad 198 [GND] of Module1 on B.Cu
[unconnected_items]: Missing connection between items
    Local override; error
    @(80.5000 mm, 26.5000 mm): Pad 186 [GND] of Module1 on B.Cu
    @(79.3000 mm, 26.5000 mm): Pad 192 [GND] of Module1 on B.Cu
[unconnected_items]: Missing connection between items
    Local override; error
    @(80.5000 mm, 29.5800 mm): Pad 185 [GND] of Module1 on B.Cu
    @(81.7000 mm, 29.5800 mm): Pad 179 [GND] of Module1 on B.Cu
[unconnected_items]: Missing connection between items
    Local override; error
    @(80.5000 mm, 29.5800 mm): Pad 185 [GND] of Module1 on B.Cu
    @(79.3000 mm, 29.5800 mm): Pad 191 [GND] of Module1 on B.Cu
[unconnected_items]: Missing connection between items
    Local override; error
    @(81.7000 mm, 26.5000 mm): Pad 180 [GND] of Module1 on B.Cu
    @(80.5000 mm, 26.5000 mm): Pad 186 [GND] of Module1 on B.Cu
[unconnected_items]: Missing connection between items
    Local override; error
    @(81.7000 mm, 26.5000 mm): Pad 180 [GND] of Module1 on B.Cu
    @(82.9000 mm, 26.5000 mm): Pad 174 [GND] of Module1 on B.Cu
[unconnected_items]: Missing connection between items
    Local override; error
    @(81.7000 mm, 29.5800 mm): Pad 179 [GND] of Module1 on B.Cu
    @(82.9000 mm, 29.5800 mm): Pad 173 [GND] of Module1 on B.Cu
[unconnected_items]: Missing connection between items
    Local override; error
    @(82.9000 mm, 26.5000 mm): Pad 174 [GND] of Module1 on B.Cu
    @(84.1000 mm, 26.5000 mm): Pad 168 [GND] of Module1 on B.Cu
[unconnected_items]: Missing connection between items
    Local override; error
    @(82.9000 mm, 60.4200 mm): Pad 74 [GND] of Module1 on B.Cu
    @(78.1000 mm, 60.4200 mm): Pad 98 [GND] of Module1 on B.Cu
[unconnected_items]: Missing connection between items
    Local override; error
    @(84.1000 mm, 26.5000 mm): Pad 168 [GND] of Module1 on B.Cu
    @(85.3000 mm, 26.5000 mm): Pad 162 [GND] of Module1 on B.Cu
[unconnected_items]: Missing connection between items
    Local override; error
    @(84.1000 mm, 29.5800 mm): Pad 167 [GND] of Module1 on B.Cu
    @(85.3000 mm, 29.5800 mm): Pad 161 [GND] of Module1 on B.Cu
[unconnected_items]: Missing connection between items
    Local override; error
    @(84.1000 mm, 29.5800 mm): Pad 167 [GND] of Module1 on B.Cu
    @(82.9000 mm, 29.5800 mm): Pad 173 [GND] of Module1 on B.Cu
[unconnected_items]: Missing connection between items
    Local override; error
    @(84.5000 mm, 60.4200 mm): Pad 66 [GND] of Module1 on B.Cu
    @(85.7000 mm, 60.4200 mm): Pad 60 [GND] of Module1 on B.Cu
[unconnected_items]: Missing connection between items
    Local override; error
    @(84.5000 mm, 60.4200 mm): Pad 66 [GND] of Module1 on B.Cu
    @(82.9000 mm, 60.4200 mm): Pad 74 [GND] of Module1 on B.Cu
[unconnected_items]: Missing connection between items
    Local override; error
    @(84.5000 mm, 63.5000 mm): Pad 65 [GND] of Module1 on B.Cu
    @(83.3000 mm, 63.5000 mm): Pad 71 [GND] of Module1 on B.Cu
[unconnected_items]: Missing connection between items
    Local override; error
    @(85.3000 mm, 29.5800 mm): Pad 161 [GND] of Module1 on B.Cu
    @(86.5000 mm, 29.5800 mm): Pad 155 [GND] of Module1 on B.Cu
[unconnected_items]: Missing connection between items
    Local override; error
    @(85.3000 mm, 29.5800 mm): Pad 161 [GND] of Module1 on B.Cu
    @(85.3000 mm, 26.5000 mm): Pad 162 [GND] of Module1 on B.Cu
[unconnected_items]: Missing connection between items
    Local override; error
    @(85.7000 mm, 63.5000 mm): Pad 59 [GND] of Module1 on B.Cu
    @(84.5000 mm, 63.5000 mm): Pad 65 [GND] of Module1 on B.Cu
[unconnected_items]: Missing connection between items
    Local override; error
    @(86.5000 mm, 26.5000 mm): Pad 156 [GND] of Module1 on B.Cu
    @(85.3000 mm, 26.5000 mm): Pad 162 [GND] of Module1 on B.Cu
[unconnected_items]: Missing connection between items
    Local override; error
    @(86.9000 mm, 63.5000 mm): Pad 53 [GND] of Module1 on B.Cu
    @(85.7000 mm, 63.5000 mm): Pad 59 [GND] of Module1 on B.Cu
[unconnected_items]: Missing connection between items
    Local override; error
    @(86.9000 mm, 63.5000 mm): Pad 53 [GND] of Module1 on B.Cu
    @(88.9000 mm, 63.5000 mm): Pad 43 [GND] of Module1 on B.Cu
[unconnected_items]: Missing connection between items
    Local override; error
    @(87.3000 mm, 60.4200 mm): Pad 52 [GND] of Module1 on B.Cu
    @(85.7000 mm, 60.4200 mm): Pad 60 [GND] of Module1 on B.Cu
[unconnected_items]: Missing connection between items
    Local override; error
    @(87.7000 mm, 26.5000 mm): Pad 150 [GND] of Module1 on B.Cu
    @(86.5000 mm, 26.5000 mm): Pad 156 [GND] of Module1 on B.Cu
[unconnected_items]: Missing connection between items
    Local override; error
    @(88.8625 mm, 62.0000 mm): Pad 2 [GND] of U10 on F.Cu
    @(89.3000 mm, 60.4200 mm): Pad 42 [GND] of Module1 on B.Cu
[unconnected_items]: Missing connection between items
    Local override; error
    @(88.9000 mm, 26.5000 mm): Pad 144 [GND] of Module1 on B.Cu
    @(87.7000 mm, 26.5000 mm): Pad 150 [GND] of Module1 on B.Cu
[unconnected_items]: Missing connection between items
    Local override; error
    @(88.9000 mm, 26.5000 mm): Pad 144 [GND] of Module1 on B.Cu
    @(90.1000 mm, 26.5000 mm): Pad 138 [GND] of Module1 on B.Cu
[unconnected_items]: Missing connection between items
    Local override; error
    @(88.9000 mm, 63.5000 mm): Pad 43 [GND] of Module1 on B.Cu
    @(88.8625 mm, 62.0000 mm): Pad 2 [GND] of U10 on F.Cu
[unconnected_items]: Missing connection between items
    Local override; error
    @(88.9000 mm, 63.5000 mm): Pad 43 [GND] of Module1 on B.Cu
    @(90.9000 mm, 63.5000 mm): Pad 33 [GND] of Module1 on B.Cu
[unconnected_items]: Missing connection between items
    Local override; error
    @(89.3000 mm, 60.4200 mm): Pad 42 [GND] of Module1 on B.Cu
    @(87.3000 mm, 60.4200 mm): Pad 52 [GND] of Module1 on B.Cu
[unconnected_items]: Missing connection between items
    Local override; error
    @(89.3000 mm, 60.4200 mm): Pad 42 [GND] of Module1 on B.Cu
    @(91.3000 mm, 60.4200 mm): Pad 32 [GND] of Module1 on B.Cu
[unconnected_items]: Missing connection between items
    Local override; error
    @(90.1000 mm, 26.5000 mm): Pad 138 [GND] of Module1 on B.Cu
    @(91.3000 mm, 26.5000 mm): Pad 132 [GND] of Module1 on B.Cu
[unconnected_items]: Missing connection between items
    Local override; error
    @(90.9000 mm, 63.5000 mm): Pad 33 [GND] of Module1 on B.Cu
    @(92.9000 mm, 63.5000 mm): Pad 23 [GND] of Module1 on B.Cu
[unconnected_items]: Missing connection between items
    Local override; error
    @(91.3000 mm, 29.5800 mm): Pad 131 [GND] of Module1 on B.Cu
    @(90.1000 mm, 29.5800 mm): Pad 137 [GND] of Module1 on B.Cu
[unconnected_items]: Missing connection between items
    Local override; error
    @(92.5000 mm, 26.5000 mm): Pad 126 [GND] of Module1 on B.Cu
    @(91.3000 mm, 26.5000 mm): Pad 132 [GND] of Module1 on B.Cu
[unconnected_items]: Missing connection between items
    Local override; error
    @(92.5000 mm, 29.5800 mm): Pad 125 [GND] of Module1 on B.Cu
    @(93.7000 mm, 29.5800 mm): Pad 119 [GND] of Module1 on B.Cu
[unconnected_items]: Missing connection between items
    Local override; error
    @(92.5000 mm, 29.5800 mm): Pad 125 [GND] of Module1 on B.Cu
    @(91.3000 mm, 29.5800 mm): Pad 131 [GND] of Module1 on B.Cu
[unconnected_items]: Missing connection between items
    Local override; error
    @(93.3000 mm, 60.4200 mm): Pad 22 [GND] of Module1 on B.Cu
    @(91.3000 mm, 60.4200 mm): Pad 32 [GND] of Module1 on B.Cu
[unconnected_items]: Missing connection between items
    Local override; error
    @(93.7000 mm, 26.5000 mm): Pad 120 [GND] of Module1 on B.Cu
    @(92.5000 mm, 26.5000 mm): Pad 126 [GND] of Module1 on B.Cu
[unconnected_items]: Missing connection between items
    Local override; error
    @(93.7000 mm, 29.5800 mm): Pad 119 [GND] of Module1 on B.Cu
    @(94.9000 mm, 29.5800 mm): Pad 113 [GND] of Module1 on B.Cu
[unconnected_items]: Missing connection between items
    Local override; error
    @(93.7000 mm, 29.5800 mm): Pad 119 [GND] of Module1 on B.Cu
    @(93.7000 mm, 26.5000 mm): Pad 120 [GND] of Module1 on B.Cu
[unconnected_items]: Missing connection between items
    Local override; error
    @(94.9000 mm, 26.5000 mm): Pad 114 [GND] of Module1 on B.Cu
    @(93.7000 mm, 26.5000 mm): Pad 120 [GND] of Module1 on B.Cu
[unconnected_items]: Missing connection between items
    Local override; error
    @(94.9000 mm, 29.5800 mm): Pad 113 [GND] of Module1 on B.Cu
    @(96.1000 mm, 29.5800 mm): Pad 107 [GND] of Module1 on B.Cu
[unconnected_items]: Missing connection between items
    Local override; error
    @(94.9000 mm, 60.4200 mm): Pad 14 [GND] of Module1 on B.Cu
    @(96.1000 mm, 60.4200 mm): Pad 8 [GND] of Module1 on B.Cu
[unconnected_items]: Missing connection between items
    Local override; error
    @(94.9000 mm, 60.4200 mm): Pad 14 [GND] of Module1 on B.Cu
    @(93.3000 mm, 60.4200 mm): Pad 22 [GND] of Module1 on B.Cu
[unconnected_items]: Missing connection between items
    Local override; error
    @(94.9000 mm, 63.5000 mm): Pad 13 [GND] of Module1 on B.Cu
    @(92.9000 mm, 63.5000 mm): Pad 23 [GND] of Module1 on B.Cu
[unconnected_items]: Missing connection between items
    Local override; error
    @(96.1000 mm, 26.5000 mm): Pad 108 [GND] of Module1 on B.Cu
    @(94.9000 mm, 26.5000 mm): Pad 114 [GND] of Module1 on B.Cu
[unconnected_items]: Missing connection between items
    Local override; error
    @(96.1000 mm, 29.5800 mm): Pad 107 [GND] of Module1 on B.Cu
    @(97.3000 mm, 29.5800 mm): Pad 101 [GND] of Module1 on B.Cu
[unconnected_items]: Missing connection between items
    Local override; error
    @(96.1000 mm, 60.4200 mm): Pad 8 [GND] of Module1 on B.Cu
    @(97.3000 mm, 60.4200 mm): Pad 2 [GND] of Module1 on B.Cu
[unconnected_items]: Missing connection between items
    Local override; error
    @(96.1000 mm, 63.5000 mm): Pad 7 [GND] of Module1 on B.Cu
    @(94.9000 mm, 63.5000 mm): Pad 13 [GND] of Module1 on B.Cu
[unconnected_items]: Missing connection between items
    Local override; error
    @(97.3000 mm, 63.5000 mm): Pad 1 [GND] of Module1 on B.Cu
    @(96.1000 mm, 63.5000 mm): Pad 7 [GND] of Module1 on B.Cu
[unconnected_items]: Missing connection between items
    Local override; error
    @(106.5000 mm, 26.0000 mm): Pad 2 [GND] of J5 on F.Cu
    @(97.3000 mm, 29.5800 mm): Pad 101 [GND] of Module1 on B.Cu
[unconnected_items]: Missing connection between items
    Local override; error
    @(108.0000 mm, 23.0000 mm): Pad 1 [GND] of TP7 on B.Cu
    @(106.5000 mm, 26.0000 mm): Pad 2 [GND] of J5 on F.Cu
[unconnected_items]: Missing connection between items
    Local override; error
    @(108.0000 mm, 23.0000 mm): Pad 1 [GND] of TP7 on B.Cu
    @(122.8500 mm, 24.6750 mm): Pad 7 [GND] of U13 on B.Cu
[unconnected_items]: Missing connection between items
    Local override; error
    @(108.1300 mm, 65.5000 mm): Pad 5 [GND] of MK2 on F.Cu
    @(97.3000 mm, 63.5000 mm): Pad 1 [GND] of Module1 on B.Cu
[unconnected_items]: Missing connection between items
    Local override; error
    @(108.8000 mm, 64.6500 mm): Pad 4 [GND] of MK2 on F.Cu
    @(108.1300 mm, 65.5000 mm): Pad 5 [GND] of MK2 on F.Cu
[unconnected_items]: Missing connection between items
    Local override; error
    @(110.4800 mm, 58.0000 mm): Pad 2 [GND] of C68 on F.Cu
    @(108.8000 mm, 64.6500 mm): Pad 4 [GND] of MK2 on F.Cu
[unconnected_items]: Missing connection between items
    Local override; error
    @(110.5100 mm, 49.0000 mm): Pad 2 [GND] of R32 on F.Cu
    @(112.5100 mm, 49.0000 mm): Pad 2 [GND] of R33 on F.Cu
[unconnected_items]: Missing connection between items
    Local override; error
    @(112.5100 mm, 49.0000 mm): Pad 2 [GND] of R33 on F.Cu
    @(112.5100 mm, 46.0000 mm): Pad 2 [GND] of R30 on F.Cu
[unconnected_items]: Missing connection between items
    Local override; error
    @(113.9000 mm, 54.1500 mm): Pad 4 [GND] of Y1 on F.Cu
    @(110.4800 mm, 58.0000 mm): Pad 2 [GND] of C68 on F.Cu
[unconnected_items]: Missing connection between items
    Local override; error
    @(116.1000 mm, 55.8500 mm): Pad 2 [GND] of Y1 on F.Cu
    @(113.9000 mm, 54.1500 mm): Pad 4 [GND] of Y1 on F.Cu
[unconnected_items]: Missing connection between items
    Local override; error
    @(116.1000 mm, 55.8500 mm): Pad 2 [GND] of Y1 on F.Cu
    @(119.0625 mm, 57.0500 mm): Pad 1 [GND] of U15 on F.Cu
[unconnected_items]: Missing connection between items
    Local override; error
    @(116.5100 mm, 49.0000 mm): Pad 2 [GND] of R35 on F.Cu
    @(112.5100 mm, 49.0000 mm): Pad 2 [GND] of R33 on F.Cu
[unconnected_items]: Missing connection between items
    Local override; error
    @(116.5100 mm, 49.0000 mm): Pad 2 [GND] of R35 on F.Cu
    @(121.4000 mm, 48.7000 mm): PTH pad 49 [GND] of U14
[unconnected_items]: Missing connection between items
    Local override; error
    @(119.4800 mm, 61.0000 mm): Pad 2 [GND] of C28 on F.Cu
    @(119.4800 mm, 64.0000 mm): Pad 2 [GND] of C35 on F.Cu
[unconnected_items]: Missing connection between items
    Local override; error
    @(119.4800 mm, 61.0000 mm): Pad 2 [GND] of C28 on F.Cu
    @(122.4800 mm, 61.0000 mm): Pad 2 [GND] of C29 on F.Cu
[unconnected_items]: Missing connection between items
    Local override; error
    @(119.4800 mm, 61.0000 mm): Pad 2 [GND] of C28 on F.Cu
    @(119.0625 mm, 57.0500 mm): Pad 1 [GND] of U15 on F.Cu
[unconnected_items]: Missing connection between items
    Local override; error
    @(121.4800 mm, 67.0000 mm): Pad 2 [GND] of C39 on F.Cu
    @(124.4800 mm, 67.0000 mm): Pad 2 [GND] of C40 on F.Cu
[unconnected_items]: Missing connection between items
    Local override; error
    @(122.4800 mm, 64.0000 mm): Pad 2 [GND] of C36 on F.Cu
    @(119.4800 mm, 64.0000 mm): Pad 2 [GND] of C35 on F.Cu
[unconnected_items]: Missing connection between items
    Local override; error
    @(122.4800 mm, 64.0000 mm): Pad 2 [GND] of C36 on F.Cu
    @(125.4800 mm, 64.0000 mm): Pad 2 [GND] of C37 on F.Cu
[unconnected_items]: Missing connection between items
    Local override; error
    @(122.4800 mm, 64.0000 mm): Pad 2 [GND] of C36 on F.Cu
    @(121.4800 mm, 67.0000 mm): Pad 2 [GND] of C39 on F.Cu
[unconnected_items]: Missing connection between items
    Local override; error
    @(125.4800 mm, 64.0000 mm): Pad 2 [GND] of C37 on F.Cu
    @(127.2250 mm, 62.0000 mm): Pad 2 [GND] of C9 on B.Cu
[unconnected_items]: Missing connection between items
    Local override; error
    @(126.6000 mm, 47.4000 mm): PTH pad 49 [GND] of U14
    @(127.2250 mm, 46.0000 mm): Pad 2 [GND] of C19 on B.Cu
[unconnected_items]: Missing connection between items
    Local override; error
    @(126.6000 mm, 51.3000 mm): PTH pad 49 [GND] of U14
    @(127.4500 mm, 51.7500 mm): Pad 27 [GND] of U14 on F.Cu
[unconnected_items]: Missing connection between items
    Local override; error
    @(127.1500 mm, 24.6750 mm): Pad 2 [GND] of U13 on B.Cu
    @(127.1500 mm, 25.3250 mm): Pad 3 [GND] of U13 on B.Cu
[unconnected_items]: Missing connection between items
    Local override; error
    @(127.1500 mm, 24.6750 mm): Pad 2 [GND] of U13 on B.Cu
    @(127.1500 mm, 24.0250 mm): Pad 1 [GND] of U13 on B.Cu
[unconnected_items]: Missing connection between items
    Local override; error
    @(127.1500 mm, 24.6750 mm): Pad 2 [GND] of U13 on B.Cu
    @(122.8500 mm, 24.6750 mm): Pad 7 [GND] of U13 on B.Cu
[unconnected_items]: Missing connection between items
    Local override; error
    @(127.1500 mm, 25.3250 mm): Pad 3 [GND] of U13 on B.Cu
    @(127.1500 mm, 25.9750 mm): Pad 4 [GND] of U13 on B.Cu
[unconnected_items]: Missing connection between items
    Local override; error
    @(127.1500 mm, 25.9750 mm): Pad 4 [GND] of U13 on B.Cu
    @(130.6250 mm, 25.8500 mm): Pad 2 [GND] of J4 on F.Cu
[unconnected_items]: Missing connection between items
    Local override; error
    @(127.2250 mm, 46.0000 mm): Pad 2 [GND] of C19 on B.Cu
    @(130.2250 mm, 46.0000 mm): Pad 2 [GND] of C20 on B.Cu
[unconnected_items]: Missing connection between items
    Local override; error
    @(127.2250 mm, 59.0000 mm): Pad 2 [GND] of C15 on B.Cu
    @(128.4800 mm, 61.0000 mm): Pad 2 [GND] of C31 on F.Cu
[unconnected_items]: Missing connection between items
    Local override; error
    @(127.2250 mm, 62.0000 mm): Pad 2 [GND] of C9 on B.Cu
    @(125.4800 mm, 61.0000 mm): Pad 2 [GND] of C30 on F.Cu
[unconnected_items]: Missing connection between items
    Local override; error
    @(128.4800 mm, 61.0000 mm): Pad 2 [GND] of C31 on F.Cu
    @(127.2250 mm, 62.0000 mm): Pad 2 [GND] of C9 on B.Cu
[unconnected_items]: Missing connection between items
    Local override; error
    @(128.4800 mm, 61.0000 mm): Pad 2 [GND] of C31 on F.Cu
    @(130.2250 mm, 62.0000 mm): Pad 2 [GND] of C10 on B.Cu
[unconnected_items]: Missing connection between items
    Local override; error
    @(128.4800 mm, 64.0000 mm): Pad 2 [GND] of C38 on F.Cu
    @(127.2250 mm, 62.0000 mm): Pad 2 [GND] of C9 on B.Cu
[unconnected_items]: Missing connection between items
    Local override; error
    @(128.5500 mm, 38.5000 mm): Pad 4 [GND] of U1 on B.Cu
    @(129.2250 mm, 33.0000 mm): Pad 2 [GND] of C2 on B.Cu
[unconnected_items]: Missing connection between items
    Local override; error
    @(128.5500 mm, 38.5000 mm): Pad 4 [GND] of U1 on B.Cu
    @(127.2250 mm, 46.0000 mm): Pad 2 [GND] of C19 on B.Cu
[unconnected_items]: Missing connection between items
    Local override; error
    @(129.2250 mm, 33.0000 mm): Pad 2 [GND] of C2 on B.Cu
    @(126.2250 mm, 33.0000 mm): Pad 2 [GND] of C1 on B.Cu
[unconnected_items]: Missing connection between items
    Local override; error
    @(129.4900 mm, 53.0000 mm): Pad 2 [GND] of R20 on B.Cu
    @(127.4500 mm, 51.7500 mm): Pad 27 [GND] of U14 on F.Cu
[unconnected_items]: Missing connection between items
    Local override; error
    @(130.2250 mm, 46.0000 mm): Pad 2 [GND] of C20 on B.Cu
    @(133.2250 mm, 46.0000 mm): Pad 2 [GND] of C21 on B.Cu
[unconnected_items]: Missing connection between items
    Local override; error
    @(130.2250 mm, 56.0000 mm): Pad 2 [GND] of C65 on B.Cu
    @(133.2250 mm, 56.0000 mm): Pad 2 [GND] of C66 on B.Cu
[unconnected_items]: Missing connection between items
    Local override; error
    @(130.2250 mm, 56.0000 mm): Pad 2 [GND] of C65 on B.Cu
    @(127.2250 mm, 56.0000 mm): Pad 2 [GND] of C64 on B.Cu
[unconnected_items]: Missing connection between items
    Local override; error
    @(130.2250 mm, 56.0000 mm): Pad 2 [GND] of C65 on B.Cu
    @(129.4900 mm, 53.0000 mm): Pad 2 [GND] of R20 on B.Cu
[unconnected_items]: Missing connection between items
    Local override; error
    @(130.2250 mm, 59.0000 mm): Pad 2 [GND] of C16 on B.Cu
    @(130.2250 mm, 56.0000 mm): Pad 2 [GND] of C65 on B.Cu
[unconnected_items]: Missing connection between items
    Local override; error
    @(130.6250 mm, 25.8500 mm): Pad 2 [GND] of J4 on F.Cu
    @(131.6000 mm, 26.8000 mm): Pad 14 [GND] of U12 on B.Cu
[unconnected_items]: Missing connection between items
    Local override; error
    @(131.4800 mm, 61.0000 mm): Pad 2 [GND] of C32 on F.Cu
    @(130.2250 mm, 62.0000 mm): Pad 2 [GND] of C10 on B.Cu
[unconnected_items]: Missing connection between items
    Local override; error
    @(131.4800 mm, 61.0000 mm): Pad 2 [GND] of C32 on F.Cu
    @(133.2250 mm, 62.0000 mm): Pad 2 [GND] of C11 on B.Cu
[unconnected_items]: Missing connection between items
    Local override; error
    @(131.4800 mm, 61.0000 mm): Pad 2 [GND] of C32 on F.Cu
    @(130.2250 mm, 59.0000 mm): Pad 2 [GND] of C16 on B.Cu
[unconnected_items]: Missing connection between items
    Local override; error
    @(131.6000 mm, 26.8000 mm): Pad 14 [GND] of U12 on B.Cu
    @(132.4000 mm, 26.8000 mm): Pad 12 [GND] of U12 on B.Cu
[unconnected_items]: Missing connection between items
    Local override; error
    @(131.6000 mm, 31.2000 mm): Pad 31 [GND] of U12 on B.Cu
    @(132.2250 mm, 33.0000 mm): Pad 2 [GND] of C3 on B.Cu
[unconnected_items]: Missing connection between items
    Local override; error
    @(131.6000 mm, 31.2000 mm): Pad 31 [GND] of U12 on B.Cu
    @(129.2250 mm, 33.0000 mm): Pad 2 [GND] of C2 on B.Cu
[unconnected_items]: Missing connection between items
    Local override; error
    @(132.2250 mm, 33.0000 mm): Pad 2 [GND] of C3 on B.Cu
    @(135.2250 mm, 33.0000 mm): Pad 2 [GND] of C4 on B.Cu
[unconnected_items]: Missing connection between items
    Local override; error
    @(132.4000 mm, 26.8000 mm): Pad 12 [GND] of U12 on B.Cu
    @(132.8000 mm, 26.8000 mm): Pad 11 [GND] of U12 on B.Cu
[unconnected_items]: Missing connection between items
    Local override; error
    @(132.4000 mm, 26.8000 mm): Pad 12 [GND] of U12 on B.Cu
    @(132.4500 mm, 28.3500 mm): PTH pad 39 [GND] of U12
[unconnected_items]: Missing connection between items
    Local override; error
    @(132.4500 mm, 29.6500 mm): PTH pad 39 [GND] of U12
    @(131.6000 mm, 31.2000 mm): Pad 31 [GND] of U12 on B.Cu
[unconnected_items]: Missing connection between items
    Local override; error
    @(133.2250 mm, 56.0000 mm): Pad 2 [GND] of C66 on B.Cu
    @(134.3000 mm, 56.1750 mm): Pad 11 [GND] of U5 on F.Cu
[unconnected_items]: Missing connection between items
    Local override; error
    @(133.6000 mm, 50.2500 mm): Pad 2 [GND] of U11 on F.Cu
    @(132.9900 mm, 50.0000 mm): Pad 2 [GND] of R2 on B.Cu
[unconnected_items]: Missing connection between items
    Local override; error
    @(133.6000 mm, 50.2500 mm): Pad 2 [GND] of U11 on F.Cu
    @(133.6000 mm, 51.7500 mm): Pad 5 [GND] of U11 on F.Cu
[unconnected_items]: Missing connection between items
    Local override; error
    @(133.6000 mm, 51.7500 mm): Pad 5 [GND] of U11 on F.Cu
    @(136.4000 mm, 52.2500 mm): Pad 11 [GND] of U11 on F.Cu
[unconnected_items]: Missing connection between items
    Local override; error
    @(134.2500 mm, 49.1000 mm): Pad 20 [GND] of U11 on F.Cu
    @(133.6000 mm, 50.2500 mm): Pad 2 [GND] of U11 on F.Cu
[unconnected_items]: Missing connection between items
    Local override; error
    @(134.3000 mm, 56.1750 mm): Pad 11 [GND] of U5 on F.Cu
    @(134.7000 mm, 56.1750 mm): Pad 10 [GND] of U5 on F.Cu
[unconnected_items]: Missing connection between items
    Local override; error
    @(134.4800 mm, 61.0000 mm): Pad 2 [GND] of C33 on F.Cu
    @(133.2250 mm, 62.0000 mm): Pad 2 [GND] of C11 on B.Cu
[unconnected_items]: Missing connection between items
    Local override; error
    @(134.7000 mm, 57.8250 mm): Pad 5 [GND] of U5 on F.Cu
    @(134.7000 mm, 56.1750 mm): Pad 10 [GND] of U5 on F.Cu
[unconnected_items]: Missing connection between items
    Local override; error
    @(136.2250 mm, 46.0000 mm): Pad 2 [GND] of C22 on B.Cu
    @(133.2250 mm, 46.0000 mm): Pad 2 [GND] of C21 on B.Cu
[unconnected_items]: Missing connection between items
    Local override; error
    @(136.2250 mm, 62.0000 mm): Pad 2 [GND] of C12 on B.Cu
    @(137.4800 mm, 61.0000 mm): Pad 2 [GND] of C34 on F.Cu
[unconnected_items]: Missing connection between items
    Local override; error
    @(136.2250 mm, 62.0000 mm): Pad 2 [GND] of C12 on B.Cu
    @(134.4800 mm, 61.0000 mm): Pad 2 [GND] of C33 on F.Cu
[unconnected_items]: Missing connection between items
    Local override; error
    @(136.9900 mm, 50.0000 mm): Pad 2 [GND] of R4 on B.Cu
    @(136.4000 mm, 52.2500 mm): Pad 11 [GND] of U11 on F.Cu
[unconnected_items]: Missing connection between items
    Local override; error
    @(137.0000 mm, 45.0000 mm): Pad 7 [GND] of U16 on F.Cu
    @(136.2250 mm, 46.0000 mm): Pad 2 [GND] of C22 on B.Cu
[unconnected_items]: Missing connection between items
    Local override; error
    @(137.8875 mm, 45.0000 mm): Pad 5 [GND] of U16 on F.Cu
    @(137.0000 mm, 45.0000 mm): Pad 7 [GND] of U16 on F.Cu
[unconnected_items]: Missing connection between items
    Local override; error
    @(137.8875 mm, 45.0000 mm): Pad 5 [GND] of U16 on F.Cu
    @(139.2250 mm, 46.0000 mm): Pad 2 [GND] of C23 on B.Cu
[unconnected_items]: Missing connection between items
    Local override; error
    @(138.2250 mm, 33.0000 mm): Pad 2 [GND] of C5 on B.Cu
    @(135.2250 mm, 33.0000 mm): Pad 2 [GND] of C4 on B.Cu
[unconnected_items]: Missing connection between items
    Local override; error
    @(138.2250 mm, 33.0000 mm): Pad 2 [GND] of C5 on B.Cu
    @(141.2250 mm, 33.0000 mm): Pad 2 [GND] of C6 on B.Cu
[unconnected_items]: Missing connection between items
    Local override; error
    @(139.2250 mm, 46.0000 mm): Pad 2 [GND] of C23 on B.Cu
    @(139.5100 mm, 48.0000 mm): Pad 2 [GND] of R15 on F.Cu
[unconnected_items]: Missing connection between items
    Local override; error
    @(139.2250 mm, 62.0000 mm): Pad 2 [GND] of C13 on B.Cu
    @(137.4800 mm, 61.0000 mm): Pad 2 [GND] of C34 on F.Cu
[unconnected_items]: Missing connection between items
    Local override; error
    @(139.2250 mm, 62.0000 mm): Pad 2 [GND] of C13 on B.Cu
    @(141.6150 mm, 61.0000 mm): Pad 3 [GND] of U9 on F.Cu
[unconnected_items]: Missing connection between items
    Local override; error
    @(139.5100 mm, 48.0000 mm): Pad 2 [GND] of R15 on F.Cu
    @(136.9900 mm, 50.0000 mm): Pad 2 [GND] of R4 on B.Cu
[unconnected_items]: Missing connection between items
    Local override; error
    @(140.0000 mm, 57.6150 mm): Pad 8 [GND] of U8 on F.Cu
    @(140.0000 mm, 58.3850 mm): Pad 3 [GND] of U8 on F.Cu
[unconnected_items]: Missing connection between items
    Local override; error
    @(140.0000 mm, 57.6150 mm): Pad 8 [GND] of U8 on F.Cu
    @(144.2250 mm, 57.0000 mm): Pad 2 [GND] of C57 on B.Cu
[unconnected_items]: Missing connection between items
    Local override; error
    @(141.2000 mm, 30.9000 mm): Pad 12 [GND] of U6 on B.Cu
    @(141.6000 mm, 30.9000 mm): Pad 11 [GND] of U6 on B.Cu
[unconnected_items]: Missing connection between items
    Local override; error
    @(141.2000 mm, 30.9000 mm): Pad 12 [GND] of U6 on B.Cu
    @(140.8000 mm, 30.9000 mm): Pad 13 [GND] of U6 on B.Cu
[unconnected_items]: Missing connection between items
    Local override; error
    @(141.2000 mm, 30.9000 mm): Pad 12 [GND] of U6 on B.Cu
    @(141.0000 mm, 27.3000 mm): Pad 27 [GND] of U6 on B.Cu
[unconnected_items]: Missing connection between items
    Local override; error
    @(141.2250 mm, 33.0000 mm): Pad 2 [GND] of C6 on B.Cu
    @(141.2000 mm, 30.9000 mm): Pad 12 [GND] of U6 on B.Cu
[unconnected_items]: Missing connection between items
    Local override; error
    @(141.2250 mm, 33.0000 mm): Pad 2 [GND] of C6 on B.Cu
    @(144.2250 mm, 33.0000 mm): Pad 2 [GND] of C7 on B.Cu
[unconnected_items]: Missing connection between items
    Local override; error
    @(141.6150 mm, 61.0000 mm): Pad 3 [GND] of U9 on F.Cu
    @(142.3850 mm, 61.0000 mm): Pad 8 [GND] of U9 on F.Cu
[unconnected_items]: Missing connection between items
    Local override; error
    @(141.6150 mm, 61.0000 mm): Pad 3 [GND] of U9 on F.Cu
    @(140.0000 mm, 58.3850 mm): Pad 3 [GND] of U8 on F.Cu
[unconnected_items]: Missing connection between items
    Local override; error
    @(142.0000 mm, 30.9000 mm): Pad 10 [GND] of U6 on B.Cu
    @(141.6000 mm, 30.9000 mm): Pad 11 [GND] of U6 on B.Cu
[unconnected_items]: Missing connection between items
    Local override; error
    @(142.2250 mm, 46.0000 mm): Pad 2 [GND] of C24 on B.Cu
    @(139.2250 mm, 46.0000 mm): Pad 2 [GND] of C23 on B.Cu
[unconnected_items]: Missing connection between items
    Local override; error
    @(142.3850 mm, 61.0000 mm): Pad 8 [GND] of U9 on F.Cu
    @(142.2250 mm, 62.0000 mm): Pad 2 [GND] of C14 on B.Cu
[unconnected_items]: Missing connection between items
    Local override; error
    @(142.3850 mm, 61.0000 mm): Pad 8 [GND] of U9 on F.Cu
    @(146.8700 mm, 62.1200 mm): Pad A1 [GND] of J8 on F.Cu
[unconnected_items]: Missing connection between items
    Local override; error
    @(144.2250 mm, 57.0000 mm): Pad 2 [GND] of C57 on B.Cu
    @(147.2250 mm, 57.0000 mm): Pad 2 [GND] of C58 on B.Cu
[unconnected_items]: Missing connection between items
    Local override; error
    @(145.4900 mm, 53.0000 mm): Pad 2 [GND] of R25 on B.Cu
    @(144.2250 mm, 57.0000 mm): Pad 2 [GND] of C57 on B.Cu
[unconnected_items]: Missing connection between items
    Local override; error
    @(146.6200 mm, 63.7300 mm): Pad B12 [GND] of J8 on F.Cu
    @(146.8700 mm, 62.1200 mm): Pad A1 [GND] of J8 on F.Cu
[unconnected_items]: Missing connection between items
    Local override; error
    @(146.9900 mm, 50.0000 mm): Pad 2 [GND] of R9 on B.Cu
    @(148.9900 mm, 50.0000 mm): Pad 2 [GND] of R10 on B.Cu
[unconnected_items]: Missing connection between items
    Local override; error
    @(146.9900 mm, 50.0000 mm): Pad 2 [GND] of R9 on B.Cu
    @(145.4900 mm, 53.0000 mm): Pad 2 [GND] of R25 on B.Cu
[unconnected_items]: Missing connection between items
    Local override; error
    @(147.2250 mm, 33.0000 mm): Pad 2 [GND] of C8 on B.Cu
    @(144.2250 mm, 33.0000 mm): Pad 2 [GND] of C7 on B.Cu
[unconnected_items]: Missing connection between items
    Local override; error
    @(147.2250 mm, 33.0000 mm): Pad 2 [GND] of C8 on B.Cu
    @(150.0000 mm, 31.4375 mm): Pad 8 [GND] of U2 on B.Cu
[unconnected_items]: Missing connection between items
    Local override; error
    @(148.9900 mm, 50.0000 mm): Pad 2 [GND] of R10 on B.Cu
    @(148.2250 mm, 46.0000 mm): Pad 2 [GND] of C26 on B.Cu
[unconnected_items]: Missing connection between items
    Local override; error
    @(150.0000 mm, 28.5625 mm): Pad 18 [GND] of U2 on B.Cu
    @(150.0600 mm, 29.9820 mm): Pad 21 [GND] of U2 on F.Cu
[unconnected_items]: Missing connection between items
    Local override; error
    @(150.0000 mm, 31.4375 mm): Pad 8 [GND] of U2 on B.Cu
    @(150.4500 mm, 31.4375 mm): Pad 7 [GND] of U2 on B.Cu
[unconnected_items]: Missing connection between items
    Local override; error
    @(150.0600 mm, 29.9820 mm): Pad 21 [GND] of U2 on F.Cu
    @(150.0000 mm, 31.4375 mm): Pad 8 [GND] of U2 on B.Cu
[unconnected_items]: Missing connection between items
    Local override; error
    @(150.0600 mm, 29.9820 mm): Pad 21 [GND] of U2 on F.Cu
    @(148.5625 mm, 30.0000 mm): Pad 13 [GND] of U2 on B.Cu
[unconnected_items]: Missing connection between items
    Local override; error
    @(150.2250 mm, 57.0000 mm): Pad 2 [GND] of C59 on B.Cu
    @(153.2250 mm, 57.0000 mm): Pad 2 [GND] of C60 on B.Cu
[unconnected_items]: Missing connection between items
    Local override; error
    @(150.2250 mm, 57.0000 mm): Pad 2 [GND] of C59 on B.Cu
    @(147.2250 mm, 57.0000 mm): Pad 2 [GND] of C58 on B.Cu
[unconnected_items]: Missing connection between items
    Local override; error
    @(151.2250 mm, 46.0000 mm): Pad 2 [GND] of C27 on B.Cu
    @(148.2250 mm, 46.0000 mm): Pad 2 [GND] of C26 on B.Cu
[unconnected_items]: Missing connection between items
    Local override; error
    @(152.1200 mm, 63.7300 mm): Pad B1 [GND] of J8 on F.Cu
    @(152.3700 mm, 62.1200 mm): Pad A12 [GND] of J8 on F.Cu
[unconnected_items]: Missing connection between items
    Local override; error
    @(152.3700 mm, 62.1200 mm): Pad A12 [GND] of J8 on F.Cu
    @(153.2250 mm, 57.0000 mm): Pad 2 [GND] of C60 on B.Cu
[unconnected_items]: Missing connection between items
    Local override; error
    @(152.9900 mm, 50.0000 mm): Pad 2 [GND] of R12 on B.Cu
    @(148.9900 mm, 50.0000 mm): Pad 2 [GND] of R10 on B.Cu
[unconnected_items]: Missing connection between items
    Local override; error
    @(155.0000 mm, 31.4500 mm): Pad P2 [GND] of J2 on F.Cu
    @(150.4500 mm, 31.4375 mm): Pad 7 [GND] of U2 on B.Cu
[unconnected_items]: Missing connection between items
    Local override; error
    @(127.4500 mm, 51.2500 mm): Pad 28 [USB3_TX_P] of U14 on F.Cu
    @(133.6000 mm, 50.7500 mm): Pad 3 [USB3_TX_P] of U11 on F.Cu
[unconnected_items]: Missing connection between items
    Local override; error
    @(127.4500 mm, 50.7500 mm): Pad 29 [USB3_TX_N] of U14 on F.Cu
    @(133.6000 mm, 51.2500 mm): Pad 4 [USB3_TX_N] of U11 on F.Cu
[unconnected_items]: Missing connection between items
    Local override; error
    @(45.5625 mm, 56.7500 mm): Pad 6 [+3V3] of U3 on F.Cu
    @(48.5200 mm, 62.0000 mm): Pad 1 [+3V3] of C43 on F.Cu
[unconnected_items]: Missing connection between items
    Local override; error
    @(47.2500 mm, 53.5625 mm): Pad 30 [+3V3] of U3 on F.Cu
    @(45.5625 mm, 56.7500 mm): Pad 6 [+3V3] of U3 on F.Cu
[unconnected_items]: Missing connection between items
    Local override; error
    @(48.5200 mm, 62.0000 mm): Pad 1 [+3V3] of C43 on F.Cu
    @(52.4900 mm, 60.0000 mm): Pad 1 [+3V3] of R16 on F.Cu
[unconnected_items]: Missing connection between items
    Local override; error
    @(52.4900 mm, 60.0000 mm): Pad 1 [+3V3] of R16 on F.Cu
    @(54.4900 mm, 60.0000 mm): Pad 1 [+3V3] of R17 on F.Cu
[unconnected_items]: Missing connection between items
    Local override; error
    @(57.5400 mm, 24.6350 mm): Pad 1 [+3V3] of J6 on B.Cu
    @(47.2500 mm, 53.5625 mm): Pad 30 [+3V3] of U3 on F.Cu
[unconnected_items]: Missing connection between items
    Local override; error
    @(80.5000 mm, 60.4200 mm): Pad 86 [+3V3] of Module1 on B.Cu
    @(54.4900 mm, 60.0000 mm): Pad 1 [+3V3] of R17 on F.Cu
[unconnected_items]: Missing connection between items
    Local override; error
    @(80.9000 mm, 60.4200 mm): Pad 84 [+3V3] of Module1 on B.Cu
    @(80.5000 mm, 60.4200 mm): Pad 86 [+3V3] of Module1 on B.Cu
[unconnected_items]: Missing connection between items
    Local override; error
    @(80.9000 mm, 60.4200 mm): Pad 84 [+3V3] of Module1 on B.Cu
    @(82.1000 mm, 60.4200 mm): Pad 78 [+3V3] of Module1 on B.Cu
[unconnected_items]: Missing connection between items
    Local override; error
    @(83.5100 mm, 52.0000 mm): Pad 1 [+3V3] of R22 on B.Cu
    @(85.5100 mm, 52.0000 mm): Pad 1 [+3V3] of R23 on B.Cu
[unconnected_items]: Missing connection between items
    Local override; error
    @(83.5100 mm, 52.0000 mm): Pad 1 [+3V3] of R22 on B.Cu
    @(82.1000 mm, 60.4200 mm): Pad 78 [+3V3] of Module1 on B.Cu
[unconnected_items]: Missing connection between items
    Local override; error
    @(85.2125 mm, 62.0000 mm): Pad 1 [+3V3] of FB1 on F.Cu
    @(82.1000 mm, 60.4200 mm): Pad 78 [+3V3] of Module1 on B.Cu
[unconnected_items]: Missing connection between items
    Local override; error
    @(85.5100 mm, 52.0000 mm): Pad 1 [+3V3] of R23 on B.Cu
    @(108.5100 mm, 48.0000 mm): Pad 1 [+3V3] of R26 on B.Cu
[unconnected_items]: Missing connection between items
    Local override; error
    @(100.0000 mm, 23.0000 mm): Pad 1 [+3V3] of TP5 on B.Cu
    @(107.5000 mm, 26.0000 mm): Pad 1 [+3V3] of J5 on F.Cu
[unconnected_items]: Missing connection between items
    Local override; error
    @(108.5100 mm, 48.0000 mm): Pad 1 [+3V3] of R26 on B.Cu
    @(109.4900 mm, 46.0000 mm): Pad 1 [+3V3] of R29 on F.Cu
[unconnected_items]: Missing connection between items
    Local override; error
    @(109.4900 mm, 46.0000 mm): Pad 1 [+3V3] of R29 on F.Cu
    @(113.4900 mm, 46.0000 mm): Pad 1 [+3V3] of R31 on F.Cu
[unconnected_items]: Missing connection between items
    Local override; error
    @(109.4900 mm, 46.0000 mm): Pad 1 [+3V3] of R29 on F.Cu
    @(107.5000 mm, 26.0000 mm): Pad 1 [+3V3] of J5 on F.Cu
[unconnected_items]: Missing connection between items
    Local override; error
    @(113.4900 mm, 46.0000 mm): Pad 1 [+3V3] of R31 on F.Cu
    @(113.4900 mm, 49.0000 mm): Pad 1 [+3V3] of R34 on F.Cu
[unconnected_items]: Missing connection between items
    Local override; error
    @(113.4900 mm, 49.0000 mm): Pad 1 [+3V3] of R34 on F.Cu
    @(109.5200 mm, 58.0000 mm): Pad 1 [+3V3] of C68 on F.Cu
[unconnected_items]: Missing connection between items
    Local override; error
    @(118.5200 mm, 64.0000 mm): Pad 1 [+3V3] of C35 on F.Cu
    @(121.5200 mm, 64.0000 mm): Pad 1 [+3V3] of C36 on F.Cu
[unconnected_items]: Missing connection between items
    Local override; error
    @(120.5500 mm, 48.2500 mm): Pad 3 [+3V3] of U14 on F.Cu
    @(123.7500 mm, 46.5500 mm): Pad 43 [+3V3] of U14 on F.Cu
[unconnected_items]: Missing connection between items
    Local override; error
    @(120.5500 mm, 48.2500 mm): Pad 3 [+3V3] of U14 on F.Cu
    @(120.5500 mm, 52.7500 mm): Pad 12 [+3V3] of U14 on F.Cu
[unconnected_items]: Missing connection between items
    Local override; error
    @(120.5500 mm, 48.2500 mm): Pad 3 [+3V3] of U14 on F.Cu
    @(113.4900 mm, 49.0000 mm): Pad 1 [+3V3] of R34 on F.Cu
[unconnected_items]: Missing connection between items
    Local override; error
    @(120.9375 mm, 58.0000 mm): Pad 3 [+3V3] of U15 on F.Cu
    @(120.5500 mm, 52.7500 mm): Pad 12 [+3V3] of U14 on F.Cu
[unconnected_items]: Missing connection between items
    Local override; error
    @(121.5200 mm, 64.0000 mm): Pad 1 [+3V3] of C36 on F.Cu
    @(120.9375 mm, 58.0000 mm): Pad 3 [+3V3] of U15 on F.Cu
[unconnected_items]: Missing connection between items
    Local override; error
    @(123.5200 mm, 67.0000 mm): Pad 1 [+3V3] of C40 on F.Cu
    @(124.5200 mm, 64.0000 mm): Pad 1 [+3V3] of C37 on F.Cu
[unconnected_items]: Missing connection between items
    Local override; error
    @(123.7500 mm, 46.5500 mm): Pad 43 [+3V3] of U14 on F.Cu
    @(128.5500 mm, 37.5000 mm): Pad 6 [+3V3] of U1 on B.Cu
[unconnected_items]: Missing connection between items
    Local override; error
    @(124.5200 mm, 64.0000 mm): Pad 1 [+3V3] of C37 on F.Cu
    @(121.5200 mm, 64.0000 mm): Pad 1 [+3V3] of C36 on F.Cu
[unconnected_items]: Missing connection between items
    Local override; error
    @(127.4500 mm, 48.2500 mm): Pad 34 [+3V3] of U14 on F.Cu
    @(123.7500 mm, 46.5500 mm): Pad 43 [+3V3] of U14 on F.Cu
[unconnected_items]: Missing connection between items
    Local override; error
    @(127.4500 mm, 52.7500 mm): Pad 25 [+3V3] of U14 on F.Cu
    @(125.7500 mm, 53.4500 mm): Pad 22 [+3V3] of U14 on F.Cu
[unconnected_items]: Missing connection between items
    Local override; error
    @(127.4500 mm, 52.7500 mm): Pad 25 [+3V3] of U14 on F.Cu
    @(127.4500 mm, 48.2500 mm): Pad 34 [+3V3] of U14 on F.Cu
[unconnected_items]: Missing connection between items
    Local override; error
    @(127.5200 mm, 64.0000 mm): Pad 1 [+3V3] of C38 on F.Cu
    @(124.5200 mm, 64.0000 mm): Pad 1 [+3V3] of C37 on F.Cu
[unconnected_items]: Missing connection between items
    Local override; error
    @(128.4900 mm, 55.0000 mm): Pad 1 [+3V3] of R13 on F.Cu
    @(128.7750 mm, 56.0000 mm): Pad 1 [+3V3] of C64 on B.Cu
[unconnected_items]: Missing connection between items
    Local override; error
    @(128.4900 mm, 55.0000 mm): Pad 1 [+3V3] of R13 on F.Cu
    @(127.4500 mm, 52.7500 mm): Pad 25 [+3V3] of U14 on F.Cu
[unconnected_items]: Missing connection between items
    Local override; error
    @(129.6500 mm, 37.5000 mm): Pad 1 [+3V3] of U1 on B.Cu
    @(128.5500 mm, 37.5000 mm): Pad 6 [+3V3] of U1 on B.Cu
[unconnected_items]: Missing connection between items
    Local override; error
    @(129.6500 mm, 37.5000 mm): Pad 1 [+3V3] of U1 on B.Cu
    @(133.7750 mm, 33.0000 mm): Pad 1 [+3V3] of C3 on B.Cu
[unconnected_items]: Missing connection between items
    Local override; error
    @(130.4900 mm, 55.0000 mm): Pad 1 [+3V3] of R14 on F.Cu
    @(128.7750 mm, 56.0000 mm): Pad 1 [+3V3] of C64 on B.Cu
[unconnected_items]: Missing connection between items
    Local override; error
    @(130.4900 mm, 55.0000 mm): Pad 1 [+3V3] of R14 on F.Cu
    @(132.5100 mm, 53.0000 mm): Pad 1 [+3V3] of R21 on B.Cu
[unconnected_items]: Missing connection between items
    Local override; error
    @(132.5100 mm, 53.0000 mm): Pad 1 [+3V3] of R21 on B.Cu
    @(133.9000 mm, 56.1750 mm): Pad 12 [+3V3] of U5 on F.Cu
[unconnected_items]: Missing connection between items
    Local override; error
    @(133.6000 mm, 52.2500 mm): Pad 6 [+3V3] of U11 on F.Cu
    @(132.5100 mm, 53.0000 mm): Pad 1 [+3V3] of R21 on B.Cu
[unconnected_items]: Missing connection between items
    Local override; error
    @(133.9000 mm, 56.1750 mm): Pad 12 [+3V3] of U5 on F.Cu
    @(133.9000 mm, 57.8250 mm): Pad 3 [+3V3] of U5 on F.Cu
[unconnected_items]: Missing connection between items
    Local override; error
    @(134.4000 mm, 31.2000 mm): Pad 38 [+3V3] of U12 on B.Cu
    @(133.7750 mm, 33.0000 mm): Pad 1 [+3V3] of C3 on B.Cu
[unconnected_items]: Missing connection between items
    Local override; error
    @(136.5200 mm, 61.0000 mm): Pad 1 [+3V3] of C34 on F.Cu
    @(133.9000 mm, 57.8250 mm): Pad 3 [+3V3] of U5 on F.Cu
[unconnected_items]: Missing connection between items
    Local override; error
    @(146.0100 mm, 50.0000 mm): Pad 1 [+3V3] of R8 on B.Cu
    @(133.6000 mm, 52.2500 mm): Pad 6 [+3V3] of U11 on F.Cu
[unconnected_items]: Missing connection between items
    Local override; error
    @(127.4500 mm, 49.7500 mm): Pad 31 [USB3_RX_P] of U14 on F.Cu
    @(134.2500 mm, 52.9000 mm): Pad 7 [USB3_RX_P] of U11 on F.Cu
[unconnected_items]: Missing connection between items
    Local override; error
    @(127.4500 mm, 49.2500 mm): Pad 32 [USB3_RX_N] of U14 on F.Cu
    @(134.7500 mm, 52.9000 mm): Pad 8 [USB3_RX_N] of U11 on F.Cu
[unconnected_items]: Missing connection between items
    Local override; error
    @(88.1000 mm, 60.4200 mm): Pad 48 [TYPEC_FLIP] of Module1 on B.Cu
    @(135.2500 mm, 52.9000 mm): Pad 9 [TYPEC_FLIP] of U11 on F.Cu
[unconnected_items]: Missing connection between items
    Local override; error
    @(136.4000 mm, 51.7500 mm): Pad 12 [USB_C_RX2_N] of U11 on F.Cu
    @(141.6150 mm, 62.0000 mm): Pad 5 [USB_C_RX2_N] of U9 on F.Cu
[unconnected_items]: Missing connection between items
    Local override; error
    @(141.6150 mm, 62.0000 mm): Pad 5 [USB_C_RX2_N] of U9 on F.Cu
    @(151.3700 mm, 62.1200 mm): Pad A10 [USB_C_RX2_N] of J8 on F.Cu
[unconnected_items]: Missing connection between items
    Local override; error
    @(136.4000 mm, 51.2500 mm): Pad 13 [USB_C_RX2_P] of U11 on F.Cu
    @(141.6150 mm, 61.5000 mm): Pad 4 [USB_C_RX2_P] of U9 on F.Cu
[unconnected_items]: Missing connection between items
    Local override; error
    @(141.6150 mm, 61.5000 mm): Pad 4 [USB_C_RX2_P] of U9 on F.Cu
    @(151.8700 mm, 62.1200 mm): Pad A11 [USB_C_RX2_P] of J8 on F.Cu
[unconnected_items]: Missing connection between items
    Local override; error
    @(136.4000 mm, 50.7500 mm): Pad 14 [USB_C_TX2_N] of U11 on F.Cu
    @(141.6150 mm, 60.5000 mm): Pad 2 [USB_C_TX2_N] of U9 on F.Cu
[unconnected_items]: Missing connection between items
    Local override; error
    @(141.6150 mm, 60.5000 mm): Pad 2 [USB_C_TX2_N] of U9 on F.Cu
    @(151.1200 mm, 63.7300 mm): Pad B3 [USB_C_TX2_N] of J8 on F.Cu
[unconnected_items]: Missing connection between items
    Local override; error
    @(136.4000 mm, 50.2500 mm): Pad 15 [USB_C_TX2_P] of U11 on F.Cu
    @(141.6150 mm, 60.0000 mm): Pad 1 [USB_C_TX2_P] of U9 on F.Cu
[unconnected_items]: Missing connection between items
    Local override; error
    @(141.6150 mm, 60.0000 mm): Pad 1 [USB_C_TX2_P] of U9 on F.Cu
    @(151.6200 mm, 63.7300 mm): Pad B2 [USB_C_TX2_P] of J8 on F.Cu
[unconnected_items]: Missing connection between items
    Local override; error
    @(136.4000 mm, 49.7500 mm): Pad 16 [USB_C_RX1_N] of U11 on F.Cu
    @(141.0000 mm, 58.3850 mm): Pad 5 [USB_C_RX1_N] of U8 on F.Cu
[unconnected_items]: Missing connection between items
    Local override; error
    @(141.0000 mm, 58.3850 mm): Pad 5 [USB_C_RX1_N] of U8 on F.Cu
    @(147.6200 mm, 63.7300 mm): Pad B10 [USB_C_RX1_N] of J8 on F.Cu
[unconnected_items]: Missing connection between items
    Local override; error
    @(135.7500 mm, 49.1000 mm): Pad 17 [USB_C_RX1_P] of U11 on F.Cu
    @(140.5000 mm, 58.3850 mm): Pad 4 [USB_C_RX1_P] of U8 on F.Cu
[unconnected_items]: Missing connection between items
    Local override; error
    @(140.5000 mm, 58.3850 mm): Pad 4 [USB_C_RX1_P] of U8 on F.Cu
    @(147.1200 mm, 63.7300 mm): Pad B11 [USB_C_RX1_P] of J8 on F.Cu
[unconnected_items]: Missing connection between items
    Local override; error
    @(135.2500 mm, 49.1000 mm): Pad 18 [USB_C_TX1_N] of U11 on F.Cu
    @(139.5000 mm, 58.3850 mm): Pad 2 [USB_C_TX1_N] of U8 on F.Cu
[unconnected_items]: Missing connection between items
    Local override; error
    @(139.5000 mm, 58.3850 mm): Pad 2 [USB_C_TX1_N] of U8 on F.Cu
    @(147.8700 mm, 62.1200 mm): Pad A3 [USB_C_TX1_N] of J8 on F.Cu
[unconnected_items]: Missing connection between items
    Local override; error
    @(134.7500 mm, 49.1000 mm): Pad 19 [USB_C_TX1_P] of U11 on F.Cu
    @(139.0000 mm, 58.3850 mm): Pad 1 [USB_C_TX1_P] of U8 on F.Cu
[unconnected_items]: Missing connection between items
    Local override; error
    @(139.0000 mm, 58.3850 mm): Pad 1 [USB_C_TX1_P] of U8 on F.Cu
    @(147.3700 mm, 62.1200 mm): Pad A2 [USB_C_TX1_P] of J8 on F.Cu
[unconnected_items]: Missing connection between items
    Local override; error
    @(119.0625 mm, 58.9500 mm): Pad 2 [USB3_POR_N] of U15 on F.Cu
    @(120.5500 mm, 52.2500 mm): Pad 11 [USB3_POR_N] of U14 on F.Cu
[unconnected_items]: Missing connection between items
    Local override; error
    @(120.5500 mm, 52.2500 mm): Pad 11 [USB3_POR_N] of U14 on F.Cu
    @(114.5100 mm, 46.0000 mm): Pad 2 [USB3_POR_N] of R31 on F.Cu
[unconnected_items]: Missing connection between items
    Local override; error
    @(27.6500 mm, 62.6500 mm): Pad A4 [VBUS_CHARGE] of J9 on F.Cu
    @(32.3500 mm, 62.6500 mm): Pad A9 [VBUS_CHARGE] of J9 on F.Cu
[unconnected_items]: Missing connection between items
    Local override; error
    @(32.3500 mm, 62.6500 mm): Pad A9 [VBUS_CHARGE] of J9 on F.Cu
    @(38.8875 mm, 65.3500 mm): Pad 6 [VBUS_CHARGE] of D1 on F.Cu
[unconnected_items]: Missing connection between items
    Local override; error
    @(38.8875 mm, 66.0000 mm): Pad 5 [VBUS_CHARGE] of D1 on F.Cu
    @(38.8875 mm, 66.6500 mm): Pad 4 [VBUS_CHARGE] of D1 on F.Cu
[unconnected_items]: Missing connection between items
    Local override; error
    @(38.8875 mm, 66.0000 mm): Pad 5 [VBUS_CHARGE] of D1 on F.Cu
    @(38.8875 mm, 65.3500 mm): Pad 6 [VBUS_CHARGE] of D1 on F.Cu
[unconnected_items]: Missing connection between items
    Local override; error
    @(128.7750 mm, 62.0000 mm): Pad 1 [VBUS_CHARGE] of C9 on B.Cu
    @(131.7750 mm, 62.0000 mm): Pad 1 [VBUS_CHARGE] of C10 on B.Cu
[unconnected_items]: Missing connection between items
    Local override; error
    @(128.7750 mm, 62.0000 mm): Pad 1 [VBUS_CHARGE] of C9 on B.Cu
    @(38.8875 mm, 65.3500 mm): Pad 6 [VBUS_CHARGE] of D1 on F.Cu
[unconnected_items]: Missing connection between items
    Local override; error
    @(128.8000 mm, 29.2000 mm): Pad 23 [VBUS_CHARGE] of U12 on B.Cu
    @(128.8000 mm, 29.6000 mm): Pad 24 [VBUS_CHARGE] of U12 on B.Cu
[unconnected_items]: Missing connection between items
    Local override; error
    @(128.8000 mm, 30.0000 mm): Pad 25 [VBUS_CHARGE] of U12 on B.Cu
    @(128.8000 mm, 29.6000 mm): Pad 24 [VBUS_CHARGE] of U12 on B.Cu
[unconnected_items]: Missing connection between items
    Local override; error
    @(128.8000 mm, 30.0000 mm): Pad 25 [VBUS_CHARGE] of U12 on B.Cu
    @(132.0000 mm, 31.2000 mm): Pad 32 [VBUS_CHARGE] of U12 on B.Cu
[unconnected_items]: Missing connection between items
    Local override; error
    @(131.7750 mm, 62.0000 mm): Pad 1 [VBUS_CHARGE] of C10 on B.Cu
    @(134.7750 mm, 62.0000 mm): Pad 1 [VBUS_CHARGE] of C11 on B.Cu
[unconnected_items]: Missing connection between items
    Local override; error
    @(131.7750 mm, 62.0000 mm): Pad 1 [VBUS_CHARGE] of C10 on B.Cu
    @(132.0000 mm, 31.2000 mm): Pad 32 [VBUS_CHARGE] of U12 on B.Cu
[unconnected_items]: Missing connection between items
    Local override; error
    @(132.0000 mm, 31.2000 mm): Pad 32 [VBUS_CHARGE] of U12 on B.Cu
    @(132.4000 mm, 31.2000 mm): Pad 33 [VBUS_CHARGE] of U12 on B.Cu
[unconnected_items]: Missing connection between items
    Local override; error
    @(134.7750 mm, 62.0000 mm): Pad 1 [VBUS_CHARGE] of C11 on B.Cu
    @(137.7750 mm, 62.0000 mm): Pad 1 [VBUS_CHARGE] of C12 on B.Cu
[unconnected_items]: Missing connection between items
    Local override; error
    @(28.2500 mm, 62.6500 mm): Pad A5 [CC1] of J9 on F.Cu
    @(133.7750 mm, 56.8000 mm): Pad 1 [CC1] of U5 on F.Cu
[unconnected_items]: Missing connection between items
    Local override; error
    @(130.4000 mm, 31.2000 mm): Pad 28 [CC1] of U12 on B.Cu
    @(133.7750 mm, 56.8000 mm): Pad 1 [CC1] of U5 on F.Cu
[unconnected_items]: Missing connection between items
    Local override; error
    @(133.7750 mm, 56.8000 mm): Pad 1 [CC1] of U5 on F.Cu
    @(148.8700 mm, 62.1200 mm): Pad A5 [CC1] of J8 on F.Cu
[unconnected_items]: Missing connection between items
    Local override; error
    @(145.7750 mm, 33.0000 mm): Pad 1 [CC1] of C7 on B.Cu
    @(130.4000 mm, 31.2000 mm): Pad 28 [CC1] of U12 on B.Cu
[unconnected_items]: Missing connection between items
    Local override; error
    @(31.2500 mm, 62.6500 mm): Pad B5 [CC2] of J9 on F.Cu
    @(133.7750 mm, 57.2000 mm): Pad 2 [CC2] of U5 on F.Cu
[unconnected_items]: Missing connection between items
    Local override; error
    @(130.8000 mm, 31.2000 mm): Pad 29 [CC2] of U12 on B.Cu
    @(133.7750 mm, 57.2000 mm): Pad 2 [CC2] of U5 on F.Cu
[unconnected_items]: Missing connection between items
    Local override; error
    @(133.7750 mm, 57.2000 mm): Pad 2 [CC2] of U5 on F.Cu
    @(150.1200 mm, 63.7300 mm): Pad B5 [CC2] of J8 on F.Cu
[unconnected_items]: Missing connection between items
    Local override; error
    @(148.7750 mm, 33.0000 mm): Pad 1 [CC2] of C8 on B.Cu
    @(130.8000 mm, 31.2000 mm): Pad 29 [CC2] of U12 on B.Cu
[unconnected_items]: Missing connection between items
    Local override; error
    @(129.5100 mm, 55.0000 mm): Pad 2 [TYPEC_INT_N] of R13 on F.Cu
    @(88.5000 mm, 60.4200 mm): Pad 46 [TYPEC_INT_N] of Module1 on B.Cu
[unconnected_items]: Missing connection between items
    Local override; error
    @(135.1000 mm, 57.8250 mm): Pad 6 [TYPEC_INT_N] of U5 on F.Cu
    @(129.5100 mm, 55.0000 mm): Pad 2 [TYPEC_INT_N] of R13 on F.Cu
[unconnected_items]: Missing connection between items
    Local override; error
    @(46.7500 mm, 58.4375 mm): Pad 10 [I2C_SDA] of U3 on F.Cu
    @(55.5100 mm, 60.0000 mm): Pad 2 [I2C_SDA] of R17 on F.Cu
[unconnected_items]: Missing connection between items
    Local override; error
    @(55.0000 mm, 24.6350 mm): Pad 3 [I2C_SDA] of J6 on B.Cu
    @(46.7500 mm, 58.4375 mm): Pad 10 [I2C_SDA] of U3 on F.Cu
[unconnected_items]: Missing connection between items
    Local override; error
    @(55.5100 mm, 60.0000 mm): Pad 2 [I2C_SDA] of R17 on F.Cu
    @(86.1000 mm, 60.4200 mm): Pad 58 [I2C_SDA] of Module1 on B.Cu
[unconnected_items]: Missing connection between items
    Local override; error
    @(86.1000 mm, 60.4200 mm): Pad 58 [I2C_SDA] of Module1 on B.Cu
    @(105.5000 mm, 26.0000 mm): Pad 3 [I2C_SDA] of J5 on F.Cu
[unconnected_items]: Missing connection between items
    Local override; error
    @(135.2250 mm, 57.2000 mm): Pad 7 [I2C_SDA] of U5 on F.Cu
    @(105.5000 mm, 26.0000 mm): Pad 3 [I2C_SDA] of J5 on F.Cu
[unconnected_items]: Missing connection between items
    Local override; error
    @(46.2500 mm, 58.4375 mm): Pad 9 [I2C_SCL] of U3 on F.Cu
    @(53.5100 mm, 60.0000 mm): Pad 2 [I2C_SCL] of R16 on F.Cu
[unconnected_items]: Missing connection between items
    Local override; error
    @(53.5100 mm, 60.0000 mm): Pad 2 [I2C_SCL] of R16 on F.Cu
    @(86.5000 mm, 60.4200 mm): Pad 56 [I2C_SCL] of Module1 on B.Cu
[unconnected_items]: Missing connection between items
    Local override; error
    @(53.7300 mm, 24.6350 mm): Pad 4 [I2C_SCL] of J6 on B.Cu
    @(46.2500 mm, 58.4375 mm): Pad 9 [I2C_SCL] of U3 on F.Cu
[unconnected_items]: Missing connection between items
    Local override; error
    @(86.5000 mm, 60.4200 mm): Pad 56 [I2C_SCL] of Module1 on B.Cu
    @(104.5000 mm, 26.0000 mm): Pad 4 [I2C_SCL] of J5 on F.Cu
[unconnected_items]: Missing connection between items
    Local override; error
    @(135.2250 mm, 56.8000 mm): Pad 8 [I2C_SCL] of U5 on F.Cu
    @(104.5000 mm, 26.0000 mm): Pad 4 [I2C_SCL] of J5 on F.Cu
[unconnected_items]: Missing connection between items
    Local override; error
    @(131.5100 mm, 55.0000 mm): Pad 2 [TYPEC_ATTACHED_N] of R14 on F.Cu
    @(135.1000 mm, 56.1750 mm): Pad 9 [TYPEC_ATTACHED_N] of U5 on F.Cu
[unconnected_items]: Missing connection between items
    Local override; error
    @(135.1000 mm, 56.1750 mm): Pad 9 [TYPEC_ATTACHED_N] of U5 on F.Cu
    @(137.8875 mm, 45.6500 mm): Pad 4 [TYPEC_ATTACHED_N] of U16 on F.Cu
[unconnected_items]: Missing connection between items
    Local override; error
    @(136.1125 mm, 45.0000 mm): Pad 2 [USB_ILIM] of U16 on F.Cu
    @(138.4900 mm, 48.0000 mm): Pad 1 [USB_ILIM] of R15 on F.Cu
[unconnected_items]: Missing connection between items
    Local override; error
    @(120.5200 mm, 67.0000 mm): Pad 1 [+1V05_USB] of C39 on F.Cu
    @(121.5200 mm, 61.0000 mm): Pad 1 [+1V05_USB] of C29 on F.Cu
[unconnected_items]: Missing connection between items
    Local override; error
    @(120.5500 mm, 49.7500 mm): Pad 6 [+1V05_USB] of U14 on F.Cu
    @(120.5500 mm, 51.2500 mm): Pad 9 [+1V05_USB] of U14 on F.Cu
[unconnected_items]: Missing connection between items
    Local override; error
    @(121.5200 mm, 61.0000 mm): Pad 1 [+1V05_USB] of C29 on F.Cu
    @(124.5200 mm, 61.0000 mm): Pad 1 [+1V05_USB] of C30 on F.Cu
[unconnected_items]: Missing connection between items
    Local override; error
    @(121.5200 mm, 61.0000 mm): Pad 1 [+1V05_USB] of C29 on F.Cu
    @(118.5200 mm, 61.0000 mm): Pad 1 [+1V05_USB] of C28 on F.Cu
[unconnected_items]: Missing connection between items
    Local override; error
    @(124.2500 mm, 46.5500 mm): Pad 42 [+1V05_USB] of U14 on F.Cu
    @(125.7500 mm, 46.5500 mm): Pad 39 [+1V05_USB] of U14 on F.Cu
[unconnected_items]: Missing connection between items
    Local override; error
    @(124.2500 mm, 46.5500 mm): Pad 42 [+1V05_USB] of U14 on F.Cu
    @(120.5500 mm, 49.7500 mm): Pad 6 [+1V05_USB] of U14 on F.Cu
[unconnected_items]: Missing connection between items
    Local override; error
    @(124.5200 mm, 61.0000 mm): Pad 1 [+1V05_USB] of C30 on F.Cu
    @(127.5200 mm, 61.0000 mm): Pad 1 [+1V05_USB] of C31 on F.Cu
[unconnected_items]: Missing connection between items
    Local override; error
    @(125.2500 mm, 53.4500 mm): Pad 21 [+1V05_USB] of U14 on F.Cu
    @(128.5100 mm, 53.0000 mm): Pad 1 [+1V05_USB] of R19 on B.Cu
[unconnected_items]: Missing connection between items
    Local override; error
    @(127.4500 mm, 48.7500 mm): Pad 33 [+1V05_USB] of U14 on F.Cu
    @(127.4500 mm, 50.2500 mm): Pad 30 [+1V05_USB] of U14 on F.Cu
[unconnected_items]: Missing connection between items
    Local override; error
    @(127.4500 mm, 48.7500 mm): Pad 33 [+1V05_USB] of U14 on F.Cu
    @(125.7500 mm, 46.5500 mm): Pad 39 [+1V05_USB] of U14 on F.Cu
[unconnected_items]: Missing connection between items
    Local override; error
    @(127.4500 mm, 50.2500 mm): Pad 30 [+1V05_USB] of U14 on F.Cu
    @(128.5100 mm, 53.0000 mm): Pad 1 [+1V05_USB] of R19 on B.Cu
[unconnected_items]: Missing connection between items
    Local override; error
    @(127.5200 mm, 61.0000 mm): Pad 1 [+1V05_USB] of C31 on F.Cu
    @(130.5200 mm, 61.0000 mm): Pad 1 [+1V05_USB] of C32 on F.Cu
[unconnected_items]: Missing connection between items
    Local override; error
    @(128.5100 mm, 53.0000 mm): Pad 1 [+1V05_USB] of R19 on B.Cu
    @(131.7750 mm, 56.0000 mm): Pad 1 [+1V05_USB] of C65 on B.Cu
[unconnected_items]: Missing connection between items
    Local override; error
    @(130.5200 mm, 61.0000 mm): Pad 1 [+1V05_USB] of C32 on F.Cu
    @(133.5200 mm, 61.0000 mm): Pad 1 [+1V05_USB] of C33 on F.Cu
[unconnected_items]: Missing connection between items
    Local override; error
    @(131.0000 mm, 37.5150 mm): Pad 2 [+1V05_USB] of L1 on B.Cu
    @(125.7500 mm, 46.5500 mm): Pad 39 [+1V05_USB] of U14 on F.Cu
[unconnected_items]: Missing connection between items
    Local override; error
    @(131.0000 mm, 37.5150 mm): Pad 2 [+1V05_USB] of L1 on B.Cu
    @(104.0000 mm, 23.0000 mm): Pad 1 [+1V05_USB] of TP6 on B.Cu
[unconnected_items]: Missing connection between items
    Local override; error
    @(131.7750 mm, 56.0000 mm): Pad 1 [+1V05_USB] of C65 on B.Cu
    @(134.7750 mm, 56.0000 mm): Pad 1 [+1V05_USB] of C66 on B.Cu
[unconnected_items]: Missing connection between items
    Local override; error
    @(134.7750 mm, 56.0000 mm): Pad 1 [+1V05_USB] of C66 on B.Cu
    @(133.5200 mm, 61.0000 mm): Pad 1 [+1V05_USB] of C33 on F.Cu
[unconnected_items]: Missing connection between items
    Local override; error
    @(137.4800 mm, 56.0000 mm): Pad 1 [+1V05_USB] of C67 on B.Cu
    @(134.7750 mm, 56.0000 mm): Pad 1 [+1V05_USB] of C66 on B.Cu
[unconnected_items]: Missing connection between items
    Local override; error
    @(114.5100 mm, 49.0000 mm): Pad 2 [SPI_MISO] of R34 on F.Cu
    @(121.2500 mm, 53.4500 mm): Pad 13 [SPI_MISO] of U14 on F.Cu
[unconnected_items]: Missing connection between items
    Local override; error
    @(42.5200 mm, 62.0000 mm): Pad 1 [+3V3_AUDIO] of C41 on F.Cu
    @(42.5200 mm, 65.0000 mm): Pad 1 [+3V3_AUDIO] of C45 on F.Cu
[unconnected_items]: Missing connection between items
    Local override; error
    @(42.5200 mm, 65.0000 mm): Pad 1 [+3V3_AUDIO] of C45 on F.Cu
    @(51.5200 mm, 65.0000 mm): Pad 1 [+3V3_AUDIO] of C48 on F.Cu
[unconnected_items]: Missing connection between items
    Local override; error
    @(49.2500 mm, 53.5625 mm): Pad 26 [+3V3_AUDIO] of U3 on F.Cu
    @(42.5200 mm, 62.0000 mm): Pad 1 [+3V3_AUDIO] of C41 on F.Cu
[unconnected_items]: Missing connection between items
    Local override; error
    @(51.5200 mm, 65.0000 mm): Pad 1 [+3V3_AUDIO] of C48 on F.Cu
    @(86.7875 mm, 62.0000 mm): Pad 2 [+3V3_AUDIO] of FB1 on F.Cu
[unconnected_items]: Missing connection between items
    Local override; error
    @(88.8625 mm, 62.9500 mm): Pad 3 [+3V3_AUDIO] of U10 on F.Cu
    @(88.8625 mm, 61.0500 mm): Pad 1 [+3V3_AUDIO] of U10 on F.Cu
[unconnected_items]: Missing connection between items
    Local override; error
    @(88.8625 mm, 62.9500 mm): Pad 3 [+3V3_AUDIO] of U10 on F.Cu
    @(86.7875 mm, 62.0000 mm): Pad 2 [+3V3_AUDIO] of FB1 on F.Cu
[unconnected_items]: Missing connection between items
    Local override; error
    @(76.0000 mm, 23.0000 mm): Pad 1 [+5V_SYS] of TP4 on B.Cu
    @(80.1000 mm, 63.5000 mm): Pad 87 [+5V_SYS] of Module1 on B.Cu
[unconnected_items]: Missing connection between items
    Local override; error
    @(80.1000 mm, 63.5000 mm): Pad 87 [+5V_SYS] of Module1 on B.Cu
    @(80.5000 mm, 63.5000 mm): Pad 85 [+5V_SYS] of Module1 on B.Cu
[unconnected_items]: Missing connection between items
    Local override; error
    @(80.5000 mm, 63.5000 mm): Pad 85 [+5V_SYS] of Module1 on B.Cu
    @(80.9000 mm, 63.5000 mm): Pad 83 [+5V_SYS] of Module1 on B.Cu
[unconnected_items]: Missing connection between items
    Local override; error
    @(80.9000 mm, 63.5000 mm): Pad 83 [+5V_SYS] of Module1 on B.Cu
    @(81.3000 mm, 63.5000 mm): Pad 81 [+5V_SYS] of Module1 on B.Cu
[unconnected_items]: Missing connection between items
    Local override; error
    @(81.3000 mm, 63.5000 mm): Pad 81 [+5V_SYS] of Module1 on B.Cu
    @(81.7000 mm, 63.5000 mm): Pad 79 [+5V_SYS] of Module1 on B.Cu
[unconnected_items]: Missing connection between items
    Local override; error
    @(81.7000 mm, 63.5000 mm): Pad 79 [+5V_SYS] of Module1 on B.Cu
    @(82.1000 mm, 63.5000 mm): Pad 77 [+5V_SYS] of Module1 on B.Cu
[unconnected_items]: Missing connection between items
    Local override; error
    @(82.1000 mm, 63.5000 mm): Pad 77 [+5V_SYS] of Module1 on B.Cu
    @(132.0100 mm, 50.0000 mm): Pad 1 [+5V_SYS] of R1 on B.Cu
[unconnected_items]: Missing connection between items
    Local override; error
    @(132.8000 mm, 31.2000 mm): Pad 34 [+5V_SYS] of U12 on B.Cu
    @(131.8750 mm, 25.8500 mm): Pad 1 [+5V_SYS] of J4 on F.Cu
[unconnected_items]: Missing connection between items
    Local override; error
    @(133.2000 mm, 31.2000 mm): Pad 35 [+5V_SYS] of U12 on B.Cu
    @(132.8000 mm, 31.2000 mm): Pad 34 [+5V_SYS] of U12 on B.Cu
[unconnected_items]: Missing connection between items
    Local override; error
    @(133.2000 mm, 31.2000 mm): Pad 35 [+5V_SYS] of U12 on B.Cu
    @(137.8875 mm, 44.3500 mm): Pad 6 [+5V_SYS] of U16 on F.Cu
[unconnected_items]: Missing connection between items
    Local override; error
    @(137.8875 mm, 44.3500 mm): Pad 6 [+5V_SYS] of U16 on F.Cu
    @(132.0100 mm, 50.0000 mm): Pad 1 [+5V_SYS] of R1 on B.Cu
[unconnected_items]: Missing connection between items
    Local override; error
    @(145.7750 mm, 57.0000 mm): Pad 1 [+5V_SYS] of C57 on B.Cu
    @(137.8875 mm, 44.3500 mm): Pad 6 [+5V_SYS] of U16 on F.Cu
[unconnected_items]: Missing connection between items
    Local override; error
    @(148.0500 mm, 40.0000 mm): Pad 2 [+5V_SYS] of L2 on B.Cu
    @(137.8875 mm, 44.3500 mm): Pad 6 [+5V_SYS] of U16 on F.Cu
[unconnected_items]: Missing connection between items
    Local override; error
    @(148.7750 mm, 57.0000 mm): Pad 1 [+5V_SYS] of C58 on B.Cu
    @(145.7750 mm, 57.0000 mm): Pad 1 [+5V_SYS] of C57 on B.Cu
[unconnected_items]: Missing connection between items
    Local override; error
    @(91.3000 mm, 63.5000 mm): Pad 31 [FAN_PWM] of Module1 on B.Cu
    @(129.3750 mm, 25.8500 mm): Pad 3 [FAN_PWM] of J4 on F.Cu
[unconnected_items]: Missing connection between items
    Local override; error
    @(91.7000 mm, 60.4200 mm): Pad 30 [FAN_TACH] of Module1 on B.Cu
    @(128.1250 mm, 25.8500 mm): Pad 4 [FAN_TACH] of J4 on F.Cu
[unconnected_items]: Missing connection between items
    Local override; error
    @(111.4900 mm, 49.0000 mm): Pad 1 [SPI_CS_N] of R33 on F.Cu
    @(121.7500 mm, 53.4500 mm): Pad 14 [SPI_CS_N] of U14 on F.Cu
[unconnected_items]: Missing connection between items
    Local override; error
    @(70.5000 mm, 64.6500 mm): Pad 1 [MIC_L_RAW_P] of MK1 on F.Cu
    @(73.5200 mm, 62.0000 mm): Pad 1 [MIC_L_RAW_P] of C49 on F.Cu
[unconnected_items]: Missing connection between items
    Local override; error
    @(45.5200 mm, 62.0000 mm): Pad 1 [+2V8_MIC] of C42 on F.Cu
    @(71.2000 mm, 64.6500 mm): Pad 2 [+2V8_MIC] of MK1 on F.Cu
[unconnected_items]: Missing connection between items
    Local override; error
    @(91.1375 mm, 61.0500 mm): Pad 5 [+2V8_MIC] of U10 on F.Cu
    @(71.2000 mm, 64.6500 mm): Pad 2 [+2V8_MIC] of MK1 on F.Cu
[unconnected_items]: Missing connection between items
    Local override; error
    @(108.8000 mm, 66.3500 mm): Pad 2 [+2V8_MIC] of MK2 on F.Cu
    @(91.1375 mm, 61.0500 mm): Pad 5 [+2V8_MIC] of U10 on F.Cu
[unconnected_items]: Missing connection between items
    Local override; error
    @(70.5000 mm, 66.3500 mm): Pad 3 [MIC_L_RAW_N] of MK1 on F.Cu
    @(76.5200 mm, 62.0000 mm): Pad 1 [MIC_L_RAW_N] of C50 on F.Cu
[unconnected_items]: Missing connection between items
    Local override; error
    @(38.5200 mm, 57.0000 mm): Pad 1 [JACK_MIC] of C61 on F.Cu
    @(39.5100 mm, 59.0000 mm): Pad 2 [JACK_MIC] of R18 on F.Cu
[unconnected_items]: Missing connection between items
    Local override; error
    @(38.6150 mm, 55.5000 mm): Pad 4 [JACK_MIC] of U4 on F.Cu
    @(38.5200 mm, 57.0000 mm): Pad 1 [JACK_MIC] of C61 on F.Cu
[unconnected_items]: Missing connection between items
    Local override; error
    @(38.6150 mm, 55.5000 mm): Pad 4 [JACK_MIC] of U4 on F.Cu
    @(33.8000 mm, 49.0000 mm): Pad 1 [JACK_MIC] of J1 on F.Cu
[unconnected_items]: Missing connection between items
    Local override; error
    @(39.4800 mm, 57.0000 mm): Pad 2 [JACK_MIC_CODEC] of C61 on F.Cu
    @(50.4375 mm, 55.7500 mm): Pad 21 [JACK_MIC_CODEC] of U3 on F.Cu
[unconnected_items]: Missing connection between items
    Local override; error
    @(45.5200 mm, 65.0000 mm): Pad 1 [AUDIO_REF] of C46 on F.Cu
    @(50.4375 mm, 57.2500 mm): Pad 18 [AUDIO_REF] of U3 on F.Cu
[unconnected_items]: Missing connection between items
    Local override; error
    @(117.5200 mm, 45.0000 mm): Pad 1 [PCIE_RX_USB3_N] of C56 on F.Cu
    @(120.5500 mm, 49.2500 mm): Pad 5 [PCIE_RX_USB3_N] of U14 on F.Cu
[unconnected_items]: Missing connection between items
    Local override; error
    @(94.1000 mm, 26.5000 mm): Pad 118 [PCIE_RX_N] of Module1 on B.Cu
    @(118.4800 mm, 45.0000 mm): Pad 2 [PCIE_RX_N] of C56 on F.Cu
[unconnected_items]: Missing connection between items
    Local override; error
    @(49.2500 mm, 58.4375 mm): Pad 15 [MIC_L_P] of U3 on F.Cu
    @(74.4800 mm, 62.0000 mm): Pad 2 [MIC_L_P] of C49 on F.Cu
[unconnected_items]: Missing connection between items
    Local override; error
    @(95.7000 mm, 26.5000 mm): Pad 110 [PCIE_CLK_P] of Module1 on B.Cu
    @(120.5500 mm, 47.2500 mm): Pad 1 [PCIE_CLK_P] of U14 on F.Cu
[unconnected_items]: Missing connection between items
    Local override; error
    @(95.3000 mm, 26.5000 mm): Pad 112 [PCIE_CLK_N] of Module1 on B.Cu
    @(120.5500 mm, 47.7500 mm): Pad 2 [PCIE_CLK_N] of U14 on F.Cu
[unconnected_items]: Missing connection between items
    Local override; error
    @(115.5200 mm, 45.0000 mm): Pad 1 [PCIE_RX_USB3_P] of C55 on F.Cu
    @(120.5500 mm, 48.7500 mm): Pad 4 [PCIE_RX_USB3_P] of U14 on F.Cu
[unconnected_items]: Missing connection between items
    Local override; error
    @(103.5200 mm, 48.0000 mm): Pad 2 [PCIE_TX_P] of C53 on B.Cu
    @(120.5500 mm, 50.2500 mm): Pad 7 [PCIE_TX_P] of U14 on F.Cu
[unconnected_items]: Missing connection between items
    Local override; error
    @(105.5200 mm, 48.0000 mm): Pad 2 [PCIE_TX_N] of C54 on B.Cu
    @(120.5500 mm, 50.7500 mm): Pad 8 [PCIE_TX_N] of U14 on F.Cu
[unconnected_items]: Missing connection between items
    Local override; error
    @(97.3000 mm, 26.5000 mm): Pad 102 [PCIE_CLKREQ_N] of Module1 on B.Cu
    @(107.4900 mm, 48.0000 mm): Pad 2 [PCIE_CLKREQ_N] of R26 on B.Cu
[unconnected_items]: Missing connection between items
    Local override; error
    @(107.4900 mm, 48.0000 mm): Pad 2 [PCIE_CLKREQ_N] of R26 on B.Cu
    @(120.5500 mm, 51.7500 mm): Pad 10 [PCIE_CLKREQ_N] of U14 on F.Cu
[unconnected_items]: Missing connection between items
    Local override; error
    @(109.4900 mm, 49.0000 mm): Pad 1 [SPI_CLK] of R32 on F.Cu
    @(122.2500 mm, 53.4500 mm): Pad 15 [SPI_CLK] of U14 on F.Cu
[unconnected_items]: Missing connection between items
    Local override; error
    @(115.4900 mm, 49.0000 mm): Pad 1 [SPI_MOSI] of R35 on F.Cu
    @(122.7500 mm, 53.4500 mm): Pad 16 [SPI_MOSI] of U14 on F.Cu
[unconnected_items]: Missing connection between items
    Local override; error
    @(110.5100 mm, 46.0000 mm): Pad 2 [USB_OC_N] of R29 on F.Cu
    @(124.2500 mm, 53.4500 mm): Pad 19 [USB_OC_N] of U14 on F.Cu
[unconnected_items]: Missing connection between items
    Local override; error
    @(124.2500 mm, 53.4500 mm): Pad 19 [USB_OC_N] of U14 on F.Cu
    @(136.1125 mm, 45.6500 mm): Pad 3 [USB_OC_N] of U16 on F.Cu
[unconnected_items]: Missing connection between items
    Local override; error
    @(116.1000 mm, 54.1500 mm): Pad 3 [USB3_XT2] of Y1 on F.Cu
    @(126.2500 mm, 53.4500 mm): Pad 23 [USB3_XT2] of U14 on F.Cu
[unconnected_items]: Missing connection between items
    Local override; error
    @(113.9000 mm, 55.8500 mm): Pad 1 [USB3_XT1] of Y1 on F.Cu
    @(126.7500 mm, 53.4500 mm): Pad 24 [USB3_XT1] of U14 on F.Cu
[unconnected_items]: Missing connection between items
    Local override; error
    @(111.4900 mm, 46.0000 mm): Pad 1 [USB3_RREF] of R30 on F.Cu
    @(127.4500 mm, 52.2500 mm): Pad 26 [USB3_RREF] of U14 on F.Cu
[unconnected_items]: Missing connection between items
    Local override; error
    @(95.7000 mm, 29.5800 mm): Pad 109 [PCIE_RST_N] of Module1 on B.Cu
    @(121.7500 mm, 46.5500 mm): Pad 47 [PCIE_RST_N] of U14 on F.Cu
[unconnected_items]: Missing connection between items
    Local override; error
    @(45.5625 mm, 54.2500 mm): Pad 1 [AUDIO_MCLK] of U3 on F.Cu
    @(86.9000 mm, 60.4200 mm): Pad 54 [AUDIO_MCLK] of Module1 on B.Cu
[unconnected_items]: Missing connection between items
    Local override; error
    @(45.5625 mm, 54.7500 mm): Pad 2 [I2S_BCLK] of U3 on F.Cu
    @(87.7000 mm, 63.5000 mm): Pad 49 [I2S_BCLK] of Module1 on B.Cu
[unconnected_items]: Missing connection between items
    Local override; error
    @(45.5625 mm, 55.2500 mm): Pad 3 [I2S_LRCLK] of U3 on F.Cu
    @(92.5000 mm, 60.4200 mm): Pad 26 [I2S_LRCLK] of Module1 on B.Cu
[unconnected_items]: Missing connection between items
    Local override; error
    @(45.5625 mm, 55.7500 mm): Pad 4 [I2S_DOUT] of U3 on F.Cu
    @(92.5000 mm, 63.5000 mm): Pad 25 [I2S_DOUT] of Module1 on B.Cu
[unconnected_items]: Missing connection between items
    Local override; error
    @(45.5625 mm, 56.2500 mm): Pad 5 [I2S_DIN] of U3 on F.Cu
    @(92.1000 mm, 63.5000 mm): Pad 27 [I2S_DIN] of Module1 on B.Cu
[unconnected_items]: Missing connection between items
    Local override; error
    @(48.2500 mm, 58.4375 mm): Pad 13 [MIC_R_N] of U3 on F.Cu
    @(106.4800 mm, 62.0000 mm): Pad 2 [MIC_R_N] of C52 on F.Cu
[unconnected_items]: Missing connection between items
    Local override; error
    @(48.7500 mm, 58.4375 mm): Pad 14 [MIC_R_P] of U3 on F.Cu
    @(103.4800 mm, 62.0000 mm): Pad 2 [MIC_R_P] of C51 on F.Cu
[unconnected_items]: Missing connection between items
    Local override; error
    @(49.7500 mm, 58.4375 mm): Pad 16 [MIC_L_N] of U3 on F.Cu
    @(77.4800 mm, 62.0000 mm): Pad 2 [MIC_L_N] of C50 on F.Cu
[unconnected_items]: Missing connection between items
    Local override; error
    @(38.4900 mm, 59.0000 mm): Pad 1 [MICBIAS] of R18 on F.Cu
    @(48.5200 mm, 65.0000 mm): Pad 1 [MICBIAS] of C47 on F.Cu
[unconnected_items]: Missing connection between items
    Local override; error
    @(48.5200 mm, 65.0000 mm): Pad 1 [MICBIAS] of C47 on F.Cu
    @(50.4375 mm, 56.7500 mm): Pad 19 [MICBIAS] of U3 on F.Cu
[unconnected_items]: Missing connection between items
    Local override; error
    @(50.4375 mm, 54.2500 mm): Pad 24 [AUDIO_1V8_LDO] of U3 on F.Cu
    @(47.7500 mm, 53.5625 mm): Pad 29 [AUDIO_1V8_LDO] of U3 on F.Cu
[unconnected_items]: Missing connection between items
    Local override; error
    @(51.5200 mm, 62.0000 mm): Pad 1 [AUDIO_1V8_LDO] of C44 on F.Cu
    @(50.4375 mm, 54.2500 mm): Pad 24 [AUDIO_1V8_LDO] of U3 on F.Cu
[unconnected_items]: Missing connection between items
    Local override; error
    @(37.2250 mm, 48.0000 mm): Pad 1 [HP_L_CODEC] of C62 on F.Cu
    @(49.7500 mm, 53.5625 mm): Pad 25 [HP_L_CODEC] of U3 on F.Cu
[unconnected_items]: Missing connection between items
    Local override; error
    @(37.2250 mm, 51.0000 mm): Pad 1 [HP_R_CODEC] of C63 on F.Cu
    @(48.7500 mm, 53.5625 mm): Pad 27 [HP_R_CODEC] of U3 on F.Cu
[unconnected_items]: Missing connection between items
    Local override; error
    @(46.7500 mm, 53.5625 mm): Pad 31 [AUDIO_RESET_N] of U3 on F.Cu
    @(90.9000 mm, 60.4200 mm): Pad 34 [AUDIO_RESET_N] of Module1 on B.Cu
[unconnected_items]: Missing connection between items
    Local override; error
    @(148.0100 mm, 50.0000 mm): Pad 1 [TS] of R9 on B.Cu
    @(150.0100 mm, 50.0000 mm): Pad 1 [TS] of R10 on B.Cu
[unconnected_items]: Missing connection between items
    Local override; error
    @(150.0100 mm, 50.0000 mm): Pad 1 [TS] of R10 on B.Cu
    @(154.2250 mm, 35.5750 mm): Pad 1 [TS] of J2 on F.Cu
[unconnected_items]: Missing connection between items
    Local override; error
    @(154.2250 mm, 35.5750 mm): Pad 1 [TS] of J2 on F.Cu
    @(139.1500 mm, 30.6000 mm): Pad 16 [TS] of U6 on B.Cu
[unconnected_items]: Missing connection between items
    Local override; error
    @(72.0000 mm, 23.0000 mm): Pad 1 [BAT_ID] of TP3 on B.Cu
    @(155.7750 mm, 35.5750 mm): Pad 2 [BAT_ID] of J2 on F.Cu
[unconnected_items]: Missing connection between items
    Local override; error
    @(139.1000 mm, 27.8000 mm): Pad 23 [BAT+] of U6 on B.Cu
    @(139.1000 mm, 28.2000 mm): Pad 22 [BAT+] of U6 on B.Cu
[unconnected_items]: Missing connection between items
    Local override; error
    @(143.7750 mm, 46.0000 mm): Pad 1 [BAT+] of C24 on B.Cu
    @(150.9900 mm, 50.0000 mm): Pad 2 [BAT+] of R11 on B.Cu
[unconnected_items]: Missing connection between items
    Local override; error
    @(150.9900 mm, 50.0000 mm): Pad 2 [BAT+] of R11 on B.Cu
    @(155.0000 mm, 36.5500 mm): Pad P1 [BAT+] of J2 on F.Cu
[unconnected_items]: Missing connection between items
    Local override; error
    @(155.0000 mm, 36.5500 mm): Pad P1 [BAT+] of J2 on F.Cu
    @(139.1000 mm, 28.2000 mm): Pad 22 [BAT+] of U6 on B.Cu
[unconnected_items]: Missing connection between items
    Local override; error
    @(88.1000 mm, 63.5000 mm): Pad 47 [PROX_INT] of Module1 on B.Cu
    @(103.5000 mm, 26.0000 mm): Pad 5 [PROX_INT] of J5 on F.Cu
[unconnected_items]: Missing connection between items
    Local override; error
    @(89.3000 mm, 63.5000 mm): Pad 41 [PROX_GPIO] of Module1 on B.Cu
    @(102.5000 mm, 26.0000 mm): Pad 6 [PROX_GPIO] of J5 on F.Cu
[unconnected_items]: Missing connection between items
    Local override; error
    @(38.6150 mm, 54.0000 mm): Pad 1 [HP_L] of U4 on F.Cu
    @(38.7750 mm, 48.0000 mm): Pad 2 [HP_L] of C62 on F.Cu
[unconnected_items]: Missing connection between items
    Local override; error
    @(38.7750 mm, 48.0000 mm): Pad 2 [HP_L] of C62 on F.Cu
    @(24.2000 mm, 49.0000 mm): Pad 2 [HP_L] of J1 on F.Cu
[unconnected_items]: Missing connection between items
    Local override; error
    @(30.5000 mm, 55.0000 mm): Pad 3 [HP_R] of J1 on F.Cu
    @(38.6150 mm, 54.5000 mm): Pad 2 [HP_R] of U4 on F.Cu
[unconnected_items]: Missing connection between items
    Local override; error
    @(38.6150 mm, 54.5000 mm): Pad 2 [HP_R] of U4 on F.Cu
    @(38.7750 mm, 51.0000 mm): Pad 2 [HP_R] of C63 on F.Cu
[unconnected_items]: Missing connection between items
    Local override; error
    @(102.5200 mm, 62.0000 mm): Pad 1 [MIC_R_RAW_P] of C51 on F.Cu
    @(109.5000 mm, 66.3500 mm): Pad 1 [MIC_R_RAW_P] of MK2 on F.Cu
[unconnected_items]: Missing connection between items
    Local override; error
    @(105.5200 mm, 62.0000 mm): Pad 1 [MIC_R_RAW_N] of C52 on F.Cu
    @(109.5000 mm, 64.6500 mm): Pad 3 [MIC_R_RAW_N] of MK2 on F.Cu
[unconnected_items]: Missing connection between items
    Local override; error
    @(94.5000 mm, 26.5000 mm): Pad 116 [PCIE_RX_P] of Module1 on B.Cu
    @(116.4800 mm, 45.0000 mm): Pad 2 [PCIE_RX_P] of C55 on F.Cu
[unconnected_items]: Missing connection between items
    Local override; error
    @(136.1125 mm, 44.3500 mm): Pad 1 [VBUS_USB_HOST] of U16 on F.Cu
    @(148.3700 mm, 62.1200 mm): Pad A4 [VBUS_USB_HOST] of J8 on F.Cu
[unconnected_items]: Missing connection between items
    Local override; error
    @(148.1200 mm, 63.7300 mm): Pad B9 [VBUS_USB_HOST] of J8 on F.Cu
    @(150.6200 mm, 63.7300 mm): Pad B4 [VBUS_USB_HOST] of J8 on F.Cu
[unconnected_items]: Missing connection between items
    Local override; error
    @(148.3700 mm, 62.1200 mm): Pad A4 [VBUS_USB_HOST] of J8 on F.Cu
    @(148.1200 mm, 63.7300 mm): Pad B9 [VBUS_USB_HOST] of J8 on F.Cu
[unconnected_items]: Missing connection between items
    Local override; error
    @(150.6200 mm, 63.7300 mm): Pad B4 [VBUS_USB_HOST] of J8 on F.Cu
    @(150.8700 mm, 62.1200 mm): Pad A9 [VBUS_USB_HOST] of J8 on F.Cu
[unconnected_items]: Missing connection between items
    Local override; error
    @(25.6800 mm, 63.0250 mm): PTH pad SH [CHASSIS_GND] of J9
    @(25.6800 mm, 66.8500 mm): PTH pad SH [CHASSIS_GND] of J9
[unconnected_items]: Missing connection between items
    Local override; error
    @(25.6800 mm, 63.0250 mm): PTH pad SH [CHASSIS_GND] of J9
    @(34.3200 mm, 63.0250 mm): PTH pad SH [CHASSIS_GND] of J9
[unconnected_items]: Missing connection between items
    Local override; error
    @(34.3200 mm, 66.8500 mm): PTH pad SH [CHASSIS_GND] of J9
    @(34.3200 mm, 63.0250 mm): PTH pad SH [CHASSIS_GND] of J9
[unconnected_items]: Missing connection between items
    Local override; error
    @(145.1800 mm, 62.8300 mm): PTH pad SH [CHASSIS_GND] of J8
    @(34.3200 mm, 63.0250 mm): PTH pad SH [CHASSIS_GND] of J9
[unconnected_items]: Missing connection between items
    Local override; error
    @(145.5000 mm, 63.4300 mm): PTH pad SH [CHASSIS_GND] of J8
    @(145.1800 mm, 67.8800 mm): PTH pad SH [CHASSIS_GND] of J8
[unconnected_items]: Missing connection between items
    Local override; error
    @(145.5000 mm, 63.4300 mm): PTH pad SH [CHASSIS_GND] of J8
    @(153.5000 mm, 63.4300 mm): PTH pad SH [CHASSIS_GND] of J8
[unconnected_items]: Missing connection between items
    Local override; error
    @(153.5000 mm, 63.4300 mm): PTH pad SH [CHASSIS_GND] of J8
    @(153.8200 mm, 67.8800 mm): PTH pad SH [CHASSIS_GND] of J8
[unconnected_items]: Missing connection between items
    Local override; error
    @(29.7500 mm, 62.6500 mm): Pad A6 [USB2_SERVICE_DP] of J9 on F.Cu
    @(30.2500 mm, 62.6500 mm): Pad B6 [USB2_SERVICE_DP] of J9 on F.Cu
[unconnected_items]: Missing connection between items
    Local override; error
    @(96.5000 mm, 29.5800 mm): Pad 105 [USB2_SERVICE_DP] of Module1 on B.Cu
    @(30.2500 mm, 62.6500 mm): Pad B6 [USB2_SERVICE_DP] of J9 on F.Cu
[unconnected_items]: Missing connection between items
    Local override; error
    @(129.6000 mm, 31.2000 mm): Pad 26 [USB2_SERVICE_DP] of U12 on B.Cu
    @(96.5000 mm, 29.5800 mm): Pad 105 [USB2_SERVICE_DP] of Module1 on B.Cu
[unconnected_items]: Missing connection between items
    Local override; error
    @(29.2500 mm, 62.6500 mm): Pad B7 [USB2_SERVICE_DM] of J9 on F.Cu
    @(30.7500 mm, 62.6500 mm): Pad A7 [USB2_SERVICE_DM] of J9 on F.Cu
[unconnected_items]: Missing connection between items
    Local override; error
    @(96.9000 mm, 29.5800 mm): Pad 103 [USB2_SERVICE_DM] of Module1 on B.Cu
    @(30.7500 mm, 62.6500 mm): Pad A7 [USB2_SERVICE_DM] of J9 on F.Cu
[unconnected_items]: Missing connection between items
    Local override; error
    @(130.0000 mm, 31.2000 mm): Pad 27 [USB2_SERVICE_DM] of U12 on B.Cu
    @(96.9000 mm, 29.5800 mm): Pad 103 [USB2_SERVICE_DM] of Module1 on B.Cu
[unconnected_items]: Missing connection between items
    Local override; error
    @(128.7750 mm, 46.0000 mm): Pad 1 [VBAT_SYS] of C19 on B.Cu
    @(131.7750 mm, 46.0000 mm): Pad 1 [VBAT_SYS] of C20 on B.Cu
[unconnected_items]: Missing connection between items
    Local override; error
    @(131.7750 mm, 46.0000 mm): Pad 1 [VBAT_SYS] of C20 on B.Cu
    @(134.7750 mm, 46.0000 mm): Pad 1 [VBAT_SYS] of C21 on B.Cu
[unconnected_items]: Missing connection between items
    Local override; error
    @(134.7750 mm, 46.0000 mm): Pad 1 [VBAT_SYS] of C21 on B.Cu
    @(137.7750 mm, 46.0000 mm): Pad 1 [VBAT_SYS] of C22 on B.Cu
[unconnected_items]: Missing connection between items
    Local override; error
    @(137.7750 mm, 46.0000 mm): Pad 1 [VBAT_SYS] of C22 on B.Cu
    @(140.7750 mm, 46.0000 mm): Pad 1 [VBAT_SYS] of C23 on B.Cu
[unconnected_items]: Missing connection between items
    Local override; error
    @(140.1000 mm, 27.3000 mm): Pad 25 [VBAT_SYS] of U6 on B.Cu
    @(112.0000 mm, 23.0000 mm): Pad 1 [VBAT_SYS] of TP8 on B.Cu
[unconnected_items]: Missing connection between items
    Local override; error
    @(140.7750 mm, 46.0000 mm): Pad 1 [VBAT_SYS] of C23 on B.Cu
    @(151.7750 mm, 57.0000 mm): Pad 1 [VBAT_SYS] of C59 on B.Cu
[unconnected_items]: Missing connection between items
    Local override; error
    @(140.7750 mm, 46.0000 mm): Pad 1 [VBAT_SYS] of C23 on B.Cu
    @(148.5625 mm, 30.4500 mm): Pad 12 [VBAT_SYS] of U2 on B.Cu
[unconnected_items]: Missing connection between items
    Local override; error
    @(148.5625 mm, 30.4500 mm): Pad 12 [VBAT_SYS] of U2 on B.Cu
    @(151.4375 mm, 30.4500 mm): Pad 4 [VBAT_SYS] of U2 on B.Cu
[unconnected_items]: Missing connection between items
    Local override; error
    @(148.5625 mm, 30.4500 mm): Pad 12 [VBAT_SYS] of U2 on B.Cu
    @(140.1000 mm, 27.3000 mm): Pad 25 [VBAT_SYS] of U6 on B.Cu
[unconnected_items]: Missing connection between items
    Local override; error
    @(151.4375 mm, 30.0000 mm): Pad 3 [VBAT_SYS] of U2 on B.Cu
    @(151.4375 mm, 29.5500 mm): Pad 2 [VBAT_SYS] of U2 on B.Cu
[unconnected_items]: Missing connection between items
    Local override; error
    @(151.4375 mm, 30.4500 mm): Pad 4 [VBAT_SYS] of U2 on B.Cu
    @(151.4375 mm, 30.0000 mm): Pad 3 [VBAT_SYS] of U2 on B.Cu
[unconnected_items]: Missing connection between items
    Local override; error
    @(151.4375 mm, 30.9000 mm): Pad 5 [VBAT_SYS] of U2 on B.Cu
    @(151.4375 mm, 30.4500 mm): Pad 4 [VBAT_SYS] of U2 on B.Cu
[unconnected_items]: Missing connection between items
    Local override; error
    @(151.7750 mm, 57.0000 mm): Pad 1 [VBAT_SYS] of C59 on B.Cu
    @(154.7750 mm, 57.0000 mm): Pad 1 [VBAT_SYS] of C60 on B.Cu
[unconnected_items]: Missing connection between items
    Local override; error
    @(139.1000 mm, 28.6000 mm): Pad 21 [CHG_IRQ_N] of U6 on B.Cu
    @(130.0000 mm, 26.8000 mm): Pad 18 [CHG_IRQ_N] of U12 on B.Cu
[unconnected_items]: Missing connection between items
    Local override; error
    @(144.9900 mm, 50.0000 mm): Pad 2 [CHG_IRQ_N] of R8 on B.Cu
    @(139.1000 mm, 28.6000 mm): Pad 21 [CHG_IRQ_N] of U6 on B.Cu
[unconnected_items]: Missing connection between items
    Local override; error
    @(129.6500 mm, 38.0000 mm): Pad 2 [USB1V05_PG] of U1 on B.Cu
    @(131.4900 mm, 53.0000 mm): Pad 2 [USB1V05_PG] of R21 on B.Cu
[unconnected_items]: Missing connection between items
    Local override; error
    @(79.7000 mm, 63.5000 mm): Pad 89 [WIFI_ENABLE_N] of Module1 on B.Cu
    @(82.4900 mm, 52.0000 mm): Pad 2 [WIFI_ENABLE_N] of R22 on B.Cu
[unconnected_items]: Missing connection between items
    Local override; error
    @(64.0000 mm, 23.0000 mm): Pad 1 [CHG_STAT] of TP1 on B.Cu
    @(142.9000 mm, 27.4000 mm): Pad 1 [CHG_STAT] of U6 on B.Cu
[unconnected_items]: Missing connection between items
    Local override; error
    @(130.9900 mm, 50.0000 mm): Pad 2 [FB_5V] of R1 on B.Cu
    @(134.0100 mm, 50.0000 mm): Pad 1 [FB_5V] of R2 on B.Cu
[unconnected_items]: Missing connection between items
    Local override; error
    @(134.0100 mm, 50.0000 mm): Pad 1 [FB_5V] of R2 on B.Cu
    @(152.7750 mm, 46.0000 mm): Pad 1 [FB_5V] of C27 on B.Cu
[unconnected_items]: Missing connection between items
    Local override; error
    @(152.7750 mm, 46.0000 mm): Pad 1 [FB_5V] of C27 on B.Cu
    @(148.5625 mm, 29.5500 mm): Pad 14 [FB_5V] of U2 on B.Cu
[unconnected_items]: Missing connection between items
    Local override; error
    @(134.7750 mm, 59.0000 mm): Pad 1 [BST1] of C17 on B.Cu
    @(142.9000 mm, 28.6000 mm): Pad 4 [BST1] of U6 on B.Cu
[unconnected_items]: Missing connection between items
    Local override; error
    @(133.2250 mm, 59.0000 mm): Pad 2 [SW1] of C17 on B.Cu
    @(142.3500 mm, 39.0000 mm): Pad 1 [SW1] of L3 on B.Cu
[unconnected_items]: Missing connection between items
    Local override; error
    @(142.3500 mm, 39.0000 mm): Pad 1 [SW1] of L3 on B.Cu
    @(141.4500 mm, 27.3000 mm): Pad 28 [SW1] of U6 on B.Cu
[unconnected_items]: Missing connection between items
    Local override; error
    @(128.7750 mm, 59.0000 mm): Pad 1 [PMID] of C15 on B.Cu
    @(140.7750 mm, 62.0000 mm): Pad 1 [PMID] of C13 on B.Cu
[unconnected_items]: Missing connection between items
    Local override; error
    @(140.7750 mm, 62.0000 mm): Pad 1 [PMID] of C13 on B.Cu
    @(143.7750 mm, 62.0000 mm): Pad 1 [PMID] of C14 on B.Cu
[unconnected_items]: Missing connection between items
    Local override; error
    @(141.9000 mm, 27.2750 mm): Pad 29 [PMID] of U6 on B.Cu
    @(128.7750 mm, 59.0000 mm): Pad 1 [PMID] of C15 on B.Cu
[unconnected_items]: Missing connection between items
    Local override; error
    @(143.4900 mm, 53.0000 mm): Pad 2 [MODE_5V] of R24 on B.Cu
    @(146.5100 mm, 53.0000 mm): Pad 1 [MODE_5V] of R25 on B.Cu
[unconnected_items]: Missing connection between items
    Local override; error
    @(146.5100 mm, 53.0000 mm): Pad 1 [MODE_5V] of R25 on B.Cu
    @(148.5625 mm, 29.1000 mm): Pad 15 [MODE_5V] of U2 on B.Cu
[unconnected_items]: Missing connection between items
    Local override; error
    @(137.6500 mm, 39.0000 mm): Pad 2 [SW2] of L3 on B.Cu
    @(136.2250 mm, 59.0000 mm): Pad 2 [SW2] of C18 on B.Cu
[unconnected_items]: Missing connection between items
    Local override; error
    @(140.5500 mm, 27.3000 mm): Pad 26 [SW2] of U6 on B.Cu
    @(137.6500 mm, 39.0000 mm): Pad 2 [SW2] of L3 on B.Cu
[unconnected_items]: Missing connection between items
    Local override; error
    @(134.9900 mm, 50.0000 mm): Pad 2 [ILIM_HIZ] of R3 on B.Cu
    @(138.0100 mm, 50.0000 mm): Pad 1 [ILIM_HIZ] of R4 on B.Cu
[unconnected_items]: Missing connection between items
    Local override; error
    @(138.0100 mm, 50.0000 mm): Pad 1 [ILIM_HIZ] of R4 on B.Cu
    @(139.1500 mm, 30.2000 mm): Pad 17 [ILIM_HIZ] of U6 on B.Cu
[unconnected_items]: Missing connection between items
    Local override; error
    @(127.4900 mm, 53.0000 mm): Pad 2 [USB1V05_FB] of R19 on B.Cu
    @(130.5100 mm, 53.0000 mm): Pad 1 [USB1V05_FB] of R20 on B.Cu
[unconnected_items]: Missing connection between items
    Local override; error
    @(130.5100 mm, 53.0000 mm): Pad 1 [USB1V05_FB] of R20 on B.Cu
    @(129.6500 mm, 38.5000 mm): Pad 3 [USB1V05_FB] of U1 on B.Cu
[unconnected_items]: Missing connection between items
    Local override; error
    @(136.5200 mm, 56.0000 mm): Pad 2 [USB1V05_FB] of C67 on B.Cu
    @(130.5100 mm, 53.0000 mm): Pad 1 [USB1V05_FB] of R20 on B.Cu
[unconnected_items]: Missing connection between items
    Local override; error
    @(131.7750 mm, 59.0000 mm): Pad 1 [REGN] of C16 on B.Cu
    @(136.0100 mm, 50.0000 mm): Pad 1 [REGN] of R3 on B.Cu
[unconnected_items]: Missing connection between items
    Local override; error
    @(136.0100 mm, 50.0000 mm): Pad 1 [REGN] of R3 on B.Cu
    @(142.9000 mm, 29.0000 mm): Pad 5 [REGN] of U6 on B.Cu
[unconnected_items]: Missing connection between items
    Local override; error
    @(137.7750 mm, 59.0000 mm): Pad 1 [BST2] of C18 on B.Cu
    @(139.1375 mm, 29.4000 mm): Pad 19 [BST2] of U6 on B.Cu
[unconnected_items]: Missing connection between items
    Local override; error
    @(122.8500 mm, 24.0250 mm): Pad 8 [LDO_3V3] of U13 on B.Cu
    @(127.7750 mm, 33.0000 mm): Pad 1 [LDO_3V3] of C1 on B.Cu
[unconnected_items]: Missing connection between items
    Local override; error
    @(135.2000 mm, 30.0000 mm): Pad 1 [LDO_3V3] of U12 on B.Cu
    @(127.7750 mm, 33.0000 mm): Pad 1 [LDO_3V3] of C1 on B.Cu
[unconnected_items]: Missing connection between items
    Local override; error
    @(140.0100 mm, 50.0000 mm): Pad 1 [LDO_3V3] of R5 on B.Cu
    @(135.2000 mm, 30.0000 mm): Pad 1 [LDO_3V3] of U12 on B.Cu
[unconnected_items]: Missing connection between items
    Local override; error
    @(142.0100 mm, 50.0000 mm): Pad 1 [LDO_3V3] of R6 on B.Cu
    @(144.0100 mm, 50.0000 mm): Pad 1 [LDO_3V3] of R7 on B.Cu
[unconnected_items]: Missing connection between items
    Local override; error
    @(142.0100 mm, 50.0000 mm): Pad 1 [LDO_3V3] of R6 on B.Cu
    @(140.0100 mm, 50.0000 mm): Pad 1 [LDO_3V3] of R5 on B.Cu
[unconnected_items]: Missing connection between items
    Local override; error
    @(150.5100 mm, 53.0000 mm): Pad 1 [LDO_3V3] of R27 on B.Cu
    @(152.5100 mm, 53.0000 mm): Pad 1 [LDO_3V3] of R28 on B.Cu
[unconnected_items]: Missing connection between items
    Local override; error
    @(150.5100 mm, 53.0000 mm): Pad 1 [LDO_3V3] of R27 on B.Cu
    @(144.0100 mm, 50.0000 mm): Pad 1 [LDO_3V3] of R7 on B.Cu
[unconnected_items]: Missing connection between items
    Local override; error
    @(140.0000 mm, 30.9000 mm): Pad 15 [CHG_SDA] of U6 on B.Cu
    @(130.8000 mm, 26.8000 mm): Pad 16 [CHG_SDA] of U12 on B.Cu
[unconnected_items]: Missing connection between items
    Local override; error
    @(151.4900 mm, 53.0000 mm): Pad 2 [CHG_SDA] of R28 on B.Cu
    @(140.0000 mm, 30.9000 mm): Pad 15 [CHG_SDA] of U6 on B.Cu
[unconnected_items]: Missing connection between items
    Local override; error
    @(93.3000 mm, 26.5000 mm): Pad 122 [PCIE_TX_CM4_P] of Module1 on B.Cu
    @(104.4800 mm, 48.0000 mm): Pad 1 [PCIE_TX_CM4_P] of C53 on B.Cu
[unconnected_items]: Missing connection between items
    Local override; error
    @(139.1250 mm, 29.8000 mm): Pad 18 [BATP] of U6 on B.Cu
    @(152.0100 mm, 50.0000 mm): Pad 1 [BATP] of R11 on B.Cu
[unconnected_items]: Missing connection between items
    Local override; error
    @(140.4000 mm, 30.9000 mm): Pad 14 [CHG_SCL] of U6 on B.Cu
    @(130.4000 mm, 26.8000 mm): Pad 17 [CHG_SCL] of U12 on B.Cu
[unconnected_items]: Missing connection between items
    Local override; error
    @(149.4900 mm, 53.0000 mm): Pad 2 [CHG_SCL] of R27 on B.Cu
    @(140.4000 mm, 30.9000 mm): Pad 14 [CHG_SCL] of U6 on B.Cu
[unconnected_items]: Missing connection between items
    Local override; error
    @(144.5100 mm, 53.0000 mm): Pad 1 [VCC_5V] of R24 on B.Cu
    @(149.7750 mm, 46.0000 mm): Pad 1 [VCC_5V] of C26 on B.Cu
[unconnected_items]: Missing connection between items
    Local override; error
    @(149.7750 mm, 46.0000 mm): Pad 1 [VCC_5V] of C26 on B.Cu
    @(149.5500 mm, 28.5625 mm): Pad 17 [VCC_5V] of U2 on B.Cu
[unconnected_items]: Missing connection between items
    Local override; error
    @(52.4600 mm, 23.3650 mm): Pad 6 [UART_RX] of J6 on B.Cu
    @(87.3000 mm, 63.5000 mm): Pad 51 [UART_RX] of Module1 on B.Cu
[unconnected_items]: Missing connection between items
    Local override; error
    @(52.4600 mm, 24.6350 mm): Pad 5 [UART_TX] of J6 on B.Cu
    @(86.5000 mm, 63.5000 mm): Pad 55 [UART_TX] of Module1 on B.Cu
[unconnected_items]: Missing connection between items
    Local override; error
    @(79.3000 mm, 63.5000 mm): Pad 91 [BT_ENABLE_N] of Module1 on B.Cu
    @(84.4900 mm, 52.0000 mm): Pad 2 [BT_ENABLE_N] of R23 on B.Cu
[unconnected_items]: Missing connection between items
    Local override; error
    @(56.2700 mm, 23.3650 mm): Pad 9 [RUN_PG] of J6 on B.Cu
    @(79.3000 mm, 60.4200 mm): Pad 92 [RUN_PG] of Module1 on B.Cu
[unconnected_items]: Missing connection between items
    Local override; error
    @(53.7300 mm, 23.3650 mm): Pad 7 [EMMC_BOOT_N] of J6 on B.Cu
    @(78.9000 mm, 63.5000 mm): Pad 93 [EMMC_BOOT_N] of Module1 on B.Cu
[unconnected_items]: Missing connection between items
    Local override; error
    @(55.0000 mm, 23.3650 mm): Pad 8 [CM4_EXT_RESET_N] of J6 on B.Cu
    @(77.7000 mm, 60.4200 mm): Pad 100 [CM4_EXT_RESET_N] of Module1 on B.Cu
[unconnected_items]: Missing connection between items
    Local override; error
    @(92.9000 mm, 26.5000 mm): Pad 124 [PCIE_TX_CM4_N] of Module1 on B.Cu
    @(106.4800 mm, 48.0000 mm): Pad 1 [PCIE_TX_CM4_N] of C54 on B.Cu
[unconnected_items]: Missing connection between items
    Local override; error
    @(145.2250 mm, 46.0000 mm): Pad 2 [SW_5V] of C25 on B.Cu
    @(153.9500 mm, 40.0000 mm): Pad 1 [SW_5V] of L2 on B.Cu
[unconnected_items]: Missing connection between items
    Local override; error
    @(150.9000 mm, 28.5625 mm): Pad 20 [SW_5V] of U2 on B.Cu
    @(150.4500 mm, 28.5625 mm): Pad 19 [SW_5V] of U2 on B.Cu
[unconnected_items]: Missing connection between items
    Local override; error
    @(150.9000 mm, 31.4375 mm): Pad 6 [SW_5V] of U2 on B.Cu
    @(150.9000 mm, 28.5625 mm): Pad 20 [SW_5V] of U2 on B.Cu
[unconnected_items]: Missing connection between items
    Local override; error
    @(153.9500 mm, 40.0000 mm): Pad 1 [SW_5V] of L2 on B.Cu
    @(150.9000 mm, 31.4375 mm): Pad 6 [SW_5V] of U2 on B.Cu
[unconnected_items]: Missing connection between items
    Local override; error
    @(128.8000 mm, 28.0000 mm): Pad 20 [PPHV] of U12 on B.Cu
    @(128.8000 mm, 28.4000 mm): Pad 21 [PPHV] of U12 on B.Cu
[unconnected_items]: Missing connection between items
    Local override; error
    @(128.8000 mm, 28.4000 mm): Pad 21 [PPHV] of U12 on B.Cu
    @(128.8000 mm, 28.8000 mm): Pad 22 [PPHV] of U12 on B.Cu
[unconnected_items]: Missing connection between items
    Local override; error
    @(128.8000 mm, 28.8000 mm): Pad 22 [PPHV] of U12 on B.Cu
    @(136.7750 mm, 33.0000 mm): Pad 1 [PPHV] of C4 on B.Cu
[unconnected_items]: Missing connection between items
    Local override; error
    @(136.7750 mm, 33.0000 mm): Pad 1 [PPHV] of C4 on B.Cu
    @(139.7750 mm, 33.0000 mm): Pad 1 [PPHV] of C5 on B.Cu
[unconnected_items]: Missing connection between items
    Local override; error
    @(139.7750 mm, 33.0000 mm): Pad 1 [PPHV] of C5 on B.Cu
    @(142.7750 mm, 33.0000 mm): Pad 1 [PPHV] of C6 on B.Cu
[unconnected_items]: Missing connection between items
    Local override; error
    @(142.4000 mm, 30.8500 mm): Pad 9 [PPHV] of U6 on B.Cu
    @(142.7750 mm, 33.0000 mm): Pad 1 [PPHV] of C6 on B.Cu
[unconnected_items]: Missing connection between items
    Local override; error
    @(142.9000 mm, 28.2000 mm): Pad 3 [PPHV] of U6 on B.Cu
    @(142.9000 mm, 27.8000 mm): Pad 2 [PPHV] of U6 on B.Cu
[unconnected_items]: Missing connection between items
    Local override; error
    @(142.9000 mm, 30.2000 mm): Pad 8 [PPHV] of U6 on B.Cu
    @(142.4000 mm, 30.8500 mm): Pad 9 [PPHV] of U6 on B.Cu
[unconnected_items]: Missing connection between items
    Local override; error
    @(142.9000 mm, 30.2000 mm): Pad 8 [PPHV] of U6 on B.Cu
    @(142.9000 mm, 28.2000 mm): Pad 3 [PPHV] of U6 on B.Cu
[unconnected_items]: Missing connection between items
    Local override; error
    @(139.1000 mm, 29.0000 mm): Pad 20 [PROG] of U6 on B.Cu
    @(154.0100 mm, 50.0000 mm): Pad 1 [PROG] of R12 on B.Cu
[unconnected_items]: Missing connection between items
    Local override; error
    @(128.5500 mm, 38.0000 mm): Pad 5 [USB1V05_SW] of U1 on B.Cu
    @(131.0000 mm, 38.4850 mm): Pad 1 [USB1V05_SW] of L1 on B.Cu
[unconnected_items]: Missing connection between items
    Local override; error
    @(130.7750 mm, 33.0000 mm): Pad 1 [LDO_1V5] of C2 on B.Cu
    @(135.2000 mm, 29.6000 mm): Pad 2 [LDO_1V5] of U12 on B.Cu
[unconnected_items]: Missing connection between items
    Local override; error
    @(135.2000 mm, 29.2000 mm): Pad 3 [LDO_1V5] of U12 on B.Cu
    @(135.2000 mm, 28.8000 mm): Pad 4 [LDO_1V5] of U12 on B.Cu
[unconnected_items]: Missing connection between items
    Local override; error
    @(135.2000 mm, 29.6000 mm): Pad 2 [LDO_1V5] of U12 on B.Cu
    @(135.2000 mm, 29.2000 mm): Pad 3 [LDO_1V5] of U12 on B.Cu
[unconnected_items]: Missing connection between items
    Local override; error
    @(134.0000 mm, 26.8000 mm): Pad 8 [I2Ct_SDA] of U12 on B.Cu
    @(122.8500 mm, 25.9750 mm): Pad 5 [I2Ct_SDA] of U13 on B.Cu
[unconnected_items]: Missing connection between items
    Local override; error
    @(138.9900 mm, 50.0000 mm): Pad 2 [I2Ct_SDA] of R5 on B.Cu
    @(134.0000 mm, 26.8000 mm): Pad 8 [I2Ct_SDA] of U12 on B.Cu
[unconnected_items]: Missing connection between items
    Local override; error
    @(133.6000 mm, 26.8000 mm): Pad 9 [I2Ct_SCL] of U12 on B.Cu
    @(122.8500 mm, 25.3250 mm): Pad 6 [I2Ct_SCL] of U13 on B.Cu
[unconnected_items]: Missing connection between items
    Local override; error
    @(140.9900 mm, 50.0000 mm): Pad 2 [I2Ct_SCL] of R6 on B.Cu
    @(133.6000 mm, 26.8000 mm): Pad 9 [I2Ct_SCL] of U12 on B.Cu
[unconnected_items]: Missing connection between items
    Local override; error
    @(133.2000 mm, 26.8000 mm): Pad 10 [PD_IRQ_N] of U12 on B.Cu
    @(142.9900 mm, 50.0000 mm): Pad 2 [PD_IRQ_N] of R7 on B.Cu
[unconnected_items]: Missing connection between items
    Local override; error
    @(68.0000 mm, 23.0000 mm): Pad 1 [PGOOD_5V] of TP2 on B.Cu
    @(149.5500 mm, 31.4375 mm): Pad 9 [PGOOD_5V] of U2 on B.Cu
[unconnected_items]: Missing connection between items
    Local override; error
    @(146.7750 mm, 46.0000 mm): Pad 1 [BST_5V] of C25 on B.Cu
    @(151.4375 mm, 29.1000 mm): Pad 1 [BST_5V] of U2 on B.Cu

** Found 0 Footprint errors **

** Ignored checks **
    - Footprint has no courtyard defined
    - Track endpoint not centered on via
    - Tuning profile track geometries
    - Footprint doesn't match symbol's footprint filters
    - Footprint component type doesn't match footprint pads

** End of Report **
